-1.63149 0
-1.63149 0.0012207

-1.63149 0.0012207
-1.63148 0.00244141

-1.63148 0.00244141
-1.63146 0.00366211

-1.63147 0.00366211
-1.63141 0.00488281

-1.63142 0.00488281
-1.63131 0.00610352

-1.63132 0.00610352
-1.6311 0.00731887

-1.63112 0.00732422
-1.6311 0.00736721

-1.6311 0.00737691
-1.63074 0.00854492

-1.63077 0.00854492
-1.63015 0.00976562

-1.63016 0.00976562
-1.62988 0.0101662

-1.62988 0.0101564
-1.62916 0.0109863

-1.62914 0.0109863
-1.62866 0.0114054

-1.62866 0.0114114
-1.62744 0.0121828

-1.62744 0.0121584
-1.6273 0.012207

-1.6273 0.012207
-1.62622 0.0125754

-1.62622 0.0125547
-1.625 0.0127124

-1.61646 0.00955187
-1.61683 0.00976562

-1.61646 0.00951163
-1.61523 0.00883149

-1.625 0.0127056
-1.62378 0.0126582

-1.62378 0.0126508
-1.62256 0.0124268

-1.62134 0.0120574
-1.62182 0.012207

-1.62134 0.0120363
-1.62012 0.0115215

-1.62256 0.0124139
-1.62189 0.012207

-1.6189 0.0109419
-1.61899 0.0109863

-1.62012 0.0115038
-1.61908 0.0109863

-1.6189 0.0108906
-1.61768 0.0102281

-1.61768 0.0102167
-1.61688 0.00976562

-1.61401 0.00817896
-1.6147 0.00854492

-1.61523 0.00886116
-1.61465 0.00854492

-1.61401 0.00816239
-1.61279 0.00755876

-1.61157 0.00702032
-1.61224 0.00732422

-1.61157 0.00700406
-1.61035 0.00649454

-1.61279 0.00760447
-1.61218 0.00732422

-1.60913 0.00606303
-1.60924 0.00610352

-1.61035 0.00651814
-1.60923 0.00610352

-1.60913 0.00606212
-1.60791 0.00563657

-1.60913 0.00611431
-1.6091 0.00610352

-1.60791 0.00562893
-1.60669 0.00525435

-1.60669 0.00526494
-1.60547 0.0049357

-1.60425 0.00461676
-1.60527 0.00488281

-1.60425 0.00461232
-1.60303 0.00431751

-1.60303 0.00432044
-1.60181 0.00406661

-1.60181 0.00406676
-1.60059 0.00384774

-1.60547 0.0049692
-1.60514 0.00488281

-1.59937 0.00365212
-1.59943 0.00366211

-1.60059 0.00385564
-1.5994 0.00366211

-1.59937 0.00365244
-1.59814 0.00345804

-1.59937 0.00368948
-1.59919 0.00366211

-1.59814 0.00345395
-1.59692 0.00327941

-1.59692 0.00328142
-1.5957 0.00313472

-1.5957 0.00313615
-1.59448 0.00301042

-1.59448 0.00301066
-1.59326 0.00290255

-1.59326 0.00290236
-1.59204 0.00281178

-1.59204 0.0028117
-1.59082 0.00273917

-1.59082 0.0027399
-1.5896 0.00268412

-1.5896 0.00268557
-1.58838 0.00264216

-1.58838 0.00264403
-1.58716 0.00260634

-1.58716 0.00260783
-1.58594 0.00256914

-1.58594 0.00257056
-1.58472 0.00252504

-1.58472 0.0025307
-1.5835 0.00246416

-1.58228 0.00235838
-1.58328 0.00244141

-1.58228 0.00234944
-1.58105 0.00224207

-1.5835 0.00248028
-1.58303 0.00244141

-1.58105 0.00224211
-1.57983 0.00215785

-1.57983 0.00216286
-1.57861 0.00209162

-1.57861 0.00209579
-1.57739 0.00201923

-1.57739 0.00201931
-1.57617 0.00192895

-1.57617 0.00192689
-1.57495 0.0018267

-1.57495 0.00182446
-1.57373 0.00172304

-1.57373 0.00172218
-1.57251 0.00162574

-1.57251 0.00162538
-1.57129 0.00153635

-1.57129 0.00153654
-1.57007 0.00145523

-1.57007 0.0014555
-1.56885 0.00138099

-1.56885 0.00138176
-1.56763 0.00131198

-1.56763 0.00132082
-1.56641 0.00123658

-1.56519 0.00108664
-1.56606 0.0012207

-1.56641 0.00125514
-1.56602 0.0012207

-1.56519 0.00117758
-1.56396 0.000945638

-1.56396 0.00105175
-1.56274 0.00083568

-1.56274 0.000931348
-1.56152 0.000759728

-1.56152 0.000874432
-1.5603 0.000692608

-1.5603 0.00116567
-1.55908 0.000217182

-1.55908 0.000588739
-1.55835 0

-1.55729 0
-1.55664 0.00121167

-1.55664 0.000752528
-1.55641 0.0012207

-1.55606 0.0012207
-1.5555 0.00244141

-1.55592 0.00244141
-1.55568 0.00366211

-1.55565 0.00366211
-1.55542 0.00410349

-1.55542 0.00401001
-1.55496 0.00488281

-1.55495 0.00488281
-1.5542 0.00590605

-1.5542 0.00588466
-1.55403 0.00610352

-1.55405 0.00610352
-1.55298 0.00728454

-1.55298 0.00726339
-1.55292 0.00732422

-1.553 0.00732422
-1.55298 0.00734788

-1.55292 0.00732422
-1.55176 0.00843828

-1.55176 0.00841987
-1.55162 0.00854492

-1.55162 0.00854492
-1.55054 0.00949271

-1.55054 0.00947558
-1.55018 0.00976562

-1.5502 0.00976562
-1.54932 0.0104845

-1.54932 0.0104684
-1.54864 0.0109863

-1.54868 0.0109863
-1.5481 0.0114299

-1.5481 0.0114145
-1.54703 0.012207

-1.54708 0.012207
-1.54688 0.0123557

-1.54688 0.0123275
-1.54565 0.0132188

-1.54565 0.013216
-1.54535 0.0134277

-1.54537 0.0134277
-1.54443 0.0140962

-1.54443 0.0140847
-1.54363 0.0146484

-1.54366 0.0146484
-1.54321 0.0149564

-1.54321 0.0149416
-1.54199 0.0157854

-1.54199 0.0157847
-1.54187 0.0158691

-1.54187 0.0158691
-1.54077 0.0166251

-1.54077 0.0166176
-1.54007 0.0170898

-1.5401 0.0170898
-1.53955 0.0174585

-1.53955 0.0174466
-1.53833 0.0182679

-1.53834 0.0183105
-1.53833 0.0183142

-1.53833 0.0182693
-1.53827 0.0183105

-1.53827 0.0183105
-1.53711 0.0190894

-1.53711 0.0190834
-1.53644 0.0195312

-1.53646 0.0195312
-1.53589 0.0199081

-1.53589 0.0198977
-1.53467 0.0207072

-1.53467 0.020752
-1.53467 0.020754

-1.53467 0.0207086
-1.5346 0.020752

-1.5346 0.020752
-1.53345 0.021519

-1.53345 0.0215136
-1.53275 0.0219727

-1.53277 0.0219727
-1.53223 0.0223299

-1.53223 0.0223208
-1.53101 0.0231246

-1.53101 0.023125
-1.5309 0.0231934

-1.5309 0.0231934
-1.52979 0.0239312

-1.52979 0.023927
-1.52904 0.0244141

-1.52906 0.0244141
-1.52856 0.0247397

-1.52856 0.0247303
-1.52734 0.0255321

-1.52734 0.0255333
-1.52719 0.0256348

-1.52719 0.0256348
-1.52612 0.0263381

-1.52612 0.0263338
-1.52533 0.0268555

-1.52535 0.0268555
-1.5249 0.0271454

-1.5249 0.0271367
-1.52368 0.0279389

-1.52368 0.0279399
-1.52347 0.0280762

-1.52348 0.0280762
-1.52246 0.0287451

-1.52246 0.028741
-1.52162 0.0292969

-1.52163 0.0292969
-1.52124 0.0295532

-1.52124 0.029545
-1.52002 0.0303492

-1.52002 0.0303502
-1.51976 0.0305176

-1.51977 0.0305176
-1.5188 0.0311578

-1.5188 0.0311537
-1.51791 0.0317383

-1.51793 0.0317383
-1.51758 0.0319676

-1.51758 0.03196
-1.51636 0.0327671

-1.51636 0.0327678
-1.51606 0.032959

-1.51607 0.032959
-1.51514 0.0335786

-1.51514 0.0335748
-1.51422 0.0341797

-1.51424 0.0341797
-1.51392 0.0343914

-1.51392 0.0343844
-1.5127 0.0351953

-1.5127 0.035196
-1.51238 0.0354004

-1.51239 0.0354004
-1.51147 0.0360106

-1.51147 0.0360071
-1.51055 0.0366211

-1.51057 0.0366211
-1.51025 0.0368274

-1.51025 0.0368209
-1.50903 0.0376363

-1.50903 0.0376372
-1.50872 0.0378418

-1.50873 0.0378418
-1.50781 0.0384562

-1.50781 0.0384528
-1.5069 0.0390625

-1.50692 0.0390625
-1.50659 0.0392772

-1.50659 0.0392715
-1.50537 0.0400921

-1.50537 0.0400934
-1.50508 0.0402832

-1.50509 0.0402832
-1.50415 0.0409171

-1.50415 0.0409139
-1.50328 0.0415039

-1.50329 0.0415039
-1.50293 0.0417435

-1.50293 0.0417385
-1.50171 0.0425649

-1.50171 0.0425664
-1.50147 0.0427246

-1.50148 0.0427246
-1.50049 0.0433956

-1.50049 0.0433928
-1.49968 0.0439453

-1.49969 0.0439453
-1.49927 0.0442283

-1.49927 0.0442239
-1.49805 0.0450567

-1.49805 0.0450576
-1.49789 0.045166

-1.49789 0.045166
-1.49683 0.0458939

-1.49683 0.0458914
-1.4961 0.0463867

-1.49611 0.0463867
-1.49561 0.0467337

-1.49561 0.04673
-1.49438 0.0475698

-1.49438 0.0475702
-1.49433 0.0476074

-1.49433 0.0476074
-1.49316 0.048414

-1.49316 0.0484121
-1.49256 0.0488281

-1.49257 0.0488281
-1.49194 0.0492616

-1.49194 0.0492582
-1.4908 0.0500488

-1.49082 0.0500488
-1.49072 0.0501125

-1.49072 0.0501062
-1.4895 0.0509575

-1.4895 0.0509578
-1.48905 0.0512695

-1.48906 0.0512695
-1.48828 0.0518133

-1.48828 0.0518104
-1.48731 0.0524902

-1.48732 0.0524902
-1.48706 0.0526706

-1.48706 0.052667
-1.48584 0.0535267

-1.48584 0.0535281
-1.48558 0.0537109

-1.48558 0.0537109
-1.48462 0.0543911

-1.48462 0.0543887
-1.48385 0.0549316

-1.48386 0.0549316
-1.4834 0.0552572

-1.4834 0.0552551
-1.48218 0.0561237

-1.48218 0.0561239
-1.48214 0.0561523

-1.48214 0.0561523
-1.48096 0.0569967

-1.48096 0.0569965
-1.48043 0.057373

-1.48043 0.057373
-1.47974 0.0578736

-1.47974 0.0578711
-1.47873 0.0585938

-1.47874 0.0585938
-1.47852 0.058753

-1.47852 0.0587494
-1.47729 0.0596313

-1.47729 0.0596324
-1.47704 0.0598145

-1.47704 0.0598145
-1.47607 0.060518

-1.47607 0.0605161
-1.47536 0.0610352

-1.47537 0.0610352
-1.47485 0.0614065

-1.47485 0.0614053
-1.47369 0.0622559

-1.4737 0.0622559
-1.47363 0.0623024

-1.47363 0.0622971
-1.47241 0.0631929

-1.47241 0.0631948
-1.47202 0.0634766

-1.47203 0.0634766
-1.47119 0.0640932

-1.47119 0.0640912
-1.47037 0.0646973

-1.47038 0.0646973
-1.46997 0.0649941

-1.46997 0.0649938
-1.46875 0.0658994

-1.46875 0.0658997
-1.46873 0.065918

-1.46873 0.065918
-1.46753 0.0668096

-1.46753 0.0668117
-1.46708 0.0671387

-1.46709 0.0671387
-1.46631 0.0677237

-1.46631 0.0677217
-1.46546 0.0683594

-1.46547 0.0683594
-1.46509 0.0686389

-1.46509 0.0686382
-1.46387 0.0695578

-1.46387 0.069558
-1.46384 0.0695801

-1.46384 0.0695801
-1.46265 0.0704819

-1.46265 0.0704836
-1.46222 0.0708008

-1.46223 0.0708008
-1.46143 0.0714098

-1.46143 0.0714081
-1.46062 0.0720215

-1.46063 0.0720215
-1.46021 0.0723386

-1.46021 0.0723386
-1.45902 0.0732422

-1.45903 0.0732422
-1.45898 0.0732769

-1.45898 0.0732723
-1.45776 0.0742098

-1.45776 0.0742106
-1.45743 0.0744629

-1.45744 0.0744629
-1.45654 0.0751515

-1.45654 0.0751513
-1.45585 0.0756836

-1.45586 0.0756836
-1.45532 0.0760929

-1.45532 0.0760944
-1.45428 0.0769043

-1.45428 0.0769043
-1.4541 0.0770448

-1.4541 0.0770416
-1.45288 0.0779924

-1.45288 0.0779926
-1.45271 0.078125

-1.45271 0.078125
-1.45166 0.0789474

-1.45166 0.0789497
-1.45115 0.0793457

-1.45116 0.0793457
-1.45044 0.0799045

-1.45044 0.0799043
-1.4496 0.0805664

-1.4496 0.0805664
-1.44922 0.0808653

-1.44922 0.0808648
-1.44805 0.0817871

-1.44806 0.0817871
-1.448 0.0818326

-1.448 0.0818286
-1.44678 0.0827958

-1.44678 0.082796
-1.44651 0.0830078

-1.44651 0.0830078
-1.44556 0.0837667

-1.44556 0.0837697
-1.44497 0.0842285

-1.44498 0.0842285
-1.44434 0.0847378

-1.44434 0.0847393
-1.44345 0.0854492

-1.44345 0.0854492
-1.44312 0.0857166

-1.44312 0.0857155
-1.44193 0.0866699

-1.44193 0.0866699
-1.44189 0.0866988

-1.44189 0.0866948
-1.44067 0.0876773

-1.44067 0.0876774
-1.44041 0.0878906

-1.44041 0.0878906
-1.43945 0.0886632

-1.43945 0.0886658
-1.43889 0.0891113

-1.4389 0.0891113
-1.43823 0.0896489

-1.43823 0.0896513
-1.43739 0.090332

-1.4374 0.090332
-1.43701 0.090642

-1.43701 0.0906415
-1.43589 0.0915527

-1.4359 0.0915527
-1.43579 0.0916384

-1.43579 0.0916352
-1.43457 0.0926317

-1.43457 0.0926317
-1.4344 0.0927734

-1.4344 0.0927734
-1.43335 0.0936315

-1.43335 0.0936325
-1.4329 0.0939941

-1.43291 0.0939941
-1.43213 0.0946323

-1.43213 0.0946361
-1.43142 0.0952148

-1.43143 0.0952148
-1.43091 0.0956359

-1.43091 0.0956373
-1.42994 0.0964355

-1.42994 0.0964355
-1.42969 0.096646

-1.42969 0.0966443
-1.42847 0.0976536

-1.42847 0.0976538
-1.42846 0.0976562

-1.42846 0.0976562
-1.42725 0.0986659

-1.42725 0.0986658
-1.42699 0.098877

-1.42699 0.098877
-1.42603 0.0996808

-1.42603 0.0996824
-1.42552 0.100098

-1.42553 0.100098
-1.4248 0.100695

-1.4248 0.1007
-1.42406 0.101318

-1.42406 0.101318
-1.42358 0.101715

-1.42358 0.101716
-1.4226 0.102539

-1.4226 0.102539
-1.42236 0.102739

-1.42236 0.102737
-1.42114 0.10376

-1.42115 0.10376
-1.42114 0.103764

-1.42114 0.103761
-1.41992 0.104787

-1.41992 0.104787
-1.41969 0.10498

-1.41969 0.10498
-1.4187 0.105815

-1.4187 0.105816
-1.41824 0.106201

-1.41825 0.106201
-1.41748 0.106843

-1.41748 0.10685
-1.41679 0.107422

-1.4168 0.107422
-1.41626 0.107875

-1.41626 0.107878
-1.41536 0.108643

-1.41536 0.108643
-1.41504 0.108912

-1.41504 0.108911
-1.41392 0.109863

-1.41392 0.109863
-1.41382 0.10995

-1.41382 0.109947
-1.4126 0.110985

-1.4126 0.110985
-1.41248 0.111084

-1.41248 0.111084
-1.41138 0.112026

-1.41138 0.112026
-1.41105 0.112305

-1.41105 0.112305
-1.41016 0.113067

-1.41016 0.11307
-1.40962 0.113525

-1.40963 0.113525
-1.40894 0.114107

-1.40894 0.114116
-1.40819 0.114746

-1.4082 0.114746
-1.40771 0.115156

-1.40771 0.115157
-1.40677 0.115967

-1.40677 0.115967
-1.40649 0.116205

-1.40649 0.116204
-1.40535 0.117188

-1.40535 0.117188
-1.40527 0.117256

-1.40527 0.117253
-1.40405 0.118304

-1.40405 0.118304
-1.40393 0.118408

-1.40393 0.118408
-1.40283 0.119357

-1.40283 0.119357
-1.40252 0.119629

-1.40252 0.119629
-1.40161 0.120411

-1.40161 0.120413
-1.4011 0.12085

-1.40111 0.12085
-1.40039 0.121462

-1.40039 0.121472
-1.39969 0.12207

-1.3997 0.12207
-1.39917 0.122523

-1.39917 0.122526
-1.39828 0.123291

-1.39829 0.123291
-1.39795 0.123584

-1.39795 0.123583
-1.39688 0.124512

-1.39688 0.124512
-1.39673 0.124646

-1.39673 0.124644
-1.39551 0.125706

-1.39551 0.125706
-1.39548 0.125732

-1.39548 0.125732
-1.39429 0.12677

-1.39429 0.126769
-1.39408 0.126953

-1.39408 0.126953
-1.39307 0.127835

-1.39307 0.127835
-1.39268 0.128174

-1.39268 0.128174
-1.39185 0.128899

-1.39185 0.128904
-1.39128 0.129395

-1.39129 0.129395
-1.39062 0.129966

-1.39062 0.129975
-1.38988 0.130615

-1.38989 0.130615
-1.3894 0.131038

-1.3894 0.13104
-1.38849 0.131836

-1.3885 0.131836
-1.38818 0.13211

-1.38818 0.13211
-1.38711 0.133057

-1.38711 0.133057
-1.38696 0.133184

-1.38696 0.133182
-1.38574 0.134256

-1.38574 0.134256
-1.38572 0.134277

-1.38572 0.134277
-1.38452 0.135331

-1.38452 0.135331
-1.38433 0.135498

-1.38433 0.135498
-1.3833 0.136408

-1.3833 0.136408
-1.38295 0.136719

-1.38295 0.136719
-1.38208 0.137483

-1.38208 0.137487
-1.38156 0.137939

-1.38157 0.137939
-1.38086 0.138561

-1.38086 0.138568
-1.38018 0.13916

-1.38019 0.13916
-1.37964 0.139643

-1.37964 0.139648
-1.3788 0.140381

-1.37881 0.140381
-1.37842 0.140727

-1.37842 0.140727
-1.37743 0.141602

-1.37743 0.141602
-1.3772 0.141811

-1.3772 0.14181
-1.37606 0.142822

-1.37606 0.142822
-1.37598 0.142896

-1.37598 0.142894
-1.37476 0.14398

-1.37476 0.14398
-1.37468 0.144043

-1.37468 0.144043
-1.37354 0.145067

-1.37354 0.145067
-1.37331 0.145264

-1.37331 0.145264
-1.37231 0.146155

-1.37231 0.146156
-1.37194 0.146484

-1.37195 0.146484
-1.37109 0.147242

-1.37109 0.147247
-1.37058 0.147705

-1.37058 0.147705
-1.36987 0.148332

-1.36987 0.148339
-1.36921 0.148926

-1.36922 0.148926
-1.36865 0.149426

-1.36865 0.149432
-1.36784 0.150146

-1.36785 0.150146
-1.36743 0.15052

-1.36743 0.150522
-1.36649 0.151367

-1.36649 0.151367
-1.36621 0.151616

-1.36621 0.151615
-1.36513 0.152588

-1.36513 0.152588
-1.36499 0.152712

-1.36499 0.152711
-1.36377 0.153807

-1.36377 0.153809
-1.36255 0.154906

-1.36255 0.154905
-1.36241 0.155029

-1.36241 0.155029
-1.36133 0.156005

-1.36133 0.156005
-1.36106 0.15625

-1.36106 0.15625
-1.36011 0.157104

-1.36011 0.157106
-1.3597 0.157471

-1.35971 0.157471
-1.35889 0.158203

-1.35889 0.158209
-1.35835 0.158691

-1.35835 0.158691
-1.35767 0.159307

-1.35767 0.159313
-1.357 0.159912

-1.357 0.159912
-1.35645 0.160412

-1.35645 0.160419
-1.35565 0.161133

-1.35565 0.161133
-1.35522 0.161519

-1.35522 0.161521
-1.3543 0.162354

-1.3543 0.162354
-1.354 0.162626

-1.354 0.162625
-1.35296 0.163574

-1.35296 0.163574
-1.35278 0.163734

-1.35278 0.163732
-1.35161 0.164795

-1.35162 0.164795
-1.35156 0.164843

-1.35156 0.164841
-1.35034 0.165951

-1.35034 0.16595
-1.35027 0.166016

-1.35027 0.166016
-1.34912 0.167061

-1.34912 0.167061
-1.34893 0.167236

-1.34893 0.167236
-1.3479 0.168173

-1.3479 0.168173
-1.34759 0.168457

-1.34759 0.168457
-1.34668 0.169283

-1.34668 0.169287
-1.34625 0.169678

-1.34626 0.169678
-1.34546 0.170395

-1.34546 0.170402
-1.34491 0.170898

-1.34492 0.170898
-1.34424 0.171512

-1.34424 0.171517
-1.34357 0.172119

-1.34358 0.172119
-1.34302 0.172629

-1.34302 0.172635
-1.34224 0.17334

-1.34224 0.17334
-1.3418 0.173747

-1.3418 0.17375
-1.3409 0.174561

-1.34091 0.174561
-1.34058 0.174865

-1.34058 0.174866
-1.33958 0.175781

-1.33958 0.175781
-1.33936 0.175984

-1.33936 0.175984
-1.33825 0.177002

-1.33825 0.177002
-1.33813 0.177105

-1.33813 0.177103
-1.33692 0.178223

-1.33692 0.178223
-1.33691 0.178226

-1.33691 0.178224
-1.33569 0.179345

-1.33569 0.179345
-1.33559 0.179443

-1.33559 0.179443
-1.33447 0.180468

-1.33447 0.180468
-1.33426 0.180664

-1.33426 0.180664
-1.33325 0.18159

-1.33325 0.181591
-1.33293 0.181885

-1.33294 0.181885
-1.33203 0.182712

-1.33203 0.182716
-1.33161 0.183105

-1.33161 0.183105
-1.33081 0.183836

-1.33081 0.183842
-1.33028 0.184326

-1.33029 0.184326
-1.32959 0.184963

-1.32959 0.184968
-1.32896 0.185547

-1.32896 0.185547
-1.32837 0.18609

-1.32837 0.186095
-1.32763 0.186768

-1.32764 0.186768
-1.32715 0.187218

-1.32715 0.187224
-1.32631 0.187988

-1.32632 0.187988
-1.32593 0.188347

-1.32593 0.188349
-1.32499 0.189209

-1.325 0.189209
-1.32471 0.189476

-1.32471 0.189476
-1.32367 0.19043

-1.32368 0.19043
-1.32349 0.190605

-1.32349 0.190604
-1.32236 0.19165

-1.32236 0.19165
-1.32227 0.191735

-1.32227 0.191734
-1.32104 0.192865

-1.32104 0.192865
-1.32104 0.192871

-1.32104 0.192871
-1.31982 0.193996

-1.31982 0.193995
-1.31972 0.194092

-1.31972 0.194092
-1.3186 0.195127

-1.3186 0.195127
-1.3184 0.195312

-1.3184 0.195312
-1.31738 0.196258

-1.31738 0.196259
-1.31709 0.196533

-1.31709 0.196533
-1.31616 0.197389

-1.31616 0.197393
-1.31577 0.197754

-1.31578 0.197754
-1.31494 0.198521

-1.31494 0.198526
-1.31446 0.198975

-1.31446 0.198975
-1.31372 0.199655

-1.31372 0.19966
-1.31314 0.200195

-1.31314 0.200195
-1.3125 0.20079

-1.3125 0.200795
-1.31183 0.201416

-1.31183 0.201416
-1.31128 0.201925

-1.31128 0.20193
-1.31051 0.202637

-1.31052 0.202637
-1.31006 0.203061

-1.31006 0.203066
-1.3092 0.203857

-1.3092 0.203857
-1.30884 0.204196

-1.30884 0.204199
-1.30789 0.205078

-1.30789 0.205078
-1.30762 0.205332

-1.30762 0.205332
-1.30658 0.206299

-1.30658 0.206299
-1.3064 0.206468

-1.3064 0.206467
-1.30527 0.20752

-1.30527 0.20752
-1.30518 0.207604

-1.30518 0.207603
-1.30396 0.208739

-1.30395 0.20874
-1.30273 0.209876

-1.30273 0.209875
-1.30264 0.209961

-1.30264 0.209961
-1.30151 0.211012

-1.30151 0.211012
-1.30133 0.211182

-1.30133 0.211182
-1.30029 0.212148

-1.30029 0.212149
-1.30002 0.212402

-1.30002 0.212402
-1.29907 0.213283

-1.29907 0.213287
-1.29871 0.213623

-1.29872 0.213623
-1.29785 0.214418

-1.29785 0.214424
-1.2974 0.214844

-1.2974 0.214844
-1.29663 0.215556

-1.29663 0.215562
-1.29609 0.216064

-1.29609 0.216064
-1.29541 0.216695

-1.29541 0.216699
-1.29478 0.217285

-1.29478 0.217285
-1.29419 0.217833

-1.29419 0.217837
-1.29347 0.218506

-1.29347 0.218506
-1.29297 0.218971

-1.29297 0.218976
-1.29215 0.219727

-1.29216 0.219727
-1.29175 0.220108

-1.29175 0.220113
-1.29084 0.220947

-1.29085 0.220947
-1.29053 0.221246

-1.29053 0.221248
-1.28954 0.222168

-1.28954 0.222168
-1.28931 0.222384

-1.28931 0.222384
-1.28823 0.223389

-1.28823 0.223389
-1.28809 0.223521

-1.28809 0.223521
-1.28692 0.224609

-1.28692 0.224609
-1.28687 0.224659

-1.28687 0.224658
-1.28564 0.225795

-1.28564 0.225795
-1.28561 0.22583

-1.28561 0.22583
-1.28442 0.226932

-1.28442 0.226931
-1.2843 0.227051

-1.2843 0.227051
-1.2832 0.228068

-1.2832 0.228068
-1.28298 0.228271

-1.28299 0.228271
-1.28198 0.229204

-1.28198 0.229205
-1.28167 0.229492

-1.28168 0.229492
-1.28076 0.230338

-1.28076 0.230343
-1.28036 0.230713

-1.28037 0.230713
-1.27954 0.231474

-1.27954 0.231479
-1.27905 0.231934

-1.27905 0.231934
-1.27832 0.232611

-1.27832 0.232616
-1.27774 0.233154

-1.27774 0.233154
-1.2771 0.233747

-1.2771 0.233752
-1.27643 0.234375

-1.27643 0.234375
-1.27588 0.234884

-1.27588 0.234889
-1.27511 0.235596

-1.27512 0.235596
-1.27466 0.236019

-1.27466 0.236025
-1.2738 0.236816

-1.2738 0.236816
-1.27344 0.237155

-1.27344 0.237158
-1.27249 0.238037

-1.27249 0.238037
-1.27222 0.23829

-1.27222 0.238291
-1.27117 0.239258

-1.27118 0.239258
-1.271 0.239425

-1.271 0.239424
-1.26986 0.240479

-1.26986 0.240479
-1.26978 0.240559

-1.26978 0.240558
-1.26855 0.241692

-1.26855 0.241692
-1.26855 0.241699

-1.26855 0.241699
-1.26733 0.242825

-1.26733 0.242825
-1.26723 0.24292

-1.26723 0.24292
-1.26611 0.243958

-1.26611 0.243958
-1.26592 0.244141

-1.26592 0.244141
-1.26489 0.24509

-1.26489 0.245091
-1.2646 0.245361

-1.2646 0.245361
-1.26367 0.24622

-1.26367 0.246224
-1.26328 0.246582

-1.26329 0.246582
-1.26245 0.24735

-1.26245 0.247356
-1.26197 0.247803

-1.26197 0.247803
-1.26123 0.248482

-1.26123 0.248488
-1.26065 0.249023

-1.26065 0.249023
-1.26001 0.249614

-1.26001 0.249619
-1.25933 0.250244

-1.25933 0.250244
-1.25879 0.250745

-1.25879 0.250751
-1.25801 0.251465

-1.25801 0.251465
-1.25757 0.251875

-1.25757 0.251881
-1.25669 0.252686

-1.25669 0.252686
-1.25635 0.253005

-1.25635 0.253008
-1.25537 0.253906

-1.25537 0.253906
-1.25513 0.254134

-1.25513 0.254135
-1.25405 0.255127

-1.25405 0.255127
-1.25391 0.255263

-1.25391 0.255263
-1.25273 0.256348

-1.25273 0.256348
-1.25269 0.256391

-1.25269 0.25639
-1.25146 0.257517

-1.25146 0.257517
-1.25141 0.257568

-1.25141 0.257568
-1.25024 0.258644

-1.25024 0.258644
-1.25009 0.258789

-1.25009 0.258789
-1.24902 0.25977

-1.24902 0.25977
-1.24876 0.26001

-1.24877 0.26001
-1.2478 0.260893

-1.2478 0.260896
-1.24744 0.26123

-1.24744 0.26123
-1.24658 0.262015

-1.24658 0.262021
-1.24611 0.262451

-1.24612 0.262451
-1.24536 0.26314

-1.24536 0.263146
-1.24479 0.263672

-1.24479 0.263672
-1.24414 0.264264

-1.24414 0.26427
-1.24346 0.264893

-1.24346 0.264893
-1.24292 0.265388

-1.24292 0.265394
-1.24213 0.266113

-1.24213 0.266113
-1.2417 0.266511

-1.2417 0.266515
-1.2408 0.267334

-1.2408 0.267334
-1.24048 0.267633

-1.24048 0.267634
-1.23947 0.268555

-1.23947 0.268555
-1.23926 0.268754

-1.23926 0.268754
-1.23814 0.269775

-1.23814 0.269775
-1.23804 0.269874

-1.23804 0.269874
-1.23682 0.270993

-1.23682 0.270993
-1.23681 0.270996

-1.23681 0.270996
-1.2356 0.272112

-1.2356 0.272111
-1.23548 0.272217

-1.23548 0.272217
-1.23438 0.273229

-1.23438 0.273229
-1.23415 0.273438

-1.23415 0.273438
-1.23315 0.274345

-1.23315 0.274347
-1.23281 0.274658

-1.23282 0.274658
-1.23193 0.275459

-1.23193 0.275464
-1.23148 0.275879

-1.23148 0.275879
-1.23071 0.276574

-1.23071 0.276581
-1.23014 0.2771

-1.23014 0.2771
-1.22949 0.27769

-1.22949 0.277696
-1.2288 0.27832

-1.22881 0.27832
-1.22827 0.278804

-1.22827 0.278812
-1.22746 0.279541

-1.22747 0.279541
-1.22705 0.279918

-1.22705 0.279922
-1.22612 0.280762

-1.22613 0.280762
-1.22583 0.281031

-1.22583 0.281032
-1.22479 0.281982

-1.22479 0.281982
-1.22461 0.282143

-1.22461 0.282143
-1.22344 0.283203

-1.22344 0.283203
-1.22339 0.283254

-1.22339 0.283254
-1.22217 0.284363

-1.22217 0.284363
-1.2221 0.284424

-1.2221 0.284424
-1.22095 0.285472

-1.22095 0.285472
-1.22076 0.285645

-1.22076 0.285645
-1.21973 0.28658

-1.21973 0.286581
-1.21941 0.286865

-1.21941 0.286865
-1.21851 0.287685

-1.21851 0.287689
-1.21807 0.288086

-1.21807 0.288086
-1.21729 0.288788

-1.21729 0.288796
-1.21672 0.289307

-1.21672 0.289307
-1.21606 0.289895

-1.21606 0.289903
-1.21537 0.290527

-1.21537 0.290527
-1.21484 0.291001

-1.21484 0.291008
-1.21401 0.291748

-1.21402 0.291748
-1.21362 0.292105

-1.21362 0.292108
-1.21267 0.292969

-1.21267 0.292969
-1.2124 0.293208

-1.2124 0.293209
-1.21132 0.294189

-1.21132 0.294189
-1.21118 0.29431

-1.21118 0.29431
-1.20996 0.29541

-1.20996 0.295411
-1.20874 0.296511

-1.20874 0.29651
-1.20861 0.296631

-1.20861 0.296631
-1.20752 0.297609

-1.20752 0.297609
-1.20725 0.297852

-1.20725 0.297852
-1.2063 0.298706

-1.2063 0.298708
-1.20589 0.299072

-1.2059 0.299072
-1.20508 0.299799

-1.20508 0.299806
-1.20453 0.300293

-1.20454 0.300293
-1.20386 0.300896

-1.20386 0.300904
-1.20317 0.301514

-1.20317 0.301514
-1.20264 0.301992

-1.20264 0.301999
-1.20181 0.302734

-1.20181 0.302734
-1.20142 0.303086

-1.20142 0.303089
-1.20045 0.303955

-1.20045 0.303955
-1.2002 0.30418

-1.2002 0.304181
-1.19908 0.305176

-1.19908 0.305176
-1.19897 0.305272

-1.19897 0.305272
-1.19775 0.306363

-1.19775 0.306363
-1.19772 0.306396

-1.19772 0.306396
-1.19653 0.307453

-1.19653 0.307453
-1.19635 0.307617

-1.19635 0.307617
-1.19531 0.308541

-1.19531 0.308542
-1.19498 0.308838

-1.19498 0.308838
-1.19409 0.309627

-1.19409 0.309631
-1.19361 0.310059

-1.19361 0.310059
-1.19287 0.310711

-1.19287 0.31072
-1.19223 0.311279

-1.19224 0.311279
-1.19165 0.311798

-1.19165 0.311806
-1.19086 0.3125

-1.19086 0.3125
-1.19043 0.312884

-1.19043 0.312887
-1.18949 0.313721

-1.18949 0.313721
-1.18921 0.313968

-1.18921 0.313969
-1.18811 0.314941

-1.18811 0.314941
-1.18799 0.315051

-1.18799 0.315051
-1.18677 0.316133

-1.18677 0.316133
-1.18673 0.316162

-1.18673 0.316162
-1.18555 0.317213

-1.18555 0.317213
-1.18535 0.317383

-1.18535 0.317383
-1.18433 0.318292

-1.18433 0.318293
-1.18397 0.318604

-1.18398 0.318604
-1.18311 0.319368

-1.18311 0.319373
-1.18259 0.319824

-1.1826 0.319824
-1.18188 0.320442

-1.18188 0.320452
-1.1812 0.321045

-1.18121 0.321045
-1.18066 0.32152

-1.18066 0.321526
-1.17982 0.322266

-1.17982 0.322266
-1.17944 0.322596

-1.17944 0.322598
-1.17843 0.323486

-1.17843 0.323486
-1.17822 0.32367

-1.17822 0.323672
-1.17704 0.324707

-1.17704 0.324707
-1.177 0.324744

-1.177 0.324744
-1.17578 0.325816

-1.17578 0.325816
-1.17565 0.325928

-1.17565 0.325928
-1.17456 0.326886

-1.17456 0.326886
-1.17426 0.327148

-1.17426 0.327148
-1.17334 0.327954

-1.17334 0.327957
-1.17287 0.328369

-1.17287 0.328369
-1.17212 0.329019

-1.17212 0.329028
-1.17147 0.32959

-1.17147 0.32959
-1.1709 0.330087

-1.1709 0.330094
-1.17007 0.330811

-1.17007 0.330811
-1.16968 0.331155

-1.16968 0.331157
-1.16868 0.332031

-1.16867 0.332031
-1.16846 0.33222

-1.16846 0.332221
-1.16727 0.333252

-1.16727 0.333252
-1.16724 0.333284

-1.16724 0.333285
-1.16602 0.334348

-1.16602 0.334348
-1.16587 0.334473

-1.16587 0.334473
-1.16479 0.335409

-1.16479 0.33541
-1.16447 0.335693

-1.16447 0.335693
-1.16357 0.336469

-1.16357 0.336472
-1.16306 0.336914

-1.16307 0.336914
-1.16235 0.337524

-1.16235 0.337535
-1.16165 0.338135

-1.16166 0.338135
-1.16113 0.338584

-1.16113 0.338589
-1.16024 0.339355

-1.16025 0.339355
-1.15991 0.339642

-1.15991 0.339644
-1.15883 0.340576

-1.15883 0.340576
-1.15869 0.340699

-1.15869 0.3407
-1.15747 0.341755

-1.15747 0.341755
-1.15742 0.341797

-1.15742 0.341797
-1.15625 0.342808

-1.15625 0.342809
-1.15601 0.343018

-1.15601 0.343018
-1.15503 0.343861

-1.15503 0.343863
-1.15459 0.344238

-1.1546 0.344238
-1.15381 0.344909

-1.15381 0.344917
-1.15317 0.345459

-1.15318 0.345459
-1.15259 0.345959

-1.15259 0.345966
-1.15175 0.34668

-1.15175 0.34668
-1.15137 0.34701

-1.15137 0.347012
-1.15033 0.3479

-1.15033 0.3479
-1.15015 0.348059

-1.15015 0.34806
-1.14893 0.349107

-1.14893 0.349107
-1.14891 0.349121

-1.14891 0.349121
-1.14771 0.350153

-1.14771 0.350153
-1.14748 0.350342

-1.14748 0.350342
-1.14648 0.351198

-1.14648 0.351199
-1.14606 0.351562

-1.14606 0.351562
-1.14526 0.352238

-1.14526 0.352246
-1.14463 0.352783

-1.14463 0.352783
-1.14404 0.353279

-1.14404 0.353286
-1.1432 0.354004

-1.1432 0.354004
-1.14282 0.354322

-1.14282 0.354325
-1.14177 0.355225

-1.14177 0.355225
-1.1416 0.355363

-1.1416 0.355365
-1.14038 0.356404

-1.14038 0.356404
-1.14033 0.356445

-1.14033 0.356445
-1.13916 0.357442

-1.13916 0.357442
-1.1389 0.357666

-1.1389 0.357666
-1.13794 0.358479

-1.13794 0.358481
-1.13746 0.358887

-1.13746 0.358887
-1.13672 0.359511

-1.13672 0.35952
-1.13602 0.360107

-1.13602 0.360107
-1.1355 0.360546

-1.1355 0.36055
-1.13458 0.361328

-1.13458 0.361328
-1.13428 0.361581

-1.13428 0.361583
-1.13314 0.362549

-1.13313 0.362549
-1.13306 0.362614

-1.13306 0.362615
-1.13184 0.363647

-1.13184 0.363647
-1.13169 0.36377

-1.13169 0.36377
-1.13062 0.364677

-1.13062 0.364678
-1.13024 0.36499

-1.13025 0.36499
-1.12939 0.365705

-1.12939 0.365711
-1.12879 0.366211

-1.1288 0.366211
-1.12817 0.36673

-1.12817 0.366737
-1.12734 0.367432

-1.12735 0.367432
-1.12695 0.367759

-1.12695 0.367762
-1.12589 0.368652

-1.12589 0.368652
-1.12573 0.368786

-1.12573 0.368788
-1.12451 0.369812

-1.12451 0.369812
-1.12444 0.369873

-1.12444 0.369873
-1.12329 0.370836

-1.12329 0.370837
-1.12298 0.371094

-1.12298 0.371094
-1.12207 0.371859

-1.12207 0.371863
-1.12152 0.372314

-1.12153 0.372314
-1.12085 0.372876

-1.12085 0.372884
-1.12007 0.373535

-1.12007 0.373535
-1.11963 0.373898

-1.11963 0.373902
-1.11861 0.374756

-1.1186 0.374756
-1.11841 0.374919

-1.11841 0.374921
-1.11719 0.375939

-1.11719 0.375939
-1.11714 0.375977

-1.11714 0.375977
-1.11597 0.376957

-1.11597 0.376957
-1.11568 0.377197

-1.11568 0.377197
-1.11475 0.377973

-1.11475 0.377977
-1.11421 0.378418

-1.11422 0.378418
-1.11353 0.378985

-1.11353 0.378991
-1.11274 0.379639

-1.11274 0.379639
-1.1123 0.38

-1.1123 0.380003
-1.11127 0.380859

-1.11127 0.380859
-1.11108 0.381014

-1.11108 0.381016
-1.10986 0.382028

-1.10986 0.382028
-1.1098 0.38208

-1.1098 0.38208
-1.10864 0.38304

-1.10864 0.383041
-1.10833 0.383301

-1.10833 0.383301
-1.10742 0.38405

-1.10742 0.384054
-1.10685 0.384521

-1.10686 0.384521
-1.1062 0.385055

-1.1062 0.385061
-1.10537 0.385742

-1.10537 0.385742
-1.10498 0.386064

-1.10498 0.386068
-1.1039 0.386963

-1.10389 0.386963
-1.10376 0.387073

-1.10376 0.387075
-1.10254 0.388081

-1.10254 0.388081
-1.10241 0.388184

-1.10241 0.388184
-1.10132 0.389086

-1.10132 0.389087
-1.10093 0.389404

-1.10093 0.389404
-1.1001 0.39009

-1.1001 0.390095
-1.09944 0.390625

-1.09945 0.390625
-1.09888 0.391089

-1.09888 0.391094
-1.09796 0.391846

-1.09796 0.391846
-1.09766 0.392093

-1.09766 0.392096
-1.09647 0.393066

-1.09647 0.393066
-1.09644 0.393095

-1.09644 0.393097
-1.09521 0.394098

-1.09521 0.394098
-1.09498 0.394287

-1.09498 0.394287
-1.09399 0.395097

-1.09399 0.3951
-1.09349 0.395508

-1.0935 0.395508
-1.09277 0.396093

-1.09277 0.396098
-1.092 0.396729

-1.092 0.396729
-1.09155 0.397089

-1.09155 0.397093
-1.0905 0.397949

-1.0905 0.397949
-1.09033 0.398087

-1.09033 0.398089
-1.08911 0.399085

-1.08911 0.399085
-1.08901 0.39917

-1.08901 0.39917
-1.08789 0.40008

-1.08789 0.400081
-1.08751 0.400391

-1.08751 0.400391
-1.08667 0.401073

-1.08667 0.401078
-1.08601 0.401611

-1.08601 0.401611
-1.08545 0.402062

-1.08545 0.402067
-1.08451 0.402832

-1.08451 0.402832
-1.08423 0.403056

-1.08423 0.403058
-1.08301 0.404049

-1.08301 0.404049
-1.083 0.404053

-1.083 0.404053
-1.08179 0.40504

-1.08179 0.40504
-1.0815 0.405273

-1.0815 0.405273
-1.08057 0.406029

-1.08057 0.406033
-1.07999 0.406494

-1.08 0.406494
-1.07935 0.407013

-1.07935 0.407018
-1.07848 0.407715

-1.07848 0.407715
-1.07812 0.408002

-1.07812 0.408005
-1.07697 0.408936

-1.07697 0.408936
-1.0769 0.408989

-1.0769 0.408991
-1.07568 0.409977

-1.07568 0.409978
-1.07546 0.410156

-1.07546 0.410156
-1.07446 0.410962

-1.07446 0.410966
-1.07394 0.411377

-1.07395 0.411377
-1.07324 0.411944

-1.07324 0.411948
-1.07243 0.412598

-1.07243 0.412598
-1.07202 0.412926

-1.07202 0.41293
-1.07092 0.413818

-1.07091 0.413818
-1.0708 0.41391

-1.0708 0.413912
-1.06958 0.414894

-1.06958 0.414894
-1.0694 0.415039

-1.0694 0.415039
-1.06836 0.415875

-1.06836 0.415877
-1.06788 0.41626

-1.06788 0.41626
-1.06714 0.416853

-1.06714 0.416856
-1.06636 0.41748

-1.06636 0.41748
-1.06592 0.41783

-1.06592 0.417834
-1.06484 0.418701

-1.06483 0.418701
-1.0647 0.41881

-1.0647 0.418812
-1.06348 0.419789

-1.06348 0.41979
-1.06331 0.419922

-1.06331 0.419922
-1.06226 0.420766

-1.06226 0.420769
-1.06178 0.421143

-1.06179 0.421143
-1.06104 0.421741

-1.06104 0.421744
-1.06026 0.422363

-1.06026 0.422363
-1.05981 0.422714

-1.05981 0.422718
-1.05873 0.423584

-1.05873 0.423584
-1.05859 0.423689

-1.05859 0.423692
-1.05737 0.424665

-1.05737 0.424666
-1.0572 0.424805

-1.0572 0.424805
-1.05615 0.425639

-1.05615 0.425641
-1.05566 0.426025

-1.05567 0.426025
-1.05493 0.426609

-1.05493 0.426612
-1.05413 0.427246

-1.05413 0.427246
-1.05371 0.427578

-1.05371 0.427582
-1.0526 0.428467

-1.0526 0.428467
-1.05249 0.428551

-1.05249 0.428553
-1.05127 0.429523

-1.05127 0.429523
-1.05106 0.429688

-1.05106 0.429688
-1.05005 0.430492

-1.05005 0.430496
-1.04952 0.430908

-1.04953 0.430908
-1.04883 0.431459

-1.04883 0.431461
-1.04799 0.432129

-1.04799 0.432129
-1.04761 0.432425

-1.04761 0.432428
-1.04644 0.43335

-1.04644 0.43335
-1.04639 0.433393

-1.04639 0.433395
-1.04517 0.434362

-1.04517 0.434363
-1.0449 0.43457

-1.0449 0.43457
-1.04395 0.435328

-1.04395 0.435332
-1.04335 0.435791

-1.04336 0.435791
-1.04272 0.43629

-1.04272 0.436293
-1.04182 0.437012

-1.04181 0.437012
-1.0415 0.437254

-1.0415 0.437257
-1.04028 0.438221

-1.04028 0.438221
-1.04027 0.438232

-1.04027 0.438232
-1.03906 0.439184

-1.03906 0.439185
-1.03872 0.439453

-1.03872 0.439453
-1.03784 0.440147

-1.03784 0.440149
-1.03717 0.440674

-1.03718 0.440674
-1.03662 0.441103

-1.03662 0.441108
-1.03562 0.441895

-1.03562 0.441895
-1.0354 0.442066

-1.0354 0.442069
-1.03418 0.443029

-1.03418 0.44303
-1.03407 0.443115

-1.03407 0.443115
-1.03296 0.443989

-1.03296 0.443992
-1.03251 0.444336

-1.03252 0.444336
-1.03174 0.444948

-1.03174 0.44495
-1.03096 0.445557

-1.03097 0.445557
-1.03052 0.445903

-1.03052 0.445907
-1.02941 0.446777

-1.02941 0.446777
-1.0293 0.446863

-1.0293 0.446865
-1.02808 0.447822

-1.02808 0.447823
-1.02785 0.447998

-1.02785 0.447998
-1.02686 0.448779

-1.02686 0.448783
-1.02629 0.449219

-1.0263 0.449219
-1.02563 0.449733

-1.02563 0.449736
-1.02474 0.450439

-1.02473 0.450439
-1.02441 0.450687

-1.02441 0.45069
-1.02319 0.451645

-1.02319 0.451645
-1.02317 0.45166

-1.02317 0.45166
-1.02197 0.4526

-1.02197 0.452601
-1.02161 0.452881

-1.02161 0.452881
-1.02075 0.453554

-1.02075 0.453555
-1.02005 0.454102

-1.02005 0.454102
-1.01953 0.454502

-1.01953 0.454507
-1.01849 0.455322

-1.01848 0.455322
-1.01831 0.455457

-1.01831 0.455459
-1.01709 0.456411

-1.01709 0.456412
-1.01692 0.456543

-1.01692 0.456543
-1.01587 0.457363

-1.01587 0.457367
-1.01535 0.457764

-1.01536 0.457764
-1.01465 0.458313

-1.01465 0.458314
-1.01379 0.458984

-1.01379 0.458984
-1.01343 0.459261

-1.01343 0.459264
-1.01222 0.460205

-1.01222 0.460205
-1.01221 0.460212

-1.01221 0.460214
-1.01099 0.461163

-1.01099 0.461165
-1.01065 0.461426

-1.01065 0.461426
-1.00977 0.462112

-1.00977 0.462114
-1.00908 0.462646

-1.00908 0.462646
-1.00854 0.463056

-1.00854 0.46306
-1.00751 0.463867

-1.0075 0.463867
-1.00732 0.464005

-1.00732 0.464008
-1.0061 0.464955

-1.0061 0.464955
-1.00593 0.465088

-1.00593 0.465088
-1.00488 0.465902

-1.00488 0.465905
-1.00435 0.466309

-1.00436 0.466309
-1.00366 0.466846

-1.00366 0.466848
-1.00278 0.467529

-1.00278 0.467529
-1.00244 0.46779

-1.00244 0.467793
-1.00122 0.468738

-1.00122 0.468738
-1.00121 0.46875

-1.00121 0.46875
-1 0.469683

-1 0.469685
-0.999625 0.469971

-0.999628 0.469971
-0.998779 0.470627

-0.998779 0.470628
-0.998049 0.471191

-0.998053 0.471191
-0.997559 0.471566

-0.997559 0.471571
-0.996469 0.472412

-0.996467 0.472412
-0.996338 0.472511

-0.996338 0.472513
-0.995117 0.473456

-0.995117 0.473457
-0.994887 0.473633

-0.994889 0.473633
-0.993896 0.474398

-0.993896 0.474401
-0.993303 0.474854

-0.993309 0.474854
-0.992676 0.475338

-0.992676 0.47534
-0.991724 0.476074

-0.991723 0.476074
-0.991455 0.476278

-0.991455 0.476281
-0.990234 0.477222

-0.990234 0.477222
-0.990139 0.477295

-0.990139 0.477295
-0.989014 0.478162

-0.989014 0.478165
-0.98855 0.478516

-0.988555 0.478516
-0.987793 0.479101

-0.987793 0.479102
-0.986969 0.479736

-0.98697 0.479736
-0.986572 0.480037

-0.986572 0.480041
-0.985381 0.480957

-0.985379 0.480957
-0.985352 0.480978

-0.985352 0.48098
-0.984131 0.481918

-0.984131 0.48192
-0.98379 0.482178

-0.983793 0.482178
-0.98291 0.482856

-0.98291 0.482857
-0.982203 0.483398

-0.982208 0.483398
-0.981689 0.483789

-0.981689 0.483794
-0.980614 0.484619

-0.980611 0.484619
-0.980469 0.484728

-0.980469 0.48473
-0.979248 0.485667

-0.979248 0.485668
-0.979021 0.48584

-0.979023 0.48584
-0.978027 0.486603

-0.978027 0.486605
-0.977427 0.487061

-0.977433 0.487061
-0.976807 0.487537

-0.976807 0.487539
-0.975838 0.488281

-0.975836 0.488281
-0.975586 0.488471

-0.975586 0.488474
-0.974365 0.489409

-0.974365 0.489409
-0.974243 0.489502

-0.974243 0.489502
-0.973145 0.490343

-0.973145 0.490346
-0.972643 0.490723

-0.972649 0.490723
-0.971924 0.491276

-0.971924 0.491277
-0.971053 0.491943

-0.971053 0.491943
-0.970703 0.492207

-0.970703 0.49221
-0.969482 0.493143

-0.969482 0.493143
-0.969455 0.493164

-0.969455 0.493164
-0.968262 0.494076

-0.968262 0.494078
-0.967853 0.494385

-0.967858 0.494385
-0.967041 0.495008

-0.967041 0.495009
-0.966259 0.495605

-0.966261 0.495605
-0.96582 0.495936

-0.96582 0.49594
-0.964659 0.496826

-0.964656 0.496826
-0.9646 0.496869

-0.9646 0.496871
-0.963379 0.497802

-0.963379 0.497804
-0.963055 0.498047

-0.963058 0.498047
-0.962158 0.498733

-0.962158 0.498734
-0.961455 0.499268

-0.96146 0.499268
-0.960938 0.499659

-0.960938 0.499663
-0.959854 0.500488

-0.959851 0.500488
-0.959717 0.50059

-0.959717 0.500592
-0.958496 0.501522

-0.958496 0.501523
-0.958248 0.501709

-0.95825 0.501709
-0.957275 0.502451

-0.957275 0.502452
-0.956643 0.50293

-0.956649 0.50293
-0.956055 0.503377

-0.956055 0.503379
-0.955041 0.50415

-0.955039 0.50415
-0.954834 0.504304

-0.954834 0.504307
-0.953613 0.505235

-0.953613 0.505235
-0.953433 0.505371

-0.953434 0.505371
-0.952393 0.506162

-0.952393 0.506164
-0.951823 0.506592

-0.951829 0.506592
-0.951172 0.507088

-0.951172 0.507089
-0.950219 0.507812

-0.950218 0.507812
-0.949951 0.508012

-0.949951 0.508015
-0.94873 0.508941

-0.94873 0.508942
-0.948609 0.509033

-0.94861 0.509033
-0.94751 0.509867

-0.94751 0.50987
-0.946995 0.510254

-0.947001 0.510254
-0.946289 0.510792

-0.946289 0.510793
-0.945389 0.511475

-0.945389 0.511475
-0.945068 0.511714

-0.945068 0.511717
-0.943848 0.512642

-0.943848 0.512642
-0.943777 0.512695

-0.943777 0.512695
-0.942627 0.513566

-0.942627 0.513569
-0.942159 0.513916

-0.942165 0.513916
-0.941406 0.51449

-0.941406 0.51449
-0.940551 0.515137

-0.940552 0.515137
-0.940186 0.515409

-0.940186 0.515413
-0.938965 0.516336

-0.938965 0.516336
-0.938936 0.516357

-0.938936 0.516357
-0.937744 0.517259

-0.937744 0.517261
-0.937316 0.517578

-0.937321 0.517578
-0.936523 0.518181

-0.936523 0.518181
-0.935705 0.518799

-0.935707 0.518799
-0.935303 0.519098

-0.935303 0.519102
-0.934088 0.52002

-0.934087 0.52002
-0.934082 0.520023

-0.934082 0.520024
-0.932861 0.520945

-0.932861 0.520947
-0.932466 0.52124

-0.93247 0.52124
-0.931641 0.521866

-0.931641 0.521866
-0.930852 0.522461

-0.930854 0.522461
-0.93042 0.522782

-0.93042 0.522786
-0.929231 0.523682

-0.929229 0.523682
-0.929199 0.523704

-0.929199 0.523706
-0.927979 0.524626

-0.927979 0.524628
-0.927607 0.524902

-0.927611 0.524902
-0.926758 0.525545

-0.926758 0.525545
-0.92599 0.526123

-0.925994 0.526123
-0.925537 0.526459

-0.925537 0.526464
-0.924367 0.527344

-0.924365 0.527344
-0.924316 0.52738

-0.924316 0.527382
-0.923096 0.5283

-0.923096 0.528302
-0.922741 0.528564

-0.922745 0.528564
-0.921875 0.529218

-0.921875 0.529218
-0.92112 0.529785

-0.921124 0.529785
-0.920654 0.530131

-0.920654 0.530135
-0.919496 0.531006

-0.919493 0.531006
-0.919434 0.53105

-0.919434 0.531052
-0.918213 0.531969

-0.918213 0.531971
-0.917867 0.532227

-0.91787 0.532227
-0.916992 0.532886

-0.916992 0.532886
-0.916244 0.533447

-0.916248 0.533447
-0.915771 0.533797

-0.915771 0.533801
-0.914616 0.534668

-0.914614 0.534668
-0.914551 0.534715

-0.914551 0.534717
-0.91333 0.535632

-0.91333 0.535634
-0.912985 0.535889

-0.912988 0.535889
-0.912109 0.536548

-0.912109 0.536548
-0.911359 0.537109

-0.911363 0.537109
-0.910889 0.537458

-0.910889 0.537462
-0.90973 0.53833

-0.909727 0.53833
-0.909668 0.538374

-0.909668 0.538376
-0.908447 0.53929

-0.908447 0.539292
-0.908095 0.539551

-0.908099 0.539551
-0.907227 0.540204

-0.907227 0.540204
-0.906468 0.540771

-0.906472 0.540771
-0.906006 0.541113

-0.906006 0.541117
-0.904835 0.541992

-0.904833 0.541992
-0.904785 0.542028

-0.904785 0.54203
-0.903564 0.542942

-0.903564 0.542944
-0.903199 0.543213

-0.903203 0.543213
-0.902344 0.543855

-0.902344 0.543855
-0.901569 0.544434

-0.901573 0.544434
-0.901123 0.544762

-0.901123 0.544766
-0.899934 0.545654

-0.899932 0.545654
-0.899902 0.545677

-0.899902 0.545678
-0.898682 0.546589

-0.898682 0.546592
-0.898295 0.546875

-0.898299 0.546875
-0.897461 0.5475

-0.897461 0.547501
-0.896663 0.548096

-0.896666 0.548096
-0.89624 0.548407

-0.89624 0.548411
-0.895026 0.549316

-0.895025 0.549316
-0.89502 0.54932

-0.89502 0.549321
-0.893799 0.550231

-0.893799 0.550234
-0.893383 0.550537

-0.893389 0.550537
-0.892578 0.551141

-0.892578 0.551141
-0.89175 0.551758

-0.891752 0.551758
-0.891357 0.552046

-0.891357 0.55205
-0.890137 0.552959

-0.890137 0.552959
-0.890111 0.552979

-0.890111 0.552979
-0.888916 0.553868

-0.888916 0.553871
-0.888465 0.554199

-0.888471 0.554199
-0.887695 0.554776

-0.887695 0.554777
-0.886831 0.55542

-0.886832 0.55542
-0.886475 0.55568

-0.886475 0.555684
-0.885254 0.556592

-0.885254 0.556593
-0.885189 0.556641

-0.885189 0.556641
-0.884033 0.5575

-0.884033 0.557502
-0.883542 0.557861

-0.883547 0.557861
-0.882812 0.558407

-0.882812 0.558408
-0.881905 0.559082

-0.881904 0.559082
-0.881592 0.55931

-0.881592 0.559314
-0.880371 0.560221

-0.880371 0.560221
-0.88026 0.560303

-0.880261 0.560303
-0.87915 0.561127

-0.87915 0.561129
-0.878612 0.561523

-0.878617 0.561523
-0.87793 0.562033

-0.87793 0.562033
-0.876972 0.562744

-0.876971 0.562744
-0.876709 0.562935

-0.876709 0.562939
-0.875488 0.563844

-0.875488 0.563845
-0.875325 0.563965

-0.875326 0.563965
-0.874268 0.56475

-0.874268 0.564751
-0.873677 0.565186

-0.873681 0.565186
-0.873047 0.565654

-0.873047 0.565655
-0.872033 0.566406

-0.872031 0.566406
-0.871826 0.566556

-0.871826 0.566559
-0.870605 0.567464

-0.870605 0.567465
-0.870383 0.567627

-0.870385 0.567627
-0.869385 0.568368

-0.869385 0.568368
-0.868735 0.568848

-0.868739 0.568848
-0.868164 0.56927

-0.868164 0.569272
-0.867088 0.570068

-0.867086 0.570068
-0.866943 0.570173

-0.866943 0.570175
-0.865723 0.571079

-0.865723 0.57108
-0.865436 0.571289

-0.865439 0.571289
-0.864502 0.571982

-0.864502 0.571982
-0.863788 0.57251

-0.863792 0.57251
-0.863281 0.572882

-0.863281 0.572885
-0.862138 0.57373

-0.862136 0.57373
-0.862061 0.573785

-0.862061 0.573788
-0.86084 0.57469

-0.86084 0.574692
-0.860482 0.574951

-0.860487 0.574951
-0.859619 0.575592

-0.859619 0.575592
-0.858835 0.576172

-0.858838 0.576172
-0.858398 0.57649

-0.858398 0.576494
-0.857182 0.577393

-0.857181 0.577393
-0.857178 0.577395

-0.857178 0.577396
-0.855957 0.578297

-0.855957 0.5783
-0.855523 0.578613

-0.855529 0.578613
-0.854736 0.579199

-0.854736 0.579199
-0.853876 0.579834

-0.853877 0.579834
-0.853516 0.580095

-0.853516 0.580099
-0.852295 0.581

-0.852295 0.581
-0.852221 0.581055

-0.852221 0.581055
-0.851074 0.581901

-0.851074 0.581902
-0.850562 0.582275

-0.850567 0.582275
-0.849854 0.582801

-0.849854 0.582802
-0.848912 0.583496

-0.848911 0.583496
-0.848633 0.583697

-0.848633 0.583701
-0.847412 0.584601

-0.847412 0.584602
-0.847254 0.584717

-0.847255 0.584717
-0.846191 0.585501

-0.846191 0.585502
-0.845596 0.585938

-0.845601 0.585938
-0.844971 0.5864

-0.844971 0.586401
-0.843943 0.587158

-0.84394 0.587158
-0.84375 0.587296

-0.84375 0.5873
-0.842529 0.588199

-0.842529 0.5882
-0.842282 0.588379

-0.842285 0.588379
-0.841309 0.589098

-0.841309 0.589098
-0.840626 0.5896

-0.84063 0.5896
-0.840088 0.589995

-0.840088 0.589997
-0.838969 0.59082

-0.838967 0.59082
-0.838867 0.590893

-0.838867 0.590895
-0.837646 0.591794

-0.837646 0.591795
-0.837306 0.592041

-0.83731 0.592041
-0.836426 0.592692

-0.836426 0.592692
-0.835651 0.593262

-0.835654 0.593262
-0.835205 0.593586

-0.835205 0.59359
-0.833991 0.594482

-0.833991 0.594482
-0.833984 0.594487

-0.833984 0.594488
-0.832764 0.595385

-0.832764 0.595388
-0.832326 0.595703

-0.832332 0.595703
-0.831543 0.596283

-0.831543 0.596283
-0.830672 0.596924

-0.830672 0.596924
-0.830322 0.597176

-0.830322 0.59718
-0.829102 0.598077

-0.829102 0.598078
-0.82901 0.598145

-0.829011 0.598145
-0.827881 0.598975

-0.827881 0.598976
-0.827345 0.599365

-0.82735 0.599365
-0.82666 0.599872

-0.82666 0.599872
-0.825688 0.600586

-0.825687 0.600586
-0.825439 0.600765

-0.825439 0.600768
-0.824219 0.601665

-0.824219 0.601666
-0.824024 0.601807

-0.824026 0.601807
-0.822998 0.602562

-0.822998 0.602562
-0.822362 0.603027

-0.822366 0.603027
-0.821777 0.603457

-0.821777 0.603458
-0.820701 0.604248

-0.820699 0.604248
-0.820557 0.604351

-0.820557 0.604354
-0.819336 0.60525

-0.819336 0.605252
-0.819035 0.605469

-0.819038 0.605469
-0.818115 0.606146

-0.818115 0.606146
-0.817375 0.606689

-0.817378 0.606689
-0.816895 0.607039

-0.816895 0.607042
-0.815711 0.60791

-0.81571 0.60791
-0.815674 0.607937

-0.815674 0.607938
-0.814453 0.608834

-0.814453 0.608836
-0.814042 0.609131

-0.814048 0.609131
-0.813232 0.609729

-0.813232 0.60973
-0.812384 0.610352

-0.812386 0.610352
-0.812012 0.61062

-0.812012 0.610624
-0.810791 0.61152

-0.810791 0.61152
-0.810719 0.611572

-0.81072 0.611572
-0.80957 0.612415

-0.80957 0.612416
-0.809051 0.612793

-0.809056 0.612793
-0.80835 0.61331

-0.80835 0.613311
-0.807391 0.614014

-0.807389 0.614014
-0.807129 0.614201

-0.807129 0.614205
-0.805908 0.6151

-0.805908 0.615101
-0.805723 0.615234

-0.805725 0.615234
-0.804688 0.615995

-0.804688 0.615995
-0.804058 0.616455

-0.804062 0.616455
-0.803467 0.616889

-0.803467 0.61689
-0.802395 0.617676

-0.802392 0.617676
-0.802246 0.617782

-0.802246 0.617785
-0.801025 0.618679

-0.801025 0.618681
-0.800725 0.618896

-0.800729 0.618896
-0.799805 0.619574

-0.799805 0.619574
-0.799063 0.620117

-0.799066 0.620117
-0.798584 0.620465

-0.798584 0.620468
-0.797397 0.621338

-0.797397 0.621338
-0.797363 0.621362

-0.797363 0.621363
-0.796143 0.622257

-0.796143 0.62226
-0.795726 0.622559

-0.795732 0.622559
-0.794922 0.623152

-0.794922 0.623152
-0.794066 0.623779

-0.794067 0.623779
-0.793701 0.624041

-0.793701 0.624046
-0.79248 0.62494

-0.79248 0.624941
-0.792399 0.625

-0.792399 0.625
-0.79126 0.625835

-0.79126 0.625836
-0.790729 0.626221

-0.790734 0.626221
-0.790039 0.626729

-0.790039 0.626729
-0.789067 0.627441

-0.789065 0.627441
-0.788818 0.627619

-0.788818 0.627623
-0.787598 0.628517

-0.787598 0.628518
-0.787398 0.628662

-0.7874 0.628662
-0.786377 0.629411

-0.786377 0.629412
-0.785732 0.629883

-0.785736 0.629883
-0.785156 0.630304

-0.785156 0.630306
-0.784067 0.631104

-0.784065 0.631104
-0.783936 0.631197

-0.783936 0.6312
-0.782715 0.632094

-0.782715 0.632095
-0.782396 0.632324

-0.7824 0.632324
-0.781494 0.632988

-0.781494 0.632988
-0.780734 0.633545

-0.780736 0.633545
-0.780273 0.633878

-0.780273 0.633882
-0.779067 0.634766

-0.779067 0.634766
-0.779053 0.634776

-0.779053 0.634776
-0.777832 0.63567

-0.777832 0.635672
-0.777394 0.635986

-0.777401 0.635986
-0.776611 0.636565

-0.776611 0.636565
-0.775735 0.637207

-0.775734 0.637207
-0.775391 0.637453

-0.775391 0.637458
-0.77417 0.638352

-0.77417 0.638353
-0.774066 0.638428

-0.774067 0.638428
-0.772949 0.639247

-0.772949 0.639247
-0.772397 0.639648

-0.772402 0.639648
-0.771729 0.640141

-0.771729 0.640141
-0.770735 0.640869

-0.770732 0.640869
-0.770508 0.641031

-0.770508 0.641035
-0.769287 0.641929

-0.769287 0.64193
-0.769065 0.64209

-0.769068 0.64209
-0.768066 0.642823

-0.768066 0.642824
-0.7674 0.643311

-0.767404 0.643311
-0.766846 0.643716

-0.766846 0.643718
-0.765735 0.644531

-0.765734 0.644531
-0.765625 0.64461

-0.765625 0.644612
-0.764404 0.645507

-0.764404 0.645508
-0.764065 0.645752

-0.76407 0.645752
-0.763184 0.646401

-0.763184 0.646401
-0.762404 0.646973

-0.762406 0.646973
-0.761963 0.647291

-0.761963 0.647295
-0.760742 0.64819

-0.760742 0.64819
-0.760738 0.648193

-0.760738 0.648193
-0.759521 0.649085

-0.759521 0.649086
-0.759066 0.649414

-0.759073 0.649414
-0.758301 0.64998

-0.758301 0.64998
-0.757408 0.650635

-0.757406 0.650635
-0.75708 0.650869

-0.75708 0.650874
-0.755859 0.651769

-0.755859 0.651769
-0.75574 0.651855

-0.755741 0.651855
-0.754639 0.652664

-0.754639 0.652664
-0.754073 0.653076

-0.754078 0.653076
-0.753418 0.653559

-0.753418 0.653559
-0.752412 0.654297

-0.75241 0.654297
-0.752197 0.65445

-0.752197 0.654454
-0.750977 0.655349

-0.750977 0.65535
-0.750744 0.655518

-0.750747 0.655518
-0.749756 0.656244

-0.749756 0.656245
-0.749082 0.656738

-0.749085 0.656738
-0.748535 0.657138

-0.748535 0.65714
-0.747418 0.657959

-0.747417 0.657959
-0.747314 0.658034

-0.747314 0.658035
-0.746094 0.658931

-0.746094 0.658932
-0.74575 0.65918

-0.745755 0.65918
-0.744873 0.659827

-0.744873 0.659827
-0.744092 0.6604

-0.744093 0.6604
-0.743652 0.660718

-0.743652 0.660722
-0.742432 0.661618

-0.742432 0.661618
-0.742428 0.661621

-0.742428 0.661621
-0.741211 0.662514

-0.741211 0.662516
-0.740759 0.662842

-0.740766 0.662842
-0.73999 0.663411

-0.73999 0.663411
-0.739103 0.664062

-0.739101 0.664062
-0.73877 0.664301

-0.73877 0.664306
-0.737549 0.665203

-0.737549 0.665203
-0.737439 0.665283

-0.73744 0.665283
-0.736328 0.666099

-0.736328 0.6661
-0.735774 0.666504

-0.735779 0.666504
-0.735107 0.666996

-0.735107 0.666996
-0.734116 0.667725

-0.734114 0.667725
-0.733887 0.667889

-0.733887 0.667893
-0.732666 0.66879

-0.732666 0.66879
-0.732452 0.668945

-0.732455 0.668945
-0.731445 0.669687

-0.731445 0.669687
-0.730792 0.670166

-0.730796 0.670166
-0.730225 0.670583

-0.730225 0.670584
-0.729133 0.671387

-0.729132 0.671387
-0.729004 0.67148

-0.729004 0.671482
-0.727783 0.672379

-0.727783 0.67238
-0.727469 0.672607

-0.727473 0.672607
-0.726562 0.673277

-0.726562 0.673278
-0.725814 0.673828

-0.725815 0.673828
-0.725342 0.674171

-0.725342 0.674175
-0.724154 0.675049

-0.724154 0.675049
-0.724121 0.675073

-0.724121 0.675073
-0.7229 0.675971

-0.7229 0.675973
-0.722489 0.67627

-0.722496 0.67627
-0.72168 0.67687

-0.72168 0.676871
-0.720838 0.67749

-0.720837 0.67749
-0.720459 0.677762

-0.720459 0.677768
-0.719238 0.678667

-0.719238 0.678667
-0.719178 0.678711

-0.719179 0.678711
-0.718018 0.679566

-0.718018 0.679567
-0.717516 0.679932

-0.717523 0.679932
-0.716797 0.680466

-0.716797 0.680466
-0.715865 0.681152

-0.715863 0.681152
-0.715576 0.68136

-0.715576 0.681365
-0.714355 0.682264

-0.714355 0.682264
-0.714206 0.682373

-0.714208 0.682373
-0.713135 0.683164

-0.713135 0.683165
-0.712549 0.683594

-0.712554 0.683594
-0.711914 0.684064

-0.711914 0.684064
-0.710897 0.684814

-0.710896 0.684814
-0.710693 0.684962

-0.710693 0.684964
-0.709473 0.685865

-0.709473 0.685865
-0.709239 0.686035

-0.709242 0.686035
-0.708252 0.686766

-0.708252 0.686766
-0.707587 0.687256

-0.707589 0.687256
-0.707031 0.687664

-0.707031 0.687666
-0.705934 0.688477

-0.705933 0.688477
-0.705811 0.688566

-0.705811 0.688567
-0.70459 0.689469

-0.70459 0.689469
-0.704276 0.689697

-0.704281 0.689697
-0.703369 0.690371

-0.703369 0.690372
-0.702629 0.690918

-0.702629 0.690918
-0.702148 0.691267

-0.702148 0.691272
-0.700976 0.692139

-0.700976 0.692139
-0.700928 0.692174

-0.700928 0.692174
-0.699707 0.693076

-0.699707 0.693077
-0.699318 0.693359

-0.699326 0.693359
-0.698486 0.69398

-0.698486 0.69398
-0.697675 0.69458

-0.697674 0.69458
-0.697266 0.694875

-0.697266 0.694882
-0.696045 0.695785

-0.696045 0.695785
-0.696023 0.695801

-0.696023 0.695801
-0.694824 0.696688

-0.694824 0.696689
-0.694367 0.697021

-0.694375 0.697021
-0.693604 0.697593

-0.693604 0.697592
-0.692726 0.698242

-0.692725 0.698242
-0.692383 0.69849

-0.692383 0.698495
-0.691162 0.699399

-0.691162 0.6994
-0.691076 0.699463

-0.691077 0.699463
-0.689941 0.700304

-0.689941 0.700305
-0.689424 0.700684

-0.68943 0.700684
-0.688721 0.701209

-0.688721 0.701209
-0.687783 0.701904

-0.687782 0.701904
-0.6875 0.70211

-0.6875 0.702113
-0.686279 0.703019

-0.686279 0.703019
-0.686134 0.703125

-0.686136 0.703125
-0.685059 0.703924

-0.685059 0.703926
-0.684488 0.704346

-0.684491 0.704346
-0.683838 0.704829

-0.683838 0.70483
-0.682846 0.705566

-0.682845 0.705566
-0.682617 0.705733

-0.682617 0.705736
-0.681396 0.706642

-0.681396 0.706642
-0.681199 0.706787

-0.681202 0.706787
-0.680176 0.707549

-0.680176 0.707551
-0.679557 0.708008

-0.679559 0.708008
-0.678955 0.708453

-0.678955 0.708456
-0.677916 0.709229

-0.677916 0.709229
-0.677734 0.709362

-0.677734 0.709363
-0.676514 0.710271

-0.676514 0.710271
-0.67627 0.710449

-0.676275 0.710449
-0.675293 0.711179

-0.675293 0.711181
-0.674633 0.71167

-0.674633 0.71167
-0.674072 0.712083

-0.674072 0.712087
-0.672993 0.712891

-0.672993 0.712891
-0.672852 0.712995

-0.672852 0.712996
-0.671631 0.713905

-0.671631 0.713905
-0.671349 0.714111

-0.671355 0.714111
-0.67041 0.714815

-0.67041 0.714816
-0.669716 0.715332

-0.669715 0.715332
-0.669189 0.715719

-0.669189 0.715724
-0.668077 0.716553

-0.668077 0.716553
-0.667969 0.716633

-0.667969 0.716634
-0.666748 0.717544

-0.666748 0.717544
-0.666435 0.717773

-0.666442 0.717773
-0.665527 0.718455

-0.665527 0.718456
-0.664806 0.718994

-0.664805 0.718994
-0.664307 0.71936

-0.664307 0.719366
-0.663169 0.720215

-0.663169 0.720215
-0.663086 0.720277

-0.663086 0.720277
-0.661865 0.721189

-0.661865 0.721189
-0.66153 0.721436

-0.661536 0.721436
-0.660645 0.722102

-0.660645 0.722102
-0.659903 0.722656

-0.659903 0.722656
-0.659424 0.723008

-0.659424 0.723013
-0.658269 0.723877

-0.658269 0.723877
-0.658203 0.723926

-0.658203 0.723926
-0.656982 0.72484

-0.656982 0.72484
-0.656632 0.725098

-0.656639 0.725098
-0.655762 0.725754

-0.655762 0.725754
-0.655008 0.726318

-0.655008 0.726318
-0.654541 0.726661

-0.654541 0.726667
-0.653377 0.727539

-0.653377 0.727539
-0.65332 0.727581

-0.65332 0.727582
-0.6521 0.728496

-0.6521 0.728497
-0.651743 0.72876

-0.651749 0.72876
-0.650879 0.729412

-0.650879 0.729413
-0.650122 0.72998

-0.650122 0.72998
-0.649658 0.730321

-0.649658 0.730327
-0.648494 0.731201

-0.648494 0.731201
-0.648438 0.731243

-0.648438 0.731243
-0.647217 0.73216

-0.647217 0.73216
-0.646863 0.732422

-0.646869 0.732422
-0.645996 0.733077

-0.645996 0.733078
-0.645244 0.733643

-0.645245 0.733643
-0.644775 0.733988

-0.644775 0.733994
-0.643619 0.734863

-0.643619 0.734863
-0.643555 0.734911

-0.643555 0.734912
-0.642334 0.73583

-0.642334 0.73583
-0.641991 0.736084

-0.641997 0.736084
-0.641113 0.736749

-0.641113 0.73675
-0.640375 0.737305

-0.640376 0.737305
-0.639893 0.737662

-0.639893 0.737667
-0.638753 0.738525

-0.638754 0.738525
-0.638672 0.738586

-0.638672 0.738587
-0.637451 0.739507

-0.637451 0.739507
-0.637129 0.739746

-0.637135 0.739746
-0.63623 0.740428

-0.63623 0.740429
-0.635516 0.740967

-0.635517 0.740967
-0.63501 0.741343

-0.63501 0.741348
-0.633897 0.742188

-0.633897 0.742188
-0.633789 0.742269

-0.633789 0.742269
-0.632568 0.743191

-0.632568 0.743191
-0.632277 0.743408

-0.632282 0.743408
-0.631348 0.744114

-0.631348 0.744115
-0.630666 0.744629

-0.630667 0.744629
-0.630127 0.745031

-0.630127 0.745036
-0.629051 0.74585

-0.629051 0.74585
-0.628906 0.745958

-0.628906 0.745959
-0.627686 0.746883

-0.627686 0.746882
-0.627434 0.74707

-0.627439 0.74707
-0.626465 0.747807

-0.626465 0.747809
-0.625825 0.748291

-0.625826 0.748291
-0.625244 0.748727

-0.625244 0.748731
-0.624215 0.749512

-0.624215 0.749512
-0.624023 0.749655

-0.624023 0.749656
-0.622803 0.750582

-0.622803 0.750581
-0.622601 0.750732

-0.622605 0.750732
-0.621582 0.751509

-0.621582 0.751511
-0.620994 0.751953

-0.620996 0.751953
-0.620361 0.752432

-0.620361 0.752435
-0.619388 0.753174

-0.619389 0.753174
-0.619141 0.75336

-0.619141 0.753362
-0.61792 0.754289

-0.61792 0.754288
-0.617779 0.754395

-0.617782 0.754395
-0.616699 0.755218

-0.616699 0.755221
-0.616173 0.755615

-0.616177 0.755615
-0.615479 0.756144

-0.615479 0.756146
-0.614573 0.756836

-0.614573 0.756836
-0.614258 0.757073

-0.614258 0.757075
-0.613037 0.758005

-0.613037 0.758004
-0.612968 0.758057

-0.61297 0.758057
-0.611816 0.758936

-0.611816 0.758938
-0.611363 0.759277

-0.611368 0.759277
-0.610596 0.759865

-0.610596 0.759866
-0.609768 0.760498

-0.609769 0.760498
-0.609375 0.760793

-0.609375 0.760797
-0.608168 0.761719

-0.608168 0.761719
-0.608154 0.761729

-0.608154 0.761729
-0.606934 0.762661

-0.606934 0.762663
-0.606566 0.762939

-0.60657 0.762939
-0.605713 0.763594

-0.605713 0.763596
-0.604973 0.76416

-0.604976 0.76416
-0.604492 0.764523

-0.604492 0.764528
-0.603377 0.765381

-0.603378 0.765381
-0.603271 0.765461

-0.603271 0.765462
-0.602051 0.766397

-0.602051 0.766396
-0.60178 0.766602

-0.601784 0.766602
-0.60083 0.767332

-0.60083 0.767334
-0.600189 0.767822

-0.600192 0.767822
-0.599609 0.768263

-0.599609 0.768267
-0.598598 0.769043

-0.598599 0.769043
-0.598389 0.769203

-0.598389 0.769204
-0.597168 0.770141

-0.597168 0.77014
-0.597005 0.770264

-0.597009 0.770264
-0.595947 0.771079

-0.595947 0.771082
-0.595415 0.771484

-0.595419 0.771484
-0.594727 0.772014

-0.594727 0.772017
-0.593831 0.772705

-0.593832 0.772705
-0.593506 0.772952

-0.593506 0.772955
-0.592285 0.773894

-0.592285 0.773894
-0.592243 0.773926

-0.592245 0.773926
-0.591064 0.774834

-0.591064 0.774836
-0.590655 0.775146

-0.590659 0.775146
-0.589844 0.775774

-0.589844 0.775776
-0.589075 0.776367

-0.589078 0.776367
-0.588623 0.776711

-0.588623 0.776716
-0.587493 0.777588

-0.587493 0.777588
-0.587402 0.777657

-0.587402 0.777658
-0.586182 0.7786

-0.586182 0.7786
-0.585908 0.778809

-0.585912 0.778809
-0.584961 0.779543

-0.584961 0.779546
-0.58433 0.780029

-0.584334 0.780029
-0.58374 0.780483

-0.58374 0.780487
-0.582754 0.78125

-0.582754 0.78125
-0.58252 0.78143

-0.58252 0.781431
-0.581299 0.782376

-0.581299 0.782375
-0.581174 0.782471

-0.581177 0.782471
-0.580078 0.783322

-0.580078 0.783325
-0.579596 0.783691

-0.579601 0.783691
-0.578857 0.784266

-0.578857 0.784268
-0.578027 0.784912

-0.578028 0.784912
-0.577637 0.785211

-0.577637 0.785214
-0.576454 0.786133

-0.576454 0.786133
-0.576416 0.786162

-0.576416 0.786162
-0.575195 0.787111

-0.575195 0.787111
-0.574879 0.787354

-0.574883 0.787354
-0.573975 0.78806

-0.573975 0.788062
-0.573311 0.788574

-0.573316 0.788574
-0.572754 0.789004

-0.572754 0.789009
-0.571744 0.789795

-0.571745 0.789795
-0.571533 0.789958

-0.571533 0.789959
-0.570312 0.79091

-0.570312 0.790909
-0.570175 0.791016

-0.570178 0.791016
-0.569092 0.791862

-0.569092 0.791865
-0.568607 0.792236

-0.568612 0.792236
-0.567871 0.792813

-0.567871 0.792815
-0.567048 0.793457

-0.56705 0.793457
-0.56665 0.793764

-0.56665 0.793767
-0.565485 0.794678

-0.565485 0.794678
-0.56543 0.794721

-0.56543 0.794721
-0.564209 0.795676

-0.564209 0.795676
-0.563921 0.795898

-0.563925 0.795898
-0.562988 0.796631

-0.562988 0.796634
-0.562362 0.797119

-0.562368 0.797119
-0.561768 0.797583

-0.561768 0.797587
-0.560807 0.79834

-0.560807 0.79834
-0.560547 0.798542

-0.560547 0.798543
-0.559326 0.799501

-0.559326 0.7995
-0.559248 0.799561

-0.559251 0.799561
-0.558105 0.800459

-0.558105 0.800461
-0.557691 0.800781

-0.557696 0.800781
-0.556885 0.801417

-0.556885 0.801419
-0.556141 0.802002

-0.556145 0.802002
-0.555664 0.802373

-0.555664 0.802377
-0.55459 0.803223

-0.55459 0.803223
-0.554443 0.803337

-0.554443 0.803338
-0.553223 0.804299

-0.553223 0.804298
-0.553037 0.804443

-0.55304 0.804443
-0.552002 0.805262

-0.552002 0.805265
-0.551486 0.805664

-0.551492 0.805664
-0.550781 0.806221

-0.550781 0.806224
-0.549944 0.806885

-0.549945 0.806885
-0.549561 0.807185

-0.549561 0.807187
-0.548398 0.808105

-0.548398 0.808105
-0.54834 0.808151

-0.54834 0.808151
-0.547119 0.809117

-0.547119 0.809116
-0.546851 0.809326

-0.546855 0.809326
-0.545898 0.810083

-0.545898 0.810086
-0.545307 0.810547

-0.545315 0.810547
-0.544678 0.811045

-0.544678 0.811049
-0.543771 0.811768

-0.543772 0.811768
-0.543457 0.812015

-0.543457 0.812016
-0.542236 0.812985

-0.542236 0.812984
-0.542231 0.812988

-0.542232 0.812988
-0.541016 0.813954

-0.541016 0.813954
-0.540691 0.814209

-0.540695 0.814209
-0.539795 0.814924

-0.539795 0.814927
-0.539155 0.81543

-0.539163 0.81543
-0.538574 0.81589

-0.538574 0.815894
-0.537624 0.81665

-0.537625 0.81665
-0.537354 0.816865

-0.537354 0.816866
-0.536133 0.817838

-0.536133 0.817837
-0.53609 0.817871

-0.536092 0.817871
-0.534912 0.818812

-0.534912 0.818812
-0.534558 0.819092

-0.534562 0.819092
-0.533691 0.819786

-0.533691 0.819789
-0.533029 0.820312

-0.533036 0.820312
-0.532471 0.820756

-0.532471 0.820761
-0.531504 0.821533

-0.531505 0.821533
-0.53125 0.821735

-0.53125 0.821736
-0.530029 0.822713

-0.530029 0.822712
-0.529976 0.822754

-0.529979 0.822754
-0.528809 0.823691

-0.528809 0.823691
-0.528451 0.823975

-0.528455 0.823975
-0.527588 0.824669

-0.527588 0.824673
-0.526929 0.825195

-0.526937 0.825195
-0.526367 0.825644

-0.526367 0.825649
-0.525411 0.826416

-0.525412 0.826416
-0.525146 0.826628

-0.525146 0.826629
-0.523926 0.82761

-0.523926 0.827609
-0.523891 0.827637

-0.523893 0.827637
-0.522705 0.828592

-0.522705 0.828592
-0.522373 0.828857

-0.522376 0.828857
-0.521484 0.829575

-0.521484 0.829579
-0.520855 0.830078

-0.520865 0.830078
-0.520264 0.830554

-0.520264 0.830559
-0.519346 0.831299

-0.519347 0.831299
-0.519043 0.831542

-0.519043 0.831543
-0.517834 0.83252

-0.517834 0.83252
-0.517822 0.832529

-0.517822 0.832529
-0.516602 0.833516

-0.516602 0.833515
-0.516321 0.83374

-0.516325 0.83374
-0.515381 0.834504

-0.515381 0.834507
-0.51481 0.834961

-0.51482 0.834961
-0.51416 0.835488

-0.51416 0.835492
-0.513309 0.836182

-0.51331 0.836182
-0.512939 0.836479

-0.512939 0.836481
-0.511804 0.837402

-0.511804 0.837402
-0.511719 0.837471

-0.511719 0.837472
-0.510498 0.838463

-0.510498 0.838462
-0.510299 0.838623

-0.510302 0.838623
-0.509277 0.839456

-0.509277 0.839458
-0.508796 0.839844

-0.508803 0.839844
-0.508057 0.840447

-0.508057 0.840451
-0.507299 0.841064

-0.507303 0.841064
-0.506836 0.84144

-0.506836 0.841443
-0.505803 0.842285

-0.505803 0.842285
-0.505615 0.842438

-0.505615 0.842438
-0.504395 0.843435

-0.504395 0.843433
-0.504305 0.843506

-0.504308 0.843506
-0.503174 0.844432

-0.503174 0.844432
-0.502811 0.844727

-0.502815 0.844727
-0.501953 0.84543

-0.501953 0.845435
-0.501316 0.845947

-0.501326 0.845947
-0.500732 0.846425

-0.500732 0.84643
-0.499831 0.847168

-0.499832 0.847168
-0.499512 0.847428

-0.499512 0.84743
-0.498343 0.848389

-0.498343 0.848389
-0.498291 0.848431

-0.498291 0.848431
-0.49707 0.849434

-0.49707 0.849432
-0.496854 0.849609

-0.496857 0.849609
-0.49585 0.850438

-0.49585 0.850439
-0.495368 0.85083

-0.495375 0.85083
-0.494629 0.851439

-0.494629 0.851444
-0.493886 0.852051

-0.493892 0.852051
-0.493408 0.852444

-0.493408 0.852447
-0.492408 0.853271

-0.492408 0.853271
-0.492188 0.853453

-0.492188 0.853453
-0.490967 0.854461

-0.490967 0.854459
-0.490927 0.854492

-0.490929 0.854492
-0.489746 0.85547

-0.489746 0.855469
-0.489449 0.855713

-0.489453 0.855713
-0.488525 0.85648

-0.488525 0.856482
-0.487972 0.856934

-0.487982 0.856934
-0.487305 0.857486

-0.487305 0.857492
-0.486502 0.858154

-0.486505 0.858154
-0.486084 0.8585

-0.486084 0.858502
-0.485032 0.859375

-0.485032 0.859375
-0.484863 0.859515

-0.484863 0.859515
-0.483643 0.860529

-0.483643 0.860528
-0.48356 0.860596

-0.483563 0.860596
-0.482422 0.861545

-0.482422 0.861544
-0.482093 0.861816

-0.482097 0.861816
-0.481201 0.862561

-0.481201 0.862564
-0.480625 0.863037

-0.480636 0.863037
-0.47998 0.863574

-0.47998 0.86358
-0.479165 0.864258

-0.479168 0.864258
-0.47876 0.864595

-0.47876 0.864597
-0.477705 0.865479

-0.477705 0.865479
-0.477539 0.865616

-0.477539 0.865617
-0.476318 0.866638

-0.476318 0.866636
-0.476242 0.866699

-0.476245 0.866699
-0.475098 0.86766

-0.475098 0.867659
-0.474784 0.86792

-0.474789 0.86792
-0.473877 0.868683

-0.473877 0.868685
-0.473327 0.869141

-0.473337 0.869141
-0.472656 0.869703

-0.472656 0.86971
-0.471875 0.870361

-0.471879 0.870361
-0.471436 0.870731

-0.471436 0.870733
-0.470426 0.871582

-0.470426 0.871582
-0.470215 0.871759

-0.470215 0.871759
-0.468994 0.872787

-0.468994 0.872785
-0.468973 0.872803

-0.468976 0.872803
-0.467773 0.873817

-0.467773 0.873815
-0.467525 0.874023

-0.467529 0.874023
-0.466553 0.874847

-0.466553 0.874848
-0.466079 0.875244

-0.466087 0.875244
-0.465332 0.875875

-0.465332 0.875883
-0.464633 0.876465

-0.464641 0.876465
-0.464111 0.876908

-0.464111 0.876911
-0.463196 0.877686

-0.463197 0.877686
-0.462891 0.877944

-0.462891 0.877945
-0.461757 0.878906

-0.461757 0.878906
-0.46167 0.87898

-0.46167 0.87898
-0.460449 0.880016

-0.460449 0.880014
-0.460316 0.880127

-0.460319 0.880127
-0.459229 0.881054

-0.459229 0.881053
-0.45888 0.881348

-0.458886 0.881348
-0.458008 0.882093

-0.458008 0.882095
-0.457445 0.882568

-0.457456 0.882568
-0.456787 0.883129

-0.456787 0.883136
-0.456014 0.883789

-0.456019 0.883789
-0.455566 0.884172

-0.455566 0.884174
-0.454588 0.88501

-0.454588 0.88501
-0.454346 0.885216

-0.454346 0.885217
-0.45316 0.88623

-0.45316 0.88623
-0.453125 0.886261

-0.453125 0.886261
-0.451904 0.887306

-0.451904 0.887304
-0.451732 0.887451

-0.451736 0.887451
-0.450684 0.888353

-0.450684 0.888352
-0.450309 0.888672

-0.450315 0.888672
-0.449463 0.8894

-0.449463 0.889403
-0.448886 0.889893

-0.448895 0.889893
-0.448242 0.890446

-0.448242 0.890453
-0.447467 0.891113

-0.447472 0.891113
-0.447021 0.891498

-0.447021 0.8915
-0.446053 0.892334

-0.446054 0.892334
-0.445801 0.892551

-0.445801 0.892552
-0.444638 0.893555

-0.444638 0.893555
-0.44458 0.893605

-0.44458 0.893605
-0.443359 0.894659

-0.443359 0.894657
-0.443223 0.894775

-0.443225 0.894775
-0.442139 0.895715

-0.442139 0.895714
-0.441811 0.895996

-0.441817 0.895996
-0.440918 0.896772

-0.440918 0.896773
-0.440402 0.897217

-0.440412 0.897217
-0.439697 0.897826

-0.439697 0.897835
-0.438992 0.898438

-0.439001 0.898438
-0.438477 0.898888

-0.438477 0.898892
-0.437592 0.899658

-0.437594 0.899658
-0.437256 0.899951

-0.437256 0.899952
-0.436191 0.900879

-0.436191 0.900879
-0.436035 0.901014

-0.436035 0.901014
-0.434814 0.902078

-0.434814 0.902077
-0.434788 0.9021

-0.43479 0.9021
-0.433594 0.903144

-0.433594 0.903142
-0.43339 0.90332

-0.433392 0.90332
-0.432373 0.904211

-0.432373 0.90421
-0.431993 0.904541

-0.432 0.904541
-0.431152 0.905277

-0.431152 0.905281
-0.430598 0.905762

-0.430607 0.905762
-0.429932 0.906345

-0.429932 0.906353
-0.429203 0.906982

-0.429211 0.906982
-0.428711 0.907418

-0.428711 0.907421
-0.427817 0.908203

-0.42782 0.908203
-0.42749 0.908491

-0.42749 0.908492
-0.426431 0.909424

-0.426431 0.909424
-0.42627 0.909566

-0.42627 0.909566
-0.425049 0.910642

-0.425049 0.91064
-0.425044 0.910645

-0.425046 0.910645
-0.423828 0.911719

-0.423828 0.911717
-0.42366 0.911865

-0.423663 0.911865
-0.422607 0.912798

-0.422607 0.912796
-0.422279 0.913086

-0.422284 0.913086
-0.421387 0.913876

-0.421387 0.913878
-0.420899 0.914307

-0.420908 0.914307
-0.420166 0.914955

-0.420166 0.914961
-0.41952 0.915527

-0.419528 0.915527
-0.418945 0.916039

-0.418945 0.916046
-0.418145 0.916748

-0.418151 0.916748
-0.417725 0.917124

-0.417725 0.917127
-0.416776 0.917969

-0.416777 0.917969
-0.416504 0.918211

-0.416504 0.918212
-0.415406 0.919189

-0.415406 0.919189
-0.415283 0.919299

-0.415283 0.919299
-0.414062 0.920388

-0.414062 0.920387
-0.414036 0.92041

-0.414038 0.92041
-0.412842 0.921479

-0.412842 0.921478
-0.41267 0.921631

-0.412672 0.921631
-0.411621 0.922571

-0.411621 0.92257
-0.411306 0.922852

-0.411311 0.922852
-0.4104 0.923663

-0.4104 0.923665
-0.409943 0.924072

-0.409952 0.924072
-0.40918 0.924756

-0.40918 0.924761
-0.408583 0.925293

-0.40859 0.925293
-0.407959 0.925854

-0.407959 0.92586
-0.407223 0.926514

-0.40723 0.926514
-0.406738 0.926954

-0.406738 0.926958
-0.40587 0.927734

-0.405873 0.927734
-0.405518 0.928054

-0.405518 0.928055
-0.404519 0.928955

-0.40452 0.928955
-0.404297 0.929156

-0.404297 0.929156
-0.403169 0.930176

-0.403169 0.930176
-0.403076 0.93026

-0.403076 0.93026
-0.401855 0.931365

-0.401855 0.931364
-0.401819 0.931396

-0.40182 0.931396
-0.400635 0.932471

-0.400635 0.93247
-0.400473 0.932617

-0.400474 0.932617
-0.399414 0.93358

-0.399414 0.933579
-0.399128 0.933838

-0.399132 0.933838
-0.398193 0.934688

-0.398193 0.934689
-0.397786 0.935059

-0.397794 0.935059
-0.396973 0.935797

-0.396973 0.935801
-0.396445 0.936279

-0.396452 0.936279
-0.395752 0.936912

-0.395752 0.936916
-0.395107 0.9375

-0.395113 0.9375
-0.394531 0.938028

-0.394531 0.938032
-0.39377 0.938721

-0.393776 0.938721
-0.393311 0.939144

-0.393311 0.939149
-0.392437 0.939941

-0.392442 0.939941
-0.39209 0.940263

-0.39209 0.940265
-0.391109 0.941162

-0.39111 0.941162
-0.390869 0.941383

-0.390869 0.941384
-0.389782 0.942383

-0.389782 0.942383
-0.389648 0.942505

-0.389648 0.942505
-0.388455 0.943604

-0.388455 0.943604
-0.388428 0.943629

-0.388428 0.943629
-0.387207 0.944754

-0.387207 0.944753
-0.38713 0.944824

-0.387131 0.944824
-0.385986 0.945881

-0.385986 0.94588
-0.385808 0.946045

-0.38581 0.946045
-0.384766 0.94701

-0.384766 0.947009
-0.384488 0.947266

-0.384492 0.947266
-0.383545 0.948138

-0.383545 0.94814
-0.38317 0.948486

-0.383177 0.948486
-0.382324 0.949269

-0.382324 0.949273
-0.381855 0.949707

-0.381861 0.949707
-0.381104 0.950404

-0.381104 0.950407
-0.380541 0.950928

-0.380547 0.950928
-0.379883 0.951541

-0.379883 0.951544
-0.37923 0.952148

-0.379235 0.952148
-0.378662 0.95268

-0.378662 0.952683
-0.377921 0.953369

-0.377926 0.953369
-0.377441 0.95382

-0.377441 0.953824
-0.376613 0.95459

-0.376619 0.95459
-0.376221 0.954961

-0.376221 0.954965
-0.37531 0.955811

-0.375314 0.955811
-0.375 0.956104

-0.375 0.956106
-0.37401 0.957031

-0.374012 0.957031
-0.373779 0.95725

-0.373779 0.95725
-0.372712 0.958252

-0.372713 0.958252
-0.372559 0.958397

-0.372559 0.958397
-0.371416 0.959473

-0.371416 0.959473
-0.371338 0.959546

-0.371338 0.959546
-0.370121 0.960693

-0.370121 0.960693
-0.370117 0.960697

-0.370117 0.960697
-0.368896 0.96185

-0.368896 0.961849
-0.368828 0.961914

-0.368828 0.961914
-0.367676 0.963004

-0.367676 0.963004
-0.367537 0.963135

-0.367538 0.963135
-0.366455 0.96416

-0.366455 0.96416
-0.366249 0.964355

-0.366252 0.964355
-0.365234 0.965318

-0.365234 0.965319
-0.364963 0.965576

-0.364968 0.965576
-0.364014 0.966477

-0.364014 0.96648
-0.36368 0.966797

-0.363685 0.966797
-0.362793 0.967639

-0.362793 0.967642
-0.362398 0.968018

-0.362403 0.968018
-0.361572 0.968804

-0.361572 0.968807
-0.361119 0.969238

-0.361123 0.969238
-0.360352 0.969971

-0.360352 0.969973
-0.359843 0.970459

-0.359846 0.970459
-0.359131 0.97114

-0.359131 0.971142
-0.358568 0.97168

-0.358571 0.97168
-0.35791 0.972311

-0.35791 0.972313
-0.357296 0.9729

-0.357299 0.9729
-0.356689 0.973484

-0.356689 0.973486
-0.356026 0.974121

-0.356029 0.974121
-0.355469 0.974659

-0.355469 0.97466
-0.354759 0.975342

-0.354762 0.975342
-0.354248 0.975836

-0.354248 0.975837
-0.353493 0.976562

-0.353496 0.976562
-0.353027 0.977015

-0.353027 0.977016
-0.35223 0.977783

-0.352233 0.977783
-0.351807 0.978196

-0.351807 0.978197
-0.35097 0.979004

-0.350973 0.979004
-0.350586 0.979378

-0.350586 0.97938
-0.349711 0.980225

-0.349714 0.980225
-0.349365 0.980563

-0.349365 0.980565
-0.348455 0.981445

-0.348458 0.981445
-0.348145 0.981751

-0.348145 0.981752
-0.347202 0.982666

-0.347205 0.982666
-0.346924 0.98294

-0.346924 0.982942
-0.34595 0.983887

-0.345953 0.983887
-0.345703 0.984131

-0.345703 0.984133
-0.344702 0.985107

-0.344704 0.985107
-0.344482 0.985324

-0.344482 0.985327
-0.343455 0.986328

-0.343458 0.986328
-0.343262 0.98652

-0.343262 0.986522
-0.342211 0.987549

-0.342213 0.987549
-0.342041 0.987718

-0.342041 0.987719
-0.34097 0.98877

-0.340971 0.98877
-0.34082 0.988918

-0.34082 0.988919
-0.33973 0.98999

-0.339731 0.98999
-0.3396 0.99012

-0.3396 0.990121
-0.338493 0.991211

-0.338494 0.991211
-0.338379 0.991325

-0.338379 0.991325
-0.337258 0.992432

-0.337259 0.992432
-0.337158 0.992531

-0.337158 0.992532
-0.336026 0.993652

-0.336026 0.993652
-0.335938 0.99374

-0.335938 0.993741
-0.334796 0.994873

-0.334796 0.994873
-0.334717 0.994952

-0.334717 0.994952
-0.333568 0.996094

-0.333568 0.996094
-0.333496 0.996165

-0.333496 0.996166
-0.332342 0.997314

-0.332342 0.997314
-0.332275 0.997381

-0.332275 0.997381
-0.331118 0.998535

-0.331119 0.998535
-0.331055 0.998599

-0.331055 0.998599
-0.329898 0.999756

-0.329898 0.999756
-0.329834 0.99982

-0.329834 0.999819
-0.328679 1.00098

-0.328679 1.00098
-0.328613 1.00104

-0.328613 1.00104
-0.327463 1.0022

-0.327463 1.0022
-0.327393 1.00227

-0.327393 1.00227
-0.326249 1.00342

-0.326248 1.00342
-0.326172 1.0035

-0.326172 1.00349
-0.325037 1.00464

-0.325037 1.00464
-0.324951 1.00472

-0.324951 1.00472
-0.323828 1.00586

-0.323827 1.00586
-0.32373 1.00596

-0.32373 1.00596
-0.322621 1.00708

-0.32262 1.00708
-0.32251 1.00719

-0.32251 1.00719
-0.321417 1.0083

-0.321416 1.0083
-0.321289 1.00843

-0.321289 1.00843
-0.320215 1.00952

-0.320213 1.00952
-0.320068 1.00967

-0.320068 1.00967
-0.319015 1.01074

-0.319013 1.01074
-0.318848 1.01091

-0.318848 1.01091
-0.317818 1.01196

-0.317815 1.01196
-0.317627 1.01216

-0.317627 1.01215
-0.316623 1.01318

-0.31662 1.01318
-0.316406 1.0134

-0.316406 1.0134
-0.31543 1.0144

-0.315427 1.0144
-0.315186 1.01465

-0.315186 1.01465
-0.31424 1.01562

-0.314236 1.01562
-0.313965 1.0159

-0.313965 1.0159
-0.313051 1.01685

-0.313048 1.01685
-0.312744 1.01716

-0.312744 1.01716
-0.311865 1.01807

-0.311861 1.01807
-0.311523 1.01842

-0.311523 1.01841
-0.310682 1.01929

-0.310678 1.01929
-0.310303 1.01967

-0.310303 1.01967
-0.3095 1.02051

-0.309496 1.02051
-0.309082 1.02094

-0.309082 1.02094
-0.308321 1.02173

-0.308317 1.02173
-0.307861 1.0222

-0.307861 1.0222
-0.307145 1.02295

-0.307141 1.02295
-0.306641 1.02347

-0.306641 1.02347
-0.30597 1.02417

-0.305966 1.02417
-0.30542 1.02474

-0.30542 1.02474
-0.304798 1.02539

-0.304794 1.02539
-0.304199 1.02601

-0.304199 1.02601
-0.303629 1.02661

-0.303624 1.02661
-0.302979 1.02729

-0.302979 1.02729
-0.302461 1.02783

-0.302457 1.02783
-0.301758 1.02857

-0.301758 1.02857
-0.301297 1.02905

-0.301291 1.02905
-0.300537 1.02985

-0.300537 1.02985
-0.300134 1.03027

-0.300128 1.03027
-0.299316 1.03113

-0.299316 1.03113
-0.298974 1.03149

-0.298968 1.03149
-0.298096 1.03242

-0.298096 1.03242
-0.297816 1.03271

-0.297812 1.03271
-0.296875 1.03371

-0.296875 1.03371
-0.296661 1.03394

-0.296658 1.03394
-0.295654 1.035

-0.295654 1.035
-0.295508 1.03516

-0.295505 1.03516
-0.294434 1.03629

-0.294434 1.0363
-0.294357 1.03638

-0.294355 1.03638
-0.293213 1.03759

-0.293213 1.03759
-0.293209 1.0376

-0.293207 1.0376
-0.292061 1.03882

-0.29206 1.03882
-0.291992 1.03889

-0.291992 1.03889
-0.290917 1.04004

-0.290917 1.04004
-0.290771 1.04019

-0.290771 1.04019
-0.289776 1.04126

-0.289775 1.04126
-0.289551 1.0415

-0.289551 1.0415
-0.288638 1.04248

-0.288635 1.04248
-0.28833 1.04281

-0.28833 1.04281
-0.287504 1.0437

-0.287498 1.0437
-0.287109 1.04412

-0.287109 1.04412
-0.28637 1.04492

-0.286363 1.04492
-0.285889 1.04544

-0.285889 1.04543
-0.285237 1.04614

-0.285231 1.04614
-0.284668 1.04675

-0.284668 1.04675
-0.284107 1.04736

-0.2841 1.04736
-0.283447 1.04808

-0.283447 1.04807
-0.282979 1.04858

-0.282972 1.04858
-0.282227 1.0494

-0.282227 1.0494
-0.281854 1.0498

-0.281849 1.0498
-0.281006 1.05073

-0.281006 1.05073
-0.280732 1.05103

-0.280729 1.05103
-0.279785 1.05205

-0.279785 1.05206
-0.279611 1.05225

-0.279609 1.05225
-0.278564 1.05339

-0.278564 1.05339
-0.278494 1.05347

-0.278491 1.05347
-0.277376 1.05469

-0.277376 1.05469
-0.277344 1.05472

-0.277344 1.05472
-0.276263 1.05591

-0.276263 1.05591
-0.276123 1.05606

-0.276123 1.05606
-0.275152 1.05713

-0.275151 1.05713
-0.274902 1.0574

-0.274902 1.0574
-0.274045 1.05835

-0.274042 1.05835
-0.273682 1.05875

-0.273682 1.05874
-0.272943 1.05957

-0.272935 1.05957
-0.272461 1.0601

-0.272461 1.06009
-0.271838 1.06079

-0.27183 1.06079
-0.27124 1.06145

-0.27124 1.06145
-0.270736 1.06201

-0.270726 1.06201
-0.27002 1.06281

-0.27002 1.0628
-0.269636 1.06323

-0.269631 1.06323
-0.268799 1.06416

-0.268799 1.06416
-0.268539 1.06445

-0.268536 1.06445
-0.267578 1.06552

-0.267578 1.06552
-0.267445 1.06567

-0.267442 1.06567
-0.266357 1.06689

-0.266357 1.06689
-0.266353 1.06689

-0.266351 1.06689
-0.265261 1.06812

-0.265261 1.06812
-0.265137 1.06825

-0.265137 1.06825
-0.264174 1.06934

-0.264173 1.06934
-0.263916 1.06963

-0.263916 1.06962
-0.26309 1.07056

-0.263087 1.07056
-0.262695 1.071

-0.262695 1.071
-0.262011 1.07178

-0.262002 1.07178
-0.261475 1.07238

-0.261475 1.07238
-0.26093 1.073

-0.26092 1.073
-0.260254 1.07376

-0.260254 1.07376
-0.259851 1.07422

-0.259846 1.07422
-0.259033 1.07514

-0.259033 1.07515
-0.258775 1.07544

-0.258772 1.07544
-0.257812 1.07653

-0.257812 1.07653
-0.257702 1.07666

-0.257699 1.07666
-0.256629 1.07788

-0.256629 1.07788
-0.256592 1.07792

-0.256592 1.07792
-0.25556 1.0791

-0.25556 1.0791
-0.255371 1.07932

-0.255371 1.07932
-0.254494 1.08032

-0.254493 1.08032
-0.25415 1.08072

-0.25415 1.08071
-0.253433 1.08154

-0.253426 1.08154
-0.25293 1.08212

-0.25293 1.08212
-0.252374 1.08276

-0.252364 1.08276
-0.251709 1.08353

-0.251709 1.08352
-0.251313 1.08398

-0.251309 1.08398
-0.250488 1.08493

-0.250488 1.08493
-0.250255 1.08521

-0.250253 1.08521
-0.249268 1.08635

-0.249268 1.08635
-0.249201 1.08643

-0.249199 1.08643
-0.248147 1.08765

-0.248146 1.08765
-0.248047 1.08776

-0.248047 1.08776
-0.247097 1.08887

-0.247096 1.08887
-0.246826 1.08918

-0.246826 1.08918
-0.24605 1.09009

-0.246046 1.09009
-0.245605 1.09061

-0.245605 1.0906
-0.24501 1.09131

-0.244999 1.09131
-0.244385 1.09204

-0.244385 1.09203
-0.243965 1.09253

-0.243961 1.09253
-0.243164 1.09346

-0.243164 1.09347
-0.242924 1.09375

-0.242921 1.09375
-0.241943 1.0949

-0.241943 1.0949
-0.241886 1.09497

-0.241883 1.09497
-0.240848 1.09619

-0.240847 1.09619
-0.240723 1.09634

-0.240723 1.09634
-0.239814 1.09741

-0.239813 1.09741
-0.239502 1.09778

-0.239502 1.09778
-0.238785 1.09863

-0.238779 1.09863
-0.238281 1.09923

-0.238281 1.09922
-0.23776 1.09985

-0.237752 1.09985
-0.237061 1.10068

-0.237061 1.10068
-0.236731 1.10107

-0.236728 1.10107
-0.23584 1.10213

-0.23584 1.10214
-0.235707 1.10229

-0.235704 1.10229
-0.234683 1.10352

-0.234683 1.10352
-0.234619 1.10359

-0.234619 1.10359
-0.233663 1.10474

-0.233662 1.10474
-0.233398 1.10506

-0.233398 1.10505
-0.232647 1.10596

-0.232642 1.10596
-0.232178 1.10652

-0.232178 1.10652
-0.231637 1.10718

-0.23163 1.10718
-0.230957 1.10799

-0.230957 1.10799
-0.230623 1.1084

-0.230619 1.1084
-0.229736 1.10947

-0.229736 1.10947
-0.229612 1.10962

-0.229609 1.10962
-0.228602 1.11084

-0.228602 1.11084
-0.228516 1.11094

-0.228516 1.11094
-0.227596 1.11206

-0.227595 1.11206
-0.227295 1.11243

-0.227295 1.11243
-0.226594 1.11328

-0.226588 1.11328
-0.226074 1.11392

-0.226074 1.11391
-0.225598 1.1145

-0.225592 1.1145
-0.224854 1.11541

-0.224854 1.11541
-0.224597 1.11572

-0.224594 1.11572
-0.223633 1.1169

-0.223633 1.1169
-0.223601 1.11694

-0.223598 1.11694
-0.222605 1.11816

-0.222604 1.11816
-0.222412 1.1184

-0.222412 1.1184
-0.221613 1.11938

-0.22161 1.11938
-0.221191 1.11991

-0.221191 1.1199
-0.220627 1.12061

-0.220623 1.12061
-0.219971 1.12141

-0.219971 1.12141
-0.219641 1.12183

-0.219637 1.12183
-0.21875 1.12293

-0.21875 1.12293
-0.218656 1.12305

-0.218653 1.12305
-0.217671 1.12427

-0.217671 1.12427
-0.217529 1.12444

-0.217529 1.12444
-0.216691 1.12549

-0.216688 1.12549
-0.216309 1.12597

-0.216309 1.12596
-0.215716 1.12671

-0.215712 1.12671
-0.215088 1.12749

-0.215088 1.12749
-0.214743 1.12793

-0.214738 1.12793
-0.213867 1.12902

-0.213867 1.12903
-0.213769 1.12915

-0.213766 1.12915
-0.212795 1.13037

-0.212795 1.13037
-0.212646 1.13056

-0.212646 1.13056
-0.211827 1.13159

-0.211824 1.13159
-0.211426 1.1321

-0.211426 1.1321
-0.210863 1.13281

-0.21086 1.13281
-0.210205 1.13364

-0.210205 1.13364
-0.209901 1.13403

-0.209898 1.13403
-0.208984 1.13519

-0.208984 1.1352
-0.208939 1.13525

-0.208937 1.13525
-0.207978 1.13647

-0.207976 1.13647
-0.207764 1.13675

-0.207764 1.13675
-0.207021 1.1377

-0.207018 1.1377
-0.206543 1.13831

-0.206543 1.1383
-0.20607 1.13892

-0.206066 1.13892
-0.205322 1.13987

-0.205322 1.13987
-0.205118 1.14014

-0.205115 1.14014
-0.204165 1.14136

-0.204165 1.14136
-0.204102 1.14144

-0.204102 1.14144
-0.203217 1.14258

-0.203214 1.14258
-0.202881 1.14302

-0.202881 1.14301
-0.202273 1.1438

-0.202271 1.1438
-0.20166 1.14459

-0.20166 1.14459
-0.201334 1.14502

-0.201329 1.14502
-0.200439 1.14617

-0.200439 1.14618
-0.200392 1.14624

-0.200389 1.14624
-0.199451 1.14746

-0.199449 1.14746
-0.199219 1.14777

-0.199219 1.14776
-0.198515 1.14868

-0.198513 1.14868
-0.197998 1.14936

-0.197998 1.14935
-0.197585 1.1499

-0.197581 1.1499
-0.196777 1.15096

-0.196777 1.15096
-0.196653 1.15112

-0.19665 1.15112
-0.195721 1.15234

-0.19572 1.15234
-0.195557 1.15256

-0.195557 1.15256
-0.194794 1.15356

-0.194792 1.15356
-0.194336 1.15417

-0.194336 1.15417
-0.193872 1.15479

-0.193869 1.15479
-0.193115 1.15578

-0.193115 1.15578
-0.19295 1.15601

-0.192947 1.15601
-0.192028 1.15723

-0.192027 1.15723
-0.191895 1.1574

-0.191895 1.1574
-0.19111 1.15845

-0.191108 1.15845
-0.190674 1.15903

-0.190674 1.15903
-0.190196 1.15967

-0.190194 1.15967
-0.189453 1.16066

-0.189453 1.16066
-0.189285 1.16089

-0.189282 1.16089
-0.188371 1.16211

-0.18837 1.16211
-0.188232 1.1623

-0.188232 1.1623
-0.187462 1.16333

-0.187461 1.16333
-0.187012 1.16394

-0.187012 1.16394
-0.186558 1.16455

-0.186556 1.16455
-0.185791 1.16558

-0.185791 1.16559
-0.185655 1.16577

-0.185652 1.16577
-0.184751 1.16699

-0.184749 1.16699
-0.18457 1.16724

-0.18457 1.16724
-0.183851 1.16821

-0.183851 1.16821
-0.18335 1.1689

-0.18335 1.16889
-0.182957 1.16943

-0.182954 1.16943
-0.182129 1.17056

-0.182129 1.17056
-0.182062 1.17065

-0.18206 1.17065
-0.181167 1.17188

-0.181164 1.17188
-0.180908 1.17223

-0.180908 1.17223
-0.180277 1.1731

-0.180276 1.1731
-0.179688 1.17391

-0.179688 1.1739
-0.179393 1.17432

-0.179389 1.17432
-0.178503 1.17554

-0.178503 1.17554
-0.178467 1.17559

-0.178467 1.17559
-0.17762 1.17676

-0.177618 1.17676
-0.177246 1.17728

-0.177246 1.17728
-0.176739 1.17798

-0.176738 1.17798
-0.176025 1.17897

-0.176025 1.17897
-0.175863 1.1792

-0.17586 1.1792
-0.174983 1.18042

-0.174981 1.18042
-0.174805 1.18067

-0.174805 1.18067
-0.174109 1.18164

-0.174108 1.18164
-0.173584 1.18237

-0.173584 1.18237
-0.173239 1.18286

-0.173236 1.18286
-0.172367 1.18408

-0.172367 1.18408
-0.172363 1.18409

-0.172363 1.18409
-0.171499 1.1853

-0.171498 1.1853
-0.171143 1.18581

-0.171143 1.18581
-0.170634 1.18652

-0.170633 1.18652
-0.169922 1.18753

-0.169922 1.18753
-0.169774 1.18774

-0.169771 1.18774
-0.16891 1.18896

-0.168907 1.18896
-0.168701 1.18926

-0.168701 1.18926
-0.168051 1.19019

-0.168051 1.19019
-0.16748 1.191

-0.16748 1.191
-0.167198 1.19141

-0.167195 1.19141
-0.166341 1.19263

-0.16634 1.19263
-0.16626 1.19274

-0.16626 1.19274
-0.165489 1.19385

-0.165489 1.19385
-0.165039 1.19449

-0.165039 1.19449
-0.16464 1.19507

-0.16464 1.19507
-0.163818 1.19625

-0.163818 1.19625
-0.163795 1.19629

-0.163792 1.19629
-0.162947 1.19751

-0.162946 1.19751
-0.162598 1.19802

-0.162598 1.19802
-0.162105 1.19873

-0.162104 1.19873
-0.161377 1.19979

-0.161377 1.19979
-0.161267 1.19995

-0.161264 1.19995
-0.160426 1.20117

-0.160424 1.20117
-0.160156 1.20157

-0.160156 1.20157
-0.15959 1.20239

-0.159589 1.20239
-0.158936 1.20335

-0.158936 1.20335
-0.158759 1.20361

-0.158756 1.20361
-0.157924 1.20483

-0.157922 1.20483
-0.157715 1.20515

-0.157715 1.20514
-0.157095 1.20605

-0.157095 1.20605
-0.156494 1.20694

-0.156494 1.20694
-0.156271 1.20728

-0.156268 1.20728
-0.155443 1.2085

-0.155441 1.2085
-0.155273 1.20875

-0.155273 1.20875
-0.154621 1.20972

-0.15462 1.20972
-0.154053 1.21056

-0.154053 1.21056
-0.153802 1.21094

-0.1538 1.21094
-0.152982 1.21216

-0.15298 1.21216
-0.152832 1.21239

-0.152832 1.21238
-0.152166 1.21338

-0.152166 1.21338
-0.151611 1.21421

-0.151611 1.21421
-0.151354 1.2146

-0.151353 1.2146
-0.150541 1.21582

-0.150539 1.21582
-0.150391 1.21605

-0.150391 1.21605
-0.149732 1.21704

-0.149732 1.21704
-0.14917 1.21789

-0.14917 1.21789
-0.148926 1.21826

-0.148925 1.21826
-0.14812 1.21948

-0.148119 1.21948
-0.147949 1.21974

-0.147949 1.21974
-0.147318 1.2207

-0.147317 1.2207
-0.146729 1.2216

-0.146729 1.2216
-0.146519 1.22192

-0.146517 1.22192
-0.145719 1.22314

-0.145718 1.22314
-0.145508 1.22347

-0.145508 1.22347
-0.144923 1.22437

-0.144923 1.22437
-0.144287 1.22534

-0.144287 1.22534
-0.144132 1.22559

-0.14413 1.22559
-0.143338 1.22681

-0.143338 1.22681
-0.143066 1.22723

-0.143066 1.22723
-0.142549 1.22803

-0.142549 1.22803
-0.141846 1.22912

-0.141846 1.22912
-0.141765 1.22925

-0.141762 1.22925
-0.140977 1.23047

-0.140977 1.23047
-0.140625 1.23102

-0.140625 1.23102
-0.140195 1.23169

-0.140195 1.23169
-0.139414 1.23291

-0.139414 1.23291
-0.139404 1.23293

-0.139404 1.23293
-0.138636 1.23413

-0.138636 1.23413
-0.138184 1.23484

-0.138184 1.23484
-0.137861 1.23535

-0.13786 1.23535
-0.137087 1.23657

-0.137086 1.23657
-0.136963 1.23677

-0.136963 1.23677
-0.136315 1.23779

-0.136315 1.23779
-0.135742 1.2387

-0.135742 1.2387
-0.135547 1.23901

-0.135546 1.23901
-0.134779 1.24023

-0.134778 1.24023
-0.134521 1.24064

-0.134521 1.24064
-0.134014 1.24146

-0.134013 1.24146
-0.133301 1.2426

-0.133301 1.2426
-0.133253 1.24268

-0.133251 1.24268
-0.13249 1.2439

-0.13249 1.2439
-0.13208 1.24456

-0.13208 1.24456
-0.131732 1.24512

-0.131732 1.24512
-0.130976 1.24634

-0.130975 1.24634
-0.130859 1.24653

-0.130859 1.24653
-0.130222 1.24756

-0.130222 1.24756
-0.129639 1.24851

-0.129639 1.24851
-0.129471 1.24878

-0.12947 1.24878
-0.128721 1.25

-0.12872 1.25
-0.128418 1.25049

-0.128418 1.25049
-0.127973 1.25122

-0.127973 1.25122
-0.127228 1.25244

-0.127228 1.25244
-0.127197 1.25249

-0.127197 1.25249
-0.126485 1.25366

-0.126485 1.25366
-0.125977 1.2545

-0.125977 1.2545
-0.125744 1.25488

-0.125744 1.25488
-0.125005 1.2561

-0.125005 1.2561
-0.124756 1.25652

-0.124756 1.25652
-0.124269 1.25732

-0.124269 1.25732
-0.123535 1.25854

-0.123535 1.25854
-0.122803 1.25977

-0.122802 1.25977
-0.122314 1.26058

-0.122314 1.26058
-0.122073 1.26099

-0.122073 1.26099
-0.121345 1.26221

-0.121345 1.26221
-0.121094 1.26263

-0.121094 1.26263
-0.120619 1.26343

-0.120619 1.26343
-0.119896 1.26465

-0.119896 1.26465
-0.119873 1.26469

-0.119873 1.26469
-0.119175 1.26587

-0.119174 1.26587
-0.118652 1.26676

-0.118652 1.26676
-0.118456 1.26709

-0.118456 1.26709
-0.117739 1.26831

-0.117738 1.26831
-0.117432 1.26883

-0.117432 1.26884
-0.117024 1.26953

-0.117024 1.26953
-0.116311 1.27075

-0.116311 1.27075
-0.116211 1.27092

-0.116211 1.27092
-0.115601 1.27197

-0.115601 1.27197
-0.11499 1.27302

-0.11499 1.27303
-0.114893 1.27319

-0.114893 1.27319
-0.114187 1.27441

-0.114186 1.27441
-0.11377 1.27514

-0.11377 1.27514
-0.113483 1.27563

-0.113483 1.27563
-0.112781 1.27686

-0.112781 1.27686
-0.112549 1.27726

-0.112549 1.27726
-0.112081 1.27808

-0.112081 1.27808
-0.111384 1.2793

-0.111384 1.2793
-0.111328 1.27939

-0.111328 1.27939
-0.110688 1.28052

-0.110688 1.28052
-0.110107 1.28154

-0.110107 1.28154
-0.109996 1.28174

-0.109995 1.28174
-0.109304 1.28296

-0.109304 1.28296
-0.108887 1.2837

-0.108887 1.2837
-0.108616 1.28418

-0.108615 1.28418
-0.107929 1.2854

-0.107929 1.2854
-0.107666 1.28587

-0.107666 1.28587
-0.107244 1.28662

-0.107244 1.28662
-0.106562 1.28784

-0.106562 1.28784
-0.106445 1.28805

-0.106445 1.28805
-0.105882 1.28906

-0.105881 1.28906
-0.105225 1.29024

-0.105225 1.29025
-0.105204 1.29028

-0.105203 1.29028
-0.104527 1.2915

-0.104527 1.2915
-0.104004 1.29245

-0.104004 1.29245
-0.103854 1.29272

-0.103854 1.29272
-0.103182 1.29395

-0.103182 1.29395
-0.102783 1.29467

-0.102783 1.29467
-0.102512 1.29517

-0.102512 1.29517
-0.101845 1.29639

-0.101845 1.29639
-0.101562 1.2969

-0.101562 1.2969
-0.10118 1.29761

-0.10118 1.29761
-0.100516 1.29883

-0.100516 1.29883
-0.100342 1.29915

-0.100342 1.29915
-0.0998554 1.30005

-0.0998553 1.30005
-0.0991964 1.30127

-0.0991964 1.30127
-0.0991211 1.30141

-0.0991211 1.30141
-0.0985397 1.30249

-0.0985396 1.30249
-0.0979004 1.30368

-0.0979004 1.30368
-0.0978856 1.30371

-0.097885 1.30371
-0.0972325 1.30493

-0.0972324 1.30493
-0.0966797 1.30597

-0.0966797 1.30597
-0.0965825 1.30615

-0.0965821 1.30615
-0.0959338 1.30737

-0.0959337 1.30737
-0.095459 1.30827

-0.095459 1.30827
-0.095288 1.30859

-0.0952877 1.30859
-0.0946436 1.30981

-0.0946435 1.30981
-0.0942383 1.31058

-0.0942383 1.31059
-0.0940019 1.31104

-0.0940017 1.31104
-0.0933619 1.31226

-0.0933617 1.31226
-0.0930176 1.31291

-0.0930176 1.31292
-0.0927244 1.31348

-0.0927242 1.31348
-0.0920886 1.3147

-0.0920885 1.3147
-0.0917969 1.31526

-0.0917969 1.31526
-0.0914553 1.31592

-0.0914552 1.31592
-0.0908238 1.31714

-0.0908237 1.31714
-0.0905762 1.31762

-0.0905762 1.31762
-0.0901947 1.31836

-0.0901946 1.31836
-0.0895674 1.31958

-0.0895673 1.31958
-0.0893555 1.31999

-0.0893555 1.31999
-0.0889425 1.3208

-0.0889424 1.3208
-0.0883195 1.32202

-0.0883194 1.32202
-0.0881348 1.32238

-0.0881348 1.32238
-0.0876987 1.32324

-0.0876987 1.32324
-0.0870799 1.32446

-0.0870798 1.32446
-0.0869141 1.32479

-0.0869141 1.32479
-0.0864634 1.32568

-0.0864633 1.32568
-0.0858488 1.3269

-0.0858487 1.3269
-0.0856934 1.32721

-0.0856934 1.32721
-0.0852364 1.32812

-0.0852364 1.32812
-0.0846261 1.32935

-0.084626 1.32935
-0.0844727 1.32965

-0.0844727 1.32965
-0.0840179 1.33057

-0.0840178 1.33057
-0.0834117 1.33179

-0.0834116 1.33179
-0.083252 1.33211

-0.083252 1.33211
-0.0828077 1.33301

-0.0828076 1.33301
-0.0822057 1.33423

-0.0822056 1.33423
-0.0820312 1.33458

-0.0820312 1.33458
-0.0816059 1.33545

-0.0816058 1.33545
-0.081008 1.33667

-0.0810079 1.33667
-0.0808105 1.33707

-0.0808105 1.33707
-0.0804124 1.33789

-0.0804123 1.33789
-0.0798187 1.33911

-0.0798186 1.33911
-0.0795898 1.33958

-0.0795898 1.33958
-0.0792273 1.34033

-0.0792272 1.34033
-0.0786378 1.34155

-0.0786376 1.34155
-0.0783691 1.34211

-0.0783691 1.34211
-0.0780505 1.34277

-0.0780504 1.34277
-0.0774651 1.34399

-0.077465 1.34399
-0.0771484 1.34466

-0.0771484 1.34466
-0.076882 1.34521

-0.0768819 1.34521
-0.0763007 1.34644

-0.0763006 1.34644
-0.0759277 1.34722

-0.0759277 1.34722
-0.0757219 1.34766

-0.0757217 1.34766
-0.0751447 1.34888

-0.0751446 1.34888
-0.074707 1.34981

-0.074707 1.34981
-0.0745701 1.3501

-0.0745698 1.3501
-0.0739969 1.35132

-0.0739968 1.35132
-0.0734863 1.35241

-0.0734863 1.35241
-0.0734265 1.35254

-0.0734261 1.35254
-0.0728574 1.35376

-0.0728574 1.35376
-0.0722907 1.35498

-0.0722907 1.35498
-0.0722656 1.35503

-0.0722656 1.35503
-0.0717262 1.3562

-0.0717262 1.3562
-0.0711636 1.35742

-0.0711636 1.35742
-0.0710449 1.35768

-0.0710449 1.35768
-0.0706032 1.35864

-0.0706032 1.35864
-0.0700448 1.35986

-0.0700446 1.35986
-0.0698242 1.36035

-0.0698242 1.36035
-0.0694885 1.36108

-0.0694884 1.36108
-0.0689341 1.3623

-0.068934 1.3623
-0.0686035 1.36304

-0.0686035 1.36304
-0.0683821 1.36353

-0.0683819 1.36353
-0.0678317 1.36475

-0.0678316 1.36475
-0.0673828 1.36575

-0.0673828 1.36575
-0.0672839 1.36597

-0.0672836 1.36597
-0.0667375 1.36719

-0.0667375 1.36719
-0.0661935 1.36841

-0.0661934 1.36841
-0.0661621 1.36848

-0.0661621 1.36848
-0.0656515 1.36963

-0.0656515 1.36963
-0.0651116 1.37085

-0.0651114 1.37085
-0.0649414 1.37124

-0.0649414 1.37124
-0.0645737 1.37207

-0.0645737 1.37207
-0.0640378 1.37329

-0.0640377 1.37329
-0.0637207 1.37402

-0.0637207 1.37402
-0.0635042 1.37451

-0.063504 1.37451
-0.0629723 1.37573

-0.0629722 1.37573
-0.0625 1.37682

-0.0625 1.37682
-0.0624429 1.37695

-0.0624425 1.37695
-0.0619149 1.37817

-0.0619149 1.37817
-0.0613892 1.37939

-0.0613891 1.37939
-0.0612793 1.37965

-0.0612793 1.37965
-0.0608656 1.38062

-0.0608656 1.38062
-0.060344 1.38184

-0.0603439 1.38184
-0.0600586 1.38251

-0.0600586 1.38251
-0.0598246 1.38306

-0.0598245 1.38306
-0.059307 1.38428

-0.0593069 1.38428
-0.0588379 1.38539

-0.0588379 1.38539
-0.0587919 1.3855

-0.0587915 1.3855
-0.058278 1.38672

-0.058278 1.38672
-0.0577666 1.38794

-0.0577665 1.38794
-0.0576172 1.3883

-0.0576172 1.3883
-0.0572572 1.38916

-0.0572572 1.38916
-0.0567498 1.39038

-0.0567497 1.39038
-0.0563965 1.39123

-0.0563965 1.39123
-0.0562447 1.3916

-0.0562445 1.3916
-0.0557411 1.39282

-0.0557411 1.39282
-0.0552398 1.39404

-0.0552398 1.39404
-0.0551758 1.3942

-0.0551758 1.3942
-0.0547405 1.39526

-0.0547405 1.39526
-0.0542433 1.39648

-0.0542431 1.39648
-0.0539551 1.39719

-0.0539551 1.3972
-0.0537482 1.39771

-0.053748 1.39771
-0.0532548 1.39893

-0.0532548 1.39893
-0.0527635 1.40015

-0.0527635 1.40015
-0.0527344 1.40022

-0.0527344 1.40022
-0.0522743 1.40137

-0.0522743 1.40137
-0.0517871 1.40259

-0.051787 1.40259
-0.0515137 1.40328

-0.0515137 1.40328
-0.0513021 1.40381

-0.0513019 1.40381
-0.0508187 1.40503

-0.0508187 1.40503
-0.0503376 1.40625

-0.0503375 1.40625
-0.050293 1.40636

-0.050293 1.40636
-0.0498584 1.40747

-0.0498584 1.40747
-0.0493812 1.40869

-0.0493811 1.40869
-0.0490723 1.40948

-0.0490723 1.40949
-0.0489062 1.40991

-0.048906 1.40991
-0.0484329 1.41113

-0.0484329 1.41113
-0.0479617 1.41235

-0.0479616 1.41235
-0.0478516 1.41264

-0.0478516 1.41264
-0.0474926 1.41357

-0.0474925 1.41357
-0.0470254 1.41479

-0.0470253 1.41479
-0.0466309 1.41583

-0.0466309 1.41583
-0.0465605 1.41602

-0.0465602 1.41602
-0.046097 1.41724

-0.046097 1.41724
-0.0456358 1.41846

-0.0456357 1.41846
-0.0454102 1.41906

-0.0454102 1.41906
-0.0451767 1.41968

-0.0451766 1.41968
-0.0447194 1.4209

-0.0447194 1.4209
-0.0442642 1.42212

-0.0442641 1.42212
-0.0441895 1.42232

-0.0441895 1.42232
-0.043811 1.42334

-0.043811 1.42334
-0.0433598 1.42456

-0.0433597 1.42456
-0.0429688 1.42562

-0.0429688 1.42562
-0.0429109 1.42578

-0.0429105 1.42578
-0.0424632 1.427

-0.0424632 1.427
-0.0420179 1.42822

-0.0420178 1.42822
-0.041748 1.42897

-0.041748 1.42897
-0.0415748 1.42944

-0.0415746 1.42944
-0.0411333 1.43066

-0.0411333 1.43066
-0.040694 1.43188

-0.0406939 1.43188
-0.0405273 1.43235

-0.0405273 1.43235
-0.0402567 1.43311

-0.0402566 1.43311
-0.0398212 1.43433

-0.0398212 1.43433
-0.0393878 1.43555

-0.0393877 1.43555
-0.0393066 1.43578

-0.0393066 1.43578
-0.0389563 1.43677

-0.0389563 1.43677
-0.0385269 1.43799

-0.0385269 1.43799
-0.0380994 1.43921

-0.0380994 1.43921
-0.0380859 1.43925

-0.0380859 1.43925
-0.0376738 1.44043

-0.0376738 1.44043
-0.0372503 1.44165

-0.0372502 1.44165
-0.0368652 1.44277

-0.0368652 1.44277
-0.0368291 1.44287

-0.0368287 1.44287
-0.0364091 1.44409

-0.0364091 1.44409
-0.0359914 1.44531

-0.0359913 1.44531
-0.0356445 1.44633

-0.0356445 1.44633
-0.035576 1.44653

-0.0355757 1.44653
-0.0351619 1.44775

-0.0351619 1.44775
-0.0347502 1.44897

-0.0347501 1.44897
-0.0344238 1.44995

-0.0344238 1.44995
-0.0343406 1.4502

-0.0343403 1.4502
-0.0339325 1.45142

-0.0339325 1.45142
-0.0335266 1.45264

-0.0335265 1.45264
-0.0332031 1.45361

-0.0332031 1.45362
-0.0331229 1.45386

-0.0331226 1.45386
-0.0327206 1.45508

-0.0327206 1.45508
-0.0323206 1.4563

-0.0323205 1.4563
-0.0319824 1.45734

-0.0319824 1.45734
-0.0319228 1.45752

-0.0319225 1.45752
-0.0315263 1.45874

-0.0315263 1.45874
-0.0311321 1.45996

-0.0311321 1.45996
-0.0307617 1.46111

-0.0307617 1.46112
-0.0307403 1.46118

-0.0307399 1.46118
-0.0303496 1.4624

-0.0303496 1.4624
-0.0299612 1.46362

-0.0299612 1.46362
-0.0295748 1.46484

-0.0295748 1.46484
-0.029541 1.46495

-0.029541 1.46495
-0.0291904 1.46606

-0.0291904 1.46606
-0.0288078 1.46729

-0.0288078 1.46729
-0.0284273 1.46851

-0.0284272 1.46851
-0.0283203 1.46885

-0.0283203 1.46885
-0.0280486 1.46973

-0.0280486 1.46973
-0.0276719 1.47095

-0.0276719 1.47095
-0.0272971 1.47217

-0.027297 1.47217
-0.0270996 1.47281

-0.0270996 1.47281
-0.0269244 1.47339

-0.0269243 1.47339
-0.0265533 1.47461

-0.0265534 1.47461
-0.0261844 1.47583

-0.0261843 1.47583
-0.0258789 1.47685

-0.0258789 1.47685
-0.0258176 1.47705

-0.0258173 1.47705
-0.0254522 1.47827

-0.0254522 1.47827
-0.025089 1.47949

-0.025089 1.47949
-0.0247278 1.48071

-0.0247277 1.48071
-0.0246582 1.48095

-0.0246582 1.48095
-0.0243684 1.48193

-0.0243684 1.48193
-0.024011 1.48315

-0.024011 1.48315
-0.0236555 1.48438

-0.0236554 1.48438
-0.0234375 1.48513

-0.0234375 1.48513
-0.0233021 1.4856

-0.0233019 1.4856
-0.0229503 1.48682

-0.0229503 1.48682
-0.0226006 1.48804

-0.0226006 1.48804
-0.0222528 1.48926

-0.0222527 1.48926
-0.0222168 1.48938

-0.0222168 1.48938
-0.0219069 1.49048

-0.0219069 1.49048
-0.0215629 1.4917

-0.0215629 1.4917
-0.0212208 1.49292

-0.0212207 1.49292
-0.0209961 1.49373

-0.0209961 1.49373
-0.0208809 1.49414

-0.0208807 1.49414
-0.0205424 1.49536

-0.0205424 1.49536
-0.0202061 1.49658

-0.0202061 1.49658
-0.0198717 1.4978

-0.0198716 1.4978
-0.0197754 1.49816

-0.0197754 1.49816
-0.0195392 1.49902

-0.0195392 1.49902
-0.0192086 1.50024

-0.0192086 1.50024
-0.0188799 1.50146

-0.0188799 1.50146
-0.0185547 1.50268

-0.0185547 1.50268
-0.0185535 1.50269

-0.0185531 1.50269
-0.0182282 1.50391

-0.0182282 1.50391
-0.0179052 1.50513

-0.0179052 1.50513
-0.0175841 1.50635

-0.017584 1.50635
-0.017334 1.5073

-0.017334 1.50731
-0.0172652 1.50757

-0.0172649 1.50757
-0.0169476 1.50879

-0.0169476 1.50879
-0.0166322 1.51001

-0.0166323 1.51001
-0.0163188 1.51123

-0.0163186 1.51123
-0.0161133 1.51203

-0.0161133 1.51204
-0.0160073 1.51245

-0.0160071 1.51245
-0.0156974 1.51367

-0.0156974 1.51367
-0.0153896 1.51489

-0.0153896 1.51489
-0.0150837 1.51611

-0.0150836 1.51611
-0.0148926 1.51688

-0.0148926 1.51688
-0.0147798 1.51733

-0.0147796 1.51733
-0.0144775 1.51855

-0.0144775 1.51855
-0.0141772 1.51978

-0.0141772 1.51978
-0.0138789 1.521

-0.0138788 1.521
-0.0136719 1.52185

-0.0136719 1.52185
-0.0135826 1.52222

-0.0135823 1.52222
-0.0132877 1.52344

-0.0132877 1.52344
-0.012995 1.52466

-0.012995 1.52466
-0.0127042 1.52588

-0.0127041 1.52588
-0.0124512 1.52695

-0.0124512 1.52695
-0.0124155 1.5271

-0.0124152 1.5271
-0.0121281 1.52832

-0.0121281 1.52832
-0.0118429 1.52954

-0.0118429 1.52954
-0.0115596 1.53076

-0.0115596 1.53076
-0.0112781 1.53198

-0.011278 1.53198
-0.0112305 1.53219

-0.0112305 1.53219
-0.0109985 1.5332

-0.0109985 1.5332
-0.0107208 1.53442

-0.0107208 1.53442
-0.010445 1.53564

-0.010445 1.53564
-0.010171 1.53687

-0.0101709 1.53687
-0.0100098 1.53759

-0.0100098 1.53759
-0.00989903 1.53809

-0.00989888 1.53809
-0.00962864 1.53931

-0.00962864 1.53931
-0.00936027 1.54053

-0.00936028 1.54053
-0.00909378 1.54175

-0.00909378 1.54175
-0.00882913 1.54297

-0.00882907 1.54297
-0.00878906 1.54315

-0.00878906 1.54315
-0.00856635 1.54419

-0.00856634 1.54419
-0.00830543 1.54541

-0.00830543 1.54541
-0.00804638 1.54663

-0.00804639 1.54663
-0.00778919 1.54785

-0.00778913 1.54785
-0.00756836 1.54891

-0.00756836 1.54891
-0.00753417 1.54907

-0.00753384 1.54907
-0.00728035 1.55029

-0.00728035 1.55029
-0.00702873 1.55151

-0.00702873 1.55151
-0.00677896 1.55273

-0.00677897 1.55273
-0.00653104 1.55396

-0.00653095 1.55396
-0.00634766 1.55486

-0.00634766 1.55487
-0.00628521 1.55518

-0.00628496 1.55518
-0.00604074 1.5564

-0.00604074 1.5564
-0.00579838 1.55762

-0.00579838 1.55762
-0.00555786 1.55884

-0.00555787 1.55884
-0.00531919 1.56006

-0.00531912 1.56006
-0.00512695 1.56105

-0.00512695 1.56105
-0.00508264 1.56128

-0.00508235 1.56128
-0.00484736 1.5625

-0.00484736 1.5625
-0.00461422 1.56372

-0.00461423 1.56372
-0.00438293 1.56494

-0.00438293 1.56494
-0.00415348 1.56616

-0.00415348 1.56616
-0.00392585 1.56738

-0.00392581 1.56738
-0.00390625 1.56749

-0.00390625 1.56749
-0.00370006 1.5686

-0.00370006 1.5686
-0.00347611 1.56982

-0.00347612 1.56982
-0.00325401 1.57104

-0.00325401 1.57104
-0.00303374 1.57227

-0.00303375 1.57227
-0.0028153 1.57349

-0.00281518 1.57349
-0.00268555 1.57422

-0.00268555 1.57422
-0.00259883 1.57471

-0.00259867 1.57471
-0.00238389 1.57593

-0.00238389 1.57593
-0.00217095 1.57715

-0.00217095 1.57715
-0.00195983 1.57837

-0.00195983 1.57837
-0.00175054 1.57959

-0.00175054 1.57959
-0.00154306 1.58081

-0.00154295 1.58081
-0.00146484 1.58127

-0.00146484 1.58128
-0.00133746 1.58203

-0.0013374 1.58203
-0.00113358 1.58325

-0.00113358 1.58325
-0.000931583 1.58447

-0.000931585 1.58447
-0.000731408 1.58569

-0.000731409 1.58569
-0.000533048 1.58691

-0.000533053 1.58691
-0.0003365 1.58813

-0.000336382 1.58813
-0.000244141 1.58871

-0.000244141 1.58871
-0.000141852 1.58936

-0.000141756 1.58936
5.11591e-05 1.59058

5.11585e-05 1.59058
0.000242255 1.5918

0.000242253 1.5918
0.000431535 1.59302

0.000431535 1.59302
0.000619007 1.59424

0.000619003 1.59424
0.000804674 1.59546

0.00080471 1.59546
0.000976562 1.5966

0.000976562 1.5966
0.000988135 1.59668

0.000988539 1.59668
0.00117059 1.5979

0.0011706 1.5979
0.00135084 1.59912

0.00135084 1.59912
0.00152927 1.60034

0.00152927 1.60034
0.0017059 1.60156

0.0017059 1.60156
0.00188073 1.60278

0.00188073 1.60278
0.00205376 1.604

0.00205383 1.604
0.00219727 1.60503

0.00219727 1.60503
0.00222468 1.60522

0.00222501 1.60522
0.00239444 1.60645

0.00239445 1.60645
0.00256209 1.60767

0.00256208 1.60767
0.00272792 1.60889

0.00272792 1.60889
0.00289196 1.61011

0.00289196 1.61011
0.00305422 1.61133

0.00305422 1.61133
0.00321468 1.61255

0.00321468 1.61255
0.00337336 1.61377

0.00337346 1.61377
0.00341797 1.61412

0.00341797 1.61412
0.00353023 1.61499

0.00353026 1.61499
0.00368536 1.61621

0.00368536 1.61621
0.00383867 1.61743

0.00383867 1.61743
0.00399019 1.61865

0.00399019 1.61865
0.00413993 1.61987

0.00413993 1.61987
0.0042879 1.62109

0.0042879 1.62109
0.00443408 1.62231

0.00443408 1.62231
0.00457849 1.62354

0.00457861 1.62354
0.00463867 1.62405

0.00463867 1.62405
0.00472105 1.62476

0.00472113 1.62476
0.00486199 1.62598

0.00486199 1.62598
0.00500107 1.6272

0.00500106 1.6272
0.00513836 1.62842

0.00513836 1.62842
0.00527389 1.62964

0.00527389 1.62964
0.00540764 1.63086

0.00540764 1.63086
0.00553963 1.63208

0.00553963 1.63208
0.00566986 1.6333

0.00566985 1.6333
0.00579832 1.63452

0.00579845 1.63452
0.00585938 1.63511

0.00585938 1.63511
0.00592491 1.63574

0.00592503 1.63574
0.00604996 1.63696

0.00604996 1.63696
0.00617313 1.63818

0.00617313 1.63818
0.00629453 1.6394

0.00629453 1.6394
0.00641418 1.64062

0.00641418 1.64062
0.00653206 1.64185

0.00653206 1.64185
0.0066482 1.64307

0.0066482 1.64307
0.00676258 1.64429

0.00676258 1.64429
0.00687522 1.64551

0.00687521 1.64551
0.00698611 1.64673

0.00698618 1.64673
0.00708008 1.64778

0.00708008 1.64778
0.00709485 1.64795

0.00709525 1.64795
0.00720264 1.64917

0.00720265 1.64917
0.0073083 1.65039

0.00730829 1.65039
0.00741219 1.65161

0.00741219 1.65161
0.00751435 1.65283

0.00751435 1.65283
0.00761476 1.65405

0.00761476 1.65405
0.00771344 1.65527

0.00771344 1.65527
0.00781038 1.65649

0.00781038 1.65649
0.00790559 1.65771

0.00790559 1.65771
0.00799906 1.65894

0.00799906 1.65894
0.00809081 1.66016

0.00809081 1.66016
0.00818082 1.66138

0.00818082 1.66138
0.00826912 1.6626

0.00826926 1.6626
0.00830078 1.66304

0.00830078 1.66305
0.00835562 1.66382

0.00835569 1.66382
0.00844053 1.66504

0.00844053 1.66504
0.00852365 1.66626

0.00852365 1.66626
0.00860505 1.66748

0.00860505 1.66748
0.00868473 1.6687

0.00868472 1.6687
0.00876269 1.66992

0.00876268 1.66992
0.00883893 1.67114

0.00883893 1.67114
0.00891346 1.67236

0.00891346 1.67236
0.00898629 1.67358

0.00898629 1.67358
0.0090574 1.6748

0.0090574 1.6748
0.00912681 1.67603

0.00912681 1.67603
0.00919452 1.67725

0.00919452 1.67725
0.00926052 1.67847

0.00926052 1.67847
0.00932483 1.67969

0.00932483 1.67969
0.00938743 1.68091

0.00938743 1.68091
0.00944835 1.68213

0.00944834 1.68213
0.00950757 1.68335

0.00950771 1.68335
0.00952148 1.68364

0.00952148 1.68365
0.00956506 1.68457

0.0095651 1.68457
0.00962093 1.68579

0.00962093 1.68579
0.00967508 1.68701

0.00967508 1.68701
0.00972753 1.68823

0.00972753 1.68823
0.00977831 1.68945

0.00977831 1.68945
0.00982739 1.69067

0.00982739 1.69067
0.0098748 1.69189

0.0098748 1.69189
0.00992053 1.69312

0.00992053 1.69312
0.00996458 1.69434

0.00996458 1.69434
0.010007 1.69556

0.010007 1.69556
0.0100477 1.69678

0.0100477 1.69678
0.0100867 1.698

0.0100867 1.698
0.0101241 1.69922

0.0101241 1.69922
0.0101597 1.70044

0.0101597 1.70044
0.0101938 1.70166

0.0101938 1.70166
0.0102262 1.70288

0.0102262 1.70288
0.0102569 1.7041

0.0102569 1.7041
0.0102859 1.70532

0.0102859 1.70532
0.0103133 1.70654

0.0103133 1.70654
0.0103391 1.70776

0.0103391 1.70776
0.0103631 1.70898

0.0103631 1.70898
0.0103856 1.71021

0.0103856 1.71021
0.0104064 1.71143

0.0104064 1.71143
0.0104255 1.71265

0.0104255 1.71265
0.0104431 1.71387

0.0104431 1.71387
0.0104589 1.71509

0.0104589 1.71509
0.0104732 1.71631

0.0104732 1.71631
0.0104858 1.71753

0.0104858 1.71753
0.0104968 1.71875

0.0104968 1.71875
0.0105061 1.71997

0.0105061 1.71997
0.0105138 1.72119

0.0105138 1.72119
0.01052 1.72241

0.01052 1.72241
0.0105244 1.72363

0.0105244 1.72363
0.0105273 1.72485

0.0105273 1.72485
0.0105286 1.72607

0.0105286 1.72607
0.0105282 1.72729

0.0105282 1.72729
0.0105263 1.72852

0.0105263 1.72852
0.0105227 1.72974

0.0105227 1.72974
0.0105175 1.73096

0.0105175 1.73096
0.0105108 1.73218

0.0105108 1.73218
0.0105024 1.7334

0.0105024 1.7334
0.0104925 1.73462

0.0104925 1.73462
0.0104809 1.73584

0.0104809 1.73584
0.0104678 1.73706

0.0104678 1.73706
0.0104531 1.73828

0.0104531 1.73828
0.0104368 1.7395

0.0104368 1.7395
0.0104189 1.74072

0.0104189 1.74072
0.0103995 1.74194

0.0103995 1.74194
0.0103785 1.74316

0.0103785 1.74316
0.0103559 1.74438

0.0103559 1.74438
0.0103318 1.74561

0.0103318 1.74561
0.0103061 1.74683

0.0103061 1.74683
0.0102788 1.74805

0.0102788 1.74805
0.01025 1.74927

0.01025 1.74927
0.0102197 1.75049

0.0102197 1.75049
0.0101878 1.75171

0.0101878 1.75171
0.0101543 1.75293

0.0101543 1.75293
0.0101193 1.75415

0.0101193 1.75415
0.0100828 1.75537

0.0100828 1.75537
0.0100448 1.75659

0.0100448 1.75659
0.0100052 1.75781

0.0100052 1.75781
0.00996407 1.75903

0.00996407 1.75903
0.00992144 1.76025

0.00992144 1.76025
0.0098773 1.76147

0.0098773 1.76147
0.00983164 1.7627

0.00983164 1.7627
0.00978447 1.76392

0.00978447 1.76392
0.00973579 1.76514

0.00973579 1.76514
0.00968561 1.76636

0.00968561 1.76636
0.00963394 1.76758

0.00963393 1.76758
0.00958077 1.7688

0.00958077 1.7688
0.00952611 1.77002

0.00952148 1.77012
0.00946995 1.77124

0.00946996 1.77124
0.00941233 1.77246

0.00952148 1.77012
0.00952612 1.77002

0.00941232 1.77246
0.00935321 1.77368

0.00935321 1.77368
0.00929262 1.7749

0.00929262 1.7749
0.00923055 1.77612

0.00923055 1.77612
0.00916702 1.77734

0.00916702 1.77734
0.00910202 1.77856

0.00910202 1.77856
0.00903557 1.77979

0.00903557 1.77979
0.00896765 1.78101

0.00896765 1.78101
0.00889829 1.78223

0.00889829 1.78223
0.00882748 1.78345

0.00882748 1.78345
0.00875522 1.78467

0.00875522 1.78467
0.00868153 1.78589

0.00868153 1.78589
0.00860641 1.78711

0.00830078 1.79185
0.00829149 1.79199

0.00860641 1.78711
0.00852986 1.78833

0.00852986 1.78833
0.00845188 1.78955

0.00845188 1.78955
0.00837249 1.79077

0.00830078 1.79186
0.00837252 1.79077

0.00829169 1.79199
0.00820948 1.79321

0.00820948 1.79321
0.00812586 1.79443

0.00812586 1.79443
0.00804084 1.79565

0.00804084 1.79565
0.00795442 1.79688

0.00795442 1.79688
0.00786661 1.7981

0.00786661 1.7981
0.00777741 1.79932

0.00777741 1.79932
0.00768683 1.80054

0.00768683 1.80054
0.00759488 1.80176

0.00759488 1.80176
0.00750156 1.80298

0.00750155 1.80298
0.00740687 1.8042

0.00740687 1.8042
0.00731082 1.80542

0.00731082 1.80542
0.00721342 1.80664

0.00708008 1.80828
0.00701457 1.80908

0.00721342 1.80664
0.00711468 1.80786

0.00708008 1.80828
0.00711474 1.80786

0.00701459 1.80908
0.00691317 1.8103

0.00691317 1.8103
0.00681041 1.81152

0.00681041 1.81152
0.00670632 1.81274

0.00670631 1.81274
0.0066009 1.81396

0.0066009 1.81396
0.00649417 1.81519

0.00649417 1.81519
0.00638612 1.81641

0.00585938 1.82216
0.00582634 1.82251

0.00582647 1.82251
0.0057107 1.82373

0.0057107 1.82373
0.00559365 1.82495

0.00559365 1.82495
0.00547534 1.82617

0.00547534 1.82617
0.00535577 1.82739

0.00535577 1.82739
0.00523494 1.82861

0.00523494 1.82861
0.00511287 1.82983

0.00511287 1.82983
0.00498956 1.83105

0.00498956 1.83105
0.00486503 1.83228

0.00486502 1.83228
0.00473926 1.8335

0.00463867 1.83446
0.00461214 1.83472

0.00461229 1.83472
0.00448411 1.83594

0.00463867 1.83446
0.00473931 1.8335

0.00638612 1.81641
0.00627677 1.81763

0.00627677 1.81763
0.00616613 1.81885

0.00616612 1.81885
0.00605419 1.82007

0.00605418 1.82007
0.00594096 1.82129

0.00585938 1.82216
0.00594102 1.82129

0.00448411 1.83594
0.00435471 1.83716

0.00435471 1.83716
0.00422411 1.83838

0.00422411 1.83838
0.00409231 1.8396

0.00409231 1.8396
0.00395933 1.84082

0.00341797 1.84568
0.00341546 1.8457

0.00395933 1.84082
0.00382517 1.84204

0.00382517 1.84204
0.00368984 1.84326

0.00368983 1.84326
0.00355334 1.84448

0.00341797 1.84568
0.00355334 1.84448

0.00341569 1.8457
0.0032769 1.84692

0.0032769 1.84692
0.00313696 1.84814

0.00313696 1.84814
0.00299587 1.84937

0.00299587 1.84937
0.00285366 1.85059

0.00285366 1.85059
0.00271032 1.85181

0.00271032 1.85181
0.00256587 1.85303

0.00256587 1.85303
0.00242031 1.85425

0.0024203 1.85425
0.00227366 1.85547

0.00219727 1.8561
0.00212587 1.85669

0.00212593 1.85669
0.00197711 1.85791

0.00219727 1.8561
0.00227372 1.85547

0.0019771 1.85791
0.0018272 1.85913

0.0018272 1.85913
0.00167623 1.86035

0.00167622 1.86035
0.00152419 1.86157

0.00152419 1.86157
0.0013711 1.86279

0.00137109 1.86279
0.00121696 1.86401

0.00121696 1.86401
0.0010618 1.86523

0.000976562 1.8659
0.000905548 1.86646

0.000905614 1.86646
0.000748408 1.86768

0.000748405 1.86768
0.000590182 1.8689

0.00059018 1.8689
0.000430949 1.87012

0.000430947 1.87012
0.000270719 1.87134

0.000270716 1.87134
0.000109501 1.87256

0.000109498 1.87256
-5.26934e-05 1.87378

-5.26981e-05 1.87378
-0.00021585 1.875

0.000976562 1.8659
0.00106185 1.86523

-0.00390625 1.90101
-0.00403242 1.90186

-0.0040324 1.90186
-0.00421532 1.90308

-0.00421532 1.90308
-0.00439899 1.9043

-0.00439899 1.9043
-0.00458339 1.90552

-0.00458339 1.90552
-0.00476852 1.90674

-0.00512695 1.90909
-0.00514104 1.90918

-0.00476852 1.90674
-0.00495435 1.90796

-0.00512695 1.90909
-0.00495434 1.90796

-0.00514088 1.90918
-0.00532809 1.9104

-0.0053281 1.9104
-0.00551599 1.91162

-0.00551599 1.91162
-0.00570456 1.91284

-0.00570457 1.91284
-0.00589379 1.91406

-0.000244141 1.87521
-0.000379963 1.87622

-0.000379959 1.87622
-0.000545027 1.87744

-0.000244141 1.87521
-0.000215817 1.875

-0.00054503 1.87744
-0.000711047 1.87866

-0.000711049 1.87866
-0.000878004 1.87988

-0.00146484 1.88412
-0.00155503 1.88477

-0.000878007 1.87988
-0.00104589 1.8811

-0.00104589 1.8811
-0.00121469 1.88232

-0.00121469 1.88232
-0.00138439 1.88354

-0.00146484 1.88412
-0.00138434 1.88354

-0.00155498 1.88477
-0.00172646 1.88599

-0.00172646 1.88599
-0.00189883 1.88721

-0.00189883 1.88721
-0.00207207 1.88843

-0.00207208 1.88843
-0.00224618 1.88965

-0.00224618 1.88965
-0.00242114 1.89087

-0.00242114 1.89087
-0.00259693 1.89209

-0.00268555 1.8927
-0.0027736 1.89331

-0.00277355 1.89331
-0.00295099 1.89453

-0.00268555 1.8927
-0.00259688 1.89209

-0.00295099 1.89453
-0.00312925 1.89575

-0.00312925 1.89575
-0.00330832 1.89697

-0.00330832 1.89697
-0.00348818 1.89819

-0.00348818 1.89819
-0.00366883 1.89941

-0.00366883 1.89941
-0.00385024 1.90063

-0.00390625 1.90101
-0.0038502 1.90063

-0.00634766 1.91697
-0.00646533 1.91772

-0.0064653 1.91772
-0.00665704 1.91895

-0.0058938 1.91406
-0.00608367 1.91528

-0.00608368 1.91528
-0.00627418 1.9165

-0.00634766 1.91697
-0.00627414 1.9165

-0.00665704 1.91895
-0.00684938 1.92017

-0.00684938 1.92017
-0.00704232 1.92139

-0.00704232 1.92139
-0.00723584 1.92261

-0.00723584 1.92261
-0.00742992 1.92383

-0.00878906 1.93228
-0.00880348 1.93237

-0.00880334 1.93237
-0.00900152 1.93359

-0.00756836 1.9247
-0.00762463 1.92505

-0.00762455 1.92505
-0.00781971 1.92627

-0.00756836 1.9247
-0.00742989 1.92383

-0.00781971 1.92627
-0.00801542 1.92749

-0.00801542 1.92749
-0.00821165 1.92871

-0.00821165 1.92871
-0.00840839 1.92993

-0.0084084 1.92993
-0.00860563 1.93115

-0.00878906 1.93228
-0.00860562 1.93115

-0.00900152 1.93359
-0.00920016 1.93481

-0.00920016 1.93481
-0.00939925 1.93604

-0.00939926 1.93604
-0.00959879 1.93726

-0.00959879 1.93726
-0.00979875 1.93848

-0.0100098 1.93976
-0.0101999 1.94092

-0.00979875 1.93848
-0.00999911 1.9397

-0.0100098 1.93976
-0.0099991 1.9397

-0.0101999 1.94092
-0.010401 1.94214

-0.010401 1.94214
-0.0106025 1.94336

-0.0112305 1.94715
-0.0114121 1.94824

-0.0106025 1.94336
-0.0108044 1.94458

-0.0108044 1.94458
-0.0110066 1.9458

-0.0110067 1.9458
-0.0112092 1.94702

-0.0112305 1.94715
-0.0112092 1.94702

-0.0114121 1.94824
-0.0116153 1.94946

-0.0116153 1.94946
-0.0118188 1.95068

-0.0118188 1.95068
-0.0120225 1.9519

-0.0120225 1.9519
-0.0122266 1.95312

-0.0234375 2.02016
-0.0234539 2.02026

-0.0234539 2.02026
-0.0236504 2.02148

-0.0236504 2.02148
-0.0238463 2.02271

-0.0238463 2.02271
-0.0240416 2.02393

-0.0240416 2.02393
-0.0242363 2.02515

-0.0242364 2.02515
-0.0244305 2.02637

-0.0246582 2.0278
-0.024817 2.02881

-0.0244305 2.02637
-0.024624 2.02759

-0.0246582 2.0278
-0.0246241 2.02759

-0.024817 2.02881
-0.0250092 2.03003

-0.0250092 2.03003
-0.0252008 2.03125

-0.0136719 1.96173
-0.0138669 1.96289

-0.0138669 1.96289
-0.0140728 1.96411

-0.0140728 1.96411
-0.0142788 1.96533

-0.0142788 1.96533
-0.0144849 1.96655

-0.0144849 1.96655
-0.0146911 1.96777

-0.0148926 1.96896
-0.0148975 1.96899

-0.0148974 1.96899
-0.0151038 1.97021

-0.0148926 1.96897
-0.0146911 1.96777

-0.0151038 1.97021
-0.0153102 1.97144

-0.0153102 1.97144
-0.0155167 1.97266

-0.0124512 1.95447
-0.0126354 1.95557

-0.0122266 1.95312
-0.0124309 1.95435

-0.0124512 1.95447
-0.0124309 1.95435

-0.0126354 1.95557
-0.0128402 1.95679

-0.0128402 1.95679
-0.0130451 1.95801

-0.0130451 1.95801
-0.0132503 1.95923

-0.0132503 1.95923
-0.0134557 1.96045

-0.0134557 1.96045
-0.0136612 1.96167

-0.0136719 1.96173
-0.0136612 1.96167

-0.0161133 1.97618
-0.0161365 1.97632

-0.0161364 1.97632
-0.0163429 1.97754

-0.0155167 1.97266
-0.0157233 1.97388

-0.0157233 1.97388
-0.0159298 1.9751

-0.0161133 1.97618
-0.0159298 1.9751

-0.0163429 1.97754
-0.0165495 1.97876

-0.0165495 1.97876
-0.016756 1.97998

-0.016756 1.97998
-0.0169624 1.9812

-0.0169624 1.9812
-0.0171688 1.98242

-0.0185547 1.99064
-0.0186105 1.99097

-0.0186105 1.99097
-0.0188158 1.99219

-0.017334 1.9834
-0.0173752 1.98364

-0.0173751 1.98364
-0.0175813 1.98486

-0.017334 1.9834
-0.0171688 1.98242

-0.0175813 1.98486
-0.0177874 1.98608

-0.0177874 1.98608
-0.0179934 1.9873

-0.0179934 1.9873
-0.0181992 1.98853

-0.0181992 1.98853
-0.0184049 1.98975

-0.0185547 1.99064
-0.0184049 1.98975

-0.0188158 1.99219
-0.0190209 1.99341

-0.0190209 1.99341
-0.0192258 1.99463

-0.0192258 1.99463
-0.0194305 1.99585

-0.0194306 1.99585
-0.019635 1.99707

-0.0197754 1.99791
-0.0198393 1.99829

-0.0198392 1.99829
-0.0200431 1.99951

-0.0197754 1.99791
-0.019635 1.99707

-0.0200431 1.99951
-0.0202468 2.00073

-0.0202468 2.00073
-0.0204501 2.00195

-0.0209961 2.00524
-0.0210582 2.00562

-0.0210582 2.00562
-0.0212602 2.00684

-0.0204501 2.00195
-0.0206532 2.00317

-0.0206532 2.00317
-0.0208559 2.00439

-0.0209961 2.00524
-0.0208559 2.00439

-0.0212602 2.00684
-0.0214618 2.00806

-0.0214618 2.00806
-0.021663 2.00928

-0.021663 2.00928
-0.0218638 2.0105

-0.0218638 2.0105
-0.0220642 2.01172

-0.0222168 2.01265
-0.0222642 2.01294

-0.0222642 2.01294
-0.0224637 2.01416

-0.0222168 2.01265
-0.0220642 2.01172

-0.0224637 2.01416
-0.0226627 2.01538

-0.0226627 2.01538
-0.0228613 2.0166

-0.0228613 2.0166
-0.0230593 2.01782

-0.0230593 2.01782
-0.0232569 2.01904

-0.0234375 2.02016
-0.0232569 2.01904

-0.0258789 2.03561
-0.0259603 2.03613

-0.0252008 2.03125
-0.0253917 2.03247

-0.0253917 2.03247
-0.0255819 2.03369

-0.0255819 2.03369
-0.0257715 2.03491

-0.0258789 2.03561
-0.0257715 2.03491

-0.0259603 2.03613
-0.0261483 2.03735

-0.0261483 2.03735
-0.0263357 2.03857

-0.0263357 2.03857
-0.0265222 2.03979

-0.0265222 2.03979
-0.026708 2.04102

-0.026708 2.04102
-0.026893 2.04224

-0.026893 2.04224
-0.0270771 2.04346

-0.0270996 2.04361
-0.0272605 2.04468

-0.0272605 2.04468
-0.027443 2.0459

-0.0270996 2.04361
-0.0270772 2.04346

-0.027443 2.0459
-0.0276247 2.04712

-0.0276247 2.04712
-0.0278055 2.04834

-0.0278055 2.04834
-0.0279854 2.04956

-0.0279854 2.04956
-0.0281644 2.05078

-0.0283203 2.05185
-0.0283425 2.052

-0.0283426 2.052
-0.0285198 2.05322

-0.0285198 2.05322
-0.028696 2.05444

-0.028696 2.05444
-0.0288713 2.05566

-0.0288713 2.05566
-0.0290457 2.05688

-0.0290457 2.05688
-0.0292191 2.05811

-0.029541 2.06039
-0.0295629 2.06055

-0.0292191 2.05811
-0.0293915 2.05933

-0.029541 2.06039
-0.0293915 2.05933

-0.0283203 2.05185
-0.0281644 2.05078

-0.0295629 2.06055
-0.0297333 2.06177

-0.0297333 2.06177
-0.0299026 2.06299

-0.0299026 2.06299
-0.030071 2.06421

-0.030071 2.06421
-0.0302382 2.06543

-0.0307617 2.0693
-0.0308965 2.07031

-0.0302382 2.06543
-0.0304044 2.06665

-0.0304044 2.06665
-0.0305695 2.06787

-0.0305695 2.06787
-0.0307336 2.06909

-0.0307617 2.0693
-0.0307336 2.06909

-0.0332031 2.08865
-0.0333433 2.08984

-0.0308965 2.07031
-0.0310583 2.07153

-0.0310583 2.07153
-0.031219 2.07275

-0.031219 2.07275
-0.0313785 2.07397

-0.0313785 2.07397
-0.0315369 2.0752

-0.0315369 2.0752
-0.0316941 2.07642

-0.0316941 2.07642
-0.0318502 2.07764

-0.0319824 2.07868
-0.0320049 2.07886

-0.032005 2.07886
-0.0321587 2.08008

-0.0319824 2.07868
-0.0318502 2.07764

-0.0321587 2.08008
-0.0323111 2.0813

-0.0323111 2.0813
-0.0324623 2.08252

-0.0324623 2.08252
-0.0326123 2.08374

-0.0326123 2.08374
-0.032761 2.08496

-0.032761 2.08496
-0.0329085 2.08618

-0.0329085 2.08618
-0.0330547 2.0874

-0.0330547 2.0874
-0.0331996 2.08862

-0.0332031 2.08865
-0.0331997 2.08862

-0.0333433 2.08984
-0.0334856 2.09106

-0.0334856 2.09106
-0.0336266 2.09229

-0.0336266 2.09229
-0.0337663 2.09351

-0.0337663 2.09351
-0.0339047 2.09473

-0.0339047 2.09473
-0.0340418 2.09595

-0.0340418 2.09595
-0.0341774 2.09717

-0.0344238 2.09942
-0.0344446 2.09961

-0.0341774 2.09717
-0.0343118 2.09839

-0.0344238 2.09942
-0.0343118 2.09839

-0.0344447 2.09961
-0.0345763 2.10083

-0.0345763 2.10083
-0.0347065 2.10205

-0.0347065 2.10205
-0.0348352 2.10327

-0.0348352 2.10327
-0.0349626 2.10449

-0.0349626 2.10449
-0.0350886 2.10571

-0.0350886 2.10571
-0.0352131 2.10693

-0.0352131 2.10693
-0.0353363 2.10815

-0.0353363 2.10815
-0.035458 2.10938

-0.0356445 2.11128
-0.0356969 2.11182

-0.035697 2.11182
-0.0358143 2.11304

-0.0358143 2.11304
-0.0359302 2.11426

-0.035458 2.10938
-0.0355782 2.1106

-0.0356445 2.11128
-0.0355783 2.1106

-0.0359302 2.11426
-0.0360445 2.11548

-0.0360445 2.11548
-0.0361574 2.1167

-0.0361574 2.1167
-0.0362688 2.11792

-0.0362688 2.11792
-0.0363787 2.11914

-0.0363788 2.11914
-0.0364872 2.12036

-0.0364872 2.12036
-0.0365941 2.12158

-0.0365941 2.12158
-0.0366994 2.1228

-0.0366994 2.1228
-0.0368033 2.12402

-0.0368652 2.12476
-0.0369056 2.12524

-0.0369057 2.12524
-0.0370065 2.12646

-0.0368652 2.12476
-0.0368034 2.12402

-0.0370065 2.12646
-0.0371057 2.12769

-0.0371057 2.12769
-0.0372034 2.12891

-0.0372034 2.12891
-0.0372996 2.13013

-0.0372996 2.13013
-0.0373942 2.13135

-0.0373942 2.13135
-0.0374873 2.13257

-0.0374873 2.13257
-0.0375788 2.13379

-0.0375788 2.13379
-0.0376687 2.13501

-0.0376687 2.13501
-0.0377571 2.13623

-0.0377571 2.13623
-0.0378439 2.13745

-0.0378439 2.13745
-0.0379291 2.13867

-0.0380859 2.14098
-0.0380946 2.14111

-0.0380948 2.14111
-0.0381753 2.14233

-0.0381753 2.14233
-0.0382542 2.14355

-0.0382542 2.14355
-0.0383315 2.14478

-0.0383315 2.14478
-0.0384072 2.146

-0.0384072 2.146
-0.0384813 2.14722

-0.0384813 2.14722
-0.0385539 2.14844

-0.0379291 2.13867
-0.0380128 2.13989

-0.0380859 2.14098
-0.0380128 2.13989

-0.0385539 2.14844
-0.0386248 2.14966

-0.0386248 2.14966
-0.038694 2.15088

-0.038694 2.15088
-0.0387617 2.1521

-0.0387617 2.1521
-0.0388278 2.15332

-0.0388278 2.15332
-0.0388922 2.15454

-0.0388922 2.15454
-0.0389551 2.15576

-0.0389551 2.15576
-0.0390163 2.15698

-0.0390163 2.15698
-0.0390759 2.1582

-0.0390759 2.1582
-0.0391339 2.15942

-0.0391339 2.15942
-0.0391903 2.16064

-0.0391903 2.16064
-0.0392451 2.16187

-0.0392451 2.16187
-0.0392984 2.16309

-0.0393066 2.16328
-0.0393499 2.16431

-0.03935 2.16431
-0.0393999 2.16553

-0.0393066 2.16328
-0.0392984 2.16309

-0.0393999 2.16553
-0.0394483 2.16675

-0.0394483 2.16675
-0.0394951 2.16797

-0.0394951 2.16797
-0.0395403 2.16919

-0.0395403 2.16919
-0.0395839 2.17041

-0.0395839 2.17041
-0.0396259 2.17163

-0.0396259 2.17163
-0.0396663 2.17285

-0.0396663 2.17285
-0.0397051 2.17407

-0.0397051 2.17407
-0.0397424 2.17529

-0.0397424 2.17529
-0.039778 2.17651

-0.039778 2.17651
-0.039812 2.17773

-0.039812 2.17773
-0.0398445 2.17896

-0.0398445 2.17896
-0.0398754 2.18018

-0.0398754 2.18018
-0.0399047 2.1814

-0.0399047 2.1814
-0.0399325 2.18262

-0.0399325 2.18262
-0.0399587 2.18384

-0.0399587 2.18384
-0.0399833 2.18506

-0.0399833 2.18506
-0.0400064 2.18628

-0.0400064 2.18628
-0.0400279 2.1875

-0.0400279 2.1875
-0.0400479 2.18872

-0.0400479 2.18872
-0.0400663 2.18994

-0.0400663 2.18994
-0.0400832 2.19116

-0.0400832 2.19116
-0.0400985 2.19238

-0.0400985 2.19238
-0.0401124 2.1936

-0.0401123 2.1936
-0.0401247 2.19482

-0.0401247 2.19482
-0.0401354 2.19604

-0.0401354 2.19604
-0.0401447 2.19727

-0.0401447 2.19727
-0.0401525 2.19849

-0.0401525 2.19849
-0.0401588 2.19971

-0.0401588 2.19971
-0.0401636 2.20093

-0.0401636 2.20093
-0.0401669 2.20215

-0.0401669 2.20215
-0.0401687 2.20337

-0.0401687 2.20337
-0.0401691 2.20459

-0.0401691 2.20459
-0.040168 2.20581

-0.040168 2.20581
-0.0401655 2.20703

-0.0401655 2.20703
-0.0401615 2.20825

-0.0401615 2.20825
-0.040156 2.20947

-0.040156 2.20947
-0.0401492 2.21069

-0.0401492 2.21069
-0.0401409 2.21191

-0.0401409 2.21191
-0.0401312 2.21313

-0.0401312 2.21313
-0.0401201 2.21436

-0.0401201 2.21436
-0.0401076 2.21558

-0.0401076 2.21558
-0.0400937 2.2168

-0.0400937 2.2168
-0.0400784 2.21802

-0.0400784 2.21802
-0.0400618 2.21924

-0.0400618 2.21924
-0.0400438 2.22046

-0.0400438 2.22046
-0.0400244 2.22168

-0.0400244 2.22168
-0.0400037 2.2229

-0.0400037 2.2229
-0.0399817 2.22412

-0.0399817 2.22412
-0.0399583 2.22534

-0.0399583 2.22534
-0.0399337 2.22656

-0.0399337 2.22656
-0.0399077 2.22778

-0.0399077 2.22778
-0.0398804 2.229

-0.0398804 2.229
-0.0398519 2.23022

-0.0398519 2.23022
-0.0398221 2.23145

-0.0398221 2.23145
-0.039791 2.23267

-0.039791 2.23267
-0.0397587 2.23389

-0.0397587 2.23389
-0.0397251 2.23511

-0.0397251 2.23511
-0.0396903 2.23633

-0.0396903 2.23633
-0.0396543 2.23755

-0.0396543 2.23755
-0.0396171 2.23877

-0.0396171 2.23877
-0.0395787 2.23999

-0.0395787 2.23999
-0.0395391 2.24121

-0.0395391 2.24121
-0.0394983 2.24243

-0.0394983 2.24243
-0.0394564 2.24365

-0.0394564 2.24365
-0.0394133 2.24487

-0.0394133 2.24487
-0.0393691 2.24609

-0.0393691 2.24609
-0.0393238 2.24731

-0.0393238 2.24731
-0.0393066 2.24777

-0.0393066 2.24776
-0.0392773 2.24854

-0.0392773 2.24854
-0.0392298 2.24976

-0.0392297 2.24976
-0.0391811 2.25098

-0.0391811 2.25098
-0.0391314 2.2522

-0.0391314 2.2522
-0.0390806 2.25342

-0.0390806 2.25342
-0.0390287 2.25464

-0.0390287 2.25464
-0.0389759 2.25586

-0.0389759 2.25586
-0.038922 2.25708

-0.038922 2.25708
-0.038867 2.2583

-0.038867 2.2583
-0.0388111 2.25952

-0.0388111 2.25952
-0.0387542 2.26074

-0.0387542 2.26074
-0.0386963 2.26196

-0.0386963 2.26196
-0.0386375 2.26318

-0.0386374 2.26318
-0.0385777 2.2644

-0.0385777 2.2644
-0.0385169 2.26562

-0.0385169 2.26562
-0.0384553 2.26685

-0.0384553 2.26685
-0.0383927 2.26807

-0.0383927 2.26807
-0.0383292 2.26929

-0.0383292 2.26929
-0.0382649 2.27051

-0.0382649 2.27051
-0.0381997 2.27173

-0.0381997 2.27173
-0.0381336 2.27295

-0.0381336 2.27295
-0.0380859 2.27382

-0.0380859 2.27382
-0.0380666 2.27417

-0.0380667 2.27417
-0.0379989 2.27539

-0.0379989 2.27539
-0.0379304 2.27661

-0.0379304 2.27661
-0.037861 2.27783

-0.037861 2.27783
-0.0377908 2.27905

-0.0377908 2.27905
-0.0377199 2.28027

-0.0377198 2.28027
-0.0376481 2.28149

-0.0376481 2.28149
-0.0375757 2.28271

-0.0375757 2.28271
-0.0375025 2.28394

-0.0375025 2.28394
-0.0374285 2.28516

-0.0374285 2.28516
-0.0373539 2.28638

-0.0373539 2.28638
-0.0372785 2.2876

-0.0372785 2.2876
-0.0372025 2.28882

-0.0372025 2.28882
-0.0371258 2.29004

-0.0371258 2.29004
-0.0370485 2.29126

-0.0370485 2.29126
-0.0369705 2.29248

-0.0369705 2.29248
-0.0368918 2.2937

-0.0368919 2.2937
-0.0368652 2.29411

-0.0368652 2.29411
-0.0368126 2.29492

-0.0368126 2.29492
-0.0367328 2.29614

-0.0367328 2.29614
-0.0366523 2.29736

-0.0366523 2.29736
-0.0365713 2.29858

-0.0365713 2.29858
-0.0364897 2.2998

-0.0364897 2.2998
-0.0364076 2.30103

-0.0364076 2.30103
-0.036325 2.30225

-0.036325 2.30225
-0.0362418 2.30347

-0.0362418 2.30347
-0.0361581 2.30469

-0.0361581 2.30469
-0.0360739 2.30591

-0.0360739 2.30591
-0.0359892 2.30713

-0.0359892 2.30713
-0.0359041 2.30835

-0.0359041 2.30835
-0.0358185 2.30957

-0.0358185 2.30957
-0.0357325 2.31079

-0.0357324 2.31079
-0.035646 2.31201

-0.035646 2.31201
-0.0356445 2.31203

-0.0356445 2.31203
-0.0355591 2.31323

-0.0355591 2.31323
-0.0354718 2.31445

-0.0354718 2.31445
-0.0353842 2.31567

-0.0353841 2.31567
-0.0352961 2.31689

-0.0352961 2.31689
-0.0352077 2.31812

-0.0352077 2.31812
-0.0351189 2.31934

-0.0351189 2.31934
-0.0350298 2.32056

-0.0350298 2.32056
-0.0349404 2.32178

-0.0349404 2.32178
-0.0348506 2.323

-0.0348506 2.323
-0.0347606 2.32422

-0.0347606 2.32422
-0.0346702 2.32544

-0.0346702 2.32544
-0.0345796 2.32666

-0.0345796 2.32666
-0.0344887 2.32788

-0.0344888 2.32788
-0.0344238 2.32875

-0.0344238 2.32875
-0.0343976 2.3291

-0.0343976 2.3291
-0.0343063 2.33032

-0.0343063 2.33032
-0.0342147 2.33154

-0.0342147 2.33154
-0.0341229 2.33276

-0.0341229 2.33276
-0.0340309 2.33398

-0.0340309 2.33398
-0.0339387 2.33521

-0.0339387 2.33521
-0.0338464 2.33643

-0.0338464 2.33643
-0.0337539 2.33765

-0.0337539 2.33765
-0.0336612 2.33887

-0.0336612 2.33887
-0.0335684 2.34009

-0.0335684 2.34009
-0.0334755 2.34131

-0.0334755 2.34131
-0.0333825 2.34253

-0.0333825 2.34253
-0.0332894 2.34375

-0.0332894 2.34375
-0.0332031 2.34488

-0.0332031 2.34488
-0.0331962 2.34497

-0.0331962 2.34497
-0.0331029 2.34619

-0.0331029 2.34619
-0.0330095 2.34741

-0.0330095 2.34741
-0.032916 2.34863

-0.032916 2.34863
-0.0328226 2.34985

-0.0328226 2.34985
-0.0327291 2.35107

-0.032729 2.35107
-0.0326355 2.35229

-0.0326355 2.35229
-0.032542 2.35352

-0.032542 2.35352
-0.0324484 2.35474

-0.0324484 2.35474
-0.0323548 2.35596

-0.0323548 2.35596
-0.0322613 2.35718

-0.0322613 2.35718
-0.0321678 2.3584

-0.0321678 2.3584
-0.0320743 2.35962

-0.0320743 2.35962
-0.0319824 2.36082

-0.0319824 2.36082
-0.0319809 2.36084

-0.0319809 2.36084
-0.0318875 2.36206

-0.0318875 2.36206
-0.0317942 2.36328

-0.0317942 2.36328
-0.031701 2.3645

-0.031701 2.3645
-0.0316079 2.36572

-0.0316079 2.36572
-0.0315149 2.36694

-0.0315149 2.36694
-0.031422 2.36816

-0.031422 2.36816
-0.0313292 2.36938

-0.0313292 2.36938
-0.0312365 2.37061

-0.0312365 2.37061
-0.031144 2.37183

-0.031144 2.37183
-0.0310516 2.37305

-0.0310516 2.37305
-0.0309594 2.37427

-0.0309594 2.37427
-0.0308673 2.37549

-0.0308673 2.37549
-0.0307755 2.37671

-0.0307754 2.37671
-0.0307617 2.37689

-0.0307617 2.37689
-0.0306838 2.37793

-0.0306838 2.37793
-0.0305922 2.37915

-0.0305922 2.37915
-0.0305009 2.38037

-0.0305009 2.38037
-0.0304099 2.38159

-0.0304098 2.38159
-0.030319 2.38281

-0.030319 2.38281
-0.0302283 2.38403

-0.0302283 2.38403
-0.0301379 2.38525

-0.0301379 2.38525
-0.0300477 2.38647

-0.0300477 2.38647
-0.0299578 2.3877

-0.0299578 2.3877
-0.0298681 2.38892

-0.0298681 2.38892
-0.0297787 2.39014

-0.0297787 2.39014
-0.0296896 2.39136

-0.0296896 2.39136
-0.0296007 2.39258

-0.0296007 2.39258
-0.029541 2.3934

-0.029541 2.3934
-0.0295122 2.3938

-0.0295122 2.3938
-0.0294239 2.39502

-0.0294239 2.39502
-0.0293359 2.39624

-0.0293359 2.39624
-0.0292483 2.39746

-0.0292483 2.39746
-0.029161 2.39868

-0.029161 2.39868
-0.029074 2.3999

-0.029074 2.3999
-0.0289874 2.40112

-0.0289874 2.40112
-0.0289011 2.40234

-0.0289011 2.40234
-0.0288151 2.40356

-0.0288151 2.40356
-0.0287295 2.40479

-0.0287295 2.40479
-0.0286443 2.40601

-0.0286443 2.40601
-0.0285594 2.40723

-0.0285594 2.40723
-0.0284749 2.40845

-0.0284749 2.40845
-0.0283908 2.40967

-0.0283908 2.40967
-0.0283203 2.4107

-0.0283203 2.4107
-0.0283071 2.41089

-0.028307 2.41089
-0.0282237 2.41211

-0.0282237 2.41211
-0.0281407 2.41333

-0.0281407 2.41333
-0.0280582 2.41455

-0.0280581 2.41455
-0.027976 2.41577

-0.027976 2.41577
-0.0278942 2.41699

-0.0278942 2.41699
-0.0278129 2.41821

-0.0278129 2.41821
-0.027732 2.41943

-0.027732 2.41943
-0.0276515 2.42065

-0.0276515 2.42065
-0.0275714 2.42188

-0.0275714 2.42188
-0.0274918 2.4231

-0.0274918 2.4231
-0.0274126 2.42432

-0.0274126 2.42432
-0.0273338 2.42554

-0.0273338 2.42554
-0.0272555 2.42676

-0.0272555 2.42676
-0.0271777 2.42798

-0.0271777 2.42798
-0.0271003 2.4292

-0.0271003 2.4292
-0.0270996 2.42921

-0.0270996 2.42921
-0.0270233 2.43042

-0.0270233 2.43042
-0.0269468 2.43164

-0.0269468 2.43164
-0.0268708 2.43286

-0.0268708 2.43286
-0.0267953 2.43408

-0.0267953 2.43408
-0.0267202 2.4353

-0.0267202 2.4353
-0.0266456 2.43652

-0.0266456 2.43652
-0.0265715 2.43774

-0.0265715 2.43774
-0.0264979 2.43896

-0.0264979 2.43896
-0.0264248 2.44019

-0.0264248 2.44019
-0.0263521 2.44141

-0.0263521 2.44141
-0.02628 2.44263

-0.02628 2.44263
-0.0262083 2.44385

-0.0262083 2.44385
-0.0261372 2.44507

-0.0261372 2.44507
-0.0260665 2.44629

-0.0260665 2.44629
-0.0259964 2.44751

-0.0259964 2.44751
-0.0259267 2.44873

-0.0259267 2.44873
-0.0258789 2.44957

-0.0258789 2.44958
-0.0258576 2.44995

-0.0258576 2.44995
-0.0257889 2.45117

-0.0257889 2.45117
-0.0257208 2.45239

-0.0257208 2.45239
-0.0256532 2.45361

-0.0256532 2.45361
-0.0255861 2.45483

-0.0255861 2.45483
-0.0255196 2.45605

-0.0255196 2.45605
-0.0254535 2.45728

-0.0254535 2.45728
-0.025388 2.4585

-0.025388 2.4585
-0.025323 2.45972

-0.025323 2.45972
-0.0252585 2.46094

-0.0252585 2.46094
-0.0251946 2.46216

-0.0251946 2.46216
-0.0251311 2.46338

-0.0251311 2.46338
-0.0250682 2.4646

-0.0250682 2.4646
-0.0250059 2.46582

-0.0250059 2.46582
-0.024944 2.46704

-0.024944 2.46704
-0.0248827 2.46826

-0.0248827 2.46826
-0.0248219 2.46948

-0.0248219 2.46948
-0.0247617 2.4707

-0.0247617 2.4707
-0.0247019 2.47192

-0.0247019 2.47192
-0.0246582 2.47283

-0.0246582 2.47283
-0.0246428 2.47314

-0.0246427 2.47314
-0.0245841 2.47437

-0.0245841 2.47437
-0.024526 2.47559

-0.024526 2.47559
-0.0244684 2.47681

-0.0244684 2.47681
-0.0244113 2.47803

-0.0244113 2.47803
-0.0243548 2.47925

-0.0243548 2.47925
-0.0242988 2.48047

-0.0242988 2.48047
-0.0242434 2.48169

-0.0242434 2.48169
-0.0241885 2.48291

-0.0241885 2.48291
-0.0241341 2.48413

-0.0241341 2.48413
-0.0240803 2.48535

-0.0240803 2.48535
-0.024027 2.48657

-0.024027 2.48657
-0.0239742 2.48779

-0.0239742 2.48779
-0.023922 2.48901

-0.023922 2.48901
-0.0238702 2.49023

-0.0238702 2.49023
-0.0238191 2.49146

-0.0238191 2.49146
-0.0237684 2.49268

-0.0237684 2.49268
-0.0237183 2.4939

-0.0237183 2.4939
-0.0236687 2.49512

-0.0236687 2.49512
-0.0236197 2.49634

-0.0236197 2.49634
-0.0235712 2.49756

-0.0235712 2.49756
-0.0235231 2.49878

-0.0235231 2.49878
-0.0234756 2.5

-0.0234756 2.5
-0.0234375 2.50099

-0.0234375 2.50099
-0.0234287 2.50122

-0.0234286 2.50122
-0.0233821 2.50244

-0.0233821 2.50244
-0.0233362 2.50366

-0.0233362 2.50366
-0.0232907 2.50488

-0.0232907 2.50488
-0.0232457 2.5061

-0.0232457 2.5061
-0.0232013 2.50732

-0.0232013 2.50732
-0.0231573 2.50854

-0.0231573 2.50854
-0.0231139 2.50977

-0.0231139 2.50977
-0.0230709 2.51099

-0.0230709 2.51099
-0.0230285 2.51221

-0.0230285 2.51221
-0.0229865 2.51343

-0.0229865 2.51343
-0.022945 2.51465

-0.022945 2.51465
-0.0229041 2.51587

-0.0229041 2.51587
-0.0228636 2.51709

-0.0228636 2.51709
-0.0228236 2.51831

-0.0228236 2.51831
-0.022784 2.51953

-0.022784 2.51953
-0.022745 2.52075

-0.022745 2.52075
-0.0227064 2.52197

-0.0227064 2.52197
-0.0226683 2.52319

-0.0226683 2.52319
-0.0226307 2.52441

-0.0226307 2.52441
-0.0225936 2.52563

-0.0225936 2.52563
-0.0225569 2.52686

-0.0225569 2.52686
-0.0225206 2.52808

-0.0225206 2.52808
-0.0224849 2.5293

-0.0224849 2.5293
-0.0224496 2.53052

-0.0224496 2.53052
-0.0224147 2.53174

-0.0224147 2.53174
-0.0223803 2.53296

-0.0223803 2.53296
-0.0223463 2.53418

-0.0223463 2.53418
-0.0223128 2.5354

-0.0223128 2.5354
-0.0222797 2.53662

-0.0222797 2.53662
-0.0222471 2.53784

-0.0222471 2.53784
-0.0222168 2.53899

-0.0222168 2.53899
-0.022215 2.53906

-0.0222149 2.53906
-0.0221831 2.54028

-0.0221831 2.54028
-0.0221517 2.5415

-0.0221517 2.5415
-0.0221208 2.54272

-0.0221208 2.54272
-0.0220903 2.54395

-0.0220903 2.54395
-0.0220602 2.54517

-0.0220602 2.54517
-0.0220305 2.54639

-0.0220305 2.54639
-0.0220012 2.54761

-0.0220012 2.54761
-0.0219723 2.54883

-0.0219723 2.54883
-0.0219438 2.55005

-0.0219438 2.55005
-0.0219157 2.55127

-0.0219157 2.55127
-0.021888 2.55249

-0.021888 2.55249
-0.0218607 2.55371

-0.0218607 2.55371
-0.0218338 2.55493

-0.0218338 2.55493
-0.0218073 2.55615

-0.0218073 2.55615
-0.0217811 2.55737

-0.0217811 2.55737
-0.0217553 2.55859

-0.0217553 2.55859
-0.0217299 2.55981

-0.0217299 2.55981
-0.0217048 2.56104

-0.0217048 2.56104
-0.0216801 2.56226

-0.0216801 2.56226
-0.0216558 2.56348

-0.0216558 2.56348
-0.0216318 2.5647

-0.0216318 2.5647
-0.0216081 2.56592

-0.0216081 2.56592
-0.0215848 2.56714

-0.0215848 2.56714
-0.0215619 2.56836

-0.0215619 2.56836
-0.0215392 2.56958

-0.0215392 2.56958
-0.0215169 2.5708

-0.0215169 2.5708
-0.0214949 2.57202

-0.0214949 2.57202
-0.0214733 2.57324

-0.0214733 2.57324
-0.0214519 2.57446

-0.0214519 2.57446
-0.0214309 2.57568

-0.0214309 2.57568
-0.0214102 2.5769

-0.0214102 2.5769
-0.0213898 2.57812

-0.0213898 2.57812
-0.0213696 2.57935

-0.0213696 2.57935
-0.0213498 2.58057

-0.0213498 2.58057
-0.0213303 2.58179

-0.0213303 2.58179
-0.021311 2.58301

-0.021311 2.58301
-0.021292 2.58423

-0.021292 2.58423
-0.0212733 2.58545

-0.0212733 2.58545
-0.0212549 2.58667

-0.0212549 2.58667
-0.0212367 2.58789

-0.0212367 2.58789
-0.0212188 2.58911

-0.0212188 2.58911
-0.0212011 2.59033

-0.0212011 2.59033
-0.0211837 2.59155

-0.0211837 2.59155
-0.0211666 2.59277

-0.0211666 2.59277
-0.0211497 2.59399

-0.0211497 2.59399
-0.021133 2.59521

-0.021133 2.59521
-0.0211166 2.59644

-0.0211166 2.59644
-0.0211003 2.59766

-0.0211003 2.59766
-0.0210843 2.59888

-0.0210843 2.59888
-0.0210686 2.6001

-0.0210686 2.6001
-0.021053 2.60132

-0.021053 2.60132
-0.0210377 2.60254

-0.0210377 2.60254
-0.0210225 2.60376

-0.0210225 2.60376
-0.0210076 2.60498

-0.0210076 2.60498
-0.0209961 2.60593

-0.0209961 2.60595
-0.0209931 2.6062

-0.0209929 2.6062
-0.0209783 2.60742

-0.0209783 2.60742
-0.020964 2.60864

-0.020964 2.60864
-0.0209498 2.60986

-0.0209498 2.60986
-0.0209358 2.61108

-0.0209358 2.61108
-0.020922 2.6123

-0.020922 2.6123
-0.0209084 2.61353

-0.0209084 2.61353
-0.0208949 2.61475

-0.0208949 2.61475
-0.0208816 2.61597

-0.0208816 2.61597
-0.0208684 2.61719

-0.0208684 2.61719
-0.0208554 2.61841

-0.0208554 2.61841
-0.0208426 2.61963

-0.0208426 2.61963
-0.0208299 2.62085

-0.0208299 2.62085
-0.0208173 2.62207

-0.0208173 2.62207
-0.0208049 2.62329

-0.0208049 2.62329
-0.0207926 2.62451

-0.0207926 2.62451
-0.0207804 2.62573

-0.0207804 2.62573
-0.0207683 2.62695

-0.0207683 2.62695
-0.0207564 2.62817

-0.0207564 2.62817
-0.0207446 2.62939

-0.0207446 2.62939
-0.0207329 2.63062

-0.0207329 2.63062
-0.0207213 2.63184

-0.0207213 2.63184
-0.0207098 2.63306

-0.0207098 2.63306
-0.0206984 2.63428

-0.0206984 2.63428
-0.0206871 2.6355

-0.0206871 2.6355
-0.0206759 2.63672

-0.0206759 2.63672
-0.0206648 2.63794

-0.0206648 2.63794
-0.0206537 2.63916

-0.0206537 2.63916
-0.0206428 2.64038

-0.0206428 2.64038
-0.0206319 2.6416

-0.0206319 2.6416
-0.0206211 2.64282

-0.0206211 2.64282
-0.0206103 2.64404

-0.0206103 2.64404
-0.0205996 2.64526

-0.0205997 2.64526
-0.020589 2.64648

-0.020589 2.64648
-0.0205785 2.64771

-0.0205785 2.64771
-0.020568 2.64893

-0.020568 2.64893
-0.0205575 2.65015

-0.0205575 2.65015
-0.0205471 2.65137

-0.0205471 2.65137
-0.0205367 2.65259

-0.0205367 2.65259
-0.0205264 2.65381

-0.0205264 2.65381
-0.0205161 2.65503

-0.0205161 2.65503
-0.0205058 2.65625

-0.0205058 2.65625
-0.0204956 2.65747

-0.0204956 2.65747
-0.0204854 2.65869

-0.0204854 2.65869
-0.0204752 2.65991

-0.0204752 2.65991
-0.020465 2.66113

-0.020465 2.66113
-0.0204549 2.66235

-0.0204549 2.66235
-0.0204447 2.66357

-0.0204447 2.66357
-0.0204346 2.66479

-0.0204346 2.66479
-0.0204245 2.66602

-0.0204245 2.66602
-0.0204144 2.66724

-0.0204144 2.66724
-0.0204043 2.66846

-0.0204043 2.66846
-0.0203942 2.66968

-0.0203942 2.66968
-0.020384 2.6709

-0.020384 2.6709
-0.0203739 2.67212

-0.0203739 2.67212
-0.0203638 2.67334

-0.0203638 2.67334
-0.0203536 2.67456

-0.0203536 2.67456
-0.0203435 2.67578

-0.0203435 2.67578
-0.0203333 2.677

-0.0203333 2.677
-0.0203231 2.67822

-0.0203231 2.67822
-0.0203129 2.67944

-0.0203129 2.67944
-0.0203026 2.68066

-0.0203026 2.68066
-0.0202923 2.68188

-0.0202923 2.68188
-0.020282 2.68311

-0.020282 2.68311
-0.0202717 2.68433

-0.0202717 2.68433
-0.0202613 2.68555

-0.0202613 2.68555
-0.0202509 2.68677

-0.0202509 2.68677
-0.0202404 2.68799

-0.0202404 2.68799
-0.02023 2.68921

-0.02023 2.68921
-0.0202194 2.69043

-0.0202194 2.69043
-0.0202088 2.69165

-0.0202088 2.69165
-0.0201982 2.69287

-0.0201982 2.69287
-0.0201875 2.69409

-0.0201875 2.69409
-0.0201768 2.69531

-0.0201768 2.69531
-0.020166 2.69653

-0.020166 2.69653
-0.0201552 2.69775

-0.0201552 2.69775
-0.0201443 2.69897

-0.0201443 2.69897
-0.0201333 2.7002

-0.0201333 2.7002
-0.0201223 2.70142

-0.0201223 2.70142
-0.0201112 2.70264

-0.0201112 2.70264
-0.0201001 2.70386

-0.0201001 2.70386
-0.0200889 2.70508

-0.0200889 2.70508
-0.0200776 2.7063

-0.0200776 2.7063
-0.0200663 2.70752

-0.0200663 2.70752
-0.0200549 2.70874

-0.0200549 2.70874
-0.0200434 2.70996

-0.0200434 2.70996
-0.0200318 2.71118

-0.0200318 2.71118
-0.0200202 2.7124

-0.0200202 2.7124
-0.0200085 2.71362

-0.0200085 2.71362
-0.0199967 2.71484

-0.0199967 2.71484
-0.0199849 2.71606

-0.0199849 2.71606
-0.0199729 2.71729

-0.0199729 2.71729
-0.0199609 2.71851

-0.0199609 2.71851
-0.0199488 2.71973

-0.0199488 2.71973
-0.0199367 2.72095

-0.0199367 2.72095
-0.0199244 2.72217

-0.0199244 2.72217
-0.0199121 2.72339

-0.0199121 2.72339
-0.0198997 2.72461

-0.0198997 2.72461
-0.0198872 2.72583

-0.0198872 2.72583
-0.0198746 2.72705

-0.0198746 2.72705
-0.0198619 2.72827

-0.0198619 2.72827
-0.0198492 2.72949

-0.0198492 2.72949
-0.0198363 2.73071

-0.0198363 2.73071
-0.0198234 2.73193

-0.0198234 2.73193
-0.0198104 2.73315

-0.0198104 2.73315
-0.0197973 2.73438

-0.0197973 2.73438
-0.0197841 2.7356

-0.0197841 2.7356
-0.0197754 2.7364

-0.0197754 2.73639
-0.0197708 2.73682

-0.0197708 2.73682
-0.0197575 2.73804

-0.0197575 2.73804
-0.019744 2.73926

-0.019744 2.73926
-0.0197305 2.74048

-0.0197305 2.74048
-0.0197168 2.7417

-0.0197168 2.7417
-0.0197031 2.74292

-0.0197031 2.74292
-0.0196893 2.74414

-0.0196893 2.74414
-0.0196754 2.74536

-0.0196754 2.74536
-0.0196614 2.74658

-0.0196614 2.74658
-0.0196473 2.7478

-0.0196473 2.7478
-0.0196332 2.74902

-0.0196332 2.74902
-0.0196189 2.75024

-0.0196189 2.75024
-0.0196046 2.75146

-0.0196046 2.75146
-0.0195901 2.75269

-0.0195901 2.75269
-0.0195756 2.75391

-0.0195756 2.75391
-0.019561 2.75513

-0.019561 2.75513
-0.0195463 2.75635

-0.0195463 2.75635
-0.0195315 2.75757

-0.0195315 2.75757
-0.0195166 2.75879

-0.0195166 2.75879
-0.0195016 2.76001

-0.0195016 2.76001
-0.0194865 2.76123

-0.0194865 2.76123
-0.0194714 2.76245

-0.0194714 2.76245
-0.0194561 2.76367

-0.0194561 2.76367
-0.0194408 2.76489

-0.0194408 2.76489
-0.0194254 2.76611

-0.0194254 2.76611
-0.0194099 2.76733

-0.0194099 2.76733
-0.0193943 2.76855

-0.0193943 2.76855
-0.0193787 2.76978

-0.0193787 2.76978
-0.0193629 2.771

-0.0193629 2.771
-0.0193471 2.77222

-0.0193471 2.77222
-0.0193312 2.77344

-0.0193312 2.77344
-0.0193152 2.77466

-0.0193152 2.77466
-0.0192991 2.77588

-0.0192991 2.77588
-0.0192829 2.7771

-0.0192829 2.7771
-0.0192667 2.77832

-0.0192667 2.77832
-0.0192504 2.77954

-0.0192504 2.77954
-0.019234 2.78076

-0.019234 2.78076
-0.0192175 2.78198

-0.0192175 2.78198
-0.0192009 2.7832

-0.0192009 2.7832
-0.0191843 2.78442

-0.0191843 2.78442
-0.0191676 2.78564

-0.0191676 2.78564
-0.0191508 2.78687

-0.0191508 2.78687
-0.019134 2.78809

-0.019134 2.78809
-0.0191171 2.78931

-0.0191171 2.78931
-0.0191001 2.79053

-0.0191001 2.79053
-0.019083 2.79175

-0.019083 2.79175
-0.0190659 2.79297

-0.0190659 2.79297
-0.0190487 2.79419

-0.0190487 2.79419
-0.0190314 2.79541

-0.0190314 2.79541
-0.0190141 2.79663

-0.0190141 2.79663
-0.0189967 2.79785

-0.0189967 2.79785
-0.0189792 2.79907

-0.0189792 2.79907
-0.0189617 2.80029

-0.0189617 2.80029
-0.0189441 2.80151

-0.0189441 2.80151
-0.0189264 2.80273

-0.0189264 2.80273
-0.0189087 2.80396

-0.0189087 2.80396
-0.0188909 2.80518

-0.0188909 2.80518
-0.0188731 2.8064

-0.0188731 2.8064
-0.0188552 2.80762

-0.0188552 2.80762
-0.0188373 2.80884

-0.0188373 2.80884
-0.0188193 2.81006

-0.0188193 2.81006
-0.0188012 2.81128

-0.0188012 2.81128
-0.0187831 2.8125

-0.0187831 2.8125
-0.018765 2.81372

-0.018765 2.81372
-0.0187468 2.81494

-0.0187468 2.81494
-0.0187285 2.81616

-0.0187285 2.81616
-0.0187102 2.81738

-0.0187102 2.81738
-0.0186919 2.8186

-0.0186919 2.8186
-0.0186735 2.81982

-0.0186735 2.81982
-0.0186551 2.82104

-0.0186551 2.82104
-0.0186366 2.82227

-0.0186366 2.82227
-0.0186181 2.82349

-0.0186181 2.82349
-0.0185995 2.82471

-0.0185995 2.82471
-0.0185809 2.82593

-0.0185809 2.82593
-0.0185623 2.82715

-0.0185623 2.82715
-0.0185547 2.82765

-0.0185547 2.82765
-0.0185436 2.82837

-0.0185437 2.82837
-0.018525 2.82959

-0.018525 2.82959
-0.0185062 2.83081

-0.0185062 2.83081
-0.0184875 2.83203

-0.0184875 2.83203
-0.0184687 2.83325

-0.0184687 2.83325
-0.0184498 2.83447

-0.0184498 2.83447
-0.018431 2.83569

-0.018431 2.83569
-0.0184121 2.83691

-0.0184121 2.83691
-0.0183932 2.83813

-0.0183932 2.83813
-0.0183742 2.83936

-0.0183742 2.83936
-0.0183553 2.84058

-0.0183553 2.84058
-0.0183363 2.8418

-0.0183363 2.8418
-0.0183173 2.84302

-0.0183173 2.84302
-0.0182983 2.84424

-0.0182983 2.84424
-0.0182792 2.84546

-0.0182792 2.84546
-0.0182601 2.84668

-0.0182601 2.84668
-0.0182411 2.8479

-0.0182411 2.8479
-0.018222 2.84912

-0.018222 2.84912
-0.0182028 2.85034

-0.0182028 2.85034
-0.0181837 2.85156

-0.0181837 2.85156
-0.0181646 2.85278

-0.0181646 2.85278
-0.0181454 2.854

-0.0181454 2.854
-0.0181263 2.85522

-0.0181263 2.85522
-0.0181071 2.85645

-0.0181071 2.85645
-0.0180879 2.85767

-0.0180879 2.85767
-0.0180687 2.85889

-0.0180687 2.85889
-0.0180495 2.86011

-0.0180495 2.86011
-0.0180303 2.86133

-0.0180303 2.86133
-0.0180111 2.86255

-0.0180111 2.86255
-0.0179919 2.86377

-0.0179919 2.86377
-0.0179727 2.86499

-0.0179727 2.86499
-0.0179535 2.86621

-0.0179535 2.86621
-0.0179343 2.86743

-0.0179343 2.86743
-0.0179151 2.86865

-0.0179151 2.86865
-0.0178959 2.86987

-0.0178959 2.86987
-0.0178767 2.87109

-0.0178767 2.87109
-0.0178575 2.87231

-0.0178575 2.87231
-0.0178383 2.87354

-0.0178383 2.87354
-0.0178191 2.87476

-0.0178191 2.87476
-0.0177999 2.87598

-0.0177999 2.87598
-0.0177807 2.8772

-0.0177807 2.8772
-0.0177616 2.87842

-0.0177616 2.87842
-0.0177424 2.87964

-0.0177424 2.87964
-0.0177233 2.88086

-0.0177233 2.88086
-0.0177041 2.88208

-0.0177041 2.88208
-0.017685 2.8833

-0.017685 2.8833
-0.0176659 2.88452

-0.0176659 2.88452
-0.0176468 2.88574

-0.0176468 2.88574
-0.0176278 2.88696

-0.0176277 2.88696
-0.0176087 2.88818

-0.0176087 2.88818
-0.0175896 2.8894

-0.0175896 2.8894
-0.0175706 2.89062

-0.0175706 2.89062
-0.0175516 2.89185

-0.0175516 2.89185
-0.0175326 2.89307

-0.0175326 2.89307
-0.0175137 2.89429

-0.0175137 2.89429
-0.0174947 2.89551

-0.0174947 2.89551
-0.0174758 2.89673

-0.0174758 2.89673
-0.0174569 2.89795

-0.0174569 2.89795
-0.017438 2.89917

-0.017438 2.89917
-0.0174192 2.90039

-0.0174192 2.90039
-0.0174003 2.90161

-0.0174003 2.90161
-0.0173815 2.90283

-0.0173815 2.90283
-0.0173627 2.90405

-0.0173627 2.90405
-0.017344 2.90527

-0.017344 2.90527
-0.017334 2.90592

-0.017334 2.90592
-0.0173253 2.90649

-0.0173252 2.90649
-0.0173065 2.90771

-0.0173065 2.90771
-0.0172879 2.90894

-0.0172879 2.90894
-0.0172692 2.91016

-0.0172692 2.91016
-0.0172506 2.91138

-0.0172506 2.91138
-0.017232 2.9126

-0.017232 2.9126
-0.0172135 2.91382

-0.0172135 2.91382
-0.017195 2.91504

-0.017195 2.91504
-0.0171765 2.91626

-0.0171765 2.91626
-0.017158 2.91748

-0.017158 2.91748
-0.0171396 2.9187

-0.0171396 2.9187
-0.0171212 2.91992

-0.0171212 2.91992
-0.0171028 2.92114

-0.0171028 2.92114
-0.0170845 2.92236

-0.0170845 2.92236
-0.0170662 2.92358

-0.0170662 2.92358
-0.0170479 2.9248

-0.0170479 2.9248
-0.0170297 2.92603

-0.0170297 2.92603
-0.0170115 2.92725

-0.0170115 2.92725
-0.0169934 2.92847

-0.0169934 2.92847
-0.0169752 2.92969

-0.0169752 2.92969
-0.0169572 2.93091

-0.0169572 2.93091
-0.0169391 2.93213

-0.0169391 2.93213
-0.0169211 2.93335

-0.0169211 2.93335
-0.0169031 2.93457

-0.0169031 2.93457
-0.0168852 2.93579

-0.0168852 2.93579
-0.0168673 2.93701

-0.0168673 2.93701
-0.0168495 2.93823

-0.0168495 2.93823
-0.0168316 2.93945

-0.0168316 2.93945
-0.0168139 2.94067

-0.0168139 2.94067
-0.0167961 2.94189

-0.0167961 2.94189
-0.0167784 2.94312

-0.0167784 2.94312
-0.0167608 2.94434

-0.0167608 2.94434
-0.0167431 2.94556

-0.0167431 2.94556
-0.0167255 2.94678

-0.0167255 2.94678
-0.016708 2.948

-0.016708 2.948
-0.0166905 2.94922

-0.0166905 2.94922
-0.016673 2.95044

-0.016673 2.95044
-0.0166556 2.95166

-0.0166556 2.95166
-0.0166382 2.95288

-0.0166382 2.95288
-0.0166209 2.9541

-0.0166209 2.9541
-0.0166036 2.95532

-0.0166036 2.95532
-0.0165863 2.95654

-0.0165863 2.95654
-0.0165691 2.95776

-0.0165691 2.95776
-0.0165519 2.95898

-0.0165519 2.95898
-0.0165348 2.96021

-0.0165348 2.96021
-0.0165177 2.96143

-0.0165177 2.96143
-0.0165007 2.96265

-0.0165007 2.96265
-0.0164836 2.96387

-0.0164836 2.96387
-0.0164667 2.96509

-0.0164667 2.96509
-0.0164497 2.96631

-0.0164497 2.96631
-0.0164328 2.96753

-0.0164328 2.96753
-0.016416 2.96875

-0.016416 2.96875
-0.0163992 2.96997

-0.0163992 2.96997
-0.0163824 2.97119

-0.0163824 2.97119
-0.0163657 2.97241

-0.0163657 2.97241
-0.016349 2.97363

-0.016349 2.97363
-0.0163324 2.97485

-0.0163324 2.97485
-0.0163158 2.97607

-0.0163158 2.97607
-0.0162992 2.97729

-0.0162992 2.97729
-0.0162827 2.97852

-0.0162827 2.97852
-0.0162662 2.97974

-0.0162662 2.97974
-0.0162498 2.98096

-0.0162498 2.98096
-0.0162334 2.98218

-0.0162334 2.98218
-0.016217 2.9834

-0.016217 2.9834
-0.0162007 2.98462

-0.0162007 2.98462
-0.0161844 2.98584

-0.0161844 2.98584
-0.0161682 2.98706

-0.0161682 2.98706
-0.016152 2.98828

-0.016152 2.98828
-0.0161358 2.9895

-0.0161358 2.9895
-0.0161197 2.99072

-0.0161197 2.99072
-0.0161133 2.99121

-0.0161133 2.99121
-0.0161036 2.99194

-0.0161036 2.99194
-0.0160875 2.99316

-0.0160875 2.99316
-0.0160715 2.99438

-0.0160715 2.99438
-0.0160556 2.99561

-0.0160556 2.99561
-0.0160396 2.99683

-0.0160396 2.99683
-0.0160237 2.99805

-0.0160237 2.99805
-0.0160079 2.99927

-0.0160079 2.99927
-0.0159921 3.00049

-0.0159921 3.00049
-0.0159763 3.00171

-0.0159763 3.00171
-0.0159606 3.00293

-0.0159606 3.00293
-0.0159449 3.00415

-0.0159449 3.00415
-0.0159292 3.00537

-0.0159292 3.00537
-0.0159136 3.00659

-0.0159136 3.00659
-0.015898 3.00781

-0.015898 3.00781
-0.0158824 3.00903

-0.0158824 3.00903
-0.0158669 3.01025

-0.0158669 3.01025
-0.0158514 3.01147

-0.0158514 3.01147
-0.015836 3.0127

-0.015836 3.0127
-0.0158206 3.01392

-0.0158206 3.01392
-0.0158052 3.01514

-0.0158052 3.01514
-0.0157898 3.01636

-0.0157898 3.01636
-0.0157745 3.01758

-0.0157745 3.01758
-0.0157593 3.0188

-0.0157593 3.0188
-0.015744 3.02002

-0.015744 3.02002
-0.0157288 3.02124

-0.0157288 3.02124
-0.0157136 3.02246

-0.0157136 3.02246
-0.0156985 3.02368

-0.0156985 3.02368
-0.0156834 3.0249

-0.0156834 3.0249
-0.0156683 3.02612

-0.0156683 3.02612
-0.0156533 3.02734

-0.0156533 3.02734
-0.0156383 3.02856

-0.0156383 3.02856
-0.0156233 3.02979

-0.0156233 3.02979
-0.0156083 3.03101

-0.0156083 3.03101
-0.0155934 3.03223

-0.0155934 3.03223
-0.0155785 3.03345

-0.0155785 3.03345
-0.0155637 3.03467

-0.0155637 3.03467
-0.0155489 3.03589

-0.0155489 3.03589
-0.0155341 3.03711

-0.0155341 3.03711
-0.0155193 3.03833

-0.0155193 3.03833
-0.0155046 3.03955

-0.0155046 3.03955
-0.0154899 3.04077

-0.0154899 3.04077
-0.0154752 3.04199

-0.0154752 3.04199
-0.0154606 3.04321

-0.0154606 3.04321
-0.015446 3.04443

-0.015446 3.04443
-0.0154314 3.04565

-0.0154314 3.04565
-0.0154168 3.04688

-0.0154168 3.04688
-0.0154023 3.0481

-0.0154023 3.0481
-0.0153878 3.04932

-0.0153878 3.04932
-0.0153733 3.05054

-0.0153733 3.05054
-0.0153588 3.05176

-0.0153588 3.05176
-0.0153444 3.05298

-0.0153444 3.05298
-0.01533 3.0542

-0.01533 3.0542
-0.0153157 3.05542

-0.0153157 3.05542
-0.0153013 3.05664

-0.0153013 3.05664
-0.015287 3.05786

-0.015287 3.05786
-0.0152727 3.05908

-0.0152727 3.05908
-0.0152584 3.0603

-0.0152584 3.0603
-0.0152442 3.06152

-0.0152442 3.06152
-0.01523 3.06274

-0.01523 3.06274
-0.0152158 3.06396

-0.0152158 3.06396
-0.0152016 3.06519

-0.0152016 3.06519
-0.0151875 3.06641

-0.0151875 3.06641
-0.0151733 3.06763

-0.0151733 3.06763
-0.0151592 3.06885

-0.0151592 3.06885
-0.0151452 3.07007

-0.0151452 3.07007
-0.0151311 3.07129

-0.0151311 3.07129
-0.0151171 3.07251

-0.0151171 3.07251
-0.0151031 3.07373

-0.0151031 3.07373
-0.0150891 3.07495

-0.0150891 3.07495
-0.0150751 3.07617

-0.0150751 3.07617
-0.0150612 3.07739

-0.0150612 3.07739
-0.0150473 3.07861

-0.0150473 3.07861
-0.0150334 3.07983

-0.0150334 3.07983
-0.0150195 3.08105

-0.0150195 3.08105
-0.0150056 3.08228

-0.0150056 3.08228
-0.0149918 3.0835

-0.0149918 3.0835
-0.014978 3.08472

-0.014978 3.08472
-0.0149642 3.08594

-0.0149642 3.08594
-0.0149504 3.08716

-0.0149504 3.08716
-0.0149367 3.08838

-0.0149367 3.08838
-0.0149229 3.0896

-0.0149229 3.0896
-0.0149092 3.09082

-0.0149092 3.09082
-0.0148955 3.09204

-0.0148955 3.09204
-0.0148926 3.0923

-0.0148926 3.0923
-0.0148818 3.09326

-0.0148818 3.09326
-0.0148682 3.09448

-0.0148682 3.09448
-0.0148545 3.0957

-0.0148545 3.0957
-0.0148409 3.09692

-0.0148409 3.09692
-0.0148273 3.09814

-0.0148273 3.09814
-0.0148137 3.09937

-0.0148137 3.09937
-0.0148002 3.10059

-0.0148002 3.10059
-0.0147866 3.10181

-0.0147866 3.10181
-0.0147731 3.10303

-0.0147731 3.10303
-0.0147596 3.10425

-0.0147596 3.10425
-0.0147461 3.10547

-0.0147461 3.10547
-0.0147326 3.10669

-0.0147326 3.10669
-0.0147191 3.10791

-0.0147191 3.10791
-0.0147057 3.10913

-0.0147057 3.10913
-0.0146922 3.11035

-0.0146922 3.11035
-0.0146788 3.11157

-0.0146788 3.11157
-0.0146654 3.11279

-0.0146654 3.11279
-0.0146521 3.11401

-0.0146521 3.11401
-0.0146387 3.11523

-0.0146387 3.11523
-0.0146253 3.11646

-0.0146253 3.11646
-0.014612 3.11768

-0.014612 3.11768
-0.0145987 3.1189

-0.0145987 3.1189
-0.0145854 3.12012

-0.0145854 3.12012
-0.0145721 3.12134

-0.0145721 3.12134
-0.0145589 3.12256

-0.0145589 3.12256
-0.0145456 3.12378

-0.0145456 3.12378
-0.0145324 3.125

-0.0145324 3.125
-0.0145191 3.12622

-0.0145191 3.12622
-0.0145059 3.12744

-0.0145059 3.12744
-0.0144927 3.12866

-0.0144927 3.12866
-0.0144796 3.12988

-0.0144796 3.12988
-0.0144664 3.1311

-0.0144664 3.1311
-0.0144532 3.13232

-0.0144532 3.13232
-0.0144401 3.13354

-0.0144401 3.13354
-0.014427 3.13477

-0.014427 3.13477
-0.0144139 3.13599

-0.0144139 3.13599
-0.0144008 3.13721

-0.0144008 3.13721
-0.0143877 3.13843

-0.0143877 3.13843
-0.0143747 3.13965

-0.0143747 3.13965
-0.0143616 3.14087

-0.0143616 3.14087
-0.0143486 3.14209

-0.0143486 3.14209
-0.0143356 3.14331

-0.0143356 3.14331
-0.0143226 3.14453

-0.0143226 3.14453
-0.0143096 3.14575

-0.0143096 3.14575
-0.0142966 3.14697

-0.0142966 3.14697
-0.0142836 3.14819

-0.0142836 3.14819
-0.0142707 3.14941

-0.0142707 3.14941
-0.0142577 3.15063

-0.0142577 3.15063
-0.0142448 3.15186

-0.0142448 3.15186
-0.0142319 3.15308

-0.0142319 3.15308
-0.014219 3.1543

-0.014219 3.1543
-0.0142061 3.15552

-0.0142061 3.15552
-0.0141933 3.15674

-0.0141933 3.15674
-0.0141804 3.15796

-0.0141804 3.15796
-0.0141676 3.15918

-0.0141676 3.15918
-0.0141547 3.1604

-0.0141547 3.1604
-0.0141419 3.16162

-0.0141419 3.16162
-0.0141291 3.16284

-0.0141291 3.16284
-0.0141163 3.16406

-0.0141163 3.16406
-0.0141036 3.16528

-0.0141036 3.16528
-0.0140908 3.1665

-0.0140908 3.1665
-0.014078 3.16772

-0.014078 3.16772
-0.0140653 3.16895

-0.0140653 3.16895
-0.0140526 3.17017

-0.0140526 3.17017
-0.0140399 3.17139

-0.0140399 3.17139
-0.0140272 3.17261

-0.0140272 3.17261
-0.0140145 3.17383

-0.0140145 3.17383
-0.0140018 3.17505

-0.0140018 3.17505
-0.0139892 3.17627

-0.0139892 3.17627
-0.0139765 3.17749

-0.0139765 3.17749
-0.0139639 3.17871

-0.0139639 3.17871
-0.0139513 3.17993

-0.0139513 3.17993
-0.0139387 3.18115

-0.0139387 3.18115
-0.0139261 3.18237

-0.0139261 3.18237
-0.0139135 3.18359

-0.0139135 3.18359
-0.0139009 3.18481

-0.0139009 3.18481
-0.0138884 3.18604

-0.0138884 3.18604
-0.0138759 3.18726

-0.0138759 3.18726
-0.0138633 3.18848

-0.0138633 3.18848
-0.0138508 3.1897

-0.0138508 3.1897
-0.0138383 3.19092

-0.0138383 3.19092
-0.0138258 3.19214

-0.0138258 3.19214
-0.0138134 3.19336

-0.0138134 3.19336
-0.0138009 3.19458

-0.0138009 3.19458
-0.0137884 3.1958

-0.0137884 3.1958
-0.013776 3.19702

-0.013776 3.19702
-0.0137636 3.19824

-0.0137636 3.19824
-0.0137512 3.19946

-0.0137512 3.19946
-0.0137388 3.20068

-0.0137388 3.20068
-0.0137264 3.2019

-0.0137264 3.2019
-0.013714 3.20312

-0.013714 3.20312
-0.0137017 3.20435

-0.0137017 3.20435
-0.0136893 3.20557

-0.0136893 3.20557
-0.013677 3.20679

-0.013677 3.20679
-0.0136719 3.2073

-0.0136719 3.2073
-0.0136647 3.20801

-0.0136647 3.20801
-0.0136524 3.20923

-0.0136524 3.20923
-0.0136401 3.21045

-0.0136401 3.21045
-0.0136278 3.21167

-0.0136278 3.21167
-0.0136156 3.21289

-0.0136156 3.21289
-0.0136033 3.21411

-0.0136033 3.21411
-0.0135911 3.21533

-0.0135911 3.21533
-0.0135789 3.21655

-0.0135789 3.21655
-0.0135667 3.21777

-0.0135667 3.21777
-0.0135545 3.21899

-0.0135545 3.21899
-0.0135423 3.22021

-0.0135423 3.22021
-0.0135301 3.22144

-0.0135301 3.22144
-0.013518 3.22266

-0.013518 3.22266
-0.0135058 3.22388

-0.0135058 3.22388
-0.0134937 3.2251

-0.0134937 3.2251
-0.0134816 3.22632

-0.0134816 3.22632
-0.0134695 3.22754

-0.0134695 3.22754
-0.0134574 3.22876

-0.0134574 3.22876
-0.0134453 3.22998

-0.0134453 3.22998
-0.0134333 3.2312

-0.0134333 3.2312
-0.0134212 3.23242

-0.0134212 3.23242
-0.0134092 3.23364

-0.0134092 3.23364
-0.0133972 3.23486

-0.0133972 3.23486
-0.0133852 3.23608

-0.0133852 3.23608
-0.0133732 3.2373

-0.0133732 3.2373
-0.0133612 3.23853

-0.0133612 3.23853
-0.0133492 3.23975

-0.0133492 3.23975
-0.0133373 3.24097

-0.0133373 3.24097
-0.0133254 3.24219

-0.0133254 3.24219
-0.0133134 3.24341

-0.0133134 3.24341
-0.0133015 3.24463

-0.0133015 3.24463
-0.0132896 3.24585

-0.0132896 3.24585
-0.0132777 3.24707

-0.0132777 3.24707
-0.0132659 3.24829

-0.0132659 3.24829
-0.013254 3.24951

-0.013254 3.24951
-0.0132422 3.25073

-0.0132422 3.25073
-0.0132303 3.25195

-0.0132303 3.25195
-0.0132185 3.25317

-0.0132185 3.25317
-0.0132067 3.25439

-0.0132067 3.25439
-0.0131949 3.25562

-0.0131949 3.25562
-0.0131832 3.25684

-0.0131832 3.25684
-0.0131714 3.25806

-0.0131714 3.25806
-0.0131597 3.25928

-0.0131597 3.25928
-0.0131479 3.2605

-0.0131479 3.2605
-0.0131362 3.26172

-0.0131362 3.26172
-0.0131245 3.26294

-0.0131245 3.26294
-0.0131128 3.26416

-0.0131128 3.26416
-0.0131012 3.26538

-0.0131012 3.26538
-0.0130895 3.2666

-0.0130895 3.2666
-0.0130778 3.26782

-0.0130778 3.26782
-0.0130662 3.26904

-0.0130662 3.26904
-0.0130546 3.27026

-0.0130546 3.27026
-0.013043 3.27148

-0.013043 3.27148
-0.0130314 3.27271

-0.0130314 3.27271
-0.0130198 3.27393

-0.0130198 3.27393
-0.0130082 3.27515

-0.0130082 3.27515
-0.0129967 3.27637

-0.0129967 3.27637
-0.0129851 3.27759

-0.0129851 3.27759
-0.0129736 3.27881

-0.0129736 3.27881
-0.0129621 3.28003

-0.0129621 3.28003
-0.0129506 3.28125

-0.0129506 3.28125
-0.0129391 3.28247

-0.0129391 3.28247
-0.0129277 3.28369

-0.0129277 3.28369
-0.0129162 3.28491

-0.0129162 3.28491
-0.0129048 3.28613

-0.0129048 3.28613
-0.0128933 3.28735

-0.0128933 3.28735
-0.0128819 3.28857

-0.0128819 3.28857
-0.0128705 3.28979

-0.0128705 3.28979
-0.0128591 3.29102

-0.0128591 3.29102
-0.0128478 3.29224

-0.0128478 3.29224
-0.0128364 3.29346

-0.0128364 3.29346
-0.0128251 3.29468

-0.0128251 3.29468
-0.0128137 3.2959

-0.0128137 3.2959
-0.0128024 3.29712

-0.0128024 3.29712
-0.0127911 3.29834

-0.0127911 3.29834
-0.0127798 3.29956

-0.0127798 3.29956
-0.0127685 3.30078

-0.0127685 3.30078
-0.0127573 3.302

-0.0127573 3.302
-0.012746 3.30322

-0.012746 3.30322
-0.0127348 3.30444

-0.0127348 3.30444
-0.0127236 3.30566

-0.0127236 3.30566
-0.0127124 3.30688

-0.0127124 3.30688
-0.0127012 3.30811

-0.0127012 3.30811
-0.01269 3.30933

-0.01269 3.30933
-0.0126788 3.31055

-0.0126788 3.31055
-0.0126677 3.31177

-0.0126677 3.31177
-0.0126565 3.31299

-0.0126565 3.31299
-0.0126454 3.31421

-0.0126454 3.31421
-0.0126343 3.31543

-0.0126343 3.31543
-0.0126232 3.31665

-0.0126232 3.31665
-0.0126121 3.31787

-0.0126121 3.31787
-0.012601 3.31909

-0.012601 3.31909
-0.01259 3.32031

-0.01259 3.32031
-0.0125789 3.32153

-0.0125789 3.32153
-0.0125679 3.32275

-0.0125679 3.32275
-0.0125569 3.32397

-0.0125569 3.32397
-0.0125459 3.3252

-0.0125459 3.3252
-0.0125349 3.32642

-0.0125349 3.32642
-0.0125239 3.32764

-0.0125239 3.32764
-0.0125129 3.32886

-0.0125129 3.32886
-0.012502 3.33008

-0.012502 3.33008
-0.0124911 3.3313

-0.0124911 3.3313
-0.0124801 3.33252

-0.0124801 3.33252
-0.0124692 3.33374

-0.0124692 3.33374
-0.0124583 3.33496

-0.0124583 3.33496
-0.0124512 3.33576

-0.0124512 3.33576
-0.0124475 3.33618

-0.0124475 3.33618
-0.0124366 3.3374

-0.0124366 3.3374
-0.0124257 3.33862

-0.0124257 3.33862
-0.0124149 3.33984

-0.0124149 3.33984
-0.0124041 3.34106

-0.0124041 3.34106
-0.0123932 3.34229

-0.0123932 3.34229
-0.0123824 3.34351

-0.0123824 3.34351
-0.0123716 3.34473

-0.0123716 3.34473
-0.0123609 3.34595

-0.0123609 3.34595
-0.0123501 3.34717

-0.0123501 3.34717
-0.0123394 3.34839

-0.0123394 3.34839
-0.0123286 3.34961

-0.0123286 3.34961
-0.0123179 3.35083

-0.0123179 3.35083
-0.0123072 3.35205

-0.0123072 3.35205
-0.0122965 3.35327

-0.0122965 3.35327
-0.0122858 3.35449

-0.0122858 3.35449
-0.0122751 3.35571

-0.0122751 3.35571
-0.0122645 3.35693

-0.0122645 3.35693
-0.0122538 3.35815

-0.0122538 3.35815
-0.0122432 3.35938

-0.0122432 3.35938
-0.0122326 3.3606

-0.0122326 3.3606
-0.012222 3.36182

-0.012222 3.36182
-0.0122114 3.36304

-0.0122114 3.36304
-0.0122008 3.36426

-0.0122008 3.36426
-0.0121902 3.36548

-0.0121902 3.36548
-0.0121797 3.3667

-0.0121797 3.3667
-0.0121691 3.36792

-0.0121691 3.36792
-0.0121586 3.36914

-0.0121586 3.36914
-0.0121481 3.37036

-0.0121481 3.37036
-0.0121376 3.37158

-0.0121376 3.37158
-0.0121271 3.3728

-0.0121271 3.3728
-0.0121166 3.37402

-0.0121166 3.37402
-0.0121061 3.37524

-0.0121061 3.37524
-0.0120957 3.37646

-0.0120957 3.37646
-0.0120852 3.37769

-0.0120852 3.37769
-0.0120748 3.37891

-0.0120748 3.37891
-0.0120644 3.38013

-0.0120644 3.38013
-0.012054 3.38135

-0.012054 3.38135
-0.0120436 3.38257

-0.0120436 3.38257
-0.0120332 3.38379

-0.0120332 3.38379
-0.0120229 3.38501

-0.0120229 3.38501
-0.0120125 3.38623

-0.0120125 3.38623
-0.0120022 3.38745

-0.0120022 3.38745
-0.0119919 3.38867

-0.0119919 3.38867
-0.0119815 3.38989

-0.0119815 3.38989
-0.0119712 3.39111

-0.0119712 3.39111
-0.0119609 3.39233

-0.0119609 3.39233
-0.0119507 3.39355

-0.0119507 3.39355
-0.0119404 3.39478

-0.0119404 3.39478
-0.0119302 3.396

-0.0119302 3.396
-0.0119199 3.39722

-0.0119199 3.39722
-0.0119097 3.39844

-0.0119097 3.39844
-0.0118995 3.39966

-0.0118995 3.39966
-0.0118893 3.40088

-0.0118893 3.40088
-0.0118791 3.4021

-0.0118791 3.4021
-0.0118689 3.40332

-0.0118689 3.40332
-0.0118587 3.40454

-0.0118587 3.40454
-0.0118486 3.40576

-0.0118486 3.40576
-0.0118384 3.40698

-0.0118384 3.40698
-0.0118283 3.4082

-0.0118283 3.4082
-0.0118182 3.40942

-0.0118182 3.40942
-0.0118081 3.41064

-0.0118081 3.41064
-0.011798 3.41187

-0.011798 3.41187
-0.0117879 3.41309

-0.0117879 3.41309
-0.0117778 3.41431

-0.0117778 3.41431
-0.0117678 3.41553

-0.0117678 3.41553
-0.0117577 3.41675

-0.0117577 3.41675
-0.0117477 3.41797

-0.0117477 3.41797
-0.0117377 3.41919

-0.0117377 3.41919
-0.0117277 3.42041

-0.0117277 3.42041
-0.0117177 3.42163

-0.0117177 3.42163
-0.0117077 3.42285

-0.0117077 3.42285
-0.0116977 3.42407

-0.0116977 3.42407
-0.0116878 3.42529

-0.0116878 3.42529
-0.0116778 3.42651

-0.0116778 3.42651
-0.0116679 3.42773

-0.0116679 3.42773
-0.0116579 3.42896

-0.0116579 3.42896
-0.011648 3.43018

-0.011648 3.43018
-0.0116381 3.4314

-0.0116381 3.4314
-0.0116282 3.43262

-0.0116282 3.43262
-0.0116183 3.43384

-0.0116183 3.43384
-0.0116085 3.43506

-0.0116085 3.43506
-0.0115986 3.43628

-0.0115986 3.43628
-0.0115888 3.4375

-0.0115888 3.4375
-0.0115789 3.43872

-0.0115789 3.43872
-0.0115691 3.43994

-0.0115691 3.43994
-0.0115593 3.44116

-0.0115593 3.44116
-0.0115495 3.44238

-0.0115495 3.44238
-0.0115397 3.4436

-0.0115397 3.4436
-0.01153 3.44482

-0.01153 3.44482
-0.0115202 3.44604

-0.0115202 3.44604
-0.0115104 3.44727

-0.0115104 3.44727
-0.0115007 3.44849

-0.0115007 3.44849
-0.011491 3.44971

-0.011491 3.44971
-0.0114813 3.45093

-0.0114813 3.45093
-0.0114716 3.45215

-0.0114716 3.45215
-0.0114619 3.45337

-0.0114619 3.45337
-0.0114522 3.45459

-0.0114522 3.45459
-0.0114425 3.45581

-0.0114425 3.45581
-0.0114328 3.45703

-0.0114328 3.45703
-0.0114232 3.45825

-0.0114232 3.45825
-0.0114136 3.45947

-0.0114136 3.45947
-0.0114039 3.46069

-0.0114039 3.46069
-0.0113943 3.46191

-0.0113943 3.46191
-0.0113847 3.46313

-0.0113847 3.46313
-0.0113751 3.46436

-0.0113751 3.46436
-0.0113655 3.46558

-0.0113655 3.46558
-0.011356 3.4668

-0.011356 3.4668
-0.0113464 3.46802

-0.0113464 3.46802
-0.0113369 3.46924

-0.0113369 3.46924
-0.0113273 3.47046

-0.0113273 3.47046
-0.0113178 3.47168

-0.0113178 3.47168
-0.0113083 3.4729

-0.0113083 3.4729
-0.0112988 3.47412

-0.0112988 3.47412
-0.0112893 3.47534

-0.0112893 3.47534
-0.0112798 3.47656

-0.0112798 3.47656
-0.0112703 3.47778

-0.0112703 3.47778
-0.0112609 3.479

-0.0112609 3.479
-0.0112514 3.48022

-0.0112514 3.48022
-0.011242 3.48145

-0.011242 3.48145
-0.0112326 3.48267

-0.0112326 3.48267
-0.0112305 3.48294

-0.0112305 3.48294
-0.0112232 3.48389

-0.0112232 3.48389
-0.0112138 3.48511

-0.0112138 3.48511
-0.0112044 3.48633

-0.0112044 3.48633
-0.011195 3.48755

-0.011195 3.48755
-0.0111856 3.48877

-0.0111856 3.48877
-0.0111762 3.48999

-0.0111762 3.48999
-0.0111669 3.49121

-0.0111669 3.49121
-0.0111576 3.49243

-0.0111576 3.49243
-0.0111482 3.49365

-0.0111482 3.49365
-0.0111389 3.49487

-0.0111389 3.49487
-0.0111296 3.49609

-0.0111296 3.49609
-0.0111203 3.49731

-0.0111203 3.49731
-0.011111 3.49854

-0.011111 3.49854
-0.0111018 3.49976

-0.0111018 3.49976
-0.0110925 3.50098

-0.0110925 3.50098
-0.0110832 3.5022

-0.0110832 3.5022
-0.011074 3.50342

-0.011074 3.50342
-0.0110648 3.50464

-0.0110648 3.50464
-0.0110556 3.50586

-0.0110556 3.50586
-0.0110463 3.50708

-0.0110463 3.50708
-0.0110371 3.5083

-0.0110371 3.5083
-0.011028 3.50952

-0.011028 3.50952
-0.0110188 3.51074

-0.0110188 3.51074
-0.0110096 3.51196

-0.0110096 3.51196
-0.0110005 3.51318

-0.0110005 3.51318
-0.0109913 3.5144

-0.0109913 3.5144
-0.0109822 3.51562

-0.0109822 3.51562
-0.0109731 3.51685

-0.0109731 3.51685
-0.0109639 3.51807

-0.0109639 3.51807
-0.0109548 3.51929

-0.0109548 3.51929
-0.0109457 3.52051

-0.0109457 3.52051
-0.0109367 3.52173

-0.0109367 3.52173
-0.0109276 3.52295

-0.0109276 3.52295
-0.0109185 3.52417

-0.0109185 3.52417
-0.0109095 3.52539

-0.0109095 3.52539
-0.0109004 3.52661

-0.0109004 3.52661
-0.0108914 3.52783

-0.0108914 3.52783
-0.0108824 3.52905

-0.0108824 3.52905
-0.0108734 3.53027

-0.0108734 3.53027
-0.0108644 3.53149

-0.0108644 3.53149
-0.0108554 3.53271

-0.0108554 3.53271
-0.0108464 3.53394

-0.0108464 3.53394
-0.0108375 3.53516

-0.0108375 3.53516
-0.0108285 3.53638

-0.0108285 3.53638
-0.0108196 3.5376

-0.0108196 3.5376
-0.0108106 3.53882

-0.0108106 3.53882
-0.0108017 3.54004

-0.0108017 3.54004
-0.0107928 3.54126

-0.0107928 3.54126
-0.0107839 3.54248

-0.0107839 3.54248
-0.010775 3.5437

-0.010775 3.5437
-0.0107661 3.54492

-0.0107661 3.54492
-0.0107572 3.54614

-0.0107572 3.54614
-0.0107484 3.54736

-0.0107484 3.54736
-0.0107395 3.54858

-0.0107395 3.54858
-0.0107307 3.5498

-0.0107307 3.5498
-0.0107218 3.55103

-0.0107218 3.55103
-0.010713 3.55225

-0.010713 3.55225
-0.0107042 3.55347

-0.0107042 3.55347
-0.0106954 3.55469

-0.0106954 3.55469
-0.0106866 3.55591

-0.0106866 3.55591
-0.0106778 3.55713

-0.0106778 3.55713
-0.010669 3.55835

-0.010669 3.55835
-0.0106603 3.55957

-0.0106603 3.55957
-0.0106515 3.56079

-0.0106515 3.56079
-0.0106428 3.56201

-0.0106428 3.56201
-0.010634 3.56323

-0.010634 3.56323
-0.0106253 3.56445

-0.0106253 3.56445
-0.0106166 3.56567

-0.0106166 3.56567
-0.0106079 3.56689

-0.0106079 3.56689
-0.0105992 3.56812

-0.0105992 3.56812
-0.0105905 3.56934

-0.0105905 3.56934
-0.0105818 3.57056

-0.0105818 3.57056
-0.0105732 3.57178

-0.0105732 3.57178
-0.0105645 3.573

-0.0105645 3.573
-0.0105559 3.57422

-0.0105559 3.57422
-0.0105473 3.57544

-0.0105473 3.57544
-0.0105386 3.57666

-0.0105386 3.57666
-0.01053 3.57788

-0.01053 3.57788
-0.0105214 3.5791

-0.0105214 3.5791
-0.0105128 3.58032

-0.0105128 3.58032
-0.0105042 3.58154

-0.0105042 3.58154
-0.0104957 3.58276

-0.0104957 3.58276
-0.0104871 3.58398

-0.0104871 3.58398
-0.0104785 3.58521

-0.0104785 3.58521
-0.01047 3.58643

-0.01047 3.58643
-0.0104615 3.58765

-0.0104615 3.58765
-0.0104529 3.58887

-0.0104529 3.58887
-0.0104444 3.59009

-0.0104444 3.59009
-0.0104359 3.59131

-0.0104359 3.59131
-0.0104274 3.59253

-0.0104274 3.59253
-0.0104189 3.59375

-0.0104189 3.59375
-0.0104104 3.59497

-0.0104104 3.59497
-0.010402 3.59619

-0.010402 3.59619
-0.0103935 3.59741

-0.0103935 3.59741
-0.0103851 3.59863

-0.0103851 3.59863
-0.0103766 3.59985

-0.0103766 3.59985
-0.0103682 3.60107

-0.0103682 3.60107
-0.0103598 3.60229

-0.0103598 3.60229
-0.0103514 3.60352

-0.0103514 3.60352
-0.010343 3.60474

-0.010343 3.60474
-0.0103346 3.60596

-0.0103346 3.60596
-0.0103262 3.60718

-0.0103262 3.60718
-0.0103178 3.6084

-0.0103178 3.6084
-0.0103095 3.60962

-0.0103095 3.60962
-0.0103011 3.61084

-0.0103011 3.61084
-0.0102928 3.61206

-0.0102928 3.61206
-0.0102844 3.61328

-0.0102844 3.61328
-0.0102761 3.6145

-0.0102761 3.6145
-0.0102678 3.61572

-0.0102678 3.61572
-0.0102595 3.61694

-0.0102595 3.61694
-0.0102512 3.61816

-0.0102512 3.61816
-0.0102429 3.61938

-0.0102429 3.61938
-0.0102346 3.62061

-0.0102346 3.62061
-0.0102264 3.62183

-0.0102264 3.62183
-0.0102181 3.62305

-0.0102181 3.62305
-0.0102099 3.62427

-0.0102099 3.62427
-0.0102016 3.62549

-0.0102016 3.62549
-0.0101934 3.62671

-0.0101934 3.62671
-0.0101852 3.62793

-0.0101852 3.62793
-0.010177 3.62915

-0.010177 3.62915
-0.0101688 3.63037

-0.0101688 3.63037
-0.0101606 3.63159

-0.0101606 3.63159
-0.0101524 3.63281

-0.0101524 3.63281
-0.0101442 3.63403

-0.0101442 3.63403
-0.010136 3.63525

-0.010136 3.63525
-0.0101279 3.63647

-0.0101279 3.63647
-0.0101197 3.6377

-0.0101197 3.6377
-0.0101116 3.63892

-0.0101116 3.63892
-0.0101035 3.64014

-0.0101035 3.64014
-0.0100954 3.64136

-0.0100954 3.64136
-0.0100872 3.64258

-0.0100872 3.64258
-0.0100791 3.6438

-0.0100791 3.6438
-0.0100711 3.64502

-0.0100711 3.64502
-0.010063 3.64624

-0.010063 3.64624
-0.0100549 3.64746

-0.0100549 3.64746
-0.0100468 3.64868

-0.0100468 3.64868
-0.0100388 3.6499

-0.0100388 3.6499
-0.0100307 3.65112

-0.0100307 3.65112
-0.0100227 3.65234

-0.0100227 3.65234
-0.0100147 3.65356

-0.0100147 3.65356
-0.0100098 3.65431

-0.0100098 3.65431
-0.0100066 3.65479

-0.0100066 3.65479
-0.00999864 3.65601

-0.00999864 3.65601
-0.00999064 3.65723

-0.00999064 3.65723
-0.00998265 3.65845

-0.00998265 3.65845
-0.00997466 3.65967

-0.00997466 3.65967
-0.00996669 3.66089

-0.00996669 3.66089
-0.00995872 3.66211

-0.00995872 3.66211
-0.00995077 3.66333

-0.00995077 3.66333
-0.00994282 3.66455

-0.00994282 3.66455
-0.00993488 3.66577

-0.00993488 3.66577
-0.00992695 3.66699

-0.00992695 3.66699
-0.00991903 3.66821

-0.00991903 3.66821
-0.00991112 3.66943

-0.00991112 3.66943
-0.00990322 3.67065

-0.00990322 3.67065
-0.00989533 3.67188

-0.00989533 3.67188
-0.00988744 3.6731

-0.00988744 3.6731
-0.00987956 3.67432

-0.00987956 3.67432
-0.0098717 3.67554

-0.0098717 3.67554
-0.00986384 3.67676

-0.00986384 3.67676
-0.00985599 3.67798

-0.00985599 3.67798
-0.00984815 3.6792

-0.00984815 3.6792
-0.00984032 3.68042

-0.00984032 3.68042
-0.00983249 3.68164

-0.00983249 3.68164
-0.00982468 3.68286

-0.00982468 3.68286
-0.00981687 3.68408

-0.00981687 3.68408
-0.00980908 3.6853

-0.00980908 3.6853
-0.00980129 3.68652

-0.00980129 3.68652
-0.00979351 3.68774

-0.00979351 3.68774
-0.00978574 3.68896

-0.00978574 3.68896
-0.00977798 3.69019

-0.00977798 3.69019
-0.00977022 3.69141

-0.00977022 3.69141
-0.00976248 3.69263

-0.00976248 3.69263
-0.00975474 3.69385

-0.00975474 3.69385
-0.00974702 3.69507

-0.00974702 3.69507
-0.0097393 3.69629

-0.0097393 3.69629
-0.00973159 3.69751

-0.00973159 3.69751
-0.00972388 3.69873

-0.00972388 3.69873
-0.00971619 3.69995

-0.00971619 3.69995
-0.00970851 3.70117

-0.00970851 3.70117
-0.00970083 3.70239

-0.00970083 3.70239
-0.00969316 3.70361

-0.00969316 3.70361
-0.00968551 3.70483

-0.00968551 3.70483
-0.00967786 3.70605

-0.00967786 3.70605
-0.00967021 3.70728

-0.00967021 3.70728
-0.00966258 3.7085

-0.00966258 3.7085
-0.00965496 3.70972

-0.00965496 3.70972
-0.00964734 3.71094

-0.00964734 3.71094
-0.00963973 3.71216

-0.00963973 3.71216
-0.00963213 3.71338

-0.00963213 3.71338
-0.00962454 3.7146

-0.00962454 3.7146
-0.00961696 3.71582

-0.00961696 3.71582
-0.00960939 3.71704

-0.00960939 3.71704
-0.00960182 3.71826

-0.00960182 3.71826
-0.00959426 3.71948

-0.00959426 3.71948
-0.00958672 3.7207

-0.00958672 3.7207
-0.00957918 3.72192

-0.00957918 3.72192
-0.00957164 3.72314

-0.00957164 3.72314
-0.00956412 3.72437

-0.00956412 3.72437
-0.00955661 3.72559

-0.00955661 3.72559
-0.0095491 3.72681

-0.0095491 3.72681
-0.0095416 3.72803

-0.0095416 3.72803
-0.00953411 3.72925

-0.00953411 3.72925
-0.00952663 3.73047

-0.00952663 3.73047
-0.00951915 3.73169

-0.00951915 3.73169
-0.00951169 3.73291

-0.00951169 3.73291
-0.00950423 3.73413

-0.00950423 3.73413
-0.00949678 3.73535

-0.00949678 3.73535
-0.00948934 3.73657

-0.00948934 3.73657
-0.00948191 3.73779

-0.00948191 3.73779
-0.00947449 3.73901

-0.00947449 3.73901
-0.00946707 3.74023

-0.00946707 3.74023
-0.00945966 3.74146

-0.00945966 3.74146
-0.00945226 3.74268

-0.00945226 3.74268
-0.00944487 3.7439

-0.00944487 3.7439
-0.00943749 3.74512

-0.00943749 3.74512
-0.00943012 3.74634

-0.00943012 3.74634
-0.00942275 3.74756

-0.00942275 3.74756
-0.00941539 3.74878

-0.00941539 3.74878
-0.00940804 3.75

-0.00940804 3.75
-0.0094007 3.75122

-0.0094007 3.75122
-0.00939336 3.75244

-0.00939336 3.75244
-0.00938604 3.75366

-0.00938604 3.75366
-0.00937872 3.75488

-0.00937872 3.75488
-0.00937141 3.7561

-0.00937141 3.7561
-0.00936411 3.75732

-0.00936411 3.75732
-0.00935681 3.75854

-0.00935681 3.75854
-0.00934953 3.75977

-0.00934953 3.75977
-0.00934225 3.76099

-0.00934225 3.76099
-0.00933498 3.76221

-0.00933498 3.76221
-0.00932772 3.76343

-0.00932772 3.76343
-0.00932046 3.76465

-0.00932046 3.76465
-0.00931322 3.76587

-0.00931322 3.76587
-0.00930598 3.76709

-0.00930598 3.76709
-0.00929875 3.76831

-0.00929875 3.76831
-0.00929153 3.76953

-0.00929153 3.76953
-0.00928431 3.77075

-0.00928431 3.77075
-0.00927711 3.77197

-0.00927711 3.77197
-0.00926991 3.77319

-0.00926991 3.77319
-0.00926272 3.77441

-0.00926272 3.77441
-0.00925554 3.77563

-0.00925554 3.77563
-0.00924836 3.77686

-0.00924836 3.77686
-0.0092412 3.77808

-0.0092412 3.77808
-0.00923404 3.7793

-0.00923404 3.7793
-0.00922689 3.78052

-0.00922689 3.78052
-0.00921974 3.78174

-0.00921974 3.78174
-0.00921261 3.78296

-0.00921261 3.78296
-0.00920548 3.78418

-0.00920548 3.78418
-0.00919836 3.7854

-0.00919836 3.7854
-0.00919125 3.78662

-0.00919125 3.78662
-0.00918415 3.78784

-0.00918415 3.78784
-0.00917705 3.78906

-0.00917705 3.78906
-0.00916996 3.79028

-0.00916996 3.79028
-0.00916288 3.7915

-0.00916288 3.7915
-0.00915581 3.79272

-0.00915581 3.79272
-0.00914874 3.79395

-0.00914874 3.79395
-0.00914168 3.79517

-0.00914168 3.79517
-0.00913463 3.79639

-0.00913463 3.79639
-0.00912759 3.79761

-0.00912759 3.79761
-0.00912056 3.79883

-0.00912056 3.79883
-0.00911353 3.80005

-0.00911353 3.80005
-0.00910651 3.80127

-0.00910651 3.80127
-0.0090995 3.80249

-0.0090995 3.80249
-0.0090925 3.80371

-0.0090925 3.80371
-0.0090855 3.80493

-0.0090855 3.80493
-0.00907851 3.80615

-0.00907851 3.80615
-0.00907153 3.80737

-0.00907153 3.80737
-0.00906456 3.80859

-0.00906456 3.80859
-0.00905759 3.80981

-0.00905759 3.80981
-0.00905063 3.81104

-0.00905063 3.81104
-0.00904368 3.81226

-0.00904368 3.81226
-0.00903674 3.81348

-0.00903674 3.81348
-0.00902981 3.8147

-0.00902981 3.8147
-0.00902288 3.81592

-0.00902288 3.81592
-0.00901596 3.81714

-0.00901596 3.81714
-0.00900904 3.81836

-0.00900904 3.81836
-0.00900214 3.81958

-0.00900214 3.81958
-0.00899524 3.8208

-0.00899524 3.8208
-0.00898835 3.82202

-0.00898835 3.82202
-0.00898147 3.82324

-0.00898147 3.82324
-0.00897459 3.82446

-0.00897459 3.82446
-0.00896773 3.82568

-0.00896773 3.82568
-0.00896087 3.8269

-0.00896087 3.8269
-0.00895401 3.82812

-0.00895401 3.82812
-0.00894717 3.82935

-0.00894717 3.82935
-0.00894033 3.83057

-0.00894033 3.83057
-0.0089335 3.83179

-0.0089335 3.83179
-0.00892668 3.83301

-0.00892668 3.83301
-0.00891986 3.83423

-0.00891986 3.83423
-0.00891305 3.83545

-0.00891305 3.83545
-0.00890625 3.83667

-0.00890625 3.83667
-0.00889946 3.83789

-0.00889946 3.83789
-0.00889267 3.83911

-0.00889267 3.83911
-0.00888589 3.84033

-0.00888589 3.84033
-0.00887912 3.84155

-0.00887912 3.84155
-0.00887236 3.84277

-0.00887236 3.84277
-0.0088656 3.84399

-0.0088656 3.84399
-0.00885885 3.84521

-0.00885885 3.84521
-0.00885211 3.84644

-0.00885211 3.84644
-0.00884537 3.84766

-0.00884537 3.84766
-0.00883864 3.84888

-0.00883864 3.84888
-0.00883192 3.8501

-0.00883192 3.8501
-0.00882521 3.85132

-0.00882521 3.85132
-0.0088185 3.85254

-0.0088185 3.85254
-0.0088118 3.85376

-0.0088118 3.85376
-0.00880511 3.85498

-0.00880511 3.85498
-0.00879843 3.8562

-0.00879843 3.8562
-0.00879175 3.85742

-0.00879175 3.85742
-0.00878906 3.85791

-0.00878906 3.85791
-0.00878508 3.85864

-0.00878508 3.85864
-0.00877842 3.85986

-0.00877842 3.85986
-0.00877176 3.86108

-0.00877176 3.86108
-0.00876511 3.8623

-0.00876511 3.8623
-0.00875847 3.86353

-0.00875847 3.86353
-0.00875184 3.86475

-0.00875184 3.86475
-0.00874521 3.86597

-0.00874521 3.86597
-0.00873859 3.86719

-0.00873859 3.86719
-0.00873198 3.86841

-0.00873198 3.86841
-0.00872537 3.86963

-0.00872537 3.86963
-0.00871878 3.87085

-0.00871878 3.87085
-0.00871219 3.87207

-0.00871219 3.87207
-0.0087056 3.87329

-0.0087056 3.87329
-0.00869902 3.87451

-0.00869902 3.87451
-0.00869245 3.87573

-0.00869245 3.87573
-0.00868589 3.87695

-0.00868589 3.87695
-0.00867934 3.87817

-0.00867934 3.87817
-0.00867279 3.87939

-0.00867279 3.87939
-0.00866625 3.88062

-0.00866625 3.88062
-0.00865971 3.88184

-0.00865971 3.88184
-0.00865318 3.88306

-0.00865318 3.88306
-0.00864666 3.88428

-0.00864666 3.88428
-0.00864015 3.8855

-0.00864015 3.8855
-0.00863364 3.88672

-0.00863364 3.88672
-0.00862714 3.88794

-0.00862714 3.88794
-0.00862065 3.88916

-0.00862065 3.88916
-0.00861417 3.89038

-0.00861417 3.89038
-0.00860769 3.8916

-0.00860769 3.8916
-0.00860122 3.89282

-0.00860122 3.89282
-0.00859475 3.89404

-0.00859475 3.89404
-0.00858829 3.89526

-0.00858829 3.89526
-0.00858184 3.89648

-0.00858184 3.89648
-0.0085754 3.89771

-0.0085754 3.89771
-0.00856896 3.89893

-0.00856896 3.89893
-0.00856253 3.90015

-0.00856253 3.90015
-0.00855611 3.90137

-0.00855611 3.90137
-0.00854969 3.90259

-0.00854969 3.90259
-0.00854328 3.90381

-0.00854328 3.90381
-0.00853688 3.90503

-0.00853688 3.90503
-0.00853048 3.90625

-0.00853048 3.90625
-0.00852409 3.90747

-0.00852409 3.90747
-0.00851771 3.90869

-0.00851771 3.90869
-0.00851134 3.90991

-0.00851134 3.90991
-0.00850497 3.91113

-0.00850497 3.91113
-0.00849861 3.91235

-0.00849861 3.91235
-0.00849225 3.91357

-0.00849225 3.91357
-0.0084859 3.91479

-0.0084859 3.91479
-0.00847956 3.91602

-0.00847956 3.91602
-0.00847323 3.91724

-0.00847323 3.91724
-0.0084669 3.91846

-0.0084669 3.91846
-0.00846058 3.91968

-0.00846058 3.91968
-0.00845427 3.9209

-0.00845427 3.9209
-0.00844796 3.92212

-0.00844796 3.92212
-0.00844166 3.92334

-0.00844166 3.92334
-0.00843536 3.92456

-0.00843536 3.92456
-0.00842908 3.92578

-0.00842908 3.92578
-0.00842279 3.927

-0.00842279 3.927
-0.00841652 3.92822

-0.00841652 3.92822
-0.00841025 3.92944

-0.00841025 3.92944
-0.00840399 3.93066

-0.00840399 3.93066
-0.00839774 3.93188

-0.00839774 3.93188
-0.00839149 3.93311

-0.00839149 3.93311
-0.00838525 3.93433

-0.00838525 3.93433
-0.00837902 3.93555

-0.00837902 3.93555
-0.00837279 3.93677

-0.00837279 3.93677
-0.00836657 3.93799

-0.00836657 3.93799
-0.00836035 3.93921

-0.00836035 3.93921
-0.00835415 3.94043

-0.00835415 3.94043
-0.00834795 3.94165

-0.00834795 3.94165
-0.00834175 3.94287

-0.00834175 3.94287
-0.00833556 3.94409

-0.00833556 3.94409
-0.00832938 3.94531

-0.00832938 3.94531
-0.00832321 3.94653

-0.00832321 3.94653
-0.00831704 3.94775

-0.00831704 3.94775
-0.00831088 3.94897

-0.00831088 3.94897
-0.00830472 3.9502

-0.00830472 3.9502
-0.00829858 3.95142

-0.00829858 3.95142
-0.00829243 3.95264

-0.00829243 3.95264
-0.0082863 3.95386

-0.0082863 3.95386
-0.00828017 3.95508

-0.00828017 3.95508
-0.00827405 3.9563

-0.00827405 3.9563
-0.00826793 3.95752

-0.00826793 3.95752
-0.00826182 3.95874

-0.00826182 3.95874
-0.00825572 3.95996

-0.00825572 3.95996
-0.00824962 3.96118

-0.00824962 3.96118
-0.00824353 3.9624

-0.00824353 3.9624
-0.00823745 3.96362

-0.00823745 3.96362
-0.00823137 3.96484

-0.00823137 3.96484
-0.0082253 3.96606

-0.0082253 3.96606
-0.00821924 3.96729

-0.00821924 3.96729
-0.00821318 3.96851

-0.00821318 3.96851
-0.00820713 3.96973

-0.00820713 3.96973
-0.00820108 3.97095

-0.00820108 3.97095
-0.00819504 3.97217

-0.00819504 3.97217
-0.00818901 3.97339

-0.00818901 3.97339
-0.00818298 3.97461

-0.00818298 3.97461
-0.00817697 3.97583

-0.00817697 3.97583
-0.00817095 3.97705

-0.00817095 3.97705
-0.00816494 3.97827

-0.00816494 3.97827
-0.00815894 3.97949

-0.00815894 3.97949
-0.00815295 3.98071

-0.00815295 3.98071
-0.00814696 3.98193

-0.00814696 3.98193
-0.00814098 3.98315

-0.00814098 3.98315
-0.00813501 3.98438

-0.00813501 3.98438
-0.00812904 3.9856

-0.00812904 3.9856
-0.00812307 3.98682

-0.00812307 3.98682
-0.00811712 3.98804

-0.00811712 3.98804
-0.00811117 3.98926

-0.00811117 3.98926
-0.00810522 3.99048

-0.00810522 3.99048
-0.00809929 3.9917

-0.00809929 3.9917
-0.00809335 3.99292

-0.00809335 3.99292
-0.00808743 3.99414

-0.00808743 3.99414
-0.00808151 3.99536

-0.00808151 3.99536
-0.0080756 3.99658

-0.0080756 3.99658
-0.00806969 3.9978

-0.00806969 3.9978
-0.00806379 3.99902

-0.00806379 3.99902
-0.0080579 4.00024

-0.0080579 4.00024
-0.00805201 4.00146

-0.00805201 4.00146
-0.00804613 4.00269

-0.00804613 4.00269
-0.00804025 4.00391

-0.00804025 4.00391
-0.00803438 4.00513

-0.00803438 4.00513
-0.00802852 4.00635

-0.00802852 4.00635
-0.00802266 4.00757

-0.00802266 4.00757
-0.00801681 4.00879

-0.00801681 4.00879
-0.00801097 4.01001

-0.00801097 4.01001
-0.00800513 4.01123

-0.00800513 4.01123
-0.0079993 4.01245

-0.0079993 4.01245
-0.00799347 4.01367

-0.00799347 4.01367
-0.00798765 4.01489

-0.00798765 4.01489
-0.00798184 4.01611

-0.00798184 4.01611
-0.00797603 4.01733

-0.00797603 4.01733
-0.00797023 4.01855

-0.00797023 4.01855
-0.00796443 4.01978

-0.00796443 4.01978
-0.00795864 4.021

-0.00795864 4.021
-0.00795286 4.02222

-0.00795286 4.02222
-0.00794708 4.02344

-0.00794708 4.02344
-0.00794131 4.02466

-0.00794131 4.02466
-0.00793554 4.02588

-0.00793554 4.02588
-0.00792979 4.0271

-0.00792979 4.0271
-0.00792403 4.02832

-0.00792403 4.02832
-0.00791828 4.02954

-0.00791828 4.02954
-0.00791254 4.03076

-0.00791254 4.03076
-0.00790681 4.03198

-0.00790681 4.03198
-0.00790108 4.0332

-0.00790108 4.0332
-0.00789536 4.03442

-0.00789536 4.03442
-0.00788964 4.03564

-0.00788964 4.03564
-0.00788393 4.03687

-0.00788393 4.03687
-0.00787822 4.03809

-0.00787822 4.03809
-0.00787252 4.03931

-0.00787252 4.03931
-0.00786683 4.04053

-0.00786683 4.04053
-0.00786114 4.04175

-0.00786114 4.04175
-0.00785546 4.04297

-0.00785546 4.04297
-0.00784978 4.04419

-0.00784978 4.04419
-0.00784411 4.04541

-0.00784411 4.04541
-0.00783845 4.04663

-0.00783845 4.04663
-0.00783279 4.04785

-0.00783279 4.04785
-0.00782714 4.04907

-0.00782714 4.04907
-0.00782149 4.05029

-0.00782149 4.05029
-0.00781585 4.05151

-0.00781585 4.05151
-0.00781022 4.05273

-0.00781022 4.05273
-0.00780459 4.05396

-0.00780459 4.05396
-0.00779897 4.05518

-0.00779897 4.05518
-0.00779335 4.0564

-0.00779335 4.0564
-0.00778774 4.05762

-0.00778774 4.05762
-0.00778213 4.05884

-0.00778213 4.05884
-0.00777653 4.06006

-0.00777653 4.06006
-0.00777094 4.06128

-0.00777094 4.06128
-0.00776535 4.0625

-0.00776535 4.0625
-0.00775977 4.06372

-0.00775977 4.06372
-0.00775419 4.06494

-0.00775419 4.06494
-0.00774862 4.06616

-0.00774862 4.06616
-0.00774306 4.06738

-0.00774306 4.06738
-0.0077375 4.0686

-0.0077375 4.0686
-0.00773195 4.06982

-0.00773195 4.06982
-0.0077264 4.07104

-0.0077264 4.07104
-0.00772086 4.07227

-0.00772086 4.07227
-0.00771532 4.07349

-0.00771532 4.07349
-0.00770979 4.07471

-0.00770979 4.07471
-0.00770427 4.07593

-0.00770427 4.07593
-0.00769875 4.07715

-0.00769875 4.07715
-0.00769324 4.07837

-0.00769324 4.07837
-0.00768773 4.07959

-0.00768773 4.07959
-0.00768223 4.08081

-0.00768223 4.08081
-0.00767673 4.08203

-0.00767673 4.08203
-0.00767124 4.08325

-0.00767124 4.08325
-0.00766576 4.08447

-0.00766576 4.08447
-0.00766028 4.08569

-0.00766028 4.08569
-0.00765481 4.08691

-0.00765481 4.08691
-0.00764934 4.08813

-0.00764934 4.08813
-0.00764388 4.08936

-0.00764388 4.08936
-0.00763842 4.09058

-0.00763842 4.09058
-0.00763297 4.0918

-0.00763297 4.0918
-0.00762752 4.09302

-0.00762752 4.09302
-0.00762208 4.09424

-0.00762208 4.09424
-0.00761665 4.09546

-0.00761665 4.09546
-0.00761122 4.09668

-0.00761122 4.09668
-0.0076058 4.0979

-0.0076058 4.0979
-0.00760038 4.09912

-0.00760038 4.09912
-0.00759497 4.10034

-0.00759497 4.10034
-0.00758957 4.10156

-0.00758957 4.10156
-0.00758417 4.10278

-0.00758417 4.10278
-0.00757877 4.104

-0.00757877 4.104
-0.00757338 4.10522

-0.00757338 4.10522
-0.00756836 4.10636

-0.00756836 4.10636
-0.007568 4.10645

-0.007568 4.10645
-0.00756262 4.10767

-0.00756262 4.10767
-0.00755725 4.10889

-0.00755725 4.10889
-0.00755188 4.11011

-0.00755188 4.11011
-0.00754652 4.11133

-0.00754652 4.11133
-0.00754116 4.11255

-0.00754116 4.11255
-0.00753581 4.11377

-0.00753581 4.11377
-0.00753047 4.11499

-0.00753047 4.11499
-0.00752513 4.11621

-0.00752513 4.11621
-0.00751979 4.11743

-0.00751979 4.11743
-0.00751447 4.11865

-0.00751447 4.11865
-0.00750914 4.11987

-0.00750914 4.11987
-0.00750383 4.12109

-0.00750383 4.12109
-0.00749851 4.12231

-0.00749851 4.12231
-0.00749321 4.12354

-0.00749321 4.12354
-0.00748791 4.12476

-0.00748791 4.12476
-0.00748261 4.12598

-0.00748261 4.12598
-0.00747732 4.1272

-0.00747732 4.1272
-0.00747203 4.12842

-0.00747203 4.12842
-0.00746676 4.12964

-0.00746676 4.12964
-0.00746148 4.13086

-0.00746148 4.13086
-0.00745621 4.13208

-0.00745621 4.13208
-0.00745095 4.1333

-0.00745095 4.1333
-0.00744569 4.13452

-0.00744569 4.13452
-0.00744044 4.13574

-0.00744044 4.13574
-0.00743519 4.13696

-0.00743519 4.13696
-0.00742995 4.13818

-0.00742995 4.13818
-0.00742471 4.1394

-0.00742471 4.1394
-0.00741948 4.14062

-0.00741948 4.14062
-0.00741426 4.14185

-0.00741426 4.14185
-0.00740904 4.14307

-0.00740904 4.14307
-0.00740382 4.14429

-0.00740382 4.14429
-0.00739861 4.14551

-0.00739861 4.14551
-0.00739341 4.14673

-0.00739341 4.14673
-0.00738821 4.14795

-0.00738821 4.14795
-0.00738301 4.14917

-0.00738301 4.14917
-0.00737783 4.15039

-0.00737783 4.15039
-0.00737264 4.15161

-0.00737264 4.15161
-0.00736746 4.15283

-0.00736746 4.15283
-0.00736229 4.15405

-0.00736229 4.15405
-0.00735712 4.15527

-0.00735712 4.15527
-0.00735196 4.15649

-0.00735196 4.15649
-0.00734681 4.15771

-0.00734681 4.15771
-0.00734165 4.15894

-0.00734165 4.15894
-0.00733651 4.16016

-0.00733651 4.16016
-0.00733137 4.16138

-0.00733137 4.16138
-0.00732623 4.1626

-0.00732623 4.1626
-0.0073211 4.16382

-0.0073211 4.16382
-0.00731597 4.16504

-0.00731597 4.16504
-0.00731085 4.16626

-0.00731085 4.16626
-0.00730574 4.16748

-0.00730574 4.16748
-0.00730063 4.1687

-0.00730063 4.1687
-0.00729552 4.16992

-0.00729552 4.16992
-0.00729042 4.17114

-0.00729042 4.17114
-0.00728533 4.17236

-0.00728533 4.17236
-0.00728024 4.17358

-0.00728024 4.17358
-0.00727516 4.1748

-0.00727516 4.1748
-0.00727008 4.17603

-0.00727008 4.17603
-0.00726501 4.17725

-0.00726501 4.17725
-0.00725994 4.17847

-0.00725994 4.17847
-0.00725487 4.17969

-0.00725487 4.17969
-0.00724982 4.18091

-0.00724982 4.18091
-0.00724476 4.18213

-0.00724476 4.18213
-0.00723971 4.18335

-0.00723971 4.18335
-0.00723467 4.18457

-0.00723467 4.18457
-0.00722963 4.18579

-0.00722963 4.18579
-0.0072246 4.18701

-0.0072246 4.18701
-0.00721957 4.18823

-0.00721957 4.18823
-0.00721455 4.18945

-0.00721455 4.18945
-0.00720953 4.19067

-0.00720953 4.19067
-0.00720452 4.19189

-0.00720452 4.19189
-0.00719951 4.19312

-0.00719951 4.19312
-0.00719451 4.19434

-0.00719451 4.19434
-0.00718952 4.19556

-0.00718952 4.19556
-0.00718452 4.19678

-0.00718452 4.19678
-0.00717954 4.198

-0.00717954 4.198
-0.00717455 4.19922

-0.00717455 4.19922
-0.00716958 4.20044

-0.00716958 4.20044
-0.00716461 4.20166

-0.00716461 4.20166
-0.00715964 4.20288

-0.00715964 4.20288
-0.00715468 4.2041

-0.00715468 4.2041
-0.00714972 4.20532

-0.00714972 4.20532
-0.00714477 4.20654

-0.00714477 4.20654
-0.00713982 4.20776

-0.00713982 4.20776
-0.00713488 4.20898

-0.00713488 4.20898
-0.00712994 4.21021

-0.00712994 4.21021
-0.00712501 4.21143

-0.00712501 4.21143
-0.00712008 4.21265

-0.00712008 4.21265
-0.00711516 4.21387

-0.00711516 4.21387
-0.00711025 4.21509

-0.00711025 4.21509
-0.00710533 4.21631

-0.00710533 4.21631
-0.00710043 4.21753

-0.00710043 4.21753
-0.00709552 4.21875

-0.00709552 4.21875
-0.00709063 4.21997

-0.00709063 4.21997
-0.00708574 4.22119

-0.00708574 4.22119
-0.00708085 4.22241

-0.00708085 4.22241
-0.00707597 4.22363

-0.00707597 4.22363
-0.00707109 4.22485

-0.00707109 4.22485
-0.00706622 4.22607

-0.00706622 4.22607
-0.00706135 4.22729

-0.00706135 4.22729
-0.00705649 4.22852

-0.00705649 4.22852
-0.00705163 4.22974

-0.00705163 4.22974
-0.00704677 4.23096

-0.00704677 4.23096
-0.00704193 4.23218

-0.00704193 4.23218
-0.00703708 4.2334

-0.00703708 4.2334
-0.00703224 4.23462

-0.00703224 4.23462
-0.00702741 4.23584

-0.00702741 4.23584
-0.00702258 4.23706

-0.00702258 4.23706
-0.00701776 4.23828

-0.00701776 4.23828
-0.00701294 4.2395

-0.00701294 4.2395
-0.00700813 4.24072

-0.00700813 4.24072
-0.00700332 4.24194

-0.00700332 4.24194
-0.00699851 4.24316

-0.00699851 4.24316
-0.00699371 4.24438

-0.00699371 4.24438
-0.00698892 4.24561

-0.00698892 4.24561
-0.00698413 4.24683

-0.00698413 4.24683
-0.00697934 4.24805

-0.00697934 4.24805
-0.00697456 4.24927

-0.00697456 4.24927
-0.00696979 4.25049

-0.00696979 4.25049
-0.00696501 4.25171

-0.00696501 4.25171
-0.00696025 4.25293

-0.00696025 4.25293
-0.00695549 4.25415

-0.00695549 4.25415
-0.00695073 4.25537

-0.00695073 4.25537
-0.00694598 4.25659

-0.00694598 4.25659
-0.00694123 4.25781

-0.00694123 4.25781
-0.00693649 4.25903

-0.00693649 4.25903
-0.00693175 4.26025

-0.00693175 4.26025
-0.00692702 4.26147

-0.00692702 4.26147
-0.00692229 4.2627

-0.00692229 4.2627
-0.00691757 4.26392

-0.00691757 4.26392
-0.00691285 4.26514

-0.00691285 4.26514
-0.00690813 4.26636

-0.00690813 4.26636
-0.00690343 4.26758

-0.00690343 4.26758
-0.00689872 4.2688

-0.00689872 4.2688
-0.00689402 4.27002

-0.00689402 4.27002
-0.00688933 4.27124

-0.00688933 4.27124
-0.00688464 4.27246

-0.00688464 4.27246
-0.00687995 4.27368

-0.00687995 4.27368
-0.00687527 4.2749

-0.00687527 4.2749
-0.00687059 4.27612

-0.00687059 4.27612
-0.00686592 4.27734

-0.00686592 4.27734
-0.00686125 4.27856

-0.00686125 4.27856
-0.00685659 4.27979

-0.00685659 4.27979
-0.00685193 4.28101

-0.00685193 4.28101
-0.00684728 4.28223

-0.00684728 4.28223
-0.00684263 4.28345

-0.00684263 4.28345
-0.00683799 4.28467

-0.00683799 4.28467
-0.00683335 4.28589

-0.00683335 4.28589
-0.00682871 4.28711

-0.00682871 4.28711
-0.00682408 4.28833

-0.00682408 4.28833
-0.00681946 4.28955

-0.00681946 4.28955
-0.00681484 4.29077

-0.00681484 4.29077
-0.00681022 4.29199

-0.00681022 4.29199
-0.00680561 4.29321

-0.00680561 4.29321
-0.006801 4.29443

-0.006801 4.29443
-0.0067964 4.29565

-0.0067964 4.29565
-0.0067918 4.29688

-0.0067918 4.29688
-0.00678721 4.2981

-0.00678721 4.2981
-0.00678262 4.29932

-0.00678262 4.29932
-0.00677803 4.30054

-0.00677803 4.30054
-0.00677345 4.30176

-0.00677345 4.30176
-0.00676888 4.30298

-0.00676888 4.30298
-0.00676431 4.3042

-0.00676431 4.3042
-0.00675974 4.30542

-0.00675974 4.30542
-0.00675518 4.30664

-0.00675518 4.30664
-0.00675062 4.30786

-0.00675062 4.30786
-0.00674607 4.30908

-0.00674607 4.30908
-0.00674152 4.3103

-0.00674152 4.3103
-0.00673698 4.31152

-0.00673698 4.31152
-0.00673244 4.31274

-0.00673244 4.31274
-0.0067279 4.31396

-0.0067279 4.31396
-0.00672337 4.31519

-0.00672337 4.31519
-0.00671885 4.31641

-0.00671885 4.31641
-0.00671433 4.31763

-0.00671433 4.31763
-0.00670981 4.31885

-0.00670981 4.31885
-0.0067053 4.32007

-0.0067053 4.32007
-0.00670079 4.32129

-0.00670079 4.32129
-0.00669629 4.32251

-0.00669629 4.32251
-0.00669179 4.32373

-0.00669179 4.32373
-0.00668729 4.32495

-0.00668729 4.32495
-0.0066828 4.32617

-0.0066828 4.32617
-0.00667832 4.32739

-0.00667832 4.32739
-0.00667384 4.32861

-0.00667384 4.32861
-0.00666936 4.32983

-0.00666936 4.32983
-0.00666489 4.33105

-0.00666489 4.33105
-0.00666042 4.33228

-0.00666042 4.33228
-0.00665595 4.3335

-0.00665595 4.3335
-0.0066515 4.33472

-0.0066515 4.33472
-0.00664704 4.33594

-0.00664704 4.33594
-0.00664259 4.33716

-0.00664259 4.33716
-0.00663814 4.33838

-0.00663814 4.33838
-0.0066337 4.3396

-0.0066337 4.3396
-0.00662927 4.34082

-0.00662927 4.34082
-0.00662483 4.34204

-0.00662483 4.34204
-0.0066204 4.34326

-0.0066204 4.34326
-0.00661598 4.34448

-0.00661598 4.34448
-0.00661156 4.3457

-0.00661156 4.3457
-0.00660714 4.34692

-0.00660714 4.34692
-0.00660273 4.34814

-0.00660273 4.34814
-0.00659833 4.34937

-0.00659833 4.34937
-0.00659392 4.35059

-0.00659392 4.35059
-0.00658953 4.35181

-0.00658953 4.35181
-0.00658513 4.35303

-0.00658513 4.35303
-0.00658074 4.35425

-0.00658074 4.35425
-0.00657636 4.35547

-0.00657636 4.35547
-0.00657198 4.35669

-0.00657198 4.35669
-0.0065676 4.35791

-0.0065676 4.35791
-0.00656323 4.35913

-0.00656323 4.35913
-0.00655886 4.36035

-0.00655886 4.36035
-0.0065545 4.36157

-0.0065545 4.36157
-0.00655014 4.36279

-0.00655014 4.36279
-0.00654578 4.36401

-0.00654578 4.36401
-0.00654143 4.36523

-0.00654143 4.36523
-0.00653708 4.36646

-0.00653708 4.36646
-0.00653274 4.36768

-0.00653274 4.36768
-0.0065284 4.3689

-0.0065284 4.3689
-0.00652407 4.37012

-0.00652407 4.37012
-0.00651974 4.37134

-0.00651974 4.37134
-0.00651541 4.37256

-0.00651541 4.37256
-0.00651109 4.37378

-0.00651109 4.37378
-0.00650678 4.375

-0.00650678 4.375
-0.00650246 4.37622

-0.00650246 4.37622
-0.00649816 4.37744

-0.00649816 4.37744
-0.00649385 4.37866

-0.00649385 4.37866
-0.00648955 4.37988

-0.00648955 4.37988
-0.00648525 4.3811

-0.00648525 4.3811
-0.00648096 4.38232

-0.00648096 4.38232
-0.00647668 4.38354

-0.00647668 4.38354
-0.00647239 4.38477

-0.00647239 4.38477
-0.00646811 4.38599

-0.00646811 4.38599
-0.00646384 4.38721

-0.00646384 4.38721
-0.00645957 4.38843

-0.00645957 4.38843
-0.0064553 4.38965

-0.0064553 4.38965
-0.00645104 4.39087

-0.00645104 4.39087
-0.00644678 4.39209

-0.00644678 4.39209
-0.00644253 4.39331

-0.00644253 4.39331
-0.00643828 4.39453

-0.00643828 4.39453
-0.00643403 4.39575

-0.00643403 4.39575
-0.00642979 4.39697

-0.00642979 4.39697
-0.00642555 4.39819

-0.00642555 4.39819
-0.00642132 4.39941

-0.00642132 4.39941
-0.00641709 4.40063

-0.00641709 4.40063
-0.00641286 4.40186

-0.00641286 4.40186
-0.00640864 4.40308

-0.00640864 4.40308
-0.00640442 4.4043

-0.00640442 4.4043
-0.00640021 4.40552

-0.00640021 4.40552
-0.006396 4.40674

-0.006396 4.40674
-0.0063918 4.40796

-0.0063918 4.40796
-0.0063876 4.40918

-0.0063876 4.40918
-0.0063834 4.4104

-0.0063834 4.4104
-0.00637921 4.41162

-0.00637921 4.41162
-0.00637502 4.41284

-0.00637502 4.41284
-0.00637083 4.41406

-0.00637083 4.41406
-0.00636665 4.41528

-0.00636665 4.41528
-0.00636248 4.4165

-0.00636248 4.4165
-0.0063583 4.41772

-0.0063583 4.41772
-0.00635414 4.41895

-0.00635414 4.41895
-0.00634997 4.42017

-0.00634997 4.42017
-0.00634766 4.42085

-0.00634766 4.42085
-0.00634581 4.42139

-0.00634581 4.42139
-0.00634166 4.42261

-0.00634166 4.42261
-0.0063375 4.42383

-0.0063375 4.42383
-0.00633336 4.42505

-0.00633336 4.42505
-0.00632921 4.42627

-0.00632921 4.42627
-0.00632507 4.42749

-0.00632507 4.42749
-0.00632094 4.42871

-0.00632094 4.42871
-0.0063168 4.42993

-0.0063168 4.42993
-0.00631268 4.43115

-0.00631268 4.43115
-0.00630855 4.43237

-0.00630855 4.43237
-0.00630443 4.43359

-0.00630443 4.43359
-0.00630031 4.43481

-0.00630031 4.43481
-0.0062962 4.43604

-0.0062962 4.43604
-0.00629209 4.43726

-0.00629209 4.43726
-0.00628799 4.43848

-0.00628799 4.43848
-0.00628389 4.4397

-0.00628389 4.4397
-0.00627979 4.44092

-0.00627979 4.44092
-0.0062757 4.44214

-0.0062757 4.44214
-0.00627161 4.44336

-0.00627161 4.44336
-0.00626753 4.44458

-0.00626753 4.44458
-0.00626345 4.4458

-0.00626345 4.4458
-0.00625937 4.44702

-0.00625937 4.44702
-0.0062553 4.44824

-0.0062553 4.44824
-0.00625123 4.44946

-0.00625123 4.44946
-0.00624716 4.45068

-0.00624716 4.45068
-0.0062431 4.4519

-0.0062431 4.4519
-0.00623905 4.45312

-0.00623905 4.45312
-0.00623499 4.45435

-0.00623499 4.45435
-0.00623094 4.45557

-0.00623094 4.45557
-0.0062269 4.45679

-0.0062269 4.45679
-0.00622286 4.45801

-0.00622286 4.45801
-0.00621882 4.45923

-0.00621882 4.45923
-0.00621479 4.46045

-0.00621479 4.46045
-0.00621076 4.46167

-0.00621076 4.46167
-0.00620673 4.46289

-0.00620673 4.46289
-0.00620271 4.46411

-0.00620271 4.46411
-0.00619869 4.46533

-0.00619869 4.46533
-0.00619468 4.46655

-0.00619468 4.46655
-0.00619067 4.46777

-0.00619067 4.46777
-0.00618666 4.46899

-0.00618666 4.46899
-0.00618266 4.47021

-0.00618266 4.47021
-0.00617866 4.47144

-0.00617866 4.47144
-0.00617466 4.47266

-0.00617466 4.47266
-0.00617067 4.47388

-0.00617067 4.47388
-0.00616668 4.4751

-0.00616668 4.4751
-0.0061627 4.47632

-0.0061627 4.47632
-0.00615872 4.47754

-0.00615872 4.47754
-0.00615474 4.47876

-0.00615474 4.47876
-0.00615077 4.47998

-0.00615077 4.47998
-0.0061468 4.4812

-0.0061468 4.4812
-0.00614284 4.48242

-0.00614284 4.48242
-0.00613888 4.48364

-0.00613888 4.48364
-0.00613492 4.48486

-0.00613492 4.48486
-0.00613097 4.48608

-0.00613097 4.48608
-0.00612702 4.4873

-0.00612702 4.4873
-0.00612307 4.48853

-0.00612307 4.48853
-0.00611913 4.48975

-0.00611913 4.48975
-0.00611519 4.49097

-0.00611519 4.49097
-0.00611126 4.49219

-0.00611126 4.49219
-0.00610733 4.49341

-0.00610733 4.49341
-0.0061034 4.49463

-0.0061034 4.49463
-0.00609948 4.49585

-0.00609948 4.49585
-0.00609556 4.49707

-0.00609556 4.49707
-0.00609164 4.49829

-0.00609164 4.49829
-0.00608773 4.49951

-0.00608773 4.49951
-0.00608382 4.50073

-0.00608382 4.50073
-0.00607992 4.50195

-0.00607992 4.50195
-0.00607602 4.50317

-0.00607602 4.50317
-0.00607212 4.50439

-0.00607212 4.50439
-0.00606823 4.50562

-0.00606823 4.50562
-0.00606434 4.50684

-0.00606434 4.50684
-0.00606045 4.50806

-0.00606045 4.50806
-0.00605657 4.50928

-0.00605657 4.50928
-0.00605269 4.5105

-0.00605269 4.5105
-0.00604882 4.51172

-0.00604882 4.51172
-0.00604495 4.51294

-0.00604495 4.51294
-0.00604108 4.51416

-0.00604108 4.51416
-0.00603722 4.51538

-0.00603722 4.51538
-0.00603336 4.5166

-0.00603336 4.5166
-0.0060295 4.51782

-0.0060295 4.51782
-0.00602565 4.51904

-0.00602565 4.51904
-0.0060218 4.52026

-0.0060218 4.52026
-0.00601795 4.52148

-0.00601795 4.52148
-0.00601411 4.52271

-0.00601411 4.52271
-0.00601027 4.52393

-0.00601027 4.52393
-0.00600644 4.52515

-0.00600644 4.52515
-0.00600261 4.52637

-0.00600261 4.52637
-0.00599878 4.52759

-0.00599878 4.52759
-0.00599496 4.52881

-0.00599496 4.52881
-0.00599114 4.53003

-0.00599114 4.53003
-0.00598732 4.53125

-0.00598732 4.53125
-0.00598351 4.53247

-0.00598351 4.53247
-0.0059797 4.53369

-0.0059797 4.53369
-0.0059759 4.53491

-0.0059759 4.53491
-0.00597209 4.53613

-0.00597209 4.53613
-0.0059683 4.53735

-0.0059683 4.53735
-0.0059645 4.53857

-0.0059645 4.53857
-0.00596071 4.53979

-0.00596071 4.53979
-0.00595692 4.54102

-0.00595692 4.54102
-0.00595314 4.54224

-0.00595314 4.54224
-0.00594936 4.54346

-0.00594936 4.54346
-0.00594558 4.54468

-0.00594558 4.54468
-0.00594181 4.5459

-0.00594181 4.5459
-0.00593804 4.54712

-0.00593804 4.54712
-0.00593427 4.54834

-0.00593427 4.54834
-0.00593051 4.54956

-0.00593051 4.54956
-0.00592675 4.55078

-0.00592675 4.55078
-0.005923 4.552

-0.005923 4.552
-0.00591925 4.55322

-0.00591925 4.55322
-0.0059155 4.55444

-0.0059155 4.55444
-0.00591175 4.55566

-0.00591175 4.55566
-0.00590801 4.55688

-0.00590801 4.55688
-0.00590428 4.55811

-0.00590428 4.55811
-0.00590054 4.55933

-0.00590054 4.55933
-0.00589681 4.56055

-0.00589681 4.56055
-0.00589309 4.56177

-0.00589309 4.56177
-0.00588936 4.56299

-0.00588936 4.56299
-0.00588564 4.56421

-0.00588564 4.56421
-0.00588193 4.56543

-0.00588193 4.56543
-0.00587821 4.56665

-0.00587821 4.56665
-0.0058745 4.56787

-0.0058745 4.56787
-0.0058708 4.56909

-0.0058708 4.56909
-0.0058671 4.57031

-0.0058671 4.57031
-0.0058634 4.57153

-0.0058634 4.57153
-0.0058597 4.57275

-0.0058597 4.57275
-0.00585601 4.57397

-0.00585601 4.57397
-0.00585232 4.5752

-0.00585232 4.5752
-0.00584864 4.57642

-0.00584864 4.57642
-0.00584496 4.57764

-0.00584496 4.57764
-0.00584128 4.57886

-0.00584128 4.57886
-0.0058376 4.58008

-0.0058376 4.58008
-0.00583393 4.5813

-0.00583393 4.5813
-0.00583026 4.58252

-0.00583026 4.58252
-0.0058266 4.58374

-0.0058266 4.58374
-0.00582294 4.58496

-0.00582294 4.58496
-0.00581928 4.58618

-0.00581928 4.58618
-0.00581563 4.5874

-0.00581563 4.5874
-0.00581198 4.58862

-0.00581198 4.58862
-0.00580833 4.58984

-0.00580833 4.58984
-0.00580469 4.59106

-0.00580469 4.59106
-0.00580105 4.59229

-0.00580105 4.59229
-0.00579741 4.59351

-0.00579741 4.59351
-0.00579378 4.59473

-0.00579378 4.59473
-0.00579015 4.59595

-0.00579015 4.59595
-0.00578652 4.59717

-0.00578652 4.59717
-0.0057829 4.59839

-0.0057829 4.59839
-0.00577928 4.59961

-0.00577928 4.59961
-0.00577566 4.60083

-0.00577566 4.60083
-0.00577205 4.60205

-0.00577205 4.60205
-0.00576844 4.60327

-0.00576844 4.60327
-0.00576483 4.60449

-0.00576483 4.60449
-0.00576123 4.60571

-0.00576123 4.60571
-0.00575763 4.60693

-0.00575763 4.60693
-0.00575404 4.60815

-0.00575404 4.60815
-0.00575044 4.60938

-0.00575044 4.60938
-0.00574686 4.6106

-0.00574686 4.6106
-0.00574327 4.61182

-0.00574327 4.61182
-0.00573969 4.61304

-0.00573969 4.61304
-0.00573611 4.61426

-0.00573611 4.61426
-0.00573253 4.61548

-0.00573253 4.61548
-0.00572896 4.6167

-0.00572896 4.6167
-0.00572539 4.61792

-0.00572539 4.61792
-0.00572183 4.61914

-0.00572183 4.61914
-0.00571826 4.62036

-0.00571826 4.62036
-0.0057147 4.62158

-0.0057147 4.62158
-0.00571115 4.6228

-0.00571115 4.6228
-0.0057076 4.62402

-0.0057076 4.62402
-0.00570405 4.62524

-0.00570405 4.62524
-0.0057005 4.62646

-0.0057005 4.62646
-0.00569696 4.62769

-0.00569696 4.62769
-0.00569342 4.62891

-0.00569342 4.62891
-0.00568988 4.63013

-0.00568988 4.63013
-0.00568635 4.63135

-0.00568635 4.63135
-0.00568282 4.63257

-0.00568282 4.63257
-0.0056793 4.63379

-0.0056793 4.63379
-0.00567577 4.63501

-0.00567577 4.63501
-0.00567225 4.63623

-0.00567225 4.63623
-0.00566874 4.63745

-0.00566874 4.63745
-0.00566523 4.63867

-0.00566523 4.63867
-0.00566172 4.63989

-0.00566172 4.63989
-0.00565821 4.64111

-0.00565821 4.64111
-0.00565471 4.64233

-0.00565471 4.64233
-0.00565121 4.64355

-0.00565121 4.64355
-0.00564771 4.64478

-0.00564771 4.64478
-0.00564422 4.646

-0.00564422 4.646
-0.00564073 4.64722

-0.00564073 4.64722
-0.00563724 4.64844

-0.00563724 4.64844
-0.00563376 4.64966

-0.00563376 4.64966
-0.00563028 4.65088

-0.00563028 4.65088
-0.0056268 4.6521

-0.0056268 4.6521
-0.00562333 4.65332

-0.00562333 4.65332
-0.00561986 4.65454

-0.00561986 4.65454
-0.00561639 4.65576

-0.00561639 4.65576
-0.00561292 4.65698

-0.00561292 4.65698
-0.00560946 4.6582

-0.00560946 4.6582
-0.00560601 4.65942

-0.00560601 4.65942
-0.00560255 4.66064

-0.00560255 4.66064
-0.0055991 4.66187

-0.0055991 4.66187
-0.00559565 4.66309

-0.00559565 4.66309
-0.00559221 4.66431

-0.00559221 4.66431
-0.00558877 4.66553

-0.00558877 4.66553
-0.00558533 4.66675

-0.00558533 4.66675
-0.00558189 4.66797

-0.00558189 4.66797
-0.00557846 4.66919

-0.00557846 4.66919
-0.00557503 4.67041

-0.00557503 4.67041
-0.0055716 4.67163

-0.0055716 4.67163
-0.00556818 4.67285

-0.00556818 4.67285
-0.00556476 4.67407

-0.00556476 4.67407
-0.00556135 4.67529

-0.00556135 4.67529
-0.00555793 4.67651

-0.00555793 4.67651
-0.00555452 4.67773

-0.00555452 4.67773
-0.00555112 4.67896

-0.00555112 4.67896
-0.00554771 4.68018

-0.00554771 4.68018
-0.00554431 4.6814

-0.00554431 4.6814
-0.00554092 4.68262

-0.00554092 4.68262
-0.00553752 4.68384

-0.00553752 4.68384
-0.00553413 4.68506

-0.00553413 4.68506
-0.00553074 4.68628

-0.00553074 4.68628
-0.00552736 4.6875

-0.00552736 4.6875
-0.00552398 4.68872

-0.00552398 4.68872
-0.0055206 4.68994

-0.0055206 4.68994
-0.00551722 4.69116

-0.00551722 4.69116
-0.00551385 4.69238

-0.00551385 4.69238
-0.00551048 4.6936

-0.00551048 4.6936
-0.00550711 4.69482

-0.00550711 4.69482
-0.00550375 4.69604

-0.00550375 4.69604
-0.00550039 4.69727

-0.00550039 4.69727
-0.00549703 4.69849

-0.00549703 4.69849
-0.00549368 4.69971

-0.00549368 4.69971
-0.00549033 4.70093

-0.00549033 4.70093
-0.00548698 4.70215

-0.00548698 4.70215
-0.00548364 4.70337

-0.00548364 4.70337
-0.0054803 4.70459

-0.0054803 4.70459
-0.00547696 4.70581

-0.00547696 4.70581
-0.00547362 4.70703

-0.00547362 4.70703
-0.00547029 4.70825

-0.00547029 4.70825
-0.00546696 4.70947

-0.00546696 4.70947
-0.00546364 4.71069

-0.00546364 4.71069
-0.00546031 4.71191

-0.00546031 4.71191
-0.00545699 4.71313

-0.00545699 4.71313
-0.00545368 4.71436

-0.00545368 4.71436
-0.00545036 4.71558

-0.00545036 4.71558
-0.00544705 4.7168

-0.00544705 4.7168
-0.00544374 4.71802

-0.00544374 4.71802
-0.00544044 4.71924

-0.00544044 4.71924
-0.00543714 4.72046

-0.00543714 4.72046
-0.00543384 4.72168

-0.00543384 4.72168
-0.00543054 4.7229

-0.00543054 4.7229
-0.00542725 4.72412

-0.00542725 4.72412
-0.00542396 4.72534

-0.00542396 4.72534
-0.00542067 4.72656

-0.00542067 4.72656
-0.00541739 4.72778

-0.00541739 4.72778
-0.00541411 4.729

-0.00541411 4.729
-0.00541083 4.73022

-0.00541083 4.73022
-0.00540756 4.73145

-0.00540756 4.73145
-0.00540429 4.73267

-0.00540429 4.73267
-0.00540102 4.73389

-0.00540102 4.73389
-0.00539775 4.73511

-0.00539775 4.73511
-0.00539449 4.73633

-0.00539449 4.73633
-0.00539123 4.73755

-0.00539123 4.73755
-0.00538797 4.73877

-0.00538797 4.73877
-0.00538472 4.73999

-0.00538472 4.73999
-0.00538147 4.74121

-0.00538147 4.74121
-0.00537822 4.74243

-0.00537822 4.74243
-0.00537498 4.74365

-0.00537498 4.74365
-0.00537174 4.74487

-0.00537174 4.74487
-0.0053685 4.74609

-0.0053685 4.74609
-0.00536526 4.74731

-0.00536526 4.74731
-0.00536203 4.74854

-0.00536203 4.74854
-0.0053588 4.74976

-0.0053588 4.74976
-0.00535557 4.75098

-0.00535557 4.75098
-0.00535235 4.7522

-0.00535235 4.7522
-0.00534913 4.75342

-0.00534913 4.75342
-0.00534591 4.75464

-0.00534591 4.75464
-0.00534269 4.75586

-0.00534269 4.75586
-0.00533948 4.75708

-0.00533948 4.75708
-0.00533627 4.7583

-0.00533627 4.7583
-0.00533306 4.75952

-0.00533306 4.75952
-0.00532986 4.76074

-0.00532986 4.76074
-0.00532666 4.76196

-0.00532666 4.76196
-0.00532346 4.76318

-0.00532346 4.76318
-0.00532027 4.7644

-0.00532027 4.7644
-0.00531708 4.76562

-0.00531708 4.76562
-0.00531389 4.76685

-0.00531389 4.76685
-0.0053107 4.76807

-0.0053107 4.76807
-0.00530752 4.76929

-0.00530752 4.76929
-0.00530434 4.77051

-0.00530434 4.77051
-0.00530116 4.77173

-0.00530116 4.77173
-0.00529798 4.77295

-0.00529798 4.77295
-0.00529481 4.77417

-0.00529481 4.77417
-0.00529164 4.77539

-0.00529164 4.77539
-0.00528848 4.77661

-0.00528848 4.77661
-0.00528531 4.77783

-0.00528531 4.77783
-0.00528215 4.77905

-0.00528215 4.77905
-0.005279 4.78027

-0.005279 4.78027
-0.00527584 4.78149

-0.00527584 4.78149
-0.00527269 4.78271

-0.00527269 4.78271
-0.00526954 4.78394

-0.00526954 4.78394
-0.0052664 4.78516

-0.0052664 4.78516
-0.00526325 4.78638

-0.00526325 4.78638
-0.00526011 4.7876

-0.00526011 4.7876
-0.00525698 4.78882

-0.00525698 4.78882
-0.00525384 4.79004

-0.00525384 4.79004
-0.00525071 4.79126

-0.00525071 4.79126
-0.00524758 4.79248

-0.00524758 4.79248
-0.00524446 4.7937

-0.00524446 4.7937
-0.00524133 4.79492

-0.00524133 4.79492
-0.00523821 4.79614

-0.00523821 4.79614
-0.00523509 4.79736

-0.00523509 4.79736
-0.00523198 4.79858

-0.00523198 4.79858
-0.00522887 4.7998

-0.00522887 4.7998
-0.00522576 4.80103

-0.00522576 4.80103
-0.00522265 4.80225

-0.00522265 4.80225
-0.00521955 4.80347

-0.00521955 4.80347
-0.00521645 4.80469

-0.00521645 4.80469
-0.00521335 4.80591

-0.00521335 4.80591
-0.00521026 4.80713

-0.00521026 4.80713
-0.00520716 4.80835

-0.00520716 4.80835
-0.00520407 4.80957

-0.00520407 4.80957
-0.00520099 4.81079

-0.00520099 4.81079
-0.0051979 4.81201

-0.0051979 4.81201
-0.00519482 4.81323

-0.00519482 4.81323
-0.00519174 4.81445

-0.00519174 4.81445
-0.00518867 4.81567

-0.00518867 4.81567
-0.0051856 4.81689

-0.0051856 4.81689
-0.00518253 4.81812

-0.00518253 4.81812
-0.00517946 4.81934

-0.00517946 4.81934
-0.00517639 4.82056

-0.00517639 4.82056
-0.00517333 4.82178

-0.00517333 4.82178
-0.00517027 4.823

-0.00517027 4.823
-0.00516722 4.82422

-0.00516722 4.82422
-0.00516416 4.82544

-0.00516416 4.82544
-0.00516111 4.82666

-0.00516111 4.82666
-0.00515807 4.82788

-0.00515807 4.82788
-0.00515502 4.8291

-0.00515502 4.8291
-0.00515198 4.83032

-0.00515198 4.83032
-0.00514894 4.83154

-0.00514894 4.83154
-0.0051459 4.83276

-0.0051459 4.83276
-0.00514287 4.83398

-0.00514287 4.83398
-0.00513984 4.83521

-0.00513984 4.83521
-0.00513681 4.83643

-0.00513681 4.83643
-0.00513378 4.83765

-0.00513378 4.83765
-0.00513076 4.83887

-0.00513076 4.83887
-0.00512774 4.84009

-0.00512774 4.84009
-0.00512695 4.8404

-0.00512695 4.8404
-0.00512472 4.84131

-0.00512472 4.84131
-0.0051217 4.84253

-0.0051217 4.84253
-0.00511869 4.84375

-0.00511869 4.84375
-0.00511568 4.84497

-0.00511568 4.84497
-0.00511267 4.84619

-0.00511267 4.84619
-0.00510967 4.84741

-0.00510967 4.84741
-0.00510667 4.84863

-0.00510667 4.84863
-0.00510367 4.84985

-0.00510367 4.84985
-0.00510067 4.85107

-0.00510067 4.85107
-0.00509768 4.85229

-0.00509768 4.85229
-0.00509469 4.85352

-0.00509469 4.85352
-0.0050917 4.85474

-0.0050917 4.85474
-0.00508871 4.85596

-0.00508871 4.85596
-0.00508573 4.85718

-0.00508573 4.85718
-0.00508275 4.8584

-0.00508275 4.8584
-0.00507977 4.85962

-0.00507977 4.85962
-0.0050768 4.86084

-0.0050768 4.86084
-0.00507383 4.86206

-0.00507383 4.86206
-0.00507086 4.86328

-0.00507086 4.86328
-0.00506789 4.8645

-0.00506789 4.8645
-0.00506493 4.86572

-0.00506493 4.86572
-0.00506196 4.86694

-0.00506196 4.86694
-0.00505901 4.86816

-0.00505901 4.86816
-0.00505605 4.86938

-0.00505605 4.86938
-0.0050531 4.87061

-0.0050531 4.87061
-0.00505014 4.87183

-0.00505014 4.87183
-0.0050472 4.87305

-0.0050472 4.87305
-0.00504425 4.87427

-0.00504425 4.87427
-0.00504131 4.87549

-0.00504131 4.87549
-0.00503837 4.87671

-0.00503837 4.87671
-0.00503543 4.87793

-0.00503543 4.87793
-0.00503249 4.87915

-0.00503249 4.87915
-0.00502956 4.88037

-0.00502956 4.88037
-0.00502663 4.88159

-0.00502663 4.88159
-0.0050237 4.88281

-0.0050237 4.88281
-0.00502078 4.88403

-0.00502078 4.88403
-0.00501786 4.88525

-0.00501786 4.88525
-0.00501494 4.88647

-0.00501494 4.88647
-0.00501202 4.8877

-0.00501202 4.8877
-0.00500911 4.88892

-0.00500911 4.88892
-0.00500619 4.89014

-0.00500619 4.89014
-0.00500329 4.89136

-0.00500329 4.89136
-0.00500038 4.89258

-0.00500038 4.89258
-0.00499747 4.8938

-0.00499747 4.8938
-0.00499457 4.89502

-0.00499457 4.89502
-0.00499167 4.89624

-0.00499167 4.89624
-0.00498878 4.89746

-0.00498878 4.89746
-0.00498589 4.89868

-0.00498589 4.89868
-0.00498299 4.8999

-0.00498299 4.8999
-0.00498011 4.90112

-0.00498011 4.90112
-0.00497722 4.90234

-0.00497722 4.90234
-0.00497434 4.90356

-0.00497434 4.90356
-0.00497146 4.90479

-0.00497146 4.90479
-0.00496858 4.90601

-0.00496858 4.90601
-0.0049657 4.90723

-0.0049657 4.90723
-0.00496283 4.90845

-0.00496283 4.90845
-0.00495996 4.90967

-0.00495996 4.90967
-0.00495709 4.91089

-0.00495709 4.91089
-0.00495422 4.91211

-0.00495422 4.91211
-0.00495136 4.91333

-0.00495136 4.91333
-0.0049485 4.91455

-0.0049485 4.91455
-0.00494564 4.91577

-0.00494564 4.91577
-0.00494279 4.91699

-0.00494279 4.91699
-0.00493994 4.91821

-0.00493994 4.91821
-0.00493709 4.91943

-0.00493709 4.91943
-0.00493424 4.92065

-0.00493424 4.92065
-0.00493139 4.92188

-0.00493139 4.92188
-0.00492855 4.9231

-0.00492855 4.9231
-0.00492571 4.92432

-0.00492571 4.92432
-0.00492287 4.92554

-0.00492287 4.92554
-0.00492004 4.92676

-0.00492004 4.92676
-0.00491721 4.92798

-0.00491721 4.92798
-0.00491438 4.9292

-0.00491438 4.9292
-0.00491155 4.93042

-0.00491155 4.93042
-0.00490872 4.93164

-0.00490872 4.93164
-0.0049059 4.93286

-0.0049059 4.93286
-0.00490308 4.93408

-0.00490308 4.93408
-0.00490026 4.9353

-0.00490026 4.9353
-0.00489745 4.93652

-0.00489745 4.93652
-0.00489464 4.93774

-0.00489464 4.93774
-0.00489183 4.93896

-0.00489183 4.93896
-0.00488902 4.94019

-0.00488902 4.94019
-0.00488621 4.94141

-0.00488621 4.94141
-0.00488341 4.94263

-0.00488341 4.94263
-0.00488061 4.94385

-0.00488061 4.94385
-0.00487781 4.94507

-0.00487781 4.94507
-0.00487502 4.94629

-0.00487502 4.94629
-0.00487223 4.94751

-0.00487223 4.94751
-0.00486944 4.94873

-0.00486944 4.94873
-0.00486665 4.94995

-0.00486665 4.94995
-0.00486386 4.95117

-0.00486386 4.95117
-0.00486108 4.95239

-0.00486108 4.95239
-0.0048583 4.95361

-0.0048583 4.95361
-0.00485552 4.95483

-0.00485552 4.95483
-0.00485275 4.95605

-0.00485275 4.95605
-0.00484997 4.95728

-0.00484997 4.95728
-0.0048472 4.9585

-0.0048472 4.9585
-0.00484443 4.95972

-0.00484443 4.95972
-0.00484167 4.96094

-0.00484167 4.96094
-0.00483891 4.96216

-0.00483891 4.96216
-0.00483614 4.96338

-0.00483614 4.96338
-0.00483339 4.9646

-0.00483339 4.9646
-0.00483063 4.96582

-0.00483063 4.96582
-0.00482788 4.96704

-0.00482788 4.96704
-0.00482513 4.96826

-0.00482513 4.96826
-0.00482238 4.96948

-0.00482238 4.96948
-0.00481963 4.9707

-0.00481963 4.9707
-0.00481689 4.97192

-0.00481689 4.97192
-0.00481415 4.97314

-0.00481415 4.97314
-0.00481141 4.97437

-0.00481141 4.97437
-0.00480867 4.97559

-0.00480867 4.97559
-0.00480594 4.97681

-0.00480594 4.97681
-0.0048032 4.97803

-0.0048032 4.97803
-0.00480048 4.97925

-0.00480048 4.97925
-0.00479775 4.98047

-0.00479775 4.98047
-0.00479502 4.98169

-0.00479502 4.98169
-0.0047923 4.98291

-0.0047923 4.98291
-0.00478958 4.98413

-0.00478958 4.98413
-0.00478686 4.98535

-0.00478686 4.98535
-0.00478415 4.98657

-0.00478415 4.98657
-0.00478144 4.98779

-0.00478144 4.98779
-0.00477873 4.98901

-0.00477873 4.98901
-0.00477602 4.99023

-0.00477602 4.99023
-0.00477331 4.99146

-0.00477331 4.99146
-0.00477061 4.99268

-0.00477061 4.99268
-0.00476791 4.9939

-0.00476791 4.9939
-0.00476521 4.99512

-0.00476521 4.99512
-0.00476252 4.99634

-0.00476252 4.99634
-0.00475982 4.99756

-0.00475982 4.99756
-0.00475713 4.99878

-0.00475713 4.99878
-0.00475444 5

-0.00475444 5
-0.00475176 5.00122

-0.00475176 5.00122
-0.00474907 5.00244

-0.00474907 5.00244
-0.00474639 5.00366

-0.00474639 5.00366
-0.00474371 5.00488

-0.00474371 5.00488
-0.00474103 5.0061

-0.00474103 5.0061
-0.00473836 5.00732

-0.00473836 5.00732
-0.00473569 5.00854

-0.00473569 5.00854
-0.00473302 5.00977

-0.00473302 5.00977
-0.00473035 5.01099

-0.00473035 5.01099
-0.00472768 5.01221

-0.00472768 5.01221
-0.00472502 5.01343

-0.00472502 5.01343
-0.00472236 5.01465

-0.00472236 5.01465
-0.0047197 5.01587

-0.0047197 5.01587
-0.00471705 5.01709

-0.00471705 5.01709
-0.00471439 5.01831

-0.00471439 5.01831
-0.00471174 5.01953

-0.00471174 5.01953
-0.00470909 5.02075

-0.00470909 5.02075
-0.00470644 5.02197

-0.00470644 5.02197
-0.0047038 5.02319

-0.0047038 5.02319
-0.00470116 5.02441

-0.00470116 5.02441
-0.00469852 5.02563

-0.00469852 5.02563
-0.00469588 5.02686

-0.00469588 5.02686
-0.00469324 5.02808

-0.00469324 5.02808
-0.00469061 5.0293

-0.00469061 5.0293
-0.00468798 5.03052

-0.00468798 5.03052
-0.00468535 5.03174

-0.00468535 5.03174
-0.00468273 5.03296

-0.00468273 5.03296
-0.0046801 5.03418

-0.0046801 5.03418
-0.00467748 5.0354

-0.00467748 5.0354
-0.00467486 5.03662

-0.00467486 5.03662
-0.00467225 5.03784

-0.00467225 5.03784
-0.00466963 5.03906

-0.00466963 5.03906
-0.00466702 5.04028

-0.00466702 5.04028
-0.00466441 5.0415

-0.00466441 5.0415
-0.0046618 5.04272

-0.0046618 5.04272
-0.00465919 5.04395

-0.00465919 5.04395
-0.00465659 5.04517

-0.00465659 5.04517
-0.00465399 5.04639

-0.00465399 5.04639
-0.00465139 5.04761

-0.00465139 5.04761
-0.0046488 5.04883

-0.0046488 5.04883
-0.0046462 5.05005

-0.0046462 5.05005
-0.00464361 5.05127

-0.00464361 5.05127
-0.00464102 5.05249

-0.00464102 5.05249
-0.00463843 5.05371

-0.00463843 5.05371
-0.00463585 5.05493

-0.00463585 5.05493
-0.00463326 5.05615

-0.00463326 5.05615
-0.00463068 5.05737

-0.00463068 5.05737
-0.0046281 5.05859

-0.0046281 5.05859
-0.00462553 5.05981

-0.00462553 5.05981
-0.00462295 5.06104

-0.00462295 5.06104
-0.00462038 5.06226

-0.00462038 5.06226
-0.00461781 5.06348

-0.00461781 5.06348
-0.00461525 5.0647

-0.00461525 5.0647
-0.00461268 5.06592

-0.00461268 5.06592
-0.00461012 5.06714

-0.00461012 5.06714
-0.00460756 5.06836

-0.00460756 5.06836
-0.004605 5.06958

-0.004605 5.06958
-0.00460244 5.0708

-0.00460244 5.0708
-0.00459989 5.07202

-0.00459989 5.07202
-0.00459734 5.07324

-0.00459734 5.07324
-0.00459479 5.07446

-0.00459479 5.07446
-0.00459224 5.07568

-0.00459224 5.07568
-0.00458969 5.0769

-0.00458969 5.0769
-0.00458715 5.07812

-0.00458715 5.07812
-0.00458461 5.07935

-0.00458461 5.07935
-0.00458207 5.08057

-0.00458207 5.08057
-0.00457954 5.08179

-0.00457954 5.08179
-0.004577 5.08301

-0.004577 5.08301
-0.00457447 5.08423

-0.00457447 5.08423
-0.00457194 5.08545

-0.00457194 5.08545
-0.00456941 5.08667

-0.00456941 5.08667
-0.00456689 5.08789

-0.00456689 5.08789
-0.00456436 5.08911

-0.00456436 5.08911
-0.00456184 5.09033

-0.00456184 5.09033
-0.00455932 5.09155

-0.00455932 5.09155
-0.00455681 5.09277

-0.00455681 5.09277
-0.00455429 5.09399

-0.00455429 5.09399
-0.00455178 5.09521

-0.00455178 5.09521
-0.00454927 5.09644

-0.00454927 5.09644
-0.00454676 5.09766

-0.00454676 5.09766
-0.00454426 5.09888

-0.00454426 5.09888
-0.00454175 5.1001

-0.00454175 5.1001
-0.00453925 5.10132

-0.00453925 5.10132
-0.00453675 5.10254

-0.00453675 5.10254
-0.00453426 5.10376

-0.00453426 5.10376
-0.00453176 5.10498

-0.00453176 5.10498
-0.00452927 5.1062

-0.00452927 5.1062
-0.00452678 5.10742

-0.00452678 5.10742
-0.00452429 5.10864

-0.00452429 5.10864
-0.0045218 5.10986

-0.0045218 5.10986
-0.00451932 5.11108

-0.00451932 5.11108
-0.00451684 5.1123

-0.00451684 5.1123
-0.00451436 5.11353

-0.00451436 5.11353
-0.00451188 5.11475

-0.00451188 5.11475
-0.0045094 5.11597

-0.0045094 5.11597
-0.00450693 5.11719

-0.00450693 5.11719
-0.00450446 5.11841

-0.00450446 5.11841
-0.00450199 5.11963

-0.00450199 5.11963
-0.00449952 5.12085

-0.00449952 5.12085
-0.00449706 5.12207

-0.00449706 5.12207
-0.00449459 5.12329

-0.00449459 5.12329
-0.00449213 5.12451

-0.00449213 5.12451
-0.00448967 5.12573

-0.00448967 5.12573
-0.00448722 5.12695

-0.00448722 5.12695
-0.00448476 5.12817

-0.00448476 5.12817
-0.00448231 5.12939

-0.00448231 5.12939
-0.00447986 5.13062

-0.00447986 5.13062
-0.00447741 5.13184

-0.00447741 5.13184
-0.00447497 5.13306

-0.00447497 5.13306
-0.00447252 5.13428

-0.00447252 5.13428
-0.00447008 5.1355

-0.00447008 5.1355
-0.00446764 5.13672

-0.00446764 5.13672
-0.0044652 5.13794

-0.0044652 5.13794
-0.00446277 5.13916

-0.00446277 5.13916
-0.00446034 5.14038

-0.00446034 5.14038
-0.0044579 5.1416

-0.0044579 5.1416
-0.00445548 5.14282

-0.00445548 5.14282
-0.00445305 5.14404

-0.00445305 5.14404
-0.00445062 5.14526

-0.00445062 5.14526
-0.0044482 5.14648

-0.0044482 5.14648
-0.00444578 5.14771

-0.00444578 5.14771
-0.00444336 5.14893

-0.00444336 5.14893
-0.00444094 5.15015

-0.00444094 5.15015
-0.00443853 5.15137

-0.00443853 5.15137
-0.00443612 5.15259

-0.00443612 5.15259
-0.00443371 5.15381

-0.00443371 5.15381
-0.0044313 5.15503

-0.0044313 5.15503
-0.00442889 5.15625

-0.00442889 5.15625
-0.00442649 5.15747

-0.00442649 5.15747
-0.00442408 5.15869

-0.00442408 5.15869
-0.00442168 5.15991

-0.00442168 5.15991
-0.00441929 5.16113

-0.00441929 5.16113
-0.00441689 5.16235

-0.00441689 5.16235
-0.0044145 5.16357

-0.0044145 5.16357
-0.0044121 5.16479

-0.0044121 5.16479
-0.00440971 5.16602

-0.00440971 5.16602
-0.00440733 5.16724

-0.00440733 5.16724
-0.00440494 5.16846

-0.00440494 5.16846
-0.00440256 5.16968

-0.00440256 5.16968
-0.00440017 5.1709

-0.00440017 5.1709
-0.0043978 5.17212

-0.0043978 5.17212
-0.00439542 5.17334

-0.00439542 5.17334
-0.00439304 5.17456

-0.00439304 5.17456
-0.00439067 5.17578

-0.00439067 5.17578
-0.0043883 5.177

-0.0043883 5.177
-0.00438593 5.17822

-0.00438593 5.17822
-0.00438356 5.17944

-0.00438356 5.17944
-0.00438119 5.18066

-0.00438119 5.18066
-0.00437883 5.18188

-0.00437883 5.18188
-0.00437647 5.18311

-0.00437647 5.18311
-0.00437411 5.18433

-0.00437411 5.18433
-0.00437175 5.18555

-0.00437175 5.18555
-0.0043694 5.18677

-0.0043694 5.18677
-0.00436704 5.18799

-0.00436704 5.18799
-0.00436469 5.18921

-0.00436469 5.18921
-0.00436234 5.19043

-0.00436234 5.19043
-0.00435999 5.19165

-0.00435999 5.19165
-0.00435765 5.19287

-0.00435765 5.19287
-0.00435531 5.19409

-0.00435531 5.19409
-0.00435296 5.19531

-0.00435296 5.19531
-0.00435062 5.19653

-0.00435062 5.19653
-0.00434829 5.19775

-0.00434829 5.19775
-0.00434595 5.19897

-0.00434595 5.19897
-0.00434362 5.2002

-0.00434362 5.2002
-0.00434129 5.20142

-0.00434129 5.20142
-0.00433896 5.20264

-0.00433896 5.20264
-0.00433663 5.20386

-0.00433663 5.20386
-0.0043343 5.20508

-0.0043343 5.20508
-0.00433198 5.2063

-0.00433198 5.2063
-0.00432966 5.20752

-0.00432966 5.20752
-0.00432734 5.20874

-0.00432734 5.20874
-0.00432502 5.20996

-0.00432502 5.20996
-0.00432271 5.21118

-0.00432271 5.21118
-0.00432039 5.2124

-0.00432039 5.2124
-0.00431808 5.21362

-0.00431808 5.21362
-0.00431577 5.21484

-0.00431577 5.21484
-0.00431346 5.21606

-0.00431346 5.21606
-0.00431116 5.21729

-0.00431116 5.21729
-0.00430885 5.21851

-0.00430885 5.21851
-0.00430655 5.21973

-0.00430655 5.21973
-0.00430425 5.22095

-0.00430425 5.22095
-0.00430195 5.22217

-0.00430195 5.22217
-0.00429966 5.22339

-0.00429966 5.22339
-0.00429736 5.22461

-0.00429736 5.22461
-0.00429507 5.22583

-0.00429507 5.22583
-0.00429278 5.22705

-0.00429278 5.22705
-0.00429049 5.22827

-0.00429049 5.22827
-0.00428821 5.22949

-0.00428821 5.22949
-0.00428592 5.23071

-0.00428592 5.23071
-0.00428364 5.23193

-0.00428364 5.23193
-0.00428136 5.23315

-0.00428136 5.23315
-0.00427908 5.23438

-0.00427908 5.23438
-0.0042768 5.2356

-0.0042768 5.2356
-0.00427453 5.23682

-0.00427453 5.23682
-0.00427226 5.23804

-0.00427226 5.23804
-0.00426999 5.23926

-0.00426999 5.23926
-0.00426772 5.24048

-0.00426772 5.24048
-0.00426545 5.2417

-0.00426545 5.2417
-0.00426318 5.24292

-0.00426318 5.24292
-0.00426092 5.24414

-0.00426092 5.24414
-0.00425866 5.24536

-0.00425866 5.24536
-0.0042564 5.24658

-0.0042564 5.24658
-0.00425414 5.2478

-0.00425414 5.2478
-0.00425189 5.24902

-0.00425189 5.24902
-0.00424963 5.25024

-0.00424963 5.25024
-0.00424738 5.25146

-0.00424738 5.25146
-0.00424513 5.25269

-0.00424513 5.25269
-0.00424288 5.25391

-0.00424288 5.25391
-0.00424064 5.25513

-0.00424064 5.25513
-0.00423839 5.25635

-0.00423839 5.25635
-0.00423615 5.25757

-0.00423615 5.25757
-0.00423391 5.25879

-0.00423391 5.25879
-0.00423167 5.26001

-0.00423167 5.26001
-0.00422944 5.26123

-0.00422944 5.26123
-0.0042272 5.26245

-0.0042272 5.26245
-0.00422497 5.26367

-0.00422497 5.26367
-0.00422274 5.26489

-0.00422274 5.26489
-0.00422051 5.26611

-0.00422051 5.26611
-0.00421828 5.26733

-0.00421828 5.26733
-0.00421606 5.26855

-0.00421606 5.26855
-0.00421383 5.26978

-0.00421383 5.26978
-0.00421161 5.271

-0.00421161 5.271
-0.00420939 5.27222

-0.00420939 5.27222
-0.00420717 5.27344

-0.00420717 5.27344
-0.00420496 5.27466

-0.00420496 5.27466
-0.00420274 5.27588

-0.00420274 5.27588
-0.00420053 5.2771

-0.00420053 5.2771
-0.00419832 5.27832

-0.00419832 5.27832
-0.00419611 5.27954

-0.00419611 5.27954
-0.00419391 5.28076

-0.00419391 5.28076
-0.0041917 5.28198

-0.0041917 5.28198
-0.0041895 5.2832

-0.0041895 5.2832
-0.0041873 5.28442

-0.0041873 5.28442
-0.0041851 5.28564

-0.0041851 5.28564
-0.0041829 5.28687

-0.0041829 5.28687
-0.00418071 5.28809

-0.00418071 5.28809
-0.00417851 5.28931

-0.00417851 5.28931
-0.00417632 5.29053

-0.00417632 5.29053
-0.00417413 5.29175

-0.00417413 5.29175
-0.00417194 5.29297

-0.00417194 5.29297
-0.00416976 5.29419

-0.00416976 5.29419
-0.00416757 5.29541

-0.00416757 5.29541
-0.00416539 5.29663

-0.00416539 5.29663
-0.00416321 5.29785

-0.00416321 5.29785
-0.00416103 5.29907

-0.00416103 5.29907
-0.00415885 5.30029

-0.00415885 5.30029
-0.00415668 5.30151

-0.00415668 5.30151
-0.0041545 5.30273

-0.0041545 5.30273
-0.00415233 5.30396

-0.00415233 5.30396
-0.00415016 5.30518

-0.00415016 5.30518
-0.00414799 5.3064

-0.00414799 5.3064
-0.00414583 5.30762

-0.00414583 5.30762
-0.00414366 5.30884

-0.00414366 5.30884
-0.0041415 5.31006

-0.0041415 5.31006
-0.00413934 5.31128

-0.00413934 5.31128
-0.00413718 5.3125

-0.00413718 5.3125
-0.00413502 5.31372

-0.00413502 5.31372
-0.00413287 5.31494

-0.00413287 5.31494
-0.00413072 5.31616

-0.00413072 5.31616
-0.00412856 5.31738

-0.00412856 5.31738
-0.00412641 5.3186

-0.00412641 5.3186
-0.00412427 5.31982

-0.00412427 5.31982
-0.00412212 5.32104

-0.00412212 5.32104
-0.00411997 5.32227

-0.00411997 5.32227
-0.00411783 5.32349

-0.00411783 5.32349
-0.00411569 5.32471

-0.00411569 5.32471
-0.00411355 5.32593

-0.00411355 5.32593
-0.00411141 5.32715

-0.00411141 5.32715
-0.00410928 5.32837

-0.00410928 5.32837
-0.00410714 5.32959

-0.00410714 5.32959
-0.00410501 5.33081

-0.00410501 5.33081
-0.00410288 5.33203

-0.00410288 5.33203
-0.00410075 5.33325

-0.00410075 5.33325
-0.00409863 5.33447

-0.00409863 5.33447
-0.0040965 5.33569

-0.0040965 5.33569
-0.00409438 5.33691

-0.00409438 5.33691
-0.00409226 5.33813

-0.00409226 5.33813
-0.00409014 5.33936

-0.00409014 5.33936
-0.00408802 5.34058

-0.00408802 5.34058
-0.0040859 5.3418

-0.0040859 5.3418
-0.00408379 5.34302

-0.00408379 5.34302
-0.00408168 5.34424

-0.00408168 5.34424
-0.00407957 5.34546

-0.00407957 5.34546
-0.00407746 5.34668

-0.00407746 5.34668
-0.00407535 5.3479

-0.00407535 5.3479
-0.00407324 5.34912

-0.00407324 5.34912
-0.00407114 5.35034

-0.00407114 5.35034
-0.00406904 5.35156

-0.00406904 5.35156
-0.00406694 5.35278

-0.00406694 5.35278
-0.00406484 5.354

-0.00406484 5.354
-0.00406274 5.35522

-0.00406274 5.35522
-0.00406065 5.35645

-0.00406065 5.35645
-0.00405855 5.35767

-0.00405855 5.35767
-0.00405646 5.35889

-0.00405646 5.35889
-0.00405437 5.36011

-0.00405437 5.36011
-0.00405228 5.36133

-0.00405228 5.36133
-0.0040502 5.36255

-0.0040502 5.36255
-0.00404811 5.36377

-0.00404811 5.36377
-0.00404603 5.36499

-0.00404603 5.36499
-0.00404395 5.36621

-0.00404395 5.36621
-0.00404187 5.36743

-0.00404187 5.36743
-0.00403979 5.36865

-0.00403979 5.36865
-0.00403771 5.36987

-0.00403771 5.36987
-0.00403564 5.37109

-0.00403564 5.37109
-0.00403357 5.37231

-0.00403357 5.37231
-0.0040315 5.37354

-0.0040315 5.37354
-0.00402943 5.37476

-0.00402943 5.37476
-0.00402736 5.37598

-0.00402736 5.37598
-0.00402529 5.3772

-0.00402529 5.3772
-0.00402323 5.37842

-0.00402323 5.37842
-0.00402117 5.37964

-0.00402117 5.37964
-0.00401911 5.38086

-0.00401911 5.38086
-0.00401705 5.38208

-0.00401705 5.38208
-0.00401499 5.3833

-0.00401499 5.3833
-0.00401294 5.38452

-0.00401294 5.38452
-0.00401088 5.38574

-0.00401088 5.38574
-0.00400883 5.38696

-0.00400883 5.38696
-0.00400678 5.38818

-0.00400678 5.38818
-0.00400473 5.3894

-0.00400473 5.3894
-0.00400268 5.39062

-0.00400268 5.39062
-0.00400064 5.39185

-0.00400064 5.39185
-0.0039986 5.39307

-0.0039986 5.39307
-0.00399655 5.39429

-0.00399655 5.39429
-0.00399451 5.39551

-0.00399451 5.39551
-0.00399248 5.39673

-0.00399248 5.39673
-0.00399044 5.39795

-0.00399044 5.39795
-0.0039884 5.39917

-0.0039884 5.39917
-0.00398637 5.40039

-0.00398637 5.40039
-0.00398434 5.40161

-0.00398434 5.40161
-0.00398231 5.40283

-0.00398231 5.40283
-0.00398028 5.40405

-0.00398028 5.40405
-0.00397825 5.40527

-0.00397825 5.40527
-0.00397623 5.40649

-0.00397623 5.40649
-0.0039742 5.40771

-0.0039742 5.40771
-0.00397218 5.40894

-0.00397218 5.40894
-0.00397016 5.41016

-0.00397016 5.41016
-0.00396814 5.41138

-0.00396814 5.41138
-0.00396613 5.4126

-0.00396613 5.4126
-0.00396411 5.41382

-0.00396411 5.41382
-0.0039621 5.41504

-0.0039621 5.41504
-0.00396009 5.41626

-0.00396009 5.41626
-0.00395808 5.41748

-0.00395808 5.41748
-0.00395607 5.4187

-0.00395607 5.4187
-0.00395406 5.41992

-0.00395406 5.41992
-0.00395206 5.42114

-0.00395206 5.42114
-0.00395005 5.42236

-0.00395005 5.42236
-0.00394805 5.42358

-0.00394805 5.42358
-0.00394605 5.4248

-0.00394605 5.4248
-0.00394405 5.42603

-0.00394405 5.42603
-0.00394206 5.42725

-0.00394206 5.42725
-0.00394006 5.42847

-0.00394006 5.42847
-0.00393807 5.42969

-0.00393807 5.42969
-0.00393608 5.43091

-0.00393608 5.43091
-0.00393409 5.43213

-0.00393409 5.43213
-0.0039321 5.43335

-0.0039321 5.43335
-0.00393011 5.43457

-0.00393011 5.43457
-0.00392812 5.43579

-0.00392812 5.43579
-0.00392614 5.43701

-0.00392614 5.43701
-0.00392416 5.43823

-0.00392416 5.43823
-0.00392218 5.43945

-0.00392218 5.43945
-0.0039202 5.44067

-0.0039202 5.44067
-0.00391822 5.44189

-0.00391822 5.44189
-0.00391625 5.44312

-0.00391625 5.44312
-0.00391427 5.44434

-0.00391427 5.44434
-0.0039123 5.44556

-0.0039123 5.44556
-0.00391033 5.44678

-0.00391033 5.44678
-0.00390836 5.448

-0.00390836 5.448
-0.0039064 5.44922

-0.0039064 5.44922
-0.00390625 5.44931

-0.00390625 5.44931
-0.00390443 5.45044

-0.00390443 5.45044
-0.00390247 5.45166

-0.00390247 5.45166
-0.0039005 5.45288

-0.0039005 5.45288
-0.00389854 5.4541

-0.00389854 5.4541
-0.00389658 5.45532

-0.00389658 5.45532
-0.00389463 5.45654

-0.00389463 5.45654
-0.00389267 5.45776

-0.00389267 5.45776
-0.00389072 5.45898

-0.00389072 5.45898
-0.00388876 5.46021

-0.00388876 5.46021
-0.00388681 5.46143

-0.00388681 5.46143
-0.00388487 5.46265

-0.00388487 5.46265
-0.00388292 5.46387

-0.00388292 5.46387
-0.00388097 5.46509

-0.00388097 5.46509
-0.00387903 5.46631

-0.00387903 5.46631
-0.00387708 5.46753

-0.00387708 5.46753
-0.00387514 5.46875

-0.00387514 5.46875
-0.0038732 5.46997

-0.0038732 5.46997
-0.00387127 5.47119

-0.00387127 5.47119
-0.00386933 5.47241

-0.00386933 5.47241
-0.0038674 5.47363

-0.0038674 5.47363
-0.00386546 5.47485

-0.00386546 5.47485
-0.00386353 5.47607

-0.00386353 5.47607
-0.0038616 5.47729

-0.0038616 5.47729
-0.00385967 5.47852

-0.00385967 5.47852
-0.00385775 5.47974

-0.00385775 5.47974
-0.00385582 5.48096

-0.00385582 5.48096
-0.0038539 5.48218

-0.0038539 5.48218
-0.00385198 5.4834

-0.00385198 5.4834
-0.00385006 5.48462

-0.00385006 5.48462
-0.00384814 5.48584

-0.00384814 5.48584
-0.00384622 5.48706

-0.00384622 5.48706
-0.00384431 5.48828

-0.00384431 5.48828
-0.00384239 5.4895

-0.00384239 5.4895
-0.00384048 5.49072

-0.00384048 5.49072
-0.00383857 5.49194

-0.00383857 5.49194
-0.00383666 5.49316

-0.00383666 5.49316
-0.00383475 5.49438

-0.00383475 5.49438
-0.00383285 5.49561

-0.00383285 5.49561
-0.00383094 5.49683

-0.00383094 5.49683
-0.00382904 5.49805

-0.00382904 5.49805
-0.00382714 5.49927

-0.00382714 5.49927
-0.00382524 5.50049

-0.00382524 5.50049
-0.00382334 5.50171

-0.00382334 5.50171
-0.00382145 5.50293

-0.00382145 5.50293
-0.00381955 5.50415

-0.00381955 5.50415
-0.00381766 5.50537

-0.00381766 5.50537
-0.00381577 5.50659

-0.00381577 5.50659
-0.00381388 5.50781

-0.00381388 5.50781
-0.00381199 5.50903

-0.00381199 5.50903
-0.0038101 5.51025

-0.0038101 5.51025
-0.00380821 5.51147

-0.00380821 5.51147
-0.00380633 5.5127

-0.00380633 5.5127
-0.00380445 5.51392

-0.00380445 5.51392
-0.00380257 5.51514

-0.00380257 5.51514
-0.00380069 5.51636

-0.00380069 5.51636
-0.00379881 5.51758

-0.00379881 5.51758
-0.00379693 5.5188

-0.00379693 5.5188
-0.00379506 5.52002

-0.00379506 5.52002
-0.00379318 5.52124

-0.00379318 5.52124
-0.00379131 5.52246

-0.00379131 5.52246
-0.00378944 5.52368

-0.00378944 5.52368
-0.00378757 5.5249

-0.00378757 5.5249
-0.00378571 5.52612

-0.00378571 5.52612
-0.00378384 5.52734

-0.00378384 5.52734
-0.00378197 5.52856

-0.00378197 5.52856
-0.00378011 5.52979

-0.00378011 5.52979
-0.00377825 5.53101

-0.00377825 5.53101
-0.00377639 5.53223

-0.00377639 5.53223
-0.00377453 5.53345

-0.00377453 5.53345
-0.00377268 5.53467

-0.00377268 5.53467
-0.00377082 5.53589

-0.00377082 5.53589
-0.00376897 5.53711

-0.00376897 5.53711
-0.00376712 5.53833

-0.00376712 5.53833
-0.00376526 5.53955

-0.00376526 5.53955
-0.00376342 5.54077

-0.00376342 5.54077
-0.00376157 5.54199

-0.00376157 5.54199
-0.00375972 5.54321

-0.00375972 5.54321
-0.00375788 5.54443

-0.00375788 5.54443
-0.00375603 5.54565

-0.00375603 5.54565
-0.00375419 5.54688

-0.00375419 5.54688
-0.00375235 5.5481

-0.00375235 5.5481
-0.00375051 5.54932

-0.00375051 5.54932
-0.00374868 5.55054

-0.00374868 5.55054
-0.00374684 5.55176

-0.00374684 5.55176
-0.00374501 5.55298

-0.00374501 5.55298
-0.00374317 5.5542

-0.00374317 5.5542
-0.00374134 5.55542

-0.00374134 5.55542
-0.00373951 5.55664

-0.00373951 5.55664
-0.00373768 5.55786

-0.00373768 5.55786
-0.00373586 5.55908

-0.00373586 5.55908
-0.00373403 5.5603

-0.00373403 5.5603
-0.00373221 5.56152

-0.00373221 5.56152
-0.00373039 5.56274

-0.00373039 5.56274
-0.00372856 5.56396

-0.00372856 5.56396
-0.00372674 5.56519

-0.00372674 5.56519
-0.00372493 5.56641

-0.00372493 5.56641
-0.00372311 5.56763

-0.00372311 5.56763
-0.0037213 5.56885

-0.0037213 5.56885
-0.00371948 5.57007

-0.00371948 5.57007
-0.00371767 5.57129

-0.00371767 5.57129
-0.00371586 5.57251

-0.00371586 5.57251
-0.00371405 5.57373

-0.00371405 5.57373
-0.00371224 5.57495

-0.00371224 5.57495
-0.00371044 5.57617

-0.00371044 5.57617
-0.00370863 5.57739

-0.00370863 5.57739
-0.00370683 5.57861

-0.00370683 5.57861
-0.00370503 5.57983

-0.00370503 5.57983
-0.00370323 5.58105

-0.00370323 5.58105
-0.00370143 5.58228

-0.00370143 5.58228
-0.00369963 5.5835

-0.00369963 5.5835
-0.00369783 5.58472

-0.00369783 5.58472
-0.00369604 5.58594

-0.00369604 5.58594
-0.00369425 5.58716

-0.00369425 5.58716
-0.00369246 5.58838

-0.00369246 5.58838
-0.00369067 5.5896

-0.00369067 5.5896
-0.00368888 5.59082

-0.00368888 5.59082
-0.00368709 5.59204

-0.00368709 5.59204
-0.0036853 5.59326

-0.0036853 5.59326
-0.00368352 5.59448

-0.00368352 5.59448
-0.00368174 5.5957

-0.00368174 5.5957
-0.00367995 5.59692

-0.00367995 5.59692
-0.00367817 5.59814

-0.00367817 5.59814
-0.0036764 5.59937

-0.0036764 5.59937
-0.00367462 5.60059

-0.00367462 5.60059
-0.00367284 5.60181

-0.00367284 5.60181
-0.00367107 5.60303

-0.00367107 5.60303
-0.0036693 5.60425

-0.0036693 5.60425
-0.00366752 5.60547

-0.00366752 5.60547
-0.00366575 5.60669

-0.00366575 5.60669
-0.00366399 5.60791

-0.00366399 5.60791
-0.00366222 5.60913

-0.00366222 5.60913
-0.00366045 5.61035

-0.00366045 5.61035
-0.00365869 5.61157

-0.00365869 5.61157
-0.00365693 5.61279

-0.00365693 5.61279
-0.00365516 5.61401

-0.00365516 5.61401
-0.0036534 5.61523

-0.0036534 5.61523
-0.00365165 5.61646

-0.00365165 5.61646
-0.00364989 5.61768

-0.00364989 5.61768
-0.00364813 5.6189

-0.00364813 5.6189
-0.00364638 5.62012

-0.00364638 5.62012
-0.00364463 5.62134

-0.00364463 5.62134
-0.00364287 5.62256

-0.00364287 5.62256
-0.00364112 5.62378

-0.00364112 5.62378
-0.00363938 5.625

-0.00363938 5.625
-0.00363763 5.62622

-0.00363763 5.62622
-0.00363588 5.62744

-0.00363588 5.62744
-0.00363414 5.62866

-0.00363414 5.62866
-0.0036324 5.62988

-0.0036324 5.62988
-0.00363065 5.6311

-0.00363065 5.6311
-0.00362891 5.63232

-0.00362891 5.63232
-0.00362717 5.63354

-0.00362717 5.63354
-0.00362544 5.63477

-0.00362544 5.63477
-0.0036237 5.63599

-0.0036237 5.63599
-0.00362197 5.63721

-0.00362197 5.63721
-0.00362023 5.63843

-0.00362023 5.63843
-0.0036185 5.63965

-0.0036185 5.63965
-0.00361677 5.64087

-0.00361677 5.64087
-0.00361504 5.64209

-0.00361504 5.64209
-0.00361331 5.64331

-0.00361331 5.64331
-0.00361159 5.64453

-0.00361159 5.64453
-0.00360986 5.64575

-0.00360986 5.64575
-0.00360814 5.64697

-0.00360814 5.64697
-0.00360642 5.64819

-0.00360642 5.64819
-0.0036047 5.64941

-0.0036047 5.64941
-0.00360298 5.65063

-0.00360298 5.65063
-0.00360126 5.65186

-0.00360126 5.65186
-0.00359954 5.65308

-0.00359954 5.65308
-0.00359783 5.6543

-0.00359783 5.6543
-0.00359611 5.65552

-0.00359611 5.65552
-0.0035944 5.65674

-0.0035944 5.65674
-0.00359269 5.65796

-0.00359269 5.65796
-0.00359098 5.65918

-0.00359098 5.65918
-0.00358927 5.6604

-0.00358927 5.6604
-0.00358757 5.66162

-0.00358757 5.66162
-0.00358586 5.66284

-0.00358586 5.66284
-0.00358416 5.66406

-0.00358416 5.66406
-0.00358245 5.66528

-0.00358245 5.66528
-0.00358075 5.6665

-0.00358075 5.6665
-0.00357905 5.66772

-0.00357905 5.66772
-0.00357735 5.66895

-0.00357735 5.66895
-0.00357565 5.67017

-0.00357565 5.67017
-0.00357396 5.67139

-0.00357396 5.67139
-0.00357226 5.67261

-0.00357226 5.67261
-0.00357057 5.67383

-0.00357057 5.67383
-0.00356888 5.67505

-0.00356888 5.67505
-0.00356719 5.67627

-0.00356719 5.67627
-0.0035655 5.67749

-0.0035655 5.67749
-0.00356381 5.67871

-0.00356381 5.67871
-0.00356212 5.67993

-0.00356212 5.67993
-0.00356044 5.68115

-0.00356044 5.68115
-0.00355875 5.68237

-0.00355875 5.68237
-0.00355707 5.68359

-0.00355707 5.68359
-0.00355539 5.68481

-0.00355539 5.68481
-0.00355371 5.68604

-0.00355371 5.68604
-0.00355203 5.68726

-0.00355203 5.68726
-0.00355036 5.68848

-0.00355036 5.68848
-0.00354868 5.6897

-0.00354868 5.6897
-0.00354701 5.69092

-0.00354701 5.69092
-0.00354533 5.69214

-0.00354533 5.69214
-0.00354366 5.69336

-0.00354366 5.69336
-0.00354199 5.69458

-0.00354199 5.69458
-0.00354032 5.6958

-0.00354032 5.6958
-0.00353865 5.69702

-0.00353865 5.69702
-0.00353699 5.69824

-0.00353699 5.69824
-0.00353532 5.69946

-0.00353532 5.69946
-0.00353366 5.70068

-0.00353366 5.70068
-0.003532 5.7019

-0.003532 5.7019
-0.00353033 5.70312

-0.00353033 5.70312
-0.00352867 5.70435

-0.00352867 5.70435
-0.00352702 5.70557

-0.00352702 5.70557
-0.00352536 5.70679

-0.00352536 5.70679
-0.0035237 5.70801

-0.0035237 5.70801
-0.00352205 5.70923

-0.00352205 5.70923
-0.0035204 5.71045

-0.0035204 5.71045
-0.00351874 5.71167

-0.00351874 5.71167
-0.00351709 5.71289

-0.00351709 5.71289
-0.00351544 5.71411

-0.00351544 5.71411
-0.0035138 5.71533

-0.0035138 5.71533
-0.00351215 5.71655

-0.00351215 5.71655
-0.0035105 5.71777

-0.0035105 5.71777
-0.00350886 5.71899

-0.00350886 5.71899
-0.00350722 5.72021

-0.00350722 5.72021
-0.00350558 5.72144

-0.00350558 5.72144
-0.00350394 5.72266

-0.00350394 5.72266
-0.0035023 5.72388

-0.0035023 5.72388
-0.00350066 5.7251

-0.00350066 5.7251
-0.00349902 5.72632

-0.00349902 5.72632
-0.00349739 5.72754

-0.00349739 5.72754
-0.00349576 5.72876

-0.00349576 5.72876
-0.00349412 5.72998

-0.00349412 5.72998
-0.00349249 5.7312

-0.00349249 5.7312
-0.00349086 5.73242

-0.00349086 5.73242
-0.00348924 5.73364

-0.00348924 5.73364
-0.00348761 5.73486

-0.00348761 5.73486
-0.00348598 5.73608

-0.00348598 5.73608
-0.00348436 5.7373

-0.00348436 5.7373
-0.00348274 5.73853

-0.00348274 5.73853
-0.00348111 5.73975

-0.00348111 5.73975
-0.00347949 5.74097

-0.00347949 5.74097
-0.00347787 5.74219

-0.00347787 5.74219
-0.00347626 5.74341

-0.00347626 5.74341
-0.00347464 5.74463

-0.00347464 5.74463
-0.00347302 5.74585

-0.00347302 5.74585
-0.00347141 5.74707

-0.00347141 5.74707
-0.0034698 5.74829

-0.0034698 5.74829
-0.00346819 5.74951

-0.00346819 5.74951
-0.00346658 5.75073

-0.00346658 5.75073
-0.00346497 5.75195

-0.00346497 5.75195
-0.00346336 5.75317

-0.00346336 5.75317
-0.00346175 5.75439

-0.00346175 5.75439
-0.00346015 5.75562

-0.00346015 5.75562
-0.00345854 5.75684

-0.00345854 5.75684
-0.00345694 5.75806

-0.00345694 5.75806
-0.00345534 5.75928

-0.00345534 5.75928
-0.00345374 5.7605

-0.00345374 5.7605
-0.00345214 5.76172

-0.00345214 5.76172
-0.00345054 5.76294

-0.00345054 5.76294
-0.00344895 5.76416

-0.00344895 5.76416
-0.00344735 5.76538

-0.00344735 5.76538
-0.00344576 5.7666

-0.00344576 5.7666
-0.00344417 5.76782

-0.00344417 5.76782
-0.00344257 5.76904

-0.00344257 5.76904
-0.00344098 5.77026

-0.00344098 5.77026
-0.0034394 5.77148

-0.0034394 5.77148
-0.00343781 5.77271

-0.00343781 5.77271
-0.00343622 5.77393

-0.00343622 5.77393
-0.00343464 5.77515

-0.00343464 5.77515
-0.00343305 5.77637

-0.00343305 5.77637
-0.00343147 5.77759

-0.00343147 5.77759
-0.00342989 5.77881

-0.00342989 5.77881
-0.00342831 5.78003

-0.00342831 5.78003
-0.00342673 5.78125

-0.00342673 5.78125
-0.00342516 5.78247

-0.00342516 5.78247
-0.00342358 5.78369

-0.00342358 5.78369
-0.003422 5.78491

-0.003422 5.78491
-0.00342043 5.78613

-0.00342043 5.78613
-0.00341886 5.78735

-0.00341886 5.78735
-0.00341729 5.78857

-0.00341729 5.78857
-0.00341572 5.78979

-0.00341572 5.78979
-0.00341415 5.79102

-0.00341415 5.79102
-0.00341258 5.79224

-0.00341258 5.79224
-0.00341102 5.79346

-0.00341102 5.79346
-0.00340945 5.79468

-0.00340945 5.79468
-0.00340789 5.7959

-0.00340789 5.7959
-0.00340632 5.79712

-0.00340632 5.79712
-0.00340476 5.79834

-0.00340476 5.79834
-0.0034032 5.79956

-0.0034032 5.79956
-0.00340165 5.80078

-0.00340165 5.80078
-0.00340009 5.802

-0.00340009 5.802
-0.00339853 5.80322

-0.00339853 5.80322
-0.00339698 5.80444

-0.00339698 5.80444
-0.00339542 5.80566

-0.00339542 5.80566
-0.00339387 5.80688

-0.00339387 5.80688
-0.00339232 5.80811

-0.00339232 5.80811
-0.00339077 5.80933

-0.00339077 5.80933
-0.00338922 5.81055

-0.00338922 5.81055
-0.00338767 5.81177

-0.00338767 5.81177
-0.00338613 5.81299

-0.00338613 5.81299
-0.00338458 5.81421

-0.00338458 5.81421
-0.00338304 5.81543

-0.00338304 5.81543
-0.00338149 5.81665

-0.00338149 5.81665
-0.00337995 5.81787

-0.00337995 5.81787
-0.00337841 5.81909

-0.00337841 5.81909
-0.00337687 5.82031

-0.00337687 5.82031
-0.00337534 5.82153

-0.00337534 5.82153
-0.0033738 5.82275

-0.0033738 5.82275
-0.00337226 5.82397

-0.00337226 5.82397
-0.00337073 5.8252

-0.00337073 5.8252
-0.0033692 5.82642

-0.0033692 5.82642
-0.00336766 5.82764

-0.00336766 5.82764
-0.00336613 5.82886

-0.00336613 5.82886
-0.0033646 5.83008

-0.0033646 5.83008
-0.00336308 5.8313

-0.00336308 5.8313
-0.00336155 5.83252

-0.00336155 5.83252
-0.00336002 5.83374

-0.00336002 5.83374
-0.0033585 5.83496

-0.0033585 5.83496
-0.00335698 5.83618

-0.00335698 5.83618
-0.00335545 5.8374

-0.00335545 5.8374
-0.00335393 5.83862

-0.00335393 5.83862
-0.00335241 5.83984

-0.00335241 5.83984
-0.00335089 5.84106

-0.00335089 5.84106
-0.00334938 5.84229

-0.00334938 5.84229
-0.00334786 5.84351

-0.00334786 5.84351
-0.00334635 5.84473

-0.00334635 5.84473
-0.00334483 5.84595

-0.00334483 5.84595
-0.00334332 5.84717

-0.00334332 5.84717
-0.00334181 5.84839

-0.00334181 5.84839
-0.0033403 5.84961

-0.0033403 5.84961
-0.00333879 5.85083

-0.00333879 5.85083
-0.00333728 5.85205

-0.00333728 5.85205
-0.00333578 5.85327

-0.00333578 5.85327
-0.00333427 5.85449

-0.00333427 5.85449
-0.00333277 5.85571

-0.00333277 5.85571
-0.00333126 5.85693

-0.00333126 5.85693
-0.00332976 5.85815

-0.00332976 5.85815
-0.00332826 5.85938

-0.00332826 5.85938
-0.00332676 5.8606

-0.00332676 5.8606
-0.00332526 5.86182

-0.00332526 5.86182
-0.00332377 5.86304

-0.00332377 5.86304
-0.00332227 5.86426

-0.00332227 5.86426
-0.00332077 5.86548

-0.00332077 5.86548
-0.00331928 5.8667

-0.00331928 5.8667
-0.00331779 5.86792

-0.00331779 5.86792
-0.0033163 5.86914

-0.0033163 5.86914
-0.00331481 5.87036

-0.00331481 5.87036
-0.00331332 5.87158

-0.00331332 5.87158
-0.00331183 5.8728

-0.00331183 5.8728
-0.00331034 5.87402

-0.00331034 5.87402
-0.00330886 5.87524

-0.00330886 5.87524
-0.00330737 5.87646

-0.00330737 5.87646
-0.00330589 5.87769

-0.00330589 5.87769
-0.00330441 5.87891

-0.00330441 5.87891
-0.00330293 5.88013

-0.00330293 5.88013
-0.00330145 5.88135

-0.00330145 5.88135
-0.00329997 5.88257

-0.00329997 5.88257
-0.00329849 5.88379

-0.00329849 5.88379
-0.00329702 5.88501

-0.00329702 5.88501
-0.00329554 5.88623

-0.00329554 5.88623
-0.00329407 5.88745

-0.00329407 5.88745
-0.0032926 5.88867

-0.0032926 5.88867
-0.00329113 5.88989

-0.00329113 5.88989
-0.00328965 5.89111

-0.00328965 5.89111
-0.00328819 5.89233

-0.00328819 5.89233
-0.00328672 5.89355

-0.00328672 5.89355
-0.00328525 5.89478

-0.00328525 5.89478
-0.00328379 5.896

-0.00328379 5.896
-0.00328232 5.89722

-0.00328232 5.89722
-0.00328086 5.89844

-0.00328086 5.89844
-0.0032794 5.89966

-0.0032794 5.89966
-0.00327793 5.90088

-0.00327793 5.90088
-0.00327647 5.9021

-0.00327647 5.9021
-0.00327502 5.90332

-0.00327502 5.90332
-0.00327356 5.90454

-0.00327356 5.90454
-0.0032721 5.90576

-0.0032721 5.90576
-0.00327065 5.90698

-0.00327065 5.90698
-0.00326919 5.9082

-0.00326919 5.9082
-0.00326774 5.90942

-0.00326774 5.90942
-0.00326629 5.91064

-0.00326629 5.91064
-0.00326484 5.91187

-0.00326484 5.91187
-0.00326339 5.91309

-0.00326339 5.91309
-0.00326194 5.91431

-0.00326194 5.91431
-0.00326049 5.91553

-0.00326049 5.91553
-0.00325904 5.91675

-0.00325904 5.91675
-0.0032576 5.91797

-0.0032576 5.91797
-0.00325615 5.91919

-0.00325615 5.91919
-0.00325471 5.92041

-0.00325471 5.92041
-0.00325327 5.92163

-0.00325327 5.92163
-0.00325183 5.92285

-0.00325183 5.92285
-0.00325039 5.92407

-0.00325039 5.92407
-0.00324895 5.92529

-0.00324895 5.92529
-0.00324751 5.92651

-0.00324751 5.92651
-0.00324608 5.92773

-0.00324608 5.92773
-0.00324464 5.92896

-0.00324464 5.92896
-0.00324321 5.93018

-0.00324321 5.93018
-0.00324178 5.9314

-0.00324178 5.9314
-0.00324034 5.93262

-0.00324034 5.93262
-0.00323891 5.93384

-0.00323891 5.93384
-0.00323748 5.93506

-0.00323748 5.93506
-0.00323606 5.93628

-0.00323606 5.93628
-0.00323463 5.9375

-0.00323463 5.9375
-0.0032332 5.93872

-0.0032332 5.93872
-0.00323178 5.93994

-0.00323178 5.93994
-0.00323035 5.94116

-0.00323035 5.94116
-0.00322893 5.94238

-0.00322893 5.94238
-0.00322751 5.9436

-0.00322751 5.9436
-0.00322609 5.94482

-0.00322609 5.94482
-0.00322467 5.94604

-0.00322467 5.94604
-0.00322325 5.94727

-0.00322325 5.94727
-0.00322183 5.94849

-0.00322183 5.94849
-0.00322042 5.94971

-0.00322042 5.94971
-0.003219 5.95093

-0.003219 5.95093
-0.00321759 5.95215

-0.00321759 5.95215
-0.00321618 5.95337

-0.00321618 5.95337
-0.00321476 5.95459

-0.00321476 5.95459
-0.00321335 5.95581

-0.00321335 5.95581
-0.00321194 5.95703

-0.00321194 5.95703
-0.00321054 5.95825

-0.00321054 5.95825
-0.00320913 5.95947

-0.00320913 5.95947
-0.00320772 5.96069

-0.00320772 5.96069
-0.00320632 5.96191

-0.00320632 5.96191
-0.00320491 5.96313

-0.00320491 5.96313
-0.00320351 5.96436

-0.00320351 5.96436
-0.00320211 5.96558

-0.00320211 5.96558
-0.00320071 5.9668

-0.00320071 5.9668
-0.00319931 5.96802

-0.00319931 5.96802
-0.00319791 5.96924

-0.00319791 5.96924
-0.00319651 5.97046

-0.00319651 5.97046
-0.00319512 5.97168

-0.00319512 5.97168
-0.00319372 5.9729

-0.00319372 5.9729
-0.00319233 5.97412

-0.00319233 5.97412
-0.00319093 5.97534

-0.00319093 5.97534
-0.00318954 5.97656

-0.00318954 5.97656
-0.00318815 5.97778

-0.00318815 5.97778
-0.00318676 5.979

-0.00318676 5.979
-0.00318537 5.98022

-0.00318537 5.98022
-0.00318398 5.98145

-0.00318398 5.98145
-0.0031826 5.98267

-0.0031826 5.98267
-0.00318121 5.98389

-0.00318121 5.98389
-0.00317983 5.98511

-0.00317983 5.98511
-0.00317844 5.98633

-0.00317844 5.98633
-0.00317706 5.98755

-0.00317706 5.98755
-0.00317568 5.98877

-0.00317568 5.98877
-0.0031743 5.98999

-0.0031743 5.98999
-0.00317292 5.99121

-0.00317292 5.99121
-0.00317154 5.99243

-0.00317154 5.99243
-0.00317016 5.99365

-0.00317016 5.99365
-0.00316879 5.99487

-0.00316879 5.99487
-0.00316741 5.99609

-0.00316741 5.99609
-0.00316604 5.99731

-0.00316604 5.99731
-0.00316467 5.99854

-0.00316467 5.99854
-0.0031633 5.99976

-0.0031633 5.99976
-0.00316192 6.00098

-0.00316192 6.00098
-0.00316056 6.0022

-0.00316056 6.0022
-0.00315919 6.00342

-0.00315919 6.00342
-0.00315782 6.00464

-0.00315782 6.00464
-0.00315645 6.00586

-0.00315645 6.00586
-0.00315509 6.00708

-0.00315509 6.00708
-0.00315372 6.0083

-0.00315372 6.0083
-0.00315236 6.00952

-0.00315236 6.00952
-0.003151 6.01074

-0.003151 6.01074
-0.00314964 6.01196

-0.00314964 6.01196
-0.00314828 6.01318

-0.00314828 6.01318
-0.00314692 6.0144

-0.00314692 6.0144
-0.00314556 6.01562

-0.00314556 6.01562
-0.0031442 6.01685

-0.0031442 6.01685
-0.00314285 6.01807

-0.00314285 6.01807
-0.00314149 6.01929

-0.00314149 6.01929
-0.00314014 6.02051

-0.00314014 6.02051
-0.00313879 6.02173

-0.00313879 6.02173
-0.00313743 6.02295

-0.00313743 6.02295
-0.00313608 6.02417

-0.00313608 6.02417
-0.00313473 6.02539

-0.00313473 6.02539
-0.00313338 6.02661

-0.00313338 6.02661
-0.00313204 6.02783

-0.00313204 6.02783
-0.00313069 6.02905

-0.00313069 6.02905
-0.00312935 6.03027

-0.00312935 6.03027
-0.003128 6.03149

-0.003128 6.03149
-0.00312666 6.03271

-0.00312666 6.03271
-0.00312532 6.03394

-0.00312532 6.03394
-0.00312397 6.03516

-0.00312397 6.03516
-0.00312263 6.03638

-0.00312263 6.03638
-0.00312129 6.0376

-0.00312129 6.0376
-0.00311996 6.03882

-0.00311996 6.03882
-0.00311862 6.04004

-0.00311862 6.04004
-0.00311728 6.04126

-0.00311728 6.04126
-0.00311595 6.04248

-0.00311595 6.04248
-0.00311461 6.0437

-0.00311461 6.0437
-0.00311328 6.04492

-0.00311328 6.04492
-0.00311195 6.04614

-0.00311195 6.04614
-0.00311062 6.04736

-0.00311062 6.04736
-0.00310929 6.04858

-0.00310929 6.04858
-0.00310796 6.0498

-0.00310796 6.0498
-0.00310663 6.05103

-0.00310663 6.05103
-0.0031053 6.05225

-0.0031053 6.05225
-0.00310398 6.05347

-0.00310398 6.05347
-0.00310265 6.05469

-0.00310265 6.05469
-0.00310133 6.05591

-0.00310133 6.05591
-0.00310001 6.05713

-0.00310001 6.05713
-0.00309869 6.05835

-0.00309869 6.05835
-0.00309737 6.05957

-0.00309737 6.05957
-0.00309605 6.06079

-0.00309605 6.06079
-0.00309473 6.06201

-0.00309473 6.06201
-0.00309341 6.06323

-0.00309341 6.06323
-0.00309209 6.06445

-0.00309209 6.06445
-0.00309078 6.06567

-0.00309078 6.06567
-0.00308946 6.06689

-0.00308946 6.06689
-0.00308815 6.06812

-0.00308815 6.06812
-0.00308684 6.06934

-0.00308684 6.06934
-0.00308552 6.07056

-0.00308552 6.07056
-0.00308421 6.07178

-0.00308421 6.07178
-0.0030829 6.073

-0.0030829 6.073
-0.0030816 6.07422

-0.0030816 6.07422
-0.00308029 6.07544

-0.00308029 6.07544
-0.00307898 6.07666

-0.00307898 6.07666
-0.00307768 6.07788

-0.00307768 6.07788
-0.00307637 6.0791

-0.00307637 6.0791
-0.00307507 6.08032

-0.00307507 6.08032
-0.00307377 6.08154

-0.00307377 6.08154
-0.00307246 6.08276

-0.00307246 6.08276
-0.00307116 6.08398

-0.00307116 6.08398
-0.00306986 6.08521

-0.00306986 6.08521
-0.00306857 6.08643

-0.00306857 6.08643
-0.00306727 6.08765

-0.00306727 6.08765
-0.00306597 6.08887

-0.00306597 6.08887
-0.00306468 6.09009

-0.00306468 6.09009
-0.00306338 6.09131

-0.00306338 6.09131
-0.00306209 6.09253

-0.00306209 6.09253
-0.0030608 6.09375

-0.0030608 6.09375
-0.0030595 6.09497

-0.0030595 6.09497
-0.00305821 6.09619

-0.00305821 6.09619
-0.00305692 6.09741

-0.00305692 6.09741
-0.00305564 6.09863

-0.00305564 6.09863
-0.00305435 6.09985

-0.00305435 6.09985
-0.00305306 6.10107

-0.00305306 6.10107
-0.00305178 6.10229

-0.00305178 6.10229
-0.00305049 6.10352

-0.00305049 6.10352
-0.00304921 6.10474

-0.00304921 6.10474
-0.00304793 6.10596

-0.00304793 6.10596
-0.00304664 6.10718

-0.00304664 6.10718
-0.00304536 6.1084

-0.00304536 6.1084
-0.00304408 6.10962

-0.00304408 6.10962
-0.0030428 6.11084

-0.0030428 6.11084
-0.00304153 6.11206

-0.00304153 6.11206
-0.00304025 6.11328

-0.00304025 6.11328
-0.00303897 6.1145

-0.00303897 6.1145
-0.0030377 6.11572

-0.0030377 6.11572
-0.00303643 6.11694

-0.00303643 6.11694
-0.00303515 6.11816

-0.00303515 6.11816
-0.00303388 6.11938

-0.00303388 6.11938
-0.00303261 6.12061

-0.00303261 6.12061
-0.00303134 6.12183

-0.00303134 6.12183
-0.00303007 6.12305

-0.00303007 6.12305
-0.0030288 6.12427

-0.0030288 6.12427
-0.00302754 6.12549

-0.00302754 6.12549
-0.00302627 6.12671

-0.00302627 6.12671
-0.00302501 6.12793

-0.00302501 6.12793
-0.00302374 6.12915

-0.00302374 6.12915
-0.00302248 6.13037

-0.00302248 6.13037
-0.00302122 6.13159

-0.00302122 6.13159
-0.00301996 6.13281

-0.00301996 6.13281
-0.0030187 6.13403

-0.0030187 6.13403
-0.00301744 6.13525

-0.00301744 6.13525
-0.00301618 6.13647

-0.00301618 6.13647
-0.00301492 6.1377

-0.00301492 6.1377
-0.00301366 6.13892

-0.00301366 6.13892
-0.00301241 6.14014

-0.00301241 6.14014
-0.00301115 6.14136

-0.00301115 6.14136
-0.0030099 6.14258

-0.0030099 6.14258
-0.00300865 6.1438

-0.00300865 6.1438
-0.0030074 6.14502

-0.0030074 6.14502
-0.00300615 6.14624

-0.00300615 6.14624
-0.0030049 6.14746

-0.0030049 6.14746
-0.00300365 6.14868

-0.00300365 6.14868
-0.0030024 6.1499

-0.0030024 6.1499
-0.00300115 6.15112

-0.00300115 6.15112
-0.00299991 6.15234

-0.00299991 6.15234
-0.00299866 6.15356

-0.00299866 6.15356
-0.00299742 6.15479

-0.00299742 6.15479
-0.00299618 6.15601

-0.00299618 6.15601
-0.00299493 6.15723

-0.00299493 6.15723
-0.00299369 6.15845

-0.00299369 6.15845
-0.00299245 6.15967

-0.00299245 6.15967
-0.00299121 6.16089

-0.00299121 6.16089
-0.00298998 6.16211

-0.00298998 6.16211
-0.00298874 6.16333

-0.00298874 6.16333
-0.0029875 6.16455

-0.0029875 6.16455
-0.00298627 6.16577

-0.00298627 6.16577
-0.00298503 6.16699

-0.00298503 6.16699
-0.0029838 6.16821

-0.0029838 6.16821
-0.00298257 6.16943

-0.00298257 6.16943
-0.00298134 6.17065

-0.00298134 6.17065
-0.0029801 6.17188

-0.0029801 6.17188
-0.00297887 6.1731

-0.00297887 6.1731
-0.00297765 6.17432

-0.00297765 6.17432
-0.00297642 6.17554

-0.00297642 6.17554
-0.00297519 6.17676

-0.00297519 6.17676
-0.00297397 6.17798

-0.00297397 6.17798
-0.00297274 6.1792

-0.00297274 6.1792
-0.00297152 6.18042

-0.00297152 6.18042
-0.00297029 6.18164

-0.00297029 6.18164
-0.00296907 6.18286

-0.00296907 6.18286
-0.00296785 6.18408

-0.00296785 6.18408
-0.00296663 6.1853

-0.00296663 6.1853
-0.00296541 6.18652

-0.00296541 6.18652
-0.00296419 6.18774

-0.00296419 6.18774
-0.00296297 6.18896

-0.00296297 6.18896
-0.00296176 6.19019

-0.00296176 6.19019
-0.00296054 6.19141

-0.00296054 6.19141
-0.00295933 6.19263

-0.00295933 6.19263
-0.00295811 6.19385

-0.00295811 6.19385
-0.0029569 6.19507

-0.0029569 6.19507
-0.00295569 6.19629

-0.00295569 6.19629
-0.00295448 6.19751

-0.00295448 6.19751
-0.00295327 6.19873

-0.00295327 6.19873
-0.00295206 6.19995

-0.00295206 6.19995
-0.00295085 6.20117

-0.00295085 6.20117
-0.00294964 6.20239

-0.00294964 6.20239
-0.00294844 6.20361

-0.00294844 6.20361
-0.00294723 6.20483

-0.00294723 6.20483
-0.00294603 6.20605

-0.00294603 6.20605
-0.00294482 6.20728

-0.00294482 6.20728
-0.00294362 6.2085

-0.00294362 6.2085
-0.00294242 6.20972

-0.00294242 6.20972
-0.00294122 6.21094

-0.00294122 6.21094
-0.00294002 6.21216

-0.00294002 6.21216
-0.00293882 6.21338

-0.00293882 6.21338
-0.00293762 6.2146

-0.00293762 6.2146
-0.00293642 6.21582

-0.00293642 6.21582
-0.00293523 6.21704

-0.00293523 6.21704
-0.00293403 6.21826

-0.00293403 6.21826
-0.00293284 6.21948

-0.00293284 6.21948
-0.00293164 6.2207

-0.00293164 6.2207
-0.00293045 6.22192

-0.00293045 6.22192
-0.00292926 6.22314

-0.00292926 6.22314
-0.00292807 6.22437

-0.00292807 6.22437
-0.00292688 6.22559

-0.00292688 6.22559
-0.00292569 6.22681

-0.00292569 6.22681
-0.0029245 6.22803

-0.0029245 6.22803
-0.00292331 6.22925

-0.00292331 6.22925
-0.00292213 6.23047

-0.00292213 6.23047
-0.00292094 6.23169

-0.00292094 6.23169
-0.00291976 6.23291

-0.00291976 6.23291
-0.00291857 6.23413

-0.00291857 6.23413
-0.00291739 6.23535

-0.00291739 6.23535
-0.00291621 6.23657

-0.00291621 6.23657
-0.00291503 6.23779

-0.00291503 6.23779
-0.00291385 6.23901

-0.00291385 6.23901
-0.00291267 6.24023

-0.00291267 6.24023
-0.00291149 6.24146

-0.00291149 6.24146
-0.00291031 6.24268

-0.00291031 6.24268
-0.00290914 6.2439

-0.00290914 6.2439
-0.00290796 6.24512

-0.00290796 6.24512
-0.00290679 6.24634

-0.00290679 6.24634
-0.00290561 6.24756

-0.00290561 6.24756
-0.00290444 6.24878

-0.00290444 6.24878
-0.00290327 6.25

-0.00290327 6.25
-0.0029021 6.25122

-0.0029021 6.25122
-0.00290093 6.25244

-0.00290093 6.25244
-0.00289976 6.25366

-0.00289976 6.25366
-0.00289859 6.25488

-0.00289859 6.25488
-0.00289742 6.2561

-0.00289742 6.2561
-0.00289625 6.25732

-0.00289625 6.25732
-0.00289509 6.25854

-0.00289509 6.25854
-0.00289392 6.25977

-0.00289392 6.25977
-0.00289276 6.26099

-0.00289276 6.26099
-0.0028916 6.26221

-0.0028916 6.26221
-0.00289043 6.26343

-0.00289043 6.26343
-0.00288927 6.26465

-0.00288927 6.26465
-0.00288811 6.26587

-0.00288811 6.26587
-0.00288695 6.26709

-0.00288695 6.26709
-0.00288579 6.26831

-0.00288579 6.26831
-0.00288463 6.26953

-0.00288463 6.26953
-0.00288348 6.27075

-0.00288348 6.27075
-0.00288232 6.27197

-0.00288232 6.27197
-0.00288117 6.27319

-0.00288117 6.27319
-0.00288001 6.27441

-0.00288001 6.27441
-0.00287886 6.27563

-0.00287886 6.27563
-0.00287771 6.27686

-0.00287771 6.27686
-0.00287655 6.27808

-0.00287655 6.27808
-0.0028754 6.2793

-0.0028754 6.2793
-0.00287425 6.28052

-0.00287425 6.28052
-0.0028731 6.28174

-0.0028731 6.28174
-0.00287196 6.28296

-0.00287196 6.28296
-0.00287081 6.28418

-0.00287081 6.28418
-0.00286966 6.2854

-0.00286966 6.2854
-0.00286852 6.28662

-0.00286852 6.28662
-0.00286737 6.28784

-0.00286737 6.28784
-0.00286623 6.28906

-0.00286623 6.28906
-0.00286509 6.29028

-0.00286509 6.29028
-0.00286394 6.2915

-0.00286394 6.2915
-0.0028628 6.29272

-0.0028628 6.29272
-0.00286166 6.29395

-0.00286166 6.29395
-0.00286052 6.29517

-0.00286052 6.29517
-0.00285938 6.29639

-0.00285938 6.29639
-0.00285825 6.29761

-0.00285825 6.29761
-0.00285711 6.29883

-0.00285711 6.29883
-0.00285597 6.30005

-0.00285597 6.30005
-0.00285484 6.30127

-0.00285484 6.30127
-0.0028537 6.30249

-0.0028537 6.30249
-0.00285257 6.30371

-0.00285257 6.30371
-0.00285144 6.30493

-0.00285144 6.30493
-0.0028503 6.30615

-0.0028503 6.30615
-0.00284917 6.30737

-0.00284917 6.30737
-0.00284804 6.30859

-0.00284804 6.30859
-0.00284691 6.30981

-0.00284691 6.30981
-0.00284579 6.31104

-0.00284579 6.31104
-0.00284466 6.31226

-0.00284466 6.31226
-0.00284353 6.31348

-0.00284353 6.31348
-0.00284241 6.3147

-0.00284241 6.3147
-0.00284128 6.31592

-0.00284128 6.31592
-0.00284016 6.31714

-0.00284016 6.31714
-0.00283903 6.31836

-0.00283903 6.31836
-0.00283791 6.31958

-0.00283791 6.31958
-0.00283679 6.3208

-0.00283679 6.3208
-0.00283567 6.32202

-0.00283567 6.32202
-0.00283455 6.32324

-0.00283455 6.32324
-0.00283343 6.32446

-0.00283343 6.32446
-0.00283231 6.32568

-0.00283231 6.32568
-0.00283119 6.3269

-0.00283119 6.3269
-0.00283008 6.32812

-0.00283008 6.32812
-0.00282896 6.32935

-0.00282896 6.32935
-0.00282785 6.33057

-0.00282785 6.33057
-0.00282673 6.33179

-0.00282673 6.33179
-0.00282562 6.33301

-0.00282562 6.33301
-0.00282451 6.33423

-0.00282451 6.33423
-0.0028234 6.33545

-0.0028234 6.33545
-0.00282229 6.33667

-0.00282229 6.33667
-0.00282118 6.33789

-0.00282118 6.33789
-0.00282007 6.33911

-0.00282007 6.33911
-0.00281896 6.34033

-0.00281896 6.34033
-0.00281785 6.34155

-0.00281785 6.34155
-0.00281675 6.34277

-0.00281675 6.34277
-0.00281564 6.34399

-0.00281564 6.34399
-0.00281454 6.34521

-0.00281454 6.34521
-0.00281343 6.34644

-0.00281343 6.34644
-0.00281233 6.34766

-0.00281233 6.34766
-0.00281123 6.34888

-0.00281123 6.34888
-0.00281012 6.3501

-0.00281012 6.3501
-0.00280902 6.35132

-0.00280902 6.35132
-0.00280792 6.35254

-0.00280792 6.35254
-0.00280682 6.35376

-0.00280682 6.35376
-0.00280573 6.35498

-0.00280573 6.35498
-0.00280463 6.3562

-0.00280463 6.3562
-0.00280353 6.35742

-0.00280353 6.35742
-0.00280244 6.35864

-0.00280244 6.35864
-0.00280134 6.35986

-0.00280134 6.35986
-0.00280025 6.36108

-0.00280025 6.36108
-0.00279916 6.3623

-0.00279916 6.3623
-0.00279806 6.36353

-0.00279806 6.36353
-0.00279697 6.36475

-0.00279697 6.36475
-0.00279588 6.36597

-0.00279588 6.36597
-0.00279479 6.36719

-0.00279479 6.36719
-0.0027937 6.36841

-0.0027937 6.36841
-0.00279261 6.36963

-0.00279261 6.36963
-0.00279153 6.37085

-0.00279153 6.37085
-0.00279044 6.37207

-0.00279044 6.37207
-0.00278935 6.37329

-0.00278935 6.37329
-0.00278827 6.37451

-0.00278827 6.37451
-0.00278718 6.37573

-0.00278718 6.37573
-0.0027861 6.37695

-0.0027861 6.37695
-0.00278502 6.37817

-0.00278502 6.37817
-0.00278394 6.37939

-0.00278394 6.37939
-0.00278286 6.38062

-0.00278286 6.38062
-0.00278178 6.38184

-0.00278178 6.38184
-0.0027807 6.38306

-0.0027807 6.38306
-0.00277962 6.38428

-0.00277962 6.38428
-0.00277854 6.3855

-0.00277854 6.3855
-0.00277746 6.38672

-0.00277746 6.38672
-0.00277639 6.38794

-0.00277639 6.38794
-0.00277531 6.38916

-0.00277531 6.38916
-0.00277424 6.39038

-0.00277424 6.39038
-0.00277316 6.3916

-0.00277316 6.3916
-0.00277209 6.39282

-0.00277209 6.39282
-0.00277102 6.39404

-0.00277102 6.39404
-0.00276995 6.39526

-0.00276995 6.39526
-0.00276888 6.39648

-0.00276888 6.39648
-0.00276781 6.39771

-0.00276781 6.39771
-0.00276674 6.39893

-0.00276674 6.39893
-0.00276567 6.40015

-0.00276567 6.40015
-0.0027646 6.40137

-0.0027646 6.40137
-0.00276354 6.40259

-0.00276354 6.40259
-0.00276247 6.40381

-0.00276247 6.40381
-0.00276141 6.40503

-0.00276141 6.40503
-0.00276034 6.40625

-0.00276034 6.40625
-0.00275928 6.40747

-0.00275928 6.40747
-0.00275822 6.40869

-0.00275822 6.40869
-0.00275716 6.40991

-0.00275716 6.40991
-0.0027561 6.41113

-0.0027561 6.41113
-0.00275504 6.41235

-0.00275504 6.41235
-0.00275398 6.41357

-0.00275398 6.41357
-0.00275292 6.41479

-0.00275292 6.41479
-0.00275186 6.41602

-0.00275186 6.41602
-0.0027508 6.41724

-0.0027508 6.41724
-0.00274975 6.41846

-0.00274975 6.41846
-0.00274869 6.41968

-0.00274869 6.41968
-0.00274764 6.4209

-0.00274764 6.4209
-0.00274658 6.42212

-0.00274658 6.42212
-0.00274553 6.42334

-0.00274553 6.42334
-0.00274448 6.42456

-0.00274448 6.42456
-0.00274343 6.42578

-0.00274343 6.42578
-0.00274238 6.427

-0.00274238 6.427
-0.00274133 6.42822

-0.00274133 6.42822
-0.00274028 6.42944

-0.00274028 6.42944
-0.00273923 6.43066

-0.00273923 6.43066
-0.00273818 6.43188

-0.00273818 6.43188
-0.00273714 6.43311

-0.00273714 6.43311
-0.00273609 6.43433

-0.00273609 6.43433
-0.00273505 6.43555

-0.00273505 6.43555
-0.002734 6.43677

-0.002734 6.43677
-0.00273296 6.43799

-0.00273296 6.43799
-0.00273192 6.43921

-0.00273192 6.43921
-0.00273087 6.44043

-0.00273087 6.44043
-0.00272983 6.44165

-0.00272983 6.44165
-0.00272879 6.44287

-0.00272879 6.44287
-0.00272775 6.44409

-0.00272775 6.44409
-0.00272671 6.44531

-0.00272671 6.44531
-0.00272568 6.44653

-0.00272568 6.44653
-0.00272464 6.44775

-0.00272464 6.44775
-0.0027236 6.44897

-0.0027236 6.44897
-0.00272257 6.4502

-0.00272257 6.4502
-0.00272153 6.45142

-0.00272153 6.45142
-0.0027205 6.45264

-0.0027205 6.45264
-0.00271947 6.45386

-0.00271947 6.45386
-0.00271843 6.45508

-0.00271843 6.45508
-0.0027174 6.4563

-0.0027174 6.4563
-0.00271637 6.45752

-0.00271637 6.45752
-0.00271534 6.45874

-0.00271534 6.45874
-0.00271431 6.45996

-0.00271431 6.45996
-0.00271328 6.46118

-0.00271328 6.46118
-0.00271225 6.4624

-0.00271225 6.4624
-0.00271123 6.46362

-0.00271123 6.46362
-0.0027102 6.46484

-0.0027102 6.46484
-0.00270918 6.46606

-0.00270918 6.46606
-0.00270815 6.46729

-0.00270815 6.46729
-0.00270713 6.46851

-0.00270713 6.46851
-0.0027061 6.46973

-0.0027061 6.46973
-0.00270508 6.47095

-0.00270508 6.47095
-0.00270406 6.47217

-0.00270406 6.47217
-0.00270304 6.47339

-0.00270304 6.47339
-0.00270202 6.47461

-0.00270202 6.47461
-0.002701 6.47583

-0.002701 6.47583
-0.00269998 6.47705

-0.00269998 6.47705
-0.00269896 6.47827

-0.00269896 6.47827
-0.00269795 6.47949

-0.00269795 6.47949
-0.00269693 6.48071

-0.00269693 6.48071
-0.00269591 6.48193

-0.00269591 6.48193
-0.0026949 6.48315

-0.0026949 6.48315
-0.00269388 6.48438

-0.00269388 6.48438
-0.00269287 6.4856

-0.00269287 6.4856
-0.00269186 6.48682

-0.00269186 6.48682
-0.00269085 6.48804

-0.00269085 6.48804
-0.00268984 6.48926

-0.00268984 6.48926
-0.00268883 6.49048

-0.00268883 6.49048
-0.00268782 6.4917

-0.00268782 6.4917
-0.00268681 6.49292

-0.00268681 6.49292
-0.0026858 6.49414

-0.0026858 6.49414
-0.00268555 6.49445

-0.00268555 6.49445
-0.00268479 6.49536

-0.00268479 6.49536
-0.00268379 6.49658

-0.00268379 6.49658
-0.00268278 6.4978

-0.00268278 6.4978
-0.00268177 6.49902

-0.00268177 6.49902
-0.00268077 6.50024

-0.00268077 6.50024
-0.00267977 6.50146

-0.00267977 6.50146
-0.00267876 6.50269

-0.00267876 6.50269
-0.00267776 6.50391

-0.00267776 6.50391
-0.00267676 6.50513

-0.00267676 6.50513
-0.00267576 6.50635

-0.00267576 6.50635
-0.00267476 6.50757

-0.00267476 6.50757
-0.00267376 6.50879

-0.00267376 6.50879
-0.00267276 6.51001

-0.00267276 6.51001
-0.00267177 6.51123

-0.00267177 6.51123
-0.00267077 6.51245

-0.00267077 6.51245
-0.00266977 6.51367

-0.00266977 6.51367
-0.00266878 6.51489

-0.00266878 6.51489
-0.00266778 6.51611

-0.00266778 6.51611
-0.00266679 6.51733

-0.00266679 6.51733
-0.0026658 6.51855

-0.0026658 6.51855
-0.0026648 6.51978

-0.0026648 6.51978
-0.00266381 6.521

-0.00266381 6.521
-0.00266282 6.52222

-0.00266282 6.52222
-0.00266183 6.52344

-0.00266183 6.52344
-0.00266084 6.52466

-0.00266084 6.52466
-0.00265985 6.52588

-0.00265985 6.52588
-0.00265886 6.5271

-0.00265886 6.5271
-0.00265788 6.52832

-0.00265788 6.52832
-0.00265689 6.52954

-0.00265689 6.52954
-0.00265591 6.53076

-0.00265591 6.53076
-0.00265492 6.53198

-0.00265492 6.53198
-0.00265394 6.5332

-0.00265394 6.5332
-0.00265295 6.53442

-0.00265295 6.53442
-0.00265197 6.53564

-0.00265197 6.53564
-0.00265099 6.53687

-0.00265099 6.53687
-0.00265001 6.53809

-0.00265001 6.53809
-0.00264903 6.53931

-0.00264903 6.53931
-0.00264805 6.54053

-0.00264805 6.54053
-0.00264707 6.54175

-0.00264707 6.54175
-0.00264609 6.54297

-0.00264609 6.54297
-0.00264511 6.54419

-0.00264511 6.54419
-0.00264413 6.54541

-0.00264413 6.54541
-0.00264316 6.54663

-0.00264316 6.54663
-0.00264218 6.54785

-0.00264218 6.54785
-0.00264121 6.54907

-0.00264121 6.54907
-0.00264023 6.55029

-0.00264023 6.55029
-0.00263926 6.55151

-0.00263926 6.55151
-0.00263829 6.55273

-0.00263829 6.55273
-0.00263732 6.55396

-0.00263732 6.55396
-0.00263634 6.55518

-0.00263634 6.55518
-0.00263537 6.5564

-0.00263537 6.5564
-0.0026344 6.55762

-0.0026344 6.55762
-0.00263344 6.55884

-0.00263344 6.55884
-0.00263247 6.56006

-0.00263247 6.56006
-0.0026315 6.56128

-0.0026315 6.56128
-0.00263053 6.5625

-0.00263053 6.5625
-0.00262957 6.56372

-0.00262957 6.56372
-0.0026286 6.56494

-0.0026286 6.56494
-0.00262764 6.56616

-0.00262764 6.56616
-0.00262667 6.56738

-0.00262667 6.56738
-0.00262571 6.5686

-0.00262571 6.5686
-0.00262475 6.56982

-0.00262475 6.56982
-0.00262379 6.57104

-0.00262379 6.57104
-0.00262283 6.57227

-0.00262283 6.57227
-0.00262186 6.57349

-0.00262186 6.57349
-0.00262091 6.57471

-0.00262091 6.57471
-0.00261995 6.57593

-0.00261995 6.57593
-0.00261899 6.57715

-0.00261899 6.57715
-0.00261803 6.57837

-0.00261803 6.57837
-0.00261707 6.57959

-0.00261707 6.57959
-0.00261612 6.58081

-0.00261612 6.58081
-0.00261516 6.58203

-0.00261516 6.58203
-0.00261421 6.58325

-0.00261421 6.58325
-0.00261325 6.58447

-0.00261325 6.58447
-0.0026123 6.58569

-0.0026123 6.58569
-0.00261135 6.58691

-0.00261135 6.58691
-0.0026104 6.58813

-0.0026104 6.58813
-0.00260945 6.58936

-0.00260945 6.58936
-0.0026085 6.59058

-0.0026085 6.59058
-0.00260755 6.5918

-0.00260755 6.5918
-0.0026066 6.59302

-0.0026066 6.59302
-0.00260565 6.59424

-0.00260565 6.59424
-0.0026047 6.59546

-0.0026047 6.59546
-0.00260375 6.59668

-0.00260375 6.59668
-0.00260281 6.5979

-0.00260281 6.5979
-0.00260186 6.59912

-0.00260186 6.59912
-0.00260092 6.60034

-0.00260092 6.60034
-0.00259997 6.60156

-0.00259997 6.60156
-0.00259903 6.60278

-0.00259903 6.60278
-0.00259809 6.604

-0.00259809 6.604
-0.00259715 6.60522

-0.00259715 6.60522
-0.00259621 6.60645

-0.00259621 6.60645
-0.00259527 6.60767

-0.00259527 6.60767
-0.00259433 6.60889

-0.00259433 6.60889
-0.00259339 6.61011

-0.00259339 6.61011
-0.00259245 6.61133

-0.00259245 6.61133
-0.00259151 6.61255

-0.00259151 6.61255
-0.00259057 6.61377

-0.00259057 6.61377
-0.00258964 6.61499

-0.00258964 6.61499
-0.0025887 6.61621

-0.0025887 6.61621
-0.00258777 6.61743

-0.00258777 6.61743
-0.00258683 6.61865

-0.00258683 6.61865
-0.0025859 6.61987

-0.0025859 6.61987
-0.00258497 6.62109

-0.00258497 6.62109
-0.00258403 6.62231

-0.00258403 6.62231
-0.0025831 6.62354

-0.0025831 6.62354
-0.00258217 6.62476

-0.00258217 6.62476
-0.00258124 6.62598

-0.00258124 6.62598
-0.00258031 6.6272

-0.00258031 6.6272
-0.00257938 6.62842

-0.00257938 6.62842
-0.00257846 6.62964

-0.00257846 6.62964
-0.00257753 6.63086

-0.00257753 6.63086
-0.0025766 6.63208

-0.0025766 6.63208
-0.00257568 6.6333

-0.00257568 6.6333
-0.00257475 6.63452

-0.00257475 6.63452
-0.00257383 6.63574

-0.00257383 6.63574
-0.0025729 6.63696

-0.0025729 6.63696
-0.00257198 6.63818

-0.00257198 6.63818
-0.00257106 6.6394

-0.00257106 6.6394
-0.00257013 6.64062

-0.00257013 6.64062
-0.00256921 6.64185

-0.00256921 6.64185
-0.00256829 6.64307

-0.00256829 6.64307
-0.00256737 6.64429

-0.00256737 6.64429
-0.00256645 6.64551

-0.00256645 6.64551
-0.00256554 6.64673

-0.00256554 6.64673
-0.00256462 6.64795

-0.00256462 6.64795
-0.0025637 6.64917

-0.0025637 6.64917
-0.00256278 6.65039

-0.00256278 6.65039
-0.00256187 6.65161

-0.00256187 6.65161
-0.00256095 6.65283

-0.00256095 6.65283
-0.00256004 6.65405

-0.00256004 6.65405
-0.00255913 6.65527

-0.00255913 6.65527
-0.00255821 6.65649

-0.00255821 6.65649
-0.0025573 6.65771

-0.0025573 6.65771
-0.00255639 6.65894

-0.00255639 6.65894
-0.00255548 6.66016

-0.00255548 6.66016
-0.00255457 6.66138

-0.00255457 6.66138
-0.00255366 6.6626

-0.00255366 6.6626
-0.00255275 6.66382

-0.00255275 6.66382
-0.00255184 6.66504

-0.00255184 6.66504
-0.00255093 6.66626

-0.00255093 6.66626
-0.00255003 6.66748

-0.00255003 6.66748
-0.00254912 6.6687

-0.00254912 6.6687
-0.00254821 6.66992

-0.00254821 6.66992
-0.00254731 6.67114

-0.00254731 6.67114
-0.0025464 6.67236

-0.0025464 6.67236
-0.0025455 6.67358

-0.0025455 6.67358
-0.0025446 6.6748

-0.0025446 6.6748
-0.0025437 6.67603

-0.0025437 6.67603
-0.00254279 6.67725

-0.00254279 6.67725
-0.00254189 6.67847

-0.00254189 6.67847
-0.00254099 6.67969

-0.00254099 6.67969
-0.00254009 6.68091

-0.00254009 6.68091
-0.00253919 6.68213

-0.00253919 6.68213
-0.0025383 6.68335

-0.0025383 6.68335
-0.0025374 6.68457

-0.0025374 6.68457
-0.0025365 6.68579

-0.0025365 6.68579
-0.0025356 6.68701

-0.0025356 6.68701
-0.00253471 6.68823

-0.00253471 6.68823
-0.00253381 6.68945

-0.00253381 6.68945
-0.00253292 6.69067

-0.00253292 6.69067
-0.00253203 6.69189

-0.00253203 6.69189
-0.00253113 6.69312

-0.00253113 6.69312
-0.00253024 6.69434

-0.00253024 6.69434
-0.00252935 6.69556

-0.00252935 6.69556
-0.00252846 6.69678

-0.00252846 6.69678
-0.00252757 6.698

-0.00252757 6.698
-0.00252668 6.69922

-0.00252668 6.69922
-0.00252579 6.70044

-0.00252579 6.70044
-0.0025249 6.70166

-0.0025249 6.70166
-0.00252401 6.70288

-0.00252401 6.70288
-0.00252313 6.7041

-0.00252313 6.7041
-0.00252224 6.70532

-0.00252224 6.70532
-0.00252135 6.70654

-0.00252135 6.70654
-0.00252047 6.70776

-0.00252047 6.70776
-0.00251958 6.70898

-0.00251958 6.70898
-0.0025187 6.71021

-0.0025187 6.71021
-0.00251782 6.71143

-0.00251782 6.71143
-0.00251693 6.71265

-0.00251693 6.71265
-0.00251605 6.71387

-0.00251605 6.71387
-0.00251517 6.71509

-0.00251517 6.71509
-0.00251429 6.71631

-0.00251429 6.71631
-0.00251341 6.71753

-0.00251341 6.71753
-0.00251253 6.71875

-0.00251253 6.71875
-0.00251165 6.71997

-0.00251165 6.71997
-0.00251077 6.72119

-0.00251077 6.72119
-0.0025099 6.72241

-0.0025099 6.72241
-0.00250902 6.72363

-0.00250902 6.72363
-0.00250814 6.72485

-0.00250814 6.72485
-0.00250727 6.72607

-0.00250727 6.72607
-0.00250639 6.72729

-0.00250639 6.72729
-0.00250552 6.72852

-0.00250552 6.72852
-0.00250465 6.72974

-0.00250465 6.72974
-0.00250377 6.73096

-0.00250377 6.73096
-0.0025029 6.73218

-0.0025029 6.73218
-0.00250203 6.7334

-0.00250203 6.7334
-0.00250116 6.73462

-0.00250116 6.73462
-0.00250029 6.73584

-0.00250029 6.73584
-0.00249942 6.73706

-0.00249942 6.73706
-0.00249855 6.73828

-0.00249855 6.73828
-0.00249768 6.7395

-0.00249768 6.7395
-0.00249681 6.74072

-0.00249681 6.74072
-0.00249595 6.74194

-0.00249595 6.74194
-0.00249508 6.74316

-0.00249508 6.74316
-0.00249422 6.74438

-0.00249422 6.74438
-0.00249335 6.74561

-0.00249335 6.74561
-0.00249249 6.74683

-0.00249249 6.74683
-0.00249162 6.74805

-0.00249162 6.74805
-0.00249076 6.74927

-0.00249076 6.74927
-0.0024899 6.75049

-0.0024899 6.75049
-0.00248903 6.75171

-0.00248903 6.75171
-0.00248817 6.75293

-0.00248817 6.75293
-0.00248731 6.75415

-0.00248731 6.75415
-0.00248645 6.75537

-0.00248645 6.75537
-0.00248559 6.75659

-0.00248559 6.75659
-0.00248474 6.75781

-0.00248474 6.75781
-0.00248388 6.75903

-0.00248388 6.75903
-0.00248302 6.76025

-0.00248302 6.76025
-0.00248216 6.76147

-0.00248216 6.76147
-0.00248131 6.7627

-0.00248131 6.7627
-0.00248045 6.76392

-0.00248045 6.76392
-0.0024796 6.76514

-0.0024796 6.76514
-0.00247874 6.76636

-0.00247874 6.76636
-0.00247789 6.76758

-0.00247789 6.76758
-0.00247704 6.7688

-0.00247704 6.7688
-0.00247618 6.77002

-0.00247618 6.77002
-0.00247533 6.77124

-0.00247533 6.77124
-0.00247448 6.77246

-0.00247448 6.77246
-0.00247363 6.77368

-0.00247363 6.77368
-0.00247278 6.7749

-0.00247278 6.7749
-0.00247193 6.77612

-0.00247193 6.77612
-0.00247108 6.77734

-0.00247108 6.77734
-0.00247023 6.77856

-0.00247023 6.77856
-0.00246939 6.77979

-0.00246939 6.77979
-0.00246854 6.78101

-0.00246854 6.78101
-0.00246769 6.78223

-0.00246769 6.78223
-0.00246685 6.78345

-0.00246685 6.78345
-0.002466 6.78467

-0.002466 6.78467
-0.00246516 6.78589

-0.00246516 6.78589
-0.00246432 6.78711

-0.00246432 6.78711
-0.00246347 6.78833

-0.00246347 6.78833
-0.00246263 6.78955

-0.00246263 6.78955
-0.00246179 6.79077

-0.00246179 6.79077
-0.00246095 6.79199

-0.00246095 6.79199
-0.00246011 6.79321

-0.00246011 6.79321
-0.00245927 6.79443

-0.00245927 6.79443
-0.00245843 6.79565

-0.00245843 6.79565
-0.00245759 6.79688

-0.00245759 6.79688
-0.00245675 6.7981

-0.00245675 6.7981
-0.00245591 6.79932

-0.00245591 6.79932
-0.00245508 6.80054

-0.00245508 6.80054
-0.00245424 6.80176

-0.00245424 6.80176
-0.00245341 6.80298

-0.00245341 6.80298
-0.00245257 6.8042

-0.00245257 6.8042
-0.00245174 6.80542

-0.00245174 6.80542
-0.0024509 6.80664

-0.0024509 6.80664
-0.00245007 6.80786

-0.00245007 6.80786
-0.00244924 6.80908

-0.00244924 6.80908
-0.00244841 6.8103

-0.00244841 6.8103
-0.00244757 6.81152

-0.00244757 6.81152
-0.00244674 6.81274

-0.00244674 6.81274
-0.00244591 6.81396

-0.00244591 6.81396
-0.00244508 6.81519

-0.00244508 6.81519
-0.00244426 6.81641

-0.00244426 6.81641
-0.00244343 6.81763

-0.00244343 6.81763
-0.0024426 6.81885

-0.0024426 6.81885
-0.00244177 6.82007

-0.00244177 6.82007
-0.00244095 6.82129

-0.00244095 6.82129
-0.00244012 6.82251

-0.00244012 6.82251
-0.0024393 6.82373

-0.0024393 6.82373
-0.00243847 6.82495

-0.00243847 6.82495
-0.00243765 6.82617

-0.00243765 6.82617
-0.00243682 6.82739

-0.00243682 6.82739
-0.002436 6.82861

-0.002436 6.82861
-0.00243518 6.82983

-0.00243518 6.82983
-0.00243436 6.83105

-0.00243436 6.83105
-0.00243354 6.83228

-0.00243354 6.83228
-0.00243272 6.8335

-0.00243272 6.8335
-0.0024319 6.83472

-0.0024319 6.83472
-0.00243108 6.83594

-0.00243108 6.83594
-0.00243026 6.83716

-0.00243026 6.83716
-0.00242944 6.83838

-0.00242944 6.83838
-0.00242863 6.8396

-0.00242863 6.8396
-0.00242781 6.84082

-0.00242781 6.84082
-0.00242699 6.84204

-0.00242699 6.84204
-0.00242618 6.84326

-0.00242618 6.84326
-0.00242536 6.84448

-0.00242536 6.84448
-0.00242455 6.8457

-0.00242455 6.8457
-0.00242373 6.84692

-0.00242373 6.84692
-0.00242292 6.84814

-0.00242292 6.84814
-0.00242211 6.84937

-0.00242211 6.84937
-0.0024213 6.85059

-0.0024213 6.85059
-0.00242049 6.85181

-0.00242049 6.85181
-0.00241968 6.85303

-0.00241968 6.85303
-0.00241887 6.85425

-0.00241887 6.85425
-0.00241806 6.85547

-0.00241806 6.85547
-0.00241725 6.85669

-0.00241725 6.85669
-0.00241644 6.85791

-0.00241644 6.85791
-0.00241563 6.85913

-0.00241563 6.85913
-0.00241482 6.86035

-0.00241482 6.86035
-0.00241402 6.86157

-0.00241402 6.86157
-0.00241321 6.86279

-0.00241321 6.86279
-0.00241241 6.86401

-0.00241241 6.86401
-0.0024116 6.86523

-0.0024116 6.86523
-0.0024108 6.86646

-0.0024108 6.86646
-0.00240999 6.86768

-0.00240999 6.86768
-0.00240919 6.8689

-0.00240919 6.8689
-0.00240839 6.87012

-0.00240839 6.87012
-0.00240759 6.87134

-0.00240759 6.87134
-0.00240679 6.87256

-0.00240679 6.87256
-0.00240599 6.87378

-0.00240599 6.87378
-0.00240519 6.875

-0.00240519 6.875
-0.00240439 6.87622

-0.00240439 6.87622
-0.00240359 6.87744

-0.00240359 6.87744
-0.00240279 6.87866

-0.00240279 6.87866
-0.00240199 6.87988

-0.00240199 6.87988
-0.0024012 6.8811

-0.0024012 6.8811
-0.0024004 6.88232

-0.0024004 6.88232
-0.0023996 6.88354

-0.0023996 6.88354
-0.00239881 6.88477

-0.00239881 6.88477
-0.00239801 6.88599

-0.00239801 6.88599
-0.00239722 6.88721

-0.00239722 6.88721
-0.00239643 6.88843

-0.00239643 6.88843
-0.00239563 6.88965

-0.00239563 6.88965
-0.00239484 6.89087

-0.00239484 6.89087
-0.00239405 6.89209

-0.00239405 6.89209
-0.00239326 6.89331

-0.00239326 6.89331
-0.00239247 6.89453

-0.00239247 6.89453
-0.00239168 6.89575

-0.00239168 6.89575
-0.00239089 6.89697

-0.00239089 6.89697
-0.0023901 6.89819

-0.0023901 6.89819
-0.00238931 6.89941

-0.00238931 6.89941
-0.00238852 6.90063

-0.00238852 6.90063
-0.00238774 6.90186

-0.00238774 6.90186
-0.00238695 6.90308

-0.00238695 6.90308
-0.00238616 6.9043

-0.00238616 6.9043
-0.00238538 6.90552

-0.00238538 6.90552
-0.00238459 6.90674

-0.00238459 6.90674
-0.00238381 6.90796

-0.00238381 6.90796
-0.00238303 6.90918

-0.00238303 6.90918
-0.00238224 6.9104

-0.00238224 6.9104
-0.00238146 6.91162

-0.00238146 6.91162
-0.00238068 6.91284

-0.00238068 6.91284
-0.0023799 6.91406

-0.0023799 6.91406
-0.00237912 6.91528

-0.00237912 6.91528
-0.00237834 6.9165

-0.00237834 6.9165
-0.00237756 6.91772

-0.00237756 6.91772
-0.00237678 6.91895

-0.00237678 6.91895
-0.002376 6.92017

-0.002376 6.92017
-0.00237522 6.92139

-0.00237522 6.92139
-0.00237444 6.92261

-0.00237444 6.92261
-0.00237367 6.92383

-0.00237367 6.92383
-0.00237289 6.92505

-0.00237289 6.92505
-0.00237212 6.92627

-0.00237212 6.92627
-0.00237134 6.92749

-0.00237134 6.92749
-0.00237057 6.92871

-0.00237057 6.92871
-0.00236979 6.92993

-0.00236979 6.92993
-0.00236902 6.93115

-0.00236902 6.93115
-0.00236825 6.93237

-0.00236825 6.93237
-0.00236748 6.93359

-0.00236748 6.93359
-0.0023667 6.93481

-0.0023667 6.93481
-0.00236593 6.93604

-0.00236593 6.93604
-0.00236516 6.93726

-0.00236516 6.93726
-0.00236439 6.93848

-0.00236439 6.93848
-0.00236362 6.9397

-0.00236362 6.9397
-0.00236285 6.94092

-0.00236285 6.94092
-0.00236209 6.94214

-0.00236209 6.94214
-0.00236132 6.94336

-0.00236132 6.94336
-0.00236055 6.94458

-0.00236055 6.94458
-0.00235979 6.9458

-0.00235979 6.9458
-0.00235902 6.94702

-0.00235902 6.94702
-0.00235825 6.94824

-0.00235825 6.94824
-0.00235749 6.94946

-0.00235749 6.94946
-0.00235673 6.95068

-0.00235673 6.95068
-0.00235596 6.9519

-0.00235596 6.9519
-0.0023552 6.95312

-0.0023552 6.95312
-0.00235444 6.95435

-0.00235444 6.95435
-0.00235367 6.95557

-0.00235367 6.95557
-0.00235291 6.95679

-0.00235291 6.95679
-0.00235215 6.95801

-0.00235215 6.95801
-0.00235139 6.95923

-0.00235139 6.95923
-0.00235063 6.96045

-0.00235063 6.96045
-0.00234987 6.96167

-0.00234987 6.96167
-0.00234911 6.96289

-0.00234911 6.96289
-0.00234836 6.96411

-0.00234836 6.96411
-0.0023476 6.96533

-0.0023476 6.96533
-0.00234684 6.96655

-0.00234684 6.96655
-0.00234609 6.96777

-0.00234609 6.96777
-0.00234533 6.96899

-0.00234533 6.96899
-0.00234457 6.97021

-0.00234457 6.97021
-0.00234382 6.97144

-0.00234382 6.97144
-0.00234307 6.97266

-0.00234307 6.97266
-0.00234231 6.97388

-0.00234231 6.97388
-0.00234156 6.9751

-0.00234156 6.9751
-0.00234081 6.97632

-0.00234081 6.97632
-0.00234006 6.97754

-0.00234006 6.97754
-0.0023393 6.97876

-0.0023393 6.97876
-0.00233855 6.97998

-0.00233855 6.97998
-0.0023378 6.9812

-0.0023378 6.9812
-0.00233705 6.98242

-0.00233705 6.98242
-0.0023363 6.98364

-0.0023363 6.98364
-0.00233556 6.98486

-0.00233556 6.98486
-0.00233481 6.98608

-0.00233481 6.98608
-0.00233406 6.9873

-0.00233406 6.9873
-0.00233331 6.98853

-0.00233331 6.98853
-0.00233257 6.98975

-0.00233257 6.98975
-0.00233182 6.99097

-0.00233182 6.99097
-0.00233108 6.99219

-0.00233108 6.99219
-0.00233033 6.99341

-0.00233033 6.99341
-0.00232959 6.99463

-0.00232959 6.99463
-0.00232884 6.99585

-0.00232884 6.99585
-0.0023281 6.99707

-0.0023281 6.99707
-0.00232736 6.99829

-0.00232736 6.99829
-0.00232662 6.99951

-0.00232662 6.99951
-0.00232587 7.00073

-0.00232587 7.00073
-0.00232513 7.00195

-0.00232513 7.00195
-0.00232439 7.00317

-0.00232439 7.00317
-0.00232365 7.00439

-0.00232365 7.00439
-0.00232291 7.00562

-0.00232291 7.00562
-0.00232218 7.00684

-0.00232218 7.00684
-0.00232144 7.00806

-0.00232144 7.00806
-0.0023207 7.00928

-0.0023207 7.00928
-0.00231996 7.0105

-0.00231996 7.0105
-0.00231923 7.01172

-0.00231923 7.01172
-0.00231849 7.01294

-0.00231849 7.01294
-0.00231775 7.01416

-0.00231775 7.01416
-0.00231702 7.01538

-0.00231702 7.01538
-0.00231629 7.0166

-0.00231629 7.0166
-0.00231555 7.01782

-0.00231555 7.01782
-0.00231482 7.01904

-0.00231482 7.01904
-0.00231409 7.02026

-0.00231409 7.02026
-0.00231335 7.02148

-0.00231335 7.02148
-0.00231262 7.02271

-0.00231262 7.02271
-0.00231189 7.02393

-0.00231189 7.02393
-0.00231116 7.02515

-0.00231116 7.02515
-0.00231043 7.02637

-0.00231043 7.02637
-0.0023097 7.02759

-0.0023097 7.02759
-0.00230897 7.02881

-0.00230897 7.02881
-0.00230824 7.03003

-0.00230824 7.03003
-0.00230751 7.03125

-0.00230751 7.03125
-0.00230679 7.03247

-0.00230679 7.03247
-0.00230606 7.03369

-0.00230606 7.03369
-0.00230533 7.03491

-0.00230533 7.03491
-0.00230461 7.03613

-0.00230461 7.03613
-0.00230388 7.03735

-0.00230388 7.03735
-0.00230316 7.03857

-0.00230316 7.03857
-0.00230243 7.03979

-0.00230243 7.03979
-0.00230171 7.04102

-0.00230171 7.04102
-0.00230099 7.04224

-0.00230099 7.04224
-0.00230026 7.04346

-0.00230026 7.04346
-0.00229954 7.04468

-0.00229954 7.04468
-0.00229882 7.0459

-0.00229882 7.0459
-0.0022981 7.04712

-0.0022981 7.04712
-0.00229738 7.04834

-0.00229738 7.04834
-0.00229666 7.04956

-0.00229666 7.04956
-0.00229594 7.05078

-0.00229594 7.05078
-0.00229522 7.052

-0.00229522 7.052
-0.0022945 7.05322

-0.0022945 7.05322
-0.00229379 7.05444

-0.00229379 7.05444
-0.00229307 7.05566

-0.00229307 7.05566
-0.00229235 7.05688

-0.00229235 7.05688
-0.00229164 7.05811

-0.00229164 7.05811
-0.00229092 7.05933

-0.00229092 7.05933
-0.0022902 7.06055

-0.0022902 7.06055
-0.00228949 7.06177

-0.00228949 7.06177
-0.00228878 7.06299

-0.00228878 7.06299
-0.00228806 7.06421

-0.00228806 7.06421
-0.00228735 7.06543

-0.00228735 7.06543
-0.00228664 7.06665

-0.00228664 7.06665
-0.00228592 7.06787

-0.00228592 7.06787
-0.00228521 7.06909

-0.00228521 7.06909
-0.0022845 7.07031

-0.0022845 7.07031
-0.00228379 7.07153

-0.00228379 7.07153
-0.00228308 7.07275

-0.00228308 7.07275
-0.00228237 7.07397

-0.00228237 7.07397
-0.00228166 7.0752

-0.00228166 7.0752
-0.00228096 7.07642

-0.00228096 7.07642
-0.00228025 7.07764

-0.00228025 7.07764
-0.00227954 7.07886

-0.00227954 7.07886
-0.00227883 7.08008

-0.00227883 7.08008
-0.00227813 7.0813

-0.00227813 7.0813
-0.00227742 7.08252

-0.00227742 7.08252
-0.00227672 7.08374

-0.00227672 7.08374
-0.00227601 7.08496

-0.00227601 7.08496
-0.00227531 7.08618

-0.00227531 7.08618
-0.0022746 7.0874

-0.0022746 7.0874
-0.0022739 7.08862

-0.0022739 7.08862
-0.0022732 7.08984

-0.0022732 7.08984
-0.0022725 7.09106

-0.0022725 7.09106
-0.00227179 7.09229

-0.00227179 7.09229
-0.00227109 7.09351

-0.00227109 7.09351
-0.00227039 7.09473

-0.00227039 7.09473
-0.00226969 7.09595

-0.00226969 7.09595
-0.00226899 7.09717

-0.00226899 7.09717
-0.00226829 7.09839

-0.00226829 7.09839
-0.0022676 7.09961

-0.0022676 7.09961
-0.0022669 7.10083

-0.0022669 7.10083
-0.0022662 7.10205

-0.0022662 7.10205
-0.0022655 7.10327

-0.0022655 7.10327
-0.00226481 7.10449

-0.00226481 7.10449
-0.00226411 7.10571

-0.00226411 7.10571
-0.00226342 7.10693

-0.00226342 7.10693
-0.00226272 7.10815

-0.00226272 7.10815
-0.00226203 7.10938

-0.00226203 7.10938
-0.00226133 7.1106

-0.00226133 7.1106
-0.00226064 7.11182

-0.00226064 7.11182
-0.00225995 7.11304

-0.00225995 7.11304
-0.00225925 7.11426

-0.00225925 7.11426
-0.00225856 7.11548

-0.00225856 7.11548
-0.00225787 7.1167

-0.00225787 7.1167
-0.00225718 7.11792

-0.00225718 7.11792
-0.00225649 7.11914

-0.00225649 7.11914
-0.0022558 7.12036

-0.0022558 7.12036
-0.00225511 7.12158

-0.00225511 7.12158
-0.00225442 7.1228

-0.00225442 7.1228
-0.00225373 7.12402

-0.00225373 7.12402
-0.00225305 7.12524

-0.00225305 7.12524
-0.00225236 7.12646

-0.00225236 7.12646
-0.00225167 7.12769

-0.00225167 7.12769
-0.00225099 7.12891

-0.00225099 7.12891
-0.0022503 7.13013

-0.0022503 7.13013
-0.00224962 7.13135

-0.00224962 7.13135
-0.00224893 7.13257

-0.00224893 7.13257
-0.00224825 7.13379

-0.00224825 7.13379
-0.00224756 7.13501

-0.00224756 7.13501
-0.00224688 7.13623

-0.00224688 7.13623
-0.0022462 7.13745

-0.0022462 7.13745
-0.00224552 7.13867

-0.00224552 7.13867
-0.00224483 7.13989

-0.00224483 7.13989
-0.00224415 7.14111

-0.00224415 7.14111
-0.00224347 7.14233

-0.00224347 7.14233
-0.00224279 7.14355

-0.00224279 7.14355
-0.00224211 7.14478

-0.00224211 7.14478
-0.00224143 7.146

-0.00224143 7.146
-0.00224076 7.14722

-0.00224076 7.14722
-0.00224008 7.14844

-0.00224008 7.14844
-0.0022394 7.14966

-0.0022394 7.14966
-0.00223872 7.15088

-0.00223872 7.15088
-0.00223805 7.1521

-0.00223805 7.1521
-0.00223737 7.15332

-0.00223737 7.15332
-0.0022367 7.15454

-0.0022367 7.15454
-0.00223602 7.15576

-0.00223602 7.15576
-0.00223535 7.15698

-0.00223535 7.15698
-0.00223467 7.1582

-0.00223467 7.1582
-0.002234 7.15942

-0.002234 7.15942
-0.00223332 7.16064

-0.00223332 7.16064
-0.00223265 7.16187

-0.00223265 7.16187
-0.00223198 7.16309

-0.00223198 7.16309
-0.00223131 7.16431

-0.00223131 7.16431
-0.00223064 7.16553

-0.00223064 7.16553
-0.00222997 7.16675

-0.00222997 7.16675
-0.0022293 7.16797

-0.0022293 7.16797
-0.00222863 7.16919

-0.00222863 7.16919
-0.00222796 7.17041

-0.00222796 7.17041
-0.00222729 7.17163

-0.00222729 7.17163
-0.00222662 7.17285

-0.00222662 7.17285
-0.00222595 7.17407

-0.00222595 7.17407
-0.00222529 7.17529

-0.00222529 7.17529
-0.00222462 7.17651

-0.00222462 7.17651
-0.00222395 7.17773

-0.00222395 7.17773
-0.00222329 7.17896

-0.00222329 7.17896
-0.00222262 7.18018

-0.00222262 7.18018
-0.00222196 7.1814

-0.00222196 7.1814
-0.0022213 7.18262

-0.0022213 7.18262
-0.00222063 7.18384

-0.00222063 7.18384
-0.00221997 7.18506

-0.00221997 7.18506
-0.00221931 7.18628

-0.00221931 7.18628
-0.00221864 7.1875

-0.00221864 7.1875
-0.00221798 7.18872

-0.00221798 7.18872
-0.00221732 7.18994

-0.00221732 7.18994
-0.00221666 7.19116

-0.00221666 7.19116
-0.002216 7.19238

-0.002216 7.19238
-0.00221534 7.1936

-0.00221534 7.1936
-0.00221468 7.19482

-0.00221468 7.19482
-0.00221402 7.19604

-0.00221402 7.19604
-0.00221336 7.19727

-0.00221336 7.19727
-0.00221271 7.19849

-0.00221271 7.19849
-0.00221205 7.19971

-0.00221205 7.19971
-0.00221139 7.20093

-0.00221139 7.20093
-0.00221074 7.20215

-0.00221074 7.20215
-0.00221008 7.20337

-0.00221008 7.20337
-0.00220943 7.20459

-0.00220943 7.20459
-0.00220877 7.20581

-0.00220877 7.20581
-0.00220812 7.20703

-0.00220812 7.20703
-0.00220746 7.20825

-0.00220746 7.20825
-0.00220681 7.20947

-0.00220681 7.20947
-0.00220616 7.21069

-0.00220616 7.21069
-0.0022055 7.21191

-0.0022055 7.21191
-0.00220485 7.21313

-0.00220485 7.21313
-0.0022042 7.21436

-0.0022042 7.21436
-0.00220355 7.21558

-0.00220355 7.21558
-0.0022029 7.2168

-0.0022029 7.2168
-0.00220225 7.21802

-0.00220225 7.21802
-0.0022016 7.21924

-0.0022016 7.21924
-0.00220095 7.22046

-0.00220095 7.22046
-0.0022003 7.22168

-0.0022003 7.22168
-0.00219966 7.2229

-0.00219966 7.2229
-0.00219901 7.22412

-0.00219901 7.22412
-0.00219836 7.22534

-0.00219836 7.22534
-0.00219771 7.22656

-0.00219771 7.22656
-0.00219707 7.22778

-0.00219707 7.22778
-0.00219642 7.229

-0.00219642 7.229
-0.00219578 7.23022

-0.00219578 7.23022
-0.00219513 7.23145

-0.00219513 7.23145
-0.00219449 7.23267

-0.00219449 7.23267
-0.00219384 7.23389

-0.00219384 7.23389
-0.0021932 7.23511

-0.0021932 7.23511
-0.00219256 7.23633

-0.00219256 7.23633
-0.00219192 7.23755

-0.00219192 7.23755
-0.00219127 7.23877

-0.00219127 7.23877
-0.00219063 7.23999

-0.00219063 7.23999
-0.00218999 7.24121

-0.00218999 7.24121
-0.00218935 7.24243

-0.00218935 7.24243
-0.00218871 7.24365

-0.00218871 7.24365
-0.00218807 7.24487

-0.00218807 7.24487
-0.00218743 7.24609

-0.00218743 7.24609
-0.0021868 7.24731

-0.0021868 7.24731
-0.00218616 7.24854

-0.00218616 7.24854
-0.00218552 7.24976

-0.00218552 7.24976
-0.00218488 7.25098

-0.00218488 7.25098
-0.00218425 7.2522

-0.00218425 7.2522
-0.00218361 7.25342

-0.00218361 7.25342
-0.00218298 7.25464

-0.00218298 7.25464
-0.00218234 7.25586

-0.00218234 7.25586
-0.00218171 7.25708

-0.00218171 7.25708
-0.00218107 7.2583

-0.00218107 7.2583
-0.00218044 7.25952

-0.00218044 7.25952
-0.0021798 7.26074

-0.0021798 7.26074
-0.00217917 7.26196

-0.00217917 7.26196
-0.00217854 7.26318

-0.00217854 7.26318
-0.00217791 7.2644

-0.00217791 7.2644
-0.00217728 7.26562

-0.00217728 7.26562
-0.00217665 7.26685

-0.00217665 7.26685
-0.00217601 7.26807

-0.00217601 7.26807
-0.00217538 7.26929

-0.00217538 7.26929
-0.00217476 7.27051

-0.00217476 7.27051
-0.00217413 7.27173

-0.00217413 7.27173
-0.0021735 7.27295

-0.0021735 7.27295
-0.00217287 7.27417

-0.00214077 7.27417
-0.00220434 7.27539

-0.00217224 7.27539
-0.00217099 7.27783

-0.00217099 7.27783
-0.00216974 7.28027

-0.00216974 7.28027
-0.00216849 7.28271

-0.00216849 7.28271
-0.00216724 7.28516

-0.00216724 7.28516
-0.00216599 7.2876

-0.00216599 7.2876
-0.00216475 7.29004

-0.00216475 7.29004
-0.0021635 7.29248

-0.0021635 7.29248
-0.00216226 7.29492

-0.00216226 7.29492
-0.00216103 7.29736

-0.00216103 7.29736
-0.00215979 7.2998

-0.00215979 7.2998
-0.00215855 7.30225

-0.00215855 7.30225
-0.00215732 7.30469

-0.00215732 7.30469
-0.00215609 7.30713

-0.00215609 7.30713
-0.00215486 7.30957

-0.00215486 7.30957
-0.00215363 7.31201

-0.00215363 7.31201
-0.0021524 7.31445

-0.0021524 7.31445
-0.00215118 7.31689

-0.00215118 7.31689
-0.00214996 7.31934

-0.00214996 7.31934
-0.00214874 7.32178

-0.00214874 7.32178
-0.00214752 7.32422

-0.00214752 7.32422
-0.0021463 7.32666

-0.0021463 7.32666
-0.00214509 7.3291

-0.00214509 7.3291
-0.00214387 7.33154

-0.00214387 7.33154
-0.00214266 7.33398

-0.00214266 7.33398
-0.00214145 7.33643

-0.00214145 7.33643
-0.00214024 7.33887

-0.00214024 7.33887
-0.00213904 7.34131

-0.00213904 7.34131
-0.00213783 7.34375

-0.00213783 7.34375
-0.00213663 7.34619

-0.00213663 7.34619
-0.00213543 7.34863

-0.00213543 7.34863
-0.00213423 7.35107

-0.00213423 7.35107
-0.00213304 7.35352

-0.00213304 7.35352
-0.00213184 7.35596

-0.00213184 7.35596
-0.00213065 7.3584

-0.00213065 7.3584
-0.00212945 7.36084

-0.00212945 7.36084
-0.00212826 7.36328

-0.00212826 7.36328
-0.00212708 7.36572

-0.00212708 7.36572
-0.00212589 7.36816

-0.00212589 7.36816
-0.00212471 7.37061

-0.00212471 7.37061
-0.00212352 7.37305

-0.00212352 7.37305
-0.00212234 7.37549

-0.00212234 7.37549
-0.00212116 7.37793

-0.00212116 7.37793
-0.00211999 7.38037

-0.00211999 7.38037
-0.00211881 7.38281

-0.00211881 7.38281
-0.00211764 7.38525

-0.00211764 7.38525
-0.00211646 7.3877

-0.00211646 7.3877
-0.00211529 7.39014

-0.00211529 7.39014
-0.00211412 7.39258

-0.00211412 7.39258
-0.00211296 7.39502

-0.00211296 7.39502
-0.00211179 7.39746

-0.00211179 7.39746
-0.00211063 7.3999

-0.00211063 7.3999
-0.00210947 7.40234

-0.00210947 7.40234
-0.00210831 7.40479

-0.00210831 7.40479
-0.00210715 7.40723

-0.00210715 7.40723
-0.00210599 7.40967

-0.00210599 7.40967
-0.00210484 7.41211

-0.00210484 7.41211
-0.00210369 7.41455

-0.00210369 7.41455
-0.00210253 7.41699

-0.00210253 7.41699
-0.00210139 7.41943

-0.00210139 7.41943
-0.00210024 7.42188

-0.00210024 7.42188
-0.00209909 7.42432

-0.00209909 7.42432
-0.00209795 7.42676

-0.00209795 7.42676
-0.0020968 7.4292

-0.0020968 7.4292
-0.00209566 7.43164

-0.00209566 7.43164
-0.00209452 7.43408

-0.00209452 7.43408
-0.00209339 7.43652

-0.00209339 7.43652
-0.00209225 7.43896

-0.00209225 7.43896
-0.00209112 7.44141

-0.00209112 7.44141
-0.00208999 7.44385

-0.00208999 7.44385
-0.00208885 7.44629

-0.00208885 7.44629
-0.00208773 7.44873

-0.00208773 7.44873
-0.0020866 7.45117

-0.0020866 7.45117
-0.00208547 7.45361

-0.00208547 7.45361
-0.00208435 7.45605

-0.00208435 7.45605
-0.00208323 7.4585

-0.00208323 7.4585
-0.00208211 7.46094

-0.00208211 7.46094
-0.00208099 7.46338

-0.00208099 7.46338
-0.00207987 7.46582

-0.00207987 7.46582
-0.00207876 7.46826

-0.00207876 7.46826
-0.00207764 7.4707

-0.00207764 7.4707
-0.00207653 7.47314

-0.00207653 7.47314
-0.00207542 7.47559

-0.00207542 7.47559
-0.00207431 7.47803

-0.00207431 7.47803
-0.0020732 7.48047

-0.0020732 7.48047
-0.0020721 7.48291

-0.0020721 7.48291
-0.002071 7.48535

-0.002071 7.48535
-0.00206989 7.48779

-0.00206989 7.48779
-0.00206879 7.49023

-0.00206879 7.49023
-0.0020677 7.49268

-0.0020677 7.49268
-0.0020666 7.49512

-0.0020666 7.49512
-0.0020655 7.49756

-0.0020655 7.49756
-0.00206441 7.5

-0.00206441 7.5
-0.00206332 7.50244

-0.00206332 7.50244
-0.00206223 7.50488

-0.00206223 7.50488
-0.00206114 7.50732

-0.00210015 7.50732
-0.00202159 7.50854

-0.0020606 7.50854
-0.00206005 7.50977

-0.00206005 7.50977
-0.00205951 7.51099

-0.00205951 7.51099
-0.00205897 7.51221

-0.00205897 7.51221
-0.00205843 7.51343

-0.00205843 7.51343
-0.00205788 7.51465

-0.00205788 7.51465
-0.00205734 7.51587

-0.00205734 7.51587
-0.0020568 7.51709

-0.0020568 7.51709
-0.00205626 7.51831

-0.00205626 7.51831
-0.00205572 7.51953

-0.00205572 7.51953
-0.00205518 7.52075

-0.00205518 7.52075
-0.00205464 7.52197

-0.00205464 7.52197
-0.0020541 7.52319

-0.0020541 7.52319
-0.00205357 7.52441

-0.00205357 7.52441
-0.00205303 7.52563

-0.00205303 7.52563
-0.00205249 7.52686

-0.00205249 7.52686
-0.00205195 7.52808

-0.00205195 7.52808
-0.00205142 7.5293

-0.00205142 7.5293
-0.00205088 7.53052

-0.00205088 7.53052
-0.00205035 7.53174

-0.00205035 7.53174
-0.00204981 7.53296

-0.00204981 7.53296
-0.00204927 7.53418

-0.00204927 7.53418
-0.00204874 7.5354

-0.00204874 7.5354
-0.00204821 7.53662

-0.00204821 7.53662
-0.00204767 7.53784

-0.00204767 7.53784
-0.00204714 7.53906

-0.00204714 7.53906
-0.00204661 7.54028

-0.00204661 7.54028
-0.00204607 7.5415

-0.00204607 7.5415
-0.00204554 7.54272

-0.00204554 7.54272
-0.00204501 7.54395

-0.00204501 7.54395
-0.00204448 7.54517

-0.00204448 7.54517
-0.00204395 7.54639

-0.00204395 7.54639
-0.00204342 7.54761

-0.00204342 7.54761
-0.00204289 7.54883

-0.00204289 7.54883
-0.00204236 7.55005

-0.00204236 7.55005
-0.00204183 7.55127

-0.00204183 7.55127
-0.0020413 7.55249

-0.0020413 7.55249
-0.00204077 7.55371

-0.00204077 7.55371
-0.00204024 7.55493

-0.00204024 7.55493
-0.00203972 7.55615

-0.00203972 7.55615
-0.00203919 7.55737

-0.00203919 7.55737
-0.00203866 7.55859

-0.00203866 7.55859
-0.00203813 7.55981

-0.00203813 7.55981
-0.00203761 7.56104

-0.00203761 7.56104
-0.00203708 7.56226

-0.00203708 7.56226
-0.00203656 7.56348

-0.00203656 7.56348
-0.00203603 7.5647

-0.00203603 7.5647
-0.00203551 7.56592

-0.00203551 7.56592
-0.00203498 7.56714

-0.00203498 7.56714
-0.00203446 7.56836

-0.00203446 7.56836
-0.00203394 7.56958

-0.00203394 7.56958
-0.00203342 7.5708

-0.00203342 7.5708
-0.00203289 7.57202

-0.00203289 7.57202
-0.00203237 7.57324

-0.00203237 7.57324
-0.00203185 7.57446

-0.00203185 7.57446
-0.00203133 7.57568

-0.00203133 7.57568
-0.00203081 7.5769

-0.00203081 7.5769
-0.00203029 7.57812

-0.00203029 7.57812
-0.00202977 7.57935

-0.00202977 7.57935
-0.00202925 7.58057

-0.00202925 7.58057
-0.00202873 7.58179

-0.00202873 7.58179
-0.00202821 7.58301

-0.00202821 7.58301
-0.00202769 7.58423

-0.00202769 7.58423
-0.00202717 7.58545

-0.00202717 7.58545
-0.00202666 7.58667

-0.00202666 7.58667
-0.00202614 7.58789

-0.00202614 7.58789
-0.00202562 7.58911

-0.00202562 7.58911
-0.00202511 7.59033

-0.00202511 7.59033
-0.00202459 7.59155

-0.00202459 7.59155
-0.00202407 7.59277

-0.00202407 7.59277
-0.00202356 7.59399

-0.00202356 7.59399
-0.00202304 7.59521

-0.00202304 7.59521
-0.00202253 7.59644

-0.00202253 7.59644
-0.00202202 7.59766

-0.00202202 7.59766
-0.0020215 7.59888

-0.0020215 7.59888
-0.00202099 7.6001

-0.00202099 7.6001
-0.00202048 7.60132

-0.00202048 7.60132
-0.00201996 7.60254

-0.00201996 7.60254
-0.00201945 7.60376

-0.00201945 7.60376
-0.00201894 7.60498

-0.00201894 7.60498
-0.00201843 7.6062

-0.00201843 7.6062
-0.00201792 7.60742

-0.00201792 7.60742
-0.00201741 7.60864

-0.00201741 7.60864
-0.0020169 7.60986

-0.0020169 7.60986
-0.00201639 7.61108

-0.00201639 7.61108
-0.00201588 7.6123

-0.00201588 7.6123
-0.00201537 7.61353

-0.00201537 7.61353
-0.00201486 7.61475

-0.00201486 7.61475
-0.00201435 7.61597

-0.00201435 7.61597
-0.00201385 7.61719

-0.00201385 7.61719
-0.00201334 7.61841

-0.00201334 7.61841
-0.00201283 7.61963

-0.00201283 7.61963
-0.00201233 7.62085

-0.00201233 7.62085
-0.00201182 7.62207

-0.00201182 7.62207
-0.00201131 7.62329

-0.00201131 7.62329
-0.00201081 7.62451

-0.00201081 7.62451
-0.0020103 7.62573

-0.0020103 7.62573
-0.0020098 7.62695

-0.0020098 7.62695
-0.00200929 7.62817

-0.00200929 7.62817
-0.00200879 7.62939

-0.00200879 7.62939
-0.00200829 7.63062

-0.00200829 7.63062
-0.00200778 7.63184

-0.00200778 7.63184
-0.00200728 7.63306

-0.00200728 7.63306
-0.00200678 7.63428

-0.00200678 7.63428
-0.00200628 7.6355

-0.00200628 7.6355
-0.00200578 7.63672

-0.00200578 7.63672
-0.00200528 7.63794

-0.00200528 7.63794
-0.00200478 7.63916

-0.00200478 7.63916
-0.00200428 7.64038

-0.00200428 7.64038
-0.00200378 7.6416

-0.00200378 7.6416
-0.00200328 7.64282

-0.00200328 7.64282
-0.00200278 7.64404

-0.00200278 7.64404
-0.00200228 7.64526

-0.00200228 7.64526
-0.00200178 7.64648

-0.00200178 7.64648
-0.00200128 7.64771

-0.00200128 7.64771
-0.00200078 7.64893

-0.00200078 7.64893
-0.00200029 7.65015

-0.00200029 7.65015
-0.00199979 7.65137

-0.00199979 7.65137
-0.00199929 7.65259

-0.00199929 7.65259
-0.0019988 7.65381

-0.0019988 7.65381
-0.0019983 7.65503

-0.0019983 7.65503
-0.00199781 7.65625

-0.00199781 7.65625
-0.00199731 7.65747

-0.00199731 7.65747
-0.00199682 7.65869

-0.00199682 7.65869
-0.00199632 7.65991

-0.00199632 7.65991
-0.00199583 7.66113

-0.00199583 7.66113
-0.00199534 7.66235

-0.00199534 7.66235
-0.00199485 7.66357

-0.00199485 7.66357
-0.00199435 7.66479

-0.00199435 7.66479
-0.00199386 7.66602

-0.00199386 7.66602
-0.00199337 7.66724

-0.00199337 7.66724
-0.00199288 7.66846

-0.00199288 7.66846
-0.00199239 7.66968

-0.00199239 7.66968
-0.0019919 7.6709

-0.0019919 7.6709
-0.00199141 7.67212

-0.00199141 7.67212
-0.00199092 7.67334

-0.00199092 7.67334
-0.00199043 7.67456

-0.00199043 7.67456
-0.00198994 7.67578

-0.00198994 7.67578
-0.00198945 7.677

-0.00198945 7.677
-0.00198896 7.67822

-0.00198896 7.67822
-0.00198847 7.67944

-0.00198847 7.67944
-0.00198799 7.68066

-0.00198799 7.68066
-0.0019875 7.68188

-0.0019875 7.68188
-0.00198701 7.68311

-0.00198701 7.68311
-0.00198653 7.68433

-0.00198653 7.68433
-0.00198604 7.68555

-0.00198604 7.68555
-0.00198555 7.68677

-0.00198555 7.68677
-0.00198507 7.68799

-0.00198507 7.68799
-0.00198458 7.68921

-0.00198458 7.68921
-0.0019841 7.69043

-0.0019841 7.69043
-0.00198362 7.69165

-0.00198362 7.69165
-0.00198313 7.69287

-0.00198313 7.69287
-0.00198265 7.69409

-0.00198265 7.69409
-0.00198217 7.69531

-0.00198217 7.69531
-0.00198168 7.69653

-0.00198168 7.69653
-0.0019812 7.69775

-0.0019812 7.69775
-0.00198072 7.69897

-0.00198072 7.69897
-0.00198024 7.7002

-0.00198024 7.7002
-0.00197976 7.70142

-0.00197976 7.70142
-0.00197928 7.70264

-0.00197928 7.70264
-0.0019788 7.70386

-0.0019788 7.70386
-0.00197832 7.70508

-0.00197832 7.70508
-0.00197784 7.7063

-0.00197784 7.7063
-0.00197736 7.70752

-0.00197736 7.70752
-0.00197688 7.70874

-0.00197688 7.70874
-0.0019764 7.70996

-0.0019764 7.70996
-0.00197592 7.71118

-0.00197592 7.71118
-0.00197544 7.7124

-0.00197544 7.7124
-0.00197497 7.71362

-0.00197497 7.71362
-0.00197449 7.71484

-0.00197449 7.71484
-0.00197401 7.71606

-0.00197401 7.71606
-0.00197354 7.71729

-0.00197354 7.71729
-0.00197306 7.71851

-0.00197306 7.71851
-0.00197259 7.71973

-0.00197259 7.71973
-0.00197211 7.72095

-0.00197211 7.72095
-0.00197164 7.72217

-0.00197164 7.72217
-0.00197116 7.72339

-0.00197116 7.72339
-0.00197069 7.72461

-0.00197069 7.72461
-0.00197021 7.72583

-0.00197021 7.72583
-0.00196974 7.72705

-0.00196974 7.72705
-0.00196927 7.72827

-0.00196927 7.72827
-0.0019688 7.72949

-0.0019688 7.72949
-0.00196832 7.73071

-0.00196832 7.73071
-0.00196785 7.73193

-0.00196785 7.73193
-0.00196738 7.73315

-0.00196738 7.73315
-0.00196691 7.73438

-0.00196691 7.73438
-0.00196644 7.7356

-0.00196644 7.7356
-0.00196597 7.73682

-0.00196597 7.73682
-0.0019655 7.73804

-0.0019655 7.73804
-0.00196503 7.73926

-0.00196503 7.73926
-0.00196456 7.74048

-0.00196456 7.74048
-0.00196409 7.7417

-0.00196409 7.7417
-0.00196362 7.74292

-0.00196362 7.74292
-0.00196315 7.74414

-0.00196315 7.74414
-0.00196269 7.74536

-0.00196269 7.74536
-0.00196222 7.74658

-0.00196222 7.74658
-0.00196175 7.7478

-0.00196175 7.7478
-0.00196129 7.74902

-0.00196129 7.74902
-0.00196082 7.75024

-0.00196082 7.75024
-0.00196035 7.75146

-0.00196035 7.75146
-0.00195989 7.75269

-0.00195989 7.75269
-0.00195942 7.75391

-0.00195942 7.75391
-0.00195896 7.75513

-0.00195896 7.75513
-0.00195849 7.75635

-0.00195849 7.75635
-0.00195803 7.75757

-0.00195803 7.75757
-0.00195757 7.75879

-0.00195757 7.75879
-0.0019571 7.76001

-0.0019571 7.76001
-0.00195664 7.76123

-0.00195664 7.76123
-0.00195618 7.76245

-0.00195618 7.76245
-0.00195571 7.76367

-0.00195571 7.76367
-0.00195525 7.76489

-0.00195525 7.76489
-0.00195479 7.76611

-0.00195479 7.76611
-0.00195433 7.76733

-0.00195433 7.76733
-0.00195387 7.76855

-0.00195387 7.76855
-0.00195341 7.76978

-0.00195341 7.76978
-0.00195295 7.771

-0.00195295 7.771
-0.00195249 7.77222

-0.00195249 7.77222
-0.00195203 7.77344

-0.00195203 7.77344
-0.00195157 7.77466

-0.00195157 7.77466
-0.00195111 7.77588

-0.00195111 7.77588
-0.00195065 7.7771

-0.00195065 7.7771
-0.0019502 7.77832

-0.0019502 7.77832
-0.00194974 7.77954

-0.00194974 7.77954
-0.00194928 7.78076

-0.00194928 7.78076
-0.00194882 7.78198

-0.00194882 7.78198
-0.00194837 7.7832

-0.00194837 7.7832
-0.00194791 7.78442

-0.00194791 7.78442
-0.00194746 7.78564

-0.00194746 7.78564
-0.001947 7.78687

-0.001947 7.78687
-0.00194654 7.78809

-0.00194654 7.78809
-0.00194609 7.78931

-0.00194609 7.78931
-0.00194564 7.79053

-0.00194564 7.79053
-0.00194518 7.79175

-0.00194518 7.79175
-0.00194473 7.79297

-0.00194473 7.79297
-0.00194428 7.79419

-0.00194428 7.79419
-0.00194382 7.79541

-0.00194382 7.79541
-0.00194337 7.79663

-0.00194337 7.79663
-0.00194292 7.79785

-0.00194292 7.79785
-0.00194247 7.79907

-0.00194247 7.79907
-0.00194201 7.80029

-0.00194201 7.80029
-0.00194156 7.80151

-0.00194156 7.80151
-0.00194111 7.80273

-0.00194111 7.80273
-0.00194066 7.80396

-0.00194066 7.80396
-0.00194021 7.80518

-0.00194021 7.80518
-0.00193976 7.8064

-0.00193976 7.8064
-0.00193931 7.80762

-0.00193931 7.80762
-0.00193886 7.80884

-0.00193886 7.80884
-0.00193842 7.81006

-0.00193842 7.81006
-0.00193797 7.81128

-0.00193797 7.81128
-0.00193752 7.8125

-0.00193752 7.8125
-0.00193707 7.81372

-0.00193707 7.81372
-0.00193663 7.81494

-0.00193663 7.81494
-0.00193618 7.81616

-0.00193618 7.81616
-0.00193573 7.81738

-0.00193573 7.81738
-0.00193529 7.8186

-0.00193529 7.8186
-0.00193484 7.81982

-0.00193484 7.81982
-0.0019344 7.82104

-0.0019344 7.82104
-0.00193395 7.82227

-0.00193395 7.82227
-0.00193351 7.82349

-0.00193351 7.82349
-0.00193306 7.82471

-0.00193306 7.82471
-0.00193262 7.82593

-0.00193262 7.82593
-0.00193217 7.82715

-0.00193217 7.82715
-0.00193173 7.82837

-0.00193173 7.82837
-0.00193129 7.82959

-0.00193129 7.82959
-0.00193085 7.83081

-0.00193085 7.83081
-0.0019304 7.83203

-0.0019304 7.83203
-0.00192996 7.83325

-0.00192996 7.83325
-0.00192952 7.83447

-0.00192952 7.83447
-0.00192908 7.83569

-0.00192908 7.83569
-0.00192864 7.83691

-0.00192864 7.83691
-0.0019282 7.83813

-0.0019282 7.83813
-0.00192776 7.83936

-0.00192776 7.83936
-0.00192732 7.84058

-0.00192732 7.84058
-0.00192688 7.8418

-0.00192688 7.8418
-0.00192644 7.84302

-0.00192644 7.84302
-0.001926 7.84424

-0.001926 7.84424
-0.00192556 7.84546

-0.00192556 7.84546
-0.00192513 7.84668

-0.00192513 7.84668
-0.00192469 7.8479

-0.00192469 7.8479
-0.00192425 7.84912

-0.00192425 7.84912
-0.00192381 7.85034

-0.00192381 7.85034
-0.00192338 7.85156

-0.00192338 7.85156
-0.00192294 7.85278

-0.00192294 7.85278
-0.00192251 7.854

-0.00192251 7.854
-0.00192207 7.85522

-0.00192207 7.85522
-0.00192164 7.85645

-0.00192164 7.85645
-0.0019212 7.85767

-0.0019212 7.85767
-0.00192077 7.85889

-0.00192077 7.85889
-0.00192033 7.86011

-0.00192033 7.86011
-0.0019199 7.86133

-0.0019199 7.86133
-0.00191947 7.86255

-0.00191947 7.86255
-0.00191903 7.86377

-0.00191903 7.86377
-0.0019186 7.86499

-0.0019186 7.86499
-0.00191817 7.86621

-0.00191817 7.86621
-0.00191774 7.86743

-0.00191774 7.86743
-0.00191731 7.86865

-0.00191731 7.86865
-0.00191687 7.86987

-0.00191687 7.86987
-0.00191644 7.87109

-0.00191644 7.87109
-0.00191601 7.87231

-0.00191601 7.87231
-0.00191558 7.87354

-0.00191558 7.87354
-0.00191515 7.87476

-0.00191515 7.87476
-0.00191472 7.87598

-0.00191472 7.87598
-0.00191429 7.8772

-0.00191429 7.8772
-0.00191387 7.87842

-0.00191387 7.87842
-0.00191344 7.87964

-0.00191344 7.87964
-0.00191301 7.88086

-0.00191301 7.88086
-0.00191258 7.88208

-0.00191258 7.88208
-0.00191215 7.8833

-0.00191215 7.8833
-0.00191173 7.88452

-0.00191173 7.88452
-0.0019113 7.88574

-0.0019113 7.88574
-0.00191087 7.88696

-0.00191087 7.88696
-0.00191045 7.88818

-0.00191045 7.88818
-0.00191002 7.8894

-0.00191002 7.8894
-0.0019096 7.89062

-0.0019096 7.89062
-0.00190917 7.89185

-0.00190917 7.89185
-0.00190875 7.89307

-0.00190875 7.89307
-0.00190832 7.89429

-0.00190832 7.89429
-0.0019079 7.89551

-0.0019079 7.89551
-0.00190748 7.89673

-0.00190748 7.89673
-0.00190705 7.89795

-0.00190705 7.89795
-0.00190663 7.89917

-0.00190663 7.89917
-0.00190621 7.90039

-0.00190621 7.90039
-0.00190579 7.90161

-0.00190579 7.90161
-0.00190537 7.90283

-0.00190537 7.90283
-0.00190494 7.90405

-0.00190494 7.90405
-0.00190452 7.90527

-0.00190452 7.90527
-0.0019041 7.90649

-0.0019041 7.90649
-0.00190368 7.90771

-0.00190368 7.90771
-0.00190326 7.90894

-0.00190326 7.90894
-0.00190284 7.91016

-0.00190284 7.91016
-0.00190242 7.91138

-0.00190242 7.91138
-0.001902 7.9126

-0.001902 7.9126
-0.00190159 7.91382

-0.00190159 7.91382
-0.00190117 7.91504

-0.00190117 7.91504
-0.00190075 7.91626

-0.00190075 7.91626
-0.00190033 7.91748

-0.00190033 7.91748
-0.00189991 7.9187

-0.00189991 7.9187
-0.0018995 7.91992

-0.0018995 7.91992
-0.00189908 7.92114

-0.00189908 7.92114
-0.00189866 7.92236

-0.00189866 7.92236
-0.00189825 7.92358

-0.00189825 7.92358
-0.00189783 7.9248

-0.00189783 7.9248
-0.00189742 7.92603

-0.00189742 7.92603
-0.001897 7.92725

-0.001897 7.92725
-0.00189659 7.92847

-0.00189659 7.92847
-0.00189617 7.92969

-0.00189617 7.92969
-0.00189576 7.93091

-0.00189576 7.93091
-0.00189535 7.93213

-0.00189535 7.93213
-0.00189493 7.93335

-0.00189493 7.93335
-0.00189452 7.93457

-0.00189452 7.93457
-0.00189411 7.93579

-0.00189411 7.93579
-0.0018937 7.93701

-0.0018937 7.93701
-0.00189328 7.93823

-0.00189328 7.93823
-0.00189287 7.93945

-0.00189287 7.93945
-0.00189246 7.94067

-0.00189246 7.94067
-0.00189205 7.94189

-0.00189205 7.94189
-0.00189164 7.94312

-0.00189164 7.94312
-0.00189123 7.94434

-0.00189123 7.94434
-0.00189082 7.94556

-0.00189082 7.94556
-0.00189041 7.94678

-0.00189041 7.94678
-0.00189 7.948

-0.00189 7.948
-0.00188959 7.94922

-0.00188959 7.94922
-0.00188919 7.95044

-0.00188919 7.95044
-0.00188878 7.95166

-0.00188878 7.95166
-0.00188837 7.95288

-0.00188837 7.95288
-0.00188796 7.9541

-0.00188796 7.9541
-0.00188755 7.95532

-0.00188755 7.95532
-0.00188715 7.95654

-0.00188715 7.95654
-0.00188674 7.95776

-0.00188674 7.95776
-0.00188634 7.95898

-0.00188634 7.95898
-0.00188593 7.96021

-0.00188593 7.96021
-0.00188552 7.96143

-0.00188552 7.96143
-0.00188512 7.96265

-0.00188512 7.96265
-0.00188471 7.96387

-0.00188471 7.96387
-0.00188431 7.96509

-0.00188431 7.96509
-0.00188391 7.96631

-0.00188391 7.96631
-0.0018835 7.96753

-0.0018835 7.96753
-0.0018831 7.96875

-0.0018831 7.96875
-0.0018827 7.96997

-0.0018827 7.96997
-0.00188229 7.97119

-0.00188229 7.97119
-0.00188189 7.97241

-0.00188189 7.97241
-0.00188149 7.97363

-0.00188149 7.97363
-0.00188109 7.97485

-0.00188109 7.97485
-0.00188069 7.97607

-0.00188069 7.97607
-0.00188029 7.97729

-0.00188029 7.97729
-0.00187988 7.97852

-0.00187988 7.97852
-0.00187948 7.97974

-0.00187948 7.97974
-0.00187908 7.98096

-0.00187908 7.98096
-0.00187868 7.98218

-0.00187868 7.98218
-0.00187829 7.9834

-0.00187829 7.9834
-0.00187789 7.98462

-0.00187789 7.98462
-0.00187749 7.98584

-0.00187749 7.98584
-0.00187709 7.98706

-0.00187709 7.98706
-0.00187669 7.98828

-0.00187669 7.98828
-0.00187629 7.9895

-0.00187629 7.9895
-0.0018759 7.99072

-0.0018759 7.99072
-0.0018755 7.99194

-0.0018755 7.99194
-0.0018751 7.99316

-0.0018751 7.99316
-0.00187471 7.99438

-0.00187471 7.99438
-0.00187431 7.99561

-0.00187431 7.99561
-0.00187391 7.99683

-0.00187391 7.99683
-0.00187352 7.99805

-0.00187352 7.99805
-0.00187312 7.99927

-0.00187312 7.99927
-0.00187273 8.00049

-0.00187273 8.00049
-0.00187234 8.00171

-0.00187234 8.00171
-0.00187194 8.00293

-0.00187194 8.00293
-0.00187155 8.00415

-0.00187155 8.00415
-0.00187115 8.00537

-0.00187115 8.00537
-0.00187076 8.00659

-0.00187076 8.00659
-0.00187037 8.00781

-0.00187037 8.00781
-0.00186998 8.00903

-0.00186998 8.00903
-0.00186958 8.01025

-0.00186958 8.01025
-0.00186919 8.01147

-0.00186919 8.01147
-0.0018688 8.0127

-0.0018688 8.0127
-0.00186841 8.01392

-0.00186841 8.01392
-0.00186802 8.01514

-0.00186802 8.01514
-0.00186763 8.01636

-0.00186763 8.01636
-0.00186724 8.01758

-0.00186724 8.01758
-0.00186685 8.0188

-0.00186685 8.0188
-0.00186646 8.02002

-0.00186646 8.02002
-0.00186607 8.02124

-0.00186607 8.02124
-0.00186568 8.02246

-0.00186568 8.02246
-0.00186529 8.02368

-0.00186529 8.02368
-0.00186491 8.0249

-0.00186491 8.0249
-0.00186452 8.02612

-0.00186452 8.02612
-0.00186413 8.02734

-0.00186413 8.02734
-0.00186374 8.02856

-0.00186374 8.02856
-0.00186336 8.02979

-0.00186336 8.02979
-0.00186297 8.03101

-0.00186297 8.03101
-0.00186258 8.03223

-0.00186258 8.03223
-0.0018622 8.03345

-0.0018622 8.03345
-0.00186181 8.03467

-0.00186181 8.03467
-0.00186143 8.03589

-0.00186143 8.03589
-0.00186104 8.03711

-0.00186104 8.03711
-0.00186066 8.03833

-0.00186066 8.03833
-0.00186028 8.03955

-0.00186028 8.03955
-0.00185989 8.04077

-0.00185989 8.04077
-0.00185951 8.04199

-0.00185951 8.04199
-0.00185912 8.04321

-0.00185912 8.04321
-0.00185874 8.04443

-0.00185874 8.04443
-0.00185836 8.04565

-0.00185836 8.04565
-0.00185798 8.04688

-0.00185798 8.04688
-0.0018576 8.0481

-0.0018576 8.0481
-0.00185721 8.04932

-0.00185721 8.04932
-0.00185683 8.05054

-0.00185683 8.05054
-0.00185645 8.05176

-0.00185645 8.05176
-0.00185607 8.05298

-0.00185607 8.05298
-0.00185569 8.0542

-0.00185569 8.0542
-0.00185531 8.05542

-0.00185531 8.05542
-0.00185493 8.05664

-0.00185493 8.05664
-0.00185455 8.05786

-0.00185455 8.05786
-0.00185417 8.05908

-0.00185417 8.05908
-0.0018538 8.0603

-0.0018538 8.0603
-0.00185342 8.06152

-0.00185342 8.06152
-0.00185304 8.06274

-0.00185304 8.06274
-0.00185266 8.06396

-0.00185266 8.06396
-0.00185228 8.06519

-0.00185228 8.06519
-0.00185191 8.06641

-0.00185191 8.06641
-0.00185153 8.06763

-0.00185153 8.06763
-0.00185115 8.06885

-0.00185115 8.06885
-0.00185078 8.07007

-0.00185078 8.07007
-0.0018504 8.07129

-0.0018504 8.07129
-0.00185003 8.07251

-0.00185003 8.07251
-0.00184965 8.07373

-0.00184965 8.07373
-0.00184928 8.07495

-0.00184928 8.07495
-0.0018489 8.07617

-0.0018489 8.07617
-0.00184853 8.07739

-0.00184853 8.07739
-0.00184816 8.07861

-0.00184816 8.07861
-0.00184778 8.07983

-0.00184778 8.07983
-0.00184741 8.08105

-0.00184741 8.08105
-0.00184704 8.08228

-0.00184704 8.08228
-0.00184666 8.0835

-0.00184666 8.0835
-0.00184629 8.08472

-0.00184629 8.08472
-0.00184592 8.08594

-0.00184592 8.08594
-0.00184555 8.08716

-0.00184555 8.08716
-0.00184518 8.08838

-0.00184518 8.08838
-0.00184481 8.0896

-0.00184481 8.0896
-0.00184444 8.09082

-0.00184444 8.09082
-0.00184407 8.09204

-0.00184407 8.09204
-0.0018437 8.09326

-0.0018437 8.09326
-0.00184333 8.09448

-0.00184333 8.09448
-0.00184296 8.0957

-0.00184296 8.0957
-0.00184259 8.09692

-0.00184259 8.09692
-0.00184222 8.09814

-0.00184222 8.09814
-0.00184185 8.09937

-0.00184185 8.09937
-0.00184148 8.10059

-0.00184148 8.10059
-0.00184112 8.10181

-0.00184112 8.10181
-0.00184075 8.10303

-0.00184075 8.10303
-0.00184038 8.10425

-0.00184038 8.10425
-0.00184001 8.10547

-0.00184001 8.10547
-0.00183965 8.10669

-0.00183965 8.10669
-0.00183928 8.10791

-0.00183928 8.10791
-0.00183892 8.10913

-0.00183892 8.10913
-0.00183855 8.11035

-0.00183855 8.11035
-0.00183819 8.11157

-0.00183819 8.11157
-0.00183782 8.11279

-0.00183782 8.11279
-0.00183746 8.11401

-0.00183746 8.11401
-0.00183709 8.11523

-0.00183709 8.11523
-0.00183673 8.11646

-0.00183673 8.11646
-0.00183636 8.11768

-0.00183636 8.11768
-0.001836 8.1189

-0.001836 8.1189
-0.00183564 8.12012

-0.00183564 8.12012
-0.00183528 8.12134

-0.00183528 8.12134
-0.00183491 8.12256

-0.00183491 8.12256
-0.00183455 8.12378

-0.00183455 8.12378
-0.00183419 8.125

-0.00183419 8.125
-0.00183383 8.12622

-0.00183383 8.12622
-0.00183347 8.12744

-0.00183347 8.12744
-0.00183311 8.12866

-0.00183311 8.12866
-0.00183275 8.12988

-0.00183275 8.12988
-0.00183239 8.1311

-0.00183239 8.1311
-0.00183203 8.13232

-0.00183203 8.13232
-0.00183167 8.13354

-0.00183167 8.13354
-0.00183131 8.13477

-0.00183131 8.13477
-0.00183095 8.13599

-0.00183095 8.13599
-0.00183059 8.13721

-0.00183059 8.13721
-0.00183023 8.13843

-0.00183023 8.13843
-0.00182987 8.13965

-0.00182987 8.13965
-0.00182952 8.14087

-0.00177598 8.14087
-0.0018827 8.14209

-0.00182916 8.14209
-0.00182845 8.14453

-0.001882 8.14453
-0.00177453 8.14575

-0.00177447 8.14575
-0.00188136 8.14697

-0.00182773 8.14697
-0.00182702 8.14941

-0.00182702 8.14941
-0.00182631 8.15186

-0.00182631 8.15186
-0.0018256 8.1543

-0.0018256 8.1543
-0.0018249 8.15674

-0.0018249 8.15674
-0.00182419 8.15918

-0.00182419 8.15918
-0.00182349 8.16162

-0.00182349 8.16162
-0.00182278 8.16406

-0.00187669 8.16406
-0.00176852 8.16528

-0.00182243 8.16528
-0.00182208 8.1665

-0.00182208 8.1665
-0.00182173 8.16772

-0.00182173 8.16772
-0.00182138 8.16895

-0.00182138 8.16895
-0.00182103 8.17017

-0.00182103 8.17017
-0.00182068 8.17139

-0.00182068 8.17139
-0.00182033 8.17261

-0.00182033 8.17261
-0.00181998 8.17383

-0.00181998 8.17383
-0.00181963 8.17505

-0.00181963 8.17505
-0.00181928 8.17627

-0.00181928 8.17627
-0.00181893 8.17749

-0.00181893 8.17749
-0.00181859 8.17871

-0.00181859 8.17871
-0.00181824 8.17993

-0.00181824 8.17993
-0.00181789 8.18115

-0.00181789 8.18115
-0.00181754 8.18237

-0.00181754 8.18237
-0.0018172 8.18359

-0.0018172 8.18359
-0.00181685 8.18481

-0.00181685 8.18481
-0.00181651 8.18604

-0.00181651 8.18604
-0.00181616 8.18726

-0.00181616 8.18726
-0.00181581 8.18848

-0.00181581 8.18848
-0.00181547 8.1897

-0.00181547 8.1897
-0.00181512 8.19092

-0.00181512 8.19092
-0.00181478 8.19214

-0.00181478 8.19214
-0.00181443 8.19336

-0.00181443 8.19336
-0.00181409 8.19458

-0.00181409 8.19458
-0.00181375 8.1958

-0.00181375 8.1958
-0.0018134 8.19702

-0.0018134 8.19702
-0.00181306 8.19824

-0.00181306 8.19824
-0.00181272 8.19946

-0.00181272 8.19946
-0.00181238 8.20068

-0.00181238 8.20068
-0.00181203 8.2019

-0.00181203 8.2019
-0.00181169 8.20312

-0.00181169 8.20312
-0.00181135 8.20435

-0.00181135 8.20435
-0.00181101 8.20557

-0.00181101 8.20557
-0.00181067 8.20679

-0.00181067 8.20679
-0.00181033 8.20801

-0.00181033 8.20801
-0.00180999 8.20923

-0.00180999 8.20923
-0.00180965 8.21045

-0.00180965 8.21045
-0.00180931 8.21167

-0.00180931 8.21167
-0.00180897 8.21289

-0.00180897 8.21289
-0.00180863 8.21411

-0.00180863 8.21411
-0.00180829 8.21533

-0.00180829 8.21533
-0.00180795 8.21655

-0.00180795 8.21655
-0.00180761 8.21777

-0.00180761 8.21777
-0.00180727 8.21899

-0.00180727 8.21899
-0.00180694 8.22021

-0.00180694 8.22021
-0.0018066 8.22144

-0.0018066 8.22144
-0.00180626 8.22266

-0.00180626 8.22266
-0.00180593 8.22388

-0.00180593 8.22388
-0.00180559 8.2251

-0.00180559 8.2251
-0.00180525 8.22632

-0.00180525 8.22632
-0.00180492 8.22754

-0.00180492 8.22754
-0.00180458 8.22876

-0.00180458 8.22876
-0.00180425 8.22998

-0.00180425 8.22998
-0.00180391 8.2312

-0.00180391 8.2312
-0.00180358 8.23242

-0.00180358 8.23242
-0.00180324 8.23364

-0.00180324 8.23364
-0.00180291 8.23486

-0.00180291 8.23486
-0.00180258 8.23608

-0.00180258 8.23608
-0.00180224 8.2373

-0.00180224 8.2373
-0.00180191 8.23853

-0.00180191 8.23853
-0.00180158 8.23975

-0.00180158 8.23975
-0.00180124 8.24097

-0.00180124 8.24097
-0.00180091 8.24219

-0.00180091 8.24219
-0.00180058 8.24341

-0.00180058 8.24341
-0.00180025 8.24463

-0.00180025 8.24463
-0.00179992 8.24585

-0.00179992 8.24585
-0.00179959 8.24707

-0.00179959 8.24707
-0.00179925 8.24829

-0.00179925 8.24829
-0.00179892 8.24951

-0.00179892 8.24951
-0.00179859 8.25073

-0.00179859 8.25073
-0.00179826 8.25195

-0.00179826 8.25195
-0.00179793 8.25317

-0.00179793 8.25317
-0.00179761 8.25439

-0.00179761 8.25439
-0.00179728 8.25562

-0.00179728 8.25562
-0.00179695 8.25684

-0.00179695 8.25684
-0.00179662 8.25806

-0.00179662 8.25806
-0.00179629 8.25928

-0.00179629 8.25928
-0.00179596 8.2605

-0.00179596 8.2605
-0.00179564 8.26172

-0.00179564 8.26172
-0.00179531 8.26294

-0.00179531 8.26294
-0.00179498 8.26416

-0.00179498 8.26416
-0.00179466 8.26538

-0.00179466 8.26538
-0.00179433 8.2666

-0.00179433 8.2666
-0.001794 8.26782

-0.001794 8.26782
-0.00179368 8.26904

-0.00179368 8.26904
-0.00179335 8.27026

-0.00179335 8.27026
-0.00179303 8.27148

-0.00179303 8.27148
-0.0017927 8.27271

-0.0017927 8.27271
-0.00179238 8.27393

-0.00179238 8.27393
-0.00179205 8.27515

-0.00179205 8.27515
-0.00179173 8.27637

-0.00179173 8.27637
-0.00179141 8.27759

-0.00179141 8.27759
-0.00179108 8.27881

-0.00179108 8.27881
-0.00179076 8.28003

-0.00179076 8.28003
-0.00179044 8.28125

-0.00179044 8.28125
-0.00179012 8.28247

-0.00179012 8.28247
-0.00178979 8.28369

-0.00178979 8.28369
-0.00178947 8.28491

-0.00178947 8.28491
-0.00178915 8.28613

-0.00178915 8.28613
-0.00178883 8.28735

-0.00178883 8.28735
-0.00178851 8.28857

-0.00178851 8.28857
-0.00178819 8.28979

-0.00178819 8.28979
-0.00178787 8.29102

-0.00178787 8.29102
-0.00178755 8.29224

-0.00178755 8.29224
-0.00178723 8.29346

-0.00178723 8.29346
-0.00178691 8.29468

-0.00178691 8.29468
-0.00178659 8.2959

-0.00178659 8.2959
-0.00178627 8.29712

-0.00178627 8.29712
-0.00178595 8.29834

-0.00178595 8.29834
-0.00178563 8.29956

-0.00178563 8.29956
-0.00178531 8.30078

-0.00178531 8.30078
-0.001785 8.302

-0.001785 8.302
-0.00178468 8.30322

-0.00178468 8.30322
-0.00178436 8.30444

-0.00178436 8.30444
-0.00178405 8.30566

-0.00178405 8.30566
-0.00178373 8.30688

-0.00178373 8.30688
-0.00178341 8.30811

-0.00178341 8.30811
-0.0017831 8.30933

-0.0017831 8.30933
-0.00178278 8.31055

-0.00178278 8.31055
-0.00178247 8.31177

-0.00178247 8.31177
-0.00178215 8.31299

-0.00178215 8.31299
-0.00178184 8.31421

-0.00178184 8.31421
-0.00178152 8.31543

-0.00178152 8.31543
-0.00178121 8.31665

-0.00178121 8.31665
-0.00178089 8.31787

-0.00178089 8.31787
-0.00178058 8.31909

-0.00178058 8.31909
-0.00178027 8.32031

-0.00178027 8.32031
-0.00177995 8.32153

-0.00177995 8.32153
-0.00177964 8.32275

-0.00177964 8.32275
-0.00177933 8.32397

-0.00177933 8.32397
-0.00177902 8.3252

-0.00177902 8.3252
-0.0017787 8.32642

-0.0017787 8.32642
-0.00177839 8.32764

-0.00177839 8.32764
-0.00177808 8.32886

-0.00177808 8.32886
-0.00177777 8.33008

-0.00177777 8.33008
-0.00177746 8.3313

-0.00177746 8.3313
-0.00177715 8.33252

-0.00177715 8.33252
-0.00177684 8.33374

-0.00177684 8.33374
-0.00177653 8.33496

-0.00177653 8.33496
-0.00177622 8.33618

-0.00177622 8.33618
-0.00177591 8.3374

-0.00177591 8.3374
-0.0017756 8.33862

-0.0017756 8.33862
-0.00177529 8.33984

-0.00177529 8.33984
-0.00177498 8.34106

-0.00177498 8.34106
-0.00177468 8.34229

-0.00177468 8.34229
-0.00177437 8.34351

-0.00177437 8.34351
-0.00177406 8.34473

-0.00177406 8.34473
-0.00177375 8.34595

-0.00177375 8.34595
-0.00177345 8.34717

-0.00177345 8.34717
-0.00177314 8.34839

-0.00177314 8.34839
-0.00177283 8.34961

-0.00177283 8.34961
-0.00177253 8.35083

-0.00177253 8.35083
-0.00177222 8.35205

-0.00177222 8.35205
-0.00177192 8.35327

-0.00177192 8.35327
-0.00177161 8.35449

-0.00177161 8.35449
-0.00177131 8.35571

-0.00177131 8.35571
-0.001771 8.35693

-0.001771 8.35693
-0.0017707 8.35815

-0.0017707 8.35815
-0.00177039 8.35938

-0.00177039 8.35938
-0.00177009 8.3606

-0.00177009 8.3606
-0.00176979 8.36182

-0.00176979 8.36182
-0.00176948 8.36304

-0.00176948 8.36304
-0.00176918 8.36426

-0.00176918 8.36426
-0.00176888 8.36548

-0.00176888 8.36548
-0.00176858 8.3667

-0.00176858 8.3667
-0.00176827 8.36792

-0.00176827 8.36792
-0.00176797 8.36914

-0.00176797 8.36914
-0.00176767 8.37036

-0.00176767 8.37036
-0.00176737 8.37158

-0.00176737 8.37158
-0.00176707 8.3728

-0.00176707 8.3728
-0.00176677 8.37402

-0.00176677 8.37402
-0.00176647 8.37524

-0.00176647 8.37524
-0.00176617 8.37646

-0.00176617 8.37646
-0.00176587 8.37769

-0.00176587 8.37769
-0.00176557 8.37891

-0.00176557 8.37891
-0.00176527 8.38013

-0.00176527 8.38013
-0.00176497 8.38135

-0.00176497 8.38135
-0.00176467 8.38257

-0.00176467 8.38257
-0.00176437 8.38379

-0.00176437 8.38379
-0.00176408 8.38501

-0.00176408 8.38501
-0.00176378 8.38623

-0.00176378 8.38623
-0.00176348 8.38745

-0.00176348 8.38745
-0.00176318 8.38867

-0.00176318 8.38867
-0.00176289 8.38989

-0.00176289 8.38989
-0.00176259 8.39111

-0.00176259 8.39111
-0.00176229 8.39233

-0.00176229 8.39233
-0.001762 8.39355

-0.001762 8.39355
-0.0017617 8.39478

-0.0017617 8.39478
-0.00176141 8.396

-0.00176141 8.396
-0.00176111 8.39722

-0.00176111 8.39722
-0.00176082 8.39844

-0.00176082 8.39844
-0.00176052 8.39966

-0.00176052 8.39966
-0.00176023 8.40088

-0.00176023 8.40088
-0.00175993 8.4021

-0.00175993 8.4021
-0.00175964 8.40332

-0.00175964 8.40332
-0.00175935 8.40454

-0.00175935 8.40454
-0.00175905 8.40576

-0.00175905 8.40576
-0.00175876 8.40698

-0.00175876 8.40698
-0.00175847 8.4082

-0.00175847 8.4082
-0.00175817 8.40942

-0.00175817 8.40942
-0.00175788 8.41064

-0.00175788 8.41064
-0.00175759 8.41187

-0.00175759 8.41187
-0.0017573 8.41309

-0.0017573 8.41309
-0.00175701 8.41431

-0.00175701 8.41431
-0.00175672 8.41553

-0.00175672 8.41553
-0.00175643 8.41675

-0.00175643 8.41675
-0.00175614 8.41797

-0.00175614 8.41797
-0.00175585 8.41919

-0.00175585 8.41919
-0.00175556 8.42041

-0.00175556 8.42041
-0.00175527 8.42163

-0.00175527 8.42163
-0.00175498 8.42285

-0.00175498 8.42285
-0.00175469 8.42407

-0.00175469 8.42407
-0.0017544 8.42529

-0.0017544 8.42529
-0.00175411 8.42651

-0.00175411 8.42651
-0.00175382 8.42773

-0.00175382 8.42773
-0.00175354 8.42896

-0.00175354 8.42896
-0.00175325 8.43018

-0.00175325 8.43018
-0.00175296 8.4314

-0.00175296 8.4314
-0.00175267 8.43262

-0.00175267 8.43262
-0.00175239 8.43384

-0.00175239 8.43384
-0.0017521 8.43506

-0.0017521 8.43506
-0.00175181 8.43628

-0.00175181 8.43628
-0.00175153 8.4375

-0.00175153 8.4375
-0.00175124 8.43872

-0.00175124 8.43872
-0.00175096 8.43994

-0.00175096 8.43994
-0.00175067 8.44116

-0.00175067 8.44116
-0.00175039 8.44238

-0.00175039 8.44238
-0.0017501 8.4436

-0.0017501 8.4436
-0.00174982 8.44482

-0.00174982 8.44482
-0.00174953 8.44604

-0.00174953 8.44604
-0.00174925 8.44727

-0.00174925 8.44727
-0.00174897 8.44849

-0.00174897 8.44849
-0.00174868 8.44971

-0.00174868 8.44971
-0.0017484 8.45093

-0.0017484 8.45093
-0.00174812 8.45215

-0.00174812 8.45215
-0.00174784 8.45337

-0.00174784 8.45337
-0.00174755 8.45459

-0.00174755 8.45459
-0.00174727 8.45581

-0.00174727 8.45581
-0.00174699 8.45703

-0.00174699 8.45703
-0.00174671 8.45825

-0.00174671 8.45825
-0.00174643 8.45947

-0.00174643 8.45947
-0.00174615 8.46069

-0.00174615 8.46069
-0.00174587 8.46191

-0.00174587 8.46191
-0.00174559 8.46313

-0.00174559 8.46313
-0.00174531 8.46436

-0.00174531 8.46436
-0.00174503 8.46558

-0.00174503 8.46558
-0.00174475 8.4668

-0.00174475 8.4668
-0.00174447 8.46802

-0.00174447 8.46802
-0.00174419 8.46924

-0.00174419 8.46924
-0.00174391 8.47046

-0.00174391 8.47046
-0.00174363 8.47168

-0.00174363 8.47168
-0.00174336 8.4729

-0.00174336 8.4729
-0.00174308 8.47412

-0.00174308 8.47412
-0.0017428 8.47534

-0.0017428 8.47534
-0.00174252 8.47656

-0.00174252 8.47656
-0.00174225 8.47778

-0.00174225 8.47778
-0.00174197 8.479

-0.00174197 8.479
-0.00174169 8.48022

-0.00174169 8.48022
-0.00174142 8.48145

-0.00174142 8.48145
-0.00174114 8.48267

-0.00174114 8.48267
-0.00174087 8.48389

-0.00174087 8.48389
-0.00174059 8.48511

-0.00174059 8.48511
-0.00174032 8.48633

-0.00174032 8.48633
-0.00174004 8.48755

-0.00174004 8.48755
-0.00173977 8.48877

-0.00173977 8.48877
-0.00173949 8.48999

-0.00173949 8.48999
-0.00173922 8.49121

-0.00173922 8.49121
-0.00173895 8.49243

-0.00173895 8.49243
-0.00173867 8.49365

-0.00173867 8.49365
-0.0017384 8.49487

-0.0017384 8.49487
-0.00173813 8.49609

-0.00173813 8.49609
-0.00173785 8.49731

-0.00173785 8.49731
-0.00173758 8.49854

-0.00173758 8.49854
-0.00173731 8.49976

-0.00173731 8.49976
-0.00173704 8.50098

-0.00173704 8.50098
-0.00173677 8.5022

-0.00173677 8.5022
-0.00173649 8.50342

-0.00173649 8.50342
-0.00173622 8.50464

-0.00173622 8.50464
-0.00173595 8.50586

-0.00173595 8.50586
-0.00173568 8.50708

-0.00173568 8.50708
-0.00173541 8.5083

-0.00173541 8.5083
-0.00173514 8.50952

-0.00173514 8.50952
-0.00173487 8.51074

-0.00173487 8.51074
-0.0017346 8.51196

-0.0017346 8.51196
-0.00173433 8.51318

-0.00173433 8.51318
-0.00173407 8.5144

-0.00173407 8.5144
-0.0017338 8.51562

-0.0017338 8.51562
-0.00173353 8.51685

-0.00173353 8.51685
-0.00173326 8.51807

-0.00173326 8.51807
-0.00173299 8.51929

-0.00173299 8.51929
-0.00173273 8.52051

-0.00173273 8.52051
-0.00173246 8.52173

-0.00173246 8.52173
-0.00173219 8.52295

-0.00173219 8.52295
-0.00173193 8.52417

-0.00173193 8.52417
-0.00173166 8.52539

-0.00173166 8.52539
-0.00173139 8.52661

-0.00173139 8.52661
-0.00173113 8.52783

-0.00173113 8.52783
-0.00173086 8.52905

-0.00173086 8.52905
-0.0017306 8.53027

-0.0017306 8.53027
-0.00173033 8.53149

-0.00173033 8.53149
-0.00173007 8.53271

-0.00173007 8.53271
-0.0017298 8.53394

-0.0017298 8.53394
-0.00172954 8.53516

-0.00172954 8.53516
-0.00172927 8.53638

-0.00172927 8.53638
-0.00172901 8.5376

-0.00172901 8.5376
-0.00172875 8.53882

-0.00172875 8.53882
-0.00172848 8.54004

-0.00172848 8.54004
-0.00172822 8.54126

-0.00172822 8.54126
-0.00172796 8.54248

-0.00172796 8.54248
-0.0017277 8.5437

-0.0017277 8.5437
-0.00172743 8.54492

-0.00172743 8.54492
-0.00172717 8.54614

-0.00172717 8.54614
-0.00172691 8.54736

-0.00172691 8.54736
-0.00172665 8.54858

-0.00172665 8.54858
-0.00172639 8.5498

-0.00172639 8.5498
-0.00172613 8.55103

-0.00172613 8.55103
-0.00172587 8.55225

-0.00172587 8.55225
-0.00172561 8.55347

-0.00172561 8.55347
-0.00172535 8.55469

-0.00172535 8.55469
-0.00172509 8.55591

-0.00172509 8.55591
-0.00172483 8.55713

-0.00172483 8.55713
-0.00172457 8.55835

-0.00172457 8.55835
-0.00172431 8.55957

-0.00172431 8.55957
-0.00172405 8.56079

-0.00172405 8.56079
-0.00172379 8.56201

-0.00172379 8.56201
-0.00172353 8.56323

-0.00172353 8.56323
-0.00172328 8.56445

-0.00172328 8.56445
-0.00172302 8.56567

-0.00172302 8.56567
-0.00172276 8.56689

-0.00172276 8.56689
-0.0017225 8.56812

-0.0017225 8.56812
-0.00172225 8.56934

-0.00172225 8.56934
-0.00172199 8.57056

-0.00172199 8.57056
-0.00172173 8.57178

-0.00172173 8.57178
-0.00172148 8.573

-0.00172148 8.573
-0.00172122 8.57422

-0.00172122 8.57422
-0.00172097 8.57544

-0.00172097 8.57544
-0.00172071 8.57666

-0.00172071 8.57666
-0.00172046 8.57788

-0.00172046 8.57788
-0.0017202 8.5791

-0.0017202 8.5791
-0.00171995 8.58032

-0.00171995 8.58032
-0.00171969 8.58154

-0.00171969 8.58154
-0.00171944 8.58276

-0.00171944 8.58276
-0.00171919 8.58398

-0.00171919 8.58398
-0.00171893 8.58521

-0.00171893 8.58521
-0.00171868 8.58643

-0.00171868 8.58643
-0.00171843 8.58765

-0.00171843 8.58765
-0.00171817 8.58887

-0.00171817 8.58887
-0.00171792 8.59009

-0.00171792 8.59009
-0.00171767 8.59131

-0.00171767 8.59131
-0.00171742 8.59253

-0.00171742 8.59253
-0.00171717 8.59375

-0.00171717 8.59375
-0.00171692 8.59497

-0.00171692 8.59497
-0.00171666 8.59619

-0.00171666 8.59619
-0.00171641 8.59741

-0.00171641 8.59741
-0.00171616 8.59863

-0.00171616 8.59863
-0.00171591 8.59985

-0.00171591 8.59985
-0.00171566 8.60107

-0.00171566 8.60107
-0.00171541 8.60229

-0.00171541 8.60229
-0.00171516 8.60352

-0.00171516 8.60352
-0.00171491 8.60474

-0.00171491 8.60474
-0.00171467 8.60596

-0.00171467 8.60596
-0.00171442 8.60718

-0.00171442 8.60718
-0.00171417 8.6084

-0.00171417 8.6084
-0.00171392 8.60962

-0.00171392 8.60962
-0.00171367 8.61084

-0.00171367 8.61084
-0.00171343 8.61206

-0.00171343 8.61206
-0.00171318 8.61328

-0.00171318 8.61328
-0.00171293 8.6145

-0.00171293 8.6145
-0.00171268 8.61572

-0.00171268 8.61572
-0.00171244 8.61694

-0.00171244 8.61694
-0.00171219 8.61816

-0.00171219 8.61816
-0.00171195 8.61938

-0.00171195 8.61938
-0.0017117 8.62061

-0.0017117 8.62061
-0.00171145 8.62183

-0.00171145 8.62183
-0.00171121 8.62305

-0.00171121 8.62305
-0.00171096 8.62427

-0.00171096 8.62427
-0.00171072 8.62549

-0.00171072 8.62549
-0.00171047 8.62671

-0.00171047 8.62671
-0.00171023 8.62793

-0.00171023 8.62793
-0.00170999 8.62915

-0.00170999 8.62915
-0.00170974 8.63037

-0.00170974 8.63037
-0.0017095 8.63159

-0.0017095 8.63159
-0.00170926 8.63281

-0.00170926 8.63281
-0.00170901 8.63403

-0.00170901 8.63403
-0.00170877 8.63525

-0.00170877 8.63525
-0.00170853 8.63647

-0.00170853 8.63647
-0.00170829 8.6377

-0.00170829 8.6377
-0.00170804 8.63892

-0.00170804 8.63892
-0.0017078 8.64014

-0.0017078 8.64014
-0.00170756 8.64136

-0.00170756 8.64136
-0.00170732 8.64258

-0.00170732 8.64258
-0.00170708 8.6438

-0.00170708 8.6438
-0.00170684 8.64502

-0.00170684 8.64502
-0.0017066 8.64624

-0.0017066 8.64624
-0.00170636 8.64746

-0.00170636 8.64746
-0.00170612 8.64868

-0.00170612 8.64868
-0.00170588 8.6499

-0.00170588 8.6499
-0.00170564 8.65112

-0.00170564 8.65112
-0.0017054 8.65234

-0.0017054 8.65234
-0.00170516 8.65356

-0.00170516 8.65356
-0.00170492 8.65479

-0.00170492 8.65479
-0.00170469 8.65601

-0.00170469 8.65601
-0.00170445 8.65723

-0.00170445 8.65723
-0.00170421 8.65845

-0.00170421 8.65845
-0.00170397 8.65967

-0.00170397 8.65967
-0.00170374 8.66089

-0.00170374 8.66089
-0.0017035 8.66211

-0.0017035 8.66211
-0.00170326 8.66333

-0.00170326 8.66333
-0.00170303 8.66455

-0.00170303 8.66455
-0.00170279 8.66577

-0.00170279 8.66577
-0.00170255 8.66699

-0.00170255 8.66699
-0.00170232 8.66821

-0.00170232 8.66821
-0.00170208 8.66943

-0.00170208 8.66943
-0.00170185 8.67065

-0.00170185 8.67065
-0.00170161 8.67188

-0.00170161 8.67188
-0.00170138 8.6731

-0.00170138 8.6731
-0.00170114 8.67432

-0.00170114 8.67432
-0.00170091 8.67554

-0.00170091 8.67554
-0.00170068 8.67676

-0.00170068 8.67676
-0.00170044 8.67798

-0.00170044 8.67798
-0.00170021 8.6792

-0.00170021 8.6792
-0.00169998 8.68042

-0.00169998 8.68042
-0.00169974 8.68164

-0.00169974 8.68164
-0.00169951 8.68286

-0.00169951 8.68286
-0.00169928 8.68408

-0.00169928 8.68408
-0.00169905 8.6853

-0.00169905 8.6853
-0.00169881 8.68652

-0.00169881 8.68652
-0.00169858 8.68774

-0.00169858 8.68774
-0.00169835 8.68896

-0.00169835 8.68896
-0.00169812 8.69019

-0.00169812 8.69019
-0.00169789 8.69141

-0.00169789 8.69141
-0.00169766 8.69263

-0.00169766 8.69263
-0.00169743 8.69385

-0.00169743 8.69385
-0.0016972 8.69507

-0.0016972 8.69507
-0.00169697 8.69629

-0.00169697 8.69629
-0.00169674 8.69751

-0.00169674 8.69751
-0.00169651 8.69873

-0.00169651 8.69873
-0.00169628 8.69995

-0.00169628 8.69995
-0.00169605 8.70117

-0.00169605 8.70117
-0.00169582 8.70239

-0.00169582 8.70239
-0.00169559 8.70361

-0.00169559 8.70361
-0.00169537 8.70483

-0.00169537 8.70483
-0.00169514 8.70605

-0.00169514 8.70605
-0.00169491 8.70728

-0.00169491 8.70728
-0.00169468 8.7085

-0.00169468 8.7085
-0.00169446 8.70972

-0.00169446 8.70972
-0.00169423 8.71094

-0.00169423 8.71094
-0.001694 8.71216

-0.001694 8.71216
-0.00169378 8.71338

-0.00169378 8.71338
-0.00169355 8.7146

-0.00169355 8.7146
-0.00169333 8.71582

-0.00169333 8.71582
-0.0016931 8.71704

-0.0016931 8.71704
-0.00169288 8.71826

-0.00169288 8.71826
-0.00169265 8.71948

-0.00169265 8.71948
-0.00169243 8.7207

-0.00169243 8.7207
-0.0016922 8.72192

-0.0016922 8.72192
-0.00169198 8.72314

-0.00169198 8.72314
-0.00169175 8.72437

-0.00169175 8.72437
-0.00169153 8.72559

-0.00169153 8.72559
-0.00169131 8.72681

-0.00169131 8.72681
-0.00169108 8.72803

-0.00169108 8.72803
-0.00169086 8.72925

-0.00169086 8.72925
-0.00169064 8.73047

-0.00169064 8.73047
-0.00169041 8.73169

-0.00169041 8.73169
-0.00169019 8.73291

-0.00169019 8.73291
-0.00168997 8.73413

-0.00168997 8.73413
-0.00168975 8.73535

-0.00168975 8.73535
-0.00168953 8.73657

-0.00168953 8.73657
-0.00168931 8.73779

-0.00168931 8.73779
-0.00168908 8.73901

-0.00168908 8.73901
-0.00168886 8.74023

-0.00168886 8.74023
-0.00168864 8.74146

-0.00168864 8.74146
-0.00168842 8.74268

-0.00168842 8.74268
-0.0016882 8.7439

-0.0016882 8.7439
-0.00168798 8.74512

-0.00168798 8.74512
-0.00168776 8.74634

-0.00168776 8.74634
-0.00168754 8.74756

-0.00168754 8.74756
-0.00168733 8.74878

-0.00168733 8.74878
-0.00168711 8.75

-0.00168711 8.75
-0.00168689 8.75122

-0.00168689 8.75122
-0.00168667 8.75244

-0.00168667 8.75244
-0.00168645 8.75366

-0.00168645 8.75366
-0.00168623 8.75488

-0.00168623 8.75488
-0.00168602 8.7561

-0.00168602 8.7561
-0.0016858 8.75732

-0.0016858 8.75732
-0.00168558 8.75854

-0.00168558 8.75854
-0.00168537 8.75977

-0.00168537 8.75977
-0.00168515 8.76099

-0.00168515 8.76099
-0.00168493 8.76221

-0.00168493 8.76221
-0.00168472 8.76343

-0.00168472 8.76343
-0.0016845 8.76465

-0.0016845 8.76465
-0.00168429 8.76587

-0.00168429 8.76587
-0.00168407 8.76709

-0.00168407 8.76709
-0.00168386 8.76831

-0.00168386 8.76831
-0.00168364 8.76953

-0.00168364 8.76953
-0.00168343 8.77075

-0.00168343 8.77075
-0.00168321 8.77197

-0.00168321 8.77197
-0.001683 8.77319

-0.001683 8.77319
-0.00168278 8.77441

-0.00168278 8.77441
-0.00168257 8.77563

-0.00168257 8.77563
-0.00168236 8.77686

-0.00168236 8.77686
-0.00168214 8.77808

-0.00168214 8.77808
-0.00168193 8.7793

-0.00168193 8.7793
-0.00168172 8.78052

-0.00168172 8.78052
-0.00168151 8.78174

-0.00168151 8.78174
-0.0016813 8.78296

-0.0016813 8.78296
-0.00168108 8.78418

-0.00168108 8.78418
-0.00168087 8.7854

-0.00168087 8.7854
-0.00168066 8.78662

-0.00168066 8.78662
-0.00168045 8.78784

-0.00168045 8.78784
-0.00168024 8.78906

-0.00168024 8.78906
-0.00168003 8.79028

-0.00168003 8.79028
-0.00167982 8.7915

-0.00167982 8.7915
-0.00167961 8.79272

-0.00167961 8.79272
-0.0016794 8.79395

-0.0016794 8.79395
-0.00167919 8.79517

-0.00167919 8.79517
-0.00167898 8.79639

-0.00167898 8.79639
-0.00167877 8.79761

-0.00167877 8.79761
-0.00167856 8.79883

-0.00167856 8.79883
-0.00167835 8.80005

-0.00167835 8.80005
-0.00167814 8.80127

-0.00167814 8.80127
-0.00167794 8.80249

-0.00167794 8.80249
-0.00167773 8.80371

-0.00167773 8.80371
-0.00167752 8.80493

-0.00167752 8.80493
-0.00167731 8.80615

-0.00167731 8.80615
-0.00167711 8.80737

-0.00167711 8.80737
-0.0016769 8.80859

-0.0016769 8.80859
-0.00167669 8.80981

-0.00167669 8.80981
-0.00167649 8.81104

-0.00167649 8.81104
-0.00167628 8.81226

-0.00167628 8.81226
-0.00167607 8.81348

-0.00167607 8.81348
-0.00167587 8.8147

-0.00167587 8.8147
-0.00167566 8.81592

-0.00167566 8.81592
-0.00167546 8.81714

-0.00167546 8.81714
-0.00167525 8.81836

-0.00167525 8.81836
-0.00167505 8.81958

-0.00167505 8.81958
-0.00167484 8.8208

-0.00167484 8.8208
-0.00167464 8.82202

-0.00167464 8.82202
-0.00167444 8.82324

-0.00167444 8.82324
-0.00167423 8.82446

-0.00167423 8.82446
-0.00167403 8.82568

-0.00167403 8.82568
-0.00167382 8.8269

-0.00161057 8.8269
-0.00173687 8.82812

-0.00167362 8.82812
-0.00167322 8.83057

-0.00167322 8.83057
-0.00167281 8.83301

-0.00167281 8.83301
-0.00167241 8.83545

-0.00167241 8.83545
-0.00167201 8.83789

-0.00167201 8.83789
-0.00167161 8.84033

-0.00167161 8.84033
-0.0016712 8.84277

-0.0016712 8.84277
-0.00167081 8.84521

-0.00167081 8.84521
-0.00167041 8.84766

-0.00167041 8.84766
-0.00167001 8.8501

-0.00167001 8.8501
-0.00166961 8.85254

-0.00166961 8.85254
-0.00166922 8.85498

-0.00166922 8.85498
-0.00166882 8.85742

-0.00166882 8.85742
-0.00166843 8.85986

-0.00166843 8.85986
-0.00166804 8.8623

-0.00173162 8.8623
-0.00160425 8.86353

-0.00166784 8.86353
-0.00166764 8.86475

-0.00166764 8.86475
-0.00166745 8.86597

-0.00166745 8.86597
-0.00166725 8.86719

-0.00166725 8.86719
-0.00166706 8.86841

-0.00166706 8.86841
-0.00166686 8.86963

-0.00166686 8.86963
-0.00166667 8.87085

-0.00166667 8.87085
-0.00166647 8.87207

-0.00166647 8.87207
-0.00166628 8.87329

-0.00166628 8.87329
-0.00166609 8.87451

-0.00166609 8.87451
-0.00166589 8.87573

-0.00166589 8.87573
-0.0016657 8.87695

-0.0016657 8.87695
-0.00166551 8.87817

-0.00166551 8.87817
-0.00166531 8.87939

-0.00166531 8.87939
-0.00166512 8.88062

-0.00166512 8.88062
-0.00166493 8.88184

-0.00166493 8.88184
-0.00166474 8.88306

-0.00166474 8.88306
-0.00166454 8.88428

-0.00166454 8.88428
-0.00166435 8.8855

-0.00166435 8.8855
-0.00166416 8.88672

-0.00166416 8.88672
-0.00166397 8.88794

-0.00166397 8.88794
-0.00166378 8.88916

-0.00166378 8.88916
-0.00166359 8.89038

-0.00166359 8.89038
-0.0016634 8.8916

-0.0016634 8.8916
-0.00166321 8.89282

-0.00166321 8.89282
-0.00166302 8.89404

-0.00166302 8.89404
-0.00166283 8.89526

-0.00166283 8.89526
-0.00166264 8.89648

-0.00166264 8.89648
-0.00166245 8.89771

-0.00166245 8.89771
-0.00166226 8.89893

-0.00166226 8.89893
-0.00166207 8.90015

-0.00166207 8.90015
-0.00166188 8.90137

-0.00166188 8.90137
-0.00166169 8.90259

-0.00166169 8.90259
-0.0016615 8.90381

-0.0016615 8.90381
-0.00166132 8.90503

-0.00166132 8.90503
-0.00166113 8.90625

-0.00166113 8.90625
-0.00166094 8.90747

-0.00166094 8.90747
-0.00166075 8.90869

-0.00166075 8.90869
-0.00166057 8.90991

-0.00166057 8.90991
-0.00166038 8.91113

-0.00166038 8.91113
-0.00166019 8.91235

-0.00166019 8.91235
-0.00166001 8.91357

-0.00166001 8.91357
-0.00165982 8.91479

-0.00165982 8.91479
-0.00165963 8.91602

-0.00165963 8.91602
-0.00165945 8.91724

-0.00165945 8.91724
-0.00165926 8.91846

-0.00165926 8.91846
-0.00165908 8.91968

-0.00165908 8.91968
-0.00165889 8.9209

-0.00165889 8.9209
-0.00165871 8.92212

-0.00165871 8.92212
-0.00165852 8.92334

-0.00165852 8.92334
-0.00165834 8.92456

-0.00165834 8.92456
-0.00165816 8.92578

-0.00165816 8.92578
-0.00165797 8.927

-0.00165797 8.927
-0.00165779 8.92822

-0.00165779 8.92822
-0.00165761 8.92944

-0.00165761 8.92944
-0.00165742 8.93066

-0.00165742 8.93066
-0.00165724 8.93188

-0.00165724 8.93188
-0.00165706 8.93311

-0.00165706 8.93311
-0.00165688 8.93433

-0.00165688 8.93433
-0.00165669 8.93555

-0.00165669 8.93555
-0.00165651 8.93677

-0.00165651 8.93677
-0.00165633 8.93799

-0.00165633 8.93799
-0.00165615 8.93921

-0.00165615 8.93921
-0.00165597 8.94043

-0.00165597 8.94043
-0.00165579 8.94165

-0.00165579 8.94165
-0.00165561 8.94287

-0.00165561 8.94287
-0.00165543 8.94409

-0.00165543 8.94409
-0.00165525 8.94531

-0.00165525 8.94531
-0.00165507 8.94653

-0.00165507 8.94653
-0.00165489 8.94775

-0.00165489 8.94775
-0.00165471 8.94897

-0.00165471 8.94897
-0.00165453 8.9502

-0.00165453 8.9502
-0.00165435 8.95142

-0.00165435 8.95142
-0.00165417 8.95264

-0.00165417 8.95264
-0.00165399 8.95386

-0.00165399 8.95386
-0.00165381 8.95508

-0.00165381 8.95508
-0.00165364 8.9563

-0.00165364 8.9563
-0.00165346 8.95752

-0.00165346 8.95752
-0.00165328 8.95874

-0.00165328 8.95874
-0.0016531 8.95996

-0.0016531 8.95996
-0.00165293 8.96118

-0.00165293 8.96118
-0.00165275 8.9624

-0.00165275 8.9624
-0.00165257 8.96362

-0.00165257 8.96362
-0.0016524 8.96484

-0.0016524 8.96484
-0.00165222 8.96606

-0.00165222 8.96606
-0.00165204 8.96729

-0.00165204 8.96729
-0.00165187 8.96851

-0.00165187 8.96851
-0.00165169 8.96973

-0.00165169 8.96973
-0.00165152 8.97095

-0.00165152 8.97095
-0.00165134 8.97217

-0.00165134 8.97217
-0.00165117 8.97339

-0.00165117 8.97339
-0.00165099 8.97461

-0.00165099 8.97461
-0.00165082 8.97583

-0.00165082 8.97583
-0.00165065 8.97705

-0.00165065 8.97705
-0.00165047 8.97827

-0.00165047 8.97827
-0.0016503 8.97949

-0.0016503 8.97949
-0.00165012 8.98071

-0.00165012 8.98071
-0.00164995 8.98193

-0.00164995 8.98193
-0.00164978 8.98315

-0.00164978 8.98315
-0.00164961 8.98438

-0.00164961 8.98438
-0.00164943 8.9856

-0.00164943 8.9856
-0.00164926 8.98682

-0.00164926 8.98682
-0.00164909 8.98804

-0.00164909 8.98804
-0.00164892 8.98926

-0.00164892 8.98926
-0.00164875 8.99048

-0.00164875 8.99048
-0.00164858 8.9917

-0.00164858 8.9917
-0.00164841 8.99292

-0.00164841 8.99292
-0.00164823 8.99414

-0.00164823 8.99414
-0.00164806 8.99536

-0.00164806 8.99536
-0.00164789 8.99658

-0.00164789 8.99658
-0.00164772 8.9978

-0.00164772 8.9978
-0.00164755 8.99902

-0.00164755 8.99902
-0.00164738 9.00024

-0.00164738 9.00024
-0.00164722 9.00146

-0.00164722 9.00146
-0.00164705 9.00269

-0.00164705 9.00269
-0.00164688 9.00391

-0.00164688 9.00391
-0.00164671 9.00513

-0.00164671 9.00513
-0.00164654 9.00635

-0.00164654 9.00635
-0.00164637 9.00757

-0.00164637 9.00757
-0.0016462 9.00879

-0.0016462 9.00879
-0.00164604 9.01001

-0.00164604 9.01001
-0.00164587 9.01123

-0.00164587 9.01123
-0.0016457 9.01245

-0.0016457 9.01245
-0.00164554 9.01367

-0.00164554 9.01367
-0.00164537 9.01489

-0.00164537 9.01489
-0.0016452 9.01611

-0.0016452 9.01611
-0.00164504 9.01733

-0.00164504 9.01733
-0.00164487 9.01855

-0.00164487 9.01855
-0.0016447 9.01978

-0.0016447 9.01978
-0.00164454 9.021

-0.00164454 9.021
-0.00164437 9.02222

-0.00164437 9.02222
-0.00164421 9.02344

-0.00164421 9.02344
-0.00164404 9.02466

-0.00164404 9.02466
-0.00164388 9.02588

-0.00164388 9.02588
-0.00164371 9.0271

-0.00164371 9.0271
-0.00164355 9.02832

-0.00164355 9.02832
-0.00164339 9.02954

-0.00164339 9.02954
-0.00164322 9.03076

-0.00164322 9.03076
-0.00164306 9.03198

-0.00164306 9.03198
-0.0016429 9.0332

-0.0016429 9.0332
-0.00164273 9.03442

-0.00164273 9.03442
-0.00164257 9.03564

-0.00164257 9.03564
-0.00164241 9.03687

-0.00164241 9.03687
-0.00164224 9.03809

-0.00164224 9.03809
-0.00164208 9.03931

-0.00164208 9.03931
-0.00164192 9.04053

-0.00164192 9.04053
-0.00164176 9.04175

-0.00164176 9.04175
-0.0016416 9.04297

-0.0016416 9.04297
-0.00164144 9.04419

-0.00164144 9.04419
-0.00164128 9.04541

-0.00164128 9.04541
-0.00164112 9.04663

-0.00164112 9.04663
-0.00164095 9.04785

-0.00164095 9.04785
-0.00164079 9.04907

-0.00164079 9.04907
-0.00164063 9.05029

-0.00164063 9.05029
-0.00164047 9.05151

-0.00164047 9.05151
-0.00164032 9.05273

-0.00164032 9.05273
-0.00164016 9.05396

-0.00164016 9.05396
-0.00164 9.05518

-0.00164 9.05518
-0.00163984 9.0564

-0.00163984 9.0564
-0.00163968 9.05762

-0.00163968 9.05762
-0.00163952 9.05884

-0.00163952 9.05884
-0.00163936 9.06006

-0.00163936 9.06006
-0.0016392 9.06128

-0.0016392 9.06128
-0.00163905 9.0625

-0.00163905 9.0625
-0.00163889 9.06372

-0.00163889 9.06372
-0.00163873 9.06494

-0.00163873 9.06494
-0.00163858 9.06616

-0.00163858 9.06616
-0.00163842 9.06738

-0.00163842 9.06738
-0.00163826 9.0686

-0.00163826 9.0686
-0.00163811 9.06982

-0.00163811 9.06982
-0.00163795 9.07104

-0.00163795 9.07104
-0.00163779 9.07227

-0.00163779 9.07227
-0.00163764 9.07349

-0.00163764 9.07349
-0.00163748 9.07471

-0.00163748 9.07471
-0.00163733 9.07593

-0.00163733 9.07593
-0.00163717 9.07715

-0.00163717 9.07715
-0.00163702 9.07837

-0.00163702 9.07837
-0.00163686 9.07959

-0.00163686 9.07959
-0.00163671 9.08081

-0.00163671 9.08081
-0.00163655 9.08203

-0.00163655 9.08203
-0.0016364 9.08325

-0.0016364 9.08325
-0.00163625 9.08447

-0.00163625 9.08447
-0.00163609 9.08569

-0.00163609 9.08569
-0.00163594 9.08691

-0.00163594 9.08691
-0.00163579 9.08813

-0.00163579 9.08813
-0.00163564 9.08936

-0.00163564 9.08936
-0.00163548 9.09058

-0.00163548 9.09058
-0.00163533 9.0918

-0.00163533 9.0918
-0.00163518 9.09302

-0.00163518 9.09302
-0.00163503 9.09424

-0.00163503 9.09424
-0.00163488 9.09546

-0.00163488 9.09546
-0.00163472 9.09668

-0.00163472 9.09668
-0.00163457 9.0979

-0.00163457 9.0979
-0.00163442 9.09912

-0.00163442 9.09912
-0.00163427 9.10034

-0.00163427 9.10034
-0.00163412 9.10156

-0.00163412 9.10156
-0.00163397 9.10278

-0.00163397 9.10278
-0.00163382 9.104

-0.00163382 9.104
-0.00163367 9.10522

-0.00163367 9.10522
-0.00163352 9.10645

-0.00163352 9.10645
-0.00163337 9.10767

-0.00163337 9.10767
-0.00163322 9.10889

-0.00163322 9.10889
-0.00163307 9.11011

-0.00163307 9.11011
-0.00163293 9.11133

-0.00163293 9.11133
-0.00163278 9.11255

-0.00163278 9.11255
-0.00163263 9.11377

-0.00163263 9.11377
-0.00163248 9.11499

-0.00163248 9.11499
-0.00163233 9.11621

-0.00163233 9.11621
-0.00163219 9.11743

-0.00163219 9.11743
-0.00163204 9.11865

-0.00163204 9.11865
-0.00163189 9.11987

-0.00163189 9.11987
-0.00163175 9.12109

-0.00163175 9.12109
-0.0016316 9.12231

-0.0016316 9.12231
-0.00163145 9.12354

-0.00163145 9.12354
-0.00163131 9.12476

-0.00163131 9.12476
-0.00163116 9.12598

-0.00163116 9.12598
-0.00163102 9.1272

-0.00163102 9.1272
-0.00163087 9.12842

-0.00163087 9.12842
-0.00163072 9.12964

-0.00163072 9.12964
-0.00163058 9.13086

-0.00163058 9.13086
-0.00163043 9.13208

-0.00163043 9.13208
-0.00163029 9.1333

-0.00163029 9.1333
-0.00163015 9.13452

-0.00163015 9.13452
-0.00163 9.13574

-0.00163 9.13574
-0.00162986 9.13696

-0.00162986 9.13696
-0.00162971 9.13818

-0.00162971 9.13818
-0.00162957 9.1394

-0.00162957 9.1394
-0.00162943 9.14062

-0.00162943 9.14062
-0.00162929 9.14185

-0.00162929 9.14185
-0.00162914 9.14307

-0.00162914 9.14307
-0.001629 9.14429

-0.001629 9.14429
-0.00162886 9.14551

-0.00162886 9.14551
-0.00162872 9.14673

-0.00162872 9.14673
-0.00162857 9.14795

-0.00162857 9.14795
-0.00162843 9.14917

-0.00162843 9.14917
-0.00162829 9.15039

-0.00162829 9.15039
-0.00162815 9.15161

-0.00162815 9.15161
-0.00162801 9.15283

-0.00162801 9.15283
-0.00162787 9.15405

-0.00162787 9.15405
-0.00162773 9.15527

-0.00162773 9.15527
-0.00162759 9.15649

-0.00162759 9.15649
-0.00162745 9.15771

-0.00162745 9.15771
-0.00162731 9.15894

-0.00162731 9.15894
-0.00162717 9.16016

-0.00162717 9.16016
-0.00162703 9.16138

-0.00162703 9.16138
-0.00162689 9.1626

-0.00162689 9.1626
-0.00162675 9.16382

-0.00162675 9.16382
-0.00162661 9.16504

-0.00162661 9.16504
-0.00162647 9.16626

-0.00162647 9.16626
-0.00162633 9.16748

-0.00162633 9.16748
-0.0016262 9.1687

-0.0016262 9.1687
-0.00162606 9.16992

-0.00162606 9.16992
-0.00162592 9.17114

-0.00162592 9.17114
-0.00162578 9.17236

-0.00162578 9.17236
-0.00162565 9.17358

-0.00162565 9.17358
-0.00162551 9.1748

-0.00162551 9.1748
-0.00162537 9.17603

-0.00162537 9.17603
-0.00162524 9.17725

-0.00162524 9.17725
-0.0016251 9.17847

-0.0016251 9.17847
-0.00162496 9.17969

-0.00162496 9.17969
-0.00162483 9.18091

-0.00162483 9.18091
-0.00162469 9.18213

-0.00162469 9.18213
-0.00162456 9.18335

-0.00162456 9.18335
-0.00162442 9.18457

-0.00162442 9.18457
-0.00162429 9.18579

-0.00162429 9.18579
-0.00162415 9.18701

-0.00162415 9.18701
-0.00162402 9.18823

-0.00162402 9.18823
-0.00162388 9.18945

-0.00162388 9.18945
-0.00162375 9.19067

-0.00162375 9.19067
-0.00162362 9.19189

-0.00162362 9.19189
-0.00162348 9.19312

-0.00162348 9.19312
-0.00162335 9.19434

-0.00162335 9.19434
-0.00162322 9.19556

-0.00162322 9.19556
-0.00162308 9.19678

-0.00162308 9.19678
-0.00162295 9.198

-0.00162295 9.198
-0.00162282 9.19922

-0.00162282 9.19922
-0.00162268 9.20044

-0.00162268 9.20044
-0.00162255 9.20166

-0.00162255 9.20166
-0.00162242 9.20288

-0.00162242 9.20288
-0.00162229 9.2041

-0.00162229 9.2041
-0.00162216 9.20532

-0.00162216 9.20532
-0.00162203 9.20654

-0.00162203 9.20654
-0.00162189 9.20776

-0.00162189 9.20776
-0.00162176 9.20898

-0.00162176 9.20898
-0.00162163 9.21021

-0.00162163 9.21021
-0.0016215 9.21143

-0.0016215 9.21143
-0.00162137 9.21265

-0.00162137 9.21265
-0.00162124 9.21387

-0.00162124 9.21387
-0.00162111 9.21509

-0.00162111 9.21509
-0.00162098 9.21631

-0.00162098 9.21631
-0.00162085 9.21753

-0.00162085 9.21753
-0.00162073 9.21875

-0.00162073 9.21875
-0.0016206 9.21997

-0.0016206 9.21997
-0.00162047 9.22119

-0.00162047 9.22119
-0.00162034 9.22241

-0.00162034 9.22241
-0.00162021 9.22363

-0.00162021 9.22363
-0.00162008 9.22485

-0.00162008 9.22485
-0.00161996 9.22607

-0.00161996 9.22607
-0.00161983 9.22729

-0.00161983 9.22729
-0.0016197 9.22852

-0.0016197 9.22852
-0.00161957 9.22974

-0.00161957 9.22974
-0.00161945 9.23096

-0.00161945 9.23096
-0.00161932 9.23218

-0.00161932 9.23218
-0.00161919 9.2334

-0.00161919 9.2334
-0.00161907 9.23462

-0.00161907 9.23462
-0.00161894 9.23584

-0.00161894 9.23584
-0.00161881 9.23706

-0.00161881 9.23706
-0.00161869 9.23828

-0.00161869 9.23828
-0.00161856 9.2395

-0.00161856 9.2395
-0.00161844 9.24072

-0.00161844 9.24072
-0.00161831 9.24194

-0.00161831 9.24194
-0.00161819 9.24316

-0.00161819 9.24316
-0.00161806 9.24438

-0.00161806 9.24438
-0.00161794 9.24561

-0.00161794 9.24561
-0.00161782 9.24683

-0.00161782 9.24683
-0.00161769 9.24805

-0.00161769 9.24805
-0.00161757 9.24927

-0.00161757 9.24927
-0.00161745 9.25049

-0.00161745 9.25049
-0.00161732 9.25171

-0.00161732 9.25171
-0.0016172 9.25293

-0.0016172 9.25293
-0.00161708 9.25415

-0.00161708 9.25415
-0.00161695 9.25537

-0.00161695 9.25537
-0.00161683 9.25659

-0.00161683 9.25659
-0.00161671 9.25781

-0.00161671 9.25781
-0.00161659 9.25903

-0.00161659 9.25903
-0.00161647 9.26025

-0.00161647 9.26025
-0.00161634 9.26147

-0.00161634 9.26147
-0.00161622 9.2627

-0.00161622 9.2627
-0.0016161 9.26392

-0.0016161 9.26392
-0.00161598 9.26514

-0.00161598 9.26514
-0.00161586 9.26636

-0.00161586 9.26636
-0.00161574 9.26758

-0.00161574 9.26758
-0.00161562 9.2688

-0.00161562 9.2688
-0.0016155 9.27002

-0.0016155 9.27002
-0.00161538 9.27124

-0.00161538 9.27124
-0.00161526 9.27246

-0.00161526 9.27246
-0.00161514 9.27368

-0.00161514 9.27368
-0.00161502 9.2749

-0.00161502 9.2749
-0.0016149 9.27612

-0.0016149 9.27612
-0.00161478 9.27734

-0.00161478 9.27734
-0.00161467 9.27856

-0.00161467 9.27856
-0.00161455 9.27979

-0.00161455 9.27979
-0.00161443 9.28101

-0.00161443 9.28101
-0.00161431 9.28223

-0.00161431 9.28223
-0.00161419 9.28345

-0.00161419 9.28345
-0.00161408 9.28467

-0.00161408 9.28467
-0.00161396 9.28589

-0.00161396 9.28589
-0.00161384 9.28711

-0.00161384 9.28711
-0.00161373 9.28833

-0.00161373 9.28833
-0.00161361 9.28955

-0.00161361 9.28955
-0.00161349 9.29077

-0.00161349 9.29077
-0.00161338 9.29199

-0.00161338 9.29199
-0.00161326 9.29321

-0.00161326 9.29321
-0.00161315 9.29443

-0.00161315 9.29443
-0.00161303 9.29565

-0.00161303 9.29565
-0.00161291 9.29688

-0.00161291 9.29688
-0.0016128 9.2981

-0.0016128 9.2981
-0.00161268 9.29932

-0.00161268 9.29932
-0.00161257 9.30054

-0.00161257 9.30054
-0.00161246 9.30176

-0.00161246 9.30176
-0.00161234 9.30298

-0.00161234 9.30298
-0.00161223 9.3042

-0.00161223 9.3042
-0.00161211 9.30542

-0.00161211 9.30542
-0.001612 9.30664

-0.001612 9.30664
-0.00161189 9.30786

-0.00161189 9.30786
-0.00161177 9.30908

-0.00161177 9.30908
-0.00161166 9.3103

-0.00161166 9.3103
-0.00161155 9.31152

-0.00161155 9.31152
-0.00161144 9.31274

-0.00161144 9.31274
-0.00161132 9.31396

-0.00161132 9.31396
-0.00161121 9.31519

-0.00161121 9.31519
-0.0016111 9.31641

-0.0016111 9.31641
-0.00161099 9.31763

-0.00161099 9.31763
-0.00161088 9.31885

-0.00161088 9.31885
-0.00161077 9.32007

-0.00161077 9.32007
-0.00161065 9.32129

-0.00161065 9.32129
-0.00161054 9.32251

-0.00161054 9.32251
-0.00161043 9.32373

-0.00161043 9.32373
-0.00161032 9.32495

-0.00161032 9.32495
-0.00161021 9.32617

-0.00161021 9.32617
-0.0016101 9.32739

-0.0016101 9.32739
-0.00160999 9.32861

-0.00160999 9.32861
-0.00160988 9.32983

-0.00160988 9.32983
-0.00160977 9.33105

-0.00160977 9.33105
-0.00160967 9.33228

-0.00160967 9.33228
-0.00160956 9.3335

-0.00160956 9.3335
-0.00160945 9.33472

-0.00160945 9.33472
-0.00160934 9.33594

-0.00160934 9.33594
-0.00160923 9.33716

-0.00160923 9.33716
-0.00160912 9.33838

-0.00160912 9.33838
-0.00160902 9.3396

-0.00160902 9.3396
-0.00160891 9.34082

-0.00160891 9.34082
-0.0016088 9.34204

-0.0016088 9.34204
-0.00160869 9.34326

-0.00160869 9.34326
-0.00160859 9.34448

-0.00160859 9.34448
-0.00160848 9.3457

-0.00160848 9.3457
-0.00160837 9.34692

-0.00160837 9.34692
-0.00160827 9.34814

-0.00160827 9.34814
-0.00160816 9.34937

-0.00160816 9.34937
-0.00160806 9.35059

-0.00160806 9.35059
-0.00160795 9.35181

-0.00160795 9.35181
-0.00160784 9.35303

-0.00160784 9.35303
-0.00160774 9.35425

-0.00160774 9.35425
-0.00160763 9.35547

-0.00160763 9.35547
-0.00160753 9.35669

-0.00160753 9.35669
-0.00160742 9.35791

-0.00160742 9.35791
-0.00160732 9.35913

-0.00160732 9.35913
-0.00160722 9.36035

-0.00160722 9.36035
-0.00160711 9.36157

-0.00160711 9.36157
-0.00160701 9.36279

-0.00160701 9.36279
-0.0016069 9.36401

-0.0016069 9.36401
-0.0016068 9.36523

-0.0016068 9.36523
-0.0016067 9.36646

-0.0016067 9.36646
-0.0016066 9.36768

-0.0016066 9.36768
-0.00160649 9.3689

-0.00160649 9.3689
-0.00160639 9.37012

-0.00160639 9.37012
-0.00160629 9.37134

-0.00160629 9.37134
-0.00160619 9.37256

-0.00160619 9.37256
-0.00160608 9.37378

-0.00160608 9.37378
-0.00160598 9.375

-0.00160598 9.375
-0.00160588 9.37622

-0.00160588 9.37622
-0.00160578 9.37744

-0.00160578 9.37744
-0.00160568 9.37866

-0.00160568 9.37866
-0.00160558 9.37988

-0.00160558 9.37988
-0.00160548 9.3811

-0.00160548 9.3811
-0.00160538 9.38232

-0.00160538 9.38232
-0.00160528 9.38354

-0.00160528 9.38354
-0.00160518 9.38477

-0.00160518 9.38477
-0.00160508 9.38599

-0.00160508 9.38599
-0.00160498 9.38721

-0.00160498 9.38721
-0.00160488 9.38843

-0.00160488 9.38843
-0.00160478 9.38965

-0.00160478 9.38965
-0.00160468 9.39087

-0.00160468 9.39087
-0.00160458 9.39209

-0.00160458 9.39209
-0.00160448 9.39331

-0.00160448 9.39331
-0.00160439 9.39453

-0.00160439 9.39453
-0.00160429 9.39575

-0.00160429 9.39575
-0.00160419 9.39697

-0.00160419 9.39697
-0.00160409 9.39819

-0.00160409 9.39819
-0.00160399 9.39941

-0.00160399 9.39941
-0.0016039 9.40063

-0.0016039 9.40063
-0.0016038 9.40186

-0.0016038 9.40186
-0.0016037 9.40308

-0.0016037 9.40308
-0.00160361 9.4043

-0.00160361 9.4043
-0.00160351 9.40552

-0.00160351 9.40552
-0.00160341 9.40674

-0.00160341 9.40674
-0.00160332 9.40796

-0.00160332 9.40796
-0.00160322 9.40918

-0.00160322 9.40918
-0.00160313 9.4104

-0.00160313 9.4104
-0.00160303 9.41162

-0.00160303 9.41162
-0.00160294 9.41284

-0.00160294 9.41284
-0.00160284 9.41406

-0.00160284 9.41406
-0.00160275 9.41528

-0.00160275 9.41528
-0.00160265 9.4165

-0.00160265 9.4165
-0.00160256 9.41772

-0.00160256 9.41772
-0.00160247 9.41895

-0.00160247 9.41895
-0.00160237 9.42017

-0.00160237 9.42017
-0.00160228 9.42139

-0.00160228 9.42139
-0.00160218 9.42261

-0.00160218 9.42261
-0.00160209 9.42383

-0.00160209 9.42383
-0.001602 9.42505

-0.001602 9.42505
-0.00160191 9.42627

-0.00160191 9.42627
-0.00160181 9.42749

-0.00160181 9.42749
-0.00160172 9.42871

-0.00160172 9.42871
-0.00160163 9.42993

-0.00160163 9.42993
-0.00160154 9.43115

-0.00160154 9.43115
-0.00160144 9.43237

-0.00160144 9.43237
-0.00160135 9.43359

-0.00160135 9.43359
-0.00160126 9.43481

-0.00160126 9.43481
-0.00160117 9.43604

-0.00160117 9.43604
-0.00160108 9.43726

-0.00160108 9.43726
-0.00160099 9.43848

-0.00160099 9.43848
-0.0016009 9.4397

-0.0016009 9.4397
-0.00160081 9.44092

-0.00160081 9.44092
-0.00160072 9.44214

-0.00160072 9.44214
-0.00160063 9.44336

-0.00160063 9.44336
-0.00160054 9.44458

-0.00160054 9.44458
-0.00160045 9.4458

-0.00160045 9.4458
-0.00160036 9.44702

-0.00160036 9.44702
-0.00160027 9.44824

-0.00160027 9.44824
-0.00160018 9.44946

-0.00160018 9.44946
-0.00160009 9.45068

-0.00160009 9.45068
-0.00160001 9.4519

-0.00160001 9.4519
-0.00159992 9.45312

-0.00159992 9.45312
-0.00159983 9.45435

-0.00159983 9.45435
-0.00159974 9.45557

-0.00159974 9.45557
-0.00159965 9.45679

-0.00159965 9.45679
-0.00159957 9.45801

-0.00159957 9.45801
-0.00159948 9.45923

-0.00159948 9.45923
-0.00159939 9.46045

-0.00159939 9.46045
-0.00159931 9.46167

-0.00159931 9.46167
-0.00159922 9.46289

-0.00159922 9.46289
-0.00159913 9.46411

-0.00159913 9.46411
-0.00159905 9.46533

-0.00159905 9.46533
-0.00159896 9.46655

-0.00159896 9.46655
-0.00159887 9.46777

-0.00159887 9.46777
-0.00159879 9.46899

-0.00159879 9.46899
-0.0015987 9.47021

-0.0015987 9.47021
-0.00159862 9.47144

-0.00159862 9.47144
-0.00159853 9.47266

-0.00159853 9.47266
-0.00159845 9.47388

-0.00159845 9.47388
-0.00159836 9.4751

-0.00159836 9.4751
-0.00159828 9.47632

-0.00159828 9.47632
-0.0015982 9.47754

-0.0015982 9.47754
-0.00159811 9.47876

-0.00159811 9.47876
-0.00159803 9.47998

-0.00159803 9.47998
-0.00159794 9.4812

-0.00159794 9.4812
-0.00159786 9.48242

-0.00159786 9.48242
-0.00159778 9.48364

-0.00159778 9.48364
-0.0015977 9.48486

-0.0015977 9.48486
-0.00159761 9.48608

-0.00159761 9.48608
-0.00159753 9.4873

-0.00159753 9.4873
-0.00159745 9.48853

-0.00159745 9.48853
-0.00159737 9.48975

-0.00159737 9.48975
-0.00159728 9.49097

-0.00159728 9.49097
-0.0015972 9.49219

-0.0015972 9.49219
-0.00159712 9.49341

-0.00159712 9.49341
-0.00159704 9.49463

-0.00159704 9.49463
-0.00159696 9.49585

-0.00159696 9.49585
-0.00159688 9.49707

-0.00159688 9.49707
-0.0015968 9.49829

-0.0015968 9.49829
-0.00159672 9.49951

-0.00159672 9.49951
-0.00159664 9.50073

-0.00159664 9.50073
-0.00159656 9.50195

-0.00159656 9.50195
-0.00159648 9.50317

-0.00159648 9.50317
-0.0015964 9.50439

-0.0015964 9.50439
-0.00159632 9.50562

-0.00159632 9.50562
-0.00159624 9.50684

-0.00159624 9.50684
-0.00159616 9.50806

-0.00159616 9.50806
-0.00159608 9.50928

-0.00159608 9.50928
-0.001596 9.5105

-0.001596 9.5105
-0.00159592 9.51172

-0.00159592 9.51172
-0.00159584 9.51294

-0.00159584 9.51294
-0.00159577 9.51416

-0.00159577 9.51416
-0.00159569 9.51538

-0.00159569 9.51538
-0.00159561 9.5166

-0.00159561 9.5166
-0.00159553 9.51782

-0.00159553 9.51782
-0.00159546 9.51904

-0.00159546 9.51904
-0.00159538 9.52026

-0.00159538 9.52026
-0.0015953 9.52148

-0.0015953 9.52148
-0.00159523 9.52271

-0.00159523 9.52271
-0.00159515 9.52393

-0.00159515 9.52393
-0.00159507 9.52515

-0.00159507 9.52515
-0.001595 9.52637

-0.001595 9.52637
-0.00159492 9.52759

-0.00159492 9.52759
-0.00159485 9.52881

-0.00159485 9.52881
-0.00159477 9.53003

-0.00159477 9.53003
-0.0015947 9.53125

-0.0015947 9.53125
-0.00159462 9.53247

-0.00159462 9.53247
-0.00159455 9.53369

-0.00159455 9.53369
-0.00159447 9.53491

-0.00159447 9.53491
-0.0015944 9.53613

-0.0015944 9.53613
-0.00159432 9.53735

-0.00159432 9.53735
-0.00159425 9.53857

-0.00159425 9.53857
-0.00159418 9.53979

-0.00159418 9.53979
-0.0015941 9.54102

-0.0015941 9.54102
-0.00159403 9.54224

-0.00159403 9.54224
-0.00159396 9.54346

-0.00159396 9.54346
-0.00159388 9.54468

-0.00159388 9.54468
-0.00159381 9.5459

-0.00159381 9.5459
-0.00159374 9.54712

-0.00159374 9.54712
-0.00159367 9.54834

-0.00159367 9.54834
-0.00159359 9.54956

-0.00159359 9.54956
-0.00159352 9.55078

-0.00159352 9.55078
-0.00159345 9.552

-0.00159345 9.552
-0.00159338 9.55322

-0.00159338 9.55322
-0.00159331 9.55444

-0.00159331 9.55444
-0.00159324 9.55566

-0.00159324 9.55566
-0.00159317 9.55688

-0.00159317 9.55688
-0.00159309 9.55811

-0.00159309 9.55811
-0.00159302 9.55933

-0.00159302 9.55933
-0.00159295 9.56055

-0.00159295 9.56055
-0.00159288 9.56177

-0.00159288 9.56177
-0.00159281 9.56299

-0.00159281 9.56299
-0.00159274 9.56421

-0.00159274 9.56421
-0.00159267 9.56543

-0.00159267 9.56543
-0.00159261 9.56665

-0.00159261 9.56665
-0.00159254 9.56787

-0.00159254 9.56787
-0.00159247 9.56909

-0.00159247 9.56909
-0.0015924 9.57031

-0.0015924 9.57031
-0.00159233 9.57153

-0.00159233 9.57153
-0.00159226 9.57275

-0.00159226 9.57275
-0.00159219 9.57397

-0.00159219 9.57397
-0.00159213 9.5752

-0.00159213 9.5752
-0.00159206 9.57642

-0.00159206 9.57642
-0.00159199 9.57764

-0.00159199 9.57764
-0.00159192 9.57886

-0.00159192 9.57886
-0.00159186 9.58008

-0.00159186 9.58008
-0.00159179 9.5813

-0.00159179 9.5813
-0.00159172 9.58252

-0.00159172 9.58252
-0.00159166 9.58374

-0.00159166 9.58374
-0.00159159 9.58496

-0.00159159 9.58496
-0.00159152 9.58618

-0.00159152 9.58618
-0.00159146 9.5874

-0.00159146 9.5874
-0.00159139 9.58862

-0.00159139 9.58862
-0.00159133 9.58984

-0.00159133 9.58984
-0.00159126 9.59106

-0.00159126 9.59106
-0.0015912 9.59229

-0.0015912 9.59229
-0.00159113 9.59351

-0.00159113 9.59351
-0.00159107 9.59473

-0.00159107 9.59473
-0.001591 9.59595

-0.001591 9.59595
-0.00159094 9.59717

-0.00159094 9.59717
-0.00159088 9.59839

-0.00159088 9.59839
-0.00159081 9.59961

-0.00159081 9.59961
-0.00159075 9.60083

-0.00159075 9.60083
-0.00159068 9.60205

-0.00159068 9.60205
-0.00159062 9.60327

-0.00159062 9.60327
-0.00159056 9.60449

-0.00159056 9.60449
-0.0015905 9.60571

-0.0015905 9.60571
-0.00159043 9.60693

-0.00159043 9.60693
-0.00159037 9.60815

-0.00159037 9.60815
-0.00159031 9.60938

-0.00159031 9.60938
-0.00159025 9.6106

-0.00159025 9.6106
-0.00159018 9.61182

-0.00159018 9.61182
-0.00159012 9.61304

-0.00159012 9.61304
-0.00159006 9.61426

-0.00159006 9.61426
-0.00159 9.61548

-0.00159 9.61548
-0.00158994 9.6167

-0.00158994 9.6167
-0.00158988 9.61792

-0.00158988 9.61792
-0.00158982 9.61914

-0.00158982 9.61914
-0.00158976 9.62036

-0.00158976 9.62036
-0.0015897 9.62158

-0.0015897 9.62158
-0.00158964 9.6228

-0.00158964 9.6228
-0.00158958 9.62402

-0.00158958 9.62402
-0.00158952 9.62524

-0.00158952 9.62524
-0.00158946 9.62646

-0.00158946 9.62646
-0.0015894 9.62769

-0.0015894 9.62769
-0.00158934 9.62891

-0.00158934 9.62891
-0.00158928 9.63013

-0.00158928 9.63013
-0.00158922 9.63135

-0.00158922 9.63135
-0.00158917 9.63257

-0.00158917 9.63257
-0.00158911 9.63379

-0.00158911 9.63379
-0.00158905 9.63501

-0.00158905 9.63501
-0.00158899 9.63623

-0.00158899 9.63623
-0.00158893 9.63745

-0.00158893 9.63745
-0.00158888 9.63867

-0.00158888 9.63867
-0.00158882 9.63989

-0.00158882 9.63989
-0.00158876 9.64111

-0.00158876 9.64111
-0.00158871 9.64233

-0.00158871 9.64233
-0.00158865 9.64355

-0.00158865 9.64355
-0.00158859 9.64478

-0.00158859 9.64478
-0.00158854 9.646

-0.00158854 9.646
-0.00158848 9.64722

-0.00158848 9.64722
-0.00158842 9.64844

-0.00158842 9.64844
-0.00158837 9.64966

-0.00158837 9.64966
-0.00158831 9.65088

-0.00158831 9.65088
-0.00158826 9.6521

-0.00158826 9.6521
-0.0015882 9.65332

-0.0015882 9.65332
-0.00158815 9.65454

-0.00158815 9.65454
-0.00158809 9.65576

-0.00158809 9.65576
-0.00158804 9.65698

-0.00158804 9.65698
-0.00158799 9.6582

-0.00158799 9.6582
-0.00158793 9.65942

-0.00158793 9.65942
-0.00158788 9.66064

-0.00158788 9.66064
-0.00158782 9.66187

-0.00158782 9.66187
-0.00158777 9.66309

-0.00158777 9.66309
-0.00158772 9.66431

-0.00158772 9.66431
-0.00158767 9.66553

-0.00158767 9.66553
-0.00158761 9.66675

-0.00158761 9.66675
-0.00158756 9.66797

-0.00158756 9.66797
-0.00158751 9.66919

-0.00158751 9.66919
-0.00158746 9.67041

-0.00158746 9.67041
-0.0015874 9.67163

-0.0015874 9.67163
-0.00158735 9.67285

-0.00158735 9.67285
-0.0015873 9.67407

-0.0015873 9.67407
-0.00158725 9.67529

-0.00158725 9.67529
-0.0015872 9.67651

-0.0015872 9.67651
-0.00158715 9.67773

-0.00158715 9.67773
-0.0015871 9.67896

-0.0015871 9.67896
-0.00158705 9.68018

-0.00158705 9.68018
-0.001587 9.6814

-0.001587 9.6814
-0.00158695 9.68262

-0.00158695 9.68262
-0.0015869 9.68384

-0.0015869 9.68384
-0.00158685 9.68506

-0.00158685 9.68506
-0.0015868 9.68628

-0.0015868 9.68628
-0.00158675 9.6875

-0.00158675 9.6875
-0.0015867 9.68872

-0.0015867 9.68872
-0.00158665 9.68994

-0.00158665 9.68994
-0.0015866 9.69116

-0.0015866 9.69116
-0.00158655 9.69238

-0.00158655 9.69238
-0.0015865 9.6936

-0.0015865 9.6936
-0.00158645 9.69482

-0.00158645 9.69482
-0.00158641 9.69604

-0.00158641 9.69604
-0.00158636 9.69727

-0.00158636 9.69727
-0.00158631 9.69849

-0.00158631 9.69849
-0.00158626 9.69971

-0.00158626 9.69971
-0.00158622 9.70093

-0.00158622 9.70093
-0.00158617 9.70215

-0.00158617 9.70215
-0.00158612 9.70337

-0.00158612 9.70337
-0.00158608 9.70459

-0.00158608 9.70459
-0.00158603 9.70581

-0.00158603 9.70581
-0.00158598 9.70703

-0.00158598 9.70703
-0.00158594 9.70825

-0.00158594 9.70825
-0.00158589 9.70947

-0.00158589 9.70947
-0.00158585 9.71069

-0.00158585 9.71069
-0.0015858 9.71191

-0.0015858 9.71191
-0.00158576 9.71313

-0.00158576 9.71313
-0.00158571 9.71436

-0.00158571 9.71436
-0.00158567 9.71558

-0.00158567 9.71558
-0.00158562 9.7168

-0.00158562 9.7168
-0.00158558 9.71802

-0.00158558 9.71802
-0.00158553 9.71924

-0.00158553 9.71924
-0.00158549 9.72046

-0.00158549 9.72046
-0.00158545 9.72168

-0.00158545 9.72168
-0.0015854 9.7229

-0.0015854 9.7229
-0.00158536 9.72412

-0.00158536 9.72412
-0.00158532 9.72534

-0.00158532 9.72534
-0.00158527 9.72656

-0.00158527 9.72656
-0.00158523 9.72778

-0.00158523 9.72778
-0.00158519 9.729

-0.00158519 9.729
-0.00158514 9.73022

-0.00158514 9.73022
-0.0015851 9.73145

-0.0015851 9.73145
-0.00158506 9.73267

-0.00158506 9.73267
-0.00158502 9.73389

-0.00158502 9.73389
-0.00158498 9.73511

-0.00158498 9.73511
-0.00158494 9.73633

-0.00158494 9.73633
-0.00158489 9.73755

-0.00158489 9.73755
-0.00158485 9.73877

-0.00158485 9.73877
-0.00158481 9.73999

-0.00158481 9.73999
-0.00158477 9.74121

-0.00158477 9.74121
-0.00158473 9.74243

-0.00158473 9.74243
-0.00158469 9.74365

-0.00158469 9.74365
-0.00158465 9.74487

-0.00158465 9.74487
-0.00158461 9.74609

-0.00158461 9.74609
-0.00158457 9.74731

-0.00158457 9.74731
-0.00158453 9.74854

-0.00158453 9.74854
-0.00158449 9.74976

-0.00158449 9.74976
-0.00158445 9.75098

-0.00158445 9.75098
-0.00158441 9.7522

-0.00158441 9.7522
-0.00158438 9.75342

-0.00158438 9.75342
-0.00158434 9.75464

-0.00158434 9.75464
-0.0015843 9.75586

-0.0015843 9.75586
-0.00158426 9.75708

-0.00158426 9.75708
-0.00158422 9.7583

-0.00158422 9.7583
-0.00158419 9.75952

-0.00158419 9.75952
-0.00158415 9.76074

-0.00158415 9.76074
-0.00158411 9.76196

-0.00158411 9.76196
-0.00158407 9.76318

-0.00158407 9.76318
-0.00158404 9.7644

-0.00158404 9.7644
-0.001584 9.76562

-0.001584 9.76562
-0.00158396 9.76685

-0.00158396 9.76685
-0.00158393 9.76807

-0.00158393 9.76807
-0.00158389 9.76929

-0.00158389 9.76929
-0.00158385 9.77051

-0.00158385 9.77051
-0.00158382 9.77173

-0.00158382 9.77173
-0.00158378 9.77295

-0.00158378 9.77295
-0.00158375 9.77417

-0.00158375 9.77417
-0.00158371 9.77539

-0.00158371 9.77539
-0.00158368 9.77661

-0.00158368 9.77661
-0.00158364 9.77783

-0.00158364 9.77783
-0.00158361 9.77905

-0.00158361 9.77905
-0.00158357 9.78027

-0.00158357 9.78027
-0.00158354 9.78149

-0.00158354 9.78149
-0.0015835 9.78271

-0.0015835 9.78271
-0.00158347 9.78394

-0.00158347 9.78394
-0.00158344 9.78516

-0.00158344 9.78516
-0.0015834 9.78638

-0.0015834 9.78638
-0.00158337 9.7876

-0.00158337 9.7876
-0.00158334 9.78882

-0.00158334 9.78882
-0.0015833 9.79004

-0.0015833 9.79004
-0.00158327 9.79126

-0.00158327 9.79126
-0.00158324 9.79248

-0.00158324 9.79248
-0.00158321 9.7937

-0.00158321 9.7937
-0.00158317 9.79492

-0.00158317 9.79492
-0.00158314 9.79614

-0.00158314 9.79614
-0.00158311 9.79736

-0.00158311 9.79736
-0.00158308 9.79858

-0.00158308 9.79858
-0.00158305 9.7998

-0.00158305 9.7998
-0.00158302 9.80103

-0.00158302 9.80103
-0.00158299 9.80225

-0.00158299 9.80225
-0.00158296 9.80347

-0.00158296 9.80347
-0.00158292 9.80469

-0.00158292 9.80469
-0.00158289 9.80591

-0.00158289 9.80591
-0.00158286 9.80713

-0.00158286 9.80713
-0.00158283 9.80835

-0.00158283 9.80835
-0.0015828 9.80957

-0.0015828 9.80957
-0.00158277 9.81079

-0.00158277 9.81079
-0.00158275 9.81201

-0.00158275 9.81201
-0.00158272 9.81323

-0.00158272 9.81323
-0.00158269 9.81445

-0.00158269 9.81445
-0.00158266 9.81567

-0.00158266 9.81567
-0.00158263 9.81689

-0.00158263 9.81689
-0.0015826 9.81812

-0.0015826 9.81812
-0.00158257 9.81934

-0.00158257 9.81934
-0.00158254 9.82056

-0.00158254 9.82056
-0.00158252 9.82178

-0.00158252 9.82178
-0.00158249 9.823

-0.00158249 9.823
-0.00158246 9.82422

-0.00158246 9.82422
-0.00158243 9.82544

-0.00158243 9.82544
-0.00158241 9.82666

-0.00158241 9.82666
-0.00158238 9.82788

-0.00158238 9.82788
-0.00158235 9.8291

-0.00158235 9.8291
-0.00158233 9.83032

-0.00158233 9.83032
-0.0015823 9.83154

-0.0015823 9.83154
-0.00158227 9.83276

-0.00158227 9.83276
-0.00158225 9.83398

-0.00158225 9.83398
-0.00158222 9.83521

-0.00158222 9.83521
-0.0015822 9.83643

-0.0015822 9.83643
-0.00158217 9.83765

-0.00158217 9.83765
-0.00158215 9.83887

-0.00158215 9.83887
-0.00158212 9.84009

-0.00158212 9.84009
-0.0015821 9.84131

-0.0015821 9.84131
-0.00158207 9.84253

-0.00158207 9.84253
-0.00158205 9.84375

-0.00158205 9.84375
-0.00158202 9.84497

-0.00158202 9.84497
-0.001582 9.84619

-0.001582 9.84619
-0.00158197 9.84741

-0.00158197 9.84741
-0.00158195 9.84863

-0.00158195 9.84863
-0.00158193 9.84985

-0.00158193 9.84985
-0.0015819 9.85107

-0.0015819 9.85107
-0.00158188 9.85229

-0.00158188 9.85229
-0.00158186 9.85352

-0.00158186 9.85352
-0.00158184 9.85474

-0.00158184 9.85474
-0.00158181 9.85596

-0.00158181 9.85596
-0.00158179 9.85718

-0.00158179 9.85718
-0.00158177 9.8584

-0.00158177 9.8584
-0.00158175 9.85962

-0.00158175 9.85962
-0.00158172 9.86084

-0.00158172 9.86084
-0.0015817 9.86206

-0.0015817 9.86206
-0.00158168 9.86328

-0.00158168 9.86328
-0.00158166 9.8645

-0.00158166 9.8645
-0.00158164 9.86572

-0.00158164 9.86572
-0.00158162 9.86694

-0.00158162 9.86694
-0.0015816 9.86816

-0.0015816 9.86816
-0.00158158 9.86938

-0.00158158 9.86938
-0.00158156 9.87061

-0.00158156 9.87061
-0.00158154 9.87183

-0.00158154 9.87183
-0.00158152 9.87305

-0.00158152 9.87305
-0.0015815 9.87427

-0.0015815 9.87427
-0.00158148 9.87549

-0.00158148 9.87549
-0.00158146 9.87671

-0.00158146 9.87671
-0.00158144 9.87793

-0.00158144 9.87793
-0.00158142 9.87915

-0.00158142 9.87915
-0.0015814 9.88037

-0.0015814 9.88037
-0.00158138 9.88159

-0.00158138 9.88159
-0.00158137 9.88281

-0.00158137 9.88281
-0.00158135 9.88403

-0.00158135 9.88403
-0.00158133 9.88525

-0.00158133 9.88525
-0.00158131 9.88647

-0.00158131 9.88647
-0.00158129 9.8877

-0.00158129 9.8877
-0.00158128 9.88892

-0.00158128 9.88892
-0.00158126 9.89014

-0.00158126 9.89014
-0.00158124 9.89136

-0.00158124 9.89136
-0.00158123 9.89258

-0.00158123 9.89258
-0.00158121 9.8938

-0.00158121 9.8938
-0.00158119 9.89502

-0.00158119 9.89502
-0.00158118 9.89624

-0.00158118 9.89624
-0.00158116 9.89746

-0.00158116 9.89746
-0.00158115 9.89868

-0.00158115 9.89868
-0.00158113 9.8999

-0.00158113 9.8999
-0.00158111 9.90112

-0.00158111 9.90112
-0.0015811 9.90234

-0.0015811 9.90234
-0.00158108 9.90356

-0.00158108 9.90356
-0.00158107 9.90479

-0.00158107 9.90479
-0.00158105 9.90601

-0.00158105 9.90601
-0.00158104 9.90723

-0.00158104 9.90723
-0.00158103 9.90845

-0.00158103 9.90845
-0.00158101 9.90967

-0.00158101 9.90967
-0.001581 9.91089

-0.001581 9.91089
-0.00158098 9.91211

-0.00158098 9.91211
-0.00158097 9.91333

-0.00158097 9.91333
-0.00158096 9.91455

-0.00158096 9.91455
-0.00158094 9.91577

-0.00158094 9.91577
-0.00158093 9.91699

-0.00158093 9.91699
-0.00158092 9.91821

-0.00158092 9.91821
-0.00158091 9.91943

-0.00158091 9.91943
-0.00158089 9.92065

-0.00158089 9.92065
-0.00158088 9.92188

-0.00158088 9.92188
-0.00158087 9.9231

-0.00158087 9.9231
-0.00158086 9.92432

-0.00158086 9.92432
-0.00158085 9.92554

-0.00158085 9.92554
-0.00158083 9.92676

-0.00158083 9.92676
-0.00158082 9.92798

-0.00158082 9.92798
-0.00158081 9.9292

-0.00158081 9.9292
-0.0015808 9.93042

-0.0015808 9.93042
-0.00158079 9.93164

-0.00158079 9.93164
-0.00158078 9.93286

-0.00158078 9.93286
-0.00158077 9.93408

-0.00158077 9.93408
-0.00158076 9.9353

-0.00158076 9.9353
-0.00158075 9.93652

-0.00158075 9.93652
-0.00158074 9.93774

-0.00158074 9.93774
-0.00158073 9.93896

-0.00158073 9.93896
-0.00158072 9.94019

-0.00158072 9.94019
-0.00158071 9.94141

-0.00158071 9.94141
-0.0015807 9.94263

-0.0015807 9.94263
-0.00158069 9.94385

-0.00158069 9.94385
-0.00158069 9.94507

-0.00158069 9.94507
-0.00158068 9.94629

-0.00158068 9.94629
-0.00158067 9.94751

-0.00158067 9.94751
-0.00158066 9.94873

-0.00158066 9.94873
-0.00158065 9.94995

-0.00158065 9.94995
-0.00158065 9.95117

-0.00158065 9.95117
-0.00158064 9.95239

-0.00158064 9.95239
-0.00158063 9.95361

-0.00158063 9.95361
-0.00158062 9.95483

-0.00158062 9.95483
-0.00158062 9.95605

-0.00158062 9.95605
-0.00158061 9.95728

-0.00158061 9.95728
-0.0015806 9.9585

-0.0015806 9.9585
-0.0015806 9.95972

-0.0015806 9.95972
-0.00158059 9.96094

-0.00158059 9.96094
-0.00158059 9.96216

-0.00158059 9.96216
-0.00158058 9.96338

-0.00158058 9.96338
-0.00158057 9.9646

-0.00158057 9.9646
-0.00158057 9.96582

-0.00158057 9.96582
-0.00158056 9.96704

-0.00158056 9.96704
-0.00158056 9.96826

-0.00158056 9.96826
-0.00158055 9.96948

-0.00158055 9.96948
-0.00158055 9.9707

-0.00158055 9.9707
-0.00158054 9.97192

-0.00158054 9.97192
-0.00158054 9.97314

-0.00158054 9.97314
-0.00158054 9.97437

-0.00158054 9.97437
-0.00158053 9.97559

-0.00158053 9.97559
-0.00158053 9.97681

-0.00158053 9.97681
-0.00158052 9.97803

-0.00158052 9.97803
-0.00158052 9.97925

-0.00158052 9.97925
-0.00158052 9.98047

-0.00158052 9.98047
-0.00158052 9.98169

-0.00158052 9.98169
-0.00158051 9.98291

-0.00158051 9.98291
-0.00158051 9.98413

-0.00158051 9.98413
-0.00158051 9.98535

-0.00158051 9.98535
-0.00158051 9.98657

-0.00158051 9.98657
-0.0015805 9.98779

-0.0015805 9.98779
-0.0015805 9.98901

-0.0015805 9.98901
-0.0015805 9.99023

-0.0015805 9.99023
-0.0015805 9.99146

-0.0015805 9.99146
-0.0015805 9.99268

-0.0015805 9.99268
-0.0015805 9.9939

-0.0015805 9.9939
-0.0015805 9.99512

-0.0015805 9.99512
-0.0015805 9.99634

-0.0015805 9.99634
-0.00158049 9.99756

-0.00158049 9.99756
-0.00158049 9.99878

-0.00158049 9.99878
-0.00158049 10

