-1.66496 0.0
-1.66495 0.000610352

-1.66495 0.000610352
-1.66491 0.0012207

-1.66491 0.0012207
-1.66485 0.00183105

-1.66485 0.00183105
-1.66477 0.00244141

-1.66477 0.00244141
-1.66467 0.0030058

-1.66467 0.00300746
-1.66467 0.00305176

-1.66467 0.00305176
-1.66453 0.00366211

-1.66453 0.00366211
-1.66438 0.00427246

-1.66438 0.00427246
-1.66419 0.00488281

-1.66419 0.00488281
-1.66406 0.00525869

-1.66406 0.00526077
-1.66398 0.00549316

-1.66398 0.00549316
-1.66374 0.00610352

-1.66374 0.00610352
-1.66347 0.00671387

-1.66347 0.00671387
-1.66345 0.00674585

-1.66345 0.00674621
-1.66316 0.00732422

-1.66316 0.00732422
-1.66284 0.00789275

-1.66284 0.00789606
-1.66282 0.00793457

-1.66282 0.00793457
-1.66244 0.00854492

-1.66243 0.00854492
-1.66223 0.00883658

-1.66223 0.00883657
-1.66201 0.00915527

-1.66201 0.00915527
-1.66162 0.00964582

-1.66162 0.00964834
-1.66153 0.00976562

-1.66153 0.00976562
-1.66101 0.0103497

-1.66101 0.0103479
-1.66098 0.010376

-1.66099 0.010376
-1.6604 0.0109648

-1.6604 0.0109563
-1.66037 0.0109863

-1.66038 0.0109863
-1.65979 0.0115054

-1.65979 0.0114949
-1.65966 0.0115967

-1.65967 0.0115967
-1.65918 0.0119812

-1.65918 0.0119757
-1.65884 0.012207

-1.65885 0.012207
-1.65857 0.0123992

-1.65857 0.0123959
-1.65796 0.0127663

-1.65796 0.0127585
-1.65785 0.0128174

-1.65787 0.0128174
-1.65735 0.0130923

-1.65735 0.0130885
-1.65674 0.0133696

-1.65674 0.0133635
-1.65658 0.0134277

-1.6566 0.0134277
-1.65613 0.0136138

-1.65613 0.0136104
-1.65552 0.0138132

-1.65552 0.0138127
-1.65491 0.0139803

-1.65491 0.0139766
-1.65462 0.0140381

-1.65466 0.0140381
-1.6543 0.0141162

-1.6543 0.0141126
-1.65369 0.0142111

-1.65369 0.0142109
-1.65308 0.0142766

-1.65308 0.0142765
-1.65247 0.0143099

-1.65247 0.0143098
-1.65186 0.0143111

-1.65186 0.0143111
-1.65125 0.0142803

-1.65125 0.0142804
-1.65063 0.0142174

-1.65063 0.0142175
-1.65002 0.014122

-1.64941 0.0139957
-1.64961 0.0140381

-1.65002 0.0141212
-1.64963 0.0140381

-1.64941 0.0139939
-1.6488 0.0138307

-1.6488 0.0138309
-1.64819 0.0136324

-1.64758 0.0134008
-1.64765 0.0134277

-1.64758 0.0133997
-1.64697 0.0131257

-1.64819 0.0136323
-1.64766 0.0134277

-1.64514 0.0120521
-1.64537 0.012207

-1.64453 0.0115923
-1.64454 0.0115967

-1.64514 0.0120482
-1.64454 0.0115967

-1.64636 0.0128136
-1.64637 0.0128174

-1.64697 0.0131244
-1.64638 0.0128174

-1.64636 0.0128135
-1.64575 0.0124555

-1.64575 0.0124524
-1.64538 0.012207

-1.63965 0.0039792
-1.63973 0.00427246

-1.63973 0.00427246
-1.63992 0.00488281

-1.64209 0.00905929
-1.64216 0.00915527

-1.64216 0.00915527
-1.64265 0.00976562

-1.64087 0.00711741
-1.64098 0.00732422

-1.64026 0.00580264
-1.64038 0.00610352

-1.63992 0.00488281
-1.64013 0.00549316

-1.64026 0.00580188
-1.64013 0.00549316

-1.64038 0.00610352
-1.64066 0.00671387

-1.64087 0.00711691
-1.64066 0.00671387

-1.64148 0.00817119
-1.64172 0.00854492

-1.64098 0.00732422
-1.64133 0.00793457

-1.64148 0.00817114
-1.64133 0.00793457

-1.64209 0.00905847
-1.64172 0.00854492

-1.63913 0.0
-1.63914 0.000610352

-1.63914 0.000610352
-1.63917 0.0012207

-1.63917 0.0012207
-1.63923 0.00183105

-1.63923 0.00183105
-1.63932 0.00244141

-1.63932 0.00244141
-1.63943 0.00305176

-1.63943 0.00305176
-1.63956 0.00366211

-1.63965 0.00397864
-1.63956 0.00366211

-1.64331 0.0104905
-1.64383 0.0109863

-1.64453 0.0115923
-1.64392 0.0110744

-1.64392 0.0110664
-1.64383 0.0109863

-1.6427 0.00982418
-1.6432 0.010376

-1.64331 0.0104815
-1.64321 0.010376

-1.6427 0.00981652
-1.64266 0.00976562

-1.6183 0.0
-1.61829 3.85972e-05

-1.61829 3.05684e-05
-1.61802 0.000610352

-1.61808 0.000610352
-1.61768 0.000976251

-1.61768 0.000923097
-1.61707 0.00112447

-1.61707 0.00108013
-1.61646 0.000934066

-1.61646 0.000836096
-1.61584 0.000627212

-1.61523 0.00054008
-1.61567 0.000610352

-1.61584 0.000634964
-1.61566 0.000610352

-1.61523 0.000569826
-1.61462 0.000573088

-1.61462 0.000589538
-1.61401 0.000591865

-1.61401 0.000571782
-1.6134 0.000575787

-1.6134 0.000587421
-1.61279 0.000601992

-1.61279 0.000591372
-1.61218 0.000585338

-1.61218 0.000591648
-1.61157 0.000585697

-1.61157 0.000577962
-1.61096 0.000586847

-1.61096 0.000596098
-1.61035 0.000599017

-1.61035 0.000595037
-1.60974 0.000575612

-1.60974 0.000568107
-1.60913 0.000588158

-1.60913 0.00060542
-1.60852 0.000605331

-1.60852 0.00058906
-1.60791 0.000567027

-1.60791 0.000572573
-1.6073 0.00059411

-1.6073 0.000596102
-1.60669 0.000603059

-1.60669 0.00060075
-1.60608 0.000579848

-1.60669 0.0006105
-1.60668 0.000610352

-1.60608 0.000576538
-1.60547 0.00058082

-1.60547 0.00059833
-1.60486 0.000590834

-1.60486 0.000567245
-1.60425 0.00057512

-1.60425 0.000605513
-1.60364 0.0005994

-1.60364 0.000577635
-1.60303 0.000552505

-1.60303 0.000569551
-1.60242 0.0005851

-1.60242 0.000574871
-1.60181 0.000586366

-1.60181 0.000585664
-1.6012 0.000591977

-1.6012 0.000585213
-1.60059 0.00058865

-1.60059 0.000571052
-1.60002 0.000610352

-1.60002 0.000610352
-1.59998 0.000613207

-1.59998 0.000549126
-1.59975 0.000610352

-1.59991 0.000610352
-1.59937 0.00074799

-1.59937 0.000810645
-1.59875 0.000994086

-1.59875 0.000975136
-1.59814 0.00107869

-1.59814 0.00108096
-1.59753 0.00113799

-1.59753 0.00113662
-1.59692 0.00114535

-1.59692 0.00114056
-1.59631 0.00111328

-1.59631 0.00117553
-1.5957 0.000997327

-1.59536 0.0
-1.59532 0.000610352

-1.5957 0.00121534
-1.59509 0.000820415

-1.59504 0.0
-1.59496 0.000610352

-1.59509 0.00117928
-1.59452 0.000610352

-1.59448 0.000519476
-1.59387 0.000112867

-1.59387 0.000166788
-1.59337 0.0

-1.59319 0.0
-1.59265 0.000543837

-1.59265 0.000383035
-1.59204 0.000382739

-1.59204 0.000474204
-1.59143 5.24275e-06

-1.59143 0.000246625
-1.59082 1.13601e-05

-1.59082 0.000208792
-1.59021 0.000102732

-1.59021 0.000285158
-1.58979 0.0

-1.5896 0.000320508
-1.58936 0.0

-1.58838 0.0
-1.58838 2.91807e-05

-1.58846 0.000610352
-1.58838 0.000952121

-1.58836 0.0
-1.58837 0.000610352

-1.58838 0.000824381
-1.58831 0.0012207

-1.58834 0.0012207
-1.58795 0.00183105

-1.58798 0.00183105
-1.58777 0.00205288

-1.58777 0.00201475
-1.58719 0.00244141

-1.58716 0.00239489
-1.58701 0.00244141

-1.58714 0.00244141
-1.58655 0.00262953

-1.58655 0.0026148
-1.58594 0.00263776

-1.58472 0.00222325
-1.58514 0.00244141

-1.58354 0.0
-1.58362 0.000610352

-1.58361 0.000610352
-1.58384 0.0012207

-1.58411 0.0016259
-1.58426 0.00183105

-1.58472 0.00221152
-1.58428 0.00183105

-1.58411 0.00160153
-1.58384 0.0012207

-1.58594 0.00263758
-1.58533 0.00250812

-1.58533 0.00246861
-1.58527 0.00244141

-1.57778 0.0
-1.57739 0.00050296

-1.57739 0.00030067
-1.57678 0.000182472

-1.57666 0.0
-1.57617 0.00028119

-1.57617 0.000252833
-1.57556 0.000566573

-1.57559 0.000610352
-1.57556 0.000614838

-1.57495 2.64435e-05
-1.57554 0.000610352

-1.57556 0.000620835
-1.57553 0.000610352

-1.57495 0.000130434
-1.57454 0.0

-1.5743 0.0
-1.57373 0.000553336

-1.57373 0.00030855
-1.57312 0.000358955

-1.57312 0.000279702
-1.57251 0.000300833

-1.57251 0.00049365
-1.5719 0.000202999

-1.5719 0.000347763
-1.57149 0.0

-1.57129 0.0
-1.57068 0.00028399

-1.57068 0.000126702
-1.57007 0.000292938

-1.57007 0.000206985
-1.56946 0.000217245

-1.56946 0.000195084
-1.56885 0.000234065

-1.56885 0.000187436
-1.56824 0.000273919

-1.56824 0.000195145
-1.56763 0.000322294

-1.56763 0.000286136
-1.56702 0.000321299

-1.56702 0.000547953
-1.56641 1.35364e-05

-1.56641 2.61061e-05
-1.5658 5.31536e-05

-1.56577 0.0
-1.56519 0.000605088

-1.56519 0.00038619
-1.56458 0.000386256

-1.56458 0.000572195
-1.56396 8.60578e-06

-1.5639 0.0
-1.56335 0.000150407

-1.56335 0.000115582
-1.56274 0.000608985

-1.56274 0.000574998
-1.56213 0.000194921

-1.56213 0.000322192
-1.56173 0.0

-1.5614 0.0
-1.56091 0.000445119

-1.56091 0.000239324
-1.5603 0.000468512

-1.5603 0.000589851
-1.55969 6.82438e-05

-1.55969 0.000168348
-1.55932 0.0

-1.55899 0.0
-1.55847 0.000542461

-1.55847 0.000508599
-1.55786 0.000199135

-1.55786 0.000212006
-1.55751 0.0

-1.55716 0.0
-1.55664 0.000498481

-1.55664 0.000404071
-1.55603 0.000226509

-1.55603 0.000358967
-1.55562 0.0

-1.55542 0.000369304
-1.55503 0.0

-1.55481 0.000520155
-1.55473 0.000610352

-1.55359 0.000454479
-1.55361 0.000610352

-1.55396 0.000610352
-1.55369 0.0012207

-1.55354 0.0
-1.55349 0.000610352

-1.55359 0.000740369
-1.55298 0.00119419

-1.55298 0.00107915
-1.55237 0.00121256

-1.55237 0.00117142
-1.55176 0.00114815

-1.55237 0.00122124
-1.55235 0.0012207

-1.55176 0.00114289
-1.55115 0.00105574

-1.55115 0.00108049
-1.55054 0.000890492

-1.54993 0.000553463
-1.55007 0.000610352

-1.55054 0.000831159
-1.54993 0.000621286

-1.54932 0.00047734
-1.54977 0.000610352

-1.54993 0.000644111
-1.54975 0.000610352

-1.54932 0.000522307
-1.54871 0.000442458

-1.54871 0.000482277
-1.5481 0.000484703

-1.5481 0.000487845
-1.54749 0.000481773

-1.54749 0.000481772
-1.54688 0.000473065

-1.54688 0.000473097
-1.54626 0.000479106

-1.54626 0.000479888
-1.54565 0.000486968

-1.54565 0.000487978
-1.54504 0.000478385

-1.54504 0.000478074
-1.54443 0.000469597

-1.54443 0.00047268
-1.54382 0.00047673

-1.54382 0.000476367
-1.54321 0.000479404

-1.54321 0.000481601
-1.5426 0.000473882

-1.5426 0.000472788
-1.54199 0.000467546

-1.54199 0.000470778
-1.54138 0.000474221

-1.54138 0.000474437
-1.54077 0.000472783

-1.54077 0.000476796
-1.54016 0.000464895

-1.54016 0.000464198
-1.53955 0.00045922

-1.53955 0.000467033
-1.53894 0.000464701

-1.53894 0.000461482
-1.53833 0.000457272

-1.53833 0.000462845
-1.53772 0.000460471

-1.53772 0.000479344
-1.53711 0.000434662

-1.53711 0.000458609
-1.5365 0.000377173

-1.5365 0.00041063
-1.53589 0.00035436

-1.53589 0.000376979
-1.53528 0.000363349

-1.53528 0.000379778
-1.53467 0.000362967

-1.53467 0.00035861
-1.53406 0.000354733

-1.53406 0.000368226
-1.53345 0.000368367

-1.53345 0.000298627
-1.53284 0.000414939

-1.53284 0.00023813
-1.53235 0.000610352

-1.53238 0.000610352
-1.53223 0.000693511

-1.53223 0.000710418
-1.53168 0.0012207

-1.53175 0.0012207
-1.53162 0.00135211

-1.53162 0.00138371
-1.53101 0.00183105

-1.53101 0.00183105
-1.53101 0.00183321

-1.53093 0.00183105
-1.5304 0.00200775

-1.5304 0.00200212
-1.52979 0.00202291

-1.52917 0.00179954
-1.52928 0.00183105

-1.52979 0.00203911
-1.52917 0.00186377

-1.52856 0.00142854
-1.52908 0.00183105

-1.52917 0.00187001
-1.52911 0.00183105

-1.52796 0.0
-1.52806 0.000610352

-1.52804 0.000610352
-1.52838 0.0012207

-1.52856 0.00145964
-1.52835 0.0012207

-1.50244 0.0
-1.50232 0.000271497

-1.50232 0.000240081
-1.50195 0.000610352

-1.50172 0.000610352
-1.50171 0.000616077

-1.50171 0.000537601
-1.5011 0.000587189

-1.50114 0.000610352
-1.5011 0.000611844

-1.5011 0.000551062
-1.50049 0.000547189

-1.5011 0.000611037
-1.50088 0.000610352

-1.50049 0.000558132
-1.49988 0.000558956

-1.49927 0.000447081
-1.49972 0.000610352

-1.49988 0.000612905
-1.49986 0.000610352

-1.4987 0.0
-1.49916 0.000610352

-1.49927 0.000632356
-1.49922 0.000610352

-1.49866 7.71818e-05
-1.49859 0.0

-1.49779 0.0
-1.49744 0.000519531

-1.49744 0.000472464
-1.49683 0.00013359

-1.49683 0.000169493
-1.49677 0.0

-1.3418 0.0389918
-1.34187 0.0390625

-1.34119 0.0384455
-1.34119 0.0384521

-1.34149 0.0387157
-1.34154 0.0387573

-1.3418 0.0389915
-1.34154 0.0387573

-1.34149 0.0387155
-1.34119 0.0384521

-1.34119 0.0384456
-1.34088 0.0381816

-1.34058 0.0379233
-1.34084 0.038147

-1.34088 0.0381817
-1.34084 0.038147

-1.34027 0.0376709
-1.34048 0.0378418

-1.33997 0.037424
-1.34011 0.0375366

-1.34027 0.0376694
-1.34011 0.0375366

-1.33966 0.0371803
-1.33973 0.0372314

-1.33966 0.0371798
-1.33936 0.0369418

-1.33997 0.0374224
-1.33973 0.0372314

-1.34058 0.037923
-1.34048 0.0378418

-1.33875 0.0364793
-1.33893 0.0366211

-1.33844 0.036255
-1.33852 0.0363159

-1.33875 0.0364788
-1.33852 0.0363159

-1.33844 0.036254
-1.33813 0.0360331

-1.33722 0.0353928
-1.33723 0.0354004

-1.33722 0.035393
-1.33691 0.0351867

-1.33783 0.0358161
-1.3381 0.0360107

-1.33752 0.035603
-1.33767 0.0357056

-1.33783 0.0358158
-1.33767 0.0357056

-1.33813 0.0360329
-1.3381 0.0360107

-1.33752 0.0356025
-1.33723 0.0354004

-1.33905 0.0367082
-1.33934 0.0369263

-1.33936 0.0369418
-1.33934 0.0369263

-1.33905 0.0367072
-1.33893 0.0366211

-1.33508 0.0340156
-1.33535 0.0341797

-1.33478 0.033831
-1.33485 0.0338745

-1.33508 0.0340153
-1.33485 0.0338745

-1.33478 0.0338305
-1.33447 0.0336481

-1.33325 0.0329441
-1.33328 0.032959

-1.33417 0.0334685
-1.33434 0.0335693

-1.33417 0.0334682
-1.33386 0.033291

-1.33447 0.0336479
-1.33434 0.0335693

-1.33356 0.0331163
-1.33382 0.0332642

-1.33386 0.0332909
-1.33382 0.0332642

-1.33356 0.033116
-1.33328 0.032959

-1.33325 0.0329438
-1.33295 0.0327736

-1.33264 0.0326058
-1.33273 0.0326538

-1.33295 0.0327733
-1.33273 0.0326538

-1.33203 0.0322762
-1.33217 0.0323486

-1.33264 0.0326056
-1.33234 0.0324397

-1.33234 0.0324395
-1.33217 0.0323486

-1.3363 0.0347839
-1.33631 0.03479

-1.33661 0.0349839
-1.33678 0.0350952

-1.33691 0.0351864
-1.33678 0.0350952

-1.33661 0.0349835
-1.33631 0.03479

-1.3363 0.0347841
-1.336 0.0345876

-1.33569 0.0343941
-1.33584 0.0344849

-1.336 0.0345872
-1.33584 0.0344849

-1.33569 0.0343938
-1.33539 0.0342032

-1.33539 0.0342029
-1.33535 0.0341797

-1.32562 0.0292403
-1.32576 0.0292969

-1.32562 0.0292402
-1.32532 0.0291115

-1.32501 0.0289842
-1.32503 0.0289917

-1.32532 0.0291114
-1.32503 0.0289917

-1.32501 0.0289842
-1.32471 0.0288579

-1.3241 0.0286089
-1.32429 0.0286865

-1.32471 0.0288578
-1.3244 0.0287327

-1.3244 0.0287326
-1.32429 0.0286865

-1.3241 0.0286088
-1.32379 0.0284859

-1.32349 0.0283643
-1.32353 0.0283813

-1.32379 0.0284858
-1.32353 0.0283813

-1.32257 0.0280053
-1.32275 0.0280762

-1.32257 0.0280052
-1.32227 0.0278875

-1.32349 0.0283642
-1.32318 0.0282435

-1.32318 0.0282434
-1.32288 0.0281237

-1.32288 0.0281237
-1.32275 0.0280762

-1.33081 0.0316413
-1.331 0.0317383

-1.33081 0.0316411
-1.33051 0.0314871

-1.3302 0.0313351
-1.3304 0.0314331

-1.33051 0.031487
-1.3304 0.0314331

-1.32959 0.0310359
-1.32978 0.0311279

-1.3302 0.0313349
-1.3299 0.0311845

-1.3299 0.0311843
-1.32978 0.0311279

-1.33203 0.032276
-1.33173 0.0321143

-1.33142 0.0319549
-1.33159 0.0320435

-1.33173 0.0321142
-1.33159 0.0320435

-1.33142 0.0319547
-1.33112 0.0317969

-1.33112 0.0317968
-1.331 0.0317383

-1.32837 0.0304572
-1.3285 0.0305176

-1.32959 0.0310357
-1.32928 0.0308887

-1.32898 0.0307434
-1.32915 0.0308228

-1.32928 0.0308885
-1.32915 0.0308228

-1.32898 0.0307432
-1.32867 0.0305993

-1.32867 0.0305992
-1.3285 0.0305176

-1.32837 0.0304571
-1.32806 0.0303162

-1.32776 0.0301771
-1.32784 0.0302124

-1.32806 0.0303161
-1.32784 0.0302124

-1.32715 0.0299025
-1.32716 0.0299072

-1.32776 0.030177
-1.32745 0.030039

-1.32745 0.0300389
-1.32716 0.0299072

-1.32715 0.0299026
-1.32684 0.0297675

-1.32684 0.0297674
-1.32654 0.0296336

-1.32623 0.0295013
-1.32647 0.0296021

-1.32654 0.0296335
-1.32647 0.0296021

-1.32623 0.0295012
-1.32593 0.02937

-1.32593 0.0293699
-1.32576 0.0292969

-1.32227 0.0278875
-1.32196 0.027771

-1.32166 0.0276554
-1.32196 0.027771

-1.32104 0.027427
-1.32115 0.0274658

-1.32166 0.0276553
-1.32135 0.0275405

-1.32135 0.0275404
-1.32115 0.0274658

-1.32104 0.0274269
-1.32074 0.027314

-1.32074 0.0273139
-1.32043 0.0272019

-1.32013 0.027091
-1.32032 0.0271606

-1.32043 0.0272019
-1.32032 0.0271606

-1.32013 0.027091
-1.31982 0.0269807

-1.31921 0.026763
-1.31947 0.0268555

-1.31921 0.0267629
-1.31891 0.0266552

-1.3186 0.0265483
-1.31861 0.0265503

-1.31891 0.0266551
-1.31861 0.0265503

-1.3186 0.0265484
-1.3183 0.0264424

-1.3183 0.0264423
-1.31799 0.0263369

-1.31769 0.0262326
-1.31772 0.0262451

-1.31769 0.0262325
-1.31738 0.0261288

-1.31799 0.0263369
-1.31773 0.0262451

-1.31982 0.0269807
-1.31952 0.0268713

-1.31952 0.0268713
-1.31947 0.0268555

-1.31738 0.0261287
-1.31708 0.0260256

-1.31677 0.0259235
-1.31682 0.0259399

-1.31708 0.0260256
-1.31682 0.0259399

-1.31677 0.0259234
-1.31647 0.0258219

-1.31647 0.0258218
-1.31616 0.0257209

-1.31586 0.0256209
-1.3159 0.0256348

-1.31586 0.0256209
-1.31555 0.0255214

-1.31555 0.0255214
-1.31525 0.0254225

-1.31494 0.0253245
-1.31496 0.0253296

-1.31525 0.0254225
-1.31496 0.0253296

-1.31616 0.0257209
-1.3159 0.0256348

-1.31494 0.0253245
-1.31464 0.025227

-1.31464 0.025227
-1.31433 0.0251301

-1.31372 0.0249385
-1.314 0.0250244

-1.31433 0.0251301
-1.31403 0.0250339

-1.31403 0.025034
-1.314 0.0250244

-1.31372 0.0249385
-1.31342 0.0248435

-1.31342 0.0248435
-1.31311 0.0247492

-1.31281 0.0246555
-1.31301 0.0247192

-1.31311 0.0247492
-1.31301 0.0247192

-1.31281 0.0246555
-1.3125 0.0245624

-1.34698 0.0451
-1.34703 0.045166

-1.34668 0.0446328
-1.34683 0.0448608

-1.34698 0.0451007
-1.34683 0.0448608

-1.34729 0.0455904
-1.3474 0.0457764

-1.3476 0.0461033
-1.34776 0.0463867

-1.3474 0.0457764
-1.34758 0.0460815

-1.3476 0.0461036
-1.34758 0.0460815

-1.34703 0.045166
-1.34722 0.0454712

-1.34729 0.0455906
-1.34722 0.0454712

-1.3479 0.0466439
-1.34793 0.0466919

-1.34793 0.0466919
-1.34809 0.0469971

-1.34821 0.0472153
-1.34825 0.0473022

-1.34825 0.0473022
-1.34841 0.0476074

-1.34821 0.0472155
-1.34809 0.0469971

-1.34851 0.0478214
-1.34856 0.0479126

-1.34856 0.0479126
-1.3487 0.0482178

-1.34882 0.0484676
-1.34884 0.0485229

-1.34884 0.0485229
-1.34898 0.0488281

-1.34882 0.0484678
-1.3487 0.0482178

-1.34851 0.0478216
-1.34841 0.0476074

-1.3479 0.0466441
-1.34776 0.0463867

-1.34424 0.0414696
-1.34427 0.0415039

-1.34607 0.0437539
-1.34621 0.0439453

-1.34546 0.0429392
-1.34553 0.0430298

-1.34553 0.0430298
-1.34576 0.043335

-1.34576 0.0433386
-1.34599 0.0436401

-1.34607 0.0437547
-1.34599 0.0436401

-1.34576 0.0433388
-1.34576 0.043335

-1.34515 0.042553
-1.34529 0.0427246

-1.34485 0.0421807
-1.34505 0.0424194

-1.34515 0.0425551
-1.34505 0.0424194

-1.34454 0.041819
-1.34479 0.0421143

-1.34427 0.0415039
-1.34454 0.0418091

-1.34454 0.0418191
-1.34453 0.0418091

-1.34485 0.0421808
-1.34479 0.0421143

-1.34546 0.0429396
-1.34529 0.0427246

-1.34302 0.0401656
-1.34313 0.0402832

-1.34363 0.0407996
-1.34372 0.0408936

-1.34393 0.0411299
-1.344 0.0411987

-1.34424 0.041469
-1.344 0.0411987

-1.34393 0.0411296
-1.34372 0.0408936

-1.34332 0.0404783
-1.34343 0.0405884

-1.34363 0.0407998
-1.34343 0.0405884

-1.34332 0.0404781
-1.34313 0.0402832

-1.34241 0.0395641
-1.34252 0.0396729

-1.34271 0.039861
-1.34283 0.039978

-1.34302 0.0401652
-1.34283 0.039978

-1.34271 0.0398604
-1.34252 0.0396729

-1.3421 0.0392746
-1.3422 0.0393677

-1.34241 0.0395632
-1.3422 0.0393677

-1.3421 0.0392735
-1.34187 0.0390625

-1.34637 0.0441834
-1.34642 0.0442505

-1.34642 0.0442505
-1.34663 0.0445557

-1.34637 0.0441843
-1.34621 0.0439453

-1.34668 0.0446334
-1.34663 0.0445557

-1.34912 0.0491616
-1.34924 0.0494385

-1.34943 0.0499139
-1.34948 0.0500488

-1.34924 0.0494385
-1.34936 0.0497437

-1.34943 0.049914
-1.34936 0.0497437

-1.34973 0.0507356
-1.34981 0.0509644

-1.34981 0.0509644
-1.34991 0.0512695

-1.34948 0.0500488
-1.34959 0.050354

-1.34959 0.050354
-1.3497 0.0506592

-1.34973 0.0507358
-1.3497 0.0506592

-1.35034 0.0526788
-1.35037 0.0527954

-1.35037 0.0527954
-1.35046 0.0531006

-1.35046 0.0531006
-1.35053 0.0534058

-1.35053 0.0534058
-1.35061 0.0537109

-1.35004 0.0516473
-1.35011 0.0518799

-1.34991 0.0512695
-1.35001 0.0515747

-1.35004 0.0516474
-1.35001 0.0515747

-1.35011 0.0518799
-1.3502 0.0521851

-1.3502 0.0521851
-1.35029 0.0524902

-1.35034 0.0526788
-1.35029 0.0524902

-1.34898 0.0488281
-1.34911 0.0491333

-1.34912 0.0491618
-1.34911 0.0491333

-1.35065 0.0538807
-1.35068 0.0540161

-1.35068 0.0540161
-1.35075 0.0543213

-1.35065 0.0538807
-1.35061 0.0537109

-1.35075 0.0543213
-1.35081 0.0546265

-1.35081 0.0546265
-1.35087 0.0549316

-1.35095 0.0553556
-1.35099 0.055542

-1.35099 0.055542
-1.35104 0.0558472

-1.35104 0.0558472
-1.35109 0.0561523

-1.35087 0.0549316
-1.35093 0.0552368

-1.35095 0.0553556
-1.35093 0.0552368

-1.35109 0.0561523
-1.35113 0.0564575

-1.35113 0.0564575
-1.35118 0.0567627

-1.35118 0.0567627
-1.35122 0.0570679

-1.35122 0.0570679
-1.35126 0.057373

-1.35126 0.0573853
-1.35129 0.0576782

-1.35129 0.0576782
-1.35132 0.0579834

-1.35126 0.0573851
-1.35126 0.057373

-1.35132 0.0579834
-1.35135 0.0582886

-1.35135 0.0582886
-1.35138 0.0585938

-1.35138 0.0585938
-1.35141 0.0588989

-1.35141 0.0588989
-1.35143 0.0592041

-1.35143 0.0592041
-1.35145 0.0595093

-1.35145 0.0595093
-1.35146 0.0598145

-1.35146 0.0598145
-1.35148 0.0601196

-1.35148 0.0601196
-1.35149 0.0604248

-1.35149 0.0604248
-1.3515 0.06073

-1.3515 0.06073
-1.35151 0.0610352

-1.35151 0.0610352
-1.35151 0.0613403

-1.35151 0.0613403
-1.35152 0.0616455

-1.35152 0.0616455
-1.35152 0.0619507

-1.35152 0.0619507
-1.35152 0.0622559

-1.35152 0.0622559
-1.35151 0.062561

-1.35151 0.062561
-1.35151 0.0628662

-1.35151 0.0628662
-1.3515 0.0631714

-1.3515 0.0631714
-1.35149 0.0634766

-1.35149 0.0634766
-1.35148 0.0637817

-1.35148 0.0637817
-1.35146 0.0640869

-1.35146 0.0640869
-1.35145 0.0643921

-1.35145 0.0643921
-1.35143 0.0646973

-1.35143 0.0646973
-1.35141 0.0650024

-1.35141 0.0650024
-1.35139 0.0653076

-1.35139 0.0653076
-1.35136 0.0656128

-1.35136 0.0656128
-1.35134 0.065918

-1.35134 0.065918
-1.35131 0.0662231

-1.35131 0.0662231
-1.35128 0.0665283

-1.35128 0.0665283
-1.35126 0.0667284

-1.35126 0.066728
-1.35125 0.0668335

-1.35125 0.0668335
-1.35121 0.0671387

-1.35121 0.0671387
-1.35118 0.0674438

-1.35118 0.0674438
-1.35114 0.067749

-1.35114 0.067749
-1.3511 0.0680542

-1.3511 0.0680542
-1.35106 0.0683594

-1.35106 0.0683594
-1.35102 0.0686646

-1.35102 0.0686646
-1.35098 0.0689697

-1.35098 0.0689697
-1.35095 0.069131

-1.35095 0.0691307
-1.35093 0.0692749

-1.35093 0.0692749
-1.35088 0.0695801

-1.35088 0.0695801
-1.35083 0.0698853

-1.35083 0.0698853
-1.35078 0.0701904

-1.35078 0.0701904
-1.35073 0.0704956

-1.35073 0.0704956
-1.35068 0.0708008

-1.35068 0.0708008
-1.35065 0.0709761

-1.35065 0.0709759
-1.35062 0.071106

-1.35062 0.071106
-1.35057 0.0714111

-1.35057 0.0714111
-1.35051 0.0717163

-1.35051 0.0717163
-1.35045 0.0720215

-1.35045 0.0720215
-1.35039 0.0723267

-1.35039 0.0723267
-1.35034 0.0725475

-1.35034 0.0725473
-1.35032 0.0726318

-1.35032 0.0726318
-1.35026 0.072937

-1.35026 0.072937
-1.35019 0.0732422

-1.35019 0.0732422
-1.35013 0.0735474

-1.35013 0.0735474
-1.35006 0.0738525

-1.35006 0.0738525
-1.35004 0.0739475

-1.35004 0.0739471
-1.34999 0.0741577

-1.34999 0.0741577
-1.34992 0.0744629

-1.34992 0.0744629
-1.34984 0.0747681

-1.34984 0.0747681
-1.34977 0.0750732

-1.34977 0.0750732
-1.34973 0.0752268

-1.34973 0.0752266
-1.34969 0.0753784

-1.34969 0.0753784
-1.34962 0.0756836

-1.34962 0.0756836
-1.34954 0.0759888

-1.34954 0.0759888
-1.34946 0.0762939

-1.34946 0.0762939
-1.34943 0.0764161

-1.34943 0.0764158
-1.34938 0.0765991

-1.34938 0.0765991
-1.3493 0.0769043

-1.3493 0.0769043
-1.34921 0.0772095

-1.34921 0.0772095
-1.34913 0.0775146

-1.34913 0.0775146
-1.34912 0.0775348

-1.34912 0.0775344
-1.34904 0.0778198

-1.34904 0.0778198
-1.34895 0.078125

-1.34895 0.078125
-1.34886 0.0784302

-1.34886 0.0784302
-1.34882 0.0785944

-1.34882 0.0785941
-1.34877 0.0787354

-1.34877 0.0787354
-1.34868 0.0790405

-1.34868 0.0790405
-1.34859 0.0793457

-1.34859 0.0793457
-1.34851 0.0796065

-1.34851 0.0796064
-1.3485 0.0796509

-1.3485 0.0796509
-1.3484 0.0799561

-1.3484 0.0799561
-1.34831 0.0802612

-1.34831 0.0802612
-1.34821 0.0805664

-1.34821 0.0805664
-1.34821 0.0805779

-1.34821 0.0805776
-1.34811 0.0808716

-1.34811 0.0808716
-1.34801 0.0811768

-1.34801 0.0811768
-1.34791 0.0814819

-1.34791 0.0814819
-1.3479 0.0815132

-1.3479 0.0815129
-1.34781 0.0817871

-1.34781 0.0817871
-1.34771 0.0820923

-1.34771 0.0820923
-1.3476 0.0823975

-1.3476 0.0823975
-1.3476 0.0824177

-1.3476 0.0824174
-1.3475 0.0827026

-1.3475 0.0827026
-1.34739 0.0830078

-1.34739 0.0830078
-1.34729 0.0832943

-1.34729 0.0832944
-1.34728 0.083313

-1.34728 0.083313
-1.34718 0.0836182

-1.34718 0.0836182
-1.34707 0.0839233

-1.34707 0.0839233
-1.34698 0.0841466

-1.34698 0.0841465
-1.34696 0.0842285

-1.34696 0.0842285
-1.34684 0.0845337

-1.34684 0.0845337
-1.34673 0.0848389

-1.34673 0.0848389
-1.34668 0.084977

-1.34668 0.0849769
-1.34662 0.085144

-1.34662 0.085144
-1.3465 0.0854492

-1.3465 0.0854492
-1.34639 0.0857544

-1.34639 0.0857544
-1.34637 0.0857878

-1.34637 0.0857875
-1.34627 0.0860596

-1.34627 0.0860596
-1.34615 0.0863647

-1.34615 0.0863647
-1.34607 0.0865796

-1.34607 0.0865795
-1.34603 0.0866699

-1.34603 0.0866699
-1.34591 0.0869751

-1.34591 0.0869751
-1.34579 0.0872803

-1.34579 0.0872803
-1.34576 0.0873552

-1.34576 0.087355
-1.34567 0.0875854

-1.34567 0.0875854
-1.34555 0.0878906

-1.34555 0.0878906
-1.34546 0.0881152

-1.34546 0.0881151
-1.34543 0.0881958

-1.34543 0.0881958
-1.3453 0.088501

-1.3453 0.088501
-1.34518 0.0888062

-1.34518 0.0888062
-1.34515 0.0888613

-1.34515 0.0888611
-1.34505 0.0891113

-1.34505 0.0891113
-1.34492 0.0894165

-1.34492 0.0894165
-1.34485 0.0895938

-1.34485 0.0895936
-1.34479 0.0897217

-1.34479 0.0897217
-1.34467 0.0900269

-1.34467 0.0900269
-1.34454 0.0903143

-1.34454 0.0903144
-1.34454 0.090332

-1.34454 0.090332
-1.34441 0.0906372

-1.34441 0.0906372
-1.34427 0.0909424

-1.34427 0.0909424
-1.34424 0.0910233

-1.34424 0.0910231
-1.34414 0.0912476

-1.34414 0.0912476
-1.34401 0.0915527

-1.34401 0.0915527
-1.34393 0.0917213

-1.34393 0.0917212
-1.34387 0.0918579

-1.34387 0.0918579
-1.34374 0.0921631

-1.34374 0.0921631
-1.34363 0.0924094

-1.34363 0.0924094
-1.3436 0.0924683

-1.3436 0.0924683
-1.34346 0.0927734

-1.34346 0.0927734
-1.34333 0.0930786

-1.34333 0.0930786
-1.34332 0.0930884

-1.34332 0.0930881
-1.34319 0.0933838

-1.34319 0.0933838
-1.34305 0.093689

-1.34305 0.093689
-1.34302 0.0937578

-1.34302 0.0937575
-1.34291 0.0939941

-1.34291 0.0939941
-1.34277 0.0942993

-1.34277 0.0942993
-1.34271 0.0944188

-1.34271 0.0944186
-1.34263 0.0946045

-1.34263 0.0946045
-1.34248 0.0949097

-1.34248 0.0949097
-1.34241 0.0950718

-1.34241 0.0950717
-1.34234 0.0952148

-1.34234 0.0952148
-1.3422 0.09552

-1.3422 0.09552
-1.3421 0.0957173

-1.3421 0.0957172
-1.34205 0.0958252

-1.34205 0.0958252
-1.3419 0.0961304

-1.3419 0.0961304
-1.3418 0.0963555

-1.3418 0.0963554
-1.34176 0.0964355

-1.34176 0.0964355
-1.34161 0.0967407

-1.34161 0.0967407
-1.34149 0.0969868

-1.34149 0.0969867
-1.34146 0.0970459

-1.34146 0.0970459
-1.34131 0.0973511

-1.34131 0.0973511
-1.34119 0.0976115

-1.34119 0.0976114
-1.34116 0.0976562

-1.34116 0.0976562
-1.34101 0.0979614

-1.34101 0.0979614
-1.34088 0.0982299

-1.34088 0.0982299
-1.34086 0.0982666

-1.34086 0.0982666
-1.34071 0.0985718

-1.34071 0.0985718
-1.34058 0.0988423

-1.34058 0.0988423
-1.34056 0.098877

-1.34056 0.098877
-1.34041 0.0991821

-1.34041 0.0991821
-1.34027 0.0994489

-1.34027 0.0994489
-1.34025 0.0994873

-1.34025 0.0994873
-1.3401 0.0997925

-1.3401 0.0997925
-1.33997 0.10005

-1.33997 0.10005
-1.33994 0.100098

-1.33994 0.100098
-1.33979 0.100403

-1.33979 0.100403
-1.33966 0.100646

-1.33966 0.100646
-1.33963 0.100708

-1.33963 0.100708
-1.33947 0.101013

-1.33947 0.101013
-1.33936 0.101237

-1.33936 0.101236
-1.33931 0.101318

-1.33931 0.101318
-1.33915 0.101624

-1.33915 0.101624
-1.33905 0.101822

-1.33905 0.101822
-1.33899 0.101929

-1.33899 0.101929
-1.33883 0.102234

-1.33883 0.102234
-1.33875 0.102404

-1.33875 0.102403
-1.33867 0.102539

-1.33867 0.102539
-1.33851 0.102844

-1.33851 0.102844
-1.33844 0.10298

-1.33844 0.10298
-1.33835 0.103149

-1.33835 0.103149
-1.33819 0.103455

-1.33819 0.103455
-1.33813 0.103552

-1.33813 0.103552
-1.33802 0.10376

-1.33802 0.10376
-1.33786 0.104065

-1.33786 0.104065
-1.33783 0.104121

-1.33783 0.10412
-1.33769 0.10437

-1.33769 0.10437
-1.33753 0.104675

-1.33753 0.104675
-1.33752 0.104685

-1.33752 0.104684
-1.33736 0.10498

-1.33736 0.10498
-1.33722 0.105245

-1.33722 0.105244
-1.3372 0.105286

-1.3372 0.105286
-1.33703 0.105591

-1.33703 0.105591
-1.33691 0.105801

-1.33691 0.105801
-1.33686 0.105896

-1.33686 0.105896
-1.33669 0.106201

-1.33669 0.106201
-1.33661 0.106353

-1.33661 0.106353
-1.33652 0.106506

-1.33652 0.106506
-1.33635 0.106812

-1.33635 0.106812
-1.3363 0.106902

-1.3363 0.106902
-1.33618 0.107117

-1.33618 0.107117
-1.33601 0.107422

-1.33601 0.107422
-1.336 0.107448

-1.336 0.107448
-1.33584 0.107727

-1.33584 0.107727
-1.33569 0.10799

-1.33569 0.10799
-1.33567 0.108032

-1.33567 0.108032
-1.3355 0.108337

-1.3355 0.108337
-1.33539 0.108529

-1.33539 0.108529
-1.33532 0.108643

-1.33532 0.108643
-1.33515 0.108948

-1.33515 0.108948
-1.33508 0.109065

-1.33508 0.109065
-1.33498 0.109253

-1.33498 0.109253
-1.3348 0.109558

-1.3348 0.109558
-1.33478 0.109598

-1.33478 0.109598
-1.33463 0.109863

-1.33463 0.109863
-1.33447 0.110127

-1.33447 0.110127
-1.33445 0.110168

-1.33445 0.110168
-1.33427 0.110474

-1.33427 0.110474
-1.33417 0.110654

-1.33417 0.110654
-1.3341 0.110779

-1.3341 0.110779
-1.33392 0.111084

-1.33392 0.111084
-1.33386 0.111179

-1.33386 0.111178
-1.33374 0.111389

-1.33374 0.111389
-1.33356 0.111694

-1.33356 0.111694
-1.33356 0.1117

-1.33356 0.1117
-1.33338 0.112

-1.33338 0.112
-1.33325 0.112219

-1.33325 0.112219
-1.3332 0.112305

-1.3332 0.112305
-1.33302 0.11261

-1.33302 0.11261
-1.33295 0.112735

-1.33295 0.112735
-1.33284 0.112915

-1.33284 0.112915
-1.33266 0.11322

-1.33266 0.11322
-1.33264 0.113249

-1.33264 0.113249
-1.33248 0.113525

-1.33248 0.113525
-1.33234 0.11376

-1.33234 0.11376
-1.33229 0.113831

-1.33229 0.113831
-1.33211 0.114136

-1.33211 0.114136
-1.33203 0.114269

-1.33203 0.114268
-1.33193 0.114441

-1.33193 0.114441
-1.33174 0.114746

-1.33174 0.114746
-1.33173 0.114775

-1.33173 0.114775
-1.33156 0.115051

-1.33156 0.115051
-1.33142 0.115279

-1.33142 0.115279
-1.33137 0.115356

-1.33137 0.115356
-1.33119 0.115662

-1.33119 0.115662
-1.33112 0.115781

-1.33112 0.115781
-1.331 0.115967

-1.331 0.115967
-1.33082 0.116272

-1.33082 0.116272
-1.33081 0.116281

-1.33081 0.116281
-1.33063 0.116577

-1.33063 0.116577
-1.33051 0.116779

-1.33051 0.116779
-1.33044 0.116882

-1.33044 0.116882
-1.33025 0.117188

-1.33025 0.117188
-1.3302 0.117275

-1.3302 0.117274
-1.33007 0.117493

-1.33007 0.117493
-1.3299 0.117768

-1.3299 0.117768
-1.32988 0.117798

-1.32988 0.117798
-1.32969 0.118103

-1.32969 0.118103
-1.32959 0.11826

-1.32959 0.11826
-1.3295 0.118408

-1.3295 0.118408
-1.32931 0.118713

-1.32931 0.118713
-1.32928 0.11875

-1.32928 0.118749
-1.32912 0.119019

-1.32912 0.119019
-1.32898 0.119237

-1.32898 0.119237
-1.32893 0.119324

-1.32893 0.119324
-1.32873 0.119629

-1.32873 0.119629
-1.32867 0.119723

-1.32867 0.119723
-1.32854 0.119934

-1.32854 0.119934
-1.32837 0.120207

-1.32837 0.120207
-1.32835 0.120239

-1.32835 0.120239
-1.32816 0.120544

-1.32816 0.120544
-1.32806 0.12069

-1.32806 0.12069
-1.32796 0.12085

-1.32796 0.12085
-1.32777 0.121155

-1.32777 0.121155
-1.32776 0.121171

-1.32776 0.12117
-1.32757 0.12146

-1.32757 0.12146
-1.32745 0.121649

-1.32745 0.121649
-1.32738 0.121765

-1.32738 0.121765
-1.32718 0.12207

-1.32718 0.12207
-1.32715 0.122127

-1.32715 0.122127
-1.32699 0.122375

-1.32699 0.122375
-1.32684 0.122602

-1.32684 0.122602
-1.32679 0.122681

-1.32679 0.122681
-1.3266 0.122986

-1.3266 0.122986
-1.32654 0.123077

-1.32654 0.123076
-1.3264 0.123291

-1.3264 0.123291
-1.32623 0.123549

-1.32623 0.123548
-1.3262 0.123596

-1.3262 0.123596
-1.326 0.123901

-1.326 0.123901
-1.32593 0.12402

-1.32593 0.12402
-1.32581 0.124207

-1.32581 0.124207
-1.32562 0.124489

-1.32562 0.124489
-1.32561 0.124512

-1.32561 0.124512
-1.32541 0.124817

-1.32541 0.124817
-1.32532 0.124957

-1.32532 0.124957
-1.32521 0.125122

-1.32521 0.125122
-1.32501 0.125424

-1.32501 0.125424
-1.32501 0.125427

-1.32501 0.125427
-1.32481 0.125732

-1.32481 0.125732
-1.32471 0.125889

-1.32471 0.125889
-1.32461 0.126038

-1.32461 0.126038
-1.32441 0.126343

-1.32441 0.126343
-1.3244 0.126353

-1.3244 0.126353
-1.32421 0.126648

-1.32421 0.126648
-1.3241 0.126815

-1.3241 0.126815
-1.32401 0.126953

-1.32401 0.126953
-1.3238 0.127258

-1.3238 0.127258
-1.32379 0.127276

-1.32379 0.127276
-1.3236 0.127563

-1.3236 0.127563
-1.32349 0.127736

-1.32349 0.127736
-1.3234 0.127869

-1.3234 0.127869
-1.32319 0.128174

-1.32319 0.128174
-1.32318 0.128195

-1.32318 0.128194
-1.32299 0.128479

-1.32299 0.128479
-1.32288 0.128651

-1.32288 0.128651
-1.32279 0.128784

-1.32279 0.128784
-1.32258 0.129089

-1.32258 0.129089
-1.32257 0.129108

-1.32257 0.129107
-1.32238 0.129395

-1.32238 0.129395
-1.32227 0.129562

-1.32227 0.129562
-1.32217 0.1297

-1.32217 0.1297
-1.32197 0.130005

-1.32197 0.130005
-1.32196 0.130015

-1.32196 0.130015
-1.32176 0.13031

-1.32176 0.13031
-1.32166 0.130467

-1.32166 0.130467
-1.32156 0.130615

-1.32156 0.130615
-1.32135 0.130919

-1.32135 0.130919
-1.32135 0.13092

-1.32135 0.13092
-1.32114 0.131226

-1.32114 0.131226
-1.32104 0.131368

-1.32104 0.131368
-1.32093 0.131531

-1.32093 0.131531
-1.32074 0.131817

-1.32074 0.131817
-1.32073 0.131836

-1.32073 0.131836
-1.32052 0.132141

-1.32052 0.132141
-1.32043 0.132265

-1.32043 0.132265
-1.32031 0.132446

-1.32031 0.132446
-1.32013 0.132711

-1.32013 0.132711
-1.3201 0.132751

-1.3201 0.132751
-1.31989 0.133057

-1.31989 0.133057
-1.31982 0.133157

-1.31982 0.133157
-1.31968 0.133362

-1.31968 0.133362
-1.31952 0.133601

-1.31952 0.1336
-1.31947 0.133667

-1.31947 0.133667
-1.31926 0.133972

-1.31926 0.133972
-1.31921 0.134045

-1.31921 0.134044
-1.31905 0.134277

-1.31905 0.134277
-1.31891 0.134487

-1.31891 0.134486
-1.31884 0.134583

-1.31884 0.134583
-1.31863 0.134888

-1.31863 0.134888
-1.3186 0.134928

-1.3186 0.134928
-1.31842 0.135193

-1.31842 0.135193
-1.3183 0.135368

-1.3183 0.135368
-1.31821 0.135498

-1.31821 0.135498
-1.318 0.135803

-1.318 0.135803
-1.31799 0.135808

-1.31799 0.135808
-1.31778 0.136108

-1.31778 0.136108
-1.31769 0.136246

-1.31769 0.136246
-1.31757 0.136414

-1.31757 0.136414
-1.31738 0.136683

-1.31738 0.136683
-1.31736 0.136719

-1.31736 0.136719
-1.31714 0.137024

-1.31714 0.137024
-1.31708 0.137121

-1.31708 0.13712
-1.31693 0.137329

-1.31693 0.137329
-1.31677 0.137555

-1.31677 0.137554
-1.31672 0.137634

-1.31672 0.137634
-1.3165 0.137939

-1.3165 0.137939
-1.31647 0.13799

-1.31647 0.13799
-1.31629 0.138245

-1.31629 0.138245
-1.31616 0.138423

-1.31616 0.138423
-1.31607 0.13855

-1.31607 0.13855
-1.31586 0.138855

-1.31586 0.138855
-1.31586 0.138856

-1.31586 0.138856
-1.31564 0.13916

-1.31564 0.13916
-1.31555 0.139288

-1.31555 0.139288
-1.31543 0.139465

-1.31543 0.139465
-1.31525 0.139719

-1.31525 0.139718
-1.31521 0.139771

-1.31521 0.139771
-1.31499 0.140076

-1.31499 0.140076
-1.31494 0.14015

-1.31494 0.140149
-1.31478 0.140381

-1.31478 0.140381
-1.31464 0.140578

-1.31464 0.140578
-1.31456 0.140686

-1.31456 0.140686
-1.31434 0.140991

-1.31434 0.140991
-1.31433 0.141007

-1.31433 0.141007
-1.31412 0.141296

-1.31412 0.141296
-1.31403 0.141435

-1.31403 0.141434
-1.31391 0.141602

-1.31391 0.141602
-1.31372 0.141861

-1.31372 0.141861
-1.31369 0.141907

-1.31369 0.141907
-1.31347 0.142212

-1.31347 0.142212
-1.31342 0.142288

-1.31342 0.142288
-1.31325 0.142517

-1.31325 0.142517
-1.31311 0.142713

-1.31311 0.142712
-1.31303 0.142822

-1.31303 0.142822
-1.31281 0.143127

-1.31281 0.143127
-1.31281 0.143137

-1.31281 0.143137
-1.31259 0.143433

-1.31259 0.143433
-1.3125 0.143562

-1.31189 0.024378
-1.31201 0.0244141

-1.31189 0.0243779
-1.31158 0.0242865

-1.31158 0.0242865
-1.31128 0.0241956

-1.31097 0.0241054
-1.31099 0.0241089

-1.31128 0.0241956
-1.31099 0.0241089

-1.31097 0.0241055
-1.31067 0.0240157

-1.31067 0.0240157
-1.31036 0.0239265

-1.31036 0.0239265
-1.31006 0.0238378

-1.30975 0.0237498
-1.30994 0.0238037

-1.30975 0.0237498
-1.30945 0.0236622

-1.31006 0.0238378
-1.30994 0.0238037

-1.30945 0.0236621
-1.30914 0.023575

-1.30884 0.0234886
-1.30887 0.0234985

-1.30914 0.023575
-1.30887 0.0234985

-1.30762 0.0231472
-1.30778 0.0231934

-1.30884 0.0234885
-1.30853 0.0234025

-1.30853 0.0234024
-1.30823 0.0233168

-1.30823 0.0233168
-1.30792 0.0232317

-1.30792 0.0232317
-1.30778 0.0231934

-1.3125 0.0245623
-1.31219 0.0244698

-1.31219 0.0244698
-1.31201 0.0244141

-1.30762 0.0231472
-1.30731 0.023063

-1.30731 0.023063
-1.30701 0.0229793

-1.30701 0.0229793
-1.3067 0.0228962

-1.3064 0.0228135
-1.30667 0.0228882

-1.3067 0.0228962
-1.30667 0.0228882

-1.3064 0.0228135
-1.30609 0.0227311

-1.30609 0.0227311
-1.30579 0.0226493

-1.30548 0.0225681
-1.30554 0.022583

-1.30548 0.022568
-1.30518 0.0224871

-1.30579 0.0226493
-1.30554 0.022583

-1.30304 0.0219325
-1.3032 0.0219727

-1.30304 0.0219325
-1.30273 0.0218549

-1.30518 0.022487
-1.30487 0.0224065

-1.30487 0.0224065
-1.30457 0.0223265

-1.30426 0.0222469
-1.30438 0.0222778

-1.30457 0.0223265
-1.30438 0.0222778

-1.30426 0.0222469
-1.30396 0.0221676

-1.30396 0.0221676
-1.30365 0.0220888

-1.30365 0.0220888
-1.30334 0.0220105

-1.30334 0.0220105
-1.3032 0.0219727

-1.30273 0.0218549
-1.30243 0.0217777

-1.30243 0.0217777
-1.30212 0.021701

-1.30182 0.0216247
-1.30199 0.0216675

-1.30212 0.021701
-1.30199 0.0216675

-1.30182 0.0216246
-1.30151 0.0215486

-1.30151 0.0215486
-1.30121 0.021473

-1.30121 0.021473
-1.3009 0.0213978

-1.3006 0.021323
-1.30076 0.0213623

-1.3006 0.021323
-1.30029 0.0212485

-1.3009 0.0213978
-1.30076 0.0213623

-1.30029 0.0212485
-1.29999 0.0211744

-1.29999 0.0211744
-1.29968 0.0211007

-1.29938 0.0210274
-1.2995 0.0210571

-1.29968 0.0211007
-1.2995 0.0210571

-1.29938 0.0210273
-1.29907 0.0209543

-1.29816 0.0207376
-1.29822 0.020752

-1.29816 0.0207375
-1.29785 0.0206659

-1.29907 0.0209543
-1.29877 0.0208816

-1.29877 0.0208817
-1.29846 0.0208094

-1.29846 0.0208094
-1.29822 0.020752

-1.29785 0.0206659
-1.29755 0.0205947

-1.29755 0.0205947
-1.29724 0.0205238

-1.29724 0.0205238
-1.29694 0.0204533

-1.29663 0.020383
-1.29691 0.0204468

-1.29694 0.0204533
-1.29691 0.0204468

-1.29663 0.020383
-1.29633 0.0203131

-1.29633 0.0203131
-1.29602 0.0202435

-1.29541 0.0201055
-1.29557 0.0201416

-1.29602 0.0202436
-1.29572 0.0201744

-1.29572 0.0201744
-1.29557 0.0201416

-1.29541 0.0201055
-1.2951 0.0200369

-1.2951 0.0200369
-1.2948 0.0199686

-1.2948 0.0199686
-1.29449 0.0199008

-1.29419 0.0198332
-1.2942 0.0198364

-1.29449 0.0199008
-1.2942 0.0198364

-1.29419 0.0198331
-1.29388 0.0197658

-1.29388 0.0197658
-1.29358 0.0196987

-1.29358 0.0196987
-1.29327 0.0196321

-1.29327 0.0196321
-1.29297 0.0195658

-1.29266 0.0194998
-1.29281 0.0195312

-1.29266 0.0194997
-1.29236 0.0194339

-1.29236 0.0194339
-1.29205 0.0193684

-1.29205 0.0193685
-1.29175 0.0193033

-1.29175 0.0193034
-1.29144 0.0192385

-1.29114 0.0191739
-1.29138 0.0192261

-1.29144 0.0192385
-1.29138 0.0192261

-1.29114 0.0191738
-1.29083 0.0191095

-1.29083 0.0191095
-1.29053 0.0190455

-1.28992 0.0189185
-1.28993 0.0189209

-1.29053 0.0190455
-1.29022 0.0189819

-1.29022 0.0189819
-1.28993 0.0189209

-1.28992 0.0189185
-1.28961 0.0188553

-1.28961 0.0188553
-1.28931 0.0187924

-1.28931 0.0187923
-1.289 0.0187298

-1.289 0.0187298
-1.2887 0.0186676

-1.28839 0.0186055
-1.28844 0.0186157

-1.2887 0.0186676
-1.28844 0.0186157

-1.28839 0.0186055
-1.28809 0.0185437

-1.28687 0.0182994
-1.28692 0.0183105

-1.28809 0.0185436
-1.28778 0.0184821

-1.28778 0.0184821
-1.28748 0.0184209

-1.28748 0.0184209
-1.28717 0.0183601

-1.28717 0.0183601
-1.28692 0.0183105

-1.28687 0.0182994
-1.28656 0.018239

-1.28656 0.018239
-1.28625 0.0181788

-1.28625 0.0181788
-1.28595 0.0181189

-1.28595 0.0181189
-1.28564 0.0180594

-1.28534 0.018
-1.28537 0.0180054

-1.28564 0.0180594
-1.28537 0.0180054

-1.28534 0.018
-1.28503 0.0179407

-1.28503 0.0179407
-1.28473 0.0178818

-1.28473 0.0178818
-1.28442 0.0178232

-1.28442 0.0178232
-1.28412 0.0177649

-1.28412 0.017765
-1.28381 0.0177069

-1.28351 0.017649
-1.28378 0.0177002

-1.28351 0.017649
-1.2832 0.0175913

-1.28381 0.0177069
-1.28378 0.0177002

-1.2832 0.0175913
-1.2829 0.0175339

-1.2829 0.0175339
-1.28259 0.0174769

-1.28259 0.0174769
-1.28229 0.0174201

-1.28198 0.0173633
-1.28215 0.017395

-1.28229 0.0174201
-1.28215 0.017395

-1.28198 0.0173633
-1.28168 0.0173068

-1.28168 0.0173068
-1.28137 0.0172506

-1.28137 0.0172506
-1.28107 0.0171947

-1.28107 0.0171947
-1.28076 0.0171392

-1.28046 0.0170837
-1.28049 0.0170898

-1.28046 0.0170837
-1.28015 0.0170284

-1.28015 0.0170284
-1.27985 0.0169734

-1.27985 0.0169734
-1.27954 0.0169187

-1.27954 0.0169187
-1.27924 0.0168643

-1.27924 0.0168643
-1.27893 0.01681

-1.27863 0.0167558
-1.27879 0.0167847

-1.27893 0.01681
-1.27879 0.0167847

-1.27863 0.0167558
-1.27832 0.0167018

-1.28076 0.0171392
-1.28049 0.0170898

-1.27832 0.0167018
-1.27802 0.0166481

-1.27802 0.0166481
-1.27771 0.0165947

-1.27771 0.0165948
-1.2774 0.0165417

-1.2774 0.0165417
-1.2771 0.0164888

-1.27679 0.016436
-1.27705 0.0164795

-1.27679 0.016436
-1.27649 0.0163834

-1.2771 0.0164888
-1.27705 0.0164795

-1.27649 0.0163834
-1.27618 0.016331

-1.27618 0.016331
-1.27588 0.016279

-1.27588 0.016279
-1.27557 0.0162272

-1.27557 0.0162273
-1.27527 0.0161756

-1.27496 0.0161239
-1.27526 0.0161743

-1.27527 0.0161756
-1.27526 0.0161743

-1.27496 0.0161239
-1.27466 0.0160726

-1.27466 0.0160725
-1.27435 0.0160215

-1.27435 0.0160215
-1.27405 0.0159707

-1.27405 0.0159708
-1.27374 0.0159203

-1.27374 0.0159203
-1.27344 0.0158699

-1.29297 0.0195658
-1.29281 0.0195312

-1.27313 0.0158196
-1.27343 0.0158691

-1.27313 0.0158196
-1.27283 0.0157696

-1.27283 0.0157696
-1.27252 0.0157198

-1.27252 0.0157198
-1.27222 0.0156702

-1.27344 0.01587
-1.27343 0.0158691

-1.27222 0.0156703
-1.27191 0.015621

-1.27191 0.015621
-1.27161 0.0155718

-1.2713 0.0155226
-1.27156 0.015564

-1.27161 0.0155718
-1.27156 0.015564

-1.2713 0.0155226
-1.271 0.0154737

-1.271 0.0154737
-1.27069 0.015425

-1.27069 0.015425
-1.27039 0.0153766

-1.27039 0.0153766
-1.27008 0.0153286

-1.27008 0.0153286
-1.26978 0.0152807

-1.26947 0.0152327
-1.26964 0.0152588

-1.26947 0.0152327
-1.26917 0.015185

-1.26978 0.0152807
-1.26964 0.0152588

-1.26917 0.015185
-1.26886 0.0151376

-1.26886 0.0151375
-1.26855 0.0150903

-1.2655 0.0146281
-1.26564 0.0146484

-1.2655 0.0146281
-1.2652 0.0145829

-1.2652 0.0145829
-1.26489 0.0145378

-1.26489 0.0145378
-1.26459 0.014493

-1.26459 0.014493
-1.26428 0.0144484

-1.26428 0.0144484
-1.26398 0.014404

-1.26398 0.0144041
-1.26367 0.0143597

-1.26855 0.0150903
-1.26825 0.0150434

-1.26825 0.0150434
-1.26794 0.0149966

-1.26764 0.0149498
-1.26766 0.0149536

-1.26794 0.0149966
-1.26766 0.0149536

-1.26764 0.0149498
-1.26733 0.0149031

-1.26733 0.0149031
-1.26703 0.0148567

-1.26703 0.0148567
-1.26672 0.0148105

-1.26672 0.0148105
-1.26642 0.0147646

-1.26642 0.0147647
-1.26611 0.014719

-1.26611 0.0147191
-1.26581 0.0146736

-1.26581 0.0146736
-1.26564 0.0146484

-1.26337 0.0143154
-1.26356 0.0143433

-1.26367 0.0143598
-1.26356 0.0143433

-1.26337 0.0143154
-1.26306 0.0142712

-1.26306 0.0142712
-1.26276 0.0142273

-1.26276 0.0142273
-1.26245 0.0141836

-1.26245 0.0141836
-1.26215 0.0141403

-1.26215 0.0141403
-1.26184 0.0140972

-1.26123 0.0140111
-1.26142 0.0140381

-1.26184 0.0140972
-1.26154 0.0140541

-1.26154 0.0140542
-1.26142 0.0140381

-1.26123 0.0140111
-1.26093 0.0139682

-1.26093 0.0139682
-1.26062 0.0139256

-1.26062 0.0139255
-1.26031 0.0138831

-1.26031 0.0138831
-1.26001 0.0138409

-1.26001 0.0138409
-1.2597 0.0137989

-1.2597 0.013799
-1.2594 0.013757

-1.25909 0.0137151
-1.25922 0.0137329

-1.2594 0.0137571
-1.25922 0.0137329

-1.25909 0.0137151
-1.25879 0.0136732

-1.25879 0.0136732
-1.25848 0.0136317

-1.25848 0.0136316
-1.25818 0.0135903

-1.25818 0.0135903
-1.25787 0.0135492

-1.25787 0.0135492
-1.25757 0.0135084

-1.25696 0.0134272
-1.25696 0.0134277

-1.25696 0.0134271
-1.25665 0.0133865

-1.25665 0.0133865
-1.25635 0.0133462

-1.25757 0.0135085
-1.25726 0.0134678

-1.25726 0.0134678
-1.25696 0.0134277

-1.25635 0.0133462
-1.25604 0.013306

-1.25604 0.013306
-1.25574 0.013266

-1.25574 0.013266
-1.25543 0.0132263

-1.25543 0.0132263
-1.25513 0.0131867

-1.25513 0.0131867
-1.25482 0.0131472

-1.25452 0.0131076
-1.25463 0.0131226

-1.25482 0.0131472
-1.25463 0.0131226

-1.25452 0.0131076
-1.25421 0.0130681

-1.25421 0.0130681
-1.25391 0.0130289

-1.25391 0.0130289
-1.2536 0.0129898

-1.2536 0.0129898
-1.2533 0.012951

-1.2533 0.012951
-1.25299 0.0129125

-1.25299 0.0129125
-1.25269 0.0128742

-1.25208 0.0127976
-1.25223 0.0128174

-1.25269 0.0128742
-1.25238 0.0128359

-1.25238 0.012836
-1.25223 0.0128174

-1.25208 0.0127976
-1.25177 0.0127594

-1.25177 0.0127595
-1.25146 0.0127215

-1.25146 0.0127215
-1.25116 0.0126837

-1.25116 0.0126837
-1.25085 0.0126461

-1.25085 0.0126461
-1.25055 0.0126088

-1.25055 0.0126088
-1.25024 0.0125716

-1.25024 0.0125716
-1.24994 0.0125344

-1.24963 0.0124971
-1.24976 0.0125122

-1.24994 0.0125345
-1.24976 0.0125122

-1.24963 0.0124971
-1.24933 0.01246

-1.24933 0.01246
-1.24902 0.0124231

-1.24719 0.0122059
-1.2472 0.012207

-1.24719 0.0122058
-1.24689 0.0121699

-1.24689 0.01217
-1.24658 0.0121343

-1.24902 0.0124231
-1.24872 0.0123864

-1.24872 0.0123864
-1.24841 0.0123499

-1.24841 0.0123499
-1.24811 0.0123137

-1.24811 0.0123137
-1.2478 0.0122777

-1.2478 0.0122777
-1.2475 0.0122418

-1.2475 0.0122418
-1.2472 0.012207

-1.24658 0.0121343
-1.24628 0.0120988

-1.24628 0.0120988
-1.24597 0.0120634

-1.24597 0.0120634
-1.24567 0.0120283

-1.24567 0.0120283
-1.24536 0.0119933

-1.24536 0.0119933
-1.24506 0.0119585

-1.24506 0.0119585
-1.24475 0.0119237

-1.24445 0.0118887
-1.24456 0.0119019

-1.24475 0.0119237
-1.24456 0.0119019

-1.24445 0.0118887
-1.24414 0.0118539

-1.24414 0.0118539
-1.24384 0.0118193

-1.24384 0.0118193
-1.24353 0.0117848

-1.24353 0.0117848
-1.24323 0.0117506

-1.24323 0.0117506
-1.24292 0.0117165

-1.24292 0.0117166
-1.24261 0.0116828

-1.24261 0.0116828
-1.24231 0.0116491

-1.2417 0.0115819
-1.24183 0.0115967

-1.24231 0.0116492
-1.242 0.0116156

-1.242 0.0116156
-1.24183 0.0115967

-1.2417 0.0115819
-1.24139 0.0115483

-1.24139 0.0115483
-1.24109 0.011515

-1.24109 0.011515
-1.24078 0.0114818

-1.24078 0.0114818
-1.24048 0.0114488

-1.24048 0.0114488
-1.24017 0.0114159

-1.24017 0.0114159
-1.23987 0.0113832

-1.23987 0.0113832
-1.23956 0.0113507

-1.23956 0.0113507
-1.23926 0.0113182

-1.23895 0.0112855
-1.23901 0.0112915

-1.23926 0.0113182
-1.23901 0.0112915

-1.23895 0.0112855
-1.23865 0.0112529

-1.23865 0.0112529
-1.23834 0.0112205

-1.23834 0.0112205
-1.23804 0.0111883

-1.23804 0.0111883
-1.23773 0.0111562

-1.23773 0.0111562
-1.23743 0.0111244

-1.23743 0.0111244
-1.23712 0.0110928

-1.23712 0.0110928
-1.23682 0.0110614

-1.2359 0.0109675
-1.23608 0.0109863

-1.2359 0.0109675
-1.2356 0.0109363

-1.23682 0.0110614
-1.23651 0.0110301

-1.23651 0.0110302
-1.23621 0.0109989

-1.23621 0.0109989
-1.23608 0.0109863

-1.2356 0.0109363
-1.23529 0.0109053

-1.23529 0.0109053
-1.23499 0.0108745

-1.23499 0.0108745
-1.23468 0.0108438

-1.23468 0.0108437
-1.23438 0.0108132

-1.3125 0.143561
-1.31237 0.143738

-1.31237 0.143738
-1.31219 0.143984

-1.31219 0.143983
-1.31215 0.144043

-1.31215 0.144043
-1.31193 0.144348

-1.31193 0.144348
-1.31189 0.144407

-1.31189 0.144406
-1.31171 0.144653

-1.31171 0.144653
-1.31158 0.144828

-1.31158 0.144827
-1.31149 0.144958

-1.31149 0.144958
-1.31128 0.145248

-1.31128 0.145248
-1.31127 0.145264

-1.31127 0.145264
-1.31105 0.145569

-1.31105 0.145569
-1.31097 0.14567

-1.31097 0.145668
-1.31082 0.145874

-1.31082 0.145874
-1.31067 0.146088

-1.31067 0.146087
-1.3106 0.146179

-1.3106 0.146179
-1.31038 0.146484

-1.31038 0.146484
-1.31036 0.146507

-1.31036 0.146506
-1.31016 0.14679

-1.31016 0.14679
-1.31006 0.146925

-1.31006 0.146924
-1.30993 0.147095

-1.30993 0.147095
-1.30975 0.147341

-1.30975 0.147341
-1.30971 0.1474

-1.30971 0.1474
-1.30949 0.147705

-1.30949 0.147705
-1.30945 0.147758

-1.30945 0.147758
-1.30926 0.14801

-1.30926 0.14801
-1.30914 0.148174

-1.30914 0.148173
-1.30904 0.148315

-1.30904 0.148315
-1.30884 0.148589

-1.30884 0.148589
-1.30881 0.148621

-1.30881 0.148621
-1.30859 0.148926

-1.30859 0.148926
-1.30853 0.149004

-1.30853 0.149004
-1.30837 0.149231

-1.30837 0.149231
-1.30823 0.149418

-1.30823 0.149416
-1.30814 0.149536

-1.30814 0.149536
-1.30792 0.149831

-1.30792 0.149831
-1.30791 0.149841

-1.30791 0.149841
-1.30769 0.150146

-1.30769 0.150146
-1.30762 0.150245

-1.30762 0.150243
-1.30746 0.150452

-1.30746 0.150452
-1.30731 0.150655

-1.30731 0.150654
-1.30724 0.150757

-1.30724 0.150757
-1.30701 0.151062

-1.30701 0.151062
-1.30701 0.151067

-1.30701 0.151067
-1.30678 0.151367

-1.30678 0.151367
-1.3067 0.151479

-1.3067 0.151478
-1.30656 0.151672

-1.30656 0.151672
-1.3064 0.151888

-1.3064 0.151887
-1.30633 0.151978

-1.30633 0.151978
-1.3061 0.152283

-1.3061 0.152283
-1.30609 0.152298

-1.30609 0.152297
-1.30587 0.152588

-1.30587 0.152588
-1.30579 0.152708

-1.30579 0.152706
-1.30565 0.152893

-1.30565 0.152893
-1.30548 0.153115

-1.30548 0.153114
-1.30542 0.153198

-1.30542 0.153198
-1.30519 0.153503

-1.30519 0.153503
-1.30518 0.153523

-1.30518 0.153523
-1.30496 0.153809

-1.30496 0.153809
-1.30487 0.153931

-1.30487 0.15393
-1.30473 0.154114

-1.30473 0.154114
-1.30457 0.154337

-1.30457 0.154336
-1.3045 0.154419

-1.3045 0.154419
-1.30427 0.154724

-1.30427 0.154724
-1.30426 0.154743

-1.30426 0.154743
-1.30404 0.155029

-1.30404 0.155029
-1.30396 0.15515

-1.30396 0.155148
-1.30381 0.155334

-1.30381 0.155334
-1.30365 0.155553

-1.30365 0.155553
-1.30359 0.15564

-1.30358 0.15564
-1.30335 0.155945

-1.30335 0.155945
-1.30334 0.155958

-1.30334 0.155958
-1.30312 0.15625

-1.23438 0.0108132
-1.23407 0.0107828

-1.23407 0.0107828
-1.23376 0.0107525

-1.23376 0.0107525
-1.23346 0.0107223

-1.23346 0.0107223
-1.23315 0.010692

-1.23285 0.0106616
-1.23305 0.0106812

-1.23315 0.0106921
-1.23304 0.0106812

-1.23285 0.0106616
-1.23254 0.0106314

-1.23254 0.0106314
-1.23224 0.0106013

-1.23224 0.0106013
-1.23193 0.0105714

-1.23193 0.0105714
-1.23163 0.0105416

-1.23163 0.0105416
-1.23132 0.0105121

-1.23132 0.0105121
-1.23102 0.0104827

-1.23102 0.0104827
-1.23071 0.0104536

-1.23071 0.0104536
-1.23041 0.0104245

-1.23041 0.0104245
-1.2301 0.0103955

-1.2298 0.0103664
-1.2299 0.010376

-1.2298 0.0103664
-1.22949 0.0103373

-1.2301 0.0103955
-1.2299 0.010376

-1.22949 0.0103373
-1.22919 0.0103085

-1.22919 0.0103085
-1.22888 0.0102798

-1.22888 0.0102798
-1.22858 0.0102512

-1.22858 0.0102512
-1.22827 0.0102227

-1.22827 0.0102227
-1.22797 0.0101945

-1.22797 0.0101945
-1.22766 0.0101663

-1.22766 0.0101663
-1.22736 0.0101383

-1.22736 0.0101383
-1.22705 0.0101103

-1.22705 0.0101103
-1.22675 0.0100823

-1.22644 0.010054
-1.22662 0.0100708

-1.22675 0.0100823
-1.22662 0.0100708

-1.22644 0.010054
-1.22614 0.010026

-1.22614 0.010026
-1.22583 0.00999812

-1.22583 0.00999812
-1.22552 0.00997042

-1.22552 0.00997042
-1.22522 0.00994285

-1.22522 0.00994284
-1.22491 0.00991545

-1.22491 0.00991546
-1.22461 0.00988828

-1.22308 0.00975407
-1.22322 0.00976562

-1.22308 0.00975406
-1.22278 0.00972732

-1.22278 0.00972732
-1.22247 0.00970076

-1.22247 0.00970077
-1.22217 0.00967435

-1.22217 0.00967436
-1.22186 0.00964806

-1.22186 0.00964806
-1.22156 0.00962185

-1.22156 0.00962183
-1.22125 0.00959576

-1.22125 0.00959577
-1.22095 0.00956984

-1.22095 0.00956985
-1.22064 0.00954402

-1.22064 0.00954402
-1.22034 0.00951825

-1.22034 0.00951827
-1.22003 0.00949252

-1.22003 0.00949256
-1.21973 0.0094667

-1.21942 0.00944069
-1.21965 0.00946045

-1.21973 0.00946674
-1.21965 0.00946045

-1.21942 0.00944068
-1.21912 0.00941485

-1.21912 0.00941486
-1.21881 0.00938919

-1.21881 0.00938919
-1.21851 0.00936367

-1.21851 0.00936368
-1.2182 0.00933828

-1.2182 0.00933828
-1.2179 0.00931302

-1.2179 0.00931301
-1.21759 0.00928793

-1.21759 0.00928794
-1.21729 0.00926303

-1.21729 0.00926304
-1.21698 0.00923827

-1.21698 0.00923826
-1.21667 0.0092136

-1.21667 0.00921362
-1.21637 0.00918903

-1.21637 0.00918907
-1.21606 0.00916445

-1.21576 0.0091397
-1.21595 0.00915527

-1.21576 0.00913969
-1.21545 0.00911509

-1.21606 0.00916449
-1.21595 0.00915527

-1.21545 0.0091151
-1.21515 0.00909067

-1.21515 0.00909067
-1.21484 0.00906637

-1.22461 0.00988829
-1.2243 0.00986128

-1.2243 0.00986128
-1.224 0.00983441

-1.224 0.00983442
-1.22369 0.00980766

-1.22369 0.0098077
-1.22339 0.00978094

-1.22339 0.00978098
-1.22321 0.00976562

-1.21484 0.00906638
-1.21454 0.00904219

-1.21454 0.00904219
-1.21423 0.00901809

-1.21423 0.00901807
-1.21393 0.00899407

-1.21393 0.00899407
-1.21362 0.00897022

-1.21362 0.00897024
-1.21332 0.00894648

-1.21332 0.00894648
-1.21301 0.0089228

-1.21301 0.00892281
-1.21271 0.00889917

-1.21271 0.0088992
-1.2124 0.00887556

-1.2124 0.00887561
-1.2121 0.00885184

-1.21179 0.00882793
-1.21208 0.0088501

-1.2121 0.00885189
-1.21207 0.0088501

-1.21179 0.00882793
-1.21149 0.00880423

-1.21149 0.00880423
-1.21118 0.0087807

-1.21118 0.0087807
-1.21088 0.0087573

-1.21088 0.00875731
-1.21057 0.00873404

-1.21057 0.00873403
-1.21027 0.00871088

-1.21027 0.00871087
-1.20996 0.00868789

-1.20996 0.0086879
-1.20966 0.00866509

-1.20966 0.00866511
-1.20935 0.00864243

-1.20935 0.00864243
-1.20905 0.00861987

-1.20905 0.00861987
-1.20874 0.00859742

-1.20782 0.00853012
-1.20803 0.00854492

-1.20782 0.00853012
-1.20752 0.00850772

-1.20874 0.00859744
-1.20844 0.00857507

-1.20844 0.00857511
-1.20813 0.00855268

-1.20813 0.00855273
-1.20802 0.00854492

-1.20752 0.00850773
-1.20721 0.00848549

-1.20721 0.00848549
-1.20691 0.00846339

-1.20691 0.0084634
-1.2066 0.0084414

-1.2066 0.00844141
-1.2063 0.00841949

-1.2063 0.00841949
-1.20599 0.00839764

-1.20599 0.00839762
-1.20569 0.00837588

-1.20569 0.0083759
-1.20538 0.00835428

-1.20538 0.0083543
-1.20508 0.00833276

-1.20508 0.00833276
-1.20477 0.00831126

-1.20477 0.00831127
-1.20447 0.00828981

-1.20447 0.00828983
-1.20416 0.00826838

-1.20416 0.00826841
-1.20386 0.00824684

-1.20355 0.00822507
-1.20376 0.00823975

-1.20386 0.00824688
-1.20376 0.00823975

-1.20355 0.00822506
-1.20325 0.00820344

-1.20325 0.00820345
-1.20294 0.00818197

-1.20294 0.00818197
-1.20264 0.00816063

-1.20264 0.00816063
-1.20233 0.00813941

-1.20233 0.00813941
-1.20203 0.00811829

-1.20203 0.00811828
-1.20172 0.00809726

-1.20172 0.00809725
-1.20142 0.00807638

-1.20142 0.00807639
-1.20111 0.00805567

-1.20111 0.00805569
-1.20081 0.00803508

-1.20081 0.00803508
-1.2005 0.00801456

-1.2005 0.00801456
-1.2002 0.00799415

-1.2002 0.00799416
-1.19989 0.00797383

-1.19989 0.00797386
-1.19958 0.00795355

-1.19928 0.00793314
-1.1993 0.00793457

-1.19928 0.00793309
-1.19897 0.00791265

-1.19958 0.0079536
-1.1993 0.00793457

-1.19897 0.00791265
-1.19867 0.00789235

-1.19867 0.00789235
-1.19836 0.00787218

-1.19836 0.00787218
-1.19806 0.00785213

-1.19806 0.00785213
-1.19775 0.00783217

-1.19775 0.00783218
-1.19745 0.00781229

-1.19745 0.00781229
-1.19714 0.00779246

-1.19714 0.00779244
-1.19684 0.00777271

-1.19684 0.00777272
-1.19653 0.00775311

-1.19653 0.00775313
-1.19623 0.00773359

-1.19623 0.00773359
-1.19592 0.0077141

-1.19592 0.0077141
-1.19562 0.00769466

-1.19562 0.00769467
-1.19531 0.00767526

-1.19531 0.00767528
-1.19501 0.00765586

-1.19501 0.0076559
-1.1947 0.00763636

-1.1944 0.00761662
-1.1946 0.00762939

-1.1947 0.0076364
-1.19459 0.00762939

-1.1944 0.00761661
-1.19409 0.007597

-1.19409 0.00759701
-1.19379 0.00757754

-1.19379 0.00757754
-1.19348 0.0075582

-1.19348 0.00755821
-1.19318 0.00753899

-1.19318 0.00753899
-1.19287 0.00751988

-1.19287 0.00751989
-1.19257 0.00750088

-1.19257 0.00750087
-1.19226 0.00748196

-1.19226 0.00748195
-1.19196 0.00746319

-1.19196 0.0074632
-1.19165 0.00744458

-1.19165 0.0074446
-1.19135 0.00742609

-1.19135 0.00742609
-1.19104 0.00740767

-1.19104 0.00740766
-1.19073 0.00738934

-1.19073 0.00738934
-1.19043 0.00737112

-1.18951 0.00731643
-1.18964 0.00732422

-1.18951 0.00731643
-1.18921 0.00729816

-1.18921 0.00729816
-1.1889 0.00728004

-1.1889 0.00728005
-1.1886 0.00726206

-1.1886 0.00726206
-1.18829 0.00724418

-1.18829 0.00724418
-1.18799 0.00722639

-1.19043 0.00737113
-1.19012 0.00735297

-1.19012 0.00735301
-1.18982 0.0073348

-1.18982 0.00733483
-1.18964 0.00732422

-1.18799 0.00722639
-1.18768 0.00720867

-1.18768 0.00720868
-1.18738 0.00719101

-1.18738 0.00719101
-1.18707 0.00717339

-1.18707 0.00717337
-1.18677 0.00715584

-1.18677 0.00715585
-1.18646 0.00713843

-1.18646 0.00713845
-1.18616 0.00712108

-1.18616 0.00712108
-1.18585 0.00710374

-1.18585 0.00710374
-1.18555 0.00708643

-1.18555 0.00708643
-1.18524 0.00706914

-1.18524 0.00706915
-1.18494 0.00705187

-1.18494 0.00705189
-1.18463 0.00703454

-1.18433 0.00701695
-1.18436 0.00701904

-1.18463 0.00703458
-1.18436 0.00701904

-1.18433 0.00701694
-1.18402 0.00699933

-1.18402 0.00699933
-1.18372 0.00698184

-1.18372 0.00698185
-1.18341 0.00696447

-1.18341 0.00696447
-1.18311 0.0069472

-1.18311 0.00694721
-1.1828 0.00693004

-1.1828 0.00693004
-1.1825 0.00691297

-1.1825 0.00691297
-1.18219 0.00689598

-1.18219 0.00689598
-1.18188 0.00687906

-1.18188 0.00687904
-1.18158 0.00686223

-1.18158 0.00686224
-1.18127 0.00684557

-1.18127 0.00684558
-1.18097 0.00682902

-1.18097 0.00682901
-1.18066 0.00681252

-1.18066 0.00681252
-1.18036 0.00679609

-1.18036 0.00679609
-1.18005 0.00677974

-1.18005 0.00677973
-1.17975 0.00676347

-1.17975 0.00676347
-1.17944 0.00674727

-1.17944 0.00674729
-1.17914 0.00673111

-1.17914 0.00673115
-1.17883 0.00671484

-1.17853 0.00669839
-1.17882 0.00671387

-1.17853 0.00669838
-1.17822 0.00668212

-1.17883 0.00671489
-1.17881 0.00671387

-1.17822 0.00668212
-1.17792 0.00666598

-1.17792 0.00666598
-1.17761 0.00664994

-1.17761 0.00664994
-1.17731 0.00663399

-1.17731 0.00663399
-1.177 0.00661812

-1.177 0.00661812
-1.1767 0.00660232

-1.1767 0.00660233
-1.17639 0.00658657

-1.17639 0.00658657
-1.17609 0.00657084

-1.17609 0.00657082
-1.17578 0.00655518

-1.17578 0.00655518
-1.17548 0.00653964

-1.17548 0.00653965
-1.17517 0.00652417

-1.17517 0.00652417
-1.17487 0.00650872

-1.17487 0.00650872
-1.17456 0.00649331

-1.17456 0.00649331
-1.17426 0.00647792

-1.17426 0.00647792
-1.17395 0.00646254

-1.17395 0.00646254
-1.17365 0.00644718

-1.17365 0.00644719
-1.17334 0.00643179

-1.17334 0.00643183
-1.17303 0.00641629

-1.17273 0.00640052
-1.17289 0.00640869

-1.17303 0.00641633
-1.17289 0.00640869

-1.17273 0.00640051
-1.17242 0.00638482

-1.17242 0.00638482
-1.17212 0.00636924

-1.17212 0.00636924
-1.17181 0.00635377

-1.17181 0.00635377
-1.17151 0.00633839

-1.17151 0.00633839
-1.1712 0.00632311

-1.1712 0.00632311
-1.1709 0.00630792

-1.1709 0.00630792
-1.17059 0.00629281

-1.17059 0.00629281
-1.17029 0.00627777

-1.17029 0.00627776
-1.16998 0.00626279

-1.16998 0.00626278
-1.16968 0.00624793

-1.16968 0.00624793
-1.16937 0.00623321

-1.16937 0.00623323
-1.16907 0.00621859

-1.16907 0.00621859
-1.16876 0.00620402

-1.16876 0.00620402
-1.16846 0.00618952

-1.16846 0.00618951
-1.16815 0.00617509

-1.16815 0.00617509
-1.16785 0.00616073

-1.16785 0.00616073
-1.16754 0.00614646

-1.16754 0.00614647
-1.16724 0.00613226

-1.16632 0.00608931
-1.16662 0.00610352

-1.16632 0.00608931
-1.16602 0.00607504

-1.16724 0.00613228
-1.16693 0.00611808

-1.16693 0.00611812
-1.16663 0.00610379

-1.16663 0.00610385
-1.16662 0.00610352

-1.16602 0.00607505
-1.16571 0.00606089

-1.16571 0.00606089
-1.16541 0.00604684

-1.16541 0.00604684
-1.1651 0.00603288

-1.1651 0.00603288
-1.16479 0.00601899

-1.16479 0.00601899
-1.16449 0.00600518

-1.16449 0.00600518
-1.16418 0.00599143

-1.16418 0.00599143
-1.16388 0.00597773

-1.16388 0.00597773
-1.16357 0.00596405

-1.16357 0.00596403
-1.16327 0.0059504

-1.16327 0.00595039
-1.16296 0.00593686

-1.16296 0.00593688
-1.16266 0.00592341

-1.16266 0.00592341
-1.16235 0.00590998

-1.16235 0.00590999
-1.16205 0.00589659

-1.16205 0.00589659
-1.16174 0.00588321

-1.16174 0.00588321
-1.16144 0.00586985

-1.16144 0.00586985
-1.16113 0.0058565

-1.16113 0.0058565
-1.16083 0.00584315

-1.16083 0.00584315
-1.16052 0.00582979

-1.16052 0.00582981
-1.16022 0.00581639

-1.16022 0.00581642
-1.15991 0.00580283

-1.15961 0.00578901
-1.15981 0.00579834

-1.15991 0.00580287
-1.15981 0.00579834

-1.15961 0.005789
-1.1593 0.00577527

-1.1593 0.00577528
-1.159 0.00576165

-1.159 0.00576166
-1.15869 0.00574812

-1.15869 0.00574812
-1.15839 0.00573467

-1.15839 0.00573467
-1.15808 0.0057213

-1.15808 0.0057213
-1.15778 0.005708

-1.15778 0.005708
-1.15747 0.00569477

-1.15747 0.00569477
-1.15717 0.00568161

-1.15717 0.00568161
-1.15686 0.00566851

-1.15686 0.0056685
-1.15656 0.00565545

-1.15656 0.00565543
-1.15625 0.00564247

-1.30312 0.15625
-1.30304 0.156363

-1.30304 0.156362
-1.30289 0.156555

-1.30289 0.156555
-1.30273 0.156765

-1.30273 0.156764
-1.30266 0.15686

-1.30266 0.15686
-1.30243 0.157166

-1.30243 0.157166
-1.30243 0.157168

-1.30243 0.157168
-1.3022 0.157471

-1.3022 0.157471
-1.30212 0.157572

-1.30212 0.157571
-1.30197 0.157776

-1.30197 0.157776
-1.30182 0.157972

-1.30182 0.157971
-1.30174 0.158081

-1.30174 0.158081
-1.30151 0.158374

-1.30151 0.158374
-1.3015 0.158386

-1.3015 0.158386
-1.30127 0.158691

-1.30127 0.158691
-1.30121 0.158775

-1.30121 0.158775
-1.30104 0.158997

-1.30104 0.158997
-1.3009 0.159175

-1.3009 0.159174
-1.30081 0.159302

-1.30081 0.159302
-1.3006 0.159575

-1.3006 0.159575
-1.30057 0.159607

-1.30057 0.159607
-1.30034 0.159912

-1.30034 0.159912
-1.30029 0.159975

-1.30029 0.159974
-1.30011 0.160217

-1.30011 0.160217
-1.29999 0.160374

-1.29999 0.160372
-1.29987 0.160522

-1.29987 0.160522
-1.29968 0.160772

-1.29968 0.160771
-1.29964 0.160828

-1.29964 0.160828
-1.29941 0.161133

-1.29941 0.161133
-1.29938 0.16117

-1.29938 0.161169
-1.29917 0.161438

-1.29917 0.161438
-1.29907 0.161568

-1.29907 0.161567
-1.29894 0.161743

-1.29894 0.161743
-1.29877 0.161964

-1.29877 0.161963
-1.2987 0.162048

-1.2987 0.162048
-1.29847 0.162354

-1.29847 0.162354
-1.29846 0.162361

-1.29846 0.16236
-1.29823 0.162659

-1.29823 0.162659
-1.29816 0.162757

-1.29816 0.162757
-1.298 0.162964

-1.298 0.162964
-1.29785 0.163152

-1.29785 0.163151
-1.29776 0.163269

-1.29776 0.163269
-1.29755 0.163547

-1.29755 0.163547
-1.29753 0.163574

-1.29753 0.163574
-1.29729 0.163879

-1.29729 0.163879
-1.29724 0.163942

-1.29724 0.163942
-1.29705 0.164185

-1.29705 0.164185
-1.29694 0.164337

-1.29694 0.164335
-1.29682 0.16449

-1.29682 0.16449
-1.29663 0.16473

-1.29663 0.16473
-1.29658 0.164795

-1.29658 0.164795
-1.29634 0.1651

-1.29634 0.1651
-1.29633 0.165124

-1.29633 0.165123
-1.29611 0.165405

-1.29611 0.165405
-1.29602 0.165517

-1.29602 0.165516
-1.29587 0.16571

-1.29587 0.16571
-1.29572 0.165909

-1.29572 0.165908
-1.29563 0.166016

-1.29563 0.166016
-1.29541 0.166301

-1.29541 0.166301
-1.29539 0.166321

-1.29539 0.166321
-1.29516 0.166626

-1.29516 0.166626
-1.2951 0.166693

-1.2951 0.166693
-1.29492 0.166931

-1.29492 0.166931
-1.2948 0.167085

-1.2948 0.167083
-1.29468 0.167236

-1.29468 0.167236
-1.29449 0.167475

-1.29449 0.167474
-1.29444 0.167542

-1.29444 0.167542
-1.2942 0.167847

-1.2942 0.167847
-1.29419 0.167866

-1.29419 0.167865
-1.29397 0.168152

-1.29396 0.168152
-1.29388 0.168256

-1.29388 0.168255
-1.29373 0.168457

-1.29373 0.168457
-1.29358 0.168645

-1.29358 0.168644
-1.29349 0.168762

-1.29349 0.168762
-1.29327 0.169034

-1.29327 0.169034
-1.29325 0.169067

-1.29325 0.169067
-1.29301 0.169373

-1.29301 0.169373
-1.29297 0.169423

-1.29297 0.169423
-1.29277 0.169678

-1.29277 0.169678
-1.29266 0.169813

-1.29266 0.169811
-1.29253 0.169983

-1.29253 0.169983
-1.29236 0.170199

-1.29236 0.170199
-1.29229 0.170288

-1.29229 0.170288
-1.29205 0.170587

-1.29205 0.170587
-1.29205 0.170593

-1.29205 0.170593
-1.29181 0.170898

-1.29181 0.170898
-1.29175 0.170975

-1.29175 0.170974
-1.29157 0.171204

-1.29157 0.171204
-1.29144 0.171362

-1.29144 0.17136
-1.29133 0.171509

-1.29133 0.171509
-1.29114 0.171748

-1.29114 0.171747
-1.29109 0.171814

-1.29109 0.171814
-1.29084 0.172119

-1.29084 0.172119
-1.29083 0.172134

-1.29083 0.172134
-1.2906 0.172424

-1.2906 0.172424
-1.29053 0.17252

-1.29053 0.17252
-1.29036 0.172729

-1.29036 0.172729
-1.29022 0.172906

-1.29022 0.172904
-1.29012 0.173035

-1.29012 0.173035
-1.28992 0.17329

-1.28992 0.17329
-1.28988 0.17334

-1.28988 0.17334
-1.28964 0.173645

-1.28964 0.173645
-1.28961 0.173675

-1.28961 0.173675
-1.28939 0.17395

-1.28939 0.17395
-1.28931 0.17406

-1.28931 0.174059
-1.28915 0.174255

-1.28915 0.174255
-1.289 0.174443

-1.289 0.174442
-1.28891 0.174561

-1.28891 0.174561
-1.2887 0.174826

-1.2887 0.174826
-1.28867 0.174866

-1.28866 0.174866
-1.28842 0.175171

-1.28842 0.175171
-1.28839 0.17521

-1.28839 0.17521
-1.28818 0.175476

-1.28818 0.175476
-1.28809 0.175593

-1.28809 0.175592
-1.28794 0.175781

-1.28794 0.175781
-1.28778 0.175975

-1.28778 0.175974
-1.28769 0.176086

-1.28769 0.176086
-1.28748 0.176357

-1.28748 0.176357
-1.28745 0.176392

-1.28745 0.176392
-1.2872 0.176697

-1.2872 0.176697
-1.28717 0.176739

-1.28717 0.176739
-1.28696 0.177002

-1.28696 0.177002
-1.28687 0.177121

-1.28687 0.17712
-1.28672 0.177307

-1.28672 0.177307
-1.28656 0.177502

-1.28656 0.177501
-1.28647 0.177612

-1.28647 0.177612
-1.28625 0.177882

-1.28625 0.177882
-1.28623 0.177917

-1.28623 0.177917
-1.28598 0.178223

-1.28598 0.178223
-1.28595 0.178263

-1.28595 0.178262
-1.28574 0.178528

-1.28574 0.178528
-1.28564 0.178644

-1.28564 0.178642
-1.28549 0.178833

-1.28549 0.178833
-1.28534 0.179023

-1.28534 0.179021
-1.28525 0.179138

-1.28525 0.179138
-1.28503 0.179402

-1.28503 0.179402
-1.285 0.179443

-1.285 0.179443
-1.28476 0.179749

-1.28476 0.179749
-1.28473 0.179781

-1.28473 0.179781
-1.28451 0.180054

-1.28451 0.180054
-1.28442 0.18016

-1.28442 0.180159
-1.28426 0.180359

-1.28426 0.180359
-1.28412 0.180539

-1.28412 0.180537
-1.28402 0.180664

-1.28402 0.180664
-1.28381 0.180916

-1.28381 0.180916
-1.28377 0.180969

-1.28377 0.180969
-1.28352 0.181274

-1.28352 0.181274
-1.28351 0.181294

-1.28351 0.181294
-1.28328 0.18158

-1.28328 0.18158
-1.2832 0.181672

-1.2832 0.181671
-1.28303 0.181885

-1.28303 0.181885
-1.2829 0.18205

-1.2829 0.182047
-1.28278 0.18219

-1.28278 0.18219
-1.28259 0.182425

-1.28259 0.182425
-1.28254 0.182495

-1.28254 0.182495
-1.28229 0.1828

-1.28229 0.1828
-1.28229 0.182802

-1.28229 0.182802
-1.28204 0.183105

-1.28204 0.183105
-1.28198 0.183178

-1.28198 0.183178
-1.28179 0.183411

-1.28179 0.183411
-1.28168 0.183555

-1.28168 0.183553
-1.28155 0.183716

-1.28155 0.183716
-1.28137 0.18393

-1.28137 0.183929
-1.2813 0.184021

-1.2813 0.184021
-1.28107 0.184305

-1.28107 0.184305
-1.28105 0.184326

-1.28105 0.184326
-1.2808 0.184631

-1.2808 0.184631
-1.28076 0.18468

-1.28076 0.18468
-1.28055 0.184937

-1.28055 0.184937
-1.28046 0.185055

-1.28046 0.185054
-1.2803 0.185242

-1.2803 0.185242
-1.28015 0.185429

-1.28015 0.185428
-1.28006 0.185547

-1.28005 0.185547
-1.27985 0.185803

-1.27985 0.185803
-1.27981 0.185852

-1.27981 0.185852
-1.27956 0.186157

-1.27956 0.186157
-1.27954 0.186177

-1.27954 0.186176
-1.27931 0.186462

-1.27931 0.186462
-1.27924 0.18655

-1.27924 0.18655
-1.27906 0.186768

-1.27906 0.186768
-1.27893 0.186925

-1.27893 0.186922
-1.27881 0.187073

-1.27881 0.187073
-1.27863 0.187296

-1.27863 0.187296
-1.27856 0.187378

-1.27856 0.187378
-1.27832 0.187668

-1.27832 0.187668
-1.27831 0.187683

-1.27831 0.187683
-1.27806 0.187988

-1.27806 0.187988
-1.27802 0.188041

-1.27802 0.188041
-1.27781 0.188293

-1.27781 0.188293
-1.27771 0.188414

-1.27771 0.188412
-1.27756 0.188599

-1.27756 0.188599
-1.2774 0.188785

-1.2774 0.188784
-1.27731 0.188904

-1.27731 0.188904
-1.2771 0.189156

-1.2771 0.189156
-1.27706 0.189209

-1.27706 0.189209
-1.2768 0.189514

-1.27681 0.189514
-1.27679 0.189527

-1.27679 0.189527
-1.27655 0.189819

-1.27655 0.189819
-1.27649 0.189898

-1.27649 0.189898
-1.2763 0.190125

-1.2763 0.190125
-1.27618 0.19027

-1.27618 0.190267
-1.27605 0.19043

-1.27605 0.19043
-1.27588 0.190639

-1.27588 0.190638
-1.2758 0.190735

-1.2758 0.190735
-1.27557 0.191009

-1.27557 0.191008
-1.27555 0.19104

-1.27555 0.19104
-1.2753 0.191345

-1.2753 0.191345
-1.27527 0.191379

-1.27527 0.191378
-1.27504 0.19165

-1.27504 0.19165
-1.27496 0.191748

-1.27496 0.191747
-1.27479 0.191956

-1.27479 0.191956
-1.27466 0.192118

-1.27466 0.192116
-1.27454 0.192261

-1.27454 0.192261
-1.27435 0.192486

-1.27435 0.192485
-1.27429 0.192566

-1.27429 0.192566
-1.27405 0.192854

-1.27405 0.192854
-1.27403 0.192871

-1.27403 0.192871
-1.27378 0.193176

-1.27378 0.193176
-1.27374 0.193223

-1.27374 0.193223
-1.27353 0.193481

-1.27353 0.193481
-1.27344 0.193591

-1.27344 0.19359
-1.27328 0.193787

-1.27327 0.193787
-1.27313 0.19396

-1.27313 0.193958
-1.27302 0.194092

-1.27302 0.194092
-1.27283 0.194326

-1.27283 0.194326
-1.27277 0.194397

-1.27277 0.194397
-1.27252 0.194693

-1.27252 0.194693
-1.27251 0.194702

-1.27251 0.194702
-1.27226 0.195007

-1.27226 0.195007
-1.27222 0.195061

-1.27222 0.19506
-1.27201 0.195312

-1.27201 0.195312
-1.27191 0.195428

-1.27191 0.195426
-1.27175 0.195618

-1.27175 0.195618
-1.27161 0.195795

-1.27161 0.195793
-1.2715 0.195923

-1.2715 0.195923
-1.2713 0.19616

-1.2713 0.196159
-1.27124 0.196228

-1.27124 0.196228
-1.271 0.196526

-1.271 0.196526
-1.27099 0.196533

-1.27099 0.196533
-1.27074 0.196838

-1.27074 0.196838
-1.27069 0.196892

-1.27069 0.196891
-1.27048 0.197144

-1.27048 0.197144
-1.27039 0.197257

-1.27039 0.197256
-1.27023 0.197449

-1.27022 0.197449
-1.27008 0.197623

-1.27008 0.197621
-1.26997 0.197754

-1.26997 0.197754
-1.26978 0.197987

-1.26978 0.197986
-1.26971 0.198059

-1.26971 0.198059
-1.26947 0.198351

-1.26947 0.198351
-1.26946 0.198364

-1.26946 0.198364
-1.2692 0.198669

-1.2692 0.198669
-1.26917 0.198716

-1.26917 0.198716
-1.26895 0.198975

-1.26895 0.198975
-1.26886 0.19908

-1.26886 0.199079
-1.26869 0.19928

-1.26869 0.19928
-1.26855 0.199445

-1.26855 0.199443
-1.26844 0.199585

-1.26844 0.199585
-1.26825 0.199807

-1.26825 0.199807
-1.26818 0.19989

-1.26818 0.19989
-1.26794 0.200171

-1.26794 0.20017
-1.26792 0.200195

-1.26792 0.200195
-1.26767 0.2005

-1.26767 0.2005
-1.26764 0.200534

-1.26764 0.200534
-1.26741 0.200806

-1.26741 0.200806
-1.26733 0.200897

-1.26733 0.200896
-1.26715 0.201111

-1.26715 0.201111
-1.26703 0.20126

-1.26703 0.201258
-1.2669 0.201416

-1.2669 0.201416
-1.26672 0.201622

-1.26672 0.201621
-1.26664 0.201721

-1.26664 0.201721
-1.26642 0.201984

-1.26642 0.201983
-1.26638 0.202026

-1.26638 0.202026
-1.26612 0.202332

-1.26613 0.202332
-1.26611 0.202346

-1.26611 0.202345
-1.26587 0.202637

-1.26587 0.202637
-1.26581 0.202707

-1.26581 0.202707
-1.26561 0.202942

-1.26561 0.202942
-1.2655 0.203069

-1.2655 0.203067
-1.26535 0.203247

-1.26535 0.203247
-1.2652 0.203431

-1.2652 0.203429
-1.26509 0.203552

-1.26509 0.203552
-1.26489 0.20379

-1.26489 0.20379
-1.26484 0.203857

-1.26484 0.203857
-1.26459 0.204151

-1.26459 0.204151
-1.26458 0.204163

-1.26458 0.204163
-1.26432 0.204468

-1.26432 0.204468
-1.26428 0.204512

-1.26428 0.204511
-1.26406 0.204773

-1.26406 0.204773
-1.26398 0.204872

-1.26398 0.204871
-1.2638 0.205078

-1.2638 0.205078
-1.26367 0.205233

-1.26367 0.20523
-1.26354 0.205383

-1.26354 0.205383
-1.26337 0.205591

-1.26337 0.205591
-1.26328 0.205688

-1.26328 0.205688
-1.26306 0.20595

-1.26306 0.20595
-1.26302 0.205994

-1.26302 0.205994
-1.26277 0.206299

-1.26277 0.206299
-1.26276 0.20631

-1.26276 0.20631
-1.26251 0.206604

-1.26251 0.206604
-1.26245 0.206669

-1.26245 0.206668
-1.26225 0.206909

-1.26225 0.206909
-1.26215 0.207028

-1.26215 0.207026
-1.26199 0.207214

-1.26199 0.207214
-1.26184 0.207387

-1.26184 0.207385
-1.26173 0.20752

-1.26173 0.20752
-1.26154 0.207744

-1.26154 0.207744
-1.26147 0.207825

-1.26147 0.207825
-1.26123 0.208102

-1.26123 0.208102
-1.26121 0.20813

-1.26121 0.20813
-1.26095 0.208435

-1.26095 0.208435
-1.26093 0.20846

-1.26093 0.20846
-1.26069 0.20874

-1.26069 0.20874
-1.26062 0.208818

-1.26062 0.208817
-1.26043 0.209045

-1.26042 0.209045
-1.26031 0.209175

-1.26031 0.209173
-1.26017 0.209351

-1.26016 0.209351
-1.26001 0.209533

-1.26001 0.209531
-1.2599 0.209656

-1.2599 0.209656
-1.2597 0.209888

-1.2597 0.209888
-1.25964 0.209961

-1.25964 0.209961
-1.2594 0.210245

-1.2594 0.210245
-1.25938 0.210266

-1.25938 0.210266
-1.25912 0.210571

-1.25912 0.210571
-1.25909 0.210602

-1.25909 0.210601
-1.25886 0.210876

-1.25886 0.210876
-1.25879 0.210958

-1.25879 0.210957
-1.2586 0.211182

-1.2586 0.211182
-1.25848 0.211314

-1.25848 0.211312
-1.25834 0.211487

-1.25833 0.211487
-1.25818 0.21167

-1.25818 0.211668
-1.25807 0.211792

-1.25807 0.211792
-1.25787 0.212024

-1.25787 0.212024
-1.25781 0.212097

-1.25781 0.212097
-1.25757 0.212379

-1.25757 0.212379
-1.25755 0.212402

-1.25755 0.212402
-1.25729 0.212708

-1.25729 0.212708
-1.25726 0.212735

-1.25726 0.212734
-1.25702 0.213013

-1.25702 0.213013
-1.25696 0.21309

-1.25696 0.213089
-1.25676 0.213318

-1.25676 0.213318
-1.25665 0.213444

-1.25665 0.213442
-1.2565 0.213623

-1.2565 0.213623
-1.25635 0.213799

-1.25635 0.213797
-1.25624 0.213928

-1.25624 0.213928
-1.25604 0.214152

-1.25604 0.214152
-1.25597 0.214233

-1.25597 0.214233
-1.25574 0.214506

-1.25574 0.214506
-1.25571 0.214539

-1.25571 0.214539
-1.25545 0.214844

-1.25545 0.214844
-1.25543 0.21486

-1.25543 0.214859
-1.25518 0.215149

-1.25518 0.215149
-1.25513 0.215213

-1.25513 0.215213
-1.25492 0.215454

-1.25492 0.215454
-1.25482 0.215567

-1.25482 0.215565
-1.25466 0.215759

-1.25465 0.215759
-1.25452 0.21592

-1.25452 0.215918
-1.25439 0.216064

-1.25439 0.216064
-1.25421 0.216272

-1.25421 0.216271
-1.25413 0.21637

-1.25413 0.21637
-1.25391 0.216624

-1.25391 0.216624
-1.25386 0.216675

-1.25386 0.216675
-1.2536 0.216977

-1.2536 0.216976
-1.2536 0.21698

-1.2536 0.21698
-1.25333 0.217285

-1.25333 0.217285
-1.2533 0.217329

-1.2533 0.217328
-1.25307 0.21759

-1.25307 0.21759
-1.25299 0.217681

-1.25299 0.21768
-1.2528 0.217896

-1.2528 0.217896
-1.25269 0.218033

-1.25269 0.218031
-1.25254 0.218201

-1.25254 0.218201
-1.25238 0.218385

-1.25238 0.218383
-1.25227 0.218506

-1.25227 0.218506
-1.25208 0.218735

-1.25208 0.218734
-1.25201 0.218811

-1.25201 0.218811
-1.25177 0.219086

-1.25177 0.219086
-1.25174 0.219116

-1.25174 0.219116
-1.25148 0.219421

-1.25148 0.219421
-1.25146 0.219437

-1.25146 0.219436
-1.25121 0.219727

-1.25121 0.219727
-1.25116 0.219787

-1.25116 0.219787
-1.25095 0.220032

-1.25095 0.220032
-1.25085 0.220138

-1.25085 0.220136
-1.25068 0.220337

-1.25068 0.220337
-1.25055 0.220488

-1.25055 0.220486
-1.25042 0.220642

-1.25041 0.220642
-1.25024 0.220838

-1.25024 0.220837
-1.25015 0.220947

-1.25015 0.220947
-1.24994 0.221187

-1.24994 0.221187
-1.24988 0.221252

-1.24988 0.221252
-1.24963 0.221536

-1.24963 0.221536
-1.24962 0.221558

-1.24962 0.221558
-1.24935 0.221863

-1.24935 0.221863
-1.24933 0.221886

-1.24933 0.221886
-1.24908 0.222168

-1.24908 0.222168
-1.24902 0.222235

-1.24902 0.222234
-1.24881 0.222473

-1.24881 0.222473
-1.24872 0.222584

-1.24872 0.222582
-1.24855 0.222778

-1.24855 0.222778
-1.24841 0.222933

-1.24841 0.222931
-1.24828 0.223083

-1.24828 0.223083
-1.24811 0.223282

-1.24811 0.22328
-1.24801 0.223389

-1.24801 0.223389
-1.2478 0.223629

-1.2478 0.223629
-1.24775 0.223694

-1.24775 0.223694
-1.2475 0.223977

-1.2475 0.223977
-1.24748 0.223999

-1.24748 0.223999
-1.24721 0.224304

-1.24721 0.224304
-1.24719 0.224325

-1.24719 0.224324
-1.24694 0.224609

-1.24694 0.224609
-1.24689 0.224672

-1.24689 0.224672
-1.24667 0.224915

-1.24667 0.224915
-1.24658 0.22502

-1.24658 0.225018
-1.24641 0.22522

-1.24641 0.22522
-1.24628 0.225367

-1.24628 0.225366
-1.24614 0.225525

-1.24614 0.225525
-1.24597 0.225715

-1.24597 0.225713
-1.24587 0.22583

-1.24587 0.22583
-1.24567 0.226061

-1.24567 0.22606
-1.2456 0.226135

-1.2456 0.226135
-1.24536 0.226407

-1.24536 0.226407
-1.24533 0.22644

-1.24533 0.22644
-1.24506 0.226746

-1.24506 0.226746
-1.24506 0.226753

-1.24506 0.226753
-1.24479 0.227051

-1.24479 0.227051
-1.24475 0.2271

-1.24475 0.227099
-1.24452 0.227356

-1.24452 0.227356
-1.24445 0.227446

-1.24445 0.227444
-1.24426 0.227661

-1.24425 0.227661
-1.24414 0.227792

-1.24414 0.22779
-1.24399 0.227966

-1.24398 0.227966
-1.24384 0.228138

-1.24384 0.228136
-1.24372 0.228271

-1.24372 0.228271
-1.24353 0.228483

-1.24353 0.228481
-1.24345 0.228577

-1.24345 0.228577
-1.24323 0.228827

-1.24323 0.228827
-1.24318 0.228882

-1.24318 0.228882
-1.24292 0.229172

-1.24292 0.229172
-1.24291 0.229187

-1.24291 0.229187
-1.24264 0.229492

-1.24264 0.229492
-1.24261 0.229517

-1.24261 0.229516
-1.24237 0.229797

-1.24237 0.229797
-1.24231 0.229861

-1.24231 0.229861
-1.2421 0.230103

-1.2421 0.230103
-1.242 0.230206

-1.242 0.230204
-1.24183 0.230408

-1.24182 0.230408
-1.2417 0.23055

-1.2417 0.230548
-1.24155 0.230713

-1.24155 0.230713
-1.24139 0.230894

-1.24139 0.230893
-1.24128 0.231018

-1.24128 0.231018
-1.24109 0.231238

-1.24109 0.231237
-1.24101 0.231323

-1.24101 0.231323
-1.24078 0.23158

-1.24078 0.23158
-1.24074 0.231628

-1.24074 0.231628
-1.24048 0.231924

-1.24048 0.231924
-1.24047 0.231934

-1.24047 0.231934
-1.2402 0.232239

-1.2402 0.232239
-1.24017 0.232267

-1.24017 0.232267
-1.23993 0.232544

-1.23993 0.232544
-1.23987 0.23261

-1.23987 0.232609
-1.23966 0.232849

-1.23965 0.232849
-1.23956 0.232953

-1.23956 0.232951
-1.23938 0.233154

-1.23938 0.233154
-1.23926 0.233296

-1.23926 0.233294
-1.23911 0.233459

-1.23911 0.233459
-1.23895 0.233638

-1.23895 0.233637
-1.23884 0.233765

-1.23884 0.233765
-1.23865 0.23398

-1.23865 0.233979
-1.23857 0.23407

-1.23857 0.23407
-1.23834 0.234321

-1.23834 0.234321
-1.23829 0.234375

-1.23829 0.234375
-1.23804 0.234663

-1.23804 0.234663
-1.23802 0.23468

-1.23802 0.23468
-1.23775 0.234985

-1.23775 0.234985
-1.23773 0.235005

-1.23773 0.235004
-1.23748 0.235291

-1.23748 0.235291
-1.23743 0.235346

-1.23743 0.235346
-1.2372 0.235596

-1.2372 0.235596
-1.23712 0.235687

-1.23712 0.235686
-1.23693 0.235901

-1.23693 0.235901
-1.23682 0.236029

-1.23682 0.236027
-1.23666 0.236206

-1.23666 0.236206
-1.23651 0.23637

-1.23651 0.236368
-1.23638 0.236511

-1.23638 0.236511
-1.23621 0.236711

-1.23621 0.236709
-1.23611 0.236816

-1.23611 0.236816
-1.2359 0.23705

-1.2359 0.237049
-1.23584 0.237122

-1.23584 0.237122
-1.2356 0.23739

-1.2356 0.23739
-1.23556 0.237427

-1.23556 0.237427
-1.23529 0.23773

-1.23529 0.23773
-1.23529 0.237732

-1.23529 0.237732
-1.23501 0.238037

-1.23501 0.238037
-1.23499 0.23807

-1.23499 0.238069
-1.23474 0.238342

-1.23474 0.238342
-1.23468 0.23841

-1.23468 0.238409
-1.23447 0.238647

-1.23447 0.238647
-1.23438 0.238749

-1.23438 0.238747
-1.23419 0.238953

-1.23419 0.238953
-1.23407 0.239089

-1.23407 0.239087
-1.23392 0.239258

-1.23392 0.239258
-1.23376 0.239428

-1.23376 0.239426
-1.23364 0.239563

-1.23364 0.239563
-1.23346 0.239767

-1.23346 0.239766
-1.23337 0.239868

-1.23337 0.239868
-1.23315 0.240105

-1.23315 0.240104
-1.23309 0.240173

-1.23309 0.240173
-1.23285 0.240443

-1.23285 0.240443
-1.23282 0.240479

-1.23282 0.240479
-1.23254 0.240781

-1.23254 0.240781
-1.23254 0.240784

-1.23254 0.240784
-1.23227 0.241089

-1.23227 0.241089
-1.23224 0.24112

-1.23224 0.241119
-1.23199 0.241394

-1.23199 0.241394
-1.23193 0.241458

-1.23193 0.241457
-1.23172 0.241699

-1.23171 0.241699
-1.23163 0.241795

-1.23163 0.241794
-1.23144 0.242004

-1.23144 0.242004
-1.23132 0.242133

-1.23132 0.242131
-1.23116 0.24231

-1.23116 0.24231
-1.23102 0.242471

-1.23102 0.242469
-1.23089 0.242615

-1.23089 0.242615
-1.23071 0.242808

-1.23071 0.242807
-1.23061 0.24292

-1.23061 0.24292
-1.23041 0.243145

-1.23041 0.243144
-1.23033 0.243225

-1.23033 0.243225
-1.2301 0.243481

-1.2301 0.243481
-1.23006 0.24353

-1.23006 0.24353
-1.2298 0.243818

-1.2298 0.243817
-1.22978 0.243835

-1.22978 0.243835
-1.2295 0.244141

-1.2295 0.244141
-1.22949 0.244154

-1.22949 0.244154
-1.22923 0.244446

-1.22923 0.244446
-1.22919 0.244491

-1.22919 0.24449
-1.22895 0.244751

-1.22895 0.244751
-1.22888 0.244827

-1.22888 0.244826
-1.22867 0.245056

-1.22867 0.245056
-1.22858 0.245163

-1.22858 0.245161
-1.2284 0.245361

-1.2284 0.245361
-1.22827 0.245499

-1.22827 0.245497
-1.22812 0.245667

-1.22812 0.245667
-1.22797 0.245834

-1.22797 0.245833
-1.22784 0.245972

-1.22784 0.245972
-1.22766 0.24617

-1.22766 0.246169
-1.22756 0.246277

-1.22756 0.246277
-1.22736 0.246505

-1.22736 0.246504
-1.22729 0.246582

-1.22728 0.246582
-1.22705 0.246839

-1.22705 0.246839
-1.22701 0.246887

-1.22701 0.246887
-1.22675 0.247174

-1.22675 0.247174
-1.22673 0.247192

-1.22673 0.247192
-1.22645 0.247498

-1.22645 0.247498
-1.22644 0.247509

-1.22644 0.247509
-1.22617 0.247803

-1.22617 0.247803
-1.22614 0.247843

-1.22614 0.247843
-1.22589 0.248108

-1.22589 0.248108
-1.22583 0.248178

-1.22583 0.248177
-1.22562 0.248413

-1.22561 0.248413
-1.22552 0.248512

-1.22552 0.24851
-1.22534 0.248718

-1.22534 0.248718
-1.22522 0.248846

-1.22522 0.248844
-1.22506 0.249023

-1.22506 0.249023
-1.22491 0.24918

-1.22491 0.249178
-1.22478 0.249329

-1.22478 0.249329
-1.22461 0.249514

-1.22461 0.249512
-1.2245 0.249634

-1.2245 0.249634
-1.2243 0.249847

-1.2243 0.249846
-1.22422 0.249939

-1.22422 0.249939
-1.224 0.25018

-1.224 0.250179
-1.22394 0.250244

-1.22394 0.250244
-1.22369 0.250512

-1.22369 0.250512
-1.22366 0.250549

-1.22366 0.250549
-1.22339 0.250845

-1.22339 0.250845
-1.22338 0.250854

-1.22338 0.250854
-1.2231 0.25116

-1.2231 0.25116
-1.22308 0.251178

-1.22308 0.251178
-1.22282 0.251465

-1.22282 0.251465
-1.22278 0.251511

-1.22278 0.25151
-1.22254 0.25177

-1.22254 0.25177
-1.22247 0.251843

-1.22247 0.251842
-1.22226 0.252075

-1.22226 0.252075
-1.22217 0.252176

-1.22217 0.252174
-1.22198 0.25238

-1.22198 0.25238
-1.22186 0.252508

-1.22186 0.252506
-1.2217 0.252686

-1.2217 0.252686
-1.22156 0.25284

-1.22156 0.252838
-1.22142 0.252991

-1.22142 0.252991
-1.22125 0.253172

-1.22125 0.25317
-1.22114 0.253296

-1.22114 0.253296
-1.22095 0.253503

-1.22095 0.253502
-1.22086 0.253601

-1.22086 0.253601
-1.22064 0.253834

-1.22064 0.253833
-1.22058 0.253906

-1.22057 0.253906
-1.22034 0.254165

-1.22034 0.254165
-1.22029 0.254211

-1.22029 0.254211
-1.22003 0.254496

-1.22003 0.254496
-1.22001 0.254517

-1.22001 0.254517
-1.21973 0.254822

-1.21973 0.254822
-1.21973 0.254827

-1.21973 0.254826
-1.21945 0.255127

-1.21945 0.255127
-1.21942 0.255157

-1.21942 0.255157
-1.21917 0.255432

-1.21917 0.255432
-1.21912 0.255488

-1.21912 0.255487
-1.21889 0.255737

-1.21889 0.255737
-1.21881 0.255818

-1.21881 0.255817
-1.2186 0.256042

-1.2186 0.256042
-1.21851 0.256148

-1.21851 0.256147
-1.21832 0.256348

-1.21832 0.256348
-1.2182 0.256478

-1.2182 0.256477
-1.21804 0.256653

-1.21804 0.256653
-1.2179 0.256808

-1.2179 0.256807
-1.21776 0.256958

-1.21776 0.256958
-1.21759 0.257138

-1.21759 0.257137
-1.21747 0.257263

-1.21747 0.257263
-1.21729 0.257468

-1.21729 0.257467
-1.21719 0.257568

-1.21719 0.257568
-1.21698 0.257797

-1.21698 0.257796
-1.21691 0.257874

-1.21691 0.257874
-1.21667 0.258125

-1.21667 0.258125
-1.21663 0.258179

-1.21663 0.258179
-1.21637 0.258454

-1.21637 0.258454
-1.21634 0.258484

-1.21634 0.258484
-1.21606 0.258783

-1.21606 0.258783
-1.21606 0.258789

-1.21606 0.258789
-1.21578 0.259094

-1.21578 0.259094
-1.21576 0.259112

-1.21576 0.259111
-1.21549 0.259399

-1.21549 0.259399
-1.21545 0.25944

-1.21545 0.25944
-1.21521 0.259705

-1.21521 0.259705
-1.21515 0.259769

-1.21515 0.259768
-1.21492 0.26001

-1.21492 0.26001
-1.21484 0.260097

-1.21484 0.260095
-1.21464 0.260315

-1.21464 0.260315
-1.21454 0.260425

-1.21454 0.260423
-1.21436 0.26062

-1.21436 0.26062
-1.21423 0.260753

-1.21423 0.260751
-1.21407 0.260925

-1.21407 0.260925
-1.21393 0.26108

-1.21393 0.261079
-1.21379 0.26123

-1.21379 0.26123
-1.21362 0.261408

-1.21362 0.261407
-1.2135 0.261536

-1.2135 0.261536
-1.21332 0.261736

-1.21332 0.261734
-1.21322 0.261841

-1.21322 0.261841
-1.21301 0.262063

-1.21301 0.262062
-1.21293 0.262146

-1.21293 0.262146
-1.21271 0.262389

-1.21271 0.262389
-1.21265 0.262451

-1.21265 0.262451
-1.2124 0.262716

-1.2124 0.262715
-1.21236 0.262756

-1.21236 0.262756
-1.2121 0.263042

-1.2121 0.263042
-1.21208 0.263062

-1.21208 0.263062
-1.21179 0.263367

-1.21179 0.263367
-1.21179 0.263369

-1.21179 0.263368
-1.21151 0.263672

-1.21151 0.263672
-1.21149 0.263695

-1.21149 0.263695
-1.21122 0.263977

-1.21122 0.263977
-1.21118 0.264021

-1.21118 0.264021
-1.21094 0.264282

-1.21094 0.264282
-1.21088 0.264347

-1.21088 0.264346
-1.21065 0.264587

-1.21065 0.264587
-1.21057 0.264673

-1.21057 0.264671
-1.21037 0.264893

-1.21037 0.264893
-1.21027 0.264999

-1.21027 0.264997
-1.21008 0.265198

-1.21008 0.265198
-1.20996 0.265324

-1.20996 0.265323
-1.20979 0.265503

-1.20979 0.265503
-1.20966 0.26565

-1.20966 0.265649
-1.20951 0.265808

-1.20951 0.265808
-1.20935 0.265975

-1.20935 0.265974
-1.20922 0.266113

-1.20922 0.266113
-1.20905 0.2663

-1.20905 0.266299
-1.20893 0.266418

-1.20893 0.266418
-1.20874 0.266625

-1.20874 0.266624
-1.20865 0.266724

-1.20865 0.266724
-1.20844 0.26695

-1.20844 0.266949
-1.20836 0.267029

-1.20836 0.267029
-1.20813 0.267274

-1.20813 0.267273
-1.20807 0.267334

-1.20807 0.267334
-1.20782 0.267598

-1.20782 0.267598
-1.20779 0.267639

-1.20779 0.267639
-1.20752 0.267922

-1.20752 0.267922
-1.2075 0.267944

-1.2075 0.267944
-1.20721 0.268246

-1.20721 0.268246
-1.20721 0.26825

-1.20721 0.26825
-1.20692 0.268555

-1.20692 0.268555
-1.20691 0.26857

-1.20691 0.26857
-1.20664 0.26886

-1.20664 0.26886
-1.2066 0.268894

-1.2066 0.268893
-1.20635 0.269165

-1.20635 0.269165
-1.2063 0.269217

-1.2063 0.269217
-1.20606 0.26947

-1.20606 0.26947
-1.20599 0.269541

-1.20599 0.269539
-1.20577 0.269775

-1.20577 0.269775
-1.20569 0.269864

-1.20569 0.269863
-1.20548 0.270081

-1.20548 0.270081
-1.20538 0.270187

-1.20538 0.270186
-1.2052 0.270386

-1.2052 0.270386
-1.20508 0.27051

-1.20508 0.270509
-1.20491 0.270691

-1.20491 0.270691
-1.20477 0.270833

-1.20477 0.270832
-1.20462 0.270996

-1.20462 0.270996
-1.20447 0.271156

-1.20447 0.271154
-1.20433 0.271301

-1.20433 0.271301
-1.20416 0.271478

-1.20416 0.271477
-1.20404 0.271606

-1.20404 0.271606
-1.20386 0.2718

-1.20386 0.271799
-1.20375 0.271912

-1.20375 0.271912
-1.20355 0.272123

-1.20355 0.272122
-1.20346 0.272217

-1.20346 0.272217
-1.20325 0.272445

-1.20325 0.272444
-1.20317 0.272522

-1.20317 0.272522
-1.20294 0.272766

-1.20294 0.272765
-1.20288 0.272827

-1.20288 0.272827
-1.20264 0.273087

-1.20264 0.273087
-1.20259 0.273132

-1.20259 0.273132
-1.20233 0.273409

-1.20233 0.273409
-1.2023 0.273438

-1.2023 0.273438
-1.20203 0.27373

-1.20203 0.27373
-1.20201 0.273743

-1.20201 0.273743
-1.20172 0.274048

-1.20172 0.274048
-1.20172 0.274051

-1.20172 0.274051
-1.20143 0.274353

-1.20143 0.274353
-1.20142 0.274372

-1.20142 0.274372
-1.20114 0.274658

-1.20114 0.274658
-1.20111 0.274693

-1.20111 0.274693
-1.20085 0.274963

-1.20085 0.274963
-1.20081 0.275014

-1.20081 0.275013
-1.20056 0.275269

-1.20056 0.275269
-1.2005 0.275334

-1.2005 0.275333
-1.20027 0.275574

-1.20027 0.275574
-1.2002 0.275655

-1.2002 0.275653
-1.19998 0.275879

-1.19998 0.275879
-1.19989 0.275975

-1.19989 0.275974
-1.19969 0.276184

-1.19969 0.276184
-1.19958 0.276295

-1.19958 0.276294
-1.1994 0.276489

-1.1994 0.276489
-1.19928 0.276615

-1.19928 0.276614
-1.19911 0.276794

-1.19911 0.276794
-1.19897 0.276935

-1.19897 0.276934
-1.19882 0.2771

-1.19882 0.2771
-1.19867 0.277254

-1.19867 0.277254
-1.19853 0.277405

-1.19853 0.277405
-1.19836 0.277574

-1.19836 0.277573
-1.19823 0.27771

-1.19823 0.27771
-1.19806 0.277893

-1.19806 0.277892
-1.19794 0.278015

-1.19794 0.278015
-1.19775 0.278213

-1.19775 0.278212
-1.19765 0.27832

-1.19765 0.27832
-1.19745 0.278532

-1.19745 0.278531
-1.19736 0.278625

-1.19736 0.278625
-1.19714 0.27885

-1.19714 0.278849
-1.19707 0.278931

-1.19707 0.278931
-1.19684 0.279169

-1.19684 0.279168
-1.19677 0.279236

-1.19677 0.279236
-1.19653 0.279487

-1.19653 0.279487
-1.19648 0.279541

-1.19648 0.279541
-1.19623 0.279805

-1.19623 0.279805
-1.19619 0.279846

-1.19619 0.279846
-1.19592 0.280123

-1.19592 0.280123
-1.1959 0.280151

-1.1959 0.280151
-1.19562 0.280441

-1.19562 0.280441
-1.1956 0.280457

-1.1956 0.280457
-1.19531 0.280759

-1.19531 0.280759
-1.19531 0.280762

-1.19531 0.280762
-1.19502 0.281067

-1.19502 0.281067
-1.19501 0.281077

-1.19501 0.281077
-1.19472 0.281372

-1.19472 0.281372
-1.1947 0.281395

-1.1947 0.281394
-1.19443 0.281677

-1.19443 0.281677
-1.1944 0.281712

-1.1944 0.281712
-1.19414 0.281982

-1.19414 0.281982
-1.19409 0.282029

-1.19409 0.282029
-1.19384 0.282288

-1.19384 0.282288
-1.19379 0.282346

-1.19379 0.282345
-1.19355 0.282593

-1.19355 0.282593
-1.19348 0.282663

-1.19348 0.282662
-1.19326 0.282898

-1.19326 0.282898
-1.19318 0.28298

-1.19318 0.282979
-1.19296 0.283203

-1.19296 0.283203
-1.19287 0.283297

-1.19287 0.283296
-1.19267 0.283508

-1.19267 0.283508
-1.19257 0.283613

-1.19257 0.283612
-1.19237 0.283813

-1.19237 0.283813
-1.19226 0.28393

-1.19226 0.283929
-1.19208 0.284119

-1.19208 0.284119
-1.19196 0.284246

-1.19196 0.284245
-1.19178 0.284424

-1.19178 0.284424
-1.19165 0.284562

-1.19165 0.284561
-1.19149 0.284729

-1.19149 0.284729
-1.19135 0.284878

-1.19135 0.284877
-1.19119 0.285034

-1.19119 0.285034
-1.19104 0.285193

-1.19104 0.285193
-1.1909 0.285339

-1.1909 0.285339
-1.19073 0.285509

-1.19073 0.285508
-1.1906 0.285645

-1.1906 0.285645
-1.19043 0.285824

-1.19043 0.285824
-1.19031 0.28595

-1.19031 0.28595
-1.19012 0.28614

-1.19012 0.286139
-1.19001 0.286255

-1.19001 0.286255
-1.18982 0.286455

-1.18982 0.286454
-1.18972 0.28656

-1.18972 0.28656
-1.18951 0.28677

-1.18951 0.286769
-1.18942 0.286865

-1.18942 0.286865
-1.18921 0.287085

-1.18921 0.287084
-1.18913 0.28717

-1.18912 0.28717
-1.1889 0.287399

-1.1889 0.287399
-1.18883 0.287476

-1.18883 0.287476
-1.1886 0.287714

-1.1886 0.287713
-1.18853 0.287781

-1.18853 0.287781
-1.18829 0.288028

-1.18829 0.288028
-1.18824 0.288086

-1.18824 0.288086
-1.18799 0.288342

-1.18799 0.288342
-1.18794 0.288391

-1.18794 0.288391
-1.18768 0.288656

-1.18768 0.288656
-1.18764 0.288696

-1.18764 0.288696
-1.18738 0.28897

-1.18738 0.28897
-1.18735 0.289001

-1.18735 0.289001
-1.18707 0.289284

-1.18707 0.289283
-1.18705 0.289307

-1.18705 0.289307
-1.18677 0.289597

-1.18677 0.289597
-1.18675 0.289612

-1.18675 0.289612
-1.18646 0.28991

-1.18646 0.28991
-1.18646 0.289917

-1.18646 0.289917
-1.18616 0.290222

-1.18616 0.290222
-1.18616 0.290224

-1.18616 0.290224
-1.18586 0.290527

-1.18586 0.290527
-1.18585 0.290537

-1.18585 0.290537
-1.18556 0.290833

-1.18556 0.290833
-1.18555 0.29085

-1.18555 0.29085
-1.18527 0.291138

-1.18527 0.291138
-1.18524 0.291163

-1.18524 0.291163
-1.18497 0.291443

-1.18497 0.291443
-1.18494 0.291476

-1.18494 0.291475
-1.18467 0.291748

-1.18467 0.291748
-1.18463 0.291788

-1.18463 0.291787
-1.18437 0.292053

-1.18437 0.292053
-1.18433 0.2921

-1.18433 0.2921
-1.18407 0.292358

-1.18407 0.292358
-1.18402 0.292413

-1.18402 0.292412
-1.18378 0.292664

-1.18378 0.292664
-1.18372 0.292725

-1.18372 0.292724
-1.18348 0.292969

-1.18348 0.292969
-1.18341 0.293037

-1.18341 0.293036
-1.18318 0.293274

-1.18318 0.293274
-1.18311 0.293349

-1.18311 0.293348
-1.18288 0.293579

-1.18288 0.293579
-1.1828 0.29366

-1.1828 0.293659
-1.18258 0.293884

-1.18258 0.293884
-1.1825 0.293972

-1.1825 0.293971
-1.18228 0.294189

-1.18228 0.294189
-1.18219 0.294283

-1.18219 0.294282
-1.18198 0.294495

-1.18198 0.294495
-1.18188 0.294594

-1.18188 0.294594
-1.18168 0.2948

-1.18168 0.2948
-1.18158 0.294905

-1.18158 0.294905
-1.18138 0.295105

-1.18138 0.295105
-1.18127 0.295216

-1.18127 0.295216
-1.18108 0.29541

-1.18108 0.29541
-1.18097 0.295527

-1.18097 0.295526
-1.18078 0.295715

-1.18078 0.295715
-1.18066 0.295837

-1.18066 0.295837
-1.18048 0.296021

-1.18048 0.296021
-1.18036 0.296148

-1.18036 0.296147
-1.18018 0.296326

-1.18018 0.296326
-1.18005 0.296458

-1.18005 0.296458
-1.17988 0.296631

-1.17988 0.296631
-1.17975 0.296768

-1.17975 0.296768
-1.17958 0.296936

-1.17958 0.296936
-1.17944 0.297078

-1.17944 0.297078
-1.17928 0.297241

-1.17928 0.297241
-1.17914 0.297388

-1.17914 0.297388
-1.17898 0.297546

-1.17898 0.297546
-1.17883 0.297698

-1.17883 0.297698
-1.17868 0.297852

-1.17868 0.297852
-1.17853 0.298008

-1.17853 0.298007
-1.17838 0.298157

-1.17838 0.298157
-1.17822 0.298317

-1.17822 0.298317
-1.17808 0.298462

-1.17808 0.298462
-1.17792 0.298626

-1.17792 0.298626
-1.17778 0.298767

-1.17778 0.298767
-1.17761 0.298935

-1.17761 0.298935
-1.17748 0.299072

-1.17748 0.299072
-1.17731 0.299244

-1.17731 0.299244
-1.17718 0.299377

-1.17718 0.299377
-1.177 0.299553

-1.177 0.299553
-1.17687 0.299683

-1.17687 0.299683
-1.1767 0.299862

-1.1767 0.299862
-1.17657 0.299988

-1.17657 0.299988
-1.17639 0.30017

-1.17639 0.30017
-1.17627 0.300293

-1.17627 0.300293
-1.17609 0.300479

-1.17609 0.300479
-1.17597 0.300598

-1.17597 0.300598
-1.17578 0.300787

-1.17578 0.300787
-1.17567 0.300903

-1.17567 0.300903
-1.17548 0.301095

-1.17548 0.301095
-1.17536 0.301208

-1.17536 0.301208
-1.17517 0.301403

-1.17517 0.301403
-1.17506 0.301514

-1.17506 0.301514
-1.17487 0.301711

-1.17487 0.301711
-1.17476 0.301819

-1.17476 0.301819
-1.17456 0.302019

-1.17456 0.302018
-1.17446 0.302124

-1.17446 0.302124
-1.17426 0.302326

-1.17426 0.302326
-1.17415 0.302429

-1.17415 0.302429
-1.17395 0.302634

-1.17395 0.302633
-1.17385 0.302734

-1.17385 0.302734
-1.17365 0.302941

-1.17365 0.302941
-1.17355 0.30304

-1.17355 0.30304
-1.17334 0.303248

-1.17334 0.303248
-1.17324 0.303345

-1.17324 0.303345
-1.17303 0.303555

-1.17303 0.303555
-1.17294 0.30365

-1.17294 0.30365
-1.17273 0.303862

-1.17273 0.303862
-1.17264 0.303955

-1.17264 0.303955
-1.17242 0.304168

-1.17242 0.304168
-1.17233 0.30426

-1.17233 0.30426
-1.17212 0.304475

-1.17212 0.304475
-1.17203 0.304565

-1.17203 0.304565
-1.17181 0.304781

-1.17181 0.304781
-1.17172 0.304871

-1.17172 0.304871
-1.17151 0.305088

-1.17151 0.305087
-1.17142 0.305176

-1.17142 0.305176
-1.1712 0.305394

-1.1712 0.305394
-1.17112 0.305481

-1.17112 0.305481
-1.1709 0.3057

-1.1709 0.3057
-1.17081 0.305786

-1.17081 0.305786
-1.17059 0.306005

-1.17059 0.306005
-1.17051 0.306091

-1.17051 0.306091
-1.17029 0.306311

-1.17029 0.306311
-1.1702 0.306396

-1.1702 0.306396
-1.16998 0.306617

-1.16998 0.306617
-1.1699 0.306702

-1.1699 0.306702
-1.16968 0.306922

-1.16968 0.306922
-1.16959 0.307007

-1.16959 0.307007
-1.16937 0.307227

-1.16937 0.307227
-1.16929 0.307312

-1.16929 0.307312
-1.16907 0.307532

-1.16907 0.307532
-1.16898 0.307617

-1.16898 0.307617
-1.16876 0.307837

-1.16876 0.307837
-1.16868 0.307922

-1.16868 0.307922
-1.16846 0.308142

-1.16846 0.308142
-1.16837 0.308228

-1.16837 0.308228
-1.16815 0.308447

-1.16815 0.308447
-1.16807 0.308533

-1.16807 0.308533
-1.16785 0.308751

-1.16785 0.308751
-1.16776 0.308838

-1.16776 0.308838
-1.16754 0.309056

-1.16754 0.309056
-1.16745 0.309143

-1.16745 0.309143
-1.16724 0.30936

-1.16724 0.30936
-1.16715 0.309448

-1.16715 0.309448
-1.16693 0.309664

-1.16693 0.309664
-1.16684 0.309753

-1.16684 0.309753
-1.16663 0.309968

-1.16663 0.309968
-1.16654 0.310059

-1.16654 0.310059
-1.16632 0.310272

-1.16632 0.310272
-1.16623 0.310364

-1.16623 0.310364
-1.16602 0.310576

-1.16602 0.310576
-1.16592 0.310669

-1.16592 0.310669
-1.16571 0.310879

-1.16571 0.310879
-1.16561 0.310974

-1.16562 0.310974
-1.16541 0.311182

-1.16541 0.311183
-1.16531 0.311279

-1.16531 0.311279
-1.1651 0.311486

-1.1651 0.311486
-1.165 0.311584

-1.165 0.311584
-1.16479 0.311789

-1.16479 0.311789
-1.16469 0.31189

-1.16469 0.31189
-1.16449 0.312092

-1.16449 0.312092
-1.16439 0.312195

-1.16439 0.312195
-1.16418 0.312395

-1.16418 0.312395
-1.16408 0.3125

-1.15625 0.00564247
-1.15594 0.00562962

-1.15594 0.00562964
-1.15564 0.00561686

-1.15564 0.00561686
-1.15533 0.00560414

-1.15533 0.00560414
-1.15503 0.00559147

-1.15503 0.00559147
-1.15472 0.00557885

-1.15472 0.00557885
-1.15442 0.00556629

-1.15442 0.00556629
-1.15411 0.00555378

-1.15411 0.00555378
-1.15381 0.00554133

-1.15381 0.00554133
-1.1535 0.00552895

-1.1535 0.00552896
-1.1532 0.00551661

-1.15259 0.00549172
-1.15262 0.00549316

-1.1532 0.00551664
-1.15289 0.00550427

-1.15289 0.00550431
-1.15262 0.00549316

-1.15259 0.0054917
-1.15228 0.00547914

-1.15228 0.00547914
-1.15198 0.00546669

-1.15198 0.00546669
-1.15167 0.00545434

-1.15167 0.00545434
-1.15137 0.00544208

-1.15137 0.00544208
-1.15106 0.00542989

-1.15106 0.00542989
-1.15076 0.00541777

-1.15076 0.00541778
-1.15045 0.00540572

-1.15045 0.00540572
-1.15015 0.00539373

-1.15015 0.00539373
-1.14984 0.0053818

-1.14984 0.0053818
-1.14954 0.00536991

-1.14954 0.00536992
-1.14923 0.00535806

-1.14923 0.00535806
-1.14893 0.00534622

-1.14893 0.0053462
-1.14862 0.00533444

-1.14862 0.00533444
-1.14832 0.00532277

-1.14832 0.00532278
-1.14801 0.00531116

-1.14801 0.00531115
-1.14771 0.00529956

-1.14771 0.00529956
-1.1474 0.00528799

-1.1474 0.00528799
-1.14709 0.00527645

-1.14709 0.00527645
-1.14679 0.00526492

-1.14679 0.00526493
-1.14648 0.00525341

-1.14648 0.00525341
-1.14618 0.0052419

-1.14618 0.0052419
-1.14587 0.00523039

-1.14587 0.00523039
-1.14557 0.00521886

-1.14557 0.00521887
-1.14526 0.00520729

-1.14526 0.00520733
-1.14496 0.00519561

-1.14465 0.00518363
-1.14477 0.00518799

-1.14496 0.00519564
-1.14476 0.00518799

-1.14465 0.00518363
-1.14435 0.00517166

-1.14435 0.00517166
-1.14404 0.00515978

-1.14404 0.00515978
-1.14374 0.00514799

-1.14374 0.00514799
-1.14343 0.00513626

-1.14343 0.00513626
-1.14313 0.00512461

-1.14313 0.00512461
-1.14282 0.00511302

-1.14282 0.00511302
-1.14252 0.0051015

-1.14252 0.0051015
-1.14221 0.00509004

-1.14221 0.00509004
-1.14191 0.00507864

-1.14191 0.00507864
-1.1416 0.0050673

-1.1416 0.0050673
-1.1413 0.00505601

-1.1413 0.005056
-1.14099 0.00504475

-1.14099 0.00504473
-1.14069 0.00503356

-1.14069 0.00503356
-1.14038 0.0050225

-1.14038 0.00502252
-1.14008 0.00501152

-1.14008 0.00501152
-1.13977 0.00500057

-1.13977 0.00500057
-1.13947 0.00498967

-1.13947 0.00498967
-1.13916 0.00497882

-1.13916 0.00497882
-1.13885 0.00496802

-1.13885 0.00496802
-1.13855 0.00495727

-1.13855 0.00495727
-1.13824 0.00494657

-1.13824 0.00494657
-1.13794 0.00493593

-1.13794 0.00493593
-1.13763 0.00492534

-1.13763 0.00492534
-1.13733 0.00491481

-1.13733 0.00491482
-1.13702 0.00490433

-1.13702 0.00490435
-1.13672 0.00489384

-1.13611 0.00487243
-1.1364 0.00488281

-1.13611 0.00487243
-1.1358 0.00486181

-1.1358 0.00486181
-1.1355 0.0048513

-1.1355 0.0048513
-1.13519 0.00484087

-1.13519 0.00484087
-1.13489 0.00483052

-1.13489 0.00483052
-1.13458 0.00482023

-1.13458 0.00482023
-1.13428 0.00481001

-1.13428 0.00481001
-1.13397 0.00479984

-1.13397 0.00479984
-1.13367 0.00478974

-1.13367 0.00478974
-1.13336 0.00477968

-1.13336 0.00477968
-1.13306 0.00476968

-1.13306 0.00476968
-1.13275 0.00475973

-1.13275 0.00475973
-1.13245 0.00474981

-1.13245 0.00474982
-1.13214 0.00473991

-1.13214 0.00473989
-1.13184 0.00473002

-1.13672 0.00489388
-1.13641 0.00488323

-1.13641 0.00488328
-1.1364 0.00488281

-1.13184 0.00473001
-1.13153 0.00472023

-1.13153 0.00472024
-1.13123 0.00471053

-1.13123 0.00471053
-1.13092 0.00470086

-1.13092 0.00470086
-1.13062 0.00469122

-1.13062 0.00469122
-1.13031 0.0046816

-1.13031 0.0046816
-1.13 0.004672

-1.13 0.004672
-1.1297 0.00466243

-1.1297 0.00466243
-1.12939 0.00465287

-1.12939 0.00465287
-1.12909 0.00464332

-1.12909 0.00464332
-1.12878 0.00463377

-1.12878 0.00463377
-1.12848 0.00462421

-1.12848 0.00462422
-1.12817 0.00461464

-1.12817 0.00461464
-1.12787 0.00460504

-1.12787 0.00460505
-1.12756 0.00459539

-1.12756 0.00459541
-1.12726 0.00458562

-1.12695 0.00457556
-1.12702 0.00457764

-1.12726 0.00458566
-1.12701 0.00457764

-1.12695 0.00457556
-1.12665 0.00456547

-1.12665 0.00456547
-1.12634 0.00455545

-1.12634 0.00455545
-1.12604 0.0045455

-1.12604 0.0045455
-1.12573 0.00453561

-1.12573 0.00453561
-1.12543 0.00452577

-1.12543 0.00452577
-1.12512 0.00451599

-1.12512 0.00451599
-1.12482 0.00450626

-1.12482 0.00450626
-1.12451 0.00449658

-1.12451 0.00449658
-1.12421 0.00448695

-1.12421 0.00448695
-1.1239 0.00447736

-1.1239 0.00447736
-1.1236 0.00446782

-1.1236 0.00446782
-1.12329 0.00445833

-1.12329 0.00445833
-1.12299 0.00444888

-1.12299 0.00444888
-1.12268 0.00443945

-1.12268 0.00443945
-1.12238 0.00443006

-1.12238 0.00443004
-1.12207 0.00442072

-1.12207 0.00442073
-1.12177 0.00441151

-1.12177 0.00441152
-1.12146 0.00440235

-1.12146 0.00440235
-1.12115 0.0043932

-1.12115 0.0043932
-1.12085 0.00438409

-1.12085 0.00438409
-1.12054 0.00437502

-1.12054 0.00437502
-1.12024 0.00436598

-1.12024 0.00436598
-1.11993 0.00435697

-1.11993 0.00435697
-1.11963 0.004348

-1.11963 0.004348
-1.11932 0.00433907

-1.11932 0.00433907
-1.11902 0.00433017

-1.11902 0.00433017
-1.11871 0.0043213

-1.11871 0.0043213
-1.11841 0.00431247

-1.11841 0.00431247
-1.1181 0.00430368

-1.1181 0.00430368
-1.1178 0.00429492

-1.1178 0.00429494
-1.11749 0.00428618

-1.11749 0.00428621
-1.11719 0.00427736

-1.11688 0.00426831
-1.11702 0.00427246

-1.11688 0.00426831
-1.11658 0.00425931

-1.11719 0.0042774
-1.11702 0.00427246

-1.11658 0.00425931
-1.11627 0.00425041

-1.11627 0.00425041
-1.11597 0.00424158

-1.11597 0.00424158
-1.11566 0.00423282

-1.11566 0.00423282
-1.11536 0.00422411

-1.11536 0.00422411
-1.11505 0.00421545

-1.11505 0.00421545
-1.11475 0.00420684

-1.11475 0.00420684
-1.11444 0.00419828

-1.11444 0.00419828
-1.11414 0.00418977

-1.11414 0.00418977
-1.11383 0.0041813

-1.11383 0.0041813
-1.11353 0.00417288

-1.11353 0.00417288
-1.11322 0.0041645

-1.11322 0.0041645
-1.11292 0.00415616

-1.11292 0.00415616
-1.11261 0.00414786

-1.11261 0.00414787
-1.1123 0.0041396

-1.1123 0.00413961
-1.112 0.00413136

-1.112 0.00413136
-1.11169 0.00412313

-1.11169 0.00412311
-1.11139 0.00411495

-1.11139 0.00411496
-1.11108 0.00410689

-1.11108 0.0041069
-1.11078 0.00409888

-1.11078 0.00409888
-1.11047 0.00409088

-1.11047 0.00409088
-1.11017 0.00408292

-1.11017 0.00408292
-1.10986 0.00407499

-1.10986 0.00407499
-1.10956 0.00406709

-1.10956 0.00406709
-1.10925 0.00405922

-1.10925 0.00405922
-1.10895 0.00405137

-1.10895 0.00405137
-1.10864 0.00404355

-1.10864 0.00404355
-1.10834 0.00403573

-1.10834 0.00403574
-1.10803 0.00402793

-1.10803 0.00402793
-1.10773 0.00402013

-1.10773 0.00402014
-1.10742 0.00401233

-1.10742 0.00401234
-1.10712 0.00400452

-1.10712 0.00400452
-1.10681 0.00399668

-1.10681 0.00399668
-1.10651 0.0039888

-1.10651 0.00398881
-1.1062 0.00398087

-1.1062 0.0039809
-1.1059 0.0039728

-1.10559 0.00396443
-1.1057 0.00396729

-1.1059 0.00397283
-1.10569 0.00396729

-1.10559 0.00396442
-1.10529 0.00395605

-1.10529 0.00395604
-1.10498 0.00394773

-1.10498 0.00394773
-1.10468 0.00393948

-1.10468 0.00393948
-1.10437 0.00393126

-1.10437 0.00393126
-1.10406 0.0039231

-1.10406 0.0039231
-1.10376 0.00391497

-1.10376 0.00391497
-1.10345 0.00390688

-1.10345 0.00390688
-1.10315 0.00389883

-1.10315 0.00389883
-1.10284 0.00389082

-1.10284 0.00389082
-1.10254 0.00388285

-1.10254 0.00388285
-1.10223 0.00387491

-1.10223 0.00387491
-1.10193 0.003867

-1.10193 0.003867
-1.10162 0.00385913

-1.10162 0.00385913
-1.10132 0.0038513

-1.10132 0.0038513
-1.10101 0.0038435

-1.10101 0.0038435
-1.10071 0.00383573

-1.10071 0.00383573
-1.1004 0.00382798

-1.1004 0.00382797
-1.1001 0.00382025

-1.1001 0.00382023
-1.09979 0.00381257

-1.09979 0.00381257
-1.09949 0.00380499

-1.09949 0.00380501
-1.09918 0.00379748

-1.09918 0.00379747
-1.09888 0.00378996

-1.09888 0.00378996
-1.09857 0.00378247

-1.09857 0.00378247
-1.09827 0.00377502

-1.09827 0.00377502
-1.09796 0.00376759

-1.09796 0.00376759
-1.09766 0.0037602

-1.09766 0.0037602
-1.09735 0.00375283

-1.09735 0.00375283
-1.09705 0.0037455

-1.09705 0.0037455
-1.09674 0.0037382

-1.09674 0.0037382
-1.09644 0.00373093

-1.09644 0.00373093
-1.09613 0.00372369

-1.09613 0.00372369
-1.09583 0.00371648

-1.09583 0.00371648
-1.09552 0.00370931

-1.09552 0.00370931
-1.09521 0.00370217

-1.09521 0.00370217
-1.09491 0.00369506

-1.09491 0.00369506
-1.0946 0.00368799

-1.0946 0.00368799
-1.0943 0.00368095

-1.0943 0.00368097
-1.09399 0.00367392

-1.09338 0.00365951
-1.09349 0.00366211

-1.09338 0.00365951
-1.09308 0.00365222

-1.09308 0.00365222
-1.09277 0.00364502

-1.09399 0.00367395
-1.09369 0.00366683

-1.09369 0.00366686
-1.09349 0.00366211

-1.09277 0.00364503
-1.09247 0.00363789

-1.09247 0.00363789
-1.09216 0.00363081

-1.09216 0.00363082
-1.09186 0.00362378

-1.09186 0.00362378
-1.09155 0.00361679

-1.09155 0.0036168
-1.09125 0.00360984

-1.09125 0.00360985
-1.09094 0.00360293

-1.09094 0.00360293
-1.09064 0.00359606

-1.09064 0.00359606
-1.09033 0.00358921

-1.09033 0.00358922
-1.09003 0.00358241

-1.09003 0.00358241
-1.08972 0.00357564

-1.08972 0.00357564
-1.08942 0.0035689

-1.08942 0.0035689
-1.08911 0.00356219

-1.08911 0.00356219
-1.08881 0.00355552

-1.08881 0.00355552
-1.0885 0.00354888

-1.0885 0.00354888
-1.0882 0.00354227

-1.0882 0.00354227
-1.08789 0.0035357

-1.08789 0.0035357
-1.08759 0.00352915

-1.08759 0.00352916
-1.08728 0.00352263

-1.08728 0.00352263
-1.08698 0.0035161

-1.08698 0.00351609
-1.08667 0.0035096

-1.08667 0.00350959
-1.08636 0.00350317

-1.08636 0.00350319
-1.08606 0.00349684

-1.08606 0.00349683
-1.08575 0.00349051

-1.08575 0.00349051
-1.08545 0.00348422

-1.08545 0.00348422
-1.08514 0.00347796

-1.08514 0.00347796
-1.08484 0.00347174

-1.08484 0.00347174
-1.08453 0.00346554

-1.08453 0.00346554
-1.08423 0.00345937

-1.08423 0.00345938
-1.08392 0.00345324

-1.08392 0.00345324
-1.08362 0.00344713

-1.08362 0.00344713
-1.08331 0.00344105

-1.08331 0.00344105
-1.08301 0.003435

-1.08301 0.003435
-1.0827 0.00342897

-1.0827 0.00342897
-1.0824 0.00342296

-1.0824 0.00342296
-1.08209 0.00341696

-1.08209 0.00341696
-1.08179 0.00341097

-1.08179 0.00341097
-1.08148 0.00340499

-1.08148 0.003405
-1.08118 0.00339901

-1.08118 0.00339902
-1.08087 0.00339302

-1.08087 0.00339303
-1.08057 0.00338701

-1.08057 0.00338701
-1.08026 0.00338097

-1.08026 0.00338098
-1.07996 0.00337489

-1.07996 0.0033749
-1.07965 0.00336874

-1.07965 0.00336876
-1.07935 0.00336247

-1.07904 0.00335593
-1.07909 0.00335693

-1.07935 0.0033625
-1.07908 0.00335693

-1.07904 0.00335592
-1.07874 0.00334933

-1.07874 0.00334932
-1.07843 0.00334277

-1.07843 0.00334277
-1.07812 0.00333626

-1.07812 0.00333627
-1.07782 0.00332979

-1.07782 0.00332979
-1.07751 0.00332335

-1.07751 0.00332335
-1.07721 0.00331695

-1.07721 0.00331695
-1.0769 0.00331057

-1.0769 0.00331057
-1.0766 0.00330422

-1.0766 0.00330422
-1.07629 0.00329789

-1.07629 0.00329789
-1.07599 0.00329159

-1.07599 0.00329159
-1.07568 0.00328532

-1.07568 0.00328532
-1.07538 0.00327908

-1.07538 0.00327908
-1.07507 0.00327285

-1.07507 0.00327285
-1.07477 0.00326665

-1.07477 0.00326665
-1.07446 0.00326048

-1.07446 0.00326048
-1.07416 0.00325433

-1.07416 0.00325433
-1.07385 0.0032482

-1.07385 0.0032482
-1.07355 0.0032421

-1.07355 0.0032421
-1.07324 0.00323602

-1.07324 0.00323602
-1.07294 0.00322997

-1.07294 0.00322997
-1.07263 0.00322394

-1.07263 0.00322394
-1.07233 0.00321792

-1.07233 0.00321792
-1.07202 0.00321192

-1.07202 0.0032119
-1.07172 0.00320592

-1.07172 0.00320592
-1.07141 0.00320001

-1.07141 0.00320002
-1.07111 0.00319417

-1.07111 0.00319417
-1.0708 0.00318833

-1.0708 0.00318833
-1.0705 0.00318252

-1.0705 0.00318251
-1.07019 0.00317671

-1.07019 0.00317671
-1.06989 0.00317093

-1.06989 0.00317093
-1.06958 0.00316516

-1.06958 0.00316516
-1.06927 0.00315942

-1.06927 0.00315942
-1.06897 0.00315369

-1.06897 0.00315369
-1.06866 0.00314798

-1.06866 0.00314798
-1.06836 0.00314229

-1.06836 0.00314229
-1.06805 0.00313662

-1.06805 0.00313662
-1.06775 0.00313097

-1.06775 0.00313097
-1.06744 0.00312534

-1.06744 0.00312534
-1.06714 0.00311973

-1.06714 0.00311973
-1.06683 0.00311414

-1.06683 0.00311414
-1.06653 0.00310857

-1.06653 0.00310857
-1.06622 0.00310302

-1.06622 0.00310302
-1.06592 0.00309749

-1.06592 0.00309749
-1.06561 0.00309198

-1.06561 0.00309198
-1.06531 0.0030865

-1.06531 0.0030865
-1.065 0.00308103

-1.065 0.00308103
-1.0647 0.00307558

-1.0647 0.00307558
-1.06439 0.00307016

-1.06439 0.00307016
-1.06409 0.00306476

-1.06409 0.00306477
-1.06378 0.00305934

-1.06378 0.00305936
-1.06348 0.00305381

-1.06317 0.00304809
-1.06337 0.00305176

-1.06317 0.00304809
-1.06287 0.00304243

-1.06348 0.00305385
-1.06336 0.00305176

-1.06287 0.00304244
-1.06256 0.00303686

-1.06256 0.00303686
-1.06226 0.00303132

-1.06226 0.00303132
-1.06195 0.00302582

-1.06195 0.00302582
-1.06165 0.00302036

-1.06165 0.00302036
-1.06134 0.00301492

-1.06134 0.00301492
-1.06104 0.00300951

-1.06104 0.00300951
-1.06073 0.00300412

-1.06073 0.00300412
-1.06042 0.00299876

-1.06042 0.00299876
-1.06012 0.00299343

-1.06012 0.00299343
-1.05981 0.00298812

-1.05981 0.00298812
-1.05951 0.00298284

-1.05951 0.00298284
-1.0592 0.00297758

-1.0592 0.00297758
-1.0589 0.00297235

-1.0589 0.00297235
-1.05859 0.00296714

-1.05859 0.00296714
-1.05829 0.00296195

-1.05829 0.00296195
-1.05798 0.00295679

-1.05798 0.00295679
-1.05768 0.00295165

-1.05768 0.00295165
-1.05737 0.00294653

-1.05737 0.00294653
-1.05707 0.00294143

-1.05707 0.00294143
-1.05676 0.00293636

-1.05676 0.00293636
-1.05646 0.00293131

-1.05646 0.00293131
-1.05615 0.00292628

-1.05615 0.00292628
-1.05585 0.00292126

-1.05585 0.00292126
-1.05554 0.00291627

-1.05554 0.00291627
-1.05524 0.00291129

-1.05524 0.0029113
-1.05493 0.00290632

-1.05493 0.00290631
-1.05463 0.00290134

-1.05463 0.00290132
-1.05432 0.00289639

-1.05432 0.00289639
-1.05402 0.00289152

-1.05402 0.00289153
-1.05371 0.0028867

-1.05371 0.0028867
-1.05341 0.00288187

-1.05341 0.00288187
-1.0531 0.00287707

-1.0531 0.00287707
-1.0528 0.00287229

-1.0528 0.00287229
-1.05249 0.00286753

-1.05249 0.00286753
-1.05219 0.0028628

-1.05219 0.0028628
-1.05188 0.00285809

-1.05188 0.00285809
-1.05157 0.0028534

-1.05157 0.0028534
-1.05127 0.00284873

-1.05127 0.00284873
-1.05096 0.00284409

-1.05096 0.00284409
-1.05066 0.00283947

-1.05066 0.00283947
-1.05035 0.00283487

-1.05035 0.00283487
-1.05005 0.00283029

-1.05005 0.00283029
-1.04974 0.00282574

-1.04974 0.00282574
-1.04944 0.00282121

-1.04944 0.00282121
-1.04913 0.0028167

-1.04913 0.0028167
-1.04883 0.00281221

-1.04883 0.00281221
-1.04852 0.00280775

-1.04852 0.00280775
-1.04822 0.0028033

-1.04822 0.0028033
-1.04791 0.00279887

-1.04791 0.00279887
-1.04761 0.00279445

-1.04761 0.00279445
-1.0473 0.00279005

-1.0473 0.00279005
-1.047 0.00278565

-1.047 0.00278565
-1.04669 0.00278126

-1.04669 0.00278126
-1.04639 0.00277686

-1.04639 0.00277686
-1.04608 0.00277244

-1.04608 0.00277245
-1.04578 0.002768

-1.04578 0.00276801
-1.04547 0.00276353

-1.04547 0.00276353
-1.04517 0.002759

-1.04517 0.00275901
-1.04486 0.0027544

-1.04486 0.00275441
-1.04456 0.00274965

-1.04425 0.00274467
-1.04437 0.00274658

-1.04456 0.00274967
-1.04436 0.00274658

-1.04425 0.00274467
-1.04395 0.00273969

-1.04395 0.00273969
-1.04364 0.00273475

-1.04364 0.00273475
-1.04333 0.00272984

-1.04333 0.00272984
-1.04303 0.00272496

-1.04303 0.00272496
-1.04272 0.0027201

-1.04272 0.0027201
-1.04242 0.00271527

-1.04242 0.00271527
-1.04211 0.00271045

-1.04211 0.00271046
-1.04181 0.00270566

-1.04181 0.00270566
-1.0415 0.00270089

-1.0415 0.00270089
-1.0412 0.00269614

-1.0412 0.00269614
-1.04089 0.00269141

-1.04089 0.00269141
-1.04059 0.00268669

-1.04059 0.00268669
-1.04028 0.00268199

-1.04028 0.00268199
-1.03998 0.00267731

-1.03998 0.00267731
-1.03967 0.00267265

-1.03967 0.00267265
-1.03937 0.002668

-1.03937 0.002668
-1.03906 0.00266337

-1.03906 0.00266337
-1.03876 0.00265876

-1.03876 0.00265876
-1.03845 0.00265416

-1.03845 0.00265416
-1.03815 0.00264958

-1.03815 0.00264958
-1.03784 0.00264501

-1.03784 0.00264501
-1.03754 0.00264046

-1.03754 0.00264046
-1.03723 0.00263592

-1.03723 0.00263592
-1.03693 0.0026314

-1.03693 0.0026314
-1.03662 0.00262689

-1.03662 0.00262689
-1.03632 0.0026224

-1.03632 0.0026224
-1.03601 0.00261792

-1.03601 0.00261792
-1.03571 0.00261346

-1.03571 0.00261346
-1.0354 0.00260902

-1.0354 0.00260902
-1.0351 0.00260459

-1.0351 0.00260459
-1.03479 0.00260017

-1.03479 0.00260017
-1.03448 0.00259577

-1.03448 0.00259576
-1.03418 0.0025914

-1.03418 0.00259141
-1.03387 0.0025871

-1.03387 0.00258711
-1.03357 0.00258283

-1.03357 0.00258283
-1.03326 0.00257854

-1.03326 0.00257854
-1.03296 0.00257426

-1.03296 0.00257426
-1.03265 0.00257

-1.03265 0.00257
-1.03235 0.00256574

-1.03235 0.00256574
-1.03204 0.00256149

-1.03204 0.00256149
-1.03174 0.00255726

-1.03174 0.00255726
-1.03143 0.00255303

-1.03143 0.00255303
-1.03113 0.00254881

-1.03113 0.00254881
-1.03082 0.0025446

-1.03082 0.0025446
-1.03052 0.0025404

-1.03052 0.0025404
-1.03021 0.0025362

-1.03021 0.0025362
-1.02991 0.00253201

-1.02991 0.00253201
-1.0296 0.00252782

-1.0296 0.00252782
-1.0293 0.00252365

-1.0293 0.00252365
-1.02899 0.00251948

-1.02899 0.00251948
-1.02869 0.00251531

-1.02869 0.00251531
-1.02838 0.00251116

-1.02838 0.00251116
-1.02808 0.00250701

-1.02808 0.00250701
-1.02777 0.00250287

-1.02777 0.00250287
-1.02747 0.00249874

-1.02747 0.00249874
-1.02716 0.00249463

-1.02716 0.00249463
-1.02686 0.00249052

-1.02686 0.00249052
-1.02655 0.00248644

-1.02655 0.00248644
-1.02625 0.00248237

-1.02625 0.00248237
-1.02594 0.00247832

-1.02594 0.00247832
-1.02563 0.00247429

-1.02563 0.00247429
-1.02533 0.00247029

-1.02533 0.00247029
-1.02502 0.00246631

-1.02502 0.00246631
-1.02472 0.00246235

-1.02472 0.00246235
-1.02441 0.00245843

-1.02289 0.00243874
-1.02309 0.00244141

-1.02289 0.00243874
-1.02258 0.00243473

-1.02258 0.00243474
-1.02228 0.00243079

-1.02228 0.00243079
-1.02197 0.00242688

-1.02441 0.00245843
-1.02411 0.00245454

-1.02411 0.00245455
-1.0238 0.00245067

-1.0238 0.00245068
-1.0235 0.00244678

-1.0235 0.0024468
-1.02319 0.00244282

-1.02319 0.00244284
-1.02308 0.00244141

-1.02197 0.00242688
-1.02167 0.00242301

-1.02167 0.00242301
-1.02136 0.00241916

-1.02136 0.00241916
-1.02106 0.00241534

-1.02106 0.00241534
-1.02075 0.00241154

-1.02075 0.00241154
-1.02045 0.00240777

-1.02045 0.00240777
-1.02014 0.00240402

-1.02014 0.00240402
-1.01984 0.00240029

-1.01984 0.00240029
-1.01953 0.00239658

-1.01953 0.00239658
-1.01923 0.0023929

-1.01923 0.0023929
-1.01892 0.00238923

-1.01892 0.00238923
-1.01862 0.00238559

-1.01862 0.00238559
-1.01831 0.00238197

-1.01831 0.00238197
-1.01801 0.00237836

-1.01801 0.00237836
-1.0177 0.00237478

-1.0177 0.00237478
-1.0174 0.00237122

-1.0174 0.00237122
-1.01709 0.00236767

-1.01709 0.00236767
-1.01678 0.00236415

-1.01678 0.00236415
-1.01648 0.00236064

-1.01648 0.00236064
-1.01617 0.00235715

-1.01617 0.00235715
-1.01587 0.00235368

-1.01587 0.00235368
-1.01556 0.00235023

-1.01556 0.00235023
-1.01526 0.00234679

-1.01526 0.00234679
-1.01495 0.00234337

-1.01495 0.00234337
-1.01465 0.00233997

-1.01465 0.00233997
-1.01434 0.00233658

-1.01434 0.00233658
-1.01404 0.00233321

-1.01404 0.00233321
-1.01373 0.00232985

-1.01373 0.00232985
-1.01343 0.00232651

-1.01343 0.00232651
-1.01312 0.00232318

-1.01312 0.00232318
-1.01282 0.00231986

-1.01282 0.00231986
-1.01251 0.00231655

-1.01251 0.00231655
-1.01221 0.00231325

-1.01221 0.00231325
-1.0119 0.00230996

-1.0119 0.00230996
-1.0116 0.00230668

-1.0116 0.00230668
-1.01129 0.00230341

-1.01129 0.00230341
-1.01099 0.00230014

-1.01099 0.00230014
-1.01068 0.00229688

-1.01068 0.00229688
-1.01038 0.00229361

-1.01038 0.00229361
-1.01007 0.00229033

-1.01007 0.00229032
-1.00977 0.00228706

-1.00977 0.00228706
-1.00946 0.00228384

-1.00946 0.00228385
-1.00916 0.00228064

-1.00916 0.00228064
-1.00885 0.00227744

-1.00885 0.00227744
-1.00854 0.00227425

-1.00854 0.00227425
-1.00824 0.00227107

-1.00824 0.00227107
-1.00793 0.0022679

-1.00793 0.0022679
-1.00763 0.00226474

-1.00763 0.00226474
-1.00732 0.00226158

-1.00732 0.00226158
-1.00702 0.00225844

-1.00702 0.00225844
-1.00671 0.0022553

-1.00671 0.0022553
-1.00641 0.00225218

-1.00641 0.00225218
-1.0061 0.00224906

-1.0061 0.00224906
-1.0058 0.00224595

-1.0058 0.00224595
-1.00549 0.00224285

-1.00549 0.00224285
-1.00519 0.00223976

-1.00519 0.00223976
-1.00488 0.00223667

-1.00488 0.00223667
-1.00458 0.0022336

-1.00458 0.0022336
-1.00427 0.00223054

-1.00427 0.00223054
-1.00397 0.00222748

-1.00397 0.00222748
-1.00366 0.00222444

-1.00366 0.00222444
-1.00336 0.0022214

-1.00336 0.0022214
-1.00305 0.00221838

-1.00305 0.00221838
-1.00275 0.00221537

-1.00275 0.00221537
-1.00244 0.00221238

-1.00244 0.00221238
-1.00214 0.00220939

-1.00214 0.00220939
-1.00183 0.00220642

-1.00183 0.00220642
-1.00153 0.00220347

-1.00153 0.00220347
-1.00122 0.00220053

-1.00122 0.00220053
-1.00092 0.00219761

-1.00092 0.00219761
-1.00061 0.0021947

-1.00061 0.0021947
-1.00031 0.00219182

-1.00031 0.00219182
-1.0 0.00218895

-1.16408 0.3125
-1.16388 0.312697

-1.16388 0.312698
-1.16377 0.312805

-1.16377 0.312805
-1.16357 0.313

-1.16357 0.313
-1.16346 0.31311

-1.16346 0.31311
-1.16327 0.313302

-1.16327 0.313303
-1.16316 0.313416

-1.16316 0.313416
-1.16296 0.313605

-1.16296 0.313605
-1.16285 0.313721

-1.16285 0.313721
-1.16266 0.313907

-1.16266 0.313907
-1.16254 0.314026

-1.16254 0.314026
-1.16235 0.314209

-1.16235 0.314209
-1.16223 0.314331

-1.16223 0.314331
-1.16205 0.314511

-1.16205 0.314511
-1.16192 0.314636

-1.16192 0.314636
-1.16174 0.314812

-1.16174 0.314813
-1.16161 0.314941

-1.16161 0.314941
-1.16144 0.315114

-1.16144 0.315114
-1.1613 0.315247

-1.1613 0.315247
-1.16113 0.315416

-1.16113 0.315416
-1.161 0.315552

-1.161 0.315552
-1.16083 0.315717

-1.16083 0.315717
-1.16069 0.315857

-1.16069 0.315857
-1.16052 0.316018

-1.16052 0.316018
-1.16038 0.316162

-1.16038 0.316162
-1.16022 0.316319

-1.16022 0.316319
-1.16007 0.316467

-1.16007 0.316467
-1.15991 0.31662

-1.15991 0.31662
-1.15976 0.316772

-1.15976 0.316772
-1.15961 0.316921

-1.15961 0.316921
-1.15945 0.317078

-1.15945 0.317078
-1.1593 0.317221

-1.1593 0.317222
-1.15914 0.317383

-1.15914 0.317383
-1.159 0.317522

-1.159 0.317522
-1.15883 0.317688

-1.15883 0.317688
-1.15869 0.317822

-1.15869 0.317823
-1.15852 0.317993

-1.15852 0.317993
-1.15839 0.318123

-1.15839 0.318123
-1.15821 0.318298

-1.15821 0.318298
-1.15808 0.318423

-1.15808 0.318423
-1.1579 0.318604

-1.1579 0.318604
-1.15778 0.318723

-1.15778 0.318723
-1.15759 0.318909

-1.15759 0.318909
-1.15747 0.319022

-1.15747 0.319023
-1.15728 0.319214

-1.15728 0.319214
-1.15717 0.319322

-1.15717 0.319323
-1.15696 0.319519

-1.15696 0.319519
-1.15686 0.319622

-1.15686 0.319622
-1.15665 0.319824

-1.15665 0.319824
-1.15656 0.319921

-1.15656 0.319922
-1.15634 0.320129

-1.15634 0.320129
-1.15625 0.32022

-1.15625 0.320221
-1.15603 0.320435

-1.15603 0.320435
-1.15594 0.320519

-1.15594 0.32052
-1.15572 0.32074

-1.15572 0.32074
-1.15564 0.320818

-1.15564 0.320819
-1.15541 0.321045

-1.15541 0.321045
-1.15533 0.321117

-1.15533 0.321118
-1.1551 0.32135

-1.1551 0.32135
-1.15503 0.321416

-1.15503 0.321417
-1.15478 0.321655

-1.15478 0.321655
-1.15472 0.321715

-1.15472 0.321715
-1.15447 0.32196

-1.15447 0.32196
-1.15442 0.322013

-1.15442 0.322014
-1.15416 0.322266

-1.15416 0.322266
-1.15411 0.322311

-1.15411 0.322312
-1.15385 0.322571

-1.15385 0.322571
-1.15381 0.32261

-1.15381 0.32261
-1.15354 0.322876

-1.15354 0.322876
-1.1535 0.322908

-1.1535 0.322908
-1.15322 0.323181

-1.15322 0.323181
-1.1532 0.323206

-1.1532 0.323206
-1.15291 0.323486

-1.15291 0.323486
-1.15289 0.323503

-1.15289 0.323504
-1.1526 0.323792

-1.1526 0.323792
-1.15259 0.323801

-1.15259 0.323801
-1.15228 0.324097

-1.15228 0.324097
-1.15228 0.324099

-1.15228 0.324099
-1.15198 0.324396

-1.15198 0.324396
-1.15197 0.324402

-1.15197 0.324402
-1.15167 0.324693

-1.15167 0.324693
-1.15166 0.324707

-1.15166 0.324707
-1.15137 0.32499

-1.15137 0.32499
-1.15134 0.325012

-1.15134 0.325012
-1.15106 0.325287

-1.15106 0.325287
-1.15103 0.325317

-1.15103 0.325317
-1.15076 0.325584

-1.15076 0.325584
-1.15072 0.325623

-1.15072 0.325623
-1.15045 0.325881

-1.15045 0.325881
-1.1504 0.325928

-1.1504 0.325928
-1.15015 0.326177

-1.15015 0.326178
-1.15009 0.326233

-1.15009 0.326233
-1.14984 0.326473

-1.14984 0.326474
-1.14978 0.326538

-1.14978 0.326538
-1.14954 0.32677

-1.14954 0.326771
-1.14946 0.326843

-1.14946 0.326843
-1.14923 0.327066

-1.14923 0.327067
-1.14915 0.327148

-1.14915 0.327148
-1.14893 0.327362

-1.14893 0.327363
-1.14883 0.327454

-1.14883 0.327454
-1.14862 0.327658

-1.14862 0.327659
-1.14852 0.327759

-1.14852 0.327759
-1.14832 0.327954

-1.14832 0.327955
-1.1482 0.328064

-1.1482 0.328064
-1.14801 0.328249

-1.14801 0.32825
-1.14789 0.328369

-1.14789 0.328369
-1.14771 0.328545

-1.14771 0.328546
-1.14757 0.328674

-1.14757 0.328674
-1.1474 0.32884

-1.1474 0.328841
-1.14726 0.328979

-1.14726 0.328979
-1.14709 0.329136

-1.14709 0.329137
-1.14694 0.329285

-1.14694 0.329285
-1.14679 0.329431

-1.14679 0.329432
-1.14663 0.32959

-1.14663 0.32959
-1.14648 0.329726

-1.14648 0.329727
-1.14631 0.329895

-1.14631 0.329895
-1.14618 0.330021

-1.14618 0.330022
-1.14599 0.3302

-1.14599 0.3302
-1.14587 0.330316

-1.14587 0.330316
-1.14568 0.330505

-1.14568 0.330505
-1.14557 0.33061

-1.14557 0.330611
-1.14536 0.330811

-1.14536 0.330811
-1.14526 0.330905

-1.14526 0.330906
-1.14504 0.331116

-1.14505 0.331116
-1.14496 0.331199

-1.14496 0.3312
-1.14473 0.331421

-1.14473 0.331421
-1.14465 0.331493

-1.14465 0.331494
-1.14441 0.331726

-1.14441 0.331726
-1.14435 0.331787

-1.14435 0.331788
-1.14409 0.332031

-1.1441 0.332031
-1.14404 0.332081

-1.14404 0.332082
-1.14378 0.332336

-1.14378 0.332336
-1.14374 0.332375

-1.14374 0.332376
-1.14346 0.332642

-1.14346 0.332642
-1.14343 0.332669

-1.14343 0.332669
-1.14314 0.332947

-1.14314 0.332947
-1.14313 0.332963

-1.14313 0.332963
-1.14283 0.333252

-1.14283 0.333252
-1.14282 0.333256

-1.14282 0.333256
-1.14252 0.33355

-1.14252 0.33355
-1.14251 0.333557

-1.14251 0.333557
-1.14221 0.333843

-1.14221 0.333843
-1.14219 0.333862

-1.14219 0.333862
-1.14191 0.334136

-1.14191 0.334136
-1.14187 0.334167

-1.14187 0.334167
-1.1416 0.334429

-1.1416 0.334429
-1.14156 0.334473

-1.14156 0.334473
-1.1413 0.334721

-1.1413 0.334722
-1.14124 0.334778

-1.14124 0.334778
-1.14099 0.335013

-1.14099 0.335014
-1.14092 0.335083

-1.14092 0.335083
-1.14069 0.335306

-1.14069 0.335307
-1.1406 0.335388

-1.1406 0.335388
-1.14038 0.335598

-1.14038 0.335599
-1.14028 0.335693

-1.14028 0.335693
-1.14008 0.335891

-1.14008 0.335892
-1.13996 0.335999

-1.13996 0.335999
-1.13977 0.336183

-1.13977 0.336184
-1.13965 0.336304

-1.13965 0.336304
-1.13947 0.336475

-1.13947 0.336476
-1.13933 0.336609

-1.13933 0.336609
-1.13916 0.336767

-1.13916 0.336768
-1.13901 0.336914

-1.13901 0.336914
-1.13885 0.337059

-1.13885 0.33706
-1.13869 0.337219

-1.13869 0.337219
-1.13855 0.337351

-1.13855 0.337352
-1.13837 0.337524

-1.13837 0.337524
-1.13824 0.337642

-1.13824 0.337643
-1.13805 0.33783

-1.13805 0.33783
-1.13794 0.337934

-1.13794 0.337935
-1.13773 0.338135

-1.13773 0.338135
-1.13763 0.338225

-1.13763 0.338226
-1.13741 0.33844

-1.13741 0.33844
-1.13733 0.338516

-1.13733 0.338517
-1.13709 0.338745

-1.13709 0.338745
-1.13702 0.338807

-1.13702 0.338808
-1.13677 0.33905

-1.13677 0.33905
-1.13672 0.339098

-1.13672 0.339098
-1.13645 0.339355

-1.13645 0.339355
-1.13641 0.339389

-1.13641 0.339389
-1.13613 0.339661

-1.13613 0.339661
-1.13611 0.339679

-1.13611 0.33968
-1.13581 0.339966

-1.13581 0.339966
-1.1358 0.33997

-1.1358 0.33997
-1.1355 0.340261

-1.1355 0.340261
-1.13549 0.340271

-1.13549 0.340271
-1.13519 0.340551

-1.13519 0.340551
-1.13517 0.340576

-1.13517 0.340576
-1.13489 0.340841

-1.13489 0.340841
-1.13485 0.340881

-1.13485 0.340881
-1.13458 0.341131

-1.13458 0.341131
-1.13452 0.341187

-1.13452 0.341187
-1.13428 0.34142

-1.13428 0.341421
-1.1342 0.341492

-1.1342 0.341492
-1.13397 0.34171

-1.13397 0.341711
-1.13388 0.341797

-1.13388 0.341797
-1.13367 0.341999

-1.13367 0.342001
-1.13356 0.342102

-1.13356 0.342102
-1.13336 0.342289

-1.13336 0.34229
-1.13324 0.342407

-1.13324 0.342407
-1.13306 0.342578

-1.13306 0.34258
-1.13292 0.342712

-1.13292 0.342712
-1.13275 0.342868

-1.13275 0.342869
-1.13259 0.343018

-1.13259 0.343018
-1.13245 0.343157

-1.13245 0.343158
-1.13227 0.343323

-1.13227 0.343323
-1.13214 0.343446

-1.13214 0.343447
-1.13195 0.343628

-1.13195 0.343628
-1.13184 0.343735

-1.13184 0.343737
-1.13163 0.343933

-1.13163 0.343933
-1.13153 0.344024

-1.13153 0.344025
-1.1313 0.344238

-1.1313 0.344238
-1.13123 0.344313

-1.13123 0.344314
-1.13098 0.344543

-1.13098 0.344543
-1.13092 0.344601

-1.13092 0.344602
-1.13066 0.344849

-1.13066 0.344849
-1.13062 0.34489

-1.13062 0.34489
-1.13034 0.345154

-1.13034 0.345154
-1.13031 0.345178

-1.13031 0.345178
-1.13001 0.345459

-1.13001 0.345459
-1.13 0.345466

-1.13 0.345466
-1.1297 0.345754

-1.1297 0.345754
-1.12969 0.345764

-1.12969 0.345764
-1.12939 0.346042

-1.12939 0.346042
-1.12937 0.346069

-1.12937 0.346069
-1.12909 0.34633

-1.12909 0.34633
-1.12904 0.346375

-1.12904 0.346375
-1.12878 0.346618

-1.12878 0.346618
-1.12872 0.34668

-1.12872 0.34668
-1.12848 0.346905

-1.12848 0.346906
-1.12839 0.346985

-1.1284 0.346985
-1.12817 0.347192

-1.12817 0.347193
-1.12807 0.34729

-1.12807 0.34729
-1.12787 0.347479

-1.12787 0.347481
-1.12775 0.347595

-1.12775 0.347595
-1.12756 0.347766

-1.12756 0.347768
-1.12742 0.3479

-1.12742 0.3479
-1.12726 0.348054

-1.12726 0.348055
-1.1271 0.348206

-1.1271 0.348206
-1.12695 0.348341

-1.12695 0.348342
-1.12677 0.348511

-1.12677 0.348511
-1.12665 0.348628

-1.12665 0.348629
-1.12645 0.348816

-1.12645 0.348816
-1.12634 0.348914

-1.12634 0.348916
-1.12612 0.349121

-1.12612 0.349121
-1.12604 0.349201

-1.12604 0.349202
-1.1258 0.349426

-1.1258 0.349426
-1.12573 0.349488

-1.12573 0.349488
-1.12547 0.349731

-1.12547 0.349731
-1.12543 0.349774

-1.12543 0.349774
-1.12515 0.350037

-1.12515 0.350037
-1.12512 0.35006

-1.12512 0.35006
-1.12482 0.350342

-1.12482 0.350342
-1.12482 0.350346

-1.12482 0.350347
-1.12451 0.350633

-1.12451 0.350633
-1.1245 0.350647

-1.1245 0.350647
-1.12421 0.350918

-1.12421 0.350918
-1.12417 0.350952

-1.12417 0.350952
-1.1239 0.351204

-1.1239 0.351204
-1.12384 0.351257

-1.12384 0.351257
-1.1236 0.351489

-1.1236 0.35149
-1.12352 0.351562

-1.12352 0.351562
-1.12329 0.351774

-1.12329 0.351776
-1.12319 0.351868

-1.12319 0.351868
-1.12299 0.35206

-1.12299 0.352061
-1.12287 0.352173

-1.12287 0.352173
-1.12268 0.352345

-1.12268 0.352347
-1.12254 0.352478

-1.12254 0.352478
-1.12238 0.35263

-1.12238 0.352632
-1.12221 0.352783

-1.12221 0.352783
-1.12207 0.352915

-1.12207 0.352917
-1.12189 0.353088

-1.12189 0.353088
-1.12177 0.353201

-1.12177 0.353202
-1.12156 0.353394

-1.12156 0.353394
-1.12146 0.353485

-1.12146 0.353487
-1.12123 0.353699

-1.12123 0.353699
-1.12115 0.35377

-1.12115 0.353771
-1.1209 0.354004

-1.1209 0.354004
-1.12085 0.354055

-1.12085 0.354055
-1.12058 0.354309

-1.12058 0.354309
-1.12054 0.354339

-1.12054 0.35434
-1.12025 0.354614

-1.12025 0.354614
-1.12024 0.354624

-1.12024 0.354624
-1.11993 0.354908

-1.11993 0.354908
-1.11992 0.354919

-1.11992 0.354919
-1.11963 0.355192

-1.11963 0.355192
-1.11959 0.355225

-1.11959 0.355225
-1.11932 0.355476

-1.11932 0.355476
-1.11927 0.35553

-1.11927 0.35553
-1.11902 0.35576

-1.11902 0.35576
-1.11894 0.355835

-1.11894 0.355835
-1.11871 0.356043

-1.11871 0.356044
-1.11861 0.35614

-1.11861 0.35614
-1.11841 0.356326

-1.11841 0.356328
-1.11828 0.356445

-1.11828 0.356445
-1.1181 0.35661

-1.1181 0.356612
-1.11795 0.35675

-1.11795 0.35675
-1.1178 0.356894

-1.1178 0.356895
-1.11762 0.357056

-1.11762 0.357056
-1.11749 0.357177

-1.11749 0.357179
-1.11729 0.357361

-1.1173 0.357361
-1.11719 0.35746

-1.11719 0.357462
-1.11697 0.357666

-1.11697 0.357666
-1.11688 0.357743

-1.11688 0.357744
-1.11664 0.357971

-1.11664 0.357971
-1.11658 0.358026

-1.11658 0.358027
-1.11631 0.358276

-1.11631 0.358276
-1.11627 0.358309

-1.11627 0.35831
-1.11598 0.358582

-1.11598 0.358582
-1.11597 0.358592

-1.11597 0.358592
-1.11566 0.358875

-1.11566 0.358875
-1.11565 0.358887

-1.11565 0.358887
-1.11536 0.359157

-1.11536 0.359157
-1.11532 0.359192

-1.11532 0.359192
-1.11505 0.35944

-1.11505 0.35944
-1.11499 0.359497

-1.11499 0.359497
-1.11475 0.359722

-1.11475 0.359722
-1.11466 0.359802

-1.11466 0.359802
-1.11444 0.360003

-1.11444 0.360005
-1.11433 0.360107

-1.11433 0.360107
-1.11414 0.360285

-1.11414 0.360287
-1.114 0.360413

-1.114 0.360413
-1.11383 0.360567

-1.11383 0.360569
-1.11367 0.360718

-1.11367 0.360718
-1.11353 0.360849

-1.11353 0.360851
-1.11334 0.361023

-1.11334 0.361023
-1.11322 0.361131

-1.11322 0.361133
-1.11301 0.361328

-1.11301 0.361328
-1.11292 0.361413

-1.11292 0.361414
-1.11268 0.361633

-1.11268 0.361633
-1.11261 0.361694

-1.11261 0.361695
-1.11235 0.361938

-1.11235 0.361938
-1.1123 0.361976

-1.1123 0.361976
-1.11201 0.362244

-1.11201 0.362244
-1.112 0.362257

-1.112 0.362257
-1.11169 0.362538

-1.11169 0.362538
-1.11168 0.362549

-1.11168 0.362549
-1.11139 0.362819

-1.11139 0.362819
-1.11135 0.362854

-1.11135 0.362854
-1.11108 0.3631

-1.11108 0.3631
-1.11102 0.363159

-1.11102 0.363159
-1.11078 0.363381

-1.11078 0.363381
-1.11069 0.363464

-1.11069 0.363464
-1.11047 0.363661

-1.11047 0.363662
-1.11036 0.36377

-1.11036 0.36377
-1.11017 0.363941

-1.11017 0.363943
-1.11002 0.364075

-1.11002 0.364075
-1.10986 0.364222

-1.10986 0.364224
-1.10969 0.36438

-1.10969 0.36438
-1.10956 0.364503

-1.10956 0.364504
-1.10936 0.364685

-1.10936 0.364685
-1.10925 0.364783

-1.10925 0.364784
-1.10903 0.36499

-1.10903 0.36499
-1.10895 0.365063

-1.10895 0.365064
-1.1087 0.365295

-1.10869 0.365295
-1.10864 0.365343

-1.10864 0.365344
-1.10836 0.365601

-1.10836 0.365601
-1.10834 0.365623

-1.10834 0.365624
-1.10803 0.365903

-1.10803 0.365903
-1.10803 0.365906

-1.10803 0.365906
-1.10773 0.366183

-1.10773 0.366183
-1.1077 0.366211

-1.1077 0.366211
-1.10742 0.366463

-1.10742 0.366463
-1.10736 0.366516

-1.10736 0.366516
-1.10712 0.366742

-1.10712 0.366742
-1.10703 0.366821

-1.10703 0.366821
-1.10681 0.367021

-1.10681 0.367022
-1.1067 0.367126

-1.1067 0.367126
-1.10651 0.3673

-1.10651 0.367302
-1.10636 0.367432

-1.10636 0.367432
-1.1062 0.367579

-1.1062 0.367581
-1.10603 0.367737

-1.10603 0.367737
-1.1059 0.367858

-1.1059 0.36786
-1.10569 0.368042

-1.1057 0.368042
-1.10559 0.368137

-1.10559 0.368139
-1.10536 0.368347

-1.10536 0.368347
-1.10529 0.368416

-1.10529 0.368417
-1.10503 0.368652

-1.10503 0.368652
-1.10498 0.368695

-1.10498 0.368696
-1.10469 0.368958

-1.10469 0.368958
-1.10468 0.368974

-1.10468 0.368974
-1.10437 0.369253

-1.10437 0.369253
-1.10436 0.369263

-1.10436 0.369263
-1.10406 0.369531

-1.10406 0.369531
-1.10402 0.369568

-1.10402 0.369568
-1.10376 0.369809

-1.10376 0.369809
-1.10369 0.369873

-1.10369 0.369873
-1.10345 0.370087

-1.10345 0.370088
-1.10336 0.370178

-1.10336 0.370178
-1.10315 0.370364

-1.10315 0.370366
-1.10302 0.370483

-1.10302 0.370483
-1.10284 0.370643

-1.10284 0.370645
-1.10268 0.370789

-1.10269 0.370789
-1.10254 0.370921

-1.10254 0.370923
-1.10235 0.371094

-1.10235 0.371094
-1.10223 0.371199

-1.10223 0.3712
-1.10201 0.371399

-1.10201 0.371399
-1.10193 0.371476

-1.10193 0.371477
-1.10168 0.371704

-1.10168 0.371704
-1.10162 0.371754

-1.10162 0.371755
-1.10134 0.372009

-1.10134 0.372009
-1.10132 0.372032

-1.10132 0.372032
-1.10101 0.372309

-1.10101 0.372309
-1.10101 0.372314

-1.10101 0.372314
-1.10071 0.372587

-1.10071 0.372587
-1.10067 0.37262

-1.10067 0.37262
-1.1004 0.372864

-1.1004 0.372864
-1.10034 0.372925

-1.10034 0.372925
-1.1001 0.37314

-1.1001 0.373141
-1.1 0.37323

-1.1 0.37323
-1.09979 0.373416

-1.09979 0.373418
-1.09966 0.373535

-1.09966 0.373535
-1.09949 0.373693

-1.09949 0.373695
-1.09933 0.37384

-1.09933 0.37384
-1.09918 0.37397

-1.09918 0.373973
-1.09899 0.374146

-1.09899 0.374146
-1.09888 0.374247

-1.09888 0.374249
-1.09865 0.374451

-1.09865 0.374451
-1.09857 0.374524

-1.09857 0.374525
-1.09832 0.374756

-1.09832 0.374756
-1.09827 0.3748

-1.09827 0.374801
-1.09798 0.375061

-1.09798 0.375061
-1.09796 0.375077

-1.09796 0.375077
-1.09766 0.375353

-1.09766 0.375353
-1.09764 0.375366

-1.09764 0.375366
-1.09735 0.375629

-1.09735 0.375629
-1.0973 0.375671

-1.0973 0.375671
-1.09705 0.375905

-1.09705 0.375906
-1.09697 0.375977

-1.09697 0.375977
-1.09674 0.376181

-1.09674 0.376182
-1.09663 0.376282

-1.09663 0.376282
-1.09644 0.376456

-1.09644 0.376458
-1.09629 0.376587

-1.09629 0.376587
-1.09613 0.376732

-1.09613 0.376734
-1.09595 0.376892

-1.09595 0.376892
-1.09583 0.377008

-1.09583 0.37701
-1.09562 0.377197

-1.09562 0.377197
-1.09552 0.377283

-1.09552 0.377284
-1.09528 0.377502

-1.09528 0.377502
-1.09521 0.377559

-1.09521 0.377559
-1.09494 0.377808

-1.09494 0.377808
-1.09491 0.377834

-1.09491 0.377834
-1.0946 0.37811

-1.0946 0.37811
-1.0946 0.378113

-1.0946 0.378113
-1.0943 0.378385

-1.0943 0.378385
-1.09426 0.378418

-1.09426 0.378418
-1.09399 0.37866

-1.09399 0.37866
-1.09392 0.378723

-1.09392 0.378723
-1.09369 0.378934

-1.09369 0.378935
-1.09358 0.379028

-1.09359 0.379028
-1.09338 0.379208

-1.09338 0.37921
-1.09325 0.379333

-1.09325 0.379333
-1.09308 0.379483

-1.09308 0.379485
-1.09291 0.379639

-1.09291 0.379639
-1.09277 0.379758

-1.09277 0.37976
-1.09257 0.379944

-1.09257 0.379944
-1.09247 0.380032

-1.09247 0.380033
-1.09223 0.380249

-1.09223 0.380249
-1.09216 0.380307

-1.09216 0.380307
-1.09189 0.380554

-1.09189 0.380554
-1.09186 0.380581

-1.09186 0.380582
-1.09155 0.380856

-1.09155 0.380856
-1.09155 0.380859

-1.09155 0.380859
-1.09125 0.38113

-1.09125 0.38113
-1.09121 0.381165

-1.09121 0.381165
-1.09094 0.381404

-1.09094 0.381404
-1.09087 0.38147

-1.09087 0.38147
-1.09064 0.381677

-1.09064 0.381678
-1.09053 0.381775

-1.09053 0.381775
-1.09033 0.38195

-1.09033 0.381952
-1.09019 0.38208

-1.09019 0.38208
-1.09003 0.382224

-1.09003 0.382226
-1.08985 0.382385

-1.08985 0.382385
-1.08972 0.382498

-1.08972 0.3825
-1.08951 0.38269

-1.08951 0.38269
-1.08942 0.382772

-1.08942 0.382772
-1.08917 0.382996

-1.08917 0.382996
-1.08911 0.383045

-1.08911 0.383046
-1.08883 0.383301

-1.08883 0.383301
-1.08881 0.383318

-1.08881 0.383319
-1.0885 0.383592

-1.0885 0.383592
-1.08849 0.383606

-1.08849 0.383606
-1.0882 0.383865

-1.0882 0.383865
-1.08814 0.383911

-1.08814 0.383911
-1.08789 0.384138

-1.08789 0.384138
-1.0878 0.384216

-1.0878 0.384216
-1.08759 0.38441

-1.08759 0.384412
-1.08746 0.384521

-1.08746 0.384521
-1.08728 0.384682

-1.08728 0.384685
-1.08712 0.384827

-1.08712 0.384827
-1.08698 0.384955

-1.08698 0.384958
-1.08678 0.385132

-1.08678 0.385132
-1.08667 0.385228

-1.08667 0.385229
-1.08644 0.385437

-1.08644 0.385437
-1.08636 0.385501

-1.08636 0.385501
-1.0861 0.385742

-1.08609 0.385742
-1.08606 0.385773

-1.08606 0.385774
-1.08575 0.386046

-1.08575 0.386046
-1.08575 0.386047

-1.08575 0.386047
-1.08545 0.386318

-1.08545 0.386318
-1.08541 0.386353

-1.08541 0.386353
-1.08514 0.38659

-1.08514 0.386591
-1.08507 0.386658

-1.08507 0.386658
-1.08484 0.386862

-1.08484 0.386863
-1.08473 0.386963

-1.08473 0.386963
-1.08453 0.387133

-1.08453 0.387135
-1.08438 0.387268

-1.08438 0.387268
-1.08423 0.387405

-1.08423 0.387408
-1.08404 0.387573

-1.08404 0.387573
-1.08392 0.387677

-1.08392 0.387678
-1.0837 0.387878

-1.0837 0.387878
-1.08362 0.387949

-1.08362 0.38795
-1.08336 0.388184

-1.08335 0.388184
-1.08331 0.38822

-1.08331 0.388221
-1.08301 0.388489

-1.08301 0.388489
-1.08301 0.388492

-1.08301 0.388492
-1.0827 0.388764

-1.0827 0.388764
-1.08267 0.388794

-1.08267 0.388794
-1.0824 0.389035

-1.0824 0.389035
-1.08233 0.389099

-1.08233 0.389099
-1.08209 0.389306

-1.08209 0.389307
-1.08198 0.389404

-1.08198 0.389404
-1.08179 0.389576

-1.08179 0.389578
-1.08164 0.389709

-1.08164 0.389709
-1.08148 0.389847

-1.08148 0.38985
-1.08129 0.390015

-1.08129 0.390015
-1.08118 0.390118

-1.08118 0.390119
-1.08095 0.39032

-1.08095 0.39032
-1.08087 0.390389

-1.08087 0.39039
-1.08061 0.390625

-1.08061 0.390625
-1.08057 0.39066

-1.08057 0.39066
-1.08026 0.39093

-1.08026 0.390931
-1.07996 0.391201

-1.07996 0.391201
-1.07992 0.391235

-1.07992 0.391235
-1.07965 0.391472

-1.07965 0.391472
-1.07957 0.391541

-1.07957 0.391541
-1.07935 0.391742

-1.07935 0.391743
-1.07923 0.391846

-1.07923 0.391846
-1.07904 0.392011

-1.07904 0.392013
-1.07888 0.392151

-1.07888 0.392151
-1.07874 0.392281

-1.07874 0.392284
-1.07854 0.392456

-1.07854 0.392456
-1.07843 0.392552

-1.07843 0.392553
-1.07819 0.392761

-1.07819 0.392761
-1.07812 0.392822

-1.07812 0.392822
-1.07785 0.393066

-1.07785 0.393066
-1.07782 0.393092

-1.07782 0.393092
-1.07751 0.393362

-1.07751 0.393362
-1.0775 0.393372

-1.0775 0.393372
-1.07721 0.393632

-1.07721 0.393632
-1.07716 0.393677

-1.07716 0.393677
-1.0769 0.393901

-1.0769 0.393901
-1.07681 0.393982

-1.07681 0.393982
-1.0766 0.39417

-1.0766 0.394171
-1.07647 0.394287

-1.07647 0.394287
-1.07629 0.394439

-1.07629 0.394441
-1.07612 0.394592

-1.07612 0.394592
-1.07599 0.394708

-1.07599 0.39471
-1.07577 0.394897

-1.07578 0.394897
-1.07568 0.394978

-1.07568 0.394978
-1.07543 0.395203

-1.07543 0.395203
-1.07538 0.395247

-1.07538 0.395247
-1.07508 0.395508

-1.07508 0.395508
-1.07507 0.395516

-1.07507 0.395516
-1.07477 0.395785

-1.07477 0.395785
-1.07474 0.395813

-1.07474 0.395813
-1.07446 0.396054

-1.07446 0.396054
-1.07439 0.396118

-1.07439 0.396118
-1.07416 0.396323

-1.07416 0.396323
-1.07404 0.396423

-1.07404 0.396423
-1.07385 0.39659

-1.07385 0.396593
-1.0737 0.396729

-1.0737 0.396729
-1.07355 0.396859

-1.07355 0.396861
-1.07335 0.397034

-1.07335 0.397034
-1.07324 0.397128

-1.07324 0.397129
-1.073 0.397339

-1.073 0.397339
-1.07294 0.397396

-1.07294 0.397397
-1.07266 0.397644

-1.07266 0.397644
-1.07263 0.397665

-1.07263 0.397665
-1.07233 0.397933

-1.07233 0.397934
-1.07231 0.397949

-1.07231 0.397949
-1.07202 0.398202

-1.07202 0.398202
-1.07196 0.398254

-1.07196 0.398254
-1.07172 0.39847

-1.07172 0.39847
-1.07161 0.39856

-1.07161 0.39856
-1.07141 0.398737

-1.07141 0.398739
-1.07127 0.398865

-1.07127 0.398865
-1.07111 0.399004

-1.07111 0.399007
-1.07092 0.39917

-1.07092 0.39917
-1.0708 0.399272

-1.0708 0.399274
-1.07057 0.399475

-1.07057 0.399475
-1.0705 0.39954

-1.0705 0.399541
-1.07022 0.39978

-1.07022 0.39978
-1.07019 0.399808

-1.07019 0.399808
-1.06989 0.400076

-1.06989 0.400076
-1.06987 0.400085

-1.06987 0.400085
-1.06958 0.400343

-1.06958 0.400343
-1.06953 0.400391

-1.06953 0.400391
-1.06927 0.400611

-1.06927 0.400611
-1.06918 0.400696

-1.06918 0.400696
-1.06897 0.400877

-1.06897 0.400879
-1.06883 0.401001

-1.06883 0.401001
-1.06866 0.401144

-1.06866 0.401147
-1.06848 0.401306

-1.06848 0.401306
-1.06836 0.401411

-1.06836 0.401413
-1.06813 0.401611

-1.06813 0.401611
-1.06805 0.401679

-1.06805 0.401679
-1.06778 0.401917

-1.06778 0.401917
-1.06775 0.401946

-1.06775 0.401946
-1.06744 0.402213

-1.06744 0.402213
-1.06743 0.402222

-1.06743 0.402222
-1.06714 0.40248

-1.06714 0.40248
-1.06708 0.402527

-1.06708 0.402527
-1.06683 0.402746

-1.06683 0.402747
-1.06674 0.402832

-1.06674 0.402832
-1.06653 0.403012

-1.06653 0.403014
-1.06639 0.403137

-1.06639 0.403137
-1.06622 0.403278

-1.06622 0.403281
-1.06604 0.403442

-1.06604 0.403442
-1.06592 0.403545

-1.06592 0.403546
-1.06569 0.403748

-1.06569 0.403748
-1.06561 0.403811

-1.06561 0.403812
-1.06534 0.404053

-1.06534 0.404053
-1.06531 0.404078

-1.06531 0.404078
-1.065 0.404344

-1.065 0.404344
-1.06499 0.404358

-1.06499 0.404358
-1.0647 0.40461

-1.0647 0.404611
-1.06464 0.404663

-1.06464 0.404663
-1.06439 0.404876

-1.06439 0.404877
-1.06429 0.404968

-1.06429 0.404968
-1.06409 0.405141

-1.06409 0.405143
-1.06394 0.405273

-1.06394 0.405273
-1.06378 0.405407

-1.06378 0.405409
-1.06359 0.405579

-1.06359 0.405579
-1.06348 0.405673

-1.06348 0.405674
-1.06324 0.405884

-1.06323 0.405884
-1.06317 0.405939

-1.06317 0.40594
-1.06288 0.406189

-1.06288 0.406189
-1.06287 0.406204

-1.06287 0.406205
-1.06256 0.406471

-1.06256 0.406471
-1.06253 0.406494

-1.06253 0.406494
-1.06226 0.406736

-1.06226 0.406736
-1.06218 0.406799

-1.06218 0.406799
-1.06195 0.407001

-1.06195 0.407002
-1.06183 0.407104

-1.06183 0.407104
-1.06165 0.407265

-1.06165 0.407268
-1.06148 0.40741

-1.06148 0.40741
-1.06134 0.407531

-1.06134 0.407532
-1.06113 0.407715

-1.06113 0.407715
-1.06104 0.407796

-1.06104 0.407797
-1.06078 0.40802

-1.06078 0.40802
-1.06073 0.408061

-1.06073 0.408062
-1.06043 0.408325

-1.06043 0.408325
-1.06042 0.408326

-1.06042 0.408327
-1.06012 0.408591

-1.06012 0.408592
-1.06007 0.40863

-1.06007 0.40863
-1.05981 0.408856

-1.05981 0.408857
-1.05972 0.408936

-1.05972 0.408936
-1.05951 0.40912

-1.05951 0.409122
-1.05937 0.409241

-1.05937 0.409241
-1.0592 0.409384

-1.0592 0.409387
-1.05902 0.409546

-1.05902 0.409546
-1.0589 0.409649

-1.0589 0.40965
-1.05867 0.409851

-1.05867 0.409851
-1.05859 0.409914

-1.05859 0.409915
-1.05831 0.410156

-1.05831 0.410156
-1.05829 0.410178

-1.05829 0.410179
-1.05798 0.410443

-1.05798 0.410443
-1.05796 0.410461

-1.05796 0.410461
-1.05768 0.410707

-1.05768 0.410707
-1.05761 0.410767

-1.05761 0.410767
-1.05737 0.410971

-1.05737 0.410972
-1.05726 0.411072

-1.05726 0.411072
-1.05707 0.411234

-1.05707 0.411237
-1.0569 0.411377

-1.0569 0.411377
-1.05676 0.411498

-1.05676 0.4115
-1.05655 0.411682

-1.05655 0.411682
-1.05646 0.411763

-1.05646 0.411763
-1.0562 0.411987

-1.0562 0.411987
-1.05615 0.412027

-1.05615 0.412027
-1.05585 0.412291

-1.05585 0.412291
-1.05585 0.412292

-1.05585 0.412292
-1.05554 0.412555

-1.05554 0.412555
-1.05549 0.412598

-1.05549 0.412598
-1.05524 0.412818

-1.05524 0.412818
-1.05514 0.412903

-1.05514 0.412903
-1.05493 0.413081

-1.05493 0.413083
-1.05478 0.413208

-1.05479 0.413208
-1.05463 0.413344

-1.05463 0.413346
-1.05443 0.413513

-1.05443 0.413513
-1.05432 0.413608

-1.05432 0.413609
-1.05408 0.413818

-1.05408 0.413818
-1.05402 0.413871

-1.05402 0.413872
-1.05372 0.414124

-1.05372 0.414124
-1.05371 0.414134

-1.05371 0.414135
-1.05341 0.414398

-1.05341 0.414398
-1.05337 0.414429

-1.05337 0.414429
-1.0531 0.414661

-1.0531 0.414661
-1.05302 0.414734

-1.05302 0.414734
-1.0528 0.414924

-1.0528 0.414925
-1.05266 0.415039

-1.05266 0.415039
-1.05249 0.415185

-1.05249 0.415188
-1.05231 0.415344

-1.05231 0.415344
-1.05219 0.415449

-1.05219 0.41545
-1.05195 0.415649

-1.05195 0.415649
-1.05188 0.415712

-1.05188 0.415712
-1.0516 0.415955

-1.0516 0.415955
-1.05157 0.415974

-1.05157 0.415975
-1.05127 0.416238

-1.05127 0.416238
-1.05124 0.41626

-1.05124 0.41626
-1.05096 0.4165

-1.05096 0.4165
-1.05089 0.416565

-1.05089 0.416565
-1.05066 0.416762

-1.05066 0.416763
-1.05053 0.41687

-1.05054 0.41687
-1.05035 0.417024

-1.05035 0.417026
-1.05018 0.417175

-1.05018 0.417175
-1.05005 0.417286

-1.05005 0.417288
-1.04982 0.41748

-1.04982 0.41748
-1.04974 0.417549

-1.04974 0.417549
-1.04947 0.417786

-1.04947 0.417786
-1.04944 0.417811

-1.04944 0.417812
-1.04913 0.418074

-1.04913 0.418074
-1.04911 0.418091

-1.04911 0.418091
-1.04883 0.418336

-1.04883 0.418336
-1.04876 0.418396

-1.04876 0.418396
-1.04852 0.418597

-1.04852 0.418598
-1.0484 0.418701

-1.0484 0.418701
-1.04822 0.418858

-1.04822 0.418861
-1.04805 0.419006

-1.04805 0.419006
-1.04791 0.41912

-1.04791 0.419122
-1.04769 0.419312

-1.04769 0.419312
-1.04761 0.419382

-1.04761 0.419383
-1.04733 0.419617

-1.04733 0.419617
-1.0473 0.419644

-1.0473 0.419644
-1.047 0.419906

-1.047 0.419906
-1.04698 0.419922

-1.04698 0.419922
-1.04669 0.420167

-1.04669 0.420168
-1.04662 0.420227

-1.04662 0.420227
-1.04639 0.420429

-1.04639 0.42043
-1.04627 0.420532

-1.04627 0.420532
-1.04608 0.420689

-1.04608 0.420692
-1.04591 0.420837

-1.04591 0.420837
-1.04578 0.42095

-1.04578 0.420952
-1.04555 0.421143

-1.04555 0.421143
-1.04547 0.421212

-1.04547 0.421213
-1.0452 0.421448

-1.0452 0.421448
-1.04517 0.421473

-1.04517 0.421474
-1.04486 0.421735

-1.04486 0.421735
-1.04484 0.421753

-1.04484 0.421753
-1.04456 0.421996

-1.04456 0.421996
-1.04448 0.422058

-1.04448 0.422058
-1.04425 0.422257

-1.04425 0.422257
-1.04413 0.422363

-1.04413 0.422363
-1.04395 0.422516

-1.04395 0.422519
-1.04377 0.422668

-1.04377 0.422668
-1.04364 0.422777

-1.04364 0.422779
-1.04341 0.422974

-1.04341 0.422974
-1.04333 0.423038

-1.04333 0.423039
-1.04305 0.423279

-1.04305 0.423279
-1.04303 0.423299

-1.04303 0.4233
-1.04272 0.42356

-1.04272 0.42356
-1.0427 0.423584

-1.0427 0.423584
-1.04242 0.423821

-1.04242 0.423821
-1.04234 0.423889

-1.04234 0.423889
-1.04211 0.424081

-1.04211 0.424082
-1.04198 0.424194

-1.04198 0.424194
-1.04181 0.42434

-1.04181 0.424343
-1.04162 0.4245

-1.04162 0.4245
-1.0415 0.424601

-1.0415 0.424602
-1.04127 0.424805

-1.04127 0.424805
-1.0412 0.424861

-1.0412 0.424862
-1.04091 0.42511

-1.04091 0.42511
-1.04089 0.425121

-1.04089 0.425122
-1.04059 0.425382

-1.04059 0.425382
-1.04055 0.425415

-1.04055 0.425415
-1.04028 0.425642

-1.04028 0.425642
-1.04019 0.42572

-1.04019 0.42572
-1.03998 0.425901

-1.03998 0.425903
-1.03983 0.426025

-1.03983 0.426025
-1.03967 0.42616

-1.03967 0.426163
-1.03947 0.426331

-1.03947 0.426331
-1.03937 0.426421

-1.03937 0.426422
-1.03912 0.426636

-1.03912 0.426636
-1.03906 0.42668

-1.03906 0.426681
-1.03876 0.426941

-1.03876 0.426941
-1.03845 0.4272

-1.03845 0.4272
-1.0384 0.427246

-1.0384 0.427246
-1.03815 0.42746

-1.03815 0.42746
-1.03804 0.427551

-1.03804 0.427551
-1.03784 0.427719

-1.03784 0.427721
-1.03768 0.427856

-1.03768 0.427856
-1.03754 0.427977

-1.03754 0.427979
-1.03732 0.428162

-1.03732 0.428162
-1.03723 0.428237

-1.03723 0.428238
-1.03696 0.428467

-1.03696 0.428467
-1.03693 0.428496

-1.03693 0.428497
-1.03662 0.428756

-1.03662 0.428756
-1.0366 0.428772

-1.0366 0.428772
-1.03632 0.429015

-1.03632 0.429015
-1.03624 0.429077

-1.03624 0.429077
-1.03601 0.429274

-1.03601 0.429275
-1.03588 0.429382

-1.03588 0.429382
-1.03571 0.429532

-1.03571 0.429535
-1.03552 0.429688

-1.03552 0.429688
-1.0354 0.429791

-1.0354 0.429792
-1.03516 0.429993

-1.03516 0.429993
-1.0351 0.43005

-1.0351 0.430051
-1.0348 0.430298

-1.0348 0.430298
-1.03479 0.430309

-1.03479 0.43031
-1.03448 0.430568

-1.03448 0.430568
-1.03444 0.430603

-1.03444 0.430603
-1.03418 0.430827

-1.03418 0.430827
-1.03408 0.430908

-1.03408 0.430908
-1.03387 0.431085

-1.03387 0.431087
-1.03372 0.431213

-1.03372 0.431213
-1.03357 0.431343

-1.03357 0.431345
-1.03336 0.431519

-1.03336 0.431519
-1.03326 0.431602

-1.03326 0.431602
-1.033 0.431824

-1.033 0.431824
-1.03296 0.43186

-1.03296 0.431861
-1.03265 0.432119

-1.03265 0.432119
-1.03264 0.432129

-1.03264 0.432129
-1.03235 0.432377

-1.03235 0.432377
-1.03228 0.432434

-1.03228 0.432434
-1.03204 0.432635

-1.03204 0.432636
-1.03192 0.432739

-1.03192 0.432739
-1.03174 0.432892

-1.03174 0.432895
-1.03156 0.433044

-1.03156 0.433044
-1.03143 0.43315

-1.03143 0.433152
-1.0312 0.43335

-1.0312 0.43335
-1.03113 0.433409

-1.03113 0.433409
-1.03084 0.433655

-1.03084 0.433655
-1.03082 0.433667

-1.03082 0.433667
-1.03052 0.433925

-1.03052 0.433925
-1.03048 0.43396

-1.03048 0.43396
-1.03021 0.434183

-1.03021 0.434183
-1.03011 0.434265

-1.03012 0.434265
-1.02991 0.43444

-1.02991 0.434442
-1.02975 0.43457

-1.02975 0.43457
-1.0296 0.434697

-1.0296 0.434699
-1.02939 0.434875

-1.02939 0.434875
-1.0293 0.434955

-1.0293 0.434956
-1.02903 0.435181

-1.02903 0.435181
-1.02899 0.435212

-1.02899 0.435213
-1.02869 0.435471

-1.02869 0.435471
-1.02867 0.435486

-1.02867 0.435486
-1.02838 0.435728

-1.02838 0.435728
-1.02831 0.435791

-1.02831 0.435791
-1.02808 0.435985

-1.02808 0.435986
-1.02794 0.436096

-1.02795 0.436096
-1.02777 0.436241

-1.02777 0.436243
-1.02758 0.436401

-1.02758 0.436401
-1.02747 0.436499

-1.02747 0.4365
-1.02722 0.436707

-1.02722 0.436707
-1.02716 0.436756

-1.02716 0.436757
-1.02686 0.437012

-1.02686 0.437012
-1.02686 0.437013

-1.02686 0.437014
-1.02655 0.437271

-1.02655 0.437271
-1.0265 0.437317

-1.0265 0.437317
-1.02625 0.437528

-1.02625 0.437528
-1.02613 0.437622

-1.02613 0.437622
-1.02594 0.437784

-1.02594 0.437786
-1.02577 0.437927

-1.02577 0.437927
-1.02563 0.43804

-1.02563 0.438042
-1.02541 0.438232

-1.02541 0.438232
-1.02533 0.438297

-1.02533 0.438298
-1.02504 0.438538

-1.02504 0.438538
-1.02502 0.438554

-1.02502 0.438555
-1.02472 0.438811

-1.02472 0.438811
-1.02468 0.438843

-1.02468 0.438843
-1.02441 0.439068

-1.02441 0.439068
-1.02432 0.439148

-1.02432 0.439148
-1.02411 0.439324

-1.02411 0.439326
-1.02395 0.439453

-1.02396 0.439453
-1.0238 0.439579

-1.0238 0.439581
-1.02359 0.439758

-1.02359 0.439758
-1.0235 0.439836

-1.0235 0.439837
-1.02323 0.440063

-1.02323 0.440063
-1.02319 0.440093

-1.02319 0.440093
-1.02289 0.44035

-1.02289 0.44035
-1.02287 0.440369

-1.02287 0.440369
-1.02258 0.440606

-1.02258 0.440606
-1.0225 0.440674

-1.0225 0.440674
-1.02228 0.440862

-1.02228 0.440863
-1.02214 0.440979

-1.02214 0.440979
-1.02197 0.441116

-1.02197 0.441119
-1.02177 0.441284

-1.02177 0.441284
-1.02167 0.441373

-1.02167 0.441374
-1.02141 0.441589

-1.02141 0.441589
-1.02136 0.441629

-1.02136 0.44163
-1.02106 0.441886

-1.02106 0.441886
-1.02105 0.441895

-1.02105 0.441895
-1.02075 0.442141

-1.02075 0.442142
-1.02068 0.4422

-1.02068 0.4422
-1.02045 0.442397

-1.02045 0.442398
-1.02032 0.442505

-1.02032 0.442505
-1.02014 0.442652

-1.02014 0.442654
-1.01995 0.44281

-1.01995 0.44281
-1.01984 0.442907

-1.01984 0.442909
-1.01959 0.443115

-1.01959 0.443115
-1.01953 0.443163

-1.01953 0.443164
-1.01923 0.44342

-1.01923 0.44342
-1.01923 0.44342

-1.01923 0.44342
-1.01892 0.443675

-1.01892 0.443675
-1.01886 0.443726

-1.01886 0.443726
-1.01862 0.44393

-1.01862 0.443931
-1.0185 0.444031

-1.0185 0.444031
-1.01831 0.444185

-1.01831 0.444187
-1.01813 0.444336

-1.01813 0.444336
-1.01801 0.44444

-1.01801 0.444441
-1.01777 0.444641

-1.01777 0.444641
-1.0177 0.444695

-1.0177 0.444696
-1.0174 0.444946

-1.0174 0.444946
-1.0174 0.444951

-1.0174 0.444951
-1.01709 0.445206

-1.01709 0.445206
-1.01704 0.445251

-1.01704 0.445251
-1.01678 0.445461

-1.01678 0.445462
-1.01667 0.445557

-1.01667 0.445557
-1.01648 0.445716

-1.01648 0.445718
-1.0163 0.445862

-1.01631 0.445862
-1.01617 0.44597

-1.01617 0.445971
-1.01594 0.446167

-1.01594 0.446167
-1.01587 0.446225

-1.01587 0.446226
-1.01557 0.446472

-1.01557 0.446472
-1.01556 0.44648

-1.01556 0.446481
-1.01526 0.446736

-1.01526 0.446736
-1.01521 0.446777

-1.01521 0.446777
-1.01495 0.44699

-1.01495 0.446991
-1.01484 0.447083

-1.01484 0.447083
-1.01465 0.447244

-1.01465 0.447246
-1.01448 0.447388

-1.01448 0.447388
-1.01434 0.447498

-1.01434 0.4475
-1.01411 0.447693

-1.01411 0.447693
-1.01404 0.447753

-1.01404 0.447754
-1.01375 0.447998

-1.01374 0.447998
-1.01373 0.448008

-1.01373 0.448008
-1.01343 0.448263

-1.01343 0.448263
-1.01338 0.448303

-1.01338 0.448303
-1.01312 0.448517

-1.01312 0.448518
-1.01301 0.448608

-1.01301 0.448608
-1.01282 0.448771

-1.01282 0.448773
-1.01265 0.448914

-1.01265 0.448914
-1.01251 0.449025

-1.01251 0.449026
-1.01228 0.449219

-1.01228 0.449219
-1.01221 0.449279

-1.01221 0.44928
-1.01191 0.449524

-1.01191 0.449524
-1.0119 0.449533

-1.0119 0.449534
-1.0116 0.449788

-1.0116 0.449788
-1.01155 0.449829

-1.01155 0.449829
-1.01129 0.450042

-1.01129 0.450043
-1.01118 0.450134

-1.01118 0.450134
-1.01099 0.450295

-1.01099 0.450297
-1.01081 0.450439

-1.01081 0.450439
-1.01068 0.450549

-1.01068 0.45055
-1.01045 0.450745

-1.01045 0.450745
-1.01038 0.450803

-1.01038 0.450804
-1.01008 0.45105

-1.01008 0.45105
-1.01007 0.451057

-1.01007 0.451057
-1.00977 0.451311

-1.00977 0.451311
-1.00971 0.451355

-1.00971 0.451355
-1.00946 0.451565

-1.00946 0.451565
-1.00935 0.45166

-1.00935 0.45166
-1.00916 0.451818

-1.00916 0.45182
-1.00898 0.451965

-1.00898 0.451965
-1.00885 0.452071

-1.00885 0.452072
-1.00861 0.452271

-1.00861 0.452271
-1.00854 0.452325

-1.00854 0.452326
-1.00824 0.452576

-1.00824 0.452576
-1.00824 0.452578

-1.00824 0.452579
-1.00793 0.452832

-1.00793 0.452832
-1.00788 0.452881

-1.00788 0.452881
-1.00763 0.453086

-1.00763 0.453086
-1.00751 0.453186

-1.00751 0.453186
-1.00732 0.453338

-1.00732 0.45334
-1.00714 0.453491

-1.00714 0.453491
-1.00702 0.453591

-1.00702 0.453592
-1.00677 0.453796

-1.00677 0.453796
-1.00671 0.453845

-1.00671 0.453845
-1.00641 0.454098

-1.00641 0.454098
-1.0064 0.454102

-1.0064 0.454102
-1.0061 0.454352

-1.0061 0.454352
-1.00604 0.454407

-1.00604 0.454407
-1.0058 0.454605

-1.0058 0.454605
-1.00567 0.454712

-1.00567 0.454712
-1.00549 0.454857

-1.00549 0.454858
-1.0053 0.455017

-1.0053 0.455017
-1.00519 0.455109

-1.00519 0.455111
-1.00493 0.455322

-1.00493 0.455322
-1.00488 0.455363

-1.00488 0.455363
-1.00458 0.455616

-1.00458 0.455616
-1.00456 0.455627

-1.00456 0.455627
-1.00427 0.455869

-1.00427 0.455869
-1.0042 0.455933

-1.0042 0.455933
-1.00397 0.456122

-1.00397 0.456123
-1.00383 0.456238

-1.00383 0.456238
-1.00366 0.456373

-1.00366 0.456375
-1.00346 0.456543

-1.00346 0.456543
-1.00336 0.456626

-1.00336 0.456627
-1.00309 0.456848

-1.00309 0.456848
-1.00305 0.456879

-1.00305 0.456879
-1.00275 0.457132

-1.00275 0.457132
-1.00272 0.457153

-1.00272 0.457153
-1.00244 0.457384

-1.00244 0.457385
-1.00235 0.457458

-1.00235 0.457458
-1.00214 0.457636

-1.00214 0.457638
-1.00198 0.457764

-1.00198 0.457764
-1.00183 0.457888

-1.00183 0.457889
-1.00161 0.458069

-1.00161 0.458069
-1.00153 0.45814

-1.00153 0.458141
-1.00124 0.458374

-1.00124 0.458374
-1.00122 0.458393

-1.00122 0.458393
-1.00092 0.458646

-1.00092 0.458646
-1.00087 0.458679

-1.00087 0.458679
-1.00061 0.458898

-1.00061 0.458898
-1.0005 0.458984

-1.00051 0.458984
-1.00031 0.459149

-1.00031 0.459151
-1.00014 0.45929

-1.00014 0.45929
-1.0 0.459401

-1.0 0.00218895
-0.999695 0.00218609

-0.999695 0.00218609
-0.99939 0.00218326

-0.99939 0.00218326
-0.999084 0.00218044

-0.999084 0.00218044
-0.998779 0.00217764

-0.998779 0.00217764
-0.998474 0.00217485

-0.998474 0.00217485
-0.998169 0.00217207

-0.998169 0.00217207
-0.997864 0.0021693

-0.997864 0.0021693
-0.997559 0.00216654

-0.997559 0.00216654
-0.997253 0.00216378

-0.997253 0.00216378
-0.996948 0.00216101

-0.996948 0.00216101
-0.996643 0.00215823

-0.996643 0.00215823
-0.996338 0.00215543

-0.996338 0.00215543
-0.996033 0.0021526

-0.996033 0.00215261
-0.995728 0.00214974

-0.995728 0.00214974
-0.995422 0.00214682

-0.995422 0.00214682
-0.995117 0.00214385

-0.995117 0.00214385
-0.994812 0.0021408

-0.994812 0.0021408
-0.994507 0.00213768

-0.994202 0.00213448
-0.99437 0.00213623

-0.994507 0.00213768
-0.994367 0.00213623

-0.994202 0.00213448
-0.993896 0.00213131

-0.993896 0.00213131
-0.993591 0.00212818

-0.993591 0.00212818
-0.993286 0.00212507

-0.993286 0.00212507
-0.992981 0.002122

-0.992981 0.002122
-0.992676 0.00211895

-0.992676 0.00211895
-0.992371 0.00211593

-0.992371 0.00211593
-0.992065 0.00211294

-0.992065 0.00211294
-0.99176 0.00210998

-0.99176 0.00210998
-0.991455 0.00210705

-0.991455 0.00210705
-0.99115 0.00210414

-0.99115 0.00210414
-0.990845 0.00210126

-0.990845 0.00210126
-0.99054 0.0020984

-0.99054 0.0020984
-0.990234 0.00209556

-0.990234 0.00209556
-0.989929 0.00209275

-0.989929 0.00209275
-0.989624 0.00208996

-0.989624 0.00208996
-0.989319 0.00208719

-0.989319 0.00208719
-0.989014 0.00208444

-0.989014 0.00208444
-0.988708 0.00208172

-0.988708 0.00208172
-0.988403 0.00207902

-0.988403 0.00207902
-0.988098 0.00207633

-0.988098 0.00207633
-0.987793 0.00207367

-0.987793 0.00207367
-0.987488 0.00207103

-0.987488 0.00207103
-0.987183 0.00206841

-0.987183 0.00206841
-0.986877 0.0020658

-0.986877 0.0020658
-0.986572 0.00206322

-0.986572 0.00206322
-0.986267 0.00206065

-0.986267 0.00206065
-0.985962 0.00205811

-0.985962 0.00205811
-0.985657 0.00205558

-0.985657 0.00205558
-0.985352 0.00205307

-0.985352 0.00205307
-0.985046 0.00205059

-0.985046 0.00205059
-0.984741 0.00204812

-0.984741 0.00204812
-0.984436 0.00204567

-0.984436 0.00204567
-0.984131 0.00204324

-0.984131 0.00204324
-0.983826 0.00204084

-0.983826 0.00204084
-0.983521 0.00203845

-0.983521 0.00203845
-0.983215 0.00203609

-0.983215 0.00203609
-0.98291 0.00203375

-0.98291 0.00203375
-0.982605 0.00203143

-0.982605 0.00203143
-0.9823 0.00202914

-0.9823 0.00202914
-0.981995 0.00202687

-0.981995 0.00202687
-0.981689 0.00202463

-0.981689 0.00202463
-0.981384 0.00202241

-0.981384 0.00202241
-0.981079 0.00202022

-0.981079 0.00202022
-0.980774 0.00201805

-0.980774 0.00201805
-0.980469 0.00201591

-0.980469 0.00201591
-0.980164 0.0020138

-0.980164 0.0020138
-0.979858 0.00201171

-0.979858 0.00201171
-0.979553 0.00200964

-0.979553 0.00200964
-0.979248 0.0020076

-0.979248 0.0020076
-0.978943 0.00200557

-0.978943 0.00200557
-0.978638 0.00200356

-0.978638 0.00200357
-0.978333 0.00200157

-0.978333 0.00200157
-0.978027 0.00199958

-0.978027 0.00199958
-0.977722 0.0019976

-0.977722 0.0019976
-0.977417 0.00199562

-0.977417 0.00199562
-0.977112 0.00199363

-0.977112 0.00199363
-0.976807 0.00199163

-0.976807 0.00199163
-0.976501 0.0019896

-0.976501 0.00198961
-0.976196 0.00198756

-0.976196 0.00198756
-0.975891 0.00198547

-0.975891 0.00198548
-0.975586 0.00198333

-0.975586 0.00198333
-0.975281 0.00198109

-0.975281 0.00198108
-0.974976 0.00197878

-0.974976 0.00197878
-0.97467 0.00197642

-0.97467 0.00197642
-0.974365 0.00197398

-0.974365 0.00197398
-0.97406 0.00197144

-0.97406 0.00197145
-0.973755 0.00196881

-0.973755 0.00196881
-0.97345 0.00196608

-0.97345 0.00196608
-0.973145 0.00196323

-0.973145 0.00196323
-0.972839 0.00196025

-0.972839 0.00196026
-0.972534 0.00195716

-0.972534 0.00195716
-0.972229 0.00195393

-0.972229 0.00195393
-0.971924 0.00195057

-0.971924 0.00195057
-0.971619 0.00194707

-0.971619 0.00194707
-0.971313 0.00194343

-0.971313 0.00194343
-0.971008 0.00193966

-0.971008 0.00193966
-0.970703 0.00193576

-0.970703 0.00193575
-0.970398 0.00193172

-0.970398 0.00193172
-0.970093 0.00192757

-0.970093 0.00192757
-0.969788 0.0019233

-0.969788 0.0019233
-0.969482 0.00191894

-0.969482 0.00191893
-0.969177 0.00191448

-0.969177 0.00191448
-0.968872 0.00190996

-0.968872 0.00190995
-0.968567 0.00190537

-0.968567 0.00190537
-0.968262 0.00190075

-0.968262 0.00190075
-0.967957 0.00189611

-0.967957 0.0018961
-0.967651 0.00189147

-0.967651 0.00189147
-0.967346 0.00188686

-0.967346 0.00188685
-0.967041 0.00188229

-0.967041 0.00188228
-0.966736 0.00187779

-0.966736 0.00187778
-0.966431 0.00187338

-0.966431 0.00187337
-0.966125 0.00186908

-0.966125 0.00186907
-0.96582 0.00186491

-0.96582 0.0018649
-0.965515 0.00186089

-0.965515 0.00186088
-0.96521 0.00185703

-0.96521 0.00185703
-0.964905 0.00185336

-0.964905 0.00185336
-0.9646 0.00184988

-0.9646 0.00184987
-0.964294 0.0018466

-0.964294 0.00184659
-0.963989 0.00184352

-0.963989 0.00184352
-0.963684 0.00184066

-0.963684 0.00184066
-0.963379 0.001838

-0.963379 0.001838
-0.963074 0.00183553

-0.963074 0.00183553
-0.962769 0.00183325

-0.962158 0.00182921
-0.962448 0.00183105

-0.962769 0.00183324
-0.962463 0.00183114

-0.962463 0.00183116
-0.962448 0.00183105

-0.962158 0.00182921
-0.961853 0.0018274

-0.961853 0.0018274
-0.961548 0.00182573

-0.961548 0.00182573
-0.961243 0.00182419

-0.961243 0.00182419
-0.960938 0.00182279

-0.960938 0.00182278
-0.960632 0.00182151

-0.960632 0.00182151
-0.960327 0.00182037

-0.960327 0.00182037
-0.960022 0.00181936

-0.960022 0.00181936
-0.959717 0.00181851

-0.959717 0.00181851
-0.959412 0.00181782

-0.959412 0.00181781
-0.959106 0.0018173

-0.959106 0.0018173
-0.958801 0.00181698

-0.958801 0.00181697
-0.958496 0.00181688

-0.958496 0.00181687
-0.958191 0.00181702

-0.958191 0.00181701
-0.957886 0.00181743

-0.957886 0.00181743
-0.957581 0.00181816

-0.957581 0.00181815
-0.957275 0.00181923

-0.957275 0.00181922
-0.95697 0.0018207

-0.95697 0.00182068
-0.956665 0.00182261

-0.956665 0.0018226
-0.95636 0.00182501

-0.95636 0.00182502
-0.956055 0.0018279

-0.956055 0.00182796
-0.955762 0.00183105

-0.955757 0.00183105
-0.95575 0.00183113

-0.95575 0.00183106
-0.955444 0.00183477

-0.955444 0.00183471
-0.955139 0.00183925

-0.955139 0.00183919
-0.954834 0.00184478

-0.954834 0.0018447
-0.954529 0.00185162

-0.954529 0.00185151
-0.954224 0.00186012

-0.954224 0.00185996
-0.953918 0.00187078

-0.953918 0.00187058
-0.953613 0.00188431

-0.953613 0.00188408
-0.953308 0.00190158

-0.953308 0.00190136
-0.953003 0.00192351

-0.953003 0.00192315
-0.952698 0.00195109

-0.952698 0.00195027
-0.952393 0.00198636

-0.952393 0.00198559
-0.952087 0.00203303

-0.952087 0.00203273
-0.951782 0.00209368

-0.951782 0.00209345
-0.95161 0.00213623

-0.951608 0.00213623
-0.951477 0.00216891

-0.951477 0.00216782
-0.951172 0.0022624

-0.951172 0.00226185
-0.950867 0.00237888

-0.950867 0.00237878
-0.95073 0.00244141

-0.950732 0.00244141
-0.950562 0.00251946

-0.950562 0.00251908
-0.950256 0.0026804

-0.950256 0.00268008
-0.950144 0.00274658

-0.950148 0.00274658
-0.949951 0.00286284

-0.949951 0.00286313
-0.949655 0.00305176

-0.949657 0.00305176
-0.949646 0.00305853

-0.949646 0.00305979
-0.949341 0.00326068

-0.949341 0.0032609
-0.949195 0.00335693

-0.949197 0.00335693
-0.949036 0.00346314

-0.949036 0.00346372
-0.94873 0.00365903

-0.94873 0.00365806
-0.948724 0.00366211

-0.948727 0.00366211
-0.948425 0.00384542

-0.948425 0.00384611
-0.948211 0.00396729

-0.94821 0.00396729
-0.94812 0.00401802

-0.94812 0.00401907
-0.947815 0.00417685

-0.947815 0.0041773
-0.94761 0.00427246

-0.947607 0.00427246
-0.94751 0.00431781

-0.94751 0.00431865
-0.947205 0.00444424

-0.947205 0.00444457
-0.946899 0.00455335

-0.946899 0.00455302
-0.946818 0.00457764

-0.946818 0.00457764
-0.946594 0.00464503

-0.946594 0.00464509
-0.946289 0.00472115

-0.946289 0.00472126
-0.945984 0.00478099

-0.945984 0.00478106
-0.945679 0.00482411

-0.945679 0.00482414
-0.945374 0.0048503

-0.945374 0.00485034
-0.945068 0.00485944

-0.945068 0.0048595
-0.944763 0.00485131

-0.944763 0.00485141
-0.944458 0.0048256

-0.944458 0.00482576
-0.944153 0.00478182

-0.944153 0.00478205
-0.943848 0.0047192

-0.943848 0.00471948
-0.943542 0.00463671

-0.943237 0.00453304
-0.943369 0.00457764

-0.943542 0.00463703
-0.943367 0.00457764

-0.942627 0.00425577
-0.942661 0.00427246

-0.943237 0.00453406
-0.942932 0.00440822

-0.942932 0.00440892
-0.942655 0.00427246

-0.941711 0.0036243
-0.941756 0.00366211

-0.941406 0.0033357
-0.941427 0.00335693

-0.941711 0.00362956
-0.941424 0.00335693

-0.942627 0.00425915
-0.942322 0.00408114

-0.942017 0.00387264
-0.942154 0.00396729

-0.942322 0.00408174
-0.942154 0.00396729

-0.942017 0.00387465
-0.941753 0.00366211

-0.940186 0.00109118
-0.940215 0.0012207

-0.940215 0.0012207
-0.940306 0.00152588

-0.940306 0.00152588
-0.94042 0.00183105

-0.940491 0.00198719
-0.940559 0.00213623

-0.940558 0.00213623
-0.940724 0.00244141

-0.940491 0.00198714
-0.94042 0.00183105

-0.94006 0.0
-0.940069 0.000305176

-0.940068 0.000305176
-0.940097 0.000610352

-0.940097 0.000610352
-0.940146 0.000915527

-0.940186 0.00109057
-0.940146 0.000915527

-0.941101 0.00298625
-0.941153 0.00305176

-0.940796 0.00255365
-0.940921 0.00274658

-0.941101 0.00298535
-0.940919 0.00274658

-0.941406 0.00333697
-0.94115 0.00305176

-0.940796 0.00255446
-0.940724 0.00244141

-1.0 0.459402
-0.999767 0.459595

-0.999766 0.459595
-0.999695 0.459653

-0.999695 0.459654
-0.999397 0.4599

-0.999396 0.4599
-0.99939 0.459905

-0.99939 0.459906
-0.999084 0.460158

-0.999084 0.460158
-0.999027 0.460205

-0.999027 0.460205
-0.998779 0.460409

-0.998779 0.46041
-0.998656 0.46051

-0.998658 0.46051
-0.998474 0.46066

-0.998474 0.460662
-0.998287 0.460815

-0.998287 0.460815
-0.998169 0.460912

-0.998169 0.460913
-0.997917 0.461121

-0.997916 0.461121
-0.997864 0.461164

-0.997864 0.461164
-0.997559 0.461416

-0.997559 0.461416
-0.997547 0.461426

-0.997547 0.461426
-0.997253 0.461668

-0.997253 0.461668
-0.997176 0.461731

-0.997177 0.461731
-0.996948 0.461919

-0.996948 0.46192
-0.996805 0.462036

-0.996807 0.462036
-0.996643 0.462169

-0.996643 0.462171
-0.996436 0.462341

-0.996436 0.462341
-0.996338 0.462421

-0.996338 0.462422
-0.996065 0.462646

-0.996065 0.462646
-0.996033 0.462673

-0.996033 0.462673
-0.995728 0.462925

-0.995728 0.462925
-0.995695 0.462952

-0.995695 0.462952
-0.995422 0.463176

-0.995422 0.463176
-0.995324 0.463257

-0.995324 0.463257
-0.995117 0.463427

-0.995117 0.463428
-0.994952 0.463562

-0.994954 0.463562
-0.994812 0.463677

-0.994812 0.463679
-0.994583 0.463867

-0.994582 0.463867
-0.994507 0.463929

-0.994507 0.463929
-0.994212 0.464172

-0.994211 0.464172
-0.994202 0.46418

-0.994202 0.464181
-0.993896 0.464432

-0.993896 0.464432
-0.99384 0.464478

-0.993841 0.464478
-0.993591 0.464683

-0.993591 0.464683
-0.993469 0.464783

-0.99347 0.464783
-0.993286 0.464933

-0.993286 0.464934
-0.993098 0.465088

-0.993098 0.465088
-0.992981 0.465183

-0.992981 0.465184
-0.992727 0.465393

-0.992726 0.465393
-0.992676 0.465434

-0.992676 0.465435
-0.992371 0.465686

-0.992371 0.465686
-0.992356 0.465698

-0.992356 0.465698
-0.992065 0.465937

-0.992065 0.465937
-0.991984 0.466003

-0.991984 0.466003
-0.99176 0.466187

-0.99176 0.466188
-0.991611 0.466309

-0.991614 0.466309
-0.991455 0.466437

-0.991455 0.466438
-0.991241 0.466614

-0.991241 0.466614
-0.99115 0.466688

-0.99115 0.466689
-0.990869 0.466919

-0.990868 0.466919
-0.990845 0.466938

-0.990845 0.466939
-0.99054 0.467189

-0.99054 0.46719
-0.990497 0.467224

-0.990497 0.467224
-0.990234 0.46744

-0.990234 0.46744
-0.990125 0.467529

-0.990126 0.467529
-0.989929 0.46769

-0.989929 0.467691
-0.989753 0.467834

-0.989754 0.467834
-0.989624 0.467939

-0.989624 0.467941
-0.989382 0.46814

-0.989381 0.46814
-0.989319 0.46819

-0.989319 0.468191
-0.989014 0.468441

-0.989014 0.468441
-0.989009 0.468445

-0.989009 0.468445
-0.988708 0.468691

-0.988708 0.468692
-0.988637 0.46875

-0.988637 0.46875
-0.988403 0.468941

-0.988403 0.468942
-0.988264 0.469055

-0.988266 0.469055
-0.988098 0.469191

-0.988098 0.469192
-0.987892 0.46936

-0.987892 0.46936
-0.987793 0.469441

-0.987793 0.469442
-0.98752 0.469666

-0.987519 0.469666
-0.987488 0.469691

-0.987488 0.469692
-0.987183 0.469942

-0.987183 0.469942
-0.987147 0.469971

-0.987147 0.469971
-0.986877 0.470191

-0.986877 0.470192
-0.986774 0.470276

-0.986775 0.470276
-0.986572 0.470441

-0.986572 0.470442
-0.986401 0.470581

-0.986402 0.470581
-0.986267 0.47069

-0.986267 0.470691
-0.986029 0.470886

-0.986028 0.470886
-0.985962 0.47094

-0.985962 0.470941
-0.985657 0.471191

-0.985657 0.471191
-0.985656 0.471191

-0.985656 0.471191
-0.985352 0.47144

-0.985352 0.47144
-0.985283 0.471497

-0.985283 0.471497
-0.985046 0.47169

-0.985046 0.471691
-0.984909 0.471802

-0.984911 0.471802
-0.984741 0.471939

-0.984741 0.47194
-0.984536 0.472107

-0.984536 0.472107
-0.984436 0.472188

-0.984436 0.472189
-0.984163 0.472412

-0.984162 0.472412
-0.984131 0.472438

-0.984131 0.472439
-0.983826 0.472688

-0.983826 0.472688
-0.98379 0.472717

-0.98379 0.472717
-0.983521 0.472937

-0.983521 0.472938
-0.983416 0.473022

-0.983417 0.473022
-0.983215 0.473186

-0.983215 0.473188
-0.983042 0.473328

-0.983043 0.473328
-0.98291 0.473435

-0.98291 0.473436
-0.982669 0.473633

-0.982669 0.473633
-0.982605 0.473685

-0.982605 0.473685
-0.9823 0.473934

-0.9823 0.473935
-0.982296 0.473938

-0.982296 0.473938
-0.981995 0.474184

-0.981995 0.474184
-0.981921 0.474243

-0.981922 0.474243
-0.981689 0.474433

-0.981689 0.474434
-0.981547 0.474548

-0.981549 0.474548
-0.981384 0.474681

-0.981384 0.474682
-0.981174 0.474854

-0.981174 0.474854
-0.981079 0.47493

-0.981079 0.474931
-0.9808 0.475159

-0.980799 0.475159
-0.980774 0.475179

-0.980774 0.47518
-0.980469 0.475429

-0.980469 0.475429
-0.980426 0.475464

-0.980426 0.475464
-0.980164 0.475678

-0.980164 0.475678
-0.980051 0.475769

-0.980052 0.475769
-0.979858 0.475926

-0.979858 0.475927
-0.979677 0.476074

-0.979678 0.476074
-0.979553 0.476174

-0.979553 0.476176
-0.979303 0.476379

-0.979302 0.476379
-0.979248 0.476423

-0.979248 0.476424
-0.978943 0.476673

-0.978943 0.476673
-0.978928 0.476685

-0.978929 0.476685
-0.978638 0.476922

-0.978638 0.476922
-0.978554 0.47699

-0.978554 0.47699
-0.978333 0.47717

-0.978333 0.477171
-0.978178 0.477295

-0.978181 0.477295
-0.978027 0.477417

-0.978027 0.477419
-0.977805 0.4776

-0.977804 0.4776
-0.977722 0.477666

-0.977722 0.477667
-0.97743 0.477905

-0.977429 0.477905
-0.977417 0.477915

-0.977417 0.477916
-0.977112 0.478164

-0.977112 0.478164
-0.977055 0.47821

-0.977055 0.47821
-0.976807 0.478413

-0.976807 0.478413
-0.976679 0.478516

-0.976681 0.478516
-0.976501 0.47866

-0.976501 0.478662
-0.976305 0.478821

-0.976305 0.478821
-0.976196 0.478908

-0.976196 0.478909
-0.97593 0.479126

-0.975929 0.479126
-0.975891 0.479157

-0.975891 0.479158
-0.975586 0.479406

-0.975586 0.479406
-0.975555 0.479431

-0.975555 0.479431
-0.975281 0.479654

-0.975281 0.479654
-0.975179 0.479736

-0.97518 0.479736
-0.974976 0.479902

-0.974976 0.479903
-0.974804 0.480042

-0.974805 0.480042
-0.97467 0.480149

-0.97467 0.48015
-0.974429 0.480347

-0.974428 0.480347
-0.974365 0.480398

-0.974365 0.480398
-0.97406 0.480646

-0.97406 0.480646
-0.974053 0.480652

-0.974053 0.480652
-0.973755 0.480894

-0.973755 0.480895
-0.973677 0.480957

-0.973678 0.480957
-0.97345 0.481142

-0.97345 0.481143
-0.973301 0.481262

-0.973303 0.481262
-0.973145 0.481389

-0.973145 0.48139
-0.972926 0.481567

-0.972926 0.481567
-0.972839 0.481637

-0.972839 0.481638
-0.972551 0.481873

-0.97255 0.481873
-0.972534 0.481885

-0.972534 0.481886
-0.972229 0.482134

-0.972229 0.482134
-0.972174 0.482178

-0.972175 0.482178
-0.971924 0.482381

-0.971924 0.482382
-0.971798 0.482483

-0.971799 0.482483
-0.971619 0.482628

-0.971619 0.482629
-0.971422 0.482788

-0.971423 0.482788
-0.971313 0.482876

-0.971313 0.482877
-0.971046 0.483093

-0.971046 0.483093
-0.971008 0.483123

-0.971008 0.483124
-0.970703 0.483372

-0.970703 0.483372
-0.97067 0.483398

-0.97067 0.483398
-0.970398 0.483619

-0.970398 0.48362
-0.970293 0.483704

-0.970294 0.483704
-0.970093 0.483866

-0.970093 0.483868
-0.969917 0.484009

-0.969918 0.484009
-0.969788 0.484113

-0.969788 0.484114
-0.969541 0.484314

-0.96954 0.484314
-0.969482 0.484361

-0.969482 0.484361
-0.969177 0.484609

-0.969177 0.484609
-0.969164 0.484619

-0.969164 0.484619
-0.968872 0.484856

-0.968872 0.484856
-0.968787 0.484924

-0.968788 0.484924
-0.968567 0.485103

-0.968567 0.485104
-0.96841 0.485229

-0.968412 0.485229
-0.968262 0.485349

-0.968262 0.485351
-0.968035 0.485535

-0.968034 0.485535
-0.967957 0.485597

-0.967957 0.485598
-0.967657 0.48584

-0.967657 0.48584
-0.967651 0.485844

-0.967651 0.485845
-0.967346 0.486092

-0.967346 0.486092
-0.96728 0.486145

-0.967281 0.486145
-0.967041 0.486339

-0.967041 0.48634
-0.966902 0.48645

-0.966904 0.48645
-0.966736 0.486585

-0.966736 0.486586
-0.966527 0.486755

-0.966526 0.486755
-0.966431 0.486832

-0.966431 0.486833
-0.966149 0.487061

-0.966149 0.487061
-0.966125 0.487079

-0.966125 0.48708
-0.96582 0.487327

-0.96582 0.487327
-0.965772 0.487366

-0.965772 0.487366
-0.965515 0.487573

-0.965515 0.487574
-0.965394 0.487671

-0.965395 0.487671
-0.96521 0.48782

-0.96521 0.487821
-0.965017 0.487976

-0.965017 0.487976
-0.964905 0.488066

-0.964905 0.488067
-0.96464 0.488281

-0.964639 0.488281
-0.9646 0.488313

-0.9646 0.488314
-0.964294 0.48856

-0.964294 0.48856
-0.964262 0.488586

-0.964262 0.488586
-0.963989 0.488807

-0.963989 0.488807
-0.963884 0.488892

-0.963885 0.488892
-0.963684 0.489053

-0.963684 0.489054
-0.963506 0.489197

-0.963507 0.489197
-0.963379 0.489299

-0.963379 0.4893
-0.963129 0.489502

-0.963128 0.489502
-0.963074 0.489546

-0.963074 0.489547
-0.962769 0.489793

-0.962769 0.489793
-0.962751 0.489807

-0.962751 0.489807
-0.962463 0.490039

-0.962463 0.49004
-0.962373 0.490112

-0.962373 0.490112
-0.962158 0.490286

-0.962158 0.490287
-0.961994 0.490417

-0.961996 0.490417
-0.961853 0.490531

-0.961853 0.490532
-0.961617 0.490723

-0.961617 0.490723
-0.961548 0.490778

-0.961548 0.490778
-0.961243 0.491025

-0.961243 0.491025
-0.961239 0.491028

-0.961239 0.491028
-0.960938 0.491271

-0.960938 0.491271
-0.96086 0.491333

-0.960861 0.491333
-0.960632 0.491517

-0.960632 0.491518
-0.960481 0.491638

-0.960483 0.491638
-0.960327 0.491762

-0.960327 0.491763
-0.960104 0.491943

-0.960103 0.491943
-0.960022 0.492008

-0.960022 0.492009
-0.959725 0.492249

-0.959725 0.492249
-0.959717 0.492255

-0.959717 0.492255
-0.959412 0.492501

-0.959412 0.492502
-0.959346 0.492554

-0.959347 0.492554
-0.959106 0.492747

-0.959106 0.492748
-0.958967 0.492859

-0.958969 0.492859
-0.958801 0.492992

-0.958801 0.492994
-0.958589 0.493164

-0.958589 0.493164
-0.958496 0.493238

-0.958496 0.493239
-0.958211 0.493469

-0.95821 0.493469
-0.958191 0.493484

-0.958191 0.493485
-0.957886 0.493731

-0.957886 0.493731
-0.957831 0.493774

-0.957832 0.493774
-0.957581 0.493977

-0.957581 0.493977
-0.957452 0.49408

-0.957453 0.49408
-0.957275 0.494222

-0.957275 0.494223
-0.957074 0.494385

-0.957074 0.494385
-0.95697 0.494467

-0.95697 0.494468
-0.956695 0.49469

-0.956694 0.49469
-0.956665 0.494713

-0.956665 0.494714
-0.95636 0.494959

-0.95636 0.494959
-0.956315 0.494995

-0.956315 0.494995
-0.956055 0.495205

-0.956055 0.495206
-0.955935 0.4953

-0.955937 0.4953
-0.95575 0.49545

-0.95575 0.495451
-0.955557 0.495605

-0.955557 0.495605
-0.955444 0.495695

-0.955444 0.495696
-0.955177 0.495911

-0.955177 0.495911
-0.955139 0.495941

-0.955139 0.495941
-0.954834 0.496187

-0.954834 0.496187
-0.954798 0.496216

-0.954798 0.496216
-0.954529 0.496432

-0.954529 0.496433
-0.954417 0.496521

-0.954419 0.496521
-0.954224 0.496677

-0.954224 0.496678
-0.954038 0.496826

-0.954039 0.496826
-0.953918 0.496922

-0.953918 0.496923
-0.953659 0.497131

-0.953658 0.497131
-0.953613 0.497167

-0.953613 0.497168
-0.953308 0.497413

-0.953308 0.497413
-0.953279 0.497437

-0.953279 0.497437
-0.953003 0.497658

-0.953003 0.497659
-0.952898 0.497742

-0.952899 0.497742
-0.952698 0.497903

-0.952698 0.497904
-0.952519 0.498047

-0.95252 0.498047
-0.952393 0.498147

-0.952393 0.498149
-0.952139 0.498352

-0.952139 0.498352
-0.952087 0.498393

-0.952087 0.498394
-0.951782 0.498639

-0.951782 0.498639
-0.951759 0.498657

-0.951759 0.498657
-0.951477 0.498884

-0.951477 0.498884
-0.951378 0.498962

-0.951379 0.498962
-0.951172 0.499128

-0.951172 0.499129
-0.950998 0.499268

-0.950999 0.499268
-0.950867 0.499372

-0.950867 0.499374
-0.950618 0.499573

-0.950618 0.499573
-0.950562 0.499618

-0.950562 0.499618
-0.950256 0.499863

-0.950256 0.499863
-0.950238 0.499878

-0.950238 0.499878
-0.949951 0.500108

-0.949951 0.500108
-0.949857 0.500183

-0.949858 0.500183
-0.949646 0.500353

-0.949646 0.500353
-0.949476 0.500488

-0.949478 0.500488
-0.949341 0.500596

-0.949341 0.500597
-0.949096 0.500793

-0.949096 0.500793
-0.949036 0.500841

-0.949036 0.500842
-0.94873 0.501087

-0.94873 0.501087
-0.948716 0.501099

-0.948716 0.501099
-0.948425 0.501331

-0.948425 0.501332
-0.948334 0.501404

-0.948335 0.501404
-0.94812 0.501576

-0.94812 0.501577
-0.947953 0.501709

-0.947955 0.501709
-0.947815 0.501819

-0.947815 0.50182
-0.947573 0.502014

-0.947573 0.502014
-0.94751 0.502064

-0.94751 0.502065
-0.947205 0.502309

-0.947205 0.502309
-0.947192 0.502319

-0.947192 0.502319
-0.946899 0.502554

-0.946899 0.502554
-0.94681 0.502625

-0.946811 0.502625
-0.946594 0.502798

-0.946594 0.502799
-0.946429 0.50293

-0.946431 0.50293
-0.946289 0.503041

-0.946289 0.503042
-0.946049 0.503235

-0.946048 0.503235
-0.945984 0.503286

-0.945984 0.503287
-0.945679 0.503531

-0.945679 0.503531
-0.945667 0.50354

-0.945667 0.50354
-0.945374 0.503775

-0.945374 0.503775
-0.945285 0.503845

-0.945286 0.503845
-0.945068 0.504019

-0.945068 0.50402
-0.944904 0.50415

-0.944906 0.50415
-0.944763 0.504262

-0.944763 0.504264
-0.944523 0.504456

-0.944522 0.504456
-0.944458 0.504507

-0.944458 0.504507
-0.944153 0.504752

-0.944153 0.504752
-0.944141 0.504761

-0.944141 0.504761
-0.943848 0.504996

-0.943848 0.504996
-0.943759 0.505066

-0.94376 0.505066
-0.943542 0.50524

-0.943542 0.50524
-0.943377 0.505371

-0.943379 0.505371
-0.943237 0.505482

-0.943237 0.505484
-0.942996 0.505676

-0.942996 0.505676
-0.942932 0.505727

-0.942932 0.505727
-0.942627 0.505971

-0.942627 0.505971
-0.942614 0.505981

-0.942614 0.505981
-0.942322 0.506215

-0.942322 0.506215
-0.942232 0.506287

-0.942232 0.506287
-0.942017 0.506459

-0.942017 0.50646
-0.94185 0.506592

-0.941851 0.506592
-0.941711 0.506701

-0.941711 0.506703
-0.941468 0.506897

-0.941468 0.506897
-0.941406 0.506946

-0.941406 0.506946
-0.941101 0.50719

-0.941101 0.50719
-0.941086 0.507202

-0.941086 0.507202
-0.940796 0.507434

-0.940796 0.507434
-0.940703 0.507507

-0.940704 0.507507
-0.940491 0.507677

-0.940491 0.507678
-0.940321 0.507812

-0.940322 0.507812
-0.940186 0.50792

-0.940186 0.507921
-0.939939 0.508118

-0.939938 0.508118
-0.93988 0.508164

-0.93988 0.508164
-0.939575 0.508408

-0.939575 0.508408
-0.939556 0.508423

-0.939557 0.508423
-0.93927 0.508651

-0.93927 0.508652
-0.939173 0.508728

-0.939174 0.508728
-0.938965 0.508895

-0.938965 0.508896
-0.938791 0.509033

-0.938792 0.509033
-0.93866 0.509137

-0.93866 0.509138
-0.938409 0.509338

-0.938408 0.509338
-0.938354 0.509381

-0.938354 0.509382
-0.938049 0.509625

-0.938049 0.509625
-0.938026 0.509644

-0.938026 0.509644
-0.937744 0.509868

-0.937744 0.509869
-0.937642 0.509949

-0.937643 0.509949
-0.937439 0.510111

-0.937439 0.510112
-0.93726 0.510254

-0.937261 0.510254
-0.937134 0.510354

-0.937134 0.510355
-0.936877 0.510559

-0.936877 0.510559
-0.936829 0.510597

-0.936829 0.510598
-0.936523 0.510841

-0.936523 0.510841
-0.936494 0.510864

-0.936494 0.510864
-0.936218 0.511084

-0.936218 0.511085
-0.93611 0.511169

-0.936111 0.511169
-0.935913 0.511327

-0.935913 0.511328
-0.935728 0.511475

-0.935728 0.511475
-0.935608 0.511569

-0.935608 0.51157
-0.935345 0.51178

-0.935344 0.51178
-0.935303 0.511812

-0.935303 0.511813
-0.934998 0.512056

-0.934998 0.512056
-0.934961 0.512085

-0.934961 0.512085
-0.934692 0.512299

-0.934692 0.5123
-0.934577 0.51239

-0.934578 0.51239
-0.934387 0.512542

-0.934387 0.512542
-0.934194 0.512695

-0.934195 0.512695
-0.934082 0.512784

-0.934082 0.512785
-0.933811 0.513

-0.93381 0.513
-0.933777 0.513027

-0.933777 0.513028
-0.933472 0.51327

-0.933472 0.513271
-0.933427 0.513306

-0.933427 0.513306
-0.933167 0.513513

-0.933167 0.513514
-0.933043 0.513611

-0.933044 0.513611
-0.932861 0.513755

-0.932861 0.513756
-0.93266 0.513916

-0.93266 0.513916
-0.932556 0.513998

-0.932556 0.513999
-0.932276 0.514221

-0.932275 0.514221
-0.932251 0.514241

-0.932251 0.514241
-0.931946 0.514484

-0.931946 0.514484
-0.931892 0.514526

-0.931892 0.514526
-0.931641 0.514726

-0.931641 0.514727
-0.931507 0.514832

-0.931509 0.514832
-0.931335 0.514968

-0.931335 0.514969
-0.931124 0.515137

-0.931124 0.515137
-0.93103 0.51521

-0.93103 0.515211
-0.93074 0.515442

-0.930739 0.515442
-0.930725 0.515453

-0.930725 0.515454
-0.93042 0.515696

-0.93042 0.515696
-0.930356 0.515747

-0.930356 0.515747
-0.930115 0.515939

-0.930115 0.51594
-0.92997 0.516052

-0.929973 0.516052
-0.92981 0.51618

-0.92981 0.516181
-0.929588 0.516357

-0.929587 0.516357
-0.929504 0.516422

-0.929504 0.516423
-0.929203 0.516663

-0.929203 0.516663
-0.929199 0.516665

-0.929199 0.516666
-0.928894 0.516908

-0.928894 0.516908
-0.928818 0.516968

-0.928819 0.516968
-0.928589 0.51715

-0.928589 0.517151
-0.928433 0.517273

-0.928435 0.517273
-0.928284 0.517391

-0.928284 0.517392
-0.92805 0.517578

-0.928049 0.517578
-0.927979 0.517634

-0.927979 0.517634
-0.927673 0.517877

-0.927673 0.517877
-0.927665 0.517883

-0.927665 0.517883
-0.927368 0.518119

-0.927368 0.518119
-0.92728 0.518188

-0.92728 0.518188
-0.927063 0.518361

-0.927063 0.518361
-0.926895 0.518494

-0.926896 0.518494
-0.926758 0.518601

-0.926758 0.518603
-0.926511 0.518799

-0.92651 0.518799
-0.926453 0.518844

-0.926453 0.518845
-0.926147 0.519087

-0.926147 0.519087
-0.926125 0.519104

-0.926126 0.519104
-0.925842 0.519329

-0.925842 0.519329
-0.92574 0.519409

-0.925741 0.519409
-0.925537 0.51957

-0.925537 0.519571
-0.925355 0.519714

-0.925356 0.519714
-0.925232 0.519811

-0.925232 0.519812
-0.92497 0.52002

-0.92497 0.52002
-0.924927 0.520053

-0.924927 0.520054
-0.924622 0.520296

-0.924622 0.520296
-0.924585 0.520325

-0.924585 0.520325
-0.924316 0.520538

-0.924316 0.520538
-0.924199 0.52063

-0.9242 0.52063
-0.924011 0.520779

-0.924011 0.52078
-0.923815 0.520935

-0.923815 0.520935
-0.923706 0.52102

-0.923706 0.521021
-0.923429 0.52124

-0.923428 0.52124
-0.923401 0.521262

-0.923401 0.521263
-0.923096 0.521504

-0.923096 0.521504
-0.923043 0.521545

-0.923044 0.521545
-0.922791 0.521746

-0.922791 0.521747
-0.922657 0.521851

-0.922659 0.521851
-0.922485 0.521987

-0.922485 0.521987
-0.922273 0.522156

-0.922272 0.522156
-0.92218 0.522228

-0.92218 0.522229
-0.921887 0.522461

-0.921886 0.522461
-0.921875 0.52247

-0.921875 0.52247
-0.92157 0.522712

-0.92157 0.522712
-0.921501 0.522766

-0.921501 0.522766
-0.921265 0.522953

-0.921265 0.522954
-0.921114 0.523071

-0.921116 0.523071
-0.920959 0.523194

-0.920959 0.523195
-0.920729 0.523376

-0.920729 0.523376
-0.920654 0.523435

-0.920654 0.523436
-0.920349 0.523677

-0.920349 0.523677
-0.920343 0.523682

-0.920343 0.523682
-0.920044 0.523918

-0.920044 0.523919
-0.919957 0.523987

-0.919957 0.523987
-0.919739 0.52416

-0.919739 0.52416
-0.919571 0.524292

-0.919572 0.524292
-0.919434 0.5244

-0.919434 0.524401
-0.919185 0.524597

-0.919185 0.524597
-0.919128 0.524641

-0.919128 0.524642
-0.918823 0.524883

-0.918823 0.524883
-0.918799 0.524902

-0.918799 0.524902
-0.918518 0.525124

-0.918518 0.525125
-0.918412 0.525208

-0.918413 0.525208
-0.918213 0.525365

-0.918213 0.525366
-0.918026 0.525513

-0.918027 0.525513
-0.917908 0.525605

-0.917908 0.525606
-0.91764 0.525818

-0.917639 0.525818
-0.917603 0.525847

-0.917603 0.525847
-0.917297 0.526088

-0.917297 0.526088
-0.917253 0.526123

-0.917253 0.526123
-0.916992 0.526329

-0.916992 0.52633
-0.916866 0.526428

-0.916867 0.526428
-0.916687 0.52657

-0.916687 0.52657
-0.91648 0.526733

-0.91648 0.526733
-0.916382 0.52681

-0.916382 0.526811
-0.916093 0.527039

-0.916093 0.527039
-0.916077 0.527051

-0.916077 0.527052
-0.915771 0.527293

-0.915771 0.527293
-0.915706 0.527344

-0.915707 0.527344
-0.915466 0.527533

-0.915466 0.527534
-0.915319 0.527649

-0.915321 0.527649
-0.915161 0.527773

-0.915161 0.527774
-0.914933 0.527954

-0.914933 0.527954
-0.914856 0.528014

-0.914856 0.528015
-0.914551 0.528255

-0.914551 0.528255
-0.914546 0.528259

-0.914546 0.528259
-0.914246 0.528496

-0.914246 0.528496
-0.914158 0.528564

-0.914159 0.528564
-0.91394 0.528737

-0.91394 0.528737
-0.913771 0.52887

-0.913773 0.52887
-0.913635 0.528976

-0.913635 0.528977
-0.913385 0.529175

-0.913384 0.529175
-0.91333 0.529217

-0.91333 0.529218
-0.913025 0.529458

-0.913025 0.529458
-0.912997 0.52948

-0.912997 0.52948
-0.91272 0.529699

-0.91272 0.529699
-0.912609 0.529785

-0.91261 0.529785
-0.912415 0.529939

-0.912415 0.52994
-0.912223 0.53009

-0.912223 0.53009
-0.912109 0.530179

-0.912109 0.53018
-0.911835 0.530396

-0.911835 0.530396
-0.911804 0.530419

-0.911804 0.53042
-0.911499 0.53066

-0.911499 0.530661
-0.911448 0.530701

-0.911448 0.530701
-0.911194 0.530901

-0.911194 0.530902
-0.911059 0.531006

-0.911061 0.531006
-0.910889 0.531141

-0.910889 0.531141
-0.910673 0.531311

-0.910673 0.531311
-0.910583 0.53138

-0.910583 0.531381
-0.910285 0.531616

-0.910285 0.531616
-0.910278 0.531621

-0.910278 0.531622
-0.909973 0.531862

-0.909973 0.531862
-0.909897 0.531921

-0.909897 0.531921
-0.909668 0.532102

-0.909668 0.532103
-0.909509 0.532227

-0.909511 0.532227
-0.909363 0.532341

-0.909363 0.532342
-0.909122 0.532532

-0.909121 0.532532
-0.909058 0.532581

-0.909058 0.532582
-0.908752 0.532822

-0.908752 0.532822
-0.908734 0.532837

-0.908734 0.532837
-0.908447 0.533062

-0.908447 0.533063
-0.908345 0.533142

-0.908346 0.533142
-0.908142 0.533302

-0.908142 0.533303
-0.907958 0.533447

-0.907958 0.533447
-0.907837 0.533541

-0.907837 0.533542
-0.90757 0.533752

-0.907569 0.533752
-0.907532 0.533781

-0.907532 0.533782
-0.907227 0.534022

-0.907227 0.534022
-0.907181 0.534058

-0.907181 0.534058
-0.906921 0.534262

-0.906921 0.534263
-0.906792 0.534363

-0.906794 0.534363
-0.906616 0.534501

-0.906616 0.534502
-0.906405 0.534668

-0.906405 0.534668
-0.906311 0.534741

-0.906311 0.534742
-0.906016 0.534973

-0.906016 0.534973
-0.906006 0.534981

-0.906006 0.534981
-0.905701 0.535221

-0.905701 0.535221
-0.905627 0.535278

-0.905628 0.535278
-0.905396 0.535461

-0.905396 0.535462
-0.905239 0.535583

-0.90524 0.535583
-0.90509 0.5357

-0.90509 0.535701
-0.904851 0.535889

-0.90485 0.535889
-0.904785 0.535939

-0.904785 0.53594
-0.90448 0.53618

-0.90448 0.53618
-0.904462 0.536194

-0.904462 0.536194
-0.904175 0.536419

-0.904175 0.53642
-0.904073 0.536499

-0.904074 0.536499
-0.90387 0.536659

-0.90387 0.536659
-0.903685 0.536804

-0.903685 0.536804
-0.903564 0.536897

-0.903564 0.536899
-0.903296 0.537109

-0.903295 0.537109
-0.903259 0.537137

-0.903259 0.537138
-0.902954 0.537378

-0.902954 0.537378
-0.902907 0.537415

-0.902907 0.537415
-0.902649 0.537617

-0.902649 0.537618
-0.902517 0.53772

-0.902519 0.53772
-0.902344 0.537856

-0.902344 0.537857
-0.902129 0.538025

-0.902129 0.538025
-0.902039 0.538095

-0.902039 0.538096
-0.90174 0.53833

-0.901739 0.53833
-0.901733 0.538335

-0.901733 0.538335
-0.901428 0.538574

-0.901428 0.538575
-0.90135 0.538635

-0.901351 0.538635
-0.901123 0.538814

-0.901123 0.538814
-0.900961 0.53894

-0.900963 0.53894
-0.900818 0.539052

-0.900818 0.539053
-0.900572 0.539246

-0.900572 0.539246
-0.900513 0.539291

-0.900513 0.539292
-0.900208 0.539531

-0.900208 0.539532
-0.900183 0.539551

-0.900183 0.539551
-0.899902 0.539771

-0.899902 0.539771
-0.899793 0.539856

-0.899794 0.539856
-0.899597 0.54001

-0.899597 0.54001
-0.899404 0.540161

-0.899404 0.540161
-0.899292 0.540248

-0.899292 0.540249
-0.899015 0.540466

-0.899014 0.540466
-0.898987 0.540487

-0.898987 0.540488
-0.898682 0.540727

-0.898682 0.540727
-0.898625 0.540771

-0.898625 0.540771
-0.898376 0.540966

-0.898376 0.540967
-0.898234 0.541077

-0.898236 0.541077
-0.898071 0.541204

-0.898071 0.541205
-0.897846 0.541382

-0.897845 0.541382
-0.897766 0.541443

-0.897766 0.541444
-0.897461 0.541683

-0.897461 0.541683
-0.897456 0.541687

-0.897456 0.541687
-0.897156 0.541922

-0.897156 0.541922
-0.897065 0.541992

-0.897066 0.541992
-0.896851 0.542161

-0.896851 0.542161
-0.896676 0.542297

-0.896677 0.542297
-0.896545 0.542398

-0.896545 0.5424
-0.896286 0.542603

-0.896285 0.542603
-0.89624 0.542638

-0.89624 0.542638
-0.895935 0.542877

-0.895935 0.542877
-0.895896 0.542908

-0.895896 0.542908
-0.89563 0.543116

-0.89563 0.543117
-0.895505 0.543213

-0.895506 0.543213
-0.895325 0.543354

-0.895325 0.543355
-0.895116 0.543518

-0.895116 0.543518
-0.89502 0.543592

-0.89502 0.543593
-0.894725 0.543823

-0.894725 0.543823
-0.894714 0.543831

-0.894714 0.543832
-0.894409 0.544071

-0.894409 0.544071
-0.894335 0.544128

-0.894335 0.544128
-0.894104 0.544309

-0.894104 0.54431
-0.893944 0.544434

-0.893946 0.544434
-0.893799 0.544547

-0.893799 0.544548
-0.893555 0.544739

-0.893554 0.544739
-0.893494 0.544785

-0.893494 0.544786
-0.893188 0.545025

-0.893188 0.545025
-0.893164 0.545044

-0.893164 0.545044
-0.892883 0.545263

-0.892883 0.545264
-0.892772 0.545349

-0.892774 0.545349
-0.892578 0.545502

-0.892578 0.545502
-0.892383 0.545654

-0.892383 0.545654
-0.892273 0.545739

-0.892273 0.54574
-0.891992 0.545959

-0.891992 0.545959
-0.891968 0.545978

-0.891968 0.545979
-0.891663 0.546217

-0.891663 0.546217
-0.891601 0.546265

-0.891602 0.546265
-0.891357 0.546455

-0.891357 0.546456
-0.89121 0.54657

-0.891212 0.54657
-0.891052 0.546693

-0.891052 0.546694
-0.89082 0.546875

-0.89082 0.546875
-0.890747 0.546931

-0.890747 0.546932
-0.890442 0.54717

-0.890442 0.54717
-0.890429 0.54718

-0.890429 0.54718
-0.890137 0.547408

-0.890137 0.547409
-0.890037 0.547485

-0.890038 0.547485
-0.889832 0.547647

-0.889832 0.547647
-0.889647 0.547791

-0.889648 0.547791
-0.889526 0.547884

-0.889526 0.547885
-0.889256 0.548096

-0.889255 0.548096
-0.889221 0.548122

-0.889221 0.548123
-0.888916 0.548361

-0.888916 0.548361
-0.888865 0.548401

-0.888865 0.548401
-0.888611 0.548599

-0.888611 0.5486
-0.888472 0.548706

-0.888474 0.548706
-0.888306 0.548837

-0.888306 0.548837
-0.888083 0.549011

-0.888082 0.549011
-0.888 0.549074

-0.888 0.549075
-0.887695 0.549313

-0.887695 0.549313
-0.887691 0.549316

-0.887691 0.549316
-0.88739 0.549551

-0.88739 0.549551
-0.887299 0.549622

-0.8873 0.549622
-0.887085 0.549789

-0.887085 0.549789
-0.886908 0.549927

-0.886909 0.549927
-0.88678 0.550026

-0.88678 0.550027
-0.886517 0.550232

-0.886516 0.550232
-0.886475 0.550264

-0.886475 0.550265
-0.886169 0.550503

-0.886169 0.550503
-0.886125 0.550537

-0.886125 0.550537
-0.885864 0.550741

-0.885864 0.550741
-0.885732 0.550842

-0.885734 0.550842
-0.885559 0.550978

-0.885559 0.550978
-0.885342 0.551147

-0.885342 0.551147
-0.885254 0.551215

-0.885254 0.551216
-0.88495 0.551453

-0.88495 0.551453
-0.884949 0.551454

-0.884949 0.551454
-0.884644 0.551692

-0.884644 0.551692
-0.884558 0.551758

-0.884558 0.551758
-0.884338 0.551929

-0.884338 0.55193
-0.884166 0.552063

-0.884168 0.552063
-0.884033 0.552166

-0.884033 0.552167
-0.883775 0.552368

-0.883774 0.552368
-0.883728 0.552404

-0.883728 0.552404
-0.883423 0.552642

-0.883423 0.552642
-0.883382 0.552673

-0.883383 0.552673
-0.883118 0.55288

-0.883118 0.552881
-0.882989 0.552979

-0.882991 0.552979
-0.882812 0.553117

-0.882812 0.553117
-0.882599 0.553284

-0.882599 0.553284
-0.882507 0.553354

-0.882507 0.553355
-0.882206 0.553589

-0.882206 0.553589
-0.882202 0.553592

-0.882202 0.553592
-0.881897 0.55383

-0.881897 0.55383
-0.881814 0.553894

-0.881814 0.553894
-0.881592 0.554067

-0.881592 0.554068
-0.881422 0.554199

-0.881423 0.554199
-0.881287 0.554303

-0.881287 0.554305
-0.88103 0.554504

-0.881029 0.554504
-0.880981 0.554541

-0.880981 0.554542
-0.880676 0.554779

-0.880676 0.554779
-0.880637 0.55481

-0.880637 0.55481
-0.880371 0.555017

-0.880371 0.555017
-0.880244 0.555115

-0.880245 0.555115
-0.880066 0.555254

-0.880066 0.555254
-0.879853 0.55542

-0.879852 0.55542
-0.879761 0.55549

-0.879761 0.555491
-0.87946 0.555725

-0.879459 0.555725
-0.879456 0.555728

-0.879456 0.555728
-0.87915 0.555966

-0.87915 0.555966
-0.879067 0.55603

-0.879067 0.55603
-0.878845 0.556203

-0.878845 0.556203
-0.878674 0.556335

-0.878676 0.556335
-0.87854 0.556439

-0.87854 0.55644
-0.878282 0.556641

-0.878281 0.556641
-0.878235 0.556676

-0.878235 0.556677
-0.87793 0.556914

-0.87793 0.556914
-0.877889 0.556946

-0.877889 0.556946
-0.877625 0.557151

-0.877625 0.557152
-0.877495 0.557251

-0.877497 0.557251
-0.877319 0.557388

-0.877319 0.557388
-0.877103 0.557556

-0.877103 0.557556
-0.877014 0.557624

-0.877014 0.557625
-0.87671 0.557861

-0.87671 0.557861
-0.876709 0.557862

-0.876709 0.557862
-0.876404 0.558099

-0.876404 0.5581
-0.876317 0.558167

-0.876317 0.558167
-0.876099 0.558336

-0.876099 0.558337
-0.875924 0.558472

-0.875925 0.558472
-0.875793 0.558572

-0.875793 0.558573
-0.875531 0.558777

-0.87553 0.558777
-0.875488 0.558809

-0.875488 0.55881
-0.875183 0.559047

-0.875183 0.559047
-0.875138 0.559082

-0.875138 0.559082
-0.874878 0.559284

-0.874878 0.559285
-0.874743 0.559387

-0.874745 0.559387
-0.874573 0.55952

-0.874573 0.559521
-0.874352 0.559692

-0.874351 0.559692
-0.874268 0.559756

-0.874268 0.559757
-0.873962 0.559994

-0.873962 0.559994
-0.873958 0.559998

-0.873958 0.559998
-0.873657 0.560231

-0.873657 0.560231
-0.873564 0.560303

-0.873565 0.560303
-0.873352 0.560468

-0.873352 0.560468
-0.873171 0.560608

-0.873172 0.560608
-0.873047 0.560703

-0.873047 0.560704
-0.872778 0.560913

-0.872777 0.560913
-0.872742 0.56094

-0.872742 0.560941
-0.872437 0.561178

-0.872437 0.561178
-0.872384 0.561218

-0.872384 0.561218
-0.872131 0.561414

-0.872131 0.561415
-0.871989 0.561523

-0.871991 0.561523
-0.871826 0.56165

-0.871826 0.561651
-0.871597 0.561829

-0.871596 0.561829
-0.871521 0.561886

-0.871521 0.561887
-0.871216 0.562124

-0.871216 0.562124
-0.871203 0.562134

-0.871203 0.562134
-0.870911 0.56236

-0.870911 0.562361
-0.870808 0.562439

-0.870809 0.562439
-0.870605 0.562597

-0.870605 0.562597
-0.870415 0.562744

-0.870416 0.562744
-0.8703 0.562832

-0.8703 0.562833
-0.870021 0.563049

-0.870021 0.563049
-0.869995 0.563069

-0.869995 0.56307
-0.86969 0.563306

-0.86969 0.563306
-0.869627 0.563354

-0.869627 0.563354
-0.869385 0.563542

-0.869385 0.563543
-0.869233 0.56366

-0.869234 0.56366
-0.86908 0.563778

-0.86908 0.563779
-0.86884 0.563965

-0.868839 0.563965
-0.868774 0.564014

-0.868774 0.564015
-0.868469 0.564251

-0.868469 0.564251
-0.868445 0.56427

-0.868445 0.56427
-0.868164 0.564488

-0.868164 0.564488
-0.86805 0.564575

-0.868051 0.564575
-0.867859 0.564724

-0.867859 0.564724
-0.867657 0.56488

-0.867657 0.56488
-0.867554 0.564959

-0.867554 0.56496
-0.867263 0.565186

-0.867262 0.565186
-0.867249 0.565196

-0.867249 0.565196
-0.866943 0.565433

-0.866943 0.565433
-0.866868 0.565491

-0.866868 0.565491
-0.866638 0.565669

-0.866638 0.565669
-0.866473 0.565796

-0.866475 0.565796
-0.866333 0.565904

-0.866333 0.565905
-0.866079 0.566101

-0.866079 0.566101
-0.866028 0.56614

-0.866028 0.566141
-0.865723 0.566377

-0.865723 0.566377
-0.865685 0.566406

-0.865685 0.566406
-0.865417 0.566613

-0.865417 0.566614
-0.865289 0.566711

-0.865291 0.566711
-0.865112 0.566849

-0.865112 0.566849
-0.864896 0.567017

-0.864896 0.567017
-0.864807 0.567084

-0.864807 0.567085
-0.864502 0.567321

-0.864502 0.567321
-0.864501 0.567322

-0.864501 0.567322
-0.864197 0.567557

-0.864197 0.567557
-0.864105 0.567627

-0.864106 0.567627
-0.863892 0.567793

-0.863892 0.567793
-0.863711 0.567932

-0.863712 0.567932
-0.863586 0.568028

-0.863586 0.568029
-0.863317 0.568237

-0.863316 0.568237
-0.863281 0.568264

-0.863281 0.568265
-0.862976 0.568501

-0.862976 0.568501
-0.862921 0.568542

-0.862922 0.568542
-0.862671 0.568736

-0.862671 0.568737
-0.862526 0.568848

-0.862527 0.568848
-0.862366 0.568972

-0.862366 0.568972
-0.862132 0.569153

-0.862132 0.569153
-0.862061 0.569207

-0.862061 0.569208
-0.861755 0.569444

-0.861755 0.569444
-0.861737 0.569458

-0.861737 0.569458
-0.86145 0.569679

-0.86145 0.56968
-0.861341 0.569763

-0.861342 0.569763
-0.861145 0.569915

-0.861145 0.569915
-0.860947 0.570068

-0.860947 0.570068
-0.86084 0.57015

-0.86084 0.570151
-0.860551 0.570374

-0.860551 0.570374
-0.860535 0.570386

-0.860535 0.570386
-0.860229 0.570622

-0.860229 0.570622
-0.860156 0.570679

-0.860156 0.570679
-0.859924 0.570858

-0.859924 0.570858
-0.85976 0.570984

-0.859762 0.570984
-0.859619 0.571092

-0.859619 0.571093
-0.859366 0.571289

-0.859365 0.571289
-0.859314 0.571328

-0.859314 0.571329
-0.859009 0.571564

-0.859009 0.571564
-0.85897 0.571594

-0.85897 0.571594
-0.858704 0.5718

-0.858704 0.571801
-0.858573 0.571899

-0.858575 0.571899
-0.858398 0.572035

-0.858398 0.572036
-0.858179 0.572205

-0.858179 0.572205
-0.858093 0.57227

-0.858093 0.572271
-0.857788 0.572506

-0.857788 0.572506
-0.857784 0.57251

-0.857784 0.57251
-0.857483 0.572742

-0.857483 0.572742
-0.857387 0.572815

-0.857388 0.572815
-0.857178 0.572977

-0.857178 0.572977
-0.856992 0.57312

-0.856993 0.57312
-0.856873 0.573211

-0.856873 0.573212
-0.856597 0.573425

-0.856596 0.573425
-0.856567 0.573447

-0.856567 0.573448
-0.856262 0.573683

-0.856262 0.573683
-0.8562 0.57373

-0.856201 0.57373
-0.855957 0.573918

-0.855957 0.573919
-0.855804 0.574036

-0.855806 0.574036
-0.855652 0.574153

-0.855652 0.574154
-0.855409 0.574341

-0.855409 0.574341
-0.855347 0.574388

-0.855347 0.574389
-0.855042 0.574624

-0.855042 0.574624
-0.855013 0.574646

-0.855013 0.574646
-0.854736 0.574859

-0.854736 0.57486
-0.854616 0.574951

-0.854617 0.574951
-0.854431 0.575094

-0.854431 0.575095
-0.854221 0.575256

-0.854221 0.575256
-0.854126 0.575329

-0.854126 0.57533
-0.853825 0.575562

-0.853825 0.575562
-0.853821 0.575565

-0.853821 0.575565
-0.853516 0.5758

-0.853516 0.5758
-0.853428 0.575867

-0.853429 0.575867
-0.85321 0.576035

-0.85321 0.576035
-0.853033 0.576172

-0.853034 0.576172
-0.852905 0.576269

-0.852905 0.57627
-0.852637 0.576477

-0.852636 0.576477
-0.8526 0.576504

-0.8526 0.576505
-0.852295 0.57674

-0.852295 0.57674
-0.85224 0.576782

-0.85224 0.576782
-0.85199 0.576975

-0.85199 0.576976
-0.851843 0.577087

-0.851845 0.577087
-0.851685 0.57721

-0.851685 0.57721
-0.851448 0.577393

-0.851447 0.577393
-0.851379 0.577444

-0.851379 0.577445
-0.851074 0.57768

-0.851074 0.57768
-0.851051 0.577698

-0.851051 0.577698
-0.850769 0.577915

-0.850769 0.577916
-0.850654 0.578003

-0.850655 0.578003
-0.850464 0.57815

-0.850464 0.57815
-0.850258 0.578308

-0.850259 0.578308
-0.850159 0.578384

-0.850159 0.578385
-0.849862 0.578613

-0.849861 0.578613
-0.849854 0.578619

-0.849854 0.57862
-0.849548 0.578854

-0.849548 0.578855
-0.849464 0.578918

-0.849465 0.578918
-0.849243 0.579089

-0.849243 0.57909
-0.849068 0.579224

-0.849069 0.579224
-0.848938 0.579323

-0.848938 0.579324
-0.848672 0.579529

-0.848671 0.579529
-0.848633 0.579558

-0.848633 0.579559
-0.848328 0.579793

-0.848328 0.579794
-0.848275 0.579834

-0.848275 0.579834
-0.848022 0.580028

-0.848022 0.580029
-0.847877 0.580139

-0.847879 0.580139
-0.847717 0.580262

-0.847717 0.580263
-0.847481 0.580444

-0.847481 0.580444
-0.847412 0.580497

-0.847412 0.580498
-0.847107 0.580732

-0.847107 0.580732
-0.847084 0.58075

-0.847084 0.58075
-0.846802 0.580967

-0.846802 0.580968
-0.846686 0.581055

-0.846688 0.581055
-0.846497 0.581201

-0.846497 0.581202
-0.846291 0.58136

-0.846291 0.58136
-0.846191 0.581435

-0.846191 0.581436
-0.845893 0.581665

-0.845893 0.581665
-0.845886 0.58167

-0.845886 0.581671
-0.845581 0.581905

-0.845581 0.581905
-0.845496 0.58197

-0.845496 0.58197
-0.845276 0.58214

-0.845276 0.58214
-0.845099 0.582275

-0.8451 0.582275
-0.844971 0.582373

-0.844971 0.582374
-0.844702 0.582581

-0.844701 0.582581
-0.844666 0.582608

-0.844666 0.582609
-0.84436 0.582843

-0.84436 0.582843
-0.844304 0.582886

-0.844305 0.582886
-0.844055 0.583078

-0.844055 0.583078
-0.843907 0.583191

-0.843908 0.583191
-0.84375 0.583311

-0.84375 0.583312
-0.84351 0.583496

-0.84351 0.583496
-0.843445 0.583545

-0.843445 0.583546
-0.84314 0.583781

-0.84314 0.583781
-0.843113 0.583801

-0.843113 0.583801
-0.842834 0.584015

-0.842834 0.584016
-0.842714 0.584106

-0.842716 0.584106
-0.842529 0.584249

-0.842529 0.58425
-0.842318 0.584412

-0.842318 0.584412
-0.842224 0.584483

-0.842224 0.584484
-0.84192 0.584717

-0.84192 0.584717
-0.841919 0.584718

-0.841919 0.584718
-0.841614 0.584952

-0.841614 0.584953
-0.841522 0.585022

-0.841523 0.585022
-0.841309 0.585187

-0.841309 0.585187
-0.841125 0.585327

-0.841126 0.585327
-0.841003 0.58542

-0.841003 0.585421
-0.840728 0.585632

-0.840727 0.585632
-0.840698 0.585654

-0.840698 0.585655
-0.840393 0.585889

-0.840393 0.585889
-0.84033 0.585938

-0.84033 0.585938
-0.840088 0.586123

-0.840088 0.586124
-0.839932 0.586243

-0.839933 0.586243
-0.839783 0.586357

-0.839783 0.586358
-0.839535 0.586548

-0.839534 0.586548
-0.839478 0.586591

-0.839478 0.586592
-0.839172 0.586826

-0.839172 0.586826
-0.839137 0.586853

-0.839137 0.586853
-0.838867 0.58706

-0.838867 0.587061
-0.838738 0.587158

-0.838739 0.587158
-0.838562 0.587294

-0.838562 0.587294
-0.838341 0.587463

-0.838341 0.587463
-0.838257 0.587527

-0.838257 0.587528
-0.837952 0.587762

-0.837952 0.587762
-0.837943 0.587769

-0.837943 0.587769
-0.837646 0.587996

-0.837646 0.587997
-0.837544 0.588074

-0.837545 0.588074
-0.837341 0.58823

-0.837341 0.58823
-0.837147 0.588379

-0.837148 0.588379
-0.837036 0.588463

-0.837036 0.588464
-0.836749 0.588684

-0.836749 0.588684
-0.836731 0.588697

-0.836731 0.588698
-0.836426 0.588932

-0.836426 0.588932
-0.83635 0.588989

-0.836351 0.588989
-0.836121 0.589166

-0.836121 0.589166
-0.835952 0.589294

-0.835954 0.589294
-0.835815 0.589399

-0.835815 0.5894
-0.835555 0.5896

-0.835554 0.5896
-0.83551 0.589633

-0.83551 0.589634
-0.835205 0.589867

-0.835205 0.589868
-0.835156 0.589905

-0.835156 0.589905
-0.8349 0.590101

-0.8349 0.590102
-0.834757 0.59021

-0.834759 0.59021
-0.834595 0.590335

-0.834595 0.590335
-0.83436 0.590515

-0.834359 0.590515
-0.83429 0.590568

-0.83429 0.590569
-0.833984 0.590803

-0.833984 0.590803
-0.833961 0.59082

-0.833961 0.59082
-0.833679 0.591037

-0.833679 0.591037
-0.833562 0.591125

-0.833563 0.591125
-0.833374 0.59127

-0.833374 0.59127
-0.833165 0.591431

-0.833165 0.591431
-0.833069 0.591503

-0.833069 0.591504
-0.832766 0.591736

-0.832766 0.591736
-0.832764 0.591738

-0.832764 0.591738
-0.832458 0.591971

-0.832458 0.591972
-0.832367 0.592041

-0.832368 0.592041
-0.832153 0.592205

-0.832153 0.592205
-0.831969 0.592346

-0.83197 0.592346
-0.831848 0.592438

-0.831848 0.592439
-0.83157 0.592651

-0.83157 0.592651
-0.831543 0.592672

-0.831543 0.592672
-0.831238 0.592906

-0.831238 0.592906
-0.831171 0.592957

-0.831172 0.592957
-0.830933 0.59314

-0.830933 0.59314
-0.830773 0.593262

-0.830774 0.593262
-0.830627 0.593373

-0.830627 0.593373
-0.830375 0.593567

-0.830374 0.593567
-0.830322 0.593606

-0.830322 0.593607
-0.830017 0.59384

-0.830017 0.59384
-0.829975 0.593872

-0.829976 0.593872
-0.829712 0.594074

-0.829712 0.594075
-0.829576 0.594177

-0.829577 0.594177
-0.829407 0.594307

-0.829407 0.594308
-0.829178 0.594482

-0.829178 0.594482
-0.829102 0.59454

-0.829102 0.594541
-0.828796 0.594774

-0.828796 0.594774
-0.828779 0.594788

-0.828779 0.594788
-0.828491 0.595008

-0.828491 0.595009
-0.828379 0.595093

-0.82838 0.595093
-0.828186 0.595241

-0.828186 0.595242
-0.827982 0.595398

-0.827982 0.595398
-0.827881 0.595474

-0.827881 0.595475
-0.827582 0.595703

-0.827582 0.595703
-0.827576 0.595708

-0.827576 0.595708
-0.827271 0.595942

-0.827271 0.595942
-0.827183 0.596008

-0.827183 0.596008
-0.826965 0.596175

-0.826965 0.596175
-0.826784 0.596313

-0.826785 0.596313
-0.82666 0.596407

-0.82666 0.596408
-0.826385 0.596619

-0.826385 0.596619
-0.826355 0.596641

-0.826355 0.596642
-0.82605 0.596875

-0.82605 0.596875
-0.825986 0.596924

-0.825986 0.596924
-0.825745 0.597108

-0.825745 0.597109
-0.825586 0.597229

-0.825588 0.597229
-0.825439 0.597341

-0.825439 0.597342
-0.825188 0.597534

-0.825187 0.597534
-0.825134 0.597574

-0.825134 0.597575
-0.824829 0.597808

-0.824829 0.597808
-0.824788 0.597839

-0.824788 0.597839
-0.824524 0.598042

-0.824524 0.598042
-0.824388 0.598145

-0.82439 0.598145
-0.824219 0.598275

-0.824219 0.598275
-0.82399 0.59845

-0.82399 0.59845
-0.823914 0.598507

-0.823914 0.598508
-0.823608 0.598741

-0.823608 0.598741
-0.82359 0.598755

-0.82359 0.598755
-0.823303 0.598974

-0.823303 0.598975
-0.82319 0.59906

-0.823191 0.59906
-0.822998 0.599208

-0.822998 0.599208
-0.822792 0.599365

-0.822792 0.599365
-0.822693 0.59944

-0.822693 0.599441
-0.822392 0.59967

-0.822392 0.59967
-0.822388 0.599674

-0.822388 0.599674
-0.822083 0.599907

-0.822083 0.599907
-0.821992 0.599976

