-1.65596 0.0
-1.65595 0.000610352

-1.65595 0.000610352
-1.65592 0.0012207

-1.65592 0.0012207
-1.65586 0.00183105

-1.65586 0.00183105
-1.65578 0.00244141

-1.65578 0.00244141
-1.65568 0.00305176

-1.65568 0.00305176
-1.65555 0.00366211

-1.65555 0.00366211
-1.65552 0.00380915

-1.65552 0.00380986
-1.6554 0.00427246

-1.6554 0.00427246
-1.65523 0.00488281

-1.65523 0.00488281
-1.65502 0.00549316

-1.65502 0.00549316
-1.65491 0.00580232

-1.65491 0.00580421
-1.65479 0.00610352

-1.65479 0.00610352
-1.65453 0.00671387

-1.65453 0.00671387
-1.6543 0.00720339

-1.6543 0.00720654
-1.65424 0.00732422

-1.65424 0.00732422
-1.65391 0.00793457

-1.65391 0.00793457
-1.65369 0.00830743

-1.65369 0.00830977
-1.65354 0.00854492

-1.65355 0.00854492
-1.65313 0.00915527

-1.65313 0.00915527
-1.65308 0.00923626

-1.65308 0.00923491
-1.65268 0.00976562

-1.65267 0.00976562
-1.65247 0.0100212

-1.65247 0.0100164
-1.65216 0.010376

-1.65216 0.010376
-1.65186 0.0107055

-1.65186 0.0107021
-1.65158 0.0109863

-1.65158 0.0109863
-1.65125 0.0113039

-1.65125 0.0113024
-1.6509 0.0115967

-1.65091 0.0115967
-1.65063 0.0118268

-1.65063 0.0118274
-1.65013 0.012207

-1.65014 0.012207
-1.65002 0.0122889

-1.65002 0.0122887
-1.64941 0.0126951

-1.64941 0.0126897
-1.64919 0.0128174

-1.64921 0.0128174
-1.6488 0.0130513

-1.6488 0.0130472
-1.64819 0.0133557

-1.64819 0.0133504
-1.64802 0.0134277

-1.64803 0.0134277
-1.64758 0.0136233

-1.64758 0.01362
-1.64697 0.0138436

-1.64697 0.0138426
-1.64636 0.0140291

-1.64636 0.0140209
-1.64629 0.0140381

-1.64633 0.0140381
-1.64575 0.0141801

-1.64575 0.0141779
-1.64514 0.0142903

-1.64514 0.0142904
-1.64453 0.0143688

-1.64453 0.0143687
-1.64392 0.0144131

-1.64392 0.014413
-1.64331 0.0144239

-1.64331 0.0144239
-1.6427 0.0144015

-1.6427 0.0144015
-1.64209 0.0143458

-1.64209 0.0143459
-1.64148 0.0142565

-1.64148 0.0142565
-1.64087 0.0141332

-1.64026 0.013978
-1.64049 0.0140381

-1.64087 0.014132
-1.64051 0.0140381

-1.64026 0.0139757
-1.63965 0.0137809

-1.63843 0.0132822
-1.63876 0.0134277

-1.63965 0.0137809
-1.63904 0.0135491

-1.63904 0.0135469
-1.63877 0.0134277

-1.63843 0.0132791
-1.63782 0.0129663

-1.63721 0.0126139
-1.63755 0.0128174

-1.63782 0.0129633
-1.63757 0.0128174

-1.63599 0.011751
-1.6366 0.012207

-1.63477 0.0106503
-1.63511 0.0109863

-1.63538 0.0112367
-1.6358 0.0115967

-1.63599 0.0117427
-1.63581 0.0115967

-1.63538 0.0112283
-1.63511 0.0109863

-1.63721 0.0126096
-1.6366 0.012207

-1.6305 0.0
-1.63052 0.000610352

-1.63052 0.000610352
-1.63055 0.0012207

-1.63055 0.0012207
-1.63061 0.00183105

-1.63061 0.00183105
-1.6307 0.00244141

-1.6311 0.00428808
-1.63129 0.00488281

-1.6307 0.00244141
-1.6308 0.00305176

-1.6308 0.00305176
-1.63094 0.00366211

-1.63094 0.00366211
-1.6311 0.00427246

-1.6311 0.00428774
-1.6311 0.00427246

-1.63232 0.00731355
-1.63233 0.00732422

-1.63354 0.00923021
-1.63397 0.00976562

-1.63293 0.00834729
-1.63306 0.00854492

-1.63233 0.00732422
-1.63267 0.00793457

-1.63293 0.00834721
-1.63267 0.00793457

-1.63306 0.00854492
-1.63349 0.00915527

-1.63354 0.00922534
-1.63349 0.00915527

-1.63171 0.00602569
-1.63175 0.00610352

-1.63129 0.00488281
-1.6315 0.00549316

-1.63171 0.00602563
-1.6315 0.00549316

-1.63174 0.00610352
-1.63202 0.00671387

-1.63232 0.00731353
-1.63202 0.00671387

-1.63416 0.00998355
-1.6345 0.010376

-1.63477 0.0106446
-1.63451 0.010376

-1.63416 0.00998234
-1.63397 0.00976562

-1.61393 0.0
-1.61364 0.000610352

-1.61383 0.000610352
-1.6134 0.000976306

-1.6134 0.000774225
-1.61279 0.0010117

-1.61279 0.000981167
-1.61218 0.000979994

-1.61218 0.000944096
-1.61157 0.000837134

-1.61157 0.00082039
-1.61096 0.000712923

-1.61096 0.00071132
-1.61035 0.000640039

-1.60974 0.000605594
-1.60982 0.000610352

-1.61035 0.000641041
-1.60979 0.000610352

-1.60913 0.000603397
-1.60959 0.000610352

-1.60974 0.000614415
-1.60943 0.000610352

-1.60913 0.000609212
-1.60852 0.00060645

-1.60913 0.000610965
-1.6089 0.000610352

-1.60852 0.000609436
-1.60791 0.000601493

-1.60791 0.000606404
-1.6073 0.000593487

-1.6073 0.000591487
-1.60669 0.000593609

-1.60669 0.000596211
-1.60608 0.000607925

-1.60608 0.000610162
-1.60547 0.000598362

-1.60547 0.000594887
-1.60486 0.000585649

-1.60486 0.000588348
-1.60425 0.000601699

-1.60425 0.000601422
-1.60364 0.000605814

-1.60303 0.000588074
-1.60363 0.000610352

-1.60303 0.000590291
-1.60242 0.000571565

-1.60242 0.000573259
-1.60181 0.000588119

-1.60181 0.000588997
-1.6012 0.000602578

-1.6012 0.0005994
-1.60059 0.00058914

-1.60059 0.000590197
-1.59998 0.000580858

-1.59998 0.000577583
-1.59937 0.00059228

-1.59937 0.000593845
-1.59875 0.000606604

-1.59875 0.000598215
-1.59814 0.000597164

-1.59814 0.000600849
-1.59753 0.000597498

-1.59753 0.000559689
-1.59708 0.000610352

-1.59719 0.000610352
-1.59692 0.000637172

-1.59692 0.000657592
-1.59631 0.000790015

-1.59631 0.000785517
-1.5957 0.000938625

-1.5957 0.000956716
-1.59509 0.00110332

-1.59509 0.00111098
-1.59448 0.00119959

-1.59448 0.0012017
-1.59387 0.00121278

-1.59387 0.00121176
-1.59326 0.00114311

-1.59326 0.00113763
-1.59265 0.00100225

-1.59265 0.000990451
-1.59204 0.000822895

-1.59204 0.000814222
-1.59143 0.000655427

-1.59082 0.000551588
-1.59131 0.000610352

-1.59143 0.000628483
-1.59127 0.000610352

-1.59082 0.000597236
-1.59021 0.000602253

-1.59024 0.000610352
-1.59021 0.000610448

-1.59021 0.000591788
-1.5896 0.000593977

-1.5896 0.000608292
-1.58899 0.000595577

-1.58899 0.000577195
-1.58838 0.00058314

-1.58838 0.000601715
-1.58803 0.000610352

-1.58777 0.000541873
-1.58743 0.000610352

-1.58738 0.000610352
-1.58716 0.000655856

-1.58716 0.000608947
-1.58716 0.000610352

-1.58713 0.000610352
-1.58655 0.001111

-1.58655 0.00116928
-1.58651 0.0012207

-1.58663 0.0012207
-1.58655 0.00133693

-1.58655 0.00133878
-1.5861 0.00183105

-1.58611 0.00183105
-1.58594 0.00197687

-1.58594 0.00197524
-1.58533 0.0023549

-1.58533 0.0023368
-1.58498 0.00244141

-1.5835 0.00243935
-1.58351 0.00244141

-1.585 0.00244141
-1.58472 0.00252608

-1.58472 0.00251934
-1.58411 0.00255211

-1.58411 0.00255547
-1.58351 0.00244141

-1.58289 0.00214945
-1.58347 0.00244141

-1.58228 0.00155604
-1.5825 0.00183105

-1.58289 0.00216519
-1.58248 0.00183105

-1.58174 0.0
-1.58181 0.000610352

-1.58181 0.000610352
-1.58205 0.0012207

-1.58228 0.00156087
-1.58204 0.0012207

-1.5774 0.0
-1.57739 1.34565e-05

-1.57728 0.0
-1.57678 0.000538791

-1.57678 0.000310398
-1.57617 0.000185288

-1.57617 0.000168056
-1.57556 0.000152544

-1.57556 0.000136651
-1.57495 0.000345321

-1.57495 0.000171186
-1.57434 0.000355868

-1.57434 0.000291079
-1.57373 0.000417269

-1.57373 0.000354818
-1.57312 0.000355118

-1.57312 0.000352735
-1.57251 0.000356079

-1.57251 0.0003572
-1.5719 0.000357927

-1.5719 0.000353676
-1.57129 0.000356269

-1.57129 0.000359152
-1.57068 0.000360016

-1.57068 0.000355647
-1.57007 0.000355649

-1.57007 0.000359025
-1.56946 0.000360146

-1.56946 0.000356447
-1.56885 0.000356602

-1.56885 0.000359746
-1.56824 0.000359667

-1.56824 0.00035659
-1.56763 0.000356334

-1.56763 0.000359396
-1.56702 0.000359617

-1.56702 0.000356811
-1.56641 0.000356459

-1.56641 0.000359865
-1.5658 0.000358596

-1.5658 0.000355878
-1.56519 0.000355408

-1.56519 0.000360477
-1.56458 0.000357251

-1.56458 0.000354608
-1.56396 0.000351652

-1.56396 0.000360216
-1.56335 0.000352921

-1.56335 0.000394142
-1.56274 0.000300853

-1.56274 0.000475728
-1.56213 0.000100881

-1.56213 0.000161667
-1.56152 0.000101164

-1.56152 0.000198889
-1.56091 0.00032402

-1.56091 0.000532002
-1.56048 0.0

-1.55946 0.0
-1.55918 0.000610352

-1.55916 0.000610352
-1.55908 0.000695067

-1.55908 0.000669748
-1.55847 0.00110688

-1.55847 0.00105514
-1.55786 0.00117659

-1.55786 0.00115861
-1.55725 0.00110385

-1.55725 0.0010892
-1.55664 0.000923504

-1.55664 0.000889616
-1.55603 0.000710047

-1.55542 0.00059847
-1.5555 0.000610352

-1.55603 0.000694304
-1.55548 0.000610352

-1.55481 0.000603582
-1.55499 0.000610352

-1.55542 0.000621719
-1.55509 0.000610352

-1.55481 0.000605653
-1.5542 0.000605103

-1.55359 0.000606323
-1.55298 0.000586685

-1.55359 0.000611359
-1.55353 0.000610352

-1.55298 0.000585235
-1.55237 0.000596192

-1.55237 0.00060686
-1.55176 0.000608113

-1.55176 0.000598925
-1.55115 0.000585009

-1.55115 0.000593188
-1.55054 0.000593954

-1.55054 0.000595936
-1.54993 0.00058953

-1.54993 0.000590208
-1.54932 0.000584121

-1.54932 0.00058629
-1.54871 0.000587003

-1.54871 0.000584889
-1.5481 0.000590866

-1.5481 0.000591657
-1.54749 0.00059359

-1.54749 0.000587308
-1.54688 0.000592313

-1.54688 0.000598293
-1.54626 0.000596964

-1.54626 0.000593605
-1.54565 0.000583358

-1.54565 0.000591151
-1.54504 0.000583614

-1.54504 0.000578775
-1.54443 0.000583115

-1.54443 0.000584103
-1.54382 0.000599341

-1.54382 0.000602005
-1.54321 0.000590362

-1.54321 0.000586056
-1.5426 0.000574101

-1.5426 0.000573528
-1.54199 0.000594929

-1.54199 0.000598043
-1.54138 0.000604918

-1.54138 0.000596317
-1.54077 0.00058589

-1.54077 0.00059091
-1.54016 0.000591197

-1.54016 0.000585507
-1.53955 0.000597276

-1.53955 0.000607745
-1.53894 0.0005979

-1.53894 0.000585573
-1.53833 0.00057752

-1.53833 0.000593427
-1.53772 0.000596111

-1.53772 0.000584472
-1.53711 0.00058399

-1.53711 0.000594548
-1.5365 0.000594026

-1.5365 0.000587845
-1.53589 0.000579573

-1.53589 0.000526208
-1.53552 0.000610352

-1.5354 0.000610352
-1.53528 0.000636047

-1.53528 0.000670677
-1.53467 0.000995286

-1.53467 0.00105731
-1.5344 0.0012207

-1.53438 0.0012207
-1.53406 0.0014167

-1.53406 0.00143903
-1.53345 0.00170491

-1.53345 0.00170915
-1.53284 0.0018275

-1.53284 0.00182833
-1.53223 0.001789

-1.53101 0.00101441
-1.53116 0.0012207

-1.53223 0.00179857
-1.53162 0.00158076

-1.53162 0.00163607
-1.53109 0.0012207

-1.53063 0.0
-1.53075 0.000610352

-1.53101 0.00108523
-1.53071 0.000610352

-1.5145 0.0
-1.51404 0.000610352

-1.51392 0.00048192
-1.51355 0.000610352

-1.51333 0.000610352
-1.51331 0.000615283

-1.51331 0.000566002
-1.5127 0.00056857

-1.51302 0.000610352
-1.5127 0.000611024

-1.5127 0.000574441
-1.51208 0.000575057

-1.51147 0.000461909
-1.51182 0.000610352

-1.51208 0.000615038
-1.51206 0.000610352

-1.51094 0.0
-1.51138 0.000610352

-1.51147 0.00062625
-1.51144 0.000610352

-1.51086 8.5237e-05
-1.51069 0.0

-1.51011 0.0
-1.50964 0.000587878

-1.50964 0.000563882
-1.50903 0.00015013

-1.50903 0.000179961
-1.50897 0.0

-1.39062 0.0388886
-1.39068 0.0390625

-1.39068 0.0390625
-1.39076 0.0393677

-1.39076 0.0393677
-1.39084 0.0396729

-1.39093 0.0400176
-1.39099 0.0402832

-1.39084 0.0396729
-1.39092 0.039978

-1.39093 0.0400177
-1.39092 0.039978

-1.39124 0.04149
-1.39124 0.0415039

-1.39099 0.0402832
-1.39106 0.0405884

-1.39106 0.0405884
-1.39112 0.0408936

-1.39112 0.0408936
-1.39118 0.0411987

-1.39124 0.04149
-1.39118 0.0411987

-1.39124 0.0415039
-1.39129 0.0418091

-1.39129 0.0418091
-1.39134 0.0421143

-1.39134 0.0421143
-1.39138 0.0424194

-1.39138 0.0424194
-1.39142 0.0427246

-1.39142 0.0427246
-1.39145 0.0430298

-1.39145 0.0430298
-1.39148 0.043335

-1.39148 0.043335
-1.39151 0.0436401

-1.39151 0.0436401
-1.39154 0.0439453

-1.39154 0.0439972
-1.39156 0.0442505

-1.39156 0.0442505
-1.39158 0.0445557

-1.39154 0.0439966
-1.39154 0.0439453

-1.39158 0.0445557
-1.39159 0.0448608

-1.39159 0.0448608
-1.3916 0.045166

-1.3916 0.045166
-1.39161 0.0454712

-1.39161 0.0454712
-1.39161 0.0457764

-1.39161 0.0457764
-1.39162 0.0460815

-1.39162 0.0460815
-1.39161 0.0463867

-1.39161 0.0463867
-1.39161 0.0466919

-1.39161 0.0466919
-1.3916 0.0469971

-1.3916 0.0469971
-1.39159 0.0473022

-1.39159 0.0473022
-1.39158 0.0476074

-1.39158 0.0476074
-1.39156 0.0479126

-1.39156 0.0479126
-1.39154 0.0482178

-1.39154 0.0482178
-1.39154 0.0482713

-1.39154 0.0482703
-1.39152 0.0485229

-1.39152 0.0485229
-1.3915 0.0488281

-1.3915 0.0488281
-1.39147 0.0491333

-1.39147 0.0491333
-1.39144 0.0494385

-1.39144 0.0494385
-1.39141 0.0497437

-1.39141 0.0497437
-1.39138 0.0500488

-1.39138 0.0500488
-1.39134 0.050354

-1.39134 0.050354
-1.3913 0.0506592

-1.3913 0.0506592
-1.39126 0.0509644

-1.39126 0.0509644
-1.39124 0.0511394

-1.39124 0.051139
-1.39122 0.0512695

-1.39122 0.0512695
-1.39117 0.0515747

-1.39117 0.0515747
-1.39112 0.0518799

-1.39112 0.0518799
-1.39107 0.0521851

-1.39107 0.0521851
-1.39102 0.0524902

-1.39102 0.0524902
-1.39096 0.0527954

-1.39096 0.0527954
-1.39093 0.0529761

-1.39093 0.0529758
-1.39091 0.0531006

-1.39091 0.0531006
-1.39085 0.0534058

-1.39085 0.0534058
-1.39079 0.0537109

-1.39079 0.0537109
-1.39072 0.0540161

-1.39072 0.0540161
-1.39066 0.0543213

-1.39066 0.0543213
-1.39062 0.054468

-1.38422 0.0290301
-1.38451 0.0292969

-1.38391 0.0287619
-1.38417 0.0289917

-1.38422 0.0290303
-1.38417 0.0289917

-1.38361 0.0285021
-1.38382 0.0286865

-1.3833 0.0282502
-1.38346 0.0283813

-1.38361 0.0285005
-1.38346 0.0283813

-1.38391 0.0287618
-1.38382 0.0286865

-1.38116 0.0266527
-1.38146 0.0268555

-1.38086 0.0264461
-1.38101 0.0265503

-1.38116 0.0266523
-1.38101 0.0265503

-1.383 0.0280033
-1.38309 0.0280762

-1.38269 0.0277631
-1.3827 0.027771

-1.383 0.0280024
-1.3827 0.027771

-1.38208 0.0273026
-1.3823 0.0274658

-1.38269 0.0277631
-1.38239 0.0275299

-1.38239 0.0275293
-1.3823 0.0274658

-1.3833 0.0282482
-1.38309 0.0280762

-1.38177 0.0270819
-1.38189 0.0271606

-1.38208 0.0273021
-1.38189 0.0271606

-1.38177 0.0270805
-1.38147 0.026864

-1.38147 0.026864
-1.38146 0.0268555

-1.38849 0.0340838
-1.38855 0.0341797

-1.38818 0.0335994
-1.38836 0.0338745

-1.38849 0.0340842
-1.38836 0.0338745

-1.38574 0.0305108
-1.38575 0.0305176

-1.38666 0.0315396
-1.38682 0.0317383

-1.38635 0.0311832
-1.38657 0.0314331

-1.38666 0.0315406
-1.38657 0.0314331

-1.38605 0.0308404
-1.3863 0.0311279

-1.38575 0.0305176
-1.38603 0.0308228

-1.38605 0.0308404
-1.38603 0.0308228

-1.38635 0.0311832
-1.3863 0.0311279

-1.38757 0.0327124
-1.38775 0.032959

-1.38727 0.0323028
-1.3873 0.0323486

-1.38696 0.0319117
-1.38707 0.0320435

-1.38727 0.0323026
-1.38707 0.0320435

-1.3873 0.0323486
-1.38753 0.0326538

-1.38757 0.0327129
-1.38753 0.0326538

-1.38788 0.0331435
-1.38796 0.0332642

-1.38796 0.0332642
-1.38816 0.0335693

-1.38788 0.0331444
-1.38775 0.032959

-1.38818 0.0336
-1.38816 0.0335693

-1.38696 0.0319136
-1.38682 0.0317383

-1.3894 0.0357543
-1.38953 0.0360107

-1.38971 0.0364096
-1.3898 0.0366211

-1.38953 0.0360107
-1.38967 0.0363159

-1.38971 0.0364099
-1.38967 0.0363159

-1.38879 0.0346007
-1.3889 0.03479

-1.3891 0.0351547
-1.38923 0.0354004

-1.3889 0.03479
-1.38907 0.0350952

-1.3891 0.035155
-1.38907 0.0350952

-1.38855 0.0341797
-1.38873 0.0344849

-1.38879 0.0346009
-1.38873 0.0344849

-1.38923 0.0354004
-1.38938 0.0357056

-1.3894 0.0357545
-1.38938 0.0357056

-1.39001 0.0371338
-1.39005 0.0372314

-1.39005 0.0372314
-1.39017 0.0375366

-1.39017 0.0375366
-1.39028 0.0378418

-1.3898 0.0366211
-1.38993 0.0369263

-1.39001 0.0371338
-1.38993 0.0369263

-1.39032 0.0379485
-1.39039 0.038147

-1.39039 0.038147
-1.39049 0.0384521

-1.39032 0.0379487
-1.39028 0.0378418

-1.39049 0.0384521
-1.39059 0.0387573

-1.39062 0.0388888
-1.39059 0.0387573

-1.38513 0.0298884
-1.38515 0.0299072

-1.38544 0.0301944
-1.38545 0.0302124

-1.38574 0.030511
-1.38546 0.0302124

-1.38544 0.0301941
-1.38515 0.0299072

-1.38483 0.0295925
-1.38484 0.0296021

-1.38513 0.0298879
-1.38484 0.0296021

-1.38483 0.0295926
-1.38452 0.0293068

-1.38452 0.0293072
-1.38451 0.0292969

-1.3772 0.024269
-1.37747 0.0244141

-1.37689 0.0241081
-1.37689 0.0241089

-1.3772 0.0242687
-1.37689 0.0241089

-1.37689 0.0241085
-1.37659 0.0239506

-1.37628 0.0237953
-1.3763 0.0238037

-1.37628 0.0237953
-1.37598 0.0236424

-1.37659 0.0239503
-1.3763 0.0238037

-1.38055 0.0262434
-1.38056 0.0262451

-1.38055 0.0262438
-1.38025 0.026046

-1.38086 0.0264456
-1.38056 0.0262451

-1.37994 0.0258524
-1.38008 0.0259399

-1.38025 0.0260455
-1.38008 0.0259399

-1.37994 0.025852
-1.37964 0.0256622

-1.37933 0.0254765
-1.37959 0.0256348

-1.37903 0.0252948
-1.37909 0.0253296

-1.37933 0.0254762
-1.37909 0.0253296

-1.37842 0.0249401
-1.37856 0.0250244

-1.37903 0.0252942
-1.37872 0.0251154

-1.37872 0.025115
-1.37857 0.0250244

-1.37964 0.025662
-1.37959 0.0256348

-1.37842 0.0249398
-1.37811 0.0247675

-1.37781 0.0245986
-1.37803 0.0247192

-1.37811 0.0247674
-1.37803 0.0247192

-1.37781 0.0245983
-1.3775 0.0244321

-1.3775 0.0244321
-1.37747 0.0244141

-1.37476 0.023054
-1.37505 0.0231934

-1.37567 0.0234918
-1.37569 0.0234985

-1.37598 0.023642
-1.37569 0.0234985

-1.37567 0.0234919
-1.37537 0.0233437

-1.37537 0.0233434
-1.37506 0.0231974

-1.37506 0.0231975
-1.37505 0.0231934

-1.37476 0.0230538
-1.37445 0.022912

-1.37415 0.0227726
-1.3744 0.0228882

-1.37445 0.0229119
-1.3744 0.0228882

-1.37354 0.0224991
-1.37372 0.022583

-1.37415 0.0227724
-1.37384 0.0226347

-1.37384 0.0226345
-1.37372 0.022583

-1.37201 0.0218466
-1.37231 0.0219727

-1.37201 0.0218464
-1.3717 0.0217207

-1.3714 0.021597
-1.37157 0.0216675

-1.3717 0.0217206
-1.37157 0.0216675

-1.3714 0.0215969
-1.37109 0.0214743

-1.37354 0.022499
-1.37323 0.0223649

-1.37292 0.022233
-1.37303 0.0222778

-1.37323 0.0223647
-1.37303 0.0222778

-1.37292 0.0222329
-1.37262 0.0221023

-1.37262 0.0221021
-1.37231 0.0219734

-1.37231 0.0219735
-1.37231 0.0219727

-1.3656 0.0194868
-1.36573 0.0195312

-1.3656 0.0194867
-1.3653 0.0193865

-1.3653 0.0193864
-1.36499 0.0192872

-1.36469 0.0191891
-1.3648 0.0192261

-1.36499 0.0192871
-1.3648 0.0192261

-1.36469 0.019189
-1.36438 0.0190915

-1.36377 0.0188994
-1.36384 0.0189209

-1.36438 0.0190915
-1.36407 0.0189949

-1.36407 0.0189948
-1.36384 0.0189209

-1.36377 0.0188993
-1.36346 0.0188044

-1.36346 0.0188044
-1.36316 0.0187102

-1.36316 0.0187102
-1.36285 0.018617

-1.36255 0.0185247
-1.36285 0.0186157

-1.36285 0.0186171
-1.36285 0.0186157

-1.36163 0.0182519
-1.36183 0.0183105

-1.36163 0.0182519
-1.36133 0.0181624

-1.36255 0.0185246
-1.36224 0.0184329

-1.36224 0.0184328
-1.36194 0.0183419

-1.36194 0.0183419
-1.36183 0.0183105

-1.36133 0.0181623
-1.36102 0.0180736

-1.36072 0.0179857
-1.36079 0.0180054

-1.36102 0.0180735
-1.36079 0.0180054

-1.36072 0.0179857
-1.36041 0.0178983

-1.36041 0.0178983
-1.36011 0.0178116

-1.3595 0.0176405
-1.35971 0.0177002

-1.36011 0.0178116
-1.3598 0.0177256

-1.3598 0.0177256
-1.35971 0.0177002

-1.3595 0.0176404
-1.35919 0.0175557

-1.35919 0.0175557
-1.35889 0.0174716

-1.35736 0.017061
-1.35747 0.0170898

-1.35736 0.0170609
-1.35706 0.0169805

-1.35706 0.0169805
-1.35675 0.0169007

-1.35675 0.0169007
-1.35645 0.0168215

-1.35858 0.0173884
-1.35861 0.017395

-1.35889 0.0174716
-1.35861 0.017395

-1.35858 0.0173884
-1.35828 0.0173056

-1.35828 0.0173055
-1.35797 0.0172233

-1.35797 0.0172233
-1.35767 0.0171418

-1.35767 0.0171418
-1.35747 0.0170898

-1.35614 0.0167429
-1.3563 0.0167847

-1.35645 0.0168215
-1.3563 0.0167847

-1.35614 0.0167428
-1.35583 0.0166646

-1.35583 0.0166646
-1.35553 0.016587

-1.35553 0.016587
-1.35522 0.01651

-1.35492 0.0164336
-1.3551 0.0164795

-1.35492 0.0164336
-1.35461 0.0163575

-1.35522 0.01651
-1.3551 0.0164795

-1.35461 0.0163575
-1.35431 0.016282

-1.35431 0.016282
-1.354 0.0162071

-1.3537 0.0161326
-1.35387 0.0161743

-1.354 0.0162071
-1.35387 0.0161743

-1.3537 0.0161326
-1.35339 0.0160586

-1.35339 0.0160585
-1.35309 0.015985

-1.35309 0.0159851
-1.35278 0.0159121

-1.35248 0.0158397
-1.3526 0.0158691

-1.35248 0.0158396
-1.35217 0.0157675

-1.35217 0.0157675
-1.35187 0.0156959

-1.35187 0.0156959
-1.35156 0.0156248

-1.35278 0.0159121
-1.3526 0.0158691

-1.37079 0.0213535
-1.37081 0.0213623

-1.37079 0.0213534
-1.37048 0.0212338

-1.37109 0.0214741
-1.37081 0.0213623

-1.37048 0.0212337
-1.37018 0.0211153

-1.36987 0.0209987
-1.37003 0.0210571

-1.37018 0.0211152
-1.37003 0.0210571

-1.36896 0.0206558
-1.36922 0.020752

-1.36896 0.0206557
-1.36865 0.0205438

-1.36987 0.0209986
-1.36957 0.020883

-1.36957 0.0208829
-1.36926 0.0207686

-1.36926 0.0207686
-1.36922 0.020752

-1.36835 0.0204334
-1.36838 0.0204468

-1.36865 0.0205437
-1.36838 0.0204468

-1.36835 0.0204333
-1.36804 0.0203239

-1.36743 0.0201083
-1.36753 0.0201416

-1.36804 0.0203237
-1.36774 0.0202153

-1.36774 0.0202152
-1.36753 0.0201416

-1.36743 0.0201082
-1.36713 0.0200021

-1.36713 0.020002
-1.36682 0.0198968

-1.36652 0.019793
-1.36664 0.0198364

-1.36682 0.0198967
-1.36664 0.0198364

-1.36652 0.0197929
-1.36621 0.0196898

-1.36621 0.0196897
-1.36591 0.0195876

-1.36591 0.0195876
-1.36574 0.0195312

-1.39062 0.0544677
-1.39059 0.0546265

-1.39059 0.0546265
-1.39052 0.0549316

-1.39052 0.0549316
-1.39045 0.0552368

-1.39045 0.0552368
-1.39038 0.055542

-1.39038 0.055542
-1.39032 0.0557686

-1.39032 0.0557684
-1.3903 0.0558472

-1.3903 0.0558472
-1.39022 0.0561523

-1.39022 0.0561523
-1.39014 0.0564575

-1.39014 0.0564575
-1.39006 0.0567627

-1.39006 0.0567627
-1.39001 0.0569426

-1.39001 0.0569424
-1.38998 0.0570679

-1.38998 0.0570679
-1.3899 0.057373

-1.3899 0.057373
-1.38981 0.0576782

-1.38981 0.0576782
-1.38972 0.0579834

-1.38972 0.0579834
-1.38971 0.0580263

-1.38971 0.0580259
-1.38963 0.0582886

-1.38963 0.0582886
-1.38954 0.0585938

-1.38954 0.0585938
-1.38945 0.0588989

-1.38945 0.0588989
-1.3894 0.0590389

-1.3894 0.0590386
-1.38935 0.0592041

-1.38935 0.0592041
-1.38926 0.0595093

-1.38926 0.0595093
-1.38916 0.0598145

-1.38916 0.0598145
-1.3891 0.0599962

-1.3891 0.059996
-1.38906 0.0601196

-1.38906 0.0601196
-1.38896 0.0604248

-1.38896 0.0604248
-1.38885 0.06073

-1.38885 0.06073
-1.38879 0.0609076

-1.38879 0.0609074
-1.38875 0.0610352

-1.38875 0.0610352
-1.38864 0.0613403

-1.38864 0.0613403
-1.38854 0.0616455

-1.38854 0.0616455
-1.38849 0.0617806

-1.38849 0.0617803
-1.38843 0.0619507

-1.38843 0.0619507
-1.38832 0.0622559

-1.38832 0.0622559
-1.38821 0.062561

-1.38821 0.062561
-1.38818 0.0626208

-1.38818 0.0626204
-1.38809 0.0628662

-1.38809 0.0628662
-1.38798 0.0631714

-1.38798 0.0631714
-1.38788 0.0634318

-1.38788 0.0634317
-1.38786 0.0634766

-1.38786 0.0634766
-1.38774 0.0637817

-1.38774 0.0637817
-1.38762 0.0640869

-1.38762 0.0640869
-1.38757 0.0642178

-1.38757 0.0642176
-1.3875 0.0643921

-1.3875 0.0643921
-1.38738 0.0646973

-1.38738 0.0646973
-1.38727 0.0649816

-1.38727 0.0649817
-1.38726 0.0650024

-1.38726 0.0650024
-1.38714 0.0653076

-1.38714 0.0653076
-1.38701 0.0656128

-1.38701 0.0656128
-1.38696 0.0657252

-1.38696 0.065725
-1.38688 0.065918

-1.38688 0.065918
-1.38675 0.0662231

-1.38675 0.0662231
-1.38666 0.0664508

-1.38666 0.0664507
-1.38662 0.0665283

-1.38662 0.0665283
-1.38649 0.0668335

-1.38649 0.0668335
-1.38636 0.0671387

-1.38636 0.0671387
-1.38635 0.0671606

-1.38635 0.0671602
-1.38623 0.0674438

-1.38623 0.0674438
-1.38609 0.067749

-1.38609 0.067749
-1.38605 0.0678544

-1.38605 0.0678542
-1.38596 0.0680542

-1.38596 0.0680542
-1.38582 0.0683594

-1.38582 0.0683594
-1.38574 0.0685349

-1.38574 0.0685347
-1.38568 0.0686646

-1.38568 0.0686646
-1.38554 0.0689697

-1.38554 0.0689697
-1.38544 0.0692028

-1.38544 0.0692027
-1.3854 0.0692749

-1.3854 0.0692749
-1.38526 0.0695801

-1.38526 0.0695801
-1.38513 0.069859

-1.38513 0.069859
-1.38512 0.0698853

-1.38512 0.0698853
-1.38498 0.0701904

-1.38498 0.0701904
-1.38483 0.0704956

-1.38483 0.0704956
-1.38483 0.0705047

-1.38483 0.0705043
-1.38468 0.0708008

-1.38468 0.0708008
-1.38454 0.071106

-1.38454 0.071106
-1.38452 0.0711396

-1.38452 0.0711393
-1.38439 0.0714111

-1.38439 0.0714111
-1.38424 0.0717163

-1.38424 0.0717163
-1.38422 0.0717651

-1.38422 0.0717648
-1.38409 0.0720215

-1.38409 0.0720215
-1.38394 0.0723267

-1.38394 0.0723267
-1.38391 0.0723817

-1.38391 0.0723815
-1.38379 0.0726318

-1.38379 0.0726318
-1.38363 0.072937

-1.38363 0.072937
-1.38361 0.0729901

-1.38361 0.0729898
-1.38348 0.0732422

-1.38348 0.0732422
-1.38332 0.0735474

-1.38332 0.0735474
-1.3833 0.0735905

-1.3833 0.0735902
-1.38317 0.0738525

-1.38317 0.0738525
-1.38301 0.0741577

-1.38301 0.0741577
-1.383 0.0741835

-1.383 0.0741832
-1.38285 0.0744629

-1.38285 0.0744629
-1.38269 0.0747681

-1.38269 0.0747681
-1.38269 0.0747697

-1.38269 0.0747692
-1.38253 0.0750732

-1.38253 0.0750732
-1.38239 0.0753484

-1.38239 0.0753484
-1.38237 0.0753784

-1.38237 0.0753784
-1.38221 0.0756836

-1.38221 0.0756836
-1.38208 0.0759212

-1.38208 0.0759211
-1.38204 0.0759888

-1.38204 0.0759888
-1.38188 0.0762939

-1.38188 0.0762939
-1.38177 0.076488

-1.38177 0.0764879
-1.38171 0.0765991

-1.38171 0.0765991
-1.38155 0.0769043

-1.38155 0.0769043
-1.38147 0.0770491

-1.38147 0.077049
-1.38138 0.0772095

-1.38138 0.0772095
-1.38121 0.0775146

-1.38121 0.0775146
-1.38116 0.0776049

-1.38116 0.0776046
-1.38105 0.0778198

-1.38105 0.0778198
-1.38088 0.078125

-1.34698 0.0146099
-1.34717 0.0146484

-1.34698 0.0146098
-1.34668 0.0145454

-1.35126 0.0155542
-1.3513 0.015564

-1.35156 0.0156249
-1.3513 0.015564

-1.35126 0.0155542
-1.35095 0.0154839

-1.35095 0.0154839
-1.35065 0.015414

-1.35065 0.015414
-1.35034 0.0153447

-1.34973 0.0152075
-1.34996 0.0152588

-1.35034 0.0153448
-1.35004 0.0152759

-1.35004 0.015276
-1.34996 0.0152588

-1.34973 0.0152074
-1.34943 0.0151393

-1.34943 0.0151393
-1.34912 0.0150717

-1.34912 0.0150717
-1.34882 0.0150046

-1.34851 0.0149378
-1.34858 0.0149536

-1.34882 0.0150046
-1.34858 0.0149536

-1.34851 0.0149378
-1.34821 0.0148713

-1.34821 0.0148713
-1.3479 0.0148052

-1.3479 0.0148052
-1.3476 0.0147397

-1.3476 0.0147398
-1.34729 0.0146747

-1.34729 0.0146747
-1.34717 0.0146484

-1.34668 0.0145453
-1.34637 0.0144813

-1.34637 0.0144813
-1.34607 0.0144178

-1.34607 0.0144179
-1.34576 0.0143546

-1.34546 0.0142916
-1.34571 0.0143433

-1.34576 0.0143546
-1.34571 0.0143433

-1.34546 0.0142916
-1.34515 0.014229

-1.34515 0.0142289
-1.34485 0.0141668

-1.34485 0.0141668
-1.34454 0.0141051

-1.34454 0.0141052
-1.34424 0.0140438

-1.34393 0.0139827
-1.34421 0.0140381

-1.34393 0.0139827
-1.34363 0.0139219

-1.34424 0.0140439
-1.34421 0.0140381

-1.34363 0.0139218
-1.34332 0.0138615

-1.34332 0.0138615
-1.34302 0.0138016

-1.34302 0.0138017
-1.34271 0.013742

-1.34241 0.0136826
-1.34267 0.0137329

-1.34271 0.0137421
-1.34267 0.0137329

-1.34241 0.0136825
-1.3421 0.0136234

-1.3421 0.0136234
-1.3418 0.0135647

-1.34088 0.0133911
-1.34108 0.0134277

-1.34088 0.013391
-1.34058 0.0133336

-1.3418 0.0135648
-1.34149 0.0135066

-1.34149 0.0135067
-1.34119 0.0134488

-1.34119 0.0134488
-1.34108 0.0134277

-1.34058 0.0133336
-1.34027 0.0132766

-1.34027 0.0132766
-1.33997 0.01322

-1.33997 0.0132201
-1.33966 0.0131638

-1.33936 0.0131077
-1.33944 0.0131226

-1.33966 0.0131639
-1.33944 0.0131226

-1.33936 0.0131077
-1.33905 0.0130518

-1.33905 0.0130518
-1.33875 0.0129962

-1.33875 0.0129962
-1.33844 0.0129411

-1.33844 0.0129411
-1.33813 0.0128865

-1.33752 0.0127778
-1.33775 0.0128174

-1.33813 0.0128865
-1.33783 0.0128321

-1.33783 0.0128322
-1.33775 0.0128174

-1.33752 0.0127778
-1.33722 0.0127238

-1.33722 0.0127238
-1.33691 0.0126701

-1.33691 0.0126701
-1.33661 0.0126169

-1.33661 0.0126169
-1.3363 0.0125641

-1.336 0.0125113
-1.336 0.0125122

-1.3363 0.0125641
-1.336 0.0125122

-1.336 0.0125113
-1.33569 0.0124587

-1.33569 0.0124587
-1.33539 0.0124064

-1.33539 0.0124063
-1.33508 0.0123544

-1.33508 0.0123544
-1.33478 0.012303

-1.33478 0.0123031
-1.33447 0.0122519

-1.33417 0.0122009
-1.3342 0.012207

-1.33417 0.0122009
-1.33386 0.0121501

-1.33386 0.0121501
-1.33356 0.0120995

-1.33356 0.0120995
-1.33325 0.0120493

-1.33325 0.0120493
-1.33295 0.0119995

-1.33295 0.0119996
-1.33264 0.0119501

-1.33234 0.0119007
-1.33234 0.0119019

-1.33264 0.0119501
-1.33234 0.0119019

-1.33234 0.0119006
-1.33203 0.0118513

-1.33447 0.012252
-1.3342 0.012207

-1.33203 0.0118513
-1.33173 0.0118022

-1.33173 0.0118022
-1.33142 0.0117535

-1.33142 0.0117535
-1.33112 0.0117053

-1.33112 0.0117053
-1.33081 0.0116574

-1.3302 0.011562
-1.33042 0.0115967

-1.33081 0.0116575
-1.33051 0.0116098

-1.33051 0.0116098
-1.33042 0.0115967

-1.3302 0.011562
-1.3299 0.0115146

-1.3299 0.0115146
-1.32959 0.0114674

-1.32959 0.0114674
-1.32928 0.0114206

-1.32928 0.0114207
-1.32898 0.0113743

-1.32898 0.0113743
-1.32867 0.0113281

-1.32837 0.0112819
-1.32843 0.0112915

-1.32867 0.0113282
-1.32843 0.0112915

-1.32837 0.0112819
-1.32806 0.0112358

-1.32806 0.0112358
-1.32776 0.0111901

-1.32776 0.0111901
-1.32745 0.0111446

-1.32745 0.0111446
-1.32715 0.0110996

-1.32623 0.0109661
-1.32637 0.0109863

-1.32623 0.0109661
-1.32593 0.0109218

-1.32715 0.0110997
-1.32684 0.011055

-1.32684 0.0110551
-1.32654 0.0110106

-1.32654 0.0110106
-1.32637 0.0109863

-1.32593 0.0109218
-1.32562 0.0108778

-1.32562 0.0108778
-1.32532 0.0108341

-1.32532 0.0108341
-1.32501 0.0107908

-1.32501 0.0107908
-1.32471 0.0107478

-1.32471 0.0107478
-1.3244 0.0107049

-1.3241 0.0106619
-1.32423 0.0106812

-1.3244 0.0107049
-1.32423 0.0106812

-1.3241 0.0106618
-1.32379 0.010619

-1.32379 0.010619
-1.32349 0.0105765

-1.32349 0.0105765
-1.32318 0.0105343

-1.32318 0.0105343
-1.32288 0.0104924

-1.32288 0.0104924
-1.32257 0.010451

-1.32257 0.010451
-1.32227 0.0104097

-1.31708 0.00973634
-1.31731 0.00976562

-1.31708 0.00973633
-1.31677 0.00969844

-1.31677 0.00969845
-1.31647 0.00966083

-1.31647 0.00966082
-1.31616 0.00962343

-1.31616 0.00962341
-1.31586 0.00958632

-1.31586 0.00958634
-1.31555 0.00954954

-1.31555 0.00954958
-1.31525 0.00951296

-1.31525 0.00951302
-1.31494 0.00947639

-1.31464 0.00943959
-1.31481 0.00946045

-1.31494 0.00947643
-1.31481 0.00946045

-1.31464 0.00943958
-1.31433 0.00940301

-1.31433 0.00940301
-1.31403 0.00936671

-1.31403 0.00936672
-1.31372 0.00933067

-1.31372 0.00933064
-1.31342 0.00929489

-1.31342 0.0092949
-1.31311 0.00925948

-1.31311 0.00925951
-1.31281 0.00922437

-1.31281 0.00922441
-1.3125 0.00918942

-1.32196 0.0103684
-1.32202 0.010376

-1.32196 0.0103684
-1.32166 0.0103272

-1.32227 0.0104098
-1.32202 0.010376

-1.32166 0.0103272
-1.32135 0.0102863

-1.32135 0.0102863
-1.32104 0.0102456

-1.32104 0.0102456
-1.32074 0.0102052

-1.32074 0.0102052
-1.32043 0.0101652

-1.32043 0.0101652
-1.32013 0.0101254

-1.32013 0.0101255
-1.31982 0.0100857

-1.31952 0.0100458
-1.31971 0.0100708

-1.31982 0.0100857
-1.31971 0.0100708

-1.31952 0.0100458
-1.31921 0.0100061

-1.31921 0.0100061
-1.31891 0.00996678

-1.31891 0.00996677
-1.3186 0.00992771

-1.3186 0.00992769
-1.3183 0.00988899

-1.3183 0.00988902
-1.31799 0.00985067

-1.31799 0.00985071
-1.31769 0.00981259

-1.31769 0.00981265
-1.31738 0.00977454

-1.31738 0.00977459
-1.31731 0.00976562

-1.38088 0.078125
-1.38086 0.0781555

-1.38086 0.0781551
-1.38071 0.0784302

-1.38071 0.0784302
-1.38055 0.0787005

-1.38055 0.0787004
-1.38053 0.0787354

-1.38053 0.0787354
-1.38036 0.0790405

-1.38036 0.0790405
-1.38025 0.079241

-1.38025 0.0792409
-1.38019 0.0793457

-1.38019 0.0793457
-1.38002 0.0796509

-1.38002 0.0796509
-1.37994 0.079777

-1.37994 0.0797768
-1.37984 0.0799561

-1.37984 0.0799561
-1.37967 0.0802612

-1.37967 0.0802612
-1.37964 0.0803088

-1.37964 0.0803085
-1.37949 0.0805664

-1.37949 0.0805664
-1.37933 0.0808358

-1.37933 0.0808357
-1.37931 0.0808716

-1.37931 0.0808716
-1.37913 0.0811768

-1.37913 0.0811768
-1.37903 0.081359

-1.37903 0.0813589
-1.37896 0.0814819

-1.37896 0.0814819
-1.37878 0.0817871

-1.37878 0.0817871
-1.37872 0.0818784

-1.37872 0.0818782
-1.3786 0.0820923

-1.3786 0.0820923
-1.37842 0.0823939

-1.37842 0.0823938
-1.37842 0.0823975

-1.37842 0.0823975
-1.37823 0.0827026

-1.37823 0.0827026
-1.37811 0.0829056

-1.37811 0.0829055
-1.37805 0.0830078

-1.37805 0.0830078
-1.37787 0.083313

-1.37787 0.083313
-1.37781 0.0834141

-1.37781 0.0834139
-1.37768 0.0836182

-1.37768 0.0836182
-1.3775 0.083919

-1.3775 0.0839189
-1.3775 0.0839233

-1.3775 0.0839233
-1.37731 0.0842285

-1.37731 0.0842285
-1.3772 0.0844206

-1.3772 0.0844205
-1.37713 0.0845337

-1.37713 0.0845337
-1.37694 0.0848389

-1.37694 0.0848389
-1.37689 0.0849193

-1.37689 0.084919
-1.37675 0.085144

-1.37675 0.085144
-1.37659 0.0854145

-1.37659 0.0854141
-1.37657 0.0854492

-1.37657 0.0854492
-1.37638 0.0857544

-1.37638 0.0857544
-1.37628 0.0859069

-1.37628 0.0859068
-1.37619 0.0860596

-1.37619 0.0860596
-1.376 0.0863647

-1.376 0.0863647
-1.37598 0.0863971

-1.37598 0.0863965
-1.37581 0.0866699

-1.37581 0.0866699
-1.37567 0.0868832

-1.37567 0.086883
-1.37561 0.0869751

-1.37561 0.0869751
-1.37542 0.0872803

-1.37542 0.0872803
-1.37537 0.0873676

-1.37537 0.0873672
-1.37523 0.0875854

-1.37523 0.0875854
-1.37506 0.0878487

-1.37506 0.0878482
-1.37503 0.0878906

-1.37503 0.0878906
-1.37484 0.0881958

-1.37484 0.0881958
-1.37476 0.0883276

-1.37476 0.0883274
-1.37464 0.088501

-1.37464 0.088501
-1.37445 0.088804

-1.37445 0.088804
-1.37445 0.0888062

-1.37445 0.0888062
-1.37425 0.0891113

-1.37425 0.0891113
-1.37415 0.0892779

-1.37415 0.0892778
-1.37406 0.0894165

-1.37406 0.0894165
-1.37386 0.0897217

-1.37386 0.0897217
-1.37384 0.0897502

-1.37384 0.0897496
-1.37366 0.0900269

-1.37366 0.0900269
-1.37354 0.090219

-1.37354 0.0902188
-1.37346 0.090332

-1.37346 0.090332
-1.37326 0.0906372

-1.37326 0.0906372
-1.37323 0.0906869

-1.37323 0.0906861
-1.37306 0.0909424

-1.37306 0.0909424
-1.37292 0.0911511

-1.37292 0.0911507
-1.37286 0.0912476

-1.37286 0.0912476
-1.37266 0.0915527

-1.37266 0.0915527
-1.37262 0.0916148

-1.37262 0.091614
-1.37246 0.0918579

-1.37246 0.0918579
-1.37231 0.0920749

-1.37231 0.0920744
-1.37226 0.0921631

-1.37226 0.0921631
-1.37205 0.0924683

-1.37205 0.0924683
-1.37201 0.0925346

-1.37201 0.0925337
-1.37185 0.0927734

-1.37185 0.0927734
-1.3717 0.0929907

-1.3717 0.0929901
-1.37165 0.0930786

-1.37165 0.0930786
-1.37144 0.0933838

-1.37144 0.0933838
-1.3714 0.0934466

-1.3714 0.0934457
-1.37124 0.093689

-1.37124 0.093689
-1.37109 0.0938989

-1.37109 0.0938983
-1.37103 0.0939941

-1.37103 0.0939941
-1.37082 0.0942993

-1.37082 0.0942993
-1.37079 0.0943511

-1.37079 0.0943503
-1.37062 0.0946045

-1.37062 0.0946045
-1.37048 0.0947999

-1.37048 0.0947994
-1.37041 0.0949097

-1.37041 0.0949097
-1.3702 0.0952148

-1.3702 0.0952148
-1.37018 0.0952482

-1.37018 0.0952478
-1.36999 0.09552

-1.36999 0.09552
-1.36987 0.095694

-1.36987 0.0956937
-1.36978 0.0958252

-1.36978 0.0958252
-1.36957 0.0961304

-1.36957 0.0961304
-1.36957 0.0961388

-1.36957 0.0961387
-1.36936 0.0964355

-1.36936 0.0964355
-1.36926 0.0965816

-1.36926 0.0965814
-1.36915 0.0967407

-1.36915 0.0967407
-1.36896 0.097023

-1.36896 0.0970228
-1.36894 0.0970459

-1.36894 0.0970459
-1.36873 0.0973511

-1.36873 0.0973511
-1.36865 0.0974634

-1.36865 0.0974627
-1.36852 0.0976562

-1.36852 0.0976562
-1.36835 0.0979012

-1.36835 0.0979005
-1.36831 0.0979614

-1.36831 0.0979614
-1.36809 0.0982666

-1.36809 0.0982666
-1.36804 0.0983391

-1.36804 0.0983381
-1.36788 0.0985718

-1.36788 0.0985718
-1.36774 0.0987735

-1.36774 0.0987727
-1.36766 0.098877

-1.36766 0.098877
-1.36745 0.0991821

-1.36745 0.0991821
-1.36743 0.0992079

-1.36743 0.0992077
-1.36723 0.0994873

-1.36723 0.0994873
-1.36713 0.0996404

-1.36713 0.09964
-1.36702 0.0997925

-1.36702 0.0997925
-1.36682 0.100072

-1.36682 0.100071
-1.3668 0.100098

-1.3668 0.100098
-1.36659 0.100403

-1.36659 0.100403
-1.36652 0.100503

-1.36652 0.100502
-1.36637 0.100708

-1.36637 0.100708
-1.36621 0.10093

-1.36621 0.100929
-1.36615 0.101013

-1.36615 0.101013
-1.36593 0.101318

-1.36593 0.101318
-1.36591 0.101358

-1.36591 0.101358
-1.36572 0.101624

-1.36572 0.101624
-1.3656 0.101784

-1.3656 0.101784
-1.3655 0.101929

-1.3655 0.101929
-1.3653 0.102209

-1.3653 0.102209
-1.36528 0.102234

-1.36528 0.102234
-1.36506 0.102539

-1.36506 0.102539
-1.36499 0.102634

-1.36499 0.102633
-1.36484 0.102844

-1.36484 0.102844
-1.36469 0.103055

-1.36469 0.103054
-1.36462 0.103149

-1.36462 0.103149
-1.3644 0.103455

-1.3644 0.103455
-1.36438 0.103477

-1.36438 0.103477
-1.36417 0.10376

-1.36417 0.10376
-1.36407 0.103898

-1.36407 0.103897
-1.36395 0.104065

-1.36395 0.104065
-1.36377 0.104316

-1.36377 0.104316
-1.36373 0.10437

-1.36373 0.10437
-1.36351 0.104675

-1.36351 0.104675
-1.36346 0.104735

-1.36346 0.104735
-1.36328 0.10498

-1.36328 0.10498
-1.36316 0.105152

-1.36316 0.105151
-1.36306 0.105286

-1.36306 0.105286
-1.36285 0.105568

-1.36285 0.105567
-1.36284 0.105591

-1.36284 0.105591
-1.36261 0.105896

-1.36261 0.105896
-1.36255 0.105983

-1.36255 0.105983
-1.36239 0.106201

-1.36239 0.106201
-1.36224 0.106396

-1.36224 0.106395
-1.36216 0.106506

-1.36216 0.106506
-1.36194 0.106809

-1.36194 0.10681
-1.36194 0.106812

-1.36194 0.106812
-1.36171 0.107117

-1.36171 0.107117
-1.36163 0.107223

-1.36163 0.107221
-1.36148 0.107422

-1.36148 0.107422
-1.36133 0.107632

-1.36133 0.107631
-1.36126 0.107727

-1.36126 0.107727
-1.36103 0.108032

-1.36103 0.108032
-1.36102 0.108043

-1.36102 0.108043
-1.3608 0.108337

-1.3608 0.108337
-1.36072 0.108453

-1.36072 0.108452
-1.36058 0.108643

-1.36058 0.108643
-1.36041 0.10886

-1.36041 0.108859
-1.36035 0.108948

-1.36035 0.108948
-1.36012 0.109253

-1.36012 0.109253
-1.36011 0.109268

-1.36011 0.109267
-1.35989 0.109558

-1.35989 0.109558
-1.3598 0.109675

-1.3598 0.109674
-1.35966 0.109863

-1.35966 0.109863
-1.3595 0.110079

-1.3595 0.110078
-1.35943 0.110168

-1.35943 0.110168
-1.3592 0.110474

-1.3592 0.110474
-1.35919 0.110484

-1.35919 0.110484
-1.35897 0.110779

-1.35897 0.110779
-1.35889 0.110889

-1.35889 0.110888
-1.35874 0.111084

-1.35874 0.111084
-1.35858 0.111291

-1.35858 0.11129
-1.35851 0.111389

-1.35851 0.111389
-1.35828 0.111693

-1.35828 0.111693
-1.35828 0.111694

-1.35828 0.111694
-1.35804 0.112

-1.35804 0.112
-1.35797 0.112095

-1.35797 0.112095
-1.35781 0.112305

-1.35781 0.112305
-1.35767 0.112495

-1.35767 0.112494
-1.35758 0.11261

-1.35758 0.11261
-1.35736 0.112895

-1.35736 0.112895
-1.35735 0.112915

-1.35735 0.112915
-1.35711 0.11322

-1.35711 0.11322
-1.35706 0.113295

-1.35706 0.113294
-1.35688 0.113525

-1.35688 0.113525
-1.35675 0.113693

-1.35675 0.113691
-1.35665 0.113831

-1.35664 0.113831
-1.35645 0.11409

-1.35645 0.11409
-1.35641 0.114136

-1.35641 0.114136
-1.35618 0.114441

-1.35618 0.114441
-1.35614 0.114487

-1.35614 0.114487
-1.35594 0.114746

-1.35594 0.114746
-1.35583 0.114884

-1.35583 0.114882
-1.35571 0.115051

-1.35571 0.115051
-1.35553 0.115278

-1.35553 0.115278
-1.35547 0.115356

-1.35547 0.115356
-1.35523 0.115662

-1.35523 0.115662
-1.35522 0.115673

-1.35522 0.115673
-1.355 0.115967

-1.355 0.115967
-1.35492 0.116068

-1.35492 0.116067
-1.35476 0.116272

-1.35476 0.116272
-1.35461 0.116461

-1.35461 0.116459
-1.35452 0.116577

-1.35452 0.116577
-1.35431 0.116853

-1.35431 0.116853
-1.35429 0.116882

-1.35429 0.116882
-1.35405 0.117188

-1.35405 0.117188
-1.354 0.117245

-1.354 0.117245
-1.35381 0.117493

-1.35381 0.117493
-1.3537 0.117638

-1.3537 0.117636
-1.35357 0.117798

-1.35357 0.117798
-1.35339 0.118027

-1.35339 0.118027
-1.35333 0.118103

-1.35333 0.118103
-1.3531 0.118408

-1.3531 0.118408
-1.35309 0.118417

-1.35309 0.118417
-1.35286 0.118713

-1.35286 0.118713
-1.35278 0.118807

-1.35278 0.118807
-1.35262 0.119019

-1.35262 0.119019
-1.35248 0.119196

-1.35248 0.119194
-1.35238 0.119324

-1.35238 0.119324
-1.35217 0.119584

-1.35217 0.119583
-1.35214 0.119629

-1.35214 0.119629
-1.3519 0.119934

-1.3519 0.119934
-1.35187 0.119971

-1.35187 0.119971
-1.35166 0.120239

-1.35166 0.120239
-1.35156 0.120359

-1.35156 0.120358
-1.35142 0.120544

-1.35142 0.120544
-1.35126 0.120745

-1.35126 0.120744
-1.35117 0.12085

-1.35117 0.12085
-1.35095 0.12113

-1.35095 0.12113
-1.35093 0.121155

-1.35093 0.121155
-1.35069 0.12146

-1.35069 0.12146
-1.35065 0.121516

-1.35065 0.121516
-1.35045 0.121765

-1.35045 0.121765
-1.35034 0.121902

-1.35034 0.1219
-1.35021 0.12207

-1.35021 0.12207
-1.35004 0.122285

-1.35004 0.122284
-1.34996 0.122375

-1.34996 0.122375
-1.34973 0.122668

-1.34973 0.122668
-1.34972 0.122681

-1.34972 0.122681
-1.34948 0.122986

-1.34948 0.122986
-1.34943 0.123052

-1.34943 0.123051
-1.34924 0.123291

-1.34923 0.123291
-1.34912 0.123435

-1.34912 0.123433
-1.34899 0.123596

-1.34899 0.123596
-1.34882 0.123816

-1.34882 0.123815
-1.34875 0.123901

-1.34875 0.123901
-1.34851 0.124197

-1.34851 0.124197
-1.3485 0.124207

-1.3485 0.124207
-1.34826 0.124512

-1.34826 0.124512
-1.34821 0.124579

-1.34821 0.124578
-1.34801 0.124817

-1.34801 0.124817
-1.3479 0.12496

-1.3479 0.124958
-1.34777 0.125122

-1.34777 0.125122
-1.3476 0.125339

-1.3476 0.125338
-1.34752 0.125427

-1.34752 0.125427
-1.34729 0.125718

-1.34729 0.125718
-1.34728 0.125732

-1.34728 0.125732
-1.34703 0.126038

-1.34703 0.126038
-1.34698 0.126097

-1.34698 0.126097
-1.34679 0.126343

-1.34679 0.126343
-1.34668 0.126477

-1.34668 0.126475
-1.34654 0.126648

-1.34654 0.126648
-1.34637 0.126854

-1.34637 0.126853
-1.34629 0.126953

-1.34629 0.126953
-1.34607 0.127231

-1.34607 0.127231
-1.34605 0.127258

-1.34605 0.127258
-1.3458 0.127563

-1.3458 0.127563
-1.34576 0.127608

-1.34576 0.127608
-1.34555 0.127869

-1.34555 0.127869
-1.34546 0.127986

-1.34546 0.127984
-1.34531 0.128174

-1.34531 0.128174
-1.34515 0.128361

-1.34515 0.12836
-1.34506 0.128479

-1.34506 0.128479
-1.34485 0.128737

-1.34485 0.128736
-1.34481 0.128784

-1.34481 0.128784
-1.34456 0.129089

-1.34456 0.129089
-1.34454 0.129112

-1.34454 0.129112
-1.34431 0.129395

-1.34431 0.129395
-1.34424 0.129487

-1.34424 0.129487
-1.34406 0.1297

-1.34406 0.1297
-1.34393 0.129862

-1.34393 0.12986
-1.34382 0.130005

-1.34382 0.130005
-1.34363 0.130235

-1.34363 0.130235
-1.34357 0.13031

-1.34357 0.13031
-1.34332 0.130609

-1.34332 0.130609
-1.34332 0.130615

-1.34332 0.130615
-1.34307 0.13092

-1.34307 0.13092
-1.34302 0.130982

-1.34302 0.130982
-1.34282 0.131226

-1.34282 0.131226
-1.34271 0.131356

-1.34271 0.131354
-1.34257 0.131531

-1.34257 0.131531
-1.34241 0.131727

-1.34241 0.131726
-1.34232 0.131836

-1.34232 0.131836
-1.3421 0.132099

-1.3421 0.132099
-1.34207 0.132141

-1.34207 0.132141
-1.34182 0.132446

-1.34182 0.132446
-1.3418 0.132471

-1.3418 0.13247
-1.34157 0.132751

-1.34157 0.132751
-1.34149 0.132842

-1.34149 0.132841
-1.34131 0.133057

-1.34131 0.133057
-1.34119 0.133214

-1.34119 0.133211
-1.34106 0.133362

-1.34106 0.133362
-1.34088 0.133583

-1.34088 0.133582
-1.34081 0.133667

-1.34081 0.133667
-1.34058 0.133953

-1.34058 0.133953
-1.34056 0.133972

-1.34056 0.133972
-1.34031 0.134277

-1.34031 0.134277
-1.34027 0.134323

-1.34027 0.134322
-1.34006 0.134583

-1.34006 0.134583
-1.33997 0.134692

-1.33997 0.134691
-1.3398 0.134888

-1.3398 0.134888
-1.33966 0.135062

-1.33966 0.13506
-1.33955 0.135193

-1.33955 0.135193
-1.33936 0.135429

-1.33936 0.135429
-1.3393 0.135498

-1.3393 0.135498
-1.33905 0.135797

-1.33905 0.135797
-1.33905 0.135803

-1.33905 0.135803
-1.33879 0.136108

-1.33879 0.136108
-1.33875 0.136166

-1.33875 0.136165
-1.33854 0.136414

-1.33854 0.136414
-1.33844 0.136534

-1.33844 0.136532
-1.33829 0.136719

-1.33828 0.136719
-1.33813 0.136901

-1.33813 0.136899
-1.33803 0.137024

-1.33803 0.137024
-1.33783 0.137267

-1.33783 0.137267
-1.33778 0.137329

-1.33778 0.137329
-1.33752 0.137633

-1.33752 0.137633
-1.33752 0.137634

-1.33752 0.137634
-1.33727 0.137939

-1.33727 0.137939
-1.33722 0.138

-1.33722 0.137999
-1.33701 0.138245

-1.33701 0.138245
-1.33691 0.138366

-1.33691 0.138365
-1.33676 0.13855

-1.33676 0.13855
-1.33661 0.138732

-1.33661 0.13873
-1.33651 0.138855

-1.33651 0.138855
-1.3363 0.139096

-1.3363 0.139096
-1.33625 0.13916

-1.33625 0.13916
-1.336 0.139461

-1.336 0.139461
-1.33599 0.139465

-1.33599 0.139465
-1.33574 0.139771

-1.33574 0.139771
-1.33569 0.139826

-1.33569 0.139825
-1.33548 0.140076

-1.33548 0.140076
-1.33539 0.140191

-1.33539 0.140189
-1.33523 0.140381

-1.33523 0.140381
-1.33508 0.140555

-1.33508 0.140553
-1.33497 0.140686

-1.33497 0.140686
-1.33478 0.140918

-1.33478 0.140917
-1.33472 0.140991

-1.33472 0.140991
-1.33447 0.141281

-1.33447 0.141281
-1.33446 0.141296

-1.33446 0.141296
-1.3342 0.141602

-1.3342 0.141602
-1.33417 0.141644

-1.33417 0.141644
-1.33395 0.141907

-1.33395 0.141907
-1.33386 0.142007

-1.33386 0.142006
-1.33369 0.142212

-1.33369 0.142212
-1.33356 0.142371

-1.33356 0.142368
-1.33343 0.142517

-1.33343 0.142517
-1.33325 0.142732

-1.33325 0.142731
-1.33318 0.142822

-1.33318 0.142822
-1.33295 0.143093

-1.33295 0.143093
-1.33292 0.143127

-1.33292 0.143127
-1.33266 0.143433

-1.33266 0.143433
-1.33264 0.143455

-1.33264 0.143455
-1.3324 0.143738

-1.3324 0.143738
-1.33234 0.143817

-1.33234 0.143816
-1.33215 0.144043

-1.33214 0.144043
-1.33203 0.144178

-1.33203 0.144176
-1.33189 0.144348

-1.33189 0.144348
-1.33173 0.144539

-1.33173 0.144538
-1.33163 0.144653

-1.33163 0.144653
-1.33142 0.144899

-1.33142 0.144899
-1.33137 0.144958

-1.33137 0.144958
-1.33112 0.145259

-1.33112 0.145259
-1.33111 0.145264

-1.33111 0.145264
-1.33085 0.145569

-1.33085 0.145569
-1.33081 0.145619

-1.33081 0.145619
-1.33059 0.145874

-1.33059 0.145874
-1.33051 0.145979

-1.33051 0.145978
-1.33034 0.146179

-1.33033 0.146179
-1.3302 0.14634

-1.3302 0.146337
-1.33008 0.146484

-1.33008 0.146484
-1.3299 0.146698

-1.3299 0.146697
-1.32982 0.14679

-1.32982 0.14679
-1.32959 0.147057

-1.32959 0.147056
-1.32956 0.147095

-1.32956 0.147095
-1.3293 0.1474

-1.3293 0.1474
-1.32928 0.147416

-1.32928 0.147415
-1.32904 0.147705

-1.32904 0.147705
-1.32898 0.147774

-1.32898 0.147774
-1.32878 0.14801

-1.32878 0.14801
-1.32867 0.148133

-1.32867 0.148131
-1.32852 0.148315

-1.32852 0.148315
-1.32837 0.148492

-1.32837 0.148489
-1.32826 0.148621

-1.32826 0.148621
-1.32806 0.148848

-1.32806 0.148848
-1.328 0.148926

-1.328 0.148926
-1.32776 0.149205

-1.32776 0.149205
-1.32774 0.149231

-1.32774 0.149231
-1.32748 0.149536

-1.32748 0.149536
-1.32745 0.149563

-1.32745 0.149563
-1.32722 0.149841

-1.32722 0.149841
-1.32715 0.14992

-1.32715 0.149919
-1.32695 0.150146

-1.32695 0.150146
-1.32684 0.150277

-1.32684 0.150275
-1.32669 0.150452

-1.32669 0.150452
-1.32654 0.150634

-1.32654 0.150633
-1.32643 0.150757

-1.32643 0.150757
-1.32623 0.15099

-1.32623 0.150989
-1.32617 0.151062

-1.32617 0.151062
-1.32593 0.151346

-1.32593 0.151346
-1.32591 0.151367

-1.32591 0.151367
-1.32565 0.151672

-1.32565 0.151672
-1.32562 0.151702

-1.32562 0.151701
-1.32539 0.151978

-1.32539 0.151978
-1.32532 0.152058

-1.32532 0.152057
-1.32512 0.152283

-1.32512 0.152283
-1.32501 0.152413

-1.32501 0.152411
-1.32486 0.152588

-1.32486 0.152588
-1.32471 0.152769

-1.32471 0.152767
-1.3246 0.152893

-1.3246 0.152893
-1.3244 0.153123

-1.3244 0.153123
-1.32434 0.153198

-1.32434 0.153198
-1.3241 0.153478

-1.3241 0.153478
-1.32407 0.153503

-1.32407 0.153503
-1.32381 0.153809

-1.32381 0.153809
-1.32379 0.153833

-1.32379 0.153832
-1.32355 0.154114

-1.32355 0.154114
-1.32349 0.154187

-1.32349 0.154186
-1.32329 0.154419

-1.32329 0.154419
-1.32318 0.154541

-1.32318 0.154539
-1.32302 0.154724

-1.32302 0.154724
-1.32288 0.154896

-1.32288 0.154894
-1.32276 0.155029

-1.32276 0.155029
-1.32257 0.155249

-1.32257 0.155248
-1.3225 0.155334

-1.3225 0.155334
-1.32227 0.155602

-1.32227 0.155602
-1.32223 0.15564

-1.32223 0.15564
-1.32197 0.155945

-1.32197 0.155945
-1.32196 0.155956

-1.32196 0.155955
-1.32171 0.15625

-1.32171 0.15625
-1.32166 0.156309

-1.32166 0.156308
-1.32144 0.156555

-1.32144 0.156555
-1.32135 0.156662

-1.32135 0.15666
-1.32118 0.15686

-1.32118 0.15686
-1.32104 0.157015

-1.32104 0.157013
-1.32091 0.157166

-1.32091 0.157166
-1.32074 0.157367

-1.32074 0.157366
-1.32065 0.157471

-1.32065 0.157471
-1.32043 0.157719

-1.32043 0.157719
-1.32039 0.157776

-1.32039 0.157776
-1.32013 0.158071

-1.32013 0.158071
-1.32012 0.158081

-1.32012 0.158081
-1.31986 0.158386

-1.31986 0.158386
-1.31982 0.158423

-1.31982 0.158423
-1.31959 0.158691

-1.31959 0.158691
-1.31952 0.158775

-1.31952 0.158774
-1.31933 0.158997

-1.31933 0.158997
-1.31921 0.159127

-1.31921 0.159125
-1.31906 0.159302

-1.31906 0.159302
-1.31891 0.159479

-1.31891 0.159477
-1.3188 0.159607

-1.3188 0.159607
-1.3186 0.159829

-1.3186 0.159828
-1.31853 0.159912

-1.31853 0.159912
-1.3183 0.160179

-1.3183 0.160179
-1.31827 0.160217

-1.31827 0.160217
-1.318 0.160522

-1.318 0.160522
-1.31799 0.160531

-1.31799 0.16053
-1.31773 0.160828

-1.31773 0.160828
-1.31769 0.160881

-1.31769 0.160881
-1.31747 0.161133

-1.31747 0.161133
-1.31738 0.161232

-1.31738 0.16123
-1.3172 0.161438

-1.3172 0.161438
-1.31708 0.161582

-1.31708 0.16158
-1.31694 0.161743

-1.31694 0.161743
-1.31677 0.161933

-1.31677 0.161931
-1.31667 0.162048

-1.31667 0.162048
-1.31647 0.162281

-1.31647 0.162281
-1.3164 0.162354

-1.3164 0.162354
-1.31616 0.162631

-1.31616 0.162631
-1.31614 0.162659

-1.31614 0.162659
-1.31587 0.162964

-1.31587 0.162964
-1.31586 0.162981

-1.31586 0.16298
-1.3156 0.163269

-1.3156 0.163269
-1.31555 0.16333

-1.31555 0.163329
-1.31534 0.163574

-1.31534 0.163574
-1.31525 0.163679

-1.31525 0.163678
-1.31507 0.163879

-1.31507 0.163879
-1.31494 0.164029

-1.31494 0.164027
-1.3148 0.164185

-1.3148 0.164185
-1.31464 0.164378

-1.31464 0.164376
-1.31454 0.16449

-1.31454 0.16449
-1.31433 0.164725

-1.31433 0.164725
-1.31427 0.164795

-1.31427 0.164795
-1.31403 0.165073

-1.31403 0.165073
-1.314 0.1651

-1.314 0.1651
-1.31373 0.165405

-1.31374 0.165405
-1.31372 0.165422

-1.31372 0.165421
-1.31347 0.16571

-1.31347 0.16571
-1.31342 0.16577

-1.31342 0.165769
-1.3132 0.166016

-1.3132 0.166016
-1.31311 0.166118

-1.31311 0.166116
-1.31293 0.166321

-1.31293 0.166321
-1.31281 0.166466

-1.31281 0.166464
-1.31266 0.166626

-1.31266 0.166626
-1.3125 0.166814

-1.31219 0.00915441
-1.3122 0.00915527

-1.31219 0.00915432
-1.31189 0.00911929

-1.3125 0.00918949
-1.3122 0.00915527

-1.31189 0.00911929
-1.31158 0.00908451

-1.31158 0.00908452
-1.31128 0.00904997

-1.31128 0.00904997
-1.31097 0.00901564

-1.31097 0.00901562
-1.31067 0.00898155

-1.31067 0.00898157
-1.31036 0.00894779

-1.31036 0.00894781
-1.31006 0.00891421

-1.31006 0.00891425
-1.30975 0.00888073

-1.30945 0.00884705
-1.30948 0.0088501

-1.30975 0.0088808
-1.30948 0.0088501

-1.30945 0.00884701
-1.30914 0.00881336

-1.30914 0.00881336
-1.30884 0.00877995

-1.30884 0.00877996
-1.30853 0.00874679

-1.30853 0.00874678
-1.30823 0.00871386

-1.30823 0.00871384
-1.30792 0.00868122

-1.30792 0.00868124
-1.30762 0.00864893

-1.3064 0.00852105
-1.30662 0.00854492

-1.30762 0.00864895
-1.30731 0.00861689

-1.30731 0.00861691
-1.30701 0.008585

-1.30701 0.00858507
-1.3067 0.00855314

-1.3067 0.00855318
-1.30662 0.00854492

-1.3064 0.00852104
-1.30609 0.00848924

-1.30609 0.00848925
-1.30579 0.00845771

-1.30579 0.00845772
-1.30548 0.00842637

-1.30548 0.00842636
-1.30518 0.0083952

-1.30518 0.00839518
-1.30487 0.00836427

-1.30487 0.00836429
-1.30457 0.00833362

-1.30457 0.00833364
-1.30426 0.00830313

-1.30426 0.00830316
-1.30396 0.0082727

-1.30396 0.00827277
-1.30365 0.00824217

-1.30334 0.00821139
-1.30363 0.00823975

-1.30365 0.00824222
-1.30363 0.00823975

-1.30334 0.00821138
-1.30304 0.00818091

-1.30304 0.00818091
-1.30273 0.00815067

-1.30273 0.00815068
-1.30243 0.00812065

-1.30243 0.00812064
-1.30212 0.00809083

-1.30212 0.00809081
-1.30182 0.00806127

-1.30182 0.00806129
-1.30151 0.00803203

-1.30151 0.00803205
-1.30121 0.00800299

-1.30121 0.00800301
-1.3009 0.0079741

-1.30029 0.00791608
-1.30049 0.00793457

-1.3009 0.00797417
-1.3006 0.00794521

-1.3006 0.00794527
-1.30049 0.00793457

-1.30029 0.00791606
-1.29999 0.00788715

-1.29999 0.00788716
-1.29968 0.00785849

-1.29968 0.0078585
-1.29938 0.00783004

-1.29938 0.00783004
-1.29907 0.00780173

-1.29907 0.00780171
-1.29877 0.00777359

-1.29877 0.0077736
-1.29846 0.00774572

-1.29846 0.00774574
-1.29816 0.00771805

-1.29816 0.00771806
-1.29785 0.0076905

-1.29785 0.00769053
-1.29755 0.00766303

-1.29755 0.0076631
-1.29724 0.00763547

-1.29694 0.0076076
-1.29718 0.00762939

-1.29724 0.00763552
-1.29717 0.00762939

-1.29694 0.00760759
-1.29663 0.00757998

-1.29663 0.00757999
-1.29633 0.00755261

-1.29633 0.00755262
-1.29602 0.00752544

-1.29602 0.00752545
-1.29572 0.00749846

-1.29572 0.00749843
-1.29541 0.00747167

-1.29358 0.00731495
-1.29369 0.00732422

-1.29358 0.00731494
-1.29327 0.00728893

-1.29327 0.00728893
-1.29297 0.00726315

-1.29541 0.00747168
-1.2951 0.00744519

-1.2951 0.00744521
-1.2948 0.00741895

-1.2948 0.00741895
-1.29449 0.00739287

-1.29449 0.00739289
-1.29419 0.00736696

-1.29419 0.00736702
-1.29388 0.00734109

-1.29388 0.00734114
-1.29369 0.00732422

-1.29297 0.00726316
-1.29266 0.00723759

-1.29266 0.00723761
-1.29236 0.00721221

-1.29236 0.00721221
-1.29205 0.00718694

-1.29205 0.00718691
-1.29175 0.00716181

-1.29175 0.00716182
-1.29144 0.00713693

-1.29144 0.00713696
-1.29114 0.00711222

-1.29114 0.00711223
-1.29083 0.0070876

-1.29083 0.00708761
-1.29053 0.00706307

-1.29053 0.00706311
-1.29022 0.00703852

-1.28992 0.00701364
-1.28998 0.00701904

-1.29022 0.00703859
-1.28998 0.00701904

-1.28992 0.00701364
-1.28961 0.00698879

-1.28961 0.00698879
-1.28931 0.00696414

-1.28931 0.00696414
-1.289 0.00693969

-1.289 0.00693969
-1.2887 0.00691542

-1.2887 0.00691542
-1.28839 0.00689129

-1.28839 0.00689127
-1.28809 0.00686733

-1.28809 0.00686733
-1.28778 0.00684364

-1.28778 0.00684366
-1.28748 0.00682015

-1.28748 0.00682016
-1.28717 0.00679681

-1.28717 0.00679681
-1.28687 0.00677363

-1.28687 0.00677364
-1.28656 0.00675057

-1.28656 0.00675063
-1.28625 0.00672753

-1.28595 0.00670418
-1.28608 0.00671387

-1.28595 0.00670418
-1.28564 0.00668095

-1.28625 0.00672758
-1.28607 0.00671387

-1.28564 0.00668095
-1.28534 0.00665793

-1.28534 0.00665793
-1.28503 0.00663511

-1.28503 0.00663512
-1.28473 0.00661245

-1.28473 0.00661246
-1.28442 0.00658992

-1.28442 0.00658992
-1.28412 0.00656749

-1.28412 0.00656746
-1.28381 0.00654521

-1.28381 0.00654523
-1.28351 0.00652317

-1.28351 0.00652319
-1.2832 0.00650124

-1.2832 0.00650124
-1.2829 0.00647938

-1.2829 0.00647938
-1.28259 0.0064576

-1.28259 0.00645763
-1.28229 0.00643586

-1.28229 0.00643593
-1.28198 0.00641397

-1.28168 0.00639172
-1.28191 0.00640869

-1.28198 0.00641402
-1.28191 0.00640869

-1.28168 0.00639171
-1.28137 0.00636967

-1.28137 0.00636967
-1.28107 0.00634783

-1.28107 0.00634783
-1.28076 0.00632617

-1.28076 0.00632617
-1.28046 0.00630468

-1.28046 0.00630468
-1.28015 0.00628333

-1.28015 0.00628332
-1.27985 0.00626211

-1.27985 0.00626209
-1.27954 0.00624108

-1.27954 0.0062411
-1.27924 0.00622032

-1.27924 0.00622034
-1.27893 0.00619971

-1.27893 0.00619971
-1.27863 0.00617921

-1.27863 0.00617921
-1.27832 0.00615885

-1.2774 0.0060979
-1.27749 0.00610352

-1.2774 0.00609789
-1.2771 0.00607744

-1.27832 0.00615887
-1.27802 0.00613862

-1.27802 0.00613868
-1.27771 0.00611841

-1.27771 0.00611848
-1.27749 0.00610352

-1.2771 0.00607744
-1.27679 0.00605719

-1.27679 0.00605719
-1.27649 0.00603713

-1.27649 0.00603713
-1.27618 0.00601723

-1.27618 0.00601724
-1.27588 0.00599747

-1.27588 0.00599749
-1.27557 0.00597783

-1.27557 0.00597782
-1.27527 0.00595825

-1.27527 0.00595822
-1.27496 0.0059388

-1.27496 0.00593882
-1.27466 0.00591958

-1.27466 0.0059196
-1.27435 0.00590046

-1.27435 0.00590046
-1.27405 0.00588139

-1.27405 0.00588139
-1.27374 0.00586238

-1.27374 0.00586239
-1.27344 0.00584344

-1.27344 0.00584346
-1.27313 0.00582451

-1.27313 0.00582458
-1.27283 0.00580544

-1.27252 0.00578597
-1.27272 0.00579834

-1.27283 0.00580549
-1.27271 0.00579834

-1.27252 0.00578595
-1.27222 0.00576663

-1.27222 0.00576664
-1.27191 0.00574749

-1.27191 0.00574749
-1.27161 0.00572849

-1.27161 0.0057285
-1.2713 0.00570965

-1.2713 0.00570966
-1.271 0.00569095

-1.271 0.00569095
-1.27069 0.00567236

-1.27069 0.00567235
-1.27039 0.00565386

-1.27039 0.00565384
-1.27008 0.00563553

-1.27008 0.00563554
-1.26978 0.00561744

-1.26978 0.00561746
-1.26947 0.00559948

-1.26947 0.00559947
-1.26917 0.00558159

-1.26917 0.00558159
-1.26886 0.00556382

-1.26886 0.00556382
-1.26855 0.00554615

-1.26855 0.00554616
-1.26825 0.0055286

-1.26825 0.00552864
-1.26794 0.00551109

-1.26733 0.00547545
-1.26764 0.00549316

-1.26794 0.00551117
-1.26764 0.00549342

-1.26764 0.00549351
-1.26763 0.00549316

-1.26733 0.00547544
-1.26703 0.00545773

-1.26703 0.00545774
-1.26672 0.0054402

-1.26672 0.0054402
-1.26642 0.00542282

-1.26642 0.00542282
-1.26611 0.00540557

-1.26611 0.00540557
-1.26581 0.00538845

-1.26581 0.00538845
-1.2655 0.00537142

-1.2655 0.00537143
-1.2652 0.00535446

-1.2652 0.00535443
-1.26489 0.00533757

-1.26489 0.00533757
-1.26459 0.00532087

-1.26459 0.0053209
-1.26428 0.00530433

-1.26428 0.00530433
-1.26398 0.00528784

-1.26398 0.00528784
-1.26367 0.0052714

-1.26367 0.0052714
-1.26337 0.00525502

-1.26337 0.00525502
-1.26306 0.00523868

-1.26306 0.00523869
-1.26276 0.00522238

-1.26276 0.00522241
-1.26245 0.00520605

-1.26245 0.00520612
-1.26215 0.00518949

-1.26184 0.00517254
-1.26212 0.00518799

-1.26215 0.00518954
-1.26212 0.00518799

-1.26184 0.00517253
-1.26154 0.00515581

-1.26154 0.00515581
-1.26123 0.00513924

-1.26123 0.00513924
-1.26093 0.0051228

-1.26093 0.0051228
-1.26062 0.0051065

-1.26062 0.0051065
-1.26031 0.00509032

-1.26031 0.00509032
-1.26001 0.00507425

-1.26001 0.00507426
-1.2597 0.00505829

-1.2597 0.00505828
-1.2594 0.0050424

-1.2594 0.00504238
-1.25909 0.00502666

-1.25909 0.00502667
-1.25879 0.00501114

-1.25604 0.00487499
-1.2562 0.00488281

-1.25604 0.00487498
-1.25574 0.0048598

-1.25574 0.0048598
-1.25543 0.0048448

-1.25543 0.00484481
-1.25513 0.00482995

-1.25513 0.00482996
-1.25482 0.00481524

-1.25482 0.00481524
-1.25452 0.00480065

-1.25452 0.00480065
-1.25421 0.00478617

-1.25421 0.00478617
-1.25391 0.00477179

-1.25879 0.00501116
-1.25848 0.00499575

-1.25848 0.00499575
-1.25818 0.00498043

-1.25818 0.00498043
-1.25787 0.0049652

-1.25787 0.0049652
-1.25757 0.00495006

-1.25757 0.00495006
-1.25726 0.00493503

-1.25726 0.00493503
-1.25696 0.00492009

-1.25696 0.00492011
-1.25665 0.00490522

-1.25665 0.00490529
-1.25635 0.00489028

-1.25635 0.00489034
-1.2562 0.00488281

-1.25391 0.0047718
-1.2536 0.0047575

-1.2536 0.00475751
-1.2533 0.00474325

-1.2533 0.00474322
-1.25299 0.00472906

-1.25299 0.00472905
-1.25269 0.00471504

-1.25269 0.00471506
-1.25238 0.00470117

-1.25238 0.00470117
-1.25208 0.00468734

-1.25208 0.00468735
-1.25177 0.00467357

-1.25177 0.00467358
-1.25146 0.00465985

-1.25146 0.00465986
-1.25116 0.00464617

-1.25116 0.00464617
-1.25085 0.00463252

-1.25085 0.00463252
-1.25055 0.00461889

-1.25055 0.0046189
-1.25024 0.00460526

-1.25024 0.00460529
-1.24994 0.00459156

-1.24994 0.00459164
-1.24963 0.00457764

-1.24963 0.00457747
-1.24933 0.00456326

-1.24963 0.00457778
-1.24963 0.00457764

-1.24933 0.00456325
-1.24902 0.00454914

-1.24902 0.00454914
-1.24872 0.00453515

-1.24872 0.00453515
-1.24841 0.00452127

-1.24841 0.00452127
-1.24811 0.0045075

-1.24811 0.0045075
-1.2478 0.00449383

-1.2478 0.00449383
-1.2475 0.00448026

-1.2475 0.00448026
-1.24719 0.00446679

-1.24719 0.00446679
-1.24689 0.0044534

-1.24689 0.00445341
-1.24658 0.00444007

-1.24658 0.00444004
-1.24628 0.00442679

-1.24628 0.00442679
-1.24597 0.0044137

-1.24597 0.00441372
-1.24567 0.00440076

-1.24567 0.00440077
-1.24536 0.00438789

-1.24536 0.0043879
-1.24506 0.0043751

-1.24506 0.0043751
-1.24475 0.00436237

-1.24475 0.00436237
-1.24445 0.0043497

-1.24445 0.0043497
-1.24414 0.00433711

-1.24414 0.00433711
-1.24384 0.00432458

-1.24384 0.00432458
-1.24353 0.00431212

-1.24353 0.00431212
-1.24323 0.00429973

-1.24323 0.00429976
-1.24292 0.00428736

-1.24231 0.00426192
-1.24256 0.00427246

-1.24292 0.00428742
-1.24261 0.00427482

-1.24261 0.00427487
-1.24256 0.00427246

-1.24231 0.00426191
-1.242 0.0042492

-1.242 0.0042492
-1.2417 0.00423663

-1.2417 0.00423664
-1.24139 0.00422418

-1.24139 0.00422419
-1.24109 0.00421184

-1.24109 0.00421184
-1.24078 0.0041996

-1.24078 0.0041996
-1.24048 0.00418744

-1.24048 0.00418744
-1.24017 0.00417538

-1.24017 0.00417538
-1.23987 0.0041634

-1.23987 0.0041634
-1.23956 0.0041515

-1.23956 0.00415151
-1.23926 0.00413965

-1.23926 0.00413965
-1.23895 0.00412784

-1.23895 0.00412781
-1.23865 0.00411608

-1.23865 0.00411609
-1.23834 0.00410452

-1.23834 0.00410454
-1.23804 0.00409306

-1.23804 0.00409306
-1.23773 0.00408164

-1.23773 0.00408164
-1.23743 0.00407028

-1.23743 0.00407028
-1.23712 0.00405897

-1.23712 0.00405897
-1.23682 0.00404771

-1.23682 0.00404771
-1.23651 0.00403648

-1.23651 0.00403648
-1.23621 0.00402528

-1.23621 0.00402528
-1.2359 0.0040141

-1.2359 0.0040141
-1.2356 0.00400292

-1.2356 0.00400293
-1.23529 0.00399174

-1.23529 0.00399177
-1.23499 0.00398048

-1.23499 0.00398055
-1.23468 0.00396897

-1.23438 0.00395704
-1.23464 0.00396729

-1.23468 0.00396901
-1.23464 0.00396729

-1.23438 0.00395703
-1.23407 0.00394526

-1.23407 0.00394526
-1.23376 0.0039336

-1.23376 0.0039336
-1.23346 0.00392202

-1.23346 0.00392203
-1.23315 0.00391054

-1.23315 0.00391054
-1.23285 0.00389913

-1.23285 0.00389914
-1.23254 0.00388781

-1.23254 0.00388781
-1.23224 0.00387656

-1.23224 0.00387656
-1.23193 0.00386539

-1.23193 0.00386539
-1.23163 0.00385429

-1.23163 0.0038543
-1.23132 0.00384327

-1.23132 0.00384327
-1.23102 0.00383229

-1.23102 0.00383229
-1.23071 0.00382135

-1.23071 0.00382132
-1.23041 0.0038105

-1.23041 0.00381051
-1.2301 0.00379983

-1.2301 0.00379986
-1.2298 0.00378928

-1.2298 0.00378927
-1.22949 0.00377875

-1.22949 0.00377875
-1.22919 0.00376828

-1.22919 0.00376828
-1.22888 0.00375787

-1.22888 0.00375787
-1.22858 0.00374752

-1.22858 0.00374752
-1.22827 0.00373724

-1.22827 0.00373724
-1.22797 0.00372701

-1.22797 0.00372701
-1.22766 0.00371684

-1.22766 0.00371684
-1.22736 0.00370673

-1.22736 0.00370673
-1.22705 0.00369668

-1.22583 0.00365614
-1.22601 0.00366211

-1.22705 0.00369668
-1.22675 0.00368668

-1.22675 0.00368671
-1.22644 0.00367671

-1.22644 0.00367677
-1.22614 0.00366661

-1.22614 0.00366666
-1.226 0.00366211

-1.22583 0.00365612
-1.22552 0.00364573

-1.22552 0.00364574
-1.22522 0.00363548

-1.22522 0.00363548
-1.22491 0.00362533

-1.22491 0.00362533
-1.22461 0.00361527

-1.22461 0.00361527
-1.2243 0.00360529

-1.2243 0.0036053
-1.224 0.0035954

-1.224 0.0035954
-1.22369 0.00358557

-1.22369 0.00358557
-1.22339 0.00357581

-1.22339 0.00357581
-1.22308 0.00356612

-1.22308 0.00356612
-1.22278 0.0035565

-1.22278 0.0035565
-1.22247 0.00354694

-1.22247 0.00354695
-1.22217 0.00353745

-1.22217 0.00353746
-1.22186 0.00352801

-1.22186 0.00352802
-1.22156 0.00351859

-1.22156 0.00351856
-1.22125 0.00350919

-1.22125 0.00350918
-1.22095 0.00349994

-1.22095 0.00349996
-1.22064 0.00349083

-1.22064 0.00349083
-1.22034 0.00348177

-1.22034 0.00348177
-1.22003 0.00347276

-1.22003 0.00347275
-1.21973 0.00346379

-1.21973 0.00346379
-1.21942 0.00345489

-1.21942 0.00345489
-1.21912 0.00344603

-1.21912 0.00344603
-1.21881 0.00343723

-1.21881 0.00343723
-1.21851 0.00342846

-1.21851 0.00342846
-1.2182 0.00341973

-1.2182 0.00341973
-1.2179 0.00341102

-1.2179 0.00341102
-1.21759 0.00340233

-1.21759 0.00340233
-1.21729 0.00339363

-1.21729 0.00339364
-1.21698 0.00338493

-1.21698 0.00338494
-1.21667 0.0033762

-1.21667 0.00337623
-1.21637 0.00336738

-1.21637 0.00336744
-1.21606 0.0033583

-1.21576 0.0033488
-1.21602 0.00335693

-1.21606 0.00335834
-1.21602 0.00335693

-1.21576 0.00334879
-1.21545 0.00333943

-1.21545 0.00333943
-1.21515 0.00333015

-1.21515 0.00333015
-1.21484 0.00332094

-1.21484 0.00332095
-1.21454 0.0033118

-1.21454 0.0033118
-1.21423 0.00330272

-1.21423 0.00330272
-1.21393 0.00329369

-1.21393 0.00329369
-1.21362 0.00328472

-1.21362 0.00328472
-1.21332 0.00327581

-1.21332 0.00327581
-1.21301 0.00326695

-1.21301 0.00326695
-1.21271 0.00325814

-1.21271 0.00325814
-1.2124 0.00324938

-1.2124 0.00324938
-1.2121 0.00324068

-1.2121 0.00324068
-1.21179 0.00323202

-1.21179 0.00323203
-1.21149 0.00322342

-1.21149 0.00322342
-1.21118 0.00321483

-1.21118 0.0032148
-1.21088 0.00320626

-1.21088 0.00320625
-1.21057 0.00319783

-1.21057 0.00319785
-1.21027 0.00318953

-1.21027 0.00318953
-1.20996 0.00318127

-1.20996 0.00318127
-1.20966 0.00317305

-1.20966 0.00317305
-1.20935 0.00316487

-1.20935 0.00316487
-1.20905 0.00315673

-1.20905 0.00315673
-1.20874 0.00314864

-1.20874 0.00314864
-1.20844 0.0031406

-1.20844 0.0031406
-1.20813 0.0031326

-1.20813 0.0031326
-1.20782 0.00312464

-1.20782 0.00312464
-1.20752 0.00311673

-1.20752 0.00311673
-1.20721 0.00310886

-1.20721 0.00310886
-1.20691 0.00310103

-1.20691 0.00310103
-1.2066 0.00309324

-1.2066 0.00309324
-1.2063 0.00308548

-1.2063 0.00308548
-1.20599 0.00307776

-1.20599 0.00307777
-1.20569 0.00307008

-1.20569 0.00307011
-1.20538 0.00306239

-1.20538 0.00306244
-1.20508 0.00305453

-1.20477 0.00304631
-1.20498 0.00305176

-1.20477 0.00304629
-1.20447 0.00303815

-1.20508 0.00305458
-1.20497 0.00305176

-1.20447 0.00303816
-1.20416 0.00303012

-1.20416 0.00303013
-1.20386 0.00302216

-1.20386 0.00302216
-1.20355 0.00301426

-1.20355 0.00301427
-1.20325 0.00300642

-1.20325 0.00300642
-1.20294 0.00299864

-1.20294 0.00299864
-1.20264 0.0029909

-1.20264 0.0029909
-1.20233 0.0029832

-1.20233 0.00298321
-1.20203 0.00297556

-1.20203 0.00297556
-1.20172 0.00296796

-1.20172 0.00296796
-1.20142 0.00296041

-1.20142 0.00296041
-1.20111 0.0029529

-1.20111 0.0029529
-1.20081 0.00294544

-1.20081 0.00294544
-1.2005 0.00293801

-1.2005 0.00293801
-1.2002 0.00293064

-1.2002 0.00293064
-1.19989 0.0029233

-1.19989 0.00292331
-1.19958 0.00291601

-1.19958 0.00291601
-1.19928 0.00290872

-1.19928 0.00290872
-1.19897 0.00290144

-1.19897 0.00290141
-1.19867 0.00289422

-1.19867 0.00289422
-1.19836 0.00288715

-1.19836 0.00288718
-1.19806 0.00288017

-1.19806 0.00288016
-1.19775 0.00287319

-1.19775 0.00287318
-1.19745 0.00286625

-1.19745 0.00286625
-1.19714 0.00285936

-1.19714 0.00285936
-1.19684 0.00285251

-1.19684 0.00285251
-1.19653 0.00284571

-1.19653 0.00284571
-1.19623 0.00283895

-1.19623 0.00283895
-1.19592 0.00283223

-1.19592 0.00283224
-1.19562 0.00282556

-1.19562 0.00282556
-1.19531 0.00281893

-1.19531 0.00281893
-1.19501 0.00281234

-1.19501 0.00281235
-1.1947 0.00280579

-1.1947 0.00280579
-1.1944 0.00279927

-1.1944 0.00279927
-1.19409 0.00279277

-1.19409 0.00279278
-1.19379 0.00278629

-1.19379 0.0027863
-1.19348 0.00277982

-1.19348 0.00277982
-1.19318 0.00277334

-1.19318 0.00277334
-1.19287 0.00276683

-1.19287 0.00276685
-1.19257 0.00276029

-1.19257 0.00276032
-1.19226 0.00275362

-1.19226 0.00275368
-1.19196 0.00274668

-1.19196 0.00274657
-1.19165 0.00273937

-1.19196 0.00274673
-1.19195 0.00274658

-1.19165 0.00273936
-1.19135 0.00273219

-1.19135 0.00273219
-1.19104 0.00272509

-1.19104 0.00272509
-1.19073 0.00271803

-1.19073 0.00271803
-1.19043 0.00271102

-1.19043 0.00271102
-1.19012 0.00270405

-1.19012 0.00270405
-1.18982 0.00269713

-1.18982 0.00269713
-1.18951 0.00269024

-1.18951 0.00269024
-1.18921 0.00268339

-1.18921 0.00268339
-1.1889 0.00267658

-1.1889 0.00267658
-1.1886 0.0026698

-1.1886 0.0026698
-1.18829 0.00266306

-1.18829 0.00266306
-1.18799 0.00265635

-1.18799 0.00265635
-1.18768 0.00264968

-1.18768 0.00264968
-1.18738 0.00264304

-1.18738 0.00264304
-1.18707 0.00263643

-1.18707 0.00263643
-1.18677 0.00262986

-1.18677 0.00262986
-1.18646 0.00262332

-1.18646 0.00262332
-1.18616 0.00261681

-1.18616 0.00261682
-1.18585 0.00261033

-1.18585 0.00261034
-1.18555 0.00260387

-1.18555 0.00260386
-1.18524 0.00259741

-1.18524 0.00259739
-1.18494 0.00259101

-1.18494 0.00259102
-1.18463 0.00258475

-1.18463 0.00258478
-1.18433 0.00257856

-1.18433 0.00257856
-1.18402 0.00257236

-1.18402 0.00257236
-1.18372 0.00256619

-1.18372 0.00256619
-1.18341 0.00256005

-1.18341 0.00256005
-1.18311 0.00255393

-1.18311 0.00255393
-1.1828 0.00254785

-1.1828 0.00254785
-1.1825 0.00254179

-1.1825 0.00254179
-1.18219 0.00253577

-1.18219 0.00253577
-1.18188 0.00252978

-1.18188 0.00252978
-1.18158 0.00252381

-1.18158 0.00252381
-1.18127 0.00251788

-1.18127 0.00251788
-1.18097 0.00251198

-1.18097 0.00251198
-1.18066 0.00250612

-1.18066 0.00250612
-1.18036 0.00250029

-1.18036 0.00250029
-1.18005 0.00249449

-1.18005 0.00249449
-1.17975 0.00248873

-1.17975 0.00248873
-1.17944 0.00248301

-1.17944 0.00248301
-1.17914 0.00247732

-1.17914 0.00247732
-1.17883 0.00247166

-1.17883 0.00247166
-1.17853 0.00246604

-1.17853 0.00246604
-1.17822 0.00246045

-1.177 0.00243752
-1.1772 0.00244141

-1.177 0.00243751
-1.1767 0.00243152

-1.1767 0.00243153
-1.17639 0.00242564

-1.17639 0.00242564
-1.17609 0.00241981

-1.17609 0.00241981
-1.17578 0.00241403

-1.17822 0.00246046
-1.17792 0.00245489

-1.17792 0.00245492
-1.17761 0.00244931

-1.17761 0.00244936
-1.17731 0.00244358

-1.17731 0.00244362
-1.17719 0.00244141

-1.17578 0.00241403
-1.17548 0.00240829

-1.17548 0.00240829
-1.17517 0.0024026

-1.17517 0.0024026
-1.17487 0.00239693

-1.17487 0.00239694
-1.17456 0.00239131

-1.17456 0.00239131
-1.17426 0.00238572

-1.17426 0.00238572
-1.17395 0.00238017

-1.17395 0.00238017
-1.17365 0.00237465

-1.17365 0.00237465
-1.17334 0.00236916

-1.17334 0.00236916
-1.17303 0.00236371

-1.17303 0.00236371
-1.17273 0.00235829

-1.17273 0.00235829
-1.17242 0.00235291

-1.17242 0.00235291
-1.17212 0.00234755

-1.17212 0.00234755
-1.17181 0.00234223

-1.17181 0.00234223
-1.17151 0.00233694

-1.17151 0.00233694
-1.1712 0.00233168

-1.1712 0.00233168
-1.1709 0.00232645

-1.1709 0.00232645
-1.17059 0.00232124

-1.17059 0.00232124
-1.17029 0.00231606

-1.17029 0.00231606
-1.16998 0.00231091

-1.16998 0.00231091
-1.16968 0.00230578

-1.16968 0.00230579
-1.16937 0.00230067

-1.16937 0.00230068
-1.16907 0.00229555

-1.16907 0.00229554
-1.16876 0.00229042

-1.16876 0.0022904
-1.16846 0.00228535

-1.16846 0.00228537
-1.16815 0.00228039

-1.16815 0.0022804
-1.16785 0.00227546

-1.16785 0.00227547
-1.16754 0.00227056

-1.16754 0.00227056
-1.16724 0.00226567

-1.16724 0.00226567
-1.16693 0.00226081

-1.16693 0.00226081
-1.16663 0.00225598

-1.16663 0.00225598
-1.16632 0.00225117

-1.16632 0.00225117
-1.16602 0.00224638

-1.16602 0.00224638
-1.16571 0.00224162

-1.16571 0.00224162
-1.16541 0.00223689

-1.16541 0.00223689
-1.1651 0.00223218

-1.1651 0.00223218
-1.16479 0.0022275

-1.16479 0.0022275
-1.16449 0.00222285

-1.16449 0.00222285
-1.16418 0.00221822

-1.16418 0.00221822
-1.16388 0.00221362

-1.16388 0.00221362
-1.16357 0.00220905

-1.16357 0.00220905
-1.16327 0.00220451

-1.16327 0.00220451
-1.16296 0.00219999

-1.16296 0.00219999
-1.16266 0.00219551

-1.16266 0.00219551
-1.16235 0.00219106

-1.16235 0.00219106
-1.16205 0.00218664

-1.16205 0.00218664
-1.16174 0.00218224

-1.16174 0.00218224
-1.16144 0.00217788

-1.16144 0.00217788
-1.16113 0.00217354

-1.16113 0.00217354
-1.16083 0.00216922

-1.16083 0.00216922
-1.16052 0.00216491

-1.16052 0.00216492
-1.16022 0.00216061

-1.16022 0.00216061
-1.15991 0.00215629

-1.15991 0.00215629
-1.15961 0.00215194

-1.15961 0.00215195
-1.1593 0.00214754

-1.1593 0.00214756
-1.159 0.00214304

-1.159 0.00214308
-1.15869 0.00213835

-1.15839 0.00213331
-1.15857 0.00213623

-1.15869 0.00213838
-1.15856 0.00213623

-1.15839 0.0021333
-1.15808 0.0021283

-1.15808 0.0021283
-1.15778 0.00212335

-1.15778 0.00212335
-1.15747 0.00211844

-1.15747 0.00211844
-1.15717 0.00211356

-1.15717 0.00211356
-1.15686 0.00210871

-1.15686 0.00210871
-1.15656 0.00210389

-1.15656 0.00210389
-1.15625 0.0020991

-1.3125 0.166812
-1.3124 0.166931

-1.3124 0.166931
-1.31219 0.16716

-1.31219 0.16716
-1.31213 0.167236

-1.31213 0.167236
-1.31189 0.167507

-1.31189 0.167507
-1.31186 0.167542

-1.31186 0.167542
-1.31159 0.167847

-1.31159 0.167847
-1.31158 0.167854

-1.31158 0.167854
-1.31132 0.168152

-1.31132 0.168152
-1.31128 0.168201

-1.31128 0.168201
-1.31105 0.168457

-1.31105 0.168457
-1.31097 0.168548

-1.31097 0.168547
-1.31079 0.168762

-1.31078 0.168762
-1.31067 0.168895

-1.31067 0.168893
-1.31052 0.169067

-1.31052 0.169067
-1.31036 0.169242

-1.31036 0.16924
-1.31025 0.169373

-1.31025 0.169373
-1.31006 0.169587

-1.31006 0.169586
-1.30998 0.169678

-1.30998 0.169678
-1.30975 0.169932

-1.30975 0.169932
-1.30971 0.169983

-1.30971 0.169983
-1.30945 0.170278

-1.30945 0.170278
-1.30944 0.170288

-1.30944 0.170288
-1.30917 0.170593

-1.30917 0.170593
-1.30914 0.170624

-1.30914 0.170624
-1.3089 0.170898

-1.3089 0.170898
-1.30884 0.17097

-1.30884 0.170969
-1.30863 0.171204

-1.30863 0.171204
-1.30853 0.171315

-1.30853 0.171313
-1.30836 0.171509

-1.30836 0.171509
-1.30823 0.171661

-1.30823 0.171659
-1.30809 0.171814

-1.30809 0.171814
-1.30792 0.172006

-1.30792 0.172005
-1.30782 0.172119

-1.30782 0.172119
-1.30762 0.17235

-1.30762 0.17235
-1.30755 0.172424

-1.30755 0.172424
-1.30731 0.172695

-1.30731 0.172694
-1.30728 0.172729

-1.30728 0.172729
-1.30701 0.173035

-1.30701 0.173035
-1.30701 0.173039

-1.30701 0.173039
-1.30674 0.17334

-1.30674 0.17334
-1.3067 0.173384

-1.3067 0.173383
-1.30647 0.173645

-1.30647 0.173645
-1.3064 0.173728

-1.3064 0.173727
-1.3062 0.17395

-1.3062 0.17395
-1.30609 0.174072

-1.30609 0.17407
-1.30593 0.174255

-1.30593 0.174255
-1.30579 0.174417

-1.30579 0.174415
-1.30566 0.174561

-1.30566 0.174561
-1.30548 0.174761

-1.30548 0.174759
-1.30539 0.174866

-1.30539 0.174866
-1.30518 0.175103

-1.30518 0.175103
-1.30512 0.175171

-1.30512 0.175171
-1.30487 0.175446

-1.30487 0.175446
-1.30484 0.175476

-1.30484 0.175476
-1.30457 0.175781

-1.30457 0.175781
-1.30457 0.17579

-1.30457 0.17579
-1.3043 0.176086

-1.3043 0.176086
-1.30426 0.176133

-1.30426 0.176133
-1.30403 0.176392

-1.30403 0.176392
-1.30396 0.176476

-1.30396 0.176475
-1.30376 0.176697

-1.30376 0.176697
-1.30365 0.176819

-1.30365 0.176817
-1.30349 0.177002

-1.30349 0.177002
-1.30334 0.177162

-1.30334 0.177161
-1.30322 0.177307

-1.30321 0.177307
-1.30304 0.177505

-1.30304 0.177504
-1.30294 0.177612

-1.30294 0.177612
-1.30273 0.177847

-1.30273 0.177846
-1.30267 0.177917

-1.30267 0.177917
-1.30243 0.178189

-1.30243 0.178189
-1.3024 0.178223

-1.3024 0.178223
-1.30213 0.178528

-1.30213 0.178528
-1.30212 0.178531

-1.30212 0.178531
-1.30185 0.178833

-1.30185 0.178833
-1.30182 0.178873

-1.30182 0.178873
-1.30158 0.179138

-1.30158 0.179138
-1.30151 0.179215

-1.30151 0.179214
-1.30131 0.179443

-1.30131 0.179443
-1.30121 0.179557

-1.30121 0.179555
-1.30104 0.179749

-1.30104 0.179749
-1.3009 0.179898

-1.3009 0.179897
-1.30076 0.180054

-1.30076 0.180054
-1.3006 0.18024

-1.3006 0.180239
-1.30049 0.180359

-1.30049 0.180359
-1.30029 0.180581

-1.30029 0.18058
-1.30022 0.180664

-1.30022 0.180664
-1.29999 0.180921

-1.29999 0.180921
-1.29994 0.180969

-1.29994 0.180969
-1.29968 0.181262

-1.29968 0.181262
-1.29967 0.181274

-1.29967 0.181274
-1.2994 0.18158

-1.2994 0.18158
-1.29938 0.181603

-1.29938 0.181603
-1.29912 0.181885

-1.29913 0.181885
-1.29907 0.181944

-1.29907 0.181943
-1.29885 0.18219

-1.29885 0.18219
-1.29877 0.182284

-1.29877 0.182283
-1.29858 0.182495

-1.29858 0.182495
-1.29846 0.182625

-1.29846 0.182623
-1.2983 0.1828

-1.2983 0.1828
-1.29816 0.182966

-1.29816 0.182964
-1.29803 0.183105

-1.29803 0.183105
-1.29785 0.183306

-1.29785 0.183304
-1.29776 0.183411

-1.29776 0.183411
-1.29755 0.183645

-1.29755 0.183644
-1.29748 0.183716

-1.29748 0.183716
-1.29724 0.183984

-1.29724 0.183984
-1.29721 0.184021

-1.29721 0.184021
-1.29694 0.184324

-1.29694 0.184324
-1.29693 0.184326

-1.29693 0.184326
-1.29666 0.184631

-1.29666 0.184631
-1.29663 0.184664

-1.29663 0.184663
-1.29639 0.184937

-1.29639 0.184937
-1.29633 0.185003

-1.29633 0.185002
-1.29611 0.185242

-1.29611 0.185242
-1.29602 0.185343

-1.29602 0.185341
-1.29584 0.185547

-1.29584 0.185547
-1.29572 0.185682

-1.29572 0.18568
-1.29556 0.185852

-1.29556 0.185852
-1.29541 0.186021

-1.29541 0.18602
-1.29529 0.186157

-1.29529 0.186157
-1.2951 0.18636

-1.2951 0.186359
-1.29501 0.186462

-1.29501 0.186462
-1.2948 0.186698

-1.2948 0.186698
-1.29474 0.186768

-1.29474 0.186768
-1.29449 0.187036

-1.29449 0.187036
-1.29446 0.187073

-1.29446 0.187073
-1.29419 0.187375

-1.29419 0.187375
-1.29419 0.187378

-1.29419 0.187378
-1.29391 0.187683

-1.29391 0.187683
-1.29388 0.187713

-1.29388 0.187713
-1.29364 0.187988

-1.29364 0.187988
-1.29358 0.188051

-1.29358 0.188051
-1.29336 0.188293

-1.29336 0.188293
-1.29327 0.188389

-1.29327 0.188388
-1.29309 0.188599

-1.29308 0.188599
-1.29297 0.188728

-1.29297 0.188726
-1.29281 0.188904

-1.29281 0.188904
-1.29266 0.189066

-1.29266 0.189064
-1.29253 0.189209

-1.29253 0.189209
-1.29236 0.189404

-1.29236 0.189402
-1.29226 0.189514

-1.29226 0.189514
-1.29205 0.18974

-1.29205 0.18974
-1.29198 0.189819

-1.29198 0.189819
-1.29175 0.190077

-1.29175 0.190077
-1.29171 0.190125

-1.29171 0.190125
-1.29144 0.190414

-1.29144 0.190414
-1.29143 0.19043

-1.29143 0.19043
-1.29115 0.190735

-1.29115 0.190735
-1.29114 0.190752

-1.29114 0.190751
-1.29088 0.19104

-1.29088 0.19104
-1.29083 0.191089

-1.29083 0.191088
-1.2906 0.191345

-1.2906 0.191345
-1.29053 0.191426

-1.29053 0.191424
-1.29032 0.19165

-1.29032 0.19165
-1.29022 0.191762

-1.29022 0.191761
-1.29005 0.191956

-1.29005 0.191956
-1.28992 0.192099

-1.28992 0.192098
-1.28977 0.192261

-1.28977 0.192261
-1.28961 0.192436

-1.28961 0.192435
-1.28949 0.192566

-1.28949 0.192566
-1.28931 0.192773

-1.28931 0.192771
-1.28922 0.192871

-1.28922 0.192871
-1.289 0.193108

-1.289 0.193107
-1.28894 0.193176

-1.28894 0.193176
-1.2887 0.193444

-1.2887 0.193443
-1.28866 0.193481

-1.28866 0.193481
-1.28839 0.193779

-1.28839 0.193779
-1.28838 0.193787

-1.28838 0.193787
-1.28811 0.194092

-1.28811 0.194092
-1.28809 0.194116

-1.28809 0.194115
-1.28783 0.194397

-1.28783 0.194397
-1.28778 0.194451

-1.28778 0.194451
-1.28755 0.194702

-1.28755 0.194702
-1.28748 0.194787

-1.28748 0.194786
-1.28728 0.195007

-1.28727 0.195007
-1.28717 0.195122

-1.28717 0.195121
-1.287 0.195312

-1.287 0.195312
-1.28687 0.195458

-1.28687 0.195456
-1.28672 0.195618

-1.28672 0.195618
-1.28656 0.195793

-1.28656 0.195792
-1.28644 0.195923

-1.28644 0.195923
-1.28625 0.196129

-1.28625 0.196127
-1.28616 0.196228

-1.28616 0.196228
-1.28595 0.196463

-1.28595 0.196462
-1.28589 0.196533

-1.28589 0.196533
-1.28564 0.196797

-1.28564 0.196797
-1.28561 0.196838

-1.28561 0.196838
-1.28534 0.197132

-1.28534 0.197132
-1.28533 0.197144

-1.28533 0.197144
-1.28505 0.197449

-1.28505 0.197449
-1.28503 0.197467

-1.28503 0.197466
-1.28477 0.197754

-1.28477 0.197754
-1.28473 0.197801

-1.28473 0.197801
-1.28449 0.198059

-1.28449 0.198059
-1.28442 0.198136

-1.28442 0.198134
-1.28422 0.198364

-1.28421 0.198364
-1.28412 0.19847

-1.28412 0.198468
-1.28394 0.198669

-1.28394 0.198669
-1.28381 0.198804

-1.28381 0.198803
-1.28366 0.198975

-1.28366 0.198975
-1.28351 0.199138

-1.28351 0.199137
-1.28338 0.19928

-1.28338 0.19928
-1.2832 0.199473

-1.2832 0.199471
-1.2831 0.199585

-1.2831 0.199585
-1.2829 0.199806

-1.2829 0.199805
-1.28282 0.19989

-1.28282 0.19989
-1.28259 0.200139

-1.28259 0.200139
-1.28254 0.200195

-1.28254 0.200195
-1.28229 0.200472

-1.28229 0.200472
-1.28226 0.2005

-1.28226 0.2005
-1.28198 0.200805

-1.28198 0.200806
-1.2817 0.201111

-1.2817 0.201111
-1.28168 0.201139

-1.28168 0.201139
-1.28142 0.201416

-1.28142 0.201416
-1.28137 0.201472

-1.28137 0.201471
-1.28114 0.201721

-1.28114 0.201721
-1.28107 0.201805

-1.28107 0.201804
-1.28086 0.202026

-1.28086 0.202026
-1.28076 0.202138

-1.28076 0.202136
-1.28058 0.202332

-1.28058 0.202332
-1.28046 0.202471

-1.28046 0.20247
-1.2803 0.202637

-1.2803 0.202637
-1.28015 0.202804

-1.28015 0.202803
-1.28002 0.202942

-1.28002 0.202942
-1.27985 0.203137

-1.27985 0.203135
-1.27974 0.203247

-1.27974 0.203247
-1.27954 0.203469

-1.27954 0.203468
-1.27946 0.203552

-1.27946 0.203552
-1.27924 0.203801

-1.27924 0.2038
-1.27918 0.203857

-1.27918 0.203857
-1.27893 0.204132

-1.27893 0.204132
-1.2789 0.204163

-1.2789 0.204163
-1.27863 0.204464

-1.27863 0.204464
-1.27862 0.204468

-1.27862 0.204468
-1.27834 0.204773

-1.27834 0.204773
-1.27832 0.204797

-1.27832 0.204796
-1.27806 0.205078

-1.27806 0.205078
-1.27802 0.205129

-1.27802 0.205128
-1.27778 0.205383

-1.27778 0.205383
-1.27771 0.20546

-1.27771 0.205459
-1.2775 0.205688

-1.2775 0.205688
-1.2774 0.205792

-1.2774 0.20579
-1.27722 0.205994

-1.27722 0.205994
-1.2771 0.206123

-1.2771 0.206122
-1.27694 0.206299

-1.27694 0.206299
-1.27679 0.206455

-1.27679 0.206454
-1.27666 0.206604

-1.27666 0.206604
-1.27649 0.206786

-1.27649 0.206785
-1.27638 0.206909

-1.27637 0.206909
-1.27618 0.207118

-1.27618 0.207116
-1.27609 0.207214

-1.27609 0.207214
-1.27588 0.207448

-1.27588 0.207447
-1.27581 0.20752

-1.27581 0.20752
-1.27557 0.207778

-1.27557 0.207778
-1.27553 0.207825

-1.27553 0.207825
-1.27527 0.208109

-1.27527 0.208109
-1.27525 0.20813

-1.27525 0.20813
-1.27497 0.208435

-1.27497 0.208435
-1.27496 0.20844

-1.27496 0.20844
-1.27469 0.20874

-1.27469 0.20874
-1.27466 0.208771

-1.27466 0.20877
-1.2744 0.209045

-1.2744 0.209045
-1.27435 0.209101

-1.27435 0.2091
-1.27412 0.209351

-1.27412 0.209351
-1.27405 0.209431

-1.27405 0.20943
-1.27384 0.209656

-1.27384 0.209656
-1.27374 0.209761

-1.27374 0.20976
-1.27356 0.209961

-1.27356 0.209961
-1.27344 0.210092

-1.27344 0.21009
-1.27328 0.210266

-1.27328 0.210266
-1.27313 0.210422

-1.27313 0.21042
-1.27299 0.210571

-1.27299 0.210571
-1.27283 0.210752

-1.27283 0.21075
-1.27271 0.210876

-1.27271 0.210876
-1.27252 0.211082

-1.27252 0.21108
-1.27243 0.211182

-1.27243 0.211182
-1.27222 0.211411

-1.27222 0.21141
-1.27215 0.211487

-1.27215 0.211487
-1.27191 0.21174

-1.27191 0.211739
-1.27186 0.211792

-1.27186 0.211792
-1.27161 0.212069

-1.27161 0.212069
-1.27158 0.212097

-1.27158 0.212097
-1.2713 0.212398

-1.2713 0.212398
-1.2713 0.212402

-1.2713 0.212402
-1.27101 0.212708

-1.27101 0.212708
-1.271 0.212727

-1.271 0.212727
-1.27073 0.213013

-1.27073 0.213013
-1.27069 0.213056

-1.27069 0.213056
-1.27045 0.213318

-1.27045 0.213318
-1.27039 0.213385

-1.27039 0.213384
-1.27017 0.213623

-1.27016 0.213623
-1.27008 0.213714

-1.27008 0.213712
-1.26988 0.213928

-1.26988 0.213928
-1.26978 0.214043

-1.26978 0.214041
-1.2696 0.214233

-1.2696 0.214233
-1.26947 0.214371

-1.26947 0.21437
-1.26931 0.214539

-1.26931 0.214539
-1.26917 0.2147

-1.26917 0.214698
-1.26903 0.214844

-1.26903 0.214844
-1.26886 0.215028

-1.26886 0.215027
-1.26875 0.215149

-1.26875 0.215149
-1.26855 0.215357

-1.26855 0.215355
-1.26846 0.215454

-1.26846 0.215454
-1.26825 0.215684

-1.26825 0.215683
-1.26818 0.215759

-1.26818 0.215759
-1.26794 0.216012

-1.26794 0.216011
-1.26789 0.216064

-1.26789 0.216064
-1.26764 0.216339

-1.26764 0.216339
-1.26761 0.21637

-1.26761 0.21637
-1.26733 0.216667

-1.26733 0.216667
-1.26733 0.216675

-1.26733 0.216675
-1.26704 0.21698

-1.26704 0.21698
-1.26703 0.216995

-1.26703 0.216994
-1.26676 0.217285

-1.26676 0.217285
-1.26672 0.217322

-1.26672 0.217322
-1.26647 0.21759

-1.26647 0.21759
-1.26642 0.217649

-1.26642 0.217648
-1.26619 0.217896

-1.26619 0.217896
-1.26611 0.217977

-1.26611 0.217975
-1.2659 0.218201

-1.2659 0.218201
-1.26581 0.218304

-1.26581 0.218302
-1.26562 0.218506

-1.26562 0.218506
-1.2655 0.218631

-1.2655 0.218629
-1.26533 0.218811

-1.26533 0.218811
-1.2652 0.218958

-1.2652 0.218956
-1.26505 0.219116

-1.26505 0.219116
-1.26489 0.219284

-1.26489 0.219283
-1.26476 0.219421

-1.26476 0.219421
-1.26459 0.219611

-1.26459 0.21961
-1.26448 0.219727

-1.26448 0.219727
-1.26428 0.219938

-1.26428 0.219937
-1.26419 0.220032

-1.26419 0.220032
-1.26398 0.220264

-1.26398 0.220263
-1.26391 0.220337

-1.26391 0.220337
-1.26367 0.22059

-1.26367 0.220589
-1.26362 0.220642

-1.26362 0.220642
-1.26337 0.220916

-1.26337 0.220915
-1.26334 0.220947

-1.26334 0.220947
-1.26306 0.221241

-1.26306 0.221241
-1.26305 0.221252

-1.26305 0.221252
-1.26277 0.221558

-1.26277 0.221558
-1.26276 0.221568

-1.26276 0.221567
-1.26248 0.221863

-1.26248 0.221863
-1.26245 0.221893

-1.26245 0.221893
-1.26219 0.222168

-1.26219 0.222168
-1.26215 0.222219

-1.26215 0.222218
-1.26191 0.222473

-1.26191 0.222473
-1.26184 0.222544

-1.26184 0.222543
-1.26162 0.222778

-1.26162 0.222778
-1.26154 0.22287

-1.26154 0.222868
-1.26134 0.223083

-1.26133 0.223083
-1.26123 0.223195

-1.26123 0.223194
-1.26105 0.223389

-1.26105 0.223389
-1.26093 0.22352

-1.26093 0.223519
-1.26076 0.223694

-1.26076 0.223694
-1.26062 0.223846

-1.26062 0.223844
-1.26048 0.223999

-1.26048 0.223999
-1.26031 0.224171

-1.26031 0.224169
-1.26019 0.224304

-1.26019 0.224304
-1.26001 0.224495

-1.26001 0.224494
-1.2599 0.224609

-1.2599 0.224609
-1.2597 0.22482

-1.2597 0.224819
-1.25962 0.224915

-1.25961 0.224915
-1.2594 0.225145

-1.2594 0.225144
-1.25933 0.22522

-1.25933 0.22522
-1.25909 0.225469

-1.25909 0.225468
-1.25904 0.225525

-1.25904 0.225525
-1.25879 0.225793

-1.25879 0.225792
-1.25875 0.22583

-1.25875 0.22583
-1.25848 0.226117

-1.25848 0.226117
-1.25847 0.226135

-1.25847 0.226135
-1.25818 0.22644

-1.25818 0.22644
-1.25818 0.226441

-1.25818 0.226441
-1.25789 0.226746

-1.25789 0.226746
-1.25787 0.226765

-1.25787 0.226765
-1.2576 0.227051

-1.2576 0.227051
-1.25757 0.227089

-1.25757 0.227088
-1.25732 0.227356

-1.25732 0.227356
-1.25726 0.227412

-1.25726 0.227412
-1.25703 0.227661

-1.25703 0.227661
-1.25696 0.227736

-1.25696 0.227735
-1.25674 0.227966

-1.25674 0.227966
-1.25665 0.228059

-1.25665 0.228058
-1.25645 0.228271

-1.25645 0.228271
-1.25635 0.228383

-1.25635 0.228382
-1.25616 0.228577

-1.25616 0.228577
-1.25604 0.228706

-1.25604 0.228705
-1.25588 0.228882

-1.25588 0.228882
-1.25574 0.229029

-1.25574 0.229028
-1.25559 0.229187

-1.25559 0.229187
-1.25543 0.229352

-1.25543 0.229351
-1.2553 0.229492

-1.2553 0.229492
-1.25513 0.229675

-1.25513 0.229674
-1.25501 0.229797

-1.25501 0.229797
-1.25482 0.229998

-1.25482 0.229997
-1.25472 0.230103

-1.25472 0.230103
-1.25452 0.230321

-1.25452 0.23032
-1.25443 0.230408

-1.25443 0.230408
-1.25421 0.230643

-1.25421 0.230642
-1.25414 0.230713

-1.25414 0.230713
-1.25391 0.230965

-1.25391 0.230964
-1.25386 0.231018

-1.25386 0.231018
-1.2536 0.231287

-1.2536 0.231287
-1.25357 0.231323

-1.25357 0.231323
-1.2533 0.231609

-1.2533 0.231609
-1.25328 0.231628

-1.25328 0.231628
-1.25299 0.231931

-1.25299 0.231931
-1.25299 0.231934

-1.25299 0.231934
-1.2527 0.232239

-1.2527 0.232239
-1.25269 0.232253

-1.25269 0.232253
-1.25241 0.232544

-1.25241 0.232544
-1.25238 0.232575

-1.25238 0.232574
-1.25212 0.232849

-1.25212 0.232849
-1.25208 0.232896

-1.25208 0.232895
-1.25183 0.233154

-1.25183 0.233154
-1.25177 0.233218

-1.25177 0.233217
-1.25154 0.233459

-1.25154 0.233459
-1.25146 0.233539

-1.25146 0.233538
-1.25125 0.233765

-1.25125 0.233765
-1.25116 0.23386

-1.25116 0.233859
-1.25096 0.23407

-1.25096 0.23407
-1.25085 0.234181

-1.25085 0.23418
-1.25067 0.234375

-1.25067 0.234375
-1.25055 0.234502

-1.25055 0.234501
-1.25038 0.23468

-1.25038 0.23468
-1.25024 0.234823

-1.25024 0.234822
-1.25009 0.234985

-1.25009 0.234985
-1.24994 0.235144

-1.24994 0.235143
-1.2498 0.235291

-1.2498 0.235291
-1.24963 0.235465

-1.24963 0.235464
-1.24951 0.235596

-1.24951 0.235596
-1.24933 0.235785

-1.24933 0.235784
-1.24922 0.235901

-1.24922 0.235901
-1.24902 0.236106

-1.24902 0.236105
-1.24893 0.236206

-1.24893 0.236206
-1.24872 0.236426

-1.24872 0.236425
-1.24864 0.236511

-1.24864 0.236511
-1.24841 0.236747

-1.24841 0.236745
-1.24835 0.236816

-1.24834 0.236816
-1.24811 0.237066

-1.24811 0.237066
-1.24805 0.237122

-1.24805 0.237122
-1.2478 0.237386

-1.2478 0.237385
-1.24776 0.237427

-1.24776 0.237427
-1.2475 0.237705

-1.2475 0.237705
-1.24747 0.237732

-1.24747 0.237732
-1.24719 0.238025

-1.24719 0.238025
-1.24718 0.238037

-1.24718 0.238037
-1.24689 0.238342

-1.24689 0.238342
-1.24689 0.238345

-1.24689 0.238344
-1.2466 0.238647

-1.2466 0.238647
-1.24658 0.238664

-1.24658 0.238664
-1.24631 0.238953

-1.24631 0.238953
-1.24628 0.238983

-1.24628 0.238983
-1.24601 0.239258

-1.24601 0.239258
-1.24597 0.239303

-1.24597 0.239302
-1.24572 0.239563

-1.24572 0.239563
-1.24567 0.239622

-1.24567 0.239621
-1.24543 0.239868

-1.24543 0.239868
-1.24536 0.23994

-1.24536 0.239939
-1.24514 0.240173

-1.24514 0.240173
-1.24506 0.240259

-1.24506 0.240258
-1.24485 0.240479

-1.24485 0.240479
-1.24475 0.240578

-1.24475 0.240577
-1.24455 0.240784

-1.24455 0.240784
-1.24445 0.240897

-1.24445 0.240896
-1.24426 0.241089

-1.24426 0.241089
-1.24414 0.241215

-1.24414 0.241214
-1.24397 0.241394

-1.24397 0.241394
-1.24384 0.241533

-1.24384 0.241533
-1.24368 0.241699

-1.24368 0.241699
-1.24353 0.241852

-1.24353 0.241851
-1.24338 0.242004

-1.24338 0.242004
-1.24323 0.24217

-1.24323 0.242169
-1.24309 0.24231

-1.24309 0.24231
-1.24292 0.242488

-1.24292 0.242487
-1.2428 0.242615

-1.2428 0.242615
-1.24261 0.242806

-1.24261 0.242805
-1.2425 0.24292

-1.2425 0.24292
-1.24231 0.243124

-1.24231 0.243123
-1.24221 0.243225

-1.24221 0.243225
-1.242 0.243441

-1.242 0.24344
-1.24192 0.24353

-1.24192 0.24353
-1.2417 0.243759

-1.2417 0.243758
-1.24162 0.243835

-1.24162 0.243835
-1.24139 0.244076

-1.24139 0.244075
-1.24133 0.244141

-1.24133 0.244141
-1.24109 0.244393

-1.24109 0.244393
-1.24104 0.244446

-1.24104 0.244446
-1.24078 0.24471

-1.24078 0.24471
-1.24074 0.244751

-1.24074 0.244751
-1.24048 0.245027

-1.24048 0.245027
-1.24045 0.245056

-1.24045 0.245056
-1.24017 0.245344

-1.24017 0.245344
-1.24016 0.245361

-1.24016 0.245361
-1.23987 0.24566

-1.23987 0.24566
-1.23986 0.245667

-1.23986 0.245667
-1.23957 0.245972

-1.23957 0.245972
-1.23956 0.245977

-1.23956 0.245977
-1.23927 0.246277

-1.23927 0.246277
-1.23926 0.246294

-1.23926 0.246294
-1.23898 0.246582

-1.23898 0.246582
-1.23895 0.24661

-1.23895 0.24661
-1.23869 0.246887

-1.23869 0.246887
-1.23865 0.246927

-1.23865 0.246926
-1.23839 0.247192

-1.23839 0.247192
-1.23834 0.247243

-1.23834 0.247242
-1.2381 0.247498

-1.2381 0.247498
-1.23804 0.247559

-1.23804 0.247558
-1.2378 0.247803

-1.2378 0.247803
-1.23773 0.247875

-1.23773 0.247874
-1.23751 0.248108

-1.23751 0.248108
-1.23743 0.248191

-1.23743 0.24819
-1.23721 0.248413

-1.23721 0.248413
-1.23712 0.248507

-1.23712 0.248506
-1.23692 0.248718

-1.23692 0.248718
-1.23682 0.248822

-1.23682 0.248821
-1.23662 0.249023

-1.23662 0.249023
-1.23651 0.249138

-1.23651 0.249137
-1.23633 0.249329

-1.23633 0.249329
-1.23621 0.249453

-1.23621 0.249452
-1.23603 0.249634

-1.23603 0.249634
-1.2359 0.249768

-1.2359 0.249768
-1.23574 0.249939

-1.23574 0.249939
-1.2356 0.250084

-1.2356 0.250083
-1.23544 0.250244

-1.23544 0.250244
-1.23529 0.250399

-1.23529 0.250398
-1.23514 0.250549

-1.23514 0.250549
-1.23499 0.250714

-1.23499 0.250713
-1.23485 0.250854

-1.23485 0.250854
-1.23468 0.251028

-1.23468 0.251028
-1.23455 0.25116

-1.23455 0.25116
-1.23438 0.251343

-1.23438 0.251342
-1.23426 0.251465

-1.23426 0.251465
-1.23407 0.251658

-1.23407 0.251657
-1.23396 0.25177

-1.23396 0.25177
-1.23376 0.251972

-1.23376 0.251972
-1.23366 0.252075

-1.23366 0.252075
-1.23346 0.252287

-1.23346 0.252286
-1.23337 0.25238

-1.23337 0.25238
-1.23315 0.252601

-1.23315 0.2526
-1.23307 0.252686

-1.23307 0.252686
-1.23285 0.252915

-1.23285 0.252914
-1.23277 0.252991

-1.23277 0.252991
-1.23254 0.253229

-1.23254 0.253228
-1.23248 0.253296

-1.23248 0.253296
-1.23224 0.253543

-1.23224 0.253542
-1.23218 0.253601

-1.23218 0.253601
-1.23193 0.253857

-1.23193 0.253856
-1.23188 0.253906

-1.23188 0.253906
-1.23163 0.25417

-1.23163 0.25417
-1.23159 0.254211

-1.23159 0.254211
-1.23132 0.254484

-1.23132 0.254483
-1.23129 0.254517

-1.23129 0.254517
-1.23102 0.254797

-1.23102 0.254797
-1.23099 0.254822

-1.23099 0.254822
-1.23071 0.25511

-1.23071 0.25511
-1.2307 0.255127

-1.2307 0.255127
-1.23041 0.255423

-1.23041 0.255423
-1.2304 0.255432

-1.2304 0.255432
-1.2301 0.255736

-1.2301 0.255736
-1.2301 0.255737

-1.2301 0.255737
-1.2298 0.256042

-1.2298 0.256042
-1.2298 0.25605

-1.2298 0.256049
-1.22951 0.256348

-1.22951 0.256348
-1.22949 0.256363

-1.22949 0.256362
-1.22921 0.256653

-1.22921 0.256653
-1.22919 0.256675

-1.22919 0.256675
-1.22891 0.256958

-1.22891 0.256958
-1.22888 0.256988

-1.22888 0.256987
-1.22861 0.257263

-1.22861 0.257263
-1.22858 0.2573

-1.22858 0.2573
-1.22832 0.257568

-1.22831 0.257568
-1.22827 0.257613

-1.22827 0.257612
-1.22802 0.257874

-1.22802 0.257874
-1.22797 0.257925

-1.22797 0.257924
-1.22772 0.258179

-1.22772 0.258179
-1.22766 0.258237

-1.22766 0.258236
-1.22742 0.258484

-1.22742 0.258484
-1.22736 0.258549

-1.22736 0.258549
-1.22712 0.258789

-1.22712 0.258789
-1.22705 0.258861

-1.22705 0.258861
-1.22682 0.259094

-1.22682 0.259094
-1.22675 0.259173

-1.22675 0.259172
-1.22652 0.259399

-1.22652 0.259399
-1.22644 0.259485

-1.22644 0.259484
-1.22623 0.259705

-1.22623 0.259705
-1.22614 0.259797

-1.22614 0.259796
-1.22593 0.26001

-1.22593 0.26001
-1.22583 0.260108

-1.22583 0.260107
-1.22563 0.260315

-1.22563 0.260315
-1.22552 0.260419

-1.22552 0.260419
-1.22533 0.26062

-1.22533 0.26062
-1.22522 0.260731

-1.22522 0.26073
-1.22503 0.260925

-1.22503 0.260925
-1.22491 0.261042

-1.22491 0.261041
-1.22473 0.26123

-1.22473 0.26123
-1.22461 0.261353

-1.22461 0.261352
-1.22443 0.261536

-1.22443 0.261536
-1.2243 0.261664

-1.2243 0.261663
-1.22413 0.261841

-1.22413 0.261841
-1.224 0.261975

-1.224 0.261974
-1.22383 0.262146

-1.22383 0.262146
-1.22369 0.262285

-1.22369 0.262285
-1.22353 0.262451

-1.22353 0.262451
-1.22339 0.262596

-1.22339 0.262596
-1.22323 0.262756

-1.22323 0.262756
-1.22308 0.262906

-1.22308 0.262906
-1.22293 0.263062

-1.22293 0.263062
-1.22278 0.263217

-1.22278 0.263216
-1.22263 0.263367

-1.22263 0.263367
-1.22247 0.263527

-1.22247 0.263527
-1.22233 0.263672

-1.22233 0.263672
-1.22217 0.263837

-1.22217 0.263837
-1.22203 0.263977

-1.22203 0.263977
-1.22186 0.264147

-1.22186 0.264147
-1.22173 0.264282

-1.22173 0.264282
-1.22156 0.264457

-1.22156 0.264457
-1.22143 0.264587

-1.22143 0.264587
-1.22125 0.264767

-1.22125 0.264767
-1.22113 0.264893

-1.22113 0.264893
-1.22095 0.265077

-1.22095 0.265076
-1.22083 0.265198

-1.22083 0.265198
-1.22064 0.265386

-1.22064 0.265386
-1.22053 0.265503

-1.22053 0.265503
-1.22034 0.265696

-1.22034 0.265695
-1.22023 0.265808

-1.22023 0.265808
-1.22003 0.266005

-1.22003 0.266005
-1.21992 0.266113

-1.21992 0.266113
-1.21973 0.266314

-1.21973 0.266314
-1.21962 0.266418

-1.21962 0.266418
-1.21942 0.266623

-1.21942 0.266623
-1.21932 0.266724

-1.21932 0.266724
-1.21912 0.266933

-1.21912 0.266932
-1.21902 0.267029

-1.21902 0.267029
-1.21881 0.267241

-1.21881 0.267241
-1.21872 0.267334

-1.21872 0.267334
-1.21851 0.26755

-1.21851 0.26755
-1.21842 0.267639

-1.21842 0.267639
-1.2182 0.267859

-1.2182 0.267859
-1.21812 0.267944

-1.21812 0.267944
-1.2179 0.268167

-1.2179 0.268167
-1.21781 0.26825

-1.21781 0.26825
-1.21759 0.268476

-1.21759 0.268476
-1.21751 0.268555

-1.21751 0.268555
-1.21729 0.268784

-1.21729 0.268784
-1.21721 0.26886

-1.21721 0.26886
-1.21698 0.269092

-1.21698 0.269092
-1.21691 0.269165

-1.21691 0.269165
-1.21667 0.269401

-1.21667 0.2694
-1.21661 0.26947

-1.21661 0.26947
-1.21637 0.269709

-1.21637 0.269708
-1.2163 0.269775

-1.2163 0.269775
-1.21606 0.270016

-1.21606 0.270016
-1.216 0.270081

-1.216 0.270081
-1.21576 0.270324

-1.21576 0.270324
-1.2157 0.270386

-1.2157 0.270386
-1.21545 0.270632

-1.21545 0.270632
-1.2154 0.270691

-1.2154 0.270691
-1.21515 0.270939

-1.21515 0.270939
-1.21509 0.270996

-1.21509 0.270996
-1.21484 0.271247

-1.21484 0.271247
-1.21479 0.271301

-1.21479 0.271301
-1.21454 0.271554

-1.21454 0.271554
-1.21449 0.271606

-1.21449 0.271606
-1.21423 0.271861

-1.21423 0.271861
-1.21418 0.271912

-1.21418 0.271912
-1.21393 0.272168

-1.21393 0.272168
-1.21388 0.272217

-1.21388 0.272217
-1.21362 0.272475

-1.21362 0.272475
-1.21358 0.272522

-1.21358 0.272522
-1.21332 0.272782

-1.21332 0.272782
-1.21327 0.272827

-1.21327 0.272827
-1.21301 0.273089

-1.21301 0.273089
-1.21297 0.273132

-1.21297 0.273132
-1.21271 0.273396

-1.21271 0.273395
-1.21267 0.273438

-1.21267 0.273438
-1.2124 0.273702

-1.2124 0.273702
-1.21236 0.273743

-1.21236 0.273743
-1.2121 0.274009

-1.2121 0.274008
-1.21206 0.274048

-1.21206 0.274048
-1.21179 0.274315

-1.21179 0.274315
-1.21175 0.274353

-1.21175 0.274353
-1.21149 0.274621

-1.21149 0.274621
-1.21145 0.274658

-1.21145 0.274658
-1.21118 0.274927

-1.21118 0.274927
-1.21115 0.274963

-1.21115 0.274963
-1.21088 0.275233

-1.21088 0.275233
-1.21084 0.275269

-1.21084 0.275269
-1.21057 0.275539

-1.21057 0.275539
-1.21054 0.275574

-1.21054 0.275574
-1.21027 0.275845

-1.21027 0.275844
-1.21023 0.275879

-1.21023 0.275879
-1.20996 0.27615

-1.20996 0.27615
-1.20993 0.276184

-1.20993 0.276184
-1.20966 0.276456

-1.20966 0.276456
-1.20962 0.276489

-1.20962 0.276489
-1.20935 0.276761

-1.20935 0.276761
-1.20932 0.276794

-1.20932 0.276794
-1.20905 0.277066

-1.20905 0.277066
-1.20901 0.2771

-1.20901 0.2771
-1.20874 0.277371

-1.20874 0.277371
-1.20871 0.277405

-1.20871 0.277405
-1.20844 0.277676

-1.20844 0.277676
-1.2084 0.27771

-1.2084 0.27771
-1.20813 0.277981

-1.20813 0.277981
-1.2081 0.278015

-1.2081 0.278015
-1.20782 0.278286

-1.20782 0.278286
-1.20779 0.27832

-1.20779 0.27832
-1.20752 0.278591

-1.20752 0.278591
-1.20748 0.278625

-1.20748 0.278625
-1.20721 0.278895

-1.20721 0.278896
-1.20718 0.278931

-1.20718 0.278931
-1.20691 0.2792

-1.20691 0.2792
-1.20687 0.279236

-1.20687 0.279236
-1.2066 0.279504

-1.2066 0.279504
-1.20657 0.279541

-1.20657 0.279541
-1.2063 0.279809

-1.2063 0.279809
-1.20626 0.279846

-1.20626 0.279846
-1.20599 0.280113

-1.20599 0.280113
-1.20595 0.280151

-1.20596 0.280151
-1.20569 0.280417

-1.20569 0.280417
-1.20565 0.280457

-1.20565 0.280457
-1.20538 0.280721

-1.20538 0.280721
-1.20534 0.280762

-1.20534 0.280762
-1.20508 0.281024

-1.20508 0.281025
-1.20504 0.281067

-1.20504 0.281067
-1.20477 0.281328

-1.20477 0.281328
-1.20473 0.281372

-1.20473 0.281372
-1.20447 0.281632

-1.20447 0.281632
-1.20442 0.281677

-1.20442 0.281677
-1.20416 0.281935

-1.20416 0.281935
-1.20412 0.281982

-1.20412 0.281982
-1.20386 0.282238

-1.20386 0.282239
-1.20381 0.282288

-1.20381 0.282288
-1.20355 0.282542

-1.20355 0.282542
-1.2035 0.282593

-1.2035 0.282593
-1.20325 0.282845

-1.20325 0.282845
-1.20319 0.282898

-1.20319 0.282898
-1.20294 0.283148

-1.20294 0.283148
-1.20289 0.283203

-1.20289 0.283203
-1.20264 0.283451

-1.20264 0.283451
-1.20258 0.283508

-1.20258 0.283508
-1.20233 0.283753

-1.20233 0.283754
-1.20227 0.283813

-1.20227 0.283813
-1.20203 0.284056

-1.20203 0.284056
-1.20196 0.284119

-1.20196 0.284119
-1.20172 0.284359

-1.20172 0.284359
-1.20166 0.284424

-1.20166 0.284424
-1.20142 0.284661

-1.20142 0.284661
-1.20135 0.284729

-1.20135 0.284729
-1.20111 0.284963

-1.20111 0.284964
-1.20104 0.285034

-1.20104 0.285034
-1.20081 0.285265

-1.20081 0.285266
-1.20073 0.285339

-1.20073 0.285339
-1.2005 0.285568

-1.2005 0.285568
-1.20042 0.285645

-1.20042 0.285645
-1.2002 0.28587

-1.2002 0.28587
-1.20011 0.28595

-1.20011 0.28595
-1.19989 0.286171

-1.19989 0.286172
-1.19981 0.286255

-1.19981 0.286255
-1.19958 0.286473

-1.19958 0.286474
-1.1995 0.28656

-1.1995 0.28656
-1.19928 0.286775

-1.19928 0.286775
-1.19919 0.286865

-1.19919 0.286865
-1.19897 0.287076

-1.19897 0.287077
-1.19888 0.28717

-1.19888 0.28717
-1.19867 0.287378

-1.19867 0.287378
-1.19857 0.287476

-1.19857 0.287476
-1.19836 0.287679

-1.19836 0.287679
-1.19826 0.287781

-1.19826 0.287781
-1.19806 0.28798

-1.19806 0.287981
-1.19795 0.288086

-1.19795 0.288086
-1.19775 0.288281

-1.19775 0.288282
-1.19764 0.288391

-1.19764 0.288391
-1.19745 0.288582

-1.19745 0.288583
-1.19733 0.288696

-1.19733 0.288696
-1.19714 0.288883

-1.19714 0.288883
-1.19702 0.289001

-1.19702 0.289001
-1.19684 0.289184

-1.19684 0.289184
-1.19671 0.289307

-1.19671 0.289307
-1.19653 0.289484

-1.19653 0.289485
-1.1964 0.289612

-1.1964 0.289612
-1.19623 0.289785

-1.19623 0.289785
-1.19609 0.289917

-1.19609 0.289917
-1.19592 0.290085

-1.19592 0.290086
-1.19578 0.290222

-1.19578 0.290222
-1.19562 0.290386

-1.19562 0.290386
-1.19547 0.290527

-1.19547 0.290527
-1.19531 0.290686

-1.19531 0.290686
-1.19516 0.290833

-1.19516 0.290833
-1.19501 0.290986

-1.19501 0.290986
-1.19485 0.291138

-1.19485 0.291138
-1.1947 0.291286

-1.1947 0.291286
-1.19454 0.291443

-1.19454 0.291443
-1.1944 0.291585

-1.1944 0.291586
-1.19423 0.291748

-1.19423 0.291748
-1.19409 0.291885

-1.19409 0.291886
-1.19392 0.292053

-1.19392 0.292053
-1.19379 0.292185

-1.19379 0.292185
-1.19361 0.292358

-1.19361 0.292358
-1.19348 0.292484

-1.19348 0.292485
-1.1933 0.292664

-1.1933 0.292664
-1.19318 0.292784

-1.19318 0.292784
-1.19299 0.292969

-1.19299 0.292969
-1.19287 0.293083

-1.19287 0.293083
-1.19268 0.293274

-1.19268 0.293274
-1.19257 0.293382

-1.19257 0.293382
-1.19236 0.293579

-1.19236 0.293579
-1.19226 0.293681

-1.19226 0.293681
-1.19205 0.293884

-1.19205 0.293884
-1.19196 0.29398

-1.19196 0.29398
-1.19174 0.294189

-1.19174 0.294189
-1.19165 0.294279

-1.19165 0.294279
-1.19143 0.294495

-1.19143 0.294495
-1.19135 0.294577

-1.19135 0.294578
-1.19112 0.2948

-1.19112 0.2948
-1.19104 0.294876

-1.19104 0.294877
-1.19081 0.295105

-1.19081 0.295105
-1.19073 0.295174

-1.19073 0.295175
-1.19049 0.29541

-1.19049 0.29541
-1.19043 0.295473

-1.19043 0.295473
-1.19018 0.295715

-1.19018 0.295715
-1.19012 0.295771

-1.19012 0.295772
-1.18987 0.296021

-1.18987 0.296021
-1.18982 0.296069

-1.18982 0.29607
-1.18956 0.296326

-1.18956 0.296326
-1.18951 0.296367

-1.18951 0.296367
-1.18924 0.296631

-1.18924 0.296631
-1.18921 0.296665

-1.18921 0.296665
-1.18893 0.296936

-1.18893 0.296936
-1.1889 0.296963

-1.1889 0.296963
-1.18862 0.297241

-1.18862 0.297241
-1.1886 0.29726

-1.1886 0.29726
-1.18831 0.297546

-1.18831 0.297546
-1.18829 0.297558

-1.18829 0.297558
-1.18799 0.297852

-1.18799 0.297852
-1.18799 0.297855

-1.18799 0.297855
-1.18768 0.298153

-1.18768 0.298153
-1.18768 0.298157

-1.18768 0.298157
-1.18738 0.29845

-1.18738 0.29845
-1.18737 0.298462

-1.18737 0.298462
-1.18707 0.298747

-1.18707 0.298747
-1.18705 0.298767

-1.18705 0.298767
-1.18677 0.299044

-1.18677 0.299044
-1.18674 0.299072

-1.18674 0.299072
-1.18646 0.299341

-1.18646 0.299341
-1.18642 0.299377

-1.18642 0.299377
-1.18616 0.299637

-1.18616 0.299638
-1.18611 0.299683

-1.18611 0.299683
-1.18585 0.299934

-1.18585 0.299934
-1.1858 0.299988

-1.1858 0.299988
-1.18555 0.30023

-1.18555 0.300231
-1.18548 0.300293

-1.18548 0.300293
-1.18524 0.300526

-1.18524 0.300527
-1.18517 0.300598

-1.18517 0.300598
-1.18494 0.300823

-1.18494 0.300823
-1.18485 0.300903

-1.18485 0.300903
-1.18463 0.301119

-1.18463 0.30112
-1.18454 0.301208

-1.18454 0.301208
-1.18433 0.301415

-1.18433 0.301416
-1.18423 0.301514

-1.18423 0.301514
-1.18402 0.301711

-1.18402 0.301712
-1.18391 0.301819

-1.18391 0.301819
-1.18372 0.302007

-1.18372 0.302008
-1.1836 0.302124

-1.1836 0.302124
-1.18341 0.302303

-1.18341 0.302303
-1.18328 0.302429

-1.18328 0.302429
-1.18311 0.302598

-1.18311 0.302599
-1.18297 0.302734

-1.18297 0.302734
-1.1828 0.302894

-1.1828 0.302894
-1.18265 0.30304

-1.18265 0.30304
-1.1825 0.303189

-1.1825 0.30319
-1.18233 0.303345

-1.18233 0.303345
-1.18219 0.303484

-1.18219 0.303485
-1.18202 0.30365

-1.18202 0.30365
-1.18188 0.30378

-1.18188 0.30378
-1.1817 0.303955

-1.1817 0.303955
-1.18158 0.304075

-1.18158 0.304075
-1.18139 0.30426

-1.18139 0.30426
-1.18127 0.30437

-1.18127 0.30437
-1.18107 0.304565

-1.18107 0.304565
-1.18097 0.304664

-1.18097 0.304665
-1.18076 0.304871

-1.18076 0.304871
-1.18066 0.304959

-1.18066 0.30496
-1.18044 0.305176

-1.18044 0.305176
-1.18036 0.305254

-1.18036 0.305255
-1.18012 0.305481

-1.18012 0.305481
-1.18005 0.305548

-1.18005 0.305549
-1.17981 0.305786

-1.17981 0.305786
-1.17975 0.305843

-1.17975 0.305843
-1.17949 0.306091

-1.17949 0.306091
-1.17944 0.306137

-1.17944 0.306137
-1.17917 0.306396

-1.17917 0.306396
-1.17914 0.306431

-1.17914 0.306431
-1.17886 0.306702

-1.17886 0.306702
-1.17883 0.306725

-1.17883 0.306725
-1.17854 0.307007

-1.17854 0.307007
-1.17853 0.307019

-1.17853 0.307019
-1.17822 0.307312

-1.17822 0.307312
-1.17822 0.307313

-1.17822 0.307313
-1.17792 0.307607

-1.17792 0.307607
-1.17791 0.307617

-1.17791 0.307617
-1.17761 0.3079

-1.17761 0.3079
-1.17759 0.307922

-1.17759 0.307922
-1.17731 0.308194

-1.17731 0.308194
-1.17727 0.308228

-1.17727 0.308228
-1.177 0.308487

-1.177 0.308487
-1.17695 0.308533

-1.17695 0.308533
-1.1767 0.30878

-1.1767 0.30878
-1.17664 0.308838

-1.17664 0.308838
-1.17639 0.309073

-1.17639 0.309074
-1.17632 0.309143

-1.17632 0.309143
-1.17609 0.309366

-1.17609 0.309367
-1.176 0.309448

-1.176 0.309448
-1.17578 0.309659

-1.17578 0.30966
-1.17568 0.309753

-1.17568 0.309753
-1.17548 0.309951

-1.17548 0.309952
-1.17537 0.310059

-1.17537 0.310059
-1.17517 0.310244

-1.17517 0.310245
-1.17505 0.310364

-1.17505 0.310364
-1.17487 0.310537

-1.17487 0.310538
-1.17473 0.310669

-1.17473 0.310669
-1.17456 0.310829

-1.17456 0.31083
-1.17441 0.310974

-1.17441 0.310974
-1.17426 0.311122

-1.17426 0.311123
-1.17409 0.311279

-1.17409 0.311279
-1.17395 0.311414

-1.17395 0.311415
-1.17377 0.311584

-1.17377 0.311584
-1.17365 0.311706

-1.17365 0.311707
-1.17345 0.31189

-1.17345 0.31189
-1.17334 0.311998

-1.17334 0.311999
-1.17313 0.312195

-1.17313 0.312195
-1.17303 0.31229

-1.17303 0.312291
-1.17281 0.3125

-1.15625 0.0020991
-1.15594 0.00209433

-1.15594 0.00209433
-1.15564 0.00208959

-1.15564 0.00208959
-1.15533 0.00208488

-1.15533 0.00208488
-1.15503 0.00208019

-1.15503 0.00208019
-1.15472 0.00207553

-1.15472 0.00207553
-1.15442 0.00207089

-1.15442 0.00207089
-1.15411 0.00206628

-1.15411 0.00206628
-1.15381 0.00206169

-1.15381 0.00206169
-1.1535 0.00205712

-1.1535 0.00205712
-1.1532 0.00205258

-1.1532 0.00205258
-1.15289 0.00204805

-1.15289 0.00204805
-1.15259 0.00204355

-1.15259 0.00204355
-1.15228 0.00203907

-1.15228 0.00203907
-1.15198 0.0020346

-1.15198 0.0020346
-1.15167 0.00203016

-1.15167 0.00203016
-1.15137 0.00202574

-1.15137 0.00202574
-1.15106 0.00202134

-1.15106 0.00202134
-1.15076 0.00201695

-1.15076 0.00201695
-1.15045 0.00201259

-1.15045 0.00201259
-1.15015 0.00200824

-1.15015 0.00200824
-1.14984 0.00200392

-1.14984 0.00200392
-1.14954 0.00199961

-1.14954 0.00199961
-1.14923 0.00199532

-1.14923 0.00199532
-1.14893 0.00199104

-1.14893 0.00199104
-1.14862 0.00198677

-1.14862 0.00198676
-1.14832 0.00198255

-1.14832 0.00198255
-1.14801 0.00197841

-1.14801 0.00197843
-1.14771 0.00197433

-1.14771 0.00197432
-1.1474 0.00197023

-1.1474 0.00197023
-1.14709 0.00196615

-1.14709 0.00196615
-1.14679 0.00196209

-1.14679 0.00196209
-1.14648 0.00195805

-1.14648 0.00195805
-1.14618 0.00195402

-1.14618 0.00195402
-1.14587 0.00195

-1.14587 0.00195
-1.14557 0.00194599

-1.14557 0.00194599
-1.14526 0.001942

-1.14526 0.001942
-1.14496 0.00193802

-1.14496 0.00193802
-1.14465 0.00193404

-1.14465 0.00193404
-1.14435 0.00193008

-1.14435 0.00193008
-1.14404 0.00192612

-1.14404 0.00192612
-1.14374 0.00192216

-1.14374 0.00192216
-1.14343 0.00191821

-1.14343 0.00191821
-1.14313 0.00191427

-1.14313 0.00191427
-1.14282 0.00191033

-1.14282 0.00191033
-1.14252 0.00190639

-1.14252 0.00190639
-1.14221 0.00190245

-1.14221 0.00190245
-1.14191 0.00189852

-1.14191 0.00189852
-1.1416 0.00189459

-1.1416 0.00189459
-1.1413 0.00189067

-1.1413 0.00189067
-1.14099 0.00188675

-1.14099 0.00188675
-1.14069 0.00188284

-1.14069 0.00188284
-1.14038 0.00187894

-1.14038 0.00187894
-1.14008 0.00187506

-1.14008 0.00187505
-1.13977 0.00187119

-1.13977 0.00187119
-1.13947 0.00186734

-1.13947 0.00186734
-1.13916 0.00186352

-1.13916 0.00186352
-1.13885 0.00185972

-1.13885 0.00185972
-1.13855 0.00185595

-1.13855 0.00185595
-1.13824 0.00185222

-1.13824 0.00185222
-1.13794 0.00184852

-1.13794 0.00184852
-1.13763 0.00184486

-1.13763 0.00184487
-1.13733 0.00184123

-1.13733 0.00184124
-1.13702 0.0018376

-1.13702 0.00183762
-1.13672 0.0018339

-1.13641 0.00183002
-1.1365 0.00183105

-1.13641 0.00183002
-1.13611 0.00182616

-1.13672 0.00183392
-1.13649 0.00183105

-1.13611 0.00182616
-1.1358 0.00182237

-1.1358 0.00182238
-1.1355 0.00181864

-1.1355 0.00181865
-1.13519 0.00181496

-1.13519 0.00181496
-1.13489 0.00181131

-1.13489 0.00181131
-1.13458 0.00180769

-1.13458 0.00180769
-1.13428 0.0018041

-1.13428 0.0018041
-1.13397 0.00180055

-1.13397 0.00180055
-1.13367 0.00179702

-1.13367 0.00179702
-1.13336 0.00179353

-1.13336 0.00179353
-1.13306 0.00179006

-1.13306 0.00179006
-1.13275 0.00178662

-1.13275 0.00178662
-1.13245 0.00178321

-1.13245 0.00178321
-1.13214 0.00177982

-1.13214 0.00177982
-1.13184 0.00177646

-1.13184 0.00177647
-1.13153 0.00177313

-1.13153 0.00177313
-1.13123 0.00176983

-1.13123 0.00176983
-1.13092 0.00176654

-1.13092 0.00176654
-1.13062 0.00176329

-1.13062 0.00176329
-1.13031 0.00176005

-1.13031 0.00176005
-1.13 0.00175684

-1.13 0.00175684
-1.1297 0.00175366

-1.1297 0.00175366
-1.12939 0.0017505

-1.12939 0.0017505
-1.12909 0.00174736

-1.12909 0.00174736
-1.12878 0.00174424

-1.12878 0.00174424
-1.12848 0.00174115

-1.12848 0.00174115
-1.12817 0.00173808

-1.12817 0.00173808
-1.12787 0.00173503

-1.12787 0.00173503
-1.12756 0.001732

-1.12756 0.001732
-1.12726 0.00172899

-1.12726 0.00172899
-1.12695 0.001726

-1.12695 0.001726
-1.12665 0.00172303

-1.12665 0.00172303
-1.12634 0.00172008

-1.12634 0.00172008
-1.12604 0.00171715

-1.12604 0.00171715
-1.12573 0.00171423

-1.12573 0.00171423
-1.12543 0.00171133

-1.12543 0.00171133
-1.12512 0.00170844

-1.12512 0.00170845
-1.12482 0.00170557

-1.12482 0.00170557
-1.12451 0.00170271

-1.12451 0.00170271
-1.12421 0.00169986

-1.12421 0.00169986
-1.1239 0.00169702

-1.1239 0.00169702
-1.1236 0.00169419

-1.1236 0.00169419
-1.12329 0.00169136

-1.12329 0.00169136
-1.12299 0.00168854

-1.12299 0.00168854
-1.12268 0.00168573

-1.12268 0.00168573
-1.12238 0.00168291

-1.12238 0.00168291
-1.12207 0.0016801

-1.12207 0.00168009
-1.12177 0.00167729

-1.12177 0.00167729
-1.12146 0.0016745

-1.12146 0.00167451
-1.12115 0.00167174

-1.12115 0.00167174
-1.12085 0.00166898

-1.12085 0.00166898
-1.12054 0.00166623

-1.12054 0.00166623
-1.12024 0.0016635

-1.12024 0.0016635
-1.11993 0.00166077

-1.11993 0.00166077
-1.11963 0.00165805

-1.11963 0.00165805
-1.11932 0.00165534

-1.11932 0.00165534
-1.11902 0.00165263

-1.11902 0.00165263
-1.11871 0.00164993

-1.11871 0.00164993
-1.11841 0.00164723

-1.11841 0.00164723
-1.1181 0.00164454

-1.1181 0.00164454
-1.1178 0.00164184

-1.1178 0.00164184
-1.11749 0.00163915

-1.11749 0.00163915
-1.11719 0.00163645

-1.11719 0.00163645
-1.11688 0.00163375

-1.11688 0.00163375
-1.11658 0.00163105

-1.11658 0.00163105
-1.11627 0.00162834

-1.11627 0.00162834
-1.11597 0.00162563

-1.11597 0.00162563
-1.11566 0.0016229

-1.11566 0.0016229
-1.11536 0.00162017

-1.11536 0.00162017
-1.11505 0.00161743

-1.11505 0.00161743
-1.11475 0.00161469

-1.11475 0.00161469
-1.11444 0.00161193

-1.11444 0.00161193
-1.11414 0.00160917

-1.11414 0.00160917
-1.11383 0.0016064

-1.11383 0.0016064
-1.11353 0.00160362

-1.11353 0.00160362
-1.11322 0.00160085

-1.11322 0.00160084
-1.11292 0.00159807

-1.11292 0.00159806
-1.11261 0.00159529

-1.11261 0.00159529
-1.1123 0.00159251

-1.1123 0.00159251
-1.112 0.00158974

-1.112 0.00158974
-1.11169 0.00158698

-1.11169 0.00158698
-1.11139 0.00158424

-1.11139 0.00158424
-1.11108 0.0015815

-1.11108 0.0015815
-1.11078 0.00157879

-1.11078 0.00157879
-1.11047 0.0015761

-1.11047 0.0015761
-1.11017 0.00157343

-1.11017 0.00157343
-1.10986 0.00157079

-1.10986 0.00157079
-1.10956 0.00156817

-1.10956 0.00156817
-1.10925 0.00156558

-1.10925 0.00156558
-1.10895 0.00156303

-1.10895 0.00156303
-1.10864 0.00156049

-1.10864 0.00156049
-1.10834 0.00155799

-1.10834 0.00155799
-1.10803 0.00155552

-1.10803 0.00155552
-1.10773 0.00155307

-1.10773 0.00155307
-1.10742 0.00155066

-1.10742 0.00155066
-1.10712 0.00154827

-1.10712 0.00154827
-1.10681 0.00154591

-1.10681 0.00154591
-1.10651 0.00154358

-1.10651 0.00154358
-1.1062 0.00154129

-1.1062 0.00154129
-1.1059 0.00153903

-1.1059 0.00153903
-1.10559 0.00153682

-1.10559 0.00153682
-1.10529 0.00153466

-1.10529 0.00153465
-1.10498 0.00153256

-1.10498 0.00153255
-1.10468 0.00153054

-1.10468 0.00153053
-1.10437 0.00152862

-1.10437 0.00152861
-1.10406 0.00152684

-1.10376 0.00152522
-1.10388 0.00152588

-1.10406 0.00152683
-1.10389 0.00152588

-1.10376 0.00152522
-1.10345 0.00152357

-1.10345 0.00152354
-1.10315 0.0015219

-1.10315 0.00152189
-1.10284 0.00152031

-1.10284 0.00152031
-1.10254 0.00151882

-1.10254 0.00151882
-1.10223 0.00151746

-1.10223 0.00151745
-1.10193 0.00151623

-1.10193 0.00151622
-1.10162 0.00151518

-1.10162 0.00151517
-1.10132 0.00151434

-1.10132 0.00151433
-1.10101 0.00151375

-1.10101 0.00151374
-1.10071 0.00151345

-1.10071 0.00151344
-1.1004 0.00151349

-1.1004 0.00151348
-1.1001 0.00151393

-1.1001 0.00151392
-1.09979 0.00151481

-1.09979 0.00151479
-1.09949 0.00151618

-1.09949 0.00151616
-1.09918 0.00151809

-1.09918 0.00151808
-1.09888 0.0015206

-1.09888 0.00152065
-1.09857 0.00152368

-1.09857 0.00152379
-1.09838 0.00152588

-1.09837 0.00152588
-1.09827 0.00152696

-1.09827 0.00152689
-1.09796 0.00153072

-1.09796 0.00153067
-1.09766 0.00153546

-1.09766 0.00153537
-1.09735 0.0015414

-1.09735 0.00154128
-1.09705 0.00154897

-1.09705 0.00154878
-1.09674 0.00155878

-1.09674 0.00155851
-1.09644 0.00157176

-1.09644 0.00157143
-1.09613 0.00158913

-1.09613 0.00158879
-1.09583 0.00161227

-1.09583 0.00161173
-1.09552 0.00164275

-1.09552 0.0016416
-1.09521 0.00168357

-1.09521 0.00168274
-1.09491 0.00173963

-1.09491 0.00173939
-1.0946 0.00181335

-1.0946 0.00181436
-1.09455 0.00183105

-1.09454 0.00183105
-1.0943 0.00190515

-1.0943 0.00190442
-1.09399 0.0020199

-1.09399 0.0020197
-1.09374 0.00213623

-1.09375 0.00213623
-1.09369 0.00216256

-1.09369 0.00216142
-1.09338 0.00232119

-1.09338 0.00232139
-1.09317 0.00244141

-1.09318 0.00244141
-1.09308 0.00249906

-1.09308 0.00249928
-1.09277 0.00268013

-1.09277 0.00268034
-1.09266 0.00274658

-1.09266 0.00274658
-1.09247 0.00286164

-1.09247 0.00286241
-1.09216 0.00303257

-1.09216 0.00303163
-1.09212 0.00305176

-1.09213 0.00305176
-1.09186 0.00319019

-1.09186 0.00319086
-1.09155 0.00333075

-1.09155 0.00333005
-1.09149 0.00335693

-1.09149 0.00335693
-1.09125 0.00345237

-1.09125 0.0034527
-1.09094 0.00355539

-1.09094 0.00355579
-1.09064 0.00363779

-1.09064 0.00363799
-1.09052 0.00366211

-1.09051 0.00366211
-1.09033 0.00369824

-1.09033 0.00369831
-1.09003 0.00373908

-1.09003 0.0037394
-1.08972 0.00375974

-1.08972 0.0037599
-1.08942 0.00375885

-1.08942 0.00375912
-1.08911 0.00373585

-1.0885 0.00361943
-1.08869 0.00366211

-1.0885 0.00361994
-1.0882 0.00352319

-1.0882 0.00352396
-1.08789 0.0033982

-1.08911 0.00373607
-1.08881 0.00368962

-1.08881 0.00368965
-1.08869 0.00366211

-1.0857 0.0
-1.08571 0.000305176

-1.08571 0.000305176
-1.08574 0.000610352

-1.08575 0.000659143
-1.08581 0.000915527

-1.08581 0.000915527
-1.0859 0.0012207

-1.08575 0.00065877
-1.08574 0.000610352

-1.08606 0.00160246
-1.08618 0.00183105

-1.08636 0.00212921
-1.08637 0.00213623

-1.08637 0.00213623
-1.08661 0.00244141

-1.08636 0.0021289
-1.08617 0.00183105

-1.0859 0.0012207
-1.08602 0.00152588

-1.08606 0.00160241
-1.08602 0.00152588

-1.08728 0.0030431
-1.08729 0.00305176

-1.08759 0.00324167
-1.08781 0.00335693

-1.08789 0.00339718
-1.08781 0.00335693

-1.08759 0.00324268
-1.08729 0.00305176

-1.08728 0.00304995
-1.08698 0.00280819

-1.08667 0.00251015
-1.08691 0.00274658

-1.08698 0.00280531
-1.08691 0.00274658

-1.08667 0.00250826
-1.08661 0.00244141

-1.17282 0.3125
-1.17273 0.312582

-1.17273 0.312583
-1.1725 0.312805

-1.1725 0.312805
-1.17242 0.312874

-1.17242 0.312875
-1.17218 0.31311

-1.17218 0.31311
-1.17212 0.313165

-1.17212 0.313166
-1.17186 0.313416

-1.17186 0.313416
-1.17181 0.313457

-1.17181 0.313457
-1.17154 0.313721

-1.17154 0.313721
-1.17151 0.313748

-1.17151 0.313748
-1.17122 0.314026

-1.17122 0.314026
-1.1712 0.314039

-1.1712 0.31404
-1.1709 0.314331

-1.1709 0.314331
-1.17059 0.314622

-1.17059 0.314622
-1.17058 0.314636

-1.17058 0.314636
-1.17029 0.314913

-1.17029 0.314913
-1.17026 0.314941

-1.17026 0.314941
-1.16998 0.315203

-1.16998 0.315203
-1.16994 0.315247

-1.16994 0.315247
-1.16968 0.315494

-1.16968 0.315494
-1.16962 0.315552

-1.16962 0.315552
-1.16937 0.315784

-1.16937 0.315785
-1.1693 0.315857

-1.1693 0.315857
-1.16907 0.316074

-1.16907 0.316075
-1.16898 0.316162

-1.16898 0.316162
-1.16876 0.316365

-1.16876 0.316366
-1.16866 0.316467

-1.16866 0.316467
-1.16846 0.316655

-1.16846 0.316656
-1.16833 0.316772

-1.16833 0.316772
-1.16815 0.316945

-1.16815 0.316946
-1.16801 0.317078

-1.16801 0.317078
-1.16785 0.317235

-1.16785 0.317236
-1.16769 0.317383

-1.16769 0.317383
-1.16754 0.317525

-1.16754 0.317526
-1.16737 0.317688

-1.16737 0.317688
-1.16724 0.317815

-1.16724 0.317816
-1.16705 0.317993

-1.16705 0.317993
-1.16693 0.318105

-1.16693 0.318106
-1.16673 0.318298

-1.16673 0.318298
-1.16663 0.318394

-1.16663 0.318396
-1.1664 0.318604

-1.16641 0.318604
-1.16632 0.318684

-1.16632 0.318685
-1.16608 0.318909

-1.16608 0.318909
-1.16602 0.318973

-1.16602 0.318974
-1.16576 0.319214

-1.16576 0.319214
-1.16571 0.319263

-1.16571 0.319263
-1.16544 0.319519

-1.16544 0.319519
-1.16541 0.319552

-1.16541 0.319552
-1.16512 0.319824

-1.16512 0.319824
-1.1651 0.319841

-1.1651 0.319841
-1.1648 0.320129

-1.16479 0.32013
-1.16449 0.320419

-1.16449 0.320419
-1.16447 0.320435

-1.16447 0.320435
-1.16418 0.320707

-1.16418 0.320707
-1.16415 0.32074

-1.16415 0.32074
-1.16388 0.320996

-1.16388 0.320996
-1.16383 0.321045

-1.16383 0.321045
-1.16357 0.321284

-1.16357 0.321285
-1.1635 0.32135

-1.16351 0.32135
-1.16327 0.321572

-1.16327 0.321573
-1.16318 0.321655

-1.16318 0.321655
-1.16296 0.32186

-1.16296 0.321861
-1.16286 0.32196

-1.16286 0.32196
-1.16266 0.322148

-1.16266 0.32215
-1.16254 0.322266

-1.16254 0.322266
-1.16235 0.322436

-1.16235 0.322438
-1.16221 0.322571

-1.16221 0.322571
-1.16205 0.322725

-1.16205 0.322726
-1.16189 0.322876

-1.16189 0.322876
-1.16174 0.323012

-1.16174 0.323014
-1.16156 0.323181

-1.16156 0.323181
-1.16144 0.3233

-1.16144 0.323302
-1.16124 0.323486

-1.16124 0.323486
-1.16113 0.323588

-1.16113 0.323589
-1.16092 0.323792

-1.16092 0.323792
-1.16083 0.323875

-1.16083 0.323877
-1.16059 0.324097

-1.16059 0.324097
-1.16052 0.324163

-1.16052 0.324164
-1.16027 0.324402

-1.16027 0.324402
-1.16022 0.32445

-1.16022 0.32445
-1.15994 0.324707

-1.15994 0.324707
-1.15991 0.324737

-1.15991 0.324738
-1.15962 0.325012

-1.15962 0.325012
-1.15961 0.325024

-1.15961 0.325025
-1.1593 0.325312

-1.1593 0.325312
-1.1593 0.325317

-1.1593 0.325317
-1.159 0.325598

-1.159 0.325598
-1.15897 0.325623

-1.15897 0.325623
-1.15869 0.325885

-1.15869 0.325885
-1.15865 0.325928

-1.15865 0.325928
-1.15839 0.326172

-1.15839 0.326172
-1.15832 0.326233

-1.15832 0.326233
-1.15808 0.326458

-1.15808 0.326459
-1.158 0.326538

-1.158 0.326538
-1.15778 0.326743

-1.15778 0.326745
-1.15767 0.326843

-1.15767 0.326843
-1.15747 0.32703

-1.15747 0.327031
-1.15735 0.327148

-1.15735 0.327148
-1.15717 0.327316

-1.15717 0.327318
-1.15702 0.327454

-1.15702 0.327454
-1.15686 0.327603

-1.15686 0.327604
-1.15669 0.327759

-1.15669 0.327759
-1.15656 0.327889

-1.15656 0.32789
-1.15637 0.328064

-1.15637 0.328064
-1.15625 0.328175

-1.15625 0.328176
-1.15604 0.328369

-1.15604 0.328369
-1.15594 0.32846

-1.15594 0.328462
-1.15572 0.328674

-1.15572 0.328674
-1.15564 0.328746

-1.15564 0.328747
-1.15539 0.328979

-1.15539 0.328979
-1.15533 0.329032

-1.15533 0.329032
-1.15506 0.329285

-1.15506 0.329285
-1.15503 0.329317

-1.15503 0.329317
-1.15474 0.32959

-1.15474 0.32959
-1.15472 0.329602

-1.15472 0.329603
-1.15442 0.329888

-1.15442 0.329888
-1.15441 0.329895

-1.15441 0.329895
-1.15411 0.330173

-1.15411 0.330173
-1.15408 0.3302

-1.15408 0.3302
-1.15381 0.330458

-1.15381 0.330458
-1.15376 0.330505

-1.15376 0.330505
-1.1535 0.330743

-1.1535 0.330743
-1.15343 0.330811

-1.15343 0.330811
-1.1532 0.331027

-1.1532 0.331028
-1.1531 0.331116

-1.15311 0.331116
-1.15289 0.331311

-1.15289 0.331313
-1.15278 0.331421

-1.15278 0.331421
-1.15259 0.331596

-1.15259 0.331598
-1.15245 0.331726

-1.15245 0.331726
-1.15228 0.331881

-1.15228 0.331882
-1.15212 0.332031

-1.15212 0.332031
-1.15198 0.332165

-1.15198 0.332167
-1.15179 0.332336

-1.15179 0.332336
-1.15167 0.33245

-1.15167 0.332451
-1.15147 0.332642

-1.15147 0.332642
-1.15137 0.332734

-1.15137 0.332735
-1.15114 0.332947

-1.15114 0.332947
-1.15106 0.333018

-1.15106 0.333019
-1.15081 0.333252

-1.15081 0.333252
-1.15076 0.333302

-1.15076 0.333302
-1.15048 0.333557

-1.15048 0.333557
-1.15045 0.333586

-1.15045 0.333586
-1.15015 0.333862

-1.15015 0.333862
-1.15015 0.33387

-1.15015 0.33387
-1.14984 0.334153

-1.14984 0.334153
-1.14983 0.334167

-1.14983 0.334167
-1.14954 0.334437

-1.14954 0.334437
-1.1495 0.334473

-1.1495 0.334473
-1.14923 0.33472

-1.14923 0.33472
-1.14917 0.334778

-1.14917 0.334778
-1.14893 0.335003

-1.14893 0.335004
-1.14884 0.335083

-1.14884 0.335083
-1.14862 0.335286

-1.14862 0.335287
-1.14851 0.335388

-1.14851 0.335388
-1.14832 0.335569

-1.14832 0.335571
-1.14818 0.335693

-1.14818 0.335693
-1.14801 0.335852

-1.14801 0.335854
-1.14785 0.335999

-1.14785 0.335999
-1.14771 0.336135

-1.14771 0.336137
-1.14752 0.336304

-1.14752 0.336304
-1.1474 0.336418

-1.1474 0.33642
-1.14719 0.336609

-1.14719 0.336609
-1.14709 0.336701

-1.14709 0.336702
-1.14686 0.336914

-1.14686 0.336914
-1.14679 0.336984

-1.14679 0.336984
-1.14654 0.337219

-1.14653 0.337219
-1.14648 0.337266

-1.14648 0.337266
-1.14621 0.337524

-1.14621 0.337524
-1.14618 0.337548

-1.14618 0.337549
-1.14588 0.33783

-1.14588 0.33783
-1.14587 0.337831

-1.14587 0.337831
-1.14557 0.338113

-1.14557 0.338113
-1.14555 0.338135

-1.14555 0.338135
-1.14526 0.338395

-1.14526 0.338395
-1.14522 0.33844

-1.14522 0.33844
-1.14496 0.338677

-1.14496 0.338677
-1.14488 0.338745

-1.14489 0.338745
-1.14465 0.338958

-1.14465 0.338959
-1.14455 0.33905

-1.14456 0.33905
-1.14435 0.339239

-1.14435 0.339241
-1.14422 0.339355

-1.14422 0.339355
-1.14404 0.339521

-1.14404 0.339523
-1.14389 0.339661

-1.14389 0.339661
-1.14374 0.339803

-1.14374 0.339805
-1.14356 0.339966

-1.14356 0.339966
-1.14343 0.340085

-1.14343 0.340087
-1.14323 0.340271

-1.14323 0.340271
-1.14313 0.340366

-1.14313 0.340367
-1.1429 0.340576

-1.1429 0.340576
-1.14282 0.340647

-1.14282 0.340648
-1.14257 0.340881

-1.14257 0.340881
-1.14252 0.340929

-1.14252 0.340929
-1.14224 0.341187

-1.14224 0.341187
-1.14221 0.34121

-1.14221 0.34121
-1.14191 0.341491

-1.14191 0.341491
-1.14191 0.341492

-1.14191 0.341492
-1.1416 0.341772

-1.1416 0.341772
-1.14157 0.341797

-1.14157 0.341797
-1.1413 0.342052

-1.1413 0.342052
-1.14124 0.342102

-1.14124 0.342102
-1.14099 0.342333

-1.14099 0.342333
-1.14091 0.342407

-1.14091 0.342407
-1.14069 0.342613

-1.14069 0.342614
-1.14058 0.342712

-1.14058 0.342712
-1.14038 0.342893

-1.14038 0.342894
-1.14025 0.343018

-1.14025 0.343018
-1.14008 0.343173

-1.14008 0.343175
-1.13991 0.343323

-1.13991 0.343323
-1.13977 0.343453

-1.13977 0.343455
-1.13958 0.343628

-1.13958 0.343628
-1.13947 0.343734

-1.13947 0.343735
-1.13925 0.343933

-1.13925 0.343933
-1.13916 0.344014

-1.13916 0.344015
-1.13892 0.344238

-1.13892 0.344238
-1.13885 0.344294

-1.13885 0.344294
-1.13858 0.344543

-1.13858 0.344543
-1.13855 0.344574

-1.13855 0.344574
-1.13825 0.344849

-1.13825 0.344849
-1.13824 0.344853

-1.13824 0.344854
-1.13794 0.345133

-1.13794 0.345133
-1.13792 0.345154

-1.13792 0.345154
-1.13763 0.345413

-1.13763 0.345413
-1.13758 0.345459

-1.13758 0.345459
-1.13733 0.345692

-1.13733 0.345692
-1.13725 0.345764

-1.13725 0.345764
-1.13702 0.34597

-1.13702 0.345972
-1.13692 0.346069

-1.13692 0.346069
-1.13672 0.346249

-1.13672 0.346251
-1.13658 0.346375

-1.13658 0.346375
-1.13641 0.346528

-1.13641 0.34653
-1.13625 0.34668

-1.13625 0.34668
-1.13611 0.346808

-1.13611 0.34681
-1.13591 0.346985

-1.13592 0.346985
-1.1358 0.347087

-1.1358 0.347088
-1.13558 0.34729

-1.13558 0.34729
-1.1355 0.347365

-1.1355 0.347366
-1.13525 0.347595

-1.13525 0.347595
-1.13519 0.347644

-1.13519 0.347645
-1.13491 0.3479

-1.13491 0.3479
-1.13489 0.347923

-1.13489 0.347923
-1.13458 0.348201

-1.13458 0.348201
-1.13458 0.348206

-1.13458 0.348206
-1.13428 0.34848

-1.13428 0.34848
-1.13424 0.348511

-1.13424 0.348511
-1.13397 0.348758

-1.13397 0.348758
-1.13391 0.348816

-1.13391 0.348816
-1.13367 0.349036

-1.13367 0.349036
-1.13357 0.349121

-1.13357 0.349121
-1.13336 0.349313

-1.13336 0.349315
-1.13324 0.349426

-1.13324 0.349426
-1.13306 0.349591

-1.13306 0.349593
-1.1329 0.349731

-1.1329 0.349731
-1.13275 0.349869

-1.13275 0.349871
-1.13257 0.350037

-1.13257 0.350037
-1.13245 0.350147

-1.13245 0.350149
-1.13223 0.350342

-1.13223 0.350342
-1.13214 0.350425

-1.13214 0.350426
-1.1319 0.350647

-1.1319 0.350647
-1.13184 0.350702

-1.13184 0.350703
-1.13156 0.350952

-1.13156 0.350952
-1.13153 0.35098

-1.13153 0.35098
-1.13123 0.351257

-1.13123 0.351257
-1.13092 0.351535

-1.13092 0.351535
-1.13089 0.351562

-1.13089 0.351562
-1.13062 0.351812

-1.13062 0.351812
-1.13055 0.351868

-1.13055 0.351868
-1.13031 0.352089

-1.13031 0.352089
-1.13022 0.352173

-1.13022 0.352173
-1.13 0.352365

-1.13 0.352366
-1.12988 0.352478

-1.12988 0.352478
-1.1297 0.352641

-1.1297 0.352643
-1.12954 0.352783

-1.12954 0.352783
-1.12939 0.352918

-1.12939 0.352921
-1.12921 0.353088

-1.12921 0.353088
-1.12909 0.353195

-1.12909 0.353197
-1.12887 0.353394

-1.12887 0.353394
-1.12878 0.353472

-1.12878 0.353473
-1.12853 0.353699

-1.12853 0.353699
-1.12848 0.353748

-1.12848 0.353749
-1.1282 0.354004

-1.1282 0.354004
-1.12817 0.354025

-1.12817 0.354025
-1.12787 0.354301

-1.12787 0.354301
-1.12786 0.354309

-1.12786 0.354309
-1.12756 0.354577

-1.12756 0.354577
-1.12752 0.354614

-1.12752 0.354614
-1.12726 0.354853

-1.12726 0.354854
-1.12719 0.354919

-1.12719 0.354919
-1.12695 0.355129

-1.12695 0.35513
-1.12685 0.355225

-1.12685 0.355225
-1.12665 0.355404

-1.12665 0.355406
-1.12651 0.35553

-1.12651 0.35553
-1.12634 0.35568

-1.12634 0.355682
-1.12617 0.355835

-1.12617 0.355835
-1.12604 0.355956

-1.12604 0.355958
-1.12583 0.35614

-1.12583 0.35614
-1.12573 0.356232

-1.12573 0.356233
-1.1255 0.356445

-1.1255 0.356445
-1.12543 0.356507

-1.12543 0.356508
-1.12516 0.35675

-1.12516 0.35675
-1.12512 0.356782

-1.12512 0.356783
-1.12482 0.357056

-1.12482 0.357056
-1.12482 0.357058

-1.12482 0.357058
-1.12451 0.357333

-1.12451 0.357333
-1.12448 0.357361

-1.12448 0.357361
-1.12421 0.357608

-1.12421 0.357608
-1.12414 0.357666

-1.12414 0.357666
-1.1239 0.357883

-1.1239 0.357883
-1.1238 0.357971

-1.1238 0.357971
-1.1236 0.358157

-1.1236 0.358159
-1.12346 0.358276

-1.12347 0.358276
-1.12329 0.358432

-1.12329 0.358434
-1.12313 0.358582

-1.12313 0.358582
-1.12299 0.358707

-1.12299 0.358709
-1.12279 0.358887

-1.12279 0.358887
-1.12268 0.358981

-1.12268 0.358982
-1.12245 0.359192

-1.12245 0.359192
-1.12238 0.359256

-1.12238 0.359256
-1.12211 0.359497

-1.12211 0.359497
-1.12207 0.35953

-1.12207 0.359531
-1.12177 0.359802

-1.12177 0.359802
-1.12177 0.359805

-1.12177 0.359805
-1.12146 0.360079

-1.12146 0.360079
-1.12143 0.360107

-1.12143 0.360107
-1.12115 0.360353

-1.12115 0.360353
-1.12109 0.360413

-1.12109 0.360413
-1.12085 0.360627

-1.12085 0.360627
-1.12075 0.360718

-1.12075 0.360718
-1.12054 0.3609

-1.12054 0.360902
-1.12041 0.361023

-1.12041 0.361023
-1.12024 0.361174

-1.12024 0.361176
-1.12007 0.361328

-1.12007 0.361328
-1.11993 0.361448

-1.11993 0.36145
-1.11973 0.361633

-1.11973 0.361633
-1.11963 0.361721

-1.11963 0.361722
-1.11939 0.361938

-1.11939 0.361938
-1.11932 0.361995

-1.11932 0.361996
-1.11905 0.362244

-1.11905 0.362244
-1.11902 0.362268

-1.11902 0.362269
-1.11871 0.362542

-1.11871 0.362542
-1.11871 0.362549

-1.11871 0.362549
-1.11841 0.362815

-1.11841 0.362815
-1.11836 0.362854

-1.11836 0.362854
-1.1181 0.363088

-1.1181 0.363089
-1.11802 0.363159

-1.11802 0.363159
-1.1178 0.363361

-1.1178 0.363362
-1.11768 0.363464

-1.11768 0.363464
-1.11749 0.363633

-1.11749 0.363635
-1.11734 0.36377

-1.11734 0.36377
-1.11719 0.363906

-1.11719 0.363909
-1.117 0.364075

-1.117 0.364075
-1.11688 0.364179

-1.11688 0.36418
-1.11666 0.36438

-1.11666 0.36438
-1.11658 0.364452

-1.11658 0.364453
-1.11632 0.364685

-1.11632 0.364685
-1.11627 0.364724

-1.11627 0.364725
-1.11597 0.36499

-1.11597 0.36499
-1.11597 0.364997

-1.11597 0.364997
-1.11566 0.36527

-1.11566 0.36527
-1.11563 0.365295

-1.11563 0.365295
-1.11536 0.365542

-1.11536 0.365542
-1.11529 0.365601

-1.11529 0.365601
-1.11505 0.365814

-1.11505 0.365814
-1.11495 0.365906

-1.11495 0.365906
-1.11475 0.366085

-1.11475 0.366087
-1.11461 0.366211

-1.11461 0.366211
-1.11444 0.366357

-1.11444 0.366359
-1.11426 0.366516

-1.11426 0.366516
-1.11414 0.366629

-1.11414 0.366631
-1.11392 0.366821

-1.11392 0.366821
-1.11383 0.366901

-1.11383 0.366902
-1.11358 0.367126

-1.11358 0.367126
-1.11353 0.367173

-1.11353 0.367173
-1.11324 0.367432

-1.11323 0.367432
-1.11322 0.367444

-1.11322 0.367445
-1.11292 0.367716

-1.11292 0.367716
-1.11289 0.367737

-1.11289 0.367737
-1.11261 0.367988

-1.11261 0.367988
-1.11255 0.368042

-1.11255 0.368042
-1.1123 0.368259

-1.1123 0.368259
-1.11221 0.368347

-1.11221 0.368347
-1.112 0.368529

-1.112 0.368531
-1.11186 0.368652

-1.11186 0.368652
-1.11169 0.3688

-1.11169 0.368803
-1.11152 0.368958

-1.11152 0.368958
-1.11139 0.369072

-1.11139 0.369073
-1.11117 0.369263

-1.11117 0.369263
-1.11108 0.369343

-1.11108 0.369343
-1.11083 0.369568

-1.11083 0.369568
-1.11078 0.369614

-1.11078 0.369614
-1.11049 0.369873

-1.11049 0.369873
-1.11047 0.369884

-1.11047 0.369885
-1.11017 0.370155

-1.11017 0.370155
-1.11014 0.370178

-1.11014 0.370178
-1.10986 0.370426

-1.10986 0.370426
-1.1098 0.370483

-1.1098 0.370483
-1.10956 0.370696

-1.10956 0.370697
-1.10945 0.370789

-1.10946 0.370789
-1.10925 0.370966

-1.10925 0.370968
-1.10911 0.371094

-1.10911 0.371094
-1.10895 0.371236

-1.10895 0.371239
-1.10876 0.371399

-1.10876 0.371399
-1.10864 0.371506

-1.10864 0.371508
-1.10842 0.371704

-1.10842 0.371704
-1.10834 0.371777

-1.10834 0.371777
-1.10808 0.372009

-1.10807 0.372009
-1.10803 0.372047

-1.10803 0.372047
-1.10773 0.372314

-1.10773 0.372314
-1.10773 0.372317

-1.10773 0.372317
-1.10742 0.372587

-1.10742 0.372587
-1.10738 0.37262

-1.10738 0.37262
-1.10712 0.372857

-1.10712 0.372857
-1.10704 0.372925

-1.10704 0.372925
-1.10681 0.373126

-1.10681 0.373127
-1.10669 0.37323

-1.1067 0.37323
-1.10651 0.373394

-1.10651 0.373397
-1.10635 0.373535

-1.10635 0.373535
-1.1062 0.373664

-1.1062 0.373667
-1.106 0.37384

-1.106 0.37384
-1.1059 0.373934

-1.1059 0.373935
-1.10566 0.374146

-1.10566 0.374146
-1.10559 0.374203

-1.10559 0.374204
-1.10531 0.374451

-1.10531 0.374451
-1.10529 0.374473

-1.10529 0.374473
-1.10498 0.374742

-1.10498 0.374742
-1.10496 0.374756

-1.10496 0.374756
-1.10468 0.375011

-1.10468 0.375011
-1.10462 0.375061

-1.10462 0.375061
-1.10437 0.37528

-1.10437 0.37528
-1.10427 0.375366

-1.10427 0.375366
-1.10406 0.375548

-1.10406 0.37555
-1.10393 0.375671

-1.10393 0.375671
-1.10376 0.375816

-1.10376 0.375819
-1.10358 0.375977

-1.10358 0.375977
-1.10345 0.376085

-1.10345 0.376087
-1.10323 0.376282

-1.10323 0.376282
-1.10315 0.376354

-1.10315 0.376355
-1.10289 0.376587

-1.10288 0.376587
-1.10284 0.376623

-1.10284 0.376623
-1.10254 0.376892

-1.10254 0.376892
-1.10254 0.376892

-1.10254 0.376892
-1.10223 0.37716

-1.10223 0.37716
-1.10219 0.377197

-1.10219 0.377197
-1.10193 0.377428

-1.10193 0.377428
-1.10184 0.377502

-1.10184 0.377502
-1.10162 0.377696

-1.10162 0.377697
-1.1015 0.377808

-1.1015 0.377808
-1.10132 0.377963

-1.10132 0.377965
-1.10115 0.378113

-1.10115 0.378113
-1.10101 0.378231

-1.10101 0.378233
-1.1008 0.378418

-1.1008 0.378418
-1.10071 0.378499

-1.10071 0.3785
-1.10045 0.378723

-1.10045 0.378723
-1.1004 0.378767

-1.1004 0.378767
-1.10011 0.379028

-1.1001 0.379028
-1.1001 0.379035

-1.1001 0.379035
-1.09979 0.379303

-1.09979 0.379303
-1.09976 0.379333

-1.09976 0.379333
-1.09949 0.37957

-1.09949 0.37957
-1.09941 0.379639

-1.09941 0.379639
-1.09918 0.379837

-1.09918 0.379838
-1.09906 0.379944

-1.09906 0.379944
-1.09888 0.380103

-1.09888 0.380106
-1.09871 0.380249

-1.09871 0.380249
-1.09857 0.380371

-1.09857 0.380373
-1.09836 0.380554

-1.09836 0.380554
-1.09827 0.380638

-1.09827 0.380639
-1.09801 0.380859

-1.09801 0.380859
-1.09796 0.380906

-1.09796 0.380906
-1.09767 0.381165

-1.09767 0.381165
-1.09766 0.381172

-1.09766 0.381173
-1.09735 0.38144

-1.09735 0.38144
-1.09732 0.38147

-1.09732 0.38147
-1.09705 0.381707

-1.09705 0.381707
-1.09697 0.381775

-1.09697 0.381775
-1.09674 0.381973

-1.09674 0.381974
-1.09662 0.38208

-1.09662 0.38208
-1.09644 0.382238

-1.09644 0.382241
-1.09627 0.382385

-1.09627 0.382385
-1.09613 0.382505

-1.09613 0.382507
-1.09592 0.38269

-1.09592 0.38269
-1.09583 0.382772

-1.09583 0.382773
-1.09557 0.382996

-1.09557 0.382996
-1.09552 0.383038

-1.09552 0.383039
-1.09522 0.383301

-1.09522 0.383301
-1.09521 0.383305

-1.09521 0.383305
-1.09491 0.383571

-1.09491 0.383571
-1.09487 0.383606

-1.09487 0.383606
-1.0946 0.383837

-1.0946 0.383838
-1.09452 0.383911

-1.09452 0.383911
-1.0943 0.384103

-1.0943 0.384104
-1.09417 0.384216

-1.09417 0.384216
-1.09399 0.384368

-1.09399 0.384371
-1.09382 0.384521

-1.09382 0.384521
-1.09369 0.384634

-1.09369 0.384636
-1.09347 0.384827

-1.09347 0.384827
-1.09338 0.3849

-1.09338 0.384901
-1.09312 0.385132

-1.09312 0.385132
-1.09308 0.385166

-1.09308 0.385166
-1.09277 0.385432

-1.09277 0.385432
-1.09277 0.385437

-1.09277 0.385437
-1.09247 0.385697

-1.09247 0.385697
-1.09242 0.385742

-1.09242 0.385742
-1.09216 0.385963

-1.09216 0.385963
-1.09207 0.386047

-1.09207 0.386047
-1.09186 0.386227

-1.09186 0.386229
-1.09171 0.386353

-1.09172 0.386353
-1.09155 0.386492

-1.09155 0.386495
-1.09136 0.386658

-1.09136 0.386658
-1.09125 0.386758

-1.09125 0.386759
-1.09101 0.386963

-1.09101 0.386963
-1.09094 0.387023

-1.09094 0.387023
-1.09066 0.387268

-1.09066 0.387268
-1.09064 0.387288

-1.09064 0.387288
-1.09033 0.387553

-1.09033 0.387553
-1.09031 0.387573

-1.09031 0.387573
-1.09003 0.387818

-1.09003 0.387818
-1.08996 0.387878

-1.08996 0.387878
-1.08972 0.388083

-1.08972 0.388083
-1.08961 0.388184

-1.08961 0.388184
-1.08942 0.388346

-1.08942 0.388349
-1.08925 0.388489

-1.08925 0.388489
-1.08911 0.388611

-1.08911 0.388613
-1.0889 0.388794

-1.0889 0.388794
-1.08881 0.388876

-1.08881 0.388876
-1.08855 0.389099

-1.08855 0.389099
-1.0885 0.38914

-1.0885 0.389141
-1.0882 0.389404

-1.0882 0.389405
-1.08789 0.389669

-1.08789 0.389669
-1.08784 0.389709

-1.08784 0.389709
-1.08759 0.389933

-1.08759 0.389933
-1.08749 0.390015

-1.08749 0.390015
-1.08728 0.390197

-1.08728 0.390198
-1.08714 0.39032

-1.08714 0.39032
-1.08698 0.39046

-1.08698 0.390462
-1.08678 0.390625

-1.08679 0.390625
-1.08667 0.390724

-1.08667 0.390725
-1.08643 0.39093

-1.08643 0.39093
-1.08636 0.390988

-1.08636 0.390989
-1.08608 0.391235

-1.08608 0.391235
-1.08606 0.391252

-1.08606 0.391252
-1.08575 0.391516

-1.08575 0.391516
-1.08573 0.391541

-1.08573 0.391541
-1.08545 0.39178

-1.08545 0.39178
-1.08537 0.391846

-1.08537 0.391846
-1.08514 0.392043

-1.08514 0.392044
-1.08502 0.392151

-1.08502 0.392151
-1.08484 0.392305

-1.08484 0.392308
-1.08466 0.392456

-1.08467 0.392456
-1.08453 0.392569

-1.08453 0.39257
-1.08431 0.392761

-1.08431 0.392761
-1.08423 0.392832

-1.08423 0.392833
-1.08396 0.393066

-1.08396 0.393066
-1.08392 0.393095

-1.08392 0.393096
-1.08362 0.393359

-1.08362 0.393359
-1.0836 0.393372

-1.0836 0.393372
-1.08331 0.393622

-1.08331 0.393622
-1.08325 0.393677

-1.08325 0.393677
-1.08301 0.393885

-1.08301 0.393885
-1.08289 0.393982

-1.0829 0.393982
-1.0827 0.394147

-1.0827 0.394149
-1.08254 0.394287

-1.08254 0.394287
-1.0824 0.394409

-1.0824 0.394411
-1.08219 0.394592

-1.08219 0.394592
-1.08209 0.394672

-1.08209 0.394673
-1.08183 0.394897

-1.08183 0.394897
-1.08179 0.394935

-1.08179 0.394935
-1.08148 0.395198

-1.08148 0.395198
-1.08148 0.395203

-1.08148 0.395203
-1.08118 0.39546

-1.08118 0.39546
-1.08112 0.395508

-1.08112 0.395508
-1.08087 0.395723

-1.08087 0.395723
-1.08077 0.395813

-1.08077 0.395813
-1.08057 0.395984

-1.08057 0.395986
-1.08041 0.396118

-1.08041 0.396118
-1.08026 0.396246

-1.08026 0.396248
-1.08006 0.396423

-1.08006 0.396423
-1.07996 0.396508

-1.07996 0.396509
-1.0797 0.396729

-1.0797 0.396729
-1.07965 0.396771

-1.07965 0.396771
-1.07935 0.397033

-1.07935 0.397033
-1.07934 0.397034

-1.07934 0.397034
-1.07904 0.397295

-1.07904 0.397295
-1.07899 0.397339

-1.07899 0.397339
-1.07874 0.397557

-1.07874 0.397557
-1.07863 0.397644

-1.07863 0.397644
-1.07843 0.397818

-1.07843 0.39782
-1.07828 0.397949

-1.07828 0.397949
-1.07812 0.398079

-1.07812 0.398081
-1.07792 0.398254

-1.07792 0.398254
-1.07782 0.398341

-1.07782 0.398342
-1.07757 0.39856

-1.07756 0.39856
-1.07751 0.398602

-1.07751 0.398603
-1.07721 0.398864

-1.07721 0.398864
-1.07721 0.398865

-1.07721 0.398865
-1.0769 0.399126

-1.0769 0.399126
-1.07685 0.39917

-1.07685 0.39917
-1.0766 0.399387

-1.0766 0.399387
-1.0765 0.399475

-1.0765 0.399475
-1.07629 0.399647

-1.07629 0.399649
-1.07614 0.39978

-1.07614 0.39978
-1.07599 0.399908

-1.07599 0.39991
-1.07578 0.400085

-1.07578 0.400085
-1.07568 0.400169

-1.07568 0.40017
-1.07543 0.400391

-1.07543 0.400391
-1.07538 0.40043

-1.07538 0.400431
-1.07507 0.400692

-1.07507 0.400692
-1.07507 0.400696

-1.07507 0.400696
-1.07477 0.400953

-1.07477 0.400953
-1.07471 0.401001

-1.07471 0.401001
-1.07446 0.401213

-1.07446 0.401214
-1.07435 0.401306

-1.07436 0.401306
-1.07416 0.401473

-1.07416 0.401475
-1.074 0.401611

-1.074 0.401611
-1.07385 0.401733

-1.07385 0.401735
-1.07364 0.401917

-1.07364 0.401917
-1.07355 0.401994

-1.07355 0.401995
-1.07328 0.402222

-1.07328 0.402222
-1.07324 0.402255

-1.07324 0.402255
-1.07294 0.402516

-1.07294 0.402516
-1.07292 0.402527

-1.07292 0.402527
-1.07263 0.402776

-1.07263 0.402776
-1.07257 0.402832

-1.07257 0.402832
-1.07233 0.403036

-1.07233 0.403037
-1.07221 0.403137

-1.07221 0.403137
-1.07202 0.403295

-1.07202 0.403298
-1.07185 0.403442

-1.07185 0.403442
-1.07172 0.403555

-1.07172 0.403557
-1.07149 0.403748

-1.07149 0.403748
-1.07141 0.403816

-1.07141 0.403816
-1.07113 0.404053

-1.07113 0.404053
-1.07111 0.404075

-1.07111 0.404076
-1.0708 0.404336

-1.0708 0.404336
-1.07077 0.404358

-1.07077 0.404358
-1.0705 0.404596

-1.0705 0.404596
-1.07042 0.404663

-1.07042 0.404663
-1.07019 0.404855

-1.07019 0.404856
-1.07006 0.404968

-1.07006 0.404968
-1.06989 0.405114

-1.06989 0.405116
-1.0697 0.405273

-1.0697 0.405273
-1.06958 0.405374

-1.06958 0.405375
-1.06934 0.405579

-1.06934 0.405579
-1.06927 0.405633

-1.06927 0.405634
-1.06898 0.405884

-1.06898 0.405884
-1.06897 0.405893

-1.06897 0.405893
-1.06866 0.406153

-1.06866 0.406153
-1.06862 0.406189

-1.06862 0.406189
-1.06836 0.406412

-1.06836 0.406412
-1.06826 0.406494

-1.06826 0.406494
-1.06805 0.406671

-1.06805 0.406672
-1.0679 0.406799

-1.0679 0.406799
-1.06775 0.406929

-1.06775 0.406931
-1.06754 0.407104

-1.06754 0.407104
-1.06744 0.407188

-1.06744 0.407189
-1.06718 0.40741

-1.06718 0.40741
-1.06714 0.407447

-1.06714 0.407448
-1.06683 0.407707

-1.06683 0.407707
-1.06682 0.407715

-1.06682 0.407715
-1.06653 0.407966

-1.06653 0.407966
-1.06646 0.40802

-1.06646 0.40802
-1.06622 0.408224

-1.06622 0.408225
-1.0661 0.408325

-1.06611 0.408325
-1.06592 0.408482

-1.06592 0.408485
-1.06574 0.40863

-1.06574 0.40863
-1.06561 0.408741

-1.06561 0.408742
-1.06538 0.408936

-1.06538 0.408936
-1.06531 0.408999

-1.06531 0.409
-1.06502 0.409241

-1.06502 0.409241
-1.065 0.409258

-1.065 0.409259
-1.0647 0.409517

-1.0647 0.409517
-1.06466 0.409546

-1.06466 0.409546
-1.06439 0.409775

-1.06439 0.409776
-1.0643 0.409851

-1.0643 0.409851
-1.06409 0.410033

-1.06409 0.410035
-1.06394 0.410156

-1.06394 0.410156
-1.06378 0.41029

-1.06378 0.410293
-1.06358 0.410461

-1.06358 0.410461
-1.06348 0.410549

-1.06348 0.41055
-1.06322 0.410767

-1.06322 0.410767
-1.06317 0.410807

-1.06317 0.410808
-1.06287 0.411066

-1.06287 0.411066
-1.06286 0.411072

-1.06286 0.411072
-1.06256 0.411324

-1.06256 0.411324
-1.0625 0.411377

-1.0625 0.411377
-1.06226 0.411582

-1.06226 0.411582
-1.06214 0.411682

-1.06214 0.411682
-1.06195 0.411839

-1.06195 0.411841
-1.06177 0.411987

-1.06178 0.411987
-1.06165 0.412096

-1.06165 0.412097
-1.06141 0.412292

-1.06141 0.412292
-1.06134 0.412354

-1.06134 0.412355
-1.06105 0.412598

-1.06105 0.412598
-1.06104 0.412612

-1.06104 0.412612
-1.06073 0.41287

-1.06073 0.41287
-1.06069 0.412903

-1.06069 0.412903
-1.06042 0.413127

-1.06042 0.413128
-1.06033 0.413208

-1.06033 0.413208
-1.06012 0.413384

-1.06012 0.413386
-1.05997 0.413513

-1.05997 0.413513
-1.05981 0.413641

-1.05981 0.413642
-1.0596 0.413818

-1.0596 0.413818
-1.05951 0.413898

-1.05951 0.413899
-1.05924 0.414124

-1.05924 0.414124
-1.0592 0.414156

-1.0592 0.414156
-1.0589 0.414413

-1.0589 0.414413
-1.05888 0.414429

-1.05888 0.414429
-1.05859 0.41467

-1.05859 0.414671
-1.05852 0.414734

-1.05852 0.414734
-1.05829 0.414927

-1.05829 0.414928
-1.05816 0.415039

-1.05816 0.415039
-1.05798 0.415183

-1.05798 0.415185
-1.05779 0.415344

-1.05779 0.415344
-1.05768 0.41544

-1.05768 0.415441
-1.05743 0.415649

-1.05743 0.415649
-1.05737 0.415697

-1.05737 0.415698
-1.05707 0.415954

-1.05707 0.415955
-1.05676 0.416211

-1.05676 0.416211
-1.0567 0.41626

-1.0567 0.41626
-1.05646 0.416468

-1.05646 0.416468
-1.05634 0.416565

-1.05634 0.416565
-1.05615 0.416723

-1.05615 0.416726
-1.05598 0.41687

-1.05598 0.41687
-1.05585 0.41698

-1.05585 0.416981
-1.05562 0.417175

-1.05561 0.417175
-1.05554 0.417236

-1.05554 0.417237
-1.05525 0.41748

-1.05525 0.41748
-1.05524 0.417493

-1.05524 0.417493
-1.05493 0.417749

-1.05493 0.41775
-1.05489 0.417786

-1.05489 0.417786
-1.05463 0.418006

-1.05463 0.418006
-1.05452 0.418091

-1.05453 0.418091
-1.05432 0.418261

-1.05432 0.418263
-1.05416 0.418396

-1.05416 0.418396
-1.05402 0.418517

-1.05402 0.418518
-1.0538 0.418701

-1.0538 0.418701
-1.05371 0.418773

-1.05371 0.418774
-1.05343 0.419006

-1.05343 0.419006
-1.05341 0.419029

-1.05341 0.41903
-1.0531 0.419285

-1.0531 0.419285
-1.05307 0.419312

-1.05307 0.419312
-1.0528 0.419541

-1.0528 0.419542
-1.05271 0.419617

-1.05271 0.419617
-1.05249 0.419797

-1.05249 0.419798
-1.05234 0.419922

-1.05234 0.419922
-1.05219 0.420051

-1.05219 0.420053
-1.05198 0.420227

-1.05198 0.420227
-1.05188 0.420307

-1.05188 0.420308
-1.05161 0.420532

-1.05161 0.420532
-1.05157 0.420563

-1.05157 0.420564
-1.05127 0.420819

-1.05127 0.420819
-1.05125 0.420837

-1.05125 0.420837
-1.05096 0.421075

-1.05096 0.421075
-1.05088 0.421143

-1.05088 0.421143
-1.05066 0.42133

-1.05066 0.421331
-1.05052 0.421448

-1.05052 0.421448
-1.05035 0.421584

-1.05035 0.421586
-1.05015 0.421753

-1.05015 0.421753
-1.05005 0.421839

-1.05005 0.42184
-1.04979 0.422058

-1.04979 0.422058
-1.04974 0.422095

-1.04974 0.422095
-1.04944 0.42235

-1.04944 0.42235
-1.04942 0.422363

-1.04942 0.422363
-1.04913 0.422605

-1.04913 0.422606
-1.04906 0.422668

-1.04906 0.422668
-1.04883 0.42286

-1.04883 0.422861
-1.04869 0.422974

-1.04869 0.422974
-1.04852 0.423114

-1.04852 0.423116
-1.04833 0.423279

-1.04833 0.423279
-1.04822 0.423369

-1.04822 0.42337
-1.04796 0.423584

-1.04796 0.423584
-1.04791 0.423624

-1.04791 0.423625
-1.04761 0.42388

-1.04761 0.42388
-1.0476 0.423889

-1.0476 0.423889
-1.0473 0.424134

-1.0473 0.424134
-1.04723 0.424194

-1.04723 0.424194
-1.047 0.424389

-1.047 0.42439
-1.04686 0.4245

-1.04687 0.4245
-1.04669 0.424642

-1.04669 0.424644
-1.0465 0.424805

-1.0465 0.424805
-1.04639 0.424897

-1.04639 0.424898
-1.04613 0.42511

-1.04613 0.42511
-1.04608 0.425151

-1.04608 0.425152
-1.04578 0.425406

-1.04578 0.425406
-1.04577 0.425415

-1.04577 0.425415
-1.04547 0.425661

-1.04547 0.425661
-1.0454 0.42572

-1.0454 0.42572
-1.04517 0.425915

-1.04517 0.425916
-1.04503 0.426025

-1.04503 0.426025
-1.04486 0.426168

-1.04486 0.42617
-1.04467 0.426331

-1.04467 0.426331
-1.04456 0.426422

-1.04456 0.426423
-1.0443 0.426636

-1.0443 0.426636
-1.04425 0.426676

-1.04425 0.426677
-1.04395 0.426931

-1.04395 0.426931
-1.04393 0.426941

-1.04393 0.426941
-1.04364 0.427185

-1.04364 0.427185
-1.04357 0.427246

-1.04357 0.427246
-1.04333 0.427439

-1.04333 0.42744
-1.0432 0.427551

-1.0432 0.427551
-1.04303 0.427691

-1.04303 0.427693
-1.04283 0.427856

-1.04283 0.427856
-1.04272 0.427945

-1.04272 0.427946
-1.04247 0.428162

-1.04246 0.428162
-1.04242 0.428199

-1.04242 0.4282
-1.04211 0.428454

-1.04211 0.428454
-1.0421 0.428467

-1.0421 0.428467
-1.04181 0.428707

-1.04181 0.428707
-1.04173 0.428772

-1.04173 0.428772
-1.0415 0.42896

-1.0415 0.428962
-1.04136 0.429077

-1.04136 0.429077
-1.0412 0.429213

-1.0412 0.429215
-1.041 0.429382

-1.041 0.429382
-1.04089 0.429466

-1.04089 0.429467
-1.04063 0.429688

-1.04063 0.429688
-1.04059 0.42972

-1.04059 0.429721
-1.04028 0.429974

-1.04028 0.429974
-1.04026 0.429993

-1.04026 0.429993
-1.03998 0.430227

-1.03998 0.430227
-1.03989 0.430298

-1.03989 0.430298
-1.03967 0.43048

-1.03967 0.430481
-1.03952 0.430603

-1.03953 0.430603
-1.03937 0.430732

-1.03937 0.430734
-1.03916 0.430908

-1.03916 0.430908
-1.03906 0.430985

-1.03906 0.430986
-1.03879 0.431213

-1.03879 0.431213
-1.03876 0.431238

-1.03876 0.431239
-1.03845 0.431492

-1.03845 0.431492
-1.03842 0.431519

-1.03842 0.431519
-1.03815 0.431745

-1.03815 0.431745
-1.03805 0.431824

-1.03805 0.431824
-1.03784 0.431997

-1.03784 0.431999
-1.03768 0.432129

-1.03768 0.432129
-1.03754 0.432249

-1.03754 0.432251
-1.03731 0.432434

-1.03731 0.432434
-1.03723 0.432502

-1.03723 0.432503
-1.03695 0.432739

-1.03695 0.432739
-1.03693 0.432755

-1.03693 0.432756
-1.03662 0.433008

-1.03662 0.433008
-1.03658 0.433044

-1.03658 0.433044
-1.03632 0.433261

-1.03632 0.433261
-1.03621 0.43335

-1.03621 0.43335
-1.03601 0.433513

-1.03601 0.433514
-1.03584 0.433655

-1.03584 0.433655
-1.03571 0.433764

-1.03571 0.433766
-1.03547 0.43396

-1.03547 0.43396
-1.0354 0.434017

-1.0354 0.434018
-1.0351 0.434265

-1.0351 0.434265
-1.0351 0.434269

-1.0351 0.43427
-1.03479 0.434522

-1.03479 0.434522
-1.03473 0.43457

-1.03473 0.43457
-1.03448 0.434774

-1.03448 0.434775
-1.03436 0.434875

-1.03436 0.434875
-1.03418 0.435026

-1.03418 0.435027
-1.03399 0.435181

-1.03399 0.435181
-1.03387 0.435277

-1.03387 0.435279
-1.03362 0.435486

-1.03362 0.435486
-1.03357 0.43553

-1.03357 0.43553
-1.03326 0.435782

-1.03326 0.435782
-1.03325 0.435791

-1.03325 0.435791
-1.03296 0.436034

-1.03296 0.436034
-1.03288 0.436096

-1.03288 0.436096
-1.03265 0.436286

-1.03265 0.436287
-1.03251 0.436401

-1.03252 0.436401
-1.03235 0.436537

-1.03235 0.436538
-1.03214 0.436707

-1.03214 0.436707
-1.03204 0.436789

-1.03204 0.43679
-1.03177 0.437012

-1.03177 0.437012
-1.03174 0.43704

-1.03174 0.437041
-1.03143 0.437293

-1.03143 0.437293
-1.0314 0.437317

-1.0314 0.437317
-1.03113 0.437544

-1.03113 0.437545
-1.03103 0.437622

-1.03103 0.437622
-1.03082 0.437796

-1.03082 0.437797
-1.03066 0.437927

-1.03066 0.437927
-1.03052 0.438046

-1.03052 0.438047
-1.03029 0.438232

-1.03029 0.438232
-1.03021 0.438298

-1.03021 0.438299
-1.02992 0.438538

-1.02992 0.438538
-1.02991 0.438549

-1.02991 0.43855
-1.0296 0.438801

-1.0296 0.438801
-1.02955 0.438843

-1.02955 0.438843
-1.0293 0.439052

-1.0293 0.439053
-1.02918 0.439148

-1.02918 0.439148
-1.02899 0.439303

-1.02899 0.439304
-1.02881 0.439453

-1.02881 0.439453
-1.02869 0.439554

-1.02869 0.439555
-1.02844 0.439758

-1.02844 0.439758
-1.02838 0.439805

-1.02838 0.439806
-1.02808 0.440057

-1.02808 0.440057
-1.02807 0.440063

-1.02807 0.440063
-1.02777 0.440308

-1.02777 0.440308
-1.0277 0.440369

-1.0277 0.440369
-1.02747 0.440559

-1.02747 0.44056
-1.02732 0.440674

-1.02733 0.440674
-1.02716 0.440808

-1.02716 0.44081
-1.02695 0.440979

-1.02695 0.440979
-1.02686 0.441059

-1.02686 0.44106
-1.02658 0.441284

-1.02658 0.441284
-1.02655 0.44131

-1.02655 0.441311
-1.02625 0.441562

-1.02625 0.441562
-1.02621 0.441589

-1.02621 0.441589
-1.02594 0.441812

-1.02594 0.441813
-1.02584 0.441895

-1.02584 0.441895
-1.02563 0.442063

-1.02563 0.442064
-1.02547 0.4422

-1.02547 0.4422
-1.02533 0.442312

-1.02533 0.442314
-1.0251 0.442505

-1.0251 0.442505
-1.02502 0.442563

-1.02502 0.442564
-1.02472 0.44281

-1.02472 0.44281
-1.02472 0.442814

-1.02472 0.442814
-1.02441 0.443065

-1.02441 0.443065
-1.02435 0.443115

-1.02435 0.443115
-1.02411 0.443315

-1.02411 0.443316
-1.02398 0.44342

-1.02398 0.44342
-1.0238 0.443564

-1.0238 0.443566
-1.02361 0.443726

-1.02361 0.443726
-1.0235 0.443814

-1.0235 0.443816
-1.02324 0.444031

-1.02324 0.444031
-1.02319 0.444065

-1.02319 0.444066
-1.02289 0.444316

-1.02289 0.444316
-1.02286 0.444336

-1.02286 0.444336
-1.02258 0.444566

-1.02258 0.444566
-1.02249 0.444641

-1.02249 0.444641
-1.02228 0.444816

-1.02228 0.444817
-1.02212 0.444946

-1.02212 0.444946
-1.02197 0.445064

-1.02197 0.445066
-1.02175 0.445251

-1.02175 0.445251
-1.02167 0.445315

-1.02167 0.445316
-1.02137 0.445557

-1.02137 0.445557
-1.02136 0.445565

-1.02136 0.445565
-1.02106 0.445815

-1.02106 0.445815
-1.021 0.445862

-1.021 0.445862
-1.02075 0.446065

-1.02075 0.446066
-1.02063 0.446167

-1.02063 0.446167
-1.02045 0.446314

-1.02045 0.446315
-1.02025 0.446472

-1.02025 0.446472
-1.02014 0.446563

-1.02014 0.446564
-1.01988 0.446777

-1.01988 0.446777
-1.01984 0.446813

-1.01984 0.446814
-1.01953 0.447064

-1.01953 0.447064
-1.01951 0.447083

-1.01951 0.447083
-1.01923 0.447313

-1.01923 0.447313
-1.01913 0.447388

-1.01913 0.447388
-1.01892 0.447562

-1.01892 0.447564
-1.01876 0.447693

-1.01876 0.447693
-1.01862 0.447811

-1.01862 0.447812
-1.01839 0.447998

-1.01839 0.447998
-1.01831 0.44806

-1.01831 0.448061
-1.01801 0.448303

-1.01801 0.448303
-1.01801 0.44831

-1.01801 0.44831
-1.0177 0.44856

-1.0177 0.44856
-1.01764 0.448608

-1.01764 0.448608
-1.0174 0.448809

-1.0174 0.44881
-1.01727 0.448914

-1.01727 0.448914
-1.01709 0.449057

-1.01709 0.449059
-1.01689 0.449219

-1.01689 0.449219
-1.01678 0.449306

-1.01678 0.449307
-1.01652 0.449524

-1.01652 0.449524
-1.01648 0.449556

-1.01648 0.449556
-1.01617 0.449805

-1.01617 0.449805
-1.01614 0.449829

-1.01615 0.449829
-1.01587 0.450054

-1.01587 0.450055
-1.01577 0.450134

-1.01577 0.450134
-1.01556 0.450303

-1.01556 0.450304
-1.0154 0.450439

-1.0154 0.450439
-1.01526 0.450551

-1.01526 0.450552
-1.01502 0.450745

-1.01502 0.450745
-1.01495 0.4508

-1.01495 0.450801
-1.01465 0.451049

-1.01465 0.45105
-1.01434 0.451298

-1.01434 0.451298
-1.01427 0.451355

-1.01427 0.451355
-1.01404 0.451547

-1.01404 0.451548
-1.0139 0.45166

-1.0139 0.45166
-1.01373 0.451794

-1.01373 0.451796
-1.01352 0.451965

-1.01352 0.451965
-1.01343 0.452043

-1.01343 0.452044
-1.01315 0.452271

-1.01315 0.452271
-1.01312 0.452292

-1.01312 0.452293
-1.01282 0.452541

-1.01282 0.452541
-1.01277 0.452576

-1.01277 0.452576
-1.01251 0.452789

-1.01251 0.45279
-1.0124 0.452881

-1.0124 0.452881
-1.01221 0.453037

-1.01221 0.453039
-1.01202 0.453186

-1.01203 0.453186
-1.0119 0.453285

-1.0119 0.453286
-1.01165 0.453491

-1.01165 0.453491
-1.0116 0.453534

-1.0116 0.453534
-1.01129 0.453783

-1.01129 0.453783
-1.01127 0.453796

-1.01127 0.453796
-1.01099 0.454031

-1.01099 0.454031
-1.0109 0.454102

-1.0109 0.454102
-1.01068 0.454279

-1.01068 0.45428
-1.01052 0.454407

-1.01052 0.454407
-1.01038 0.454526

-1.01038 0.454527
-1.01015 0.454712

-1.01015 0.454712
-1.01007 0.454774

-1.01007 0.454775
-1.00977 0.455017

-1.00977 0.455017
-1.00977 0.455022

-1.00977 0.455023
-1.00946 0.455271

-1.00946 0.455271
-1.0094 0.455322

-1.0094 0.455322
-1.00916 0.455519

-1.00916 0.45552
-1.00902 0.455627

-1.00902 0.455627
-1.00885 0.455766

-1.00885 0.455767
-1.00865 0.455933

-1.00865 0.455933
-1.00854 0.456013

-1.00854 0.456014
-1.00827 0.456238

-1.00827 0.456238
-1.00824 0.456261

-1.00824 0.456262
-1.00793 0.45651

-1.00793 0.45651
-1.00789 0.456543

-1.00789 0.456543
-1.00763 0.456757

-1.00763 0.456758
-1.00752 0.456848

-1.00752 0.456848
-1.00732 0.457005

-1.00732 0.457006
-1.00714 0.457153

-1.00714 0.457153
-1.00702 0.457252

-1.00702 0.457253
-1.00677 0.457458

-1.00676 0.457458
-1.00671 0.457499

-1.00671 0.4575
-1.00641 0.457748

-1.00641 0.457748
-1.00639 0.457764

-1.00639 0.457764
-1.0061 0.457995

-1.0061 0.457995
-1.00601 0.458069

-1.00601 0.458069
-1.0058 0.458242

-1.0058 0.458243
-1.00564 0.458374

-1.00564 0.458374
-1.00549 0.458488

-1.00549 0.45849
-1.00526 0.458679

-1.00526 0.458679
-1.00519 0.458736

-1.00519 0.458737
-1.00488 0.458984

-1.00488 0.458984
-1.00458 0.459231

-1.00458 0.459232
-1.00451 0.45929

-1.00451 0.45929
-1.00427 0.459479

-1.00427 0.45948
-1.00413 0.459595

-1.00413 0.459595
-1.00397 0.459725

-1.00397 0.459726
-1.00375 0.4599

-1.00375 0.4599
-1.00366 0.459972

-1.00366 0.459973
-1.00337 0.460205

-1.00337 0.460205
-1.00336 0.460219

-1.00336 0.46022
-1.00305 0.460467

-1.00305 0.460467
-1.003 0.46051

-1.003 0.46051
-1.00275 0.460714

-1.00275 0.460714
-1.00262 0.460815

-1.00262 0.460815
-1.00244 0.46096

-1.00244 0.460961
-1.00224 0.461121

-1.00224 0.461121
-1.00214 0.461206

-1.00214 0.461207
-1.00187 0.461426

-1.00187 0.461426
-1.00183 0.461453

-1.00183 0.461454
-1.00153 0.461701

-1.00153 0.461701
-1.00149 0.461731

-1.00149 0.461731
-1.00122 0.461947

-1.00122 0.461948
-1.00111 0.462036

-1.00111 0.462036
-1.00092 0.462194

-1.00092 0.462195
-1.00073 0.462341

-1.00073 0.462341
-1.00061 0.46244

-1.00061 0.462441
-1.00036 0.462646

-1.00035 0.462646
-1.00031 0.462686

-1.00031 0.462687
-1.0 0.462934

-1.0 0.462934
-0.999978 0.462952

-0.999978 0.462952
-0.999695 0.46318

-0.999695 0.463181
-0.999599 0.463257

-0.9996 0.463257
-0.99939 0.463426

-0.99939 0.463428
-0.999221 0.463562

-0.999223 0.463562
-0.999084 0.463672

-0.999084 0.463673
-0.998844 0.463867

-0.998843 0.463867
-0.998779 0.463918

-0.998779 0.463919
-0.998474 0.464166

-0.998474 0.464166
-0.998466 0.464172

-0.998466 0.464172
-0.998169 0.464412

-0.998169 0.464412
-0.998087 0.464478

-0.998088 0.464478
-0.997864 0.464658

-0.997864 0.464659
-0.997708 0.464783

-0.99771 0.464783
-0.997559 0.464903

-0.997559 0.464904
-0.997331 0.465088

-0.99733 0.465088
-0.997253 0.465149

-0.997253 0.46515
-0.996952 0.465393

-0.996952 0.465393
-0.996948 0.465396

-0.996948 0.465396
-0.996643 0.465642

-0.996643 0.465643
-0.996573 0.465698

-0.996574 0.465698
-0.996338 0.465888

-0.996338 0.465889
-0.996194 0.466003

-0.996196 0.466003
-0.996033 0.466133

-0.996033 0.466135
-0.995817 0.466309

-0.995816 0.466309
-0.995728 0.466379

-0.995728 0.46638
-0.995438 0.466614

-0.995437 0.466614
-0.995422 0.466625

-0.995422 0.466626
-0.995117 0.466872

-0.995117 0.466872
-0.995058 0.466919

-0.995059 0.466919
-0.994812 0.467118

-0.994812 0.467119
-0.994679 0.467224

-0.994681 0.467224
-0.994507 0.467363

-0.994507 0.467364
-0.994301 0.467529

-0.994301 0.467529
-0.994202 0.467608

-0.994202 0.467609
-0.993922 0.467834

-0.993921 0.467834
-0.993896 0.467854

-0.993896 0.467855
-0.993591 0.4681

-0.993591 0.4681
-0.993542 0.46814

-0.993542 0.46814
-0.993286 0.468346

-0.993286 0.468347
-0.993162 0.468445

-0.993164 0.468445
-0.992981 0.468591

-0.992981 0.468592
-0.992784 0.46875

-0.992784 0.46875
-0.992676 0.468836

-0.992676 0.468837
-0.992404 0.469055

-0.992404 0.469055
-0.992371 0.469082

-0.992371 0.469082
-0.992065 0.469328

-0.992065 0.469328
-0.992025 0.46936

-0.992025 0.46936
-0.99176 0.469573

-0.99176 0.469574
-0.991644 0.469666

-0.991646 0.469666
-0.991455 0.469818

-0.991455 0.469819
-0.991265 0.469971

-0.991266 0.469971
-0.99115 0.470063

-0.99115 0.470064
-0.990886 0.470276

-0.990885 0.470276
-0.990845 0.470308

-0.990845 0.470309
-0.99054 0.470554

-0.99054 0.470554
-0.990506 0.470581

-0.990506 0.470581
-0.990234 0.470799

-0.990234 0.4708
-0.990125 0.470886

-0.990126 0.470886
-0.989929 0.471044

-0.989929 0.471045
-0.989746 0.471191

-0.989746 0.471191
-0.989624 0.471288

-0.989624 0.471289
-0.989366 0.471497

-0.989365 0.471497
-0.989319 0.471534

-0.989319 0.471534
-0.989014 0.471779

-0.989014 0.471779
-0.988986 0.471802

-0.988986 0.471802
-0.988708 0.472024

-0.988708 0.472025
-0.988605 0.472107

-0.988606 0.472107
-0.988403 0.472269

-0.988403 0.47227
-0.988225 0.472412

-0.988226 0.472412
-0.988098 0.472513

-0.988098 0.472514
-0.987845 0.472717

-0.987844 0.472717
-0.987793 0.472758

-0.987793 0.472759
-0.987488 0.473004

-0.987488 0.473004
-0.987464 0.473022

-0.987464 0.473022
-0.987183 0.473248

-0.987183 0.473249
-0.987083 0.473328

-0.987084 0.473328
-0.986877 0.473493

-0.986877 0.473494
-0.986703 0.473633

-0.986704 0.473633
-0.986572 0.473736

-0.986572 0.473738
-0.986322 0.473938

-0.986322 0.473938
-0.986267 0.473981

-0.986267 0.473982
-0.985962 0.474227

-0.985962 0.474227
-0.985941 0.474243

-0.985942 0.474243
-0.985657 0.474471

-0.985657 0.474472
-0.98556 0.474548

-0.985561 0.474548
-0.985352 0.474716

-0.985352 0.474717
-0.985179 0.474854

-0.985181 0.474854
-0.985046 0.474959

-0.985046 0.47496
-0.984799 0.475159

-0.984798 0.475159
-0.984741 0.475204

-0.984741 0.475205
-0.984436 0.475449

-0.984436 0.475449
-0.984418 0.475464

-0.984418 0.475464
-0.984131 0.475693

-0.984131 0.475694
-0.984036 0.475769

-0.984037 0.475769
-0.983826 0.475938

-0.983826 0.475939
-0.983655 0.476074

-0.983656 0.476074
-0.983521 0.476181

-0.983521 0.476182
-0.983274 0.476379

-0.983273 0.476379
-0.983215 0.476425

-0.983215 0.476426
-0.98291 0.47667

-0.98291 0.47667
-0.982892 0.476685

-0.982892 0.476685
-0.982605 0.476915

-0.982605 0.476915
-0.98251 0.47699

-0.982511 0.47699
-0.9823 0.477159

-0.9823 0.477159
-0.982129 0.477295

-0.98213 0.477295
-0.981995 0.477401

-0.981995 0.477403
-0.981748 0.4776

-0.981747 0.4776
-0.981689 0.477646

-0.981689 0.477647
-0.981384 0.477891

-0.981384 0.477891
-0.981366 0.477905

-0.981366 0.477905
-0.981079 0.478135

-0.981079 0.478135
-0.980984 0.47821

-0.980984 0.47821
-0.980774 0.478379

-0.980774 0.478379
-0.980602 0.478516

-0.980603 0.478516
-0.980469 0.478621

-0.980469 0.478623
-0.980221 0.478821

-0.98022 0.478821
-0.980164 0.478865

-0.980164 0.478866
-0.979858 0.47911

-0.979858 0.47911
-0.979838 0.479126

-0.979838 0.479126
-0.979553 0.479354

-0.979553 0.479354
-0.979456 0.479431

-0.979457 0.479431
-0.979248 0.479597

-0.979248 0.479598
-0.979074 0.479736

-0.979075 0.479736
-0.978943 0.47984

-0.978943 0.479841
-0.978692 0.480042

-0.978691 0.480042
-0.978638 0.480084

-0.978638 0.480085
-0.978333 0.480328

-0.978333 0.480328
-0.97831 0.480347

-0.97831 0.480347
-0.978027 0.480572

-0.978027 0.480572
-0.977927 0.480652

-0.977927 0.480652
-0.977722 0.480815

-0.977722 0.480816
-0.977544 0.480957

-0.977546 0.480957
-0.977417 0.481058

-0.977417 0.481059
-0.977162 0.481262

-0.977162 0.481262
-0.977112 0.481302

-0.977112 0.481302
-0.976807 0.481546

-0.976807 0.481546
-0.97678 0.481567

-0.97678 0.481567
-0.976501 0.481789

-0.976501 0.48179
-0.976396 0.481873

-0.976397 0.481873
-0.976196 0.482032

-0.976196 0.482033
-0.976014 0.482178

-0.976015 0.482178
-0.975891 0.482275

-0.975891 0.482276
-0.975632 0.482483

-0.975631 0.482483
-0.975586 0.482518

-0.975586 0.482519
-0.975281 0.482762

-0.975281 0.482762
-0.975248 0.482788

-0.975249 0.482788
-0.974976 0.483006

-0.974976 0.483006
-0.974865 0.483093

-0.974866 0.483093
-0.97467 0.483249

-0.97467 0.483249
-0.974482 0.483398

-0.974483 0.483398
-0.974365 0.483491

-0.974365 0.483492
-0.974099 0.483704

-0.974099 0.483704
-0.97406 0.483734

-0.97406 0.483735
-0.973755 0.483978

-0.973755 0.483978
-0.973716 0.484009

-0.973716 0.484009
-0.97345 0.484221

-0.97345 0.484222
-0.973332 0.484314

-0.973333 0.484314
-0.973145 0.484464

-0.973145 0.484464
-0.97295 0.484619

-0.97295 0.484619
-0.972839 0.484706

-0.972839 0.484707
-0.972566 0.484924

-0.972565 0.484924
-0.972534 0.484949

-0.972534 0.48495
-0.972229 0.485193

-0.972229 0.485193
-0.972182 0.485229

-0.972183 0.485229
-0.971924 0.485435

-0.971924 0.485436
-0.971798 0.485535

-0.9718 0.485535
-0.971619 0.485678

-0.971619 0.485679
-0.971416 0.48584

-0.971416 0.48584
-0.971313 0.48592

-0.971313 0.485921
-0.971032 0.486145

-0.971031 0.486145
-0.971008 0.486163

-0.971008 0.486164
-0.970703 0.486406

-0.970703 0.486406
-0.970648 0.48645

-0.970648 0.48645
-0.970398 0.486649

-0.970398 0.48665
-0.970263 0.486755

-0.970265 0.486755
-0.970093 0.486891

-0.970093 0.486892
-0.96988 0.487061

-0.96988 0.487061
-0.969788 0.487133

-0.969788 0.487134
-0.969496 0.487366

-0.969495 0.487366
-0.969482 0.487376

-0.969482 0.487377
-0.969177 0.487619

-0.969177 0.487619
-0.969112 0.487671

-0.969112 0.487671
-0.968872 0.487862

-0.968872 0.487863
-0.968727 0.487976

-0.968729 0.487976
-0.968567 0.488103

-0.968567 0.488104
-0.968344 0.488281

-0.968344 0.488281
-0.968262 0.488346

-0.968262 0.488346
-0.967959 0.488586

-0.967959 0.488586
-0.967957 0.488588

-0.967957 0.488589
-0.967651 0.488831

-0.967651 0.488831
-0.967575 0.488892

-0.967575 0.488892
-0.967346 0.489073

-0.967346 0.489074
-0.96719 0.489197

-0.967192 0.489197
-0.967041 0.489315

-0.967041 0.489316
-0.966806 0.489502

-0.966806 0.489502
-0.966736 0.489557

-0.966736 0.489558
-0.966431 0.4898

-0.966431 0.4898
-0.966422 0.489807

-0.966422 0.489807
-0.966125 0.490042

-0.966125 0.490042
-0.966036 0.490112

-0.966037 0.490112
-0.96582 0.490284

-0.96582 0.490285
-0.965652 0.490417

-0.965653 0.490417
-0.965515 0.490525

-0.965515 0.490526
-0.965268 0.490723

-0.965267 0.490723
-0.96521 0.490767

-0.96521 0.490768
-0.964905 0.49101

-0.964905 0.49101
-0.964883 0.491028

-0.964883 0.491028
-0.9646 0.491252

-0.9646 0.491253
-0.964497 0.491333

-0.964498 0.491333
-0.964294 0.491494

-0.964294 0.491495
-0.964112 0.491638

-0.964113 0.491638
-0.963989 0.491735

-0.963989 0.491736
-0.963728 0.491943

-0.963727 0.491943
-0.963684 0.491977

-0.963684 0.491978
-0.963379 0.49222

-0.963379 0.49222
-0.963342 0.492249

-0.963342 0.492249
-0.963074 0.492461

-0.963074 0.492462
-0.962956 0.492554

-0.962958 0.492554
-0.962769 0.492703

-0.962769 0.492704
-0.962572 0.492859

-0.962572 0.492859
-0.962463 0.492944

-0.962463 0.492945
-0.962187 0.493164

-0.962186 0.493164
-0.962158 0.493186

-0.962158 0.493187
-0.961853 0.493428

-0.961853 0.493428
-0.961801 0.493469

-0.961801 0.493469
-0.961548 0.49367

-0.961548 0.493671
-0.961414 0.493774

-0.961416 0.493774
-0.961243 0.493911

-0.961243 0.493912
-0.96103 0.49408

-0.96103 0.49408
-0.960938 0.494152

-0.960938 0.494153
-0.960644 0.494385

-0.960644 0.494385
-0.960632 0.494394

-0.960632 0.494394
-0.960327 0.494636

-0.960327 0.494636
-0.960258 0.49469

-0.960259 0.49469
-0.960022 0.494877

-0.960022 0.494878
-0.959872 0.494995

-0.959874 0.494995
-0.959717 0.495118

-0.959717 0.495119
-0.959487 0.4953

-0.959487 0.4953
-0.959412 0.495359

-0.959412 0.49536
-0.959106 0.495601

-0.959106 0.495601
-0.959101 0.495605

-0.959101 0.495605
-0.958801 0.495843

-0.958801 0.495843
-0.958715 0.495911

-0.958715 0.495911
-0.958496 0.496084

-0.958496 0.496085
-0.958329 0.496216

-0.95833 0.496216
-0.958191 0.496324

-0.958191 0.496325
-0.957943 0.496521

-0.957942 0.496521
-0.957886 0.496565

-0.957886 0.496566
-0.957581 0.496807

-0.957581 0.496807
-0.957557 0.496826

-0.957557 0.496826
-0.957275 0.497049

-0.957275 0.497049
-0.95717 0.497131

-0.957171 0.497131
-0.95697 0.49729

-0.95697 0.49729
-0.956784 0.497437

-0.956785 0.497437
-0.956665 0.49753

-0.956665 0.497531
-0.956398 0.497742

-0.956397 0.497742
-0.95636 0.497771

-0.95636 0.497772
-0.956055 0.498013

-0.956055 0.498013
-0.956011 0.498047

-0.956011 0.498047
-0.95575 0.498254

-0.95575 0.498254
-0.955624 0.498352

-0.955625 0.498352
-0.955444 0.498494

-0.955444 0.498495
-0.955238 0.498657

-0.955238 0.498657
-0.955139 0.498734

-0.955139 0.498735
-0.954851 0.498962

-0.954851 0.498962
-0.954834 0.498976

-0.954834 0.498976
-0.954529 0.499217

-0.954529 0.499217
-0.954464 0.499268

-0.954465 0.499268
-0.954224 0.499458

-0.954224 0.499459
-0.954077 0.499573

-0.954079 0.499573
-0.953918 0.499698

-0.953918 0.499699
-0.953691 0.499878

-0.953691 0.499878
-0.953613 0.499938

-0.953613 0.499939
-0.953308 0.50018

-0.953308 0.50018
-0.953304 0.500183

-0.953304 0.500183
-0.953003 0.50042

-0.953003 0.500421
-0.952916 0.500488

-0.952917 0.500488
-0.952698 0.500661

-0.952698 0.500662
-0.952529 0.500793

-0.952531 0.500793
-0.952393 0.5009

-0.952393 0.500902
-0.952143 0.501099

-0.952142 0.501099
-0.952087 0.501141

-0.952087 0.501142
-0.951782 0.501383

-0.951782 0.501383
-0.951755 0.501404

-0.951755 0.501404
-0.951477 0.501623

-0.951477 0.501624
-0.951367 0.501709

-0.951368 0.501709
-0.951172 0.501863

-0.951172 0.501864
-0.950981 0.502014

-0.950981 0.502014
-0.950867 0.502103

-0.950867 0.502104
-0.950593 0.502319

-0.950593 0.502319
-0.950562 0.502344

-0.950562 0.502344
-0.950256 0.502585

-0.950256 0.502585
-0.950205 0.502625

-0.950206 0.502625
-0.949951 0.502825

-0.949951 0.502826
-0.949817 0.50293

-0.949819 0.50293
-0.949646 0.503065

-0.949646 0.503065
-0.949431 0.503235

-0.94943 0.503235
-0.949341 0.503304

-0.949341 0.503305
-0.949043 0.50354

-0.949042 0.50354
-0.949036 0.503545

-0.949036 0.503546
-0.94873 0.503786

-0.94873 0.503786
-0.948654 0.503845

-0.948655 0.503845
-0.948425 0.504026

-0.948425 0.504027
-0.948266 0.50415

-0.948268 0.50415
-0.94812 0.504265

-0.94812 0.504266
-0.947879 0.504456

-0.947879 0.504456
-0.947815 0.504505

-0.947815 0.504506
-0.94751 0.504746

-0.94751 0.504746
-0.947491 0.504761

-0.947491 0.504761
-0.947205 0.504986

-0.947205 0.504987
-0.947102 0.505066

-0.947103 0.505066
-0.946899 0.505226

-0.946899 0.505226
-0.946715 0.505371

-0.946716 0.505371
-0.946594 0.505465

-0.946594 0.505466
-0.946327 0.505676

-0.946326 0.505676
-0.946289 0.505705

-0.946289 0.505706
-0.945984 0.505946

-0.945984 0.505946
-0.945938 0.505981

-0.945938 0.505981
-0.945679 0.506186

-0.945679 0.506186
-0.945549 0.506287

-0.945551 0.506287
-0.945374 0.506425

-0.945374 0.506425
-0.945162 0.506592

-0.945162 0.506592
-0.945068 0.506664

-0.945068 0.506665
-0.944773 0.506897

-0.944772 0.506897
-0.944763 0.506904

-0.944763 0.506905
-0.944458 0.507144

-0.944458 0.507145
-0.944384 0.507202

-0.944385 0.507202
-0.944153 0.507384

-0.944153 0.507385
-0.943995 0.507507

-0.943997 0.507507
-0.943848 0.507623

-0.943848 0.507624
-0.943607 0.507812

-0.943607 0.507812
-0.943542 0.507862

-0.943542 0.507863
-0.943237 0.508103

-0.943237 0.508103
-0.943218 0.508118

-0.943218 0.508118
-0.942932 0.508342

-0.942932 0.508343
-0.942829 0.508423

-0.94283 0.508423
-0.942627 0.508582

-0.942627 0.508582
-0.942441 0.508728

-0.942441 0.508728
-0.942322 0.50882

-0.942322 0.508821
-0.942052 0.509033

-0.942051 0.509033
-0.942017 0.50906

-0.942017 0.509061
-0.941711 0.5093

-0.941711 0.5093
-0.941663 0.509338

-0.941663 0.509338
-0.941406 0.50954

-0.941406 0.509541
-0.941272 0.509644

-0.941274 0.509644
-0.941101 0.509778

-0.941101 0.509779
-0.940885 0.509949

-0.940884 0.509949
-0.940796 0.510017

-0.940796 0.510018
-0.940495 0.510254

-0.940495 0.510254
-0.940491 0.510257

-0.940491 0.510257
-0.940186 0.510497

-0.940186 0.510497
-0.940105 0.510559

-0.940106 0.510559
-0.93988 0.510736

-0.93988 0.510737
-0.939716 0.510864

-0.939718 0.510864
-0.939575 0.510974

-0.939575 0.510975
-0.939327 0.511169

-0.939327 0.511169
-0.93927 0.511213

-0.93927 0.511214
-0.938965 0.511453

-0.938965 0.511453
-0.938937 0.511475

-0.938938 0.511475
-0.93866 0.511692

-0.93866 0.511693
-0.938547 0.51178

-0.938548 0.51178
-0.938354 0.511931

-0.938354 0.511932
-0.938158 0.512085

-0.938159 0.512085
-0.938049 0.512169

-0.938049 0.51217
-0.937769 0.51239

-0.937768 0.51239
-0.937744 0.512409

-0.937744 0.512409
-0.937439 0.512648

-0.937439 0.512648
-0.937379 0.512695

-0.937379 0.512695
-0.937134 0.512887

-0.937134 0.512888
-0.936988 0.513

-0.93699 0.513
-0.936829 0.513125

-0.936829 0.513126
-0.936599 0.513306

-0.936599 0.513306
-0.936523 0.513364

-0.936523 0.513365
-0.936218 0.513604

-0.936218 0.513604
-0.936209 0.513611

-0.936209 0.513611
-0.935913 0.513843

-0.935913 0.513843
-0.935818 0.513916

-0.935819 0.513916
-0.935608 0.514081

-0.935608 0.514082
-0.935429 0.514221

-0.93543 0.514221
-0.935303 0.514319

-0.935303 0.51432
-0.935039 0.514526

-0.935038 0.514526
-0.934998 0.514558

-0.934998 0.514559
-0.934692 0.514797

-0.934692 0.514797
-0.934648 0.514832

-0.934649 0.514832
-0.934387 0.515036

-0.934387 0.515037
-0.934257 0.515137

-0.934259 0.515137
-0.934082 0.515274

-0.934082 0.515275
-0.933868 0.515442

-0.933868 0.515442
-0.933777 0.515512

-0.933777 0.515513
-0.933477 0.515747

-0.933477 0.515747
-0.933472 0.515751

-0.933472 0.515752
-0.933167 0.51599

-0.933167 0.51599
-0.933086 0.516052

-0.933087 0.516052
-0.932861 0.516229

-0.932861 0.516229
-0.932696 0.516357

-0.932697 0.516357
-0.932556 0.516466

-0.932556 0.516467
-0.932306 0.516663

-0.932305 0.516663
-0.932251 0.516705

-0.932251 0.516705
-0.931946 0.516944

-0.931946 0.516944
-0.931915 0.516968

-0.931915 0.516968
-0.931641 0.517182

-0.931641 0.517183
-0.931523 0.517273

-0.931525 0.517273
-0.931335 0.51742

-0.931335 0.517421
-0.931134 0.517578

-0.931134 0.517578
-0.93103 0.517658

-0.93103 0.517659
-0.930743 0.517883

-0.930742 0.517883
-0.930725 0.517896

-0.930725 0.517897
-0.93042 0.518135

-0.93042 0.518135
-0.930351 0.518188

-0.930352 0.518188
-0.930115 0.518373

-0.930115 0.518374
-0.92996 0.518494

-0.929961 0.518494
-0.92981 0.518611

-0.92981 0.518612
-0.92957 0.518799

-0.929569 0.518799
-0.929504 0.518849

-0.929504 0.51885
-0.929199 0.519088

-0.929199 0.519088
-0.929178 0.519104

-0.929178 0.519104
-0.928894 0.519326

-0.928894 0.519326
-0.928786 0.519409

-0.928787 0.519409
-0.928589 0.519564

-0.928589 0.519564
-0.928396 0.519714

-0.928396 0.519714
-0.928284 0.519801

-0.928284 0.519802
-0.928005 0.52002

-0.928004 0.52002
-0.927979 0.520039

-0.927979 0.52004
-0.927673 0.520278

-0.927673 0.520278
-0.927613 0.520325

-0.927613 0.520325
-0.927368 0.520516

-0.927368 0.520516
-0.927221 0.52063

-0.927222 0.52063
-0.927063 0.520753

-0.927063 0.520754
-0.92683 0.520935

-0.92683 0.520935
-0.926758 0.52099

-0.926758 0.520991
-0.926453 0.521229

-0.926453 0.521229
-0.926438 0.52124

-0.926438 0.52124
-0.926147 0.521467

-0.926147 0.521468
-0.926046 0.521545

-0.926047 0.521545
-0.925842 0.521705

-0.925842 0.521705
-0.925655 0.521851

-0.925656 0.521851
-0.925537 0.521941

-0.925537 0.521943
-0.925263 0.522156

-0.925263 0.522156
-0.925232 0.522179

-0.925232 0.52218
-0.924927 0.522418

-0.924927 0.522418
-0.924871 0.522461

-0.924871 0.522461
-0.924622 0.522656

-0.924622 0.522656
-0.924478 0.522766

-0.92448 0.522766
-0.924316 0.522893

-0.924316 0.522893
-0.924088 0.523071

-0.924087 0.523071
-0.924011 0.52313

-0.924011 0.523131
-0.923706 0.523368

-0.923706 0.523368
-0.923695 0.523376

-0.923695 0.523376
-0.923401 0.523606

-0.923401 0.523606
-0.923303 0.523682

-0.923303 0.523682
-0.923096 0.523843

-0.923096 0.523844
-0.922911 0.523987

-0.922912 0.523987
-0.922791 0.52408

-0.922791 0.524081
-0.922519 0.524292

-0.922518 0.524292
-0.922485 0.524317

-0.922485 0.524318
-0.92218 0.524556

-0.92218 0.524556
-0.922126 0.524597

-0.922127 0.524597
-0.921875 0.524793

-0.921875 0.524794
-0.921733 0.524902

-0.921735 0.524902
-0.92157 0.52503

-0.92157 0.52503
-0.921342 0.525208

-0.921342 0.525208
-0.921265 0.525267

-0.921265 0.525268
-0.920959 0.525505

-0.920959 0.525505
-0.920949 0.525513

-0.920949 0.525513
-0.920654 0.525742

-0.920654 0.525743
-0.920556 0.525818

-0.920557 0.525818
-0.920349 0.525979

-0.920349 0.52598
-0.920164 0.526123

-0.920165 0.526123
-0.920044 0.526215

-0.920044 0.526217
-0.919772 0.526428

-0.919771 0.526428
-0.919739 0.526453

-0.919739 0.526454
-0.919434 0.526691

-0.919434 0.526691
-0.919379 0.526733

-0.919379 0.526733
-0.919128 0.526928

-0.919128 0.526929
-0.918985 0.527039

-0.918987 0.527039
-0.918823 0.527165

-0.918823 0.527165
-0.918593 0.527344

-0.918593 0.527344
-0.918518 0.527401

-0.918518 0.527402
-0.918213 0.527639

-0.918213 0.527639
-0.9182 0.527649

-0.9182 0.527649
-0.917908 0.527876

-0.917908 0.527877
-0.917807 0.527954

-0.917807 0.527954
-0.917603 0.528113

-0.917603 0.528113
-0.917414 0.528259

-0.917415 0.528259
-0.917297 0.528349

-0.917297 0.52835
-0.917021 0.528564

-0.917021 0.528564
-0.916992 0.528586

-0.916992 0.528587
-0.916687 0.528824

-0.916687 0.528824
-0.916628 0.52887

-0.916628 0.52887
-0.916382 0.529061

-0.916382 0.529062
-0.916234 0.529175

-0.916236 0.529175
-0.916077 0.529297

-0.916077 0.529298
-0.915842 0.52948

-0.915841 0.52948
-0.915771 0.529534

-0.915771 0.529534
-0.915466 0.529771

-0.915466 0.529771
-0.915448 0.529785

-0.915448 0.529785
-0.915161 0.530008

-0.915161 0.530009
-0.915054 0.53009

-0.915055 0.53009
-0.914856 0.530245

-0.914856 0.530245
-0.914662 0.530396

-0.914662 0.530396
-0.914551 0.53048

-0.914551 0.530481
-0.914268 0.530701

-0.914267 0.530701
-0.914246 0.530717

-0.914246 0.530718
-0.91394 0.530955

-0.91394 0.530955
-0.913874 0.531006

-0.913874 0.531006
-0.913635 0.531191

-0.913635 0.531192
-0.91348 0.531311

-0.913482 0.531311
-0.91333 0.531427

-0.91333 0.531428
-0.913087 0.531616

-0.913087 0.531616
-0.913025 0.531663

-0.913025 0.531664
-0.91272 0.531901

-0.91272 0.531901
-0.912693 0.531921

-0.912693 0.531921
-0.912415 0.532137

-0.912415 0.532138
-0.912298 0.532227

-0.9123 0.532227
-0.912109 0.532374

-0.912109 0.532374
-0.911906 0.532532

-0.911906 0.532532
-0.911804 0.532609

-0.911804 0.53261
-0.911512 0.532837

-0.911511 0.532837
-0.911499 0.532846

-0.911499 0.532847
-0.911194 0.533083

-0.911194 0.533083
-0.911117 0.533142

-0.911118 0.533142
-0.910889 0.533319

-0.910889 0.53332
-0.910723 0.533447

-0.910724 0.533447
-0.910583 0.533555

-0.910583 0.533556
-0.910329 0.533752

-0.910329 0.533752
-0.910278 0.533791

-0.910278 0.533792
-0.909973 0.534028

-0.909973 0.534028
-0.909935 0.534058

-0.909935 0.534058
-0.909668 0.534264

-0.909668 0.534265
-0.90954 0.534363

-0.909541 0.534363
-0.909363 0.5345

-0.909363 0.534501
-0.909147 0.534668

-0.909147 0.534668
-0.909058 0.534736

-0.909058 0.534737
-0.908752 0.534973

-0.908752 0.534973
-0.908447 0.535209

-0.908447 0.53521
-0.908357 0.535278

-0.908358 0.535278
-0.908142 0.535445

-0.908142 0.535446
-0.907963 0.535583

-0.907964 0.535583
-0.907837 0.53568

-0.907837 0.535681
-0.907569 0.535889

-0.907568 0.535889
-0.907532 0.535917

-0.907532 0.535917
-0.907227 0.536153

-0.907227 0.536154
-0.907174 0.536194

-0.907174 0.536194
-0.906921 0.536389

-0.906921 0.53639
-0.906778 0.536499

-0.90678 0.536499
-0.906616 0.536625

-0.906616 0.536625
-0.906385 0.536804

-0.906385 0.536804
-0.906311 0.53686

-0.906311 0.536861
-0.906006 0.537097

-0.906006 0.537097
-0.90599 0.537109

-0.90599 0.537109
-0.905701 0.537333

-0.905701 0.537334
-0.905594 0.537415

-0.905595 0.537415
-0.905396 0.537569

-0.905396 0.537569
-0.9052 0.53772

-0.905201 0.53772
-0.90509 0.537804

-0.90509 0.537805
-0.904805 0.538025

-0.904805 0.538025
-0.904785 0.53804

-0.904785 0.53804
-0.90448 0.538276

-0.90448 0.538277
-0.90441 0.53833

-0.90441 0.53833
-0.904175 0.538512

-0.904175 0.538512
-0.904015 0.538635

-0.904016 0.538635
-0.90387 0.538747

-0.90387 0.538748
-0.90362 0.53894

-0.90362 0.53894
-0.903564 0.538983

-0.903564 0.538983
-0.903259 0.539219

-0.903259 0.539219
-0.903225 0.539246

-0.903225 0.539246
-0.902954 0.539455

-0.902954 0.539456
-0.902828 0.539551

-0.90283 0.539551
-0.902649 0.53969

-0.902649 0.53969
-0.902434 0.539856

-0.902434 0.539856
-0.902344 0.539925

-0.902344 0.539926
-0.902039 0.540161

-0.902039 0.540161
-0.901733 0.540397

-0.901733 0.540397
-0.901643 0.540466

-0.901643 0.540466
-0.901428 0.540632

-0.901428 0.540633
-0.901248 0.540771

-0.901249 0.540771
-0.901123 0.540867

-0.901123 0.540868
-0.900852 0.541077

-0.900852 0.541077
-0.900818 0.541103

-0.900818 0.541103
-0.900513 0.541339

-0.900513 0.541339
-0.900456 0.541382

-0.900457 0.541382
-0.900208 0.541574

-0.900208 0.541575
-0.90006 0.541687

-0.900062 0.541687
-0.899902 0.541809

-0.899902 0.54181
-0.899666 0.541992

-0.899665 0.541992
-0.899597 0.542044

-0.899597 0.542045
-0.899292 0.54228

-0.899292 0.54228
-0.89927 0.542297

-0.89927 0.542297
-0.898987 0.542515

-0.898987 0.542516
-0.898873 0.542603

-0.898874 0.542603
-0.898682 0.542751

-0.898682 0.542751
-0.898478 0.542908

-0.898478 0.542908
-0.898376 0.542985

-0.898376 0.542986
-0.898082 0.543213

-0.898081 0.543213
-0.898071 0.543221

-0.898071 0.543221
-0.897766 0.543456

-0.897766 0.543457
-0.897685 0.543518

-0.897686 0.543518
-0.897461 0.543691

-0.897461 0.543692
-0.897289 0.543823

-0.897291 0.543823
-0.897156 0.543925

-0.897156 0.543927
-0.896894 0.544128

-0.896893 0.544128
-0.896851 0.544161

-0.896851 0.544162
-0.896545 0.544397

-0.896545 0.544397
-0.896497 0.544434

-0.896497 0.544434
-0.89624 0.544632

-0.89624 0.544632
-0.8961 0.544739

-0.896102 0.544739
-0.895935 0.544866

-0.895935 0.544867
-0.895705 0.545044

-0.895705 0.545044
-0.89563 0.545101

-0.89563 0.545102
-0.895325 0.545337

-0.895325 0.545337
-0.895308 0.545349

-0.895309 0.545349
-0.89502 0.545572

-0.89502 0.545572
-0.894911 0.545654

-0.894912 0.545654
-0.894714 0.545806

-0.894714 0.545807
-0.894516 0.545959

-0.894516 0.545959
-0.894409 0.54604

-0.894409 0.546041
-0.894119 0.546265

-0.894118 0.546265
-0.894104 0.546276

-0.894104 0.546276
-0.893799 0.546511

-0.893799 0.546511
-0.893722 0.54657

-0.893722 0.54657
-0.893494 0.546746

-0.893494 0.546746
-0.893325 0.546875

-0.893327 0.546875
-0.893188 0.54698

-0.893188 0.546981
-0.892929 0.54718

-0.892929 0.54718
-0.892883 0.547215

-0.892883 0.547215
-0.892578 0.54745

-0.892578 0.54745
-0.892532 0.547485

-0.892532 0.547485
-0.892273 0.547685

-0.892273 0.547686
-0.892134 0.547791

-0.892136 0.547791
-0.891968 0.547919

-0.891968 0.54792
-0.891739 0.548096

-0.891738 0.548096
-0.891663 0.548153

-0.891663 0.548154
-0.891357 0.548389

-0.891357 0.548389
-0.891342 0.548401

-0.891342 0.548401
-0.891052 0.548623

-0.891052 0.548624
-0.890944 0.548706

-0.890945 0.548706
-0.890747 0.548858

-0.890747 0.548858
-0.890548 0.549011

-0.890548 0.549011
-0.890442 0.549091

-0.890442 0.549093
-0.890151 0.549316

-0.89015 0.549316
-0.890137 0.549327

-0.890137 0.549327
-0.889832 0.549562

-0.889832 0.549562
-0.889753 0.549622

-0.889753 0.549622
-0.889526 0.549796

-0.889526 0.549796
-0.889356 0.549927

-0.889357 0.549927
-0.889221 0.550029

-0.889221 0.550031
-0.888959 0.550232

-0.888958 0.550232
-0.888916 0.550264

-0.888916 0.550265
-0.888611 0.550499

-0.888611 0.550499
-0.888561 0.550537

-0.888562 0.550537
-0.888306 0.550734

-0.888306 0.550734
-0.888163 0.550842

-0.888165 0.550842
-0.888 0.550968

-0.888 0.550968
-0.887767 0.551147

-0.887766 0.551147
-0.887695 0.551201

-0.887695 0.551202
-0.88739 0.551437

-0.88739 0.551437
-0.887369 0.551453

-0.887369 0.551453
-0.887085 0.551671

-0.887085 0.551672
-0.886971 0.551758

-0.886972 0.551758
-0.88678 0.551905

-0.88678 0.551905
-0.886574 0.552063

-0.886574 0.552063
-0.886475 0.552138

-0.886475 0.552139
-0.886176 0.552368

-0.886176 0.552368
-0.886169 0.552373

-0.886169 0.552374
-0.885864 0.552608

-0.885864 0.552608
-0.885778 0.552673

-0.885779 0.552673
-0.885559 0.552842

-0.885559 0.552842
-0.885381 0.552979

-0.885382 0.552979
-0.885254 0.553075

-0.885254 0.553076
-0.884983 0.553284

-0.884982 0.553284
-0.884949 0.553309

-0.884949 0.55331
-0.884644 0.553544

-0.884644 0.553544
-0.884585 0.553589

-0.884585 0.553589
-0.884338 0.553778

-0.884338 0.553779
-0.884187 0.553894

-0.884188 0.553894
-0.884033 0.554012

-0.884033 0.554012
-0.883789 0.554199

-0.883789 0.554199
-0.883728 0.554245

-0.883728 0.554246
-0.883423 0.55448

-0.883423 0.55448
-0.883391 0.554504

-0.883391 0.554504
-0.883118 0.554714

-0.883118 0.554715
-0.882992 0.55481

-0.882993 0.55481
-0.882812 0.554948

-0.882812 0.554948
-0.882595 0.555115

-0.882595 0.555115
-0.882507 0.555181

-0.882507 0.555182
-0.882202 0.555416

-0.882202 0.555416
-0.882197 0.55542

-0.882197 0.55542
-0.881897 0.55565

-0.881897 0.55565
-0.881798 0.555725

-0.881799 0.555725
-0.881592 0.555884

-0.881592 0.555884
-0.8814 0.55603

-0.881401 0.55603
-0.881287 0.556116

-0.881287 0.556117
-0.881002 0.556335

-0.881001 0.556335
-0.880981 0.556351

-0.880981 0.556351
-0.880676 0.556585

-0.880676 0.556585
-0.880603 0.556641

-0.880604 0.556641
-0.880371 0.556819

-0.880371 0.556819
-0.880205 0.556946

-0.880206 0.556946
-0.880066 0.557052

-0.880066 0.557052
-0.879807 0.557251

-0.879806 0.557251
-0.879761 0.557285

-0.879761 0.557286
-0.879456 0.55752

-0.879456 0.55752
-0.879408 0.557556

-0.879408 0.557556
-0.87915 0.557753

-0.87915 0.557754
-0.879008 0.557861

-0.87901 0.557861
-0.878845 0.557987

-0.878845 0.557987
-0.878611 0.558167

-0.87861 0.558167
-0.87854 0.55822

-0.87854 0.558221
-0.878235 0.558454

-0.878235 0.558454
-0.878212 0.558472

-0.878212 0.558472
-0.87793 0.558688

-0.87793 0.558688
-0.877812 0.558777

-0.877813 0.558777
-0.877625 0.558921

-0.877625 0.558921
-0.877415 0.559082

-0.877415 0.559082
-0.877319 0.559154

-0.877319 0.559155
-0.877015 0.559387

-0.877015 0.559387
-0.877014 0.559388

-0.877014 0.559388
-0.876709 0.559622

-0.876709 0.559622
-0.876616 0.559692

-0.876617 0.559692
-0.876404 0.559855

-0.876404 0.559855
-0.876218 0.559998

-0.876218 0.559998
-0.876099 0.560087

-0.876099 0.560088
-0.875818 0.560303

-0.875818 0.560303
-0.875793 0.560321

-0.875793 0.560322
-0.875488 0.560555

-0.875488 0.560555
-0.875419 0.560608

-0.875419 0.560608
-0.875183 0.560789

-0.875183 0.560789
-0.87502 0.560913

-0.875021 0.560913
-0.874878 0.561021

-0.874878 0.561022
-0.874621 0.561218

-0.87462 0.561218
-0.874573 0.561254

-0.874573 0.561255
-0.874268 0.561488

-0.874268 0.561489
-0.874221 0.561523

-0.874222 0.561523
-0.873962 0.561722

-0.873962 0.561722
-0.873821 0.561829

-0.873823 0.561829
-0.873657 0.561955

-0.873657 0.561955
-0.873423 0.562134

-0.873423 0.562134
-0.873352 0.562187

-0.873352 0.562188
-0.873047 0.562421

-0.873047 0.562421
-0.873024 0.562439

-0.873024 0.562439
-0.872742 0.562654

-0.872742 0.562655
-0.872623 0.562744

-0.872624 0.562744
-0.872437 0.562887

-0.872437 0.562888
-0.872225 0.563049

-0.872225 0.563049
-0.872131 0.56312

-0.872131 0.563121
-0.871826 0.563354

-0.871826 0.563354
-0.871825 0.563354

-0.871825 0.563354
-0.871521 0.563587

-0.871521 0.563587
-0.871425 0.56366

-0.871426 0.56366
-0.871216 0.56382

-0.871216 0.56382
-0.871026 0.563965

-0.871027 0.563965
-0.870911 0.564052

-0.870911 0.564053
-0.870626 0.56427

-0.870626 0.56427
-0.870605 0.564285

-0.870605 0.564286
-0.8703 0.564519

-0.8703 0.564519
-0.870226 0.564575

-0.870226 0.564575
-0.869995 0.564752

-0.869995 0.564752
-0.869826 0.56488

-0.869828 0.56488
-0.86969 0.564984

-0.86969 0.564985
-0.869427 0.565186

-0.869426 0.565186
-0.869385 0.565217

-0.869385 0.565218
-0.86908 0.56545

-0.86908 0.565451
-0.869027 0.565491

-0.869027 0.565491
-0.868774 0.565683

-0.868774 0.565684
-0.868626 0.565796

-0.868628 0.565796
-0.868469 0.565916

-0.868469 0.565916
-0.868227 0.566101

-0.868226 0.566101
-0.868164 0.566148

-0.868164 0.566149
-0.867859 0.566382

-0.867859 0.566382
-0.867827 0.566406

-0.867827 0.566406
-0.867554 0.566615

-0.867554 0.566615
-0.867425 0.566711

-0.867427 0.566711
-0.867249 0.566847

-0.867249 0.566847
-0.867027 0.567017

-0.867027 0.567017
-0.866943 0.567079

-0.866943 0.56708
-0.866638 0.567313

-0.866638 0.567313
-0.866626 0.567322

-0.866626 0.567322
-0.866333 0.567545

-0.866333 0.567546
-0.866225 0.567627

-0.866226 0.567627
-0.866028 0.567778

-0.866028 0.567778
-0.865826 0.567932

-0.865826 0.567932
-0.865723 0.56801

-0.865723 0.568011
-0.865425 0.568237

-0.865425 0.568237
-0.865417 0.568243

-0.865417 0.568243
-0.865112 0.568476

-0.865112 0.568476
-0.865024 0.568542

-0.865025 0.568542
-0.864807 0.568709

-0.864807 0.568709
-0.864624 0.568848

-0.864626 0.568848
-0.864502 0.56894

-0.864502 0.568941
-0.864224 0.569153

-0.864223 0.569153
-0.864197 0.569173

-0.864197 0.569174
-0.863892 0.569406

-0.863892 0.569406
-0.863823 0.569458

-0.863823 0.569458
-0.863586 0.569639

-0.863586 0.569639
-0.863422 0.569763

-0.863424 0.569763
-0.863281 0.56987

-0.863281 0.569871
-0.863022 0.570068

-0.863022 0.570068
-0.862976 0.570103

-0.862976 0.570103
-0.862671 0.570336

-0.862671 0.570336
-0.862621 0.570374

-0.862622 0.570374
-0.862366 0.570568

-0.862366 0.570569
-0.86222 0.570679

-0.862221 0.570679
-0.862061 0.5708

-0.862061 0.570801
-0.86182 0.570984

-0.86182 0.570984
-0.861755 0.571032

-0.861755 0.571033
-0.86145 0.571265

-0.86145 0.571265
-0.861419 0.571289

-0.861419 0.571289
-0.861145 0.571498

-0.861145 0.571498
-0.861017 0.571594

-0.861018 0.571594
-0.86084 0.57173

-0.86084 0.57173
-0.860617 0.571899

-0.860617 0.571899
-0.860535 0.571961

-0.860535 0.571962
-0.860229 0.572195

-0.860229 0.572195
-0.860216 0.572205

-0.860216 0.572205
-0.859924 0.572427

-0.859924 0.572427
-0.859814 0.57251

-0.859815 0.57251
-0.859619 0.572659

-0.859619 0.572659
-0.859414 0.572815

-0.859414 0.572815
-0.859314 0.57289

-0.859314 0.572891
-0.859013 0.57312

-0.859013 0.57312
-0.859009 0.573123

-0.859009 0.573123
-0.858704 0.573355

-0.858704 0.573356
-0.858611 0.573425

-0.858612 0.573425
-0.858398 0.573588

-0.858398 0.573588
-0.858211 0.57373

-0.858211 0.57373
-0.858093 0.573819

-0.858093 0.57382
-0.857809 0.574036

-0.857809 0.574036
-0.857788 0.574051

-0.857788 0.574052
-0.857483 0.574284

-0.857483 0.574284
-0.857407 0.574341

-0.857408 0.574341
-0.857178 0.574516

-0.857178 0.574516
-0.857006 0.574646

-0.857007 0.574646
-0.856873 0.574747

-0.856873 0.574748
-0.856605 0.574951

-0.856605 0.574951
-0.856567 0.574979

-0.856567 0.57498
-0.856262 0.575212

-0.856262 0.575212
-0.856203 0.575256

-0.856204 0.575256
-0.855957 0.575444

-0.855957 0.575444
-0.855802 0.575562

-0.855803 0.575562
-0.855652 0.575675

-0.855652 0.575676
-0.855401 0.575867

-0.8554 0.575867
-0.855347 0.575907

-0.855347 0.575908
-0.855042 0.57614

-0.855042 0.57614
-0.854999 0.576172

-0.854999 0.576172
-0.854736 0.576371

-0.854736 0.576372
-0.854596 0.576477

-0.854598 0.576477
-0.854431 0.576603

-0.854431 0.576603
-0.854196 0.576782

-0.854195 0.576782
-0.854126 0.576834

-0.854126 0.576835
-0.853821 0.577067

-0.853821 0.577067
-0.853794 0.577087

-0.853794 0.577087
-0.853516 0.577299

-0.853516 0.5773
-0.853391 0.577393

-0.853392 0.577393
-0.85321 0.57753

-0.85321 0.577531
-0.852991 0.577698

-0.85299 0.577698
-0.852905 0.577761

-0.852905 0.577762
-0.8526 0.577994

-0.8526 0.577994
-0.852588 0.578003

-0.852588 0.578003
-0.852295 0.578226

-0.852295 0.578226
-0.852185 0.578308

-0.852187 0.578308
-0.85199 0.578458

-0.85199 0.578458
-0.851785 0.578613

-0.851785 0.578613
-0.851685 0.578688

-0.851685 0.578689
-0.851383 0.578918

-0.851382 0.578918
-0.851379 0.578921

-0.851379 0.578921
-0.851074 0.579153

-0.851074 0.579153
-0.85098 0.579224

-0.850981 0.579224
-0.850769 0.579384

-0.850769 0.579384
-0.850578 0.579529

-0.850579 0.579529
-0.850464 0.579615

-0.850464 0.579616
-0.850176 0.579834

-0.850176 0.579834
-0.850159 0.579847

-0.850159 0.579847
-0.849854 0.580079

-0.849854 0.580079
-0.849773 0.580139

-0.849774 0.580139
-0.849548 0.58031

-0.849548 0.580311
-0.849372 0.580444

-0.849373 0.580444
-0.849243 0.580541

-0.849243 0.580542
-0.84897 0.58075

-0.848969 0.58075
-0.848938 0.580773

-0.848938 0.580773
-0.848633 0.581005

-0.848633 0.581005
-0.848567 0.581055

-0.848567 0.581055
-0.848328 0.581236

-0.848328 0.581237
-0.848164 0.58136

-0.848166 0.58136
-0.848022 0.581467

-0.848022 0.581468
-0.847763 0.581665

-0.847762 0.581665
-0.847717 0.581699

-0.847717 0.581699
-0.847412 0.581931

-0.847412 0.581931
-0.84736 0.58197

-0.84736 0.58197
-0.847107 0.582162

-0.847107 0.582163
-0.846957 0.582275

-0.846958 0.582275
-0.846802 0.582393

-0.846802 0.582394
-0.846555 0.582581

-0.846555 0.582581
-0.846497 0.582624

-0.846497 0.582625
-0.846191 0.582856

-0.846191 0.582856
-0.846152 0.582886

-0.846153 0.582886
-0.845886 0.583088

-0.845886 0.583088
-0.845749 0.583191

-0.84575 0.583191
-0.845581 0.583319

-0.845581 0.583319
-0.845347 0.583496

-0.845347 0.583496
-0.845276 0.583549

-0.845276 0.58355
-0.844971 0.583781

-0.844971 0.583781
-0.844944 0.583801

-0.844945 0.583801
-0.844666 0.584013

-0.844666 0.584013
-0.84454 0.584106

-0.844542 0.584106
-0.84436 0.584244

-0.84436 0.584244
-0.844139 0.584412

-0.844139 0.584412
-0.844055 0.584474

-0.844055 0.584475
-0.84375 0.584706

-0.84375 0.584706
-0.843736 0.584717

-0.843736 0.584717
-0.843445 0.584938

-0.843445 0.584938
-0.843332 0.585022

-0.843333 0.585022
-0.84314 0.585169

-0.84314 0.585169
-0.842931 0.585327

-0.842931 0.585327
-0.842834 0.585399

-0.842834 0.5854
-0.842529 0.585631

-0.842529 0.585631
-0.842527 0.585632

-0.842528 0.585632
-0.842224 0.585862

-0.842224 0.585863
-0.842123 0.585938

-0.842125 0.585938
-0.841919 0.586093

-0.841919 0.586093
-0.841722 0.586243

-0.841722 0.586243
-0.841614 0.586323

-0.841614 0.586324
-0.841318 0.586548

-0.841318 0.586548
-0.841309 0.586555

-0.841309 0.586555
-0.841003 0.586786

-0.841003 0.586787
-0.840914 0.586853

-0.840915 0.586853
-0.840698 0.587017

-0.840698 0.587018
-0.840512 0.587158

-0.840513 0.587158
-0.840393 0.587247

-0.840393 0.587248
-0.840109 0.587463

-0.840108 0.587463
-0.840088 0.587479

-0.840088 0.587479
-0.839783 0.58771

-0.839783 0.587711
-0.839705 0.587769

-0.839706 0.587769
-0.839478 0.587941

-0.839478 0.587942
-0.839302 0.588074

-0.839303 0.588074
-0.839172 0.588171

-0.839172 0.588172
-0.838899 0.588379

-0.838899 0.588379
-0.838867 0.588403

-0.838867 0.588403
-0.838562 0.588634

-0.838562 0.588634
-0.838495 0.588684

-0.838496 0.588684
-0.838257 0.588865

-0.838257 0.588865
-0.838092 0.588989

-0.838093 0.588989
-0.837952 0.589095

-0.837952 0.589096
-0.837689 0.589294

-0.837689 0.589294
-0.837646 0.589326

-0.837646 0.589327
-0.837341 0.589558

-0.837341 0.589558
-0.837285 0.5896

-0.837286 0.5896
-0.837036 0.589788

-0.837036 0.589789
-0.836882 0.589905

-0.836883 0.589905
-0.836731 0.590019

-0.836731 0.590019
-0.836479 0.59021

-0.836478 0.59021
-0.836426 0.590249

-0.836426 0.59025
-0.836121 0.590481

-0.836121 0.590481
-0.836075 0.590515

-0.836075 0.590515
-0.835815 0.590712

-0.835815 0.590712
-0.835671 0.59082

-0.835672 0.59082
-0.83551 0.590942

-0.83551 0.590942
-0.835268 0.591125

-0.835268 0.591125
-0.835205 0.591172

-0.835205 0.591173
-0.8349 0.591404

-0.8349 0.591404
-0.834864 0.591431

-0.834864 0.591431
-0.834595 0.591634

-0.834595 0.591635
-0.834459 0.591736

-0.834461 0.591736
-0.83429 0.591865

-0.83429 0.591865
-0.834057 0.592041

-0.834057 0.592041
-0.833984 0.592095

-0.833984 0.592096
-0.833679 0.592326

-0.833679 0.592327
-0.833653 0.592346

-0.833653 0.592346
-0.833374 0.592557

-0.833374 0.592558
-0.833248 0.592651

-0.83325 0.592651
-0.833069 0.592788

-0.833069 0.592788
-0.832846 0.592957

-0.832845 0.592957
-0.832764 0.593017

-0.832764 0.593018
-0.832458 0.593249

-0.832458 0.593249
-0.832442 0.593262

-0.832442 0.593262
-0.832153 0.59348

-0.832153 0.59348
-0.832036 0.593567

-0.832038 0.593567
-0.831848 0.59371

-0.831848 0.59371
-0.831634 0.593872

-0.831634 0.593872
-0.831543 0.59394

-0.831543 0.593941
-0.831238 0.594171

-0.831238 0.594171
-0.83123 0.594177

-0.83123 0.594177
-0.830933 0.594402

-0.830933 0.594402
-0.830824 0.594482

-0.830826 0.594482
-0.830627 0.594632

-0.830627 0.594632
-0.830422 0.594788

-0.830422 0.594788
-0.830322 0.594862

-0.830322 0.594863
-0.830018 0.595093

-0.830017 0.595093
-0.829712 0.595324

-0.829712 0.595324
-0.829612 0.595398

-0.829614 0.595398
-0.829407 0.595554

-0.829407 0.595554
-0.82921 0.595703

-0.82921 0.595703
-0.829102 0.595783

-0.829102 0.595784
-0.828805 0.596008

-0.828805 0.596008
-0.828796 0.596015

-0.828796 0.596015
-0.828491 0.596245

-0.828491 0.596246
-0.8284 0.596313

-0.828401 0.596313
-0.828186 0.596476

-0.828186 0.596476
-0.827997 0.596619

-0.827998 0.596619
-0.827881 0.596705

-0.827881 0.596706
-0.827592 0.596924

-0.827592 0.596924
-0.827576 0.596936

-0.827576 0.596936
-0.827271 0.597167

-0.827271 0.597167
-0.827187 0.597229

-0.827188 0.597229
-0.826965 0.597397

-0.826965 0.597397
-0.826784 0.597534

-0.826785 0.597534
-0.82666 0.597626

-0.82666 0.597627
-0.826379 0.597839

-0.826379 0.597839
-0.826355 0.597857

-0.826355 0.597858
-0.82605 0.598088

-0.82605 0.598088
-0.825974 0.598145

-0.825975 0.598145
-0.825745 0.598318

-0.825745 0.598319
-0.82557 0.59845

-0.825571 0.59845
-0.825439 0.598548

-0.825439 0.598549
-0.825166 0.598755

-0.825165 0.598755
-0.825134 0.598778

-0.825134 0.598779
-0.824829 0.599009

-0.824829 0.599009
-0.824761 0.59906

-0.824762 0.59906
-0.824524 0.599239

-0.824524 0.59924
-0.824357 0.599365

-0.824358 0.599365
-0.824219 0.599469

-0.824219 0.59947
-0.823952 0.59967

-0.823952 0.59967
-0.823914 0.599699

-0.823914 0.5997
-0.823608 0.59993

-0.823608 0.59993
-0.823547 0.599976

