-1.67234 0.0
-1.67233 0.000610352

-1.67233 0.000610352
-1.67229 0.0012207

-1.67229 0.0012207
-1.67223 0.00183105

-1.67223 0.00183105
-1.67215 0.00244141

-1.67215 0.00244141
-1.67204 0.00305176

-1.67204 0.00305176
-1.672 0.00322557

-1.672 0.00322624
-1.6719 0.00366211

-1.6719 0.00366211
-1.67174 0.00427246

-1.67174 0.00427246
-1.67155 0.00488281

-1.67155 0.00488281
-1.67139 0.00533418

-1.67139 0.00533653
-1.67133 0.00549316

-1.67133 0.00549316
-1.67108 0.00610352

-1.67108 0.00610352
-1.6708 0.00671387

-1.6708 0.00671387
-1.67078 0.00675926

-1.67078 0.00675959
-1.67048 0.00732422

-1.67048 0.00732422
-1.67017 0.00786959

-1.67017 0.00787248
-1.67013 0.00793457

-1.67013 0.00793457
-1.66973 0.00854492

-1.66973 0.00854492
-1.66956 0.00879135

-1.66956 0.00878929
-1.66929 0.00915527

-1.66929 0.00915527
-1.66895 0.00957949

-1.66895 0.00958025
-1.66879 0.00976562

-1.66879 0.00976562
-1.66833 0.0102684

-1.66833 0.0102654
-1.66823 0.010376

-1.66823 0.010376
-1.66772 0.0108707

-1.66772 0.0108638
-1.66759 0.0109863

-1.6676 0.0109863
-1.66711 0.0114033

-1.66711 0.0113977
-1.66686 0.0115967

-1.66687 0.0115967
-1.6665 0.0118713

-1.6665 0.0118687
-1.66601 0.012207

-1.66601 0.012207
-1.66589 0.0122842

-1.66589 0.0122838
-1.66528 0.0126508

-1.66528 0.0126474
-1.66496 0.0128174

-1.66497 0.0128174
-1.66467 0.0129745

-1.66467 0.0129708
-1.66406 0.0132512

-1.66406 0.0132499
-1.66361 0.0134277

-1.66362 0.0134277
-1.66345 0.0134948

-1.66345 0.0134922
-1.66284 0.0136971

-1.66284 0.0136966
-1.66223 0.0138663

-1.66223 0.0138657
-1.66162 0.0140022

-1.66162 0.0139977
-1.66138 0.0140381

-1.66143 0.0140381
-1.66101 0.0141089

-1.66101 0.0141056
-1.6604 0.0141767

-1.6604 0.0141767
-1.65979 0.0142166

-1.65979 0.0142165
-1.65918 0.0142252

-1.65918 0.0142253
-1.65857 0.0142029

-1.65857 0.014203
-1.65796 0.0141493

-1.65796 0.014149
-1.65735 0.0140642

-1.65674 0.0139495
-1.6572 0.0140381

-1.65735 0.0140596
-1.65724 0.0140381

-1.65674 0.0139477
-1.65613 0.0137971

-1.65613 0.0137974
-1.65552 0.0136132

-1.65491 0.0133968
-1.65499 0.0134277

-1.65491 0.0133956
-1.6543 0.0131386

-1.65552 0.0136131
-1.655 0.0134277

-1.64941 0.00932053
-1.64978 0.00976562

-1.64697 0.00483753
-1.64699 0.00488281

-1.64618 0.0
-1.64619 0.000610352

-1.64619 0.000610352
-1.64623 0.0012207

-1.64636 0.00232131
-1.64638 0.00244141

-1.64623 0.0012207
-1.64629 0.00183105

-1.64636 0.0023211
-1.64629 0.00183105

-1.64638 0.00244141
-1.64649 0.00305176

-1.64649 0.00305176
-1.64663 0.00366211

-1.64663 0.00366211
-1.64679 0.00427246

-1.64697 0.00483736
-1.64679 0.00427246

-1.64699 0.00488281
-1.64721 0.00549316

-1.64721 0.00549316
-1.64746 0.00610352

-1.64758 0.0063619
-1.64775 0.00671387

-1.64775 0.00671387
-1.64807 0.00732422

-1.64758 0.00636083
-1.64746 0.00610352

-1.6488 0.00850311
-1.64883 0.00854492

-1.64819 0.00753519
-1.64843 0.00793457

-1.6488 0.00850285
-1.64843 0.00793457

-1.64883 0.00854492
-1.64928 0.00915527

-1.64941 0.00931734
-1.64929 0.00915527

-1.64819 0.00753423
-1.64807 0.00732422

-1.65247 0.0121275
-1.65259 0.012207

-1.65247 0.0121247
-1.65186 0.0116927

-1.6543 0.0131377
-1.65369 0.0128426

-1.65308 0.012509
-1.65363 0.0128174

-1.65369 0.012835
-1.65365 0.0128174

-1.65308 0.0125066
-1.6526 0.012207

-1.65063 0.0106596
-1.65099 0.0109863

-1.65125 0.0112096
-1.65173 0.0115967

-1.65186 0.0116853
-1.65174 0.0115967

-1.65125 0.0112005
-1.651 0.0109863

-1.65002 0.0100322
-1.65035 0.010376

-1.65063 0.0106517
-1.65035 0.010376

-1.65002 0.0100282
-1.64979 0.00976562

-1.61958 0.0
-1.61951 0.0003497

-1.61964 0.000610352
-1.61951 0.000810257

-1.61935 0.0
-1.61916 0.000610352

-1.61924 0.000610352
-1.6189 0.00100353

-1.6189 0.000891672
-1.6184 0.0012207

-1.61847 0.0012207
-1.61829 0.00130531

-1.61829 0.00124928
-1.61768 0.00131445

-1.61707 0.00111239
-1.61721 0.0012207

-1.61679 0.0
-1.61692 0.000610352

-1.61707 0.00106858
-1.6167 0.000610352

-1.61768 0.00133018
-1.61743 0.0012207

-1.61634 0.0
-1.61584 0.000399243

-1.61584 0.000323127
-1.61539 0.000610352

-1.61527 0.000610352
-1.61523 0.000620075

-1.61523 0.000507908
-1.61462 0.00051207

-1.61462 0.000502121
-1.61401 0.000511315

-1.61401 0.000520638
-1.6134 0.000517728

-1.6134 0.000497507
-1.61279 0.000510111

-1.61279 0.000527368
-1.61218 0.000536206

-1.61218 0.000515599
-1.61157 0.000509694

-1.61157 0.000518166
-1.61096 0.000533596

-1.61096 0.000525482
-1.61035 0.000530671

-1.61035 0.000527965
-1.60974 0.000534176

-1.60974 0.000527236
-1.60913 0.000541339

-1.60913 0.000552556
-1.60852 0.000537792

-1.60852 0.000528571
-1.60791 0.000510475

-1.60791 0.00053113
-1.6073 0.000523025

-1.6073 0.000510423
-1.60669 0.000512411

-1.60669 0.000534431
-1.60608 0.0005237

-1.60608 0.000505055
-1.60547 0.000496319

-1.60547 0.000524863
-1.60486 0.000515796

-1.60486 0.000496289
-1.60425 0.00048695

-1.60425 0.000585626
-1.60364 0.000436354

-1.60364 0.000415471
-1.60303 0.000269223

-1.60303 0.000488968
-1.60242 0.00028055

-1.60242 0.000516789
-1.60196 0.0

-1.60133 0.0
-1.6012 0.000610352

-1.60137 0.000610352
-1.6012 0.000928586

-1.6012 0.000904991
-1.60102 0.0012207

-1.60121 0.0012207
-1.6012 0.00123855

-1.60116 0.0012207
-1.60059 0.00166988

-1.60059 0.00158555
-1.59998 0.0016335

-1.59998 0.00164591
-1.59937 0.00131799

-1.59875 7.3349e-05
-1.59886 0.000610352

-1.5988 0.000610352
-1.59925 0.0012207

-1.59875 6.72423e-05
-1.59874 0.0

-1.59937 0.00129522
-1.59928 0.0012207

-1.59692 0.0
-1.59692 2.99009e-06

-1.59692 2.20186e-06
-1.5969 0.0

-1.59509 0.0
-1.59509 1.56532e-06

-1.59509 1.68569e-06
-1.59509 0.0

-1.58899 1.02373e-07
-1.58892 0.000610352

-1.58892 0.000610352
-1.58868 0.0012207

-1.5887 0.0012207
-1.58838 0.00167108

-1.58838 0.00164982
-1.58823 0.00183105

-1.58827 0.00183105
-1.58777 0.00225348

-1.58777 0.00221978
-1.58729 0.00244141

-1.58731 0.00244141
-1.58716 0.00250768

-1.58716 0.00249551
-1.58655 0.00260759

-1.58655 0.00260578
-1.58594 0.00256859

-1.58533 0.00239614
-1.58547 0.00244141

-1.58533 0.00240154
-1.58472 0.00198384

-1.58379 0.0
-1.58387 0.000610352

-1.58386 0.000610352
-1.5841 0.0012207

-1.58411 0.00126346
-1.58456 0.00183105

-1.58472 0.00198076
-1.58456 0.00183105

-1.58594 0.00256852
-1.58554 0.00244141

-1.57787 0.0
-1.57739 0.000551518

-1.57739 0.000330071
-1.57678 0.000213688

-1.57678 0.000198689
-1.57617 0.000112317

-1.57613 0.0
-1.57556 0.000504429

-1.57556 0.00048466
-1.57495 0.000485789

-1.57495 0.000503184
-1.57438 0.0

-1.57434 0.000347043
-1.57379 0.0

-1.57373 0.00031899
-1.57335 0.0

-1.57271 0.0
-1.57251 0.000270603

-1.57251 7.70118e-05
-1.5719 0.000582357

-1.5719 0.000472303
-1.57129 0.000188639

-1.57129 0.000424404
-1.57085 0.0

-1.57053 0.0
-1.57007 0.00025067

-1.57007 7.00144e-05
-1.56946 0.000453509

-1.56946 0.000563505
-1.56885 4.44214e-06

-1.56885 5.00853e-05
-1.56869 0.0

-1.56819 0.0
-1.56763 0.000494958

-1.56763 0.000200448
-1.56702 0.000201687

-1.56702 8.17278e-05
-1.56641 0.000376006

-1.56641 0.000407487
-1.5658 0.000323961

-1.5658 0.000154195
-1.56519 0.000199778

-1.56519 0.000311131
-1.56458 0.000475739

-1.56458 0.000516035
-1.56396 6.33191e-05

-1.56396 0.000476496
-1.56365 0.0

-1.56299 0.0
-1.56274 6.43328e-05

-1.56255 0.0
-1.56213 0.00043693

-1.56213 0.000132827
-1.56152 0.00024094

-1.56145 0.0
-1.56091 0.000430458

-1.56091 0.000459102
-1.5603 0.000459181

-1.5603 0.000447246
-1.55978 0.0

-1.55963 0.0
-1.55908 0.000376568

-1.55908 0.00030772
-1.55847 0.00050047

-1.55847 0.0006047
-1.55786 5.68762e-06

-1.55786 3.72593e-05
-1.55725 7.15712e-05

-1.55725 0.000131444
-1.55664 0.000506412

-1.55664 0.000595568
-1.55613 0.0

-1.5489 0.0
-1.54875 0.000610352

-1.54878 0.000610352
-1.54871 0.000740546

-1.54871 0.000736897
-1.54825 0.0012207

-1.54824 0.0012207
-1.5481 0.00131643

-1.5481 0.00130318
-1.54749 0.00151691

-1.54749 0.00149313
-1.54688 0.00146746

-1.54579 0.0
-1.54589 0.000610352

-1.54565 0.000618193
-1.54616 0.0012207

-1.54688 0.00148565
-1.54626 0.00123176

-1.54626 0.00126302
-1.5462 0.0012207

-1.54565 0.000411383
-1.54526 0.0

-1.54565 0.00061568
-1.54565 0.000610352

-1.54504 0.000143249
-1.54443 0.000493712

-1.54443 0.000334074
-1.54382 0.000354609

-1.54382 0.000323979
-1.54321 0.000343053

-1.54321 0.000342992
-1.5426 0.000374233

-1.5426 0.000353414
-1.54199 0.000361675

-1.54199 0.00036447
-1.54138 0.000365737

-1.54138 0.000358104
-1.54077 0.000358985

-1.54077 0.000364813
-1.54016 0.000366787

-1.54016 0.000359456
-1.53955 0.000360761

-1.53955 0.0003674
-1.53894 0.00036627

-1.53894 0.00035889
-1.53833 0.000359533

-1.53833 0.000366906
-1.53772 0.000367785

-1.53772 0.000359941
-1.53711 0.000359879

-1.53711 0.000368563
-1.5365 0.00036603

-1.5365 0.000358452
-1.53589 0.000357349

-1.53589 0.000366553
-1.53528 0.000366293

-1.53528 0.000357985
-1.53467 0.000357405

-1.53467 0.000377272
-1.53406 0.000354656

-1.53406 0.000437753
-1.53345 0.000242321

-1.53345 0.000211367
-1.53284 0.000248218

-1.53284 0.00032542
-1.53223 0.000401468

-1.53223 0.000573165
-1.53163 0.0

-1.53162 2.69109e-05
-1.53101 7.63276e-05

-1.53101 0.00015638
-1.5304 0.000442954

-1.5304 0.000548573
-1.52999 0.0

-1.52612 0.0
-1.52602 0.000610352

-1.52604 0.000610352
-1.52573 0.0012207

-1.52572 0.0012207
-1.52551 0.00146923

-1.52551 0.00149518
-1.52509 0.00183105

-1.52497 0.00183105
-1.5249 0.00187024

-1.5249 0.00190668
-1.52429 0.00208809

-1.52429 0.002085
-1.52368 0.00207498

-1.52307 0.00181672
-1.52311 0.00183105

-1.52368 0.00208877
-1.52307 0.00186682

-1.52246 0.00136932
-1.52298 0.00183105

-1.52307 0.00186959
-1.52301 0.00183105

-1.52196 0.0
-1.52205 0.000610352

-1.52204 0.000610352
-1.52235 0.0012207

-1.52246 0.00138517
-1.52233 0.0012207

-1.49257 0.0
-1.49255 4.7448e-05

-1.49251 0.0
-1.49202 0.000610352

-1.49194 0.000413199
-1.49133 0.000528332

-1.49133 0.000428528
-1.49072 0.000428556

-1.49072 0.00046328
-1.49011 0.000478306

-1.49011 0.000444329
-1.4895 0.000442519

-1.4895 0.000450759
-1.48889 0.000487215

-1.48828 0.000244286
-1.48872 0.000610352

-1.48889 0.000618416
-1.48887 0.000610352

-1.48828 0.000371924
-1.48811 0.0

-1.48723 0.0
-1.48706 0.000278948

-1.48706 0.000198266
-1.48645 0.000352699

-1.48645 0.000456437
-1.48619 0.0

-1.3125 0.0535198
-1.31264 0.0537109

-1.31494 0.0575138
-1.31503 0.0576782

-1.31503 0.0576782
-1.31518 0.0579834

-1.31525 0.0581155
-1.31533 0.0582886

-1.31533 0.0582886
-1.31548 0.0585938

-1.31525 0.0581155
-1.31518 0.0579834

-1.31372 0.0553629
-1.31383 0.055542

-1.31403 0.0558667
-1.31419 0.0561523

-1.31383 0.055542
-1.31401 0.0558472

-1.31403 0.0558667
-1.31401 0.0558472

-1.31342 0.0548764
-1.31345 0.0549316

-1.31311 0.0544092
-1.31325 0.0546265

-1.31342 0.0548772
-1.31325 0.0546265

-1.31281 0.0539561
-1.31285 0.0540161

-1.31285 0.0540161
-1.31305 0.0543213

-1.31281 0.0539569
-1.31264 0.0537109

-1.31311 0.0544095
-1.31305 0.0543213

-1.31345 0.0549316
-1.31364 0.0552368

-1.31372 0.055363
-1.31364 0.0552368

-1.31433 0.0563921
-1.31437 0.0564575

-1.31437 0.0564575
-1.31454 0.0567627

-1.31464 0.0569405
-1.31471 0.0570679

-1.31471 0.0570679
-1.31487 0.057373

-1.31464 0.0569405
-1.31454 0.0567627

-1.31433 0.0563923
-1.31419 0.0561523

-1.31494 0.0575139
-1.31487 0.057373

-1.31738 0.0635723
-1.31744 0.0637817

-1.31744 0.0637817
-1.31753 0.0640869

-1.31769 0.0646614
-1.3177 0.0646973

-1.31753 0.0640869
-1.31762 0.0643921

-1.31769 0.0646613
-1.31762 0.0643921

-1.31799 0.0659069
-1.318 0.065918

-1.3177 0.0646973
-1.31778 0.0650024

-1.31778 0.0650024
-1.31785 0.0653076

-1.31785 0.0653076
-1.31793 0.0656128

-1.31799 0.0659068
-1.31793 0.0656128

-1.318 0.065918
-1.31806 0.0662231

-1.31806 0.0662231
-1.31813 0.0665283

-1.31813 0.0665283
-1.31819 0.0668335

-1.31819 0.0668335
-1.31825 0.0671387

-1.3183 0.0673875
-1.31831 0.0674438

-1.31831 0.0674438
-1.31836 0.067749

-1.3183 0.0673871
-1.31825 0.0671387

-1.31836 0.067749
-1.31842 0.0680542

-1.31842 0.0680542
-1.31847 0.0683594

-1.31616 0.0601293
-1.31628 0.0604248

-1.31647 0.0608904
-1.31652 0.0610352

-1.31628 0.0604248
-1.31641 0.06073

-1.31647 0.0608903
-1.31641 0.06073

-1.31555 0.058749
-1.31562 0.0588989

-1.31562 0.0588989
-1.31576 0.0592041

-1.31586 0.0594185
-1.3159 0.0595093

-1.3159 0.0595093
-1.31603 0.0598145

-1.31586 0.0594186
-1.31576 0.0592041

-1.31555 0.058749
-1.31548 0.0585938

-1.31603 0.0598145
-1.31616 0.0601196

-1.31616 0.0601291
-1.31616 0.0601196

-1.31677 0.061708
-1.31686 0.0619507

-1.31686 0.0619507
-1.31696 0.0622559

-1.31652 0.0610352
-1.31664 0.0613403

-1.31664 0.0613403
-1.31675 0.0616455

-1.31677 0.0617077
-1.31675 0.0616455

-1.31708 0.0625959
-1.31717 0.0628662

-1.31696 0.0622559
-1.31707 0.062561

-1.31708 0.0625955
-1.31707 0.062561

-1.31717 0.0628662
-1.31726 0.0631714

-1.31726 0.0631714
-1.31735 0.0634766

-1.31738 0.063572
-1.31735 0.0634766

-1.3186 0.0692758
-1.31864 0.0695801

-1.31864 0.0695801
-1.31868 0.0698853

-1.31868 0.0698853
-1.31872 0.0701904

-1.31872 0.0701904
-1.31875 0.0704956

-1.31875 0.0704956
-1.31879 0.0708008

-1.31847 0.0683594
-1.31851 0.0686646

-1.31851 0.0686646
-1.31856 0.0689697

-1.31856 0.0689697
-1.3186 0.0692749

-1.31879 0.0708008
-1.31881 0.071106

-1.31881 0.071106
-1.31884 0.0714111

-1.31884 0.0714111
-1.31887 0.0717163

-1.31887 0.0717163
-1.31889 0.0720215

-1.31891 0.0722651
-1.31891 0.0723267

-1.31891 0.0723267
-1.31893 0.0726318

-1.31891 0.0722639
-1.31889 0.0720215

-1.31893 0.0726318
-1.31895 0.072937

-1.31895 0.072937
-1.31897 0.0732422

-1.31897 0.0732422
-1.31898 0.0735474

-1.31898 0.0735474
-1.31899 0.0738525

-1.31899 0.0738525
-1.319 0.0741577

-1.319 0.0741577
-1.31901 0.0744629

-1.31901 0.0744629
-1.31901 0.0747681

-1.31901 0.0747681
-1.31902 0.0750732

-1.31902 0.0750732
-1.31902 0.0753784

-1.31902 0.0753784
-1.31902 0.0756836

-1.31902 0.0756836
-1.31902 0.0759888

-1.31902 0.0759888
-1.31901 0.0762939

-1.31901 0.0762939
-1.31901 0.0765991

-1.31901 0.0765991
-1.319 0.0769043

-1.319 0.0769043
-1.31899 0.0772095

-1.31899 0.0772095
-1.31898 0.0775146

-1.31898 0.0775146
-1.31897 0.0778198

-1.31897 0.0778198
-1.31896 0.078125

-1.31896 0.078125
-1.31894 0.0784302

-1.31894 0.0784302
-1.31893 0.0787354

-1.31893 0.0787354
-1.31891 0.0790405

-1.31891 0.0790405
-1.31891 0.0790431

-1.31891 0.0790417
-1.31889 0.0793457

-1.31889 0.0793457
-1.31887 0.0796509

-1.31887 0.0796509
-1.31884 0.0799561

-1.31884 0.0799561
-1.31882 0.0802612

-1.31882 0.0802612
-1.31879 0.0805664

-1.31879 0.0805664
-1.31877 0.0808716

-1.31877 0.0808716
-1.31874 0.0811768

-1.31874 0.0811768
-1.31871 0.0814819

-1.31871 0.0814819
-1.31867 0.0817871

-1.31867 0.0817871
-1.31864 0.0820923

-1.31864 0.0820923
-1.3186 0.0823975

-1.3186 0.0823975
-1.3186 0.0824055

-1.3186 0.0824048
-1.31857 0.0827026

-1.31857 0.0827026
-1.31853 0.0830078

-1.31853 0.0830078
-1.31849 0.083313

-1.31849 0.083313
-1.31845 0.0836182

-1.31845 0.0836182
-1.31841 0.0839233

-1.31841 0.0839233
-1.31836 0.0842285

-1.31836 0.0842285
-1.31832 0.0845337

-1.31832 0.0845337
-1.3183 0.0846707

-1.3183 0.0846701
-1.31827 0.0848389

-1.31827 0.0848389
-1.31823 0.085144

-1.31823 0.085144
-1.31818 0.0854492

-1.31818 0.0854492
-1.31813 0.0857544

-1.31813 0.0857544
-1.31807 0.0860596

-1.31807 0.0860596
-1.31802 0.0863647

-1.31802 0.0863647
-1.31799 0.0865266

-1.31799 0.0865262
-1.31797 0.0866699

-1.31797 0.0866699
-1.31791 0.0869751

-1.31791 0.0869751
-1.31786 0.0872803

-1.31786 0.0872803
-1.3178 0.0875854

-1.3178 0.0875854
-1.31774 0.0878906

-1.31774 0.0878906
-1.31769 0.0881481

-1.31769 0.0881477
-1.31768 0.0881958

-1.31768 0.0881958
-1.31762 0.088501

-1.31762 0.088501
-1.31755 0.0888062

-1.31755 0.0888062
-1.31749 0.0891113

-1.31749 0.0891113
-1.31743 0.0894165

-1.31743 0.0894165
-1.31738 0.0896122

-1.31738 0.0896118
-1.31736 0.0897217

-1.31736 0.0897217
-1.31729 0.0900269

-1.31729 0.0900269
-1.31722 0.090332

-1.31722 0.090332
-1.31715 0.0906372

-1.31715 0.0906372
-1.31708 0.0909424

-1.31708 0.0909424
-1.31708 0.0909625

-1.31708 0.0909622
-1.31701 0.0912476

-1.31701 0.0912476
-1.31694 0.0915527

-1.31694 0.0915527
-1.31686 0.0918579

-1.31686 0.0918579
-1.31679 0.0921631

-1.31679 0.0921631
-1.31677 0.0922238

-1.31677 0.0922235
-1.31671 0.0924683

-1.31671 0.0924683
-1.31663 0.0927734

-1.31663 0.0927734
-1.31656 0.0930786

-1.31656 0.0930786
-1.31648 0.0933838

-1.31648 0.0933838
-1.31647 0.0934147

-1.31647 0.0934144
-1.31639 0.093689

-1.31639 0.093689
-1.31631 0.0939941

-1.31631 0.0939941
-1.31623 0.0942993

-1.31623 0.0942993
-1.31616 0.0945467

-1.31616 0.0945465
-1.31615 0.0946045

-1.31615 0.0946045
-1.31606 0.0949097

-1.31606 0.0949097
-1.31598 0.0952148

-1.31598 0.0952148
-1.31589 0.09552

-1.31589 0.09552
-1.31586 0.0956299

-1.31586 0.0956297
-1.3158 0.0958252

-1.3158 0.0958252
-1.31571 0.0961304

-1.31571 0.0961304
-1.31562 0.0964355

-1.31562 0.0964355
-1.31555 0.0966709

-1.31555 0.0966707
-1.31553 0.0967407

-1.31553 0.0967407
-1.31544 0.0970459

-1.31544 0.0970459
-1.31535 0.0973511

-1.31535 0.0973511
-1.31525 0.0976562

-1.31525 0.0976562
-1.31525 0.0976756

-1.31525 0.0976753
-1.31516 0.0979614

-1.31516 0.0979614
-1.31506 0.0982666

-1.31506 0.0982666
-1.31497 0.0985718

-1.31497 0.0985718
-1.31494 0.0986472

-1.31494 0.098647
-1.31487 0.098877

-1.31487 0.098877
-1.31477 0.0991821

-1.31477 0.0991821
-1.31467 0.0994873

-1.31467 0.0994873
-1.31464 0.0995903

-1.31464 0.0995901
-1.31457 0.0997925

-1.31457 0.0997925
-1.31447 0.100098

-1.31447 0.100098
-1.31437 0.100403

-1.31437 0.100403
-1.31433 0.100508

-1.31433 0.100508
-1.31426 0.100708

-1.31426 0.100708
-1.31416 0.101013

-1.31416 0.101013
-1.31405 0.101318

-1.31405 0.101318
-1.31403 0.101402

-1.31403 0.101402
-1.31395 0.101624

-1.31395 0.101624
-1.31384 0.101929

-1.31384 0.101929
-1.31374 0.102234

-1.31374 0.102234
-1.31372 0.102275

-1.31372 0.102275
-1.31363 0.102539

-1.31363 0.102539
-1.31352 0.102844

-1.31352 0.102844
-1.31342 0.103129

-1.31342 0.103129
-1.31341 0.103149

-1.31341 0.103149
-1.3133 0.103455

-1.3133 0.103455
-1.31319 0.10376

-1.31319 0.10376
-1.31311 0.103964

-1.31311 0.103964
-1.31307 0.104065

-1.31307 0.104065
-1.31296 0.10437

-1.31296 0.10437
-1.31285 0.104675

-1.31285 0.104675
-1.31281 0.104784

-1.31281 0.104784
-1.31273 0.10498

-1.31273 0.10498
-1.31262 0.105286

-1.31262 0.105286
-1.3125 0.105588

-1.2948 0.0390012
-1.29491 0.0390625

-1.2948 0.039001
-1.29449 0.0388402

-1.29419 0.0386812
-1.29434 0.0387573

-1.29449 0.0388401
-1.29434 0.0387573

-1.29358 0.0383675
-1.29374 0.0384521

-1.29419 0.038681
-1.29388 0.0385234

-1.29388 0.0385233
-1.29375 0.0384521

-1.29358 0.0383673
-1.29327 0.0382128

-1.29297 0.0380598
-1.29314 0.038147

-1.29327 0.0382127
-1.29314 0.038147

-1.29236 0.0377579
-1.29253 0.0378418

-1.29236 0.0377578
-1.29205 0.037609

-1.29175 0.0374616
-1.2919 0.0375366

-1.29205 0.0376088
-1.2919 0.0375366

-1.29297 0.0380597
-1.29266 0.037908

-1.29266 0.0379079
-1.29253 0.0378418

-1.29114 0.0371706
-1.29127 0.0372314

-1.29175 0.0374615
-1.29144 0.0373153

-1.29144 0.0373152
-1.29127 0.0372314

-1.29114 0.0371705
-1.29083 0.0370269

-1.29053 0.0368848
-1.29062 0.0369263

-1.29083 0.0370268
-1.29062 0.0369263

-1.28992 0.0366039
-1.28995 0.0366211

-1.28992 0.0366037
-1.28961 0.036465

-1.28961 0.0364648
-1.28931 0.0363273

-1.289 0.036191
-1.28928 0.0363159

-1.28931 0.0363273
-1.28928 0.0363159

-1.289 0.0361909
-1.2887 0.0360556

-1.28839 0.0359216
-1.28859 0.0360107

-1.28839 0.0359215
-1.28809 0.0357884

-1.2887 0.0360556
-1.28859 0.0360107

-1.29053 0.0368846
-1.29022 0.0367435

-1.29022 0.0367433
-1.28996 0.0366211

-1.28412 0.034149
-1.2842 0.0341797

-1.28412 0.0341489
-1.28381 0.0340291

-1.28381 0.034029
-1.28351 0.0339101

-1.2832 0.0337922
-1.28342 0.0338745

-1.28351 0.0339101
-1.28342 0.0338745

-1.28717 0.0353958
-1.28718 0.0354004

-1.28717 0.0353956
-1.28687 0.0352667

-1.28778 0.0356566
-1.28789 0.0357056

-1.28809 0.0357883
-1.28789 0.0357056

-1.28778 0.0356565
-1.28748 0.0355255

-1.28748 0.0355254
-1.28718 0.0354004

-1.28687 0.0352665
-1.28656 0.0351386

-1.28625 0.0350117
-1.28646 0.0350952

-1.28656 0.0351385
-1.28646 0.0350952

-1.28564 0.0347607
-1.28572 0.03479

-1.28625 0.0350117
-1.28595 0.0348856

-1.28595 0.0348855
-1.28572 0.03479

-1.28564 0.0347606
-1.28534 0.0346364

-1.28534 0.0346364
-1.28503 0.0345131

-1.28473 0.0343909
-1.28496 0.0344849

-1.28503 0.0345131
-1.28496 0.0344849

-1.28473 0.0343909
-1.28442 0.0342694

-1.28442 0.0342693
-1.2842 0.0341797

-1.28259 0.0335586
-1.28262 0.0335693

-1.2832 0.0337921
-1.2829 0.0336749

-1.2829 0.0336748
-1.28262 0.0335693

-1.28259 0.0335585
-1.28229 0.0334429

-1.28229 0.0334428
-1.28198 0.0333279

-1.28076 0.0328761
-1.28099 0.032959

-1.28168 0.0332139
-1.28181 0.0332642

-1.28198 0.0333278
-1.28181 0.0332642

-1.28168 0.0332138
-1.28137 0.0331005

-1.28137 0.0331004
-1.28107 0.0329878

-1.28107 0.0329878
-1.28099 0.032959

-1.28076 0.032876
-1.28046 0.0327648

-1.28046 0.0327648
-1.28015 0.0326544

-1.27985 0.0325448
-1.28015 0.0326538

-1.28015 0.0326544
-1.28015 0.0326538

-1.27985 0.0325447
-1.27954 0.0324356

-1.27924 0.0323274
-1.2793 0.0323486

-1.27924 0.0323273
-1.27893 0.0322197

-1.27954 0.0324356
-1.2793 0.0323486

-1.27893 0.0322196
-1.27863 0.0321126

-1.27832 0.0320064
-1.27843 0.0320435

-1.27863 0.0321125
-1.27843 0.0320435

-1.2774 0.0316911
-1.27754 0.0317383

-1.2774 0.0316911
-1.2771 0.0315872

-1.2771 0.0315872
-1.27679 0.031484

-1.27649 0.0313815
-1.27664 0.0314331

-1.27679 0.0314839
-1.27664 0.0314331

-1.27649 0.0313814
-1.27618 0.0312794

-1.27618 0.0312793
-1.27588 0.0311779

-1.27832 0.0320063
-1.27802 0.0319006

-1.27802 0.0319005
-1.27771 0.0317954

-1.27771 0.0317954
-1.27754 0.0317383

-1.27557 0.0310772
-1.27573 0.0311279

-1.27557 0.0310772
-1.27527 0.0309769

-1.27588 0.0311779
-1.27573 0.0311279

-1.27527 0.0309768
-1.27496 0.0308771

-1.27466 0.0307781
-1.2748 0.0308228

-1.27496 0.0308771
-1.2748 0.0308228

-1.27374 0.0304841
-1.27385 0.0305176

-1.27374 0.030484
-1.27344 0.030387

-1.27466 0.0307781
-1.27435 0.0306795

-1.27435 0.0306794
-1.27405 0.0305814

-1.27405 0.0305814
-1.27385 0.0305176

-1.30853 0.0488191
-1.30854 0.0488281

-1.30823 0.0485144
-1.30824 0.0485229

-1.30853 0.0488187
-1.30824 0.0485229

-1.30792 0.0482159
-1.30792 0.0482178

-1.30792 0.0482156
-1.30762 0.0479231

-1.30823 0.048514
-1.30792 0.0482178

-1.30273 0.0438911
-1.30281 0.0439453

-1.30579 0.0462814
-1.30591 0.0463867

-1.30518 0.0457714
-1.30518 0.0457764

-1.30548 0.0460241
-1.30555 0.0460815

-1.30579 0.0462808
-1.30555 0.0460815

-1.30548 0.046024
-1.30518 0.0457764

-1.30701 0.0473552
-1.30728 0.0476074

-1.3064 0.0468092
-1.30661 0.0469971

-1.3067 0.0470795
-1.30695 0.0473022

-1.30701 0.0473552
-1.30695 0.0473022

-1.3067 0.0470791
-1.30661 0.0469971

-1.30731 0.0476363
-1.30761 0.0479126

-1.30762 0.0479234
-1.30761 0.0479126

-1.30731 0.0476365
-1.30728 0.0476074

-1.30609 0.0465436
-1.30626 0.0466919

-1.3064 0.0468077
-1.30626 0.0466919

-1.30609 0.046541
-1.30591 0.0463867

-1.30426 0.0450392
-1.30442 0.045166

-1.30396 0.044802
-1.30403 0.0448608

-1.30426 0.045038
-1.30403 0.0448608

-1.30518 0.0457714
-1.30487 0.045523

-1.30457 0.0452787
-1.30481 0.0454712

-1.30487 0.0455229
-1.30481 0.0454712

-1.30457 0.0452776
-1.30442 0.045166

-1.30334 0.0443391
-1.30363 0.0445557

-1.30396 0.0448016
-1.30365 0.0445687

-1.30365 0.0445687
-1.30363 0.0445557

-1.30304 0.0441133
-1.30322 0.0442505

-1.30334 0.0443383
-1.30322 0.0442505

-1.30304 0.0441128
-1.30281 0.0439453

-1.31067 0.0511542
-1.31076 0.0512695

-1.31006 0.0504466
-1.31024 0.0506592

-1.31036 0.0507952
-1.31051 0.0509644

-1.31067 0.0511549
-1.31051 0.0509644

-1.31036 0.050797
-1.31025 0.0506592

-1.31158 0.0522865
-1.31174 0.0524902

-1.31128 0.0518984
-1.31151 0.0521851

-1.31158 0.0522872
-1.31151 0.0521851

-1.31219 0.0530966
-1.3122 0.0531006

-1.31189 0.0526841
-1.31197 0.0527954

-1.31219 0.0530955
-1.31197 0.0527954

-1.3122 0.0531006
-1.31242 0.0534058

-1.3125 0.0535204
-1.31242 0.0534058

-1.31189 0.0526855
-1.31174 0.0524902

-1.31097 0.0515221
-1.31102 0.0515747

-1.31102 0.0515747
-1.31126 0.0518799

-1.31097 0.0515213
-1.31077 0.0512695

-1.31128 0.0518983
-1.31126 0.0518799

-1.30945 0.0497736
-1.3097 0.0500488

-1.30884 0.0491306
-1.30884 0.0491333

-1.30884 0.0491333
-1.30913 0.0494385

-1.30914 0.0494482
-1.30942 0.0497437

-1.30945 0.0497735
-1.30942 0.0497437

-1.30914 0.049448
-1.30913 0.0494385

-1.30975 0.0501063
-1.30998 0.050354

-1.31006 0.0504475
-1.30998 0.050354

-1.30975 0.0501064
-1.3097 0.0500488

-1.30884 0.04913
-1.30854 0.0488281

-1.30273 0.0438903
-1.30243 0.0436708

-1.30212 0.0434543
-1.30239 0.0436401

-1.30243 0.0436705
-1.30239 0.0436401

-1.30182 0.0432414
-1.30195 0.043335

-1.30182 0.0432407
-1.30151 0.0430302

-1.30212 0.0434541
-1.30195 0.043335

-1.3009 0.042618
-1.30106 0.0427246

-1.3006 0.0424156
-1.3006 0.0424194

-1.3009 0.0426176
-1.3006 0.0424194

-1.3006 0.0424156
-1.30029 0.0422161

-1.30121 0.0428228
-1.30151 0.0430298

-1.30151 0.0430304
-1.30151 0.0430298

-1.30121 0.0428225
-1.30106 0.0427246

-1.29907 0.0414427
-1.29917 0.0415039

-1.29907 0.0414423
-1.29877 0.0412548

-1.29846 0.0410696
-1.29867 0.0411987

-1.29877 0.0412546
-1.29868 0.0411987

-1.29816 0.0408868
-1.29817 0.0408936

-1.29816 0.0408864
-1.29785 0.0407054

-1.29846 0.0410693
-1.29817 0.0408936

-1.29999 0.0420191
-1.30014 0.0421143

-1.29999 0.0420188
-1.29968 0.0418243

-1.30029 0.0422158
-1.30014 0.0421143

-1.29938 0.0416322
-1.29966 0.0418091

-1.29968 0.0418241
-1.29966 0.0418091

-1.29938 0.041632
-1.29917 0.0415039

-1.29694 0.0401745
-1.29713 0.0402832

-1.29694 0.0401744
-1.29663 0.0400013

-1.29755 0.0405266
-1.29765 0.0405884

-1.29785 0.0407051
-1.29765 0.0405884

-1.29755 0.0405263
-1.29724 0.0403494

-1.29724 0.0403493
-1.29713 0.0402832

-1.29602 0.0396613
-1.29604 0.0396729

-1.29633 0.0398303
-1.29659 0.039978

-1.29663 0.0400013
-1.29659 0.039978

-1.29633 0.0398301
-1.29604 0.0396729

-1.29602 0.0396609
-1.29572 0.0394934

-1.29541 0.0393278
-1.29548 0.0393677

-1.29572 0.0394931
-1.29548 0.0393677

-1.29541 0.0393275
-1.2951 0.0391634

-1.2951 0.0391632
-1.29492 0.0390625

-1.26978 0.0292631
-1.26989 0.0292969

-1.26978 0.0292631
-1.26947 0.0291725

-1.26947 0.0291725
-1.26917 0.0290823

-1.26917 0.0290823
-1.26886 0.0289927

-1.26855 0.0289036
-1.26886 0.0289917

-1.26886 0.0289928
-1.26886 0.0289917

-1.26855 0.0289036
-1.26825 0.0288148

-1.26825 0.0288148
-1.26794 0.0287265

-1.26764 0.0286387
-1.26781 0.0286865

-1.26764 0.0286386
-1.26733 0.0285512

-1.26794 0.0287265
-1.26781 0.0286865

-1.26733 0.0285511
-1.26703 0.0284641

-1.26672 0.0283776
-1.26674 0.0283813

-1.26703 0.0284641
-1.26674 0.0283813

-1.26672 0.0283775
-1.26642 0.0282913

-1.26642 0.0282913
-1.26611 0.0282055

-1.2655 0.0280352
-1.26565 0.0280762

-1.2655 0.0280352
-1.2652 0.0279506

-1.2652 0.0279506
-1.26489 0.0278664

-1.26611 0.0282055
-1.26581 0.0281201

-1.26581 0.0281201
-1.26565 0.0280762

-1.26489 0.0278664
-1.26459 0.0277827

-1.26428 0.0276993
-1.26454 0.027771

-1.26459 0.0277827
-1.26454 0.027771

-1.26428 0.0276993
-1.26398 0.0276162

-1.26398 0.0276162
-1.26367 0.0275336

-1.27344 0.030387
-1.27313 0.0302905

-1.27283 0.0301948
-1.27288 0.0302124

-1.27313 0.0302905
-1.27288 0.0302124

-1.27283 0.0301947
-1.27252 0.0300993

-1.27252 0.0300993
-1.27222 0.0300043

-1.27161 0.0298162
-1.2719 0.0299072

-1.27222 0.0300043
-1.27191 0.02991

-1.27191 0.02991
-1.2719 0.0299072

-1.27161 0.0298161
-1.2713 0.0297227

-1.2713 0.0297227
-1.271 0.0296298

-1.27069 0.0295375
-1.2709 0.0296021

-1.271 0.0296298
-1.2709 0.0296021

-1.27069 0.0295374
-1.27039 0.0294455

-1.27039 0.0294455
-1.27008 0.029354

-1.27008 0.029354
-1.26989 0.0292969

-1.26337 0.0274514
-1.26342 0.0274658

-1.26337 0.0274514
-1.26306 0.0273695

-1.26367 0.0275336
-1.26342 0.0274658

-1.26306 0.0273695
-1.26276 0.0272879

-1.26276 0.027288
-1.26245 0.0272068

-1.26215 0.0271261
-1.26228 0.0271606

-1.26245 0.0272068
-1.26228 0.0271606

-1.26215 0.0271261
-1.26184 0.0270456

-1.26184 0.0270456
-1.26154 0.0269655

-1.26154 0.0269656
-1.26123 0.0268859

-1.26093 0.0268066
-1.26111 0.0268555

-1.26093 0.0268066
-1.26062 0.0267275

-1.26062 0.0267275
-1.26031 0.0266488

-1.26031 0.0266489
-1.26001 0.0265706

-1.2597 0.0264926
-1.25993 0.0265503

-1.26001 0.0265706
-1.25993 0.0265503

-1.2597 0.0264926
-1.2594 0.0264149

-1.2594 0.0264149
-1.25909 0.0263376

-1.25909 0.0263376
-1.25879 0.0262607

-1.26123 0.0268859
-1.26111 0.0268555

-1.25848 0.0261841
-1.25873 0.0262451

-1.25848 0.0261841
-1.25818 0.0261077

-1.25879 0.0262607
-1.25873 0.0262451

-1.25818 0.0261077
-1.25787 0.0260317

-1.25787 0.0260317
-1.25757 0.0259561

-1.25726 0.0258807
-1.2575 0.0259399

-1.25757 0.0259561
-1.2575 0.0259399

-1.25726 0.0258807
-1.25696 0.0258056

-1.25696 0.0258056
-1.25665 0.0257309

-1.25665 0.0257309
-1.25635 0.0256566

-1.25604 0.0255825
-1.25626 0.0256348

-1.25604 0.0255825
-1.25574 0.0255087

-1.25574 0.0255086
-1.25543 0.0254352

-1.25543 0.0254352
-1.25513 0.025362

-1.25635 0.0256566
-1.25626 0.0256348

-1.25482 0.0252891
-1.25499 0.0253296

-1.25513 0.025362
-1.25499 0.0253296

-1.25482 0.0252891
-1.25452 0.0252165

-1.25452 0.0252164
-1.25421 0.0251442

-1.25421 0.0251442
-1.25391 0.0250722

-1.25085 0.024368
-1.25106 0.0244141

-1.25085 0.024368
-1.25055 0.024299

-1.25055 0.024299
-1.25024 0.0242304

-1.25024 0.0242304
-1.24994 0.0241621

-1.24963 0.024094
-1.2497 0.0241089

-1.24994 0.0241621
-1.2497 0.0241089

-1.24963 0.024094
-1.24933 0.0240261

-1.24933 0.0240261
-1.24902 0.0239585

-1.2536 0.0250006
-1.2537 0.0250244

-1.2536 0.0250005
-1.2533 0.0249291

-1.25391 0.0250722
-1.2537 0.0250244

-1.2533 0.0249291
-1.25299 0.0248579

-1.25299 0.0248579
-1.25269 0.0247871

-1.25238 0.0247166
-1.25239 0.0247192

-1.25269 0.0247872
-1.25239 0.0247192

-1.25238 0.0247166
-1.25208 0.0246463

-1.25208 0.0246462
-1.25177 0.0245762

-1.25177 0.0245762
-1.25146 0.0245065

-1.25146 0.0245065
-1.25116 0.0244371

-1.25116 0.0244371
-1.25106 0.0244141

-1.24902 0.0239585
-1.24872 0.0238912

-1.24872 0.0238912
-1.24841 0.0238242

-1.24811 0.0237574
-1.24832 0.0238037

-1.24811 0.0237574
-1.2478 0.0236908

-1.24841 0.0238242
-1.24832 0.0238037

-1.2478 0.0236908
-1.2475 0.0236245

-1.2475 0.0236246
-1.24719 0.0235586

-1.24689 0.0234928
-1.24691 0.0234985

-1.24719 0.0235586
-1.24691 0.0234985

-1.24689 0.0234928
-1.24658 0.0234272

-1.24536 0.0231677
-1.24548 0.0231934

-1.24658 0.0234272
-1.24628 0.0233619

-1.24628 0.0233619
-1.24597 0.0232969

-1.24597 0.0232969
-1.24567 0.0232322

-1.24567 0.0232322
-1.24548 0.0231934

-1.24536 0.0231677
-1.24506 0.0231033

-1.24506 0.0231033
-1.24475 0.0230392

-1.24475 0.0230392
-1.24445 0.0229755

-1.24445 0.0229755
-1.24414 0.022912

-1.24384 0.0228485
-1.24403 0.0228882

-1.24414 0.022912
-1.24403 0.0228882

-1.24384 0.0228485
-1.24353 0.0227854

-1.24353 0.0227853
-1.24323 0.0227225

-1.24323 0.0227225
-1.24292 0.0226599

-1.24231 0.0225353
-1.24254 0.022583

-1.24292 0.0226599
-1.24261 0.0225976

-1.24261 0.0225976
-1.24254 0.022583

-1.24231 0.0225353
-1.242 0.0224733

-1.242 0.0224733
-1.2417 0.0224116

-1.23926 0.021926
-1.2395 0.0219727

-1.2417 0.0224116
-1.24139 0.0223502

-1.24139 0.0223502
-1.24109 0.022289

-1.24078 0.0222278
-1.24103 0.0222778

-1.24109 0.022289
-1.24103 0.0222778

-1.24078 0.0222278
-1.24048 0.0221669

-1.24048 0.0221669
-1.24017 0.0221063

-1.24017 0.0221063
-1.23987 0.022046

-1.23987 0.0220461
-1.23956 0.0219859

-1.23956 0.0219859
-1.2395 0.0219727

-1.23926 0.021926
-1.23895 0.0218662

-1.23895 0.0218662
-1.23865 0.0218067

-1.23865 0.0218067
-1.23834 0.0217474

-1.23834 0.0217475
-1.23804 0.0216884

-1.23773 0.0216295
-1.23793 0.0216675

-1.23804 0.0216884
-1.23793 0.0216675

-1.23773 0.0216294
-1.23743 0.0215707

-1.23743 0.0215707
-1.23712 0.0215122

-1.23712 0.0215122
-1.23682 0.021454

-1.23621 0.0213382
-1.23633 0.0213623

-1.23682 0.0214541
-1.23651 0.0213961

-1.23651 0.0213961
-1.23633 0.0213623

-1.23621 0.0213382
-1.2359 0.0212806

-1.2359 0.0212806
-1.2356 0.0212231

-1.2356 0.0212231
-1.23529 0.0211659

-1.23529 0.021166
-1.23499 0.021109

-1.23468 0.0210521
-1.23471 0.0210571

-1.23499 0.021109
-1.23471 0.0210571

-1.23468 0.0210521
-1.23438 0.0209954

-1.3125 0.105588
-1.3125 0.105591

-1.3125 0.105591
-1.31238 0.105896

-1.31238 0.105896
-1.31226 0.106201

-1.31226 0.106201
-1.31219 0.106378

-1.31219 0.106378
-1.31214 0.106506

-1.31215 0.106506
-1.31203 0.106812

-1.31203 0.106812
-1.31191 0.107117

-1.31191 0.107117
-1.31189 0.107156

-1.31189 0.107155
-1.31178 0.107422

-1.31178 0.107422
-1.31166 0.107727

-1.31166 0.107727
-1.31158 0.10792

-1.31158 0.10792
-1.31154 0.108032

-1.31154 0.108032
-1.31142 0.108337

-1.31142 0.108337
-1.31129 0.108643

-1.31129 0.108643
-1.31128 0.108673

-1.31128 0.108673
-1.31117 0.108948

-1.31117 0.108948
-1.31104 0.109253

-1.31104 0.109253
-1.31097 0.109415

-1.31097 0.109415
-1.31091 0.109558

-1.31091 0.109558
-1.31079 0.109863

-1.31079 0.109863
-1.31067 0.110147

-1.31067 0.110147
-1.31066 0.110168

-1.31066 0.110168
-1.31053 0.110474

-1.31053 0.110474
-1.3104 0.110779

-1.3104 0.110779
-1.31036 0.11087

-1.31036 0.110869
-1.31027 0.111084

-1.31027 0.111084
-1.31014 0.111389

-1.31014 0.111389
-1.31006 0.111582

-1.31006 0.111582
-1.31001 0.111694

-1.31001 0.111694
-1.30988 0.112

-1.30988 0.112
-1.30975 0.112287

-1.30975 0.112287
-1.30975 0.112305

-1.30975 0.112305
-1.30961 0.11261

-1.30961 0.11261
-1.30948 0.112915

-1.30948 0.112915
-1.30945 0.112983

-1.30945 0.112983
-1.30934 0.11322

-1.30934 0.11322
-1.30921 0.113525

-1.30921 0.113525
-1.30914 0.113671

-1.30914 0.113671
-1.30907 0.113831

-1.30907 0.113831
-1.30894 0.114136

-1.30894 0.114136
-1.30884 0.114352

-1.30884 0.114352
-1.3088 0.114441

-1.3088 0.114441
-1.30866 0.114746

-1.30866 0.114746
-1.30853 0.115025

-1.30853 0.115025
-1.30852 0.115051

-1.30852 0.115051
-1.30838 0.115356

-1.30838 0.115356
-1.30824 0.115662

-1.30824 0.115662
-1.30823 0.115692

-1.30823 0.115692
-1.3081 0.115967

-1.3081 0.115967
-1.30796 0.116272

-1.30796 0.116272
-1.30792 0.116352

-1.30792 0.116352
-1.30782 0.116577

-1.30782 0.116577
-1.30767 0.116882

-1.30767 0.116882
-1.30762 0.117006

-1.30762 0.117005
-1.30753 0.117188

-1.30753 0.117188
-1.30739 0.117493

-1.30739 0.117493
-1.30731 0.117653

-1.30731 0.117653
-1.30724 0.117798

-1.30724 0.117798
-1.3071 0.118103

-1.3071 0.118103
-1.30701 0.118295

-1.30701 0.118295
-1.30695 0.118408

-1.30695 0.118408
-1.30681 0.118713

-1.30681 0.118713
-1.3067 0.118932

-1.3067 0.118932
-1.30666 0.119019

-1.30666 0.119019
-1.30651 0.119324

-1.30651 0.119324
-1.3064 0.119563

-1.3064 0.119563
-1.30636 0.119629

-1.30636 0.119629
-1.30622 0.119934

-1.30622 0.119934
-1.30609 0.120189

-1.30609 0.120188
-1.30607 0.120239

-1.30607 0.120239
-1.30592 0.120544

-1.30592 0.120544
-1.30579 0.120809

-1.30579 0.120809
-1.30577 0.12085

-1.30577 0.12085
-1.30562 0.121155

-1.30562 0.121155
-1.30548 0.121426

-1.30548 0.121425
-1.30546 0.12146

-1.30546 0.12146
-1.30531 0.121765

-1.30531 0.121765
-1.30518 0.122037

-1.30518 0.122037
-1.30516 0.12207

-1.30516 0.12207
-1.30501 0.122375

-1.30501 0.122375
-1.30487 0.122644

-1.30487 0.122644
-1.30485 0.122681

-1.30485 0.122681
-1.3047 0.122986

-1.3047 0.122986
-1.30457 0.123247

-1.30457 0.123247
-1.30454 0.123291

-1.30454 0.123291
-1.30439 0.123596

-1.30439 0.123596
-1.30426 0.123845

-1.30426 0.123845
-1.30423 0.123901

-1.30423 0.123901
-1.30407 0.124207

-1.30407 0.124207
-1.30396 0.12444

-1.30396 0.124439
-1.30392 0.124512

-1.30392 0.124512
-1.30376 0.124817

-1.30376 0.124817
-1.30365 0.12503

-1.30365 0.12503
-1.3036 0.125122

-1.3036 0.125122
-1.30344 0.125427

-1.30344 0.125427
-1.30334 0.125617

-1.30334 0.125617
-1.30328 0.125732

-1.30328 0.125732
-1.30312 0.126038

-1.30312 0.126038
-1.30304 0.1262

-1.30304 0.1262
-1.30296 0.126343

-1.30296 0.126343
-1.3028 0.126648

-1.3028 0.126648
-1.30273 0.126779

-1.30273 0.126779
-1.30264 0.126953

-1.30264 0.126953
-1.30248 0.127258

-1.30248 0.127258
-1.30243 0.127355

-1.30243 0.127355
-1.30232 0.127563

-1.30232 0.127563
-1.30216 0.127869

-1.30216 0.127869
-1.30212 0.127928

-1.30212 0.127928
-1.30199 0.128174

-1.30199 0.128174
-1.30183 0.128479

-1.30183 0.128479
-1.30182 0.128497

-1.30182 0.128497
-1.30166 0.128784

-1.30166 0.128784
-1.30151 0.129063

-1.30151 0.129063
-1.3015 0.129089

-1.3015 0.129089
-1.30133 0.129395

-1.30133 0.129395
-1.30121 0.129626

-1.30121 0.129626
-1.30117 0.1297

-1.30117 0.1297
-1.301 0.130005

-1.301 0.130005
-1.3009 0.130186

-1.3009 0.130186
-1.30084 0.13031

-1.30084 0.13031
-1.30067 0.130615

-1.30067 0.130615
-1.3006 0.130743

-1.3006 0.130743
-1.3005 0.13092

-1.3005 0.13092
-1.30033 0.131226

-1.30033 0.131226
-1.30029 0.131297

-1.30029 0.131297
-1.30016 0.131531

-1.30016 0.131531
-1.29999 0.131836

-1.29999 0.131836
-1.29999 0.131849

-1.29999 0.131848
-1.29983 0.132141

-1.29983 0.132141
-1.29968 0.132397

-1.29968 0.132397
-1.29966 0.132446

-1.29966 0.132446
-1.29948 0.132751

-1.29948 0.132751
-1.29938 0.132943

-1.29938 0.132943
-1.29931 0.133057

-1.29931 0.133057
-1.29914 0.133362

-1.29914 0.133362
-1.29907 0.133486

-1.29907 0.133486
-1.29897 0.133667

-1.29897 0.133667
-1.2988 0.133972

-1.2988 0.133972
-1.29877 0.134027

-1.29877 0.134027
-1.29863 0.134277

-1.29863 0.134277
-1.29846 0.134565

-1.29846 0.134565
-1.29845 0.134583

-1.29845 0.134583
-1.29828 0.134888

-1.29828 0.134888
-1.29816 0.135101

-1.29816 0.135101
-1.2981 0.135193

-1.2981 0.135193
-1.29793 0.135498

-1.29793 0.135498
-1.29785 0.135635

-1.29785 0.135635
-1.29775 0.135803

-1.29776 0.135803
-1.29758 0.136108

-1.29758 0.136108
-1.29755 0.136166

-1.29755 0.136166
-1.2974 0.136414

-1.2974 0.136414
-1.29724 0.136695

-1.29724 0.136695
-1.29723 0.136719

-1.29723 0.136719
-1.29705 0.137024

-1.29705 0.137024
-1.29694 0.137222

-1.29694 0.137222
-1.29687 0.137329

-1.29687 0.137329
-1.2967 0.137634

-1.2967 0.137634
-1.29663 0.137746

-1.29663 0.137746
-1.29652 0.137939

-1.29652 0.137939
-1.29634 0.138245

-1.29634 0.138245
-1.29633 0.138269

-1.29633 0.138269
-1.29616 0.13855

-1.29616 0.13855
-1.29602 0.138789

-1.29602 0.138789
-1.29598 0.138855

-1.29598 0.138855
-1.2958 0.13916

-1.2958 0.13916
-1.29572 0.139308

-1.29572 0.139307
-1.29562 0.139465

-1.29562 0.139465
-1.29544 0.139771

-1.29544 0.139771
-1.29541 0.139824

-1.29541 0.139824
-1.29526 0.140076

-1.29526 0.140076
-1.2951 0.140338

-1.2951 0.140338
-1.29508 0.140381

-1.29508 0.140381
-1.2949 0.140686

-1.2949 0.140686
-1.2948 0.140851

-1.2948 0.140851
-1.29472 0.140991

-1.29472 0.140991
-1.29453 0.141296

-1.29453 0.141296
-1.29449 0.141362

-1.29449 0.141361
-1.29435 0.141602

-1.29435 0.141602
-1.29419 0.14187

-1.29419 0.14187
-1.29417 0.141907

-1.29417 0.141907
-1.29398 0.142212

-1.29398 0.142212
-1.29388 0.142377

-1.29388 0.142377
-1.2938 0.142517

-1.2938 0.142517
-1.29362 0.142822

-1.29362 0.142822
-1.29358 0.142883

-1.29358 0.142882
-1.29343 0.143127

-1.29343 0.143127
-1.29327 0.143386

-1.29327 0.143386
-1.29325 0.143433

-1.29325 0.143433
-1.29306 0.143738

-1.29306 0.143738
-1.29297 0.143888

-1.29297 0.143888
-1.29287 0.144043

-1.29287 0.144043
-1.29269 0.144348

-1.29269 0.144348
-1.29266 0.144388

-1.29266 0.144388
-1.2925 0.144653

-1.2925 0.144653
-1.29236 0.144886

-1.29236 0.144886
-1.29231 0.144958

-1.29231 0.144958
-1.29213 0.145264

-1.29213 0.145264
-1.29205 0.145383

-1.29205 0.145383
-1.29194 0.145569

-1.29194 0.145569
-1.29175 0.145874

-1.29175 0.145874
-1.29175 0.145879

-1.29175 0.145879
-1.29156 0.146179

-1.29156 0.146179
-1.29144 0.146372

-1.29144 0.146372
-1.29137 0.146484

-1.29137 0.146484
-1.29118 0.14679

-1.29118 0.14679
-1.29114 0.146865

-1.29114 0.146864
-1.29099 0.147095

-1.29099 0.147095
-1.29083 0.147355

-1.29083 0.147355
-1.2908 0.1474

-1.2908 0.1474
-1.29061 0.147705

-1.29061 0.147705
-1.29053 0.147844

-1.29053 0.147844
-1.29042 0.14801

-1.29042 0.14801
-1.29023 0.148315

-1.29023 0.148315
-1.29022 0.148333

-1.29022 0.148332
-1.29004 0.148621

-1.29004 0.148621
-1.28992 0.148819

-1.28992 0.148818
-1.28985 0.148926

-1.28985 0.148926
-1.28966 0.149231

-1.28966 0.149231
-1.28961 0.149304

-1.28961 0.149303
-1.28947 0.149536

-1.28947 0.149536
-1.28931 0.149787

-1.28931 0.149787
-1.28927 0.149841

-1.28927 0.149841
-1.28908 0.150146

-1.28908 0.150146
-1.289 0.150269

-1.289 0.150269
-1.28889 0.150452

-1.28889 0.150452
-1.2887 0.15075

-1.2887 0.15075
-1.28869 0.150757

-1.28869 0.150757
-1.2885 0.151062

-1.2885 0.151062
-1.28839 0.15123

-1.28839 0.15123
-1.2883 0.151367

-1.2883 0.151367
-1.28811 0.151672

-1.28811 0.151672
-1.28809 0.151708

-1.28809 0.151708
-1.28791 0.151978

-1.28791 0.151978
-1.28778 0.152185

-1.28778 0.152185
-1.28772 0.152283

-1.28772 0.152283
-1.28752 0.152588

-1.28752 0.152588
-1.28748 0.152661

-1.28748 0.152661
-1.28733 0.152893

-1.28733 0.152893
-1.28717 0.153135

-1.28717 0.153135
-1.28713 0.153198

-1.28713 0.153198
-1.28693 0.153503

-1.28693 0.153503
-1.28687 0.153609

-1.28687 0.153608
-1.28674 0.153809

-1.28674 0.153809
-1.28656 0.15408

-1.28656 0.15408
-1.28654 0.154114

-1.28654 0.154114
-1.28634 0.154419

-1.28634 0.154419
-1.28625 0.154551

-1.28625 0.154551
-1.28614 0.154724

-1.28614 0.154724
-1.28595 0.155021

-1.28595 0.155021
-1.28594 0.155029

-1.28594 0.155029
-1.28575 0.155334

-1.28575 0.155334
-1.28564 0.15549

-1.28564 0.15549
-1.28555 0.15564

-1.28555 0.15564
-1.28535 0.155945

-1.28535 0.155945
-1.28534 0.155957

-1.28534 0.155957
-1.28515 0.15625

-1.22583 0.0194877
-1.22609 0.0195312

-1.22583 0.0194877
-1.22552 0.0194365

-1.22552 0.0194365
-1.22522 0.0193855

-1.22522 0.0193854
-1.22491 0.0193346

-1.22491 0.0193347
-1.22461 0.0192841

-1.22461 0.0192841
-1.2243 0.0192335

-1.224 0.019183
-1.22426 0.0192261

-1.2243 0.0192335
-1.22426 0.0192261

-1.224 0.019183
-1.22369 0.0191327

-1.22369 0.0191327
-1.22339 0.0190827

-1.22339 0.0190827
-1.22308 0.0190329

-1.22308 0.0190329
-1.22278 0.0189833

-1.22217 0.0188845
-1.22239 0.0189209

-1.22278 0.0189834
-1.22247 0.0189339

-1.22247 0.0189339
-1.22239 0.0189209

-1.22217 0.0188845
-1.22186 0.0188352

-1.22186 0.0188352
-1.22156 0.0187862

-1.22156 0.0187862
-1.22125 0.0187374

-1.22125 0.0187374
-1.22095 0.0186888

-1.22095 0.0186888
-1.22064 0.0186403

-1.22034 0.0185918
-1.22049 0.0186157

-1.22064 0.0186403
-1.22049 0.0186157

-1.22034 0.0185918
-1.22003 0.0185435

-1.22003 0.0185435
-1.21973 0.0184953

-1.21851 0.018305
-1.21854 0.0183105

-1.21973 0.0184953
-1.21942 0.0184474

-1.21942 0.0184475
-1.21912 0.0183999

-1.21912 0.0183999
-1.21881 0.0183524

-1.21881 0.0183524
-1.21854 0.0183105

-1.21851 0.018305
-1.2182 0.0182577

-1.2182 0.0182577
-1.2179 0.0182106

-1.2179 0.0182106
-1.21759 0.0181637

-1.21759 0.0181636
-1.21729 0.0181169

-1.21729 0.018117
-1.21698 0.0180704

-1.21698 0.0180705
-1.21667 0.018024

-1.21637 0.0179775
-1.21655 0.0180054

-1.21667 0.018024
-1.21655 0.0180054

-1.21637 0.0179775
-1.21606 0.0179312

-1.21606 0.0179312
-1.21576 0.0178851

-1.21576 0.0178851
-1.21545 0.0178392

-1.21545 0.0178392
-1.21515 0.0177936

-1.21515 0.0177936
-1.21484 0.0177481

-1.23438 0.0209954
-1.23407 0.0209389

-1.23407 0.0209389
-1.23376 0.0208827

-1.23376 0.0208828
-1.23346 0.0208268

-1.23346 0.0208269
-1.23315 0.0207711

-1.23285 0.0207154
-1.23305 0.020752

-1.23285 0.0207154
-1.23254 0.0206599

-1.23254 0.0206599
-1.23224 0.0206047

-1.23224 0.0206047
-1.23193 0.0205497

-1.23315 0.0207711
-1.23305 0.020752

-1.23193 0.0205497
-1.23163 0.0204949

-1.23132 0.0204402
-1.23136 0.0204468

-1.23163 0.020495
-1.23136 0.0204468

-1.23132 0.0204402
-1.23102 0.0203856

-1.23102 0.0203856
-1.23071 0.0203313

-1.23071 0.0203312
-1.23041 0.0202771

-1.23041 0.0202772
-1.2301 0.0202234

-1.22949 0.0201161
-1.22964 0.0201416

-1.2301 0.0202234
-1.2298 0.0201697

-1.2298 0.0201697
-1.22964 0.0201416

-1.22949 0.0201161
-1.22919 0.0200627

-1.22919 0.0200627
-1.22888 0.0200095

-1.22888 0.0200095
-1.22858 0.0199565

-1.22858 0.0199566
-1.22827 0.0199038

-1.22827 0.0199039
-1.22797 0.0198512

-1.22766 0.0197986
-1.22788 0.0198364

-1.22797 0.0198512
-1.22788 0.0198364

-1.22766 0.0197986
-1.22736 0.0197463

-1.22736 0.0197463
-1.22705 0.0196941

-1.22705 0.0196941
-1.22675 0.0196423

-1.22675 0.0196423
-1.22644 0.0195907

-1.22644 0.0195907
-1.22614 0.0195392

-1.22614 0.0195392
-1.22609 0.0195312

-1.21423 0.0176574
-1.21452 0.0177002

-1.21484 0.0177482
-1.21454 0.0177028

-1.21454 0.0177028
-1.21452 0.0177002

-1.21423 0.0176574
-1.21393 0.0176122

-1.21393 0.0176122
-1.21362 0.0175672

-1.21362 0.0175672
-1.21332 0.0175224

-1.21332 0.0175224
-1.21301 0.0174779

-1.21301 0.0174779
-1.21271 0.0174334

-1.2124 0.0173889
-1.21244 0.017395

-1.21271 0.0174334
-1.21244 0.017395

-1.21027 0.0170821
-1.21032 0.0170898

-1.21027 0.0170821
-1.20996 0.0170388

-1.2124 0.0173889
-1.2121 0.0173445

-1.2121 0.0173445
-1.21179 0.0173003

-1.21179 0.0173003
-1.21149 0.0172562

-1.21149 0.0172562
-1.21118 0.0172125

-1.21118 0.0172125
-1.21088 0.0171689

-1.21088 0.017169
-1.21057 0.0171255

-1.21057 0.0171256
-1.21032 0.0170898

-1.20996 0.0170388
-1.20966 0.0169957

-1.20966 0.0169957
-1.20935 0.0169528

-1.20935 0.0169527
-1.20905 0.01691

-1.20905 0.01691
-1.20874 0.0168674

-1.20874 0.0168674
-1.20844 0.0168249

-1.20813 0.0167824
-1.20815 0.0167847

-1.20844 0.016825
-1.20815 0.0167847

-1.20813 0.0167824
-1.20782 0.01674

-1.20782 0.01674
-1.20752 0.0166977

-1.20752 0.0166977
-1.20721 0.0166556

-1.20721 0.0166556
-1.20691 0.0166137

-1.20691 0.0166137
-1.2066 0.0165721

-1.2066 0.0165721
-1.2063 0.0165306

-1.20569 0.0164477
-1.20592 0.0164795

-1.2063 0.0165306
-1.20599 0.0164892

-1.20599 0.0164892
-1.20592 0.0164795

-1.20569 0.0164477
-1.20538 0.0164065

-1.20538 0.0164065
-1.20508 0.0163654

-1.20508 0.0163654
-1.20477 0.0163244

-1.20477 0.0163244
-1.20447 0.0162837

-1.20447 0.0162837
-1.20416 0.0162431

-1.20416 0.0162431
-1.20386 0.0162026

-1.20355 0.016162
-1.20365 0.0161743

-1.20386 0.0162026
-1.20364 0.0161743

-1.20355 0.016162
-1.20325 0.0161215

-1.20325 0.0161215
-1.20294 0.0160812

-1.20294 0.0160812
-1.20264 0.0160411

-1.20264 0.0160411
-1.20233 0.0160012

-1.20233 0.0160013
-1.20203 0.0159616

-1.20203 0.0159616
-1.20172 0.0159221

-1.20172 0.0159221
-1.20142 0.0158826

-1.20111 0.0158431
-1.20131 0.0158691

-1.20111 0.0158431
-1.20081 0.0158038

-1.20081 0.0158038
-1.2005 0.0157647

-1.2005 0.0157647
-1.2002 0.0157257

-1.20142 0.0158826
-1.20131 0.0158691

-1.2002 0.0157257
-1.19989 0.0156868

-1.19989 0.0156868
-1.19958 0.0156482

-1.19958 0.0156482
-1.19928 0.0156096

-1.19928 0.0156096
-1.19897 0.015571

-1.19867 0.0155324
-1.19892 0.015564

-1.19897 0.015571
-1.19892 0.015564

-1.19867 0.0155323
-1.19836 0.0154939

-1.19836 0.0154939
-1.19806 0.0154556

-1.19806 0.0154556
-1.19775 0.0154175

-1.19775 0.0154175
-1.19745 0.0153796

-1.19745 0.0153796
-1.19714 0.0153419

-1.19714 0.0153419
-1.19684 0.0153043

-1.19684 0.0153044
-1.19653 0.0152668

-1.19623 0.0152292
-1.19647 0.0152588

-1.19623 0.0152292
-1.19592 0.0151918

-1.19653 0.0152668
-1.19647 0.0152588

-1.19592 0.0151918
-1.19562 0.0151546

-1.19562 0.0151546
-1.19531 0.0151175

-1.19135 0.0146454
-1.19137 0.0146484

-1.19135 0.0146454
-1.19104 0.0146099

-1.19104 0.0146099
-1.19073 0.0145745

-1.19073 0.0145745
-1.19043 0.0145392

-1.19531 0.0151174
-1.19501 0.0150805

-1.19501 0.0150805
-1.1947 0.0150437

-1.1947 0.0150437
-1.1944 0.015007

-1.1944 0.0150071
-1.19409 0.0149704

-1.19379 0.0149336
-1.19395 0.0149536

-1.19409 0.0149704
-1.19395 0.0149536

-1.19379 0.0149336
-1.19348 0.014897

-1.19348 0.014897
-1.19318 0.0148606

-1.19318 0.0148606
-1.19287 0.0148243

-1.19287 0.0148243
-1.19257 0.0147882

-1.19257 0.0147883
-1.19226 0.0147524

-1.19226 0.0147524
-1.19196 0.0147167

-1.19196 0.0147167
-1.19165 0.0146811

-1.19165 0.0146811
-1.19137 0.0146484

-1.19043 0.0145392
-1.19012 0.014504

-1.19012 0.014504
-1.18982 0.014469

-1.18982 0.014469
-1.18951 0.0144342

-1.18951 0.0144342
-1.18921 0.0143994

-1.18921 0.0143994
-1.1889 0.0143646

-1.1886 0.0143298
-1.18872 0.0143433

-1.1889 0.0143647
-1.18872 0.0143433

-1.1886 0.0143298
-1.18829 0.014295

-1.18829 0.014295
-1.18799 0.0142605

-1.18799 0.0142605
-1.18768 0.014226

-1.18768 0.014226
-1.18738 0.0141917

-1.18738 0.0141917
-1.18707 0.0141577

-1.18707 0.0141577
-1.18677 0.0141238

-1.18677 0.0141238
-1.18646 0.01409

-1.18646 0.01409
-1.18616 0.0140563

-1.18585 0.0140225
-1.18599 0.0140381

-1.18585 0.0140225
-1.18555 0.0139888

-1.18616 0.0140563
-1.18599 0.0140381

-1.18555 0.0139888
-1.18524 0.0139553

-1.18524 0.0139553
-1.18494 0.0139219

-1.18494 0.0139219
-1.18463 0.0138886

-1.18463 0.0138886
-1.18433 0.0138554

-1.18433 0.0138555
-1.18402 0.0138225

-1.18402 0.0138225
-1.18372 0.0137896

-1.18372 0.0137896
-1.18341 0.0137567

-1.18311 0.0137237
-1.18319 0.0137329

-1.18341 0.0137567
-1.18319 0.0137329

-1.18311 0.0137237
-1.1828 0.0136908

-1.1828 0.0136908
-1.1825 0.013658

-1.1825 0.013658
-1.18219 0.0136254

-1.18219 0.0136254
-1.18188 0.013593

-1.18188 0.013593
-1.18158 0.0135607

-1.18158 0.0135607
-1.18127 0.0135287

-1.18127 0.0135287
-1.18097 0.0134967

-1.18097 0.0134967
-1.18066 0.0134649

-1.18005 0.0134012
-1.18031 0.0134277

-1.18005 0.0134012
-1.17975 0.0133695

-1.17975 0.0133695
-1.17944 0.0133379

-1.18066 0.0134649
-1.18036 0.0134331

-1.18036 0.0134331
-1.18031 0.0134277

-1.17944 0.0133379
-1.17914 0.0133064

-1.17914 0.0133064
-1.17883 0.0132751

-1.17883 0.0132751
-1.17853 0.0132438

-1.17853 0.0132439
-1.17822 0.0132128

-1.17822 0.0132128
-1.17792 0.0131818

-1.17792 0.0131818
-1.17761 0.0131508

-1.17731 0.0131196
-1.17734 0.0131226

-1.17761 0.0131508
-1.17734 0.0131226

-1.17731 0.0131196
-1.177 0.0130886

-1.177 0.0130886
-1.1767 0.0130577

-1.1767 0.0130577
-1.17639 0.0130269

-1.17639 0.0130269
-1.17609 0.0129962

-1.17609 0.0129962
-1.17578 0.0129657

-1.17578 0.0129657
-1.17548 0.0129354

-1.17548 0.0129354
-1.17517 0.0129052

-1.17517 0.0129052
-1.17487 0.0128752

-1.17487 0.0128752
-1.17456 0.0128452

-1.17426 0.0128151
-1.17428 0.0128174

-1.17426 0.0128151
-1.17395 0.0127851

-1.17456 0.0128452
-1.17428 0.0128174

-1.17395 0.0127851
-1.17365 0.0127553

-1.17365 0.0127553
-1.17334 0.0127255

-1.17334 0.0127255
-1.17303 0.0126959

-1.17303 0.0126959
-1.17273 0.0126664

-1.17273 0.0126663
-1.17242 0.0126369

-1.17242 0.012637
-1.17212 0.0126077

-1.17212 0.0126077
-1.17181 0.0125785

-1.17181 0.0125785
-1.17151 0.0125493

-1.17151 0.0125493
-1.1712 0.0125201

-1.1709 0.0124908
-1.17112 0.0125122

-1.1712 0.0125201
-1.17112 0.0125122

-1.1709 0.0124908
-1.17059 0.0124616

-1.17059 0.0124616
-1.17029 0.0124326

-1.17029 0.0124327
-1.16998 0.0124038

-1.16998 0.0124038
-1.16968 0.012375

-1.16968 0.012375
-1.16937 0.0123464

-1.16937 0.0123465
-1.16907 0.0123181

-1.16907 0.0123181
-1.16876 0.0122898

-1.16876 0.0122898
-1.16846 0.0122616

-1.16785 0.0122053
-1.16787 0.012207

-1.16785 0.0122053
-1.16754 0.0121772

-1.16754 0.0121772
-1.16724 0.0121492

-1.16724 0.0121492
-1.16693 0.0121214

-1.16693 0.0121214
-1.16663 0.0120936

-1.16663 0.0120936
-1.16632 0.0120659

-1.16632 0.0120659
-1.16602 0.0120383

-1.16846 0.0122616
-1.16815 0.0122335

-1.16815 0.0122336
-1.16786 0.012207

-1.16602 0.0120384
-1.16571 0.0120109

-1.16571 0.0120109
-1.16541 0.0119835

-1.16541 0.0119835
-1.1651 0.0119562

-1.1651 0.0119562
-1.16479 0.0119289

-1.16449 0.0119014
-1.16449 0.0119019

-1.16479 0.0119289
-1.16449 0.0119019

-1.16449 0.0119014
-1.16418 0.011874

-1.16418 0.011874
-1.16388 0.0118467

-1.16388 0.0118467
-1.16357 0.0118195

-1.16357 0.0118195
-1.16327 0.0117924

-1.16327 0.0117924
-1.16296 0.0117655

-1.16296 0.0117655
-1.16266 0.0117387

-1.16266 0.0117387
-1.16235 0.011712

-1.16235 0.011712
-1.16205 0.0116855

-1.16205 0.0116855
-1.16174 0.0116591

-1.16174 0.0116591
-1.16144 0.0116328

-1.16144 0.0116328
-1.16113 0.0116064

-1.16083 0.01158
-1.16102 0.0115967

-1.16083 0.01158
-1.16052 0.0115536

-1.16113 0.0116064
-1.16102 0.0115967

-1.16052 0.0115537
-1.16022 0.0115275

-1.16022 0.0115275
-1.15991 0.0115014

-1.15991 0.0115014
-1.15961 0.0114754

-1.15961 0.0114754
-1.1593 0.0114495

-1.1593 0.0114495
-1.159 0.0114237

-1.159 0.0114237
-1.15869 0.011398

-1.15869 0.011398
-1.15839 0.0113724

-1.15839 0.0113724
-1.15808 0.0113468

-1.15808 0.0113468
-1.15778 0.0113213

-1.15778 0.0113213
-1.15747 0.0112956

-1.15717 0.0112699
-1.15742 0.0112915

-1.15747 0.0112956
-1.15742 0.0112915

-1.15717 0.0112699
-1.15686 0.0112443

-1.15686 0.0112443
-1.15656 0.0112189

-1.15656 0.0112189
-1.15625 0.0111936

-1.28515 0.15625
-1.28503 0.156423

-1.28503 0.156423
-1.28495 0.156555

-1.28495 0.156555
-1.28475 0.15686

-1.28475 0.15686
-1.28473 0.156889

-1.28473 0.156889
-1.28455 0.157166

-1.28455 0.157166
-1.28442 0.157353

-1.28442 0.157353
-1.28435 0.157471

-1.28435 0.157471
-1.28414 0.157776

-1.28414 0.157776
-1.28412 0.157816

-1.28412 0.157816
-1.28394 0.158081

-1.28394 0.158081
-1.28381 0.158278

-1.28381 0.158277
-1.28374 0.158386

-1.28374 0.158386
-1.28354 0.158691

-1.28354 0.158691
-1.28351 0.158739

-1.28351 0.158739
-1.28334 0.158997

-1.28334 0.158997
-1.2832 0.159199

-1.2832 0.159198
-1.28313 0.159302

-1.28313 0.159302
-1.28293 0.159607

-1.28293 0.159607
-1.2829 0.159658

-1.2829 0.159658
-1.28273 0.159912

-1.28273 0.159912
-1.28259 0.160115

-1.28259 0.160115
-1.28252 0.160217

-1.28252 0.160217
-1.28232 0.160522

-1.28232 0.160522
-1.28229 0.160573

-1.28229 0.160572
-1.28212 0.160828

-1.28212 0.160828
-1.28198 0.161028

-1.28198 0.161028
-1.28191 0.161133

-1.28191 0.161133
-1.28171 0.161438

-1.28171 0.161438
-1.28168 0.161484

-1.28168 0.161483
-1.2815 0.161743

-1.2815 0.161743
-1.28137 0.161937

-1.28137 0.161937
-1.2813 0.162048

-1.2813 0.162048
-1.28109 0.162354

-1.28109 0.162354
-1.28107 0.162391

-1.28107 0.16239
-1.28089 0.162659

-1.28089 0.162659
-1.28076 0.162842

-1.28076 0.162842
-1.28068 0.162964

-1.28068 0.162964
-1.28047 0.163269

-1.28047 0.163269
-1.28046 0.163294

-1.28046 0.163294
-1.28027 0.163574

-1.28027 0.163574
-1.28015 0.163744

-1.28015 0.163744
-1.28006 0.163879

-1.28006 0.163879
-1.27985 0.164185

-1.27985 0.164185
-1.27985 0.164193

-1.27985 0.164193
-1.27964 0.16449

-1.27964 0.16449
-1.27954 0.164642

-1.27954 0.164642
-1.27944 0.164795

-1.27944 0.164795
-1.27924 0.165089

-1.27924 0.165089
-1.27923 0.1651

-1.27923 0.1651
-1.27902 0.165405

-1.27902 0.165405
-1.27893 0.165536

-1.27893 0.165536
-1.27881 0.16571

-1.27881 0.16571
-1.27863 0.165982

-1.27863 0.165982
-1.2786 0.166016

-1.2786 0.166016
-1.27839 0.166321

-1.27839 0.166321
-1.27832 0.166428

-1.27832 0.166427
-1.27818 0.166626

-1.27818 0.166626
-1.27802 0.166871

-1.27802 0.16687
-1.27797 0.166931

-1.27797 0.166931
-1.27776 0.167236

-1.27776 0.167236
-1.27771 0.167315

-1.27771 0.167315
-1.27755 0.167542

-1.27755 0.167542
-1.2774 0.167757

-1.2774 0.167756
-1.27734 0.167847

-1.27734 0.167847
-1.27713 0.168152

-1.27713 0.168152
-1.2771 0.168199

-1.2771 0.168199
-1.27692 0.168457

-1.27692 0.168457
-1.27679 0.16864

-1.27679 0.168639
-1.27671 0.168762

-1.27671 0.168762
-1.2765 0.169067

-1.2765 0.169067
-1.27649 0.16908

-1.27649 0.16908
-1.27629 0.169373

-1.27629 0.169373
-1.27618 0.169519

-1.27618 0.169519
-1.27607 0.169678

-1.27607 0.169678
-1.27588 0.169958

-1.27588 0.169958
-1.27586 0.169983

-1.27586 0.169983
-1.27565 0.170288

-1.27565 0.170288
-1.27557 0.170396

-1.27557 0.170396
-1.27544 0.170593

-1.27544 0.170593
-1.27527 0.170833

-1.27527 0.170832
-1.27522 0.170898

-1.27522 0.170898
-1.27501 0.171204

-1.27501 0.171204
-1.27496 0.17127

-1.27496 0.171269
-1.2748 0.171509

-1.2748 0.171509
-1.27466 0.171704

-1.27466 0.171704
-1.27458 0.171814

-1.27458 0.171814
-1.27437 0.172119

-1.27437 0.172119
-1.27435 0.17214

-1.27435 0.172139
-1.27415 0.172424

-1.27415 0.172424
-1.27405 0.172573

-1.27405 0.172573
-1.27394 0.172729

-1.27394 0.172729
-1.27374 0.173007

-1.27374 0.173006
-1.27372 0.173035

-1.27372 0.173035
-1.27351 0.17334

-1.27351 0.17334
-1.27344 0.17344

-1.27344 0.173439
-1.27329 0.173645

-1.27329 0.173645
-1.27313 0.173871

-1.27313 0.17387
-1.27308 0.17395

-1.27308 0.17395
-1.27286 0.174255

-1.27286 0.174255
-1.27283 0.174303

-1.27283 0.174302
-1.27264 0.174561

-1.27264 0.174561
-1.27252 0.174733

-1.27252 0.174732
-1.27243 0.174866

-1.27243 0.174866
-1.27222 0.175163

-1.27222 0.175163
-1.27221 0.175171

-1.27221 0.175171
-1.27199 0.175476

-1.27199 0.175476
-1.27191 0.175592

-1.27191 0.175592
-1.27178 0.175781

-1.27178 0.175781
-1.27161 0.17602

-1.27161 0.176019
-1.27156 0.176086

-1.27156 0.176086
-1.27134 0.176392

-1.27134 0.176392
-1.2713 0.176449

-1.2713 0.176448
-1.27112 0.176697

-1.27112 0.176697
-1.271 0.176875

-1.271 0.176874
-1.27091 0.177002

-1.27091 0.177002
-1.27069 0.177301

-1.27069 0.177301
-1.27069 0.177307

-1.27069 0.177307
-1.27047 0.177612

-1.27047 0.177612
-1.27039 0.177728

-1.27039 0.177727
-1.27025 0.177917

-1.27025 0.177917
-1.27008 0.178152

-1.27008 0.178151
-1.27003 0.178223

-1.27003 0.178223
-1.26981 0.178528

-1.26981 0.178528
-1.26978 0.178577

-1.26978 0.178577
-1.26959 0.178833

-1.26959 0.178833
-1.26947 0.179001

-1.26947 0.179
-1.26937 0.179138

-1.26937 0.179138
-1.26917 0.179424

-1.26917 0.179424
-1.26915 0.179443

-1.26915 0.179443
-1.26893 0.179749

-1.26893 0.179749
-1.26886 0.179847

-1.26886 0.179846
-1.26871 0.180054

-1.26871 0.180054
-1.26855 0.180268

-1.26855 0.180267
-1.26849 0.180359

-1.26849 0.180359
-1.26827 0.180664

-1.26827 0.180664
-1.26825 0.18069

-1.26825 0.18069
-1.26805 0.180969

-1.26805 0.180969
-1.26794 0.181111

-1.26794 0.18111
-1.26783 0.181274

-1.26783 0.181274
-1.26764 0.18153

-1.26764 0.18153
-1.2676 0.18158

-1.2676 0.18158
-1.26738 0.181885

-1.26738 0.181885
-1.26733 0.181951

-1.26733 0.18195
-1.26716 0.18219

-1.26716 0.18219
-1.26703 0.182369

-1.26703 0.182368
-1.26694 0.182495

-1.26694 0.182495
-1.26672 0.182787

-1.26672 0.182787
-1.26671 0.1828

-1.26671 0.1828
-1.26649 0.183105

-1.26649 0.183105
-1.26642 0.183206

-1.26642 0.183205
-1.26627 0.183411

-1.26627 0.183411
-1.26611 0.183622

-1.26611 0.183621
-1.26605 0.183716

-1.26604 0.183716
-1.26582 0.184021

-1.26582 0.184021
-1.26581 0.184039

-1.26581 0.184039
-1.2656 0.184326

-1.2656 0.184326
-1.2655 0.184455

-1.2655 0.184454
-1.26537 0.184631

-1.26537 0.184631
-1.2652 0.18487

-1.2652 0.184869
-1.26515 0.184937

-1.26515 0.184937
-1.26492 0.185242

-1.26492 0.185242
-1.26489 0.185285

-1.26489 0.185285
-1.2647 0.185547

-1.2647 0.185547
-1.26459 0.185699

-1.26459 0.185699
-1.26447 0.185852

-1.26447 0.185852
-1.26428 0.186113

-1.26428 0.186112
-1.26425 0.186157

-1.26425 0.186157
-1.26402 0.186462

-1.26402 0.186462
-1.26398 0.186527

-1.26398 0.186526
-1.2638 0.186768

-1.2638 0.186768
-1.26367 0.186939

-1.26367 0.186938
-1.26357 0.187073

-1.26357 0.187073
-1.26337 0.187351

-1.26337 0.18735
-1.26335 0.187378

-1.26335 0.187378
-1.26312 0.187683

-1.26312 0.187683
-1.26306 0.187763

-1.26306 0.187762
-1.26289 0.187988

-1.26289 0.187988
-1.26276 0.188173

-1.26276 0.188172
-1.26267 0.188293

-1.26267 0.188293
-1.26245 0.188584

-1.26245 0.188584
-1.26244 0.188599

-1.26244 0.188599
-1.26221 0.188904

-1.26221 0.188904
-1.26215 0.188995

-1.26215 0.188994
-1.26199 0.189209

-1.26199 0.189209
-1.26184 0.189403

-1.26184 0.189402
-1.26176 0.189514

-1.26176 0.189514
-1.26154 0.189812

-1.26154 0.189812
-1.26153 0.189819

-1.26153 0.189819
-1.2613 0.190125

-1.2613 0.190125
-1.26123 0.190221

-1.26123 0.19022
-1.26107 0.19043

-1.26107 0.19043
-1.26093 0.190628

-1.26093 0.190627
-1.26085 0.190735

-1.26085 0.190735
-1.26062 0.191035

-1.26062 0.191035
-1.26062 0.19104

-1.26062 0.19104
-1.26039 0.191345

-1.26039 0.191345
-1.26031 0.191443

-1.26031 0.191442
-1.26016 0.19165

-1.26016 0.19165
-1.26001 0.191849

-1.26001 0.191847
-1.25993 0.191956

-1.25993 0.191956
-1.2597 0.192254

-1.2597 0.192254
-1.2597 0.192261

-1.2597 0.192261
-1.25947 0.192566

-1.25947 0.192566
-1.2594 0.192661

-1.2594 0.19266
-1.25924 0.192871

-1.25924 0.192871
-1.25909 0.193065

-1.25909 0.193063
-1.25901 0.193176

-1.25901 0.193176
-1.25879 0.193469

-1.25879 0.193469
-1.25878 0.193481

-1.25878 0.193481
-1.25855 0.193787

-1.25855 0.193787
-1.25848 0.193874

-1.25848 0.193873
-1.25832 0.194092

-1.25832 0.194092
-1.25818 0.194276

-1.25818 0.194275
-1.25809 0.194397

-1.25809 0.194397
-1.25787 0.194679

-1.25787 0.194679
-1.25786 0.194702

-1.25786 0.194702
-1.25762 0.195007

-1.25762 0.195007
-1.25757 0.195082

-1.25757 0.195082
-1.25739 0.195312

-1.25739 0.195312
-1.25726 0.195484

-1.25726 0.195482
-1.25716 0.195618

-1.25716 0.195618
-1.25696 0.195885

-1.25696 0.195885
-1.25693 0.195923

-1.25693 0.195923
-1.2567 0.196228

-1.2567 0.196228
-1.25665 0.196286

-1.25665 0.196286
-1.25646 0.196533

-1.25646 0.196533
-1.25635 0.196687

-1.25635 0.196686
-1.25623 0.196838

-1.25623 0.196838
-1.25604 0.197087

-1.25604 0.197086
-1.256 0.197144

-1.256 0.197144
-1.25577 0.197449

-1.25577 0.197449
-1.25574 0.197487

-1.25574 0.197486
-1.25553 0.197754

-1.25553 0.197754
-1.25543 0.197887

-1.25543 0.197885
-1.2553 0.198059

-1.2553 0.198059
-1.25513 0.198284

-1.25513 0.198283
-1.25507 0.198364

-1.25507 0.198364
-1.25483 0.198669

-1.25483 0.198669
-1.25482 0.198683

-1.25482 0.198682
-1.2546 0.198975

-1.2546 0.198975
-1.25452 0.199081

-1.25452 0.19908
-1.25436 0.19928

-1.25436 0.19928
-1.25421 0.199478

-1.25421 0.199476
-1.25413 0.199585

-1.25413 0.199585
-1.25391 0.199874

-1.25391 0.199874
-1.25389 0.19989

-1.25389 0.19989
-1.25366 0.200195

-1.25366 0.200195
-1.2536 0.200272

-1.2536 0.200271
-1.25342 0.2005

-1.25342 0.2005
-1.2533 0.200667

-1.2533 0.200666
-1.25319 0.200806

-1.25319 0.200806
-1.25299 0.201063

-1.25299 0.201062
-1.25295 0.201111

-1.25295 0.201111
-1.25272 0.201416

-1.25272 0.201416
-1.25269 0.201458

-1.25269 0.201458
-1.25248 0.201721

-1.25248 0.201721
-1.25238 0.201854

-1.25238 0.201852
-1.25225 0.202026

-1.25225 0.202026
-1.25208 0.202247

-1.25208 0.202246
-1.25201 0.202332

-1.25201 0.202332
-1.25177 0.202637

-1.25177 0.202637
-1.25177 0.202641

-1.25177 0.202641
-1.25154 0.202942

-1.25154 0.202942
-1.25146 0.203035

-1.25146 0.203034
-1.2513 0.203247

-1.2513 0.203247
-1.25116 0.203428

-1.25116 0.203426
-1.25106 0.203552

-1.25106 0.203552
-1.25085 0.20382

-1.25085 0.20382
-1.25083 0.203857

-1.25083 0.203857
-1.25059 0.204163

-1.25059 0.204163
-1.25055 0.204212

-1.25055 0.204212
-1.25035 0.204468

-1.25035 0.204468
-1.25024 0.204605

-1.25024 0.204603
-1.25011 0.204773

-1.25011 0.204773
-1.24994 0.204995

-1.24994 0.204995
-1.24987 0.205078

-1.24987 0.205078
-1.24964 0.205383

-1.24964 0.205383
-1.24963 0.205386

-1.24963 0.205386
-1.2494 0.205688

-1.2494 0.205688
-1.24933 0.205777

-1.24933 0.205777
-1.24916 0.205994

-1.24916 0.205994
-1.24902 0.206167

-1.24902 0.206166
-1.24892 0.206299

-1.24892 0.206299
-1.24872 0.206557

-1.24872 0.206556
-1.24868 0.206604

-1.24868 0.206604
-1.24844 0.206909

-1.24844 0.206909
-1.24841 0.206946

-1.24841 0.206946
-1.2482 0.207214

-1.2482 0.207214
-1.24811 0.207336

-1.24811 0.207335
-1.24796 0.20752

-1.24796 0.20752
-1.2478 0.207724

-1.2478 0.207723
-1.24772 0.207825

-1.24772 0.207825
-1.2475 0.208112

-1.2475 0.208112
-1.24748 0.20813

-1.24748 0.20813
-1.24724 0.208435

-1.24724 0.208435
-1.24719 0.2085

-1.24719 0.2085
-1.247 0.20874

-1.247 0.20874
-1.24689 0.208888

-1.24689 0.208886
-1.24676 0.209045

-1.24676 0.209045
-1.24658 0.209274

-1.24658 0.209274
-1.24652 0.209351

-1.24652 0.209351
-1.24628 0.209656

-1.24628 0.209656
-1.24628 0.209661

-1.24628 0.209661
-1.24604 0.209961

-1.24604 0.209961
-1.24597 0.210048

-1.24597 0.210047
-1.2458 0.210266

-1.2458 0.210266
-1.24567 0.210433

-1.24567 0.210431
-1.24556 0.210571

-1.24556 0.210571
-1.24536 0.210818

-1.24536 0.210818
-1.24532 0.210876

-1.24532 0.210876
-1.24507 0.211182

-1.24507 0.211182
-1.24506 0.211204

-1.24506 0.211203
-1.24483 0.211487

-1.24483 0.211487
-1.24475 0.211589

-1.24475 0.211588
-1.24459 0.211792

-1.24459 0.211792
-1.24445 0.211973

-1.24445 0.211971
-1.24435 0.212097

-1.24435 0.212097
-1.24414 0.212356

-1.24414 0.212356
-1.2441 0.212402

-1.2441 0.212402
-1.24386 0.212708

-1.24386 0.212708
-1.24384 0.21274

-1.24384 0.21274
-1.24362 0.213013

-1.24362 0.213013
-1.24353 0.213124

-1.24353 0.213123
-1.24338 0.213318

-1.24337 0.213318
-1.24323 0.213506

-1.24323 0.213505
-1.24313 0.213623

-1.24313 0.213623
-1.24292 0.213889

-1.24292 0.213888
-1.24289 0.213928

-1.24289 0.213928
-1.24264 0.214233

-1.24264 0.214233
-1.24261 0.214271

-1.24261 0.214271
-1.2424 0.214539

-1.2424 0.214539
-1.24231 0.214653

-1.24231 0.214652
-1.24216 0.214844

-1.24216 0.214844
-1.242 0.215034

-1.242 0.215033
-1.24191 0.215149

-1.24191 0.215149
-1.2417 0.215415

-1.2417 0.215415
-1.24167 0.215454

-1.24167 0.215454
-1.24142 0.215759

-1.24142 0.215759
-1.24139 0.215796

-1.24139 0.215796
-1.24118 0.216064

-1.24118 0.216064
-1.24109 0.216177

-1.24109 0.216176
-1.24093 0.21637

-1.24093 0.21637
-1.24078 0.216556

-1.24078 0.216555
-1.24069 0.216675

-1.24069 0.216675
-1.24048 0.216936

-1.24048 0.216935
-1.24044 0.21698

-1.24044 0.21698
-1.2402 0.217285

-1.2402 0.217285
-1.24017 0.217315

-1.24017 0.217315
-1.23995 0.21759

-1.23995 0.21759
-1.23987 0.217695

-1.23987 0.217694
-1.23971 0.217896

-1.23971 0.217896
-1.23956 0.218073

-1.23956 0.218071
-1.23946 0.218201

-1.23946 0.218201
-1.23926 0.218451

-1.23926 0.21845
-1.23921 0.218506

-1.23921 0.218506
-1.23897 0.218811

-1.23897 0.218811
-1.23895 0.218829

-1.23895 0.218829
-1.23872 0.219116

-1.23872 0.219116
-1.23865 0.219207

-1.23865 0.219206
-1.23847 0.219421

-1.23847 0.219421
-1.23834 0.219585

-1.23834 0.219582
-1.23823 0.219727

-1.23823 0.219727
-1.23804 0.21996

-1.23804 0.21996
-1.23798 0.220032

-1.23798 0.220032
-1.23773 0.220337

-1.23773 0.220337
-1.23748 0.220642

-1.23748 0.220642
-1.23743 0.220713

-1.23743 0.220713
-1.23724 0.220947

-1.23724 0.220947
-1.23712 0.22109

-1.23712 0.221088
-1.23699 0.221252

-1.23699 0.221252
-1.23682 0.221464

-1.23682 0.221464
-1.23674 0.221558

-1.23674 0.221558
-1.23651 0.22184

-1.23651 0.221839
-1.23649 0.221863

-1.23649 0.221863
-1.23624 0.222168

-1.23624 0.222168
-1.23621 0.222215

-1.23621 0.222214
-1.236 0.222473

-1.23599 0.222473
-1.2359 0.22259

-1.2359 0.222588
-1.23575 0.222778

-1.23575 0.222778
-1.2356 0.222964

-1.2356 0.222962
-1.2355 0.223083

-1.2355 0.223083
-1.23529 0.223337

-1.23529 0.223337
-1.23525 0.223389

-1.23525 0.223389
-1.235 0.223694

-1.235 0.223694
-1.23499 0.223711

-1.23499 0.223711
-1.23475 0.223999

-1.23475 0.223999
-1.23468 0.224084

-1.23468 0.224084
-1.2345 0.224304

-1.2345 0.224304
-1.23438 0.224458

-1.23438 0.224455
-1.23425 0.224609

-1.23425 0.224609
-1.23407 0.224829

-1.23407 0.224829
-1.234 0.224915

-1.234 0.224915
-1.23376 0.225202

-1.23376 0.225201
-1.23375 0.22522

-1.23375 0.22522
-1.2335 0.225525

-1.2335 0.225525
-1.23346 0.225574

-1.23346 0.225573
-1.23325 0.22583

-1.23325 0.22583
-1.23315 0.225946

-1.23315 0.225945
-1.233 0.226135

-1.233 0.226135
-1.23285 0.226317

-1.23285 0.226316
-1.23275 0.22644

-1.23275 0.22644
-1.23254 0.226687

-1.23254 0.226687
-1.2325 0.226746

-1.2325 0.226746
-1.23224 0.227051

-1.23225 0.227051
-1.23224 0.227058

-1.23224 0.227058
-1.23199 0.227356

-1.23199 0.227356
-1.23193 0.227429

-1.23193 0.227428
-1.23174 0.227661

-1.23174 0.227661
-1.23163 0.2278

-1.23163 0.227797
-1.23149 0.227966

-1.23149 0.227966
-1.23132 0.228169

-1.23132 0.228168
-1.23124 0.228271

-1.23124 0.228271
-1.23102 0.228538

-1.23102 0.228538
-1.23099 0.228577

-1.23099 0.228577
-1.23073 0.228882

-1.23073 0.228882
-1.23071 0.228907

-1.23071 0.228907
-1.23048 0.229187

-1.23048 0.229187
-1.23041 0.229276

-1.23041 0.229275
-1.23023 0.229492

-1.23023 0.229492
-1.2301 0.229645

-1.2301 0.229643
-1.22998 0.229797

-1.22998 0.229797
-1.2298 0.230013

-1.2298 0.230012
-1.22972 0.230103

-1.22972 0.230103
-1.22949 0.23038

-1.22949 0.23038
-1.22947 0.230408

-1.22947 0.230408
-1.22922 0.230713

-1.22922 0.230713
-1.22919 0.230748

-1.22919 0.230748
-1.22896 0.231018

-1.22896 0.231018
-1.22888 0.231116

-1.22888 0.231115
-1.22871 0.231323

-1.22871 0.231323
-1.22858 0.231484

-1.22858 0.231481
-1.22846 0.231628

-1.22845 0.231628
-1.22827 0.231849

-1.22827 0.231848
-1.2282 0.231934

-1.2282 0.231934
-1.22797 0.232215

-1.22797 0.232215
-1.22795 0.232239

-1.22795 0.232239
-1.22769 0.232544

-1.22769 0.232544
-1.22766 0.232582

-1.22766 0.232581
-1.22744 0.232849

-1.22744 0.232849
-1.22736 0.232948

-1.22736 0.232947
-1.22718 0.233154

-1.22718 0.233154
-1.22705 0.233314

-1.22705 0.233312
-1.22693 0.233459

-1.22693 0.233459
-1.22675 0.233678

-1.22675 0.233677
-1.22667 0.233765

-1.22667 0.233765
-1.22644 0.234043

-1.22644 0.234043
-1.22642 0.23407

-1.22642 0.23407
-1.22616 0.234375

-1.22616 0.234375
-1.22614 0.234408

-1.22614 0.234407
-1.22591 0.23468

-1.22591 0.23468
-1.22583 0.234772

-1.22583 0.234771
-1.22565 0.234985

-1.22565 0.234985
-1.22552 0.235137

-1.22552 0.235135
-1.2254 0.235291

-1.22539 0.235291
-1.22522 0.2355

-1.22522 0.235499
-1.22514 0.235596

-1.22514 0.235596
-1.22491 0.235863

-1.22491 0.235863
-1.22488 0.235901

-1.22488 0.235901
-1.22463 0.236206

-1.22463 0.236206
-1.22461 0.236227

-1.22461 0.236226
-1.22437 0.236511

-1.22437 0.236511
-1.2243 0.23659

-1.2243 0.236589
-1.22411 0.236816

-1.22411 0.236816
-1.224 0.236953

-1.224 0.23695
-1.22386 0.237122

-1.22386 0.237122
-1.22369 0.237315

-1.22369 0.237314
-1.2236 0.237427

-1.2236 0.237427
-1.22339 0.237676

-1.22339 0.237676
-1.22334 0.237732

-1.22334 0.237732
-1.22308 0.238037

-1.22308 0.238037
-1.22308 0.238038

-1.22308 0.238038
-1.22283 0.238342

-1.22283 0.238342
-1.22278 0.2384

-1.22278 0.238399
-1.22257 0.238647

-1.22257 0.238647
-1.22247 0.238761

-1.22247 0.23876
-1.22231 0.238953

-1.22231 0.238953
-1.22217 0.239123

-1.22217 0.239121
-1.22205 0.239258

-1.22205 0.239258
-1.22186 0.239482

-1.22186 0.239482
-1.22179 0.239563

-1.22179 0.239563
-1.22156 0.239843

-1.22156 0.239842
-1.22154 0.239868

-1.22154 0.239868
-1.22128 0.240173

-1.22128 0.240173
-1.22125 0.240203

-1.22125 0.240203
-1.22102 0.240479

-1.22102 0.240479
-1.22095 0.240563

-1.22095 0.240562
-1.22076 0.240784

-1.22076 0.240784
-1.22064 0.240923

-1.22064 0.240921
-1.2205 0.241089

-1.2205 0.241089
-1.22034 0.241282

-1.22034 0.241281
-1.22024 0.241394

-1.22024 0.241394
-1.22003 0.24164

-1.22003 0.24164
-1.21998 0.241699

-1.21998 0.241699
-1.21973 0.241999

-1.21973 0.241999
-1.21972 0.242004

-1.21972 0.242004
-1.21946 0.24231

-1.21946 0.24231
-1.21942 0.242358

-1.21942 0.242357
-1.2192 0.242615

-1.2192 0.242615
-1.21912 0.242716

-1.21912 0.242715
-1.21894 0.24292

-1.21894 0.24292
-1.21881 0.243075

-1.21881 0.243073
-1.21868 0.243225

-1.21868 0.243225
-1.21851 0.243432

-1.21851 0.243431
-1.21842 0.24353

-1.21842 0.24353
-1.2182 0.243789

-1.2182 0.243789
-1.21816 0.243835

-1.21816 0.243835
-1.2179 0.244141

-1.2179 0.244141
-1.2179 0.244146

-1.2179 0.244146
-1.21764 0.244446

-1.21764 0.244446
-1.21759 0.244503

-1.21759 0.244503
-1.21738 0.244751

-1.21738 0.244751
-1.21729 0.24486

-1.21729 0.244858
-1.21712 0.245056

-1.21712 0.245056
-1.21698 0.245217

-1.21698 0.245215
-1.21686 0.245361

-1.21685 0.245361
-1.21667 0.245572

-1.21667 0.245572
-1.21659 0.245667

-1.21659 0.245667
-1.21637 0.245928

-1.21637 0.245928
-1.21633 0.245972

-1.21633 0.245972
-1.21607 0.246277

-1.21607 0.246277
-1.21606 0.246284

-1.21606 0.246283
-1.21581 0.246582

-1.21581 0.246582
-1.21576 0.246639

-1.21576 0.246638
-1.21555 0.246887

-1.21555 0.246887
-1.21545 0.246994

-1.21545 0.246993
-1.21528 0.247192

-1.21528 0.247192
-1.21515 0.24735

-1.21515 0.247347
-1.21502 0.247498

-1.21502 0.247498
-1.21484 0.247704

-1.21484 0.247703
-1.21476 0.247803

-1.21476 0.247803
-1.21454 0.248057

-1.21454 0.248057
-1.21449 0.248108

-1.21449 0.248108
-1.21423 0.248411

-1.21423 0.248411
-1.21423 0.248413

-1.21423 0.248413
-1.21397 0.248718

-1.21397 0.248718
-1.21393 0.248765

-1.21393 0.248765
-1.21371 0.249023

-1.21371 0.249023
-1.21362 0.249119

-1.21362 0.249118
-1.21344 0.249329

-1.21344 0.249329
-1.21332 0.249473

-1.21332 0.249471
-1.21318 0.249634

-1.21318 0.249634
-1.21301 0.249826

-1.21301 0.249824
-1.21291 0.249939

-1.21291 0.249939
-1.21271 0.250178

-1.21271 0.250177
-1.21265 0.250244

-1.21265 0.250244
-1.2124 0.25053

-1.2124 0.25053
-1.21239 0.250549

-1.21239 0.250549
-1.21212 0.250854

-1.21212 0.250854
-1.2121 0.250883

-1.2121 0.250882
-1.21186 0.25116

-1.21186 0.25116
-1.21179 0.251235

-1.21179 0.251234
-1.21159 0.251465

-1.21159 0.251465
-1.21149 0.251587

-1.21149 0.251584
-1.21133 0.25177

-1.21133 0.25177
-1.21118 0.251939

-1.21118 0.251937
-1.21106 0.252075

-1.21106 0.252075
-1.21088 0.252289

-1.21088 0.252288
-1.2108 0.25238

-1.2108 0.25238
-1.21057 0.25264

-1.21057 0.25264
-1.21053 0.252686

-1.21053 0.252686
-1.21027 0.25299

-1.21027 0.252991
-1.21 0.253296

-1.21 0.253296
-1.20996 0.253341

-1.20996 0.253341
-1.20973 0.253601

-1.20973 0.253601
-1.20966 0.253692

-1.20966 0.253691
-1.20947 0.253906

-1.20947 0.253906
-1.20935 0.254042

-1.20935 0.25404
-1.2092 0.254211

-1.2092 0.254211
-1.20905 0.254393

-1.20905 0.254391
-1.20894 0.254517

-1.20894 0.254517
-1.20874 0.254741

-1.20874 0.25474
-1.20867 0.254822

-1.20867 0.254822
-1.20844 0.25509

-1.20844 0.25509
-1.2084 0.255127

-1.2084 0.255127
-1.20814 0.255432

-1.20814 0.255432
-1.20813 0.255439

-1.20813 0.255439
-1.20787 0.255737

-1.20787 0.255737
-1.20782 0.255788

-1.20782 0.255788
-1.2076 0.256042

-1.2076 0.256042
-1.20752 0.256137

-1.20752 0.256135
-1.20734 0.256348

-1.20733 0.256348
-1.20721 0.256486

-1.20721 0.256484
-1.20707 0.256653

-1.20707 0.256653
-1.20691 0.256834

-1.20691 0.256832
-1.2068 0.256958

-1.2068 0.256958
-1.2066 0.257181

-1.2066 0.25718
-1.20653 0.257263

-1.20653 0.257263
-1.2063 0.257528

-1.2063 0.257528
-1.20626 0.257568

-1.20626 0.257568
-1.206 0.257874

-1.206 0.257874
-1.20599 0.257876

-1.20599 0.257876
-1.20573 0.258179

-1.20573 0.258179
-1.20569 0.258223

-1.20569 0.258223
-1.20546 0.258484

-1.20546 0.258484
-1.20538 0.25857

-1.20538 0.258569
-1.20519 0.258789

-1.20519 0.258789
-1.20508 0.258917

-1.20508 0.258915
-1.20492 0.259094

-1.20492 0.259094
-1.20477 0.259264

-1.20477 0.259262
-1.20465 0.259399

-1.20465 0.259399
-1.20447 0.25961

-1.20447 0.259609
-1.20438 0.259705

-1.20438 0.259705
-1.20416 0.259955

-1.20416 0.259955
-1.20411 0.26001

-1.20411 0.26001
-1.20386 0.260301

-1.20386 0.260301
-1.20384 0.260315

-1.20384 0.260315
-1.20358 0.26062

-1.20358 0.26062
-1.20355 0.260647

-1.20355 0.260646
-1.20331 0.260925

-1.20331 0.260925
-1.20325 0.260992

-1.20325 0.260991
-1.20304 0.26123

-1.20304 0.26123
-1.20294 0.261337

-1.20294 0.261335
-1.20277 0.261536

-1.20277 0.261536
-1.20264 0.261682

-1.20264 0.261681
-1.2025 0.261841

-1.20249 0.261841
-1.20233 0.262028

-1.20233 0.262026
-1.20223 0.262146

-1.20222 0.262146
-1.20203 0.262371

-1.20203 0.26237
-1.20196 0.262451

-1.20195 0.262451
-1.20172 0.262715

-1.20172 0.262715
-1.20168 0.262756

-1.20168 0.262756
-1.20142 0.263059

-1.20142 0.263059
-1.20141 0.263062

-1.20141 0.263062
-1.20114 0.263367

-1.20114 0.263367
-1.20111 0.263403

-1.20111 0.263402
-1.20087 0.263672

-1.20087 0.263672
-1.20081 0.263746

-1.20081 0.263745
-1.2006 0.263977

-1.2006 0.263977
-1.2005 0.26409

-1.2005 0.264087
-1.20033 0.264282

-1.20033 0.264282
-1.2002 0.264433

-1.2002 0.264431
-1.20006 0.264587

-1.20006 0.264587
-1.19989 0.264776

-1.19989 0.264775
-1.19979 0.264893

-1.19978 0.264893
-1.19958 0.265118

-1.19958 0.265117
-1.19951 0.265198

-1.19951 0.265198
-1.19928 0.26546

-1.19928 0.26546
-1.19924 0.265503

-1.19924 0.265503
-1.19897 0.265802

-1.19897 0.265802
-1.19897 0.265808

-1.19897 0.265808
-1.1987 0.266113

-1.1987 0.266113
-1.19867 0.266144

-1.19867 0.266144
-1.19842 0.266418

-1.19842 0.266418
-1.19836 0.266486

-1.19836 0.266485
-1.19815 0.266724

-1.19815 0.266724
-1.19806 0.266827

-1.19806 0.266826
-1.19788 0.267029

-1.19788 0.267029
-1.19775 0.267169

-1.19775 0.267167
-1.19761 0.267334

-1.1976 0.267334
-1.19745 0.26751

-1.19745 0.267509
-1.19733 0.267639

-1.19733 0.267639
-1.19714 0.267851

-1.19714 0.26785
-1.19706 0.267944

-1.19706 0.267944
-1.19684 0.268191

-1.19684 0.26819
-1.19679 0.26825

-1.19679 0.26825
-1.19653 0.268531

-1.19653 0.268531
-1.19651 0.268555

-1.19651 0.268555
-1.19624 0.26886

-1.19624 0.26886
-1.19623 0.268871

-1.19623 0.268871
-1.19596 0.269165

-1.19596 0.269165
-1.19592 0.269211

-1.19592 0.269211
-1.19569 0.26947

-1.19569 0.26947
-1.19562 0.269551

-1.19562 0.26955
-1.19542 0.269775

-1.19542 0.269775
-1.19531 0.269891

-1.19531 0.269889
-1.19514 0.270081

-1.19514 0.270081
-1.19501 0.27023

-1.19501 0.270228
-1.19487 0.270386

-1.19487 0.270386
-1.1947 0.27057

-1.1947 0.270568
-1.19459 0.270691

-1.19459 0.270691
-1.1944 0.270908

-1.1944 0.270907
-1.19432 0.270996

-1.19432 0.270996
-1.19409 0.271246

-1.19409 0.271246
-1.19404 0.271301

-1.19404 0.271301
-1.19379 0.271584

-1.19379 0.271584
-1.19377 0.271606

-1.19377 0.271606
-1.19349 0.271912

-1.19349 0.271912
-1.19348 0.271923

-1.19348 0.271922
-1.19322 0.272217

-1.19322 0.272217
-1.19318 0.272261

-1.19318 0.27226
-1.19294 0.272522

-1.19294 0.272522
-1.19287 0.272599

-1.19287 0.272597
-1.19266 0.272827

-1.19266 0.272827
-1.19257 0.272936

-1.19257 0.272934
-1.19239 0.273132

-1.19239 0.273132
-1.19226 0.273274

-1.19226 0.273272
-1.19211 0.273438

-1.19211 0.273438
-1.19196 0.273611

-1.19196 0.27361
-1.19184 0.273743

-1.19183 0.273743
-1.19165 0.273948

-1.19165 0.273947
-1.19156 0.274048

-1.19156 0.274048
-1.19135 0.274284

-1.19135 0.274284
-1.19128 0.274353

-1.19128 0.274353
-1.19104 0.27462

-1.19104 0.27462
-1.19101 0.274658

-1.19101 0.274658
-1.19073 0.274956

-1.19073 0.274956
-1.19073 0.274963

-1.19073 0.274963
-1.19045 0.275269

-1.19045 0.275269
-1.19043 0.275293

-1.19043 0.275292
-1.19017 0.275574

-1.19017 0.275574
-1.19012 0.275629

-1.19012 0.275628
-1.1899 0.275879

-1.1899 0.275879
-1.18982 0.275964

-1.18982 0.275963
-1.18962 0.276184

-1.18962 0.276184
-1.18951 0.2763

-1.18951 0.276298
-1.18934 0.276489

-1.18934 0.276489
-1.18921 0.276635

-1.18921 0.276634
-1.18906 0.276794

-1.18906 0.276794
-1.1889 0.276971

-1.1889 0.276969
-1.18879 0.2771

-1.18878 0.2771
-1.1886 0.277306

-1.1886 0.277304
-1.18851 0.277405

-1.18851 0.277405
-1.18829 0.27764

-1.18829 0.277639
-1.18823 0.27771

-1.18823 0.27771
-1.18799 0.277974

-1.18799 0.277973
-1.18795 0.278015

-1.18795 0.278015
-1.18768 0.278308

-1.18768 0.278308
-1.18767 0.27832

-1.18767 0.27832
-1.18739 0.278625

-1.18739 0.278625
-1.18738 0.278642

-1.18738 0.278642
-1.18711 0.278931

-1.18711 0.278931
-1.18707 0.278976

-1.18707 0.278975
-1.18683 0.279236

-1.18683 0.279236
-1.18677 0.279309

-1.18677 0.279308
-1.18656 0.279541

-1.18656 0.279541
-1.18646 0.279643

-1.18646 0.279641
-1.18628 0.279846

-1.18628 0.279846
-1.18616 0.279976

-1.18616 0.279975
-1.186 0.280151

-1.186 0.280151
-1.18585 0.280309

-1.18585 0.280308
-1.18572 0.280457

-1.18572 0.280457
-1.18555 0.280642

-1.18555 0.280641
-1.18544 0.280762

-1.18544 0.280762
-1.18524 0.280975

-1.18524 0.280974
-1.18516 0.281067

-1.18516 0.281067
-1.18494 0.281307

-1.18494 0.281306
-1.18488 0.281372

-1.18488 0.281372
-1.18463 0.281638

-1.18463 0.281638
-1.1846 0.281677

-1.1846 0.281677
-1.18433 0.28197

-1.18433 0.28197
-1.18431 0.281982

-1.18431 0.281982
-1.18403 0.282288

-1.18403 0.282288
-1.18402 0.282302

-1.18402 0.282302
-1.18375 0.282593

-1.18375 0.282593
-1.18372 0.282634

-1.18372 0.282633
-1.18347 0.282898

-1.18347 0.282898
-1.18341 0.282965

-1.18341 0.282964
-1.18319 0.283203

-1.18319 0.283203
-1.18311 0.283296

-1.18311 0.283295
-1.18291 0.283508

-1.18291 0.283508
-1.1828 0.283627

-1.1828 0.283626
-1.18263 0.283813

-1.18263 0.283813
-1.1825 0.283958

-1.1825 0.283957
-1.18235 0.284119

-1.18235 0.284119
-1.18219 0.284289

-1.18219 0.284288
-1.18206 0.284424

-1.18206 0.284424
-1.18188 0.28462

-1.18188 0.284618
-1.18178 0.284729

-1.18178 0.284729
-1.18158 0.28495

-1.18158 0.284949
-1.1815 0.285034

-1.1815 0.285034
-1.18127 0.285279

-1.18127 0.285279
-1.18122 0.285339

-1.18122 0.285339
-1.18097 0.285608

-1.18097 0.285608
-1.18094 0.285645

-1.18094 0.285645
-1.18066 0.285938

-1.18066 0.285938
-1.18065 0.28595

-1.18065 0.28595
-1.18037 0.286255

-1.18037 0.286255
-1.18036 0.286268

-1.18036 0.286267
-1.18009 0.28656

-1.18009 0.28656
-1.18005 0.286597

-1.18005 0.286596
-1.1798 0.286865

-1.1798 0.286865
-1.17975 0.286926

-1.17975 0.286925
-1.17952 0.28717

-1.17952 0.28717
-1.17944 0.287254

-1.17944 0.287253
-1.17924 0.287476

-1.17924 0.287476
-1.17914 0.287583

-1.17914 0.287581
-1.17895 0.287781

-1.17895 0.287781
-1.17883 0.287912

-1.17883 0.28791
-1.17867 0.288086

-1.17867 0.288086
-1.17853 0.28824

-1.17853 0.288239
-1.17839 0.288391

-1.17839 0.288391
-1.17822 0.288568

-1.17822 0.288567
-1.1781 0.288696

-1.1781 0.288696
-1.17792 0.288896

-1.17792 0.288895
-1.17782 0.289001

-1.17782 0.289001
-1.17761 0.289224

-1.17761 0.289222
-1.17753 0.289307

-1.17753 0.289307
-1.17731 0.28955

-1.17731 0.28955
-1.17725 0.289612

-1.17725 0.289612
-1.177 0.289877

-1.177 0.289877
-1.17696 0.289917

-1.17696 0.289917
-1.1767 0.290204

-1.1767 0.290204
-1.17668 0.290222

-1.17668 0.290222
-1.17639 0.290527

-1.1764 0.290527
-1.17639 0.290531

-1.17639 0.290531
-1.17611 0.290833

-1.17611 0.290833
-1.17609 0.290858

-1.17609 0.290857
-1.17582 0.291138

-1.17582 0.291138
-1.17578 0.291184

-1.17578 0.291184
-1.17554 0.291443

-1.17554 0.291443
-1.17548 0.29151

-1.17548 0.291509
-1.17525 0.291748

-1.17525 0.291748
-1.17517 0.291837

-1.17517 0.291835
-1.17497 0.292053

-1.17497 0.292053
-1.17487 0.292162

-1.17487 0.292161
-1.17468 0.292358

-1.17468 0.292358
-1.17456 0.292488

-1.17456 0.292487
-1.1744 0.292664

-1.1744 0.292664
-1.17426 0.292814

-1.17426 0.292812
-1.17411 0.292969

-1.17411 0.292969
-1.17395 0.293139

-1.17395 0.293138
-1.17382 0.293274

-1.17382 0.293274
-1.17365 0.293464

-1.17365 0.293463
-1.17354 0.293579

-1.17354 0.293579
-1.17334 0.293789

-1.17334 0.293788
-1.17325 0.293884

-1.17325 0.293884
-1.17303 0.294114

-1.17303 0.294113
-1.17296 0.294189

-1.17296 0.294189
-1.17273 0.294438

-1.17273 0.294438
-1.17268 0.294495

-1.17268 0.294495
-1.17242 0.294762

-1.17242 0.294762
-1.17239 0.2948

-1.17239 0.2948
-1.17212 0.295086

-1.17212 0.295086
-1.1721 0.295105

-1.1721 0.295105
-1.17181 0.29541

-1.17181 0.29541
-1.17153 0.295715

-1.17153 0.295715
-1.17151 0.295734

-1.17151 0.295734
-1.17124 0.296021

-1.17124 0.296021
-1.1712 0.296058

-1.1712 0.296057
-1.17095 0.296326

-1.17095 0.296326
-1.1709 0.296381

-1.1709 0.29638
-1.17066 0.296631

-1.17066 0.296631
-1.17059 0.296704

-1.17059 0.296703
-1.17037 0.296936

-1.17037 0.296936
-1.17029 0.297027

-1.17029 0.297026
-1.17009 0.297241

-1.17009 0.297241
-1.16998 0.29735

-1.16998 0.297349
-1.1698 0.297546

-1.1698 0.297546
-1.16968 0.297673

-1.16968 0.297672
-1.16951 0.297852

-1.16951 0.297852
-1.16937 0.297995

-1.16937 0.297994
-1.16922 0.298157

-1.16922 0.298157
-1.16907 0.298318

-1.16907 0.298317
-1.16893 0.298462

-1.16893 0.298462
-1.16876 0.29864

-1.16876 0.298639
-1.16864 0.298767

-1.16864 0.298767
-1.16846 0.298962

-1.16846 0.298961
-1.16835 0.299072

-1.16835 0.299072
-1.16815 0.299284

-1.16815 0.299283
-1.16806 0.299377

-1.16806 0.299377
-1.16785 0.299605

-1.16785 0.299604
-1.16777 0.299683

-1.16777 0.299683
-1.16754 0.299926

-1.16754 0.299926
-1.16748 0.299988

-1.16748 0.299988
-1.16724 0.300247

-1.16724 0.300247
-1.16719 0.300293

-1.16719 0.300293
-1.16693 0.300568

-1.16693 0.300568
-1.1669 0.300598

-1.1669 0.300598
-1.16663 0.300889

-1.16663 0.300889
-1.16661 0.300903

-1.16661 0.300903
-1.16632 0.301208

-1.16632 0.301208
-1.16632 0.30121

-1.16632 0.301209
-1.16603 0.301514

-1.16603 0.301514
-1.16602 0.30153

-1.16602 0.30153
-1.16574 0.301819

-1.16574 0.301819
-1.16571 0.30185

-1.16571 0.30185
-1.16545 0.302124

-1.16545 0.302124
-1.16541 0.30217

-1.16541 0.302169
-1.16516 0.302429

-1.16516 0.302429
-1.1651 0.30249

-1.1651 0.302489
-1.16487 0.302734

-1.16487 0.302734
-1.16479 0.30281

-1.16479 0.302808
-1.16458 0.30304

-1.16458 0.30304
-1.16449 0.303129

-1.16449 0.303128
-1.16428 0.303345

-1.16428 0.303345
-1.16418 0.303449

-1.16418 0.303448
-1.16399 0.30365

-1.16399 0.30365
-1.16388 0.303768

-1.16388 0.303767
-1.1637 0.303955

-1.1637 0.303955
-1.16357 0.304087

-1.16357 0.304086
-1.16341 0.30426

-1.16341 0.30426
-1.16327 0.304406

-1.16327 0.304405
-1.16312 0.304565

-1.16312 0.304565
-1.16296 0.304724

-1.16296 0.304723
-1.16282 0.304871

-1.16282 0.304871
-1.16266 0.305043

-1.16266 0.305042
-1.16253 0.305176

-1.16253 0.305176
-1.16235 0.305361

-1.16235 0.30536
-1.16224 0.305481

-1.16224 0.305481
-1.16205 0.305679

-1.16205 0.305678
-1.16195 0.305786

-1.16194 0.305786
-1.16174 0.305997

-1.16174 0.305996
-1.16165 0.306091

-1.16165 0.306091
-1.16144 0.306315

-1.16144 0.306314
-1.16136 0.306396

-1.16136 0.306396
-1.16113 0.306633

-1.16113 0.306632
-1.16107 0.306702

-1.16107 0.306702
-1.16083 0.30695

-1.16083 0.306949
-1.16077 0.307007

-1.16077 0.307007
-1.16052 0.307267

-1.16052 0.307266
-1.16048 0.307312

-1.16048 0.307312
-1.16022 0.307584

-1.16022 0.307583
-1.16018 0.307617

-1.16018 0.307617
-1.15991 0.3079

-1.15991 0.3079
-1.15989 0.307922

-1.15989 0.307922
-1.15961 0.308217

-1.15961 0.308217
-1.1596 0.308228

-1.1596 0.308228
-1.1593 0.308533

-1.1593 0.308533
-1.1593 0.308534

-1.1593 0.308533
-1.15901 0.308838

-1.15901 0.308838
-1.159 0.30885

-1.159 0.30885
-1.15871 0.309143

-1.15871 0.309143
-1.15869 0.309166

-1.15869 0.309166
-1.15842 0.309448

-1.15842 0.309448
-1.15839 0.309482

-1.15839 0.309482
-1.15812 0.309753

-1.15812 0.309753
-1.15808 0.309798

-1.15808 0.309797
-1.15783 0.310059

-1.15783 0.310059
-1.15778 0.310114

-1.15778 0.310113
-1.15753 0.310364

-1.15753 0.310364
-1.15747 0.310429

-1.15747 0.310428
-1.15724 0.310669

-1.15724 0.310669
-1.15717 0.310744

-1.15717 0.310743
-1.15694 0.310974

-1.15694 0.310974
-1.15686 0.311059

-1.15686 0.311058
-1.15665 0.311279

-1.15665 0.311279
-1.15656 0.311374

-1.15656 0.311373
-1.15635 0.311584

-1.15635 0.311584
-1.15625 0.311689

-1.15625 0.0111936
-1.15594 0.0111684

-1.15594 0.0111683
-1.15564 0.0111433

-1.15564 0.0111432
-1.15533 0.0111183

-1.15533 0.0111183
-1.15503 0.0110936

-1.15503 0.0110935
-1.15472 0.0110689

-1.15472 0.0110689
-1.15442 0.0110443

-1.15442 0.0110443
-1.15411 0.0110198

-1.15411 0.0110198
-1.15381 0.0109953

-1.1535 0.0109707
-1.1537 0.0109863

-1.1535 0.0109707
-1.1532 0.0109462

-1.1532 0.0109462
-1.15289 0.0109218

-1.15289 0.0109218
-1.15259 0.0108976

-1.15381 0.0109953
-1.1537 0.0109863

-1.15259 0.0108976
-1.15228 0.0108735

-1.15228 0.0108735
-1.15198 0.0108494

-1.15198 0.0108493
-1.15167 0.0108253

-1.15167 0.0108253
-1.15137 0.0108014

-1.15137 0.0108014
-1.15106 0.0107776

-1.15106 0.0107776
-1.15076 0.0107538

-1.15076 0.0107538
-1.15045 0.0107301

-1.15045 0.0107301
-1.15015 0.0107063

-1.15015 0.0107063
-1.14984 0.0106825

-1.14954 0.0106585
-1.14983 0.0106812

-1.14984 0.0106825
-1.14982 0.0106812

-1.14954 0.0106585
-1.14923 0.0106347

-1.14923 0.0106347
-1.14893 0.010611

-1.14893 0.010611
-1.14862 0.0105875

-1.14862 0.0105875
-1.14832 0.010564

-1.14832 0.010564
-1.14801 0.0105406

-1.14801 0.0105406
-1.14771 0.0105174

-1.14771 0.0105174
-1.1474 0.0104943

-1.1474 0.0104943
-1.14709 0.0104713

-1.14709 0.0104713
-1.14679 0.0104484

-1.14679 0.0104484
-1.14648 0.0104256

-1.13702 0.00974598
-1.13731 0.00976562

-1.13702 0.00974599
-1.13672 0.00972509

-1.14648 0.0104256
-1.14618 0.0104028

-1.14618 0.0104028
-1.14587 0.01038

-1.14557 0.0103571
-1.14582 0.010376

-1.14557 0.0103571
-1.14526 0.0103344

-1.14587 0.01038
-1.14582 0.010376

-1.14526 0.0103344
-1.14496 0.0103118

-1.14496 0.0103118
-1.14465 0.0102892

-1.14465 0.0102892
-1.14435 0.0102668

-1.14435 0.0102668
-1.14404 0.0102444

-1.14404 0.0102444
-1.14374 0.0102221

-1.14374 0.0102221
-1.14343 0.0101998

-1.14343 0.0101999
-1.14313 0.0101777

-1.14313 0.0101777
-1.14282 0.0101557

-1.14282 0.0101557
-1.14252 0.0101336

-1.14252 0.0101336
-1.14221 0.0101116

-1.14221 0.0101116
-1.14191 0.0100896

-1.1416 0.0100674
-1.14165 0.0100708

-1.14191 0.0100896
-1.14165 0.0100708

-1.1416 0.0100674
-1.1413 0.0100452

-1.1413 0.0100452
-1.14099 0.0100232

-1.14099 0.0100232
-1.14069 0.0100013

-1.14069 0.0100013
-1.14038 0.0099795

-1.14038 0.0099795
-1.14008 0.0099578

-1.14008 0.0099578
-1.13977 0.00993619

-1.13977 0.00993619
-1.13947 0.0099147

-1.13947 0.00991468
-1.13916 0.00989334

-1.13916 0.00989337
-1.13885 0.00987214

-1.13885 0.00987213
-1.13855 0.00985098

-1.13855 0.00985098
-1.13824 0.00982993

-1.13824 0.00982993
-1.13794 0.00980896

-1.13794 0.00980898
-1.13763 0.00978804

-1.13763 0.00978807
-1.13733 0.00976707

-1.13733 0.00976707
-1.13731 0.00976562

-1.13672 0.00972509
-1.13641 0.00970431

-1.13641 0.00970431
-1.13611 0.00968362

-1.13611 0.00968363
-1.1358 0.00966301

-1.1358 0.00966302
-1.1355 0.00964246

-1.1355 0.00964246
-1.13519 0.00962194

-1.13519 0.00962191
-1.13489 0.00960147

-1.13489 0.0096015
-1.13458 0.00958115

-1.13458 0.00958115
-1.13428 0.00956084

-1.13428 0.00956085
-1.13397 0.00954057

-1.13397 0.00954057
-1.13367 0.00952033

-1.13367 0.00952033
-1.13336 0.0095001

-1.13336 0.00950011
-1.13306 0.00947984

-1.13275 0.00945937
-1.13277 0.00946045

-1.13306 0.00947987
-1.13277 0.00946045

-1.13275 0.00945939
-1.13245 0.00943896

-1.13245 0.00943896
-1.13214 0.00941864

-1.13214 0.00941864
-1.13184 0.00939842

-1.13184 0.00939842
-1.13153 0.0093783

-1.13153 0.0093783
-1.13123 0.00935827

-1.13123 0.00935828
-1.13092 0.00933833

-1.13092 0.00933833
-1.13062 0.00931845

-1.13062 0.00931842
-1.13031 0.00929867

-1.13031 0.00929869
-1.13 0.00927906

-1.13 0.00927905
-1.1297 0.0092595

-1.1297 0.0092595
-1.12939 0.00924002

-1.12939 0.00924001
-1.12909 0.00922061

-1.12909 0.00922061
-1.12878 0.00920128

-1.12878 0.00920129
-1.12848 0.00918201

-1.12848 0.00918204
-1.12817 0.00916271

-1.12787 0.00914327
-1.12806 0.00915527

-1.12787 0.00914326
-1.12756 0.00912394

-1.12817 0.00916272
-1.12806 0.00915527

-1.12756 0.00912394
-1.12726 0.00910473

-1.12726 0.00910473
-1.12695 0.00908561

-1.12695 0.00908561
-1.12665 0.00906656

-1.12665 0.00906657
-1.12634 0.00904759

-1.12634 0.00904759
-1.12604 0.00902866

-1.12604 0.00902866
-1.12573 0.00900976

-1.12573 0.00900973
-1.12543 0.00899091

-1.12543 0.00899094
-1.12512 0.00897221

-1.12512 0.00897221
-1.12482 0.00895352

-1.12482 0.00895352
-1.12451 0.00893486

-1.12451 0.00893486
-1.12421 0.00891623

-1.12421 0.00891623
-1.1239 0.00889762

-1.1239 0.00889764
-1.1236 0.00887902

-1.1236 0.00887904
-1.12329 0.00886034

-1.12299 0.00884148
-1.12313 0.0088501

-1.12329 0.00886037
-1.12312 0.0088501

-1.12299 0.00884148
-1.12268 0.0088227

-1.12268 0.00882271
-1.12238 0.00880404

-1.12238 0.00880404
-1.12207 0.00878548

-1.12207 0.00878549
-1.12177 0.00876702

-1.12177 0.00876702
-1.12146 0.00874865

-1.12146 0.00874866
-1.12115 0.00873037

-1.12115 0.00873037
-1.12085 0.00871216

-1.12085 0.00871215
-1.12054 0.00869404

-1.12054 0.00869402
-1.12024 0.00867604

-1.12024 0.00867607
-1.11993 0.00865819

-1.11993 0.00865818
-1.11963 0.00864037

-1.11963 0.00864037
-1.11932 0.00862263

-1.11932 0.00862263
-1.11902 0.00860497

-1.11902 0.00860497
-1.11871 0.00858738

-1.11871 0.0085874
-1.11841 0.00856986

-1.1178 0.0085346
-1.11798 0.00854492

-1.1178 0.0085346
-1.11749 0.00851701

-1.11749 0.00851702
-1.11719 0.00849955

-1.11841 0.00856988
-1.1181 0.0085523

-1.1181 0.00855231
-1.11798 0.00854492

-1.11719 0.00849955
-1.11688 0.00848218

-1.11688 0.00848218
-1.11658 0.00846488

-1.11658 0.00846488
-1.11627 0.00844765

-1.11627 0.00844766
-1.11597 0.00843048

-1.11597 0.00843048
-1.11566 0.00841334

-1.11566 0.00841333
-1.11536 0.00839621

-1.11536 0.00839619
-1.11505 0.00837915

-1.11505 0.00837917
-1.11475 0.00836221

-1.11475 0.0083622
-1.11444 0.00834526

-1.11444 0.00834526
-1.11414 0.00832835

-1.11414 0.00832835
-1.11383 0.00831145

-1.11383 0.00831145
-1.11353 0.00829456

-1.11353 0.00829457
-1.11322 0.00827768

-1.11322 0.0082777
-1.11292 0.00826077

-1.11292 0.0082608
-1.11261 0.00824376

-1.1123 0.00822656
-1.11254 0.00823975

-1.11261 0.00824375
-1.11254 0.00823975

-1.1123 0.00822655
-1.112 0.00820948

-1.112 0.00820948
-1.11169 0.00819251

-1.11169 0.00819252
-1.11139 0.00817563

-1.11139 0.00817563
-1.11108 0.00815883

-1.11108 0.00815884
-1.11078 0.00814212

-1.11078 0.00814212
-1.11047 0.00812547

-1.11047 0.00812547
-1.11017 0.00810888

-1.11017 0.00810887
-1.10986 0.00809235

-1.10986 0.00809233
-1.10956 0.00807593

-1.10956 0.00807595
-1.10925 0.00805965

-1.10925 0.00805964
-1.10895 0.00804339

-1.10895 0.00804339
-1.10864 0.0080272

-1.10864 0.0080272
-1.10834 0.00801107

-1.10834 0.00801107
-1.10803 0.007995

-1.10803 0.007995
-1.10773 0.00797901

-1.10773 0.00797901
-1.10742 0.00796306

-1.10681 0.00793101
-1.10688 0.00793457

-1.10742 0.00796309
-1.10712 0.00794712

-1.10712 0.00794715
-1.10688 0.00793457

-1.10681 0.00793103
-1.10651 0.00791497

-1.10651 0.00791498
-1.1062 0.00789903

-1.1062 0.00789903
-1.1059 0.00788317

-1.1059 0.00788317
-1.10559 0.00786739

-1.10559 0.00786739
-1.10529 0.00785167

-1.10529 0.00785167
-1.10498 0.00783601

-1.10498 0.00783601
-1.10468 0.00782039

-1.10468 0.0078204
-1.10437 0.00780481

-1.10437 0.00780482
-1.10406 0.00778925

-1.10406 0.00778922
-1.10376 0.00777372

-1.10376 0.00777374
-1.10345 0.00775832

-1.10345 0.00775832
-1.10315 0.00774293

-1.10315 0.00774294
-1.10284 0.00772758

-1.10284 0.00772758
-1.10254 0.00771223

-1.10254 0.00771224
-1.10223 0.00769691

-1.10223 0.00769691
-1.10193 0.0076816

-1.10193 0.0076816
-1.10162 0.00766629

-1.10162 0.0076663
-1.10132 0.00765095

-1.10132 0.00765098
-1.10101 0.00763552

-1.10071 0.0076199
-1.10089 0.00762939

-1.10101 0.00763553
-1.10089 0.00762939

-1.10071 0.00761989
-1.1004 0.00760436

-1.1004 0.00760436
-1.1001 0.00758893

-1.1001 0.00758893
-1.09979 0.00757359

-1.09979 0.00757359
-1.09949 0.00755833

-1.09949 0.00755834
-1.09918 0.00754316

-1.09918 0.00754316
-1.09888 0.00752806

-1.09888 0.00752806
-1.09857 0.00751303

-1.09857 0.00751303
-1.09827 0.00749806

-1.09827 0.00749806
-1.09796 0.00748316

-1.09796 0.00748313
-1.09766 0.00746834

-1.09766 0.00746836
-1.09735 0.00745367

-1.09735 0.00745367
-1.09705 0.00743905

-1.09705 0.00743905
-1.09674 0.00742449

-1.09674 0.00742449
-1.09644 0.00740999

-1.09644 0.00740998
-1.09613 0.00739555

-1.09613 0.00739555
-1.09583 0.00738118

-1.09583 0.00738118
-1.09552 0.00736688

-1.09552 0.00736689
-1.09521 0.00735265

-1.0946 0.00732405
-1.09461 0.00732422

-1.0946 0.00732406
-1.0943 0.00730972

-1.0943 0.00730972
-1.09399 0.00729548

-1.09399 0.00729548
-1.09369 0.00728133

-1.09369 0.00728134
-1.09338 0.00726727

-1.09338 0.00726727
-1.09308 0.00725327

-1.09308 0.00725327
-1.09277 0.00723933

-1.09521 0.00735267
-1.09491 0.00733843

-1.09491 0.00733846
-1.09461 0.00732422

-1.09277 0.00723933
-1.09247 0.00722544

-1.09247 0.00722544
-1.09216 0.00721159

-1.09216 0.0072116
-1.09186 0.00719778

-1.09186 0.00719778
-1.09155 0.00718398

-1.09155 0.00718397
-1.09125 0.00717019

-1.09125 0.00717017
-1.09094 0.00715647

-1.09094 0.0071565
-1.09064 0.00714285

-1.09064 0.00714285
-1.09033 0.00712921

-1.09033 0.00712921
-1.09003 0.00711559

-1.09003 0.00711559
-1.08972 0.00710198

-1.08972 0.00710199
-1.08942 0.00708838

-1.08942 0.00708838
-1.08911 0.00707478

-1.08911 0.00707478
-1.08881 0.00706117

-1.08881 0.00706118
-1.0885 0.00704755

-1.0885 0.00704756
-1.0882 0.00703387

-1.0882 0.00703389
-1.08789 0.00702004

-1.08759 0.00700605
-1.08787 0.00701904

-1.08789 0.00702005
-1.08787 0.00701904

-1.08759 0.00700605
-1.08728 0.00699219

-1.08728 0.00699219
-1.08698 0.00697842

-1.08698 0.00697842
-1.08667 0.00696472

-1.08667 0.00696472
-1.08636 0.00695108

-1.08636 0.00695109
-1.08606 0.00693752

-1.08606 0.00693752
-1.08575 0.00692401

-1.08575 0.00692401
-1.08545 0.00691057

-1.08545 0.00691057
-1.08514 0.00689718

-1.08514 0.00689719
-1.08484 0.00688384

-1.08484 0.00688383
-1.08453 0.00687054

-1.08453 0.00687052
-1.08423 0.00685733

-1.08423 0.00685736
-1.08392 0.00684426

-1.08392 0.00684425
-1.08362 0.00683119

-1.08362 0.00683119
-1.08331 0.00681817

-1.08331 0.00681817
-1.08301 0.00680521

-1.08301 0.00680521
-1.0827 0.00679229

-1.0827 0.00679229
-1.0824 0.00677942

-1.0824 0.00677942
-1.08209 0.00676661

-1.08209 0.00676661
-1.08179 0.00675385

-1.08179 0.00675385
-1.08148 0.00674115

-1.08148 0.00674116
-1.08118 0.00672846

-1.08057 0.00670279
-1.08083 0.00671387

-1.08118 0.00672849
-1.08087 0.0067157

-1.08087 0.0067157
-1.08083 0.00671387

-1.08057 0.00670279
-1.08026 0.00669002

-1.08026 0.00669003
-1.07996 0.00667734

-1.07996 0.00667735
-1.07965 0.00666474

-1.07965 0.00666474
-1.07935 0.00665219

-1.07935 0.00665219
-1.07904 0.0066397

-1.07904 0.0066397
-1.07874 0.00662725

-1.07874 0.00662725
-1.07843 0.00661485

-1.07843 0.00661485
-1.07812 0.00660249

-1.07812 0.0066025
-1.07782 0.00659016

-1.07782 0.00659017
-1.07751 0.00657785

-1.07751 0.00657785
-1.07721 0.00656554

-1.07721 0.00656551
-1.0769 0.00655327

-1.0769 0.0065533
-1.0766 0.00654112

-1.0766 0.00654112
-1.07629 0.00652896

-1.07629 0.00652896
-1.07599 0.00651681

-1.07599 0.00651681
-1.07568 0.00650468

-1.07568 0.00650468
-1.07538 0.00649256

-1.07538 0.00649256
-1.07507 0.00648045

-1.07507 0.00648045
-1.07477 0.00646833

-1.07477 0.00646834
-1.07446 0.00645621

-1.07446 0.00645622
-1.07416 0.00644408

-1.07416 0.00644409
-1.07385 0.00643192

-1.07385 0.00643193
-1.07355 0.00641968

-1.07324 0.0064072
-1.07328 0.00640869

-1.07355 0.00641971
-1.07328 0.00640869

-1.07324 0.00640721
-1.07294 0.00639474

-1.07294 0.00639474
-1.07263 0.00638235

-1.07263 0.00638235
-1.07233 0.00637002

-1.07233 0.00637002
-1.07202 0.00635777

-1.07202 0.00635777
-1.07172 0.00634557

-1.07172 0.00634557
-1.07141 0.00633344

-1.07141 0.00633344
-1.07111 0.00632136

-1.07111 0.00632136
-1.0708 0.00630934

-1.0708 0.00630935
-1.0705 0.00629738

-1.0705 0.00629738
-1.07019 0.00628547

-1.07019 0.00628548
-1.06989 0.00627361

-1.06989 0.0062736
-1.06958 0.00626177

-1.06958 0.00626175
-1.06927 0.00625002

-1.06927 0.00625005
-1.06897 0.00623841

-1.06897 0.0062384
-1.06866 0.0062268

-1.06866 0.0062268
-1.06836 0.00621525

-1.06836 0.00621525
-1.06805 0.00620375

-1.06805 0.00620375
-1.06775 0.00619229

-1.06775 0.00619229
-1.06744 0.00618089

-1.06744 0.00618089
-1.06714 0.00616954

-1.06714 0.00616954
-1.06683 0.00615824

-1.06683 0.00615824
-1.06653 0.006147

-1.06653 0.006147
-1.06622 0.00613581

-1.06622 0.00613582
-1.06592 0.00612468

-1.06531 0.00610223
-1.06534 0.00610352

-1.06531 0.00610224
-1.065 0.00609098

-1.065 0.00609098
-1.0647 0.00607982

-1.06592 0.0061247
-1.06561 0.00611354

-1.06561 0.00611357
-1.06534 0.00610352

-1.0647 0.00607982
-1.06439 0.00606873

-1.06439 0.00606873
-1.06409 0.00605772

-1.06409 0.00605772
-1.06378 0.00604677

-1.06378 0.00604677
-1.06348 0.00603587

-1.06348 0.00603587
-1.06317 0.00602502

-1.06317 0.00602502
-1.06287 0.00601421

-1.06287 0.00601421
-1.06256 0.00600345

-1.06256 0.00600345
-1.06226 0.00599273

-1.06226 0.00599273
-1.06195 0.00598204

-1.06195 0.00598204
-1.06165 0.00597137

-1.06165 0.00597137
-1.06134 0.00596071

-1.06134 0.00596071
-1.06104 0.00595006

-1.06104 0.00595004
-1.06073 0.00593946

-1.06073 0.00593949
-1.06042 0.00592897

-1.06042 0.00592897
-1.06012 0.00591846

-1.06012 0.00591846
-1.05981 0.00590796

-1.05981 0.00590796
-1.05951 0.00589748

-1.05951 0.00589748
-1.0592 0.00588701

-1.0592 0.00588701
-1.0589 0.00587654

-1.0589 0.00587654
-1.05859 0.00586607

-1.05859 0.00586608
-1.05829 0.0058556

-1.05829 0.0058556
-1.05798 0.00584511

-1.05798 0.00584512
-1.05768 0.00583461

-1.05768 0.00583461
-1.05737 0.00582407

-1.05737 0.00582408
-1.05707 0.00581348

-1.05707 0.0058135
-1.05676 0.00580276

-1.05646 0.00579183
-1.05664 0.00579834

-1.05676 0.00580276
-1.05664 0.00579834

-1.05646 0.00579182
-1.05615 0.00578095

-1.05615 0.00578096
-1.05585 0.00577016

-1.05585 0.00577016
-1.05554 0.00575943

-1.05554 0.00575943
-1.05524 0.00574875

-1.05524 0.00574875
-1.05493 0.00573812

-1.05493 0.00573812
-1.05463 0.00572754

-1.05463 0.00572754
-1.05432 0.005717

-1.05432 0.005717
-1.05402 0.00570652

-1.05402 0.00570652
-1.05371 0.00569607

-1.05371 0.00569607
-1.05341 0.00568567

-1.05341 0.00568567
-1.0531 0.00567531

-1.0531 0.00567531
-1.0528 0.00566498

-1.0528 0.00566498
-1.05249 0.00565469

-1.05249 0.00565468
-1.05219 0.00564443

-1.05219 0.00564441
-1.05188 0.00563425

-1.05188 0.00563428
-1.05157 0.00562419

-1.05157 0.00562418
-1.05127 0.0056141

-1.05127 0.0056141
-1.05096 0.00560405

-1.05096 0.00560405
-1.05066 0.00559404

-1.05066 0.00559404
-1.05035 0.00558406

-1.05035 0.00558406
-1.05005 0.00557412

-1.05005 0.00557412
-1.04974 0.00556421

-1.04974 0.00556421
-1.04944 0.00555435

-1.04944 0.00555435
-1.04913 0.00554452

-1.04913 0.00554452
-1.04883 0.00553473

-1.04883 0.00553473
-1.04852 0.00552499

-1.04852 0.00552499
-1.04822 0.00551528

-1.04822 0.0055153
-1.04791 0.00550559

-1.04791 0.00550562
-1.04761 0.00549583

-1.0473 0.00548592
-1.04753 0.00549316

-1.0473 0.00548591
-1.047 0.0054761

-1.04761 0.00549583
-1.04752 0.00549316

-1.047 0.00547611
-1.04669 0.00546639

-1.04669 0.00546639
-1.04639 0.00545673

-1.04639 0.00545673
-1.04608 0.00544713

-1.04608 0.00544713
-1.04578 0.00543758

-1.04578 0.00543758
-1.04547 0.00542807

-1.04547 0.00542807
-1.04517 0.00541861

-1.04517 0.00541861
-1.04486 0.00540919

-1.04486 0.00540919
-1.04456 0.00539981

-1.04456 0.00539981
-1.04425 0.00539046

-1.04425 0.00539046
-1.04395 0.00538115

-1.04395 0.00538115
-1.04364 0.00537187

-1.04364 0.00537187
-1.04333 0.00536262

-1.04333 0.00536263
-1.04303 0.00535338

-1.04303 0.00535338
-1.04272 0.00534414

-1.04272 0.00534412
-1.04242 0.00533494

-1.04242 0.00533497
-1.04211 0.00532586

-1.04211 0.00532586
-1.04181 0.00531676

-1.04181 0.00531676
-1.0415 0.00530769

-1.0415 0.00530769
-1.0412 0.00529864

-1.0412 0.00529864
-1.04089 0.0052896

-1.04089 0.0052896
-1.04059 0.00528057

-1.04059 0.00528057
-1.04028 0.00527155

-1.04028 0.00527155
-1.03998 0.00526253

-1.03998 0.00526254
-1.03967 0.00525352

-1.03967 0.00525352
-1.03937 0.0052445

-1.03937 0.0052445
-1.03906 0.00523547

-1.03906 0.00523547
-1.03876 0.00522641

-1.03876 0.00522641
-1.03845 0.00521733

-1.03845 0.00521734
-1.03815 0.00520821

-1.03815 0.00520823
-1.03784 0.00519902

-1.03784 0.00519904
-1.03754 0.00518968

-1.03723 0.00518014
-1.03748 0.00518799

-1.03754 0.00518967
-1.03748 0.00518799

-1.03723 0.00518013
-1.03693 0.00517069

-1.03693 0.00517069
-1.03662 0.0051613

-1.03662 0.0051613
-1.03632 0.00515196

-1.03632 0.00515196
-1.03601 0.00514267

-1.03601 0.00514267
-1.03571 0.00513342

-1.03571 0.00513342
-1.0354 0.00512422

-1.0354 0.00512422
-1.0351 0.00511505

-1.0351 0.00511505
-1.03479 0.00510592

-1.03479 0.00510592
-1.03448 0.00509683

-1.03448 0.00509683
-1.03418 0.00508777

-1.03418 0.00508777
-1.03387 0.00507875

-1.03387 0.00507875
-1.03357 0.00506977

-1.03357 0.00506977
-1.03326 0.00506083

-1.03326 0.00506083
-1.03296 0.00505191

-1.03296 0.00505191
-1.03265 0.00504301

-1.03265 0.005043
-1.03235 0.00503415

-1.03235 0.00503413
-1.03204 0.00502536

-1.03204 0.00502539
-1.03174 0.00501668

-1.03174 0.00501667
-1.03143 0.00500798

-1.03143 0.00500798
-1.03113 0.00499931

-1.03113 0.00499931
-1.03082 0.00499067

-1.03082 0.00499067
-1.03052 0.00498206

-1.03052 0.00498206
-1.03021 0.00497348

-1.03021 0.00497348
-1.02991 0.00496494

-1.02991 0.00496494
-1.0296 0.00495644

-1.0296 0.00495644
-1.0293 0.00494797

-1.02686 0.00488125
-1.02691 0.00488281

-1.02686 0.00488126
-1.02655 0.00487287

-1.02655 0.00487287
-1.02625 0.00486457

-1.02625 0.00486457
-1.02594 0.00485633

-1.02594 0.00485634
-1.02563 0.00484816

-1.02563 0.00484816
-1.02533 0.00484004

-1.02533 0.00484004
-1.02502 0.00483196

-1.02502 0.00483196
-1.02472 0.00482393

-1.02472 0.00482393
-1.02441 0.00481594

-1.0293 0.00494797
-1.02899 0.00493953

-1.02899 0.00493953
-1.02869 0.00493113

-1.02869 0.00493113
-1.02838 0.00492278

-1.02838 0.00492278
-1.02808 0.00491447

-1.02808 0.00491447
-1.02777 0.0049062

-1.02777 0.00490621
-1.02747 0.00489796

-1.02747 0.00489797
-1.02716 0.00488969

-1.02716 0.00488971
-1.02691 0.00488281

-1.02441 0.00481594
-1.02411 0.00480798

-1.02411 0.00480798
-1.0238 0.00480006

-1.0238 0.00480006
-1.0235 0.00479218

-1.0235 0.00479218
-1.02319 0.00478434

-1.02319 0.00478434
-1.02289 0.00477652

-1.02289 0.00477652
-1.02258 0.00476874

-1.02258 0.00476874
-1.02228 0.004761

-1.02228 0.004761
-1.02197 0.00475328

-1.02197 0.00475328
-1.02167 0.00474558

-1.02167 0.00474558
-1.02136 0.00473789

-1.02136 0.00473788
-1.02106 0.0047302

-1.02106 0.00473018
-1.02075 0.00472257

-1.02075 0.0047226
-1.02045 0.00471505

-1.02045 0.00471504
-1.02014 0.00470751

-1.02014 0.0047075
-1.01984 0.00469999

-1.01984 0.00469999
-1.01953 0.0046925

-1.01953 0.0046925
-1.01923 0.00468502

-1.01923 0.00468502
-1.01892 0.00467756

-1.01892 0.00467756
-1.01862 0.00467012

-1.01862 0.00467012
-1.01831 0.00466268

-1.01831 0.00466268
-1.01801 0.00465525

-1.01801 0.00465526
-1.0177 0.00464783

-1.0177 0.00464783
-1.0174 0.0046404

-1.0174 0.00464041
-1.01709 0.00463297

-1.01709 0.00463297
-1.01678 0.00462552

-1.01678 0.00462553
-1.01648 0.00461806

-1.01648 0.00461806
-1.01617 0.00461056

-1.01617 0.00461057
-1.01587 0.00460303

-1.01587 0.00460304
-1.01556 0.00459545

-1.01556 0.00459547
-1.01526 0.0045878

-1.01526 0.00458782
-1.01495 0.00458

-1.01465 0.004572
-1.01486 0.00457764

-1.01495 0.00458
-1.01486 0.00457764

-1.01465 0.00457199
-1.01434 0.00456406

-1.01434 0.00456406
-1.01404 0.00455618

-1.01404 0.00455618
-1.01373 0.00454834

-1.01373 0.00454834
-1.01343 0.00454054

-1.01343 0.00454054
-1.01312 0.00453277

-1.01312 0.00453277
-1.01282 0.00452504

-1.01282 0.00452504
-1.01251 0.00451733

-1.01251 0.00451733
-1.01221 0.00450966

-1.01221 0.00450966
-1.0119 0.00450202

-1.0119 0.00450202
-1.0116 0.0044944

-1.0116 0.0044944
-1.01129 0.00448681

-1.01129 0.00448681
-1.01099 0.00447926

-1.01099 0.00447926
-1.01068 0.00447172

-1.01068 0.00447172
-1.01038 0.00446422

-1.01038 0.00446422
-1.01007 0.00445675

-1.01007 0.00445675
-1.00977 0.0044493

-1.00977 0.0044493
-1.00946 0.00444187

-1.00946 0.00444187
-1.00916 0.00443445

-1.00916 0.00443444
-1.00885 0.00442705

-1.00885 0.00442703
-1.00854 0.00441971

-1.00854 0.00441974
-1.00824 0.00441248

-1.00824 0.00441247
-1.00793 0.00440522

-1.00793 0.00440522
-1.00763 0.00439798

-1.00763 0.00439798
-1.00732 0.00439077

-1.00732 0.00439077
-1.00702 0.00438357

-1.00702 0.00438357
-1.00671 0.0043764

-1.00671 0.0043764
-1.00641 0.00436924

-1.00641 0.00436924
-1.0061 0.00436211

-1.0061 0.00436211
-1.0058 0.004355

-1.0058 0.004355
-1.00549 0.00434791

-1.00549 0.00434791
-1.00519 0.00434085

-1.00519 0.00434085
-1.00488 0.0043338

-1.00488 0.0043338
-1.00458 0.00432678

-1.00458 0.00432678
-1.00427 0.00431978

-1.00427 0.00431978
-1.00397 0.0043128

-1.00397 0.0043128
-1.00366 0.00430585

-1.00366 0.00430585
-1.00336 0.00429893

-1.00336 0.00429893
-1.00305 0.00429203

-1.00305 0.00429204
-1.00275 0.00428516

-1.00275 0.00428517
-1.00244 0.00427824

-1.00214 0.00427115
-1.00219 0.00427246

-1.00214 0.00427116
-1.00183 0.0042641

-1.00244 0.00427827
-1.00219 0.00427246

-1.00183 0.0042641
-1.00153 0.00425711

-1.00153 0.00425711
-1.00122 0.00425017

-1.00122 0.00425017
-1.00092 0.00424327

-1.00092 0.00424327
-1.00061 0.00423641

-1.00061 0.00423641
-1.00031 0.00422959

-1.00031 0.00422959
-1.0 0.00422279

-1.15625 0.311688
-1.15606 0.31189

-1.15606 0.31189
-1.15594 0.312004

-1.15594 0.312003
-1.15576 0.312195

-1.15576 0.312195
-1.15564 0.312318

-1.15564 0.312317
-1.15546 0.3125

-1.15546 0.3125
-1.15533 0.312632

-1.15533 0.312631
-1.15517 0.312805

-1.15517 0.312805
-1.15503 0.312946

-1.15503 0.312946
-1.15487 0.31311

-1.15487 0.31311
-1.15472 0.31326

-1.15472 0.313259
-1.15457 0.313416

-1.15457 0.313416
-1.15442 0.313574

-1.15442 0.313573
-1.15428 0.313721

-1.15428 0.313721
-1.15411 0.313887

-1.15411 0.313887
-1.15398 0.314026

-1.15398 0.314026
-1.15381 0.314201

-1.15381 0.3142
-1.15368 0.314331

-1.15368 0.314331
-1.1535 0.314514

-1.1535 0.314513
-1.15338 0.314636

-1.15338 0.314636
-1.1532 0.314827

-1.1532 0.314826
-1.15309 0.314941

-1.15309 0.314941
-1.15289 0.31514

-1.15289 0.315139
-1.15279 0.315247

-1.15279 0.315247
-1.15259 0.315453

-1.15259 0.315452
-1.15249 0.315552

-1.15249 0.315552
-1.15228 0.315765

-1.15228 0.315765
-1.15219 0.315857

-1.15219 0.315857
-1.15198 0.316078

-1.15198 0.316077
-1.15189 0.316162

-1.15189 0.316162
-1.15167 0.31639

-1.15167 0.316389
-1.1516 0.316467

-1.1516 0.316467
-1.15137 0.316702

-1.15137 0.316701
-1.1513 0.316772

-1.1513 0.316772
-1.15106 0.317014

-1.15106 0.317013
-1.151 0.317078

-1.151 0.317078
-1.15076 0.317325

-1.15076 0.317325
-1.1507 0.317383

-1.1507 0.317383
-1.15045 0.317637

-1.15045 0.317636
-1.1504 0.317688

-1.1504 0.317688
-1.15015 0.317948

-1.15015 0.317948
-1.1501 0.317993

-1.1501 0.317993
-1.14984 0.318259

-1.14984 0.318259
-1.1498 0.318298

-1.1498 0.318298
-1.14954 0.31857

-1.14954 0.31857
-1.1495 0.318604

-1.1495 0.318604
-1.14923 0.318881

-1.14923 0.318881
-1.1492 0.318909

-1.1492 0.318909
-1.14893 0.319191

-1.14893 0.319191
-1.1489 0.319214

-1.1489 0.319214
-1.14862 0.319502

-1.14862 0.319502
-1.1486 0.319519

-1.1486 0.319519
-1.14832 0.319812

-1.14832 0.319812
-1.1483 0.319824

-1.1483 0.319824
-1.14801 0.320122

-1.14801 0.320122
-1.148 0.320129

-1.148 0.320129
-1.14771 0.320432

-1.14771 0.320432
-1.1477 0.320435

-1.1477 0.320435
-1.1474 0.32074

-1.1474 0.32074
-1.1474 0.320742

-1.1474 0.320742
-1.1471 0.321045

-1.1471 0.321045
-1.14709 0.321052

-1.14709 0.321052
-1.1468 0.32135

-1.1468 0.32135
-1.14679 0.321361

-1.14679 0.321361
-1.1465 0.321655

-1.1465 0.321655
-1.14648 0.321671

-1.14648 0.321671
-1.1462 0.32196

-1.1462 0.32196
-1.14618 0.32198

-1.14618 0.32198
-1.1459 0.322266

-1.1459 0.322266
-1.14587 0.322289

-1.14587 0.322289
-1.1456 0.322571

-1.1456 0.322571
-1.14557 0.322598

-1.14557 0.322597
-1.14529 0.322876

-1.14529 0.322876
-1.14526 0.322906

-1.14526 0.322906
-1.14499 0.323181

-1.14499 0.323181
-1.14496 0.323215

-1.14496 0.323214
-1.14469 0.323486

-1.14469 0.323486
-1.14465 0.323523

-1.14465 0.323523
-1.14439 0.323792

-1.14439 0.323792
-1.14435 0.323831

-1.14435 0.323831
-1.14409 0.324097

-1.14409 0.324097
-1.14404 0.32414

-1.14404 0.324139
-1.14378 0.324402

-1.14378 0.324402
-1.14374 0.324447

-1.14374 0.324447
-1.14348 0.324707

-1.14348 0.324707
-1.14343 0.324755

-1.14343 0.324755
-1.14318 0.325012

-1.14318 0.325012
-1.14313 0.325063

-1.14313 0.325062
-1.14287 0.325317

-1.14287 0.325317
-1.14282 0.32537

-1.14282 0.32537
-1.14257 0.325623

-1.14257 0.325623
-1.14252 0.325677

-1.14252 0.325677
-1.14227 0.325928

-1.14227 0.325928
-1.14221 0.325984

-1.14221 0.325984
-1.14196 0.326233

-1.14196 0.326233
-1.14191 0.326291

-1.14191 0.326291
-1.14166 0.326538

-1.14166 0.326538
-1.1416 0.326598

-1.1416 0.326598
-1.14136 0.326843

-1.14136 0.326843
-1.1413 0.326904

-1.1413 0.326904
-1.14105 0.327148

-1.14105 0.327148
-1.14099 0.327211

-1.14099 0.327211
-1.14075 0.327454

-1.14075 0.327454
-1.14069 0.327517

-1.14069 0.327517
-1.14045 0.327759

-1.14045 0.327759
-1.14038 0.327823

-1.14038 0.327823
-1.14014 0.328064

-1.14014 0.328064
-1.14008 0.328129

-1.14008 0.328129
-1.13984 0.328369

-1.13984 0.328369
-1.13977 0.328435

-1.13977 0.328435
-1.13953 0.328674

-1.13953 0.328674
-1.13947 0.32874

-1.13947 0.32874
-1.13923 0.328979

-1.13923 0.328979
-1.13916 0.329046

-1.13916 0.329046
-1.13892 0.329285

-1.13892 0.329285
-1.13885 0.329351

-1.13885 0.329351
-1.13862 0.32959

-1.13862 0.32959
-1.13855 0.329656

-1.13855 0.329656
-1.13831 0.329895

-1.13831 0.329895
-1.13824 0.329961

-1.13824 0.329961
-1.13801 0.3302

-1.13801 0.3302
-1.13794 0.330266

-1.13794 0.330266
-1.1377 0.330505

-1.1377 0.330505
-1.13763 0.330571

-1.13763 0.330571
-1.13739 0.330811

-1.13739 0.330811
-1.13733 0.330875

-1.13733 0.330875
-1.13709 0.331116

-1.13709 0.331116
-1.13702 0.33118

-1.13702 0.33118
-1.13678 0.331421

-1.13678 0.331421
-1.13672 0.331484

-1.13672 0.331484
-1.13648 0.331726

-1.13648 0.331726
-1.13641 0.331788

-1.13641 0.331788
-1.13617 0.332031

-1.13617 0.332031
-1.13611 0.332092

-1.13611 0.332092
-1.13586 0.332336

-1.13586 0.332336
-1.1358 0.332396

-1.1358 0.332396
-1.13556 0.332642

-1.13556 0.332642
-1.1355 0.332699

-1.1355 0.332699
-1.13525 0.332947

-1.13525 0.332947
-1.13519 0.333003

-1.13519 0.333003
-1.13494 0.333252

-1.13494 0.333252
-1.13489 0.333306

-1.13489 0.333306
-1.13463 0.333557

-1.13463 0.333557
-1.13458 0.333609

-1.13458 0.333609
-1.13433 0.333862

-1.13433 0.333862
-1.13428 0.333912

-1.13428 0.333912
-1.13402 0.334167

-1.13402 0.334167
-1.13397 0.334215

-1.13397 0.334215
-1.13371 0.334473

-1.13371 0.334473
-1.13367 0.334517

-1.13367 0.334518
-1.1334 0.334778

-1.1334 0.334778
-1.13336 0.33482

-1.13336 0.33482
-1.1331 0.335083

-1.1331 0.335083
-1.13306 0.335122

-1.13306 0.335123
-1.13279 0.335388

-1.13279 0.335388
-1.13275 0.335424

-1.13275 0.335425
-1.13248 0.335693

-1.13248 0.335693
-1.13245 0.335726

-1.13245 0.335727
-1.13217 0.335999

-1.13217 0.335999
-1.13214 0.336028

-1.13214 0.336029
-1.13186 0.336304

-1.13186 0.336304
-1.13184 0.33633

-1.13184 0.33633
-1.13155 0.336609

-1.13155 0.336609
-1.13153 0.336632

-1.13153 0.336632
-1.13124 0.336914

-1.13124 0.336914
-1.13123 0.336933

-1.13123 0.336933
-1.13094 0.337219

-1.13094 0.337219
-1.13092 0.337234

-1.13092 0.337234
-1.13063 0.337524

-1.13063 0.337524
-1.13062 0.337535

-1.13062 0.337536
-1.13032 0.33783

-1.13032 0.33783
-1.13031 0.337836

-1.13031 0.337836
-1.13001 0.338135

-1.13001 0.338135
-1.13 0.338137

-1.13 0.338137
-1.1297 0.338438

-1.1297 0.338438
-1.1297 0.33844

-1.1297 0.33844
-1.12939 0.338739

-1.12939 0.338739
-1.12939 0.338745

-1.12939 0.338745
-1.12909 0.339039

-1.12909 0.339039
-1.12908 0.33905

-1.12908 0.33905
-1.12878 0.339339

-1.12878 0.339339
-1.12877 0.339355

-1.12877 0.339355
-1.12848 0.339639

-1.12848 0.339639
-1.12846 0.339661

-1.12846 0.339661
-1.12817 0.339939

-1.12817 0.339939
-1.12815 0.339966

-1.12815 0.339966
-1.12787 0.340239

-1.12787 0.340239
-1.12784 0.340271

-1.12784 0.340271
-1.12756 0.340538

-1.12756 0.340539
-1.12753 0.340576

-1.12753 0.340576
-1.12726 0.340838

-1.12726 0.340838
-1.12721 0.340881

-1.12721 0.340881
-1.12695 0.341137

-1.12695 0.341137
-1.1269 0.341187

-1.1269 0.341187
-1.12665 0.341436

-1.12665 0.341437
-1.12659 0.341492

-1.12659 0.341492
-1.12634 0.341735

-1.12634 0.341736
-1.12628 0.341797

-1.12628 0.341797
-1.12604 0.342034

-1.12604 0.342035
-1.12597 0.342102

-1.12597 0.342102
-1.12573 0.342333

-1.12573 0.342333
-1.12566 0.342407

-1.12566 0.342407
-1.12543 0.342631

-1.12543 0.342632
-1.12535 0.342712

-1.12535 0.342712
-1.12512 0.34293

-1.12512 0.342931
-1.12503 0.343018

-1.12503 0.343018
-1.12482 0.343228

-1.12482 0.343229
-1.12472 0.343323

-1.12472 0.343323
-1.12451 0.343526

-1.12451 0.343527
-1.12441 0.343628

-1.12441 0.343628
-1.12421 0.343824

-1.12421 0.343825
-1.1241 0.343933

-1.1241 0.343933
-1.1239 0.344122

-1.1239 0.344123
-1.12378 0.344238

-1.12378 0.344238
-1.1236 0.34442

-1.1236 0.344421
-1.12347 0.344543

-1.12347 0.344543
-1.12329 0.344718

-1.12329 0.344718
-1.12316 0.344849

-1.12316 0.344849
-1.12299 0.345015

-1.12299 0.345016
-1.12284 0.345154

-1.12284 0.345154
-1.12268 0.345313

-1.12268 0.345313
-1.12253 0.345459

-1.12253 0.345459
-1.12238 0.34561

-1.12238 0.34561
-1.12222 0.345764

-1.12222 0.345764
-1.12207 0.345907

-1.12207 0.345907
-1.1219 0.346069

-1.1219 0.346069
-1.12177 0.346204

-1.12177 0.346204
-1.12159 0.346375

-1.12159 0.346375
-1.12146 0.3465

-1.12146 0.346501
-1.12128 0.34668

-1.12128 0.34668
-1.12115 0.346797

-1.12115 0.346798
-1.12096 0.346985

-1.12096 0.346985
-1.12085 0.347093

-1.12085 0.347094
-1.12065 0.34729

-1.12065 0.34729
-1.12054 0.34739

-1.12054 0.347391
-1.12033 0.347595

-1.12033 0.347595
-1.12024 0.347686

-1.12024 0.347687
-1.12002 0.3479

-1.12002 0.3479
-1.11993 0.347982

-1.11993 0.347983
-1.1197 0.348206

-1.1197 0.348206
-1.11963 0.348278

-1.11963 0.348279
-1.11939 0.348511

-1.11939 0.348511
-1.11932 0.348574

-1.11932 0.348574
-1.11907 0.348816

-1.11907 0.348816
-1.11902 0.348869

-1.11902 0.34887
-1.11876 0.349121

-1.11876 0.349121
-1.11871 0.349165

-1.11871 0.349165
-1.11844 0.349426

-1.11844 0.349426
-1.11841 0.34946

-1.11841 0.34946
-1.11813 0.349731

-1.11813 0.349731
-1.1181 0.349755

-1.1181 0.349755
-1.11781 0.350037

-1.11781 0.350037
-1.1178 0.35005

-1.1178 0.35005
-1.1175 0.350342

-1.1175 0.350342
-1.11749 0.350345

-1.11749 0.350345
-1.11719 0.35064

-1.11719 0.35064
-1.11718 0.350647

-1.11718 0.350647
-1.11688 0.350935

-1.11688 0.350935
-1.11686 0.350952

-1.11686 0.350952
-1.11658 0.351229

-1.11658 0.351229
-1.11655 0.351257

-1.11655 0.351257
-1.11627 0.351523

-1.11627 0.351523
-1.11623 0.351562

-1.11623 0.351562
-1.11597 0.351817

-1.11597 0.351818
-1.11591 0.351868

-1.11592 0.351868
-1.11566 0.352111

-1.11566 0.352112
-1.1156 0.352173

-1.1156 0.352173
-1.11536 0.352405

-1.11536 0.352406
-1.11528 0.352478

-1.11528 0.352478
-1.11505 0.352699

-1.11505 0.3527
-1.11496 0.352783

-1.11496 0.352783
-1.11475 0.352992

-1.11475 0.352993
-1.11465 0.353088

-1.11465 0.353088
-1.11444 0.353286

-1.11444 0.353287
-1.11433 0.353394

-1.11433 0.353394
-1.11414 0.353579

-1.11414 0.35358
-1.11401 0.353699

-1.11401 0.353699
-1.11383 0.353873

-1.11383 0.353874
-1.11369 0.354004

-1.11369 0.354004
-1.11353 0.354166

-1.11353 0.354167
-1.11338 0.354309

-1.11338 0.354309
-1.11322 0.354459

-1.11322 0.35446
-1.11306 0.354614

-1.11306 0.354614
-1.11292 0.354752

-1.11292 0.354753
-1.11274 0.354919

-1.11274 0.354919
-1.11261 0.355044

-1.11261 0.355045
-1.11242 0.355225

-1.11242 0.355225
-1.1123 0.355337

-1.1123 0.355338
-1.1121 0.35553

-1.1121 0.35553
-1.112 0.35563

-1.112 0.355631
-1.11178 0.355835

-1.11179 0.355835
-1.11169 0.355922

-1.11169 0.355923
-1.11147 0.35614

-1.11147 0.35614
-1.11139 0.356214

-1.11139 0.356215
-1.11115 0.356445

-1.11115 0.356445
-1.11108 0.356506

-1.11108 0.356507
-1.11083 0.35675

-1.11083 0.35675
-1.11078 0.356798

-1.11078 0.356798
-1.11051 0.357056

-1.11051 0.357056
-1.11047 0.35709

-1.11047 0.35709
-1.11019 0.357361

-1.11019 0.357361
-1.11017 0.357381

-1.11017 0.357382
-1.10987 0.357666

-1.10987 0.357666
-1.10986 0.357673

-1.10986 0.357673
-1.10956 0.357965

-1.10956 0.357965
-1.10955 0.357971

-1.10955 0.357971
-1.10925 0.358256

-1.10925 0.358256
-1.10923 0.358276

-1.10923 0.358276
-1.10895 0.358547

-1.10895 0.358547
-1.10891 0.358582

-1.10891 0.358582
-1.10864 0.358838

-1.10864 0.358838
-1.10859 0.358887

-1.10859 0.358887
-1.10834 0.359128

-1.10834 0.359129
-1.10827 0.359192

-1.10827 0.359192
-1.10803 0.359419

-1.10803 0.35942
-1.10795 0.359497

-1.10795 0.359497
-1.10773 0.359709

-1.10773 0.35971
-1.10763 0.359802

-1.10763 0.359802
-1.10742 0.36

-1.10742 0.360001
-1.10731 0.360107

-1.10731 0.360107
-1.10712 0.36029

-1.10712 0.360291
-1.10699 0.360413

-1.10699 0.360413
-1.10681 0.36058

-1.10681 0.360581
-1.10667 0.360718

-1.10667 0.360718
-1.10651 0.36087

-1.10651 0.360872
-1.10635 0.361023

-1.10635 0.361023
-1.1062 0.36116

-1.1062 0.361162
-1.10602 0.361328

-1.10603 0.361328
-1.1059 0.36145

-1.1059 0.361451
-1.1057 0.361633

-1.1057 0.361633
-1.10559 0.36174

-1.10559 0.361741
-1.10538 0.361938

-1.10538 0.361938
-1.10529 0.362029

-1.10529 0.362031
-1.10506 0.362244

-1.10506 0.362244
-1.10498 0.362319

-1.10498 0.36232
-1.10474 0.362549

-1.10474 0.362549
-1.10468 0.362608

-1.10468 0.362609
-1.10442 0.362854

-1.10442 0.362854
-1.10437 0.362897

-1.10437 0.362898
-1.10409 0.363159

-1.10409 0.363159
-1.10406 0.363186

-1.10406 0.363187
-1.10377 0.363464

-1.10377 0.363464
-1.10376 0.363475

-1.10376 0.363476
-1.10345 0.363764

-1.10345 0.363764
-1.10345 0.36377

-1.10345 0.36377
-1.10315 0.364053

-1.10315 0.364053
-1.10313 0.364075

-1.10313 0.364075
-1.10284 0.364342

-1.10284 0.364342
-1.1028 0.36438

-1.1028 0.36438
-1.10254 0.36463

-1.10254 0.36463
-1.10248 0.364685

-1.10248 0.364685
-1.10223 0.364918

-1.10223 0.364918
-1.10216 0.36499

-1.10216 0.36499
-1.10193 0.365205

-1.10193 0.365207
-1.10183 0.365295

-1.10184 0.365295
-1.10162 0.365493

-1.10162 0.365495
-1.10151 0.365601

-1.10151 0.365601
-1.10132 0.365781

-1.10132 0.365783
-1.10119 0.365906

-1.10119 0.365906
-1.10101 0.366069

-1.10101 0.366071
-1.10086 0.366211

-1.10086 0.366211
-1.10071 0.366357

-1.10071 0.366358
-1.10054 0.366516

-1.10054 0.366516
-1.1004 0.366645

-1.1004 0.366646
-1.10022 0.366821

-1.10022 0.366821
-1.1001 0.366932

-1.1001 0.366933
-1.09989 0.367126

-1.09989 0.367126
-1.09979 0.367219

-1.09979 0.367221
-1.09957 0.367432

-1.09957 0.367432
-1.09949 0.367506

-1.09949 0.367507
-1.09924 0.367737

-1.09924 0.367737
-1.09918 0.367793

-1.09918 0.367794
-1.09892 0.368042

-1.09892 0.368042
-1.09888 0.36808

-1.09888 0.368081
-1.09859 0.368347

-1.09859 0.368347
-1.09857 0.368367

-1.09857 0.368367
-1.09827 0.368652

-1.09827 0.368652
-1.09827 0.368654

-1.09827 0.368654
-1.09796 0.368941

-1.09796 0.368941
-1.09794 0.368958

-1.09794 0.368958
-1.09766 0.369227

-1.09766 0.369227
-1.09762 0.369263

-1.09762 0.369263
-1.09735 0.369513

-1.09735 0.369513
-1.09729 0.369568

-1.09729 0.369568
-1.09705 0.369799

-1.09705 0.3698
-1.09697 0.369873

-1.09697 0.369873
-1.09674 0.370084

-1.09674 0.370086
-1.09664 0.370178

-1.09664 0.370178
-1.09644 0.37037

-1.09644 0.370372
-1.09632 0.370483

-1.09632 0.370483
-1.09613 0.370656

-1.09613 0.370658
-1.09599 0.370789

-1.09599 0.370789
-1.09583 0.370942

-1.09583 0.370943
-1.09566 0.371094

-1.09566 0.371094
-1.09552 0.371228

-1.09552 0.371229
-1.09534 0.371399

-1.09534 0.371399
-1.09521 0.371513

-1.09521 0.371515
-1.09501 0.371704

-1.09501 0.371704
-1.09491 0.371798

-1.09491 0.3718
-1.09468 0.372009

-1.09468 0.372009
-1.0946 0.372084

-1.0946 0.372085
-1.09436 0.372314

-1.09436 0.372314
-1.0943 0.372369

-1.0943 0.372369
-1.09403 0.37262

-1.09403 0.37262
-1.09399 0.372654

-1.09399 0.372654
-1.0937 0.372925

-1.0937 0.372925
-1.09369 0.372939

-1.09369 0.372939
-1.09338 0.373224

-1.09338 0.373224
-1.09338 0.37323

-1.09338 0.37323
-1.09308 0.373508

-1.09308 0.373508
-1.09305 0.373535

-1.09305 0.373535
-1.09277 0.373793

-1.09277 0.373793
-1.09272 0.37384

-1.09272 0.37384
-1.09247 0.374077

-1.09247 0.374077
-1.09239 0.374146

-1.0924 0.374146
-1.09216 0.37436

-1.09216 0.374361
-1.09207 0.374451

-1.09207 0.374451
-1.09186 0.374644

-1.09186 0.374646
-1.09174 0.374756

-1.09174 0.374756
-1.09155 0.374928

-1.09155 0.37493
-1.09141 0.375061

-1.09141 0.375061
-1.09125 0.375212

-1.09125 0.375214
-1.09108 0.375366

-1.09108 0.375366
-1.09094 0.375496

-1.09094 0.375498
-1.09075 0.375671

-1.09075 0.375671
-1.09064 0.37578

-1.09064 0.375782
-1.09042 0.375977

-1.09043 0.375977
-1.09033 0.376063

-1.09033 0.376065
-1.0901 0.376282

-1.0901 0.376282
-1.09003 0.376347

-1.09003 0.376347
-1.08977 0.376587

-1.08977 0.376587
-1.08972 0.37663

-1.08972 0.37663
-1.08944 0.376892

-1.08944 0.376892
-1.08942 0.376913

-1.08942 0.376914
-1.08911 0.377197

-1.08911 0.377197
-1.08911 0.377197

-1.08911 0.377197
-1.08881 0.37748

-1.08881 0.37748
-1.08878 0.377502

-1.08878 0.377502
-1.0885 0.377762

-1.0885 0.377762
-1.08845 0.377808

-1.08845 0.377808
-1.0882 0.378045

-1.0882 0.378045
-1.08812 0.378113

-1.08812 0.378113
-1.08789 0.378327

-1.08789 0.378328
-1.08779 0.378418

-1.08779 0.378418
-1.08759 0.378609

-1.08759 0.378611
-1.08746 0.378723

-1.08746 0.378723
-1.08728 0.378891

-1.08728 0.378893
-1.08713 0.379028

-1.08713 0.379028
-1.08698 0.379174

-1.08698 0.379175
-1.0868 0.379333

-1.0868 0.379333
-1.08667 0.379456

-1.08667 0.379458
-1.08647 0.379639

-1.08647 0.379639
-1.08636 0.379738

-1.08636 0.37974
-1.08614 0.379944

-1.08614 0.379944
-1.08606 0.38002

-1.08606 0.380021
-1.08581 0.380249

-1.08581 0.380249
-1.08575 0.380302

-1.08575 0.380302
-1.08548 0.380554

-1.08548 0.380554
-1.08545 0.380584

-1.08545 0.380584
-1.08515 0.380859

-1.08515 0.380859
-1.08514 0.380865

-1.08514 0.380865
-1.08484 0.381147

-1.08484 0.381147
-1.08482 0.381165

-1.08482 0.381165
-1.08453 0.381428

-1.08453 0.381428
-1.08449 0.38147

-1.08449 0.38147
-1.08423 0.381709

-1.08423 0.381709
-1.08416 0.381775

-1.08416 0.381775
-1.08392 0.38199

-1.08392 0.381991
-1.08383 0.38208

-1.08383 0.38208
-1.08362 0.38227

-1.08362 0.382272
-1.08349 0.382385

-1.0835 0.382385
-1.08331 0.382551

-1.08331 0.382553
-1.08316 0.38269

-1.08316 0.38269
-1.08301 0.382832

-1.08301 0.382834
-1.08283 0.382996

-1.08283 0.382996
-1.0827 0.383113

-1.0827 0.383115
-1.0825 0.383301

-1.0825 0.383301
-1.0824 0.383394

-1.0824 0.383395
-1.08217 0.383606

-1.08217 0.383606
-1.08209 0.383674

-1.08209 0.383675
-1.08183 0.383911

-1.08183 0.383911
-1.08179 0.383954

-1.08179 0.383955
-1.0815 0.384216

-1.0815 0.384216
-1.08148 0.384235

-1.08148 0.384235
-1.08118 0.384515

-1.08118 0.384515
-1.08117 0.384521

-1.08117 0.384521
-1.08087 0.384795

-1.08087 0.384795
-1.08084 0.384827

-1.08084 0.384827
-1.08057 0.385075

-1.08057 0.385075
-1.0805 0.385132

-1.0805 0.385132
-1.08026 0.385354

-1.08026 0.385355
-1.08017 0.385437

-1.08017 0.385437
-1.07996 0.385633

-1.07996 0.385635
-1.07984 0.385742

-1.07984 0.385742
-1.07965 0.385913

-1.07965 0.385914
-1.0795 0.386047

-1.07951 0.386047
-1.07935 0.386192

-1.07935 0.386194
-1.07917 0.386353

-1.07917 0.386353
-1.07904 0.386472

-1.07904 0.386474
-1.07884 0.386658

-1.07884 0.386658
-1.07874 0.386751

-1.07874 0.386752
-1.0785 0.386963

-1.0785 0.386963
-1.07843 0.38703

-1.07843 0.387031
-1.07817 0.387268

-1.07817 0.387268
-1.07812 0.387309

-1.07812 0.38731
-1.07784 0.387573

-1.07784 0.387573
-1.07782 0.387588

-1.07782 0.387588
-1.07751 0.387867

-1.07751 0.387867
-1.0775 0.387878

-1.0775 0.387878
-1.07721 0.388146

-1.07721 0.388146
-1.07717 0.388184

-1.07717 0.388184
-1.0769 0.388424

-1.0769 0.388424
-1.07683 0.388489

-1.07683 0.388489
-1.0766 0.388702

-1.0766 0.388703
-1.0765 0.388794

-1.0765 0.388794
-1.07629 0.38898

-1.07629 0.388982
-1.07616 0.389099

-1.07617 0.389099
-1.07599 0.389258

-1.07599 0.38926
-1.07583 0.389404

-1.07583 0.389404
-1.07568 0.389537

-1.07568 0.389539
-1.07549 0.389709

-1.07549 0.389709
-1.07538 0.389815

-1.07538 0.389816
-1.07516 0.390015

-1.07516 0.390015
-1.07507 0.390093

-1.07507 0.390094
-1.07482 0.39032

-1.07482 0.39032
-1.07477 0.390371

-1.07477 0.390371
-1.07449 0.390625

-1.07449 0.390625
-1.07446 0.390648

-1.07446 0.390649
-1.07416 0.390926

-1.07416 0.390926
-1.07415 0.39093

-1.07415 0.39093
-1.07385 0.391204

-1.07385 0.391204
-1.07382 0.391235

-1.07382 0.391235
-1.07355 0.391481

-1.07355 0.391481
-1.07348 0.391541

-1.07348 0.391541
-1.07324 0.391758

-1.07324 0.391759
-1.07315 0.391846

-1.07315 0.391846
-1.07294 0.392034

-1.07294 0.392036
-1.07281 0.392151

-1.07281 0.392151
-1.07263 0.392311

-1.07263 0.392314
-1.07247 0.392456

-1.07247 0.392456
-1.07233 0.392589

-1.07233 0.392591
-1.07214 0.392761

-1.07214 0.392761
-1.07202 0.392866

-1.07202 0.392867
-1.0718 0.393066

-1.0718 0.393066
-1.07172 0.393142

-1.07172 0.393143
-1.07146 0.393372

-1.07146 0.393372
-1.07141 0.393419

-1.07141 0.39342
-1.07113 0.393677

-1.07113 0.393677
-1.07111 0.393696

-1.07111 0.393696
-1.0708 0.393973

-1.0708 0.393973
-1.07079 0.393982

-1.07079 0.393982
-1.0705 0.394249

-1.0705 0.394249
-1.07045 0.394287

-1.07045 0.394287
-1.07019 0.394525

-1.07019 0.394525
-1.07012 0.394592

-1.07012 0.394592
-1.06989 0.394801

-1.06989 0.394802
-1.06978 0.394897

-1.06978 0.394897
-1.06958 0.395076

-1.06958 0.395078
-1.06944 0.395203

-1.06944 0.395203
-1.06927 0.395352

-1.06927 0.395354
-1.0691 0.395508

-1.0691 0.395508
-1.06897 0.395628

-1.06897 0.39563
-1.06876 0.395813

-1.06877 0.395813
-1.06866 0.395904

-1.06866 0.395905
-1.06843 0.396118

-1.06843 0.396118
-1.06836 0.39618

-1.06836 0.39618
-1.06809 0.396423

-1.06809 0.396423
-1.06805 0.396455

-1.06805 0.396456
-1.06775 0.396729

-1.06775 0.396729
-1.06775 0.396731

-1.06775 0.396731
-1.06744 0.397006

-1.06744 0.397006
-1.06741 0.397034

-1.06741 0.397034
-1.06714 0.397282

-1.06714 0.397282
-1.06708 0.397339

-1.06708 0.397339
-1.06683 0.397556

-1.06683 0.397557
-1.06674 0.397644

-1.06674 0.397644
-1.06653 0.397831

-1.06653 0.397832
-1.0664 0.397949

-1.0664 0.397949
-1.06622 0.398105

-1.06622 0.398108
-1.06606 0.398254

-1.06606 0.398254
-1.06592 0.39838

-1.06592 0.398383
-1.06572 0.39856

-1.06572 0.39856
-1.06561 0.398655

-1.06561 0.398657
-1.06538 0.398865

-1.06538 0.398865
-1.06531 0.39893

-1.06531 0.398931
-1.06504 0.39917

-1.06504 0.39917
-1.065 0.399205

-1.065 0.399205
-1.0647 0.399475

-1.0647 0.399475
-1.0647 0.399479

-1.0647 0.399479
-1.06439 0.399754

-1.06439 0.399754
-1.06436 0.39978

-1.06436 0.39978
-1.06409 0.400028

-1.06409 0.400028
-1.06402 0.400085

-1.06402 0.400085
-1.06378 0.400302

-1.06378 0.400302
-1.06368 0.400391

-1.06368 0.400391
-1.06348 0.400575

-1.06348 0.400577
-1.06334 0.400696

-1.06334 0.400696
-1.06317 0.400849

-1.06317 0.400851
-1.063 0.401001

-1.063 0.401001
-1.06287 0.401123

-1.06287 0.401125
-1.06266 0.401306

-1.06266 0.401306
-1.06256 0.401397

-1.06256 0.401398
-1.06232 0.401611

-1.06232 0.401611
-1.06226 0.401671

-1.06226 0.401671
-1.06198 0.401917

-1.06198 0.401917
-1.06195 0.401944

-1.06195 0.401945
-1.06165 0.402218

-1.06165 0.402218
-1.06164 0.402222

-1.06164 0.402222
-1.06134 0.402491

-1.06134 0.402491
-1.0613 0.402527

-1.0613 0.402527
-1.06104 0.402765

-1.06104 0.402765
-1.06096 0.402832

-1.06096 0.402832
-1.06073 0.403037

-1.06073 0.403038
-1.06062 0.403137

-1.06062 0.403137
-1.06042 0.403309

-1.06042 0.403312
-1.06028 0.403442

-1.06028 0.403442
-1.06012 0.403583

-1.06012 0.403585
-1.05994 0.403748

-1.05994 0.403748
-1.05981 0.403856

-1.05981 0.403857
-1.05959 0.404053

-1.05959 0.404053
-1.05951 0.404129

-1.05951 0.404129
-1.05925 0.404358

-1.05925 0.404358
-1.0592 0.404401

-1.0592 0.404402
-1.05891 0.404663

-1.05891 0.404663
-1.0589 0.404674

-1.0589 0.404674
-1.05859 0.404947

-1.05859 0.404947
-1.05857 0.404968

-1.05857 0.404968
-1.05829 0.405219

-1.05829 0.405219
-1.05823 0.405273

-1.05823 0.405273
-1.05798 0.405491

-1.05798 0.405492
-1.05789 0.405579

-1.05789 0.405579
-1.05768 0.405763

-1.05768 0.405764
-1.05754 0.405884

-1.05754 0.405884
-1.05737 0.406035

-1.05737 0.406037
-1.0572 0.406189

-1.0572 0.406189
-1.05707 0.406307

-1.05707 0.406309
-1.05686 0.406494

-1.05686 0.406494
-1.05676 0.406579

-1.05676 0.40658
-1.05652 0.406799

-1.05652 0.406799
-1.05646 0.406851

-1.05646 0.406851
-1.05617 0.407104

-1.05617 0.407104
-1.05615 0.407123

-1.05615 0.407123
-1.05585 0.407395

-1.05585 0.407395
-1.05583 0.40741

-1.05583 0.40741
-1.05554 0.407666

-1.05554 0.407666
-1.05549 0.407715

-1.05549 0.407715
-1.05524 0.407938

-1.05524 0.407938
-1.05514 0.40802

-1.05515 0.40802
-1.05493 0.408208

-1.05493 0.40821
-1.0548 0.408325

-1.0548 0.408325
-1.05463 0.408479

-1.05463 0.408481
-1.05446 0.40863

-1.05446 0.40863
-1.05432 0.408751

-1.05432 0.408752
-1.05411 0.408936

-1.05411 0.408936
-1.05402 0.409022

-1.05402 0.409023
-1.05377 0.409241

-1.05377 0.409241
-1.05371 0.409293

-1.05371 0.409293
-1.05343 0.409546

-1.05343 0.409546
-1.05341 0.409564

-1.05341 0.409564
-1.0531 0.409835

-1.0531 0.409835
-1.05308 0.409851

-1.05308 0.409851
-1.0528 0.410106

-1.0528 0.410106
-1.05274 0.410156

-1.05274 0.410156
-1.05249 0.410376

-1.05249 0.410377
-1.05239 0.410461

-1.0524 0.410461
-1.05219 0.410646

-1.05219 0.410648
-1.05205 0.410767

-1.05205 0.410767
-1.05188 0.410916

-1.05188 0.410919
-1.0517 0.411072

-1.05171 0.411072
-1.05157 0.411187

-1.05157 0.411189
-1.05136 0.411377

-1.05136 0.411377
-1.05127 0.411457

-1.05127 0.411458
-1.05102 0.411682

-1.05102 0.411682
-1.05096 0.411728

-1.05096 0.411728
-1.05067 0.411987

-1.05067 0.411987
-1.05066 0.411998

-1.05066 0.411998
-1.05035 0.412268

-1.05035 0.412268
-1.05033 0.412292

-1.05033 0.412292
-1.05005 0.412538

-1.05005 0.412538
-1.04998 0.412598

-1.04998 0.412598
-1.04974 0.412808

-1.04974 0.412808
-1.04964 0.412903

-1.04964 0.412903
-1.04944 0.413077

-1.04944 0.413079
-1.04929 0.413208

-1.04929 0.413208
-1.04913 0.413346

-1.04913 0.413349
-1.04894 0.413513

-1.04895 0.413513
-1.04883 0.413616

-1.04883 0.413617
-1.0486 0.413818

-1.0486 0.413818
-1.04852 0.413886

-1.04852 0.413886
-1.04825 0.414124

-1.04825 0.414124
-1.04822 0.414155

-1.04822 0.414156
-1.04791 0.414425

-1.04791 0.414425
-1.04791 0.414429

-1.04791 0.414429
-1.04761 0.414694

-1.04761 0.414694
-1.04756 0.414734

-1.04756 0.414734
-1.0473 0.414963

-1.0473 0.414963
-1.04722 0.415039

-1.04722 0.415039
-1.047 0.415232

-1.047 0.415233
-1.04687 0.415344

-1.04687 0.415344
-1.04669 0.4155

-1.04669 0.415503
-1.04652 0.415649

-1.04652 0.415649
-1.04639 0.415769

-1.04639 0.415771
-1.04618 0.415955

-1.04618 0.415955
-1.04608 0.416038

-1.04608 0.416039
-1.04583 0.41626

-1.04583 0.41626
-1.04578 0.416307

-1.04578 0.416308
-1.04548 0.416565

-1.04548 0.416565
-1.04547 0.416576

-1.04547 0.416576
-1.04517 0.416845

-1.04517 0.416845
-1.04514 0.41687

-1.04514 0.41687
-1.04486 0.417113

-1.04486 0.417113
-1.04479 0.417175

-1.04479 0.417175
-1.04456 0.417381

-1.04456 0.417382
-1.04444 0.41748

-1.04444 0.41748
-1.04425 0.417648

-1.04425 0.417651
-1.0441 0.417786

-1.0441 0.417786
-1.04395 0.417917

-1.04395 0.417919
-1.04375 0.418091

-1.04375 0.418091
-1.04364 0.418185

-1.04364 0.418186
-1.0434 0.418396

-1.0434 0.418396
-1.04333 0.418453

-1.04333 0.418454
-1.04305 0.418701

-1.04305 0.418701
-1.04303 0.418721

-1.04303 0.418722
-1.04272 0.41899

-1.04272 0.41899
-1.04271 0.419006

-1.04271 0.419006
-1.04242 0.419257

-1.04242 0.419257
-1.04236 0.419312

-1.04236 0.419312
-1.04211 0.419525

-1.04211 0.419525
-1.04201 0.419617

-1.04201 0.419617
-1.04181 0.419792

-1.04181 0.419794
-1.04166 0.419922

-1.04166 0.419922
-1.0415 0.420059

-1.0415 0.420062
-1.04131 0.420227

-1.04131 0.420227
-1.0412 0.420327

-1.0412 0.420328
-1.04097 0.420532

-1.04096 0.420532
-1.04089 0.420594

-1.04089 0.420595
-1.04062 0.420837

-1.04062 0.420837
-1.04059 0.420862

-1.04059 0.420862
-1.04028 0.421129

-1.04028 0.421129
-1.04027 0.421143

-1.04027 0.421143
-1.03998 0.421396

-1.03998 0.421396
-1.03992 0.421448

-1.03992 0.421448
-1.03967 0.421663

-1.03967 0.421664
-1.03957 0.421753

-1.03957 0.421753
-1.03937 0.421929

-1.03937 0.421931
-1.03922 0.422058

-1.03922 0.422058
-1.03906 0.422196

-1.03906 0.422199
-1.03887 0.422363

-1.03887 0.422363
-1.03876 0.422463

-1.03876 0.422464
-1.03852 0.422668

-1.03852 0.422668
-1.03845 0.42273

-1.03845 0.422731
-1.03817 0.422974

-1.03817 0.422974
-1.03815 0.422997

-1.03815 0.422997
-1.03784 0.423264

-1.03784 0.423264
-1.03782 0.423279

-1.03782 0.423279
-1.03754 0.42353

-1.03754 0.42353
-1.03747 0.423584

-1.03748 0.423584
-1.03723 0.423796

-1.03723 0.423797
-1.03713 0.423889

-1.03713 0.423889
-1.03693 0.424062

-1.03693 0.424064
-1.03677 0.424194

-1.03678 0.424194
-1.03662 0.424328

-1.03662 0.42433
-1.03642 0.4245

-1.03643 0.4245
-1.03632 0.424594

-1.03632 0.424595
-1.03608 0.424805

-1.03607 0.424805
-1.03601 0.42486

-1.03601 0.424861
-1.03573 0.42511

-1.03572 0.42511
-1.03571 0.425126

-1.03571 0.425127
-1.0354 0.425393

-1.0354 0.425393
-1.03537 0.425415

-1.03537 0.425415
-1.0351 0.425659

-1.0351 0.425659
-1.03502 0.42572

-1.03502 0.42572
-1.03479 0.425924

-1.03479 0.425925
-1.03467 0.426025

-1.03468 0.426025
-1.03448 0.426189

-1.03448 0.426191
-1.03432 0.426331

-1.03432 0.426331
-1.03418 0.426455

-1.03418 0.426457
-1.03397 0.426636

-1.03397 0.426636
-1.03387 0.42672

-1.03387 0.426721
-1.03362 0.426941

-1.03362 0.426941
-1.03357 0.426986

-1.03357 0.426987
-1.03327 0.427246

-1.03327 0.427246
-1.03326 0.427251

-1.03326 0.427252
-1.03296 0.427517

-1.03296 0.427517
-1.03292 0.427551

-1.03292 0.427551
-1.03265 0.427782

-1.03265 0.427782
-1.03257 0.427856

-1.03257 0.427856
-1.03235 0.428047

-1.03235 0.428048
-1.03222 0.428162

-1.03222 0.428162
-1.03204 0.428311

-1.03204 0.428314
-1.03186 0.428467

-1.03187 0.428467
-1.03174 0.428576

-1.03174 0.428578
-1.03151 0.428772

-1.03151 0.428772
-1.03143 0.428841

-1.03143 0.428842
-1.03116 0.429077

-1.03116 0.429077
-1.03113 0.429106

-1.03113 0.429107
-1.03082 0.429372

-1.03082 0.429372
-1.03081 0.429382

-1.03081 0.429382
-1.03052 0.429636

-1.03052 0.429636
-1.03046 0.429688

-1.03046 0.429688
-1.03021 0.429901

-1.03021 0.429901
-1.03011 0.429993

-1.03011 0.429993
-1.02991 0.430164

-1.02991 0.430166
-1.02975 0.430298

-1.02975 0.430298
-1.0296 0.430428

-1.0296 0.430431
-1.0294 0.430603

-1.0294 0.430603
-1.0293 0.430693

-1.0293 0.430694
-1.02905 0.430908

-1.02905 0.430908
-1.02899 0.430957

-1.02899 0.430958
-1.0287 0.431213

-1.0287 0.431213
-1.02869 0.431222

-1.02869 0.431222
-1.02838 0.431486

-1.02838 0.431486
-1.02834 0.431519

-1.02834 0.431519
-1.02808 0.43175

-1.02808 0.431751
-1.02799 0.431824

-1.02799 0.431824
-1.02777 0.432014

-1.02777 0.432015
-1.02764 0.432129

-1.02764 0.432129
-1.02747 0.432277

-1.02747 0.43228
-1.02728 0.432434

-1.02729 0.432434
-1.02716 0.432541

-1.02716 0.432542
-1.02693 0.432739

-1.02693 0.432739
-1.02686 0.432805

-1.02686 0.432806
-1.02658 0.433044

-1.02658 0.433044
-1.02655 0.433069

-1.02655 0.433069
-1.02625 0.433333

-1.02625 0.433333
-1.02623 0.43335

-1.02623 0.43335
-1.02594 0.433596

-1.02594 0.433597
-1.02587 0.433655

-1.02587 0.433655
-1.02563 0.43386

-1.02563 0.43386
-1.02552 0.43396

-1.02552 0.43396
-1.02533 0.434122

-1.02533 0.434125
-1.02516 0.434265

-1.02517 0.434265
-1.02502 0.434385

-1.02502 0.434387
-1.02481 0.43457

-1.02481 0.43457
-1.02472 0.434649

-1.02472 0.43465
-1.02446 0.434875

-1.02446 0.434875
-1.02441 0.434912

-1.02441 0.434913
-1.02411 0.435176

-1.02411 0.435176
-1.0241 0.435181

-1.0241 0.435181
-1.0238 0.435439

-1.0238 0.435439
-1.02375 0.435486

-1.02375 0.435486
-1.0235 0.435702

-1.0235 0.435702
-1.02339 0.435791

-1.0234 0.435791
-1.02319 0.435964

-1.02319 0.435966
-1.02304 0.436096

-1.02304 0.436096
-1.02289 0.436226

-1.02289 0.436228
-1.02269 0.436401

-1.02269 0.436401
-1.02258 0.436489

-1.02258 0.43649
-1.02233 0.436707

-1.02233 0.436707
-1.02228 0.436752

-1.02228 0.436753
-1.02198 0.437012

-1.02198 0.437012
-1.02197 0.437015

-1.02197 0.437015
-1.02167 0.437278

-1.02167 0.437278
-1.02162 0.437317

-1.02162 0.437317
-1.02136 0.43754

-1.02136 0.43754
-1.02127 0.437622

-1.02127 0.437622
-1.02106 0.437802

-1.02106 0.437803
-1.02091 0.437927

-1.02091 0.437927
-1.02075 0.438063

-1.02075 0.438066
-1.02056 0.438232

-1.02056 0.438232
-1.02045 0.438326

-1.02045 0.438327
-1.0202 0.438538

-1.0202 0.438538
-1.02014 0.438588

-1.02014 0.438589
-1.01985 0.438843

-1.01985 0.438843
-1.01984 0.43885

-1.01984 0.438851
-1.01953 0.439113

-1.01953 0.439113
-1.01949 0.439148

-1.01949 0.439148
-1.01923 0.439375

-1.01923 0.439375
-1.01913 0.439453

-1.01914 0.439453
-1.01892 0.439636

-1.01892 0.439638
-1.01878 0.439758

-1.01878 0.439758
-1.01862 0.439897

-1.01862 0.4399
-1.01842 0.440063

-1.01842 0.440063
-1.01831 0.440159

-1.01831 0.44016
-1.01807 0.440369

-1.01807 0.440369
-1.01801 0.440421

-1.01801 0.440422
-1.01771 0.440674

-1.01771 0.440674
-1.0177 0.440683

-1.0177 0.440683
-1.0174 0.440945

-1.0174 0.440945
-1.01736 0.440979

-1.01736 0.440979
-1.01709 0.441206

-1.01709 0.441207
-1.017 0.441284

-1.017 0.441284
-1.01678 0.441467

-1.01678 0.441469
-1.01664 0.441589

-1.01664 0.441589
-1.01648 0.441728

-1.01648 0.44173
-1.01629 0.441895

-1.01629 0.441895
-1.01617 0.441989

-1.01617 0.44199
-1.01593 0.4422

-1.01593 0.4422
-1.01587 0.442251

-1.01587 0.442251
-1.01557 0.442505

-1.01557 0.442505
-1.01556 0.442512

-1.01556 0.442512
-1.01526 0.442773

-1.01526 0.442773
-1.01522 0.44281

-1.01522 0.44281
-1.01495 0.443034

-1.01495 0.443035
-1.01486 0.443115

-1.01486 0.443115
-1.01465 0.443295

-1.01465 0.443296
-1.0145 0.44342

-1.0145 0.44342
-1.01434 0.443555

-1.01434 0.443557
-1.01414 0.443726

-1.01414 0.443726
-1.01404 0.443816

-1.01404 0.443817
-1.01379 0.444031

-1.01379 0.444031
-1.01373 0.444077

-1.01373 0.444077
-1.01343 0.444336

-1.01343 0.444336
-1.01343 0.444337

-1.01343 0.444338
-1.01312 0.444599

-1.01312 0.444599
-1.01307 0.444641

-1.01307 0.444641
-1.01282 0.444859

-1.01282 0.44486
-1.01271 0.444946

-1.01272 0.444946
-1.01251 0.445119

-1.01251 0.445121
-1.01236 0.445251

-1.01236 0.445251
-1.01221 0.445379

-1.01221 0.445381
-1.012 0.445557

-1.012 0.445557
-1.0119 0.445639

-1.0119 0.44564
-1.01164 0.445862

-1.01164 0.445862
-1.0116 0.4459

-1.0116 0.4459
-1.01129 0.446161

-1.01129 0.446161
-1.01128 0.446167

-1.01128 0.446167
-1.01099 0.446421

-1.01099 0.446421
-1.01093 0.446472

-1.01093 0.446472
-1.01068 0.446681

-1.01068 0.446681
-1.01057 0.446777

-1.01057 0.446777
-1.01038 0.44694

-1.01038 0.446942
-1.01021 0.447083

-1.01021 0.447083
-1.01007 0.447199

-1.01007 0.447201
-1.00985 0.447388

-1.00985 0.447388
-1.00977 0.447459

-1.00977 0.44746
-1.00949 0.447693

-1.00949 0.447693
-1.00946 0.447719

-1.00946 0.44772
-1.00916 0.44798

-1.00916 0.44798
-1.00913 0.447998

-1.00913 0.447998
-1.00885 0.448239

-1.00885 0.44824
-1.00877 0.448303

-1.00878 0.448303
-1.00854 0.448499

-1.00854 0.4485
-1.00842 0.448608

-1.00842 0.448608
-1.00824 0.448757

-1.00824 0.44876
-1.00806 0.448914

-1.00806 0.448914
-1.00793 0.449017

-1.00793 0.449018
-1.0077 0.449219

-1.0077 0.449219
-1.00763 0.449277

-1.00763 0.449277
-1.00734 0.449524

-1.00734 0.449524
-1.00732 0.449536

-1.00732 0.449537
-1.00702 0.449796

-1.00702 0.449796
-1.00698 0.449829

-1.00698 0.449829
-1.00671 0.450055

-1.00671 0.450055
-1.00662 0.450134

-1.00662 0.450134
-1.00641 0.450314

-1.00641 0.450315
-1.00626 0.450439

-1.00626 0.450439
-1.0061 0.450572

-1.0061 0.450574
-1.0059 0.450745

-1.0059 0.450745
-1.0058 0.450831

-1.0058 0.450832
-1.00554 0.45105

-1.00554 0.45105
-1.00549 0.45109

-1.00549 0.451091
-1.00519 0.45135

-1.00519 0.45135
-1.00518 0.451355

-1.00518 0.451355
-1.00488 0.451609

-1.00488 0.451609
-1.00482 0.45166

-1.00482 0.45166
-1.00458 0.451868

-1.00458 0.451868
-1.00446 0.451965

-1.00446 0.451965
-1.00427 0.452125

-1.00427 0.452128
-1.0041 0.452271

-1.0041 0.452271
-1.00397 0.452384

-1.00397 0.452385
-1.00374 0.452576

-1.00374 0.452576
-1.00366 0.452643

-1.00366 0.452643
-1.00338 0.452881

-1.00338 0.452881
-1.00336 0.452901

-1.00336 0.452902
-1.00305 0.45316

-1.00305 0.45316
-1.00302 0.453186

-1.00302 0.453186
-1.00275 0.453419

-1.00275 0.453419
-1.00266 0.453491

-1.00266 0.453491
-1.00244 0.453677

-1.00244 0.453678
-1.0023 0.453796

-1.0023 0.453796
-1.00214 0.453934

-1.00214 0.453936
-1.00194 0.454102

-1.00194 0.454102
-1.00183 0.454193

-1.00183 0.454194
-1.00158 0.454407

-1.00158 0.454407
-1.00153 0.454451

-1.00153 0.454452
-1.00122 0.45471

-1.00122 0.45471
-1.00122 0.454712

-1.00122 0.454712
-1.00092 0.454968

-1.00092 0.454968
-1.00086 0.455017

-1.00086 0.455017
-1.00061 0.455226

-1.00061 0.455226
-1.0005 0.455322

-1.0005 0.455322
-1.00031 0.455483

-1.00031 0.455485
-1.00013 0.455627

-1.00014 0.455627
-1.0 0.45574

-1.0 0.00422279
-0.999695 0.00421603

-0.999695 0.00421603
-0.99939 0.0042093

-0.99939 0.0042093
-0.999084 0.00420259

-0.999084 0.00420259
-0.998779 0.00419592

-0.998779 0.00419592
-0.998474 0.00418927

-0.998474 0.00418927
-0.998169 0.00418265

-0.998169 0.00418265
-0.997864 0.00417606

-0.997864 0.00417606
-0.997559 0.00416949

-0.997559 0.00416949
-0.997253 0.00416295

-0.997253 0.00416295
-0.996948 0.00415645

-0.996948 0.00415645
-0.996643 0.00414996

-0.996643 0.00414996
-0.996338 0.00414351

-0.996338 0.00414351
-0.996033 0.00413707

-0.996033 0.00413708
-0.995728 0.00413065

-0.995728 0.00413066
-0.995422 0.00412424

-0.995422 0.00412421
-0.995117 0.00411783

-0.995117 0.00411785
-0.994812 0.00411154

-0.994812 0.00411154
-0.994507 0.00410526

-0.994507 0.00410526
-0.994202 0.00409901

-0.994202 0.00409901
-0.993896 0.00409277

-0.993896 0.00409277
-0.993591 0.00408656

-0.993591 0.00408656
-0.993286 0.00408038

-0.993286 0.00408038
-0.992981 0.00407421

-0.992981 0.00407421
-0.992676 0.00406806

-0.992676 0.00406806
-0.992371 0.00406194

-0.992371 0.00406194
-0.992065 0.00405582

-0.992065 0.00405583
-0.99176 0.00404973

-0.99176 0.00404973
-0.991455 0.00404364

-0.991455 0.00404364
-0.99115 0.00403757

-0.99115 0.00403757
-0.990845 0.0040315

-0.990845 0.0040315
-0.99054 0.00402543

-0.99054 0.00402543
-0.990234 0.00401936

-0.990234 0.00401936
-0.989929 0.00401329

-0.989929 0.00401329
-0.989624 0.0040072

-0.989624 0.0040072
-0.989319 0.00400108

-0.989319 0.00400109
-0.989014 0.00399494

-0.989014 0.00399495
-0.988708 0.00398877

-0.988708 0.00398877
-0.988403 0.00398254

-0.988403 0.00398255
-0.988098 0.00397624

-0.988098 0.00397626
-0.987793 0.00396979

-0.987488 0.00396316
-0.987679 0.00396729

-0.987793 0.00396979
-0.987677 0.00396729

-0.987488 0.00396315
-0.987183 0.00395655

-0.987183 0.00395656
-0.986877 0.00395001

-0.986877 0.00395001
-0.986572 0.00394349

-0.986572 0.00394349
-0.986267 0.00393701

-0.986267 0.00393701
-0.985962 0.00393055

-0.985962 0.00393055
-0.985657 0.00392412

-0.985657 0.00392412
-0.985352 0.00391771

-0.985352 0.00391771
-0.985046 0.00391133

-0.985046 0.00391133
-0.984741 0.00390497

-0.984741 0.00390497
-0.984436 0.00389863

-0.984436 0.00389863
-0.984131 0.00389231

-0.984131 0.00389231
-0.983826 0.00388601

-0.983826 0.00388602
-0.983521 0.00387974

-0.983521 0.00387974
-0.983215 0.00387348

-0.983215 0.00387348
-0.98291 0.00386724

-0.98291 0.00386724
-0.982605 0.00386103

-0.982605 0.00386103
-0.9823 0.00385483

-0.9823 0.00385483
-0.981995 0.00384865

-0.981995 0.00384865
-0.981689 0.00384249

-0.981689 0.00384249
-0.981384 0.00383635

-0.981384 0.00383635
-0.981079 0.00383023

-0.981079 0.00383023
-0.980774 0.00382412

-0.980774 0.00382411
-0.980469 0.00381801

-0.980469 0.00381799
-0.980164 0.00381194

-0.980164 0.00381197
-0.979858 0.00380597

-0.979858 0.00380597
-0.979553 0.00379999

-0.979553 0.00379999
-0.979248 0.00379402

-0.979248 0.00379402
-0.978943 0.00378806

-0.978943 0.00378806
-0.978638 0.00378211

-0.978638 0.00378211
-0.978333 0.00377618

-0.978333 0.00377618
-0.978027 0.00377026

-0.978027 0.00377026
-0.977722 0.00376435

-0.977722 0.00376435
-0.977417 0.00375847

-0.977417 0.00375847
-0.977112 0.00375259

-0.977112 0.00375259
-0.976807 0.00374674

-0.976807 0.00374674
-0.976501 0.0037409

-0.976501 0.0037409
-0.976196 0.00373508

-0.976196 0.00373508
-0.975891 0.00372928

-0.975891 0.00372928
-0.975586 0.0037235

-0.975586 0.0037235
-0.975281 0.00371774

-0.975281 0.00371774
-0.974976 0.003712

-0.974976 0.003712
-0.97467 0.00370628

-0.97467 0.00370628
-0.974365 0.00370059

-0.974365 0.00370059
-0.97406 0.00369493

-0.97406 0.00369493
-0.973755 0.00368929

-0.973755 0.00368929
-0.97345 0.00368368

-0.97345 0.00368369
-0.973145 0.00367811

-0.972229 0.00366121
-0.972277 0.00366211

-0.972229 0.00366122
-0.971924 0.0036555

-0.973145 0.00367812
-0.972839 0.00367255

-0.972839 0.00367256
-0.972534 0.00366695

-0.972534 0.00366698
-0.972274 0.00366211

-0.971924 0.0036555
-0.971619 0.00364985

-0.971619 0.00364985
-0.971313 0.00364424

-0.971313 0.00364425
-0.971008 0.00363868

-0.971008 0.00363868
-0.970703 0.00363315

-0.970703 0.00363315
-0.970398 0.00362765

-0.970398 0.00362765
-0.970093 0.00362217

-0.970093 0.00362217
-0.969788 0.00361672

-0.969788 0.00361672
-0.969482 0.00361129

-0.969482 0.00361129
-0.969177 0.00360588

-0.969177 0.00360588
-0.968872 0.0036005

-0.968872 0.0036005
-0.968567 0.00359514

-0.968567 0.00359514
-0.968262 0.0035898

-0.968262 0.0035898
-0.967957 0.00358448

-0.967957 0.00358448
-0.967651 0.00357919

-0.967651 0.00357919
-0.967346 0.00357391

-0.967346 0.00357391
-0.967041 0.00356866

-0.967041 0.00356866
-0.966736 0.00356342

-0.966736 0.00356342
-0.966431 0.00355821

-0.966431 0.00355821
-0.966125 0.00355302

-0.966125 0.00355302
-0.96582 0.00354785

-0.96582 0.00354785
-0.965515 0.0035427

-0.965515 0.0035427
-0.96521 0.00353757

-0.96521 0.00353757
-0.964905 0.00353247

-0.964905 0.00353247
-0.9646 0.00352738

-0.9646 0.00352738
-0.964294 0.0035223

-0.964294 0.00352231
-0.963989 0.00351723

-0.963989 0.00351723
-0.963684 0.00351216

-0.963684 0.00351214
-0.963379 0.00350711

-0.963379 0.00350713
-0.963074 0.00350216

-0.963074 0.00350216
-0.962769 0.00349721

-0.962769 0.00349722
-0.962463 0.00349229

-0.962463 0.00349229
-0.962158 0.0034874

-0.962158 0.00348739
-0.961853 0.00348252

-0.961853 0.00348252
-0.961548 0.00347766

-0.961548 0.00347766
-0.961243 0.00347284

-0.961243 0.00347284
-0.960938 0.00346803

-0.960938 0.00346803
-0.960632 0.00346325

-0.960632 0.00346325
-0.960327 0.00345849

-0.960327 0.00345849
-0.960022 0.00345375

-0.960022 0.00345376
-0.959717 0.00344904

-0.959717 0.00344904
-0.959412 0.00344435

-0.959412 0.00344435
-0.959106 0.00343968

-0.959106 0.00343968
-0.958801 0.00343503

-0.958801 0.00343503
-0.958496 0.00343039

-0.958496 0.00343039
-0.958191 0.00342578

-0.958191 0.00342578
-0.957886 0.00342117

-0.957886 0.00342118
-0.957581 0.00341659

-0.957581 0.00341659
-0.957275 0.00341201

-0.957275 0.00341201
-0.95697 0.00340743

-0.95697 0.00340743
-0.956665 0.00340286

-0.956665 0.00340286
-0.95636 0.00339829

-0.95636 0.00339829
-0.956055 0.00339371

-0.956055 0.00339371
-0.95575 0.00338912

-0.95575 0.00338912
-0.955444 0.0033845

-0.955444 0.00338451
-0.955139 0.00337986

-0.955139 0.00337986
-0.954834 0.00337518

-0.954834 0.00337518
-0.954529 0.00337045

-0.954529 0.00337046
-0.954224 0.00336565

-0.954224 0.00336566
-0.953918 0.00336075

-0.953613 0.00335564
-0.953691 0.00335693

-0.953918 0.00336076
-0.953687 0.00335693

-0.953613 0.00335565
-0.953308 0.00335055

-0.953308 0.00335055
-0.953003 0.00334549

-0.953003 0.00334549
-0.952698 0.00334046

-0.952698 0.00334046
-0.952393 0.00333545

-0.952393 0.00333545
-0.952087 0.00333047

-0.952087 0.00333047
-0.951782 0.00332551

-0.951782 0.00332551
-0.951477 0.00332057

-0.951477 0.00332057
-0.951172 0.00331565

-0.951172 0.00331565
-0.950867 0.00331075

-0.950867 0.00331075
-0.950562 0.00330586

-0.950562 0.00330586
-0.950256 0.003301

-0.950256 0.003301
-0.949951 0.00329615

-0.949951 0.00329615
-0.949646 0.00329132

-0.949646 0.00329132
-0.949341 0.0032865

-0.949341 0.0032865
-0.949036 0.00328171

-0.949036 0.00328171
-0.94873 0.00327692

-0.94873 0.00327692
-0.948425 0.00327216

-0.948425 0.00327216
-0.94812 0.0032674

-0.94812 0.0032674
-0.947815 0.00326266

-0.947815 0.00326266
-0.94751 0.00325794

-0.94751 0.00325794
-0.947205 0.00325323

-0.947205 0.00325323
-0.946899 0.00324853

-0.946899 0.00324853
-0.946594 0.00324385

-0.946594 0.00324385
-0.946289 0.00323918

-0.946289 0.00323918
-0.945984 0.00323453

-0.945984 0.00323453
-0.945679 0.00322989

-0.945679 0.00322989
-0.945374 0.00322526

-0.945374 0.00322526
-0.945068 0.00322065

-0.945068 0.00322065
-0.944763 0.00321605

-0.944763 0.00321605
-0.944458 0.00321145

-0.944458 0.00321144
-0.944153 0.00320685

-0.944153 0.00320684
-0.943848 0.0032023

-0.943848 0.00320232
-0.943542 0.00319781

-0.943542 0.00319781
-0.943237 0.00319331

-0.943237 0.00319331
-0.942932 0.00318881

-0.942932 0.00318881
-0.942627 0.00318431

-0.942627 0.00318431
-0.942322 0.00317982

-0.942322 0.00317982
-0.942017 0.00317534

-0.942017 0.00317534
-0.941711 0.00317086

-0.941711 0.00317086
-0.941406 0.00316639

-0.941406 0.00316639
-0.941101 0.00316192

-0.941101 0.00316192
-0.940796 0.00315745

-0.940796 0.00315745
-0.940491 0.00315299

-0.940491 0.00315299
-0.940186 0.00314853

-0.940186 0.00314853
-0.93988 0.00314408

-0.93988 0.00314408
-0.939575 0.00313963

-0.939575 0.00313963
-0.93927 0.00313518

-0.93927 0.00313518
-0.938965 0.00313074

-0.938965 0.00313074
-0.93866 0.0031263

-0.93866 0.0031263
-0.938354 0.00312187

-0.938354 0.00312187
-0.938049 0.00311744

-0.938049 0.00311744
-0.937744 0.00311301

-0.937744 0.00311301
-0.937439 0.0031086

-0.937439 0.0031086
-0.937134 0.00310419

-0.937134 0.00310419
-0.936829 0.00309979

-0.936829 0.00309979
-0.936523 0.0030954

-0.936523 0.0030954
-0.936218 0.00309102

-0.936218 0.00309102
-0.935913 0.00308666

-0.935913 0.00308666
-0.935608 0.00308231

-0.935608 0.00308231
-0.935303 0.00307797

-0.935303 0.00307797
-0.934998 0.00307365

-0.934998 0.00307365
-0.934692 0.00306936

-0.934692 0.00306936
-0.934387 0.00306509

-0.934387 0.00306509
-0.934082 0.00306083

-0.934082 0.00306084
-0.933777 0.00305655

-0.933777 0.00305656
-0.933472 0.0030522

-0.933167 0.00304776
-0.933444 0.00305176

-0.933167 0.00304776
-0.932861 0.0030434

-0.933472 0.0030522
-0.933441 0.00305176

-0.932861 0.0030434
-0.932556 0.00303909

-0.932556 0.00303909
-0.932251 0.0030348

-0.932251 0.0030348
-0.931946 0.00303054

-0.931946 0.00303054
-0.931641 0.00302629

-0.931641 0.00302629
-0.931335 0.00302207

-0.931335 0.00302207
-0.93103 0.00301786

-0.93103 0.00301786
-0.930725 0.00301367

-0.930725 0.00301367
-0.93042 0.00300949

-0.93042 0.00300949
-0.930115 0.00300533

-0.930115 0.00300533
-0.92981 0.00300119

-0.92981 0.00300119
-0.929504 0.00299706

-0.929504 0.00299706
-0.929199 0.00299295

-0.929199 0.00299295
-0.928894 0.00298886

-0.928894 0.00298886
-0.928589 0.00298478

-0.928589 0.00298478
-0.928284 0.00298071

-0.928284 0.00298071
-0.927979 0.00297666

-0.927979 0.00297666
-0.927673 0.00297263

-0.927673 0.00297263
-0.927368 0.00296861

-0.927368 0.00296861
-0.927063 0.00296461

-0.927063 0.00296461
-0.926758 0.00296062

-0.926758 0.00296062
-0.926453 0.00295665

-0.926453 0.00295665
-0.926147 0.00295269

-0.926147 0.00295269
-0.925842 0.00294874

-0.925842 0.00294874
-0.925537 0.00294481

-0.925537 0.00294481
-0.925232 0.00294089

-0.925232 0.00294089
-0.924927 0.00293699

-0.924927 0.00293699
-0.924622 0.00293309

-0.924622 0.00293309
-0.924316 0.00292921

-0.924316 0.00292921
-0.924011 0.00292535

-0.924011 0.00292535
-0.923706 0.00292149

-0.923706 0.00292149
-0.923401 0.00291765

-0.923401 0.00291765
-0.923096 0.00291381

-0.923096 0.00291382
-0.922791 0.00290999

-0.922791 0.00290999
-0.922485 0.00290617

-0.922485 0.00290617
-0.92218 0.00290234

-0.92218 0.00290233
-0.921875 0.00289852

-0.921875 0.00289853
-0.92157 0.00289476

-0.92157 0.00289476
-0.921265 0.00289102

-0.921265 0.00289102
-0.920959 0.00288729

-0.920959 0.00288729
-0.920654 0.00288357

-0.920654 0.00288357
-0.920349 0.00287987

-0.920349 0.00287987
-0.920044 0.00287618

-0.920044 0.00287618
-0.919739 0.00287251

-0.919739 0.00287251
-0.919434 0.00286885

-0.919434 0.00286885
-0.919128 0.00286521

-0.919128 0.00286521
-0.918823 0.00286159

-0.918823 0.00286159
-0.918518 0.00285798

-0.918518 0.00285798
-0.918213 0.00285439

-0.918213 0.00285439
-0.917908 0.00285082

-0.917908 0.00285082
-0.917603 0.00284727

-0.917603 0.00284727
-0.917297 0.00284373

-0.917297 0.00284373
-0.916992 0.00284021

-0.916992 0.00284021
-0.916687 0.00283671

-0.916687 0.00283671
-0.916382 0.00283323

-0.916382 0.00283323
-0.916077 0.00282976

-0.916077 0.00282976
-0.915771 0.00282631

-0.915771 0.00282631
-0.915466 0.00282288

-0.915466 0.00282288
-0.915161 0.00281947

-0.915161 0.00281947
-0.914856 0.00281608

-0.914856 0.00281608
-0.914551 0.0028127

-0.914551 0.0028127
-0.914246 0.00280934

-0.914246 0.00280934
-0.91394 0.002806

-0.91394 0.002806
-0.913635 0.00280267

-0.913635 0.00280267
-0.91333 0.00279936

-0.91333 0.00279936
-0.913025 0.00279606

-0.913025 0.00279606
-0.91272 0.00279277

-0.91272 0.00279277
-0.912415 0.00278948

-0.912415 0.00278948
-0.912109 0.00278621

-0.912109 0.00278621
-0.911804 0.00278294

-0.911804 0.00278294
-0.911499 0.00277966

-0.911499 0.00277966
-0.911194 0.00277638

-0.911194 0.00277639
-0.910889 0.0027731

-0.910889 0.0027731
-0.910583 0.00276979

-0.910583 0.00276979
-0.910278 0.00276646

-0.910278 0.00276646
-0.909973 0.0027631

-0.909973 0.0027631
-0.909668 0.0027597

-0.909668 0.0027597
-0.909363 0.00275624

-0.909363 0.00275625
-0.909058 0.00275272

-0.909058 0.00275273
-0.908752 0.00274911

-0.908447 0.00274537
-0.908547 0.00274658

-0.908752 0.00274912
-0.908543 0.00274658

-0.908447 0.00274537
-0.908142 0.00274165

-0.908142 0.00274165
-0.907837 0.00273796

-0.907837 0.00273796
-0.907532 0.00273429

-0.907532 0.00273429
-0.907227 0.00273065

-0.907227 0.00273065
-0.906921 0.00272702

-0.906921 0.00272702
-0.906616 0.00272342

-0.906616 0.00272342
-0.906311 0.00271983

-0.906311 0.00271983
-0.906006 0.00271627

-0.906006 0.00271627
-0.905701 0.00271272

-0.905701 0.00271272
-0.905396 0.00270919

-0.905396 0.00270919
-0.90509 0.00270568

-0.90509 0.00270568
-0.904785 0.00270218

-0.904785 0.00270218
-0.90448 0.0026987

-0.90448 0.0026987
-0.904175 0.00269523

-0.904175 0.00269523
-0.90387 0.00269178

-0.90387 0.00269178
-0.903564 0.00268834

-0.903564 0.00268834
-0.903259 0.00268492

-0.903259 0.00268492
-0.902954 0.00268151

-0.902954 0.00268151
-0.902649 0.00267811

-0.902649 0.00267811
-0.902344 0.00267472

-0.902344 0.00267472
-0.902039 0.00267135

-0.902039 0.00267135
-0.901733 0.00266798

-0.901733 0.00266798
-0.901428 0.00266463

-0.901428 0.00266463
-0.901123 0.00266128

-0.901123 0.00266128
-0.900818 0.00265795

-0.900818 0.00265795
-0.900513 0.00265463

-0.900513 0.00265463
-0.900208 0.00265132

-0.900208 0.00265132
-0.899902 0.00264801

-0.899902 0.00264801
-0.899597 0.00264472

-0.899597 0.00264472
-0.899292 0.00264143

-0.899292 0.00264143
-0.898987 0.00263815

-0.898987 0.00263815
-0.898682 0.00263489

-0.898682 0.00263489
-0.898376 0.00263163

-0.898376 0.00263163
-0.898071 0.00262838

-0.898071 0.00262838
-0.897766 0.00262513

-0.897766 0.00262513
-0.897461 0.0026219

-0.897461 0.0026219
-0.897156 0.00261867

-0.897156 0.00261867
-0.896851 0.00261545

-0.896851 0.00261545
-0.896545 0.00261224

-0.896545 0.00261224
-0.89624 0.00260904

-0.89624 0.00260904
-0.895935 0.00260585

-0.895935 0.00260585
-0.89563 0.00260266

-0.89563 0.00260266
-0.895325 0.00259947

-0.895325 0.00259947
-0.89502 0.0025963

-0.89502 0.00259629
-0.894714 0.00259314

-0.894714 0.00259314
-0.894409 0.00258999

-0.894409 0.00258999
-0.894104 0.00258683

-0.894104 0.00258683
-0.893799 0.00258365

-0.893799 0.00258365
-0.893494 0.00258047

-0.893494 0.00258047
-0.893188 0.00257728

-0.893188 0.00257728
-0.892883 0.00257408

-0.892883 0.00257408
-0.892578 0.00257086

-0.892578 0.00257086
-0.892273 0.00256762

-0.892273 0.00256762
-0.891968 0.00256437

-0.891968 0.00256437
-0.891663 0.0025611

-0.891663 0.0025611
-0.891357 0.00255781

-0.891357 0.00255781
-0.891052 0.00255449

-0.891052 0.00255449
-0.890747 0.00255115

-0.890747 0.00255116
-0.890442 0.00254779

-0.890442 0.00254779
-0.890137 0.0025444

-0.890137 0.0025444
-0.889832 0.00254098

-0.889832 0.00254098
-0.889526 0.00253754

-0.889526 0.00253754
-0.889221 0.00253406

-0.889221 0.00253406
-0.888916 0.00253056

-0.888916 0.00253056
-0.888611 0.00252703

-0.888611 0.00252703
-0.888306 0.00252347

-0.888306 0.00252347
-0.888 0.00251989

-0.888 0.00251989
-0.887695 0.00251628

-0.887695 0.00251628
-0.88739 0.00251265

-0.88739 0.00251265
-0.887085 0.00250899

-0.887085 0.00250899
-0.88678 0.00250532

-0.88678 0.00250532
-0.886475 0.00250164

-0.886475 0.00250164
-0.886169 0.00249795

-0.886169 0.00249794
-0.885864 0.00249425

-0.885864 0.00249424
-0.885559 0.00249055

-0.885559 0.00249054
-0.885254 0.00248685

-0.885254 0.00248685
-0.884949 0.00248317

-0.884949 0.00248316
-0.884644 0.0024795

-0.884644 0.00247949
-0.884338 0.00247585

-0.884338 0.00247585
-0.884033 0.00247223

-0.884033 0.00247223
-0.883728 0.00246864

-0.883728 0.00246864
-0.883423 0.0024651

-0.883423 0.00246509
-0.883118 0.0024616

-0.883118 0.00246159
-0.882812 0.00245815

-0.880981 0.00243829
-0.881274 0.00244141

-0.880981 0.0024383
-0.880676 0.0024351

-0.880676 0.0024351
-0.880371 0.00243195

-0.882812 0.00245815
-0.882507 0.00245475

-0.882507 0.00245475
-0.882202 0.00245141

-0.882202 0.00245141
-0.881897 0.00244811

-0.881897 0.00244811
-0.881592 0.00244483

-0.881592 0.00244484
-0.881287 0.00244156

-0.881287 0.00244157
-0.881272 0.00244141

-0.880371 0.00243195
-0.880066 0.00242884

-0.880066 0.00242884
-0.879761 0.00242576

-0.879761 0.00242576
-0.879456 0.00242272

-0.879456 0.00242272
-0.87915 0.0024197

-0.87915 0.0024197
-0.878845 0.00241671

-0.878845 0.00241671
-0.87854 0.00241375

-0.87854 0.00241375
-0.878235 0.00241082

-0.878235 0.00241082
-0.87793 0.00240792

-0.87793 0.00240792
-0.877625 0.00240505

-0.877625 0.00240505
-0.877319 0.00240221

-0.877319 0.00240221
-0.877014 0.00239939

-0.877014 0.00239939
-0.876709 0.00239661

-0.876709 0.00239661
-0.876404 0.00239385

-0.876404 0.00239385
-0.876099 0.00239113

-0.876099 0.00239113
-0.875793 0.00238844

-0.875793 0.00238844
-0.875488 0.00238577

-0.875488 0.00238577
-0.875183 0.00238314

-0.875183 0.00238314
-0.874878 0.00238054

-0.874878 0.00238054
-0.874573 0.00237797

-0.874573 0.00237797
-0.874268 0.00237543

-0.874268 0.00237543
-0.873962 0.00237292

-0.873962 0.00237292
-0.873657 0.00237045

-0.873657 0.00237045
-0.873352 0.00236801

-0.873352 0.00236801
-0.873047 0.0023656

-0.873047 0.0023656
-0.872742 0.00236323

-0.872742 0.00236323
-0.872437 0.00236089

-0.872437 0.00236089
-0.872131 0.00235858

-0.872131 0.00235858
-0.871826 0.00235631

-0.871826 0.00235631
-0.871521 0.00235407

-0.871521 0.00235407
-0.871216 0.00235186

-0.871216 0.00235186
-0.870911 0.00234969

-0.870911 0.00234969
-0.870605 0.00234755

-0.870605 0.00234755
-0.8703 0.00234545

-0.8703 0.00234545
-0.869995 0.00234338

-0.869995 0.00234338
-0.86969 0.00234134

-0.86969 0.00234134
-0.869385 0.00233933

-0.869385 0.00233933
-0.86908 0.00233735

-0.86908 0.00233735
-0.868774 0.0023354

-0.868774 0.0023354
-0.868469 0.00233348

-0.868469 0.00233348
-0.868164 0.00233159

-0.868164 0.00233159
-0.867859 0.00232973

-0.867859 0.00232973
-0.867554 0.00232789

-0.867554 0.00232789
-0.867249 0.00232608

-0.867249 0.00232608
-0.866943 0.00232428

-0.866943 0.00232428
-0.866638 0.00232251

-0.866638 0.00232251
-0.866333 0.00232076

-0.866333 0.00232076
-0.866028 0.00231903

-0.866028 0.00231903
-0.865723 0.00231732

-0.865723 0.00231732
-0.865417 0.00231561

-0.865417 0.00231561
-0.865112 0.00231393

-0.865112 0.00231393
-0.864807 0.00231225

-0.864807 0.00231225
-0.864502 0.00231058

-0.864502 0.00231058
-0.864197 0.00230891

-0.864197 0.00230891
-0.863892 0.00230725

-0.863892 0.00230725
-0.863586 0.0023056

-0.863586 0.0023056
-0.863281 0.00230394

-0.863281 0.00230394
-0.862976 0.00230228

-0.862976 0.00230228
-0.862671 0.00230062

-0.862671 0.00230062
-0.862366 0.00229896

-0.862366 0.00229896
-0.862061 0.00229729

-0.862061 0.00229729
-0.861755 0.00229561

-0.861755 0.00229561
-0.86145 0.00229393

-0.86145 0.00229393
-0.861145 0.00229223

-0.861145 0.00229223
-0.86084 0.00229052

-0.86084 0.00229053
-0.860535 0.00228879

-0.860535 0.00228879
-0.860229 0.00228705

-0.860229 0.00228705
-0.859924 0.0022853

-0.859924 0.00228531
-0.859619 0.00228356

-0.859619 0.00228356
-0.859314 0.00228181

-0.859314 0.00228181
-0.859009 0.00228005

-0.859009 0.00228005
-0.858704 0.00227828

-0.858704 0.00227828
-0.858398 0.0022765

-0.858398 0.0022765
-0.858093 0.00227471

-0.858093 0.00227471
-0.857788 0.00227291

-0.857788 0.00227291
-0.857483 0.0022711

-0.857483 0.0022711
-0.857178 0.00226927

-0.857178 0.00226927
-0.856873 0.00226743

-0.856873 0.00226743
-0.856567 0.00226557

-0.856567 0.00226557
-0.856262 0.0022637

-0.856262 0.0022637
-0.855957 0.00226181

-0.855957 0.00226181
-0.855652 0.0022599

-0.855652 0.0022599
-0.855347 0.00225798

-0.855347 0.00225798
-0.855042 0.00225604

-0.855042 0.00225604
-0.854736 0.00225407

-0.854736 0.00225407
-0.854431 0.00225209

-0.854431 0.00225209
-0.854126 0.00225009

-0.854126 0.00225009
-0.853821 0.00224806

-0.853821 0.00224806
-0.853516 0.00224601

-0.853516 0.00224601
-0.85321 0.00224394

-0.85321 0.00224394
-0.852905 0.00224184

-0.852905 0.00224184
-0.8526 0.00223972

-0.8526 0.00223972
-0.852295 0.00223757

-0.852295 0.00223757
-0.85199 0.00223539

-0.85199 0.00223539
-0.851685 0.00223319

-0.851685 0.00223319
-0.851379 0.00223095

-0.851379 0.00223095
-0.851074 0.00222868

-0.851074 0.00222868
-0.850769 0.00222637

-0.850769 0.00222637
-0.850464 0.00222403

-0.850464 0.00222403
-0.850159 0.00222166

-0.850159 0.00222166
-0.849854 0.00221924

-0.849854 0.00221924
-0.849548 0.00221679

-0.849548 0.00221679
-0.849243 0.00221429

-0.849243 0.00221429
-0.848938 0.00221176

-0.848938 0.00221176
-0.848633 0.00220917

-0.848633 0.00220917
-0.848328 0.00220654

-0.848328 0.00220654
-0.848022 0.00220386

-0.848022 0.00220386
-0.847717 0.00220114

-0.847717 0.00220114
-0.847412 0.00219837

-0.847412 0.00219837
-0.847107 0.00219555

-0.847107 0.00219555
-0.846802 0.00219268

-0.846802 0.00219268
-0.846497 0.00218976

-0.846497 0.00218976
-0.846191 0.00218679

-0.846191 0.00218679
-0.845886 0.00218378

-0.845886 0.00218378
-0.845581 0.00218073

-0.845581 0.00218073
-0.845276 0.00217764

-0.845276 0.00217764
-0.844971 0.0021745

-0.844971 0.0021745
-0.844666 0.00217134

-0.844666 0.00217134
-0.84436 0.00216815

-0.84436 0.00216815
-0.844055 0.00216494

-0.844055 0.00216493
-0.84375 0.00216171

-0.84375 0.00216171
-0.843445 0.00215848

-0.843445 0.00215848
-0.84314 0.00215526

-0.84314 0.00215526
-0.842834 0.00215206

-0.842834 0.00215205
-0.842529 0.00214889

-0.842529 0.00214888
-0.842224 0.00214578

-0.842224 0.00214577
-0.841919 0.00214277

-0.841919 0.00214275
-0.841614 0.00213988

-0.841614 0.00213987
-0.841309 0.00213718

-0.841003 0.00213472
-0.841191 0.00213623

-0.841309 0.00213718
-0.84119 0.00213623

-0.841003 0.00213472
-0.840698 0.00213251

-0.840698 0.0021325
-0.840393 0.00213059

-0.840393 0.00213059
-0.840088 0.002129

-0.840088 0.00212899
-0.839783 0.00212777

-0.839783 0.00212776
-0.839478 0.00212692

-0.839478 0.00212691
-0.839172 0.00212648

-0.839172 0.00212647
-0.838867 0.00212647

-0.838867 0.00212646
-0.838562 0.0021269

-0.838562 0.00212689
-0.838257 0.00212779

-0.838257 0.00212778
-0.837952 0.00212915

-0.837952 0.00212914
-0.837646 0.00213098

-0.837646 0.00213099
-0.837341 0.0021333

-0.837341 0.00213333
-0.837036 0.00213603

-0.837036 0.00213611
-0.837024 0.00213623

-0.837007 0.00213623
-0.836731 0.00213914

-0.836731 0.00213912
-0.836426 0.00214312

-0.836426 0.00214307
-0.836121 0.00214802

-0.836121 0.00214796
-0.835815 0.00215406

-0.835815 0.00215399
-0.83551 0.00216152

-0.83551 0.00216141
-0.835205 0.00217075

-0.835205 0.00217061
-0.8349 0.00218223

-0.8349 0.00218206
-0.834595 0.0021966

-0.834595 0.00219641
-0.83429 0.00221457

-0.83429 0.00221438
-0.833984 0.00223691

-0.833984 0.00223667
-0.833679 0.00226443

-0.833679 0.0022636
-0.833374 0.00229876

-0.833374 0.00229856
-0.833069 0.00234318

-0.833069 0.00234284
-0.832764 0.00239799

-0.832764 0.0023978
-0.832564 0.00244141

-0.832564 0.00244141
-0.832458 0.00246455

-0.832458 0.00246352
-0.832153 0.00254427

-0.832153 0.00254332
-0.831848 0.002642

-0.831848 0.00264199
-0.831578 0.00274658

-0.831584 0.00274658
-0.831543 0.00276226

-0.831543 0.00276012
-0.831238 0.00289695

-0.831238 0.00289615
-0.830936 0.00305176

-0.830945 0.00305176
-0.830933 0.00305803

-0.830933 0.00305514
-0.830627 0.00323112

-0.830627 0.00323072
-0.830425 0.00335693

-0.83043 0.00335693
-0.830322 0.00342389

-0.830322 0.00342318
-0.830017 0.00362451

-0.830017 0.00362572
-0.829962 0.00366211

-0.829965 0.00366211
-0.829712 0.00383294

-0.829712 0.0038329
-0.829513 0.00396729

-0.829516 0.00396729
-0.829407 0.00404046

-0.829407 0.00404112
-0.829102 0.00424375

-0.829102 0.0042437
-0.829056 0.00427246

-0.829058 0.00427246
-0.828796 0.00443944

-0.828796 0.00443978
-0.828569 0.00457764

-0.828568 0.00457764
-0.828491 0.00462369

-0.828491 0.00462483
-0.828186 0.00479755

-0.828186 0.00479789
-0.828024 0.00488281

-0.828022 0.00488281
-0.827881 0.00495688

-0.827881 0.00495738
-0.827576 0.00510351

-0.827576 0.00510398
-0.827382 0.00518799

-0.827379 0.00518799
-0.827271 0.00523499

-0.827271 0.00523575
-0.826965 0.00535411

-0.826965 0.00535441
-0.82666 0.00545838

-0.82666 0.00545842
-0.826542 0.00549316

-0.82654 0.00549316
-0.826355 0.00554742

-0.826355 0.00554745
-0.82605 0.005623

-0.82605 0.00562312
-0.825745 0.0056848

-0.825745 0.00568487
-0.825439 0.00573229

-0.825439 0.00573227
-0.825134 0.00576535

-0.825134 0.00576535
-0.824829 0.00578413

-0.824829 0.00578414
-0.824524 0.00578863

-0.824524 0.00578865
-0.824219 0.00577879

-0.821167 0.00477797
-0.821335 0.00488281

-0.820862 0.00455745
-0.820889 0.00457764

-0.821167 0.00477916
-0.820885 0.00457764

-0.820862 0.00456214
-0.820557 0.00431169

-0.819336 0.00281278
-0.819477 0.00305176

-0.819641 0.00329326
-0.819685 0.00335693

-0.819683 0.00335693
-0.819922 0.00366211

-0.819641 0.00329323
-0.819477 0.00305176

-0.820251 0.00402495
-0.820513 0.00427246

-0.819946 0.00369076
-0.820195 0.00396729

-0.820251 0.00402343
-0.820197 0.00396729

-0.820557 0.00430967
-0.820515 0.00427246

-0.819946 0.0036896
-0.819923 0.00366211

-0.824219 0.00577883
-0.823914 0.00575449

-0.823914 0.00575457
-0.823608 0.00571549

-0.823608 0.00571566
-0.823303 0.00566136

-0.823303 0.00566158
-0.822998 0.00559129

-0.822388 0.00539978
-0.82266 0.00549316

-0.822998 0.00559154
-0.822693 0.0055043

-0.822693 0.00550295
-0.822664 0.00549316

-0.822388 0.00540033
-0.822083 0.00527687

-0.821777 0.00513261
-0.821895 0.00518799

-0.822083 0.00527727
-0.821893 0.00518799

-0.821777 0.00513397
-0.821472 0.00496803

-0.821472 0.00496824
-0.821335 0.00488281

-0.818597 0.0
-0.818604 0.000305176

-0.818603 0.000305176
-0.818627 0.000610352

-0.818627 0.000610352
-0.818667 0.000915527

-0.818667 0.000915527
-0.818726 0.0012207

-0.818726 0.00122134
-0.818801 0.00152588

-0.818801 0.00152588
-0.818895 0.00183105

-0.819031 0.00218913
-0.819142 0.00244141

-0.818895 0.00183105
-0.819008 0.00213623

-0.819031 0.00218883
-0.819008 0.00213623

-0.819141 0.00244141
-0.819297 0.00274658

-0.819336 0.00281292
-0.819297 0.00274658

-1.0 0.455742
-0.999774 0.455933

-0.999773 0.455933
-0.999695 0.455998

-0.999695 0.455999
-0.999412 0.456238

-0.999412 0.456238
-0.99939 0.456256

-0.99939 0.456257
-0.999084 0.456515

-0.999084 0.456515
-0.999051 0.456543

-0.999051 0.456543
-0.998779 0.456772

-0.998779 0.456772
-0.998689 0.456848

-0.99869 0.456848
-0.998474 0.457029

-0.998474 0.457031
-0.998327 0.457153

-0.998329 0.457153
-0.998169 0.457286

-0.998169 0.457288
-0.997966 0.457458

-0.997966 0.457458
-0.997864 0.457544

-0.997864 0.457545
-0.997604 0.457764

-0.997603 0.457764
-0.997559 0.457801

-0.997559 0.457802
-0.997253 0.458059

-0.997253 0.458059
-0.997242 0.458069

-0.997242 0.458069
-0.996948 0.458317

-0.996948 0.458317
-0.99688 0.458374

-0.99688 0.458374
-0.996643 0.458574

-0.996643 0.458574
-0.996517 0.458679

-0.996519 0.458679
-0.996338 0.45883

-0.996338 0.458832
-0.996155 0.458984

-0.996156 0.458984
-0.996033 0.459087

-0.996033 0.459088
-0.995793 0.45929

-0.995793 0.45929
-0.995728 0.459344

-0.995728 0.459345
-0.995431 0.459595

-0.99543 0.459595
-0.995422 0.459601

-0.995422 0.459602
-0.995117 0.459859

-0.995117 0.459859
-0.995068 0.4599

-0.995068 0.4599
-0.994812 0.460116

-0.994812 0.460116
-0.994705 0.460205

-0.994706 0.460205
-0.994507 0.460372

-0.994507 0.460374
-0.994342 0.46051

-0.994344 0.46051
-0.994202 0.460628

-0.994202 0.460629
-0.99398 0.460815

-0.99398 0.460815
-0.993896 0.460885

-0.993896 0.460886
-0.993617 0.461121

-0.993617 0.461121
-0.993591 0.461142

-0.993591 0.461142
-0.993286 0.461399

-0.993286 0.461399
-0.993254 0.461426

-0.993254 0.461426
-0.992981 0.461655

-0.992981 0.461656
-0.992891 0.461731

-0.992891 0.461731
-0.992676 0.461912

-0.992676 0.461913
-0.992527 0.462036

-0.992529 0.462036
-0.992371 0.462167

-0.992371 0.462169
-0.992164 0.462341

-0.992164 0.462341
-0.992065 0.462424

-0.992065 0.462425
-0.991801 0.462646

-0.991801 0.462646
-0.99176 0.46268

-0.99176 0.462681
-0.991455 0.462937

-0.991455 0.462937
-0.991438 0.462952

-0.991438 0.462952
-0.99115 0.463193

-0.99115 0.463193
-0.991074 0.463257

-0.991074 0.463257
-0.990845 0.463449

-0.990845 0.46345
-0.99071 0.463562

-0.990712 0.463562
-0.99054 0.463704

-0.99054 0.463706
-0.990346 0.463867

-0.990347 0.463867
-0.990234 0.46396

-0.990234 0.463962
-0.989983 0.464172

-0.989982 0.464172
-0.989929 0.464217

-0.989929 0.464217
-0.989624 0.464473

-0.989624 0.464473
-0.989619 0.464478

-0.989619 0.464478
-0.989319 0.464729

-0.989319 0.464729
-0.989255 0.464783

-0.989255 0.464783
-0.989014 0.464985

-0.989014 0.464985
-0.98889 0.465088

-0.988892 0.465088
-0.988708 0.46524

-0.988708 0.465242
-0.988526 0.465393

-0.988527 0.465393
-0.988403 0.465495

-0.988403 0.465496
-0.988162 0.465698

-0.988162 0.465698
-0.988098 0.465751

-0.988098 0.465752
-0.987798 0.466003

-0.987797 0.466003
-0.987793 0.466007

-0.987793 0.466007
-0.987488 0.466263

-0.987488 0.466263
-0.987433 0.466309

-0.987433 0.466309
-0.987183 0.466518

-0.987183 0.466519
-0.987068 0.466614

-0.987069 0.466614
-0.986877 0.466773

-0.986877 0.466775
-0.986703 0.466919

-0.986704 0.466919
-0.986572 0.467028

-0.986572 0.467029
-0.986339 0.467224

-0.986338 0.467224
-0.986267 0.467283

-0.986267 0.467284
-0.985974 0.467529

-0.985973 0.467529
-0.985962 0.467539

-0.985962 0.467539
-0.985657 0.467795

-0.985657 0.467795
-0.985609 0.467834

-0.985609 0.467834
-0.985352 0.46805

-0.985352 0.46805
-0.985244 0.46814

-0.985245 0.46814
-0.985046 0.468304

-0.985046 0.468306
-0.984878 0.468445

-0.984879 0.468445
-0.984741 0.468559

-0.984741 0.46856
-0.984514 0.46875

-0.984513 0.46875
-0.984436 0.468814

-0.984436 0.468815
-0.984148 0.469055

-0.984148 0.469055
-0.984131 0.469069

-0.984131 0.46907
-0.983826 0.469325

-0.983826 0.469325
-0.983783 0.46936

-0.983783 0.46936
-0.983521 0.469579

-0.983521 0.46958
-0.983417 0.469666

-0.983418 0.469666
-0.983215 0.469834

-0.983215 0.469836
-0.98305 0.469971

-0.983052 0.469971
-0.98291 0.470088

-0.98291 0.470089
-0.982686 0.470276

-0.982685 0.470276
-0.982605 0.470343

-0.982605 0.470343
-0.98232 0.470581

-0.982319 0.470581
-0.9823 0.470597

-0.9823 0.470598
-0.981995 0.470852

-0.981995 0.470853
-0.981954 0.470886

-0.981954 0.470886
-0.981689 0.471107

-0.981689 0.471107
-0.981588 0.471191

-0.981589 0.471191
-0.981384 0.471361

-0.981384 0.471363
-0.981221 0.471497

-0.981223 0.471497
-0.981079 0.471615

-0.981079 0.471616
-0.980856 0.471802

-0.980856 0.471802
-0.980774 0.471869

-0.980774 0.47187
-0.98049 0.472107

-0.980489 0.472107
-0.980469 0.472124

-0.980469 0.472124
-0.980164 0.472379

-0.980164 0.472379
-0.980123 0.472412

-0.980123 0.472412
-0.979858 0.472633

-0.979858 0.472633
-0.979756 0.472717

-0.979757 0.472717
-0.979553 0.472886

-0.979553 0.472888
-0.979389 0.473022

-0.979391 0.473022
-0.979248 0.47314

-0.979248 0.473141
-0.979024 0.473328

-0.979023 0.473328
-0.978943 0.473394

-0.978943 0.473395
-0.978657 0.473633

-0.978656 0.473633
-0.978638 0.473648

-0.978638 0.473649
-0.978333 0.473903

-0.978333 0.473903
-0.97829 0.473938

-0.97829 0.473938
-0.978027 0.474157

-0.978027 0.474157
-0.977923 0.474243

-0.977924 0.474243
-0.977722 0.47441

-0.977722 0.474412
-0.977555 0.474548

-0.977557 0.474548
-0.977417 0.474663

-0.977417 0.474664
-0.977189 0.474854

-0.977189 0.474854
-0.977112 0.474917

-0.977112 0.474918
-0.976822 0.475159

-0.976821 0.475159
-0.976807 0.475171

-0.976807 0.475171
-0.976501 0.475425

-0.976501 0.475425
-0.976455 0.475464

-0.976455 0.475464
-0.976196 0.475679

-0.976196 0.475679
-0.976087 0.475769

-0.976088 0.475769
-0.975891 0.475932

-0.975891 0.475933
-0.975719 0.476074

-0.97572 0.476074
-0.975586 0.476184

-0.975586 0.476186
-0.975353 0.476379

-0.975352 0.476379
-0.975281 0.476438

-0.975281 0.476439
-0.974985 0.476685

-0.974984 0.476685
-0.974976 0.476692

-0.974976 0.476692
-0.97467 0.476945

-0.97467 0.476946
-0.974617 0.47699

-0.974617 0.47699
-0.974365 0.477199

-0.974365 0.477199
-0.974249 0.477295

-0.97425 0.477295
-0.97406 0.477451

-0.97406 0.477453
-0.973881 0.4776

-0.973882 0.4776
-0.973755 0.477704

-0.973755 0.477705
-0.973514 0.477905

-0.973513 0.477905
-0.97345 0.477957

-0.97345 0.477958
-0.973145 0.47821

-0.973145 0.47821
-0.973145 0.478211

-0.973145 0.478211
-0.972839 0.478464

-0.972839 0.478464
-0.972777 0.478516

-0.972777 0.478516
-0.972534 0.478717

-0.972534 0.478718
-0.972408 0.478821

-0.97241 0.478821
-0.972229 0.478969

-0.972229 0.478971
-0.97204 0.479126

-0.972041 0.479126
-0.971924 0.479222

-0.971924 0.479223
-0.971672 0.479431

-0.971672 0.479431
-0.971619 0.479475

-0.971619 0.479476
-0.971313 0.479728

-0.971313 0.479728
-0.971304 0.479736

-0.971304 0.479736
-0.971008 0.479981

-0.971008 0.479981
-0.970935 0.480042

-0.970935 0.480042
-0.970703 0.480234

-0.970703 0.480235
-0.970566 0.480347

-0.970568 0.480347
-0.970398 0.480485

-0.970398 0.480487
-0.970198 0.480652

-0.970198 0.480652
-0.970093 0.480738

-0.970093 0.480739
-0.969829 0.480957

-0.969828 0.480957
-0.969788 0.480991

-0.969788 0.480991
-0.969482 0.481244

-0.969482 0.481244
-0.96946 0.481262

-0.96946 0.481262
-0.969177 0.481496

-0.969177 0.481496
-0.969091 0.481567

-0.969091 0.481567
-0.968872 0.481748

-0.968872 0.48175
-0.968721 0.481873

-0.968723 0.481873
-0.968567 0.481999

-0.968567 0.482001
-0.968353 0.482178

-0.968352 0.482178
-0.968262 0.482252

-0.968262 0.482253
-0.967983 0.482483

-0.967983 0.482483
-0.967957 0.482505

-0.967957 0.482505
-0.967651 0.482757

-0.967651 0.482757
-0.967614 0.482788

-0.967614 0.482788
-0.967346 0.483009

-0.967346 0.48301
-0.967244 0.483093

-0.967245 0.483093
-0.967041 0.483261

-0.967041 0.483263
-0.966874 0.483398

-0.966876 0.483398
-0.966736 0.483512

-0.966736 0.483514
-0.966506 0.483704

-0.966505 0.483704
-0.966431 0.483765

-0.966431 0.483765
-0.966136 0.484009

-0.966135 0.484009
-0.966125 0.484017

-0.966125 0.484017
-0.96582 0.484269

-0.96582 0.484269
-0.965766 0.484314

-0.965766 0.484314
-0.965515 0.484521

-0.965515 0.484522
-0.965395 0.484619

-0.965397 0.484619
-0.96521 0.484772

-0.96521 0.484774
-0.965026 0.484924

-0.965026 0.484924
-0.964905 0.485023

-0.964905 0.485025
-0.964656 0.485229

-0.964656 0.485229
-0.9646 0.485275

-0.9646 0.485276
-0.964294 0.485528

-0.964294 0.485528
-0.964286 0.485535

-0.964286 0.485535
-0.963989 0.485779

-0.963989 0.485779
-0.963915 0.48584

-0.963916 0.48584
-0.963684 0.486031

-0.963684 0.486032
-0.963545 0.486145

-0.963547 0.486145
-0.963379 0.486281

-0.963379 0.486283
-0.963175 0.48645

-0.963175 0.48645
-0.963074 0.486533

-0.963074 0.486534
-0.962805 0.486755

-0.962804 0.486755
-0.962769 0.486784

-0.962769 0.486785
-0.962463 0.487036

-0.962463 0.487036
-0.962434 0.487061

-0.962434 0.487061
-0.962158 0.487288

-0.962158 0.487288
-0.962063 0.487366

-0.962064 0.487366
-0.961853 0.487539

-0.961853 0.48754
-0.961692 0.487671

-0.961694 0.487671
-0.961548 0.487789

-0.961548 0.48779
-0.961322 0.487976

-0.961322 0.487976
-0.961243 0.48804

-0.961243 0.488041
-0.960951 0.488281

-0.96095 0.488281
-0.960938 0.488292

-0.960938 0.488292
-0.960632 0.488543

-0.960632 0.488544
-0.96058 0.488586

-0.96058 0.488586
-0.960327 0.488794

-0.960327 0.488795
-0.960208 0.488892

-0.96021 0.488892
-0.960022 0.489045

-0.960022 0.489046
-0.959837 0.489197

-0.959838 0.489197
-0.959717 0.489295

-0.959717 0.489296
-0.959467 0.489502

-0.959466 0.489502
-0.959412 0.489546

-0.959412 0.489547
-0.959106 0.489798

-0.959106 0.489798
-0.959095 0.489807

-0.959095 0.489807
-0.958801 0.490049

-0.958801 0.490049
-0.958724 0.490112

-0.958724 0.490112
-0.958496 0.490299

-0.958496 0.490301
-0.958351 0.490417

-0.958354 0.490417
-0.958191 0.490549

-0.958191 0.490551
-0.957981 0.490723

-0.957981 0.490723
-0.957886 0.4908

-0.957886 0.490801
-0.957609 0.491028

-0.957609 0.491028
-0.957581 0.491051

-0.957581 0.491051
-0.957275 0.491302

-0.957275 0.491302
-0.957237 0.491333

-0.957238 0.491333
-0.95697 0.491552

-0.95697 0.491553
-0.956865 0.491638

-0.956866 0.491638
-0.956665 0.491803

-0.956665 0.491804
-0.956493 0.491943

-0.956494 0.491943
-0.95636 0.492052

-0.95636 0.492053
-0.956122 0.492249

-0.956121 0.492249
-0.956055 0.492303

-0.956055 0.492304
-0.95575 0.492554

-0.95575 0.492554
-0.955444 0.492804

-0.955444 0.492804
-0.955377 0.492859

-0.955378 0.492859
-0.955139 0.493054

-0.955139 0.493055
-0.955005 0.493164

-0.955006 0.493164
-0.954834 0.493304

-0.954834 0.493305
-0.954633 0.493469

-0.954633 0.493469
-0.954529 0.493554

-0.954529 0.493555
-0.954261 0.493774

-0.95426 0.493774
-0.954224 0.493804

-0.954224 0.493805
-0.953918 0.494055

-0.953918 0.494055
-0.953888 0.49408

-0.953888 0.49408
-0.953613 0.494305

-0.953613 0.494305
-0.953515 0.494385

-0.953516 0.494385
-0.953308 0.494555

-0.953308 0.494556
-0.953142 0.49469

-0.953144 0.49469
-0.953003 0.494804

-0.953003 0.494805
-0.952771 0.494995

-0.95277 0.494995
-0.952698 0.495054

-0.952698 0.495055
-0.952398 0.4953

-0.952397 0.4953
-0.952393 0.495304

-0.952393 0.495304
-0.952087 0.495554

-0.952087 0.495554
-0.952025 0.495605

-0.952025 0.495605
-0.951782 0.495804

-0.951782 0.495805
-0.951651 0.495911

-0.951653 0.495911
-0.951477 0.496053

-0.951477 0.496054
-0.951279 0.496216

-0.951279 0.496216
-0.951172 0.496302

-0.951172 0.496303
-0.950906 0.496521

-0.950905 0.496521
-0.950867 0.496552

-0.950867 0.496553
-0.950562 0.496802

-0.950562 0.496802
-0.950532 0.496826

-0.950532 0.496826
-0.950256 0.497052

-0.950256 0.497052
-0.950159 0.497131

-0.950159 0.497131
-0.949951 0.497301

-0.949951 0.497303
-0.949785 0.497437

-0.949787 0.497437
-0.949646 0.49755

-0.949646 0.497551
-0.949413 0.497742

-0.949412 0.497742
-0.949341 0.497799

-0.949341 0.4978
-0.949039 0.498047

-0.949038 0.498047
-0.949036 0.498049

-0.949036 0.49805
-0.94873 0.498299

-0.94873 0.498299
-0.948665 0.498352

-0.948665 0.498352
-0.948425 0.498548

-0.948425 0.498549
-0.948291 0.498657

-0.948293 0.498657
-0.94812 0.498796

-0.94812 0.498798
-0.947918 0.498962

-0.947918 0.498962
-0.947815 0.499045

-0.947815 0.499046
-0.947544 0.499268

-0.947543 0.499268
-0.94751 0.499295

-0.94751 0.499296
-0.947205 0.499545

-0.947205 0.499545
-0.94717 0.499573

-0.94717 0.499573
-0.946899 0.499794

-0.946899 0.499794
-0.946796 0.499878

-0.946796 0.499878
-0.946594 0.500042

-0.946594 0.500044
-0.946421 0.500183

-0.946423 0.500183
-0.946289 0.50029

-0.946289 0.500292
-0.946048 0.500488

-0.946047 0.500488
-0.945984 0.50054

-0.945984 0.50054
-0.945679 0.500789

-0.945679 0.500789
-0.945674 0.500793

-0.945674 0.500793
-0.945374 0.501038

-0.945374 0.501038
-0.945299 0.501099

-0.945299 0.501099
-0.945068 0.501287

-0.945068 0.501288
-0.944924 0.501404

-0.944926 0.501404
-0.944763 0.501535

-0.944763 0.501536
-0.944551 0.501709

-0.94455 0.501709
-0.944458 0.501783

-0.944458 0.501784
-0.944176 0.502014

-0.944175 0.502014
-0.944153 0.502032

-0.944153 0.502033
-0.943848 0.502282

-0.943848 0.502282
-0.943801 0.502319

-0.943801 0.502319
-0.943542 0.50253

-0.943542 0.502531
-0.943426 0.502625

-0.943427 0.502625
-0.943237 0.502778

-0.943237 0.502779
-0.943051 0.50293

-0.943052 0.50293
-0.942932 0.503026

-0.942932 0.503027
-0.942677 0.503235

-0.942676 0.503235
-0.942627 0.503275

-0.942627 0.503276
-0.942322 0.503524

-0.942322 0.503524
-0.942302 0.50354

-0.942302 0.50354
-0.942017 0.503772

-0.942017 0.503773
-0.941927 0.503845

-0.941927 0.503845
-0.941711 0.504021

-0.941711 0.504022
-0.941551 0.50415

-0.941553 0.50415
-0.941406 0.504268

-0.941406 0.504269
-0.941177 0.504456

-0.941176 0.504456
-0.941101 0.504516

-0.941101 0.504517
-0.940801 0.504761

-0.940801 0.504761
-0.940796 0.504765

-0.940796 0.504765
-0.940491 0.505013

-0.940491 0.505014
-0.940426 0.505066

-0.940426 0.505066
-0.940186 0.505262

-0.940186 0.505262
-0.94005 0.505371

-0.940052 0.505371
-0.93988 0.505509

-0.93988 0.50551
-0.939675 0.505676

-0.939675 0.505676
-0.939575 0.505757

-0.939575 0.505758
-0.9393 0.505981

-0.939299 0.505981
-0.93927 0.506005

-0.93927 0.506006
-0.938965 0.506253

-0.938965 0.506254
-0.938924 0.506287

-0.938924 0.506287
-0.93866 0.506501

-0.93866 0.506502
-0.938548 0.506592

-0.938549 0.506592
-0.938354 0.506749

-0.938354 0.50675
-0.938172 0.506897

-0.938173 0.506897
-0.938049 0.506996

-0.938049 0.506997
-0.937797 0.507202

-0.937796 0.507202
-0.937744 0.507244

-0.937744 0.507245
-0.937439 0.507493

-0.937439 0.507493
-0.937421 0.507507

-0.937421 0.507507
-0.937134 0.50774

-0.937134 0.507741
-0.937044 0.507812

-0.937045 0.507812
-0.936829 0.507988

-0.936829 0.507989
-0.936668 0.508118

-0.93667 0.508118
-0.936523 0.508234

-0.936523 0.508236
-0.936293 0.508423

-0.936292 0.508423
-0.936218 0.508482

-0.936218 0.508483
-0.935916 0.508728

-0.935916 0.508728
-0.935913 0.50873

-0.935913 0.508731
-0.935608 0.508978

-0.935608 0.508978
-0.93554 0.509033

-0.93554 0.509033
-0.935303 0.509225

-0.935303 0.509226
-0.935162 0.509338

-0.935164 0.509338
-0.934998 0.509472

-0.934998 0.509473
-0.934787 0.509644

-0.934787 0.509644
-0.934692 0.509719

-0.934692 0.50972
-0.93441 0.509949

-0.93441 0.509949
-0.934387 0.509967

-0.934387 0.509967
-0.934082 0.510215

-0.934082 0.510215
-0.934034 0.510254

-0.934034 0.510254
-0.933777 0.510462

-0.933777 0.510463
-0.933656 0.510559

-0.933658 0.510559
-0.933472 0.510709

-0.933472 0.51071
-0.93328 0.510864

-0.93328 0.510864
-0.933167 0.510955

-0.933167 0.510956
-0.932903 0.511169

-0.932903 0.511169
-0.932861 0.511203

-0.932861 0.511203
-0.932556 0.511451

-0.932556 0.511451
-0.932526 0.511475

-0.932526 0.511475
-0.932251 0.511698

-0.932251 0.511698
-0.932149 0.51178

-0.93215 0.51178
-0.931946 0.511944

-0.931946 0.511945
-0.931772 0.512085

-0.931773 0.512085
-0.931641 0.51219

-0.931641 0.512192
-0.931395 0.51239

-0.931395 0.51239
-0.931335 0.512438

-0.931335 0.512438
-0.93103 0.512685

-0.93103 0.512685
-0.931018 0.512695

-0.931018 0.512695
-0.930725 0.512932

-0.930725 0.512932
-0.93064 0.513

-0.930641 0.513
-0.93042 0.513179

-0.93042 0.51318
-0.930262 0.513306

-0.930264 0.513306
-0.930115 0.513424

-0.930115 0.513426
-0.929886 0.513611

-0.929885 0.513611
-0.92981 0.513672

-0.92981 0.513672
-0.929508 0.513916

-0.929508 0.513916
-0.929504 0.513919

-0.929504 0.513919
-0.929199 0.514166

-0.929199 0.514166
-0.92913 0.514221

-0.929131 0.514221
-0.928894 0.514412

-0.928894 0.514413
-0.928752 0.514526

-0.928754 0.514526
-0.928589 0.514658

-0.928589 0.514659
-0.928375 0.514832

-0.928375 0.514832
-0.928284 0.514904

-0.928284 0.514905
-0.927997 0.515137

-0.927997 0.515137
-0.927979 0.515151

-0.927979 0.515152
-0.927673 0.515398

-0.927673 0.515398
-0.927619 0.515442

-0.927619 0.515442
-0.927368 0.515645

-0.927368 0.515645
-0.92724 0.515747

-0.927242 0.515747
-0.927063 0.51589

-0.927063 0.515891
-0.926863 0.516052

-0.926863 0.516052
-0.926758 0.516136

-0.926758 0.516137
-0.926485 0.516357

-0.926484 0.516357
-0.926453 0.516383

-0.926453 0.516384
-0.926147 0.51663

-0.926147 0.51663
-0.926107 0.516663

-0.926107 0.516663
-0.925842 0.516876

-0.925842 0.516877
-0.925728 0.516968

-0.925729 0.516968
-0.925537 0.517122

-0.925537 0.517123
-0.92535 0.517273

-0.925351 0.517273
-0.925232 0.517367

-0.925232 0.517368
-0.924972 0.517578

-0.924971 0.517578
-0.924927 0.517614

-0.924927 0.517614
-0.924622 0.51786

-0.924622 0.517861
-0.924593 0.517883

-0.924593 0.517883
-0.924316 0.518107

-0.924316 0.518107
-0.924214 0.518188

-0.924215 0.518188
-0.924011 0.518352

-0.924011 0.518353
-0.923836 0.518494

-0.923837 0.518494
-0.923706 0.518597

-0.923706 0.518599
-0.923457 0.518799

-0.923457 0.518799
-0.923401 0.518844

-0.923401 0.518844
-0.923096 0.51909

-0.923096 0.51909
-0.923078 0.519104

-0.923078 0.519104
-0.922791 0.519336

-0.922791 0.519336
-0.922699 0.519409

-0.9227 0.519409
-0.922485 0.519582

-0.922485 0.519583
-0.92232 0.519714

-0.922322 0.519714
-0.92218 0.519826

-0.92218 0.519828
-0.921942 0.52002

-0.921941 0.52002
-0.921875 0.520072

-0.921875 0.520073
-0.92157 0.520319

-0.92157 0.520319
-0.921563 0.520325

-0.921563 0.520325
-0.921265 0.520564

-0.921265 0.520565
-0.921183 0.52063

-0.921183 0.52063
-0.920959 0.52081

-0.920959 0.520811
-0.920803 0.520935

-0.920805 0.520935
-0.920654 0.521054

-0.920654 0.521056
-0.920425 0.52124

-0.920424 0.52124
-0.920349 0.5213

-0.920349 0.521301
-0.920045 0.521545

-0.920045 0.521545
-0.920044 0.521546

-0.920044 0.521547
-0.919739 0.521792

-0.919739 0.521792
-0.919666 0.521851

-0.919666 0.521851
-0.919434 0.522037

-0.919434 0.522039
-0.919285 0.522156

-0.919287 0.522156
-0.919128 0.522282

-0.919128 0.522283
-0.918907 0.522461

-0.918907 0.522461
-0.918823 0.522527

-0.918823 0.522528
-0.918527 0.522766

-0.918527 0.522766
-0.918518 0.522773

-0.918518 0.522773
-0.918213 0.523019

-0.918213 0.523019
-0.918147 0.523071

-0.918147 0.523071
-0.917908 0.523264

-0.917908 0.523265
-0.917766 0.523376

-0.917768 0.523376
-0.917603 0.523508

-0.917603 0.523509
-0.917388 0.523682

-0.917388 0.523682
-0.917297 0.523753

-0.917297 0.523754
-0.917008 0.523987

-0.917007 0.523987
-0.916992 0.523999

-0.916992 0.523999
-0.916687 0.524244

-0.916687 0.524244
-0.916627 0.524292

-0.916628 0.524292
-0.916382 0.524489

-0.916382 0.52449
-0.916246 0.524597

-0.916248 0.524597
-0.916077 0.524734

-0.916077 0.524735
-0.915867 0.524902

-0.915867 0.524902
-0.915771 0.524978

-0.915771 0.524979
-0.915487 0.525208

-0.915486 0.525208
-0.915466 0.525224

-0.915466 0.525224
-0.915161 0.525469

-0.915161 0.525469
-0.915107 0.525513

-0.915107 0.525513
-0.914856 0.525714

-0.914856 0.525715
-0.914725 0.525818

-0.914727 0.525818
-0.914551 0.525958

-0.914551 0.525959
-0.914346 0.526123

-0.914346 0.526123
-0.914246 0.526203

-0.914246 0.526204
-0.913965 0.526428

-0.913965 0.526428
-0.91394 0.526448

-0.91394 0.526448
-0.913635 0.526693

-0.913635 0.526693
-0.913585 0.526733

-0.913585 0.526733
-0.91333 0.526938

-0.91333 0.526938
-0.913203 0.527039

-0.913205 0.527039
-0.913025 0.527182

-0.913025 0.527183
-0.912823 0.527344

-0.912823 0.527344
-0.91272 0.527426

-0.91272 0.527427
-0.912443 0.527649

-0.912442 0.527649
-0.912415 0.527671

-0.912415 0.527671
-0.912109 0.527916

-0.912109 0.527916
-0.912061 0.527954

-0.912062 0.527954
-0.911804 0.52816

-0.911804 0.528161
-0.91168 0.528259

-0.911681 0.528259
-0.911499 0.528404

-0.911499 0.528405
-0.9113 0.528564

-0.9113 0.528564
-0.911194 0.528648

-0.911194 0.528649
-0.910919 0.52887

-0.910918 0.52887
-0.910889 0.528893

-0.910889 0.528893
-0.910583 0.529138

-0.910583 0.529138
-0.910537 0.529175

-0.910537 0.529175
-0.910278 0.529382

-0.910278 0.529383
-0.910155 0.52948

-0.910157 0.52948
-0.909973 0.529626

-0.909973 0.529627
-0.909775 0.529785

-0.909775 0.529785
-0.909668 0.52987

-0.909668 0.529871
-0.909393 0.53009

-0.909393 0.53009
-0.909363 0.530114

-0.909363 0.530115
-0.909058 0.530359

-0.909058 0.530359
-0.909012 0.530396

-0.909012 0.530396
-0.908752 0.530603

-0.908752 0.530604
-0.908629 0.530701

-0.908631 0.530701
-0.908447 0.530847

-0.908447 0.530848
-0.908249 0.531006

-0.908249 0.531006
-0.908142 0.53109

-0.908142 0.531091
-0.907867 0.531311

-0.907866 0.531311
-0.907837 0.531335

-0.907837 0.531335
-0.907532 0.531579

-0.907532 0.531579
-0.907485 0.531616

-0.907485 0.531616
-0.907227 0.531823

-0.907227 0.531824
-0.907103 0.531921

-0.907104 0.531921
-0.906921 0.532067

-0.906921 0.532067
-0.906722 0.532227

-0.906722 0.532227
-0.906616 0.53231

-0.906616 0.532311
-0.90634 0.532532

-0.906339 0.532532
-0.906311 0.532554

-0.906311 0.532555
-0.906006 0.532798

-0.906006 0.532799
-0.905958 0.532837

-0.905958 0.532837
-0.905701 0.533042

-0.905701 0.533043
-0.905575 0.533142

-0.905576 0.533142
-0.905396 0.533286

-0.905396 0.533286
-0.905194 0.533447

-0.905194 0.533447
-0.90509 0.533529

-0.90509 0.53353
-0.904811 0.533752

-0.904811 0.533752
-0.904785 0.533773

-0.904785 0.533773
-0.90448 0.534017

-0.90448 0.534017
-0.904429 0.534058

-0.904429 0.534058
-0.904175 0.534261

-0.904175 0.534261
-0.904046 0.534363

-0.904047 0.534363
-0.90387 0.534504

-0.90387 0.534504
-0.903664 0.534668

-0.903664 0.534668
-0.903564 0.534747

-0.903564 0.534748
-0.903282 0.534973

-0.903281 0.534973
-0.903259 0.53499

-0.903259 0.534991
-0.902954 0.535234

-0.902954 0.535235
-0.902899 0.535278

-0.902899 0.535278
-0.902649 0.535478

-0.902649 0.535479
-0.902515 0.535583

-0.902517 0.535583
-0.902344 0.535721

-0.902344 0.535722
-0.902134 0.535889

-0.902134 0.535889
-0.902039 0.535964

-0.902039 0.535965
-0.901751 0.536194

-0.90175 0.536194
-0.901733 0.536207

-0.901733 0.536208
-0.901428 0.536451

-0.901428 0.536451
-0.901368 0.536499

-0.901368 0.536499
-0.901123 0.536694

-0.901123 0.536695
-0.900984 0.536804

-0.900986 0.536804
-0.900818 0.536937

-0.900818 0.536938
-0.900603 0.537109

-0.900602 0.537109
-0.900513 0.53718

-0.900513 0.537181
-0.900219 0.537415

-0.900219 0.537415
-0.900208 0.537423

-0.900208 0.537424
-0.899902 0.537667

-0.899902 0.537667
-0.899836 0.53772

-0.899836 0.53772
-0.899597 0.53791

-0.899597 0.537911
-0.899452 0.538025

-0.899454 0.538025
-0.899292 0.538152

-0.899292 0.538153
-0.89907 0.53833

-0.89907 0.53833
-0.898987 0.538395

-0.898987 0.538396
-0.898686 0.538635

-0.898686 0.538635
-0.898682 0.538639

-0.898682 0.538639
-0.898376 0.538882

-0.898376 0.538882
-0.898303 0.53894

-0.898303 0.53894
-0.898071 0.539125

-0.898071 0.539126
-0.897919 0.539246

-0.897921 0.539246
-0.897766 0.539367

-0.897766 0.539368
-0.897536 0.539551

-0.897536 0.539551
-0.897461 0.53961

-0.897461 0.539611
-0.897156 0.539853

-0.897156 0.539853
-0.897153 0.539856

-0.897153 0.539856
-0.896851 0.540096

-0.896851 0.540096
-0.896768 0.540161

-0.896769 0.540161
-0.896545 0.540339

-0.896545 0.54034
-0.896384 0.540466

-0.896386 0.540466
-0.89624 0.54058

-0.89624 0.540582
-0.896002 0.540771

-0.896001 0.540771
-0.895935 0.540823

-0.895935 0.540824
-0.89563 0.541067

-0.89563 0.541067
-0.895618 0.541077

-0.895618 0.541077
-0.895325 0.541309

-0.895325 0.54131
-0.895233 0.541382

-0.895234 0.541382
-0.89502 0.541552

-0.89502 0.541553
-0.894849 0.541687

-0.894851 0.541687
-0.894714 0.541793

-0.894714 0.541795
-0.894466 0.541992

-0.894465 0.541992
-0.894409 0.542036

-0.894409 0.542037
-0.894104 0.542279

-0.894104 0.54228
-0.894081 0.542297

-0.894081 0.542297
-0.893799 0.542522

-0.893799 0.542522
-0.893697 0.542603

-0.893698 0.542603
-0.893494 0.542764

-0.893494 0.542765
-0.893313 0.542908

-0.893314 0.542908
-0.893188 0.543006

-0.893188 0.543007
-0.892929 0.543213

-0.892928 0.543213
-0.892883 0.543248

-0.892883 0.543249
-0.892578 0.543491

-0.892578 0.543491
-0.892544 0.543518

-0.892544 0.543518
-0.892273 0.543734

-0.892273 0.543734
-0.892159 0.543823

-0.89216 0.543823
-0.891968 0.543976

-0.891968 0.543976
-0.891775 0.544128

-0.891776 0.544128
-0.891663 0.544217

-0.891663 0.544218
-0.891391 0.544434

-0.89139 0.544434
-0.891357 0.544459

-0.891357 0.54446
-0.891052 0.544702

-0.891052 0.544702
-0.891006 0.544739

-0.891006 0.544739
-0.890747 0.544944

-0.890747 0.544945
-0.89062 0.545044

-0.890622 0.545044
-0.890442 0.545186

-0.890442 0.545187
-0.890237 0.545349

-0.890237 0.545349
-0.890137 0.545427

-0.890137 0.545428
-0.889852 0.545654

-0.889851 0.545654
-0.889832 0.54567

-0.889832 0.54567
-0.889526 0.545912

-0.889526 0.545913
-0.889467 0.545959

-0.889467 0.545959
-0.889221 0.546154

-0.889221 0.546155
-0.889081 0.546265

-0.889083 0.546265
-0.888916 0.546396

-0.888916 0.546396
-0.888697 0.54657

-0.888697 0.54657
-0.888611 0.546637

-0.888611 0.546638
-0.888312 0.546875

-0.888311 0.546875
-0.888306 0.54688

-0.888306 0.54688
-0.888 0.547122

-0.888 0.547122
-0.887926 0.54718

-0.887927 0.54718
-0.887695 0.547364

-0.887695 0.547364
-0.887541 0.547485

-0.887543 0.547485
-0.88739 0.547604

-0.88739 0.547605
-0.887156 0.547791

-0.887156 0.547791
-0.887085 0.547846

-0.887085 0.547847
-0.88678 0.548089

-0.88678 0.548089
-0.886771 0.548096

-0.886771 0.548096
-0.886475 0.54833

-0.886475 0.548331
-0.886385 0.548401

-0.886386 0.548401
-0.886169 0.548572

-0.886169 0.548573
-0.885999 0.548706

-0.886001 0.548706
-0.885864 0.548812

-0.885864 0.548814
-0.885615 0.549011

-0.885614 0.549011
-0.885559 0.549054

-0.885559 0.549055
-0.885254 0.549297

-0.885254 0.549297
-0.885229 0.549316

-0.885229 0.549316
-0.884949 0.549538

-0.884949 0.549539
-0.884842 0.549622

-0.884843 0.549622
-0.884644 0.549779

-0.884644 0.54978
-0.884457 0.549927

-0.884458 0.549927
-0.884338 0.55002

-0.884338 0.550021
-0.884072 0.550232

-0.884071 0.550232
-0.884033 0.550262

-0.884033 0.550262
-0.883728 0.550504

-0.883728 0.550504
-0.883686 0.550537

-0.883686 0.550537
-0.883423 0.550745

-0.883423 0.550746
-0.883299 0.550842

-0.8833 0.550842
-0.883118 0.550986

-0.883118 0.550987
-0.882914 0.551147

-0.882914 0.551147
-0.882812 0.551227

-0.882812 0.551228
-0.882528 0.551453

-0.882527 0.551453
-0.882507 0.551468

-0.882507 0.551469
-0.882202 0.55171

-0.882202 0.55171
-0.882141 0.551758

-0.882142 0.551758
-0.881897 0.551951

-0.881897 0.551952
-0.881754 0.552063

-0.881756 0.552063
-0.881592 0.552192

-0.881592 0.552193
-0.881369 0.552368

-0.881369 0.552368
-0.881287 0.552433

-0.881287 0.552433
-0.880983 0.552673

-0.880983 0.552673
-0.880981 0.552674

-0.880981 0.552675
-0.880676 0.552916

-0.880676 0.552916
-0.880596 0.552979

-0.880597 0.552979
-0.880371 0.553157

-0.880371 0.553157
-0.880209 0.553284

-0.880211 0.553284
-0.880066 0.553396

-0.880066 0.553398
-0.879824 0.553589

-0.879823 0.553589
-0.879761 0.553638

-0.879761 0.553639
-0.879456 0.553879

-0.879456 0.553879
-0.879437 0.553894

-0.879437 0.553894
-0.87915 0.55412

-0.87915 0.554121
-0.87905 0.554199

-0.879051 0.554199
-0.878845 0.554361

-0.878845 0.554362
-0.878664 0.554504

-0.878665 0.554504
-0.87854 0.554601

-0.87854 0.554602
-0.878277 0.55481

-0.878276 0.55481
-0.878235 0.554842

-0.878235 0.554843
-0.87793 0.555084

-0.87793 0.555084
-0.87789 0.555115

-0.87789 0.555115
-0.877625 0.555324

-0.877625 0.555325
-0.877502 0.55542

-0.877504 0.55542
-0.877319 0.555565

-0.877319 0.555565
-0.877117 0.555725

-0.877117 0.555725
-0.877014 0.555805

-0.877014 0.555806
-0.876729 0.55603

-0.876729 0.55603
-0.876709 0.556046

-0.876709 0.556046
-0.876404 0.556287

-0.876404 0.556287
-0.876342 0.556335

-0.876342 0.556335
-0.876099 0.556528

-0.876099 0.556529
-0.875954 0.556641

-0.875956 0.556641
-0.875793 0.556767

-0.875793 0.556768
-0.875568 0.556946

-0.875568 0.556946
-0.875488 0.557008

-0.875488 0.557009
-0.875183 0.557249

-0.875183 0.557249
-0.875181 0.557251

-0.875181 0.557251
-0.874878 0.55749

-0.874878 0.55749
-0.874793 0.557556

-0.874794 0.557556
-0.874573 0.55773

-0.874573 0.557731
-0.874406 0.557861

-0.874407 0.557861
-0.874268 0.557969

-0.874268 0.557971
-0.874019 0.558167

-0.874018 0.558167
-0.873962 0.55821

-0.873962 0.558211
-0.873657 0.558451

-0.873657 0.558451
-0.873631 0.558472

-0.873631 0.558472
-0.873352 0.558692

-0.873352 0.558692
-0.873243 0.558777

-0.873244 0.558777
-0.873047 0.558932

-0.873047 0.558932
-0.872856 0.559082

-0.872857 0.559082
-0.872742 0.559171

-0.872742 0.559172
-0.872469 0.559387

-0.872468 0.559387
-0.872437 0.559412

-0.872437 0.559412
-0.872131 0.559653

-0.872131 0.559653
-0.87208 0.559692

-0.872081 0.559692
-0.871826 0.559893

-0.871826 0.559894
-0.871692 0.559998

-0.871694 0.559998
-0.871521 0.560132

-0.871521 0.560133
-0.871305 0.560303

-0.871305 0.560303
-0.871216 0.560372

-0.871216 0.560373
-0.870917 0.560608

-0.870917 0.560608
-0.870911 0.560613

-0.870911 0.560613
-0.870605 0.560853

-0.870605 0.560853
-0.870529 0.560913

-0.870529 0.560913
-0.8703 0.561093

-0.8703 0.561094
-0.87014 0.561218

-0.870142 0.561218
-0.869995 0.561332

-0.869995 0.561333
-0.869753 0.561523

-0.869753 0.561523
-0.86969 0.561572

-0.86969 0.561573
-0.869385 0.561813

-0.869385 0.561813
-0.869365 0.561829

-0.869365 0.561829
-0.86908 0.562053

-0.86908 0.562053
-0.868976 0.562134

-0.868977 0.562134
-0.868774 0.562293

-0.868774 0.562293
-0.868588 0.562439

-0.868589 0.562439
-0.868469 0.562532

-0.868469 0.562533
-0.8682 0.562744

-0.8682 0.562744
-0.868164 0.562772

-0.868164 0.562772
-0.867859 0.563012

-0.867859 0.563012
-0.867812 0.563049

-0.867812 0.563049
-0.867554 0.563252

-0.867554 0.563253
-0.867422 0.563354

-0.867424 0.563354
-0.867249 0.563491

-0.867249 0.563492
-0.867035 0.56366

-0.867035 0.56366
-0.866943 0.563731

-0.866943 0.563731
-0.866646 0.563965

-0.866646 0.563965
-0.866638 0.563971

-0.866638 0.563971
-0.866333 0.564211

-0.866333 0.564211
-0.866257 0.56427

-0.866258 0.56427
-0.866028 0.56445

-0.866028 0.564451
-0.865868 0.564575

-0.86587 0.564575
-0.865723 0.564689

-0.865723 0.56469
-0.86548 0.56488

-0.86548 0.56488
-0.865417 0.564929

-0.865417 0.56493
-0.865112 0.565169

-0.865112 0.565169
-0.865091 0.565186

-0.865091 0.565186
-0.864807 0.565409

-0.864807 0.565409
-0.864702 0.565491

-0.864703 0.565491
-0.864502 0.565648

-0.864502 0.565649
-0.864314 0.565796

-0.864314 0.565796
-0.864197 0.565886

-0.864197 0.565888
-0.863925 0.566101

-0.863924 0.566101
-0.863892 0.566126

-0.863892 0.566127
-0.863586 0.566366

-0.863586 0.566367
-0.863535 0.566406

-0.863536 0.566406
-0.863281 0.566606

-0.863281 0.566607
-0.863145 0.566711

-0.863147 0.566711
-0.862976 0.566845

-0.862976 0.566845
-0.862758 0.567017

-0.862757 0.567017
-0.862671 0.567084

-0.862671 0.567084
-0.862368 0.567322

-0.862368 0.567322
-0.862366 0.567324

-0.862366 0.567324
-0.862061 0.567563

-0.862061 0.567563
-0.861978 0.567627

-0.861979 0.567627
-0.861755 0.567802

-0.861755 0.567803
-0.861589 0.567932

-0.861591 0.567932
-0.86145 0.56804

-0.86145 0.568042
-0.8612 0.568237

-0.8612 0.568237
-0.861145 0.56828

-0.861145 0.568281
-0.86084 0.56852

-0.86084 0.56852
-0.860811 0.568542

-0.860811 0.568542
-0.860535 0.568759

-0.860535 0.56876
-0.86042 0.568848

-0.860422 0.568848
-0.860229 0.568998

-0.860229 0.568998
-0.860032 0.569153

-0.860032 0.569153
-0.859924 0.569236

-0.859924 0.569237
-0.859642 0.569458

-0.859642 0.569458
-0.859619 0.569476

-0.859619 0.569476
-0.859314 0.569715

-0.859314 0.569715
-0.859252 0.569763

-0.859253 0.569763
-0.859009 0.569954

-0.859009 0.569955
-0.858862 0.570068

-0.858864 0.570068
-0.858704 0.570192

-0.858704 0.570193
-0.858473 0.570374

-0.858473 0.570374
-0.858398 0.570431

-0.858398 0.570432
-0.858093 0.570671

-0.858093 0.570671
-0.858083 0.570679

-0.858083 0.570679
-0.857788 0.57091

-0.857788 0.57091
-0.857693 0.570984

-0.857693 0.570984
-0.857483 0.571149

-0.857483 0.571149
-0.857303 0.571289

-0.857304 0.571289
-0.857178 0.571386

-0.857178 0.571387
-0.856914 0.571594

-0.856913 0.571594
-0.856873 0.571626

-0.856873 0.571626
-0.856567 0.571865

-0.856567 0.571865
-0.856523 0.571899

-0.856523 0.571899
-0.856262 0.572104

-0.856262 0.572105
-0.856132 0.572205

-0.856134 0.572205
-0.855957 0.572342

-0.855957 0.572343
-0.855743 0.57251

-0.855743 0.57251
-0.855652 0.57258

-0.855652 0.572581
-0.855353 0.572815

-0.855353 0.572815
-0.855347 0.57282

-0.855347 0.57282
-0.855042 0.573058

-0.855042 0.573059
-0.854962 0.57312

-0.854963 0.57312
-0.854736 0.573297

-0.854736 0.573298
-0.854572 0.573425

-0.854573 0.573425
-0.854431 0.573535

-0.854431 0.573536
-0.854182 0.57373

-0.854181 0.57373
-0.854126 0.573773

-0.854126 0.573774
-0.853821 0.574013

-0.853821 0.574013
-0.853791 0.574036

-0.853792 0.574036
-0.853516 0.574251

-0.853516 0.574252
-0.8534 0.574341

-0.853401 0.574341
-0.85321 0.57449

-0.85321 0.57449
-0.853011 0.574646

-0.853011 0.574646
-0.852905 0.574727

-0.852905 0.574728
-0.85262 0.574951

-0.852619 0.574951
-0.8526 0.574966

-0.8526 0.574967
-0.852295 0.575205

-0.852295 0.575205
-0.852229 0.575256

-0.852229 0.575256
-0.85199 0.575443

-0.85199 0.575444
-0.851838 0.575562

-0.851839 0.575562
-0.851685 0.575681

-0.851685 0.575682
-0.851448 0.575867

-0.851447 0.575867
-0.851379 0.575919

-0.851379 0.57592
-0.851074 0.576158

-0.851074 0.576158
-0.851057 0.576172

-0.851057 0.576172
-0.850769 0.576397

-0.850769 0.576397
-0.850665 0.576477

-0.850666 0.576477
-0.850464 0.576635

-0.850464 0.576635
-0.850275 0.576782

-0.850276 0.576782
-0.850159 0.576872

-0.850159 0.576873
-0.849884 0.577087

-0.849884 0.577087
-0.849854 0.577111

-0.849854 0.577111
-0.849548 0.57735

-0.849548 0.57735
-0.849493 0.577393

-0.849493 0.577393
-0.849243 0.577588

-0.849243 0.577589
-0.849101 0.577698

-0.849103 0.577698
-0.848938 0.577825

-0.848938 0.577826
-0.848711 0.578003

-0.848711 0.578003
-0.848633 0.578063

-0.848633 0.578064
-0.848328 0.578302

-0.848328 0.578302
-0.84832 0.578308

-0.84832 0.578308
-0.848022 0.57854

-0.848022 0.578541
-0.847928 0.578613

-0.847929 0.578613
-0.847717 0.578778

-0.847717 0.578779
-0.847537 0.578918

-0.847538 0.578918
-0.847412 0.579015

-0.847412 0.579016
-0.847146 0.579224

-0.847145 0.579224
-0.847107 0.579253

-0.847107 0.579254
-0.846802 0.579492

-0.846802 0.579492
-0.846754 0.579529

-0.846755 0.579529
-0.846497 0.57973

-0.846497 0.579731
-0.846362 0.579834

-0.846364 0.579834
-0.846191 0.579968

-0.846191 0.579968
-0.845972 0.580139

-0.845972 0.580139
-0.845886 0.580205

-0.845886 0.580206
-0.845581 0.580444

-0.845581 0.580444
-0.84558 0.580444

-0.84558 0.580444
-0.845276 0.580682

-0.845276 0.580682
-0.845188 0.58075

-0.845189 0.58075
-0.844971 0.580919

-0.844971 0.58092
-0.844797 0.581055

-0.844798 0.581055
-0.844666 0.581156

-0.844666 0.581157
-0.844405 0.58136

-0.844405 0.58136
-0.84436 0.581394

-0.84436 0.581395
-0.844055 0.581633

-0.844055 0.581633
-0.844013 0.581665

-0.844014 0.581665
-0.84375 0.58187

-0.84375 0.581871
-0.84362 0.58197

-0.843622 0.58197
-0.843445 0.582108

-0.843445 0.582108
-0.84323 0.582275

-0.84323 0.582275
-0.84314 0.582345

-0.84314 0.582346
-0.842838 0.582581

-0.842838 0.582581
-0.842834 0.582583

-0.842834 0.582583
-0.842529 0.582821

-0.842529 0.582821
-0.842446 0.582886

-0.842446 0.582886
-0.842224 0.583059

-0.842224 0.583059
-0.842054 0.583191

-0.842055 0.583191
-0.841919 0.583295

-0.841919 0.583296
-0.841662 0.583496

-0.841662 0.583496
-0.841614 0.583533

-0.841614 0.583534
-0.841309 0.583771

-0.841309 0.583771
-0.84127 0.583801

-0.84127 0.583801
-0.841003 0.584009

-0.841003 0.58401
-0.840877 0.584106

-0.840878 0.584106
-0.840698 0.584246

-0.840698 0.584246
-0.840486 0.584412

-0.840486 0.584412
-0.840393 0.584483

-0.840393 0.584484
-0.840093 0.584717

-0.840093 0.584717
-0.840088 0.584721

-0.840088 0.584721
-0.839783 0.584959

-0.839783 0.584959
-0.839701 0.585022

-0.839701 0.585022
-0.839478 0.585196

-0.839478 0.585196
-0.839308 0.585327

-0.83931 0.585327
-0.839172 0.585432

-0.839172 0.585433
-0.838917 0.585632

-0.838916 0.585632
-0.838867 0.58567

-0.838867 0.585671
-0.838562 0.585908

-0.838562 0.585908
-0.838524 0.585938

-0.838524 0.585938
-0.838257 0.586145

-0.838257 0.586146
-0.83813 0.586243

-0.838132 0.586243
-0.837952 0.586382

-0.837952 0.586383
-0.837739 0.586548

-0.837739 0.586548
-0.837646 0.586619

-0.837646 0.58662
-0.837347 0.586853

-0.837346 0.586853
-0.837341 0.586857

-0.837341 0.586857
-0.837036 0.587094

-0.837036 0.587095
-0.836953 0.587158

-0.836954 0.587158
-0.836731 0.587332

-0.836731 0.587332
-0.836561 0.587463

-0.836562 0.587463
-0.836426 0.587568

-0.836426 0.587569
-0.836169 0.587769

-0.836168 0.587769
-0.836121 0.587805

-0.836121 0.587806
-0.835815 0.588043

-0.835815 0.588043
-0.835776 0.588074

-0.835776 0.588074
-0.83551 0.58828

-0.83551 0.588281
-0.835382 0.588379

-0.835383 0.588379
-0.835205 0.588517

-0.835205 0.588517
-0.83499 0.588684

-0.83499 0.588684
-0.8349 0.588753

-0.8349 0.588754
-0.834597 0.588989

-0.834597 0.588989
-0.834595 0.588991

-0.834595 0.588991
-0.83429 0.589228

-0.83429 0.589229
-0.834204 0.589294

-0.834204 0.589294
-0.833984 0.589465

-0.833984 0.589466
-0.833811 0.5896

-0.833812 0.5896
-0.833679 0.589701

-0.833679 0.589702
-0.833418 0.589905

-0.833418 0.589905
-0.833374 0.589938

-0.833374 0.589939
-0.833069 0.590176

-0.833069 0.590176
-0.833025 0.59021

-0.833025 0.59021
-0.832764 0.590413

-0.832764 0.590414
-0.832631 0.590515

-0.832633 0.590515
-0.832458 0.59065

-0.832458 0.59065
-0.832239 0.59082

-0.832239 0.59082
-0.832153 0.590886

-0.832153 0.590887
-0.831848 0.591124

-0.831848 0.591124
-0.831846 0.591125

-0.831846 0.591125
-0.831543 0.59136

-0.831543 0.591361
-0.831452 0.591431

-0.831453 0.591431
-0.831238 0.591597

-0.831238 0.591598
-0.831059 0.591736

-0.83106 0.591736
-0.830933 0.591833

-0.830933 0.591834
-0.830666 0.592041

-0.830665 0.592041
-0.830627 0.59207

-0.830627 0.592071
-0.830322 0.592308

-0.830322 0.592308
-0.830272 0.592346

-0.830272 0.592346
-0.830017 0.592544

-0.830017 0.592545
-0.829878 0.592651

-0.82988 0.592651
-0.829712 0.592781

-0.829712 0.592781
-0.829486 0.592957

-0.829485 0.592957
-0.829407 0.593017

-0.829407 0.593018
-0.829102 0.593254

-0.829102 0.593254
-0.829092 0.593262

-0.829092 0.593262
-0.828796 0.593491

-0.828796 0.593491
-0.828698 0.593567

-0.828699 0.593567
-0.828491 0.593728

-0.828491 0.593728
-0.828305 0.593872

-0.828306 0.593872
-0.828186 0.593963

-0.828186 0.593964
-0.827911 0.594177

-0.827911 0.594177
-0.827881 0.5942

-0.827881 0.594201
-0.827576 0.594437

-0.827576 0.594437
-0.827517 0.594482

-0.827518 0.594482
-0.827271 0.594674

-0.827271 0.594675
-0.827123 0.594788

-0.827125 0.594788
-0.826965 0.59491

-0.826965 0.594911
-0.82673 0.595093

-0.82673 0.595093
-0.82666 0.595146

-0.82666 0.595147
-0.826355 0.595383

-0.826355 0.595383
-0.826336 0.595398

-0.826336 0.595398
-0.82605 0.59562

-0.82605 0.59562
-0.825941 0.595703

-0.825942 0.595703
-0.825745 0.595856

-0.825745 0.595857
-0.825549 0.596008

-0.825549 0.596008
-0.825439 0.596092

-0.825439 0.596093
-0.825155 0.596313

-0.825154 0.596313
-0.825134 0.596329

-0.825134 0.596329
-0.824829 0.596566

-0.824829 0.596566
-0.82476 0.596619

-0.824761 0.596619
-0.824524 0.596802

-0.824524 0.596802
-0.824366 0.596924

-0.824367 0.596924
-0.824219 0.597037

-0.824219 0.597038
-0.823973 0.597229

-0.823972 0.597229
-0.823914 0.597274

-0.823914 0.597275
-0.823608 0.597511

-0.823608 0.597511
-0.823578 0.597534

-0.823578 0.597534
-0.823303 0.597747

-0.823303 0.597748
-0.823183 0.597839

-0.823184 0.597839
-0.822998 0.597983

-0.822998 0.597984
-0.82279 0.598145

-0.82279 0.598145
-0.822693 0.598219

-0.822693 0.59822
-0.822396 0.59845

-0.822395 0.59845
-0.822388 0.598456

-0.822388 0.598456
-0.822083 0.598692

-0.822083 0.598692
-0.822001 0.598755

-0.822002 0.598755
-0.821777 0.598928

-0.821777 0.598929
-0.821607 0.59906

-0.821608 0.59906
-0.821472 0.599163

-0.821472 0.599165
-0.821213 0.599365

-0.821212 0.599365
-0.821167 0.5994

-0.821167 0.599401
-0.820862 0.599637

-0.820862 0.599637
-0.820818 0.59967

-0.820818 0.59967
-0.820557 0.599873

-0.820557 0.599874
-0.820423 0.599976

