-1.63424 0.0
-1.63423 0.000610352

-1.63423 0.000610352
-1.6342 0.0012207

-1.6342 0.0012207
-1.63416 0.00183105

-1.63416 0.00183105
-1.63416 0.00184965

-1.63416 0.00185037
-1.63409 0.00244141

-1.63409 0.00244141
-1.63401 0.00305176

-1.63401 0.00305176
-1.63391 0.00366211

-1.63391 0.00366211
-1.63378 0.00427246

-1.63378 0.00427246
-1.63363 0.00488281

-1.63363 0.00488281
-1.63354 0.00518793

-1.63354 0.00519069
-1.63346 0.00549316

-1.63346 0.00549316
-1.63326 0.00610352

-1.63326 0.00610352
-1.63303 0.00671387

-1.63303 0.00671387
-1.63293 0.00692292

-1.63293 0.00692531
-1.63276 0.00732422

-1.63276 0.00732422
-1.63246 0.00793457

-1.63246 0.00793457
-1.63232 0.00817008

-1.63232 0.00817297
-1.63211 0.00854492

-1.63211 0.00854492
-1.63172 0.00915527

-1.63172 0.00915527
-1.63171 0.0091615

-1.63171 0.00916259
-1.63126 0.00976562

-1.63126 0.00976562
-1.6311 0.00995686

-1.6311 0.00995393
-1.63074 0.010376

-1.63074 0.010376
-1.63049 0.0106289

-1.63049 0.0106281
-1.63011 0.0109863

-1.63012 0.0109863
-1.62988 0.0111955

-1.62988 0.0111977
-1.62938 0.0115967

-1.62938 0.0115967
-1.62927 0.0116785

-1.62927 0.0116789
-1.62866 0.0120929

-1.62866 0.012091
-1.62846 0.012207

-1.62846 0.012207
-1.62805 0.0124448

-1.62805 0.0124427
-1.62744 0.0127425

-1.62744 0.0127412
-1.62726 0.0128174

-1.62726 0.0128174
-1.62683 0.0129939

-1.62683 0.0129916
-1.62622 0.0132012

-1.62622 0.0132017
-1.62561 0.013372

-1.62561 0.0133698
-1.62534 0.0134277

-1.62535 0.0134277
-1.625 0.0135042

-1.625 0.013502
-1.62439 0.0136006

-1.62439 0.0136006
-1.62378 0.0136682

-1.62378 0.013668
-1.62317 0.0137051

-1.62317 0.0137048
-1.62256 0.0137126

-1.62256 0.0137124
-1.62195 0.0136922

-1.62195 0.013692
-1.62134 0.0136446

-1.62134 0.0136445
-1.62073 0.0135707

-1.62073 0.0135703
-1.62012 0.0134709

-1.61951 0.0133482
-1.6199 0.0134277

-1.61951 0.0133461
-1.6189 0.0131972

-1.62012 0.0134676
-1.61992 0.0134277

-1.6189 0.0131975
-1.61829 0.0130242

-1.61829 0.0130243
-1.61768 0.012826

-1.61584 0.0120837
-1.61612 0.012207

-1.61584 0.0120827
-1.61523 0.0117859

-1.61707 0.0126029
-1.61765 0.0128174

-1.61768 0.0128211
-1.61767 0.0128174

-1.61707 0.0126028
-1.61646 0.0123556

-1.61646 0.0123559
-1.61612 0.012207

-1.61157 0.00947534
-1.61197 0.00976562

-1.61035 0.00850273
-1.6104 0.00854492

-1.61096 0.00900162
-1.61116 0.00915527

-1.61157 0.00947845
-1.61115 0.00915527

-1.61096 0.00900415
-1.6104 0.00854492

-1.60547 0.00363579
-1.60549 0.00366211

-1.60608 0.0043102
-1.6066 0.00488281

-1.60549 0.00366211
-1.60605 0.00427246

-1.60608 0.00433057
-1.60603 0.00427246

-1.60852 0.00685549
-1.60902 0.00732422

-1.60791 0.00625298
-1.60838 0.00671387

-1.60852 0.00686538
-1.60836 0.00671387

-1.61035 0.0085039
-1.60974 0.0079797

-1.60913 0.00743035
-1.60969 0.00793457

-1.60974 0.00799133
-1.60968 0.00793457

-1.60913 0.00744076
-1.609 0.00732422

-1.6073 0.00562419
-1.60776 0.00610352

-1.60669 0.00497514
-1.60717 0.00549316

-1.6073 0.0056399
-1.60716 0.00549316

-1.60791 0.00626495
-1.60775 0.00610352

-1.60669 0.00499276
-1.60659 0.00488281

-1.61462 0.0114643
-1.61487 0.0115967

-1.61523 0.0117877
-1.61487 0.0115967

-1.61462 0.0114639
-1.61401 0.0111165

-1.6134 0.0107445
-1.6138 0.0109863

-1.61279 0.0103467
-1.61284 0.010376

-1.6134 0.0107463
-1.61284 0.010376

-1.61401 0.0111193
-1.61379 0.0109863

-1.61279 0.0103461
-1.61218 0.00992313

-1.61218 0.00992616
-1.61196 0.00976562

-1.60425 0.00240671
-1.60429 0.00244141

-1.60425 0.00240854
-1.60364 0.00192273

-1.60303 0.00153157
-1.60352 0.00183105

-1.60364 0.00196163
-1.60342 0.00183105

-1.60486 0.00299007
-1.60492 0.00305176

-1.60547 0.00363625
-1.60491 0.00305176

-1.60486 0.00299218
-1.60427 0.00244141

-1.60547 0.0036688
-1.60546 0.00366211

-1.60425 0.00245848
-1.60423 0.00244141

-1.60181 0.00116683
-1.60202 0.0012207

-1.60303 0.0015493
-1.60242 0.00131078

-1.60242 0.0013379
-1.60196 0.0012207

-1.60181 0.00116933
-1.6012 0.00106368

-1.6012 0.00106996
-1.60059 0.00101793

-1.60059 0.00102242
-1.59998 0.00100246

-1.59998 0.00100483
-1.59937 0.00100322

-1.59937 0.0010045
-1.59875 0.00101396

-1.59875 0.0010147
-1.59814 0.00103122

-1.59814 0.00103167
-1.59753 0.00105289

-1.59753 0.00105318
-1.59692 0.00107762

-1.59692 0.00107782
-1.59631 0.00110449

-1.59631 0.00110465
-1.5957 0.00113282

-1.5957 0.00113294
-1.59509 0.00116205

-1.59509 0.00116201
-1.59448 0.00119191

-1.59448 0.00119283
-1.59388 0.0012207

-1.59397 0.0012207
-1.59387 0.00122533

-1.59387 0.00122208
-1.59326 0.0012445

-1.59326 0.00124307
-1.59265 0.0012612

-1.59265 0.00126113
-1.59204 0.00127797

-1.59204 0.00127795
-1.59143 0.00129366

-1.59143 0.00129364
-1.59082 0.00130832

-1.59082 0.0013083
-1.59021 0.00132202

-1.59021 0.00132201
-1.5896 0.00133485

-1.5896 0.00133484
-1.58899 0.00134682

-1.58899 0.00134682
-1.58838 0.00135794

-1.58838 0.00135795
-1.58777 0.00136818

-1.58777 0.0013682
-1.58716 0.0013775

-1.58716 0.00137754
-1.58655 0.00138579

-1.58655 0.00138585
-1.58594 0.00139285

-1.58594 0.00139295
-1.58533 0.00139839

-1.58533 0.00139854
-1.58472 0.00140194

-1.58472 0.00140215
-1.58411 0.0014028

-1.58411 0.00140307
-1.5835 0.0014

-1.5835 0.00140034
-1.58289 0.00139232

-1.58289 0.0013927
-1.58228 0.00137831

-1.58228 0.00137868
-1.58167 0.00135644

-1.58167 0.00135671
-1.58105 0.00132535

-1.58105 0.00132565
-1.58044 0.00128404

-1.58044 0.00128626
-1.57983 0.00122938

-1.57922 0.00115526
-1.5798 0.0012207

-1.57922 0.0011546
-1.57861 0.00108218

-1.57983 0.00123307
-1.57973 0.0012207

-1.57861 0.00108103
-1.578 0.00101145

-1.578 0.00101045
-1.57739 0.000947991

-1.57739 0.000947368
-1.57678 0.000895271

-1.57678 0.00089507
-1.57617 0.000854983

-1.57617 0.000855259
-1.57556 0.000827031

-1.57556 0.000827567
-1.57495 0.000809574

-1.57495 0.00081023
-1.57434 0.000800087

-1.57434 0.000800719
-1.57373 0.000795851

-1.57373 0.000796364
-1.57312 0.000794482

-1.57312 0.000794841
-1.57251 0.000794203

-1.57251 0.000794414
-1.5719 0.000793881

-1.5719 0.000793975
-1.57129 0.000792934

-1.57129 0.000792946
-1.57068 0.000791183

-1.57068 0.000791146
-1.57007 0.000788712

-1.57007 0.000788651
-1.56946 0.000785744

-1.56946 0.000785677
-1.56885 0.000782554

-1.56885 0.000782494
-1.56824 0.000779409

-1.56824 0.000779361
-1.56763 0.00077653

-1.56763 0.000776495
-1.56702 0.000774085

-1.56702 0.000774065
-1.56641 0.000772183

-1.56641 0.00077218
-1.5658 0.000770869

-1.5658 0.000770879
-1.56519 0.000770124

-1.56519 0.000770138
-1.56458 0.000769888

-1.56458 0.000769903
-1.56396 0.000770098

-1.56396 0.000770112
-1.56335 0.000770692

-1.56335 0.000770706
-1.56274 0.000771616

-1.56274 0.000771616
-1.56213 0.000772828

-1.56213 0.000772809
-1.56152 0.00077436

-1.56152 0.000774312
-1.56091 0.000776336

-1.56091 0.000776264
-1.5603 0.000778999

-1.5603 0.000778907
-1.55969 0.00078268

-1.55969 0.000782598
-1.55908 0.000787757

-1.55908 0.000787679
-1.55847 0.000794542

-1.55847 0.000794481
-1.55786 0.000803326

-1.55786 0.000803251
-1.55725 0.000814352

-1.55725 0.000814296
-1.55664 0.000827916

-1.55664 0.000827856
-1.55603 0.000844225

-1.55603 0.000844247
-1.55542 0.00086344

-1.55542 0.000863512
-1.55481 0.00088534

-1.55481 0.000885591
-1.5542 0.000909409

-1.5542 0.000909698
-1.55359 0.000934424

-1.55359 0.000934934
-1.55298 0.00095897

-1.55298 0.000959538
-1.55237 0.000980727

-1.55237 0.000981612
-1.55176 0.000997047

-1.55176 0.000997613
-1.55115 0.0010044

-1.55115 0.00100548
-1.55054 0.00100031

-1.55054 0.00100029
-1.54993 0.00098105

-1.54993 0.000981665
-1.54932 0.000947168

-1.54932 0.000945747
-1.54871 0.000897605

-1.54871 0.000896883
-1.5481 0.000839385

-1.5481 0.000836843
-1.54749 0.00077652

-1.54749 0.000777201
-1.54688 0.000717774

-1.54688 0.000717192
-1.54626 0.000658461

-1.54565 0.00059477
-1.54577 0.000610352

-1.54626 0.00066144
-1.54576 0.000610352

-1.54565 0.000594264
-1.54535 0.000565614

-1.54535 0.000563438
-1.54504 0.000533241

-1.54504 0.000533315
-1.54474 0.000505773

-1.54474 0.000505841
-1.54443 0.000480668

-1.54443 0.000480669
-1.54413 0.000457727

-1.54413 0.000457678
-1.54382 0.000437064

-1.54382 0.000437087
-1.54352 0.000418854

-1.54352 0.000418864
-1.54321 0.000402946

-1.54321 0.000402966
-1.54291 0.000389305

-1.54291 0.000389337
-1.5426 0.00037783

-1.5426 0.000377873
-1.5423 0.000368371

-1.5423 0.000368429
-1.54199 0.000360733

-1.54199 0.000360809
-1.54169 0.000354655

-1.54169 0.000354747
-1.54138 0.000349797

-1.54138 0.000349892
-1.54108 0.00034577

-1.54108 0.000345837
-1.54077 0.000342218

-1.54077 0.000342226
-1.54047 0.000338962

-1.54047 0.000338899
-1.54016 0.000336101

-1.54016 0.000336006
-1.53986 0.000333991

-1.53986 0.000334433
-1.53955 0.000332506

-1.53955 0.000334064
-1.53925 0.000328222

-1.53925 0.000329483
-1.53894 0.000314087

-1.53864 0.000290256
-1.53887 0.000305176

-1.53894 0.000310455
-1.53882 0.000305176

-1.53864 0.000299725
-1.53833 0.000289131

-1.53864 0.000305411
-1.53862 0.000305176

-1.53833 0.000286881
-1.53802 0.000291617

-1.53802 0.000301537
-1.53772 0.000296796

-1.53772 0.000289446
-1.53741 0.000279569

-1.53741 0.000289521
-1.53711 0.000289059

-1.53711 0.000277082
-1.5368 0.000291009

-1.5368 0.000304906
-1.5365 0.000301525

-1.5365 0.000286006
-1.53619 0.000275323

-1.53589 0.000279461
-1.53619 0.000305176

-1.53619 0.000307906
-1.53613 0.000305176

-1.53558 0.000131976
-1.53576 0.000305176

-1.53589 0.000308607
-1.53588 0.000305176

-1.53558 0.000179271
-1.5355 0.0

-1.49316 0.00723541
-1.4933 0.00732422

-1.49469 0.00854105
-1.49469 0.00854492

-1.49438 0.00820688
-1.49442 0.00823975

-1.49469 0.00854035
-1.49442 0.00823975

-1.495 0.00895468
-1.49513 0.00915527

-1.4953 0.00947805
-1.49543 0.00976562

-1.49512 0.00915527
-1.49529 0.00946045

-1.4953 0.00947902
-1.49529 0.00946045

-1.49469 0.00854492
-1.49493 0.0088501

-1.495 0.00895536
-1.49493 0.0088501

-1.49469 0.0085456
-1.49469 0.00854492

-1.49408 0.00791694
-1.4941 0.00793457

-1.49408 0.00791642
-1.49377 0.00766215

-1.49438 0.00820436
-1.4941 0.00793457

-1.49347 0.0074374
-1.49373 0.00762939

-1.49377 0.00766273
-1.49373 0.00762939

-1.49347 0.0074365
-1.4933 0.00732422

-1.49316 0.00723332
-1.49286 0.00704645

-1.49255 0.00687594
-1.49281 0.00701904

-1.49286 0.00704636
-1.49281 0.00701904

-1.49194 0.00656759
-1.49224 0.00671387

-1.49255 0.00687475
-1.49225 0.00671493

-1.49225 0.0067154
-1.49225 0.00671387

-1.49072 0.00605182
-1.49086 0.00610352

-1.49194 0.00656638
-1.49164 0.00642601

-1.49133 0.0062957
-1.49159 0.00640869

-1.49164 0.00642604
-1.4916 0.00640869

-1.49133 0.00629498
-1.49103 0.00616932

-1.49103 0.00616871
-1.49086 0.00610352

-1.49072 0.00605146
-1.49042 0.00593764

-1.49042 0.00593694
-1.49011 0.00582808

-1.48981 0.00572524
-1.49002 0.00579834

-1.49011 0.00582793
-1.49003 0.00579834

-1.48981 0.00572508
-1.4895 0.00562453

-1.48889 0.00543533
-1.48908 0.00549316

-1.4895 0.00562408
-1.4892 0.00552739

-1.4892 0.00552727
-1.48908 0.00549316

-1.48889 0.00543527
-1.48859 0.00534491

-1.48859 0.00534458
-1.48828 0.00525683

-1.49561 0.0102717
-1.49564 0.010376

-1.49564 0.010376
-1.49571 0.0106812

-1.49571 0.0106812
-1.49576 0.0109863

-1.49576 0.0109863
-1.49579 0.0112915

-1.49579 0.0112915
-1.49581 0.0115967

-1.49581 0.0115967
-1.49582 0.0119019

-1.49581 0.0119019
-1.49581 0.012207

-1.49581 0.012207
-1.49578 0.0125122

-1.49578 0.0125122
-1.49575 0.0128174

-1.49575 0.0128174
-1.4957 0.0131226

-1.4957 0.0131226
-1.49565 0.0134277

-1.49565 0.0134277
-1.49561 0.0136269

-1.49543 0.00976562
-1.49555 0.0100708

-1.49561 0.0102715
-1.49555 0.0100708

-1.49561 0.0136254
-1.49558 0.0137329

-1.49558 0.0137329
-1.49551 0.0140381

-1.49551 0.0140381
-1.49542 0.0143433

-1.49542 0.0143433
-1.49533 0.0146484

-1.49533 0.0146484
-1.4953 0.0147401

-1.4953 0.0147385
-1.49523 0.0149536

-1.49523 0.0149536
-1.49512 0.0152588

-1.49512 0.0152588
-1.495 0.015564

-1.495 0.015564
-1.495 0.0155864

-1.495 0.0155845
-1.49488 0.0158691

-1.49488 0.0158691
-1.49475 0.0161743

-1.49475 0.0161743
-1.49469 0.0163045

-1.49469 0.0163033
-1.49461 0.0164795

-1.49461 0.0164795
-1.49447 0.0167847

-1.49447 0.0167847
-1.49438 0.0169506

-1.49438 0.0169496
-1.49432 0.0170898

-1.49432 0.0170898
-1.49416 0.017395

-1.49416 0.017395
-1.49408 0.017546

-1.49408 0.0175451
-1.494 0.0177002

-1.494 0.0177002
-1.49383 0.0180054

-1.49383 0.0180054
-1.49377 0.0181041

-1.49377 0.0181029
-1.49366 0.0183105

-1.49366 0.0183105
-1.49348 0.0186157

-1.49348 0.0186157
-1.49347 0.0186333

-1.49347 0.0186314
-1.4933 0.0189209

-1.4933 0.0189209
-1.49316 0.0191348

-1.49316 0.0191342
-1.49311 0.0192261

-1.49311 0.0192261
-1.49292 0.0195312

-1.49292 0.0195312
-1.49286 0.0196199

-1.49286 0.0196183
-1.49272 0.0198364

-1.49272 0.0198364
-1.49255 0.0200862

-1.49255 0.0200853
-1.49252 0.0201416

-1.49252 0.0201416
-1.49231 0.0204468

-1.49231 0.0204468
-1.49225 0.0205408

-1.49225 0.020539
-1.4921 0.020752

-1.4921 0.020752
-1.49194 0.0209804

-1.49194 0.0209791
-1.49189 0.0210571

-1.49189 0.0210571
-1.49167 0.0213623

-1.49167 0.0213623
-1.49164 0.0214116

-1.49164 0.0214104
-1.49145 0.0216675

-1.49145 0.0216675
-1.49133 0.0218313

-1.49133 0.02183
-1.49123 0.0219727

-1.49123 0.0219727
-1.49103 0.0222431

-1.49103 0.0222429
-1.491 0.0222778

-1.491 0.0222778
-1.49077 0.022583

-1.49077 0.022583
-1.49072 0.0226485

-1.49072 0.0226473
-1.49054 0.0228882

-1.49054 0.0228882
-1.49042 0.023046

-1.49042 0.0230437
-1.4903 0.0231934

-1.4903 0.0231934
-1.49011 0.0234363

-1.49011 0.0234358
-1.49006 0.0234985

-1.49006 0.0234985
-1.48982 0.0238037

-1.48982 0.0238037
-1.48981 0.0238229

-1.48981 0.023822
-1.48958 0.0241089

-1.48958 0.0241089
-1.4895 0.0242032

-1.4895 0.024202
-1.48933 0.0244141

-1.48933 0.0244141
-1.4892 0.0245791

-1.4892 0.0245762
-1.48908 0.0247192

-1.48908 0.0247192
-1.48889 0.0249487

-1.48889 0.0249481
-1.48883 0.0250244

-1.48883 0.0250244
-1.48859 0.0253158

-1.48859 0.0253159
-1.48857 0.0253296

-1.48858 0.0253296
-1.48832 0.0256348

-1.48832 0.0256348
-1.48828 0.0256797

-1.48676 0.00485667
-1.48686 0.00488281

-1.48676 0.00485658
-1.48645 0.00478236

-1.48645 0.00478211
-1.48615 0.00470946

-1.48615 0.0047095
-1.48584 0.00463882

-1.48553 0.00457007
-1.48557 0.00457764

-1.48584 0.00463891
-1.48557 0.00457764

-1.48553 0.00457004
-1.48523 0.00450218

-1.48523 0.00450203
-1.48492 0.00443537

-1.48492 0.00443523
-1.48462 0.00437037

-1.48401 0.00424524
-1.48414 0.00427246

-1.48462 0.00437059
-1.48431 0.00430738

-1.48431 0.00430753
-1.48414 0.00427246

-1.48401 0.00424515
-1.4837 0.00418367

-1.4837 0.00418353
-1.4834 0.00412332

-1.48798 0.00517297
-1.48803 0.00518799

-1.48828 0.0052567
-1.48803 0.00518799

-1.48798 0.00517285
-1.48767 0.00509063

-1.48767 0.00509035
-1.48737 0.00500994

-1.48737 0.0050099
-1.48706 0.00493194

-1.48706 0.00493192
-1.48686 0.00488281

-1.4834 0.00412323
-1.48309 0.00406475

-1.48309 0.00406502
-1.48279 0.00400789

-1.48248 0.00395127
-1.48257 0.00396729

-1.48279 0.0040081
-1.48257 0.00396729

-1.48248 0.00395121
-1.48218 0.00389502

-1.48218 0.00389492
-1.48187 0.00383978

-1.48187 0.0038396
-1.48157 0.00378607

-1.48157 0.00378621
-1.48126 0.00373433

-1.48126 0.00373465
-1.48096 0.00368349

-1.48065 0.00363232
-1.48083 0.00366211

-1.48065 0.00363228
-1.48035 0.00358182

-1.48035 0.00358176
-1.48004 0.00353231

-1.48004 0.00353215
-1.47974 0.00348415

-1.48096 0.00368363
-1.48083 0.00366211

-1.47974 0.00348425
-1.47943 0.00343783

-1.47943 0.00343812
-1.47913 0.00339251

-1.47882 0.00334666
-1.47889 0.00335693

-1.47913 0.00339277
-1.47889 0.00335693

-1.47882 0.0033466
-1.47852 0.00330095

-1.47852 0.00330092
-1.47821 0.00325608

-1.47821 0.003256
-1.47791 0.00321219

-1.47791 0.00321207
-1.4776 0.00316971

-1.4776 0.00316981
-1.47729 0.00312895

-1.47668 0.00304881
-1.47671 0.00305176

-1.47729 0.0031292
-1.47699 0.00308911

-1.47699 0.00308943
-1.47671 0.00305176

-1.47668 0.00304859
-1.47638 0.00300811

-1.47638 0.00300809
-1.47607 0.00296839

-1.47607 0.00296839
-1.47577 0.00292948

-1.47577 0.00292934
-1.47546 0.00289149

-1.47546 0.00289149
-1.47516 0.002855

-1.47516 0.00285509
-1.47485 0.00281978

-1.47485 0.00281996
-1.47455 0.00278532

-1.47455 0.0027857
-1.47424 0.00275061

-1.47394 0.0027146
-1.47421 0.00274658

-1.47424 0.00275076
-1.47421 0.00274658

-1.47394 0.00271451
-1.47363 0.00267941

-1.47119 0.00242792
-1.47133 0.00244141

-1.47363 0.00267944
-1.47333 0.00264508

-1.47333 0.00264506
-1.47302 0.00261145

-1.47302 0.00261131
-1.47272 0.00257877

-1.47272 0.00257883
-1.47241 0.00254752

-1.47241 0.00254759
-1.47211 0.00251727

-1.47211 0.00251732
-1.4718 0.00248777

-1.4718 0.00248812
-1.4715 0.00245854

-1.4715 0.0024588
-1.47132 0.00244141

-1.47119 0.00242781
-1.47089 0.00239733

-1.47089 0.0023973
-1.47058 0.00236757

-1.47058 0.00236761
-1.47028 0.00233859

-1.47028 0.00233863
-1.46997 0.00231018

-1.46997 0.00231004
-1.46967 0.00228237

-1.46967 0.00228237
-1.46936 0.00225576

-1.46936 0.00225586
-1.46906 0.00223014

-1.46906 0.00223015
-1.46875 0.00220512

-1.48828 0.0256788
-1.48806 0.0259399

-1.48806 0.0259399
-1.48798 0.0260393

-1.48798 0.0260376
-1.4878 0.0262451

-1.4878 0.0262451
-1.48767 0.0263959

-1.48767 0.0263936
-1.48754 0.0265503

-1.48754 0.0265503
-1.48737 0.026749

-1.48737 0.0267473
-1.48727 0.0268555

-1.48727 0.0268555
-1.48706 0.0270982

-1.48706 0.0270978
-1.48701 0.0271606

-1.48701 0.0271606
-1.48676 0.0274457

-1.48676 0.0274456
-1.48674 0.0274658

-1.48674 0.0274658
-1.48647 0.027771

-1.48647 0.027771
-1.48645 0.0277914

-1.48645 0.0277905
-1.4862 0.0280762

-1.4862 0.0280762
-1.48615 0.0281338

-1.48615 0.0281328
-1.48592 0.0283813

-1.48592 0.0283813
-1.48584 0.0284739

-1.48584 0.0284722
-1.48565 0.0286865

-1.48565 0.0286865
-1.48553 0.0288122

-1.48553 0.0288103
-1.48537 0.0289917

-1.48537 0.0289917
-1.48523 0.0291484

-1.48523 0.0291468
-1.48509 0.0292969

-1.48509 0.0292969
-1.48492 0.0294829

-1.48492 0.0294813
-1.48481 0.0296021

-1.48481 0.0296021
-1.48462 0.0298154

-1.48462 0.0298137
-1.48453 0.0299072

-1.48453 0.0299072
-1.48431 0.0301452

-1.48431 0.0301444
-1.48425 0.0302124

-1.48425 0.0302124
-1.48401 0.0304737

-1.48401 0.0304733
-1.48397 0.0305176

-1.48397 0.0305176
-1.4837 0.0308008

-1.4837 0.0308008
-1.48368 0.0308228

-1.48368 0.0308228
-1.4834 0.0311268

-1.4834 0.0311279
-1.4834 0.0311289

-1.4834 0.0311267
-1.4834 0.0311279

-1.4834 0.0311279
-1.48311 0.0314331

-1.48311 0.0314331
-1.48309 0.0314519

-1.48309 0.0314511
-1.48282 0.0317383

-1.48282 0.0317383
-1.48279 0.0317748

-1.48279 0.0317739
-1.48253 0.0320435

-1.48253 0.0320435
-1.48248 0.0320965

-1.48248 0.0320952
-1.48224 0.0323486

-1.48224 0.0323486
-1.48218 0.0324169

-1.48218 0.0324153
-1.48195 0.0326538

-1.48195 0.0326538
-1.48187 0.0327362

-1.48187 0.0327347
-1.48166 0.032959

-1.48166 0.032959
-1.48157 0.0330543

-1.48157 0.033053
-1.48137 0.0332642

-1.48137 0.0332642
-1.48126 0.0333714

-1.48126 0.0333702
-1.48107 0.0335693

-1.48107 0.0335693
-1.48096 0.0336874

-1.48096 0.0336864
-1.48078 0.0338745

-1.48078 0.0338745
-1.48065 0.0340024

-1.48065 0.0340015
-1.48048 0.0341797

-1.48048 0.0341797
-1.48035 0.0343165

-1.48035 0.0343157
-1.48018 0.0344849

-1.48018 0.0344849
-1.48004 0.0346296

-1.48004 0.0346288
-1.47988 0.03479

-1.47988 0.03479
-1.47974 0.0349418

-1.47974 0.0349411
-1.47959 0.0350952

-1.47959 0.0350952
-1.47943 0.0352532

-1.47943 0.0352525
-1.47929 0.0354004

-1.47929 0.0354004
-1.47913 0.0355637

-1.47913 0.0355631
-1.47899 0.0357056

-1.47899 0.0357056
-1.47882 0.0358735

-1.47882 0.0358729
-1.47868 0.0360107

-1.47869 0.0360107
-1.47852 0.0361825

-1.47852 0.036182
-1.47838 0.0363159

-1.47838 0.0363159
-1.47821 0.0364907

-1.47821 0.0364903
-1.47808 0.0366211

-1.47808 0.0366211
-1.47791 0.0367983

-1.47791 0.0367979
-1.47778 0.0369263

-1.47778 0.0369263
-1.4776 0.0371052

-1.4776 0.0371048
-1.47747 0.0372314

-1.47747 0.0372314
-1.47729 0.0374114

-1.47729 0.0374111
-1.47717 0.0375366

-1.47717 0.0375366
-1.47699 0.037717

-1.47699 0.0377167
-1.47686 0.0378418

-1.47686 0.0378418
-1.47668 0.038022

-1.47668 0.0380217
-1.47656 0.038147

-1.47656 0.038147
-1.47638 0.0383263

-1.47638 0.0383261
-1.47625 0.0384521

-1.47625 0.0384521
-1.47607 0.0386301

-1.47607 0.03863
-1.47595 0.0387573

-1.47595 0.0387573
-1.47577 0.0389334

-1.47577 0.0389333
-1.47564 0.0390625

-1.47564 0.0390625
-1.47546 0.0392361

-1.47546 0.039236
-1.47533 0.0393677

-1.47533 0.0393677
-1.47516 0.0395384

-1.47516 0.0395383
-1.47502 0.0396729

-1.47502 0.0396729
-1.47485 0.0398401

-1.47485 0.03984
-1.47471 0.039978

-1.47471 0.039978
-1.47455 0.0401413

-1.47455 0.0401413
-1.4744 0.0402832

-1.4744 0.0402832
-1.47424 0.0404421

-1.47424 0.0404421
-1.47409 0.0405884

-1.47409 0.0405884
-1.47394 0.0407425

-1.47394 0.0407425
-1.47378 0.0408936

-1.47378 0.0408936
-1.47363 0.0410425

-1.47363 0.0410424
-1.47347 0.0411987

-1.47347 0.0411987
-1.47333 0.0413419

-1.47333 0.0413419
-1.47316 0.0415039

-1.47316 0.0415039
-1.47302 0.041641

-1.47302 0.041641
-1.47285 0.0418091

-1.47285 0.0418091
-1.47272 0.0419397

-1.47272 0.0419397
-1.47254 0.0421143

-1.47254 0.0421143
-1.47241 0.0422381

-1.47241 0.0422381
-1.47223 0.0424194

-1.47223 0.0424194
-1.47211 0.042536

-1.47211 0.0425361
-1.47191 0.0427246

-1.47191 0.0427246
-1.4718 0.0428336

-1.4718 0.0428337
-1.4716 0.0430298

-1.4716 0.0430298
-1.4715 0.0431308

-1.4715 0.043131
-1.47129 0.043335

-1.47129 0.043335
-1.47119 0.0434278

-1.47119 0.043428
-1.47097 0.0436401

-1.47097 0.0436401
-1.47089 0.0437244

-1.47089 0.0437246
-1.47066 0.0439453

-1.47066 0.0439453
-1.47058 0.0440206

-1.47058 0.044021
-1.47034 0.0442505

-1.47034 0.0442505
-1.47028 0.0443166

-1.47028 0.0443169
-1.47003 0.0445557

-1.47003 0.0445557
-1.46997 0.0446122

-1.46997 0.0446123
-1.46971 0.0448608

-1.46971 0.0448608
-1.46967 0.0449076

-1.46967 0.0449074
-1.4694 0.045166

-1.4694 0.045166
-1.46936 0.0452027

-1.46936 0.0452023
-1.46908 0.0454712

-1.46908 0.0454712
-1.46906 0.0454975

-1.46906 0.045497
-1.46877 0.0457764

-1.46877 0.0457764
-1.46875 0.045792

-1.46875 0.00220515
-1.46844 0.00218072

-1.46844 0.00218099
-1.46814 0.00215658

-1.46783 0.00213101
-1.4679 0.00213623

-1.46814 0.00215694
-1.46789 0.00213623

-1.46783 0.00213092
-1.46753 0.00210484

-1.46753 0.00210479
-1.46722 0.00207917

-1.46722 0.00207915
-1.46692 0.00205413

-1.46692 0.00205416
-1.46661 0.00202969

-1.46661 0.00202973
-1.46631 0.00200567

-1.46631 0.00200553
-1.466 0.00198209

-1.466 0.00198206
-1.4657 0.00195957

-1.4657 0.00195966
-1.46539 0.00193799

-1.46539 0.00193802
-1.46509 0.00191694

-1.46509 0.00191693
-1.46478 0.00189639

-1.46478 0.00189638
-1.46448 0.00187642

-1.46448 0.00187655
-1.46417 0.00185694

-1.46417 0.00185734
-1.46387 0.00183701

-1.46356 0.00181523
-1.46379 0.00183105

-1.46356 0.00181512
-1.46326 0.00179364

-1.46387 0.00183719
-1.46378 0.00183105

-1.46326 0.00179362
-1.46295 0.00177263

-1.46295 0.00177263
-1.46265 0.00175214

-1.46265 0.00175215
-1.46234 0.00173216

-1.46234 0.0017322
-1.46204 0.00171258

-1.46204 0.00171259
-1.46173 0.00169323

-1.46173 0.00169307
-1.46143 0.00167426

-1.46143 0.00167427
-1.46112 0.00165632

-1.46112 0.0016564
-1.46082 0.00163911

-1.46082 0.00163911
-1.46051 0.00162229

-1.46051 0.0016223
-1.46021 0.0016059

-1.46021 0.0016059
-1.4599 0.00158988

-1.4599 0.00158986
-1.45959 0.00157426

-1.45959 0.00157427
-1.45929 0.0015591

-1.45929 0.00155927
-1.45898 0.00154418

-1.45898 0.00154458
-1.45868 0.00152844

-1.45837 0.00151072
-1.45864 0.00152588

-1.45868 0.00152856
-1.45863 0.00152588

-1.45837 0.00151062
-1.45807 0.00149325

-1.45807 0.00149323
-1.45776 0.00147618

-1.45776 0.00147618
-1.45746 0.00145949

-1.45746 0.00145948
-1.45715 0.00144315

-1.45715 0.00144315
-1.45685 0.00142717

-1.45685 0.00142719
-1.45654 0.00141152

-1.45654 0.00141155
-1.45624 0.00139608

-1.45624 0.00139604
-1.45593 0.00138076

-1.45593 0.00138061
-1.45563 0.00136589

-1.45563 0.00136594
-1.45532 0.00135197

-1.45532 0.00135207
-1.45502 0.00133856

-1.45502 0.00133854
-1.45471 0.00132533

-1.45471 0.00132533
-1.45441 0.00131245

-1.45441 0.00131246
-1.4541 0.00129991

-1.4541 0.00129991
-1.4538 0.00128768

-1.4538 0.00128768
-1.45349 0.00127577

-1.45349 0.00127576
-1.45319 0.00126418

-1.45319 0.00126416
-1.45288 0.00125297

-1.45197 0.00121901
-1.45201 0.0012207

-1.45197 0.00121889
-1.45166 0.00120571

-1.45288 0.001253
-1.45258 0.00124216

-1.45258 0.0012424
-1.45227 0.00123135

-1.45227 0.00123168
-1.452 0.0012207

-1.45166 0.00120566
-1.45135 0.0011926

-1.45135 0.00119258
-1.45105 0.00117976

-1.45105 0.00117976
-1.45074 0.00116722

-1.45074 0.00116722
-1.45044 0.00115495

-1.45044 0.00115495
-1.45013 0.00114294

-1.45013 0.00114294
-1.44983 0.00113118

-1.44983 0.00113118
-1.44952 0.00111969

-1.44952 0.00111969
-1.44922 0.00110844

-1.44922 0.00110846
-1.44891 0.00109742

-1.44891 0.00109745
-1.44861 0.0010865

-1.44861 0.00108649
-1.4483 0.00107559

-1.4483 0.00107545
-1.448 0.00106493

-1.448 0.00106494
-1.44769 0.00105504

-1.44769 0.00105514
-1.44739 0.00104567

-1.44739 0.00104566
-1.44708 0.00103643

-1.44708 0.00103643
-1.44678 0.00102745

-1.44678 0.00102745
-1.44647 0.00101871

-1.44647 0.00101871
-1.44617 0.00101021

-1.44617 0.00101021
-1.44586 0.00100197

-1.44586 0.00100197
-1.44556 0.000994006

-1.44556 0.000994002
-1.44525 0.000986322

-1.44525 0.000986317
-1.44495 0.000978943

-1.44495 0.000978936
-1.44464 0.000971894

-1.44464 0.000971885
-1.44434 0.000965208

-1.44434 0.000965197
-1.44403 0.000958925

-1.44403 0.000958912
-1.44373 0.000953093

-1.44373 0.000953078
-1.44342 0.00094777

-1.44342 0.000947752
-1.44312 0.000943021

-1.44312 0.000942999
-1.44281 0.000938927

-1.44281 0.000938899
-1.4425 0.000935584

-1.4425 0.000935549
-1.4422 0.000933115

-1.4422 0.000933068
-1.44189 0.000931681

-1.44189 0.000931613
-1.44159 0.000931503

-1.44159 0.000931397
-1.44128 0.000932912

-1.44128 0.000932738
-1.44098 0.00093644

-1.44098 0.000936159
-1.44067 0.000942959

-1.44067 0.000942547
-1.44037 0.000953831

-1.44037 0.000953291
-1.44006 0.000970964

-1.44006 0.000970288
-1.43976 0.000996785

-1.43976 0.000995964
-1.43945 0.00103428

-1.43945 0.00103352
-1.43915 0.00108681

-1.43915 0.00108712
-1.43884 0.00115626

-1.43884 0.00115714
-1.4386 0.0012207

-1.43861 0.0012207
-1.43854 0.00124112

-1.43854 0.00124219
-1.43823 0.00132673

-1.43823 0.00132899
-1.43793 0.00140606

-1.43793 0.00140911
-1.43762 0.00146812

-1.43762 0.001471
-1.43732 0.00150012

-1.43732 0.0015025
-1.43701 0.00149122

-1.4361 0.00112083
-1.43624 0.0012207

-1.43579 0.000746268
-1.4359 0.000915527

-1.4361 0.00111803
-1.4359 0.000915527

-1.43701 0.00149398
-1.43671 0.00143203

-1.43671 0.00143412
-1.4364 0.00131178

-1.4364 0.00131193
-1.43626 0.0012207

-1.43558 0.0
-1.43561 0.000305176

-1.43561 0.000305176
-1.43571 0.000610352

-1.43579 0.000750389
-1.43571 0.000610352

-1.46875 0.0457916
-1.46845 0.0460815

-1.46845 0.0460815
-1.46844 0.0460864

-1.46844 0.0460858
-1.46814 0.0463798

-1.46814 0.0463798
-1.46813 0.0463867

-1.46813 0.0463867
-1.46783 0.0466735

-1.46783 0.0466735
-1.46782 0.0466919

-1.46782 0.0466919
-1.46753 0.046967

-1.46753 0.046967
-1.4675 0.0469971

-1.4675 0.0469971
-1.46722 0.0472602

-1.46722 0.0472602
-1.46718 0.0473022

-1.46718 0.0473022
-1.46692 0.047553

-1.46692 0.0475533
-1.46686 0.0476074

-1.46686 0.0476074
-1.46661 0.0478456

-1.46661 0.0478461
-1.46654 0.0479126

-1.46655 0.0479126
-1.46631 0.0481378

-1.46631 0.0481388
-1.46623 0.0482178

-1.46623 0.0482178
-1.466 0.0484303

-1.466 0.0484312
-1.46591 0.0485229

-1.46591 0.0485229
-1.4657 0.0487227

-1.4657 0.0487233
-1.46559 0.0488281

-1.46559 0.0488281
-1.46539 0.0490147

-1.46539 0.0490153
-1.46527 0.0491333

-1.46527 0.0491333
-1.46509 0.0493066

-1.46509 0.0493072
-1.46495 0.0494385

-1.46495 0.0494385
-1.46478 0.0495983

-1.46478 0.0495988
-1.46463 0.0497437

-1.46463 0.0497437
-1.46448 0.0498897

-1.46448 0.0498903
-1.46431 0.0500488

-1.46431 0.0500488
-1.46417 0.050181

-1.46417 0.0501815
-1.46399 0.050354

-1.46399 0.050354
-1.46387 0.0504721

-1.46387 0.0504727
-1.46367 0.0506592

-1.46367 0.0506592
-1.46356 0.050763

-1.46356 0.0507636
-1.46335 0.0509644

-1.46335 0.0509644
-1.46326 0.0510537

-1.46326 0.0510545
-1.46303 0.0512695

-1.46303 0.0512695
-1.46295 0.0513442

-1.46295 0.0513447
-1.46271 0.0515747

-1.46271 0.0515747
-1.46265 0.0516346

-1.46265 0.0516346
-1.46239 0.0518799

-1.46239 0.0518799
-1.46234 0.0519248

-1.46234 0.0519245
-1.46207 0.0521851

-1.46207 0.0521851
-1.46204 0.0522148

-1.46204 0.0522144
-1.46175 0.0524902

-1.46175 0.0524902
-1.46173 0.0525047

-1.46173 0.0525043
-1.46143 0.0527939

-1.46143 0.0527954
-1.46143 0.0527959

-1.46143 0.052794
-1.46142 0.0527954

-1.46142 0.0527954
-1.46112 0.0530834

-1.46112 0.0530834
-1.4611 0.0531006

-1.4611 0.0531006
-1.46082 0.0533728

-1.46082 0.0533727
-1.46078 0.0534058

-1.46078 0.0534058
-1.46051 0.0536619

-1.46051 0.053662
-1.46046 0.0537109

-1.46046 0.0537109
-1.46021 0.0539507

-1.46021 0.0539511
-1.46014 0.0540161

-1.46014 0.0540161
-1.4599 0.0542392

-1.4599 0.0542401
-1.45981 0.0543213

-1.45982 0.0543213
-1.45959 0.0545278

-1.45959 0.0545289
-1.45949 0.0546265

-1.45949 0.0546265
-1.45929 0.0548167

-1.45929 0.0548176
-1.45917 0.0549316

-1.45917 0.0549316
-1.45898 0.0551054

-1.45898 0.0551062
-1.45885 0.0552368

-1.45885 0.0552368
-1.45868 0.0553939

-1.45868 0.0553947
-1.45852 0.055542

-1.45852 0.055542
-1.45837 0.0556823

-1.45837 0.0556831
-1.4582 0.0558472

-1.4582 0.0558472
-1.45807 0.0559706

-1.45807 0.0559714
-1.45788 0.0561523

-1.45788 0.0561523
-1.45776 0.0562587

-1.45776 0.0562596
-1.45755 0.0564575

-1.45755 0.0564575
-1.45746 0.0565467

-1.45746 0.0565475
-1.45723 0.0567627

-1.45723 0.0567627
-1.45715 0.0568345

-1.45715 0.0568348
-1.45691 0.0570679

-1.45691 0.0570679
-1.45685 0.0571223

-1.45685 0.0571222
-1.45658 0.057373

-1.45658 0.057373
-1.45654 0.0574099

-1.45654 0.0574096
-1.45626 0.0576782

-1.45626 0.0576782
-1.45624 0.0576974

-1.45624 0.0576971
-1.45593 0.0579834

-1.45593 0.0579834
-1.45593 0.0579849

-1.45593 0.0579844
-1.45563 0.0582717

-1.45563 0.0582716
-1.45561 0.0582886

-1.45561 0.0582886
-1.45532 0.0585588

-1.45532 0.0585588
-1.45529 0.0585938

-1.45529 0.0585938
-1.45502 0.0588458

-1.45502 0.0588458
-1.45496 0.0588989

-1.45496 0.0588989
-1.45471 0.0591324

-1.45471 0.0591329
-1.45464 0.0592041

-1.45464 0.0592041
-1.45441 0.0594188

-1.45441 0.0594198
-1.45431 0.0595093

-1.45431 0.0595093
-1.4541 0.0597055

-1.4541 0.0597067
-1.45399 0.0598145

-1.45399 0.0598145
-1.4538 0.0599925

-1.4538 0.0599934
-1.45366 0.0601196

-1.45366 0.0601196
-1.45349 0.0602793

-1.45349 0.0602802
-1.45334 0.0604248

-1.45334 0.0604248
-1.45319 0.0605659

-1.45319 0.0605668
-1.45301 0.06073

-1.45301 0.06073
-1.45288 0.0608526

-1.45288 0.0608535
-1.45269 0.0610352

-1.45269 0.0610352
-1.45258 0.061139

-1.45258 0.0611401
-1.45236 0.0613403

-1.45236 0.0613403
-1.45227 0.0614254

-1.45227 0.0614261
-1.45203 0.0616455

-1.45204 0.0616455
-1.45197 0.0617118

-1.45197 0.0617119
-1.45171 0.0619507

-1.45171 0.0619507
-1.45166 0.061998

-1.45166 0.0619978
-1.45138 0.0622559

-1.45139 0.0622559
-1.45135 0.0622841

-1.45135 0.0622839
-1.45106 0.062561

-1.45106 0.062561
-1.45105 0.0625702

-1.45105 0.0625699
-1.45074 0.0628558

-1.45074 0.0628558
-1.45073 0.0628662

-1.45073 0.0628662
-1.45044 0.0631418

-1.45044 0.0631417
-1.45041 0.0631714

-1.45041 0.0631714
-1.45013 0.0634276

-1.45013 0.0634276
-1.45008 0.0634766

-1.45008 0.0634766
-1.44983 0.0637131

-1.44983 0.0637134
-1.44976 0.0637817

-1.44976 0.0637817
-1.44952 0.0639983

-1.44952 0.0639993
-1.44943 0.0640869

-1.44943 0.0640869
-1.44922 0.0642838

-1.44922 0.064285
-1.4491 0.0643921

-1.4491 0.0643921
-1.44891 0.0645697

-1.44891 0.0645707
-1.44878 0.0646973

-1.44878 0.0646973
-1.44861 0.0648555

-1.44861 0.0648564
-1.44845 0.0650024

-1.44845 0.0650024
-1.4483 0.0651412

-1.4483 0.0651421
-1.44812 0.0653076

-1.44813 0.0653076
-1.448 0.0654268

-1.448 0.0654278
-1.4478 0.0656128

-1.4478 0.0656128
-1.44769 0.0657124

-1.44769 0.0657135
-1.44747 0.065918

-1.44747 0.065918
-1.44739 0.0659978

-1.44739 0.0659983
-1.44715 0.0662231

-1.44715 0.0662231
-1.44708 0.0662833

-1.44708 0.0662833
-1.44682 0.0665283

-1.44682 0.0665283
-1.44678 0.0665687

-1.44678 0.0665685
-1.44649 0.0668335

-1.44649 0.0668335
-1.44647 0.066854

-1.44647 0.0668537
-1.44617 0.0671387

-1.44617 0.0671387
-1.44617 0.0671394

-1.44617 0.067139
-1.44586 0.0674242

-1.44586 0.0674242
-1.44584 0.0674438

-1.44584 0.0674438
-1.44556 0.0677094

-1.44556 0.0677093
-1.44551 0.067749

-1.44551 0.067749
-1.44525 0.0679944

-1.44525 0.0679945
-1.44519 0.0680542

-1.44519 0.0680542
-1.44495 0.0682791

-1.44495 0.0682798
-1.44486 0.0683594

-1.44486 0.0683594
-1.44464 0.0685636

-1.44464 0.0685649
-1.44453 0.0686646

-1.44454 0.0686646
-1.44434 0.0688489

-1.44434 0.0688501
-1.44421 0.0689697

-1.44421 0.0689697
-1.44403 0.0691342

-1.44403 0.0691352
-1.44388 0.0692749

-1.44388 0.0692749
-1.44373 0.0694194

-1.44373 0.0694204
-1.44355 0.0695801

-1.44355 0.0695801
-1.44342 0.0697045

-1.44342 0.0697056
-1.44323 0.0698853

-1.44323 0.0698853
-1.44312 0.0699896

-1.44312 0.0699908
-1.4429 0.0701904

-1.4429 0.0701904
-1.44281 0.0702747

-1.44281 0.0702753
-1.44257 0.0704956

-1.44257 0.0704956
-1.4425 0.0705597

-1.4425 0.0705598
-1.44225 0.0708008

-1.44225 0.0708008
-1.4422 0.0708447

-1.4422 0.0708445
-1.44192 0.071106

-1.44192 0.071106
-1.44189 0.0711296

-1.44189 0.0711294
-1.44159 0.0714111

-1.44159 0.0714111
-1.44159 0.0714146

-1.44159 0.0714143
-1.44128 0.0716991

-1.44128 0.0716991
-1.44127 0.0717163

-1.44127 0.0717163
-1.44098 0.071984

-1.44098 0.0719839
-1.44094 0.0720215

-1.44094 0.0720215
-1.44067 0.0722687

-1.44067 0.0722688
-1.44061 0.0723267

-1.44061 0.0723267
-1.44037 0.0725531

-1.44037 0.0725537
-1.44028 0.0726318

-1.44029 0.0726318
-1.44006 0.0728374

-1.44006 0.0728386
-1.43996 0.072937

-1.43996 0.072937
-1.43976 0.0731223

-1.43976 0.0731235
-1.43963 0.0732422

-1.43963 0.0732422
-1.43945 0.0734073

-1.43945 0.0734084
-1.4393 0.0735474

-1.4393 0.0735474
-1.43915 0.0736923

-1.43915 0.0736934
-1.43898 0.0738525

-1.43898 0.0738525
-1.43884 0.0739773

-1.43884 0.0739783
-1.43865 0.0741577

-1.43865 0.0741577
-1.43854 0.0742622

-1.43854 0.0742634
-1.43832 0.0744629

-1.43832 0.0744629
-1.43823 0.074547

-1.43823 0.0745476
-1.43799 0.0747681

-1.438 0.0747681
-1.43793 0.0748318

-1.43793 0.0748319
-1.43767 0.0750732

-1.43767 0.0750732
-1.43762 0.0751166

-1.43762 0.0751165
-1.43734 0.0753784

-1.43734 0.0753784
-1.43732 0.0754014

-1.43732 0.0754012
-1.43701 0.0756836

-1.43701 0.0756836
-1.43701 0.0756862

-1.43701 0.0756859
-1.43671 0.0759707

-1.43671 0.0759706
-1.43669 0.0759888

-1.43669 0.0759888
-1.4364 0.0762554

-1.4364 0.0762553
-1.43636 0.0762939

-1.43636 0.0762939
-1.4361 0.07654

-1.4361 0.0765401
-1.43603 0.0765991

-1.43603 0.0765991
-1.43579 0.0768243

-1.43579 0.0768249
-1.43571 0.0769043

-1.43571 0.0769043
-1.43549 0.0771084

-1.43549 0.0771097
-1.43538 0.0772095

-1.43538 0.0772095
-1.43518 0.0773933

-1.43518 0.0773945
-1.43505 0.0775146

-1.43505 0.0775146
-1.43488 0.0776783

-1.43488 0.0776793
-1.43472 0.0778198

-1.43472 0.0778198
-1.43457 0.0779631

-1.43457 0.0779642
-1.4344 0.078125

-1.4344 0.078125
-1.43427 0.078248

-1.43427 0.0782491
-1.43407 0.0784302

-1.43407 0.0784302
-1.43396 0.0785328

-1.43396 0.0785341
-1.43374 0.0787354

-1.43374 0.0787354
-1.43365 0.0788176

-1.43365 0.0788182
-1.43342 0.0790405

-1.43342 0.0790405
-1.43335 0.0791024

-1.43335 0.0791025
-1.43309 0.0793457

-1.43309 0.0793457
-1.43304 0.0793871

-1.43304 0.079387
-1.43276 0.0796509

-1.43276 0.0796509
-1.43274 0.0796718

-1.43274 0.0796716
-1.43243 0.0799561

-1.43243 0.0799561
-1.43243 0.0799566

-1.43243 0.0799563
-1.43213 0.080241

-1.43213 0.080241
-1.43211 0.0802612

-1.43211 0.0802612
-1.43182 0.0805257

-1.43182 0.0805256
-1.43178 0.0805664

-1.43178 0.0805664
-1.43152 0.0808102

-1.43152 0.0808104
-1.43145 0.0808716

-1.43145 0.0808716
-1.43121 0.0810944

-1.43121 0.0810951
-1.43113 0.0811768

-1.43113 0.0811768
-1.43091 0.0813785

-1.43091 0.0813799
-1.4308 0.0814819

-1.4308 0.0814819
-1.4306 0.0816634

-1.4306 0.0816646
-1.43047 0.0817871

-1.43047 0.0817871
-1.4303 0.0819483

-1.4303 0.0819494
-1.43014 0.0820923

-1.43014 0.0820923
-1.42999 0.0822332

-1.42999 0.0822342
-1.42982 0.0823975

-1.42982 0.0823975
-1.42969 0.082518

-1.42969 0.0825191
-1.42949 0.0827026

-1.42949 0.0827026
-1.42938 0.0828027

-1.42938 0.082804
-1.42916 0.0830078

-1.42916 0.0830078
-1.42908 0.0830875

-1.42908 0.083088
-1.42883 0.083313

-1.42884 0.083313
-1.42877 0.0833722

-1.42877 0.0833722
-1.42851 0.0836182

-1.42851 0.0836182
-1.42847 0.0836569

-1.42847 0.0836567
-1.42818 0.0839233

-1.42818 0.0839233
-1.42816 0.0839415

-1.42816 0.0839414
-1.42786 0.084226

-1.42786 0.084226
-1.42785 0.0842285

-1.42785 0.0842285
-1.42755 0.0845106

-1.42755 0.0845106
-1.42753 0.0845337

-1.42753 0.0845337
-1.42725 0.0847953

-1.42725 0.0847952
-1.4272 0.0848389

-1.4272 0.0848389
-1.42694 0.0850797

-1.42694 0.0850799
-1.42687 0.085144

-1.42687 0.085144
-1.42664 0.0853638

-1.42664 0.0853647
-1.42654 0.0854492

-1.42655 0.0854492
-1.42633 0.085648

-1.42633 0.0856494
-1.42622 0.0857544

-1.42622 0.0857544
-1.42603 0.0859329

-1.42603 0.0859341
-1.42589 0.0860596

-1.42589 0.0860596
-1.42572 0.0862177

-1.42572 0.0862188
-1.42556 0.0863647

-1.42556 0.0863647
-1.42542 0.0865025

-1.42542 0.0865036
-1.42524 0.0866699

-1.42524 0.0866699
-1.42511 0.0867873

-1.42511 0.0867885
-1.42491 0.0869751

-1.42491 0.0869751
-1.4248 0.087072

-1.4248 0.0870731
-1.42458 0.0872803

-1.42458 0.0872803
-1.4245 0.0873567

-1.4245 0.0873571
-1.42425 0.0875854

-1.42425 0.0875854
-1.42419 0.0876414

-1.42419 0.0876414
-1.42393 0.0878906

-1.42393 0.0878906
-1.42389 0.087926

-1.42389 0.0879259
-1.4236 0.0881958

-1.4236 0.0881958
-1.42358 0.0882107

-1.42358 0.0882105
-1.42328 0.0884951

-1.42328 0.0884951
-1.42327 0.088501

-1.42327 0.088501
-1.42297 0.0887797

-1.42297 0.0887797
-1.42295 0.0888062

-1.42295 0.0888062
-1.42267 0.0890643

-1.42267 0.0890643
-1.42262 0.0891113

-1.42262 0.0891113
-1.42236 0.0893487

-1.42236 0.089349
-1.42229 0.0894165

-1.42229 0.0894165
-1.42206 0.0896328

-1.42206 0.0896337
-1.42196 0.0897217

-1.42196 0.0897217
-1.42175 0.089917

-1.42175 0.0899184
-1.42164 0.0900269

-1.42164 0.0900269
-1.42145 0.0902019

-1.42145 0.0902031
-1.42131 0.090332

-1.42131 0.090332
-1.42114 0.0904867

-1.42114 0.0904878
-1.42098 0.0906372

-1.42098 0.0906372
-1.42084 0.0907715

-1.42084 0.0907726
-1.42065 0.0909424

-1.42065 0.0909424
-1.42053 0.0910563

-1.42053 0.0910575
-1.42033 0.0912476

-1.42033 0.0912476
-1.42023 0.091341

-1.42023 0.091342
-1.42 0.0915527

-1.42 0.0915527
-1.41992 0.0916257

-1.41992 0.0916261
-1.41967 0.0918579

-1.41967 0.0918579
-1.41962 0.0919104

-1.41962 0.0919104
-1.41935 0.0921631

-1.41935 0.0921631
-1.41931 0.092195

-1.41931 0.0921949
-1.41902 0.0924683

-1.41902 0.0924683
-1.41901 0.0924797

-1.41901 0.0924795
-1.4187 0.0927642

-1.4187 0.0927642
-1.41869 0.0927734

-1.41869 0.0927734
-1.4184 0.0930488

-1.4184 0.0930488
-1.41836 0.0930786

-1.41836 0.0930786
-1.41809 0.0933334

-1.41809 0.0933334
-1.41804 0.0933838

-1.41804 0.0933838
-1.41779 0.0936178

-1.41779 0.0936182
-1.41771 0.093689

-1.41771 0.093689
-1.41748 0.0939019

-1.41748 0.0939029
-1.41738 0.0939941

-1.41738 0.0939941
-1.41718 0.0941863

-1.41718 0.0941877
-1.41706 0.0942993

-1.41706 0.0942993
-1.41687 0.0944713

-1.41687 0.0944724
-1.41673 0.0946045

-1.41673 0.0946045
-1.41656 0.0947561

-1.41656 0.0947572
-1.4164 0.0949097

-1.4164 0.0949097
-1.41626 0.095041

-1.41626 0.0950421
-1.41607 0.0952148

-1.41607 0.0952148
-1.41595 0.0953258

-1.41595 0.095327
-1.41575 0.09552

-1.41575 0.09552
-1.41565 0.0956106

-1.41565 0.0956115
-1.41542 0.0958252

-1.41542 0.0958252
-1.41534 0.0958953

-1.41534 0.0958957
-1.41509 0.0961304

-1.41509 0.0961304
-1.41504 0.0961801

-1.41504 0.0961801
-1.41477 0.0964355

-1.41477 0.0964355
-1.41473 0.0964648

-1.41473 0.0964648
-1.41444 0.0967407

-1.41444 0.0967407
-1.41443 0.0967496

-1.41443 0.0967495
-1.41412 0.0970342

-1.41412 0.0970342
-1.41411 0.0970459

-1.41411 0.0970459
-1.41382 0.0973189

-1.41382 0.0973189
-1.41378 0.0973511

-1.41378 0.0973511
-1.41351 0.0976036

-1.41351 0.0976037
-1.41346 0.0976562

-1.41346 0.0976562
-1.41321 0.097888

-1.41321 0.0978885
-1.41313 0.0979614

-1.41313 0.0979614
-1.4129 0.0981723

-1.4129 0.0981734
-1.4128 0.0982666

-1.4128 0.0982666
-1.4126 0.0984569

-1.4126 0.0984583
-1.41248 0.0985718

-1.41248 0.0985718
-1.41229 0.098742

-1.41229 0.0987431
-1.41215 0.098877

-1.41215 0.098877
-1.41199 0.099027

-1.41199 0.0990281
-1.41182 0.0991821

-1.41182 0.0991821
-1.41168 0.0993119

-1.41168 0.0993131
-1.41149 0.0994873

-1.41149 0.0994873
-1.41138 0.0995969

-1.41138 0.0995981
-1.41117 0.0997925

-1.41117 0.0997925
-1.41107 0.0998818

-1.41107 0.0998827
-1.41084 0.100098

-1.41084 0.100098
-1.41077 0.100167

-1.41077 0.100167
-1.41051 0.100403

-1.41051 0.100403
-1.41046 0.100452

-1.41046 0.100452
-1.41019 0.100708

-1.41019 0.100708
-1.41016 0.100736

-1.41016 0.100736
-1.40986 0.101013

-1.40986 0.101013
-1.40985 0.101021

-1.40985 0.101021
-1.40955 0.101306

-1.40955 0.101306
-1.40953 0.101318

-1.40953 0.101318
-1.40924 0.101591

-1.40924 0.101591
-1.40921 0.101624

-1.40921 0.101624
-1.40894 0.101876

-1.40894 0.101876
-1.40888 0.101929

-1.40888 0.101929
-1.40863 0.10216

-1.40863 0.102161
-1.40855 0.102234

-1.40855 0.102234
-1.40833 0.102445

-1.40833 0.102446
-1.40823 0.102539

-1.40823 0.102539
-1.40802 0.10273

-1.40802 0.102731
-1.4079 0.102844

-1.4079 0.102844
-1.40771 0.103015

-1.40771 0.103016
-1.40757 0.103149

-1.40757 0.103149
-1.40741 0.1033

-1.40741 0.103301
-1.40724 0.103455

-1.40725 0.103455
-1.4071 0.103585

-1.4071 0.103586
-1.40692 0.10376

-1.40692 0.10376
-1.4068 0.10387

-1.4068 0.103872
-1.40659 0.104065

-1.40659 0.104065
-1.40649 0.104155

-1.40649 0.104156
-1.40626 0.10437

-1.40626 0.10437
-1.40619 0.104441

-1.40619 0.104441
-1.40594 0.104675

-1.40594 0.104675
-1.40588 0.104726

-1.40588 0.104726
-1.40561 0.10498

-1.40561 0.10498
-1.40558 0.105011

-1.40558 0.105011
-1.40528 0.105286

-1.40528 0.105286
-1.40527 0.105296

-1.40527 0.105296
-1.40497 0.105581

-1.40497 0.105581
-1.40496 0.105591

-1.40496 0.105591
-1.40466 0.105866

-1.40466 0.105866
-1.40463 0.105896

-1.40463 0.105896
-1.40436 0.106151

-1.40436 0.106151
-1.4043 0.106201

-1.4043 0.106201
-1.40405 0.106436

-1.40405 0.106436
-1.40398 0.106506

-1.40398 0.106506
-1.40375 0.10672

-1.40375 0.106721
-1.40365 0.106812

-1.40365 0.106812
-1.40344 0.107005

-1.40344 0.107007
-1.40332 0.107117

-1.40333 0.107117
-1.40314 0.107291

-1.40314 0.107292
-1.403 0.107422

-1.403 0.107422
-1.40283 0.107576

-1.40283 0.107577
-1.40267 0.107727

-1.40267 0.107727
-1.40253 0.107862

-1.40253 0.107863
-1.40234 0.108032

-1.40234 0.108032
-1.40222 0.108147

-1.40222 0.108148
-1.40202 0.108337

-1.40202 0.108337
-1.40192 0.108432

-1.40192 0.108433
-1.40169 0.108643

-1.40169 0.108643
-1.40161 0.108718

-1.40161 0.108718
-1.40136 0.108948

-1.40137 0.108948
-1.40131 0.109003

-1.40131 0.109003
-1.40104 0.109253

-1.40104 0.109253
-1.401 0.109288

-1.401 0.109288
-1.40071 0.109558

-1.40071 0.109558
-1.4007 0.109574

-1.4007 0.109573
-1.40039 0.109859

-1.40039 0.109859
-1.40039 0.109863

-1.40039 0.109863
-1.40009 0.110144

-1.40009 0.110144
-1.40006 0.110168

-1.40006 0.110168
-1.39978 0.11043

-1.39978 0.11043
-1.39973 0.110474

-1.39973 0.110474
-1.39948 0.110715

-1.39948 0.110715
-1.39941 0.110779

-1.39941 0.110779
-1.39917 0.111

-1.39917 0.111001
-1.39908 0.111084

-1.39908 0.111084
-1.39886 0.111285

-1.39886 0.111286
-1.39875 0.111389

-1.39876 0.111389
-1.39856 0.11157

-1.39856 0.111572
-1.39843 0.111694

-1.39843 0.111694
-1.39825 0.111856

-1.39825 0.111857
-1.3981 0.112

-1.3981 0.112
-1.39795 0.112142

-1.39795 0.112143
-1.39778 0.112305

-1.39778 0.112305
-1.39764 0.112427

-1.39764 0.112429
-1.39745 0.11261

-1.39745 0.11261
-1.39734 0.112713

-1.39734 0.112714
-1.39712 0.112915

-1.39712 0.112915
-1.39703 0.112999

-1.39703 0.113
-1.3968 0.11322

-1.3968 0.11322
-1.39673 0.113284

-1.39673 0.113285
-1.39647 0.113525

-1.39647 0.113525
-1.39642 0.11357

-1.39642 0.11357
-1.39615 0.113831

-1.39615 0.113831
-1.39612 0.113856

-1.39612 0.113856
-1.39582 0.114136

-1.39582 0.114136
-1.39581 0.114142

-1.39581 0.114141
-1.39551 0.114427

-1.39551 0.114427
-1.39549 0.114441

-1.39549 0.114441
-1.3952 0.114713

-1.3952 0.114713
-1.39517 0.114746

-1.39517 0.114746
-1.3949 0.114999

-1.3949 0.114999
-1.39484 0.115051

-1.39484 0.115051
-1.39459 0.115284

-1.39459 0.115285
-1.39452 0.115356

-1.39452 0.115356
-1.39429 0.115569

-1.39429 0.11557
-1.39419 0.115662

-1.39419 0.115662
-1.39398 0.115855

-1.39398 0.115856
-1.39386 0.115967

-1.39386 0.115967
-1.39368 0.116141

-1.39368 0.116142
-1.39354 0.116272

-1.39354 0.116272
-1.39337 0.116427

-1.39337 0.116428
-1.39321 0.116577

-1.39321 0.116577
-1.39307 0.116713

-1.39307 0.116714
-1.39289 0.116882

-1.39289 0.116882
-1.39276 0.116999

-1.39276 0.117001
-1.39256 0.117188

-1.39256 0.117188
-1.39246 0.117285

-1.39246 0.117287
-1.39223 0.117493

-1.39224 0.117493
-1.39215 0.117571

-1.39215 0.117572
-1.39191 0.117798

-1.39191 0.117798
-1.39185 0.117858

-1.39185 0.117858
-1.39158 0.118103

-1.39158 0.118103
-1.39154 0.118144

-1.39154 0.118144
-1.39126 0.118408

-1.39126 0.118408
-1.39124 0.11843

-1.39124 0.11843
-1.39093 0.118713

-1.39093 0.118713
-1.39093 0.118716

-1.39093 0.118716
-1.39062 0.119002

-1.39062 0.119002
-1.39061 0.119019

-1.39061 0.119019
-1.39032 0.119288

-1.39032 0.119288
-1.39028 0.119324

-1.39028 0.119324
-1.39001 0.119574

-1.39001 0.119574
-1.38996 0.119629

-1.38996 0.119629
-1.38971 0.11986

-1.38971 0.119861
-1.38963 0.119934

-1.38963 0.119934
-1.3894 0.120146

-1.3894 0.120147
-1.38931 0.120239

-1.38931 0.120239
-1.3891 0.120432

-1.3891 0.120433
-1.38898 0.120544

-1.38898 0.120544
-1.38879 0.120718

-1.38879 0.12072
-1.38865 0.12085

-1.38866 0.12085
-1.38849 0.121005

-1.38849 0.121006
-1.38833 0.121155

-1.38833 0.121155
-1.38818 0.121291

-1.38818 0.121292
-1.388 0.12146

-1.388 0.12146
-1.38788 0.121578

-1.38788 0.121579
-1.38768 0.121765

-1.38768 0.121765
-1.38757 0.121864

-1.38757 0.121866
-1.38735 0.12207

-1.38735 0.12207
-1.38727 0.122151

-1.38727 0.122152
-1.38703 0.122375

-1.38703 0.122375
-1.38696 0.122437

-1.38696 0.122438
-1.3867 0.122681

-1.3867 0.122681
-1.38666 0.122724

-1.38666 0.122724
-1.38638 0.122986

-1.38638 0.122986
-1.38635 0.12301

-1.38635 0.12301
-1.38605 0.123291

-1.38605 0.123291
-1.38605 0.123297

-1.38605 0.123297
-1.38574 0.123583

-1.38574 0.123583
-1.38573 0.123596

-1.38573 0.123596
-1.38544 0.12387

-1.38544 0.12387
-1.3854 0.123901

-1.3854 0.123901
-1.38513 0.124156

-1.38513 0.124157
-1.38508 0.124207

-1.38508 0.124207
-1.38483 0.124443

-1.38483 0.124443
-1.38475 0.124512

-1.38475 0.124512
-1.38452 0.124729

-1.38452 0.12473
-1.38443 0.124817

-1.38443 0.124817
-1.38422 0.125015

-1.38422 0.125017
-1.3841 0.125122

-1.3841 0.125122
-1.38391 0.125302

-1.38391 0.125304
-1.38378 0.125427

-1.38378 0.125427
-1.38361 0.125589

-1.38361 0.12559
-1.38345 0.125732

-1.38345 0.125732
-1.3833 0.125876

-1.3833 0.125877
-1.38313 0.126038

-1.38313 0.126038
-1.383 0.126163

-1.383 0.126164
-1.3828 0.126343

-1.38281 0.126343
-1.38269 0.12645

-1.38269 0.126451
-1.38248 0.126648

-1.38248 0.126648
-1.38239 0.126737

-1.38239 0.126738
-1.38215 0.126953

-1.38216 0.126953
-1.38208 0.127024

-1.38208 0.127025
-1.38183 0.127258

-1.38183 0.127258
-1.38177 0.127311

-1.38177 0.127311
-1.38151 0.127563

-1.38151 0.127563
-1.38147 0.127598

-1.38147 0.127598
-1.38118 0.127869

-1.38118 0.127869
-1.38116 0.127885

-1.38116 0.127885
-1.38086 0.128172

-1.38086 0.128172
-1.38086 0.128174

-1.38086 0.128174
-1.38055 0.128459

-1.38055 0.128459
-1.38053 0.128479

-1.38053 0.128479
-1.38025 0.128746

-1.38025 0.128746
-1.38021 0.128784

-1.38021 0.128784
-1.37994 0.129033

-1.37994 0.129033
-1.37988 0.129089

-1.37988 0.129089
-1.37964 0.12932

-1.37964 0.12932
-1.37956 0.129395

-1.37956 0.129395
-1.37933 0.129606

-1.37933 0.129608
-1.37924 0.1297

-1.37924 0.1297
-1.37903 0.129894

-1.37903 0.129895
-1.37891 0.130005

-1.37891 0.130005
-1.37872 0.130181

-1.37872 0.130182
-1.37859 0.13031

-1.37859 0.13031
-1.37842 0.130468

-1.37842 0.130469
-1.37826 0.130615

-1.37826 0.130615
-1.37811 0.130756

-1.37811 0.130757
-1.37794 0.13092

-1.37794 0.13092
-1.37781 0.131043

-1.37781 0.131044
-1.37761 0.131226

-1.37761 0.131226
-1.3775 0.131331

-1.3775 0.131332
-1.37729 0.131531

-1.37729 0.131531
-1.3772 0.131618

-1.3772 0.131619
-1.37697 0.131836

-1.37697 0.131836
-1.37689 0.131906

-1.37689 0.131906
-1.37664 0.132141

-1.37664 0.132141
-1.37659 0.132193

-1.37659 0.132193
-1.37632 0.132446

-1.37632 0.132446
-1.37628 0.132481

-1.37628 0.132481
-1.37599 0.132751

-1.37599 0.132751
-1.37598 0.132768

-1.37598 0.132768
-1.37567 0.133056

-1.37567 0.133056
-1.37567 0.133057

-1.37567 0.133057
-1.37537 0.133343

-1.37537 0.133343
-1.37535 0.133362

-1.37535 0.133362
-1.37506 0.133631

-1.37506 0.133631
-1.37502 0.133667

-1.37502 0.133667
-1.37476 0.133918

-1.37476 0.133919
-1.3747 0.133972

-1.3747 0.133972
-1.37445 0.134206

-1.37445 0.134206
-1.37438 0.134277

-1.37438 0.134277
-1.37415 0.134493

-1.37415 0.134494
-1.37405 0.134583

-1.37405 0.134583
-1.37384 0.134781

-1.37384 0.134782
-1.37373 0.134888

-1.37373 0.134888
-1.37354 0.135069

-1.37354 0.13507
-1.3734 0.135193

-1.3734 0.135193
-1.37323 0.135357

-1.37323 0.135358
-1.37308 0.135498

-1.37308 0.135498
-1.37292 0.135645

-1.37292 0.135646
-1.37276 0.135803

-1.37276 0.135803
-1.37262 0.135933

-1.37262 0.135934
-1.37243 0.136108

-1.37243 0.136108
-1.37231 0.136221

-1.37231 0.136222
-1.37211 0.136414

-1.37211 0.136414
-1.37201 0.136509

-1.37201 0.13651
-1.37179 0.136719

-1.37179 0.136719
-1.3717 0.136797

-1.3717 0.136798
-1.37146 0.137024

-1.37146 0.137024
-1.3714 0.137085

-1.3714 0.137085
-1.37114 0.137329

-1.37114 0.137329
-1.37109 0.137373

-1.37109 0.137373
-1.37082 0.137634

-1.37082 0.137634
-1.37079 0.137661

-1.37079 0.137661
-1.37049 0.137939

-1.37049 0.137939
-1.37048 0.13795

-1.37048 0.13795
-1.37018 0.138238

-1.37018 0.138238
-1.37017 0.138245

-1.37017 0.138245
-1.36987 0.138526

-1.36987 0.138526
-1.36985 0.13855

-1.36985 0.13855
-1.36957 0.138814

-1.36957 0.138814
-1.36952 0.138855

-1.36953 0.138855
-1.36926 0.139102

-1.36926 0.139103
-1.3692 0.13916

-1.3692 0.13916
-1.36896 0.13939

-1.36896 0.139391
-1.36888 0.139465

-1.36888 0.139465
-1.36865 0.139678

-1.36865 0.13968
-1.36856 0.139771

-1.36856 0.139771
-1.36835 0.139967

-1.36835 0.139968
-1.36823 0.140076

-1.36823 0.140076
-1.36804 0.140256

-1.36804 0.140257
-1.36791 0.140381

-1.36791 0.140381
-1.36774 0.140544

-1.36774 0.140545
-1.36759 0.140686

-1.36759 0.140686
-1.36743 0.140833

-1.36743 0.140834
-1.36726 0.140991

-1.36727 0.140991
-1.36713 0.141122

-1.36713 0.141123
-1.36694 0.141296

-1.36694 0.141296
-1.36682 0.141411

-1.36682 0.141412
-1.36662 0.141602

-1.36662 0.141602
-1.36652 0.1417

-1.36652 0.141701
-1.3663 0.141907

-1.3663 0.141907
-1.36621 0.141988

-1.36621 0.141989
-1.36597 0.142212

-1.36597 0.142212
-1.36591 0.142277

-1.36591 0.142278
-1.36565 0.142517

-1.36565 0.142517
-1.3656 0.142566

-1.3656 0.142566
-1.36533 0.142822

-1.36533 0.142822
-1.3653 0.142855

-1.3653 0.142855
-1.36501 0.143127

-1.36501 0.143127
-1.36499 0.143144

-1.36499 0.143144
-1.36469 0.143433

-1.36469 0.143433
-1.36469 0.143433

-1.36469 0.143433
-1.36438 0.143722

-1.36438 0.143722
-1.36436 0.143738

-1.36436 0.143738
-1.36407 0.144011

-1.36407 0.144011
-1.36404 0.144043

-1.36404 0.144043
-1.36377 0.1443

-1.36377 0.144301
-1.36372 0.144348

-1.36372 0.144348
-1.36346 0.144589

-1.36346 0.14459
-1.3634 0.144653

-1.3634 0.144653
-1.36316 0.144878

-1.36316 0.144879
-1.36308 0.144958

-1.36308 0.144958
-1.36285 0.145167

-1.36285 0.145169
-1.36275 0.145264

-1.36275 0.145264
-1.36255 0.145457

-1.36255 0.145458
-1.36243 0.145569

-1.36243 0.145569
-1.36224 0.145746

-1.36224 0.145747
-1.36211 0.145874

-1.36211 0.145874
-1.36194 0.146036

-1.36194 0.146037
-1.36179 0.146179

-1.36179 0.146179
-1.36163 0.146326

-1.36163 0.146327
-1.36147 0.146484

-1.36147 0.146484
-1.36133 0.146615

-1.36133 0.146616
-1.36114 0.14679

-1.36114 0.14679
-1.36102 0.146905

-1.36102 0.146906
-1.36082 0.147095

-1.36082 0.147095
-1.36072 0.147195

-1.36072 0.147196
-1.3605 0.1474

-1.3605 0.1474
-1.36041 0.147484

-1.36041 0.147486
-1.36018 0.147705

-1.36018 0.147705
-1.36011 0.147774

-1.36011 0.147775
-1.35986 0.14801

-1.35986 0.14801
-1.3598 0.148064

-1.3598 0.148064
-1.35954 0.148315

-1.35954 0.148315
-1.3595 0.148354

-1.3595 0.148354
-1.35922 0.148621

-1.35922 0.148621
-1.35919 0.148644

-1.35919 0.148644
-1.3589 0.148926

-1.3589 0.148926
-1.35889 0.148934

-1.35889 0.148934
-1.35858 0.149224

-1.35858 0.149224
-1.35857 0.149231

-1.35857 0.149231
-1.35828 0.149514

-1.35828 0.149514
-1.35825 0.149536

-1.35825 0.149536
-1.35797 0.149804

-1.35797 0.149804
-1.35793 0.149841

-1.35793 0.149841
-1.35767 0.150094

-1.35767 0.150094
-1.35761 0.150146

-1.35761 0.150146
-1.35736 0.150383

-1.35736 0.150384
-1.35729 0.150452

-1.35729 0.150452
-1.35706 0.150673

-1.35706 0.150674
-1.35697 0.150757

-1.35697 0.150757
-1.35675 0.150963

-1.35675 0.150965
-1.35665 0.151062

-1.35665 0.151062
-1.35645 0.151254

-1.35645 0.151255
-1.35633 0.151367

-1.35633 0.151367
-1.35614 0.151544

-1.35614 0.151545
-1.35601 0.151672

-1.35601 0.151672
-1.35583 0.151835

-1.35583 0.151836
-1.35569 0.151978

-1.35569 0.151978
-1.35553 0.152125

-1.35553 0.152126
-1.35536 0.152283

-1.35536 0.152283
-1.35522 0.152416

-1.35522 0.152417
-1.35504 0.152588

-1.35504 0.152588
-1.35492 0.152706

-1.35492 0.152707
-1.35472 0.152893

-1.35472 0.152893
-1.35461 0.152997

-1.35461 0.152998
-1.3544 0.153198

-1.3544 0.153198
-1.35431 0.153287

-1.35431 0.153288
-1.35408 0.153503

-1.35408 0.153503
-1.354 0.153578

-1.354 0.153579
-1.35376 0.153809

-1.35376 0.153809
-1.3537 0.153868

-1.3537 0.153869
-1.35344 0.154114

-1.35344 0.154114
-1.35339 0.154159

-1.35339 0.154159
-1.35312 0.154419

-1.35312 0.154419
-1.35309 0.15445

-1.35309 0.15445
-1.3528 0.154724

-1.3528 0.154724
-1.35278 0.15474

-1.35278 0.15474
-1.35248 0.155029

-1.35248 0.155029
-1.35248 0.155031

-1.35248 0.155031
-1.35217 0.155322

-1.35217 0.155322
-1.35216 0.155334

-1.35216 0.155334
-1.35187 0.155613

-1.35187 0.155613
-1.35184 0.15564

-1.35184 0.15564
-1.35156 0.155903

-1.35156 0.155903
-1.35152 0.155945

-1.35152 0.155945
-1.35126 0.156194

-1.35126 0.156194
-1.3512 0.15625

-1.3512 0.15625
-1.35095 0.156484

-1.35095 0.156485
-1.35088 0.156555

-1.35088 0.156555
-1.35065 0.156775

-1.35065 0.156776
-1.35056 0.15686

-1.35056 0.15686
-1.35034 0.157066

-1.35034 0.157067
-1.35024 0.157166

-1.35024 0.157166
-1.35004 0.157357

-1.35004 0.157358
-1.34992 0.157471

-1.34992 0.157471
-1.34973 0.157648

-1.34973 0.157649
-1.3496 0.157776

-1.3496 0.157776
-1.34943 0.157939

-1.34943 0.15794
-1.34928 0.158081

-1.34928 0.158081
-1.34912 0.158231

-1.34912 0.158231
-1.34896 0.158386

-1.34896 0.158386
-1.34882 0.158522

-1.34882 0.158523
-1.34864 0.158691

-1.34864 0.158691
-1.34851 0.158813

-1.34851 0.158814
-1.34832 0.158997

-1.34832 0.158997
-1.34821 0.159104

-1.34821 0.159105
-1.348 0.159302

-1.348 0.159302
-1.3479 0.159395

-1.3479 0.159396
-1.34768 0.159607

-1.34768 0.159607
-1.3476 0.159687

-1.3476 0.159688
-1.34736 0.159912

-1.34736 0.159912
-1.34729 0.159978

-1.34729 0.159979
-1.34704 0.160217

-1.34704 0.160217
-1.34698 0.160269

-1.34698 0.16027
-1.34672 0.160522

-1.34672 0.160522
-1.34668 0.160561

-1.34668 0.160561
-1.3464 0.160828

-1.3464 0.160828
-1.34637 0.160852

-1.34637 0.160852
-1.34608 0.161133

-1.34608 0.161133
-1.34607 0.161143

-1.34607 0.161143
-1.34576 0.161435

-1.34576 0.161435
-1.34576 0.161438

-1.34576 0.161438
-1.34546 0.161726

-1.34546 0.161726
-1.34544 0.161743

-1.34544 0.161743
-1.34515 0.162018

-1.34515 0.162018
-1.34512 0.162048

-1.34512 0.162048
-1.34485 0.162309

-1.34485 0.162309
-1.3448 0.162354

-1.3448 0.162354
-1.34454 0.162601

-1.34454 0.162601
-1.34448 0.162659

-1.34448 0.162659
-1.34424 0.162892

-1.34424 0.162893
-1.34416 0.162964

-1.34416 0.162964
-1.34393 0.163183

-1.34393 0.163184
-1.34384 0.163269

-1.34385 0.163269
-1.34363 0.163475

-1.34363 0.163476
-1.34353 0.163574

-1.34353 0.163574
-1.34332 0.163767

-1.34332 0.163768
-1.34321 0.163879

-1.34321 0.163879
-1.34302 0.164059

-1.34302 0.16406
-1.34289 0.164185

-1.34289 0.164185
-1.34271 0.164351

-1.34271 0.164352
-1.34257 0.16449

-1.34257 0.16449
-1.34241 0.164643

-1.34241 0.164644
-1.34225 0.164795

-1.34225 0.164795
-1.3421 0.164935

-1.3421 0.164936
-1.34193 0.1651

-1.34193 0.1651
-1.3418 0.165227

-1.3418 0.165228
-1.34161 0.165405

-1.34161 0.165405
-1.34149 0.165519

-1.34149 0.16552
-1.34129 0.16571

-1.34129 0.16571
-1.34119 0.165811

-1.34119 0.165812
-1.34097 0.166016

-1.34097 0.166016
-1.34088 0.166103

-1.34088 0.166104
-1.34065 0.166321

-1.34065 0.166321
-1.34058 0.166395

-1.34058 0.166396
-1.34033 0.166626

-1.34034 0.166626
-1.34027 0.166687

-1.34027 0.166688
-1.34002 0.166931

-1.34002 0.166931
-1.33997 0.166979

-1.33997 0.16698
-1.3397 0.167236

-1.3397 0.167236
-1.33966 0.167272

-1.33966 0.167272
-1.33938 0.167542

-1.33938 0.167542
-1.33936 0.167564

-1.33936 0.167564
-1.33906 0.167847

-1.33906 0.167847
-1.33905 0.167856

-1.33905 0.167856
-1.33875 0.168149

-1.33875 0.168149
-1.33874 0.168152

-1.33874 0.168152
-1.33844 0.168441

-1.33844 0.168441
-1.33842 0.168457

-1.33842 0.168457
-1.33813 0.168733

-1.33813 0.168733
-1.3381 0.168762

-1.3381 0.168762
-1.33783 0.169026

-1.33783 0.169026
-1.33779 0.169067

-1.33779 0.169067
-1.33752 0.169318

-1.33752 0.169318
-1.33747 0.169373

-1.33747 0.169373
-1.33722 0.16961

-1.33722 0.169611
-1.33715 0.169678

-1.33715 0.169678
-1.33691 0.169902

-1.33691 0.169903
-1.33683 0.169983

-1.33683 0.169983
-1.33661 0.170195

-1.33661 0.170196
-1.33651 0.170288

-1.33651 0.170288
-1.3363 0.170488

-1.3363 0.170489
-1.33619 0.170593

-1.33619 0.170593
-1.336 0.17078

-1.336 0.170781
-1.33588 0.170898

-1.33588 0.170898
-1.33569 0.171073

-1.33569 0.171074
-1.33556 0.171204

-1.33556 0.171204
-1.33539 0.171366

-1.33539 0.171367
-1.33524 0.171509

-1.33524 0.171509
-1.33508 0.171659

-1.33508 0.17166
-1.33492 0.171814

-1.33492 0.171814
-1.33478 0.171952

-1.33478 0.171952
-1.3346 0.172119

-1.3346 0.172119
-1.33447 0.172245

-1.33447 0.172245
-1.33429 0.172424

-1.33429 0.172424
-1.33417 0.172537

-1.33417 0.172538
-1.33397 0.172729

-1.33397 0.172729
-1.33386 0.17283

-1.33386 0.172831
-1.33365 0.173035

-1.33365 0.173035
-1.33356 0.173123

-1.33356 0.173124
-1.33333 0.17334

-1.33333 0.17334
-1.33325 0.173416

-1.33325 0.173417
-1.33301 0.173645

-1.33301 0.173645
-1.33295 0.173709

-1.33295 0.17371
-1.3327 0.17395

-1.3327 0.17395
-1.33264 0.174002

-1.33264 0.174003
-1.33238 0.174255

-1.33238 0.174255
-1.33234 0.174295

-1.33234 0.174295
-1.33206 0.174561

-1.33206 0.174561
-1.33203 0.174588

-1.33203 0.174588
-1.33174 0.174866

-1.33174 0.174866
-1.33173 0.174882

-1.33173 0.174882
-1.33142 0.175171

-1.33142 0.175171
-1.33142 0.175175

-1.33142 0.175175
-1.33112 0.175468

-1.33112 0.175468
-1.33111 0.175476

-1.33111 0.175476
-1.33081 0.175761

-1.33081 0.175761
-1.33079 0.175781

-1.33079 0.175781
-1.33051 0.176054

-1.33051 0.176054
-1.33047 0.176086

-1.33047 0.176086
-1.3302 0.176347

-1.3302 0.176348
-1.33015 0.176392

-1.33015 0.176392
-1.3299 0.176641

-1.3299 0.176641
-1.32984 0.176697

-1.32984 0.176697
-1.32959 0.176934

-1.32959 0.176934
-1.32952 0.177002

-1.32952 0.177002
-1.32928 0.177227

-1.32928 0.177228
-1.3292 0.177307

-1.3292 0.177307
-1.32898 0.17752

-1.32898 0.177521
-1.32888 0.177612

-1.32889 0.177612
-1.32867 0.177814

-1.32867 0.177815
-1.32857 0.177917

-1.32857 0.177917
-1.32837 0.178107

-1.32837 0.178108
-1.32825 0.178223

-1.32825 0.178223
-1.32806 0.178401

-1.32806 0.178402
-1.32793 0.178528

-1.32793 0.178528
-1.32776 0.178695

-1.32776 0.178695
-1.32762 0.178833

-1.32762 0.178833
-1.32745 0.178988

-1.32745 0.178989
-1.3273 0.179138

-1.3273 0.179138
-1.32715 0.179282

-1.32715 0.179283
-1.32698 0.179443

-1.32698 0.179443
-1.32684 0.179576

-1.32684 0.179576
-1.32666 0.179749

-1.32666 0.179749
-1.32654 0.179869

-1.32654 0.17987
-1.32635 0.180054

-1.32635 0.180054
-1.32623 0.180163

-1.32623 0.180164
-1.32603 0.180359

-1.32603 0.180359
-1.32593 0.180457

-1.32593 0.180458
-1.32571 0.180664

-1.32571 0.180664
-1.32562 0.180751

-1.32562 0.180752
-1.3254 0.180969

-1.3254 0.180969
-1.32532 0.181045

-1.32532 0.181046
-1.32508 0.181274

-1.32508 0.181274
-1.32501 0.181339

-1.32501 0.181339
-1.32476 0.18158

-1.32476 0.18158
-1.32471 0.181633

-1.32471 0.181633
-1.32444 0.181885

-1.32445 0.181885
-1.3244 0.181926

-1.3244 0.181927
-1.32413 0.18219

-1.32413 0.18219
-1.3241 0.18222

-1.3241 0.18222
-1.32381 0.182495

-1.32381 0.182495
-1.32379 0.182514

-1.32379 0.182514
-1.32349 0.1828

-1.32349 0.1828
-1.32349 0.182808

-1.32349 0.182808
-1.32318 0.183102

-1.32318 0.183102
-1.32318 0.183105

-1.32318 0.183105
-1.32288 0.183396

-1.32288 0.183396
-1.32286 0.183411

-1.32286 0.183411
-1.32257 0.183691

-1.32257 0.183691
-1.32254 0.183716

-1.32254 0.183716
-1.32227 0.183985

-1.32227 0.183985
-1.32223 0.184021

-1.32223 0.184021
-1.32196 0.184279

-1.32196 0.184279
-1.32191 0.184326

-1.32191 0.184326
-1.32166 0.184572

-1.32166 0.184573
-1.32159 0.184631

-1.3216 0.184631
-1.32135 0.184866

-1.32135 0.184867
-1.32128 0.184937

-1.32128 0.184937
-1.32104 0.185161

-1.32104 0.185161
-1.32096 0.185242

-1.32096 0.185242
-1.32074 0.185455

-1.32074 0.185456
-1.32065 0.185547

-1.32065 0.185547
-1.32043 0.185749

-1.32043 0.18575
-1.32033 0.185852

-1.32033 0.185852
-1.32013 0.186043

-1.32013 0.186044
-1.32001 0.186157

-1.32001 0.186157
-1.31982 0.186338

-1.31982 0.186339
-1.3197 0.186462

-1.3197 0.186462
-1.31952 0.186632

-1.31952 0.186633
-1.31938 0.186768

-1.31938 0.186768
-1.31921 0.186927

-1.31921 0.186927
-1.31906 0.187073

-1.31906 0.187073
-1.31891 0.187221

-1.31891 0.187222
-1.31875 0.187378

-1.31875 0.187378
-1.3186 0.187515

-1.3186 0.187516
-1.31843 0.187683

-1.31843 0.187683
-1.3183 0.18781

-1.3183 0.18781
-1.31811 0.187988

-1.31811 0.187988
-1.31799 0.188104

-1.31799 0.188105
-1.3178 0.188293

-1.3178 0.188293
-1.31769 0.188398

-1.31769 0.188399
-1.31748 0.188599

-1.31748 0.188599
-1.31738 0.188693

-1.31738 0.188694
-1.31716 0.188904

-1.31716 0.188904
-1.31708 0.188987

-1.31708 0.188988
-1.31685 0.189209

-1.31685 0.189209
-1.31677 0.189282

-1.31677 0.189283
-1.31653 0.189514

-1.31653 0.189514
-1.31647 0.189576

-1.31647 0.189577
-1.31621 0.189819

-1.31622 0.189819
-1.31616 0.189871

-1.31616 0.189871
-1.3159 0.190125

-1.3159 0.190125
-1.31586 0.190165

-1.31586 0.190165
-1.31558 0.19043

-1.31558 0.19043
-1.31555 0.19046

-1.31555 0.19046
-1.31527 0.190735

-1.31527 0.190735
-1.31525 0.190754

-1.31525 0.190754
-1.31495 0.19104

-1.31495 0.19104
-1.31494 0.191048

-1.31494 0.191048
-1.31464 0.191343

-1.31464 0.191343
-1.31463 0.191345

-1.31463 0.191345
-1.31433 0.191637

-1.31433 0.191637
-1.31432 0.19165

-1.31432 0.19165
-1.31403 0.191932

-1.31403 0.191932
-1.314 0.191956

-1.314 0.191956
-1.31372 0.192226

-1.31372 0.192226
-1.31369 0.192261

-1.31369 0.192261
-1.31342 0.192521

-1.31342 0.192521
-1.31337 0.192566

-1.31337 0.192566
-1.31311 0.192815

-1.31311 0.192815
-1.31305 0.192871

-1.31305 0.192871
-1.31281 0.193109

-1.31281 0.19311
-1.31274 0.193176

-1.31274 0.193176
-1.3125 0.193403

-1.3125 0.193404
-1.31242 0.193481

-1.31242 0.193481
-1.31219 0.193698

-1.31219 0.193699
-1.3121 0.193787

-1.3121 0.193787
-1.31189 0.193993

-1.31189 0.193993
-1.31179 0.194092

-1.31179 0.194092
-1.31158 0.194287

-1.31158 0.194288
-1.31147 0.194397

-1.31147 0.194397
-1.31128 0.194582

-1.31128 0.194582
-1.31115 0.194702

-1.31116 0.194702
-1.31097 0.194876

-1.31097 0.194877
-1.31084 0.195007

-1.31084 0.195007
-1.31067 0.195171

-1.31067 0.195171
-1.31052 0.195312

-1.31052 0.195312
-1.31036 0.195465

-1.31036 0.195466
-1.31021 0.195618

-1.31021 0.195618
-1.31006 0.19576

-1.31006 0.19576
-1.30989 0.195923

-1.30989 0.195923
-1.30975 0.196054

-1.30975 0.196055
-1.30957 0.196228

-1.30957 0.196228
-1.30945 0.196349

-1.30945 0.19635
-1.30926 0.196533

-1.30926 0.196533
-1.30914 0.196643

-1.30914 0.196644
-1.30894 0.196838

-1.30894 0.196838
-1.30884 0.196938

-1.30884 0.196939
-1.30862 0.197144

-1.30862 0.197144
-1.30853 0.197232

-1.30853 0.197233
-1.30831 0.197449

-1.30831 0.197449
-1.30823 0.197527

-1.30823 0.197528
-1.30799 0.197754

-1.30799 0.197754
-1.30792 0.197821

-1.30792 0.197822
-1.30768 0.198059

-1.30768 0.198059
-1.30762 0.198116

-1.30762 0.198116
-1.30736 0.198364

-1.30736 0.198364
-1.30731 0.19841

-1.30731 0.19841
-1.30704 0.198669

-1.30704 0.198669
-1.30701 0.198705

-1.30701 0.198705
-1.30673 0.198975

-1.30673 0.198975
-1.3067 0.198999

-1.3067 0.198999
-1.30641 0.19928

-1.30641 0.19928
-1.3064 0.199293

-1.3064 0.199293
-1.30609 0.199585

-1.30609 0.199585
-1.30609 0.199588

-1.30609 0.199588
-1.30579 0.199882

-1.30579 0.199882
-1.30578 0.19989

-1.30578 0.19989
-1.30548 0.200177

-1.30548 0.200177
-1.30546 0.200195

-1.30546 0.200195
-1.30518 0.200471

-1.30518 0.200471
-1.30515 0.2005

-1.30515 0.2005
-1.30487 0.200765

-1.30487 0.200766
-1.30483 0.200806

-1.30483 0.200806
-1.30457 0.20106

-1.30457 0.20106
-1.30451 0.201111

-1.30451 0.201111
-1.30426 0.201354

-1.30426 0.201354
-1.3042 0.201416

-1.3042 0.201416
-1.30396 0.201648

-1.30396 0.201649
-1.30388 0.201721

-1.30388 0.201721
-1.30365 0.201942

-1.30365 0.201943
-1.30356 0.202026

-1.30356 0.202026
-1.30334 0.202237

-1.30334 0.202238
-1.30325 0.202332

-1.30325 0.202332
-1.30304 0.202531

-1.30304 0.202532
-1.30293 0.202637

-1.30293 0.202637
-1.30273 0.202826

-1.30273 0.202826
-1.30261 0.202942

-1.30261 0.202942
-1.30243 0.20312

-1.30243 0.203121
-1.3023 0.203247

-1.3023 0.203247
-1.30212 0.203414

-1.30212 0.203415
-1.30198 0.203552

-1.30198 0.203552
-1.30182 0.203709

-1.30182 0.20371
-1.30167 0.203857

-1.30167 0.203857
-1.30151 0.204003

-1.30151 0.204004
-1.30135 0.204163

-1.30135 0.204163
-1.30121 0.204298

-1.30121 0.204298
-1.30103 0.204468

-1.30103 0.204468
-1.3009 0.204592

-1.3009 0.204593
-1.30072 0.204773

-1.30072 0.204773
-1.3006 0.204886

-1.3006 0.204887
-1.3004 0.205078

-1.3004 0.205078
-1.30029 0.205181

-1.30029 0.205182
-1.30008 0.205383

-1.30008 0.205383
-1.29999 0.205475

-1.29999 0.205476
-1.29977 0.205688

-1.29977 0.205688
-1.29968 0.205769

-1.29968 0.20577
-1.29945 0.205994

-1.29945 0.205994
-1.29938 0.206064

-1.29938 0.206065
-1.29913 0.206299

-1.29913 0.206299
-1.29907 0.206358

-1.29907 0.206359
-1.29882 0.206604

-1.29882 0.206604
-1.29877 0.206652

-1.29877 0.206653
-1.2985 0.206909

-1.2985 0.206909
-1.29846 0.206947

-1.29846 0.206947
-1.29818 0.207214

-1.29818 0.207214
-1.29816 0.207241

-1.29816 0.207241
-1.29787 0.20752

-1.29787 0.20752
-1.29785 0.207535

-1.29785 0.207535
-1.29755 0.207825

-1.29755 0.207825
-1.29755 0.20783

-1.29755 0.20783
-1.29724 0.208124

-1.29724 0.208124
-1.29723 0.20813

-1.29723 0.20813
-1.29694 0.208418

-1.29694 0.208418
-1.29692 0.208435

-1.29692 0.208435
-1.29663 0.208712

-1.29663 0.208712
-1.2966 0.20874

-1.2966 0.20874
-1.29633 0.209006

-1.29633 0.209007
-1.29629 0.209045

-1.29629 0.209045
-1.29602 0.2093

-1.29602 0.209301
-1.29597 0.209351

-1.29597 0.209351
-1.29572 0.209594

-1.29572 0.209595
-1.29565 0.209656

-1.29565 0.209656
-1.29541 0.209888

-1.29541 0.209889
-1.29534 0.209961

-1.29534 0.209961
-1.2951 0.210183

-1.2951 0.210184
-1.29502 0.210266

-1.29502 0.210266
-1.2948 0.210477

-1.2948 0.210478
-1.2947 0.210571

-1.2947 0.210571
-1.29449 0.210771

-1.29449 0.210772
-1.29439 0.210876

-1.29439 0.210876
-1.29419 0.211065

-1.29419 0.211066
-1.29407 0.211182

-1.29407 0.211182
-1.29388 0.211359

-1.29388 0.21136
-1.29375 0.211487

-1.29375 0.211487
-1.29358 0.211654

-1.29358 0.211654
-1.29344 0.211792

-1.29344 0.211792
-1.29327 0.211948

-1.29327 0.211948
-1.29312 0.212097

-1.29312 0.212097
-1.29297 0.212242

-1.29297 0.212243
-1.2928 0.212402

-1.2928 0.212402
-1.29266 0.212536

-1.29266 0.212537
-1.29249 0.212708

-1.29249 0.212708
-1.29236 0.21283

-1.29236 0.212831
-1.29217 0.213013

-1.29217 0.213013
-1.29205 0.213124

-1.29205 0.213125
-1.29185 0.213318

-1.29185 0.213318
-1.29175 0.213418

-1.29175 0.213419
-1.29154 0.213623

-1.29154 0.213623
-1.29144 0.213712

-1.29144 0.213713
-1.29122 0.213928

-1.29122 0.213928
-1.29114 0.214006

-1.29114 0.214007
-1.2909 0.214233

-1.2909 0.214233
-1.29083 0.2143

-1.29083 0.214301
-1.29058 0.214539

-1.29059 0.214539
-1.29053 0.214594

-1.29053 0.214595
-1.29027 0.214844

-1.29027 0.214844
-1.29022 0.214888

-1.29022 0.214888
-1.28995 0.215149

-1.28995 0.215149
-1.28992 0.215182

-1.28992 0.215182
-1.28963 0.215454

-1.28963 0.215454
-1.28961 0.215476

-1.28961 0.215476
-1.28932 0.215759

-1.28932 0.215759
-1.28931 0.21577

-1.28931 0.21577
-1.289 0.216064

-1.289 0.216064
-1.289 0.216064

-1.289 0.216064
-1.2887 0.216358

-1.2887 0.216358
-1.28868 0.21637

-1.28868 0.21637
-1.28839 0.216652

-1.28839 0.216652
-1.28837 0.216675

-1.28837 0.216675
-1.28809 0.216945

-1.28809 0.216945
-1.28805 0.21698

-1.28805 0.21698
-1.28778 0.217239

-1.28778 0.217239
-1.28773 0.217285

-1.28773 0.217285
-1.28748 0.217532

-1.28748 0.217533
-1.28742 0.21759

-1.28742 0.21759
-1.28717 0.217826

-1.28717 0.217827
-1.2871 0.217896

-1.2871 0.217896
-1.28687 0.21812

-1.28687 0.218121
-1.28678 0.218201

-1.28678 0.218201
-1.28656 0.218413

-1.28656 0.218414
-1.28646 0.218506

-1.28647 0.218506
-1.28625 0.218707

-1.28625 0.218708
-1.28615 0.218811

-1.28615 0.218811
-1.28595 0.219001

-1.28595 0.219002
-1.28583 0.219116

-1.28583 0.219116
-1.28564 0.219295

-1.28564 0.219296
-1.28551 0.219421

-1.28551 0.219421
-1.28534 0.219588

-1.28534 0.219589
-1.2852 0.219727

-1.2852 0.219727
-1.28503 0.219882

-1.28503 0.219883
-1.28488 0.220032

-1.28488 0.220032
-1.28473 0.220176

-1.28473 0.220177
-1.28456 0.220337

-1.28456 0.220337
-1.28442 0.220469

-1.28442 0.22047
-1.28424 0.220642

-1.28424 0.220642
-1.28412 0.220763

-1.28412 0.220764
-1.28393 0.220947

-1.28393 0.220947
-1.28381 0.221057

-1.28381 0.221057
-1.28361 0.221252

-1.28361 0.221252
-1.28351 0.22135

-1.28351 0.221351
-1.28329 0.221558

-1.28329 0.221558
-1.2832 0.221644

-1.2832 0.221645
-1.28297 0.221863

-1.28298 0.221863
-1.2829 0.221937

-1.2829 0.221938
-1.28266 0.222168

-1.28266 0.222168
-1.28259 0.222231

-1.28259 0.222231
-1.28234 0.222473

-1.28234 0.222473
-1.28229 0.222524

-1.28229 0.222525
-1.28202 0.222778

-1.28202 0.222778
-1.28198 0.222818

-1.28198 0.222818
-1.28171 0.223083

-1.28171 0.223083
-1.28168 0.223111

-1.28168 0.223111
-1.28139 0.223389

-1.28139 0.223389
-1.28137 0.223405

-1.28137 0.223405
-1.28107 0.223694

-1.28107 0.223694
-1.28107 0.223698

-1.28107 0.223698
-1.28076 0.223991

-1.28076 0.223991
-1.28075 0.223999

-1.28075 0.223999
-1.28046 0.224285

-1.28046 0.224285
-1.28044 0.224304

-1.28044 0.224304
-1.28015 0.224578

-1.28015 0.224578
-1.28012 0.224609

-1.28012 0.224609
-1.27985 0.224871

-1.27985 0.224871
-1.2798 0.224915

-1.2798 0.224915
-1.27954 0.225164

-1.27954 0.225164
-1.27948 0.22522

-1.27948 0.22522
-1.27924 0.225457

-1.27924 0.225458
-1.27917 0.225525

-1.27917 0.225525
-1.27893 0.22575

-1.27893 0.225751
-1.27885 0.22583

-1.27885 0.22583
-1.27863 0.226043

-1.27863 0.226044
-1.27853 0.226135

-1.27853 0.226135
-1.27832 0.226336

-1.27832 0.226337
-1.27821 0.22644

-1.27821 0.22644
-1.27802 0.22663

-1.27802 0.226631
-1.2779 0.226746

-1.2779 0.226746
-1.27771 0.226923

-1.27771 0.226924
-1.27758 0.227051

-1.27758 0.227051
-1.2774 0.227216

-1.2774 0.227217
-1.27726 0.227356

-1.27726 0.227356
-1.2771 0.227509

-1.2771 0.22751
-1.27694 0.227661

-1.27694 0.227661
-1.27679 0.227802

-1.27679 0.227803
-1.27662 0.227966

-1.27662 0.227966
-1.27649 0.228095

-1.27649 0.228096
-1.27631 0.228271

-1.27631 0.228271
-1.27618 0.228388

-1.27618 0.228389
-1.27599 0.228577

-1.27599 0.228577
-1.27588 0.228681

-1.27588 0.228682
-1.27567 0.228882

-1.27567 0.228882
-1.27557 0.228974

-1.27557 0.228975
-1.27535 0.229187

-1.27535 0.229187
-1.27527 0.229267

-1.27527 0.229268
-1.27503 0.229492

-1.27503 0.229492
-1.27496 0.22956

-1.27496 0.22956
-1.27472 0.229797

-1.27472 0.229797
-1.27466 0.229852

-1.27466 0.229853
-1.2744 0.230103

-1.2744 0.230103
-1.27435 0.230145

-1.27435 0.230145
-1.27408 0.230408

-1.27408 0.230408
-1.27405 0.230438

-1.27405 0.230438
-1.27376 0.230713

-1.27376 0.230713
-1.27374 0.230731

-1.27374 0.230731
-1.27344 0.231018

-1.27344 0.231018
-1.27344 0.231023

-1.27344 0.231023
-1.27313 0.231316

-1.27313 0.231316
-1.27312 0.231323

-1.27312 0.231323
-1.27283 0.231609

-1.27283 0.231609
-1.27281 0.231628

-1.27281 0.231628
-1.27252 0.231901

-1.27252 0.231901
-1.27249 0.231934

-1.27249 0.231934
-1.27222 0.232194

-1.27222 0.232194
-1.27217 0.232239

-1.27217 0.232239
-1.27191 0.232486

-1.27191 0.232486
-1.27185 0.232544

-1.27185 0.232544
-1.27161 0.232778

-1.27161 0.232779
-1.27153 0.232849

-1.27153 0.232849
-1.2713 0.23307

-1.2713 0.233071
-1.27121 0.233154

-1.27122 0.233154
-1.271 0.233363

-1.271 0.233364
-1.2709 0.233459

-1.2709 0.233459
-1.27069 0.233655

-1.27069 0.233656
-1.27058 0.233765

-1.27058 0.233765
-1.27039 0.233948

-1.27039 0.233948
-1.27026 0.23407

-1.27026 0.23407
-1.27008 0.23424

-1.27008 0.234241
-1.26994 0.234375

-1.26994 0.234375
-1.26978 0.234532

-1.26978 0.234533
-1.26962 0.23468

-1.26962 0.23468
-1.26947 0.234825

-1.26947 0.234825
-1.2693 0.234985

-1.2693 0.234985
-1.26917 0.235117

-1.26917 0.235118
-1.26898 0.235291

-1.26898 0.235291
-1.26886 0.235409

-1.26886 0.23541
-1.26866 0.235596

-1.26867 0.235596
-1.26855 0.235701

-1.26855 0.235702
-1.26835 0.235901

-1.26835 0.235901
-1.26825 0.235993

-1.26825 0.235994
-1.26803 0.236206

-1.26803 0.236206
-1.26794 0.236285

-1.26794 0.236286
-1.26771 0.236511

-1.26771 0.236511
-1.26764 0.236577

-1.26764 0.236578
-1.26739 0.236816

-1.26739 0.236816
-1.26733 0.236869

-1.26733 0.23687
-1.26707 0.237122

-1.26707 0.237122
-1.26703 0.237161

-1.26703 0.237162
-1.26675 0.237427

-1.26675 0.237427
-1.26672 0.237453

-1.26672 0.237453
-1.26643 0.237732

-1.26643 0.237732
-1.26642 0.237745

-1.26642 0.237745
-1.26611 0.238037

-1.26611 0.238037
-1.26581 0.238329

-1.26581 0.238329
-1.26579 0.238342

-1.26579 0.238342
-1.2655 0.238621

-1.2655 0.238621
-1.26547 0.238647

-1.26547 0.238647
-1.2652 0.238912

-1.2652 0.238912
-1.26516 0.238953

-1.26516 0.238953
-1.26489 0.239204

-1.26489 0.239204
-1.26484 0.239258

-1.26484 0.239258
-1.26459 0.239495

-1.26459 0.239496
-1.26452 0.239563

-1.26452 0.239563
-1.26428 0.239786

-1.26428 0.239787
-1.2642 0.239868

-1.2642 0.239868
-1.26398 0.240078

-1.26398 0.240079
-1.26388 0.240173

-1.26388 0.240173
-1.26367 0.240369

-1.26367 0.240371
-1.26356 0.240479

-1.26356 0.240479
-1.26337 0.240661

-1.26337 0.240662
-1.26324 0.240784

-1.26324 0.240784
-1.26306 0.240953

-1.26306 0.240954
-1.26292 0.241089

-1.26292 0.241089
-1.26276 0.241244

-1.26276 0.241245
-1.2626 0.241394

-1.2626 0.241394
-1.26245 0.241536

-1.26245 0.241536
-1.26228 0.241699

-1.26228 0.241699
-1.26215 0.241827

-1.26215 0.241828
-1.26196 0.242004

-1.26196 0.242004
-1.26184 0.242118

-1.26184 0.242119
-1.26164 0.24231

-1.26164 0.24231
-1.26154 0.24241

-1.26154 0.242411
-1.26132 0.242615

-1.26132 0.242615
-1.26123 0.242701

-1.26123 0.242702
-1.261 0.24292

-1.261 0.24292
-1.26093 0.242992

-1.26093 0.242993
-1.26068 0.243225

-1.26068 0.243225
-1.26062 0.243283

-1.26062 0.243284
-1.26036 0.24353

-1.26036 0.24353
-1.26031 0.243574

-1.26031 0.243575
-1.26004 0.243835

-1.26004 0.243835
-1.26001 0.243865

-1.26001 0.243866
-1.25972 0.244141

-1.25972 0.244141
-1.2597 0.244156

-1.2597 0.244157
-1.2594 0.244446

-1.2594 0.244446
-1.2594 0.244447

-1.2594 0.244448
-1.25909 0.244739

-1.25909 0.244739
-1.25908 0.244751

-1.25908 0.244751
-1.25879 0.245029

-1.25879 0.245029
-1.25876 0.245056

-1.25876 0.245056
-1.25848 0.24532

-1.25848 0.24532
-1.25844 0.245361

-1.25844 0.245361
-1.25818 0.245611

-1.25818 0.245611
-1.25812 0.245667

-1.25812 0.245667
-1.25787 0.245901

-1.25787 0.245902
-1.2578 0.245972

-1.2578 0.245972
-1.25757 0.246192

-1.25757 0.246193
-1.25748 0.246277

-1.25748 0.246277
-1.25726 0.246483

-1.25726 0.246484
-1.25716 0.246582

-1.25716 0.246582
-1.25696 0.246773

-1.25696 0.246774
-1.25684 0.246887

-1.25684 0.246887
-1.25665 0.247064

-1.25665 0.247065
-1.25652 0.247192

-1.25652 0.247192
-1.25635 0.247355

-1.25635 0.247356
-1.2562 0.247498

-1.2562 0.247498
-1.25604 0.247645

-1.25604 0.247646
-1.25588 0.247803

-1.25588 0.247803
-1.25574 0.247936

-1.25574 0.247937
-1.25556 0.248108

-1.25556 0.248108
-1.25543 0.248227

-1.25543 0.248228
-1.25524 0.248413

-1.25524 0.248413
-1.25513 0.248517

-1.25513 0.248518
-1.25492 0.248718

-1.25492 0.248718
-1.25482 0.248808

-1.25482 0.248809
-1.25459 0.249023

-1.2546 0.249023
-1.25452 0.249098

-1.25452 0.249099
-1.25427 0.249329

-1.25427 0.249329
-1.25421 0.249388

-1.25421 0.249389
-1.25395 0.249634

-1.25395 0.249634
-1.25391 0.249679

-1.25391 0.249679
-1.25363 0.249939

-1.25363 0.249939
-1.2536 0.249969

-1.2536 0.249969
-1.25331 0.250244

-1.25331 0.250244
-1.2533 0.250259

-1.2533 0.250259
-1.25299 0.250549

-1.25299 0.250549
-1.25269 0.250839

-1.25269 0.250839
-1.25267 0.250854

-1.25267 0.250854
-1.25238 0.251129

-1.25238 0.251129
-1.25235 0.25116

-1.25235 0.25116
-1.25208 0.251419

-1.25208 0.251419
-1.25203 0.251465

-1.25203 0.251465
-1.25177 0.251709

-1.25177 0.251709
-1.25171 0.25177

-1.25171 0.25177
-1.25146 0.251999

-1.25146 0.251999
-1.25139 0.252075

-1.25139 0.252075
-1.25116 0.252288

-1.25116 0.252289
-1.25106 0.25238

-1.25106 0.25238
-1.25085 0.252578

-1.25085 0.252579
-1.25074 0.252686

-1.25074 0.252686
-1.25055 0.252868

-1.25055 0.252869
-1.25042 0.252991

-1.25042 0.252991
-1.25024 0.253158

-1.25024 0.253159
-1.2501 0.253296

-1.2501 0.253296
-1.24994 0.253448

-1.24994 0.253449
-1.24978 0.253601

-1.24978 0.253601
-1.24963 0.253737

-1.24963 0.253738
-1.24946 0.253906

-1.24946 0.253906
-1.24933 0.254027

-1.24933 0.254028
-1.24913 0.254211

-1.24913 0.254211
-1.24902 0.254316

-1.24902 0.254318
-1.24881 0.254517

-1.24881 0.254517
-1.24872 0.254606

-1.24872 0.254607
-1.24849 0.254822

-1.24849 0.254822
-1.24841 0.254895

-1.24841 0.254896
-1.24817 0.255127

-1.24817 0.255127
-1.24811 0.255185

-1.24811 0.255185
-1.24785 0.255432

-1.24785 0.255432
-1.2478 0.255474

-1.2478 0.255474
-1.24753 0.255737

-1.24753 0.255737
-1.2475 0.255763

-1.2475 0.255764
-1.2472 0.256042

-1.2472 0.256042
-1.24719 0.256053

-1.24719 0.256053
-1.24689 0.256342

-1.24689 0.256342
-1.24688 0.256348

-1.24688 0.256348
-1.24658 0.256631

-1.24658 0.256631
-1.24656 0.256653

-1.24656 0.256653
-1.24628 0.25692

-1.24628 0.25692
-1.24624 0.256958

-1.24624 0.256958
-1.24597 0.257209

-1.24597 0.257209
-1.24591 0.257263

-1.24591 0.257263
-1.24567 0.257497

-1.24567 0.257498
-1.24559 0.257568

-1.24559 0.257568
-1.24536 0.257786

-1.24536 0.257787
-1.24527 0.257874

-1.24527 0.257874
-1.24506 0.258075

-1.24506 0.258076
-1.24495 0.258179

-1.24495 0.258179
-1.24475 0.258364

-1.24475 0.258365
-1.24462 0.258484

-1.24463 0.258484
-1.24445 0.258652

-1.24445 0.258654
-1.2443 0.258789

-1.2443 0.258789
-1.24414 0.258941

-1.24414 0.258942
-1.24398 0.259094

-1.24398 0.259094
-1.24384 0.25923

-1.24384 0.259231
-1.24366 0.259399

-1.24366 0.259399
-1.24353 0.259518

-1.24353 0.25952
-1.24333 0.259705

-1.24333 0.259705
-1.24323 0.259807

-1.24323 0.259808
-1.24301 0.26001

-1.24301 0.26001
-1.24292 0.260095

-1.24292 0.260097
-1.24269 0.260315

-1.24269 0.260315
-1.24261 0.260384

-1.24261 0.260385
-1.24236 0.26062

-1.24236 0.26062
-1.24231 0.260672

-1.24231 0.260673
-1.24204 0.260925

-1.24204 0.260925
-1.242 0.26096

-1.242 0.260961
-1.24172 0.26123

-1.24172 0.26123
-1.2417 0.261249

-1.2417 0.261249
-1.2414 0.261536

-1.2414 0.261536
-1.24139 0.261537

-1.24139 0.261537
-1.24109 0.261825

-1.24109 0.261825
-1.24107 0.261841

-1.24107 0.261841
-1.24078 0.262113

-1.24078 0.262113
-1.24075 0.262146

-1.24075 0.262146
-1.24048 0.262401

-1.24048 0.262401
-1.24043 0.262451

-1.24043 0.262451
-1.24017 0.262688

-1.24017 0.262689
-1.2401 0.262756

-1.2401 0.262756
-1.23987 0.262976

-1.23987 0.262977
-1.23978 0.263062

-1.23978 0.263062
-1.23956 0.263263

-1.23956 0.263265
-1.23945 0.263367

-1.23946 0.263367
-1.23926 0.263551

-1.23926 0.263553
-1.23913 0.263672

-1.23913 0.263672
-1.23895 0.263839

-1.23895 0.26384
-1.23881 0.263977

-1.23881 0.263977
-1.23865 0.264127

-1.23865 0.264128
-1.23848 0.264282

-1.23848 0.264282
-1.23834 0.264414

-1.23834 0.264416
-1.23816 0.264587

-1.23816 0.264587
-1.23804 0.264702

-1.23804 0.264703
-1.23783 0.264893

-1.23784 0.264893
-1.23773 0.26499

-1.23773 0.264991
-1.23751 0.265198

-1.23751 0.265198
-1.23743 0.265277

-1.23743 0.265278
-1.23719 0.265503

-1.23719 0.265503
-1.23712 0.265564

-1.23712 0.265565
-1.23686 0.265808

-1.23686 0.265808
-1.23682 0.265852

-1.23682 0.265852
-1.23654 0.266113

-1.23654 0.266113
-1.23651 0.266139

-1.23651 0.266139
-1.23621 0.266418

-1.23621 0.266418
-1.23621 0.266426

-1.23621 0.266426
-1.2359 0.266713

-1.2359 0.266713
-1.23589 0.266724

-1.23589 0.266724
-1.2356 0.267

-1.2356 0.267
-1.23557 0.267029

-1.23557 0.267029
-1.23529 0.267287

-1.23529 0.267287
-1.23524 0.267334

-1.23524 0.267334
-1.23499 0.267574

-1.23499 0.267574
-1.23492 0.267639

-1.23492 0.267639
-1.23468 0.26786

-1.23468 0.267861
-1.23459 0.267944

-1.23459 0.267944
-1.23438 0.268147

-1.23438 0.268148
-1.23427 0.26825

-1.23427 0.26825
-1.23407 0.268434

-1.23407 0.268435
-1.23394 0.268555

-1.23394 0.268555
-1.23376 0.268721

-1.23376 0.268722
-1.23362 0.26886

-1.23362 0.26886
-1.23346 0.269007

-1.23346 0.269009
-1.23329 0.269165

-1.23329 0.269165
-1.23315 0.269294

-1.23315 0.269295
-1.23297 0.26947

-1.23297 0.26947
-1.23285 0.269581

-1.23285 0.269582
-1.23264 0.269775

-1.23264 0.269775
-1.23254 0.269867

-1.23254 0.269869
-1.23232 0.270081

-1.23232 0.270081
-1.23224 0.270154

-1.23224 0.270155
-1.23199 0.270386

-1.23199 0.270386
-1.23193 0.27044

-1.23193 0.270441
-1.23167 0.270691

-1.23167 0.270691
-1.23163 0.270726

-1.23163 0.270727
-1.23134 0.270996

-1.23134 0.270996
-1.23132 0.271013

-1.23132 0.271013
-1.23102 0.271299

-1.23102 0.271299
-1.23102 0.271301

-1.23102 0.271301
-1.23071 0.271585

-1.23071 0.271585
-1.23069 0.271606

-1.23069 0.271606
-1.23041 0.271871

-1.23041 0.271871
-1.23036 0.271912

-1.23036 0.271912
-1.2301 0.272157

-1.2301 0.272157
-1.23004 0.272217

-1.23004 0.272217
-1.2298 0.272443

-1.2298 0.272443
-1.22971 0.272522

-1.22971 0.272522
-1.22949 0.272728

-1.22949 0.272729
-1.22939 0.272827

-1.22939 0.272827
-1.22919 0.273014

-1.22919 0.273015
-1.22906 0.273132

-1.22906 0.273132
-1.22888 0.2733

-1.22888 0.273301
-1.22874 0.273438

-1.22874 0.273438
-1.22858 0.273586

-1.22858 0.273587
-1.22841 0.273743

-1.22841 0.273743
-1.22827 0.273872

-1.22827 0.273873
-1.22808 0.274048

-1.22808 0.274048
-1.22797 0.274157

-1.22797 0.274159
-1.22776 0.274353

-1.22776 0.274353
-1.22766 0.274443

-1.22766 0.274444
-1.22743 0.274658

-1.22743 0.274658
-1.22736 0.274728

-1.22736 0.274729
-1.2271 0.274963

-1.2271 0.274963
-1.22705 0.275014

-1.22705 0.275014
-1.22678 0.275269

-1.22678 0.275269
-1.22675 0.275299

-1.22675 0.275299
-1.22645 0.275574

-1.22645 0.275574
-1.22644 0.275584

-1.22644 0.275585
-1.22614 0.27587

-1.22614 0.27587
-1.22613 0.275879

-1.22613 0.275879
-1.22583 0.276155

-1.22583 0.276155
-1.2258 0.276184

-1.2258 0.276184
-1.22552 0.27644

-1.22552 0.27644
-1.22547 0.276489

-1.22547 0.276489
-1.22522 0.276725

-1.22522 0.276725
-1.22515 0.276794

-1.22515 0.276794
-1.22491 0.277009

-1.22491 0.27701
-1.22482 0.2771

-1.22482 0.2771
-1.22461 0.277294

-1.22461 0.277296
-1.22449 0.277405

-1.22449 0.277405
-1.2243 0.277579

-1.2243 0.27758
-1.22416 0.27771

-1.22417 0.27771
-1.224 0.277864

-1.224 0.277865
-1.22384 0.278015

-1.22384 0.278015
-1.22369 0.278149

-1.22369 0.27815
-1.22351 0.27832

-1.22351 0.27832
-1.22339 0.278434

-1.22339 0.278435
-1.22318 0.278625

-1.22318 0.278625
-1.22308 0.278718

-1.22308 0.27872
-1.22286 0.278931

-1.22286 0.278931
-1.22278 0.279003

-1.22278 0.279004
-1.22253 0.279236

-1.22253 0.279236
-1.22247 0.279287

-1.22247 0.279288
-1.2222 0.279541

-1.2222 0.279541
-1.22217 0.279572

-1.22217 0.279572
-1.22187 0.279846

-1.22187 0.279846
-1.22186 0.279856

-1.22186 0.279856
-1.22156 0.280141

-1.22156 0.280141
-1.22155 0.280151

-1.22155 0.280151
-1.22125 0.280425

-1.22125 0.280425
-1.22122 0.280457

-1.22122 0.280457
-1.22095 0.280709

-1.22095 0.280709
-1.22089 0.280762

-1.22089 0.280762
-1.22064 0.280993

-1.22064 0.280993
-1.22056 0.281067

-1.22056 0.281067
-1.22034 0.281276

-1.22034 0.281277
-1.22023 0.281372

-1.22024 0.281372
-1.22003 0.28156

-1.22003 0.281561
-1.21991 0.281677

-1.21991 0.281677
-1.21973 0.281844

-1.21973 0.281845
-1.21958 0.281982

-1.21958 0.281982
-1.21942 0.282128

-1.21942 0.282129
-1.21925 0.282288

-1.21925 0.282288
-1.21912 0.282412

-1.21912 0.282413
-1.21892 0.282593

-1.21892 0.282593
-1.21881 0.282696

-1.21881 0.282697
-1.21859 0.282898

-1.21859 0.282898
-1.21851 0.282979

-1.21851 0.28298
-1.21826 0.283203

-1.21827 0.283203
-1.2182 0.283263

-1.2182 0.283263
-1.21794 0.283508

-1.21794 0.283508
-1.2179 0.283546

-1.2179 0.283547
-1.21761 0.283813

-1.21761 0.283813
-1.21759 0.28383

-1.21759 0.28383
-1.21729 0.284113

-1.21729 0.284113
-1.21728 0.284119

-1.21728 0.284119
-1.21698 0.284397

-1.21698 0.284397
-1.21695 0.284424

-1.21695 0.284424
-1.21667 0.28468

-1.21667 0.28468
-1.21662 0.284729

-1.21662 0.284729
-1.21637 0.284963

-1.21637 0.284963
-1.21629 0.285034

-1.21629 0.285034
-1.21606 0.285245

-1.21606 0.285246
-1.21596 0.285339

-1.21596 0.285339
-1.21576 0.285528

-1.21576 0.28553
-1.21563 0.285645

-1.21564 0.285645
-1.21545 0.285811

-1.21545 0.285813
-1.21531 0.28595

-1.21531 0.28595
-1.21515 0.286094

-1.21515 0.286096
-1.21498 0.286255

-1.21498 0.286255
-1.21484 0.286377

-1.21484 0.286379
-1.21465 0.28656

-1.21465 0.28656
-1.21454 0.28666

-1.21454 0.286662
-1.21432 0.286865

-1.21432 0.286865
-1.21423 0.286943

-1.21423 0.286944
-1.21399 0.28717

-1.21399 0.28717
-1.21393 0.287225

-1.21393 0.287226
-1.21366 0.287476

-1.21366 0.287476
-1.21362 0.287508

-1.21362 0.287508
-1.21333 0.287781

-1.21333 0.287781
-1.21332 0.287791

-1.21332 0.287791
-1.21301 0.288073

-1.21301 0.288073
-1.213 0.288086

-1.213 0.288086
-1.21271 0.288356

-1.21271 0.288356
-1.21267 0.288391

-1.21267 0.288391
-1.2124 0.288638

-1.2124 0.288638
-1.21234 0.288696

-1.21234 0.288696
-1.2121 0.28892

-1.2121 0.28892
-1.21201 0.289001

-1.21201 0.289001
-1.21179 0.289201

-1.21179 0.289203
-1.21168 0.289307

-1.21168 0.289307
-1.21149 0.289483

-1.21149 0.289485
-1.21135 0.289612

-1.21135 0.289612
-1.21118 0.289765

-1.21118 0.289767
-1.21102 0.289917

-1.21102 0.289917
-1.21088 0.290048

-1.21088 0.290049
-1.21069 0.290222

-1.21069 0.290222
-1.21057 0.29033

-1.21057 0.290331
-1.21036 0.290527

-1.21036 0.290527
-1.21027 0.290612

-1.21027 0.290612
-1.21003 0.290833

-1.21003 0.290833
-1.20996 0.290893

-1.20996 0.290894
-1.2097 0.291138

-1.2097 0.291138
-1.20966 0.291175

-1.20966 0.291175
-1.20937 0.291443

-1.20937 0.291443
-1.20935 0.291457

-1.20935 0.291457
-1.20905 0.291738

-1.20905 0.291738
-1.20904 0.291748

-1.20904 0.291748
-1.20874 0.29202

-1.20874 0.29202
-1.2087 0.292053

-1.2087 0.292053
-1.20844 0.292301

-1.20844 0.292301
-1.20837 0.292358

-1.20837 0.292358
-1.20813 0.292582

-1.20813 0.292583
-1.20804 0.292664

-1.20804 0.292664
-1.20782 0.292863

-1.20782 0.292864
-1.20771 0.292969

-1.20771 0.292969
-1.20752 0.293144

-1.20752 0.293146
-1.20738 0.293274

-1.20738 0.293274
-1.20721 0.293425

-1.20721 0.293427
-1.20705 0.293579

-1.20705 0.293579
-1.20691 0.293707

-1.20691 0.293708
-1.20672 0.293884

-1.20672 0.293884
-1.2066 0.293988

-1.2066 0.293989
-1.20638 0.294189

-1.20639 0.294189
-1.2063 0.294269

-1.2063 0.29427
-1.20605 0.294495

-1.20605 0.294495
-1.20599 0.29455

-1.20599 0.29455
-1.20572 0.2948

-1.20572 0.2948
-1.20569 0.294831

-1.20569 0.294831
-1.20539 0.295105

-1.20539 0.295105
-1.20538 0.295111

-1.20538 0.295112
-1.20508 0.295392

-1.20508 0.295392
-1.20506 0.29541

-1.20506 0.29541
-1.20477 0.295673

-1.20477 0.295673
-1.20473 0.295715

-1.20473 0.295715
-1.20447 0.295953

-1.20447 0.295953
-1.20439 0.296021

-1.2044 0.296021
-1.20416 0.296233

-1.20416 0.296234
-1.20406 0.296326

-1.20406 0.296326
-1.20386 0.296513

-1.20386 0.296515
-1.20373 0.296631

-1.20373 0.296631
-1.20355 0.296793

-1.20355 0.296795
-1.2034 0.296936

-1.2034 0.296936
-1.20325 0.297074

-1.20325 0.297076
-1.20306 0.297241

-1.20307 0.297241
-1.20294 0.297354

-1.20294 0.297356
-1.20273 0.297546

-1.20273 0.297546
-1.20264 0.297634

-1.20264 0.297635
-1.2024 0.297852

-1.2024 0.297852
-1.20233 0.297914

-1.20233 0.297915
-1.20207 0.298157

-1.20207 0.298157
-1.20203 0.298194

-1.20203 0.298195
-1.20173 0.298462

-1.20173 0.298462
-1.20172 0.298474

-1.20172 0.298475
-1.20142 0.298754

-1.20142 0.298754
-1.2014 0.298767

-1.2014 0.298767
-1.20111 0.299034

-1.20111 0.299034
-1.20107 0.299072

-1.20107 0.299072
-1.20081 0.299314

-1.20081 0.299314
-1.20074 0.299377

-1.20074 0.299377
-1.2005 0.299593

-1.2005 0.299594
-1.2004 0.299683

-1.2004 0.299683
-1.2002 0.299871

-1.2002 0.299873
-1.20007 0.299988

-1.20007 0.299988
-1.19989 0.300151

-1.19989 0.300153
-1.19974 0.300293

-1.19974 0.300293
-1.19958 0.300431

-1.19958 0.300433
-1.1994 0.300598

-1.1994 0.300598
-1.19928 0.30071

-1.19928 0.300712
-1.19907 0.300903

-1.19907 0.300903
-1.19897 0.30099

-1.19897 0.30099
-1.19874 0.301208

-1.19874 0.301208
-1.19867 0.301269

-1.19867 0.301269
-1.1984 0.301514

-1.1984 0.301514
-1.19836 0.301548

-1.19836 0.301548
-1.19807 0.301819

-1.19807 0.301819
-1.19806 0.301827

-1.19806 0.301827
-1.19775 0.302106

-1.19775 0.302106
-1.19773 0.302124

-1.19773 0.302124
-1.19745 0.302385

-1.19745 0.302385
-1.1974 0.302429

-1.1974 0.302429
-1.19714 0.302664

-1.19714 0.302664
-1.19707 0.302734

-1.19707 0.302734
-1.19684 0.302942

-1.19684 0.302943
-1.19673 0.30304

-1.19673 0.30304
-1.19653 0.30322

-1.19653 0.303222
-1.1964 0.303345

-1.1964 0.303345
-1.19623 0.303499

-1.19623 0.3035
-1.19606 0.30365

-1.19606 0.30365
-1.19592 0.303777

-1.19592 0.303779
-1.19573 0.303955

-1.19573 0.303955
-1.19562 0.304056

-1.19562 0.304057
-1.19539 0.30426

-1.19539 0.30426
-1.19531 0.304334

-1.19531 0.304335
-1.19506 0.304565

-1.19506 0.304565
-1.19501 0.304613

-1.19501 0.304613
-1.19472 0.304871

-1.19472 0.304871
-1.1947 0.304891

-1.1947 0.304891
-1.1944 0.305169

-1.1944 0.305169
-1.19439 0.305176

-1.19439 0.305176
-1.19409 0.305447

-1.19409 0.305447
-1.19405 0.305481

-1.19405 0.305481
-1.19379 0.305725

-1.19379 0.305725
-1.19372 0.305786

-1.19372 0.305786
-1.19348 0.306003

-1.19348 0.306004
-1.19338 0.306091

-1.19339 0.306091
-1.19318 0.30628

-1.19318 0.306282
-1.19305 0.306396

-1.19305 0.306396
-1.19287 0.306558

-1.19287 0.30656
-1.19271 0.306702

-1.19271 0.306702
-1.19257 0.306836

-1.19257 0.306838
-1.19238 0.307007

-1.19238 0.307007
-1.19226 0.307114

-1.19226 0.307115
-1.19204 0.307312

-1.19204 0.307312
-1.19196 0.307391

-1.19196 0.307392
-1.19171 0.307617

-1.19171 0.307617
-1.19165 0.307669

-1.19165 0.307669
-1.19137 0.307922

-1.19137 0.307922
-1.19135 0.307946

-1.19135 0.307946
-1.19104 0.308224

-1.19104 0.308224
-1.19104 0.308228

-1.19104 0.308228
-1.19073 0.308501

-1.19073 0.308501
-1.1907 0.308533

-1.1907 0.308533
-1.19043 0.308778

-1.19043 0.308778
-1.19036 0.308838

-1.19036 0.308838
-1.19012 0.309055

-1.19012 0.309056
-1.19003 0.309143

-1.19003 0.309143
-1.18982 0.309331

-1.18982 0.309333
-1.18969 0.309448

-1.18969 0.309448
-1.18951 0.309608

-1.18951 0.30961
-1.18935 0.309753

-1.18936 0.309753
-1.18921 0.309885

-1.18921 0.309887
-1.18902 0.310059

-1.18902 0.310059
-1.1889 0.310162

-1.1889 0.310164
-1.18868 0.310364

-1.18868 0.310364
-1.1886 0.310439

-1.1886 0.31044
-1.18835 0.310669

-1.18835 0.310669
-1.18829 0.310716

-1.18829 0.310716
-1.18801 0.310974

-1.18801 0.310974
-1.18799 0.310992

-1.18799 0.310993
-1.18768 0.311269

-1.18768 0.311269
-1.18767 0.311279

-1.18767 0.311279
-1.18738 0.311545

-1.18738 0.311545
-1.18733 0.311584

-1.18733 0.311584
-1.18707 0.311822

-1.18707 0.311822
-1.187 0.31189

-1.187 0.31189
-1.18677 0.312098

-1.18677 0.312098
-1.18666 0.312195

-1.18666 0.312195
-1.18646 0.312373

-1.18646 0.312375
-1.18632 0.3125

-1.18632 0.3125
-1.18616 0.312649

-1.18616 0.312651
-1.18599 0.312805

-1.18599 0.312805
-1.18585 0.312926

-1.18585 0.312928
-1.18565 0.31311

-1.18565 0.31311
-1.18555 0.313202

-1.18555 0.313203
-1.18531 0.313416

-1.18531 0.313416
-1.18524 0.313478

-1.18524 0.313478
-1.18497 0.313721

-1.18497 0.313721
-1.18494 0.313753

-1.18494 0.313754
-1.18464 0.314026

-1.18463 0.314026
-1.18463 0.314029

-1.18463 0.314029
-1.18433 0.314305

-1.18433 0.314305
-1.1843 0.314331

-1.1843 0.314331
-1.18402 0.314581

-1.18402 0.314581
-1.18396 0.314636

-1.18396 0.314636
-1.18372 0.314856

-1.18372 0.314856
-1.18362 0.314941

-1.18362 0.314941
-1.18341 0.31513

-1.18341 0.315132
-1.18328 0.315247

-1.18328 0.315247
-1.18311 0.315406

-1.18311 0.315408
-1.18294 0.315552

-1.18294 0.315552
-1.1828 0.315681

-1.1828 0.315683
-1.18261 0.315857

-1.18261 0.315857
-1.1825 0.315956

-1.1825 0.315958
-1.18227 0.316162

-1.18227 0.316162
-1.18219 0.316232

-1.18219 0.316232
-1.18193 0.316467

-1.18193 0.316467
-1.18188 0.316507

-1.18188 0.316507
-1.18159 0.316772

-1.18159 0.316772
-1.18158 0.316782

-1.18158 0.316782
-1.18127 0.317057

-1.18127 0.317057
-1.18125 0.317078

-1.18125 0.317078
-1.18097 0.317332

-1.18097 0.317332
-1.18091 0.317383

-1.18091 0.317383
-1.18066 0.317606

-1.18066 0.317606
-1.18057 0.317688

-1.18057 0.317688
-1.18036 0.31788

-1.18036 0.317881
-1.18023 0.317993

-1.18023 0.317993
-1.18005 0.318154

-1.18005 0.318156
-1.17989 0.318298

-1.1799 0.318298
-1.17975 0.318429

-1.17975 0.318431
-1.17955 0.318604

-1.17956 0.318604
-1.17944 0.318704

-1.17944 0.318705
-1.17922 0.318909

-1.17922 0.318909
-1.17914 0.318978

-1.17914 0.318978
-1.17888 0.319214

-1.17888 0.319214
-1.17883 0.319252

-1.17883 0.319253
-1.17854 0.319519

-1.17854 0.319519
-1.17853 0.319526

-1.17853 0.319527
-1.17822 0.319801

-1.17822 0.319801
-1.1782 0.319824

-1.1782 0.319824
-1.17792 0.320075

-1.17792 0.320075
-1.17786 0.320129

-1.17786 0.320129
-1.17761 0.320348

-1.17761 0.320349
-1.17752 0.320435

-1.17752 0.320435
-1.17731 0.320621

-1.17731 0.320623
-1.17718 0.32074

-1.17718 0.32074
-1.177 0.320895

-1.177 0.320897
-1.17684 0.321045

-1.17684 0.321045
-1.1767 0.321169

-1.1767 0.321171
-1.17649 0.32135

-1.1765 0.32135
-1.17639 0.321443

-1.17639 0.321444
-1.17615 0.321655

-1.17615 0.321655
-1.17609 0.321716

-1.17609 0.321717
-1.17581 0.32196

-1.17581 0.32196
-1.17578 0.32199

-1.17578 0.32199
-1.17548 0.322264

-1.17548 0.322264
-1.17547 0.322266

-1.17547 0.322266
-1.17517 0.322537

-1.17517 0.322537
-1.17513 0.322571

-1.17513 0.322571
-1.17487 0.32281

-1.17487 0.32281
-1.17479 0.322876

-1.17479 0.322876
-1.17456 0.323083

-1.17456 0.323084
-1.17445 0.323181

-1.17445 0.323181
-1.17426 0.323355

-1.17426 0.323357
-1.17411 0.323486

-1.17411 0.323486
-1.17395 0.323628

-1.17395 0.323631
-1.17377 0.323792

-1.17377 0.323792
-1.17365 0.323901

-1.17365 0.323903
-1.17343 0.324097

-1.17343 0.324097
-1.17334 0.324174

-1.17334 0.324175
-1.17309 0.324402

-1.17309 0.324402
-1.17303 0.324447

-1.17303 0.324448
-1.17274 0.324707

-1.17274 0.324707
-1.17273 0.32472

-1.17273 0.32472
-1.17242 0.324993

-1.17242 0.324993
-1.1724 0.325012

-1.1724 0.325012
-1.17212 0.325265

-1.17212 0.325265
-1.17206 0.325317

-1.17206 0.325317
-1.17181 0.325538

-1.17181 0.325538
-1.17172 0.325623

-1.17172 0.325623
-1.17151 0.325809

-1.17151 0.325811
-1.17138 0.325928

-1.17138 0.325928
-1.1712 0.326081

-1.1712 0.326084
-1.17103 0.326233

-1.17104 0.326233
-1.1709 0.326354

-1.1709 0.326356
-1.17069 0.326538

-1.17069 0.326538
-1.17059 0.326626

-1.17059 0.326627
-1.17035 0.326843

-1.17035 0.326843
-1.17029 0.326898

-1.17029 0.326899
-1.17001 0.327148

-1.17001 0.327148
-1.16998 0.32717

-1.16998 0.327171
-1.16968 0.327443

-1.16968 0.327443
-1.16967 0.327454

-1.16967 0.327454
-1.16937 0.327715

-1.16937 0.327715
-1.16932 0.327759

-1.16932 0.327759
-1.16907 0.327986

-1.16907 0.327986
-1.16898 0.328064

-1.16898 0.328064
-1.16876 0.328257

-1.16876 0.328259
-1.16864 0.328369

-1.16864 0.328369
-1.16846 0.328528

-1.16846 0.328531
-1.16829 0.328674

-1.16829 0.328674
-1.16815 0.3288

-1.16815 0.328802
-1.16795 0.328979

-1.16795 0.328979
-1.16785 0.329072

-1.16785 0.329073
-1.16761 0.329285

-1.16761 0.329285
-1.16754 0.329343

-1.16754 0.329344
-1.16726 0.32959

-1.16726 0.32959
-1.16724 0.329615

-1.16724 0.329615
-1.16693 0.329886

-1.16693 0.329886
-1.16692 0.329895

-1.16692 0.329895
-1.16663 0.330157

-1.16663 0.330157
-1.16658 0.3302

-1.16658 0.3302
-1.16632 0.330428

-1.16632 0.330429
-1.16623 0.330505

-1.16623 0.330505
-1.16602 0.330699

-1.16602 0.3307
-1.16589 0.330811

-1.16589 0.330811
-1.16571 0.330969

-1.16571 0.330971
-1.16555 0.331116

-1.16555 0.331116
-1.16541 0.33124

-1.16541 0.331242
-1.1652 0.331421

-1.1652 0.331421
-1.1651 0.331511

-1.1651 0.331512
-1.16486 0.331726

-1.16486 0.331726
-1.16479 0.331782

-1.16479 0.331783
-1.16451 0.332031

-1.16451 0.332031
-1.16449 0.332053

-1.16449 0.332053
-1.16418 0.332324

-1.16418 0.332324
-1.16417 0.332336

-1.16417 0.332336
-1.16388 0.332594

-1.16388 0.332594
-1.16383 0.332642

-1.16383 0.332642
-1.16357 0.332864

-1.16357 0.332865
-1.16348 0.332947

-1.16348 0.332947
-1.16327 0.333134

-1.16327 0.333135
-1.16314 0.333252

-1.16314 0.333252
-1.16296 0.333404

-1.16296 0.333406
-1.16279 0.333557

-1.16279 0.333557
-1.16266 0.333674

-1.16266 0.333676
-1.16245 0.333862

-1.16245 0.333862
-1.16235 0.333945

-1.16235 0.333945
-1.1621 0.334167

-1.1621 0.334167
-1.16205 0.334215

-1.16205 0.334215
-1.16176 0.334473

-1.16176 0.334473
-1.16174 0.334485

-1.16174 0.334485
-1.16144 0.334755

-1.16144 0.334755
-1.16141 0.334778

-1.16141 0.334778
-1.16113 0.335024

-1.16113 0.335025
-1.16107 0.335083

-1.16107 0.335083
-1.16083 0.335294

-1.16083 0.335295
-1.16072 0.335388

-1.16072 0.335388
-1.16052 0.335563

-1.16052 0.335565
-1.16038 0.335693

-1.16038 0.335693
-1.16022 0.335832

-1.16022 0.335835
-1.16003 0.335999

-1.16003 0.335999
-1.15991 0.336102

-1.15991 0.336103
-1.15968 0.336304

-1.15968 0.336304
-1.15961 0.336371

-1.15961 0.336372
-1.15934 0.336609

-1.15934 0.336609
-1.1593 0.336641

-1.1593 0.336641
-1.159 0.33691

-1.159 0.33691
-1.15899 0.336914

-1.15899 0.336914
-1.15869 0.33718

-1.15869 0.33718
-1.15865 0.337219

-1.15865 0.337219
-1.15839 0.337449

-1.15839 0.337449
-1.1583 0.337524

-1.1583 0.337524
-1.15808 0.337717

-1.15808 0.337718
-1.15795 0.33783

-1.15796 0.33783
-1.15778 0.337985

-1.15778 0.337988
-1.15761 0.338135

-1.15761 0.338135
-1.15747 0.338254

-1.15747 0.338256
-1.15726 0.33844

-1.15726 0.33844
-1.15717 0.338523

-1.15717 0.338524
-1.15691 0.338745

-1.15691 0.338745
-1.15686 0.338792

-1.15686 0.338793
-1.15657 0.33905

-1.15657 0.33905
-1.15656 0.339061

-1.15656 0.339061
-1.15625 0.33933

-1.15625 0.33933
-1.15622 0.339355

-1.15622 0.339355
-1.15594 0.339598

-1.15594 0.339598
-1.15587 0.339661

-1.15587 0.339661
-1.15564 0.339866

-1.15564 0.339867
-1.15553 0.339966

-1.15553 0.339966
-1.15533 0.340133

-1.15533 0.340136
-1.15518 0.340271

-1.15518 0.340271
-1.15503 0.340402

-1.15503 0.340404
-1.15483 0.340576

-1.15483 0.340576
-1.15472 0.34067

-1.15472 0.340671
-1.15448 0.340881

-1.15448 0.340881
-1.15442 0.340938

-1.15442 0.340939
-1.15414 0.341187

-1.15414 0.341187
-1.15411 0.341206

-1.15411 0.341207
-1.15381 0.341475

-1.15381 0.341475
-1.15379 0.341492

-1.15379 0.341492
-1.1535 0.341743

-1.1535 0.341743
-1.15344 0.341797

-1.15344 0.341797
-1.1532 0.34201

-1.1532 0.342011
-1.15309 0.342102

-1.15309 0.342102
-1.15289 0.342277

-1.15289 0.342279
-1.15275 0.342407

-1.15275 0.342407
-1.15259 0.342544

-1.15259 0.342547
-1.1524 0.342712

-1.1524 0.342712
-1.15228 0.342812

-1.15228 0.342813
-1.15205 0.343018

-1.15205 0.343018
-1.15198 0.34308

-1.15198 0.34308
-1.1517 0.343323

-1.1517 0.343323
-1.15167 0.343347

-1.15167 0.343348
-1.15137 0.343615

-1.15137 0.343615
-1.15135 0.343628

-1.15135 0.343628
-1.15106 0.343882

-1.15106 0.343882
-1.151 0.343933

-1.151 0.343933
-1.15076 0.344149

-1.15076 0.34415
-1.15065 0.344238

-1.15066 0.344238
-1.15045 0.344415

-1.15045 0.344417
-1.15031 0.344543

-1.15031 0.344543
-1.15015 0.344682

-1.15015 0.344685
-1.14996 0.344849

-1.14996 0.344849
-1.14984 0.344949

-1.14984 0.344951
-1.14961 0.345154

-1.14961 0.345154
-1.14954 0.345216

-1.14954 0.345217
-1.14926 0.345459

-1.14926 0.345459
-1.14923 0.345483

-1.14923 0.345484
-1.14893 0.34575

-1.14893 0.34575
-1.14891 0.345764

-1.14891 0.345764
-1.14862 0.346017

-1.14862 0.346017
-1.14856 0.346069

-1.14856 0.346069
-1.14832 0.346283

-1.14832 0.346284
-1.14821 0.346375

-1.14821 0.346375
-1.14801 0.346549

-1.14801 0.346551
-1.14786 0.34668

-1.14786 0.34668
-1.14771 0.346815

-1.14771 0.346817
-1.14751 0.346985

-1.14751 0.346985
-1.1474 0.347082

-1.1474 0.347083
-1.14716 0.34729

-1.14716 0.34729
-1.14709 0.347348

-1.14709 0.347349
-1.14681 0.347595

-1.14681 0.347595
-1.14679 0.347614

-1.14679 0.347615
-1.14648 0.347881

-1.14648 0.347881
-1.14646 0.3479

-1.14646 0.3479
-1.14618 0.348147

-1.14618 0.348147
-1.14611 0.348206

-1.14611 0.348206
-1.14587 0.348412

-1.14587 0.348413
-1.14576 0.348511

-1.14576 0.348511
-1.14557 0.348677

-1.14557 0.348679
-1.14541 0.348816

-1.14541 0.348816
-1.14526 0.348943

-1.14526 0.348945
-1.14506 0.349121

-1.14506 0.349121
-1.14496 0.349209

-1.14496 0.34921
-1.14471 0.349426

-1.14471 0.349426
-1.14465 0.349475

-1.14465 0.349475
-1.14436 0.349731

-1.14436 0.349731
-1.14435 0.34974

-1.14435 0.349741
-1.14404 0.350006

-1.14404 0.350006
-1.14401 0.350037

-1.14401 0.350037
-1.14374 0.350271

-1.14374 0.350272
-1.14366 0.350342

-1.14366 0.350342
-1.14343 0.350536

-1.14343 0.350537
-1.14331 0.350647

-1.14331 0.350647
-1.14313 0.350801

-1.14313 0.350803
-1.14295 0.350952

-1.14295 0.350952
-1.14282 0.351066

-1.14282 0.351068
-1.1426 0.351257

-1.1426 0.351257
-1.14252 0.351331

-1.14252 0.351332
-1.14225 0.351562

-1.14225 0.351562
-1.14221 0.351596

-1.14221 0.351597
-1.14191 0.351862

-1.14191 0.351862
-1.1419 0.351868

-1.1419 0.351868
-1.1416 0.352127

-1.1416 0.352127
-1.14155 0.352173

-1.14155 0.352173
-1.1413 0.352391

-1.1413 0.352392
-1.1412 0.352478

-1.1412 0.352478
-1.14099 0.352655

-1.14099 0.352657
-1.14084 0.352783

-1.14085 0.352783
-1.14069 0.352919

-1.14069 0.352922
-1.14049 0.353088

-1.14049 0.353088
-1.14038 0.353184

-1.14038 0.353185
-1.14014 0.353394

-1.14014 0.353394
-1.14008 0.353449

-1.14008 0.35345
-1.13979 0.353699

-1.13979 0.353699
-1.13977 0.353713

-1.13977 0.353714
-1.13947 0.353978

-1.13947 0.353978
-1.13944 0.354004

-1.13944 0.354004
-1.13916 0.354242

-1.13916 0.354243
-1.13908 0.354309

-1.13908 0.354309
-1.13885 0.354506

-1.13885 0.354507
-1.13873 0.354614

-1.13873 0.354614
-1.13855 0.354769

-1.13855 0.354772
-1.13838 0.354919

-1.13838 0.354919
-1.13824 0.355034

-1.13824 0.355035
-1.13802 0.355225

-1.13802 0.355225
-1.13794 0.355298

-1.13794 0.355299
-1.13767 0.35553

-1.13767 0.35553
-1.13763 0.355562

-1.13763 0.355562
-1.13733 0.355826

-1.13733 0.355826
-1.13732 0.355835

-1.13732 0.355835
-1.13702 0.35609

-1.13702 0.35609
-1.13697 0.35614

-1.13697 0.35614
-1.13672 0.356353

-1.13672 0.356354
-1.13661 0.356445

-1.13661 0.356445
-1.13641 0.356616

-1.13641 0.356618
-1.13626 0.35675

-1.13626 0.35675
-1.13611 0.356879

-1.13611 0.356881
-1.1359 0.357056

-1.13591 0.357056
-1.1358 0.357143

-1.1358 0.357144
-1.13555 0.357361

-1.13555 0.357361
-1.1355 0.357406

-1.1355 0.357407
-1.1352 0.357666

-1.1352 0.357666
-1.13519 0.35767

-1.13519 0.35767
-1.13489 0.357933

-1.13489 0.357933
-1.13484 0.357971

-1.13484 0.357971
-1.13458 0.358196

-1.13458 0.358197
-1.13449 0.358276

-1.13449 0.358276
-1.13428 0.358459

-1.13428 0.35846
-1.13414 0.358582

-1.13414 0.358582
-1.13397 0.358721

-1.13397 0.358724
-1.13378 0.358887

-1.13378 0.358887
-1.13367 0.358984

-1.13367 0.358985
-1.13343 0.359192

-1.13343 0.359192
-1.13336 0.359247

-1.13336 0.359248
-1.13307 0.359497

-1.13307 0.359497
-1.13306 0.35951

-1.13306 0.359511
-1.13275 0.359773

-1.13275 0.359773
-1.13272 0.359802

-1.13272 0.359802
-1.13245 0.360036

-1.13245 0.360036
-1.13236 0.360107

-1.13236 0.360107
-1.13214 0.360298

-1.13214 0.360299
-1.13201 0.360413

-1.13201 0.360413
-1.13184 0.36056

-1.13184 0.360562
-1.13165 0.360718

-1.13165 0.360718
-1.13153 0.360822

-1.13153 0.360824
-1.1313 0.361023

-1.1313 0.361023
-1.13123 0.361085

-1.13123 0.361086
-1.13094 0.361328

-1.13094 0.361328
-1.13092 0.361347

-1.13092 0.361348
-1.13062 0.36161

-1.13062 0.36161
-1.13059 0.361633

-1.13059 0.361633
-1.13031 0.361872

-1.13031 0.361872
-1.13023 0.361938

-1.13023 0.361938
-1.13 0.362134

-1.13 0.362135
-1.12988 0.362244

-1.12988 0.362244
-1.1297 0.362395

-1.1297 0.362397
-1.12952 0.362549

-1.12952 0.362549
-1.12939 0.362657

-1.12939 0.362658
-1.12917 0.362854

-1.12917 0.362854
-1.12909 0.362919

-1.12909 0.36292
-1.12881 0.363159

-1.12881 0.363159
-1.12878 0.363181

-1.12878 0.363181
-1.12848 0.363443

-1.12848 0.363443
-1.12845 0.363464

-1.12845 0.363464
-1.12817 0.363705

-1.12817 0.363705
-1.1281 0.36377

-1.1281 0.36377
-1.12787 0.363966

-1.12787 0.363967
-1.12774 0.364075

-1.12774 0.364075
-1.12756 0.364226

-1.12756 0.364229
-1.12738 0.36438

-1.12739 0.36438
-1.12726 0.364488

-1.12726 0.364489
-1.12703 0.364685

-1.12703 0.364685
-1.12695 0.364749

-1.12695 0.36475
-1.12667 0.36499

-1.12667 0.36499
-1.12665 0.365011

-1.12665 0.365011
-1.12634 0.365272

-1.12634 0.365272
-1.12632 0.365295

-1.12632 0.365295
-1.12604 0.365533

-1.12604 0.365534
-1.12596 0.365601

-1.12596 0.365601
-1.12573 0.365794

-1.12573 0.365795
-1.1256 0.365906

-1.1256 0.365906
-1.12543 0.366054

-1.12543 0.366057
-1.12524 0.366211

-1.12525 0.366211
-1.12512 0.366315

-1.12512 0.366316
-1.12489 0.366516

-1.12489 0.366516
-1.12482 0.366576

-1.12482 0.366577
-1.12453 0.366821

-1.12453 0.366821
-1.12451 0.366837

-1.12451 0.366838
-1.12421 0.367098

-1.12421 0.367098
-1.12417 0.367126

-1.12417 0.367126
-1.1239 0.367359

-1.1239 0.367359
-1.12382 0.367432

-1.12382 0.367432
-1.1236 0.367619

-1.1236 0.36762
-1.12346 0.367737

-1.12346 0.367737
-1.12329 0.367878

-1.12329 0.367881
-1.1231 0.368042

-1.1231 0.368042
-1.12299 0.368139

-1.12299 0.36814
-1.12274 0.368347

-1.12274 0.368347
-1.12268 0.368399

-1.12268 0.3684
-1.12238 0.368652

-1.12238 0.368652
-1.12238 0.36866

-1.12238 0.36866
-1.12207 0.36892

-1.12207 0.36892
-1.12203 0.368958

-1.12203 0.368958
-1.12177 0.36918

-1.12177 0.369181
-1.12167 0.369263

-1.12167 0.369263
-1.12146 0.36944

-1.12146 0.369441
-1.12131 0.369568

-1.12131 0.369568
-1.12115 0.369699

-1.12115 0.369701
-1.12095 0.369873

-1.12095 0.369873
-1.12085 0.369959

-1.12085 0.36996
-1.12059 0.370178

-1.12059 0.370178
-1.12054 0.370219

-1.12054 0.37022
-1.12024 0.370479

-1.12024 0.370479
-1.12023 0.370483

-1.12023 0.370483
-1.11993 0.370739

-1.11993 0.370739
-1.11988 0.370789

-1.11988 0.370789
-1.11963 0.370998

-1.11963 0.370999
-1.11952 0.371094

-1.11952 0.371094
-1.11932 0.371257

-1.11932 0.371259
-1.11916 0.371399

-1.11916 0.371399
-1.11902 0.371516

-1.11902 0.371518
-1.1188 0.371704

-1.1188 0.371704
-1.11871 0.371776

-1.11871 0.371777
-1.11844 0.372009

-1.11844 0.372009
-1.11841 0.372035

-1.11841 0.372036
-1.1181 0.372295

-1.1181 0.372295
-1.11808 0.372314

-1.11808 0.372314
-1.1178 0.372554

-1.1178 0.372554
-1.11772 0.37262

-1.11772 0.37262
-1.11749 0.372813

-1.11749 0.372814
-1.11736 0.372925

-1.11736 0.372925
-1.11719 0.373071

-1.11719 0.373073
-1.117 0.37323

-1.117 0.37323
-1.11688 0.37333

-1.11688 0.373331
-1.11664 0.373535

-1.11664 0.373535
-1.11658 0.373589

-1.11658 0.37359
-1.11628 0.37384

-1.11628 0.37384
-1.11627 0.373848

-1.11627 0.373848
-1.11597 0.374107

-1.11597 0.374107
-1.11592 0.374146

-1.11592 0.374146
-1.11566 0.374365

-1.11566 0.374366
-1.11556 0.374451

-1.11556 0.374451
-1.11536 0.374623

-1.11536 0.374625
-1.1152 0.374756

-1.1152 0.374756
-1.11505 0.374881

-1.11505 0.374883
-1.11484 0.375061

-1.11484 0.375061
-1.11475 0.37514

-1.11475 0.375141
-1.11448 0.375366

-1.11448 0.375366
-1.11444 0.375398

-1.11444 0.375399
-1.11414 0.375657

-1.11414 0.375657
-1.11412 0.375671

-1.11412 0.375671
-1.11383 0.375915

-1.11383 0.375915
-1.11376 0.375977

-1.11376 0.375977
-1.11353 0.376173

-1.11353 0.376174
-1.1134 0.376282

-1.1134 0.376282
-1.11322 0.37643

-1.11322 0.376432
-1.11304 0.376587

-1.11304 0.376587
-1.11292 0.376688

-1.11292 0.376689
-1.11267 0.376892

-1.11267 0.376892
-1.11261 0.376946

-1.11261 0.376947
-1.11231 0.377197

-1.11231 0.377197
-1.1123 0.377204

-1.1123 0.377205
-1.112 0.377462

-1.112 0.377462
-1.11195 0.377502

-1.11195 0.377502
-1.11169 0.37772

-1.11169 0.37772
-1.11159 0.377808

-1.11159 0.377808
-1.11139 0.377977

-1.11139 0.377979
-1.11123 0.378113

-1.11123 0.378113
-1.11108 0.378234

-1.11108 0.378235
-1.11087 0.378418

-1.11087 0.378418
-1.11078 0.378491

-1.11078 0.378492
-1.1105 0.378723

-1.1105 0.378723
-1.11047 0.378749

-1.11047 0.378749
-1.11017 0.379007

-1.11017 0.379007
-1.11014 0.379028

-1.11014 0.379028
-1.10986 0.379264

-1.10986 0.379264
-1.10978 0.379333

-1.10978 0.379333
-1.10956 0.379521

-1.10956 0.379522
-1.10942 0.379639

-1.10942 0.379639
-1.10925 0.379776

-1.10925 0.379779
-1.10906 0.379944

-1.10906 0.379944
-1.10895 0.380034

-1.10895 0.380035
-1.10869 0.380249

-1.10869 0.380249
-1.10864 0.380291

-1.10864 0.380291
-1.10834 0.380548

-1.10834 0.380548
-1.10833 0.380554

-1.10833 0.380554
-1.10803 0.380805

-1.10803 0.380805
-1.10797 0.380859

-1.10797 0.380859
-1.10773 0.381062

-1.10773 0.381062
-1.1076 0.381165

-1.10761 0.381165
-1.10742 0.381317

-1.10742 0.381319
-1.10724 0.38147

-1.10724 0.38147
-1.10712 0.381574

-1.10712 0.381575
-1.10688 0.381775

-1.10688 0.381775
-1.10681 0.38183

-1.10681 0.381831
-1.10651 0.38208

-1.10651 0.38208
-1.10651 0.382087

-1.10651 0.382087
-1.1062 0.382344

-1.1062 0.382344
-1.10615 0.382385

-1.10615 0.382385
-1.1059 0.3826

-1.1059 0.3826
-1.10579 0.38269

-1.10579 0.38269
-1.10559 0.382855

-1.10559 0.382857
-1.10542 0.382996

-1.10542 0.382996
-1.10529 0.383111

-1.10529 0.383112
-1.10506 0.383301

-1.10506 0.383301
-1.10498 0.383367

-1.10498 0.383368
-1.1047 0.383606

-1.1047 0.383606
-1.10468 0.383623

-1.10468 0.383624
-1.10437 0.38388

-1.10437 0.38388
-1.10433 0.383911

-1.10433 0.383911
-1.10406 0.384135

-1.10406 0.384136
-1.10397 0.384216

-1.10397 0.384216
-1.10376 0.384391

-1.10376 0.384392
-1.1036 0.384521

-1.1036 0.384521
-1.10345 0.384645

-1.10345 0.384647
-1.10324 0.384827

-1.10324 0.384827
-1.10315 0.384901

-1.10315 0.384902
-1.10287 0.385132

-1.10287 0.385132
-1.10284 0.385157

-1.10284 0.385158
-1.10254 0.385413

-1.10254 0.385413
-1.10251 0.385437

-1.10251 0.385437
-1.10223 0.385668

-1.10223 0.385668
-1.10215 0.385742

-1.10215 0.385742
-1.10193 0.385923

-1.10193 0.385925
-1.10178 0.386047

-1.10178 0.386047
-1.10162 0.386177

-1.10162 0.386179
-1.10142 0.386353

-1.10142 0.386353
-1.10132 0.386433

-1.10132 0.386434
-1.10105 0.386658

-1.10105 0.386658
-1.10101 0.386688

-1.10101 0.386689
-1.10071 0.386944

-1.10071 0.386944
-1.10069 0.386963

-1.10069 0.386963
-1.1004 0.387199

-1.1004 0.387199
-1.10032 0.387268

-1.10032 0.387268
-1.1001 0.387453

-1.1001 0.387455
-1.09995 0.387573

-1.09996 0.387573
-1.09979 0.387707

-1.09979 0.387709
-1.09959 0.387878

-1.09959 0.387878
-1.09949 0.387962

-1.09949 0.387963
-1.09922 0.388184

-1.09922 0.388184
-1.09918 0.388217

-1.09918 0.388217
-1.09888 0.388472

-1.09888 0.388472
-1.09886 0.388489

-1.09886 0.388489
-1.09857 0.388726

-1.09857 0.388727
-1.09849 0.388794

-1.09849 0.388794
-1.09827 0.388981

-1.09827 0.388982
-1.09812 0.389099

-1.09813 0.389099
-1.09796 0.389234

-1.09796 0.389236
-1.09776 0.389404

-1.09776 0.389404
-1.09766 0.389489

-1.09766 0.389489
-1.09739 0.389709

-1.09739 0.389709
-1.09735 0.389743

-1.09735 0.389744
-1.09705 0.389998

-1.09705 0.389998
-1.09703 0.390015

-1.09703 0.390015
-1.09674 0.390252

-1.09674 0.390252
-1.09666 0.39032

-1.09666 0.39032
-1.09644 0.390506

-1.09644 0.390507
-1.09629 0.390625

-1.09629 0.390625
-1.09613 0.390758

-1.09613 0.39076
-1.09593 0.39093

-1.09593 0.39093
-1.09583 0.391013

-1.09583 0.391013
-1.09556 0.391235

-1.09556 0.391235
-1.09552 0.391266

-1.09552 0.391267
-1.09521 0.391521

-1.09521 0.391521
-1.09519 0.391541

-1.09519 0.391541
-1.09491 0.391774

-1.09491 0.391775
-1.09482 0.391846

-1.09482 0.391846
-1.0946 0.392028

-1.0946 0.392029
-1.09446 0.392151

-1.09446 0.392151
-1.0943 0.39228

-1.0943 0.392282
-1.09409 0.392456

-1.09409 0.392456
-1.09399 0.392534

-1.09399 0.392535
-1.09372 0.392761

-1.09372 0.392761
-1.09369 0.392788

-1.09369 0.392788
-1.09338 0.393042

-1.09338 0.393042
-1.09335 0.393066

-1.09335 0.393066
-1.09308 0.393295

-1.09308 0.393295
-1.09299 0.393372

-1.09299 0.393372
-1.09277 0.393548

-1.09277 0.393549
-1.09262 0.393677

-1.09262 0.393677
-1.09247 0.3938

-1.09247 0.393801
-1.09225 0.393982

-1.09225 0.393982
-1.09216 0.394053

-1.09216 0.394054
-1.09188 0.394287

-1.09188 0.394287
-1.09186 0.394306

-1.09186 0.394307
-1.09155 0.39456

-1.09155 0.39456
-1.09151 0.394592

-1.09151 0.394592
-1.09125 0.394813

-1.09125 0.394813
-1.09114 0.394897

-1.09115 0.394897
-1.09094 0.395065

-1.09094 0.395067
-1.09078 0.395203

-1.09078 0.395203
-1.09064 0.395317

-1.09064 0.395318
-1.09041 0.395508

-1.09041 0.395508
-1.09033 0.39557

-1.09033 0.395571
-1.09004 0.395813

-1.09004 0.395813
-1.09003 0.395823

-1.09003 0.395823
-1.08972 0.396076

-1.08972 0.396076
-1.08967 0.396118

-1.08967 0.396118
-1.08942 0.396328

-1.08942 0.396329
-1.0893 0.396423

-1.0893 0.396423
-1.08911 0.39658

-1.08911 0.396582
-1.08893 0.396729

-1.08893 0.396729
-1.08881 0.396832

-1.08881 0.396833
-1.08856 0.397034

-1.08856 0.397034
-1.0885 0.397085

-1.0885 0.397085
-1.0882 0.397338

-1.0882 0.397338
-1.08819 0.397339

-1.08819 0.397339
-1.08789 0.39759

-1.08789 0.39759
-1.08782 0.397644

-1.08782 0.397644
-1.08759 0.397842

-1.08759 0.397843
-1.08745 0.397949

-1.08746 0.397949
-1.08728 0.398093

-1.08728 0.398095
-1.08709 0.398254

-1.08709 0.398254
-1.08698 0.398345

-1.08698 0.398346
-1.08672 0.39856

-1.08672 0.39856
-1.08667 0.398597

-1.08667 0.398598
-1.08636 0.39885

-1.08636 0.39885
-1.08635 0.398865

-1.08635 0.398865
-1.08606 0.399101

-1.08606 0.399102
-1.08598 0.39917

-1.08598 0.39917
-1.08575 0.399353

-1.08575 0.399354
-1.08561 0.399475

-1.08561 0.399475
-1.08545 0.399603

-1.08545 0.399605
-1.08524 0.39978

-1.08524 0.39978
-1.08514 0.399856

-1.08514 0.399856
-1.08487 0.400085

-1.08487 0.400085
-1.08484 0.400107

-1.08484 0.400108
-1.08453 0.400359

-1.08453 0.400359
-1.0845 0.400391

-1.0845 0.400391
-1.08423 0.400611

-1.08423 0.400611
-1.08412 0.400696

-1.08413 0.400696
-1.08392 0.400862

-1.08392 0.400863
-1.08375 0.401001

-1.08376 0.401001
-1.08362 0.401112

-1.08362 0.401114
-1.08338 0.401306

-1.08338 0.401306
-1.08331 0.401364

-1.08331 0.401365
-1.08301 0.401611

-1.08301 0.401611
-1.08301 0.401615

-1.08301 0.401616
-1.0827 0.401867

-1.0827 0.401867
-1.08264 0.401917

-1.08264 0.401917
-1.0824 0.402118

-1.0824 0.402119
-1.08227 0.402222

-1.08227 0.402222
-1.08209 0.402368

-1.08209 0.40237
-1.0819 0.402527

-1.0819 0.402527
-1.08179 0.402619

-1.08179 0.40262
-1.08153 0.402832

-1.08153 0.402832
-1.08148 0.40287

-1.08148 0.402871
-1.08118 0.403122

-1.08118 0.403122
-1.08116 0.403137

-1.08116 0.403137
-1.08087 0.403373

-1.08087 0.403373
-1.08079 0.403442

-1.08079 0.403442
-1.08057 0.403623

-1.08057 0.403625
-1.08041 0.403748

-1.08042 0.403748
-1.08026 0.403873

-1.08026 0.403874
-1.08004 0.404053

-1.08004 0.404053
-1.07996 0.404124

-1.07996 0.404125
-1.07967 0.404358

-1.07967 0.404358
-1.07965 0.404375

-1.07965 0.404375
-1.07935 0.404626

-1.07935 0.404626
-1.0793 0.404663

-1.0793 0.404663
-1.07904 0.404876

-1.07904 0.404877
-1.07893 0.404968

-1.07893 0.404968
-1.07874 0.405126

-1.07874 0.405128
-1.07856 0.405273

-1.07856 0.405273
-1.07843 0.405376

-1.07843 0.405377
-1.07818 0.405579

-1.07818 0.405579
-1.07812 0.405626

-1.07812 0.405627
-1.07782 0.405877

-1.07782 0.405877
-1.07781 0.405884

-1.07781 0.405884
-1.07751 0.406128

-1.07751 0.406128
-1.07744 0.406189

-1.07744 0.406189
-1.07721 0.406378

-1.07721 0.406379
-1.07707 0.406494

-1.07707 0.406494
-1.0769 0.406627

-1.0769 0.406628
-1.07669 0.406799

-1.07669 0.406799
-1.0766 0.406877

-1.0766 0.406878
-1.07632 0.407104

-1.07632 0.407104
-1.07629 0.407127

-1.07629 0.407128
-1.07599 0.407377

-1.07599 0.407377
-1.07595 0.40741

-1.07595 0.40741
-1.07568 0.407627

-1.07568 0.407628
-1.07558 0.407715

-1.07558 0.407715
-1.07538 0.407877

-1.07538 0.407878
-1.0752 0.40802

-1.0752 0.40802
-1.07507 0.408126

-1.07507 0.408127
-1.07483 0.408325

-1.07483 0.408325
-1.07477 0.408376

-1.07477 0.408376
-1.07446 0.408626

-1.07446 0.408626
-1.07446 0.40863

-1.07446 0.40863
-1.07416 0.408875

-1.07416 0.408876
-1.07408 0.408936

-1.07408 0.408936
-1.07385 0.409125

-1.07385 0.409126
-1.07371 0.409241

-1.07371 0.409241
-1.07355 0.409373

-1.07355 0.409375
-1.07334 0.409546

-1.07334 0.409546
-1.07324 0.409623

-1.07324 0.409624
-1.07296 0.409851

-1.07296 0.409851
-1.07294 0.409872

-1.07294 0.409873
-1.07263 0.410122

-1.07263 0.410122
-1.07259 0.410156

-1.07259 0.410156
-1.07233 0.410371

-1.07233 0.410372
-1.07222 0.410461

-1.07222 0.410461
-1.07202 0.41062

-1.07202 0.410621
-1.07184 0.410767

-1.07184 0.410767
-1.07172 0.410868

-1.07172 0.41087
-1.07147 0.411072

-1.07147 0.411072
-1.07141 0.411118

-1.07141 0.411118
-1.07111 0.411367

-1.07111 0.411367
-1.07109 0.411377

-1.07109 0.411377
-1.0708 0.411616

-1.0708 0.411617
-1.07072 0.411682

-1.07072 0.411682
-1.0705 0.411865

-1.0705 0.411866
-1.07034 0.411987

-1.07035 0.411987
-1.07019 0.412113

-1.07019 0.412114
-1.06997 0.412292

-1.06997 0.412292
-1.06989 0.412362

-1.06989 0.412363
-1.0696 0.412598

-1.0696 0.412598
-1.06958 0.412611

-1.06958 0.412611
-1.06927 0.41286

-1.06927 0.41286
-1.06922 0.412903

-1.06922 0.412903
-1.06897 0.413108

-1.06897 0.413109
-1.06885 0.413208

-1.06885 0.413208
-1.06866 0.413356

-1.06866 0.413358
-1.06847 0.413513

-1.06847 0.413513
-1.06836 0.413604

-1.06836 0.413605
-1.0681 0.413818

-1.0681 0.413818
-1.06805 0.413853

-1.06805 0.413854
-1.06775 0.414102

-1.06775 0.414102
-1.06772 0.414124

-1.06772 0.414124
-1.06744 0.41435

-1.06744 0.414351
-1.06735 0.414429

-1.06735 0.414429
-1.06714 0.414598

-1.06714 0.4146
-1.06697 0.414734

-1.06697 0.414734
-1.06683 0.414845

-1.06683 0.414847
-1.0666 0.415039

-1.0666 0.415039
-1.06653 0.415094

-1.06653 0.415095
-1.06622 0.415343

-1.06622 0.415343
-1.06622 0.415344

-1.06622 0.415344
-1.06592 0.415591

-1.06592 0.415591
-1.06585 0.415649

-1.06585 0.415649
-1.06561 0.415839

-1.06561 0.41584
-1.06547 0.415955

-1.06547 0.415955
-1.06531 0.416086

-1.06531 0.416087
-1.06509 0.41626

-1.06509 0.41626
-1.065 0.416333

-1.065 0.416334
-1.06472 0.416565

-1.06472 0.416565
-1.0647 0.416581

-1.0647 0.416582
-1.06439 0.41683

-1.06439 0.41683
-1.06434 0.41687

-1.06434 0.41687
-1.06409 0.417078

-1.06409 0.417078
-1.06397 0.417175

-1.06397 0.417175
-1.06378 0.417325

-1.06378 0.417326
-1.06359 0.41748

-1.06359 0.41748
-1.06348 0.417572

-1.06348 0.417573
-1.06321 0.417786

-1.06321 0.417786
-1.06317 0.417819

-1.06317 0.41782
-1.06287 0.418068

-1.06287 0.418068
-1.06284 0.418091

-1.06284 0.418091
-1.06256 0.418315

-1.06256 0.418315
-1.06246 0.418396

-1.06246 0.418396
-1.06226 0.418562

-1.06226 0.418563
-1.06208 0.418701

-1.06209 0.418701
-1.06195 0.418808

-1.06195 0.41881
-1.06171 0.419006

-1.06171 0.419006
-1.06165 0.419056

-1.06165 0.419057
-1.06134 0.419304

-1.06134 0.419304
-1.06133 0.419312

-1.06133 0.419312
-1.06104 0.419551

-1.06104 0.419551
-1.06095 0.419617

-1.06095 0.419617
-1.06073 0.419798

-1.06073 0.419799
-1.06058 0.419922

-1.06058 0.419922
-1.06042 0.420044

-1.06042 0.420045
-1.0602 0.420227

-1.0602 0.420227
-1.06012 0.420291

-1.06012 0.420292
-1.05982 0.420532

-1.05982 0.420532
-1.05981 0.420538

-1.05981 0.420539
-1.05951 0.420786

-1.05951 0.420786
-1.05945 0.420837

-1.05945 0.420837
-1.0592 0.421033

-1.0592 0.421034
-1.05907 0.421143

-1.05907 0.421143
-1.0589 0.421278

-1.0589 0.42128
-1.05869 0.421448

-1.05869 0.421448
-1.05859 0.421525

-1.05859 0.421526
-1.05831 0.421753

-1.05831 0.421753
-1.05829 0.421772

-1.05829 0.421773
-1.05798 0.422019

-1.05798 0.422019
-1.05794 0.422058

-1.05794 0.422058
-1.05768 0.422266

-1.05768 0.422266
-1.05756 0.422363

-1.05756 0.422363
-1.05737 0.422512

-1.05737 0.422513
-1.05718 0.422668

-1.05718 0.422668
-1.05707 0.422758

-1.05707 0.422759
-1.0568 0.422974

-1.0568 0.422974
-1.05676 0.423004

-1.05676 0.423005
-1.05646 0.423251

-1.05646 0.423251
-1.05642 0.423279

-1.05642 0.423279
-1.05615 0.423498

-1.05615 0.423498
-1.05604 0.423584

-1.05605 0.423584
-1.05585 0.423743

-1.05585 0.423744
-1.05567 0.423889

-1.05567 0.423889
-1.05554 0.423989

-1.05554 0.42399
-1.05529 0.424194

-1.05529 0.424194
-1.05524 0.424235

-1.05524 0.424236
-1.05493 0.424482

-1.05493 0.424482
-1.05491 0.4245

-1.05491 0.4245
-1.05463 0.424728

-1.05463 0.424728
-1.05453 0.424805

-1.05453 0.424805
-1.05432 0.424974

-1.05432 0.424975
-1.05415 0.42511

-1.05415 0.42511
-1.05402 0.425219

-1.05402 0.42522
-1.05377 0.425415

-1.05377 0.425415
-1.05371 0.425465

-1.05371 0.425466
-1.05341 0.425712

-1.05341 0.425712
-1.0534 0.42572

-1.0534 0.42572
-1.0531 0.425957

-1.0531 0.425958
-1.05302 0.426025

-1.05302 0.426025
-1.0528 0.426203

-1.0528 0.426204
-1.05264 0.426331

-1.05264 0.426331
-1.05249 0.426447

-1.05249 0.426449
-1.05226 0.426636

-1.05226 0.426636
-1.05219 0.426693

-1.05219 0.426694
-1.05188 0.42694

-1.05188 0.42694
-1.05188 0.426941

-1.05188 0.426941
-1.05157 0.427185

-1.05157 0.427186
-1.0515 0.427246

-1.0515 0.427246
-1.05127 0.427431

-1.05127 0.427432
-1.05112 0.427551

-1.05112 0.427551
-1.05096 0.427675

-1.05096 0.427676
-1.05074 0.427856

-1.05074 0.427856
-1.05066 0.427921

-1.05066 0.427922
-1.05036 0.428162

-1.05036 0.428162
-1.05035 0.428166

-1.05035 0.428167
-1.05005 0.428412

-1.05005 0.428412
-1.04998 0.428467

-1.04998 0.428467
-1.04974 0.428657

-1.04974 0.428658
-1.0496 0.428772

-1.0496 0.428772
-1.04944 0.428902

-1.04944 0.428903
-1.04922 0.429077

-1.04922 0.429077
-1.04913 0.429147

-1.04913 0.429148
-1.04884 0.429382

-1.04884 0.429382
-1.04883 0.429392

-1.04883 0.429393
-1.04852 0.429638

-1.04852 0.429638
-1.04846 0.429688

-1.04846 0.429688
-1.04822 0.429883

-1.04822 0.429884
-1.04808 0.429993

-1.04808 0.429993
-1.04791 0.430127

-1.04791 0.430128
-1.0477 0.430298

-1.0477 0.430298
-1.04761 0.430372

-1.04761 0.430372
-1.04732 0.430603

-1.04732 0.430603
-1.0473 0.430617

-1.0473 0.430617
-1.047 0.430862

-1.047 0.430862
-1.04694 0.430908

-1.04694 0.430908
-1.04669 0.431107

-1.04669 0.431108
-1.04656 0.431213

-1.04656 0.431213
-1.04639 0.431351

-1.04639 0.431352
-1.04618 0.431519

-1.04618 0.431519
-1.04608 0.431595

-1.04608 0.431596
-1.0458 0.431824

-1.0458 0.431824
-1.04578 0.43184

-1.04578 0.431841
-1.04547 0.432085

-1.04547 0.432085
-1.04542 0.432129

-1.04542 0.432129
-1.04517 0.43233

-1.04517 0.432331
-1.04503 0.432434

-1.04504 0.432434
-1.04486 0.432574

-1.04486 0.432575
-1.04465 0.432739

-1.04465 0.432739
-1.04456 0.432818

-1.04456 0.432819
-1.04427 0.433044

-1.04427 0.433044
-1.04425 0.433062

-1.04425 0.433063
-1.04395 0.433307

-1.04395 0.433308
-1.04389 0.43335

-1.04389 0.43335
-1.04364 0.433552

-1.04364 0.433553
-1.04351 0.433655

-1.04351 0.433655
-1.04333 0.433795

-1.04333 0.433796
-1.04313 0.43396

-1.04313 0.43396
-1.04303 0.434039

-1.04303 0.43404
-1.04275 0.434265

-1.04275 0.434265
-1.04272 0.434284

-1.04272 0.434284
-1.04242 0.434528

-1.04242 0.434529
-1.04237 0.43457

-1.04237 0.43457
-1.04211 0.434772

-1.04211 0.434773
-1.04198 0.434875

-1.04199 0.434875
-1.04181 0.435016

-1.04181 0.435017
-1.0416 0.435181

-1.0416 0.435181
-1.0415 0.43526

-1.0415 0.435261
-1.04122 0.435486

-1.04122 0.435486
-1.0412 0.435504

-1.0412 0.435504
-1.04089 0.435748

-1.04089 0.435748
-1.04084 0.435791

-1.04084 0.435791
-1.04059 0.435992

-1.04059 0.435993
-1.04046 0.436096

-1.04046 0.436096
-1.04028 0.436235

-1.04028 0.436236
-1.04008 0.436401

-1.04008 0.436401
-1.03998 0.436479

-1.03998 0.43648
-1.03969 0.436707

-1.03969 0.436707
-1.03967 0.436723

-1.03967 0.436724
-1.03937 0.436967

-1.03937 0.436967
-1.03931 0.437012

-1.03931 0.437012
-1.03906 0.437211

-1.03906 0.437212
-1.03893 0.437317

-1.03893 0.437317
-1.03876 0.437454

-1.03876 0.437455
-1.03855 0.437622

-1.03855 0.437622
-1.03845 0.437697

-1.03845 0.437698
-1.03816 0.437927

-1.03816 0.437927
-1.03815 0.437941

-1.03815 0.437942
-1.03784 0.438185

-1.03784 0.438185
-1.03778 0.438232

-1.03778 0.438232
-1.03754 0.438428

-1.03754 0.438429
-1.0374 0.438538

-1.0374 0.438538
-1.03723 0.438671

-1.03723 0.438672
-1.03702 0.438843

-1.03702 0.438843
-1.03693 0.438914

-1.03693 0.438915
-1.03663 0.439148

-1.03663 0.439148
-1.03662 0.439158

-1.03662 0.439158
-1.03632 0.439402

-1.03632 0.439402
-1.03625 0.439453

-1.03625 0.439453
-1.03601 0.439645

-1.03601 0.439646
-1.03587 0.439758

-1.03587 0.439758
-1.03571 0.439887

-1.03571 0.439888
-1.03549 0.440063

-1.03549 0.440063
-1.0354 0.44013

-1.0354 0.440131
-1.0351 0.440369

-1.0351 0.440369
-1.0351 0.440374

-1.0351 0.440374
-1.03479 0.440617

-1.03479 0.440618
-1.03472 0.440674

-1.03472 0.440674
-1.03448 0.44086

-1.03448 0.440861
-1.03433 0.440979

-1.03434 0.440979
-1.03418 0.441102

-1.03418 0.441104
-1.03395 0.441284

-1.03395 0.441284
-1.03387 0.441345

-1.03387 0.441346
-1.03357 0.441589

-1.03357 0.441589
-1.03326 0.441832

-1.03326 0.441832
-1.03319 0.441895

-1.03319 0.441895
-1.03296 0.442075

-1.03296 0.442076
-1.0328 0.4422

-1.0328 0.4422
-1.03265 0.442316

-1.03265 0.442318
-1.03242 0.442505

-1.03242 0.442505
-1.03235 0.442559

-1.03235 0.44256
-1.03204 0.442803

-1.03204 0.442803
-1.03203 0.44281

-1.03203 0.44281
-1.03174 0.443046

-1.03174 0.443046
-1.03165 0.443115

-1.03165 0.443115
-1.03143 0.443288

-1.03143 0.443289
-1.03127 0.44342

-1.03127 0.44342
-1.03113 0.443529

-1.03113 0.443531
-1.03088 0.443726

-1.03088 0.443726
-1.03082 0.443772

-1.03082 0.443773
-1.03052 0.444016

-1.03052 0.444016
-1.0305 0.444031

-1.0305 0.444031
-1.03021 0.444258

-1.03021 0.444259
-1.03011 0.444336

-1.03011 0.444336
-1.02991 0.4445

-1.02991 0.444501
-1.02973 0.444641

-1.02973 0.444641
-1.0296 0.444742

-1.0296 0.444743
-1.02935 0.444946

-1.02935 0.444946
-1.0293 0.444984

-1.0293 0.444985
-1.02899 0.445227

-1.02899 0.445227
-1.02896 0.445251

-1.02896 0.445251
-1.02869 0.44547

-1.02869 0.44547
-1.02858 0.445557

-1.02858 0.445557
-1.02838 0.445712

-1.02838 0.445712
-1.02819 0.445862

-1.02819 0.445862
-1.02808 0.445953

-1.02808 0.445954
-1.02781 0.446167

-1.02781 0.446167
-1.02777 0.446195

-1.02777 0.446196
-1.02747 0.446438

-1.02747 0.446438
-1.02742 0.446472

-1.02742 0.446472
-1.02716 0.44668

-1.02716 0.446681
-1.02704 0.446777

-1.02704 0.446777
-1.02686 0.446922

-1.02686 0.446922
-1.02665 0.447083

-1.02665 0.447083
-1.02655 0.447163

-1.02655 0.447164
-1.02627 0.447388

-1.02627 0.447388
-1.02625 0.447405

-1.02625 0.447406
-1.02594 0.447648

-1.02594 0.447648
-1.02588 0.447693

-1.02588 0.447693
-1.02563 0.44789

-1.02563 0.447891
-1.0255 0.447998

-1.0255 0.447998
-1.02533 0.448131

-1.02533 0.448132
-1.02511 0.448303

-1.02511 0.448303
-1.02502 0.448372

-1.02502 0.448373
-1.02473 0.448608

-1.02473 0.448608
-1.02472 0.448614

-1.02472 0.448615
-1.02441 0.448856

-1.02441 0.448857
-1.02434 0.448914

-1.02434 0.448914
-1.02411 0.449098

-1.02411 0.449099
-1.02396 0.449219

-1.02396 0.449219
-1.0238 0.449339

-1.0238 0.44934
-1.02357 0.449524

-1.02357 0.449524
-1.0235 0.44958

-1.0235 0.449581
-1.02319 0.449823

-1.02319 0.449823
-1.02319 0.449829

-1.02319 0.449829
-1.02289 0.450064

-1.02289 0.450064
-1.0228 0.450134

-1.0228 0.450134
-1.02258 0.450306

-1.02258 0.450306
-1.02241 0.450439

-1.02241 0.450439
-1.02228 0.450546

-1.02228 0.450547
-1.02203 0.450745

-1.02203 0.450745
-1.02197 0.450787

-1.02197 0.450788
-1.02167 0.45103

-1.02167 0.45103
-1.02164 0.45105

-1.02164 0.45105
-1.02136 0.451271

-1.02136 0.451271
-1.02126 0.451355

-1.02126 0.451355
-1.02106 0.451512

-1.02106 0.451512
-1.02087 0.45166

-1.02087 0.45166
-1.02075 0.451752

-1.02075 0.451753
-1.02048 0.451965

-1.02048 0.451965
-1.02045 0.451994

-1.02045 0.451994
-1.02014 0.452235

-1.02014 0.452236
-1.0201 0.452271

-1.0201 0.452271
-1.01984 0.452477

-1.01984 0.452477
-1.01971 0.452576

-1.01971 0.452576
-1.01953 0.452717

-1.01953 0.452718
-1.01932 0.452881

-1.01932 0.452881
-1.01923 0.452958

-1.01923 0.452959
-1.01894 0.453186

-1.01894 0.453186
-1.01892 0.453199

-1.01892 0.4532
-1.01862 0.45344

-1.01862 0.453441
-1.01855 0.453491

-1.01855 0.453491
-1.01831 0.453681

-1.01831 0.453682
-1.01816 0.453796

-1.01817 0.453796
-1.01801 0.453921

-1.01801 0.453922
-1.01778 0.454102

-1.01778 0.454102
-1.0177 0.454162

-1.0177 0.454163
-1.0174 0.454404

-1.0174 0.454404
-1.01739 0.454407

-1.01739 0.454407
-1.01709 0.454644

-1.01709 0.454645
-1.017 0.454712

-1.017 0.454712
-1.01678 0.454885

-1.01678 0.454886
-1.01662 0.455017

-1.01662 0.455017
-1.01648 0.455125

-1.01648 0.455126
-1.01623 0.455322

-1.01623 0.455322
-1.01617 0.455366

-1.01617 0.455366
-1.01587 0.455607

-1.01587 0.455607
-1.01584 0.455627

-1.01584 0.455627
-1.01556 0.455848

-1.01556 0.455848
-1.01546 0.455933

-1.01546 0.455933
-1.01526 0.456088

-1.01526 0.456088
-1.01507 0.456238

-1.01507 0.456238
-1.01495 0.456327

-1.01495 0.456329
-1.01468 0.456543

-1.01468 0.456543
-1.01465 0.456568

-1.01465 0.456569
-1.01434 0.456809

-1.01434 0.456809
-1.01429 0.456848

-1.01429 0.456848
-1.01404 0.45705

-1.01404 0.457051
-1.01391 0.457153

-1.01391 0.457153
-1.01373 0.457289

-1.01373 0.45729
-1.01352 0.457458

-1.01352 0.457458
-1.01343 0.457529

-1.01343 0.45753
-1.01313 0.457764

-1.01313 0.457764
-1.01312 0.45777

-1.01312 0.45777
-1.01282 0.458011

-1.01282 0.458011
-1.01274 0.458069

-1.01274 0.458069
-1.01251 0.458251

-1.01251 0.458252
-1.01235 0.458374

-1.01236 0.458374
-1.01221 0.45849

-1.01221 0.458491
-1.01197 0.458679

-1.01197 0.458679
-1.0119 0.45873

-1.0119 0.458731
-1.0116 0.458971

-1.0116 0.458971
-1.01158 0.458984

-1.01158 0.458984
-1.01129 0.459211

-1.01129 0.459212
-1.01119 0.45929

-1.01119 0.45929
-1.01099 0.459451

-1.01099 0.459452
-1.0108 0.459595

-1.0108 0.459595
-1.01068 0.45969

-1.01068 0.459691
-1.01042 0.4599

-1.01041 0.4599
-1.01038 0.45993

-1.01038 0.459931
-1.01007 0.460171

-1.01007 0.460171
-1.01003 0.460205

-1.01003 0.460205
-1.00977 0.460411

-1.00977 0.460412
-1.00964 0.46051

-1.00964 0.46051
-1.00946 0.46065

-1.00946 0.460651
-1.00925 0.460815

-1.00925 0.460815
-1.00916 0.460889

-1.00916 0.46089
-1.00886 0.461121

-1.00886 0.461121
-1.00885 0.461129

-1.00885 0.46113
-1.00854 0.46137

-1.00854 0.46137
-1.00847 0.461426

-1.00847 0.461426
-1.00824 0.461609

-1.00824 0.46161
-1.00808 0.461731

-1.00809 0.461731
-1.00793 0.461848

-1.00793 0.461849
-1.0077 0.462036

-1.0077 0.462036
-1.00763 0.462088

-1.00763 0.462089
-1.00732 0.462328

-1.00732 0.462328
-1.00731 0.462341

-1.00731 0.462341
-1.00702 0.462568

-1.00702 0.462568
-1.00692 0.462646

-1.00692 0.462646
-1.00671 0.462807

-1.00671 0.462808
-1.00653 0.462952

-1.00653 0.462952
-1.00641 0.463046

-1.00641 0.463047
-1.00614 0.463257

-1.00614 0.463257
-1.0061 0.463285

-1.0061 0.463286
-1.0058 0.463525

-1.0058 0.463526
-1.00575 0.463562

-1.00575 0.463562
-1.00549 0.463765

-1.00549 0.463766
-1.00536 0.463867

-1.00536 0.463867
-1.00519 0.464004

-1.00519 0.464004
-1.00497 0.464172

-1.00497 0.464172
-1.00488 0.464242

-1.00488 0.464243
-1.00458 0.464478

-1.00458 0.464478
-1.00458 0.464482

-1.00458 0.464483
-1.00427 0.464722

-1.00427 0.464722
-1.00419 0.464783

-1.00419 0.464783
-1.00397 0.464961

-1.00397 0.464962
-1.0038 0.465088

-1.00381 0.465088
-1.00366 0.465199

-1.00366 0.4652
-1.00342 0.465393

-1.00342 0.465393
-1.00336 0.465438

-1.00336 0.465439
-1.00305 0.465678

-1.00305 0.465678
-1.00303 0.465698

-1.00303 0.465698
-1.00275 0.465917

-1.00275 0.465918
-1.00264 0.466003

-1.00264 0.466003
-1.00244 0.466156

-1.00244 0.466157
-1.00225 0.466309

-1.00225 0.466309
-1.00214 0.466394

-1.00214 0.466395
-1.00186 0.466614

-1.00186 0.466614
-1.00183 0.466633

-1.00183 0.466634
-1.00153 0.466873

-1.00153 0.466873
-1.00147 0.466919

-1.00147 0.466919
-1.00122 0.467112

-1.00122 0.467113
-1.00108 0.467224

-1.00108 0.467224
-1.00092 0.46735

-1.00092 0.467351
-1.00069 0.467529

-1.00069 0.467529
-1.00061 0.467589

-1.00061 0.467589
-1.00031 0.467828

-1.00031 0.467828
-1.0003 0.467834

-1.0003 0.467834
-1.0 0.468067

-1.0 0.468067
-0.999906 0.46814

-0.999907 0.46814
-0.999695 0.468306

-0.999695 0.468306
-0.999517 0.468445

-0.999518 0.468445
-0.99939 0.468543

-0.99939 0.468544
-0.999127 0.46875

-0.999126 0.46875
-0.999084 0.468782

-0.999084 0.468783
-0.998779 0.469021

-0.998779 0.469022
-0.998736 0.469055

-0.998736 0.469055
-0.998474 0.46926

-0.998474 0.469261
-0.998344 0.46936

-0.998346 0.46936
-0.998169 0.469498

-0.998169 0.469499
-0.997955 0.469666

-0.997955 0.469666
-0.997864 0.469736

-0.997864 0.469737
-0.997564 0.469971

-0.997564 0.469971
-0.997559 0.469975

-0.997559 0.469975
-0.997253 0.470214

-0.997253 0.470214
-0.997173 0.470276

-0.997174 0.470276
-0.996948 0.470452

-0.996948 0.470453
-0.996783 0.470581

-0.996784 0.470581
-0.996643 0.470689

-0.996643 0.47069
-0.996392 0.470886

-0.996392 0.470886
-0.996338 0.470928

-0.996338 0.470929
-0.996033 0.471167

-0.996033 0.471167
-0.996001 0.471191

-0.996001 0.471191
-0.995728 0.471405

-0.995728 0.471406
-0.995609 0.471497

-0.995611 0.471497
-0.995422 0.471643

-0.995422 0.471644
-0.995219 0.471802

-0.99522 0.471802
-0.995117 0.47188

-0.995117 0.471881
-0.994828 0.472107

-0.994827 0.472107
-0.994812 0.472119

-0.994812 0.47212
-0.994507 0.472358

-0.994507 0.472358
-0.994437 0.472412

-0.994437 0.472412
-0.994202 0.472596

-0.994202 0.472596
-0.994045 0.472717

-0.994047 0.472717
-0.993896 0.472833

-0.993896 0.472834
-0.993655 0.473022

-0.993654 0.473022
-0.993591 0.473071

-0.993591 0.473072
-0.993286 0.47331

-0.993286 0.47331
-0.993263 0.473328

-0.993263 0.473328
-0.992981 0.473547

-0.992981 0.473548
-0.992871 0.473633

-0.992872 0.473633
-0.992676 0.473785

-0.992676 0.473786
-0.99248 0.473938

-0.99248 0.473938
-0.992371 0.474022

-0.992371 0.474023
-0.992088 0.474243

-0.992088 0.474243
-0.992065 0.47426

-0.992065 0.474261
-0.99176 0.474499

-0.99176 0.474499
-0.991696 0.474548

-0.991697 0.474548
-0.991455 0.474737

-0.991455 0.474737
-0.991304 0.474854

-0.991306 0.474854
-0.99115 0.474973

-0.99115 0.474974
-0.990913 0.475159

-0.990913 0.475159
-0.990845 0.475211

-0.990845 0.475212
-0.99054 0.47545

-0.99054 0.47545
-0.990521 0.475464

-0.990521 0.475464
-0.990234 0.475687

-0.990234 0.475688
-0.990128 0.475769

-0.990129 0.475769
-0.989929 0.475925

-0.989929 0.475925
-0.989737 0.476074

-0.989738 0.476074
-0.989624 0.476161

-0.989624 0.476162
-0.989345 0.476379

-0.989344 0.476379
-0.989319 0.476399

-0.989319 0.4764
-0.989014 0.476637

-0.989014 0.476637
-0.988952 0.476685

-0.988953 0.476685
-0.988708 0.476875

-0.988708 0.476875
-0.98856 0.47699

-0.988561 0.47699
-0.988403 0.477111

-0.988403 0.477112
-0.988168 0.477295

-0.988168 0.477295
-0.988098 0.477349

-0.988098 0.477349
-0.987793 0.477587

-0.987793 0.477587
-0.987776 0.4776

-0.987776 0.4776
-0.987488 0.477824

-0.987488 0.477825
-0.987383 0.477905

-0.987383 0.477905
-0.987183 0.478061

-0.987183 0.478062
-0.986991 0.47821

-0.986991 0.47821
-0.986877 0.478297

-0.986877 0.478299
-0.986598 0.478516

-0.986597 0.478516
-0.986572 0.478535

-0.986572 0.478536
-0.986267 0.478773

-0.986267 0.478773
-0.986205 0.478821

-0.986206 0.478821
-0.985962 0.47901

-0.985962 0.479011
-0.985812 0.479126

-0.985814 0.479126
-0.985657 0.479247

-0.985657 0.479247
-0.98542 0.479431

-0.98542 0.479431
-0.985352 0.479483

-0.985352 0.479484
-0.985046 0.479721

-0.985046 0.479721
-0.985027 0.479736

-0.985027 0.479736
-0.984741 0.479958

-0.984741 0.479959
-0.984633 0.480042

-0.984634 0.480042
-0.984436 0.480195

-0.984436 0.480196
-0.984241 0.480347

-0.984242 0.480347
-0.984131 0.480431

-0.984131 0.480432
-0.983848 0.480652

-0.983847 0.480652
-0.983826 0.480669

-0.983826 0.480669
-0.983521 0.480906

-0.983521 0.480906
-0.983455 0.480957

-0.983455 0.480957
-0.983215 0.481143

-0.983215 0.481144
-0.983061 0.481262

-0.983063 0.481262
-0.98291 0.481379

-0.98291 0.48138
-0.982669 0.481567

-0.982668 0.481567
-0.982605 0.481616

-0.982605 0.481617
-0.9823 0.481853

-0.9823 0.481854
-0.982275 0.481873

-0.982275 0.481873
-0.981995 0.48209

-0.981995 0.482091
-0.981881 0.482178

-0.981882 0.482178
-0.981689 0.482327

-0.981689 0.482327
-0.981488 0.482483

-0.981489 0.482483
-0.981384 0.482563

-0.981384 0.482564
-0.981095 0.482788

-0.981094 0.482788
-0.981079 0.4828

-0.981079 0.4828
-0.980774 0.483037

-0.980774 0.483037
-0.980701 0.483093

-0.980701 0.483093
-0.980469 0.483273

-0.980469 0.483274
-0.980307 0.483398

-0.980308 0.483398
-0.980164 0.483509

-0.980164 0.48351
-0.979914 0.483704

-0.979913 0.483704
-0.979858 0.483746

-0.979858 0.483747
-0.979553 0.483983

-0.979553 0.483983
-0.97952 0.484009

-0.97952 0.484009
-0.979248 0.48422

-0.979248 0.48422
-0.979125 0.484314

-0.979126 0.484314
-0.978943 0.484456

-0.978943 0.484456
-0.978732 0.484619

-0.978732 0.484619
-0.978638 0.484691

-0.978638 0.484692
-0.978338 0.484924

-0.978338 0.484924
-0.978333 0.484928

-0.978333 0.484929
-0.978027 0.485165

-0.978027 0.485165
-0.977944 0.485229

-0.977944 0.485229
-0.977722 0.485401

-0.977722 0.485402
-0.97755 0.485535

-0.977551 0.485535
-0.977417 0.485637

-0.977417 0.485638
-0.977156 0.48584

-0.977155 0.48584
-0.977112 0.485873

-0.977112 0.485874
-0.976807 0.48611

-0.976807 0.48611
-0.976761 0.486145

-0.976762 0.486145
-0.976501 0.486346

-0.976501 0.486347
-0.976366 0.48645

-0.976368 0.48645
-0.976196 0.486582

-0.976196 0.486583
-0.975973 0.486755

-0.975973 0.486755
-0.975891 0.486818

-0.975891 0.486819
-0.975586 0.487055

-0.975586 0.487055
-0.975579 0.487061

-0.975579 0.487061
-0.975281 0.487291

-0.975281 0.487291
-0.975183 0.487366

-0.975184 0.487366
-0.974976 0.487527

-0.974976 0.487527
-0.97479 0.487671

-0.97479 0.487671
-0.97467 0.487762

-0.97467 0.487763
-0.974395 0.487976

-0.974394 0.487976
-0.974365 0.487998

-0.974365 0.487999
-0.97406 0.488235

-0.97406 0.488235
-0.974 0.488281

-0.974 0.488281
-0.973755 0.488471

-0.973755 0.488472
-0.973605 0.488586

-0.973606 0.488586
-0.97345 0.488706

-0.97345 0.488707
-0.973211 0.488892

-0.97321 0.488892
-0.973145 0.488942

-0.973145 0.488943
-0.972839 0.489179

-0.972839 0.489179
-0.972816 0.489197

-0.972816 0.489197
-0.972534 0.489414

-0.972534 0.489415
-0.97242 0.489502

-0.972421 0.489502
-0.972229 0.48965

-0.972229 0.48965
-0.972026 0.489807

-0.972026 0.489807
-0.971924 0.489885

-0.971924 0.489886
-0.971631 0.490112

-0.97163 0.490112
-0.971619 0.490121

-0.971619 0.490122
-0.971313 0.490357

-0.971313 0.490358
-0.971235 0.490417

-0.971236 0.490417
-0.971008 0.490593

-0.971008 0.490594
-0.97084 0.490723

-0.970841 0.490723
-0.970703 0.490828

-0.970703 0.490829
-0.970445 0.491028

-0.970445 0.491028
-0.970398 0.491064

-0.970398 0.491064
-0.970093 0.4913

-0.970093 0.4913
-0.97005 0.491333

-0.97005 0.491333
-0.969788 0.491536

-0.969788 0.491536
-0.969653 0.491638

-0.969655 0.491638
-0.969482 0.491771

-0.969482 0.491771
-0.969259 0.491943

-0.969259 0.491943
-0.969177 0.492006

-0.969177 0.492007
-0.968872 0.492242

-0.968872 0.492242
-0.968864 0.492249

-0.968864 0.492249
-0.968567 0.492478

-0.968567 0.492478
-0.968467 0.492554

-0.968468 0.492554
-0.968262 0.492713

-0.968262 0.492713
-0.968073 0.492859

-0.968073 0.492859
-0.967957 0.492947

-0.967957 0.492948
-0.967677 0.493164

-0.967676 0.493164
-0.967651 0.493183

-0.967651 0.493184
-0.967346 0.493419

-0.967346 0.493419
-0.967281 0.493469

-0.967281 0.493469
-0.967041 0.493654

-0.967041 0.493655
-0.966885 0.493774

-0.966886 0.493774
-0.966736 0.493889

-0.966736 0.49389
-0.96649 0.49408

-0.966489 0.49408
-0.966431 0.494124

-0.966431 0.494125
-0.966125 0.49436

-0.966125 0.49436
-0.966093 0.494385

-0.966094 0.494385
-0.96582 0.494595

-0.96582 0.494596
-0.965696 0.49469

-0.965698 0.49469
-0.965515 0.49483

-0.965515 0.494831
-0.965302 0.494995

-0.965302 0.494995
-0.96521 0.495065

-0.96521 0.495066
-0.964905 0.4953

-0.964905 0.495301
-0.9646 0.495536

-0.9646 0.495536
-0.964509 0.495605

-0.964509 0.495605
-0.964294 0.495771

-0.964294 0.495771
-0.964113 0.495911

-0.964114 0.495911
-0.963989 0.496005

-0.963989 0.496006
-0.963717 0.496216

-0.963716 0.496216
-0.963684 0.49624

-0.963684 0.496241
-0.963379 0.496476

-0.963379 0.496476
-0.96332 0.496521

-0.96332 0.496521
-0.963074 0.496711

-0.963074 0.496712
-0.962923 0.496826

-0.962925 0.496826
-0.962769 0.496945

-0.962769 0.496946
-0.962528 0.497131

-0.962527 0.497131
-0.962463 0.49718

-0.962463 0.497181
-0.962158 0.497416

-0.962158 0.497416
-0.962131 0.497437

-0.962131 0.497437
-0.961853 0.49765

-0.961853 0.497651
-0.961733 0.497742

-0.961735 0.497742
-0.961548 0.497885

-0.961548 0.497885
-0.961338 0.498047

-0.961338 0.498047
-0.961243 0.498119

-0.961243 0.49812
-0.960941 0.498352

-0.96094 0.498352
-0.960938 0.498354

-0.960938 0.498355
-0.960632 0.498589

-0.960632 0.49859
-0.960544 0.498657

-0.960544 0.498657
-0.960327 0.498824

-0.960327 0.498824
-0.960147 0.498962

-0.960148 0.498962
-0.960022 0.499058

-0.960022 0.499059
-0.959751 0.499268

-0.95975 0.499268
-0.959717 0.499293

-0.959717 0.499293
-0.959412 0.499528

-0.959412 0.499528
-0.959353 0.499573

-0.959354 0.499573
-0.959106 0.499763

-0.959106 0.499763
-0.958956 0.499878

-0.958957 0.499878
-0.958801 0.499997

-0.958801 0.499997
-0.95856 0.500183

-0.958559 0.500183
-0.958496 0.500231

-0.958496 0.500232
-0.958191 0.500466

-0.958191 0.500466
-0.958162 0.500488

-0.958162 0.500488
-0.957886 0.500701

-0.957886 0.500702
-0.957764 0.500793

-0.957765 0.500793
-0.957581 0.500935

-0.957581 0.500935
-0.957368 0.501099

-0.957368 0.501099
-0.957275 0.501169

-0.957275 0.50117
-0.95697 0.501404

-0.95697 0.501404
-0.956665 0.501638

-0.956665 0.501639
-0.956572 0.501709

-0.956573 0.501709
-0.95636 0.501873

-0.95636 0.501873
-0.956176 0.502014

-0.956176 0.502014
-0.956055 0.502106

-0.956055 0.502107
-0.955778 0.502319

-0.955777 0.502319
-0.95575 0.502341

-0.95575 0.502341
-0.955444 0.502575

-0.955444 0.502576
-0.95538 0.502625

-0.95538 0.502625
-0.955139 0.50281

-0.955139 0.50281
-0.954982 0.50293

-0.954984 0.50293
-0.954834 0.503043

-0.954834 0.503044
-0.954585 0.503235

-0.954585 0.503235
-0.954529 0.503277

-0.954529 0.503278
-0.954224 0.503512

-0.954224 0.503512
-0.954187 0.50354

-0.954187 0.50354
-0.953918 0.503746

-0.953918 0.503747
-0.953788 0.503845

-0.95379 0.503845
-0.953613 0.50398

-0.953613 0.503981
-0.953392 0.50415

-0.953392 0.50415
-0.953308 0.504213

-0.953308 0.504214
-0.953003 0.504448

-0.953003 0.504448
-0.952994 0.504456

-0.952994 0.504456
-0.952698 0.504682

-0.952698 0.504683
-0.952595 0.504761

-0.952596 0.504761
-0.952393 0.504916

-0.952393 0.504917
-0.952198 0.505066

-0.952198 0.505066
-0.952087 0.505149

-0.952087 0.50515
-0.9518 0.505371

-0.951799 0.505371
-0.951782 0.505384

-0.951782 0.505384
-0.951477 0.505618

-0.951477 0.505619
-0.951401 0.505676

-0.951401 0.505676
-0.951172 0.505852

-0.951172 0.505852
-0.951003 0.505981

-0.951004 0.505981
-0.950867 0.506085

-0.950867 0.506086
-0.950605 0.506287

-0.950604 0.506287
-0.950562 0.506319

-0.950562 0.50632
-0.950256 0.506554

-0.950256 0.506554
-0.950206 0.506592

-0.950206 0.506592
-0.949951 0.506787

-0.949951 0.506788
-0.949807 0.506897

-0.949809 0.506897
-0.949646 0.507021

-0.949646 0.507021
-0.94941 0.507202

-0.949409 0.507202
-0.949341 0.507254

-0.949341 0.507255
-0.949036 0.507488

-0.949036 0.507489
-0.949011 0.507507

-0.949011 0.507507
-0.94873 0.507722

-0.94873 0.507723
-0.948611 0.507812

-0.948613 0.507812
-0.948425 0.507956

-0.948425 0.507956
-0.948214 0.508118

-0.948214 0.508118
-0.94812 0.508188

-0.94812 0.508189
-0.947815 0.508423

-0.947815 0.508423
-0.94751 0.508656

-0.94751 0.508657
-0.947415 0.508728

-0.947416 0.508728
-0.947205 0.50889

-0.947205 0.50889
-0.947017 0.509033

-0.947018 0.509033
-0.946899 0.509122

-0.946899 0.509124
-0.946619 0.509338

-0.946618 0.509338
-0.946594 0.509356

-0.946594 0.509357
-0.946289 0.50959

-0.946289 0.509591
-0.946219 0.509644

-0.94622 0.509644
-0.945984 0.509824

-0.945984 0.509824
-0.94582 0.509949

-0.945821 0.509949
-0.945679 0.510056

-0.945679 0.510057
-0.945422 0.510254

-0.945421 0.510254
-0.945374 0.51029

-0.945374 0.510291
-0.945068 0.510524

-0.945068 0.510524
-0.945022 0.510559

-0.945022 0.510559
-0.944763 0.510757

-0.944763 0.510758
-0.944622 0.510864

-0.944624 0.510864
-0.944458 0.51099

-0.944458 0.510991
-0.944224 0.511169

-0.944224 0.511169
-0.944153 0.511223

-0.944153 0.511224
-0.943848 0.511457

-0.943848 0.511457
-0.943825 0.511475

-0.943825 0.511475
-0.943542 0.51169

-0.943542 0.511691
-0.943424 0.51178

-0.943426 0.51178
-0.943237 0.511923

-0.943237 0.511924
-0.943026 0.512085

-0.943026 0.512085
-0.942932 0.512156

-0.942932 0.512157
-0.942627 0.51239

-0.942627 0.51239
-0.942322 0.512623

-0.942322 0.512624
-0.942226 0.512695

-0.942227 0.512695
-0.942017 0.512856

-0.942017 0.512856
-0.941828 0.513

-0.941828 0.513
-0.941711 0.513088

-0.941711 0.513089
-0.941428 0.513306

-0.941427 0.513306
-0.941406 0.513322

-0.941406 0.513322
-0.941101 0.513555

-0.941101 0.513556
-0.941028 0.513611

-0.941028 0.513611
-0.940796 0.513788

-0.940796 0.513789
-0.940628 0.513916

-0.940629 0.513916
-0.940491 0.51402

-0.940491 0.514021
-0.940229 0.514221

-0.940228 0.514221
-0.940186 0.514253

-0.940186 0.514254
-0.93988 0.514487

-0.93988 0.514487
-0.939828 0.514526

-0.939829 0.514526
-0.939575 0.51472

-0.939575 0.51472
-0.939428 0.514832

-0.939429 0.514832
-0.93927 0.514952

-0.93927 0.514953
-0.939029 0.515137

-0.939029 0.515137
-0.938965 0.515185

-0.938965 0.515186
-0.93866 0.515418

-0.93866 0.515418
-0.938629 0.515442

-0.938629 0.515442
-0.938354 0.515651

-0.938354 0.515652
-0.938227 0.515747

-0.938229 0.515747
-0.938049 0.515884

-0.938049 0.515884
-0.937829 0.516052

-0.937829 0.516052
-0.937744 0.516116

-0.937744 0.516117
-0.937439 0.516349

-0.937439 0.516349
-0.937428 0.516357

-0.937428 0.516357
-0.937134 0.516582

-0.937134 0.516583
-0.937027 0.516663

-0.937028 0.516663
-0.936829 0.516815

-0.936829 0.516815
-0.936628 0.516968

-0.936628 0.516968
-0.936523 0.517046

-0.936523 0.517047
-0.936227 0.517273

-0.936227 0.517273
-0.936218 0.517279

-0.936218 0.51728
-0.935913 0.517513

-0.935913 0.517513
-0.935826 0.517578

-0.935827 0.517578
-0.935608 0.517745

-0.935608 0.517745
-0.935426 0.517883

-0.935428 0.517883
-0.935303 0.517976

-0.935303 0.517978
-0.935026 0.518188

-0.935025 0.518188
-0.934998 0.518209

-0.934998 0.51821
-0.934692 0.518443

-0.934692 0.518443
-0.934625 0.518494

-0.934625 0.518494
-0.934387 0.518675

-0.934387 0.518675
-0.934224 0.518799

-0.934225 0.518799
-0.934082 0.518907

-0.934082 0.518908
-0.933824 0.519104

-0.933823 0.519104
-0.933777 0.519139

-0.933777 0.51914
-0.933472 0.519372

-0.933472 0.519372
-0.933423 0.519409

-0.933423 0.519409
-0.933167 0.519605

-0.933167 0.519605
-0.933021 0.519714

-0.933023 0.519714
-0.932861 0.519837

-0.932861 0.519837
-0.932622 0.52002

-0.932621 0.52002
-0.932556 0.520068

-0.932556 0.520069
-0.932251 0.520302

-0.932251 0.520302
-0.93222 0.520325

-0.932221 0.520325
-0.931946 0.520534

-0.931946 0.520535
-0.931818 0.52063

-0.93182 0.52063
-0.931641 0.520766

-0.931641 0.520766
-0.931419 0.520935

-0.931418 0.520935
-0.931335 0.520997

-0.931335 0.520998
-0.93103 0.52123

-0.93103 0.52123
-0.931017 0.52124

-0.931017 0.52124
-0.930725 0.521463

-0.930725 0.521463
-0.930615 0.521545

-0.930616 0.521545
-0.93042 0.521695

-0.93042 0.521695
-0.930215 0.521851

-0.930215 0.521851
-0.930115 0.521926

-0.930115 0.521927
-0.929814 0.522156

-0.929813 0.522156
-0.92981 0.522158

-0.92981 0.522159
-0.929504 0.522391

-0.929504 0.522391
-0.929411 0.522461

-0.929412 0.522461
-0.929199 0.522623

-0.929199 0.522623
-0.929011 0.522766

-0.929012 0.522766
-0.928894 0.522854

-0.928894 0.522855
-0.928609 0.523071

-0.928609 0.523071
-0.928589 0.523086

-0.928589 0.523087
-0.928284 0.523319

-0.928284 0.523319
-0.928207 0.523376

-0.928208 0.523376
-0.927979 0.523551

-0.927979 0.523551
-0.927806 0.523682

-0.927807 0.523682
-0.927673 0.523782

-0.927673 0.523783
-0.927405 0.523987

-0.927404 0.523987
-0.927368 0.524014

-0.927368 0.524015
-0.927063 0.524246

-0.927063 0.524247
-0.927003 0.524292

-0.927003 0.524292
-0.926758 0.524478

-0.926758 0.524479
-0.926601 0.524597

-0.926602 0.524597
-0.926453 0.524709

-0.926453 0.52471
-0.9262 0.524902

-0.926199 0.524902
-0.926147 0.524941

-0.926147 0.524942
-0.925842 0.525174

-0.925842 0.525174
-0.925797 0.525208

-0.925798 0.525208
-0.925537 0.525405

-0.925537 0.525406
-0.925395 0.525513

-0.925396 0.525513
-0.925232 0.525637

-0.925232 0.525637
-0.924994 0.525818

-0.924993 0.525818
-0.924927 0.525868

-0.924927 0.525869
-0.924622 0.5261

-0.924622 0.5261
-0.924591 0.526123

-0.924592 0.526123
-0.924316 0.526332

-0.924316 0.526333
-0.924188 0.526428

-0.92419 0.526428
-0.924011 0.526563

-0.924011 0.526564
-0.923788 0.526733

-0.923787 0.526733
-0.923706 0.526794

-0.923706 0.526795
-0.923401 0.527027

-0.923401 0.527027
-0.923385 0.527039

-0.923385 0.527039
-0.923096 0.527258

-0.923096 0.527259
-0.922982 0.527344

-0.922983 0.527344
-0.922791 0.52749

-0.922791 0.52749
-0.922581 0.527649

-0.922581 0.527649
-0.922485 0.52772

-0.922485 0.527721
-0.92218 0.527953

-0.92218 0.527953
-0.922178 0.527954

-0.922178 0.527954
-0.921875 0.528184

-0.921875 0.528185
-0.921775 0.528259

-0.921776 0.528259
-0.92157 0.528416

-0.92157 0.528416
-0.921373 0.528564

-0.921374 0.528564
-0.921265 0.528646

-0.921265 0.528647
-0.920971 0.52887

-0.92097 0.52887
-0.920959 0.528878

-0.920959 0.528878
-0.920654 0.52911

-0.920654 0.52911
-0.920567 0.529175

-0.920568 0.529175
-0.920349 0.529341

-0.920349 0.529341
-0.920166 0.52948

-0.920167 0.52948
-0.920044 0.529571

-0.920044 0.529572
-0.919763 0.529785

-0.919762 0.529785
-0.919739 0.529803

-0.919739 0.529803
-0.919434 0.530035

-0.919434 0.530035
-0.919359 0.53009

-0.91936 0.53009
-0.919128 0.530266

-0.919128 0.530266
-0.918957 0.530396

-0.918958 0.530396
-0.918823 0.530496

-0.918823 0.530497
-0.918554 0.530701

-0.918554 0.530701
-0.918518 0.530727

-0.918518 0.530728
-0.918213 0.530959

-0.918213 0.53096
-0.918151 0.531006

-0.918151 0.531006
-0.917908 0.53119

-0.917908 0.531191
-0.917748 0.531311

-0.917749 0.531311
-0.917603 0.531421

-0.917603 0.531422
-0.917346 0.531616

-0.917345 0.531616
-0.917297 0.531652

-0.917297 0.531653
-0.916992 0.531884

-0.916992 0.531884
-0.916942 0.531921

-0.916942 0.531921
-0.916687 0.532115

-0.916687 0.532115
-0.916538 0.532227

-0.91654 0.532227
-0.916382 0.532345

-0.916382 0.532346
-0.916136 0.532532

-0.916135 0.532532
-0.916077 0.532576

-0.916077 0.532577
-0.915771 0.532808

-0.915771 0.532808
-0.915732 0.532837

-0.915733 0.532837
-0.915466 0.533038

-0.915466 0.533039
-0.915328 0.533142

-0.91533 0.533142
-0.915161 0.533269

-0.915161 0.533269
-0.914926 0.533447

-0.914926 0.533447
-0.914856 0.533499

-0.914856 0.5335
-0.914551 0.533731

-0.914551 0.533731
-0.914522 0.533752

-0.914522 0.533752
-0.914246 0.533962

-0.914246 0.533963
-0.914118 0.534058

-0.914119 0.534058
-0.91394 0.534193

-0.91394 0.534193
-0.913716 0.534363

-0.913715 0.534363
-0.913635 0.534422

-0.913635 0.534423
-0.91333 0.534654

-0.91333 0.534654
-0.913312 0.534668

-0.913312 0.534668
-0.913025 0.534885

-0.913025 0.534886
-0.912907 0.534973

-0.912908 0.534973
-0.91272 0.535116

-0.91272 0.535116
-0.912505 0.535278

-0.912505 0.535278
-0.912415 0.535345

-0.912415 0.535346
-0.912109 0.535577

-0.912109 0.535577
-0.912101 0.535583

-0.912101 0.535583
-0.911804 0.535808

-0.911804 0.535808
-0.911696 0.535889

-0.911697 0.535889
-0.911499 0.536038

-0.911499 0.536038
-0.911293 0.536194

-0.911293 0.536194
-0.911194 0.536268

-0.911194 0.536269
-0.910889 0.536499

-0.910889 0.536499
-0.910583 0.53673

-0.910583 0.53673
-0.910484 0.536804

-0.910485 0.536804
-0.910278 0.53696

-0.910278 0.53696
-0.910081 0.537109

-0.910082 0.537109
-0.909973 0.53719

-0.909973 0.537191
-0.909677 0.537415

-0.909676 0.537415
-0.909668 0.537421

-0.909668 0.537421
-0.909363 0.537652

-0.909363 0.537652
-0.909272 0.53772

-0.909273 0.53772
-0.909058 0.537882

-0.909058 0.537882
-0.908869 0.538025

-0.908869 0.538025
-0.908752 0.538111

-0.908752 0.538112
-0.908464 0.53833

-0.908464 0.53833
-0.908447 0.538342

-0.908447 0.538343
-0.908142 0.538573

-0.908142 0.538574
-0.908059 0.538635

-0.90806 0.538635
-0.907837 0.538804

-0.907837 0.538804
-0.907655 0.53894

-0.907656 0.53894
-0.907532 0.539033

-0.907532 0.539034
-0.907251 0.539246

-0.90725 0.539246
-0.907227 0.539263

-0.907227 0.539264
-0.906921 0.539494

-0.906921 0.539495
-0.906846 0.539551

-0.906847 0.539551
-0.906616 0.539725

-0.906616 0.539725
-0.906442 0.539856

-0.906443 0.539856
-0.906311 0.539954

-0.906311 0.539955
-0.906038 0.540161

-0.906037 0.540161
-0.906006 0.540184

-0.906006 0.540185
-0.905701 0.540415

-0.905701 0.540416
-0.905632 0.540466

-0.905633 0.540466
-0.905396 0.540645

-0.905396 0.540646
-0.905228 0.540771

-0.905229 0.540771
-0.90509 0.540875

-0.90509 0.540876
-0.904824 0.541077

-0.904823 0.541077
-0.904785 0.541105

-0.904785 0.541106
-0.90448 0.541336

-0.90448 0.541336
-0.904418 0.541382

-0.904419 0.541382
-0.904175 0.541566

-0.904175 0.541566
-0.904013 0.541687

-0.904015 0.541687
-0.90387 0.541795

-0.90387 0.541796
-0.903609 0.541992

-0.903608 0.541992
-0.903564 0.542025

-0.903564 0.542026
-0.903259 0.542256

-0.903259 0.542256
-0.903204 0.542297

-0.903204 0.542297
-0.902954 0.542486

-0.902954 0.542486
-0.902799 0.542603

-0.9028 0.542603
-0.902649 0.542715

-0.902649 0.542716
-0.902394 0.542908

-0.902394 0.542908
-0.902344 0.542945

-0.902344 0.542946
-0.902039 0.543176

-0.902039 0.543176
-0.901989 0.543213

-0.901989 0.543213
-0.901733 0.543406

-0.901733 0.543406
-0.901583 0.543518

-0.901584 0.543518
-0.901428 0.543635

-0.901428 0.543635
-0.901179 0.543823

-0.901178 0.543823
-0.901123 0.543864

-0.901123 0.543865
-0.900818 0.544095

-0.900818 0.544095
-0.900773 0.544128

-0.900774 0.544128
-0.900513 0.544325

-0.900513 0.544325
-0.900367 0.544434

-0.900369 0.544434
-0.900208 0.544554

-0.900208 0.544555
-0.899963 0.544739

-0.899963 0.544739
-0.899902 0.544784

-0.899902 0.544784
-0.899597 0.545014

-0.899597 0.545014
-0.899557 0.545044

-0.899558 0.545044
-0.899292 0.545244

-0.899292 0.545244
-0.899151 0.545349

-0.899153 0.545349
-0.898987 0.545473

-0.898987 0.545474
-0.898747 0.545654

-0.898746 0.545654
-0.898682 0.545702

-0.898682 0.545703
-0.898376 0.545933

-0.898376 0.545933
-0.898341 0.545959

-0.898341 0.545959
-0.898071 0.546163

-0.898071 0.546163
-0.897935 0.546265

-0.897936 0.546265
-0.897766 0.546392

-0.897766 0.546392
-0.89753 0.54657

-0.89753 0.54657
-0.897461 0.546621

-0.897461 0.546622
-0.897156 0.546851

-0.897156 0.546852
-0.897124 0.546875

-0.897124 0.546875
-0.896851 0.547081

-0.896851 0.547082
-0.896718 0.54718

-0.896719 0.54718
-0.896545 0.54731

-0.896545 0.547311
-0.896313 0.547485

-0.896313 0.547485
-0.89624 0.547539

-0.89624 0.54754
-0.895935 0.54777

-0.895935 0.54777
-0.895907 0.547791

-0.895907 0.547791
-0.89563 0.547999

-0.89563 0.548
-0.8955 0.548096

-0.895502 0.548096
-0.895325 0.548228

-0.895325 0.548229
-0.895096 0.548401

-0.895095 0.548401
-0.89502 0.548457

-0.89502 0.548458
-0.894714 0.548687

-0.894714 0.548687
-0.894689 0.548706

-0.89469 0.548706
-0.894409 0.548917

-0.894409 0.548917
-0.894282 0.549011

-0.894284 0.549011
-0.894104 0.549146

-0.894104 0.549146
-0.893878 0.549316

-0.893877 0.549316
-0.893799 0.549375

-0.893799 0.549376
-0.893494 0.549605

-0.893494 0.549605
-0.893471 0.549622

-0.893471 0.549622
-0.893188 0.549834

-0.893188 0.549835
-0.893064 0.549927

-0.893065 0.549927
-0.892883 0.550063

-0.892883 0.550064
-0.892659 0.550232

-0.892659 0.550232
-0.892578 0.550292

-0.892578 0.550293
-0.892273 0.550522

-0.892273 0.550522
-0.892253 0.550537

-0.892253 0.550537
-0.891968 0.550751

-0.891968 0.550752
-0.891845 0.550842

-0.891847 0.550842
-0.891663 0.55098

-0.891663 0.550981
-0.891441 0.551147

-0.89144 0.551147
-0.891357 0.551209

-0.891357 0.55121
-0.891052 0.551439

-0.891052 0.551439
-0.891034 0.551453

-0.891034 0.551453
-0.890747 0.551668

-0.890747 0.551669
-0.890626 0.551758

-0.890628 0.551758
-0.890442 0.551897

-0.890442 0.551897
-0.890221 0.552063

-0.890221 0.552063
-0.890137 0.552125

-0.890137 0.552126
-0.889832 0.552355

-0.889832 0.552355
-0.889815 0.552368

-0.889815 0.552368
-0.889526 0.552585

-0.889526 0.552585
-0.889407 0.552673

-0.889408 0.552673
-0.889221 0.552814

-0.889221 0.552814
-0.889002 0.552979

-0.889002 0.552979
-0.888916 0.553042

-0.888916 0.553043
-0.888611 0.553272

-0.888611 0.553272
-0.888595 0.553284

-0.888595 0.553284
-0.888306 0.553501

-0.888306 0.553501
-0.888187 0.553589

-0.888188 0.553589
-0.888 0.55373

-0.888 0.55373
-0.887782 0.553894

-0.887781 0.553894
-0.887695 0.553958

-0.887695 0.553959
-0.88739 0.554187

-0.88739 0.554188
-0.887374 0.554199

-0.887375 0.554199
-0.887085 0.554416

-0.887085 0.554417
-0.886966 0.554504

-0.886968 0.554504
-0.88678 0.554645

-0.88678 0.554645
-0.886561 0.55481

-0.886561 0.55481
-0.886475 0.554873

-0.886475 0.554874
-0.886169 0.555103

-0.886169 0.555103
-0.886154 0.555115

-0.886154 0.555115
-0.885864 0.555332

-0.885864 0.555333
-0.885746 0.55542

-0.885747 0.55542
-0.885559 0.555561

-0.885559 0.555561
-0.88534 0.555725

-0.88534 0.555725
-0.885254 0.555788

-0.885254 0.555789
-0.884949 0.556018

-0.884949 0.556018
-0.884933 0.55603

-0.884933 0.55603
-0.884644 0.556247

-0.884644 0.556248
-0.884524 0.556335

-0.884526 0.556335
-0.884338 0.556476

-0.884338 0.556476
-0.884119 0.556641

-0.884118 0.556641
-0.884033 0.556703

-0.884033 0.556704
-0.883728 0.556933

-0.883728 0.556933
-0.883711 0.556946

-0.883711 0.556946
-0.883423 0.557162

-0.883423 0.557163
-0.883303 0.557251

-0.883304 0.557251
-0.883118 0.55739

-0.883118 0.557391
-0.882897 0.557556

-0.882897 0.557556
-0.882812 0.557618

-0.882812 0.557619
-0.882507 0.557848

-0.882507 0.557848
-0.882489 0.557861

-0.882489 0.557861
-0.882202 0.558076

-0.882202 0.558077
-0.88208 0.558167

-0.882082 0.558167
-0.881897 0.558305

-0.881897 0.558305
-0.881674 0.558472

-0.881674 0.558472
-0.881592 0.558532

-0.881592 0.558533
-0.881287 0.558762

-0.881287 0.558762
-0.881267 0.558777

-0.881267 0.558777
-0.880981 0.55899

-0.880981 0.558991
-0.880858 0.559082

-0.880859 0.559082
-0.880676 0.559219

-0.880676 0.559219
-0.880452 0.559387

-0.880452 0.559387
-0.880371 0.559446

-0.880371 0.559447
-0.880066 0.559676

-0.880066 0.559676
-0.880044 0.559692

-0.880044 0.559692
-0.879761 0.559904

-0.879761 0.559905
-0.879635 0.559998

-0.879636 0.559998
-0.879456 0.560133

-0.879456 0.560133
-0.879229 0.560303

-0.879228 0.560303
-0.87915 0.56036

-0.87915 0.560361
-0.878845 0.560589

-0.878845 0.56059
-0.87882 0.560608

-0.878821 0.560608
-0.87854 0.560818

-0.87854 0.560818
-0.878412 0.560913

-0.878413 0.560913
-0.878235 0.561046

-0.878235 0.561046
-0.878005 0.561218

-0.878005 0.561218
-0.87793 0.561273

-0.87793 0.561274
-0.877625 0.561503

-0.877625 0.561503
-0.877597 0.561523

-0.877597 0.561523
-0.877319 0.561731

-0.877319 0.561732
-0.877188 0.561829

-0.877189 0.561829
-0.877014 0.561959

-0.877014 0.561959
-0.876781 0.562134

-0.876781 0.562134
-0.876709 0.562186

-0.876709 0.562187
-0.876404 0.562416

-0.876404 0.562416
-0.876372 0.562439

-0.876373 0.562439
-0.876099 0.562644

-0.876099 0.562644
-0.875964 0.562744

-0.875965 0.562744
-0.875793 0.562872

-0.875793 0.562872
-0.875557 0.563049

-0.875556 0.563049
-0.875488 0.563099

-0.875488 0.5631
-0.875183 0.563328

-0.875183 0.563328
-0.875148 0.563354

-0.875148 0.563354
-0.874878 0.563556

-0.874878 0.563557
-0.874739 0.56366

-0.87474 0.56366
-0.874573 0.563784

-0.874573 0.563785
-0.874332 0.563965

-0.874331 0.563965
-0.874268 0.564012

-0.874268 0.564013
-0.873962 0.564241

-0.873962 0.564241
-0.873923 0.56427

-0.873923 0.56427
-0.873657 0.564469

-0.873657 0.564469
-0.873514 0.564575

-0.873515 0.564575
-0.873352 0.564696

-0.873352 0.564697
-0.873106 0.56488

-0.873106 0.56488
-0.873047 0.564924

-0.873047 0.564925
-0.872742 0.565153

-0.872742 0.565153
-0.872697 0.565186

-0.872698 0.565186
-0.872437 0.565381

-0.872437 0.565381
-0.872288 0.565491

-0.87229 0.565491
-0.872131 0.565608

-0.872131 0.565609
-0.871881 0.565796

-0.87188 0.565796
-0.871826 0.565836

-0.871826 0.565836
-0.871521 0.566064

-0.871521 0.566065
-0.871471 0.566101

-0.871472 0.566101
-0.871216 0.566292

-0.871216 0.566292
-0.871063 0.566406

-0.871064 0.566406
-0.870911 0.56652

-0.870911 0.56652
-0.870654 0.566711

-0.870654 0.566711
-0.870605 0.566747

-0.870605 0.566748
-0.8703 0.566976

-0.8703 0.566976
-0.870245 0.567017

-0.870246 0.567017
-0.869995 0.567204

-0.869995 0.567204
-0.869836 0.567322

-0.869837 0.567322
-0.86969 0.567431

-0.86969 0.567431
-0.869428 0.567627

-0.869427 0.567627
-0.869385 0.567658

-0.869385 0.567659
-0.86908 0.567887

-0.86908 0.567887
-0.869018 0.567932

-0.869019 0.567932
-0.868774 0.568115

-0.868774 0.568115
-0.86861 0.568237

-0.868611 0.568237
-0.868469 0.568342

-0.868469 0.568342
-0.868201 0.568542

-0.8682 0.568542
-0.868164 0.568569

-0.868164 0.56857
-0.867859 0.568798

-0.867859 0.568798
-0.867791 0.568848

-0.867792 0.568848
-0.867554 0.569025

-0.867554 0.569025
-0.867382 0.569153

-0.867383 0.569153
-0.867249 0.569252

-0.867249 0.569253
-0.866974 0.569458

-0.866973 0.569458
-0.866943 0.56948

-0.866943 0.569481
-0.866638 0.569708

-0.866638 0.569708
-0.866564 0.569763

-0.866564 0.569763
-0.866333 0.569936

-0.866333 0.569936
-0.866155 0.570068

-0.866156 0.570068
-0.866028 0.570162

-0.866028 0.570163
-0.865746 0.570374

-0.865745 0.570374
-0.865723 0.57039

-0.865723 0.570391
-0.865417 0.570618

-0.865417 0.570619
-0.865336 0.570679

-0.865337 0.570679
-0.865112 0.570846

-0.865112 0.570846
-0.864927 0.570984

-0.864928 0.570984
-0.864807 0.571072

-0.864807 0.571073
-0.864518 0.571289

-0.864517 0.571289
-0.864502 0.5713

-0.864502 0.571301
-0.864197 0.571528

-0.864197 0.571529
-0.864107 0.571594

-0.864108 0.571594
-0.863892 0.571756

-0.863892 0.571756
-0.863699 0.571899

-0.8637 0.571899
-0.863586 0.571982

-0.863586 0.571983
-0.863289 0.572205

-0.863289 0.572205
-0.863281 0.57221

-0.863281 0.572211
-0.862976 0.572438

-0.862976 0.572439
-0.862879 0.57251

-0.86288 0.57251
-0.862671 0.572665

-0.862671 0.572666
-0.86247 0.572815

-0.862471 0.572815
-0.862366 0.572892

-0.862366 0.572893
-0.862061 0.57312

-0.862061 0.57312
-0.861755 0.573347

-0.861755 0.573348
-0.86165 0.573425

-0.861651 0.573425
-0.86145 0.573575

-0.86145 0.573575
-0.861241 0.57373

-0.861242 0.57373
-0.861145 0.573801

-0.861145 0.573802
-0.86084 0.574029

-0.86084 0.574029
-0.860831 0.574036

-0.860831 0.574036
-0.860535 0.574257

-0.860535 0.574257
-0.86042 0.574341

-0.860422 0.574341
-0.860229 0.574484

-0.860229 0.574484
-0.860012 0.574646

-0.860012 0.574646
-0.859924 0.57471

-0.859924 0.574711
-0.859619 0.574938

-0.859619 0.574938
-0.859602 0.574951

-0.859602 0.574951
-0.859314 0.575166

-0.859314 0.575166
-0.859191 0.575256

-0.859192 0.575256
-0.859009 0.575393

-0.859009 0.575393
-0.858782 0.575562

-0.858782 0.575562
-0.858704 0.575619

-0.858704 0.57562
-0.858398 0.575847

-0.858398 0.575847
-0.858372 0.575867

-0.858372 0.575867
-0.858093 0.576074

-0.858093 0.576075
-0.857961 0.576172

-0.857962 0.576172
-0.857788 0.576301

-0.857788 0.576302
-0.857552 0.576477

-0.857552 0.576477
-0.857483 0.576528

-0.857483 0.576529
-0.857178 0.576756

-0.857178 0.576756
-0.857142 0.576782

-0.857142 0.576782
-0.856873 0.576983

-0.856873 0.576983
-0.856731 0.577087

-0.856732 0.577087
-0.856567 0.57721

-0.856567 0.57721
-0.856322 0.577393

-0.856321 0.577393
-0.856262 0.577436

-0.856262 0.577437
-0.855957 0.577664

-0.855957 0.577664
-0.855911 0.577698

-0.855912 0.577698
-0.855652 0.577891

-0.855652 0.577891
-0.855501 0.578003

-0.855502 0.578003
-0.855347 0.578118

-0.855347 0.578118
-0.855091 0.578308

-0.855091 0.578308
-0.855042 0.578344

-0.855042 0.578345
-0.854736 0.578572

-0.854736 0.578572
-0.85468 0.578613

-0.854681 0.578613
-0.854431 0.578799

-0.854431 0.578799
-0.85427 0.578918

-0.854271 0.578918
-0.854126 0.579025

-0.854126 0.579026
-0.85386 0.579224

-0.85386 0.579224
-0.853821 0.579252

-0.853821 0.579253
-0.853516 0.57948

-0.853516 0.57948
-0.853449 0.579529

-0.85345 0.579529
-0.85321 0.579707

-0.85321 0.579707
-0.853039 0.579834

-0.85304 0.579834
-0.852905 0.579933

-0.852905 0.579934
-0.852629 0.580139

-0.852628 0.580139
-0.8526 0.58016

-0.8526 0.580161
-0.852295 0.580387

-0.852295 0.580388
-0.852218 0.580444

-0.852218 0.580444
-0.85199 0.580614

-0.85199 0.580614
-0.851808 0.58075

-0.851809 0.58075
-0.851685 0.58084

-0.851685 0.580841
-0.851397 0.581055

-0.851397 0.581055
-0.851379 0.581067

-0.851379 0.581068
-0.851074 0.581295

-0.851074 0.581295
-0.850986 0.58136

-0.850987 0.58136
-0.850769 0.581522

-0.850769 0.581522
-0.850576 0.581665

-0.850577 0.581665
-0.850464 0.581747

-0.850464 0.581748
-0.850165 0.58197

-0.850165 0.58197
-0.850159 0.581975

-0.850159 0.581975
-0.849854 0.582202

-0.849854 0.582202
-0.849753 0.582275

-0.849755 0.582275
-0.849548 0.582429

-0.849548 0.582429
-0.849344 0.582581

-0.849344 0.582581
-0.849243 0.582654

-0.849243 0.582655
-0.848938 0.582882

-0.848938 0.582882
-0.848933 0.582886

-0.848933 0.582886
-0.848633 0.583109

-0.848633 0.583109
-0.848521 0.583191

-0.848522 0.583191
-0.848328 0.583335

-0.848328 0.583335
-0.848111 0.583496

-0.848111 0.583496
-0.848022 0.583561

-0.848022 0.583562
-0.847717 0.583789

-0.847717 0.583789
-0.8477 0.583801

-0.8477 0.583801
-0.847412 0.584015

-0.847412 0.584016
-0.847288 0.584106

-0.84729 0.584106
-0.847107 0.584242

-0.847107 0.584242
-0.846879 0.584412

-0.846878 0.584412
-0.846802 0.584467

-0.846802 0.584469
-0.846497 0.584695

-0.846497 0.584695
-0.846467 0.584717

-0.846467 0.584717
-0.846191 0.584922

-0.846191 0.584922
-0.846055 0.585022

-0.846057 0.585022
-0.845886 0.585148

-0.845886 0.585148
-0.845645 0.585327

-0.845645 0.585327
-0.845581 0.585374

-0.845581 0.585375
-0.845276 0.585601

-0.845276 0.585601
-0.845234 0.585632

-0.845234 0.585632
-0.844971 0.585828

-0.844971 0.585828
-0.844822 0.585938

-0.844823 0.585938
-0.844666 0.586054

-0.844666 0.586054
-0.844412 0.586243

-0.844411 0.586243
-0.84436 0.58628

-0.84436 0.586281
-0.844055 0.586507

-0.844055 0.586508
-0.844 0.586548

-0.844001 0.586548
-0.84375 0.586734

-0.84375 0.586734
-0.843589 0.586853

-0.84359 0.586853
-0.843445 0.58696

-0.843445 0.58696
-0.843178 0.587158

-0.843178 0.587158
-0.84314 0.587186

-0.84314 0.587187
-0.842834 0.587413

-0.842834 0.587413
-0.842766 0.587463

-0.842767 0.587463
-0.842529 0.58764

-0.842529 0.58764
-0.842355 0.587769

-0.842356 0.587769
-0.842224 0.587865

-0.842224 0.587866
-0.841944 0.588074

-0.841943 0.588074
-0.841919 0.588092

-0.841919 0.588092
-0.841614 0.588319

-0.841614 0.588319
-0.841532 0.588379

-0.841533 0.588379
-0.841309 0.588545

-0.841309 0.588545
-0.841121 0.588684

-0.841122 0.588684
-0.841003 0.588771

-0.841003 0.588771
-0.84071 0.588989

-0.840709 0.588989
-0.840698 0.588997

-0.840698 0.588998
-0.840393 0.589224

-0.840393 0.589225
-0.840297 0.589294

-0.840298 0.589294
-0.840088 0.589451

-0.840088 0.589451
-0.839887 0.5896

-0.839888 0.5896
-0.839783 0.589676

-0.839783 0.589677
-0.839478 0.589903

-0.839478 0.589903
-0.839475 0.589905

-0.839475 0.589905
-0.839172 0.590129

-0.839172 0.59013
-0.839062 0.59021

-0.839064 0.59021
-0.838867 0.590356

-0.838867 0.590356
-0.838652 0.590515

-0.838652 0.590515
-0.838562 0.590581

-0.838562 0.590582
-0.838257 0.590808

-0.838257 0.590808
-0.83824 0.59082

-0.83824 0.59082
-0.837952 0.591034

-0.837952 0.591035
-0.837828 0.591125

-0.837829 0.591125
-0.837646 0.591261

-0.837646 0.591261
-0.837417 0.591431

-0.837417 0.591431
-0.837341 0.591486

-0.837341 0.591487
-0.837036 0.591713

-0.837036 0.591713
-0.837005 0.591736

-0.837005 0.591736
-0.836731 0.591939

-0.836731 0.59194
-0.836593 0.592041

-0.836594 0.592041
-0.836426 0.592165

-0.836426 0.592165
-0.836182 0.592346

-0.836181 0.592346
-0.836121 0.592391

-0.836121 0.592392
-0.835815 0.592618

-0.835815 0.592618
-0.83577 0.592651

-0.83577 0.592651
-0.83551 0.592844

-0.83551 0.592844
-0.835358 0.592957

-0.835359 0.592957
-0.835205 0.59307

-0.835205 0.59307
-0.834946 0.593262

-0.834946 0.593262
-0.8349 0.593295

-0.8349 0.593296
-0.834595 0.593522

-0.834595 0.593522
-0.834534 0.593567

-0.834534 0.593567
-0.83429 0.593748

-0.83429 0.593748
-0.834122 0.593872

-0.834123 0.593872
-0.833984 0.593974

-0.833984 0.593974
-0.833711 0.594177

-0.83371 0.594177
-0.833679 0.5942

-0.833679 0.5942
-0.833374 0.594426

-0.833374 0.594427
-0.833298 0.594482

-0.833299 0.594482
-0.833069 0.594653

-0.833069 0.594653
-0.832886 0.594788

-0.832887 0.594788
-0.832764 0.594878

-0.832764 0.594879
-0.832474 0.595093

-0.832474 0.595093
-0.832458 0.595104

-0.832458 0.595105
-0.832153 0.595331

-0.832153 0.595331
-0.832061 0.595398

-0.832062 0.595398
-0.831848 0.595557

-0.831848 0.595557
-0.83165 0.595703

-0.831651 0.595703
-0.831543 0.595781

-0.831543 0.595783
-0.831238 0.596008

-0.831238 0.596009
-0.830933 0.596235

-0.830933 0.596235
-0.830825 0.596313

-0.830826 0.596313
-0.830627 0.596461

-0.830627 0.596461
-0.830414 0.596619

-0.830414 0.596619
-0.830322 0.596685

-0.830322 0.596686
-0.830017 0.596912

-0.830017 0.596912
-0.830002 0.596924

-0.830002 0.596924
-0.829712 0.597138

-0.829712 0.597139
-0.829588 0.597229

-0.82959 0.597229
-0.829407 0.597364

-0.829407 0.597364
-0.829177 0.597534

-0.829177 0.597534
-0.829102 0.597589

-0.829102 0.59759
-0.828796 0.597816

-0.828796 0.597816
-0.828765 0.597839

-0.828765 0.597839
-0.828491 0.598042

-0.828491 0.598042
-0.828352 0.598145

-0.828353 0.598145
-0.828186 0.598268

-0.828186 0.598268
-0.82794 0.59845

-0.82794 0.59845
-0.827881 0.598493

-0.827881 0.598494
-0.827576 0.598719

-0.827576 0.59872
-0.827527 0.598755

-0.827528 0.598755
-0.827271 0.598945

-0.827271 0.598946
-0.827115 0.59906

-0.827116 0.59906
-0.826965 0.599171

-0.826965 0.599171
-0.826703 0.599365

-0.826702 0.599365
-0.82666 0.599396

-0.82666 0.599397
-0.826355 0.599623

-0.826355 0.599623
-0.82629 0.59967

-0.826291 0.59967
-0.82605 0.599849

-0.82605 0.599849
-0.825878 0.599976

