-1.63113 0.0
-1.63113 0.000610352

-1.63113 0.000610352
-1.63111 0.0012207

-1.63111 0.0012207
-1.6311 0.00137967

-1.6311 0.001381
-1.63108 0.00183105

-1.63108 0.00183105
-1.63104 0.00244141

-1.63104 0.00244141
-1.63099 0.00305176

-1.63099 0.00305176
-1.63093 0.00366211

-1.63093 0.00366211
-1.63084 0.00427246

-1.63084 0.00427246
-1.63074 0.00488281

-1.63074 0.00488281
-1.63062 0.00549316

-1.63062 0.00549316
-1.63049 0.00602373

-1.63049 0.00602885
-1.63048 0.00610352

-1.63048 0.00610352
-1.6303 0.00671387

-1.6303 0.00671387
-1.6301 0.00732422

-1.6301 0.00732422
-1.62988 0.00785979

-1.62988 0.00786603
-1.62986 0.00793457

-1.62986 0.00793457
-1.62957 0.00854492

-1.62957 0.00854492
-1.62927 0.00908903

-1.62927 0.0090955
-1.62924 0.00915527

-1.62924 0.00915527
-1.62884 0.00976562

-1.62884 0.00976562
-1.62866 0.0100124

-1.62866 0.0100097
-1.62838 0.010376

-1.62838 0.010376
-1.62805 0.0107487

-1.62805 0.010746
-1.62782 0.0109863

-1.62783 0.0109863
-1.62744 0.0113477

-1.62744 0.0113483
-1.62714 0.0115967

-1.62714 0.0115967
-1.62683 0.0118369

-1.62683 0.0118392
-1.62628 0.012207

-1.62628 0.012207
-1.62622 0.0122447

-1.62622 0.012244
-1.62561 0.0125854

-1.62561 0.012586
-1.62511 0.0128174

-1.6251 0.0128174
-1.625 0.0128657

-1.625 0.0128632
-1.62439 0.0130918

-1.62439 0.0130915
-1.62378 0.0132758

-1.62378 0.0132758
-1.62317 0.0134161

-1.62317 0.013413
-1.62308 0.0134277

-1.62309 0.0134277
-1.62256 0.0135143

-1.62256 0.0135129
-1.62195 0.0135764

-1.62195 0.0135763
-1.62134 0.0136066

-1.62134 0.0136063
-1.62073 0.0136043

-1.62073 0.0136039
-1.62012 0.0135711

-1.6189 0.0134207
-1.61894 0.0134277

-1.62012 0.0135706
-1.61951 0.0135085

-1.61951 0.013508
-1.61896 0.0134277

-1.6189 0.0134185
-1.61829 0.0133015

-1.61829 0.0133013
-1.61768 0.0131574

-1.61768 0.013157
-1.61707 0.0129877

-1.61646 0.0127961
-1.61652 0.0128174

-1.61707 0.0129871
-1.61653 0.0128174

-1.61646 0.0127942
-1.61584 0.0125782

-1.61584 0.0125774
-1.61523 0.0123399

-1.60974 0.00948987
-1.61022 0.00976562

-1.60913 0.00913107
-1.60917 0.00915527

-1.60974 0.00949246
-1.60917 0.00915527

-1.60791 0.0084089
-1.60814 0.00854492

-1.60913 0.00912908
-1.60852 0.00876914

-1.60852 0.00877479
-1.60813 0.00854492

-1.60547 0.00698197
-1.60606 0.00732422

-1.60791 0.00840855
-1.6073 0.00804851

-1.60669 0.00769071
-1.60711 0.00793457

-1.6073 0.00805783
-1.60709 0.00793457

-1.60669 0.00769371
-1.60608 0.00733685

-1.60608 0.00734922
-1.60604 0.00732422

-1.61462 0.0120875
-1.61491 0.012207

-1.61462 0.0120812
-1.61401 0.0118044

-1.6134 0.0115112
-1.61358 0.0115967

-1.61401 0.0118043
-1.61358 0.0115967

-1.6134 0.011509
-1.61279 0.0111997

-1.61523 0.0123352
-1.61493 0.012207

-1.61218 0.0108769
-1.61239 0.0109863

-1.61218 0.0108753
-1.61157 0.0105412

-1.61279 0.0112008
-1.61239 0.0109863

-1.61096 0.0101974
-1.61128 0.010376

-1.61157 0.0105441
-1.61127 0.010376

-1.61096 0.010197
-1.61035 0.00984596

-1.61035 0.00985082
-1.6102 0.00976562

-1.6012 0.00458411
-1.60174 0.00488281

-1.60059 0.00425388
-1.60062 0.00427246

-1.6012 0.00459063
-1.60061 0.00427246

-1.60486 0.00663162
-1.605 0.00671387

-1.60547 0.00698773
-1.60499 0.00671387

-1.60486 0.00663052
-1.60425 0.00628313

-1.60364 0.00593854
-1.60393 0.00610352

-1.60364 0.00593937
-1.60303 0.0055966

-1.60425 0.00629329
-1.60391 0.00610352

-1.60242 0.00525616
-1.60284 0.00549316

-1.60303 0.00561102
-1.60281 0.00549316

-1.60242 0.00525974
-1.60181 0.0049213

-1.60181 0.0049399
-1.6017 0.00488281

-1.59937 0.0036008
-1.59948 0.00366211

-1.60059 0.0042509
-1.59998 0.00392385

-1.60059 0.00428079
-1.60057 0.00427246

-1.59998 0.00393288
-1.59946 0.00366211

-1.59937 0.00359814
-1.59875 0.00328445

-1.59814 0.00298103
-1.59829 0.00305176

-1.59875 0.00329677
-1.59826 0.00305176

-1.59692 0.00243091
-1.59695 0.00244141

-1.59692 0.00243047
-1.59631 0.00218691

-1.59631 0.00218207
-1.5957 0.00198382

-1.59814 0.0029771
-1.59753 0.00269094

-1.59753 0.00270124
-1.59693 0.00244141

-1.59692 0.00246798
-1.59686 0.00244141

-1.59509 0.0018297
-1.5951 0.00183105

-1.5957 0.00199374
-1.59509 0.00183358

-1.59509 0.00182997
-1.59448 0.00169119

-1.59509 0.00185494
-1.59499 0.00183105

-1.59448 0.00168944
-1.59387 0.00158276

-1.59387 0.00158546
-1.59326 0.00151313

-1.59326 0.00151515
-1.59265 0.00146773

-1.59265 0.00146928
-1.59204 0.00143962

-1.59204 0.00144071
-1.59143 0.00142352

-1.59143 0.00142436
-1.59082 0.00141578

-1.59082 0.00141639
-1.59021 0.0014135

-1.59021 0.00141394
-1.5896 0.00141462

-1.5896 0.00141494
-1.58899 0.00141766

-1.58899 0.0014179
-1.58838 0.00142152

-1.58838 0.00142171
-1.58777 0.00142539

-1.58777 0.00142553
-1.58716 0.00142863

-1.58716 0.00142874
-1.58655 0.00143073

-1.58655 0.00143082
-1.58594 0.00143134

-1.58594 0.00143142
-1.58533 0.00143012

-1.58533 0.00143023
-1.58472 0.00142675

-1.58472 0.00142691
-1.58411 0.00142072

-1.58411 0.00142094
-1.5835 0.0014113

-1.5835 0.00141159
-1.58289 0.00139749

-1.58289 0.00139783
-1.58228 0.00137802

-1.58228 0.00137833
-1.58167 0.0013515

-1.58167 0.00135176
-1.58105 0.00131678

-1.57983 0.00121517
-1.57989 0.0012207

-1.58105 0.00131699
-1.58044 0.00127293

-1.58044 0.00127497
-1.57987 0.0012207

-1.57983 0.00121383
-1.57922 0.00114715

-1.57922 0.00114637
-1.57861 0.00107924

-1.57861 0.00107766
-1.578 0.00101481

-1.578 0.00101373
-1.57739 0.000960476

-1.57739 0.000960312
-1.57678 0.000919151

-1.57678 0.000919552
-1.57617 0.000890009

-1.57617 0.000890639
-1.57556 0.000870653

-1.57556 0.000871414
-1.57495 0.000858207

-1.57495 0.000858749
-1.57434 0.000849715

-1.57434 0.0008501
-1.57373 0.000843386

-1.57373 0.000843547
-1.57312 0.000838061

-1.57312 0.000838236
-1.57251 0.000833305

-1.57251 0.000833297
-1.5719 0.00082859

-1.5719 0.000828632
-1.57129 0.000824083

-1.57129 0.000824017
-1.57068 0.000819675

-1.57068 0.000819698
-1.57007 0.00081565

-1.57007 0.000815539
-1.56946 0.000811962

-1.56946 0.000812045
-1.56885 0.000808992

-1.56885 0.000808852
-1.56824 0.00080644

-1.56824 0.000806549
-1.56763 0.000804842

-1.56763 0.000804698
-1.56702 0.000803765

-1.56702 0.00080403
-1.56641 0.000803628

-1.56641 0.000803296
-1.5658 0.000803556

-1.5658 0.000803937
-1.56519 0.00080476

-1.56519 0.000804291
-1.56458 0.000805853

-1.56458 0.000806503
-1.56396 0.000808442

-1.56396 0.000807591
-1.56335 0.000810311

-1.56335 0.00081126
-1.56274 0.000814563

-1.56274 0.000813181
-1.56213 0.000817932

-1.56213 0.000819679
-1.56152 0.000825151

-1.56152 0.0008232
-1.56091 0.000829802

-1.56091 0.000832351
-1.5603 0.000838886

-1.5603 0.00082286
-1.56 0.000851942

-1.56 0.000839141
-1.55969 0.000844341

-1.55969 0.000844611
-1.55939 0.00085099

-1.55939 0.000851036
-1.55908 0.000857963

-1.55908 0.000857982
-1.55878 0.000865326

-1.55878 0.000865338
-1.55847 0.000873037

-1.55847 0.000873044
-1.55817 0.000881058

-1.55817 0.000881065
-1.55786 0.000889365

-1.55786 0.000889373
-1.55756 0.000897928

-1.55756 0.000897923
-1.55725 0.000906731

-1.55725 0.000906704
-1.55695 0.000915527

-1.55697 0.000915527
-1.55695 0.00091627

-1.55695 0.00091609
-1.55664 0.000924844

-1.55664 0.000924734
-1.55634 0.000932816

-1.55634 0.000932769
-1.55603 0.000940493

-1.55603 0.000940496
-1.55573 0.00094795

-1.55573 0.000947985
-1.55542 0.000955093

-1.55542 0.000955149
-1.55511 0.000961726

-1.55511 0.000961799
-1.55481 0.000967587

-1.55481 0.000967673
-1.5545 0.000972355

-1.5545 0.000972451
-1.5542 0.000975664

-1.5542 0.000975763
-1.55389 0.000977118

-1.55389 0.000977211
-1.55359 0.000976324

-1.55359 0.000976401
-1.55328 0.00097293

-1.55328 0.000973002
-1.55298 0.000966647

-1.55298 0.000966725
-1.55267 0.000957186

-1.55267 0.000957141
-1.55237 0.000944352

-1.55237 0.00094445
-1.55206 0.000928306

-1.55176 0.000907514
-1.55188 0.000915527

-1.55206 0.000928977
-1.55186 0.000915527

-1.55176 0.000907903
-1.55145 0.000885246

-1.55145 0.000885171
-1.55115 0.000861119

-1.55115 0.00086097
-1.55084 0.000835971

-1.55084 0.000835841
-1.55054 0.000810455

-1.55054 0.000810362
-1.55023 0.000785032

-1.55023 0.000784971
-1.54993 0.000760005

-1.54993 0.000759984
-1.54962 0.000735548

-1.54962 0.000735584
-1.54932 0.000711645

-1.54932 0.000711657
-1.54901 0.000688119

-1.54901 0.00068811
-1.54871 0.000664968

-1.54871 0.000665274
-1.5484 0.00064193

-1.5484 0.000643603
-1.5481 0.0006161

-1.54779 0.000582586
-1.54806 0.000610352

-1.54779 0.000582627
-1.54749 0.000552803

-1.5481 0.000616716
-1.54803 0.000610352

-1.54749 0.000552929
-1.54718 0.000524966

-1.54718 0.000524927
-1.54688 0.000498653

-1.54688 0.000498579
-1.54657 0.000474219

-1.54657 0.000474116
-1.54626 0.000452025

-1.54626 0.00045197
-1.54596 0.000432466

-1.54596 0.000432498
-1.54565 0.000415624

-1.54565 0.00041566
-1.54535 0.000401284

-1.54535 0.000401353
-1.54504 0.000389266

-1.54504 0.000389362
-1.54474 0.000379232

-1.54474 0.000379357
-1.54443 0.000370742

-1.54443 0.000370882
-1.54413 0.000363252

-1.54413 0.000363413
-1.54382 0.000356163

-1.54382 0.000356329
-1.54352 0.000348804

-1.54352 0.000348486
-1.54321 0.000340991

-1.54321 0.00034142
-1.54291 0.000333732

-1.54291 0.000334479
-1.5426 0.000324245

-1.5426 0.00032366
-1.5423 0.000310559

-1.54199 0.000298268
-1.54224 0.000305176

-1.5423 0.000308502
-1.54216 0.000305176

-1.54169 0.000298385
-1.54192 0.000305176

-1.54169 0.000294907
-1.54138 0.00029317

-1.54138 0.000304484
-1.54108 0.000297118

-1.54108 0.00028992
-1.54077 0.000283425

-1.54077 0.000295844
-1.54047 0.000292769

-1.54047 0.000284818
-1.54016 0.000282377

-1.54016 0.000294742
-1.53986 0.000288988

-1.53986 0.000278958
-1.53955 0.000276729

-1.53955 0.000292758
-1.53925 0.000286507

-1.53955 0.000305359
-1.53953 0.000305176

-1.53894 0.000174866
-1.5391 0.000305176

-1.53894 0.000233909
-1.53882 0.0

-1.50903 0.006047
-1.50908 0.00610352

-1.50964 0.0071005
-1.50972 0.00732422

-1.50934 0.00646098
-1.50948 0.00671387

-1.50908 0.00610352
-1.50931 0.00640869

-1.50934 0.00645892
-1.50931 0.00640869

-1.50948 0.00671387
-1.50962 0.00701904

-1.50964 0.00709647
-1.50962 0.00701904

-1.50842 0.00547463
-1.50845 0.00549316

-1.50873 0.00573155
-1.5088 0.00579834

-1.50903 0.00604415
-1.50881 0.00579834

-1.50873 0.00572663
-1.50846 0.00549316

-1.50842 0.00547063
-1.50812 0.00525042

-1.50781 0.00506168
-1.50801 0.00518799

-1.50812 0.00524969
-1.50802 0.00518799

-1.50972 0.00732422
-1.50978 0.00762939

-1.50978 0.00762939
-1.50983 0.00793457

-1.50983 0.00793457
-1.50984 0.00823975

-1.50984 0.00823975
-1.50984 0.00854492

-1.50984 0.00854492
-1.50982 0.0088501

-1.50982 0.0088501
-1.50978 0.00915527

-1.50978 0.00915527
-1.50972 0.00946045

-1.50972 0.00946045
-1.50966 0.00976562

-1.50966 0.00976562
-1.50964 0.00981362

-1.50964 0.00980989
-1.50957 0.0100708

-1.50957 0.0100708
-1.50948 0.010376

-1.50948 0.010376
-1.50937 0.0106812

-1.50937 0.0106812
-1.50934 0.0107629

-1.50934 0.0107603
-1.50925 0.0109863

-1.50925 0.0109863
-1.50912 0.0112915

-1.50912 0.0112915
-1.50903 0.0114809

-1.50903 0.0114794
-1.50898 0.0115967

-1.50898 0.0115967
-1.50883 0.0119019

-1.50883 0.0119019
-1.50873 0.0120957

-1.50873 0.0120945
-1.50867 0.012207

-1.50867 0.012207
-1.5085 0.0125122

-1.5085 0.0125122
-1.50842 0.0126481

-1.50842 0.0126466
-1.50832 0.0128174

-1.50832 0.0128174
-1.50814 0.0131226

-1.50814 0.0131226
-1.50812 0.0131586

-1.50812 0.0131561
-1.50795 0.0134277

-1.50795 0.0134277
-1.50781 0.0136325

-1.5072 0.00474029
-1.50749 0.00488281

-1.5072 0.00473887
-1.5069 0.0045991

-1.50659 0.0044735
-1.50684 0.00457764

-1.5069 0.00459948
-1.50684 0.00457764

-1.50598 0.00424341
-1.50606 0.00427246

-1.50659 0.00447282
-1.50629 0.00435278

-1.50629 0.00435196
-1.50607 0.00427246

-1.50598 0.00424285
-1.50568 0.00413801

-1.50568 0.00413734
-1.50537 0.00403746

-1.50507 0.00394508
-1.50514 0.00396729

-1.50537 0.00403713
-1.50514 0.00396729

-1.50507 0.00394474
-1.50476 0.003855

-1.50476 0.00385453
-1.50446 0.00376786

-1.50446 0.00376776
-1.50415 0.00368533

-1.50385 0.00360707
-1.50406 0.00366211

-1.50385 0.00360693
-1.50354 0.00353013

-1.50354 0.00352982
-1.50323 0.00345567

-1.50323 0.00345591
-1.50293 0.00338456

-1.50415 0.00368528
-1.50406 0.00366211

-1.50781 0.00506014
-1.50751 0.00489026

-1.50751 0.0048912
-1.50749 0.00488281

-1.50262 0.00331548
-1.50281 0.00335693

-1.50293 0.00338451
-1.50281 0.00335693

-1.50262 0.00331539
-1.50232 0.0032475

-1.50232 0.00324709
-1.50201 0.00318143

-1.50201 0.00318169
-1.50171 0.00311855

-1.5011 0.00299659
-1.50138 0.00305176

-1.50171 0.00311879
-1.5014 0.00305719

-1.5014 0.00305735
-1.50138 0.00305176

-1.5011 0.00299648
-1.50079 0.00293696

-1.50079 0.00293657
-1.50049 0.00287918

-1.50049 0.00287943
-1.50018 0.00282444

-1.50018 0.00282483
-1.49988 0.00277095

-1.49957 0.00271723
-1.49974 0.00274658

-1.49988 0.00277115
-1.49974 0.00274658

-1.49957 0.00271715
-1.49927 0.00266414

-1.49927 0.00266397
-1.49896 0.00261234

-1.49896 0.00261205
-1.49866 0.00256274

-1.49866 0.00256307
-1.49835 0.002516

-1.49835 0.00251637
-1.49805 0.00247014

-1.50781 0.0136315
-1.50775 0.0137329

-1.50775 0.0137329
-1.50754 0.0140381

-1.50754 0.0140381
-1.50751 0.0140861

-1.50751 0.014084
-1.50733 0.0143433

-1.50733 0.0143433
-1.5072 0.014516

-1.5072 0.0145145
-1.50711 0.0146484

-1.50711 0.0146484
-1.5069 0.0149312

-1.5069 0.0149307
-1.50688 0.0149536

-1.50688 0.0149536
-1.50665 0.0152588

-1.50665 0.0152588
-1.50659 0.0153333

-1.50659 0.0153313
-1.50641 0.015564

-1.50641 0.015564
-1.50629 0.0157222

-1.50629 0.0157191
-1.50617 0.0158691

-1.50617 0.0158691
-1.50598 0.0161005

-1.50598 0.0160999
-1.50592 0.0161743

-1.50592 0.0161743
-1.50568 0.0164711

-1.50568 0.0164705
-1.50567 0.0164795

-1.50567 0.0164795
-1.50541 0.0167847

-1.50541 0.0167847
-1.50537 0.0168348

-1.50537 0.0168334
-1.50515 0.0170898

-1.50515 0.0170898
-1.50507 0.0171902

-1.50507 0.017188
-1.50489 0.017395

-1.50489 0.017395
-1.50476 0.0175397

-1.50476 0.0175372
-1.50462 0.0177002

-1.50462 0.0177002
-1.50446 0.0178839

-1.50446 0.0178818
-1.50435 0.0180054

-1.50434 0.0180054
-1.50415 0.0182223

-1.50415 0.0182208
-1.50407 0.0183105

-1.50407 0.0183105
-1.50385 0.0185557

-1.50385 0.0185551
-1.50379 0.0186157

-1.50379 0.0186157
-1.50354 0.0188855

-1.50354 0.0188851
-1.50351 0.0189209

-1.50351 0.0189209
-1.50323 0.0192115

-1.50323 0.0192111
-1.50322 0.0192261

-1.50322 0.0192261
-1.50293 0.0195312

-1.49774 0.00242356
-1.49786 0.00244141

-1.49774 0.00242348
-1.49744 0.00237739

-1.49744 0.00237738
-1.49713 0.0023324

-1.49713 0.00233225
-1.49683 0.00228872

-1.49683 0.0022885
-1.49652 0.00224715

-1.49652 0.00224748
-1.49622 0.00220811

-1.49622 0.00220842
-1.49591 0.00216973

-1.49561 0.00213018
-1.49565 0.00213623

-1.49591 0.00217021
-1.49565 0.00213623

-1.49805 0.00247045
-1.49786 0.00244141

-1.49561 0.00213014
-1.4953 0.00209039

-1.4953 0.00209033
-1.495 0.00205152

-1.495 0.00205157
-1.49469 0.00201371

-1.49469 0.00201339
-1.49438 0.00197702

-1.49438 0.00197714
-1.49408 0.00194266

-1.49408 0.00194266
-1.49377 0.00190981

-1.49377 0.00190999
-1.49347 0.00187839

-1.49347 0.00187892
-1.49316 0.00184716

-1.49286 0.00181391
-1.49302 0.00183105

-1.49286 0.00181376
-1.49255 0.00178086

-1.49316 0.00184746
-1.49301 0.00183105

-1.49255 0.00178084
-1.49225 0.00174893

-1.49225 0.001749
-1.49194 0.00171796

-1.49194 0.00171788
-1.49164 0.00168773

-1.49164 0.00168744
-1.49133 0.0016589

-1.49133 0.00165919
-1.49103 0.00163224

-1.49103 0.00163223
-1.49072 0.00160634

-1.49072 0.00160635
-1.49042 0.00158151

-1.49042 0.00158171
-1.49011 0.00155748

-1.49011 0.00155808
-1.48981 0.00153284

-1.4895 0.0015056
-1.48973 0.00152588

-1.48981 0.00153297
-1.48973 0.00152588

-1.4895 0.00150537
-1.4892 0.00147862

-1.4892 0.00147862
-1.48889 0.00145265

-1.48889 0.00145267
-1.48859 0.00142743

-1.48859 0.00142749
-1.48828 0.0014028

-1.50293 0.0195312
-1.50293 0.0195352

-1.50293 0.0195339
-1.50264 0.0198364

-1.50264 0.0198364
-1.50262 0.0198542

-1.50262 0.0198529
-1.50235 0.0201416

-1.50235 0.0201416
-1.50232 0.0201702

-1.50232 0.0201689
-1.50205 0.0204468

-1.50205 0.0204468
-1.50201 0.0204836

-1.50201 0.0204821
-1.50175 0.020752

-1.50175 0.020752
-1.50171 0.0207943

-1.50171 0.0207928
-1.50145 0.0210571

-1.50145 0.0210571
-1.5014 0.0211026

-1.5014 0.0211014
-1.50114 0.0213623

-1.50115 0.0213623
-1.5011 0.0214088

-1.5011 0.0214079
-1.50084 0.0216675

-1.50084 0.0216675
-1.50079 0.0217129

-1.50079 0.0217122
-1.50053 0.0219727

-1.50053 0.0219727
-1.50049 0.0220149

-1.50049 0.0220143
-1.50022 0.0222778

-1.50022 0.0222778
-1.50018 0.0223151

-1.50018 0.0223143
-1.49991 0.022583

-1.49991 0.022583
-1.49988 0.0226137

-1.49988 0.0226128
-1.49959 0.0228882

-1.4996 0.0228882
-1.49957 0.0229108

-1.49957 0.0229098
-1.49928 0.0231934

-1.49928 0.0231934
-1.49927 0.0232063

-1.49927 0.0232052
-1.49896 0.0234985

-1.49896 0.0234985
-1.49896 0.0235004

-1.49896 0.0234993
-1.49866 0.023792

-1.49866 0.0237917
-1.49864 0.0238037

-1.49864 0.0238037
-1.49835 0.0240834

-1.49835 0.0240832
-1.49833 0.0241089

-1.49833 0.0241089
-1.49805 0.0243736

-1.49805 0.0243735
-1.498 0.0244141

-1.498 0.0244141
-1.49774 0.0246626

-1.49774 0.0246626
-1.49768 0.0247192

-1.49768 0.0247192
-1.49744 0.0249504

-1.49744 0.0249506
-1.49736 0.0250244

-1.49736 0.0250244
-1.49713 0.025237

-1.49713 0.0252379
-1.49703 0.0253296

-1.49703 0.0253296
-1.49683 0.0255233

-1.49683 0.0255241
-1.49671 0.0256348

-1.49671 0.0256348
-1.49652 0.0258087

-1.49652 0.0258095
-1.49638 0.0259399

-1.49638 0.0259399
-1.49622 0.0260934

-1.49622 0.0260941
-1.49605 0.0262451

-1.49605 0.0262451
-1.49591 0.0263774

-1.49591 0.0263781
-1.49572 0.0265503

-1.49572 0.0265503
-1.49561 0.0266604

-1.49561 0.0266614
-1.49539 0.0268555

-1.4954 0.0268555
-1.4953 0.0269429

-1.4953 0.026943
-1.49506 0.0271606

-1.49506 0.0271606
-1.495 0.0272245

-1.495 0.0272241
-1.49473 0.0274658

-1.49473 0.0274658
-1.49469 0.0275056

-1.49469 0.0275049
-1.4944 0.027771

-1.4944 0.027771
-1.49438 0.027786

-1.49438 0.0277852
-1.49408 0.028065

-1.49408 0.0280648
-1.49407 0.0280762

-1.49407 0.0280762
-1.49377 0.0283441

-1.49377 0.028344
-1.49373 0.0283813

-1.49373 0.0283813
-1.49347 0.0286228

-1.49347 0.0286227
-1.4934 0.0286865

-1.4934 0.0286865
-1.49316 0.0289006

-1.49316 0.028901
-1.49306 0.0289917

-1.49307 0.0289917
-1.49286 0.0291776

-1.49286 0.029179
-1.49273 0.0292969

-1.49273 0.0292969
-1.49255 0.0294553

-1.49255 0.0294566
-1.49239 0.0296021

-1.49239 0.0296021
-1.49225 0.0297326

-1.49225 0.0297339
-1.49205 0.0299072

-1.49206 0.0299072
-1.49194 0.0300094

-1.49194 0.0300099
-1.49172 0.0302124

-1.49172 0.0302124
-1.49164 0.0302858

-1.49164 0.0302854
-1.49138 0.0305176

-1.49138 0.0305176
-1.49133 0.0305617

-1.49133 0.0305611
-1.49104 0.0308228

-1.49104 0.0308228
-1.49103 0.0308373

-1.49103 0.0308366
-1.49072 0.0311117

-1.49072 0.0311116
-1.4907 0.0311279

-1.4907 0.0311279
-1.49042 0.0313865

-1.49042 0.0313864
-1.49037 0.0314331

-1.49037 0.0314331
-1.49011 0.0316609

-1.49011 0.031661
-1.49003 0.0317383

-1.49003 0.0317383
-1.48981 0.0319346

-1.48981 0.0319355
-1.48969 0.0320435

-1.48969 0.0320435
-1.4895 0.0322083

-1.4895 0.0322098
-1.48935 0.0323486

-1.48935 0.0323486
-1.4892 0.0324825

-1.4892 0.032484
-1.489 0.0326538

-1.48901 0.0326538
-1.48889 0.0327563

-1.48889 0.0327568
-1.48866 0.032959

-1.48867 0.032959
-1.48859 0.0330299

-1.48859 0.0330296
-1.48832 0.0332642

-1.48832 0.0332642
-1.48828 0.0333032

-1.48828 0.00140269
-1.48798 0.00137868

-1.48798 0.00137841
-1.48767 0.00135585

-1.48767 0.00135615
-1.48737 0.00133498

-1.48737 0.00133498
-1.48706 0.0013146

-1.48706 0.00131461
-1.48676 0.00129502

-1.48676 0.00129499
-1.48645 0.00127622

-1.48645 0.00127623
-1.48615 0.00125833

-1.48615 0.00125862
-1.48584 0.00124097

-1.48523 0.00120125
-1.48552 0.0012207

-1.48523 0.00120109
-1.48492 0.00118066

-1.48492 0.00118064
-1.48462 0.00116081

-1.48584 0.00124153
-1.48553 0.00122242

-1.48553 0.00122247
-1.48551 0.0012207

-1.48462 0.00116081
-1.48431 0.00114163

-1.48431 0.00114164
-1.48401 0.0011231

-1.48401 0.00112315
-1.4837 0.00110513

-1.4837 0.00110517
-1.4834 0.00108749

-1.4834 0.00108738
-1.48309 0.00107018

-1.48309 0.00106992
-1.48279 0.00105396

-1.48279 0.00105424
-1.48248 0.00103948

-1.48248 0.00103947
-1.48218 0.00102537

-1.48218 0.00102537
-1.48187 0.00101194

-1.48187 0.00101194
-1.48157 0.000999179

-1.48157 0.000999164
-1.48126 0.000987116

-1.48126 0.000987103
-1.48096 0.00097582

-1.48096 0.000975806
-1.48065 0.000965344

-1.48065 0.000965324
-1.48035 0.00095575

-1.48035 0.000955725
-1.48004 0.000947126

-1.48004 0.000947094
-1.47974 0.000939583

-1.47974 0.000939539
-1.47943 0.000933267

-1.47943 0.000933205
-1.47913 0.000928385

-1.47913 0.000928295
-1.47882 0.000925234

-1.47882 0.000925102
-1.47852 0.000924242

-1.47852 0.000924042
-1.47821 0.000926051

-1.47821 0.000925745
-1.47791 0.000931636

-1.47791 0.000931214
-1.4776 0.000942444

-1.4776 0.000941975
-1.47729 0.000960323

-1.47729 0.000959954
-1.47699 0.000987095

-1.47699 0.000987029
-1.47668 0.00102383

-1.47668 0.00102439
-1.47638 0.00106987

-1.47638 0.00107152
-1.47607 0.00112128

-1.47607 0.00112501
-1.47577 0.00116831

-1.47577 0.00117197
-1.47546 0.001194

-1.47546 0.00119802
-1.47516 0.00118343

-1.47516 0.00118776
-1.47485 0.00111984

-1.47485 0.0011243
-1.47455 0.000985482

-1.47424 0.000751357
-1.47443 0.000915527

-1.47455 0.000978958
-1.47446 0.000915527

-1.47396 0.0
-1.47401 0.000305176

-1.474 0.000305176
-1.47414 0.000610352

-1.47424 0.000750296
-1.47413 0.000610352

-1.48828 0.0333027
-1.48798 0.0335693

-1.48798 0.0335693
-1.48798 0.0335762

-1.48798 0.0335755
-1.48767 0.0338482

-1.48767 0.0338481
-1.48764 0.0338745

-1.48764 0.0338745
-1.48737 0.0341207

-1.48737 0.0341206
-1.4873 0.0341797

-1.4873 0.0341797
-1.48706 0.0343928

-1.48706 0.0343931
-1.48696 0.0344849

-1.48696 0.0344849
-1.48676 0.0346642

-1.48676 0.0346657
-1.48661 0.03479

-1.48662 0.03479
-1.48645 0.0349364

-1.48645 0.0349381
-1.48627 0.0350952

-1.48627 0.0350952
-1.48615 0.0352088

-1.48615 0.0352096
-1.48593 0.0354004

-1.48593 0.0354004
-1.48584 0.0354808

-1.48584 0.0354807
-1.48559 0.0357056

-1.48559 0.0357056
-1.48553 0.0357527

-1.48553 0.0357522
-1.48524 0.0360107

-1.48524 0.0360107
-1.48523 0.0360244

-1.48523 0.0360237
-1.48492 0.0362951

-1.48492 0.036295
-1.4849 0.0363159

-1.4849 0.0363159
-1.48462 0.0365664

-1.48462 0.0365663
-1.48456 0.0366211

-1.48456 0.0366211
-1.48431 0.0368374

-1.48431 0.0368376
-1.48421 0.0369263

-1.48422 0.0369263
-1.48401 0.0371077

-1.48401 0.0371091
-1.48387 0.0372314

-1.48387 0.0372314
-1.4837 0.0373787

-1.4837 0.0373805
-1.48353 0.0375366

-1.48353 0.0375366
-1.4834 0.0376501

-1.4834 0.037651
-1.48318 0.0378418

-1.48318 0.0378418
-1.48309 0.0379213

-1.48309 0.0379212
-1.48284 0.038147

-1.48284 0.038147
-1.48279 0.0381922

-1.48279 0.0381919
-1.48249 0.0384521

-1.4825 0.0384521
-1.48248 0.0384631

-1.48248 0.0384625
-1.48218 0.0387331

-1.48218 0.038733
-1.48215 0.0387573

-1.48215 0.0387573
-1.48187 0.0390037

-1.48187 0.0390036
-1.48181 0.0390625

-1.48181 0.0390625
-1.48157 0.0392739

-1.48157 0.0392743
-1.48146 0.0393677

-1.48146 0.0393677
-1.48126 0.0395436

-1.48126 0.0395451
-1.48112 0.0396729

-1.48112 0.0396729
-1.48096 0.0398142

-1.48096 0.039816
-1.48077 0.039978

-1.48077 0.039978
-1.48065 0.040085

-1.48065 0.0400856
-1.48043 0.0402832

-1.48043 0.0402832
-1.48035 0.0403556

-1.48035 0.0403554
-1.48008 0.0405884

-1.48008 0.0405884
-1.48004 0.040626

-1.48004 0.0406256
-1.47974 0.0408936

-1.47974 0.0408936
-1.47974 0.0408964

-1.47974 0.0408958
-1.47943 0.041166

-1.47943 0.0411659
-1.47939 0.0411987

-1.47939 0.0411987
-1.47913 0.0414362

-1.47913 0.0414362
-1.47905 0.0415039

-1.47905 0.0415039
-1.47882 0.041706

-1.47882 0.0417066
-1.4787 0.0418091

-1.47871 0.0418091
-1.47852 0.0419752

-1.47852 0.0419772
-1.47836 0.0421143

-1.47836 0.0421143
-1.47821 0.0422459

-1.47821 0.0422476
-1.47801 0.0424194

-1.47802 0.0424194
-1.47791 0.0425164

-1.47791 0.0425167
-1.47767 0.0427246

-1.47767 0.0427246
-1.4776 0.0427868

-1.4776 0.0427865
-1.47733 0.0430298

-1.47733 0.0430298
-1.47729 0.043057

-1.47729 0.0430566
-1.47699 0.0433266

-1.47699 0.0433266
-1.47698 0.043335

-1.47698 0.043335
-1.47668 0.0435967

-1.47668 0.0435966
-1.47664 0.0436401

-1.47664 0.0436401
-1.47638 0.0438667

-1.47638 0.0438668
-1.47629 0.0439453

-1.47629 0.0439453
-1.47607 0.0441362

-1.47607 0.0441372
-1.47595 0.0442505

-1.47595 0.0442505
-1.47577 0.0444058

-1.47577 0.0444078
-1.4756 0.0445557

-1.4756 0.0445557
-1.47546 0.0446764

-1.47546 0.0446777
-1.47525 0.0448608

-1.47526 0.0448608
-1.47516 0.0449469

-1.47516 0.044947
-1.47491 0.045166

-1.47491 0.045166
-1.47485 0.0452172

-1.47485 0.045217
-1.47457 0.0454712

-1.47457 0.0454712
-1.47455 0.0454875

-1.47455 0.045487
-1.47424 0.0457571

-1.47424 0.0457571
-1.47422 0.0457764

-1.47422 0.0457764
-1.47394 0.0460273

-1.47394 0.0460272
-1.47388 0.0460815

-1.47388 0.0460815
-1.47363 0.0462973

-1.47363 0.0462976
-1.47353 0.0463867

-1.47353 0.0463867
-1.47333 0.0465667

-1.47333 0.0465682
-1.47319 0.0466919

-1.47319 0.0466919
-1.47302 0.0468369

-1.47302 0.0468389
-1.47284 0.0469971

-1.47284 0.0469971
-1.47272 0.0471076

-1.47272 0.0471085
-1.4725 0.0473022

-1.4725 0.0473022
-1.47241 0.0473782

-1.47241 0.0473781
-1.47215 0.0476074

-1.47215 0.0476074
-1.47211 0.0476486

-1.47211 0.0476483
-1.47181 0.0479126

-1.47181 0.0479126
-1.4718 0.047919

-1.4718 0.0479186
-1.4715 0.0481889

-1.4715 0.0481889
-1.47146 0.0482178

-1.47146 0.0482178
-1.47119 0.0484593

-1.47119 0.0484593
-1.47112 0.0485229

-1.47112 0.0485229
-1.47089 0.0487294

-1.47089 0.0487299
-1.47077 0.0488281

-1.47078 0.0488281
-1.47058 0.0489989

-1.47058 0.0490007
-1.47043 0.0491333

-1.47043 0.0491333
-1.47028 0.0492697

-1.47028 0.0492717
-1.47008 0.0494385

-1.47009 0.0494385
-1.46997 0.0495406

-1.46997 0.0495412
-1.46974 0.0497437

-1.46974 0.0497437
-1.46967 0.0498114

-1.46967 0.0498113
-1.4694 0.0500488

-1.4694 0.0500488
-1.46936 0.050082

-1.46936 0.0500818
-1.46906 0.0503523

-1.46906 0.0503522
-1.46905 0.050354

-1.46905 0.050354
-1.46875 0.0506229

-1.46875 0.0506228
-1.46871 0.0506592

-1.46871 0.0506592
-1.46844 0.0508935

-1.46844 0.0508935
-1.46836 0.0509644

-1.46837 0.0509644
-1.46814 0.0511637

-1.46814 0.0511644
-1.46802 0.0512695

-1.46802 0.0512695
-1.46783 0.0514336

-1.46783 0.0514355
-1.46768 0.0515747

-1.46768 0.0515747
-1.46753 0.0517048

-1.46753 0.0517065
-1.46733 0.0518799

-1.46733 0.0518799
-1.46722 0.0519759

-1.46722 0.0519763
-1.46699 0.0521851

-1.46699 0.0521851
-1.46692 0.0522469

-1.46692 0.0522468
-1.46664 0.0524902

-1.46664 0.0524902
-1.46661 0.0525178

-1.46661 0.0525176
-1.46631 0.0527883

-1.46631 0.0527883
-1.4663 0.0527954

-1.4663 0.0527954
-1.466 0.0530592

-1.466 0.0530591
-1.46596 0.0531006

-1.46596 0.0531006
-1.4657 0.05333

-1.4657 0.0533301
-1.46561 0.0534058

-1.46561 0.0534058
-1.46539 0.0536004

-1.46539 0.0536014
-1.46527 0.0537109

-1.46527 0.0537109
-1.46509 0.0538708

-1.46509 0.0538727
-1.46492 0.0540161

-1.46493 0.0540161
-1.46478 0.0541422

-1.46478 0.0541438
-1.46458 0.0543213

-1.46458 0.0543213
-1.46448 0.0544136

-1.46448 0.0544139
-1.46424 0.0546265

-1.46424 0.0546265
-1.46417 0.0546848

-1.46417 0.0546847
-1.46389 0.0549316

-1.46389 0.0549316
-1.46387 0.054956

-1.46387 0.0549557
-1.46356 0.0552267

-1.46356 0.0552267
-1.46355 0.0552368

-1.46355 0.0552368
-1.46326 0.0554978

-1.46326 0.0554978
-1.46321 0.055542

-1.46321 0.055542
-1.46295 0.0557689

-1.46295 0.055769
-1.46286 0.0558472

-1.46286 0.0558472
-1.46265 0.0560395

-1.46265 0.0560405
-1.46252 0.0561523

-1.46252 0.0561523
-1.46234 0.0563102

-1.46234 0.0563121
-1.46218 0.0564575

-1.46218 0.0564575
-1.46204 0.0565819

-1.46204 0.0565834
-1.46183 0.0567627

-1.46183 0.0567627
-1.46173 0.0568535

-1.46173 0.0568538
-1.46149 0.0570679

-1.46149 0.0570679
-1.46143 0.0571249

-1.46143 0.0571248
-1.46115 0.057373

-1.46115 0.057373
-1.46112 0.0573963

-1.46112 0.0573961
-1.46082 0.0576674

-1.46082 0.0576674
-1.4608 0.0576782

-1.4608 0.0576782
-1.46051 0.0579387

-1.46051 0.0579387
-1.46046 0.0579834

-1.46046 0.0579834
-1.46021 0.0582101

-1.46021 0.0582102
-1.46012 0.0582886

-1.46012 0.0582886
-1.4599 0.0584809

-1.4599 0.058482
-1.45977 0.0585938

-1.45977 0.0585938
-1.45959 0.0587519

-1.45959 0.0587538
-1.45943 0.0588989

-1.45943 0.0588989
-1.45929 0.0590238

-1.45929 0.0590254
-1.45909 0.0592041

-1.45909 0.0592041
-1.45898 0.0592957

-1.45898 0.059296
-1.45874 0.0595093

-1.45874 0.0595093
-1.45868 0.0595674

-1.45868 0.0595673
-1.4584 0.0598145

-1.4584 0.0598145
-1.45837 0.0598391

-1.45837 0.0598389
-1.45807 0.0601105

-1.45807 0.0601104
-1.45806 0.0601196

-1.45806 0.0601196
-1.45776 0.0603821

-1.45776 0.0603821
-1.45772 0.0604248

-1.45772 0.0604248
-1.45746 0.0606537

-1.45746 0.0606539
-1.45737 0.06073

-1.45737 0.06073
-1.45715 0.0609249

-1.45715 0.0609259
-1.45703 0.0610352

-1.45703 0.0610352
-1.45685 0.0611961

-1.45685 0.061198
-1.45669 0.0613403

-1.45669 0.0613403
-1.45654 0.0614684

-1.45654 0.0614701
-1.45634 0.0616455

-1.45635 0.0616455
-1.45624 0.0617405

-1.45624 0.061741
-1.456 0.0619507

-1.456 0.0619507
-1.45593 0.0620126

-1.45593 0.0620125
-1.45566 0.0622559

-1.45566 0.0622559
-1.45563 0.0622846

-1.45563 0.0622844
-1.45532 0.0625563

-1.45532 0.0625563
-1.45532 0.062561

-1.45532 0.062561
-1.45502 0.0628283

-1.45502 0.0628283
-1.45497 0.0628662

-1.45497 0.0628662
-1.45471 0.0631003

-1.45471 0.0631004
-1.45463 0.0631714

-1.45463 0.0631714
-1.45441 0.0633719

-1.45441 0.0633728
-1.45429 0.0634766

-1.45429 0.0634766
-1.4541 0.0636433

-1.4541 0.0636452
-1.45395 0.0637817

-1.45395 0.0637817
-1.4538 0.063916

-1.4538 0.0639179
-1.4536 0.0640869

-1.45361 0.0640869
-1.45349 0.0641885

-1.45349 0.0641892
-1.45326 0.0643921

-1.45326 0.0643921
-1.45319 0.064461

-1.45319 0.064461
-1.45292 0.0646973

-1.45292 0.0646973
-1.45288 0.0647334

-1.45288 0.0647332
-1.45258 0.0650024

-1.45258 0.0650024
-1.45258 0.0650058

-1.45258 0.0650056
-1.45227 0.0652779

-1.45227 0.0652779
-1.45224 0.0653076

-1.45224 0.0653076
-1.45197 0.0655504

-1.45197 0.0655504
-1.4519 0.0656128

-1.4519 0.0656128
-1.45166 0.0658225

-1.45166 0.0658231
-1.45155 0.065918

-1.45155 0.065918
-1.45135 0.0660942

-1.45135 0.066096
-1.45121 0.0662231

-1.45121 0.0662231
-1.45105 0.0663671

-1.45105 0.066369
-1.45087 0.0665283

-1.45087 0.0665283
-1.45074 0.0666401

-1.45074 0.0666412
-1.45053 0.0668335

-1.45053 0.0668335
-1.45044 0.066913

-1.45044 0.0669132
-1.45019 0.0671387

-1.45019 0.0671387
-1.45013 0.0671859

-1.45013 0.0671858
-1.44985 0.0674438

-1.44985 0.0674438
-1.44983 0.0674588

-1.44983 0.0674586
-1.44952 0.0677314

-1.44952 0.0677314
-1.4495 0.067749

-1.4495 0.067749
-1.44922 0.0680043

-1.44922 0.0680042
-1.44916 0.0680542

-1.44916 0.0680542
-1.44891 0.0682771

-1.44891 0.0682773
-1.44882 0.0683594

-1.44882 0.0683594
-1.44861 0.0685494

-1.44861 0.0685506
-1.44848 0.0686646

-1.44848 0.0686646
-1.4483 0.0688222

-1.4483 0.068824
-1.44814 0.0689697

-1.44814 0.0689697
-1.448 0.0690957

-1.448 0.0690974
-1.4478 0.0692749

-1.4478 0.0692749
-1.44769 0.0693691

-1.44769 0.0693697
-1.44746 0.0695801

-1.44746 0.0695801
-1.44739 0.0696425

-1.44739 0.0696425
-1.44712 0.0698853

-1.44712 0.0698853
-1.44708 0.0699159

-1.44708 0.0699157
-1.44678 0.070189

-1.44678 0.070189
-1.44678 0.0701904

-1.44678 0.0701904
-1.44647 0.0704624

-1.44647 0.0704623
-1.44643 0.0704956

-1.44644 0.0704956
-1.44617 0.0707358

-1.44617 0.0707358
-1.44609 0.0708008

-1.44609 0.0708008
-1.44586 0.0710089

-1.44586 0.0710095
-1.44575 0.071106

-1.44576 0.071106
-1.44556 0.0712815

-1.44556 0.0712834
-1.44541 0.0714111

-1.44541 0.0714111
-1.44525 0.0715555

-1.44525 0.0715573
-1.44507 0.0717163

-1.44507 0.0717163
-1.44495 0.0718295

-1.44495 0.0718307
-1.44473 0.0720215

-1.44473 0.0720215
-1.44464 0.0721035

-1.44464 0.0721037
-1.44439 0.0723267

-1.44439 0.0723267
-1.44434 0.0723773

-1.44434 0.0723773
-1.44405 0.0726318

-1.44405 0.0726318
-1.44403 0.0726512

-1.44403 0.0726511
-1.44373 0.0729249

-1.44373 0.0729249
-1.44371 0.072937

-1.44371 0.072937
-1.44342 0.0731988

-1.44342 0.0731988
-1.44337 0.0732422

-1.44337 0.0732422
-1.44312 0.0734728

-1.44312 0.0734729
-1.44303 0.0735474

-1.44303 0.0735474
-1.44281 0.0737462

-1.44281 0.0737472
-1.44269 0.0738525

-1.44269 0.0738525
-1.4425 0.0740198

-1.4425 0.0740216
-1.44235 0.0741577

-1.44235 0.0741577
-1.4422 0.0742944

-1.4422 0.0742962
-1.44201 0.0744629

-1.44201 0.0744629
-1.44189 0.0745689

-1.44189 0.0745699
-1.44167 0.0747681

-1.44167 0.0747681
-1.44159 0.0748434

-1.44159 0.0748435
-1.44133 0.0750732

-1.44133 0.0750732
-1.44128 0.0751179

-1.44128 0.0751178
-1.44099 0.0753784

-1.44099 0.0753784
-1.44098 0.0753923

-1.44098 0.0753921
-1.44067 0.0756666

-1.44067 0.0756665
-1.44065 0.0756836

-1.44065 0.0756836
-1.44037 0.0759411

-1.44037 0.075941
-1.44032 0.0759888

-1.44032 0.0759888
-1.44006 0.0762155

-1.44006 0.0762157
-1.43998 0.0762939

-1.43998 0.0762939
-1.43976 0.0764895

-1.43976 0.0764907
-1.43964 0.0765991

-1.43964 0.0765991
-1.43945 0.0767638

-1.43945 0.0767656
-1.4393 0.0769043

-1.4393 0.0769043
-1.43915 0.077039

-1.43915 0.0770408
-1.43896 0.0772095

-1.43896 0.0772095
-1.43884 0.0773141

-1.43884 0.077315
-1.43862 0.0775146

-1.43862 0.0775146
-1.43854 0.0775891

-1.43854 0.0775893
-1.43828 0.0778198

-1.43828 0.0778198
-1.43823 0.0778642

-1.43823 0.0778641
-1.43794 0.078125

-1.43794 0.078125
-1.43793 0.0781392

-1.43793 0.078139
-1.43762 0.078414

-1.43762 0.078414
-1.4376 0.0784302

-1.4376 0.0784302
-1.43732 0.0786891

-1.43732 0.0786891
-1.43727 0.0787354

-1.43727 0.0787354
-1.43701 0.0789641

-1.43701 0.0789643
-1.43693 0.0790405

-1.43693 0.0790405
-1.43671 0.0792387

-1.43671 0.0792398
-1.43659 0.0793457

-1.43659 0.0793457
-1.4364 0.0795135

-1.4364 0.0795153
-1.43625 0.0796509

-1.43625 0.0796509
-1.4361 0.0797893

-1.4361 0.079791
-1.43591 0.0799561

-1.43591 0.0799561
-1.43579 0.0800649

-1.43579 0.080066
-1.43557 0.0802612

-1.43557 0.0802612
-1.43549 0.0803405

-1.43549 0.0803408
-1.43524 0.0805664

-1.43524 0.0805664
-1.43518 0.0806161

-1.43518 0.080616
-1.4349 0.0808716

-1.4349 0.0808716
-1.43488 0.0808916

-1.43488 0.0808915
-1.43457 0.081167

-1.43457 0.081167
-1.43456 0.0811768

-1.43456 0.0811768
-1.43427 0.0814426

-1.43427 0.0814426
-1.43422 0.0814819

-1.43422 0.0814819
-1.43396 0.0817183

-1.43396 0.0817184
-1.43388 0.0817871

-1.43388 0.0817871
-1.43365 0.0819935

-1.43365 0.0819943
-1.43355 0.0820923

-1.43355 0.0820923
-1.43335 0.0822685

-1.43335 0.0822703
-1.43321 0.0823975

-1.43321 0.0823975
-1.43304 0.0825447

-1.43304 0.0825464
-1.43287 0.0827026

-1.43287 0.0827026
-1.43274 0.0828209

-1.43274 0.0828224
-1.43253 0.0830078

-1.43253 0.0830078
-1.43243 0.083097

-1.43243 0.0830975
-1.43219 0.083313

-1.4322 0.083313
-1.43213 0.0833731

-1.43213 0.0833731
-1.43186 0.0836182

-1.43186 0.0836182
-1.43182 0.0836491

-1.43182 0.083649
-1.43152 0.0839233

-1.43152 0.0839233
-1.43152 0.0839252

-1.43152 0.083925
-1.43121 0.0842011

-1.43121 0.0842011
-1.43118 0.0842285

-1.43118 0.0842285
-1.43091 0.0844772

-1.43091 0.0844772
-1.43085 0.0845337

-1.43085 0.0845337
-1.4306 0.0847531

-1.4306 0.0847535
-1.43051 0.0848389

-1.43051 0.0848389
-1.4303 0.0850286

-1.4303 0.08503
-1.43017 0.085144

-1.43017 0.085144
-1.42999 0.0853048

-1.42999 0.0853065
-1.42983 0.0854492

-1.42983 0.0854492
-1.42969 0.0855815

-1.42969 0.0855832
-1.4295 0.0857544

-1.4295 0.0857544
-1.42938 0.085858

-1.42938 0.085859
-1.42916 0.0860596

-1.42916 0.0860596
-1.42908 0.0861346

-1.42908 0.0861348
-1.42882 0.0863647

-1.42882 0.0863647
-1.42877 0.0864111

-1.42877 0.086411
-1.42849 0.0866699

-1.42849 0.0866699
-1.42847 0.0866876

-1.42847 0.0866875
-1.42816 0.0869639

-1.42816 0.0869639
-1.42815 0.0869751

-1.42815 0.0869751
-1.42786 0.0872405

-1.42786 0.0872404
-1.42781 0.0872803

-1.42781 0.0872803
-1.42755 0.087517

-1.42755 0.0875171
-1.42748 0.0875854

-1.42748 0.0875854
-1.42725 0.0877931

-1.42725 0.0877939
-1.42714 0.0878906

-1.42714 0.0878906
-1.42694 0.088069

-1.42694 0.0880708
-1.4268 0.0881958

-1.4268 0.0881958
-1.42664 0.0883461

-1.42664 0.0883477
-1.42646 0.088501

-1.42647 0.088501
-1.42633 0.0886231

-1.42633 0.0886249
-1.42613 0.0888062

-1.42613 0.0888062
-1.42603 0.0889001

-1.42603 0.0889008
-1.42579 0.0891113

-1.42579 0.0891113
-1.42572 0.089177

-1.42572 0.0891771
-1.42546 0.0894165

-1.42546 0.0894165
-1.42542 0.0894539

-1.42542 0.0894539
-1.42512 0.0897217

-1.42512 0.0897217
-1.42511 0.0897308

-1.42511 0.0897307
-1.4248 0.0900076

-1.4248 0.0900076
-1.42478 0.0900269

-1.42478 0.0900269
-1.4245 0.0902845

-1.4245 0.0902845
-1.42445 0.090332

-1.42445 0.090332
-1.42419 0.0905613

-1.42419 0.0905616
-1.42411 0.0906372

-1.42411 0.0906372
-1.42389 0.0908377

-1.42389 0.0908388
-1.42377 0.0909424

-1.42378 0.0909424
-1.42358 0.0911144

-1.42358 0.0911161
-1.42344 0.0912476

-1.42344 0.0912476
-1.42328 0.0913919

-1.42328 0.0913935
-1.4231 0.0915527

-1.4231 0.0915527
-1.42297 0.0916692

-1.42297 0.0916708
-1.42277 0.0918579

-1.42277 0.0918579
-1.42267 0.0919466

-1.42267 0.0919472
-1.42243 0.0921631

-1.42243 0.0921631
-1.42236 0.0922239

-1.42236 0.0922239
-1.42209 0.0924683

-1.42209 0.0924683
-1.42206 0.0925012

-1.42206 0.0925011
-1.42176 0.0927734

-1.42176 0.0927734
-1.42175 0.0927785

-1.42175 0.0927784
-1.42145 0.0930556

-1.42145 0.0930556
-1.42142 0.0930786

-1.42142 0.0930786
-1.42114 0.093333

-1.42114 0.093333
-1.42109 0.0933838

-1.42109 0.0933838
-1.42084 0.0936101

-1.42084 0.0936105
-1.42075 0.093689

-1.42075 0.093689
-1.42053 0.0938869

-1.42053 0.0938881
-1.42041 0.0939941

-1.42042 0.0939941
-1.42023 0.0941641

-1.42023 0.0941658
-1.42008 0.0942993

-1.42008 0.0942993
-1.41992 0.0944419

-1.41992 0.0944435
-1.41974 0.0946045

-1.41974 0.0946045
-1.41962 0.0947197

-1.41962 0.0947212
-1.41941 0.0949097

-1.41941 0.0949097
-1.41931 0.0949974

-1.41931 0.094998
-1.41907 0.0952148

-1.41907 0.0952148
-1.41901 0.0952751

-1.41901 0.0952752
-1.41874 0.09552

-1.41874 0.09552
-1.4187 0.0955528

-1.4187 0.0955528
-1.4184 0.0958252

-1.4184 0.0958252
-1.4184 0.0958306

-1.4184 0.0958304
-1.41809 0.0961081

-1.41809 0.0961081
-1.41807 0.0961304

-1.41807 0.0961304
-1.41779 0.0963859

-1.41779 0.0963859
-1.41773 0.0964355

-1.41773 0.0964355
-1.41748 0.0966635

-1.41748 0.0966638
-1.4174 0.0967407

-1.4174 0.0967407
-1.41718 0.0969407

-1.41718 0.0969418
-1.41706 0.0970459

-1.41706 0.0970459
-1.41687 0.0972182

-1.41687 0.0972199
-1.41672 0.0973511

-1.41673 0.0973511
-1.41656 0.0974965

-1.41656 0.0974981
-1.41639 0.0976562

-1.41639 0.0976562
-1.41626 0.0977747

-1.41626 0.0977764
-1.41605 0.0979614

-1.41606 0.0979614
-1.41595 0.0980528

-1.41595 0.0980535
-1.41572 0.0982666

-1.41572 0.0982666
-1.41565 0.098331

-1.41565 0.0983311
-1.41539 0.0985718

-1.41539 0.0985718
-1.41534 0.0986091

-1.41534 0.0986091
-1.41505 0.098877

-1.41505 0.098877
-1.41504 0.0988872

-1.41504 0.0988871
-1.41473 0.0991653

-1.41473 0.0991652
-1.41472 0.0991821

-1.41472 0.0991821
-1.41443 0.0994434

-1.41443 0.0994434
-1.41438 0.0994873

-1.41438 0.0994873
-1.41412 0.0997215

-1.41412 0.0997217
-1.41405 0.0997925

-1.41405 0.0997925
-1.41382 0.0999992

-1.41382 0.1
-1.41371 0.100098

-1.41371 0.100098
-1.41351 0.100277

-1.41351 0.100279
-1.41338 0.100403

-1.41338 0.100403
-1.41321 0.100556

-1.41321 0.100557
-1.41304 0.100708

-1.41304 0.100708
-1.4129 0.100834

-1.4129 0.100836
-1.41271 0.101013

-1.41271 0.101013
-1.4126 0.101113

-1.4126 0.101114
-1.41237 0.101318

-1.41237 0.101318
-1.41229 0.101391

-1.41229 0.101392
-1.41204 0.101624

-1.41204 0.101624
-1.41199 0.10167

-1.41199 0.10167
-1.4117 0.101929

-1.4117 0.101929
-1.41168 0.101949

-1.41168 0.101949
-1.41138 0.102227

-1.41138 0.102227
-1.41137 0.102234

-1.41137 0.102234
-1.41107 0.102506

-1.41107 0.102506
-1.41104 0.102539

-1.41104 0.102539
-1.41077 0.102784

-1.41077 0.102784
-1.4107 0.102844

-1.4107 0.102844
-1.41046 0.103063

-1.41046 0.103063
-1.41037 0.103149

-1.41037 0.103149
-1.41016 0.103341

-1.41016 0.103342
-1.41003 0.103455

-1.41003 0.103455
-1.40985 0.10362

-1.40985 0.103621
-1.4097 0.10376

-1.4097 0.10376
-1.40955 0.103899

-1.40955 0.1039
-1.40936 0.104065

-1.40936 0.104065
-1.40924 0.104178

-1.40924 0.104179
-1.40903 0.10437

-1.40903 0.10437
-1.40894 0.104457

-1.40894 0.104457
-1.4087 0.104675

-1.4087 0.104675
-1.40863 0.104736

-1.40863 0.104736
-1.40836 0.10498

-1.40836 0.10498
-1.40833 0.105015

-1.40833 0.105015
-1.40803 0.105286

-1.40803 0.105286
-1.40802 0.105294

-1.40802 0.105294
-1.40771 0.105573

-1.40771 0.105573
-1.4077 0.105591

-1.4077 0.105591
-1.40741 0.105852

-1.40741 0.105852
-1.40736 0.105896

-1.40736 0.105896
-1.4071 0.106131

-1.4071 0.106131
-1.40703 0.106201

-1.40703 0.106201
-1.4068 0.106409

-1.4068 0.10641
-1.40669 0.106506

-1.4067 0.106506
-1.40649 0.106688

-1.40649 0.10669
-1.40636 0.106812

-1.40636 0.106812
-1.40619 0.106968

-1.40619 0.106969
-1.40603 0.107117

-1.40603 0.107117
-1.40588 0.107247

-1.40588 0.107249
-1.40569 0.107422

-1.40569 0.107422
-1.40558 0.107527

-1.40558 0.107528
-1.40536 0.107727

-1.40536 0.107727
-1.40527 0.107806

-1.40527 0.107807
-1.40503 0.108032

-1.40503 0.108032
-1.40497 0.108086

-1.40497 0.108086
-1.40469 0.108337

-1.40469 0.108337
-1.40466 0.108365

-1.40466 0.108365
-1.40436 0.108643

-1.40436 0.108643
-1.40436 0.108645

-1.40436 0.108645
-1.40405 0.108924

-1.40405 0.108924
-1.40403 0.108948

-1.40403 0.108948
-1.40375 0.109204

-1.40375 0.109204
-1.40369 0.109253

-1.40369 0.109253
-1.40344 0.109483

-1.40344 0.109483
-1.40336 0.109558

-1.40336 0.109558
-1.40314 0.109762

-1.40314 0.109763
-1.40303 0.109863

-1.40303 0.109863
-1.40283 0.110041

-1.40283 0.110043
-1.40269 0.110168

-1.4027 0.110168
-1.40253 0.110321

-1.40253 0.110323
-1.40236 0.110474

-1.40236 0.110474
-1.40222 0.110601

-1.40222 0.110603
-1.40203 0.110779

-1.40203 0.110779
-1.40192 0.110881

-1.40192 0.110883
-1.40169 0.111084

-1.4017 0.111084
-1.40161 0.111161

-1.40161 0.111162
-1.40136 0.111389

-1.40136 0.111389
-1.40131 0.111441

-1.40131 0.111441
-1.40103 0.111694

-1.40103 0.111694
-1.401 0.111721

-1.401 0.111721
-1.4007 0.112

-1.4007 0.112
-1.4007 0.112001

-1.4007 0.112001
-1.40039 0.112281

-1.40039 0.112281
-1.40037 0.112305

-1.40037 0.112305
-1.40009 0.112561

-1.40009 0.112561
-1.40003 0.11261

-1.40003 0.11261
-1.39978 0.112841

-1.39978 0.112841
-1.3997 0.112915

-1.3997 0.112915
-1.39948 0.113121

-1.39948 0.113122
-1.39937 0.11322

-1.39937 0.11322
-1.39917 0.113401

-1.39917 0.113402
-1.39903 0.113525

-1.39904 0.113525
-1.39886 0.113681

-1.39886 0.113683
-1.3987 0.113831

-1.3987 0.113831
-1.39856 0.113962

-1.39856 0.113963
-1.39837 0.114136

-1.39837 0.114136
-1.39825 0.114242

-1.39825 0.114243
-1.39804 0.114441

-1.39804 0.114441
-1.39795 0.114523

-1.39795 0.114523
-1.39771 0.114746

-1.39771 0.114746
-1.39764 0.114803

-1.39764 0.114803
-1.39737 0.115051

-1.39737 0.115051
-1.39734 0.115084

-1.39734 0.115084
-1.39704 0.115356

-1.39704 0.115356
-1.39703 0.115364

-1.39703 0.115364
-1.39673 0.115645

-1.39673 0.115645
-1.39671 0.115662

-1.39671 0.115662
-1.39642 0.115925

-1.39642 0.115925
-1.39638 0.115967

-1.39638 0.115967
-1.39612 0.116206

-1.39612 0.116206
-1.39605 0.116272

-1.39605 0.116272
-1.39581 0.116486

-1.39581 0.116487
-1.39571 0.116577

-1.39572 0.116577
-1.39551 0.116766

-1.39551 0.116768
-1.39538 0.116882

-1.39538 0.116882
-1.3952 0.117047

-1.3952 0.117048
-1.39505 0.117188

-1.39505 0.117188
-1.3949 0.117328

-1.3949 0.117329
-1.39472 0.117493

-1.39472 0.117493
-1.39459 0.117609

-1.39459 0.117611
-1.39439 0.117798

-1.39439 0.117798
-1.39429 0.11789

-1.39429 0.117891
-1.39406 0.118103

-1.39406 0.118103
-1.39398 0.118171

-1.39398 0.118171
-1.39372 0.118408

-1.39372 0.118408
-1.39368 0.118452

-1.39368 0.118452
-1.39339 0.118713

-1.39339 0.118713
-1.39337 0.118733

-1.39337 0.118733
-1.39307 0.119014

-1.39307 0.119014
-1.39306 0.119019

-1.39306 0.119019
-1.39276 0.119295

-1.39276 0.119295
-1.39273 0.119324

-1.39273 0.119324
-1.39246 0.119577

-1.39246 0.119577
-1.3924 0.119629

-1.3924 0.119629
-1.39215 0.119857

-1.39215 0.119858
-1.39207 0.119934

-1.39207 0.119934
-1.39185 0.120138

-1.39185 0.120139
-1.39174 0.120239

-1.39174 0.120239
-1.39154 0.120419

-1.39154 0.120421
-1.39141 0.120544

-1.39141 0.120544
-1.39124 0.120701

-1.39124 0.120702
-1.39107 0.12085

-1.39108 0.12085
-1.39093 0.120983

-1.39093 0.120984
-1.39074 0.121155

-1.39074 0.121155
-1.39062 0.121264

-1.39062 0.121266
-1.39041 0.12146

-1.39041 0.12146
-1.39032 0.121546

-1.39032 0.121546
-1.39008 0.121765

-1.39008 0.121765
-1.39001 0.121827

-1.39001 0.121827
-1.38975 0.12207

-1.38975 0.12207
-1.38971 0.122109

-1.38971 0.122109
-1.38942 0.122375

-1.38942 0.122375
-1.3894 0.122391

-1.3894 0.122391
-1.3891 0.122672

-1.3891 0.122672
-1.38909 0.122681

-1.38909 0.122681
-1.38879 0.122954

-1.38879 0.122954
-1.38876 0.122986

-1.38876 0.122986
-1.38849 0.123236

-1.38849 0.123236
-1.38843 0.123291

-1.38843 0.123291
-1.38818 0.123517

-1.38818 0.123518
-1.3881 0.123596

-1.3881 0.123596
-1.38788 0.123798

-1.38788 0.1238
-1.38777 0.123901

-1.38777 0.123901
-1.38757 0.12408

-1.38757 0.124082
-1.38744 0.124207

-1.38744 0.124207
-1.38727 0.124362

-1.38727 0.124364
-1.38711 0.124512

-1.38711 0.124512
-1.38696 0.124644

-1.38696 0.124646
-1.38678 0.124817

-1.38678 0.124817
-1.38666 0.124927

-1.38666 0.124928
-1.38645 0.125122

-1.38645 0.125122
-1.38635 0.125209

-1.38635 0.125209
-1.38612 0.125427

-1.38612 0.125427
-1.38605 0.125491

-1.38605 0.125491
-1.38579 0.125732

-1.38579 0.125732
-1.38574 0.125773

-1.38574 0.125773
-1.38546 0.126038

-1.38546 0.126038
-1.38544 0.126055

-1.38544 0.126055
-1.38513 0.126337

-1.38513 0.126337
-1.38513 0.126343

-1.38513 0.126343
-1.38483 0.12662

-1.38483 0.12662
-1.3848 0.126648

-1.3848 0.126648
-1.38452 0.126902

-1.38452 0.126902
-1.38447 0.126953

-1.38447 0.126953
-1.38422 0.127184

-1.38422 0.127184
-1.38414 0.127258

-1.38414 0.127258
-1.38391 0.127466

-1.38391 0.127467
-1.38381 0.127563

-1.38381 0.127563
-1.38361 0.127748

-1.38361 0.12775
-1.38348 0.127869

-1.38348 0.127869
-1.3833 0.128031

-1.3833 0.128032
-1.38315 0.128174

-1.38315 0.128174
-1.383 0.128314

-1.383 0.128315
-1.38282 0.128479

-1.38282 0.128479
-1.38269 0.128596

-1.38269 0.128598
-1.38249 0.128784

-1.38249 0.128784
-1.38239 0.128879

-1.38239 0.12888
-1.38216 0.129089

-1.38216 0.129089
-1.38208 0.129162

-1.38208 0.129162
-1.38183 0.129395

-1.38183 0.129395
-1.38177 0.129444

-1.38177 0.129445
-1.3815 0.1297

-1.3815 0.1297
-1.38147 0.129727

-1.38147 0.129727
-1.38117 0.130005

-1.38117 0.130005
-1.38116 0.13001

-1.38116 0.13001
-1.38086 0.130293

-1.38086 0.130293
-1.38084 0.13031

-1.38084 0.13031
-1.38055 0.130576

-1.38055 0.130576
-1.38051 0.130615

-1.38051 0.130615
-1.38025 0.130859

-1.38025 0.130859
-1.38018 0.13092

-1.38018 0.13092
-1.37994 0.131141

-1.37994 0.131142
-1.37985 0.131226

-1.37985 0.131226
-1.37964 0.131423

-1.37964 0.131425
-1.37952 0.131531

-1.37953 0.131531
-1.37933 0.131707

-1.37933 0.131708
-1.37919 0.131836

-1.3792 0.131836
-1.37903 0.13199

-1.37903 0.131991
-1.37887 0.132141

-1.37887 0.132141
-1.37872 0.132273

-1.37872 0.132275
-1.37854 0.132446

-1.37854 0.132446
-1.37842 0.132557

-1.37842 0.132558
-1.37821 0.132751

-1.37821 0.132751
-1.37811 0.13284

-1.37811 0.132841
-1.37788 0.133057

-1.37788 0.133057
-1.37781 0.133123

-1.37781 0.133124
-1.37755 0.133362

-1.37755 0.133362
-1.3775 0.133407

-1.3775 0.133407
-1.37722 0.133667

-1.37722 0.133667
-1.3772 0.13369

-1.3772 0.13369
-1.37689 0.133972

-1.37689 0.133972
-1.37689 0.133974

-1.37689 0.133974
-1.37659 0.134257

-1.37659 0.134257
-1.37657 0.134277

-1.37657 0.134277
-1.37628 0.134541

-1.37628 0.134541
-1.37624 0.134583

-1.37624 0.134583
-1.37598 0.134824

-1.37598 0.134824
-1.37591 0.134888

-1.37591 0.134888
-1.37567 0.135107

-1.37567 0.135108
-1.37558 0.135193

-1.37558 0.135193
-1.37537 0.13539

-1.37537 0.135392
-1.37525 0.135498

-1.37525 0.135498
-1.37506 0.135674

-1.37506 0.135676
-1.37492 0.135803

-1.37492 0.135803
-1.37476 0.135958

-1.37476 0.13596
-1.37459 0.136108

-1.3746 0.136108
-1.37445 0.136242

-1.37445 0.136244
-1.37427 0.136414

-1.37427 0.136414
-1.37415 0.136526

-1.37415 0.136528
-1.37394 0.136719

-1.37394 0.136719
-1.37384 0.13681

-1.37384 0.136812
-1.37361 0.137024

-1.37361 0.137024
-1.37354 0.137095

-1.37354 0.137095
-1.37328 0.137329

-1.37328 0.137329
-1.37323 0.137379

-1.37323 0.137379
-1.37296 0.137634

-1.37296 0.137634
-1.37292 0.137663

-1.37292 0.137663
-1.37263 0.137939

-1.37263 0.137939
-1.37262 0.137947

-1.37262 0.137947
-1.37231 0.138231

-1.37231 0.138231
-1.3723 0.138245

-1.3723 0.138245
-1.37201 0.138515

-1.37201 0.138515
-1.37197 0.13855

-1.37197 0.13855
-1.3717 0.138799

-1.3717 0.138799
-1.37164 0.138855

-1.37164 0.138855
-1.3714 0.139083

-1.3714 0.139084
-1.37132 0.13916

-1.37132 0.13916
-1.37109 0.139367

-1.37109 0.139368
-1.37099 0.139465

-1.37099 0.139465
-1.37079 0.139652

-1.37079 0.139653
-1.37066 0.139771

-1.37066 0.139771
-1.37048 0.139936

-1.37048 0.139937
-1.37033 0.140076

-1.37033 0.140076
-1.37018 0.140221

-1.37018 0.140222
-1.37001 0.140381

-1.37001 0.140381
-1.36987 0.140506

-1.36987 0.140507
-1.36968 0.140686

-1.36968 0.140686
-1.36957 0.14079

-1.36957 0.140792
-1.36935 0.140991

-1.36935 0.140991
-1.36926 0.141075

-1.36926 0.141076
-1.36902 0.141296

-1.36903 0.141296
-1.36896 0.14136

-1.36896 0.14136
-1.3687 0.141602

-1.3687 0.141602
-1.36865 0.141645

-1.36865 0.141645
-1.36837 0.141907

-1.36837 0.141907
-1.36835 0.141929

-1.36835 0.141929
-1.36804 0.142212

-1.36804 0.142212
-1.36804 0.142214

-1.36804 0.142214
-1.36774 0.142499

-1.36774 0.142499
-1.36772 0.142517

-1.36772 0.142517
-1.36743 0.142784

-1.36743 0.142784
-1.36739 0.142822

-1.36739 0.142822
-1.36713 0.143069

-1.36713 0.143069
-1.36706 0.143127

-1.36706 0.143127
-1.36682 0.143354

-1.36682 0.143355
-1.36674 0.143433

-1.36674 0.143433
-1.36652 0.143638

-1.36652 0.14364
-1.36641 0.143738

-1.36641 0.143738
-1.36621 0.143924

-1.36621 0.143925
-1.36608 0.144043

-1.36609 0.144043
-1.36591 0.144209

-1.36591 0.14421
-1.36576 0.144348

-1.36576 0.144348
-1.3656 0.144495

-1.3656 0.144496
-1.36543 0.144653

-1.36543 0.144653
-1.3653 0.14478

-1.3653 0.144781
-1.3651 0.144958

-1.36511 0.144958
-1.36499 0.145066

-1.36499 0.145067
-1.36478 0.145264

-1.36478 0.145264
-1.36469 0.145351

-1.36469 0.145352
-1.36445 0.145569

-1.36445 0.145569
-1.36438 0.145637

-1.36438 0.145637
-1.36413 0.145874

-1.36413 0.145874
-1.36407 0.145923

-1.36407 0.145923
-1.3638 0.146179

-1.3638 0.146179
-1.36377 0.146208

-1.36377 0.146208
-1.36347 0.146484

-1.36347 0.146484
-1.36346 0.146494

-1.36346 0.146494
-1.36316 0.14678

-1.36316 0.14678
-1.36315 0.14679

-1.36315 0.14679
-1.36285 0.147066

-1.36285 0.147066
-1.36282 0.147095

-1.36282 0.147095
-1.36255 0.147352

-1.36255 0.147352
-1.3625 0.1474

-1.3625 0.1474
-1.36224 0.147637

-1.36224 0.147638
-1.36217 0.147705

-1.36217 0.147705
-1.36194 0.147923

-1.36194 0.147924
-1.36185 0.14801

-1.36185 0.14801
-1.36163 0.148209

-1.36163 0.14821
-1.36152 0.148315

-1.36152 0.148315
-1.36133 0.148495

-1.36133 0.148497
-1.3612 0.148621

-1.3612 0.148621
-1.36102 0.148782

-1.36102 0.148783
-1.36087 0.148926

-1.36087 0.148926
-1.36072 0.149068

-1.36072 0.149069
-1.36054 0.149231

-1.36054 0.149231
-1.36041 0.149355

-1.36041 0.149356
-1.36022 0.149536

-1.36022 0.149536
-1.36011 0.149641

-1.36011 0.149642
-1.35989 0.149841

-1.35989 0.149841
-1.3598 0.149928

-1.3598 0.149929
-1.35957 0.150146

-1.35957 0.150146
-1.3595 0.150214

-1.3595 0.150215
-1.35924 0.150452

-1.35924 0.150452
-1.35919 0.150501

-1.35919 0.150501
-1.35892 0.150757

-1.35892 0.150757
-1.35889 0.150788

-1.35889 0.150788
-1.35859 0.151062

-1.35859 0.151062
-1.35858 0.151074

-1.35858 0.151074
-1.35828 0.151361

-1.35828 0.151361
-1.35827 0.151367

-1.35827 0.151367
-1.35797 0.151648

-1.35797 0.151648
-1.35794 0.151672

-1.35795 0.151672
-1.35767 0.151935

-1.35767 0.151935
-1.35762 0.151978

-1.35762 0.151978
-1.35736 0.152221

-1.35736 0.152222
-1.3573 0.152283

-1.3573 0.152283
-1.35706 0.152508

-1.35706 0.152509
-1.35697 0.152588

-1.35697 0.152588
-1.35675 0.152794

-1.35675 0.152796
-1.35665 0.152893

-1.35665 0.152893
-1.35645 0.153082

-1.35645 0.153083
-1.35632 0.153198

-1.35632 0.153198
-1.35614 0.153369

-1.35614 0.15337
-1.356 0.153503

-1.356 0.153503
-1.35583 0.153656

-1.35583 0.153657
-1.35567 0.153809

-1.35567 0.153809
-1.35553 0.153943

-1.35553 0.153945
-1.35535 0.154114

-1.35535 0.154114
-1.35522 0.154231

-1.35522 0.154232
-1.35502 0.154419

-1.35503 0.154419
-1.35492 0.154518

-1.35492 0.154519
-1.3547 0.154724

-1.3547 0.154724
-1.35461 0.154806

-1.35461 0.154806
-1.35438 0.155029

-1.35438 0.155029
-1.35431 0.155093

-1.35431 0.155093
-1.35405 0.155334

-1.35405 0.155334
-1.354 0.15538

-1.354 0.155381
-1.35373 0.15564

-1.35373 0.15564
-1.3537 0.155668

-1.3537 0.155668
-1.3534 0.155945

-1.3534 0.155945
-1.35339 0.155955

-1.35339 0.155955
-1.35309 0.156243

-1.35309 0.156243
-1.35308 0.15625

-1.35308 0.15625
-1.35278 0.156531

-1.35278 0.156531
-1.35276 0.156555

-1.35276 0.156555
-1.35248 0.156818

-1.35248 0.156818
-1.35243 0.15686

-1.35243 0.15686
-1.35217 0.157106

-1.35217 0.157106
-1.35211 0.157166

-1.35211 0.157166
-1.35187 0.157393

-1.35187 0.157394
-1.35179 0.157471

-1.35179 0.157471
-1.35156 0.15768

-1.35156 0.157682
-1.35146 0.157776

-1.35146 0.157776
-1.35126 0.157968

-1.35126 0.15797
-1.35114 0.158081

-1.35114 0.158081
-1.35095 0.158256

-1.35095 0.158257
-1.35082 0.158386

-1.35082 0.158386
-1.35065 0.158544

-1.35065 0.158545
-1.35049 0.158691

-1.35049 0.158691
-1.35034 0.158832

-1.35034 0.158834
-1.35017 0.158997

-1.35017 0.158997
-1.35004 0.159121

-1.35004 0.159122
-1.34984 0.159302

-1.34985 0.159302
-1.34973 0.159409

-1.34973 0.15941
-1.34952 0.159607

-1.34952 0.159607
-1.34943 0.159697

-1.34943 0.159698
-1.3492 0.159912

-1.3492 0.159912
-1.34912 0.159985

-1.34912 0.159986
-1.34887 0.160217

-1.34888 0.160217
-1.34882 0.160273

-1.34882 0.160273
-1.34855 0.160522

-1.34855 0.160522
-1.34851 0.160561

-1.34851 0.160561
-1.34823 0.160828

-1.34823 0.160828
-1.34821 0.16085

-1.34821 0.16085
-1.34791 0.161133

-1.34791 0.161133
-1.3479 0.161138

-1.3479 0.161138
-1.3476 0.161426

-1.3476 0.161426
-1.34758 0.161438

-1.34758 0.161438
-1.34729 0.161714

-1.34729 0.161714
-1.34726 0.161743

-1.34726 0.161743
-1.34698 0.162003

-1.34698 0.162003
-1.34694 0.162048

-1.34694 0.162048
-1.34668 0.162291

-1.34668 0.162291
-1.34661 0.162354

-1.34661 0.162354
-1.34637 0.162579

-1.34637 0.16258
-1.34629 0.162659

-1.34629 0.162659
-1.34607 0.162867

-1.34607 0.162869
-1.34597 0.162964

-1.34597 0.162964
-1.34576 0.163156

-1.34576 0.163157
-1.34565 0.163269

-1.34565 0.163269
-1.34546 0.163445

-1.34546 0.163446
-1.34532 0.163574

-1.34532 0.163574
-1.34515 0.163733

-1.34515 0.163735
-1.345 0.163879

-1.345 0.163879
-1.34485 0.164022

-1.34485 0.164023
-1.34468 0.164185

-1.34468 0.164185
-1.34454 0.164311

-1.34454 0.164312
-1.34435 0.16449

-1.34436 0.16449
-1.34424 0.1646

-1.34424 0.164601
-1.34403 0.164795

-1.34403 0.164795
-1.34393 0.164889

-1.34393 0.16489
-1.34371 0.1651

-1.34371 0.1651
-1.34363 0.165178

-1.34363 0.165179
-1.34339 0.165405

-1.34339 0.165405
-1.34332 0.165467

-1.34332 0.165467
-1.34307 0.16571

-1.34307 0.16571
-1.34302 0.165756

-1.34302 0.165756
-1.34274 0.166016

-1.34274 0.166016
-1.34271 0.166045

-1.34271 0.166045
-1.34242 0.166321

-1.34242 0.166321
-1.34241 0.166334

-1.34241 0.166334
-1.3421 0.166623

-1.3421 0.166623
-1.3421 0.166626

-1.3421 0.166626
-1.3418 0.166912

-1.3418 0.166912
-1.34178 0.166931

-1.34178 0.166931
-1.34149 0.167201

-1.34149 0.167201
-1.34145 0.167236

-1.34145 0.167236
-1.34119 0.16749

-1.34119 0.167491
-1.34113 0.167542

-1.34113 0.167542
-1.34088 0.167779

-1.34088 0.16778
-1.34081 0.167847

-1.34081 0.167847
-1.34058 0.168068

-1.34058 0.168069
-1.34049 0.168152

-1.34049 0.168152
-1.34027 0.168358

-1.34027 0.168359
-1.34017 0.168457

-1.34017 0.168457
-1.33997 0.168647

-1.33997 0.168648
-1.33985 0.168762

-1.33985 0.168762
-1.33966 0.168937

-1.33966 0.168938
-1.33952 0.169067

-1.33952 0.169067
-1.33936 0.169226

-1.33936 0.169227
-1.3392 0.169373

-1.3392 0.169373
-1.33905 0.169516

-1.33905 0.169517
-1.33888 0.169678

-1.33888 0.169678
-1.33875 0.169806

-1.33875 0.169807
-1.33856 0.169983

-1.33856 0.169983
-1.33844 0.170095

-1.33844 0.170096
-1.33824 0.170288

-1.33824 0.170288
-1.33813 0.170385

-1.33813 0.170386
-1.33791 0.170593

-1.33792 0.170593
-1.33783 0.170675

-1.33783 0.170676
-1.33759 0.170898

-1.33759 0.170898
-1.33752 0.170965

-1.33752 0.170965
-1.33727 0.171204

-1.33727 0.171204
-1.33722 0.171254

-1.33722 0.171255
-1.33695 0.171509

-1.33695 0.171509
-1.33691 0.171544

-1.33691 0.171544
-1.33663 0.171814

-1.33663 0.171814
-1.33661 0.171834

-1.33661 0.171834
-1.33631 0.172119

-1.33631 0.172119
-1.3363 0.172124

-1.3363 0.172124
-1.336 0.172414

-1.336 0.172414
-1.33599 0.172424

-1.33599 0.172424
-1.33569 0.172704

-1.33569 0.172704
-1.33567 0.172729

-1.33567 0.172729
-1.33539 0.172994

-1.33539 0.172994
-1.33535 0.173035

-1.33535 0.173035
-1.33508 0.173284

-1.33508 0.173284
-1.33502 0.17334

-1.33503 0.17334
-1.33478 0.173574

-1.33478 0.173574
-1.3347 0.173645

-1.3347 0.173645
-1.33447 0.173863

-1.33447 0.173865
-1.33438 0.17395

-1.33438 0.17395
-1.33417 0.174154

-1.33417 0.174155
-1.33406 0.174255

-1.33406 0.174255
-1.33386 0.174444

-1.33386 0.174445
-1.33374 0.174561

-1.33374 0.174561
-1.33356 0.174735

-1.33356 0.174735
-1.33342 0.174866

-1.33342 0.174866
-1.33325 0.175025

-1.33325 0.175026
-1.3331 0.175171

-1.3331 0.175171
-1.33295 0.175315

-1.33295 0.175316
-1.33278 0.175476

-1.33278 0.175476
-1.33264 0.175606

-1.33264 0.175607
-1.33246 0.175781

-1.33246 0.175781
-1.33234 0.175896

-1.33234 0.175897
-1.33214 0.176086

-1.33214 0.176086
-1.33203 0.176187

-1.33203 0.176188
-1.33182 0.176392

-1.33182 0.176392
-1.33173 0.176477

-1.33173 0.176479
-1.33149 0.176697

-1.3315 0.176697
-1.33142 0.176768

-1.33142 0.176769
-1.33117 0.177002

-1.33118 0.177002
-1.33112 0.177058

-1.33112 0.177059
-1.33085 0.177307

-1.33085 0.177307
-1.33081 0.177349

-1.33081 0.177349
-1.33053 0.177612

-1.33053 0.177612
-1.33051 0.17764

-1.33051 0.17764
-1.33021 0.177917

-1.33021 0.177917
-1.3302 0.17793

-1.3302 0.17793
-1.3299 0.178221

-1.3299 0.178221
-1.32989 0.178223

-1.32989 0.178223
-1.32959 0.178512

-1.32959 0.178512
-1.32957 0.178528

-1.32957 0.178528
-1.32928 0.178803

-1.32928 0.178803
-1.32925 0.178833

-1.32925 0.178833
-1.32898 0.179093

-1.32898 0.179094
-1.32893 0.179138

-1.32893 0.179138
-1.32867 0.179384

-1.32867 0.179385
-1.32861 0.179443

-1.32861 0.179443
-1.32837 0.179675

-1.32837 0.179676
-1.32829 0.179749

-1.32829 0.179749
-1.32806 0.179965

-1.32806 0.179967
-1.32797 0.180054

-1.32797 0.180054
-1.32776 0.180256

-1.32776 0.180258
-1.32765 0.180359

-1.32765 0.180359
-1.32745 0.180548

-1.32745 0.180549
-1.32733 0.180664

-1.32733 0.180664
-1.32715 0.180839

-1.32715 0.18084
-1.32701 0.180969

-1.32701 0.180969
-1.32684 0.18113

-1.32684 0.181131
-1.32669 0.181274

-1.32669 0.181274
-1.32654 0.181421

-1.32654 0.181422
-1.32637 0.18158

-1.32637 0.18158
-1.32623 0.181713

-1.32623 0.181713
-1.32605 0.181885

-1.32605 0.181885
-1.32593 0.182004

-1.32593 0.182005
-1.32573 0.18219

-1.32573 0.18219
-1.32562 0.182295

-1.32562 0.182296
-1.32541 0.182495

-1.32541 0.182495
-1.32532 0.182587

-1.32532 0.182588
-1.32509 0.1828

-1.32509 0.1828
-1.32501 0.182878

-1.32501 0.182879
-1.32477 0.183105

-1.32477 0.183105
-1.32471 0.183169

-1.32471 0.18317
-1.32445 0.183411

-1.32445 0.183411
-1.3244 0.183461

-1.3244 0.183461
-1.32413 0.183716

-1.32413 0.183716
-1.3241 0.183752

-1.3241 0.183752
-1.32382 0.184021

-1.32382 0.184021
-1.32379 0.184044

-1.32379 0.184044
-1.3235 0.184326

-1.3235 0.184326
-1.32349 0.184335

-1.32349 0.184335
-1.32318 0.184627

-1.32318 0.184627
-1.32318 0.184631

-1.32318 0.184631
-1.32288 0.184918

-1.32288 0.184918
-1.32286 0.184937

-1.32286 0.184937
-1.32257 0.18521

-1.32257 0.18521
-1.32254 0.185242

-1.32254 0.185242
-1.32227 0.185502

-1.32227 0.185502
-1.32222 0.185547

-1.32222 0.185547
-1.32196 0.185793

-1.32196 0.185793
-1.3219 0.185852

-1.3219 0.185852
-1.32166 0.186084

-1.32166 0.186085
-1.32158 0.186157

-1.32158 0.186157
-1.32135 0.186376

-1.32135 0.186377
-1.32126 0.186462

-1.32126 0.186462
-1.32104 0.186668

-1.32104 0.186669
-1.32094 0.186768

-1.32094 0.186768
-1.32074 0.18696

-1.32074 0.186961
-1.32062 0.187073

-1.32062 0.187073
-1.32043 0.187252

-1.32043 0.187252
-1.3203 0.187378

-1.3203 0.187378
-1.32013 0.187543

-1.32013 0.187544
-1.31998 0.187683

-1.31998 0.187683
-1.31982 0.187835

-1.31982 0.187836
-1.31966 0.187988

-1.31966 0.187988
-1.31952 0.188127

-1.31952 0.188128
-1.31935 0.188293

-1.31935 0.188293
-1.31921 0.188419

-1.31921 0.18842
-1.31903 0.188599

-1.31903 0.188599
-1.31891 0.188711

-1.31891 0.188712
-1.31871 0.188904

-1.31871 0.188904
-1.3186 0.189003

-1.3186 0.189004
-1.31839 0.189209

-1.31839 0.189209
-1.3183 0.189295

-1.3183 0.189296
-1.31807 0.189514

-1.31807 0.189514
-1.31799 0.189587

-1.31799 0.189588
-1.31775 0.189819

-1.31775 0.189819
-1.31769 0.189879

-1.31769 0.18988
-1.31743 0.190125

-1.31743 0.190125
-1.31738 0.190171

-1.31738 0.190171
-1.31711 0.19043

-1.31711 0.19043
-1.31708 0.190463

-1.31708 0.190463
-1.31679 0.190735

-1.31679 0.190735
-1.31677 0.190755

-1.31677 0.190755
-1.31647 0.19104

-1.31647 0.19104
-1.31647 0.191047

-1.31647 0.191047
-1.31616 0.191339

-1.31616 0.191339
-1.31616 0.191345

-1.31616 0.191345
-1.31586 0.191632

-1.31586 0.191632
-1.31584 0.19165

-1.31584 0.19165
-1.31555 0.191924

-1.31555 0.191924
-1.31552 0.191956

-1.31552 0.191956
-1.31525 0.192216

-1.31525 0.192216
-1.3152 0.192261

-1.3152 0.192261
-1.31494 0.192508

-1.31494 0.192508
-1.31488 0.192566

-1.31488 0.192566
-1.31464 0.192799

-1.31464 0.1928
-1.31456 0.192871

-1.31456 0.192871
-1.31433 0.193091

-1.31433 0.193092
-1.31424 0.193176

-1.31424 0.193176
-1.31403 0.193384

-1.31403 0.193385
-1.31392 0.193481

-1.31393 0.193481
-1.31372 0.193676

-1.31372 0.193677
-1.31361 0.193787

-1.31361 0.193787
-1.31342 0.193968

-1.31342 0.193969
-1.31329 0.194092

-1.31329 0.194092
-1.31311 0.19426

-1.31311 0.194261
-1.31297 0.194397

-1.31297 0.194397
-1.31281 0.194553

-1.31281 0.194553
-1.31265 0.194702

-1.31265 0.194702
-1.3125 0.194845

-1.3125 0.194846
-1.31233 0.195007

-1.31233 0.195007
-1.31219 0.195137

-1.31219 0.195138
-1.31201 0.195312

-1.31201 0.195312
-1.31189 0.195429

-1.31189 0.19543
-1.31169 0.195618

-1.31169 0.195618
-1.31158 0.195722

-1.31158 0.195723
-1.31137 0.195923

-1.31137 0.195923
-1.31128 0.196014

-1.31128 0.196015
-1.31106 0.196228

-1.31106 0.196228
-1.31097 0.196306

-1.31097 0.196307
-1.31074 0.196533

-1.31074 0.196533
-1.31067 0.196598

-1.31067 0.196599
-1.31042 0.196838

-1.31042 0.196838
-1.31036 0.196891

-1.31036 0.196891
-1.3101 0.197144

-1.3101 0.197144
-1.31006 0.197183

-1.31006 0.197183
-1.30978 0.197449

-1.30978 0.197449
-1.30975 0.197475

-1.30975 0.197475
-1.30946 0.197754

-1.30946 0.197754
-1.30945 0.197768

-1.30945 0.197768
-1.30914 0.198059

-1.30914 0.198059
-1.30914 0.19806

-1.30914 0.19806
-1.30884 0.198352

-1.30884 0.198352
-1.30883 0.198364

-1.30883 0.198364
-1.30853 0.198644

-1.30853 0.198644
-1.30851 0.198669

-1.30851 0.198669
-1.30823 0.198937

-1.30823 0.198937
-1.30819 0.198975

-1.30819 0.198975
-1.30792 0.199229

-1.30792 0.199229
-1.30787 0.19928

-1.30787 0.19928
-1.30762 0.199521

-1.30762 0.199521
-1.30755 0.199585

-1.30755 0.199585
-1.30731 0.199812

-1.30731 0.199814
-1.30723 0.19989

-1.30723 0.19989
-1.30701 0.200105

-1.30701 0.200106
-1.30691 0.200195

-1.30691 0.200195
-1.3067 0.200397

-1.3067 0.200398
-1.30659 0.2005

-1.3066 0.2005
-1.3064 0.200689

-1.3064 0.20069
-1.30628 0.200806

-1.30628 0.200806
-1.30609 0.200982

-1.30609 0.200983
-1.30596 0.201111

-1.30596 0.201111
-1.30579 0.201274

-1.30579 0.201275
-1.30564 0.201416

-1.30564 0.201416
-1.30548 0.201566

-1.30548 0.201567
-1.30532 0.201721

-1.30532 0.201721
-1.30518 0.201859

-1.30518 0.20186
-1.305 0.202026

-1.305 0.202026
-1.30487 0.202151

-1.30487 0.202152
-1.30468 0.202332

-1.30468 0.202332
-1.30457 0.202443

-1.30457 0.202444
-1.30436 0.202637

-1.30436 0.202637
-1.30426 0.202736

-1.30426 0.202737
-1.30404 0.202942

-1.30404 0.202942
-1.30396 0.203028

-1.30396 0.203029
-1.30373 0.203247

-1.30373 0.203247
-1.30365 0.20332

-1.30365 0.203321
-1.30341 0.203552

-1.30341 0.203552
-1.30334 0.203612

-1.30334 0.203613
-1.30309 0.203857

-1.30309 0.203857
-1.30304 0.203905

-1.30304 0.203905
-1.30277 0.204163

-1.30277 0.204163
-1.30273 0.204197

-1.30273 0.204197
-1.30245 0.204468

-1.30245 0.204468
-1.30243 0.204489

-1.30243 0.204489
-1.30213 0.204773

-1.30213 0.204773
-1.30212 0.204781

-1.30212 0.204781
-1.30182 0.205074

-1.30182 0.205074
-1.30181 0.205078

-1.30181 0.205078
-1.30151 0.205366

-1.30151 0.205366
-1.3015 0.205383

-1.3015 0.205383
-1.30121 0.205658

-1.30121 0.205658
-1.30118 0.205688

-1.30118 0.205688
-1.3009 0.20595

-1.3009 0.20595
-1.30086 0.205994

-1.30086 0.205994
-1.3006 0.206242

-1.3006 0.206242
-1.30054 0.206299

-1.30054 0.206299
-1.30029 0.206534

-1.30029 0.206535
-1.30022 0.206604

-1.30022 0.206604
-1.29999 0.206826

-1.29999 0.206827
-1.2999 0.206909

-1.2999 0.206909
-1.29968 0.207118

-1.29968 0.207119
-1.29958 0.207214

-1.29958 0.207214
-1.29938 0.20741

-1.29938 0.207411
-1.29926 0.20752

-1.29926 0.20752
-1.29907 0.207703

-1.29907 0.207704
-1.29895 0.207825

-1.29895 0.207825
-1.29877 0.207995

-1.29877 0.207996
-1.29863 0.20813

-1.29863 0.20813
-1.29846 0.208287

-1.29846 0.208288
-1.29831 0.208435

-1.29831 0.208435
-1.29816 0.20858

-1.29816 0.20858
-1.29799 0.20874

-1.29799 0.20874
-1.29785 0.208872

-1.29785 0.208873
-1.29767 0.209045

-1.29767 0.209045
-1.29755 0.209164

-1.29755 0.209165
-1.29735 0.209351

-1.29735 0.209351
-1.29724 0.209456

-1.29724 0.209457
-1.29703 0.209656

-1.29703 0.209656
-1.29694 0.209748

-1.29694 0.209749
-1.29671 0.209961

-1.29671 0.209961
-1.29663 0.210041

-1.29663 0.210042
-1.29639 0.210266

-1.2964 0.210266
-1.29633 0.210333

-1.29633 0.210333
-1.29608 0.210571

-1.29608 0.210571
-1.29602 0.210625

-1.29602 0.210625
-1.29576 0.210876

-1.29576 0.210876
-1.29572 0.210917

-1.29572 0.210917
-1.29544 0.211182

-1.29544 0.211182
-1.29541 0.211209

-1.29541 0.211209
-1.29512 0.211487

-1.29512 0.211487
-1.2951 0.211501

-1.2951 0.211501
-1.2948 0.211792

-1.2948 0.211792
-1.2948 0.211793

-1.2948 0.211793
-1.29449 0.212085

-1.29449 0.212085
-1.29448 0.212097

-1.29448 0.212097
-1.29419 0.212378

-1.29419 0.212378
-1.29416 0.212402

-1.29416 0.212402
-1.29388 0.21267

-1.29388 0.21267
-1.29384 0.212708

-1.29384 0.212708
-1.29358 0.212961

-1.29358 0.212962
-1.29353 0.213013

-1.29353 0.213013
-1.29327 0.213253

-1.29327 0.213254
-1.29321 0.213318

-1.29321 0.213318
-1.29297 0.213545

-1.29297 0.213546
-1.29289 0.213623

-1.29289 0.213623
-1.29266 0.213837

-1.29266 0.213838
-1.29257 0.213928

-1.29257 0.213928
-1.29236 0.214129

-1.29236 0.21413
-1.29225 0.214233

-1.29225 0.214233
-1.29205 0.214421

-1.29205 0.214422
-1.29193 0.214539

-1.29193 0.214539
-1.29175 0.214713

-1.29175 0.214714
-1.29161 0.214844

-1.29161 0.214844
-1.29144 0.215005

-1.29144 0.215006
-1.29129 0.215149

-1.29129 0.215149
-1.29114 0.215297

-1.29114 0.215298
-1.29097 0.215454

-1.29097 0.215454
-1.29083 0.215589

-1.29083 0.21559
-1.29065 0.215759

-1.29066 0.215759
-1.29053 0.215881

-1.29053 0.215882
-1.29034 0.216064

-1.29034 0.216064
-1.29022 0.216173

-1.29022 0.216174
-1.29002 0.21637

-1.29002 0.21637
-1.28992 0.216465

-1.28992 0.216466
-1.2897 0.216675

-1.2897 0.216675
-1.28961 0.216757

-1.28961 0.216758
-1.28938 0.21698

-1.28938 0.21698
-1.28931 0.217049

-1.28931 0.21705
-1.28906 0.217285

-1.28906 0.217285
-1.289 0.217341

-1.289 0.217341
-1.28874 0.21759

-1.28874 0.21759
-1.2887 0.217633

-1.2887 0.217633
-1.28842 0.217896

-1.28842 0.217896
-1.28839 0.217924

-1.28839 0.217925
-1.2881 0.218201

-1.2881 0.218201
-1.28809 0.218216

-1.28809 0.218216
-1.28778 0.218506

-1.28778 0.218506
-1.28778 0.218508

-1.28778 0.218508
-1.28748 0.2188

-1.28748 0.2188
-1.28746 0.218811

-1.28746 0.218811
-1.28717 0.219092

-1.28717 0.219092
-1.28714 0.219116

-1.28714 0.219116
-1.28687 0.219384

-1.28687 0.219384
-1.28683 0.219421

-1.28683 0.219421
-1.28656 0.219675

-1.28656 0.219675
-1.28651 0.219727

-1.28651 0.219727
-1.28625 0.219967

-1.28625 0.219967
-1.28619 0.220032

-1.28619 0.220032
-1.28595 0.220258

-1.28595 0.220259
-1.28587 0.220337

-1.28587 0.220337
-1.28564 0.22055

-1.28564 0.220551
-1.28555 0.220642

-1.28555 0.220642
-1.28534 0.220841

-1.28534 0.220843
-1.28523 0.220947

-1.28523 0.220947
-1.28503 0.221133

-1.28503 0.221134
-1.28491 0.221252

-1.28491 0.221252
-1.28473 0.221425

-1.28473 0.221426
-1.28459 0.221558

-1.28459 0.221558
-1.28442 0.221717

-1.28442 0.221718
-1.28427 0.221863

-1.28427 0.221863
-1.28412 0.222008

-1.28412 0.222009
-1.28395 0.222168

-1.28395 0.222168
-1.28381 0.2223

-1.28381 0.222301
-1.28363 0.222473

-1.28363 0.222473
-1.28351 0.222592

-1.28351 0.222593
-1.28331 0.222778

-1.28331 0.222778
-1.2832 0.222883

-1.2832 0.222884
-1.28299 0.223083

-1.28299 0.223083
-1.2829 0.223175

-1.2829 0.223176
-1.28267 0.223389

-1.28267 0.223389
-1.28259 0.223467

-1.28259 0.223468
-1.28235 0.223694

-1.28236 0.223694
-1.28229 0.223758

-1.28229 0.223759
-1.28204 0.223999

-1.28204 0.223999
-1.28198 0.22405

-1.28198 0.22405
-1.28172 0.224304

-1.28172 0.224304
-1.28168 0.224341

-1.28168 0.224341
-1.2814 0.224609

-1.2814 0.224609
-1.28137 0.224633

-1.28137 0.224633
-1.28108 0.224915

-1.28108 0.224915
-1.28107 0.224924

-1.28107 0.224924
-1.28076 0.225216

-1.28076 0.225216
-1.28076 0.22522

-1.28076 0.22522
-1.28046 0.225507

-1.28046 0.225507
-1.28044 0.225525

-1.28044 0.225525
-1.28015 0.225799

-1.28015 0.225799
-1.28012 0.22583

-1.28012 0.22583
-1.27985 0.22609

-1.27985 0.22609
-1.2798 0.226135

-1.2798 0.226135
-1.27954 0.226381

-1.27954 0.226381
-1.27948 0.22644

-1.27948 0.22644
-1.27924 0.226672

-1.27924 0.226673
-1.27916 0.226746

-1.27916 0.226746
-1.27893 0.226963

-1.27893 0.226964
-1.27884 0.227051

-1.27884 0.227051
-1.27863 0.227254

-1.27863 0.227255
-1.27852 0.227356

-1.27852 0.227356
-1.27832 0.227546

-1.27832 0.227547
-1.2782 0.227661

-1.2782 0.227661
-1.27802 0.227837

-1.27802 0.227838
-1.27788 0.227966

-1.27788 0.227966
-1.27771 0.228128

-1.27771 0.228129
-1.27756 0.228271

-1.27756 0.228271
-1.2774 0.22842

-1.2774 0.228421
-1.27724 0.228577

-1.27724 0.228577
-1.2771 0.228711

-1.2771 0.228712
-1.27692 0.228882

-1.27692 0.228882
-1.27679 0.229002

-1.27679 0.229003
-1.2766 0.229187

-1.2766 0.229187
-1.27649 0.229293

-1.27649 0.229294
-1.27628 0.229492

-1.27628 0.229492
-1.27618 0.229584

-1.27618 0.229585
-1.27596 0.229797

-1.27596 0.229797
-1.27588 0.229875

-1.27588 0.229876
-1.27564 0.230103

-1.27564 0.230103
-1.27557 0.230166

-1.27557 0.230167
-1.27532 0.230408

-1.27532 0.230408
-1.27527 0.230457

-1.27527 0.230458
-1.275 0.230713

-1.275 0.230713
-1.27496 0.230748

-1.27496 0.230748
-1.27468 0.231018

-1.27468 0.231018
-1.27466 0.231039

-1.27466 0.231039
-1.27436 0.231323

-1.27436 0.231323
-1.27435 0.23133

-1.27435 0.23133
-1.27405 0.231621

-1.27405 0.231621
-1.27404 0.231628

-1.27404 0.231628
-1.27374 0.231912

-1.27374 0.231912
-1.27372 0.231934

-1.27372 0.231934
-1.27344 0.232203

-1.27344 0.232203
-1.2734 0.232239

-1.2734 0.232239
-1.27313 0.232493

-1.27313 0.232494
-1.27308 0.232544

-1.27308 0.232544
-1.27283 0.232784

-1.27283 0.232784
-1.27276 0.232849

-1.27276 0.232849
-1.27252 0.233074

-1.27252 0.233075
-1.27244 0.233154

-1.27244 0.233154
-1.27222 0.233365

-1.27222 0.233366
-1.27212 0.233459

-1.27212 0.233459
-1.27191 0.233655

-1.27191 0.233657
-1.2718 0.233765

-1.2718 0.233765
-1.27161 0.233946

-1.27161 0.233947
-1.27148 0.23407

-1.27148 0.23407
-1.2713 0.234237

-1.2713 0.234238
-1.27116 0.234375

-1.27116 0.234375
-1.271 0.234528

-1.271 0.234529
-1.27084 0.23468

-1.27084 0.23468
-1.27069 0.234818

-1.27069 0.234819
-1.27052 0.234985

-1.27052 0.234985
-1.27039 0.235109

-1.27039 0.23511
-1.27019 0.235291

-1.2702 0.235291
-1.27008 0.235399

-1.27008 0.2354
-1.26987 0.235596

-1.26987 0.235596
-1.26978 0.23569

-1.26978 0.235691
-1.26955 0.235901

-1.26955 0.235901
-1.26947 0.23598

-1.26947 0.235981
-1.26923 0.236206

-1.26923 0.236206
-1.26917 0.236271

-1.26917 0.236271
-1.26891 0.236511

-1.26891 0.236511
-1.26886 0.236561

-1.26886 0.236561
-1.26859 0.236816

-1.26859 0.236816
-1.26855 0.236851

-1.26855 0.236851
-1.26827 0.237122

-1.26827 0.237122
-1.26825 0.237142

-1.26825 0.237142
-1.26795 0.237427

-1.26795 0.237427
-1.26794 0.237432

-1.26794 0.237432
-1.26764 0.237722

-1.26764 0.237722
-1.26763 0.237732

-1.26763 0.237732
-1.26733 0.238012

-1.26733 0.238012
-1.26731 0.238037

-1.26731 0.238037
-1.26703 0.238302

-1.26703 0.238303
-1.26699 0.238342

-1.26699 0.238342
-1.26672 0.238592

-1.26672 0.238593
-1.26667 0.238647

-1.26667 0.238647
-1.26642 0.238882

-1.26642 0.238883
-1.26634 0.238953

-1.26635 0.238953
-1.26611 0.239172

-1.26611 0.239173
-1.26602 0.239258

-1.26602 0.239258
-1.26581 0.239462

-1.26581 0.239463
-1.2657 0.239563

-1.2657 0.239563
-1.2655 0.239752

-1.2655 0.239753
-1.26538 0.239868

-1.26538 0.239868
-1.2652 0.240042

-1.2652 0.240043
-1.26506 0.240173

-1.26506 0.240173
-1.26489 0.240332

-1.26489 0.240333
-1.26474 0.240479

-1.26474 0.240479
-1.26459 0.240622

-1.26459 0.240623
-1.26442 0.240784

-1.26442 0.240784
-1.26428 0.240912

-1.26428 0.240913
-1.2641 0.241089

-1.2641 0.241089
-1.26398 0.241202

-1.26398 0.241203
-1.26377 0.241394

-1.26377 0.241394
-1.26367 0.241492

-1.26367 0.241493
-1.26345 0.241699

-1.26345 0.241699
-1.26337 0.241781

-1.26337 0.241783
-1.26313 0.242004

-1.26313 0.242004
-1.26306 0.242071

-1.26306 0.242072
-1.26281 0.24231

-1.26281 0.24231
-1.26276 0.242361

-1.26276 0.242361
-1.26249 0.242615

-1.26249 0.242615
-1.26245 0.242651

-1.26245 0.242651
-1.26217 0.24292

-1.26217 0.24292
-1.26215 0.24294

-1.26215 0.24294
-1.26185 0.243225

-1.26185 0.243225
-1.26184 0.24323

-1.26184 0.24323
-1.26154 0.243519

-1.26154 0.243519
-1.26152 0.24353

-1.26152 0.24353
-1.26123 0.243809

-1.26123 0.243809
-1.2612 0.243835

-1.2612 0.243835
-1.26093 0.244098

-1.26093 0.244098
-1.26088 0.244141

-1.26088 0.244141
-1.26062 0.244388

-1.26062 0.244388
-1.26056 0.244446

-1.26056 0.244446
-1.26031 0.244677

-1.26031 0.244677
-1.26024 0.244751

-1.26024 0.244751
-1.26001 0.244966

-1.26001 0.244967
-1.25992 0.245056

-1.25992 0.245056
-1.2597 0.245255

-1.2597 0.245256
-1.25959 0.245361

-1.25959 0.245361
-1.2594 0.245544

-1.2594 0.245546
-1.25927 0.245667

-1.25927 0.245667
-1.25909 0.245834

-1.25909 0.245835
-1.25895 0.245972

-1.25895 0.245972
-1.25879 0.246123

-1.25879 0.246124
-1.25863 0.246277

-1.25863 0.246277
-1.25848 0.246413

-1.25848 0.246414
-1.25831 0.246582

-1.25831 0.246582
-1.25818 0.246702

-1.25818 0.246703
-1.25798 0.246887

-1.25798 0.246887
-1.25787 0.246991

-1.25787 0.246992
-1.25766 0.247192

-1.25766 0.247192
-1.25757 0.24728

-1.25757 0.247281
-1.25734 0.247498

-1.25734 0.247498
-1.25726 0.247569

-1.25726 0.24757
-1.25702 0.247803

-1.25702 0.247803
-1.25696 0.247858

-1.25696 0.247859
-1.25669 0.248108

-1.25669 0.248108
-1.25665 0.248147

-1.25665 0.248147
-1.25637 0.248413

-1.25637 0.248413
-1.25635 0.248436

-1.25635 0.248436
-1.25605 0.248718

-1.25605 0.248718
-1.25604 0.248725

-1.25604 0.248725
-1.25574 0.249014

-1.25574 0.249014
-1.25573 0.249023

-1.25573 0.249023
-1.25543 0.249303

-1.25543 0.249303
-1.25541 0.249329

-1.25541 0.249329
-1.25513 0.249592

-1.25513 0.249592
-1.25508 0.249634

-1.25508 0.249634
-1.25482 0.24988

-1.25482 0.249881
-1.25476 0.249939

-1.25476 0.249939
-1.25452 0.250169

-1.25452 0.25017
-1.25444 0.250244

-1.25444 0.250244
-1.25421 0.250457

-1.25421 0.250458
-1.25411 0.250549

-1.25412 0.250549
-1.25391 0.250746

-1.25391 0.250747
-1.25379 0.250854

-1.25379 0.250854
-1.2536 0.251034

-1.2536 0.251036
-1.25347 0.25116

-1.25347 0.25116
-1.2533 0.251323

-1.2533 0.251324
-1.25315 0.251465

-1.25315 0.251465
-1.25299 0.251612

-1.25299 0.251613
-1.25282 0.25177

-1.25282 0.25177
-1.25269 0.2519

-1.25269 0.251902
-1.2525 0.252075

-1.2525 0.252075
-1.25238 0.252189

-1.25238 0.25219
-1.25218 0.25238

-1.25218 0.25238
-1.25208 0.252477

-1.25208 0.252479
-1.25185 0.252686

-1.25185 0.252686
-1.25177 0.252766

-1.25177 0.252767
-1.25153 0.252991

-1.25153 0.252991
-1.25146 0.253054

-1.25146 0.253055
-1.25121 0.253296

-1.25121 0.253296
-1.25116 0.253342

-1.25116 0.253343
-1.25089 0.253601

-1.25089 0.253601
-1.25085 0.253631

-1.25085 0.253631
-1.25056 0.253906

-1.25056 0.253906
-1.25055 0.253919

-1.25055 0.253919
-1.25024 0.254207

-1.25024 0.254207
-1.25024 0.254211

-1.25024 0.254211
-1.24994 0.254495

-1.24994 0.254495
-1.24992 0.254517

-1.24992 0.254517
-1.24963 0.254783

-1.24963 0.254783
-1.24959 0.254822

-1.24959 0.254822
-1.24933 0.255071

-1.24933 0.255071
-1.24927 0.255127

-1.24927 0.255127
-1.24902 0.255358

-1.24902 0.255359
-1.24895 0.255432

-1.24895 0.255432
-1.24872 0.255646

-1.24872 0.255647
-1.24862 0.255737

-1.24862 0.255737
-1.24841 0.255934

-1.24841 0.255935
-1.2483 0.256042

-1.2483 0.256042
-1.24811 0.256222

-1.24811 0.256223
-1.24798 0.256348

-1.24798 0.256348
-1.2478 0.25651

-1.2478 0.256511
-1.24765 0.256653

-1.24765 0.256653
-1.2475 0.256797

-1.2475 0.256799
-1.24733 0.256958

-1.24733 0.256958
-1.24719 0.257085

-1.24719 0.257086
-1.247 0.257263

-1.247 0.257263
-1.24689 0.257373

-1.24689 0.257374
-1.24668 0.257568

-1.24668 0.257568
-1.24658 0.25766

-1.24658 0.257662
-1.24636 0.257874

-1.24636 0.257874
-1.24628 0.257948

-1.24628 0.257949
-1.24603 0.258179

-1.24603 0.258179
-1.24597 0.258235

-1.24597 0.258236
-1.24571 0.258484

-1.24571 0.258484
-1.24567 0.258523

-1.24567 0.258523
-1.24538 0.258789

-1.24538 0.258789
-1.24536 0.25881

-1.24536 0.25881
-1.24506 0.259094

-1.24506 0.259094
-1.24506 0.259097

-1.24506 0.259098
-1.24475 0.259385

-1.24475 0.259385
-1.24474 0.259399

-1.24474 0.259399
-1.24445 0.259672

-1.24445 0.259672
-1.24441 0.259705

-1.24441 0.259705
-1.24414 0.259959

-1.24414 0.259959
-1.24409 0.26001

-1.24409 0.26001
-1.24384 0.260246

-1.24384 0.260246
-1.24376 0.260315

-1.24376 0.260315
-1.24353 0.260532

-1.24353 0.260533
-1.24344 0.26062

-1.24344 0.26062
-1.24323 0.260819

-1.24323 0.26082
-1.24311 0.260925

-1.24311 0.260925
-1.24292 0.261106

-1.24292 0.261107
-1.24279 0.26123

-1.24279 0.26123
-1.24261 0.261393

-1.24261 0.261394
-1.24246 0.261536

-1.24246 0.261536
-1.24231 0.26168

-1.24231 0.261681
-1.24214 0.261841

-1.24214 0.261841
-1.242 0.261967

-1.242 0.261968
-1.24181 0.262146

-1.24181 0.262146
-1.2417 0.262254

-1.2417 0.262255
-1.24149 0.262451

-1.24149 0.262451
-1.24139 0.26254

-1.24139 0.262542
-1.24116 0.262756

-1.24116 0.262756
-1.24109 0.262827

-1.24109 0.262828
-1.24084 0.263062

-1.24084 0.263062
-1.24078 0.263114

-1.24078 0.263114
-1.24051 0.263367

-1.24051 0.263367
-1.24048 0.2634

-1.24048 0.2634
-1.24019 0.263672

-1.24019 0.263672
-1.24017 0.263686

-1.24017 0.263687
-1.23987 0.263973

-1.23987 0.263973
-1.23986 0.263977

-1.23986 0.263977
-1.23956 0.264259

-1.23956 0.264259
-1.23954 0.264282

-1.23954 0.264282
-1.23926 0.264545

-1.23926 0.264545
-1.23921 0.264587

-1.23921 0.264587
-1.23895 0.264831

-1.23895 0.264832
-1.23889 0.264893

-1.23889 0.264893
-1.23865 0.265117

-1.23865 0.265118
-1.23856 0.265198

-1.23856 0.265198
-1.23834 0.265403

-1.23834 0.265404
-1.23824 0.265503

-1.23824 0.265503
-1.23804 0.265689

-1.23804 0.26569
-1.23791 0.265808

-1.23791 0.265808
-1.23773 0.265975

-1.23773 0.265976
-1.23758 0.266113

-1.23759 0.266113
-1.23743 0.266261

-1.23743 0.266262
-1.23726 0.266418

-1.23726 0.266418
-1.23712 0.266547

-1.23712 0.266548
-1.23693 0.266724

-1.23693 0.266724
-1.23682 0.266833

-1.23682 0.266834
-1.23661 0.267029

-1.23661 0.267029
-1.23651 0.267119

-1.23651 0.26712
-1.23628 0.267334

-1.23628 0.267334
-1.23621 0.267404

-1.23621 0.267405
-1.23596 0.267639

-1.23596 0.267639
-1.2359 0.26769

-1.2359 0.26769
-1.23563 0.267944

-1.23563 0.267944
-1.2356 0.267976

-1.2356 0.267976
-1.2353 0.26825

-1.2353 0.26825
-1.23529 0.268261

-1.23529 0.268261
-1.23499 0.268547

-1.23499 0.268547
-1.23498 0.268555

-1.23498 0.268555
-1.23468 0.268832

-1.23468 0.268832
-1.23465 0.26886

-1.23465 0.26886
-1.23438 0.269118

-1.23438 0.269118
-1.23432 0.269165

-1.23432 0.269165
-1.23407 0.269403

-1.23407 0.269403
-1.234 0.26947

-1.234 0.26947
-1.23376 0.269687

-1.23376 0.269688
-1.23367 0.269775

-1.23367 0.269775
-1.23346 0.269972

-1.23346 0.269974
-1.23334 0.270081

-1.23335 0.270081
-1.23315 0.270258

-1.23315 0.270259
-1.23302 0.270386

-1.23302 0.270386
-1.23285 0.270543

-1.23285 0.270544
-1.23269 0.270691

-1.23269 0.270691
-1.23254 0.270828

-1.23254 0.270829
-1.23236 0.270996

-1.23236 0.270996
-1.23224 0.271113

-1.23224 0.271114
-1.23204 0.271301

-1.23204 0.271301
-1.23193 0.271398

-1.23193 0.271399
-1.23171 0.271606

-1.23171 0.271606
-1.23163 0.271683

-1.23163 0.271684
-1.23138 0.271912

-1.23138 0.271912
-1.23132 0.271968

-1.23132 0.271968
-1.23106 0.272217

-1.23106 0.272217
-1.23102 0.272252

-1.23102 0.272253
-1.23073 0.272522

-1.23073 0.272522
-1.23071 0.272537

-1.23071 0.272537
-1.23041 0.272822

-1.23041 0.272822
-1.2304 0.272827

-1.2304 0.272827
-1.2301 0.273107

-1.2301 0.273107
-1.23007 0.273132

-1.23007 0.273132
-1.2298 0.273391

-1.2298 0.273391
-1.22975 0.273438

-1.22975 0.273438
-1.22949 0.273675

-1.22949 0.273676
-1.22942 0.273743

-1.22942 0.273743
-1.22919 0.273959

-1.22919 0.27396
-1.22909 0.274048

-1.22909 0.274048
-1.22888 0.274243

-1.22888 0.274245
-1.22877 0.274353

-1.22877 0.274353
-1.22858 0.274528

-1.22858 0.274529
-1.22844 0.274658

-1.22844 0.274658
-1.22827 0.274812

-1.22827 0.274813
-1.22811 0.274963

-1.22811 0.274963
-1.22797 0.275096

-1.22797 0.275098
-1.22778 0.275269

-1.22778 0.275269
-1.22766 0.275381

-1.22766 0.275382
-1.22745 0.275574

-1.22745 0.275574
-1.22736 0.275665

-1.22736 0.275666
-1.22713 0.275879

-1.22713 0.275879
-1.22705 0.275949

-1.22705 0.275949
-1.2268 0.276184

-1.2268 0.276184
-1.22675 0.276233

-1.22675 0.276233
-1.22647 0.276489

-1.22647 0.276489
-1.22644 0.276517

-1.22644 0.276517
-1.22614 0.276794

-1.22614 0.276794
-1.22614 0.2768

-1.22614 0.276801
-1.22583 0.277084

-1.22583 0.277084
-1.22581 0.2771

-1.22581 0.2771
-1.22552 0.277368

-1.22552 0.277368
-1.22549 0.277405

-1.22549 0.277405
-1.22522 0.277652

-1.22522 0.277652
-1.22516 0.27771

-1.22516 0.27771
-1.22491 0.277935

-1.22491 0.277936
-1.22483 0.278015

-1.22483 0.278015
-1.22461 0.278218

-1.22461 0.278219
-1.2245 0.27832

-1.2245 0.27832
-1.2243 0.278501

-1.2243 0.278503
-1.22417 0.278625

-1.22417 0.278625
-1.224 0.278785

-1.224 0.278786
-1.22384 0.278931

-1.22384 0.278931
-1.22369 0.279068

-1.22369 0.27907
-1.22351 0.279236

-1.22351 0.279236
-1.22339 0.279352

-1.22339 0.279353
-1.22318 0.279541

-1.22319 0.279541
-1.22308 0.279635

-1.22308 0.279636
-1.22286 0.279846

-1.22286 0.279846
-1.22278 0.279918

-1.22278 0.279919
-1.22253 0.280151

-1.22253 0.280151
-1.22247 0.280201

-1.22247 0.280202
-1.2222 0.280457

-1.2222 0.280457
-1.22217 0.280484

-1.22217 0.280485
-1.22187 0.280762

-1.22187 0.280762
-1.22186 0.280767

-1.22186 0.280768
-1.22156 0.28105

-1.22156 0.28105
-1.22154 0.281067

-1.22154 0.281067
-1.22125 0.281333

-1.22125 0.281333
-1.22121 0.281372

-1.22121 0.281372
-1.22095 0.281616

-1.22095 0.281616
-1.22088 0.281677

-1.22088 0.281677
-1.22064 0.281898

-1.22064 0.281899
-1.22055 0.281982

-1.22055 0.281982
-1.22034 0.28218

-1.22034 0.282182
-1.22022 0.282288

-1.22022 0.282288
-1.22003 0.282463

-1.22003 0.282465
-1.21989 0.282593

-1.21989 0.282593
-1.21973 0.282746

-1.21973 0.282747
-1.21956 0.282898

-1.21956 0.282898
-1.21942 0.283028

-1.21942 0.28303
-1.21923 0.283203

-1.21923 0.283203
-1.21912 0.283311

-1.21912 0.283313
-1.2189 0.283508

-1.2189 0.283508
-1.21881 0.283593

-1.21881 0.283594
-1.21857 0.283813

-1.21857 0.283813
-1.21851 0.283876

-1.21851 0.283876
-1.21824 0.284119

-1.21824 0.284119
-1.2182 0.284158

-1.2182 0.284158
-1.21791 0.284424

-1.21791 0.284424
-1.2179 0.28444

-1.2179 0.28444
-1.21759 0.284722

-1.21759 0.284722
-1.21758 0.284729

-1.21758 0.284729
-1.21729 0.285004

-1.21729 0.285004
-1.21725 0.285034

-1.21725 0.285034
-1.21698 0.285286

-1.21698 0.285286
-1.21692 0.285339

-1.21692 0.285339
-1.21667 0.285568

-1.21667 0.285568
-1.21659 0.285645

-1.21659 0.285645
-1.21637 0.285849

-1.21637 0.28585
-1.21626 0.28595

-1.21626 0.28595
-1.21606 0.28613

-1.21606 0.286132
-1.21593 0.286255

-1.21593 0.286255
-1.21576 0.286412

-1.21576 0.286414
-1.2156 0.28656

-1.2156 0.28656
-1.21545 0.286694

-1.21545 0.286696
-1.21527 0.286865

-1.21527 0.286865
-1.21515 0.286976

-1.21515 0.286978
-1.21494 0.28717

-1.21494 0.28717
-1.21484 0.287257

-1.21484 0.287258
-1.21461 0.287476

-1.21461 0.287476
-1.21454 0.287539

-1.21454 0.287539
-1.21428 0.287781

-1.21428 0.287781
-1.21423 0.28782

-1.21423 0.287821
-1.21395 0.288086

-1.21395 0.288086
-1.21393 0.288102

-1.21393 0.288102
-1.21362 0.288383

-1.21362 0.288383
-1.21361 0.288391

-1.21361 0.288391
-1.21332 0.288664

-1.21332 0.288664
-1.21328 0.288696

-1.21328 0.288696
-1.21301 0.288945

-1.21301 0.288945
-1.21295 0.289001

-1.21295 0.289001
-1.21271 0.289226

-1.21271 0.289227
-1.21262 0.289307

-1.21262 0.289307
-1.2124 0.289506

-1.2124 0.289508
-1.21229 0.289612

-1.21229 0.289612
-1.2121 0.289787

-1.2121 0.289789
-1.21196 0.289917

-1.21196 0.289917
-1.21179 0.290068

-1.21179 0.29007
-1.21163 0.290222

-1.21163 0.290222
-1.21149 0.290349

-1.21149 0.290351
-1.21129 0.290527

-1.21129 0.290527
-1.21118 0.29063

-1.21118 0.290632
-1.21096 0.290833

-1.21096 0.290833
-1.21088 0.290911

-1.21088 0.290912
-1.21063 0.291138

-1.21063 0.291138
-1.21057 0.291192

-1.21057 0.291192
-1.2103 0.291443

-1.2103 0.291443
-1.21027 0.291472

-1.21027 0.291472
-1.20997 0.291748

-1.20997 0.291748
-1.20996 0.291753

-1.20996 0.291753
-1.20966 0.292033

-1.20966 0.292033
-1.20963 0.292053

-1.20963 0.292053
-1.20935 0.292314

-1.20935 0.292314
-1.2093 0.292358

-1.2093 0.292358
-1.20905 0.292594

-1.20905 0.292594
-1.20897 0.292664

-1.20897 0.292664
-1.20874 0.292873

-1.20874 0.292874
-1.20864 0.292969

-1.20864 0.292969
-1.20844 0.293153

-1.20844 0.293155
-1.2083 0.293274

-1.20831 0.293274
-1.20813 0.293433

-1.20813 0.293435
-1.20797 0.293579

-1.20797 0.293579
-1.20782 0.293714

-1.20782 0.293715
-1.20764 0.293884

-1.20764 0.293884
-1.20752 0.293994

-1.20752 0.293995
-1.20731 0.294189

-1.20731 0.294189
-1.20721 0.294274

-1.20721 0.294274
-1.20697 0.294495

-1.20697 0.294495
-1.20691 0.294553

-1.20691 0.294554
-1.20664 0.2948

-1.20664 0.2948
-1.2066 0.294833

-1.2066 0.294834
-1.20631 0.295105

-1.20631 0.295105
-1.2063 0.295113

-1.2063 0.295113
-1.20599 0.295393

-1.20599 0.295393
-1.20597 0.29541

-1.20597 0.29541
-1.20569 0.295672

-1.20569 0.295672
-1.20564 0.295715

-1.20564 0.295715
-1.20538 0.295952

-1.20538 0.295952
-1.20531 0.296021

-1.20531 0.296021
-1.20508 0.29623

-1.20508 0.296231
-1.20497 0.296326

-1.20498 0.296326
-1.20477 0.296509

-1.20477 0.296511
-1.20464 0.296631

-1.20464 0.296631
-1.20447 0.296789

-1.20447 0.29679
-1.20431 0.296936

-1.20431 0.296936
-1.20416 0.297068

-1.20416 0.29707
-1.20397 0.297241

-1.20397 0.297241
-1.20386 0.297347

-1.20386 0.297349
-1.20364 0.297546

-1.20364 0.297546
-1.20355 0.297627

-1.20355 0.297627
-1.20331 0.297852

-1.20331 0.297852
-1.20325 0.297906

-1.20325 0.297906
-1.20297 0.298157

-1.20297 0.298157
-1.20294 0.298184

-1.20294 0.298185
-1.20264 0.298462

-1.20264 0.298462
-1.20264 0.298463

-1.20264 0.298464
-1.20233 0.298742

-1.20233 0.298742
-1.2023 0.298767

-1.2023 0.298767
-1.20203 0.299021

-1.20203 0.299021
-1.20197 0.299072

-1.20197 0.299072
-1.20172 0.299299

-1.20172 0.2993
-1.20164 0.299377

-1.20164 0.299377
-1.20142 0.299577

-1.20142 0.299579
-1.2013 0.299683

-1.2013 0.299683
-1.20111 0.299856

-1.20111 0.299857
-1.20097 0.299988

-1.20097 0.299988
-1.20081 0.300134

-1.20081 0.300136
-1.20063 0.300293

-1.20063 0.300293
-1.2005 0.300413

-1.2005 0.300415
-1.2003 0.300598

-1.2003 0.300598
-1.2002 0.300691

-1.2002 0.300692
-1.19996 0.300903

-1.19996 0.300903
-1.19989 0.30097

-1.19989 0.30097
-1.19963 0.301208

-1.19963 0.301208
-1.19958 0.301248

-1.19958 0.301248
-1.19929 0.301514

-1.19929 0.301514
-1.19928 0.301526

-1.19928 0.301526
-1.19897 0.301804

-1.19897 0.301804
-1.19896 0.301819

-1.19896 0.301819
-1.19867 0.302082

-1.19867 0.302082
-1.19862 0.302124

-1.19862 0.302124
-1.19836 0.30236

-1.19836 0.30236
-1.19829 0.302429

-1.19829 0.302429
-1.19806 0.302637

-1.19806 0.302638
-1.19795 0.302734

-1.19795 0.302734
-1.19775 0.302914

-1.19775 0.302916
-1.19762 0.30304

-1.19762 0.30304
-1.19745 0.303192

-1.19745 0.303194
-1.19728 0.303345

-1.19728 0.303345
-1.19714 0.30347

-1.19714 0.303472
-1.19695 0.30365

-1.19695 0.30365
-1.19684 0.303747

-1.19684 0.303749
-1.19661 0.303955

-1.19661 0.303955
-1.19653 0.304025

-1.19653 0.304026
-1.19627 0.30426

-1.19627 0.30426
-1.19623 0.304302

-1.19623 0.304303
-1.19594 0.304565

-1.19594 0.304565
-1.19592 0.30458

-1.19592 0.30458
-1.19562 0.304857

-1.19562 0.304857
-1.1956 0.304871

-1.1956 0.304871
-1.19531 0.305134

-1.19531 0.305134
-1.19527 0.305176

-1.19527 0.305176
-1.19501 0.305411

-1.19501 0.305412
-1.19493 0.305481

-1.19493 0.305481
-1.1947 0.305688

-1.1947 0.305689
-1.19459 0.305786

-1.1946 0.305786
-1.1944 0.305964

-1.1944 0.305966
-1.19426 0.306091

-1.19426 0.306091
-1.19409 0.306241

-1.19409 0.306243
-1.19392 0.306396

-1.19392 0.306396
-1.19379 0.306518

-1.19379 0.30652
-1.19358 0.306702

-1.19359 0.306702
-1.19348 0.306795

-1.19348 0.306796
-1.19325 0.307007

-1.19325 0.307007
-1.19318 0.307072

-1.19318 0.307072
-1.19291 0.307312

-1.19291 0.307312
-1.19287 0.307349

-1.19287 0.307349
-1.19257 0.307617

-1.19257 0.307617
-1.19257 0.307625

-1.19257 0.307625
-1.19226 0.307902

-1.19226 0.307902
-1.19224 0.307922

-1.19224 0.307922
-1.19196 0.308178

-1.19196 0.308178
-1.1919 0.308228

-1.1919 0.308228
-1.19165 0.308454

-1.19165 0.308455
-1.19156 0.308533

-1.19156 0.308533
-1.19135 0.30873

-1.19135 0.308731
-1.19123 0.308838

-1.19123 0.308838
-1.19104 0.309006

-1.19104 0.309008
-1.19089 0.309143

-1.19089 0.309143
-1.19073 0.309282

-1.19073 0.309284
-1.19055 0.309448

-1.19055 0.309448
-1.19043 0.309558

-1.19043 0.30956
-1.19021 0.309753

-1.19021 0.309753
-1.19012 0.309834

-1.19012 0.309835
-1.18988 0.310059

-1.18988 0.310059
-1.18982 0.31011

-1.18982 0.310111
-1.18954 0.310364

-1.18954 0.310364
-1.18951 0.310386

-1.18951 0.310386
-1.18921 0.310662

-1.18921 0.310662
-1.1892 0.310669

-1.1892 0.310669
-1.1889 0.310938

-1.1889 0.310938
-1.18886 0.310974

-1.18886 0.310974
-1.1886 0.311213

-1.1886 0.311213
-1.18853 0.311279

-1.18853 0.311279
-1.18829 0.311488

-1.18829 0.311489
-1.18819 0.311584

-1.18819 0.311584
-1.18799 0.311763

-1.18799 0.311765
-1.18785 0.31189

-1.18785 0.31189
-1.18768 0.312038

-1.18768 0.31204
-1.18751 0.312195

-1.18751 0.312195
-1.18738 0.312314

-1.18738 0.312316
-1.18717 0.3125

-1.18717 0.3125
-1.18707 0.312589

-1.18707 0.31259
-1.18683 0.312805

-1.18683 0.312805
-1.18677 0.312864

-1.18677 0.312865
-1.1865 0.31311

-1.18649 0.31311
-1.18646 0.313139

-1.18646 0.31314
-1.18616 0.313415

-1.18616 0.313415
-1.18616 0.313416

-1.18616 0.313416
-1.18585 0.313689

-1.18585 0.313689
-1.18582 0.313721

-1.18582 0.313721
-1.18555 0.313964

-1.18555 0.313964
-1.18548 0.314026

-1.18548 0.314026
-1.18524 0.314239

-1.18524 0.314239
-1.18514 0.314331

-1.18514 0.314331
-1.18494 0.314512

-1.18494 0.314514
-1.1848 0.314636

-1.1848 0.314636
-1.18463 0.314787

-1.18463 0.314789
-1.18446 0.314941

-1.18446 0.314941
-1.18433 0.315062

-1.18433 0.315064
-1.18412 0.315247

-1.18412 0.315247
-1.18402 0.315336

-1.18402 0.315337
-1.18378 0.315552

-1.18378 0.315552
-1.18372 0.315611

-1.18372 0.315611
-1.18344 0.315857

-1.18344 0.315857
-1.18341 0.315885

-1.18341 0.315885
-1.18311 0.31616

-1.18311 0.31616
-1.1831 0.316162

-1.1831 0.316162
-1.1828 0.316434

-1.1828 0.316434
-1.18276 0.316467

-1.18276 0.316467
-1.1825 0.316708

-1.1825 0.316708
-1.18242 0.316772

-1.18242 0.316772
-1.18219 0.316981

-1.18219 0.316982
-1.18208 0.317078

-1.18208 0.317078
-1.18188 0.317254

-1.18188 0.317256
-1.18174 0.317383

-1.18174 0.317383
-1.18158 0.317528

-1.18158 0.31753
-1.1814 0.317688

-1.1814 0.317688
-1.18127 0.317802

-1.18127 0.317804
-1.18106 0.317993

-1.18106 0.317993
-1.18097 0.318076

-1.18097 0.318077
-1.18072 0.318298

-1.18072 0.318298
-1.18066 0.31835

-1.18066 0.31835
-1.18038 0.318604

-1.18038 0.318604
-1.18036 0.318623

-1.18036 0.318624
-1.18005 0.318897

-1.18005 0.318897
-1.18004 0.318909

-1.18004 0.318909
-1.17975 0.31917

-1.17975 0.31917
-1.1797 0.319214

-1.1797 0.319214
-1.17944 0.319443

-1.17944 0.319444
-1.17936 0.319519

-1.17936 0.319519
-1.17914 0.319716

-1.17914 0.319717
-1.17902 0.319824

-1.17902 0.319824
-1.17883 0.319989

-1.17883 0.319991
-1.17868 0.320129

-1.17868 0.320129
-1.17853 0.320262

-1.17853 0.320264
-1.17833 0.320435

-1.17834 0.320435
-1.17822 0.320535

-1.17822 0.320536
-1.17799 0.32074

-1.17799 0.32074
-1.17792 0.320808

-1.17792 0.320809
-1.17765 0.321045

-1.17765 0.321045
-1.17761 0.321081

-1.17761 0.321081
-1.17731 0.32135

-1.17731 0.32135
-1.17731 0.321354

-1.17731 0.321354
-1.177 0.321627

-1.177 0.321627
-1.17697 0.321655

-1.17697 0.321655
-1.1767 0.321899

-1.1767 0.321899
-1.17663 0.32196

-1.17663 0.32196
-1.17639 0.322172

-1.17639 0.322172
-1.17629 0.322266

-1.17629 0.322266
-1.17609 0.322443

-1.17609 0.322445
-1.17594 0.322571

-1.17595 0.322571
-1.17578 0.322716

-1.17578 0.322718
-1.1756 0.322876

-1.1756 0.322876
-1.17548 0.322988

-1.17548 0.32299
-1.17526 0.323181

-1.17526 0.323181
-1.17517 0.323261

-1.17517 0.323261
-1.17492 0.323486

-1.17492 0.323486
-1.17487 0.323533

-1.17487 0.323533
-1.17458 0.323792

-1.17458 0.323792
-1.17456 0.323805

-1.17456 0.323805
-1.17426 0.324077

-1.17426 0.324077
-1.17423 0.324097

-1.17423 0.324097
-1.17395 0.324349

-1.17395 0.324349
-1.17389 0.324402

-1.17389 0.324402
-1.17365 0.324621

-1.17365 0.324621
-1.17355 0.324707

-1.17355 0.324707
-1.17334 0.324892

-1.17334 0.324894
-1.17321 0.325012

-1.17321 0.325012
-1.17303 0.325163

-1.17303 0.325166
-1.17286 0.325317

-1.17286 0.325317
-1.17273 0.325435

-1.17273 0.325437
-1.17252 0.325623

-1.17252 0.325623
-1.17242 0.325707

-1.17242 0.325708
-1.17218 0.325928

-1.17218 0.325928
-1.17212 0.325979

-1.17212 0.325979
-1.17183 0.326233

-1.17183 0.326233
-1.17181 0.32625

-1.17181 0.32625
-1.17151 0.326522

-1.17151 0.326522
-1.17149 0.326538

-1.17149 0.326538
-1.1712 0.326793

-1.1712 0.326793
-1.17115 0.326843

-1.17115 0.326843
-1.1709 0.327064

-1.1709 0.327064
-1.1708 0.327148

-1.1708 0.327148
-1.17059 0.327334

-1.17059 0.327336
-1.17046 0.327454

-1.17046 0.327454
-1.17029 0.327605

-1.17029 0.327607
-1.17012 0.327759

-1.17012 0.327759
-1.16998 0.327876

-1.16998 0.327878
-1.16977 0.328064

-1.16977 0.328064
-1.16968 0.328147

-1.16968 0.328148
-1.16943 0.328369

-1.16943 0.328369
-1.16937 0.328418

-1.16937 0.328419
-1.16908 0.328674

-1.16908 0.328674
-1.16907 0.328689

-1.16907 0.328689
-1.16876 0.32896

-1.16876 0.32896
-1.16874 0.328979

-1.16874 0.328979
-1.16846 0.329231

-1.16846 0.329231
-1.1684 0.329285

-1.1684 0.329285
-1.16815 0.329501

-1.16815 0.329501
-1.16805 0.32959

-1.16805 0.32959
-1.16785 0.329771

-1.16785 0.329772
-1.16771 0.329895

-1.16771 0.329895
-1.16754 0.330041

-1.16754 0.330043
-1.16736 0.3302

-1.16736 0.3302
-1.16724 0.330311

-1.16724 0.330313
-1.16702 0.330505

-1.16702 0.330505
-1.16693 0.330582

-1.16693 0.330582
-1.16667 0.330811

-1.16667 0.330811
-1.16663 0.330852

-1.16663 0.330852
-1.16633 0.331116

-1.16633 0.331116
-1.16632 0.331122

-1.16632 0.331122
-1.16602 0.331392

-1.16602 0.331392
-1.16598 0.331421

-1.16598 0.331421
-1.16571 0.331662

-1.16571 0.331662
-1.16564 0.331726

-1.16564 0.331726
-1.16541 0.331932

-1.16541 0.331932
-1.16529 0.332031

-1.16529 0.332031
-1.1651 0.3322

-1.1651 0.332203
-1.16495 0.332336

-1.16495 0.332336
-1.16479 0.33247

-1.16479 0.332473
-1.1646 0.332642

-1.1646 0.332642
-1.16449 0.33274

-1.16449 0.332741
-1.16426 0.332947

-1.16426 0.332947
-1.16418 0.33301

-1.16418 0.33301
-1.16391 0.333252

-1.16391 0.333252
-1.16388 0.333279

-1.16388 0.33328
-1.16357 0.333549

-1.16357 0.333549
-1.16357 0.333557

-1.16357 0.333557
-1.16327 0.333818

-1.16327 0.333818
-1.16322 0.333862

-1.16322 0.333862
-1.16296 0.334087

-1.16296 0.334088
-1.16287 0.334167

-1.16287 0.334167
-1.16266 0.334356

-1.16266 0.334357
-1.16253 0.334473

-1.16253 0.334473
-1.16235 0.334624

-1.16235 0.334627
-1.16218 0.334778

-1.16218 0.334778
-1.16205 0.334894

-1.16205 0.334895
-1.16183 0.335083

-1.16183 0.335083
-1.16174 0.335163

-1.16174 0.335164
-1.16149 0.335388

-1.16149 0.335388
-1.16144 0.335432

-1.16144 0.335432
-1.16114 0.335693

-1.16114 0.335693
-1.16113 0.335701

-1.16113 0.335701
-1.16083 0.33597

-1.16083 0.33597
-1.16079 0.335999

-1.16079 0.335999
-1.16052 0.336238

-1.16052 0.336238
-1.16045 0.336304

-1.16045 0.336304
-1.16022 0.336506

-1.16022 0.336507
-1.1601 0.336609

-1.1601 0.336609
-1.15991 0.336774

-1.15991 0.336776
-1.15975 0.336914

-1.15975 0.336914
-1.15961 0.337042

-1.15961 0.337045
-1.15941 0.337219

-1.15941 0.337219
-1.1593 0.337311

-1.1593 0.337312
-1.15906 0.337524

-1.15906 0.337524
-1.159 0.337579

-1.159 0.33758
-1.15871 0.33783

-1.15871 0.33783
-1.15869 0.337848

-1.15869 0.337848
-1.15839 0.338116

-1.15839 0.338116
-1.15836 0.338135

-1.15836 0.338135
-1.15808 0.338384

-1.15808 0.338384
-1.15802 0.33844

-1.15802 0.33844
-1.15778 0.338652

-1.15778 0.338652
-1.15767 0.338745

-1.15767 0.338745
-1.15747 0.338919

-1.15747 0.338921
-1.15732 0.33905

-1.15732 0.33905
-1.15717 0.339186

-1.15717 0.339189
-1.15697 0.339355

-1.15697 0.339355
-1.15686 0.339454

-1.15686 0.339455
-1.15663 0.339661

-1.15663 0.339661
-1.15656 0.339722

-1.15656 0.339723
-1.15628 0.339966

-1.15628 0.339966
-1.15625 0.33999

-1.15625 0.33999
-1.15594 0.340258

-1.15594 0.340258
-1.15593 0.340271

-1.15593 0.340271
-1.15564 0.340525

-1.15564 0.340525
-1.15558 0.340576

-1.15558 0.340576
-1.15533 0.340792

-1.15533 0.340793
-1.15523 0.340881

-1.15523 0.340881
-1.15503 0.341059

-1.15503 0.34106
-1.15488 0.341187

-1.15488 0.341187
-1.15472 0.341325

-1.15472 0.341328
-1.15453 0.341492

-1.15454 0.341492
-1.15442 0.341593

-1.15442 0.341594
-1.15419 0.341797

-1.15419 0.341797
-1.15411 0.34186

-1.15411 0.341861
-1.15384 0.342102

-1.15384 0.342102
-1.15381 0.342127

-1.15381 0.342127
-1.1535 0.342394

-1.1535 0.342394
-1.15349 0.342407

-1.15349 0.342407
-1.1532 0.342661

-1.1532 0.342661
-1.15314 0.342712

-1.15314 0.342712
-1.15289 0.342928

-1.15289 0.342928
-1.15279 0.343018

-1.15279 0.343018
-1.15259 0.343193

-1.15259 0.343195
-1.15244 0.343323

-1.15244 0.343323
-1.15228 0.34346

-1.15228 0.343462
-1.15209 0.343628

-1.15209 0.343628
-1.15198 0.343727

-1.15198 0.343728
-1.15174 0.343933

-1.15174 0.343933
-1.15167 0.343993

-1.15167 0.343994
-1.15139 0.344238

-1.15139 0.344238
-1.15137 0.344259

-1.15137 0.34426
-1.15106 0.344526

-1.15106 0.344526
-1.15104 0.344543

-1.15104 0.344543
-1.15076 0.344792

-1.15076 0.344792
-1.15069 0.344849

-1.15069 0.344849
-1.15045 0.345058

-1.15045 0.345059
-1.15034 0.345154

-1.15034 0.345154
-1.15015 0.345323

-1.15015 0.345325
-1.14999 0.345459

-1.14999 0.345459
-1.14984 0.345589

-1.14984 0.345591
-1.14964 0.345764

-1.14964 0.345764
-1.14954 0.345855

-1.14954 0.345856
-1.14929 0.346069

-1.14929 0.346069
-1.14923 0.346121

-1.14923 0.346122
-1.14894 0.346375

-1.14894 0.346375
-1.14893 0.346387

-1.14893 0.346388
-1.14862 0.346653

-1.14862 0.346653
-1.14859 0.34668

-1.14859 0.34668
-1.14832 0.346919

-1.14832 0.346919
-1.14824 0.346985

-1.14824 0.346985
-1.14801 0.347184

-1.14801 0.347185
-1.14789 0.34729

-1.14789 0.34729
-1.14771 0.347448

-1.14771 0.347451
-1.14754 0.347595

-1.14754 0.347595
-1.1474 0.347714

-1.1474 0.347716
-1.14719 0.3479

-1.14719 0.3479
-1.14709 0.347979

-1.14709 0.34798
-1.14684 0.348206

-1.14683 0.348206
-1.14679 0.348245

-1.14679 0.348245
-1.14648 0.34851

-1.14648 0.34851
-1.14648 0.348511

-1.14648 0.348511
-1.14618 0.348775

-1.14618 0.348775
-1.14613 0.348816

-1.14613 0.348816
-1.14587 0.34904

-1.14587 0.349041
-1.14578 0.349121

-1.14578 0.349121
-1.14557 0.349305

-1.14557 0.349306
-1.14543 0.349426

-1.14543 0.349426
-1.14526 0.349569

-1.14526 0.349571
-1.14508 0.349731

-1.14508 0.349731
-1.14496 0.349834

-1.14496 0.349835
-1.14473 0.350037

-1.14473 0.350037
-1.14465 0.350099

-1.14465 0.350099
-1.14437 0.350342

-1.14437 0.350342
-1.14435 0.350363

-1.14435 0.350364
-1.14404 0.350628

-1.14404 0.350628
-1.14402 0.350647

-1.14402 0.350647
-1.14374 0.350893

-1.14374 0.350893
-1.14367 0.350952

-1.14367 0.350952
-1.14343 0.351157

-1.14343 0.351158
-1.14332 0.351257

-1.14332 0.351257
-1.14313 0.35142

-1.14313 0.351423
-1.14296 0.351562

-1.14296 0.351562
-1.14282 0.351685

-1.14282 0.351686
-1.14261 0.351868

-1.14261 0.351868
-1.14252 0.351949

-1.14252 0.35195
-1.14226 0.352173

-1.14226 0.352173
-1.14221 0.352213

-1.14221 0.352214
-1.14191 0.352478

-1.14191 0.352478
-1.1416 0.352742

-1.1416 0.352742
-1.14155 0.352783

-1.14155 0.352783
-1.1413 0.353006

-1.1413 0.353006
-1.1412 0.353088

-1.1412 0.353088
-1.14099 0.353269

-1.14099 0.35327
-1.14085 0.353394

-1.14085 0.353394
-1.14069 0.353532

-1.14069 0.353534
-1.14049 0.353699

-1.14049 0.353699
-1.14038 0.353796

-1.14038 0.353797
-1.14014 0.354004

-1.14014 0.354004
-1.14008 0.35406

-1.14008 0.35406
-1.13979 0.354309

-1.13979 0.354309
-1.13977 0.354323

-1.13977 0.354324
-1.13947 0.354587

-1.13947 0.354587
-1.13943 0.354614

-1.13943 0.354614
-1.13916 0.35485

-1.13916 0.35485
-1.13908 0.354919

-1.13908 0.354919
-1.13885 0.355113

-1.13885 0.355114
-1.13873 0.355225

-1.13873 0.355225
-1.13855 0.355375

-1.13855 0.355378
-1.13837 0.35553

-1.13837 0.35553
-1.13824 0.355639

-1.13824 0.35564
-1.13802 0.355835

-1.13802 0.355835
-1.13794 0.355902

-1.13794 0.355903
-1.13766 0.35614

-1.13766 0.35614
-1.13763 0.356165

-1.13763 0.356166
-1.13733 0.356429

-1.13733 0.356429
-1.13731 0.356445

-1.13731 0.356445
-1.13702 0.356691

-1.13702 0.356692
-1.13696 0.35675

-1.13696 0.35675
-1.13672 0.356954

-1.13672 0.356955
-1.1366 0.357056

-1.1366 0.357056
-1.13641 0.357216

-1.13641 0.357218
-1.13625 0.357361

-1.13625 0.357361
-1.13611 0.357478

-1.13611 0.35748
-1.13589 0.357666

-1.13589 0.357666
-1.1358 0.357741

-1.1358 0.357742
-1.13554 0.357971

-1.13554 0.357971
-1.1355 0.358004

-1.1355 0.358004
-1.13519 0.358267

-1.13519 0.358267
-1.13518 0.358276

-1.13518 0.358276
-1.13489 0.358529

-1.13489 0.358529
-1.13483 0.358582

-1.13483 0.358582
-1.13458 0.358791

-1.13458 0.358792
-1.13447 0.358887

-1.13447 0.358887
-1.13428 0.359052

-1.13428 0.359055
-1.13412 0.359192

-1.13412 0.359192
-1.13397 0.359314

-1.13397 0.359316
-1.13376 0.359497

-1.13376 0.359497
-1.13367 0.359577

-1.13367 0.359577
-1.13341 0.359802

-1.1334 0.359802
-1.13336 0.359839

-1.13336 0.359839
-1.13306 0.360101

-1.13306 0.360101
-1.13305 0.360107

-1.13305 0.360107
-1.13275 0.360363

-1.13275 0.360363
-1.13269 0.360413

-1.13269 0.360413
-1.13245 0.360625

-1.13245 0.360625
-1.13234 0.360718

-1.13234 0.360718
-1.13214 0.360885

-1.13214 0.360888
-1.13198 0.361023

-1.13198 0.361023
-1.13184 0.361147

-1.13184 0.361148
-1.13163 0.361328

-1.13163 0.361328
-1.13153 0.361409

-1.13153 0.361409
-1.13127 0.361633

-1.13127 0.361633
-1.13123 0.36167

-1.13123 0.361671
-1.13092 0.361932

-1.13092 0.361932
-1.13091 0.361938

-1.13091 0.361938
-1.13062 0.362193

-1.13062 0.362193
-1.13056 0.362244

-1.13056 0.362244
-1.13031 0.362455

-1.13031 0.362455
-1.1302 0.362549

-1.1302 0.362549
-1.13 0.362715

-1.13 0.362717
-1.12984 0.362854

-1.12984 0.362854
-1.1297 0.362976

-1.1297 0.362977
-1.12949 0.363159

-1.12949 0.363159
-1.12939 0.363237

-1.12939 0.363238
-1.12913 0.363464

-1.12913 0.363464
-1.12909 0.363498

-1.12909 0.363499
-1.12878 0.36376

-1.12878 0.36376
-1.12877 0.36377

-1.12877 0.36377
-1.12848 0.36402

-1.12848 0.36402
-1.12842 0.364075

-1.12842 0.364075
-1.12817 0.364281

-1.12817 0.364282
-1.12806 0.36438

-1.12806 0.36438
-1.12787 0.364541

-1.12787 0.364543
-1.1277 0.364685

-1.1277 0.364685
-1.12756 0.364801

-1.12756 0.364803
-1.12734 0.36499

-1.12734 0.36499
-1.12726 0.365062

-1.12726 0.365063
-1.12699 0.365295

-1.12699 0.365295
-1.12695 0.365323

-1.12695 0.365323
-1.12665 0.365583

-1.12665 0.365583
-1.12663 0.365601

-1.12663 0.365601
-1.12634 0.365844

-1.12634 0.365844
-1.12627 0.365906

-1.12627 0.365906
-1.12604 0.366104

-1.12604 0.366105
-1.12591 0.366211

-1.12591 0.366211
-1.12573 0.366363

-1.12573 0.366365
-1.12555 0.366516

-1.12555 0.366516
-1.12543 0.366623

-1.12543 0.366624
-1.1252 0.366821

-1.1252 0.366821
-1.12512 0.366884

-1.12512 0.366884
-1.12484 0.367126

-1.12484 0.367126
-1.12482 0.367144

-1.12482 0.367144
-1.12451 0.367404

-1.12451 0.367404
-1.12448 0.367432

-1.12448 0.367432
-1.12421 0.367664

-1.12421 0.367664
-1.12412 0.367737

-1.12412 0.367737
-1.1239 0.367923

-1.1239 0.367924
-1.12376 0.368042

-1.12376 0.368042
-1.1236 0.368182

-1.1236 0.368184
-1.1234 0.368347

-1.1234 0.368347
-1.12329 0.368442

-1.12329 0.368443
-1.12304 0.368652

-1.12304 0.368652
-1.12299 0.368702

-1.12299 0.368702
-1.12269 0.368958

-1.12268 0.368958
-1.12268 0.368961

-1.12268 0.368962
-1.12238 0.369221

-1.12238 0.369221
-1.12233 0.369263

-1.12233 0.369263
-1.12207 0.36948

-1.12207 0.369481
-1.12197 0.369568

-1.12197 0.369568
-1.12177 0.369739

-1.12177 0.369741
-1.12161 0.369873

-1.12161 0.369873
-1.12146 0.369997

-1.12146 0.369999
-1.12125 0.370178

-1.12125 0.370178
-1.12115 0.370257

-1.12115 0.370258
-1.12089 0.370483

-1.12089 0.370483
-1.12085 0.370516

-1.12085 0.370517
-1.12054 0.370775

-1.12054 0.370776
-1.12053 0.370789

-1.12053 0.370789
-1.12024 0.371034

-1.12024 0.371034
-1.12017 0.371094

-1.12017 0.371094
-1.11993 0.371293

-1.11993 0.371294
-1.11981 0.371399

-1.11981 0.371399
-1.11963 0.371551

-1.11963 0.371553
-1.11945 0.371704

-1.11945 0.371704
-1.11932 0.37181

-1.11932 0.371811
-1.11909 0.372009

-1.11909 0.372009
-1.11902 0.372068

-1.11902 0.372069
-1.11873 0.372314

-1.11873 0.372314
-1.11871 0.372327

-1.11871 0.372328
-1.11841 0.372586

-1.11841 0.372586
-1.11837 0.37262

-1.11837 0.37262
-1.1181 0.372844

-1.1181 0.372845
-1.11801 0.372925

-1.11801 0.372925
-1.1178 0.373102

-1.1178 0.373104
-1.11765 0.37323

-1.11765 0.37323
-1.11749 0.37336

-1.11749 0.373361
-1.11729 0.373535

-1.11729 0.373535
-1.11719 0.373618

-1.11719 0.373619
-1.11693 0.37384

-1.11693 0.37384
-1.11688 0.373876

-1.11688 0.373877
-1.11658 0.374135

-1.11658 0.374135
-1.11656 0.374146

-1.11656 0.374146
-1.11627 0.374393

-1.11627 0.374393
-1.1162 0.374451

-1.1162 0.374451
-1.11597 0.374651

-1.11597 0.374651
-1.11584 0.374756

-1.11584 0.374756
-1.11566 0.374907

-1.11566 0.37491
-1.11548 0.375061

-1.11548 0.375061
-1.11536 0.375165

-1.11536 0.375166
-1.11512 0.375366

-1.11512 0.375366
-1.11505 0.375423

-1.11505 0.375424
-1.11476 0.375671

-1.11476 0.375671
-1.11475 0.375681

-1.11475 0.375681
-1.11444 0.375939

-1.11444 0.375939
-1.1144 0.375977

-1.1144 0.375977
-1.11414 0.376196

-1.11414 0.376196
-1.11403 0.376282

-1.11403 0.376282
-1.11383 0.376453

-1.11383 0.376455
-1.11367 0.376587

-1.11367 0.376587
-1.11353 0.376709

-1.11353 0.376711
-1.11331 0.376892

-1.11331 0.376892
-1.11322 0.376967

-1.11322 0.376968
-1.11295 0.377197

-1.11295 0.377197
-1.11292 0.377224

-1.11292 0.377225
-1.11261 0.377482

-1.11261 0.377482
-1.11259 0.377502

-1.11259 0.377502
-1.1123 0.377739

-1.1123 0.377739
-1.11222 0.377808

-1.11222 0.377808
-1.112 0.377995

-1.112 0.377997
-1.11186 0.378113

-1.11186 0.378113
-1.11169 0.378251

-1.11169 0.378253
-1.1115 0.378418

-1.1115 0.378418
-1.11139 0.378508

-1.11139 0.378509
-1.11113 0.378723

-1.11113 0.378723
-1.11108 0.378765

-1.11108 0.378766
-1.11078 0.379022

-1.11078 0.379022
-1.11077 0.379028

-1.11077 0.379028
-1.11047 0.379279

-1.11047 0.379279
-1.11041 0.379333

-1.11041 0.379333
-1.11017 0.379535

-1.11017 0.379536
-1.11004 0.379639

-1.11005 0.379639
-1.10986 0.379791

-1.10986 0.379793
-1.10968 0.379944

-1.10968 0.379944
-1.10956 0.380047

-1.10956 0.380048
-1.10932 0.380249

-1.10932 0.380249
-1.10925 0.380303

-1.10925 0.380304
-1.10895 0.380554

-1.10895 0.380554
-1.10895 0.38056

-1.10895 0.38056
-1.10864 0.380816

-1.10864 0.380816
-1.10859 0.380859

-1.10859 0.380859
-1.10834 0.381072

-1.10834 0.381073
-1.10823 0.381165

-1.10823 0.381165
-1.10803 0.381327

-1.10803 0.381329
-1.10786 0.38147

-1.10786 0.38147
-1.10773 0.381583

-1.10773 0.381584
-1.1075 0.381775

-1.1075 0.381775
-1.10742 0.381839

-1.10742 0.38184
-1.10713 0.38208

-1.10713 0.38208
-1.10712 0.382095

-1.10712 0.382095
-1.10681 0.382351

-1.10681 0.382351
-1.10677 0.382385

-1.10677 0.382385
-1.10651 0.382607

-1.10651 0.382607
-1.10641 0.38269

-1.10641 0.38269
-1.1062 0.382862

-1.1062 0.382863
-1.10604 0.382996

-1.10604 0.382996
-1.1059 0.383116

-1.1059 0.383118
-1.10568 0.383301

-1.10568 0.383301
-1.10559 0.383372

-1.10559 0.383373
-1.10531 0.383606

-1.10531 0.383606
-1.10529 0.383627

-1.10529 0.383628
-1.10498 0.383883

-1.10498 0.383883
-1.10495 0.383911

-1.10495 0.383911
-1.10468 0.384138

-1.10468 0.384139
-1.10458 0.384216

-1.10458 0.384216
-1.10437 0.384393

-1.10437 0.384395
-1.10422 0.384521

-1.10422 0.384521
-1.10406 0.384647

-1.10406 0.384649
-1.10385 0.384827

-1.10385 0.384827
-1.10376 0.384903

-1.10376 0.384903
-1.10349 0.385132

-1.10349 0.385132
-1.10345 0.385158

-1.10345 0.385158
-1.10315 0.385413

-1.10315 0.385413
-1.10312 0.385437

-1.10312 0.385437
-1.10284 0.385668

-1.10284 0.385668
-1.10275 0.385742

-1.10276 0.385742
-1.10254 0.385922

-1.10254 0.385924
-1.10239 0.386047

-1.10239 0.386047
-1.10223 0.386176

-1.10223 0.386177
-1.10202 0.386353

-1.10202 0.386353
-1.10193 0.386431

-1.10193 0.386431
-1.10166 0.386658

-1.10166 0.386658
-1.10162 0.386685

-1.10162 0.386686
-1.10132 0.38694

-1.10132 0.38694
-1.10129 0.386963

-1.10129 0.386963
-1.10101 0.387194

-1.10101 0.387195
-1.10092 0.387268

-1.10093 0.387268
-1.10071 0.387449

-1.10071 0.38745
-1.10056 0.387573

-1.10056 0.387573
-1.1004 0.387702

-1.1004 0.387703
-1.10019 0.387878

-1.10019 0.387878
-1.1001 0.387956

-1.1001 0.387957
-1.09983 0.388184

-1.09982 0.388184
-1.09979 0.38821

-1.09979 0.388211
-1.09949 0.388465

-1.09949 0.388465
-1.09946 0.388489

-1.09946 0.388489
-1.09918 0.388719

-1.09918 0.388719
-1.09909 0.388794

-1.09909 0.388794
-1.09888 0.388972

-1.09888 0.388974
-1.09872 0.389099

-1.09873 0.389099
-1.09857 0.389225

-1.09857 0.389227
-1.09836 0.389404

-1.09836 0.389404
-1.09827 0.389479

-1.09827 0.38948
-1.09799 0.389709

-1.09799 0.389709
-1.09796 0.389733

-1.09796 0.389733
-1.09766 0.389987

-1.09766 0.389987
-1.09762 0.390015

-1.09762 0.390015
-1.09735 0.39024

-1.09735 0.390241
-1.09726 0.39032

-1.09726 0.39032
-1.09705 0.390494

-1.09705 0.390495
-1.09689 0.390625

-1.09689 0.390625
-1.09674 0.390746

-1.09674 0.390747
-1.09652 0.39093

-1.09652 0.39093
-1.09644 0.391

-1.09644 0.391
-1.09615 0.391235

-1.09615 0.391235
-1.09613 0.391253

-1.09613 0.391253
-1.09583 0.391507

-1.09583 0.391507
-1.09578 0.391541

-1.09578 0.391541
-1.09552 0.39176

-1.09552 0.39176
-1.09542 0.391846

-1.09542 0.391846
-1.09521 0.392012

-1.09521 0.392014
-1.09505 0.392151

-1.09505 0.392151
-1.09491 0.392264

-1.09491 0.392266
-1.09468 0.392456

-1.09468 0.392456
-1.0946 0.392518

-1.0946 0.392518
-1.09431 0.392761

-1.09431 0.392761
-1.0943 0.39277

-1.0943 0.392771
-1.09399 0.393024

-1.09399 0.393024
-1.09394 0.393066

-1.09394 0.393066
-1.09369 0.393276

-1.09369 0.393277
-1.09357 0.393372

-1.09357 0.393372
-1.09338 0.393528

-1.09338 0.39353
-1.0932 0.393677

-1.09321 0.393677
-1.09308 0.39378

-1.09308 0.393782
-1.09284 0.393982

-1.09284 0.393982
-1.09277 0.394033

-1.09277 0.394034
-1.09247 0.394286

-1.09247 0.394286
-1.09247 0.394287

-1.09247 0.394287
-1.09216 0.394539

-1.09216 0.394539
-1.0921 0.394592

-1.0921 0.394592
-1.09186 0.394791

-1.09186 0.394792
-1.09173 0.394897

-1.09173 0.394897
-1.09155 0.395042

-1.09155 0.395044
-1.09136 0.395203

-1.09136 0.395203
-1.09125 0.395294

-1.09125 0.395295
-1.09099 0.395508

-1.09099 0.395508
-1.09094 0.395547

-1.09094 0.395547
-1.09064 0.395799

-1.09064 0.395799
-1.09062 0.395813

-1.09062 0.395813
-1.09033 0.396051

-1.09033 0.396051
-1.09025 0.396118

-1.09025 0.396118
-1.09003 0.396303

-1.09003 0.396304
-1.08988 0.396423

-1.08988 0.396423
-1.08972 0.396554

-1.08972 0.396555
-1.08951 0.396729

-1.08951 0.396729
-1.08942 0.396806

-1.08942 0.396807
-1.08914 0.397034

-1.08914 0.397034
-1.08911 0.397058

-1.08911 0.397058
-1.08881 0.39731

-1.08881 0.39731
-1.08877 0.397339

-1.08877 0.397339
-1.0885 0.397562

-1.0885 0.397562
-1.0884 0.397644

-1.0884 0.397644
-1.0882 0.397813

-1.0882 0.397814
-1.08803 0.397949

-1.08803 0.397949
-1.08789 0.398063

-1.08789 0.398065
-1.08766 0.398254

-1.08766 0.398254
-1.08759 0.398315

-1.08759 0.398316
-1.08729 0.39856

-1.08729 0.39856
-1.08728 0.398567

-1.08728 0.398567
-1.08698 0.398819

-1.08698 0.398819
-1.08692 0.398865

-1.08692 0.398865
-1.08667 0.39907

-1.08667 0.39907
-1.08655 0.39917

-1.08655 0.39917
-1.08636 0.39932

-1.08636 0.399322
-1.08618 0.399475

-1.08618 0.399475
-1.08606 0.399571

-1.08606 0.399572
-1.08581 0.39978

-1.08581 0.39978
-1.08575 0.399822

-1.08575 0.399823
-1.08545 0.400074

-1.08545 0.400074
-1.08544 0.400085

-1.08544 0.400085
-1.08514 0.400325

-1.08514 0.400325
-1.08506 0.400391

-1.08506 0.400391
-1.08484 0.400576

-1.08484 0.400577
-1.08469 0.400696

-1.08469 0.400696
-1.08453 0.400825

-1.08453 0.400827
-1.08432 0.401001

-1.08432 0.401001
-1.08423 0.401076

-1.08423 0.401077
-1.08395 0.401306

-1.08395 0.401306
-1.08392 0.401327

-1.08392 0.401328
-1.08362 0.401579

-1.08362 0.401579
-1.08358 0.401611

-1.08358 0.401611
-1.08331 0.401829

-1.08331 0.40183
-1.08321 0.401917

-1.08321 0.401917
-1.08301 0.402079

-1.08301 0.402081
-1.08283 0.402222

-1.08284 0.402222
-1.0827 0.402329

-1.0827 0.40233
-1.08246 0.402527

-1.08246 0.402527
-1.0824 0.40258

-1.0824 0.402581
-1.08209 0.402831

-1.08209 0.402831
-1.08209 0.402832

-1.08209 0.402832
-1.08179 0.403081

-1.08179 0.403081
-1.08172 0.403137

-1.08172 0.403137
-1.08148 0.403332

-1.08148 0.403332
-1.08135 0.403442

-1.08135 0.403442
-1.08118 0.403581

-1.08118 0.403582
-1.08097 0.403748

-1.08097 0.403748
-1.08087 0.403831

-1.08087 0.403832
-1.0806 0.404053

-1.0806 0.404053
-1.08057 0.404081

-1.08057 0.404082
-1.08026 0.404332

-1.08026 0.404332
-1.08023 0.404358

-1.08023 0.404358
-1.07996 0.404582

-1.07996 0.404582
-1.07986 0.404663

-1.07986 0.404663
-1.07965 0.404831

-1.07965 0.404833
-1.07948 0.404968

-1.07948 0.404968
-1.07935 0.40508

-1.07935 0.405082
-1.07911 0.405273

-1.07911 0.405273
-1.07904 0.40533

-1.07904 0.405331
-1.07874 0.405579

-1.07874 0.405579
-1.07874 0.40558

-1.07874 0.405581
-1.07843 0.405831

-1.07843 0.405831
-1.07836 0.405884

-1.07837 0.405884
-1.07812 0.40608

-1.07812 0.406081
-1.07799 0.406189

-1.07799 0.406189
-1.07782 0.406329

-1.07782 0.40633
-1.07762 0.406494

-1.07762 0.406494
-1.07751 0.406578

-1.07751 0.406579
-1.07725 0.406799

-1.07724 0.406799
-1.07721 0.406828

-1.07721 0.406829
-1.0769 0.407078

-1.0769 0.407078
-1.07687 0.407104

-1.07687 0.407104
-1.0766 0.407327

-1.0766 0.407328
-1.0765 0.40741

-1.0765 0.40741
-1.07629 0.407576

-1.07629 0.407578
-1.07612 0.407715

-1.07613 0.407715
-1.07599 0.407825

-1.07599 0.407826
-1.07575 0.40802

-1.07575 0.40802
-1.07568 0.408074

-1.07568 0.408075
-1.07538 0.408324

-1.07538 0.408324
-1.07538 0.408325

-1.07538 0.408325
-1.07507 0.408573

-1.07507 0.408573
-1.075 0.40863

-1.075 0.40863
-1.07477 0.408822

-1.07477 0.408823
-1.07463 0.408936

-1.07463 0.408936
-1.07446 0.40907

-1.07446 0.409071
-1.07425 0.409241

-1.07425 0.409241
-1.07416 0.409319

-1.07416 0.40932
-1.07388 0.409546

-1.07388 0.409546
-1.07385 0.409568

-1.07385 0.409569
-1.07355 0.409817

-1.07355 0.409817
-1.07351 0.409851

-1.07351 0.409851
-1.07324 0.410066

-1.07324 0.410067
-1.07313 0.410156

-1.07313 0.410156
-1.07294 0.410314

-1.07294 0.410316
-1.07276 0.410461

-1.07276 0.410461
-1.07263 0.410562

-1.07263 0.410563
-1.07238 0.410767

-1.07238 0.410767
-1.07233 0.410811

-1.07233 0.410812
-1.07202 0.41106

-1.07202 0.41106
-1.07201 0.411072

-1.07201 0.411072
-1.07172 0.411309

-1.07172 0.411309
-1.07163 0.411377

-1.07163 0.411377
-1.07141 0.411557

-1.07141 0.411558
-1.07126 0.411682

-1.07126 0.411682
-1.07111 0.411804

-1.07111 0.411806
-1.07088 0.411987

-1.07088 0.411987
-1.0708 0.412053

-1.0708 0.412054
-1.07051 0.412292

-1.07051 0.412292
-1.0705 0.412301

-1.0705 0.412302
-1.07019 0.41255

-1.07019 0.41255
-1.07013 0.412598

-1.07013 0.412598
-1.06989 0.412798

-1.06989 0.412799
-1.06976 0.412903

-1.06976 0.412903
-1.06958 0.413045

-1.06958 0.413047
-1.06938 0.413208

-1.06938 0.413208
-1.06927 0.413293

-1.06927 0.413294
-1.06901 0.413513

-1.069 0.413513
-1.06897 0.413541

-1.06897 0.413542
-1.06866 0.41379

-1.06866 0.41379
-1.06863 0.413818

-1.06863 0.413818
-1.06836 0.414038

-1.06836 0.414038
-1.06825 0.414124

-1.06825 0.414124
-1.06805 0.414285

-1.06805 0.414286
-1.06788 0.414429

-1.06788 0.414429
-1.06775 0.414532

-1.06775 0.414533
-1.0675 0.414734

-1.0675 0.414734
-1.06744 0.41478

-1.06744 0.414781
-1.06714 0.415028

-1.06714 0.415028
-1.06713 0.415039

-1.06713 0.415039
-1.06683 0.415276

-1.06683 0.415276
-1.06675 0.415344

-1.06675 0.415344
-1.06653 0.415523

-1.06653 0.415524
-1.06637 0.415649

-1.06637 0.415649
-1.06622 0.415769

-1.06622 0.415771
-1.066 0.415955

-1.066 0.415955
-1.06592 0.416017

-1.06592 0.416018
-1.06562 0.41626

-1.06562 0.41626
-1.06561 0.416265

-1.06561 0.416265
-1.06531 0.416513

-1.06531 0.416513
-1.06524 0.416565

-1.06524 0.416565
-1.065 0.41676

-1.065 0.416761
-1.06487 0.41687

-1.06487 0.41687
-1.0647 0.417006

-1.0647 0.417007
-1.06449 0.417175

-1.06449 0.417175
-1.06439 0.417253

-1.06439 0.417254
-1.06411 0.41748

-1.06411 0.41748
-1.06409 0.4175

-1.06409 0.417501
-1.06378 0.417748

-1.06378 0.417748
-1.06373 0.417786

-1.06374 0.417786
-1.06348 0.417995

-1.06348 0.417996
-1.06336 0.418091

-1.06336 0.418091
-1.06317 0.418241

-1.06317 0.418242
-1.06298 0.418396

-1.06298 0.418396
-1.06287 0.418487

-1.06287 0.418489
-1.0626 0.418701

-1.0626 0.418701
-1.06256 0.418735

-1.06256 0.418735
-1.06226 0.418982

-1.06226 0.418982
-1.06223 0.419006

-1.06223 0.419006
-1.06195 0.419229

-1.06195 0.419229
-1.06185 0.419312

-1.06185 0.419312
-1.06165 0.419475

-1.06165 0.419476
-1.06147 0.419617

-1.06147 0.419617
-1.06134 0.419721

-1.06134 0.419722
-1.06109 0.419922

-1.06109 0.419922
-1.06104 0.419968

-1.06104 0.419968
-1.06073 0.420215

-1.06073 0.420215
-1.06071 0.420227

-1.06071 0.420227
-1.06042 0.420461

-1.06042 0.420461
-1.06034 0.420532

-1.06034 0.420532
-1.06012 0.420707

-1.06012 0.420709
-1.05996 0.420837

-1.05996 0.420837
-1.05981 0.420952

-1.05981 0.420954
-1.05958 0.421143

-1.05958 0.421143
-1.05951 0.421199

-1.05951 0.4212
-1.0592 0.421446

-1.0592 0.421446
-1.0592 0.421448

-1.0592 0.421448
-1.0589 0.421692

-1.0589 0.421693
-1.05882 0.421753

-1.05882 0.421753
-1.05859 0.421938

-1.05859 0.42194
-1.05844 0.422058

-1.05845 0.422058
-1.05829 0.422183

-1.05829 0.422185
-1.05807 0.422363

-1.05807 0.422363
-1.05798 0.422429

-1.05798 0.42243
-1.05769 0.422668

-1.05769 0.422668
-1.05768 0.422676

-1.05768 0.422676
-1.05737 0.422922

-1.05737 0.422922
-1.05731 0.422974

-1.05731 0.422974
-1.05707 0.423168

-1.05707 0.423169
-1.05693 0.423279

-1.05693 0.423279
-1.05676 0.423413

-1.05676 0.423414
-1.05655 0.423584

-1.05655 0.423584
-1.05646 0.423658

-1.05646 0.423659
-1.05617 0.423889

-1.05617 0.423889
-1.05615 0.423904

-1.05615 0.423905
-1.05585 0.424151

-1.05585 0.424151
-1.05579 0.424194

-1.05579 0.424194
-1.05554 0.424396

-1.05554 0.424397
-1.05541 0.4245

-1.05541 0.4245
-1.05524 0.424641

-1.05524 0.424642
-1.05503 0.424805

-1.05503 0.424805
-1.05493 0.424886

-1.05493 0.424887
-1.05465 0.42511

-1.05465 0.42511
-1.05463 0.425132

-1.05463 0.425133
-1.05432 0.425378

-1.05432 0.425378
-1.05428 0.425415

-1.05428 0.425415
-1.05402 0.425623

-1.05402 0.425624
-1.05389 0.42572

-1.0539 0.42572
-1.05371 0.425868

-1.05371 0.425869
-1.05352 0.426025

-1.05352 0.426025
-1.05341 0.426113

-1.05341 0.426114
-1.05314 0.426331

-1.05314 0.426331
-1.0531 0.426358

-1.0531 0.426359
-1.0528 0.426604

-1.0528 0.426604
-1.05276 0.426636

-1.05276 0.426636
-1.05249 0.426849

-1.05249 0.42685
-1.05238 0.426941

-1.05238 0.426941
-1.05219 0.427094

-1.05219 0.427095
-1.052 0.427246

-1.052 0.427246
-1.05188 0.427338

-1.05188 0.427339
-1.05162 0.427551

-1.05161 0.427551
-1.05157 0.427583

-1.05157 0.427584
-1.05127 0.427829

-1.05127 0.427829
-1.05123 0.427856

-1.05124 0.427856
-1.05096 0.428074

-1.05096 0.428074
-1.05085 0.428162

-1.05085 0.428162
-1.05066 0.428318

-1.05066 0.428319
-1.05047 0.428467

-1.05047 0.428467
-1.05035 0.428562

-1.05035 0.428563
-1.05009 0.428772

-1.05009 0.428772
-1.05005 0.428807

-1.05005 0.428808
-1.04974 0.429052

-1.04974 0.429052
-1.04971 0.429077

-1.04971 0.429077
-1.04944 0.429297

-1.04944 0.429297
-1.04933 0.429382

-1.04933 0.429382
-1.04913 0.429541

-1.04913 0.429542
-1.04895 0.429688

-1.04895 0.429688
-1.04883 0.429785

-1.04883 0.429786
-1.04857 0.429993

-1.04857 0.429993
-1.04852 0.43003

-1.04852 0.43003
-1.04822 0.430275

-1.04822 0.430275
-1.04819 0.430298

-1.04819 0.430298
-1.04791 0.430519

-1.04791 0.43052
-1.04781 0.430603

-1.04781 0.430603
-1.04761 0.430763

-1.04761 0.430764
-1.04743 0.430908

-1.04743 0.430908
-1.0473 0.431007

-1.0473 0.431008
-1.04705 0.431213

-1.04704 0.431213
-1.047 0.431251

-1.047 0.431252
-1.04669 0.431496

-1.04669 0.431496
-1.04666 0.431519

-1.04666 0.431519
-1.04639 0.43174

-1.04639 0.431741
-1.04628 0.431824

-1.04628 0.431824
-1.04608 0.431984

-1.04608 0.431985
-1.0459 0.432129

-1.0459 0.432129
-1.04578 0.432227

-1.04578 0.432228
-1.04552 0.432434

-1.04552 0.432434
-1.04547 0.432471

-1.04547 0.432472
-1.04517 0.432716

-1.04517 0.432716
-1.04514 0.432739

-1.04514 0.432739
-1.04486 0.43296

-1.04486 0.432961
-1.04475 0.433044

-1.04476 0.433044
-1.04456 0.433204

-1.04456 0.433205
-1.04437 0.43335

-1.04437 0.43335
-1.04425 0.433447

-1.04425 0.433448
-1.04399 0.433655

-1.04399 0.433655
-1.04395 0.433691

-1.04395 0.433691
-1.04364 0.433935

-1.04364 0.433935
-1.04361 0.43396

-1.04361 0.43396
-1.04333 0.434179

-1.04333 0.434179
-1.04323 0.434265

-1.04323 0.434265
-1.04303 0.434422

-1.04303 0.434423
-1.04284 0.43457

-1.04285 0.43457
-1.04272 0.434665

-1.04272 0.434666
-1.04246 0.434875

-1.04246 0.434875
-1.04242 0.434909

-1.04242 0.43491
-1.04211 0.435153

-1.04211 0.435153
-1.04208 0.435181

-1.04208 0.435181
-1.04181 0.435397

-1.04181 0.435397
-1.0417 0.435486

-1.0417 0.435486
-1.0415 0.43564

-1.0415 0.435641
-1.04131 0.435791

-1.04132 0.435791
-1.0412 0.435882

-1.0412 0.435884
-1.04093 0.436096

-1.04093 0.436096
-1.04089 0.436126

-1.04089 0.436127
-1.04059 0.43637

-1.04059 0.43637
-1.04055 0.436401

-1.04055 0.436401
-1.04028 0.436613

-1.04028 0.436614
-1.04017 0.436707

-1.04017 0.436707
-1.03998 0.436856

-1.03998 0.436857
-1.03978 0.437012

-1.03978 0.437012
-1.03967 0.437099

-1.03967 0.4371
-1.0394 0.437317

-1.0394 0.437317
-1.03937 0.437342

-1.03937 0.437343
-1.03906 0.437586

-1.03906 0.437586
-1.03902 0.437622

-1.03902 0.437622
-1.03876 0.437829

-1.03876 0.43783
-1.03863 0.437927

-1.03863 0.437927
-1.03845 0.438072

-1.03845 0.438072
-1.03825 0.438232

-1.03825 0.438232
-1.03815 0.438314

-1.03815 0.438315
-1.03787 0.438538

-1.03787 0.438538
-1.03784 0.438557

-1.03784 0.438558
-1.03754 0.438801

-1.03754 0.438801
-1.03748 0.438843

-1.03748 0.438843
-1.03723 0.439044

-1.03723 0.439045
-1.0371 0.439148

-1.0371 0.439148
-1.03693 0.439286

-1.03693 0.439287
-1.03672 0.439453

-1.03672 0.439453
-1.03662 0.439528

-1.03662 0.439529
-1.03633 0.439758

-1.03633 0.439758
-1.03632 0.439771

-1.03632 0.439772
-1.03601 0.440015

-1.03601 0.440015
-1.03595 0.440063

-1.03595 0.440063
-1.03571 0.440257

-1.03571 0.440258
-1.03556 0.440369

-1.03557 0.440369
-1.0354 0.440499

-1.0354 0.4405
-1.03518 0.440674

-1.03518 0.440674
-1.0351 0.440742

-1.0351 0.440742
-1.0348 0.440979

-1.0348 0.440979
-1.03479 0.440984

-1.03479 0.440985
-1.03448 0.441227

-1.03448 0.441228
-1.03441 0.441284

-1.03441 0.441284
-1.03418 0.44147

-1.03418 0.441471
-1.03403 0.441589

-1.03403 0.441589
-1.03387 0.441711

-1.03387 0.441712
-1.03365 0.441895

-1.03364 0.441895
-1.03357 0.441954

-1.03357 0.441955
-1.03326 0.442197

-1.03326 0.442197
-1.03326 0.4422

-1.03326 0.4422
-1.03296 0.442439

-1.03296 0.442439
-1.03288 0.442505

-1.03288 0.442505
-1.03265 0.442681

-1.03265 0.442682
-1.03249 0.44281

-1.03249 0.44281
-1.03235 0.442922

-1.03235 0.442924
-1.03211 0.443115

-1.03211 0.443115
-1.03204 0.443165

-1.03204 0.443166
-1.03174 0.443408

-1.03174 0.443408
-1.03172 0.44342

-1.03172 0.44342
-1.03143 0.44365

-1.03143 0.44365
-1.03134 0.443726

-1.03134 0.443726
-1.03113 0.443892

-1.03113 0.443892
-1.03095 0.444031

-1.03095 0.444031
-1.03082 0.444133

-1.03082 0.444134
-1.03057 0.444336

-1.03057 0.444336
-1.03052 0.444375

-1.03052 0.444376
-1.03021 0.444618

-1.03021 0.444618
-1.03018 0.444641

-1.03018 0.444641
-1.02991 0.444859

-1.02991 0.44486
-1.0298 0.444946

-1.0298 0.444946
-1.0296 0.445101

-1.0296 0.445102
-1.02941 0.445251

-1.02941 0.445251
-1.0293 0.445342

-1.0293 0.445343
-1.02903 0.445557

-1.02903 0.445557
-1.02899 0.445584

-1.02899 0.445585
-1.02869 0.445826

-1.02869 0.445827
-1.02864 0.445862

-1.02864 0.445862
-1.02838 0.446068

-1.02838 0.446069
-1.02826 0.446167

-1.02826 0.446167
-1.02808 0.446309

-1.02808 0.44631
-1.02787 0.446472

-1.02787 0.446472
-1.02777 0.44655

-1.02777 0.446551
-1.02749 0.446777

-1.02748 0.446777
-1.02747 0.446792

-1.02747 0.446793
-1.02716 0.447034

-1.02716 0.447035
-1.0271 0.447083

-1.0271 0.447083
-1.02686 0.447276

-1.02686 0.447277
-1.02671 0.447388

-1.02671 0.447388
-1.02655 0.447517

-1.02655 0.447517
-1.02633 0.447693

-1.02633 0.447693
-1.02625 0.447758

-1.02625 0.447759
-1.02594 0.447998

-1.02594 0.447998
-1.02594 0.447999

-1.02594 0.448
-1.02563 0.448241

-1.02563 0.448242
-1.02556 0.448303

-1.02556 0.448303
-1.02533 0.448482

-1.02533 0.448483
-1.02517 0.448608

-1.02517 0.448608
-1.02502 0.448723

-1.02502 0.448724
-1.02478 0.448914

-1.02478 0.448914
-1.02472 0.448964

-1.02472 0.448965
-1.02441 0.449206

-1.02441 0.449206
-1.0244 0.449219

-1.0244 0.449219
-1.02411 0.449447

-1.02411 0.449448
-1.02401 0.449524

-1.02401 0.449524
-1.0238 0.449688

-1.0238 0.449689
-1.02363 0.449829

-1.02363 0.449829
-1.0235 0.449928

-1.0235 0.449929
-1.02324 0.450134

-1.02324 0.450134
-1.02319 0.450169

-1.02319 0.45017
-1.02289 0.450411

-1.02289 0.450411
-1.02285 0.450439

-1.02285 0.450439
-1.02258 0.450652

-1.02258 0.450653
-1.02246 0.450745

-1.02247 0.450745
-1.02228 0.450893

-1.02228 0.450893
-1.02208 0.45105

-1.02208 0.45105
-1.02197 0.451133

-1.02197 0.451134
-1.02169 0.451355

-1.02169 0.451355
-1.02167 0.451374

-1.02167 0.451374
-1.02136 0.451615

-1.02136 0.451615
-1.02131 0.45166

-1.02131 0.45166
-1.02106 0.451856

-1.02106 0.451857
-1.02092 0.451965

-1.02092 0.451965
-1.02075 0.452096

-1.02075 0.452097
-1.02053 0.452271

-1.02053 0.452271
-1.02045 0.452336

-1.02045 0.452337
-1.02014 0.452576

-1.02014 0.452576
-1.02014 0.452577

-1.02014 0.452578
-1.01984 0.452818

-1.01984 0.452819
-1.01976 0.452881

-1.01976 0.452881
-1.01953 0.453059

-1.01953 0.45306
-1.01937 0.453186

-1.01937 0.453186
-1.01923 0.453298

-1.01923 0.4533
-1.01898 0.453491

-1.01898 0.453491
-1.01892 0.453539

-1.01892 0.45354
-1.01862 0.45378

-1.01862 0.45378
-1.0186 0.453796

-1.0186 0.453796
-1.01831 0.454021

-1.01831 0.454021
-1.01821 0.454102

-1.01821 0.454102
-1.01801 0.454261

-1.01801 0.454261
-1.01782 0.454407

-1.01782 0.454407
-1.0177 0.4545

-1.0177 0.454501
-1.01743 0.454712

-1.01743 0.454712
-1.0174 0.454741

-1.0174 0.454741
-1.01709 0.454982

-1.01709 0.454982
-1.01704 0.455017

-1.01704 0.455017
-1.01678 0.455222

-1.01678 0.455223
-1.01666 0.455322

-1.01666 0.455322
-1.01648 0.455462

-1.01648 0.455462
-1.01627 0.455627

-1.01627 0.455627
-1.01617 0.455701

-1.01617 0.455702
-1.01588 0.455933

-1.01588 0.455933
-1.01587 0.455942

-1.01587 0.455942
-1.01556 0.456182

-1.01556 0.456183
-1.01549 0.456238

-1.01549 0.456238
-1.01526 0.456422

-1.01526 0.456423
-1.0151 0.456543

-1.01511 0.456543
-1.01495 0.456661

-1.01495 0.456662
-1.01472 0.456848

-1.01472 0.456848
-1.01465 0.456901

-1.01465 0.456902
-1.01434 0.457142

-1.01434 0.457142
-1.01433 0.457153

-1.01433 0.457153
-1.01404 0.457382

-1.01404 0.457382
-1.01394 0.457458

-1.01394 0.457458
-1.01373 0.457622

-1.01373 0.457622
-1.01355 0.457764

-1.01355 0.457764
-1.01343 0.45786

-1.01343 0.457862
-1.01316 0.458069

-1.01316 0.458069
-1.01312 0.4581

-1.01312 0.458101
-1.01282 0.458341

-1.01282 0.458341
-1.01278 0.458374

-1.01278 0.458374
-1.01251 0.458581

-1.01251 0.458582
-1.01239 0.458679

-1.01239 0.458679
-1.01221 0.45882

-1.01221 0.458821
-1.012 0.458984

-1.012 0.458984
-1.0119 0.459059

-1.0119 0.45906
-1.01161 0.45929

-1.01161 0.45929
-1.0116 0.459299

-1.0116 0.459299
-1.01129 0.459539

-1.01129 0.459539
-1.01122 0.459595

-1.01122 0.459595
-1.01099 0.459778

-1.01099 0.459779
-1.01083 0.4599

-1.01083 0.4599
-1.01068 0.460017

-1.01068 0.460018
-1.01044 0.460205

-1.01044 0.460205
-1.01038 0.460257

-1.01038 0.460257
-1.01007 0.460497

-1.01007 0.460497
-1.01005 0.46051

-1.01005 0.46051
-1.00977 0.460736

-1.00977 0.460737
-1.00966 0.460815

-1.00966 0.460815
-1.00946 0.460975

-1.00946 0.460976
-1.00928 0.461121

-1.00928 0.461121
-1.00916 0.461214

-1.00916 0.461215
-1.00889 0.461426

-1.00889 0.461426
-1.00885 0.461453

-1.00885 0.461454
-1.00854 0.461693

-1.00854 0.461693
-1.0085 0.461731

-1.0085 0.461731
-1.00824 0.461932

-1.00824 0.461933
-1.00811 0.462036

-1.00811 0.462036
-1.00793 0.462171

-1.00793 0.462172
-1.00772 0.462341

-1.00772 0.462341
-1.00763 0.46241

-1.00763 0.462411
-1.00733 0.462646

-1.00733 0.462646
-1.00732 0.462649

-1.00732 0.46265
-1.00702 0.462889

-1.00702 0.462889
-1.00694 0.462952

-1.00694 0.462952
-1.00671 0.463128

-1.00671 0.463128
-1.00655 0.463257

-1.00655 0.463257
-1.00641 0.463366

-1.00641 0.463367
-1.00616 0.463562

-1.00616 0.463562
-1.0061 0.463605

-1.0061 0.463606
-1.0058 0.463845

-1.0058 0.463845
-1.00577 0.463867

-1.00577 0.463867
-1.00549 0.464083

-1.00549 0.464084
-1.00538 0.464172

-1.00538 0.464172
-1.00519 0.464322

-1.00519 0.464323
-1.00499 0.464478

-1.00499 0.464478
-1.00488 0.46456

-1.00488 0.464561
-1.0046 0.464783

-1.0046 0.464783
-1.00458 0.464799

-1.00458 0.4648
-1.00427 0.465039

-1.00427 0.465039
-1.00421 0.465088

-1.00421 0.465088
-1.00397 0.465277

-1.00397 0.465278
-1.00382 0.465393

-1.00382 0.465393
-1.00366 0.465515

-1.00366 0.465516
-1.00343 0.465698

-1.00343 0.465698
-1.00336 0.465754

-1.00336 0.465755
-1.00305 0.465993

-1.00305 0.465993
-1.00304 0.466003

-1.00304 0.466003
-1.00275 0.466232

-1.00275 0.466232
-1.00265 0.466309

-1.00265 0.466309
-1.00244 0.46647

-1.00244 0.466471
-1.00226 0.466614

-1.00226 0.466614
-1.00214 0.466708

-1.00214 0.466709
-1.00187 0.466919

-1.00187 0.466919
-1.00183 0.466946

-1.00183 0.466947
-1.00153 0.467186

-1.00153 0.467186
-1.00148 0.467224

-1.00148 0.467224
-1.00122 0.467424

-1.00122 0.467425
-1.00108 0.467529

-1.00109 0.467529
-1.00092 0.467662

-1.00092 0.467662
-1.0007 0.467834

-1.00069 0.467834
-1.00061 0.4679

-1.00061 0.467901
-1.00031 0.468139

-1.00031 0.468139
-1.0003 0.46814

-1.0003 0.46814
-1.0 0.468377

-1.0 0.468378
-0.999913 0.468445

-0.999913 0.468445
-0.999695 0.468615

-0.999695 0.468616
-0.999522 0.46875

-0.999523 0.46875
-0.99939 0.468852

-0.99939 0.468854
-0.999131 0.469055

-0.999131 0.469055
-0.999084 0.469091

-0.999084 0.469092
-0.998779 0.46933

-0.998779 0.46933
-0.99874 0.46936

-0.99874 0.46936
-0.998474 0.469568

-0.998474 0.469569
-0.998348 0.469666

-0.998349 0.469666
-0.998169 0.469806

-0.998169 0.469806
-0.997958 0.469971

-0.997958 0.469971
-0.997864 0.470043

-0.997864 0.470044
-0.997566 0.470276

-0.997566 0.470276
-0.997559 0.470281

-0.997559 0.470282
-0.997253 0.47052

-0.997253 0.47052
-0.997174 0.470581

-0.997175 0.470581
-0.996948 0.470758

-0.996948 0.470758
-0.996783 0.470886

-0.996784 0.470886
-0.996643 0.470995

-0.996643 0.470996
-0.996392 0.471191

-0.996391 0.471191
-0.996338 0.471233

-0.996338 0.471233
-0.996033 0.471471

-0.996033 0.471471
-0.996 0.471497

-0.996 0.471497
-0.995728 0.471709

-0.995728 0.47171
-0.995607 0.471802

-0.995609 0.471802
-0.995422 0.471946

-0.995422 0.471947
-0.995217 0.472107

-0.995217 0.472107
-0.995117 0.472183

-0.995117 0.472184
-0.994825 0.472412

-0.994824 0.472412
-0.994812 0.472421

-0.994812 0.472422
-0.994507 0.47266

-0.994507 0.47266
-0.994432 0.472717

-0.994433 0.472717
-0.994202 0.472897

-0.994202 0.472898
-0.99404 0.473022

-0.994042 0.473022
-0.993896 0.473134

-0.993896 0.473135
-0.993649 0.473328

-0.993648 0.473328
-0.993591 0.473371

-0.993591 0.473372
-0.993286 0.47361

-0.993286 0.47361
-0.993256 0.473633

-0.993257 0.473633
-0.992981 0.473847

-0.992981 0.473848
-0.992863 0.473938

-0.992865 0.473938
-0.992676 0.474085

-0.992676 0.474085
-0.992472 0.474243

-0.992472 0.474243
-0.992371 0.474321

-0.992371 0.474322
-0.99208 0.474548

-0.992079 0.474548
-0.992065 0.474559

-0.992065 0.474559
-0.99176 0.474797

-0.99176 0.474797
-0.991687 0.474854

-0.991687 0.474854
-0.991455 0.475034

-0.991455 0.475035
-0.991294 0.475159

-0.991296 0.475159
-0.99115 0.47527

-0.99115 0.475271
-0.990902 0.475464

-0.990902 0.475464
-0.990845 0.475508

-0.990845 0.475508
-0.99054 0.475746

-0.99054 0.475746
-0.990509 0.475769

-0.990509 0.475769
-0.990234 0.475983

-0.990234 0.475984
-0.990116 0.476074

-0.990117 0.476074
-0.989929 0.47622

-0.989929 0.47622
-0.989724 0.476379

-0.989724 0.476379
-0.989624 0.476456

-0.989624 0.476457
-0.989331 0.476685

-0.98933 0.476685
-0.989319 0.476693

-0.989319 0.476694
-0.989014 0.476931

-0.989014 0.476931
-0.988938 0.47699

-0.988938 0.47699
-0.988708 0.477168

-0.988708 0.477169
-0.988545 0.477295

-0.988546 0.477295
-0.988403 0.477404

-0.988403 0.477405
-0.988152 0.4776

-0.988152 0.4776
-0.988098 0.477641

-0.988098 0.477642
-0.987793 0.477879

-0.987793 0.477879
-0.987759 0.477905

-0.987759 0.477905
-0.987488 0.478116

-0.987488 0.478117
-0.987365 0.47821

-0.987366 0.47821
-0.987183 0.478352

-0.987183 0.478353
-0.986973 0.478516

-0.986973 0.478516
-0.986877 0.478588

-0.986877 0.478589
-0.986579 0.478821

-0.986578 0.478821
-0.986572 0.478826

-0.986572 0.478826
-0.986267 0.479063

-0.986267 0.479063
-0.986185 0.479126

-0.986186 0.479126
-0.985962 0.4793

-0.985962 0.4793
-0.985792 0.479431

-0.985793 0.479431
-0.985657 0.479535

-0.985657 0.479536
-0.985399 0.479736

-0.985398 0.479736
-0.985352 0.479772

-0.985352 0.479773
-0.985046 0.480009

-0.985046 0.48001
-0.985005 0.480042

-0.985005 0.480042
-0.984741 0.480246

-0.984741 0.480247
-0.98461 0.480347

-0.984612 0.480347
-0.984436 0.480482

-0.984436 0.480483
-0.984218 0.480652

-0.984218 0.480652
-0.984131 0.480718

-0.984131 0.480719
-0.983826 0.480956

-0.983826 0.480956
-0.983824 0.480957

-0.983824 0.480957
-0.983521 0.481192

-0.983521 0.481192
-0.983429 0.481262

-0.98343 0.481262
-0.983215 0.481428

-0.983215 0.481429
-0.983036 0.481567

-0.983037 0.481567
-0.98291 0.481664

-0.98291 0.481665
-0.982642 0.481873

-0.982641 0.481873
-0.982605 0.4819

-0.982605 0.481901
-0.9823 0.482138

-0.9823 0.482138
-0.982248 0.482178

-0.982248 0.482178
-0.981995 0.482374

-0.981995 0.482375
-0.981853 0.482483

-0.981854 0.482483
-0.981689 0.48261

-0.981689 0.48261
-0.98146 0.482788

-0.981459 0.482788
-0.981384 0.482845

-0.981384 0.482846
-0.981079 0.483083

-0.981079 0.483083
-0.981065 0.483093

-0.981065 0.483093
-0.980774 0.483319

-0.980774 0.483319
-0.98067 0.483398

-0.980671 0.483398
-0.980469 0.483555

-0.980469 0.483555
-0.980277 0.483704

-0.980277 0.483704
-0.980164 0.48379

-0.980164 0.483791
-0.979882 0.484009

-0.979881 0.484009
-0.979858 0.484026

-0.979858 0.484027
-0.979553 0.484263

-0.979553 0.484263
-0.979487 0.484314

-0.979488 0.484314
-0.979248 0.484499

-0.979248 0.4845
-0.979092 0.484619

-0.979094 0.484619
-0.978943 0.484734

-0.978943 0.484735
-0.978699 0.484924

-0.978698 0.484924
-0.978638 0.48497

-0.978638 0.484971
-0.978333 0.485207

-0.978333 0.485207
-0.978304 0.485229

-0.978304 0.485229
-0.978027 0.485443

-0.978027 0.485444
-0.977908 0.485535

-0.977909 0.485535
-0.977722 0.485679

-0.977722 0.485679
-0.977514 0.48584

-0.977514 0.48584
-0.977417 0.485914

-0.977417 0.485915
-0.977119 0.486145

-0.977118 0.486145
-0.977112 0.48615

-0.977112 0.486151
-0.976807 0.486386

-0.976807 0.486387
-0.976724 0.48645

-0.976724 0.48645
-0.976501 0.486622

-0.976501 0.486623
-0.976329 0.486755

-0.97633 0.486755
-0.976196 0.486857

-0.976196 0.486858
-0.975934 0.487061

-0.975933 0.487061
-0.975891 0.487093

-0.975891 0.487094
-0.975586 0.487329

-0.975586 0.48733
-0.975539 0.487366

-0.975539 0.487366
-0.975281 0.487565

-0.975281 0.487566
-0.975143 0.487671

-0.975144 0.487671
-0.974976 0.4878

-0.974976 0.487801
-0.974749 0.487976

-0.974748 0.487976
-0.97467 0.488035

-0.97467 0.488036
-0.974365 0.488272

-0.974365 0.488272
-0.974353 0.488281

-0.974353 0.488281
-0.97406 0.488507

-0.97406 0.488508
-0.973957 0.488586

-0.973958 0.488586
-0.973755 0.488743

-0.973755 0.488743
-0.973562 0.488892

-0.973563 0.488892
-0.97345 0.488977

-0.97345 0.488978
-0.973167 0.489197

-0.973166 0.489197
-0.973145 0.489213

-0.973145 0.489214
-0.972839 0.489449

-0.972839 0.48945
-0.972771 0.489502

-0.972771 0.489502
-0.972534 0.489685

-0.972534 0.489685
-0.972375 0.489807

-0.972376 0.489807
-0.972229 0.489919

-0.972229 0.48992
-0.97198 0.490112

-0.971979 0.490112
-0.971924 0.490155

-0.971924 0.490155
-0.971619 0.490391

-0.971619 0.490391
-0.971584 0.490417

-0.971584 0.490417
-0.971313 0.490626

-0.971313 0.490627
-0.971187 0.490723

-0.971188 0.490723
-0.971008 0.490861

-0.971008 0.490861
-0.970792 0.491028

-0.970792 0.491028
-0.970703 0.491096

-0.970703 0.491096
-0.970398 0.491332

-0.970398 0.491332
-0.970396 0.491333

-0.970396 0.491333
-0.970093 0.491567

-0.970093 0.491567
-0.97 0.491638

-0.97 0.491638
-0.969788 0.491802

-0.969788 0.491802
-0.969604 0.491943

-0.969605 0.491943
-0.969482 0.492036

-0.969482 0.492037
-0.969208 0.492249

-0.969207 0.492249
-0.969177 0.492272

-0.969177 0.492272
-0.968872 0.492507

-0.968872 0.492508
-0.968811 0.492554

-0.968812 0.492554
-0.968567 0.492742

-0.968567 0.492743
-0.968415 0.492859

-0.968416 0.492859
-0.968262 0.492977

-0.968262 0.492977
-0.968019 0.493164

-0.968019 0.493164
-0.967957 0.493211

-0.967957 0.493212
-0.967651 0.493447

-0.967651 0.493447
-0.967623 0.493469

-0.967623 0.493469
-0.967346 0.493682

-0.967346 0.493683
-0.967225 0.493774

-0.967227 0.493774
-0.967041 0.493917

-0.967041 0.493917
-0.96683 0.49408

-0.96683 0.49408
-0.966736 0.494151

-0.966736 0.494152
-0.966433 0.494385

-0.966433 0.494385
-0.966431 0.494386

-0.966431 0.494387
-0.966125 0.494622

-0.966125 0.494622
-0.966036 0.49469

-0.966037 0.49469
-0.96582 0.494856

-0.96582 0.494857
-0.96564 0.494995

-0.965641 0.494995
-0.965515 0.49509

-0.965515 0.495091
-0.965243 0.4953

-0.965243 0.4953
-0.96521 0.495325

-0.96521 0.495326
-0.964905 0.495561

-0.964905 0.495561
-0.964846 0.495605

-0.964846 0.495605
-0.9646 0.495795

-0.9646 0.495796
-0.964449 0.495911

-0.96445 0.495911
-0.964294 0.496029

-0.964294 0.49603
-0.964053 0.496216

-0.964052 0.496216
-0.963989 0.496264

-0.963989 0.496265
-0.963684 0.496499

-0.963684 0.496499
-0.963655 0.496521

-0.963656 0.496521
-0.963379 0.496734

-0.963379 0.496735
-0.963257 0.496826

-0.963259 0.496826
-0.963074 0.496968

-0.963074 0.496968
-0.962862 0.497131

-0.962862 0.497131
-0.962769 0.497202

-0.962769 0.497203
-0.962464 0.497437

-0.962464 0.497437
-0.962463 0.497437

-0.962463 0.497437
-0.962158 0.497672

-0.962158 0.497672
-0.962066 0.497742

-0.962067 0.497742
-0.961853 0.497906

-0.961853 0.497906
-0.96167 0.498047

-0.961671 0.498047
-0.961548 0.498139

-0.961548 0.498141
-0.961272 0.498352

-0.961272 0.498352
-0.961243 0.498374

-0.961243 0.498375
-0.960938 0.498609

-0.960938 0.498609
-0.960875 0.498657

-0.960875 0.498657
-0.960632 0.498844

-0.960632 0.498844
-0.960477 0.498962

-0.960478 0.498962
-0.960327 0.499077

-0.960327 0.499078
-0.96008 0.499268

-0.960079 0.499268
-0.960022 0.499311

-0.960022 0.499312
-0.959717 0.499546

-0.959717 0.499546
-0.959682 0.499573

-0.959682 0.499573
-0.959412 0.49978

-0.959412 0.499781
-0.959283 0.499878

-0.959285 0.499878
-0.959106 0.500014

-0.959106 0.500015
-0.958887 0.500183

-0.958887 0.500183
-0.958801 0.500248

-0.958801 0.500249
-0.958496 0.500483

-0.958496 0.500483
-0.958489 0.500488

-0.958489 0.500488
-0.958191 0.500717

-0.958191 0.500718
-0.95809 0.500793

-0.958091 0.500793
-0.957886 0.500951

-0.957886 0.500951
-0.957693 0.501099

-0.957694 0.501099
-0.957581 0.501184

-0.957581 0.501185
-0.957295 0.501404

-0.957295 0.501404
-0.957275 0.501418

-0.957275 0.501419
-0.95697 0.501653

-0.95697 0.501653
-0.956897 0.501709

-0.956897 0.501709
-0.956665 0.501887

-0.956665 0.501887
-0.956499 0.502014

-0.9565 0.502014
-0.95636 0.50212

-0.95636 0.502121
-0.956101 0.502319

-0.9561 0.502319
-0.956055 0.502354

-0.956055 0.502355
-0.95575 0.502589

-0.95575 0.502589
-0.955703 0.502625

-0.955703 0.502625
-0.955444 0.502823

-0.955444 0.502823
-0.955304 0.50293

-0.955305 0.50293
-0.955139 0.503056

-0.955139 0.503057
-0.954906 0.503235

-0.954906 0.503235
-0.954834 0.503289

-0.954834 0.50329
-0.954529 0.503524

-0.954529 0.503524
-0.954508 0.50354

-0.954508 0.50354
-0.954224 0.503758

-0.954224 0.503758
-0.954108 0.503845

-0.95411 0.503845
-0.953918 0.503991

-0.953918 0.503992
-0.953711 0.50415

-0.953711 0.50415
-0.953613 0.504224

-0.953613 0.504225
-0.953312 0.504456

-0.953312 0.504456
-0.953308 0.504458

-0.953308 0.504459
-0.953003 0.504692

-0.953003 0.504693
-0.952913 0.504761

-0.952914 0.504761
-0.952698 0.504926

-0.952698 0.504926
-0.952515 0.505066

-0.952516 0.505066
-0.952393 0.505158

-0.952393 0.50516
-0.952116 0.505371

-0.952115 0.505371
-0.952087 0.505392

-0.952087 0.505393
-0.951782 0.505627

-0.951782 0.505627
-0.951717 0.505676

-0.951717 0.505676
-0.951477 0.50586

-0.951477 0.505861
-0.951318 0.505981

-0.951319 0.505981
-0.951172 0.506093

-0.951172 0.506094
-0.95092 0.506287

-0.950919 0.506287
-0.950867 0.506326

-0.950867 0.506327
-0.950562 0.50656

-0.950562 0.506561
-0.95052 0.506592

-0.950521 0.506592
-0.950256 0.506794

-0.950256 0.506795
-0.95012 0.506897

-0.950122 0.506897
-0.949951 0.507027

-0.949951 0.507027
-0.949723 0.507202

-0.949722 0.507202
-0.949646 0.50726

-0.949646 0.507261
-0.949341 0.507494

-0.949341 0.507494
-0.949323 0.507507

-0.949323 0.507507
-0.949036 0.507727

-0.949036 0.507728
-0.948923 0.507812

-0.948924 0.507812
-0.94873 0.50796

-0.94873 0.507961
-0.948525 0.508118

-0.948525 0.508118
-0.948425 0.508193

-0.948425 0.508194
-0.948125 0.508423

-0.948125 0.508423
-0.94812 0.508426

-0.94812 0.508427
-0.947815 0.50866

-0.947815 0.508661
-0.947725 0.508728

-0.947726 0.508728
-0.94751 0.508893

-0.94751 0.508894
-0.947327 0.509033

-0.947328 0.509033
-0.947205 0.509125

-0.947205 0.509126
-0.946927 0.509338

-0.946926 0.509338
-0.946899 0.509359

-0.946899 0.50936
-0.946594 0.509593

-0.946594 0.509593
-0.946527 0.509644

-0.946528 0.509644
-0.946289 0.509826

-0.946289 0.509826
-0.946127 0.509949

-0.946129 0.509949
-0.945984 0.510058

-0.945984 0.510059
-0.945728 0.510254

-0.945728 0.510254
-0.945679 0.510291

-0.945679 0.510292
-0.945374 0.510525

-0.945374 0.510525
-0.945328 0.510559

-0.945329 0.510559
-0.945068 0.510758

-0.945068 0.510758
-0.944928 0.510864

-0.944929 0.510864
-0.944763 0.51099

-0.944763 0.510991
-0.944529 0.511169

-0.944529 0.511169
-0.944458 0.511223

-0.944458 0.511223
-0.944153 0.511456

-0.944153 0.511456
-0.944129 0.511475

-0.944129 0.511475
-0.943848 0.511689

-0.943848 0.51169
-0.943728 0.51178

-0.943729 0.51178
-0.943542 0.511922

-0.943542 0.511922
-0.943329 0.512085

-0.943329 0.512085
-0.943237 0.512154

-0.943237 0.512155
-0.942932 0.512388

-0.942932 0.512388
-0.942929 0.51239

-0.942929 0.51239
-0.942627 0.51262

-0.942627 0.512621
-0.942528 0.512695

-0.942529 0.512695
-0.942322 0.512853

-0.942322 0.512853
-0.942129 0.513

-0.942129 0.513
-0.942017 0.513085

-0.942017 0.513086
-0.941728 0.513306

-0.941728 0.513306
-0.941711 0.513318

-0.941711 0.513319
-0.941406 0.513551

-0.941406 0.513552
-0.941327 0.513611

-0.941328 0.513611
-0.941101 0.513784

-0.941101 0.513784
-0.940927 0.513916

-0.940929 0.513916
-0.940796 0.514016

-0.940796 0.514017
-0.940527 0.514221

-0.940527 0.514221
-0.940491 0.514248

-0.940491 0.514249
-0.940186 0.514482

-0.940186 0.514482
-0.940126 0.514526

-0.940127 0.514526
-0.93988 0.514714

-0.93988 0.514715
-0.939726 0.514832

-0.939727 0.514832
-0.939575 0.514946

-0.939575 0.514947
-0.939326 0.515137

-0.939325 0.515137
-0.93927 0.515178

-0.93927 0.515179
-0.938965 0.515412

-0.938965 0.515412
-0.938925 0.515442

-0.938925 0.515442
-0.93866 0.515644

-0.93866 0.515645
-0.938523 0.515747

-0.938525 0.515747
-0.938354 0.515876

-0.938354 0.515877
-0.938124 0.516052

-0.938123 0.516052
-0.938049 0.516108

-0.938049 0.516109
-0.937744 0.516341

-0.937744 0.516341
-0.937723 0.516357

-0.937723 0.516357
-0.937439 0.516574

-0.937439 0.516574
-0.937321 0.516663

-0.937322 0.516663
-0.937134 0.516806

-0.937134 0.516806
-0.936921 0.516968

-0.936921 0.516968
-0.936829 0.517037

-0.936829 0.517038
-0.936523 0.51727

-0.936523 0.51727
-0.93652 0.517273

-0.93652 0.517273
-0.936218 0.517503

-0.936218 0.517503
-0.936118 0.517578

-0.936119 0.517578
-0.935913 0.517735

-0.935913 0.517735
-0.935718 0.517883

-0.935719 0.517883
-0.935608 0.517966

-0.935608 0.517967
-0.935317 0.518188

-0.935316 0.518188
-0.935303 0.518199

-0.935303 0.518199
-0.934998 0.518431

-0.934998 0.518432
-0.934915 0.518494

-0.934916 0.518494
-0.934692 0.518663

-0.934692 0.518664
-0.934514 0.518799

-0.934515 0.518799
-0.934387 0.518894

-0.934387 0.518895
-0.934113 0.519104

-0.934112 0.519104
-0.934082 0.519127

-0.934082 0.519127
-0.933777 0.51936

-0.933777 0.51936
-0.933711 0.519409

-0.933712 0.519409
-0.933472 0.519592

-0.933472 0.519592
-0.93331 0.519714

-0.933311 0.519714
-0.933167 0.519823

-0.933167 0.519824
-0.932909 0.52002

-0.932908 0.52002
-0.932861 0.520055

-0.932861 0.520055
-0.932556 0.520287

-0.932556 0.520288
-0.932507 0.520325

-0.932507 0.520325
-0.932251 0.520519

-0.932251 0.52052
-0.932105 0.52063

-0.932106 0.52063
-0.931946 0.520751

-0.931946 0.520751
-0.931704 0.520935

-0.931703 0.520935
-0.931641 0.520982

-0.931641 0.520983
-0.931335 0.521215

-0.931335 0.521215
-0.931302 0.52124

-0.931302 0.52124
-0.93103 0.521447

-0.93103 0.521447
-0.930899 0.521545

-0.930901 0.521545
-0.930725 0.521678

-0.930725 0.521679
-0.930499 0.521851

-0.930498 0.521851
-0.93042 0.521909

-0.93042 0.52191
-0.930115 0.522142

-0.930115 0.522142
-0.930096 0.522156

-0.930097 0.522156
-0.92981 0.522374

-0.92981 0.522374
-0.929693 0.522461

-0.929695 0.522461
-0.929504 0.522605

-0.929504 0.522606
-0.929293 0.522766

-0.929293 0.522766
-0.929199 0.522836

-0.929199 0.522837
-0.928894 0.523069

-0.928894 0.523069
-0.928891 0.523071

-0.928891 0.523071
-0.928589 0.5233

-0.928589 0.523301
-0.928487 0.523376

-0.928488 0.523376
-0.928284 0.523532

-0.928284 0.523532
-0.928086 0.523682

-0.928087 0.523682
-0.927979 0.523762

-0.927979 0.523763
-0.927684 0.523987

-0.927683 0.523987
-0.927673 0.523994

-0.927673 0.523995
-0.927368 0.524226

-0.927368 0.524227
-0.927281 0.524292

-0.927282 0.524292
-0.927063 0.524458

-0.927063 0.524458
-0.926879 0.524597

-0.92688 0.524597
-0.926758 0.524688

-0.926758 0.524689
-0.926477 0.524902

-0.926476 0.524902
-0.926453 0.52492

-0.926453 0.524921
-0.926147 0.525152

-0.926147 0.525153
-0.926074 0.525208

-0.926075 0.525208
-0.925842 0.525384

-0.925842 0.525384
-0.925672 0.525513

-0.925673 0.525513
-0.925537 0.525614

-0.925537 0.525615
-0.92527 0.525818

-0.925269 0.525818
-0.925232 0.525846

-0.925232 0.525846
-0.924927 0.526078

-0.924927 0.526078
-0.924866 0.526123

-0.924867 0.526123
-0.924622 0.526309

-0.924622 0.526309
-0.924464 0.526428

-0.924465 0.526428
-0.924316 0.52654

-0.924316 0.52654
-0.924062 0.526733

-0.924061 0.526733
-0.924011 0.526771

-0.924011 0.526771
-0.923706 0.527003

-0.923706 0.527003
-0.923658 0.527039

-0.923659 0.527039
-0.923401 0.527234

-0.923401 0.527234
-0.923255 0.527344

-0.923256 0.527344
-0.923096 0.527465

-0.923096 0.527465
-0.922853 0.527649

-0.922853 0.527649
-0.922791 0.527695

-0.922791 0.527696
-0.922485 0.527927

-0.922485 0.527927
-0.92245 0.527954

-0.92245 0.527954
-0.92218 0.528158

-0.92218 0.528159
-0.922046 0.528259

-0.922047 0.528259
-0.921875 0.528389

-0.921875 0.52839
-0.921644 0.528564

-0.921644 0.528564
-0.92157 0.52862

-0.92157 0.528621
-0.921265 0.528852

-0.921265 0.528852
-0.921241 0.52887

-0.921241 0.52887
-0.920959 0.529083

-0.920959 0.529083
-0.920836 0.529175

-0.920838 0.529175
-0.920654 0.529313

-0.920654 0.529314
-0.920435 0.52948

-0.920434 0.52948
-0.920349 0.529543

-0.920349 0.529544
-0.920044 0.529775

-0.920044 0.529775
-0.920031 0.529785

-0.920031 0.529785
-0.919739 0.530006

-0.919739 0.530007
-0.919626 0.53009

-0.919628 0.53009
-0.919434 0.530237

-0.919434 0.530237
-0.919225 0.530396

-0.919225 0.530396
-0.919128 0.530467

-0.919128 0.530468
-0.918823 0.530699

-0.918823 0.530699
-0.918821 0.530701

-0.918821 0.530701
-0.918518 0.53093

-0.918518 0.53093
-0.918416 0.531006

-0.918417 0.531006
-0.918213 0.53116

-0.918213 0.531161
-0.918014 0.531311

-0.918014 0.531311
-0.917908 0.53139

-0.917908 0.531391
-0.91761 0.531616

-0.91761 0.531616
-0.917603 0.531621

-0.917603 0.531622
-0.917297 0.531853

-0.917297 0.531853
-0.917206 0.531921

-0.917206 0.531921
-0.916992 0.532083

-0.916992 0.532083
-0.916803 0.532227

-0.916804 0.532227
-0.916687 0.532313

-0.916687 0.532314
-0.916399 0.532532

-0.916398 0.532532
-0.916382 0.532544

-0.916382 0.532545
-0.916077 0.532775

-0.916077 0.532776
-0.915994 0.532837

-0.915995 0.532837
-0.915771 0.533006

-0.915771 0.533006
-0.915591 0.533142

-0.915592 0.533142
-0.915466 0.533235

-0.915466 0.533236
-0.915187 0.533447

-0.915186 0.533447
-0.915161 0.533466

-0.915161 0.533467
-0.914856 0.533697

-0.914856 0.533698
-0.914782 0.533752

-0.914783 0.533752
-0.914551 0.533928

-0.914551 0.533928
-0.914379 0.534058

-0.91438 0.534058
-0.914246 0.534158

-0.914246 0.534158
-0.913975 0.534363

-0.913974 0.534363
-0.91394 0.534388

-0.91394 0.534389
-0.913635 0.534619

-0.913635 0.534619
-0.91357 0.534668

-0.913571 0.534668
-0.91333 0.53485

-0.91333 0.53485
-0.913166 0.534973

-0.913167 0.534973
-0.913025 0.535079

-0.913025 0.53508
-0.912762 0.535278

-0.912761 0.535278
-0.91272 0.535309

-0.91272 0.53531
-0.912415 0.535541

-0.912415 0.535541
-0.912357 0.535583

-0.912358 0.535583
-0.912109 0.535771

-0.912109 0.535771
-0.911953 0.535889

-0.911954 0.535889
-0.911804 0.536001

-0.911804 0.536001
-0.911549 0.536194

-0.911548 0.536194
-0.911499 0.536231

-0.911499 0.536231
-0.911194 0.536462

-0.911194 0.536462
-0.911144 0.536499

-0.911144 0.536499
-0.910889 0.536692

-0.910889 0.536692
-0.910739 0.536804

-0.91074 0.536804
-0.910583 0.536922

-0.910583 0.536922
-0.910335 0.537109

-0.910335 0.537109
-0.910278 0.537151

-0.910278 0.537152
-0.909973 0.537382

-0.909973 0.537382
-0.90993 0.537415

-0.90993 0.537415
-0.909668 0.537612

-0.909668 0.537613
-0.909525 0.53772

-0.909526 0.53772
-0.909363 0.537842

-0.909363 0.537843
-0.909121 0.538025

-0.909121 0.538025
-0.909058 0.538072

-0.909058 0.538073
-0.908752 0.538303

-0.908752 0.538303
-0.908716 0.53833

-0.908716 0.53833
-0.908447 0.538533

-0.908447 0.538533
-0.90831 0.538635

-0.908311 0.538635
-0.908142 0.538762

-0.908142 0.538763
-0.907906 0.53894

-0.907906 0.53894
-0.907837 0.538992

-0.907837 0.538993
-0.907532 0.539223

-0.907532 0.539223
-0.907501 0.539246

-0.907501 0.539246
-0.907227 0.539453

-0.907227 0.539453
-0.907095 0.539551

-0.907096 0.539551
-0.906921 0.539682

-0.906921 0.539683
-0.906691 0.539856

-0.906691 0.539856
-0.906616 0.539911

-0.906616 0.539912
-0.906311 0.540142

-0.906311 0.540142
-0.906286 0.540161

-0.906286 0.540161
-0.906006 0.540372

-0.906006 0.540373
-0.905879 0.540466

-0.905881 0.540466
-0.905701 0.540602

-0.905701 0.540602
-0.905476 0.540771

-0.905475 0.540771
-0.905396 0.540831

-0.905396 0.540832
-0.90509 0.541061

-0.90509 0.541061
-0.90507 0.541077

-0.90507 0.541077
-0.904785 0.541291

-0.904785 0.541292
-0.904663 0.541382

-0.904665 0.541382
-0.90448 0.541521

-0.90448 0.541521
-0.90426 0.541687

-0.904259 0.541687
-0.904175 0.54175

-0.904175 0.541751
-0.90387 0.54198

-0.90387 0.54198
-0.903854 0.541992

-0.903854 0.541992
-0.903564 0.54221

-0.903564 0.542211
-0.903447 0.542297

-0.903449 0.542297
-0.903259 0.54244

-0.903259 0.54244
-0.903043 0.542603

-0.903043 0.542603
-0.902954 0.542668

-0.902954 0.542669
-0.902649 0.542899

-0.902649 0.542899
-0.902637 0.542908

-0.902637 0.542908
-0.902344 0.543129

-0.902344 0.543129
-0.90223 0.543213

-0.902232 0.543213
-0.902039 0.543358

-0.902039 0.543358
-0.901826 0.543518

-0.901826 0.543518
-0.901733 0.543587

-0.901733 0.543588
-0.901428 0.543817

-0.901428 0.543817
-0.90142 0.543823

-0.90142 0.543823
-0.901123 0.544047

-0.901123 0.544047
-0.901013 0.544128

-0.901014 0.544128
-0.900818 0.544276

-0.900818 0.544276
-0.900609 0.544434

-0.900609 0.544434
-0.900513 0.544505

-0.900513 0.544506
-0.900208 0.544735

-0.900208 0.544735
-0.900203 0.544739

-0.900203 0.544739
-0.899902 0.544965

-0.899902 0.544965
-0.899796 0.545044

-0.899797 0.545044
-0.899597 0.545194

-0.899597 0.545194
-0.899391 0.545349

-0.899391 0.545349
-0.899292 0.545422

-0.899292 0.545423
-0.898987 0.545653

-0.898987 0.545653
-0.898985 0.545654

-0.898985 0.545654
-0.898682 0.545882

-0.898682 0.545883
-0.898577 0.545959

-0.898579 0.545959
-0.898376 0.546111

-0.898376 0.546112
-0.898173 0.546265

-0.898173 0.546265
-0.898071 0.54634

-0.898071 0.546341
-0.897766 0.54657

-0.897766 0.54657
-0.897461 0.546799

-0.897461 0.5468
-0.897359 0.546875

-0.89736 0.546875
-0.897156 0.547029

-0.897156 0.547029
-0.896954 0.54718

-0.896954 0.54718
-0.896851 0.547257

-0.896851 0.547258
-0.896547 0.547485

-0.896547 0.547485
-0.896545 0.547487

-0.896545 0.547487
-0.89624 0.547716

-0.89624 0.547717
-0.89614 0.547791

-0.896141 0.547791
-0.895935 0.547945

-0.895935 0.547945
-0.895735 0.548096

-0.895735 0.548096
-0.89563 0.548173

-0.89563 0.548174
-0.895328 0.548401

-0.895328 0.548401
-0.895325 0.548403

-0.895325 0.548404
-0.89502 0.548633

-0.89502 0.548633
-0.894921 0.548706

-0.894922 0.548706
-0.894714 0.548862

-0.894714 0.548862
-0.894515 0.549011

-0.894516 0.549011
-0.894409 0.54909

-0.894409 0.549091
-0.894109 0.549316

-0.894108 0.549316
-0.894104 0.54932

-0.894104 0.54932
-0.893799 0.549549

-0.893799 0.549549
-0.893701 0.549622

-0.893702 0.549622
-0.893494 0.549778

-0.893494 0.549778
-0.893295 0.549927

-0.893296 0.549927
-0.893188 0.550006

-0.893188 0.550007
-0.892889 0.550232

-0.892888 0.550232
-0.892883 0.550235

-0.892883 0.550236
-0.892578 0.550465

-0.892578 0.550465
-0.892481 0.550537

-0.892482 0.550537
-0.892273 0.550694

-0.892273 0.550694
-0.892075 0.550842

-0.892076 0.550842
-0.891968 0.550922

-0.891968 0.550923
-0.891668 0.551147

-0.891668 0.551147
-0.891663 0.551151

-0.891663 0.551152
-0.891357 0.55138

-0.891357 0.551381
-0.89126 0.551453

-0.891261 0.551453
-0.891052 0.551609

-0.891052 0.551609
-0.890854 0.551758

-0.890855 0.551758
-0.890747 0.551837

-0.890747 0.551838
-0.890447 0.552063

-0.890447 0.552063
-0.890442 0.552067

-0.890442 0.552067
-0.890137 0.552296

-0.890137 0.552296
-0.890039 0.552368

-0.89004 0.552368
-0.889832 0.552525

-0.889832 0.552525
-0.889633 0.552673

-0.889634 0.552673
-0.889526 0.552752

-0.889526 0.552753
-0.889226 0.552979

-0.889225 0.552979
-0.889221 0.552982

-0.889221 0.552982
-0.888916 0.553211

-0.888916 0.553211
-0.888818 0.553284

-0.888819 0.553284
-0.888611 0.553439

-0.888611 0.55344
-0.888412 0.553589

-0.888412 0.553589
-0.888306 0.553667

-0.888306 0.553668
-0.888004 0.553894

-0.888004 0.553894
-0.888 0.553896

-0.888 0.553897
-0.887695 0.554125

-0.887695 0.554126
-0.887596 0.554199

-0.887597 0.554199
-0.88739 0.554354

-0.88739 0.554354
-0.88719 0.554504

-0.88719 0.554504
-0.887085 0.554581

-0.887085 0.554583
-0.886782 0.55481

-0.886782 0.55481
-0.88678 0.554811

-0.88678 0.554811
-0.886475 0.55504

-0.886475 0.55504
-0.886373 0.555115

-0.886374 0.555115
-0.886169 0.555268

-0.886169 0.555268
-0.885967 0.55542

-0.885967 0.55542
-0.885864 0.555496

-0.885864 0.555497
-0.885559 0.555725

-0.885559 0.555725
-0.885254 0.555954

-0.885254 0.555954
-0.885151 0.55603

-0.885152 0.55603
-0.884949 0.556182

-0.884949 0.556182
-0.884744 0.556335

-0.884745 0.556335
-0.884644 0.55641

-0.884644 0.556411
-0.884338 0.556639

-0.884338 0.556639
-0.884336 0.556641

-0.884336 0.556641
-0.884033 0.556867

-0.884033 0.556868
-0.883927 0.556946

-0.883929 0.556946
-0.883728 0.557096

-0.883728 0.557096
-0.883521 0.557251

-0.883521 0.557251
-0.883423 0.557323

-0.883423 0.557324
-0.883118 0.557552

-0.883118 0.557553
-0.883113 0.557556

-0.883113 0.557556
-0.882812 0.557781

-0.882812 0.557782
-0.882704 0.557861

-0.882705 0.557861
-0.882507 0.558009

-0.882507 0.558009
-0.882297 0.558167

-0.882297 0.558167
-0.882202 0.558236

-0.882202 0.558237
-0.881897 0.558466

-0.881897 0.558466
-0.881889 0.558472

-0.881889 0.558472
-0.881592 0.558694

-0.881592 0.558695
-0.881479 0.558777

-0.881481 0.558777
-0.881287 0.558922

-0.881287 0.558922
-0.881073 0.559082

-0.881073 0.559082
-0.880981 0.559149

-0.880981 0.55915
-0.880676 0.559378

-0.880676 0.559378
-0.880664 0.559387

-0.880665 0.559387
-0.880371 0.559607

-0.880371 0.559607
-0.880255 0.559692

-0.880256 0.559692
-0.880066 0.559835

-0.880066 0.559835
-0.879848 0.559998

-0.879848 0.559998
-0.879761 0.560062

-0.879761 0.560063
-0.879456 0.560291

-0.879456 0.560291
-0.87944 0.560303

-0.87944 0.560303
-0.87915 0.560519

-0.87915 0.56052
-0.87903 0.560608

-0.879031 0.560608
-0.878845 0.560747

-0.878845 0.560747
-0.878623 0.560913

-0.878623 0.560913
-0.87854 0.560974

-0.87854 0.560975
-0.878235 0.561203

-0.878235 0.561203
-0.878214 0.561218

-0.878214 0.561218
-0.87793 0.561431

-0.87793 0.561432
-0.877805 0.561523

-0.877806 0.561523
-0.877625 0.561659

-0.877625 0.561659
-0.877398 0.561829

-0.877397 0.561829
-0.877319 0.561886

-0.877319 0.561887
-0.877014 0.562115

-0.877014 0.562115
-0.876989 0.562134

-0.876989 0.562134
-0.876709 0.562343

-0.876709 0.562343
-0.876579 0.562439

-0.87658 0.562439
-0.876404 0.562571

-0.876404 0.562571
-0.876172 0.562744

-0.876171 0.562744
-0.876099 0.562798

-0.876099 0.562798
-0.875793 0.563026

-0.875793 0.563026
-0.875762 0.563049

-0.875763 0.563049
-0.875488 0.563254

-0.875488 0.563255
-0.875353 0.563354

-0.875354 0.563354
-0.875183 0.563482

-0.875183 0.563482
-0.874945 0.56366

-0.874945 0.56366
-0.874878 0.563709

-0.874878 0.56371
-0.874573 0.563938

-0.874573 0.563938
-0.874536 0.563965

-0.874536 0.563965
-0.874268 0.564165

-0.874268 0.564166
-0.874126 0.56427

-0.874128 0.56427
-0.873962 0.564393

-0.873962 0.564393
-0.873718 0.564575

-0.873718 0.564575
-0.873657 0.56462

-0.873657 0.564621
-0.873352 0.564848

-0.873352 0.564849
-0.873309 0.56488

-0.873309 0.56488
-0.873047 0.565076

-0.873047 0.565076
-0.872899 0.565186

-0.872901 0.565186
-0.872742 0.565303

-0.872742 0.565304
-0.872491 0.565491

-0.87249 0.565491
-0.872437 0.56553

-0.872437 0.565531
-0.872131 0.565759

-0.872131 0.565759
-0.872081 0.565796

-0.872082 0.565796
-0.871826 0.565987

-0.871826 0.565987
-0.871672 0.566101

-0.871673 0.566101
-0.871521 0.566214

-0.871521 0.566214
-0.871263 0.566406

-0.871263 0.566406
-0.871216 0.566441

-0.871216 0.566442
-0.870911 0.566669

-0.870911 0.566669
-0.870854 0.566711

-0.870854 0.566711
-0.870605 0.566897

-0.870605 0.566897
-0.870444 0.567017

-0.870445 0.567017
-0.8703 0.567124

-0.8703 0.567124
-0.870035 0.567322

-0.870035 0.567322
-0.869995 0.567351

-0.869995 0.567352
-0.86969 0.567579

-0.86969 0.567579
-0.869625 0.567627

-0.869626 0.567627
-0.869385 0.567807

-0.869385 0.567807
-0.869216 0.567932

-0.869217 0.567932
-0.86908 0.568033

-0.86908 0.568034
-0.868807 0.568237

-0.868806 0.568237
-0.868774 0.568261

-0.868774 0.568261
-0.868469 0.568489

-0.868469 0.568489
-0.868397 0.568542

-0.868397 0.568542
-0.868164 0.568716

-0.868164 0.568716
-0.867988 0.568848

-0.867988 0.568848
-0.867859 0.568943

-0.867859 0.568944
-0.867578 0.569153

-0.867577 0.569153
-0.867554 0.56917

-0.867554 0.569171
-0.867249 0.569398

-0.867249 0.569399
-0.867167 0.569458

-0.867168 0.569458
-0.866943 0.569626

-0.866943 0.569626
-0.866759 0.569763

-0.866759 0.569763
-0.866638 0.569852

-0.866638 0.569853
-0.866349 0.570068

-0.866348 0.570068
-0.866333 0.57008

-0.866333 0.57008
-0.866028 0.570307

-0.866028 0.570308
-0.865938 0.570374

-0.865939 0.570374
-0.865723 0.570535

-0.865723 0.570535
-0.865529 0.570679

-0.86553 0.570679
-0.865417 0.570761

-0.865417 0.570762
-0.865119 0.570984

-0.865119 0.570984
-0.865112 0.570989

-0.865112 0.570989
-0.864807 0.571216

-0.864807 0.571217
-0.864708 0.571289

-0.864709 0.571289
-0.864502 0.571443

-0.864502 0.571444
-0.864299 0.571594

-0.8643 0.571594
-0.864197 0.571669

-0.864197 0.571671
-0.863892 0.571898

-0.863892 0.571898
-0.863889 0.571899

-0.863889 0.571899
-0.863586 0.572125

-0.863586 0.572126
-0.863478 0.572205

-0.863479 0.572205
-0.863281 0.572352

-0.863281 0.572352
-0.863069 0.57251

-0.86307 0.57251
-0.862976 0.572578

-0.862976 0.572579
-0.862671 0.572806

-0.862671 0.572806
-0.862659 0.572815

-0.862659 0.572815
-0.862366 0.573033

-0.862366 0.573034
-0.862248 0.57312

-0.862249 0.57312
-0.862061 0.57326

-0.862061 0.57326
-0.861839 0.573425

-0.861839 0.573425
-0.861755 0.573486

-0.861755 0.573487
-0.86145 0.573714

-0.86145 0.573714
-0.861428 0.57373

-0.861428 0.57373
-0.861145 0.573941

-0.861145 0.573942
-0.861017 0.574036

-0.861018 0.574036
-0.86084 0.574168

-0.86084 0.574168
-0.860608 0.574341

-0.860608 0.574341
-0.860535 0.574394

-0.860535 0.574395
-0.860229 0.574622

-0.860229 0.574622
-0.860197 0.574646

-0.860198 0.574646
-0.859924 0.574849

-0.859924 0.57485
-0.859786 0.574951

-0.859787 0.574951
-0.859619 0.575076

-0.859619 0.575076
-0.859377 0.575256

-0.859376 0.575256
-0.859314 0.575302

-0.859314 0.575303
-0.859009 0.57553

-0.859009 0.57553
-0.858966 0.575562

-0.858966 0.575562
-0.858704 0.575757

-0.858704 0.575757
-0.858555 0.575867

-0.858556 0.575867
-0.858398 0.575983

-0.858398 0.575984
-0.858145 0.576172

-0.858145 0.576172
-0.858093 0.57621

-0.858093 0.576211
-0.857788 0.576437

-0.857788 0.576438
-0.857734 0.576477

-0.857735 0.576477
-0.857483 0.576664

-0.857483 0.576664
-0.857324 0.576782

-0.857325 0.576782
-0.857178 0.576891

-0.857178 0.576891
-0.856914 0.577087

-0.856913 0.577087
-0.856873 0.577117

-0.856873 0.577118
-0.856567 0.577345

-0.856567 0.577345
-0.856502 0.577393

-0.856503 0.577393
-0.856262 0.577571

-0.856262 0.577571
-0.856092 0.577698

-0.856093 0.577698
-0.855957 0.577797

-0.855957 0.577798
-0.855681 0.578003

-0.855681 0.578003
-0.855652 0.578024

-0.855652 0.578025
-0.855347 0.578252

-0.855347 0.578252
-0.85527 0.578308

-0.855271 0.578308
-0.855042 0.578478

-0.855042 0.578478
-0.85486 0.578613

-0.854861 0.578613
-0.854736 0.578704

-0.854736 0.578705
-0.854449 0.578918

-0.854448 0.578918
-0.854431 0.578931

-0.854431 0.578932
-0.854126 0.579158

-0.854126 0.579159
-0.854037 0.579224

-0.854038 0.579224
-0.853821 0.579385

-0.853821 0.579385
-0.853627 0.579529

-0.853628 0.579529
-0.853516 0.57961

-0.853516 0.579612
-0.853216 0.579834

-0.853216 0.579834
-0.85321 0.579838

-0.85321 0.579838
-0.852905 0.580065

-0.852905 0.580065
-0.852804 0.580139

-0.852805 0.580139
-0.8526 0.580291

-0.8526 0.580291
-0.852394 0.580444

-0.852395 0.580444
-0.852295 0.580517

-0.852295 0.580518
-0.85199 0.580744

-0.85199 0.580744
-0.851983 0.58075

-0.851983 0.58075
-0.851685 0.580971

-0.851685 0.580972
-0.85157 0.581055

-0.851572 0.581055
-0.851379 0.581198

-0.851379 0.581198
-0.851161 0.58136

-0.851161 0.58136
-0.851074 0.581423

-0.851074 0.581424
-0.850769 0.581651

-0.850769 0.581651
-0.850749 0.581665

-0.85075 0.581665
-0.850464 0.581877

-0.850464 0.581878
-0.850337 0.58197

-0.850338 0.58197
-0.850159 0.582103

-0.850159 0.582104
-0.849927 0.582275

-0.849927 0.582275
-0.849854 0.582329

-0.849854 0.58233
-0.849548 0.582556

-0.849548 0.582557
-0.849516 0.582581

-0.849516 0.582581
-0.849243 0.582783

-0.849243 0.582783
-0.849104 0.582886

-0.849105 0.582886
-0.848938 0.583009

-0.848938 0.583009
-0.848693 0.583191

-0.848693 0.583191
-0.848633 0.583235

-0.848633 0.583236
-0.848328 0.583462

-0.848328 0.583462
-0.848281 0.583496

-0.848282 0.583496
-0.848022 0.583688

-0.848022 0.583689
-0.84787 0.583801

-0.847871 0.583801
-0.847717 0.583914

-0.847717 0.583915
-0.847459 0.584106

-0.847458 0.584106
-0.847412 0.58414

-0.847412 0.584141
-0.847107 0.584367

-0.847107 0.584368
-0.847047 0.584412

-0.847047 0.584412
-0.846802 0.584594

-0.846802 0.584594
-0.846636 0.584717

-0.846637 0.584717
-0.846497 0.58482

-0.846497 0.58482
-0.846224 0.585022

-0.846224 0.585022
-0.846191 0.585046

-0.846191 0.585046
-0.845886 0.585273

-0.845886 0.585273
-0.845812 0.585327

-0.845813 0.585327
-0.845581 0.585499

-0.845581 0.585499
-0.845401 0.585632

-0.845402 0.585632
-0.845276 0.585724

-0.845276 0.585725
-0.844989 0.585938

-0.844989 0.585938
-0.844971 0.585951

-0.844971 0.585951
-0.844666 0.586178

-0.844666 0.586178
-0.844577 0.586243

-0.844578 0.586243
-0.84436 0.586404

-0.84436 0.586404
-0.844166 0.586548

-0.844167 0.586548
-0.844055 0.586629

-0.844055 0.58663
-0.843754 0.586853

-0.843754 0.586853
-0.84375 0.586856

-0.84375 0.586856
-0.843445 0.587082

-0.843445 0.587083
-0.843341 0.587158

-0.843343 0.587158
-0.84314 0.587309

-0.84314 0.587309
-0.842931 0.587463

-0.842931 0.587463
-0.842834 0.587534

-0.842834 0.587535
-0.842529 0.587761

-0.842529 0.587761
-0.842519 0.587769

-0.842519 0.587769
-0.842224 0.587987

-0.842224 0.587988
-0.842106 0.588074

-0.842107 0.588074
-0.841919 0.588213

-0.841919 0.588213
-0.841695 0.588379

-0.841695 0.588379
-0.841614 0.588438

-0.841614 0.588439
-0.841309 0.588665

-0.841309 0.588665
-0.841283 0.588684

-0.841283 0.588684
-0.841003 0.588891

-0.841003 0.588892
-0.84087 0.588989

-0.840871 0.588989
-0.840698 0.589117

-0.840698 0.589117
-0.840459 0.589294

-0.840459 0.589294
-0.840393 0.589342

-0.840393 0.589343
-0.840088 0.589569

-0.840088 0.58957
-0.840047 0.5896

-0.840047 0.5896
-0.839783 0.589795

-0.839783 0.589796
-0.839634 0.589905

-0.839636 0.589905
-0.839478 0.590021

-0.839478 0.590022
-0.839223 0.59021

-0.839222 0.59021
-0.839172 0.590247

-0.839172 0.590247
-0.838867 0.590473

-0.838867 0.590474
-0.83881 0.590515

-0.838811 0.590515
-0.838562 0.590699

-0.838562 0.5907
-0.838398 0.59082

-0.838399 0.59082
-0.838257 0.590925

-0.838257 0.590925
-0.837987 0.591125

-0.837986 0.591125
-0.837952 0.591151

-0.837952 0.591151
-0.837646 0.591377

-0.837646 0.591378
-0.837574 0.591431

-0.837574 0.591431
-0.837341 0.591603

-0.837341 0.591603
-0.837162 0.591736

-0.837163 0.591736
-0.837036 0.591828

-0.837036 0.591829
-0.83675 0.592041

-0.836749 0.592041
-0.836731 0.592054

-0.836731 0.592055
-0.836426 0.592281

-0.836426 0.592281
-0.836336 0.592346

-0.836338 0.592346
-0.836121 0.592507

-0.836121 0.592507
-0.835925 0.592651

-0.835926 0.592651
-0.835815 0.592732

-0.835815 0.592733
-0.835513 0.592957

-0.835513 0.592957
-0.83551 0.592958

-0.83551 0.592958
-0.835205 0.593184

-0.835205 0.593185
-0.835099 0.593262

-0.835101 0.593262
-0.8349 0.59341

-0.8349 0.59341
-0.834688 0.593567

-0.834688 0.593567
-0.834595 0.593635

-0.834595 0.593636
-0.83429 0.593862

-0.83429 0.593862
-0.834276 0.593872

-0.834276 0.593872
-0.833984 0.594088

-0.833984 0.594088
-0.833862 0.594177

-0.833863 0.594177
-0.833679 0.594313

-0.833679 0.594314
-0.833451 0.594482

-0.833451 0.594482
-0.833374 0.594538

-0.833374 0.594539
-0.833069 0.594765

-0.833069 0.594765
-0.833038 0.594788

-0.833038 0.594788
-0.832764 0.594991

-0.832764 0.594991
-0.832625 0.595093

-0.832626 0.595093
-0.832458 0.595216

-0.832458 0.595217
-0.832213 0.595398

-0.832213 0.595398
-0.832153 0.595441

-0.832153 0.595442
-0.831848 0.595668

-0.831848 0.595668
-0.8318 0.595703

-0.831801 0.595703
-0.831543 0.595894

-0.831543 0.595894
-0.831387 0.596008

-0.831388 0.596008
-0.831238 0.596119

-0.831238 0.596119
-0.830975 0.596313

-0.830975 0.596313
-0.830933 0.596344

-0.830933 0.596345
-0.830627 0.596571

-0.830627 0.596571
-0.830562 0.596619

-0.830563 0.596619
-0.830322 0.596796

-0.830322 0.596796
-0.83015 0.596924

-0.830151 0.596924
-0.830017 0.597021

-0.830017 0.597022
-0.829737 0.597229

-0.829737 0.597229
-0.829712 0.597247

-0.829712 0.597248
-0.829407 0.597473

-0.829407 0.597474
-0.829323 0.597534

-0.829324 0.597534
-0.829102 0.597699

-0.829102 0.597699
-0.828912 0.597839

-0.828912 0.597839
-0.828796 0.597924

-0.828796 0.597925
-0.828499 0.598145

-0.828498 0.598145
-0.828491 0.59815

-0.828491 0.59815
-0.828186 0.598376

-0.828186 0.598376
-0.828085 0.59845

-0.828086 0.59845
-0.827881 0.598601

-0.827881 0.598601
-0.827673 0.598755

-0.827674 0.598755
-0.827576 0.598826

-0.827576 0.598827
-0.827271 0.599052

-0.827271 0.599052
-0.82726 0.59906

-0.82726 0.59906
-0.826965 0.599278

-0.826965 0.599279
-0.826846 0.599365

-0.826847 0.599365
-0.82666 0.599504

-0.82666 0.599504
-0.826435 0.59967

-0.826434 0.59967
-0.826355 0.599728

-0.826355 0.599729
-0.82605 0.599955

-0.82605 0.599955
-0.826021 0.599976

