-1.65643 0.0
-1.65642 0.000610352

-1.65642 0.000610352
-1.65639 0.0012207

-1.65639 0.0012207
-1.65633 0.00183105

-1.65633 0.00183105
-1.65625 0.00244141

-1.65625 0.00244141
-1.65615 0.00305176

-1.65615 0.00305176
-1.65613 0.003153

-1.65613 0.00315346
-1.65602 0.00366211

-1.65602 0.00366211
-1.65587 0.00427246

-1.65587 0.00427246
-1.6557 0.00488281

-1.6557 0.00488281
-1.65552 0.00542044

-1.65552 0.00542343
-1.65549 0.00549316

-1.65549 0.00549316
-1.65526 0.00610352

-1.65526 0.00610352
-1.655 0.00671387

-1.655 0.00671387
-1.65491 0.00691008

-1.65491 0.00691142
-1.65471 0.00732422

-1.65471 0.00732422
-1.65438 0.00793457

-1.65438 0.00793457
-1.6543 0.00807406

-1.6543 0.00807433
-1.65401 0.00854492

-1.65401 0.00854492
-1.65369 0.00903134

-1.65369 0.00903385
-1.65361 0.00915527

-1.65361 0.00915527
-1.65315 0.00976562

-1.65315 0.00976562
-1.65308 0.00985143

-1.65308 0.00984999
-1.65263 0.010376

-1.65263 0.010376
-1.65247 0.010555

-1.65247 0.0105528
-1.65205 0.0109863

-1.65205 0.0109863
-1.65186 0.0111722

-1.65186 0.0111725
-1.65138 0.0115967

-1.65138 0.0115967
-1.65125 0.0117118

-1.65125 0.0117113
-1.65063 0.0121881

-1.65063 0.0121779
-1.65059 0.012207

-1.65061 0.012207
-1.65002 0.0126068

-1.65002 0.0126024
-1.64967 0.0128174

-1.64967 0.0128174
-1.64941 0.0129725

-1.64941 0.012969
-1.6488 0.0132879

-1.6488 0.0132849
-1.64849 0.0134277

-1.6485 0.0134277
-1.64819 0.013565

-1.64819 0.0135615
-1.64758 0.0137947

-1.64758 0.0137939
-1.64697 0.0139888

-1.64697 0.0139841
-1.64676 0.0140381

-1.64679 0.0140381
-1.64636 0.0141489

-1.64636 0.0141457
-1.64575 0.0142666

-1.64575 0.0142665
-1.64514 0.0143529

-1.64514 0.0143528
-1.64453 0.0144051

-1.64453 0.014405
-1.64392 0.0144237

-1.64392 0.0144237
-1.64331 0.0144091

-1.64331 0.0144091
-1.6427 0.0143612

-1.6427 0.0143613
-1.64209 0.0142799

-1.64209 0.01428
-1.64148 0.0141645

-1.64087 0.0140171
-1.64095 0.0140381

-1.64148 0.0141642
-1.64096 0.0140381

-1.64087 0.014016
-1.64026 0.0138301

-1.64026 0.0138296
-1.63965 0.0136064

-1.63904 0.0133489
-1.63922 0.0134277

-1.63904 0.0133465
-1.63843 0.0130437

-1.63965 0.0136059
-1.63923 0.0134277

-1.63782 0.0127016
-1.63802 0.0128174

-1.63843 0.0130425
-1.63803 0.0128174

-1.63782 0.0126979
-1.63721 0.012305

-1.6366 0.0118654
-1.63707 0.012207

-1.63599 0.0113638
-1.63627 0.0115967

-1.6366 0.0118559
-1.63627 0.0115967

-1.63538 0.0107935
-1.63558 0.0109863

-1.63477 0.0101479
-1.63497 0.010376

-1.63538 0.0107906
-1.63497 0.010376

-1.63599 0.011355
-1.63558 0.0109863

-1.63721 0.0122971
-1.63708 0.012207

-1.6311 0.00198774
-1.63117 0.00244141

-1.63097 0.0
-1.63099 0.000610352

-1.63099 0.000610352
-1.63102 0.0012207

-1.63102 0.0012207
-1.63108 0.00183105

-1.6311 0.00198762
-1.63108 0.00183105

-1.63117 0.00244141
-1.63127 0.00305176

-1.63127 0.00305176
-1.63141 0.00366211

-1.63171 0.00474882
-1.63175 0.00488281

-1.63141 0.00366211
-1.63157 0.00427246

-1.63171 0.00474872
-1.63157 0.00427246

-1.63232 0.006349
-1.63249 0.00671387

-1.63249 0.00671387
-1.6328 0.00732422

-1.63416 0.00941188
-1.63443 0.00976562

-1.63354 0.00857173
-1.63396 0.00915527

-1.63416 0.00941426
-1.63396 0.00915527

-1.63293 0.00756684
-1.63314 0.00793457

-1.63314 0.00793457
-1.63353 0.00854492

-1.63293 0.00756656
-1.6328 0.00732422

-1.63354 0.00856671
-1.63353 0.00854492

-1.63175 0.00488281
-1.63197 0.00549316

-1.63197 0.00549316
-1.63221 0.00610352

-1.63232 0.00634867
-1.63221 0.00610352

-1.63477 0.0101484
-1.63444 0.00976562

-1.61384 0.0
-1.61359 0.000610352

-1.61379 0.000610352
-1.6134 0.000992652

-1.6134 0.000761312
-1.61279 0.00107113

-1.61279 0.00103812
-1.61218 0.00106301

-1.61218 0.0010405
-1.61157 0.000891533

-1.61157 0.000837489
-1.61096 0.000667781

-1.61035 0.00057313
-1.61056 0.000610352

-1.61096 0.0006742
-1.61053 0.000610352

-1.61035 0.000576596
-1.60974 0.000567599

-1.60974 0.00060035
-1.60925 0.000610352

-1.60913 0.000587321
-1.60852 0.00058164

-1.60852 0.0005993
-1.60791 0.000601961

-1.60793 0.000610352
-1.60791 0.000610397

-1.60791 0.000586366
-1.6073 0.000587917

-1.6073 0.000601505
-1.60669 0.000602859

-1.60669 0.000588807
-1.60608 0.000588183

-1.60608 0.000600868
-1.60547 0.000602245

-1.60554 0.000610352
-1.60547 0.000610431

-1.60547 0.000587846
-1.60486 0.000591897

-1.60487 0.000610352
-1.60486 0.000610405

-1.60486 0.000605364
-1.60425 0.000605618

-1.60486 0.000610525
-1.60425 0.000610652

-1.60425 0.000592177
-1.60364 0.000588075

-1.60364 0.000606659
-1.60303 0.000596355

-1.60303 0.000584663
-1.60242 0.000574981

-1.60242 0.000587964
-1.60181 0.000595686

-1.60181 0.000586823
-1.6012 0.000588265

-1.6012 0.000598094
-1.60059 0.000588441

-1.60059 0.000570732
-1.59998 0.00058505

-1.59998 0.00060244
-1.59955 0.000610352

-1.59937 0.000593279
-1.59875 0.000585128

-1.59875 0.000593935
-1.59814 0.000604933

-1.59814 0.000597785
-1.59753 0.000602619

-1.59753 0.000567227
-1.59721 0.000610352

-1.59725 0.000610352
-1.59692 0.000650817

-1.59692 0.000679691
-1.59631 0.000824656

-1.59631 0.00082223
-1.5957 0.000976939

-1.5957 0.000993444
-1.59509 0.00112974

-1.59509 0.00113595
-1.59448 0.00120841

-1.59448 0.00120992
-1.59387 0.0012031

-1.59387 0.00120153
-1.59326 0.00111557

-1.59326 0.00110898
-1.59265 0.000960174

-1.59265 0.000950236
-1.59204 0.000771657

-1.59143 0.00060067
-1.59147 0.000610352

-1.59204 0.00074806
-1.59144 0.000610352

-1.59143 0.000606847
-1.59082 0.000552041

-1.59082 0.000592189
-1.59021 0.000585668

-1.59021 0.000571711
-1.5896 0.000574136

-1.5896 0.000591921
-1.58899 0.000590787

-1.58899 0.000571432
-1.58838 0.000572147

-1.58838 0.000592436
-1.58777 0.000591702

-1.58777 0.000488248
-1.58735 0.000610352

-1.58731 0.000610352
-1.58716 0.000656532

-1.58716 0.000641171
-1.58655 0.0012207

-1.58672 0.0012207
-1.58655 0.0014524

-1.58655 0.00145465
-1.58621 0.00183105

-1.58622 0.00183105
-1.58594 0.00206059

-1.58594 0.00205462
-1.58533 0.0023942

-1.58533 0.00237416
-1.58506 0.00244141

-1.5835 0.00241302
-1.58362 0.00244141

-1.5851 0.00244141
-1.58472 0.00253965

-1.58472 0.00253292
-1.58411 0.00254177

-1.58411 0.00254404
-1.58367 0.00244141

-1.5835 0.00242042
-1.58289 0.00208345

-1.58228 0.001444
-1.58259 0.00183105

-1.58289 0.00210272
-1.58257 0.00183105

-1.58182 0.0
-1.5819 0.000610352

-1.58189 0.000610352
-1.58213 0.0012207

-1.58228 0.00144642
-1.58213 0.0012207

-1.57752 0.0
-1.57739 0.000308617

-1.57739 0.000175355
-1.57678 0.000448695

-1.57678 0.000353448
-1.57626 0.0

-1.57617 2.88151e-05
-1.57556 0.000254666

-1.57556 0.00010138
-1.57495 0.00036709

-1.57495 0.00017542
-1.57434 0.000363341

-1.57434 0.000301487
-1.57373 0.000397373

-1.57373 0.000338029
-1.57312 0.000337514

-1.57312 0.000342136
-1.57251 0.000355952

-1.57251 0.000347766
-1.5719 0.000348664

-1.5719 0.000348748
-1.57129 0.000350707

-1.57129 0.000349755
-1.57068 0.000349664

-1.57068 0.000349541
-1.57007 0.000349776

-1.57007 0.000350112
-1.56946 0.000349667

-1.56946 0.000349307
-1.56885 0.00034933

-1.56885 0.000349811
-1.56824 0.000350003

-1.56824 0.000349181
-1.56763 0.000349749

-1.56763 0.00035084
-1.56702 0.000349843

-1.56702 0.000349082
-1.56641 0.000348326

-1.56641 0.00035058
-1.5658 0.000348948

-1.5658 0.000348159
-1.56519 0.00034676

-1.56519 0.000352233
-1.56458 0.000345165

-1.56458 0.000343426
-1.56396 0.000340786

-1.56396 0.000354343
-1.56335 0.000339077

-1.56335 0.00031969
-1.56274 0.00034174

-1.56274 0.000447043
-1.56213 0.000279406

-1.56213 0.000496979
-1.56161 0.0

-1.56147 0.0
-1.56091 0.000189213

-1.56091 0.000296555
-1.5603 0.000285036

-1.5603 0.000438206
-1.56007 0.0

-1.55883 0.0
-1.55859 0.000610352

-1.5586 0.000610352
-1.55847 0.000774044

-1.55847 0.000736402
-1.55786 0.0012207

-1.55786 0.00120544
-1.55778 0.0012207

-1.55664 0.00113866
-1.55701 0.0012207

-1.55747 0.0012207
-1.55725 0.00126141

-1.55725 0.00127065
-1.55703 0.0012207

-1.55664 0.00107948
-1.55603 0.000827081

-1.55603 0.000790508
-1.55542 0.000610352

-1.55481 0.000569334
-1.55537 0.000610352

-1.55542 0.000621323
-1.55527 0.000610352

-1.55481 0.000610785
-1.55422 0.000610352

-1.5542 0.000596933
-1.55359 0.000588072

-1.55359 0.000594453
-1.55298 0.000608738

-1.55298 0.000607576
-1.55237 0.000606

-1.55237 0.00061027
-1.55176 0.00058974

-1.55237 0.000611105
-1.55232 0.000610352

-1.55176 0.000584651
-1.55115 0.000587866

-1.55115 0.000607105
-1.55054 0.000599364

-1.55054 0.000583303
-1.54993 0.000573731

-1.54993 0.000583222
-1.54932 0.000604103

-1.54932 0.000605221
-1.54871 0.000593577

-1.54871 0.000590913
-1.5481 0.000573124

-1.5481 0.00057362
-1.54749 0.000589599

-1.54749 0.000597761
-1.54688 0.000598234

-1.54688 0.000591201
-1.54626 0.000572964

-1.54626 0.000574882
-1.54565 0.00058464

-1.54565 0.000587444
-1.54504 0.000596236

-1.54504 0.000595036
-1.54443 0.00058207

-1.54443 0.000582027
-1.54382 0.000575723

-1.54382 0.000573052
-1.54321 0.000591446

-1.54321 0.000592508
-1.5426 0.00060203

-1.5426 0.000598016
-1.54199 0.000585526

-1.54199 0.000587317
-1.54138 0.000582241

-1.54138 0.000587624
-1.54077 0.000585766

-1.54077 0.000573334
-1.54016 0.000592509

-1.54016 0.000607642
-1.53955 0.000604097

-1.53955 0.000590148
-1.53894 0.000568603

-1.53894 0.000585531
-1.53833 0.000583119

-1.53833 0.000576476
-1.53772 0.00057745

-1.53772 0.000587454
-1.53711 0.000583144

-1.53711 0.000574416
-1.5365 0.000570891

-1.5365 0.000576502
-1.53589 0.000587046

-1.53589 0.000539123
-1.53542 0.000610352

-1.53535 0.000610352
-1.53528 0.000619301

-1.53528 0.000609549
-1.53528 0.000610352

-1.53525 0.000610352
-1.53467 0.000877287

-1.53467 0.000952327
-1.53424 0.0012207

-1.53422 0.0012207
-1.53406 0.0013231

-1.53406 0.00135385
-1.53345 0.00165478

-1.53345 0.00166275
-1.53284 0.00182172

-1.53284 0.00182144
-1.53223 0.00182307

-1.53223 0.00182715
-1.53162 0.00166384

-1.53162 0.00171616
-1.53101 0.0012751

-1.53047 0.0
-1.53058 0.000610352

-1.53055 0.000610352
-1.53096 0.0012207

-1.53101 0.00129088
-1.53094 0.0012207

-1.5139 0.0
-1.51343 0.000610352

-1.51331 0.000484365
-1.51294 0.000610352

-1.51272 0.000610352
-1.5127 0.000614856

-1.5127 0.000568803
-1.51208 0.000568202

-1.5127 0.000610665
-1.5121 0.000610352

-1.51208 0.000572268
-1.51147 0.000572239

-1.51086 0.000465539
-1.51122 0.000610352

-1.51147 0.00061476
-1.51145 0.000610352

-1.51032 0.0
-1.51077 0.000610352

-1.51086 0.000626307
-1.51083 0.000610352

-1.51025 9.19824e-05
-1.5101 0.0

-1.50947 0.0
-1.50903 0.000580517

-1.50903 0.000551805
-1.50842 0.000161932

-1.50842 0.000195134
-1.50835 0.0

-1.38147 0.0291407
-1.38165 0.0292969

-1.38086 0.0286326
-1.38093 0.0286865

-1.38116 0.0288832
-1.3813 0.0289917

-1.38147 0.0291378
-1.38129 0.0289917

-1.38116 0.0288818
-1.38093 0.0286865

-1.38574 0.0338564
-1.38575 0.0338745

-1.38575 0.0338745
-1.38596 0.0341797

-1.38818 0.0387491
-1.38819 0.0387573

-1.38819 0.0387573
-1.38829 0.0390625

-1.38696 0.0359026
-1.38702 0.0360107

-1.38727 0.0365132
-1.38732 0.0366211

-1.38702 0.0360107
-1.38717 0.0363159

-1.38727 0.0365132
-1.38717 0.0363159

-1.38666 0.0353378
-1.38669 0.0354004

-1.38635 0.0348122
-1.38652 0.0350952

-1.38666 0.035338
-1.38652 0.0350952

-1.38605 0.0343208
-1.38615 0.0344849

-1.38615 0.0344849
-1.38634 0.03479

-1.38605 0.0343209
-1.38596 0.0341797

-1.38635 0.034812
-1.38634 0.03479

-1.38669 0.0354004
-1.38686 0.0357056

-1.38696 0.0359027
-1.38686 0.0357056

-1.38757 0.0371797
-1.3876 0.0372314

-1.3876 0.0372314
-1.38773 0.0375366

-1.38773 0.0375366
-1.38785 0.0378418

-1.38732 0.0366211
-1.38746 0.0369263

-1.38757 0.0371798
-1.38746 0.0369263

-1.38788 0.0379186
-1.38797 0.038147

-1.38797 0.038147
-1.38808 0.0384521

-1.38788 0.0379182
-1.38785 0.0378418

-1.38818 0.0387491
-1.38808 0.0384521

-1.38391 0.0315156
-1.38411 0.0317383

-1.3833 0.0308589
-1.38356 0.0311279

-1.38361 0.0311812
-1.38384 0.0314331

-1.38391 0.0315161
-1.38384 0.0314331

-1.38361 0.0311812
-1.38356 0.0311279

-1.38452 0.0322261
-1.38462 0.0323486

-1.38483 0.0326057
-1.38486 0.0326538

-1.38487 0.0326538
-1.3851 0.032959

-1.38483 0.032605
-1.38462 0.0323486

-1.38544 0.0334182
-1.38554 0.0335693

-1.38513 0.0330017
-1.38533 0.0332642

-1.38544 0.0334188
-1.38533 0.0332642

-1.38574 0.0338561
-1.38554 0.0335693

-1.38513 0.0330015
-1.3851 0.032959

-1.38422 0.0318628
-1.38437 0.0320435

-1.38452 0.0322274
-1.38437 0.0320435

-1.38422 0.0318645
-1.38411 0.0317383

-1.38269 0.030248
-1.38297 0.0305176

-1.38208 0.0296766
-1.38233 0.0299072

-1.38239 0.0299576
-1.38265 0.0302124

-1.38269 0.0302479
-1.38265 0.0302124

-1.38239 0.0299574
-1.38233 0.0299072

-1.383 0.0305478
-1.38327 0.0308228

-1.3833 0.0308589
-1.38327 0.0308228

-1.383 0.030548
-1.38297 0.0305176

-1.38177 0.0294045
-1.382 0.0296021

-1.38208 0.0296762
-1.382 0.0296021

-1.38177 0.0294032
-1.38165 0.0292969

-1.37842 0.0268453
-1.37843 0.0268555

-1.37994 0.0279208
-1.38015 0.0280762

-1.37964 0.0276968
-1.37974 0.027771

-1.37994 0.0279203
-1.37974 0.027771

-1.38086 0.028632
-1.38055 0.0283887

-1.38025 0.0281517
-1.38054 0.0283813

-1.38055 0.0283889
-1.38054 0.0283813

-1.38025 0.028151
-1.38015 0.0280762

-1.37903 0.0272604
-1.37932 0.0274658

-1.37964 0.0276951
-1.37933 0.0274751

-1.37933 0.0274751
-1.37932 0.0274658

-1.37872 0.0270505
-1.37888 0.0271606

-1.37903 0.02726
-1.37888 0.0271606

-1.37872 0.0270499
-1.37843 0.0268555

-1.37842 0.0268448
-1.37811 0.0266439

-1.37781 0.0264471
-1.37797 0.0265503

-1.37811 0.0266434
-1.37797 0.0265503

-1.3772 0.0260653
-1.37749 0.0262451

-1.37781 0.0264467
-1.3775 0.0262539

-1.3775 0.0262539
-1.37749 0.0262451

-1.37628 0.02552
-1.37648 0.0256348

-1.37628 0.0255197
-1.37598 0.0253447

-1.37689 0.0258804
-1.37699 0.0259399

-1.3772 0.0260648
-1.37699 0.0259399

-1.37689 0.0258798
-1.37659 0.0256981

-1.37659 0.0256979
-1.37648 0.0256348

-1.37415 0.0243569
-1.37426 0.0244141

-1.37415 0.0243566
-1.37384 0.0242012

-1.37354 0.0240486
-1.37366 0.0241089

-1.37384 0.024201
-1.37366 0.0241089

-1.37292 0.0237498
-1.37304 0.0238037

-1.37354 0.0240483
-1.37323 0.0238977

-1.37323 0.0238975
-1.37304 0.0238037

-1.37292 0.0237495
-1.37262 0.0236034

-1.37231 0.0234598
-1.3724 0.0234985

-1.37262 0.0236031
-1.3724 0.0234985

-1.3717 0.023178
-1.37174 0.0231934

-1.3717 0.0231776
-1.3714 0.0230396

-1.3714 0.0230394
-1.37109 0.0229032

-1.37231 0.0234595
-1.37201 0.0233175

-1.37201 0.0233172
-1.37174 0.0231934

-1.37537 0.0250047
-1.3754 0.0250244

-1.37567 0.025173
-1.37595 0.0253296

-1.37598 0.0253447
-1.37595 0.0253296

-1.37567 0.0251727
-1.3754 0.0250244

-1.37537 0.0250041
-1.37506 0.0248382

-1.37476 0.0246754
-1.37484 0.0247192

-1.37506 0.0248378
-1.37484 0.0247192

-1.37476 0.024675
-1.37445 0.0245145

-1.37445 0.0245141
-1.37426 0.0244141

-1.36194 0.0194804
-1.3621 0.0195312

-1.36194 0.0194803
-1.36163 0.0193831

-1.36163 0.019383
-1.36133 0.0192866

-1.36102 0.0191913
-1.36113 0.0192261

-1.36133 0.0192866
-1.36113 0.0192261

-1.36102 0.0191912
-1.36072 0.0190965

-1.36011 0.0189097
-1.36014 0.0189209

-1.36072 0.0190964
-1.36041 0.0190025

-1.36041 0.0190025
-1.36015 0.0189209

-1.36011 0.0189095
-1.3598 0.0188172

-1.3598 0.0188171
-1.3595 0.0187255

-1.3595 0.0187255
-1.35919 0.0186347

-1.35889 0.0185447
-1.35913 0.0186157

-1.35919 0.0186347
-1.35913 0.0186157

-1.35797 0.0182787
-1.35808 0.0183105

-1.35797 0.0182787
-1.35767 0.0181913

-1.35889 0.0185447
-1.35858 0.0184552

-1.35858 0.0184552
-1.35828 0.0183665

-1.35828 0.0183665
-1.35808 0.0183105

-1.35767 0.0181913
-1.35736 0.0181046

-1.35736 0.0181046
-1.35706 0.0180187

-1.35675 0.0179334
-1.35701 0.0180054

-1.35706 0.0180187
-1.35701 0.0180054

-1.35675 0.0179334
-1.35645 0.0178486

-1.35583 0.0176813
-1.3559 0.0177002

-1.35645 0.0178486
-1.35614 0.0177646

-1.35614 0.0177646
-1.3559 0.0177002

-1.35583 0.0176813
-1.35553 0.0175984

-1.35553 0.0175984
-1.35522 0.0175161

-1.35522 0.0175161
-1.35492 0.0174345

-1.35461 0.0173536
-1.35477 0.017395

-1.35492 0.0174345
-1.35477 0.017395

-1.35461 0.0173535
-1.35431 0.017273

-1.35431 0.0172729
-1.354 0.017193

-1.35339 0.017035
-1.35361 0.0170898

-1.35339 0.017035
-1.35309 0.0169567

-1.35309 0.0169567
-1.35278 0.0168789

-1.35278 0.016879
-1.35248 0.0168018

-1.35217 0.0167252
-1.35241 0.0167847

-1.35248 0.0168018
-1.35241 0.0167847

-1.35217 0.0167252
-1.35187 0.0166489

-1.35187 0.0166489
-1.35156 0.0165732

-1.354 0.0171931
-1.3537 0.0171138

-1.3537 0.0171138
-1.35361 0.0170898

-1.36865 0.0218758
-1.36889 0.0219727

-1.37079 0.0227692
-1.37106 0.0228882

-1.37109 0.0229033
-1.37106 0.0228882

-1.37079 0.0227691
-1.37048 0.0226365

-1.37018 0.0225059
-1.37036 0.022583

-1.37018 0.0225057
-1.36987 0.0223765

-1.37048 0.0226363
-1.37036 0.022583

-1.36957 0.0222493
-1.36964 0.0222778

-1.36987 0.0223763
-1.36964 0.0222778

-1.36957 0.0222491
-1.36926 0.0221231

-1.36926 0.0221229
-1.36896 0.0219984

-1.36896 0.0219985
-1.36889 0.0219727

-1.36865 0.0218756
-1.36835 0.021754

-1.36804 0.0216343
-1.36813 0.0216675

-1.36835 0.0217539
-1.36813 0.0216675

-1.36804 0.0216341
-1.36774 0.0215153

-1.36774 0.0215152
-1.36743 0.0213977

-1.36713 0.0212819
-1.36734 0.0213623

-1.36713 0.0212818
-1.36682 0.0211669

-1.36743 0.0213977
-1.36734 0.0213623

-1.36652 0.0210537
-1.36653 0.0210571

-1.36682 0.0211668
-1.36653 0.0210571

-1.36652 0.0210535
-1.36621 0.0209411

-1.3656 0.02072
-1.36569 0.020752

-1.3656 0.0207199
-1.3653 0.0206109

-1.3653 0.0206108
-1.36499 0.0205029

-1.36621 0.020941
-1.36591 0.0208297

-1.36591 0.0208296
-1.36569 0.020752

-1.36469 0.0203964
-1.36483 0.0204468

-1.36499 0.0205029
-1.36483 0.0204468

-1.36469 0.0203963
-1.36438 0.0202906

-1.36377 0.0200824
-1.36394 0.0201416

-1.36438 0.0202905
-1.36407 0.0201858

-1.36407 0.0201858
-1.36394 0.0201416

-1.36377 0.0200823
-1.36346 0.0199796

-1.36346 0.0199795
-1.36316 0.0198778

-1.36285 0.0197772
-1.36303 0.0198364

-1.36316 0.0198778
-1.36303 0.0198364

-1.36285 0.0197772
-1.36255 0.0196773

-1.36255 0.0196772
-1.36224 0.0195782

-1.36224 0.0195782
-1.3621 0.0195312

-1.38829 0.0390625
-1.38839 0.0393677

-1.38839 0.0393677
-1.38848 0.0396729

-1.38849 0.0397115
-1.38857 0.039978

-1.38857 0.039978
-1.38865 0.0402832

-1.38849 0.0397108
-1.38848 0.0396729

-1.38879 0.0408722
-1.3888 0.0408936

-1.3888 0.0408936
-1.38887 0.0411987

-1.38887 0.0411987
-1.38893 0.0415039

-1.38865 0.0402832
-1.38873 0.0405884

-1.38879 0.0408719
-1.38873 0.0405884

-1.38893 0.0415039
-1.38899 0.0418091

-1.38899 0.0418091
-1.38905 0.0421143

-1.3891 0.0424003
-1.3891 0.0424194

-1.3891 0.0424194
-1.38915 0.0427246

-1.3891 0.0423996
-1.38905 0.0421143

-1.38915 0.0427246
-1.3892 0.0430298

-1.3892 0.0430298
-1.38924 0.043335

-1.38924 0.043335
-1.38927 0.0436401

-1.38927 0.0436401
-1.38931 0.0439453

-1.3894 0.0451444
-1.38941 0.045166

-1.38941 0.045166
-1.38942 0.0454712

-1.38942 0.0454712
-1.38944 0.0457764

-1.38944 0.0457764
-1.38944 0.0460815

-1.38944 0.0460815
-1.38945 0.0463867

-1.38931 0.0439453
-1.38934 0.0442505

-1.38934 0.0442505
-1.38936 0.0445557

-1.38936 0.0445557
-1.38939 0.0448608

-1.3894 0.0451422
-1.38939 0.0448608

-1.38945 0.0463867
-1.38946 0.0466919

-1.38946 0.0466919
-1.38946 0.0469971

-1.38946 0.0469971
-1.38945 0.0473022

-1.38945 0.0473022
-1.38945 0.0476074

-1.38945 0.0476074
-1.38944 0.0479126

-1.38944 0.0479126
-1.38943 0.0482178

-1.38943 0.0482178
-1.38942 0.0485229

-1.38942 0.0485229
-1.3894 0.0487318

-1.3894 0.0487293
-1.3894 0.0488281

-1.3894 0.0488281
-1.38938 0.0491333

-1.38938 0.0491333
-1.38936 0.0494385

-1.38936 0.0494385
-1.38933 0.0497437

-1.38933 0.0497437
-1.38931 0.0500488

-1.38931 0.0500488
-1.38928 0.050354

-1.38928 0.050354
-1.38925 0.0506592

-1.38925 0.0506592
-1.38921 0.0509644

-1.38921 0.0509644
-1.38917 0.0512695

-1.38917 0.0512695
-1.38914 0.0515747

-1.38914 0.0515747
-1.3891 0.0518413

-1.3891 0.0518403
-1.38909 0.0518799

-1.38909 0.0518799
-1.38905 0.0521851

-1.38905 0.0521851
-1.389 0.0524902

-1.389 0.0524902
-1.38896 0.0527954

-1.38896 0.0527954
-1.38891 0.0531006

-1.38891 0.0531006
-1.38885 0.0534058

-1.38885 0.0534058
-1.3888 0.0537109

-1.3888 0.0537109
-1.38879 0.0537336

-1.38879 0.0537329
-1.38874 0.0540161

-1.38874 0.0540161
-1.38868 0.0543213

-1.38868 0.0543213
-1.38862 0.0546265

-1.38862 0.0546265
-1.38856 0.0549316

-1.38856 0.0549316
-1.38849 0.0552368

-1.38849 0.0552368
-1.38849 0.0552567

-1.38849 0.0552562
-1.38843 0.055542

-1.38843 0.055542
-1.38836 0.0558472

-1.38836 0.0558472
-1.38829 0.0561523

-1.38829 0.0561523
-1.38821 0.0564575

-1.38821 0.0564575
-1.38818 0.0565788

-1.38818 0.0565784
-1.38814 0.0567627

-1.38814 0.0567627
-1.38806 0.0570679

-1.38806 0.0570679
-1.38798 0.057373

-1.38798 0.057373
-1.3879 0.0576782

-1.3879 0.0576782
-1.38788 0.0577711

-1.38788 0.0577707
-1.38782 0.0579834

-1.38782 0.0579834
-1.38774 0.0582886

-1.38774 0.0582886
-1.38765 0.0585938

-1.38765 0.0585938
-1.38757 0.0588694

-1.38757 0.058869
-1.38756 0.0588989

-1.38756 0.0588989
-1.38748 0.0592041

-1.38748 0.0592041
-1.38739 0.0595093

-1.38739 0.0595093
-1.38729 0.0598145

-1.38729 0.0598145
-1.38727 0.0598954

-1.38727 0.059895
-1.3872 0.0601196

-1.3872 0.0601196
-1.3871 0.0604248

-1.3871 0.0604248
-1.38701 0.06073

-1.38701 0.06073
-1.38696 0.0608641

-1.38696 0.0608638
-1.38691 0.0610352

-1.38691 0.0610352
-1.38681 0.0613403

-1.38681 0.0613403
-1.38671 0.0616455

-1.38671 0.0616455
-1.38666 0.061786

-1.38666 0.0617857
-1.3866 0.0619507

-1.3866 0.0619507
-1.3865 0.0622559

-1.3865 0.0622559
-1.38639 0.062561

-1.38639 0.062561
-1.38635 0.0626686

-1.38635 0.0626682
-1.38628 0.0628662

-1.38628 0.0628662
-1.38617 0.0631714

-1.38617 0.0631714
-1.38606 0.0634766

-1.38606 0.0634766
-1.38605 0.0635177

-1.38605 0.0635174
-1.38595 0.0637817

-1.38595 0.0637817
-1.38584 0.0640869

-1.38584 0.0640869
-1.38574 0.064337

-1.38574 0.0643368
-1.38572 0.0643921

-1.38572 0.0643921
-1.3856 0.0646973

-1.3856 0.0646973
-1.38549 0.0650024

-1.38549 0.0650024
-1.38544 0.0651309

-1.38544 0.0651306
-1.38537 0.0653076

-1.38537 0.0653076
-1.38525 0.0656128

-1.38525 0.0656128
-1.38513 0.0659022

-1.38513 0.065902
-1.38513 0.065918

-1.38513 0.065918
-1.385 0.0662231

-1.385 0.0662231
-1.38488 0.0665283

-1.38488 0.0665283
-1.38483 0.0666528

-1.38483 0.0666525
-1.38475 0.0668335

-1.38475 0.0668335
-1.38463 0.0671387

-1.38463 0.0671387
-1.38452 0.0673852

-1.38452 0.0673851
-1.3845 0.0674438

-1.3845 0.0674438
-1.38437 0.067749

-1.38437 0.067749
-1.38424 0.0680542

-1.38424 0.0680542
-1.38422 0.0681012

-1.38422 0.0681009
-1.3841 0.0683594

-1.3841 0.0683594
-1.38397 0.0686646

-1.38397 0.0686646
-1.38391 0.0688014

-1.38391 0.0688012
-1.38384 0.0689697

-1.38384 0.0689697
-1.3837 0.0692749

-1.3837 0.0692749
-1.38361 0.0694879

-1.38361 0.0694878
-1.38356 0.0695801

-1.38356 0.0695801
-1.38343 0.0698853

-1.38343 0.0698853
-1.3833 0.0701617

-1.3833 0.0701616
-1.38329 0.0701904

-1.38329 0.0701904
-1.38315 0.0704956

-1.38315 0.0704956
-1.38301 0.0708008

-1.38301 0.0708008
-1.383 0.0708238

-1.383 0.0708234
-1.38286 0.071106

-1.38286 0.071106
-1.38272 0.0714111

-1.38272 0.0714111
-1.38269 0.0714742

-1.38269 0.0714739
-1.38258 0.0717163

-1.38258 0.0717163
-1.38243 0.0720215

-1.38243 0.0720215
-1.38239 0.0721144

-1.38239 0.0721142
-1.38228 0.0723267

-1.38228 0.0723267
-1.38214 0.0726318

-1.38214 0.0726318
-1.38208 0.0727451

-1.38208 0.0727449
-1.38199 0.072937

-1.38199 0.072937
-1.38184 0.0732422

-1.38184 0.0732422
-1.38177 0.0733667

-1.38177 0.0733665
-1.38169 0.0735474

-1.38169 0.0735474
-1.38153 0.0738525

-1.38153 0.0738525
-1.38147 0.0739799

-1.38147 0.0739798
-1.38138 0.0741577

-1.38138 0.0741577
-1.38123 0.0744629

-1.38123 0.0744629
-1.38116 0.0745852

-1.38116 0.074585
-1.38107 0.0747681

-1.38107 0.0747681
-1.38092 0.0750732

-1.38092 0.0750732
-1.38086 0.0751828

-1.38086 0.0751826
-1.38076 0.0753784

-1.38076 0.0753784
-1.3806 0.0756836

-1.3806 0.0756836
-1.38055 0.0757732

-1.38055 0.075773
-1.38044 0.0759888

-1.38044 0.0759888
-1.38028 0.0762939

-1.38028 0.0762939
-1.38025 0.076357

-1.38025 0.0763567
-1.38012 0.0765991

-1.38012 0.0765991
-1.37996 0.0769043

-1.37996 0.0769043
-1.37994 0.0769344

-1.37994 0.0769341
-1.3798 0.0772095

-1.3798 0.0772095
-1.37964 0.0775053

-1.37964 0.0775052
-1.37963 0.0775146

-1.37963 0.0775146
-1.37947 0.0778198

-1.37947 0.0778198
-1.37933 0.0780705

-1.37933 0.0780704
-1.3793 0.078125

-1.35095 0.0164236
-1.35118 0.0164795

-1.35156 0.0165733
-1.35126 0.0164982

-1.35126 0.0164982
-1.35118 0.0164795

-1.35095 0.0164236
-1.35065 0.0163494

-1.35065 0.0163493
-1.35034 0.0162756

-1.35034 0.0162757
-1.35004 0.0162026

-1.34973 0.0161298
-1.34992 0.0161743

-1.35004 0.0162026
-1.34992 0.0161743

-1.34973 0.0161298
-1.34943 0.0160574

-1.34943 0.0160574
-1.34912 0.0159856

-1.34851 0.0158436
-1.34862 0.0158691

-1.34851 0.0158435
-1.34821 0.015773

-1.34821 0.015773
-1.3479 0.015703

-1.34912 0.0159857
-1.34882 0.0159144

-1.34882 0.0159144
-1.34862 0.0158691

-1.3479 0.015703
-1.3476 0.0156334

-1.3476 0.0156335
-1.34729 0.0155644

-1.34698 0.0154956
-1.34729 0.015564

-1.34729 0.0155644
-1.34729 0.015564

-1.34698 0.0154955
-1.34668 0.0154272

-1.34302 0.0146391
-1.34306 0.0146484

-1.34302 0.0146391
-1.34271 0.0145759

-1.34271 0.0145758
-1.34241 0.014513

-1.34241 0.0145129
-1.3421 0.0144505

-1.3421 0.0144506
-1.3418 0.0143886

-1.34668 0.0154271
-1.34637 0.0153593

-1.34637 0.0153593
-1.34607 0.015292

-1.34576 0.0152249
-1.34592 0.0152588

-1.34576 0.0152249
-1.34546 0.0151582

-1.34607 0.015292
-1.34592 0.0152588

-1.34546 0.0151582
-1.34515 0.0150919

-1.34515 0.0150919
-1.34485 0.0150261

-1.34485 0.0150262
-1.34454 0.0149607

-1.34424 0.0148955
-1.34451 0.0149536

-1.34454 0.0149607
-1.34451 0.0149536

-1.34424 0.0148955
-1.34393 0.0148307

-1.34393 0.0148307
-1.34363 0.0147664

-1.34363 0.0147665
-1.34332 0.0147026

-1.34332 0.0147027
-1.34306 0.0146484

-1.34149 0.0143268
-1.34157 0.0143433

-1.3418 0.0143886
-1.34157 0.0143433

-1.34149 0.0143268
-1.34119 0.0142653

-1.34119 0.0142653
-1.34088 0.0142041

-1.34088 0.0142041
-1.34058 0.0141435

-1.33997 0.0140233
-1.34004 0.0140381

-1.34058 0.0141435
-1.34027 0.0140833

-1.34027 0.0140834
-1.34004 0.0140381

-1.33997 0.0140233
-1.33966 0.0139636

-1.33966 0.0139636
-1.33936 0.0139042

-1.33936 0.0139041
-1.33905 0.0138452

-1.33905 0.0138453
-1.33875 0.0137867

-1.33844 0.0137284
-1.33846 0.0137329

-1.33875 0.0137868
-1.33846 0.0137329

-1.33844 0.0137284
-1.33813 0.0136702

-1.33813 0.0136702
-1.33783 0.0136124

-1.33783 0.0136124
-1.33752 0.013555

-1.33752 0.0135551
-1.33722 0.0134982

-1.33722 0.0134983
-1.33691 0.0134416

-1.33661 0.0133851
-1.33684 0.0134277

-1.33661 0.0133851
-1.3363 0.0133289

-1.3363 0.0133289
-1.336 0.0132731

-1.336 0.0132731
-1.33569 0.0132177

-1.33691 0.0134416
-1.33684 0.0134277

-1.33569 0.0132178
-1.33539 0.0131627

-1.33508 0.0131078
-1.33517 0.0131226

-1.33539 0.0131628
-1.33516 0.0131226

-1.33508 0.0131077
-1.33478 0.013053

-1.33478 0.013053
-1.33447 0.0129986

-1.33447 0.0129985
-1.33417 0.0129446

-1.33417 0.0129446
-1.33386 0.0128911

-1.33325 0.0127846
-1.33344 0.0128174

-1.33386 0.0128911
-1.33356 0.0128378

-1.33356 0.0128378
-1.33344 0.0128174

-1.33325 0.0127846
-1.33295 0.0127317

-1.33295 0.0127317
-1.33264 0.0126791

-1.33264 0.012679
-1.33234 0.0126268

-1.33234 0.0126269
-1.33203 0.0125751

-1.32959 0.012169
-1.32982 0.012207

-1.33203 0.0125751
-1.33173 0.0125234

-1.33142 0.0124718
-1.33166 0.0125122

-1.33173 0.0125234
-1.33166 0.0125122

-1.33142 0.0124718
-1.33112 0.0124205

-1.33112 0.0124204
-1.33081 0.0123695

-1.33081 0.0123694
-1.33051 0.0123189

-1.33051 0.012319
-1.3302 0.0122689

-1.3302 0.0122689
-1.3299 0.0122189

-1.3299 0.012219
-1.32982 0.012207

-1.32959 0.012169
-1.32928 0.0121194

-1.32928 0.0121194
-1.32898 0.0120701

-1.32898 0.01207
-1.32867 0.0120211

-1.32867 0.0120211
-1.32837 0.0119726

-1.32837 0.0119726
-1.32806 0.0119242

-1.32776 0.0118757
-1.32792 0.0119019

-1.32806 0.0119242
-1.32792 0.0119019

-1.32776 0.0118757
-1.32745 0.0118275

-1.32745 0.0118275
-1.32715 0.0117796

-1.32715 0.0117796
-1.32684 0.0117321

-1.32684 0.0117322
-1.32654 0.0116851

-1.32593 0.0115915
-1.32596 0.0115967

-1.32654 0.0116851
-1.32623 0.0116383

-1.32623 0.0116384
-1.32596 0.0115967

-1.32593 0.0115915
-1.32562 0.0115449

-1.32562 0.0115449
-1.32532 0.0114986

-1.32532 0.0114985
-1.32501 0.0114525

-1.32501 0.0114525
-1.32471 0.0114068

-1.32471 0.0114068
-1.3244 0.0113615

-1.3244 0.0113615
-1.3241 0.0113163

-1.32379 0.011271
-1.32393 0.0112915

-1.3241 0.0113163
-1.32393 0.0112915

-1.32379 0.011271
-1.32349 0.0112259

-1.32349 0.0112259
-1.32318 0.0111812

-1.32318 0.0111811
-1.32288 0.0111367

-1.32288 0.0111367
-1.32257 0.0110927

-1.32257 0.0110928
-1.32227 0.0110491

-1.3125 0.00975626
-1.31258 0.00976562

-1.32166 0.0109619
-1.32183 0.0109863

-1.32166 0.0109619
-1.32135 0.0109186

-1.32135 0.0109186
-1.32104 0.0108755

-1.32227 0.0110491
-1.32196 0.0110056

-1.32196 0.0110056
-1.32183 0.0109863

-1.32104 0.0108755
-1.32074 0.0108327

-1.32074 0.0108327
-1.32043 0.0107903

-1.32043 0.0107904
-1.32013 0.0107482

-1.32013 0.0107483
-1.31982 0.0107062

-1.31952 0.010664
-1.31964 0.0106812

-1.31982 0.0107062
-1.31964 0.0106812

-1.31952 0.010664
-1.31921 0.0106221

-1.31921 0.0106221
-1.31891 0.0105804

-1.31891 0.0105804
-1.3186 0.010539

-1.3186 0.010539
-1.3183 0.0104979

-1.3183 0.010498
-1.31799 0.0104573

-1.31799 0.0104574
-1.31769 0.0104169

-1.31769 0.010417
-1.31738 0.0103765

-1.31708 0.010336
-1.31738 0.010376

-1.31708 0.010336
-1.31677 0.0102959

-1.31738 0.0103765
-1.31738 0.010376

-1.31677 0.0102959
-1.31647 0.010256

-1.31647 0.010256
-1.31616 0.0102163

-1.31616 0.0102163
-1.31586 0.010177

-1.31586 0.0101771
-1.31555 0.0101381

-1.31555 0.0101381
-1.31525 0.0100991

-1.31494 0.0100601
-1.31503 0.0100708

-1.31525 0.0100992
-1.31502 0.0100708

-1.31494 0.0100601
-1.31464 0.0100211

-1.31464 0.0100211
-1.31433 0.00998249

-1.31433 0.00998249
-1.31403 0.0099441

-1.31403 0.00994406
-1.31372 0.00990601

-1.31372 0.00990604
-1.31342 0.00986835

-1.31342 0.00986836
-1.31311 0.00983092

-1.31311 0.00983098
-1.31281 0.00979366

-1.31281 0.00979371
-1.31258 0.00976562

-1.3793 0.078125
-1.37914 0.0784302

-1.37914 0.0784302
-1.37903 0.0786302

-1.37903 0.07863
-1.37897 0.0787354

-1.37897 0.0787354
-1.3788 0.0790405

-1.3788 0.0790405
-1.37872 0.0791846

-1.37872 0.0791845
-1.37863 0.0793457

-1.37863 0.0793457
-1.37846 0.0796509

-1.37846 0.0796509
-1.37842 0.0797341

-1.37842 0.0797338
-1.37829 0.0799561

-1.37829 0.0799561
-1.37812 0.0802612

-1.37812 0.0802612
-1.37811 0.0802788

-1.37811 0.0802784
-1.37795 0.0805664

-1.37795 0.0805664
-1.37781 0.0808182

-1.37781 0.0808181
-1.37778 0.0808716

-1.37778 0.0808716
-1.3776 0.0811768

-1.3776 0.0811768
-1.3775 0.0813535

-1.3775 0.0813534
-1.37743 0.0814819

-1.37743 0.0814819
-1.37725 0.0817871

-1.37725 0.0817871
-1.3772 0.0818846

-1.3772 0.0818844
-1.37708 0.0820923

-1.37708 0.0820923
-1.3769 0.0823975

-1.3769 0.0823975
-1.37689 0.0824118

-1.37689 0.0824115
-1.37672 0.0827026

-1.37672 0.0827026
-1.37659 0.0829343

-1.37659 0.0829342
-1.37654 0.0830078

-1.37654 0.0830078
-1.37636 0.083313

-1.37636 0.083313
-1.37628 0.0834534

-1.37628 0.0834533
-1.37618 0.0836182

-1.37618 0.0836182
-1.376 0.0839233

-1.376 0.0839233
-1.37598 0.0839692

-1.37598 0.0839688
-1.37582 0.0842285

-1.37582 0.0842285
-1.37567 0.0844806

-1.37567 0.0844804
-1.37564 0.0845337

-1.37564 0.0845337
-1.37546 0.0848389

-1.37546 0.0848389
-1.37537 0.084989

-1.37537 0.0849888
-1.37527 0.085144

-1.37527 0.085144
-1.37509 0.0854492

-1.37509 0.0854492
-1.37506 0.0854945

-1.37506 0.085494
-1.3749 0.0857544

-1.3749 0.0857544
-1.37476 0.0859959

-1.37476 0.0859956
-1.37472 0.0860596

-1.37472 0.0860596
-1.37453 0.0863647

-1.37453 0.0863647
-1.37445 0.0864946

-1.37445 0.0864945
-1.37434 0.0866699

-1.37434 0.0866699
-1.37415 0.0869751

-1.37415 0.0869751
-1.37415 0.0869908

-1.37415 0.0869904
-1.37397 0.0872803

-1.37397 0.0872803
-1.37384 0.0874831

-1.37384 0.087483
-1.37378 0.0875854

-1.37378 0.0875854
-1.37359 0.0878906

-1.37359 0.0878906
-1.37354 0.0879734

-1.37354 0.087973
-1.3734 0.0881958

-1.3734 0.0881958
-1.37323 0.0884603

-1.37323 0.0884599
-1.3732 0.088501

-1.3732 0.088501
-1.37301 0.0888062

-1.37301 0.0888062
-1.37292 0.0889449

-1.37292 0.0889448
-1.37282 0.0891113

-1.37282 0.0891113
-1.37263 0.0894165

-1.37263 0.0894165
-1.37262 0.0894272

-1.37262 0.0894269
-1.37243 0.0897217

-1.37243 0.0897217
-1.37231 0.0899063

-1.37231 0.0899062
-1.37224 0.0900269

-1.37224 0.0900269
-1.37204 0.090332

-1.37204 0.090332
-1.37201 0.090384

-1.37201 0.0903834
-1.37185 0.0906372

-1.37185 0.0906372
-1.3717 0.0908581

-1.3717 0.0908577
-1.37165 0.0909424

-1.37165 0.0909424
-1.37145 0.0912476

-1.37145 0.0912476
-1.3714 0.0913309

-1.3714 0.0913304
-1.37125 0.0915527

-1.37125 0.0915527
-1.37109 0.0918006

-1.37109 0.0918
-1.37106 0.0918579

-1.37106 0.0918579
-1.37086 0.0921631

-1.37086 0.0921631
-1.37079 0.0922688

-1.37079 0.0922684
-1.37066 0.0924683

-1.37066 0.0924683
-1.37048 0.0927344

-1.37048 0.0927338
-1.37046 0.0927734

-1.37046 0.0927734
-1.37026 0.0930786

-1.37026 0.0930786
-1.37018 0.0931983

-1.37018 0.093198
-1.37006 0.0933838

-1.37006 0.0933838
-1.36987 0.0936599

-1.36987 0.0936595
-1.36985 0.093689

-1.36985 0.093689
-1.36965 0.0939941

-1.36965 0.0939941
-1.36957 0.0941198

-1.36957 0.0941195
-1.36945 0.0942993

-1.36945 0.0942993
-1.36926 0.0945775

-1.36926 0.0945772
-1.36924 0.0946045

-1.36924 0.0946045
-1.36904 0.0949097

-1.36904 0.0949097
-1.36896 0.0950337

-1.36896 0.0950334
-1.36884 0.0952148

-1.36884 0.0952148
-1.36865 0.0954877

-1.36865 0.0954873
-1.36863 0.09552

-1.36863 0.09552
-1.36842 0.0958252

-1.36842 0.0958252
-1.36835 0.0959404

-1.36835 0.0959399
-1.36822 0.0961304

-1.36822 0.0961304
-1.36804 0.0963907

-1.36804 0.0963901
-1.36801 0.0964355

-1.36801 0.0964355
-1.3678 0.0967407

-1.3678 0.0967407
-1.36774 0.0968402

-1.36774 0.0968395
-1.3676 0.0970459

-1.3676 0.0970459
-1.36743 0.0972868

-1.36743 0.097286
-1.36739 0.0973511

-1.36739 0.0973511
-1.36718 0.0976562

-1.36718 0.0976562
-1.36713 0.0977334

-1.36713 0.0977325
-1.36697 0.0979614

-1.36697 0.0979614
-1.36682 0.0981765

-1.36682 0.0981758
-1.36676 0.0982666

-1.36676 0.0982666
-1.36655 0.0985718

-1.36655 0.0985718
-1.36652 0.0986197

-1.36652 0.0986191
-1.36634 0.098877

-1.36634 0.098877
-1.36621 0.09906

-1.36621 0.0990596
-1.36613 0.0991821

-1.36613 0.0991821
-1.36591 0.0994873

-1.36591 0.0994873
-1.36591 0.0994998

-1.36591 0.0994997
-1.3657 0.0997925

-1.3657 0.0997925
-1.3656 0.0999378

-1.3656 0.0999375
-1.36549 0.100098

-1.36549 0.100098
-1.3653 0.100374

-1.3653 0.100374
-1.36528 0.100403

-1.36528 0.100403
-1.36506 0.100708

-1.36506 0.100708
-1.36499 0.10081

-1.36499 0.100809
-1.36485 0.101013

-1.36485 0.101013
-1.36469 0.101243

-1.36469 0.101242
-1.36463 0.101318

-1.36463 0.101318
-1.36442 0.101624

-1.36442 0.101624
-1.36438 0.101677

-1.36438 0.101676
-1.3642 0.101929

-1.3642 0.101929
-1.36407 0.102107

-1.36407 0.102106
-1.36399 0.102234

-1.36398 0.102234
-1.36377 0.102537

-1.36377 0.102537
-1.36377 0.102539

-1.36377 0.102539
-1.36355 0.102844

-1.36355 0.102844
-1.36346 0.102966

-1.36346 0.102966
-1.36333 0.103149

-1.36333 0.103149
-1.36316 0.103393

-1.36316 0.103392
-1.36312 0.103455

-1.36312 0.103455
-1.3629 0.10376

-1.3629 0.10376
-1.36285 0.10382

-1.36285 0.103819
-1.36268 0.104065

-1.36268 0.104065
-1.36255 0.104244

-1.36255 0.104244
-1.36246 0.10437

-1.36246 0.10437
-1.36224 0.104668

-1.36224 0.104668
-1.36224 0.104675

-1.36224 0.104675
-1.36202 0.10498

-1.36202 0.10498
-1.36194 0.105092

-1.36194 0.105091
-1.3618 0.105286

-1.3618 0.105286
-1.36163 0.105512

-1.36163 0.105512
-1.36158 0.105591

-1.36158 0.105591
-1.36135 0.105896

-1.36135 0.105896
-1.36133 0.105933

-1.36133 0.105933
-1.36113 0.106201

-1.36113 0.106201
-1.36102 0.106353

-1.36102 0.106352
-1.36091 0.106506

-1.36091 0.106506
-1.36072 0.106771

-1.36072 0.10677
-1.36069 0.106812

-1.36069 0.106812
-1.36046 0.107117

-1.36046 0.107117
-1.36041 0.107189

-1.36041 0.107188
-1.36024 0.107422

-1.36024 0.107422
-1.36011 0.107604

-1.36011 0.107603
-1.36002 0.107727

-1.36002 0.107727
-1.3598 0.108019

-1.3598 0.108019
-1.35979 0.108032

-1.35979 0.108032
-1.35957 0.108337

-1.35957 0.108337
-1.3595 0.108435

-1.3595 0.108434
-1.35934 0.108643

-1.35934 0.108643
-1.35919 0.108847

-1.35919 0.108846
-1.35912 0.108948

-1.35912 0.108948
-1.35889 0.109253

-1.35889 0.109253
-1.35889 0.109259

-1.35889 0.109259
-1.35867 0.109558

-1.35866 0.109558
-1.35858 0.109672

-1.35858 0.109671
-1.35844 0.109863

-1.35844 0.109863
-1.35828 0.110081

-1.35828 0.11008
-1.35821 0.110168

-1.35821 0.110168
-1.35798 0.110474

-1.35798 0.110474
-1.35797 0.110491

-1.35797 0.110491
-1.35776 0.110779

-1.35776 0.110779
-1.35767 0.1109

-1.35767 0.110899
-1.35753 0.111084

-1.35753 0.111084
-1.35736 0.111307

-1.35736 0.111306
-1.3573 0.111389

-1.3573 0.111389
-1.35707 0.111694

-1.35707 0.111694
-1.35706 0.111714

-1.35706 0.111714
-1.35684 0.112

-1.35684 0.112
-1.35675 0.112121

-1.35675 0.11212
-1.35661 0.112305

-1.35661 0.112305
-1.35645 0.112525

-1.35645 0.112524
-1.35638 0.11261

-1.35638 0.11261
-1.35615 0.112915

-1.35615 0.112915
-1.35614 0.11293

-1.35614 0.112929
-1.35592 0.11322

-1.35592 0.11322
-1.35583 0.113334

-1.35583 0.113333
-1.35569 0.113525

-1.35569 0.113525
-1.35553 0.113736

-1.35553 0.113735
-1.35546 0.113831

-1.35546 0.113831
-1.35523 0.114136

-1.35523 0.114136
-1.35522 0.114138

-1.35522 0.114137
-1.35499 0.114441

-1.35499 0.114441
-1.35492 0.11454

-1.35492 0.114539
-1.35476 0.114746

-1.35476 0.114746
-1.35461 0.114939

-1.35461 0.114938
-1.35453 0.115051

-1.35453 0.115051
-1.35431 0.115339

-1.35431 0.115339
-1.3543 0.115356

-1.3543 0.115356
-1.35406 0.115662

-1.35406 0.115662
-1.354 0.115738

-1.354 0.115738
-1.35383 0.115967

-1.35383 0.115967
-1.3537 0.116136

-1.3537 0.116135
-1.35359 0.116272

-1.35359 0.116272
-1.35339 0.116533

-1.35339 0.116533
-1.35336 0.116577

-1.35336 0.116577
-1.35312 0.116882

-1.35312 0.116882
-1.35309 0.11693

-1.35309 0.11693
-1.35289 0.117188

-1.35289 0.117188
-1.35278 0.117327

-1.35278 0.117325
-1.35265 0.117493

-1.35265 0.117493
-1.35248 0.117721

-1.35248 0.117721
-1.35242 0.117798

-1.35242 0.117798
-1.35218 0.118103

-1.35218 0.118103
-1.35217 0.118116

-1.35217 0.118116
-1.35195 0.118408

-1.35195 0.118408
-1.35187 0.118511

-1.35187 0.11851
-1.35171 0.118713

-1.35171 0.118713
-1.35156 0.118903

-1.35156 0.118902
-1.35147 0.119019

-1.35147 0.119019
-1.35126 0.119296

-1.35126 0.119295
-1.35124 0.119324

-1.35124 0.119324
-1.351 0.119629

-1.351 0.119629
-1.35095 0.119688

-1.35095 0.119688
-1.35076 0.119934

-1.35076 0.119934
-1.35065 0.12008

-1.35065 0.120078
-1.35052 0.120239

-1.35052 0.120239
-1.35034 0.12047

-1.35034 0.120469
-1.35028 0.120544

-1.35028 0.120544
-1.35004 0.12085

-1.35004 0.12085
-1.35004 0.12086

-1.35004 0.12086
-1.34981 0.121155

-1.34981 0.121155
-1.34973 0.12125

-1.34973 0.121249
-1.34957 0.12146

-1.34957 0.12146
-1.34943 0.121639

-1.34943 0.121637
-1.34933 0.121765

-1.34933 0.121765
-1.34912 0.122026

-1.34912 0.122026
-1.34909 0.12207

-1.34909 0.12207
-1.34885 0.122375

-1.34885 0.122375
-1.34882 0.122414

-1.34882 0.122414
-1.34861 0.122681

-1.34861 0.122681
-1.34851 0.122802

-1.34851 0.122801
-1.34837 0.122986

-1.34837 0.122986
-1.34821 0.123188

-1.34821 0.123187
-1.34812 0.123291

-1.34812 0.123291
-1.3479 0.123574

-1.3479 0.123574
-1.34788 0.123596

-1.34788 0.123596
-1.34764 0.123901

-1.34764 0.123901
-1.3476 0.12396

-1.3476 0.123959
-1.3474 0.124207

-1.3474 0.124207
-1.34729 0.124346

-1.34729 0.124343
-1.34716 0.124512

-1.34716 0.124512
-1.34698 0.124729

-1.34698 0.124728
-1.34691 0.124817

-1.34691 0.124817
-1.34668 0.125112

-1.34668 0.125112
-1.34667 0.125122

-1.34667 0.125122
-1.34643 0.125427

-1.34643 0.125427
-1.34637 0.125496

-1.34637 0.125496
-1.34619 0.125732

-1.34618 0.125732
-1.34607 0.12588

-1.34607 0.125877
-1.34594 0.126038

-1.34594 0.126038
-1.34576 0.126261

-1.34576 0.12626
-1.3457 0.126343

-1.3457 0.126343
-1.34546 0.126642

-1.34546 0.126642
-1.34545 0.126648

-1.34545 0.126648
-1.34521 0.126953

-1.34521 0.126953
-1.34515 0.127024

-1.34515 0.127024
-1.34497 0.127258

-1.34496 0.127258
-1.34485 0.127406

-1.34485 0.127403
-1.34472 0.127563

-1.34472 0.127563
-1.34454 0.127785

-1.34454 0.127784
-1.34448 0.127869

-1.34448 0.127869
-1.34424 0.128164

-1.34424 0.128164
-1.34423 0.128174

-1.34423 0.128174
-1.34399 0.128479

-1.34399 0.128479
-1.34393 0.128544

-1.34393 0.128544
-1.34374 0.128784

-1.34374 0.128784
-1.34363 0.128924

-1.34363 0.128922
-1.34349 0.129089

-1.34349 0.129089
-1.34332 0.129301

-1.34332 0.1293
-1.34325 0.129395

-1.34325 0.129395
-1.34302 0.129679

-1.34302 0.129679
-1.343 0.1297

-1.343 0.1297
-1.34275 0.130005

-1.34275 0.130005
-1.34271 0.130057

-1.34271 0.130056
-1.34251 0.13031

-1.34251 0.13031
-1.34241 0.130434

-1.34241 0.130433
-1.34226 0.130615

-1.34226 0.130615
-1.3421 0.13081

-1.3421 0.130809
-1.34201 0.13092

-1.34201 0.13092
-1.3418 0.131186

-1.3418 0.131186
-1.34176 0.131226

-1.34176 0.131226
-1.34152 0.131531

-1.34152 0.131531
-1.34149 0.131562

-1.34149 0.131562
-1.34127 0.131836

-1.34127 0.131836
-1.34119 0.131938

-1.34119 0.131937
-1.34102 0.132141

-1.34102 0.132141
-1.34088 0.132313

-1.34088 0.132311
-1.34077 0.132446

-1.34077 0.132446
-1.34058 0.132687

-1.34058 0.132686
-1.34052 0.132751

-1.34052 0.132751
-1.34027 0.133057

-1.34027 0.133057
-1.34027 0.133061

-1.34027 0.133061
-1.34003 0.133362

-1.34002 0.133362
-1.33997 0.133435

-1.33997 0.133434
-1.33978 0.133667

-1.33977 0.133667
-1.33966 0.133809

-1.33966 0.133806
-1.33953 0.133972

-1.33953 0.133972
-1.33936 0.134181

-1.33936 0.13418
-1.33928 0.134277

-1.33928 0.134277
-1.33905 0.134553

-1.33905 0.134553
-1.33903 0.134583

-1.33903 0.134583
-1.33878 0.134888

-1.33878 0.134888
-1.33875 0.134925

-1.33875 0.134925
-1.33853 0.135193

-1.33852 0.135193
-1.33844 0.135297

-1.33844 0.135296
-1.33827 0.135498

-1.33827 0.135498
-1.33813 0.135669

-1.33813 0.135667
-1.33802 0.135803

-1.33802 0.135803
-1.33783 0.136039

-1.33783 0.136039
-1.33777 0.136108

-1.33777 0.136108
-1.33752 0.13641

-1.33752 0.13641
-1.33752 0.136414

-1.33752 0.136414
-1.33727 0.136719

-1.33727 0.136719
-1.33722 0.13678

-1.33722 0.13678
-1.33702 0.137024

-1.33702 0.137024
-1.33691 0.137151

-1.33691 0.137149
-1.33677 0.137329

-1.33677 0.137329
-1.33661 0.13752

-1.33661 0.137519
-1.33651 0.137634

-1.33651 0.137634
-1.3363 0.137888

-1.3363 0.137888
-1.33626 0.137939

-1.33626 0.137939
-1.33601 0.138245

-1.33601 0.138245
-1.336 0.138258

-1.336 0.138257
-1.33576 0.13855

-1.33576 0.13855
-1.33569 0.138626

-1.33569 0.138626
-1.3355 0.138855

-1.3355 0.138855
-1.33539 0.138995

-1.33539 0.138993
-1.33525 0.13916

-1.33525 0.13916
-1.33508 0.139362

-1.33508 0.139361
-1.335 0.139465

-1.335 0.139465
-1.33478 0.139729

-1.33478 0.139729
-1.33474 0.139771

-1.33474 0.139771
-1.33449 0.140076

-1.33449 0.140076
-1.33447 0.140097

-1.33447 0.140096
-1.33424 0.140381

-1.33424 0.140381
-1.33417 0.140464

-1.33417 0.140463
-1.33398 0.140686

-1.33398 0.140686
-1.33386 0.140831

-1.33386 0.140828
-1.33373 0.140991

-1.33373 0.140991
-1.33356 0.141196

-1.33356 0.141195
-1.33347 0.141296

-1.33347 0.141296
-1.33325 0.141562

-1.33325 0.141562
-1.33322 0.141602

-1.33322 0.141602
-1.33296 0.141907

-1.33296 0.141907
-1.33295 0.141928

-1.33295 0.141927
-1.33271 0.142212

-1.33271 0.142212
-1.33264 0.142293

-1.33264 0.142293
-1.33245 0.142517

-1.33245 0.142517
-1.33234 0.142659

-1.33234 0.142656
-1.3322 0.142822

-1.3322 0.142822
-1.33203 0.143023

-1.33203 0.143022
-1.33194 0.143127

-1.33194 0.143127
-1.33173 0.143387

-1.33173 0.143387
-1.33169 0.143433

-1.33169 0.143433
-1.33143 0.143738

-1.33143 0.143738
-1.33142 0.143751

-1.33142 0.143751
-1.33118 0.144043

-1.33118 0.144043
-1.33112 0.144115

-1.33112 0.144114
-1.33092 0.144348

-1.33092 0.144348
-1.33081 0.144479

-1.33081 0.144477
-1.33066 0.144653

-1.33066 0.144653
-1.33051 0.144842

-1.33051 0.144841
-1.33041 0.144958

-1.33041 0.144958
-1.3302 0.145204

-1.3302 0.145204
-1.33015 0.145264

-1.33015 0.145264
-1.3299 0.145567

-1.3299 0.145567
-1.32989 0.145569

-1.32989 0.145569
-1.32964 0.145874

-1.32964 0.145874
-1.32959 0.14593

-1.32959 0.145929
-1.32938 0.146179

-1.32938 0.146179
-1.32928 0.146292

-1.32928 0.146291
-1.32912 0.146484

-1.32912 0.146484
-1.32898 0.146655

-1.32898 0.146652
-1.32887 0.14679

-1.32886 0.14679
-1.32867 0.147015

-1.32867 0.147015
-1.32861 0.147095

-1.32861 0.147095
-1.32837 0.147376

-1.32837 0.147376
-1.32835 0.1474

-1.32835 0.1474
-1.32809 0.147705

-1.32809 0.147705
-1.32806 0.147737

-1.32806 0.147737
-1.32783 0.14801

-1.32783 0.14801
-1.32776 0.148098

-1.32776 0.148098
-1.32757 0.148315

-1.32757 0.148315
-1.32745 0.148459

-1.32745 0.148457
-1.32732 0.148621

-1.32732 0.148621
-1.32715 0.148819

-1.32715 0.148818
-1.32706 0.148926

-1.32706 0.148926
-1.32684 0.149179

-1.32684 0.149179
-1.3268 0.149231

-1.3268 0.149231
-1.32654 0.149536

-1.32654 0.149536
-1.32654 0.149539

-1.32654 0.149538
-1.32628 0.149841

-1.32628 0.149841
-1.32623 0.149898

-1.32623 0.149898
-1.32602 0.150146

-1.32602 0.150146
-1.32593 0.150258

-1.32593 0.150256
-1.32576 0.150452

-1.32576 0.150452
-1.32562 0.150618

-1.32562 0.150615
-1.3255 0.150757

-1.3255 0.150757
-1.32532 0.150975

-1.32532 0.150975
-1.32524 0.151062

-1.32524 0.151062
-1.32501 0.151333

-1.32501 0.151333
-1.32498 0.151367

-1.32498 0.151367
-1.32472 0.151672

-1.32472 0.151672
-1.32471 0.151692

-1.32471 0.151692
-1.32446 0.151978

-1.32446 0.151978
-1.3244 0.15205

-1.3244 0.15205
-1.3242 0.152283

-1.3242 0.152283
-1.3241 0.152408

-1.3241 0.152406
-1.32394 0.152588

-1.32394 0.152588
-1.32379 0.152767

-1.32379 0.152765
-1.32368 0.152893

-1.32368 0.152893
-1.32349 0.153123

-1.32349 0.153122
-1.32342 0.153198

-1.32342 0.153198
-1.32318 0.15348

-1.32318 0.15348
-1.32316 0.153503

-1.32316 0.153503
-1.3229 0.153809

-1.3229 0.153809
-1.32288 0.153837

-1.32288 0.153836
-1.32264 0.154114

-1.32264 0.154114
-1.32257 0.154194

-1.32257 0.154193
-1.32238 0.154419

-1.32238 0.154419
-1.32227 0.15455

-1.32227 0.154548
-1.32212 0.154724

-1.32212 0.154724
-1.32196 0.154907

-1.32196 0.154905
-1.32186 0.155029

-1.32185 0.155029
-1.32166 0.155262

-1.32166 0.155262
-1.32159 0.155334

-1.32159 0.155334
-1.32135 0.155617

-1.32135 0.155617
-1.32133 0.15564

-1.32133 0.15564
-1.32107 0.155945

-1.32107 0.155945
-1.32104 0.155973

-1.32104 0.155973
-1.32081 0.15625

-1.32081 0.15625
-1.32074 0.156329

-1.32074 0.156328
-1.32055 0.156555

-1.32054 0.156555
-1.32043 0.156684

-1.32043 0.156682
-1.32028 0.15686

-1.32028 0.15686
-1.32013 0.15704

-1.32013 0.157038
-1.32002 0.157166

-1.32002 0.157166
-1.31982 0.157393

-1.31982 0.157393
-1.31976 0.157471

-1.31976 0.157471
-1.31952 0.157747

-1.31952 0.157747
-1.31949 0.157776

-1.31949 0.157776
-1.31923 0.158081

-1.31923 0.158081
-1.31921 0.158102

-1.31921 0.158102
-1.31897 0.158386

-1.31897 0.158386
-1.31891 0.158456

-1.31891 0.158456
-1.31871 0.158691

-1.31871 0.158691
-1.3186 0.15881

-1.3186 0.158808
-1.31844 0.158997

-1.31844 0.158997
-1.3183 0.159165

-1.3183 0.159163
-1.31818 0.159302

-1.31818 0.159302
-1.31799 0.159517

-1.31799 0.159516
-1.31792 0.159607

-1.31792 0.159607
-1.31769 0.15987

-1.31769 0.15987
-1.31765 0.159912

-1.31765 0.159912
-1.31739 0.160217

-1.31739 0.160217
-1.31738 0.160223

-1.31738 0.160223
-1.31712 0.160522

-1.31712 0.160522
-1.31708 0.160576

-1.31708 0.160576
-1.31686 0.160828

-1.31686 0.160828
-1.31677 0.160929

-1.31677 0.160928
-1.3166 0.161133

-1.31659 0.161133
-1.31647 0.161282

-1.31647 0.16128
-1.31633 0.161438

-1.31633 0.161438
-1.31616 0.161634

-1.31616 0.161633
-1.31607 0.161743

-1.31607 0.161743
-1.31586 0.161985

-1.31586 0.161985
-1.3158 0.162048

-1.3158 0.162048
-1.31555 0.162337

-1.31555 0.162337
-1.31554 0.162354

-1.31554 0.162354
-1.31527 0.162659

-1.31527 0.162659
-1.31525 0.162689

-1.31525 0.162688
-1.31501 0.162964

-1.31501 0.162964
-1.31494 0.16304

-1.31494 0.16304
-1.31474 0.163269

-1.31474 0.163269
-1.31464 0.163392

-1.31464 0.16339
-1.31448 0.163574

-1.31448 0.163574
-1.31433 0.163744

-1.31433 0.163742
-1.31421 0.163879

-1.31421 0.163879
-1.31403 0.164094

-1.31403 0.164093
-1.31395 0.164185

-1.31395 0.164185
-1.31372 0.164444

-1.31372 0.164444
-1.31368 0.16449

-1.31368 0.16449
-1.31342 0.164794

-1.31342 0.164794
-1.31342 0.164795

-1.31342 0.164795
-1.31315 0.1651

-1.31315 0.1651
-1.31311 0.165145

-1.31311 0.165145
-1.31288 0.165405

-1.31288 0.165405
-1.31281 0.165495

-1.31281 0.165494
-1.31262 0.16571

-1.31262 0.16571
-1.3125 0.165846

-1.3125 0.00975625
-1.31219 0.00971901

-1.31219 0.00971902
-1.31189 0.00968204

-1.31189 0.00968205
-1.31158 0.0096453

-1.31158 0.00964529
-1.31128 0.00960877

-1.31128 0.00960874
-1.31097 0.00957253

-1.31097 0.00957258
-1.31067 0.00953663

-1.31067 0.00953666
-1.31036 0.00950082

-1.31036 0.00950089
-1.31006 0.00946497

-1.30975 0.00942891
-1.31002 0.00946045

-1.31006 0.00946498
-1.31002 0.00946045

-1.30975 0.0094289
-1.30945 0.00939316

-1.30945 0.00939317
-1.30914 0.00935768

-1.30914 0.00935768
-1.30884 0.00932243

-1.30884 0.00932239
-1.30853 0.00928746

-1.30853 0.00928749
-1.30823 0.00925288

-1.30823 0.00925289
-1.30792 0.00921851

-1.30792 0.00921856
-1.30762 0.00918429

-1.30731 0.00914989
-1.30736 0.00915527

-1.30731 0.00914989
-1.30701 0.00911561

-1.30762 0.00918435
-1.30736 0.00915527

-1.30701 0.00911561
-1.3067 0.00908158

-1.3067 0.00908159
-1.3064 0.00904778

-1.3064 0.00904779
-1.30609 0.00901417

-1.30609 0.00901413
-1.30579 0.00898077

-1.30579 0.0089808
-1.30548 0.00894772

-1.30548 0.00894773
-1.30518 0.00891482

-1.30518 0.00891486
-1.30487 0.00888204

-1.30457 0.00884902
-1.30458 0.0088501

-1.30487 0.00888211
-1.30457 0.0088501

-1.30457 0.00884903
-1.30426 0.00881606

-1.30426 0.00881605
-1.30396 0.00878332

-1.30396 0.00878332
-1.30365 0.00875082

-1.30365 0.00875082
-1.30334 0.00871853

-1.30334 0.00871849
-1.30304 0.0086865

-1.30304 0.00868653
-1.30273 0.00865485

-1.30151 0.00852955
-1.30166 0.00854492

-1.30273 0.00865485
-1.30243 0.0086234

-1.30243 0.00862343
-1.30212 0.00859216

-1.30212 0.00859222
-1.30182 0.00856097

-1.30182 0.00856101
-1.30166 0.00854492

-1.30151 0.00852954
-1.30121 0.00849833

-1.30121 0.00849834
-1.3009 0.00846738

-1.3009 0.0084674
-1.3006 0.00843664

-1.3006 0.00843665
-1.30029 0.00840606

-1.30029 0.00840602
-1.29999 0.00837566

-1.29999 0.00837569
-1.29968 0.00834558

-1.29968 0.00834559
-1.29938 0.00831565

-1.29938 0.00831567
-1.29907 0.00828584

-1.29907 0.0082859
-1.29877 0.00825602

-1.29846 0.0082259
-1.2986 0.00823975

-1.29877 0.00825607
-1.2986 0.00823975

-1.29846 0.00822589
-1.29816 0.00819593

-1.29816 0.00819593
-1.29785 0.00816621

-1.29785 0.00816622
-1.29755 0.0081367

-1.29755 0.0081367
-1.29724 0.00810737

-1.29724 0.00810733
-1.29694 0.00807826

-1.29694 0.00807829
-1.29663 0.0080495

-1.29663 0.0080495
-1.29633 0.00802092

-1.29633 0.00802093
-1.29602 0.00799253

-1.29602 0.00799256
-1.29572 0.00796427

-1.29572 0.00796435
-1.29541 0.00793594

-1.2951 0.00790738
-1.2954 0.00793457

-1.2951 0.00790738
-1.2948 0.00787915

-1.29541 0.00793596
-1.2954 0.00793457

-1.2948 0.00787915
-1.29449 0.00785114

-1.29449 0.00785115
-1.29419 0.00782332

-1.29419 0.00782332
-1.29388 0.00779563

-1.29388 0.00779559
-1.29358 0.0077681

-1.29358 0.00776814
-1.29327 0.00774089

-1.29327 0.00774089
-1.29297 0.0077138

-1.29297 0.00771381
-1.29266 0.00768683

-1.29266 0.00768686
-1.29236 0.00765994

-1.29236 0.00766001
-1.29205 0.00763292

-1.29175 0.00760561
-1.29201 0.00762939

-1.29205 0.00763293
-1.29201 0.00762939

-1.29175 0.0076056
-1.29144 0.00757858

-1.29144 0.00757858
-1.29114 0.00755178

-1.29114 0.00755179
-1.29083 0.00752518

-1.29083 0.00752518
-1.29053 0.00749875

-1.28839 0.00731901
-1.28845 0.00732422

-1.28839 0.00731901
-1.28809 0.00729351

-1.29053 0.00749874
-1.29022 0.00747252

-1.29022 0.0074725
-1.28992 0.00744656

-1.28992 0.0074466
-1.28961 0.00742088

-1.28961 0.00742087
-1.28931 0.00739531

-1.28931 0.00739532
-1.289 0.00736992

-1.289 0.00736997
-1.2887 0.00734459

-1.2887 0.00734466
-1.28845 0.00732422

-1.28809 0.00729351
-1.28778 0.00726823

-1.28778 0.00726823
-1.28748 0.00724316

-1.28748 0.00724317
-1.28717 0.00721827

-1.28717 0.00721828
-1.28687 0.00719351

-1.28687 0.0071935
-1.28656 0.00716886

-1.28656 0.00716883
-1.28625 0.00714441

-1.28625 0.00714445
-1.28595 0.00712021

-1.28595 0.00712021
-1.28564 0.00709606

-1.28564 0.00709606
-1.28534 0.007072

-1.28534 0.00707203
-1.28503 0.007048

-1.28503 0.00704807
-1.28473 0.00702386

-1.28442 0.00699938
-1.28467 0.00701904

-1.28473 0.00702386
-1.28467 0.00701904

-1.28442 0.00699936
-1.28412 0.00697513

-1.28412 0.00697514
-1.28381 0.0069511

-1.28381 0.00695111
-1.28351 0.00692726

-1.28351 0.00692727
-1.2832 0.00690357

-1.2832 0.00690358
-1.2829 0.00688002

-1.2829 0.00687997
-1.28259 0.00685663

-1.28259 0.00685667
-1.28229 0.00683356

-1.28229 0.00683356
-1.28198 0.00681062

-1.28198 0.00681062
-1.28168 0.00678782

-1.28168 0.00678782
-1.28137 0.00676516

-1.28137 0.00676519
-1.28107 0.00674262

-1.28107 0.00674269
-1.28076 0.00672

-1.28046 0.0066971
-1.28068 0.00671387

-1.28046 0.00669707
-1.28015 0.00667439

-1.28076 0.00672001
-1.28068 0.00671387

-1.28015 0.0066744
-1.27985 0.00665191

-1.27985 0.00665192
-1.27954 0.00662961

-1.27954 0.00662962
-1.27924 0.00660746

-1.27924 0.00660747
-1.27893 0.00658542

-1.27893 0.00658541
-1.27863 0.00656347

-1.27863 0.00656343
-1.27832 0.00654169

-1.27832 0.00654173
-1.27802 0.00652016

-1.27802 0.00652016
-1.27771 0.00649867

-1.27771 0.00649867
-1.2774 0.00647728

-1.2774 0.00647728
-1.2771 0.00645595

-1.2771 0.00645598
-1.27679 0.00643466

-1.27679 0.00643473
-1.27649 0.00641321

-1.27618 0.00639141
-1.27643 0.00640869

-1.27649 0.00641321
-1.27643 0.00640869

-1.27618 0.00639138
-1.27588 0.0063698

-1.27588 0.00636981
-1.27557 0.00634841

-1.27557 0.00634841
-1.27527 0.00632719

-1.27527 0.0063272
-1.27496 0.00630613

-1.27496 0.00630614
-1.27466 0.00628521

-1.27466 0.00628521
-1.27435 0.00626441

-1.27435 0.00626436
-1.27405 0.00624378

-1.27405 0.00624381
-1.27374 0.00622344

-1.27374 0.00622345
-1.27344 0.00620322

-1.27344 0.00620322
-1.27313 0.00618312

-1.27313 0.00618311
-1.27283 0.00616315

-1.27283 0.00616315
-1.27252 0.00614331

-1.27252 0.00614334
-1.27222 0.00612353

-1.27191 0.00610349
-1.27161 0.00608343

-1.27161 0.00608343
-1.2713 0.00606354

-1.2713 0.00606354
-1.271 0.00604383

-1.27222 0.00612361
-1.27191 0.00610362

-1.27191 0.00610363
-1.27191 0.00610352

-1.271 0.00604384
-1.27069 0.0060243

-1.27069 0.00602431
-1.27039 0.00600491

-1.27039 0.00600492
-1.27008 0.00598564

-1.27008 0.00598565
-1.26978 0.00596645

-1.26978 0.00596643
-1.26947 0.00594733

-1.26947 0.00594731
-1.26917 0.0059284

-1.26917 0.00592845
-1.26886 0.00590968

-1.26886 0.00590967
-1.26855 0.00589096

-1.26855 0.00589097
-1.26825 0.00587232

-1.26825 0.00587233
-1.26794 0.00585374

-1.26794 0.00585375
-1.26764 0.0058352

-1.26764 0.00583524
-1.26733 0.00581664

-1.26703 0.00579769
-1.26704 0.00579834

-1.26733 0.00581671
-1.26704 0.00579834

-1.26703 0.00579771
-1.26672 0.00577872

-1.26672 0.00577871
-1.26642 0.00575986

-1.26642 0.00575986
-1.26611 0.00574115

-1.26611 0.00574115
-1.26581 0.0057226

-1.26581 0.0057226
-1.2655 0.00570419

-1.2655 0.00570419
-1.2652 0.0056859

-1.2652 0.00568591
-1.26489 0.00566772

-1.26489 0.00566771
-1.26459 0.00564963

-1.26459 0.00564959
-1.26428 0.00563171

-1.26428 0.00563176
-1.26398 0.00561406

-1.26398 0.00561405
-1.26367 0.00559645

-1.26367 0.00559645
-1.26337 0.00557896

-1.26337 0.00557896
-1.26306 0.00556156

-1.26306 0.00556156
-1.26276 0.00554427

-1.26276 0.00554428
-1.26245 0.00552709

-1.26184 0.00549246
-1.26185 0.00549316

-1.26245 0.00552712
-1.26215 0.00550993

-1.26215 0.00551
-1.26185 0.00549316

-1.26184 0.00549249
-1.26154 0.005475

-1.26154 0.005475
-1.26123 0.00545766

-1.26123 0.00545766
-1.26093 0.00544049

-1.26093 0.00544049
-1.26062 0.00542347

-1.26062 0.00542347
-1.26031 0.00540657

-1.26031 0.00540658
-1.26001 0.0053898

-1.26001 0.00538981
-1.2597 0.00537313

-1.2597 0.00537313
-1.2594 0.00535651

-1.2594 0.0053565
-1.25909 0.00533996

-1.25909 0.00533993
-1.25879 0.00532357

-1.25879 0.00532361
-1.25848 0.00530739

-1.25848 0.00530738
-1.25818 0.00529121

-1.25818 0.00529121
-1.25787 0.00527511

-1.25787 0.00527511
-1.25757 0.00525905

-1.25757 0.00525906
-1.25726 0.00524304

-1.25726 0.00524305
-1.25696 0.00522707

-1.25696 0.00522709
-1.25665 0.00521109

-1.25665 0.00521116
-1.25635 0.00519496

-1.25604 0.00517842
-1.25622 0.00518799

-1.25635 0.00519499
-1.25622 0.00518799

-1.25604 0.0051784
-1.25574 0.00516197

-1.25574 0.00516197
-1.25543 0.00514568

-1.25543 0.00514568
-1.25513 0.00512953

-1.25513 0.00512953
-1.25482 0.0051135

-1.25482 0.0051135
-1.25452 0.0050976

-1.25452 0.0050976
-1.25421 0.00508181

-1.25421 0.00508181
-1.25391 0.00506612

-1.24994 0.00487126
-1.25018 0.00488281

-1.24994 0.00487124
-1.24963 0.00485642

-1.24963 0.00485643
-1.24933 0.00484177

-1.24933 0.00484178
-1.24902 0.00482726

-1.25391 0.00506613
-1.2536 0.00505052

-1.2536 0.0050505
-1.2533 0.005035

-1.2533 0.00503498
-1.25299 0.00501967

-1.25299 0.00501972
-1.25269 0.00500458

-1.25269 0.00500457
-1.25238 0.0049895

-1.25238 0.0049895
-1.25208 0.00497452

-1.25208 0.00497452
-1.25177 0.00495964

-1.25177 0.00495964
-1.25146 0.00494484

-1.25146 0.00494484
-1.25116 0.00493014

-1.25116 0.00493015
-1.25085 0.00491554

-1.25085 0.00491556
-1.25055 0.00490098

-1.25055 0.00490105
-1.25024 0.00488629

-1.25024 0.00488629
-1.25017 0.00488281

-1.24902 0.00482727
-1.24872 0.00481288

-1.24872 0.00481288
-1.24841 0.00479861

-1.24841 0.00479861
-1.24811 0.00478444

-1.24811 0.00478445
-1.2478 0.00477038

-1.2478 0.00477039
-1.2475 0.0047564

-1.2475 0.0047564
-1.24719 0.00474246

-1.24719 0.00474244
-1.24689 0.00472856

-1.24689 0.00472853
-1.24658 0.00471482

-1.24658 0.00471487
-1.24628 0.00470128

-1.24628 0.00470128
-1.24597 0.00468774

-1.24597 0.00468774
-1.24567 0.00467425

-1.24567 0.00467426
-1.24536 0.00466082

-1.24536 0.00466082
-1.24506 0.00464742

-1.24506 0.00464743
-1.24475 0.00463406

-1.24475 0.00463406
-1.24445 0.0046207

-1.24445 0.00462071
-1.24414 0.00460736

-1.24414 0.00460739
-1.24384 0.00459397

-1.24384 0.00459404
-1.24353 0.00458036

-1.24323 0.00456634
-1.24347 0.00457764

-1.24353 0.00458036
-1.24347 0.00457764

-1.24323 0.00456631
-1.24292 0.00455246

-1.24292 0.00455246
-1.24261 0.00453873

-1.24261 0.00453873
-1.24231 0.00452511

-1.24231 0.00452511
-1.242 0.00451159

-1.242 0.00451159
-1.2417 0.00449817

-1.2417 0.00449817
-1.24139 0.00448485

-1.24139 0.00448485
-1.24109 0.00447162

-1.24109 0.00447162
-1.24078 0.00445847

-1.24078 0.00445848
-1.24048 0.0044454

-1.24048 0.0044454
-1.24017 0.00443237

-1.24017 0.00443232
-1.23987 0.00441943

-1.23987 0.00441946
-1.23956 0.00440674

-1.23956 0.00440674
-1.23926 0.0043941

-1.23926 0.0043941
-1.23895 0.00438153

-1.23895 0.00438153
-1.23865 0.00436902

-1.23865 0.00436902
-1.23834 0.00435658

-1.23834 0.00435658
-1.23804 0.0043442

-1.23804 0.0043442
-1.23773 0.00433189

-1.23773 0.00433189
-1.23743 0.00431964

-1.23743 0.00431964
-1.23712 0.00430747

-1.23712 0.00430748
-1.23682 0.00429535

-1.23621 0.00427069
-1.23625 0.00427246

-1.23682 0.00429539
-1.23651 0.0042832

-1.23651 0.00428327
-1.23625 0.00427246

-1.23621 0.00427071
-1.2359 0.00425818

-1.2359 0.00425818
-1.2356 0.00424578

-1.2356 0.00424578
-1.23529 0.0042335

-1.23529 0.0042335
-1.23499 0.00422134

-1.23499 0.00422134
-1.23468 0.00420927

-1.23468 0.00420928
-1.23438 0.0041973

-1.23438 0.00419731
-1.23407 0.00418542

-1.23407 0.00418542
-1.23376 0.00417362

-1.23376 0.00417362
-1.23346 0.00416191

-1.23346 0.00416191
-1.23315 0.00415027

-1.23315 0.00415028
-1.23285 0.00413868

-1.23285 0.00413869
-1.23254 0.00412711

-1.23254 0.00412706
-1.23224 0.0041156

-1.23224 0.00411563
-1.23193 0.00410432

-1.23193 0.00410432
-1.23163 0.00409309

-1.23163 0.00409309
-1.23132 0.00408192

-1.23132 0.00408192
-1.23102 0.00407079

-1.23102 0.00407079
-1.23071 0.00405972

-1.23071 0.00405972
-1.23041 0.00404869

-1.23041 0.0040487
-1.2301 0.0040377

-1.2301 0.00403771
-1.2298 0.00402674

-1.2298 0.00402674
-1.22949 0.00401579

-1.22949 0.00401579
-1.22919 0.00400485

-1.22919 0.00400485
-1.22888 0.0039939

-1.22888 0.00399392
-1.22858 0.0039829

-1.22858 0.00398297
-1.22827 0.0039717

-1.22797 0.00396008
-1.22816 0.00396729

-1.22827 0.00397172
-1.22815 0.00396729

-1.22797 0.00396005
-1.22766 0.0039485

-1.22766 0.0039485
-1.22736 0.00393705

-1.22736 0.00393705
-1.22705 0.00392569

-1.22705 0.00392569
-1.22675 0.00391441

-1.22675 0.00391441
-1.22644 0.00390322

-1.22644 0.00390322
-1.22614 0.0038921

-1.22614 0.0038921
-1.22583 0.00388105

-1.22583 0.00388105
-1.22552 0.00387008

-1.22552 0.00387008
-1.22522 0.00385918

-1.22522 0.00385918
-1.22491 0.00384835

-1.22491 0.00384835
-1.22461 0.00383758

-1.22461 0.00383758
-1.2243 0.00382684

-1.2243 0.00382683
-1.224 0.00381615

-1.224 0.00381611
-1.22369 0.00380559

-1.22369 0.00380564
-1.22339 0.00379524

-1.22339 0.00379524
-1.22308 0.00378488

-1.22308 0.00378488
-1.22278 0.00377459

-1.22278 0.00377459
-1.22247 0.00376436

-1.22247 0.00376436
-1.22217 0.00375419

-1.22217 0.00375419
-1.22186 0.00374407

-1.22186 0.00374407
-1.22156 0.00373402

-1.22156 0.00373402
-1.22125 0.00372402

-1.22125 0.00372402
-1.22095 0.00371407

-1.22095 0.00371407
-1.22064 0.00370418

-1.22064 0.00370418
-1.22034 0.00369434

-1.22034 0.00369435
-1.22003 0.00368456

-1.22003 0.00368459
-1.21973 0.00367479

-1.21912 0.00365457
-1.21934 0.00366211

-1.21912 0.00365454
-1.21881 0.00364439

-1.21881 0.0036444
-1.21851 0.00363437

-1.21973 0.00367485
-1.21942 0.00366485

-1.21942 0.00366486
-1.21934 0.00366211

-1.21851 0.00363437
-1.2182 0.00362444

-1.2182 0.00362444
-1.2179 0.0036146

-1.2179 0.0036146
-1.21759 0.00360484

-1.21759 0.00360484
-1.21729 0.00359515

-1.21729 0.00359515
-1.21698 0.00358553

-1.21698 0.00358553
-1.21667 0.00357598

-1.21667 0.00357598
-1.21637 0.00356649

-1.21637 0.00356649
-1.21606 0.00355707

-1.21606 0.00355707
-1.21576 0.00354771

-1.21576 0.00354771
-1.21545 0.00353842

-1.21545 0.00353842
-1.21515 0.00352917

-1.21515 0.00352918
-1.21484 0.00351995

-1.21484 0.00351993
-1.21454 0.00351073

-1.21454 0.00351069
-1.21423 0.00350163

-1.21423 0.00350168
-1.21393 0.00349274

-1.21393 0.00349273
-1.21362 0.00348384

-1.21362 0.00348384
-1.21332 0.00347501

-1.21332 0.00347501
-1.21301 0.00346623

-1.21301 0.00346623
-1.21271 0.0034575

-1.21271 0.0034575
-1.2124 0.00344882

-1.2124 0.00344882
-1.2121 0.00344018

-1.2121 0.00344018
-1.21179 0.00343159

-1.21179 0.00343159
-1.21149 0.00342303

-1.21149 0.00342304
-1.21118 0.00341451

-1.21118 0.00341451
-1.21088 0.003406

-1.21088 0.003406
-1.21057 0.00339749

-1.21057 0.0033975
-1.21027 0.00338898

-1.21027 0.00338899
-1.20996 0.00338046

-1.20996 0.00338047
-1.20966 0.00337188

-1.20966 0.00337193
-1.20935 0.00336315

-1.20905 0.00335397
-1.20914 0.00335693

-1.20935 0.0033632
-1.20914 0.00335693

-1.20905 0.00335397
-1.20874 0.00334477

-1.20874 0.00334477
-1.20844 0.00333564

-1.20844 0.00333564
-1.20813 0.00332659

-1.20813 0.00332659
-1.20782 0.0033176

-1.20782 0.0033176
-1.20752 0.00330867

-1.20752 0.00330867
-1.20721 0.0032998

-1.20721 0.0032998
-1.20691 0.00329098

-1.20691 0.00329098
-1.2066 0.00328222

-1.2066 0.00328222
-1.2063 0.0032735

-1.2063 0.0032735
-1.20599 0.00326484

-1.20599 0.00326484
-1.20569 0.00325623

-1.20569 0.00325623
-1.20538 0.00324767

-1.20538 0.00324767
-1.20508 0.00323915

-1.20508 0.00323915
-1.20477 0.00323069

-1.20477 0.0032307
-1.20447 0.00322227

-1.20447 0.00322227
-1.20416 0.00321387

-1.20416 0.00321385
-1.20386 0.00320548

-1.20386 0.00320545
-1.20355 0.00319721

-1.20355 0.00319726
-1.20325 0.00318913

-1.20325 0.00318913
-1.20294 0.00318103

-1.20294 0.00318103
-1.20264 0.00317298

-1.20264 0.00317298
-1.20233 0.00316498

-1.20233 0.00316497
-1.20203 0.00315701

-1.20203 0.00315701
-1.20172 0.00314908

-1.20172 0.00314908
-1.20142 0.0031412

-1.20142 0.0031412
-1.20111 0.00313337

-1.20111 0.00313337
-1.20081 0.00312557

-1.20081 0.00312557
-1.2005 0.00311782

-1.2005 0.00311782
-1.2002 0.00311011

-1.2002 0.00311011
-1.19989 0.00310244

-1.19989 0.00310244
-1.19958 0.0030948

-1.19958 0.0030948
-1.19928 0.0030872

-1.19928 0.0030872
-1.19897 0.00307963

-1.19897 0.00307963
-1.19867 0.0030721

-1.19867 0.00307212
-1.19836 0.00306458

-1.19775 0.00304896
-1.19786 0.00305176

-1.19836 0.00306463
-1.19806 0.00305696

-1.19806 0.00305701
-1.19786 0.00305176

-1.19775 0.00304896
-1.19745 0.00304097

-1.19745 0.00304098
-1.19714 0.00303308

-1.19714 0.00303308
-1.19684 0.00302526

-1.19684 0.00302527
-1.19653 0.00301751

-1.19653 0.00301751
-1.19623 0.00300982

-1.19623 0.00300982
-1.19592 0.00300218

-1.19592 0.00300218
-1.19562 0.00299458

-1.19562 0.00299458
-1.19531 0.00298703

-1.19531 0.00298704
-1.19501 0.00297953

-1.19501 0.00297953
-1.1947 0.00297208

-1.1947 0.00297208
-1.1944 0.00296466

-1.1944 0.00296466
-1.19409 0.00295729

-1.19409 0.00295729
-1.19379 0.00294996

-1.19379 0.00294996
-1.19348 0.00294268

-1.19348 0.00294268
-1.19318 0.00293543

-1.19318 0.00293543
-1.19287 0.00292823

-1.19287 0.00292823
-1.19257 0.00292107

-1.19257 0.00292107
-1.19226 0.00291393

-1.19226 0.00291394
-1.19196 0.0029068

-1.19196 0.00290679
-1.19165 0.00289967

-1.19165 0.00289964
-1.19135 0.00289264

-1.19135 0.00289269
-1.19104 0.0028858

-1.19104 0.00288579
-1.19073 0.00287893

-1.19073 0.00287893
-1.19043 0.00287211

-1.19043 0.00287211
-1.19012 0.00286533

-1.19012 0.00286532
-1.18982 0.00285859

-1.18982 0.00285859
-1.18951 0.00285189

-1.18951 0.00285189
-1.18921 0.00284524

-1.18921 0.00284524
-1.1889 0.00283863

-1.1889 0.00283863
-1.1886 0.00283206

-1.1886 0.00283206
-1.18829 0.00282553

-1.18829 0.00282554
-1.18799 0.00281905

-1.18799 0.00281905
-1.18768 0.0028126

-1.18768 0.0028126
-1.18738 0.00280619

-1.18738 0.00280619
-1.18707 0.00279981

-1.18707 0.00279981
-1.18677 0.00279345

-1.18677 0.00279346
-1.18646 0.00278712

-1.18646 0.00278712
-1.18616 0.00278079

-1.18616 0.00278079
-1.18585 0.00277445

-1.18585 0.00277445
-1.18555 0.0027681

-1.18555 0.0027681
-1.18524 0.00276171

-1.18524 0.00276173
-1.18494 0.00275523

-1.18494 0.00275528
-1.18463 0.00274851

-1.18433 0.00274141
-1.18455 0.00274658

-1.18463 0.00274851
-1.18455 0.00274658

-1.18433 0.00274139
-1.18402 0.00273436

-1.18402 0.00273436
-1.18372 0.00272739

-1.18372 0.0027274
-1.18341 0.00272048

-1.18341 0.00272048
-1.18311 0.00271361

-1.18311 0.00271361
-1.1828 0.00270678

-1.1828 0.00270678
-1.1825 0.00269999

-1.1825 0.00269999
-1.18219 0.00269324

-1.18219 0.00269324
-1.18188 0.00268652

-1.18188 0.00268652
-1.18158 0.00267984

-1.18158 0.00267984
-1.18127 0.0026732

-1.18127 0.0026732
-1.18097 0.00266659

-1.18097 0.00266659
-1.18066 0.00266001

-1.18066 0.00266001
-1.18036 0.00265346

-1.18036 0.00265346
-1.18005 0.00264695

-1.18005 0.00264695
-1.17975 0.00264047

-1.17975 0.00264047
-1.17944 0.00263402

-1.17944 0.00263402
-1.17914 0.0026276

-1.17914 0.0026276
-1.17883 0.00262122

-1.17883 0.00262122
-1.17853 0.00261487

-1.17853 0.00261487
-1.17822 0.00260854

-1.17822 0.00260854
-1.17792 0.00260222

-1.17792 0.0026022
-1.17761 0.0025959

-1.17761 0.00259586
-1.17731 0.00258967

-1.17731 0.00258971
-1.177 0.00258361

-1.177 0.0025836
-1.1767 0.00257752

-1.1767 0.00257752
-1.17639 0.00257146

-1.17639 0.00257146
-1.17609 0.00256543

-1.17609 0.00256543
-1.17578 0.00255942

-1.17578 0.00255942
-1.17548 0.00255345

-1.17548 0.00255345
-1.17517 0.00254749

-1.17517 0.00254749
-1.17487 0.00254157

-1.17487 0.00254157
-1.17456 0.00253568

-1.17456 0.00253568
-1.17426 0.00252981

-1.17426 0.00252981
-1.17395 0.00252397

-1.17395 0.00252397
-1.17365 0.00251816

-1.17365 0.00251816
-1.17334 0.00251239

-1.17334 0.00251239
-1.17303 0.00250664

-1.17303 0.00250664
-1.17273 0.00250093

-1.17273 0.00250093
-1.17242 0.00249525

-1.17242 0.00249524
-1.17212 0.0024896

-1.17212 0.0024896
-1.17181 0.00248399

-1.17181 0.00248399
-1.17151 0.00247841

-1.17151 0.00247841
-1.1712 0.00247286

-1.1712 0.00247286
-1.1709 0.00246735

-1.16937 0.00243953
-1.16947 0.00244141

-1.16937 0.00243953
-1.16907 0.00243366

-1.16907 0.00243367
-1.16876 0.00242788

-1.16876 0.00242788
-1.16846 0.00242216

-1.1709 0.00246735
-1.17059 0.00246187

-1.17059 0.00246187
-1.17029 0.00245641

-1.17029 0.00245643
-1.16998 0.00245096

-1.16998 0.00245101
-1.16968 0.00244541

-1.16968 0.00244545
-1.16946 0.00244141

-1.16846 0.00242216
-1.16815 0.00241649

-1.16815 0.00241649
-1.16785 0.00241086

-1.16785 0.00241086
-1.16754 0.00240527

-1.16754 0.00240527
-1.16724 0.00239972

-1.16724 0.00239972
-1.16693 0.00239421

-1.16693 0.00239421
-1.16663 0.00238872

-1.16663 0.00238872
-1.16632 0.00238328

-1.16632 0.00238328
-1.16602 0.00237786

-1.16602 0.00237786
-1.16571 0.00237248

-1.16571 0.00237248
-1.16541 0.00236714

-1.16541 0.00236714
-1.1651 0.00236182

-1.1651 0.00236182
-1.16479 0.00235654

-1.16479 0.00235654
-1.16449 0.00235129

-1.16449 0.00235129
-1.16418 0.00234606

-1.16418 0.00234606
-1.16388 0.00234087

-1.16388 0.00234087
-1.16357 0.00233571

-1.16357 0.00233571
-1.16327 0.00233058

-1.16327 0.00233058
-1.16296 0.00232547

-1.16296 0.00232547
-1.16266 0.0023204

-1.16266 0.0023204
-1.16235 0.00231534

-1.16235 0.00231534
-1.16205 0.00231031

-1.16205 0.00231032
-1.16174 0.00230531

-1.16174 0.00230532
-1.16144 0.00230032

-1.16144 0.00230032
-1.16113 0.00229532

-1.16113 0.00229531
-1.16083 0.0022903

-1.16083 0.00229027
-1.16052 0.00228535

-1.16052 0.00228538
-1.16022 0.00228054

-1.16022 0.00228054
-1.15991 0.00227572

-1.15991 0.00227572
-1.15961 0.00227092

-1.15961 0.00227092
-1.1593 0.00226615

-1.1593 0.00226615
-1.159 0.0022614

-1.159 0.0022614
-1.15869 0.00225668

-1.15869 0.00225668
-1.15839 0.00225198

-1.15839 0.00225198
-1.15808 0.0022473

-1.15808 0.0022473
-1.15778 0.00224265

-1.15778 0.00224265
-1.15747 0.00223802

-1.15747 0.00223802
-1.15717 0.00223342

-1.15717 0.00223342
-1.15686 0.00222884

-1.15686 0.00222884
-1.15656 0.00222429

-1.15656 0.00222429
-1.15625 0.00221977

-1.3125 0.165844
-1.31235 0.166016

-1.31235 0.166016
-1.31219 0.166196

-1.31219 0.166194
-1.31209 0.166321

-1.31208 0.166321
-1.31189 0.166545

-1.31189 0.166544
-1.31182 0.166626

-1.31182 0.166626
-1.31158 0.166893

-1.31158 0.166893
-1.31155 0.166931

-1.31155 0.166931
-1.31128 0.167236

-1.31129 0.167236
-1.31128 0.167243

-1.31128 0.167243
-1.31102 0.167542

-1.31102 0.167542
-1.31097 0.167592

-1.31097 0.167592
-1.31075 0.167847

-1.31075 0.167847
-1.31067 0.167941

-1.31067 0.16794
-1.31048 0.168152

-1.31048 0.168152
-1.31036 0.16829

-1.31036 0.168288
-1.31022 0.168457

-1.31022 0.168457
-1.31006 0.168639

-1.31006 0.168637
-1.30995 0.168762

-1.30995 0.168762
-1.30975 0.168987

-1.30975 0.168986
-1.30968 0.169067

-1.30968 0.169067
-1.30945 0.169334

-1.30945 0.169334
-1.30941 0.169373

-1.30941 0.169373
-1.30915 0.169678

-1.30915 0.169678
-1.30914 0.169683

-1.30914 0.169682
-1.30888 0.169983

-1.30888 0.169983
-1.30884 0.17003

-1.30884 0.17003
-1.30861 0.170288

-1.30861 0.170288
-1.30853 0.170378

-1.30853 0.170377
-1.30834 0.170593

-1.30834 0.170593
-1.30823 0.170726

-1.30823 0.170724
-1.30808 0.170898

-1.30807 0.170898
-1.30792 0.171074

-1.30792 0.171072
-1.30781 0.171204

-1.30781 0.171204
-1.30762 0.17142

-1.30762 0.171419
-1.30754 0.171509

-1.30754 0.171509
-1.30731 0.171766

-1.30731 0.171766
-1.30727 0.171814

-1.30727 0.171814
-1.30701 0.172113

-1.30701 0.172113
-1.307 0.172119

-1.307 0.172119
-1.30673 0.172424

-1.30673 0.172424
-1.3067 0.17246

-1.3067 0.17246
-1.30646 0.172729

-1.30646 0.172729
-1.3064 0.172807

-1.3064 0.172806
-1.3062 0.173035

-1.3062 0.173035
-1.30609 0.173153

-1.30609 0.173151
-1.30593 0.17334

-1.30593 0.17334
-1.30579 0.1735

-1.30579 0.173498
-1.30566 0.173645

-1.30566 0.173645
-1.30548 0.173846

-1.30548 0.173844
-1.30539 0.17395

-1.30539 0.17395
-1.30518 0.174191

-1.30518 0.17419
-1.30512 0.174255

-1.30512 0.174255
-1.30487 0.174536

-1.30487 0.174536
-1.30485 0.174561

-1.30485 0.174561
-1.30458 0.174866

-1.30458 0.174866
-1.30457 0.174882

-1.30457 0.174881
-1.30431 0.175171

-1.30431 0.175171
-1.30426 0.175227

-1.30426 0.175227
-1.30404 0.175476

-1.30404 0.175476
-1.30396 0.175572

-1.30396 0.175571
-1.30377 0.175781

-1.30377 0.175781
-1.30365 0.175918

-1.30365 0.175916
-1.3035 0.176086

-1.3035 0.176086
-1.30334 0.176263

-1.30334 0.176261
-1.30323 0.176392

-1.30323 0.176392
-1.30304 0.176607

-1.30304 0.176606
-1.30296 0.176697

-1.30296 0.176697
-1.30273 0.176951

-1.30273 0.176951
-1.30269 0.177002

-1.30269 0.177002
-1.30243 0.177295

-1.30243 0.177295
-1.30242 0.177307

-1.30242 0.177307
-1.30215 0.177612

-1.30215 0.177612
-1.30212 0.17764

-1.30212 0.177639
-1.30188 0.177917

-1.30188 0.177917
-1.30182 0.177984

-1.30182 0.177983
-1.30161 0.178223

-1.30161 0.178223
-1.30151 0.178328

-1.30151 0.178326
-1.30134 0.178528

-1.30134 0.178528
-1.30121 0.178672

-1.30121 0.17867
-1.30107 0.178833

-1.30106 0.178833
-1.3009 0.179016

-1.3009 0.179014
-1.30079 0.179138

-1.30079 0.179138
-1.3006 0.179359

-1.3006 0.179358
-1.30052 0.179443

-1.30052 0.179443
-1.30029 0.179701

-1.30029 0.179701
-1.30025 0.179749

-1.30025 0.179749
-1.29999 0.180044

-1.29999 0.180044
-1.29998 0.180054

-1.29998 0.180054
-1.29971 0.180359

-1.29971 0.180359
-1.29968 0.180388

-1.29968 0.180387
-1.29944 0.180664

-1.29944 0.180664
-1.29938 0.18073

-1.29938 0.18073
-1.29916 0.180969

-1.29916 0.180969
-1.29907 0.181073

-1.29907 0.181071
-1.29889 0.181274

-1.29889 0.181274
-1.29877 0.181416

-1.29877 0.181414
-1.29862 0.18158

-1.29862 0.18158
-1.29846 0.181759

-1.29846 0.181757
-1.29835 0.181885

-1.29835 0.181885
-1.29816 0.1821

-1.29816 0.182099
-1.29808 0.18219

-1.29808 0.18219
-1.29785 0.182442

-1.29785 0.182442
-1.2978 0.182495

-1.2978 0.182495
-1.29755 0.182784

-1.29755 0.182784
-1.29753 0.1828

-1.29753 0.1828
-1.29726 0.183105

-1.29726 0.183105
-1.29724 0.183126

-1.29724 0.183125
-1.29699 0.183411

-1.29699 0.183411
-1.29694 0.183467

-1.29694 0.183467
-1.29671 0.183716

-1.29671 0.183716
-1.29663 0.183809

-1.29663 0.183807
-1.29644 0.184021

-1.29644 0.184021
-1.29633 0.18415

-1.29633 0.184148
-1.29617 0.184326

-1.29617 0.184326
-1.29602 0.184492

-1.29602 0.18449
-1.2959 0.184631

-1.29589 0.184631
-1.29572 0.184833

-1.29572 0.184832
-1.29562 0.184937

-1.29562 0.184937
-1.29541 0.185173

-1.29541 0.185173
-1.29535 0.185242

-1.29535 0.185242
-1.2951 0.185513

-1.2951 0.185513
-1.29508 0.185547

-1.29508 0.185547
-1.2948 0.185852

-1.2948 0.185852
-1.2948 0.185854

-1.2948 0.185854
-1.29453 0.186157

-1.29453 0.186157
-1.29449 0.186195

-1.29449 0.186194
-1.29425 0.186462

-1.29425 0.186462
-1.29419 0.186535

-1.29419 0.186534
-1.29398 0.186768

-1.29398 0.186768
-1.29388 0.186875

-1.29388 0.186873
-1.29371 0.187073

-1.29371 0.187073
-1.29358 0.187216

-1.29358 0.187214
-1.29343 0.187378

-1.29343 0.187378
-1.29327 0.187556

-1.29327 0.187554
-1.29316 0.187683

-1.29316 0.187683
-1.29297 0.187896

-1.29297 0.187894
-1.29288 0.187988

-1.29288 0.187988
-1.29266 0.188234

-1.29266 0.188234
-1.29261 0.188293

-1.29261 0.188293
-1.29236 0.188574

-1.29236 0.188574
-1.29234 0.188599

-1.29234 0.188599
-1.29206 0.188904

-1.29206 0.188904
-1.29205 0.188913

-1.29205 0.188913
-1.29179 0.189209

-1.29179 0.189209
-1.29175 0.189252

-1.29175 0.189252
-1.29151 0.189514

-1.29151 0.189514
-1.29144 0.189592

-1.29144 0.18959
-1.29124 0.189819

-1.29124 0.189819
-1.29114 0.189931

-1.29114 0.189929
-1.29096 0.190125

-1.29096 0.190125
-1.29083 0.19027

-1.29083 0.190268
-1.29069 0.19043

-1.29069 0.19043
-1.29053 0.190609

-1.29053 0.190607
-1.29041 0.190735

-1.29041 0.190735
-1.29022 0.190947

-1.29022 0.190946
-1.29014 0.19104

-1.29014 0.19104
-1.28992 0.191285

-1.28992 0.191284
-1.28986 0.191345

-1.28986 0.191345
-1.28961 0.191623

-1.28961 0.191622
-1.28959 0.19165

-1.28959 0.19165
-1.28931 0.191956

-1.28931 0.191956
-1.28931 0.191961

-1.28931 0.191961
-1.28904 0.192261

-1.28904 0.192261
-1.289 0.192299

-1.289 0.192298
-1.28876 0.192566

-1.28876 0.192566
-1.2887 0.192637

-1.2887 0.192636
-1.28848 0.192871

-1.28848 0.192871
-1.28839 0.192975

-1.28839 0.192973
-1.28821 0.193176

-1.28821 0.193176
-1.28809 0.193312

-1.28809 0.193311
-1.28793 0.193481

-1.28793 0.193481
-1.28778 0.19365

-1.28778 0.193649
-1.28766 0.193787

-1.28766 0.193787
-1.28748 0.193988

-1.28748 0.193986
-1.28738 0.194092

-1.28738 0.194092
-1.28717 0.194324

-1.28717 0.194323
-1.2871 0.194397

-1.2871 0.194397
-1.28687 0.194661

-1.28687 0.194661
-1.28683 0.194702

-1.28683 0.194702
-1.28656 0.194997

-1.28656 0.194997
-1.28655 0.195007

-1.28655 0.195007
-1.28627 0.195312

-1.28627 0.195312
-1.28625 0.195335

-1.28625 0.195334
-1.286 0.195618

-1.286 0.195618
-1.28595 0.195671

-1.28595 0.195671
-1.28572 0.195923

-1.28572 0.195923
-1.28564 0.196008

-1.28564 0.196006
-1.28545 0.196228

-1.28544 0.196228
-1.28534 0.196344

-1.28534 0.196342
-1.28517 0.196533

-1.28517 0.196533
-1.28503 0.196681

-1.28503 0.196679
-1.28489 0.196838

-1.28489 0.196838
-1.28473 0.197017

-1.28473 0.197016
-1.28461 0.197144

-1.28461 0.197144
-1.28442 0.197353

-1.28442 0.197352
-1.28434 0.197449

-1.28434 0.197449
-1.28412 0.197688

-1.28412 0.197688
-1.28406 0.197754

-1.28406 0.197754
-1.28381 0.198024

-1.28381 0.198024
-1.28378 0.198059

-1.28378 0.198059
-1.28351 0.198359

-1.28351 0.198359
-1.2835 0.198364

-1.2835 0.198364
-1.28323 0.198669

-1.28323 0.198669
-1.2832 0.198695

-1.2832 0.198695
-1.28295 0.198975

-1.28295 0.198975
-1.2829 0.199031

-1.2829 0.19903
-1.28267 0.19928

-1.28267 0.19928
-1.28259 0.199366

-1.28259 0.199364
-1.28239 0.199585

-1.28239 0.199585
-1.28229 0.199701

-1.28229 0.199699
-1.28212 0.19989

-1.28211 0.19989
-1.28198 0.200036

-1.28198 0.200035
-1.28184 0.200195

-1.28184 0.200195
-1.28168 0.200371

-1.28168 0.20037
-1.28156 0.2005

-1.28156 0.2005
-1.28137 0.200706

-1.28137 0.200705
-1.28128 0.200806

-1.28128 0.200806
-1.28107 0.20104

-1.28107 0.20104
-1.281 0.201111

-1.281 0.201111
-1.28076 0.201374

-1.28076 0.201374
-1.28072 0.201416

-1.28072 0.201416
-1.28046 0.201708

-1.28046 0.201708
-1.28044 0.201721

-1.28044 0.201721
-1.28017 0.202026

-1.28017 0.202026
-1.28015 0.202043

-1.28015 0.202043
-1.27989 0.202332

-1.27989 0.202332
-1.27985 0.202377

-1.27985 0.202377
-1.27961 0.202637

-1.27961 0.202637
-1.27954 0.202711

-1.27954 0.20271
-1.27933 0.202942

-1.27933 0.202942
-1.27924 0.203045

-1.27924 0.203043
-1.27905 0.203247

-1.27905 0.203247
-1.27893 0.203379

-1.27893 0.203377
-1.27877 0.203552

-1.27877 0.203552
-1.27863 0.203713

-1.27863 0.203711
-1.27849 0.203857

-1.27849 0.203857
-1.27832 0.204047

-1.27832 0.204045
-1.27821 0.204163

-1.27821 0.204163
-1.27802 0.20438

-1.27802 0.204379
-1.27793 0.204468

-1.27793 0.204468
-1.27771 0.204712

-1.27771 0.204712
-1.27765 0.204773

-1.27765 0.204773
-1.2774 0.205045

-1.2774 0.205045
-1.27737 0.205078

-1.27737 0.205078
-1.2771 0.205378

-1.2771 0.205378
-1.27709 0.205383

-1.27709 0.205383
-1.27682 0.205688

-1.27682 0.205688
-1.27679 0.205711

-1.27679 0.205711
-1.27654 0.205994

-1.27654 0.205994
-1.27649 0.206044

-1.27649 0.206043
-1.27626 0.206299

-1.27626 0.206299
-1.27618 0.206377

-1.27618 0.206375
-1.27598 0.206604

-1.27598 0.206604
-1.27588 0.206709

-1.27588 0.206708
-1.2757 0.206909

-1.27569 0.206909
-1.27557 0.207042

-1.27557 0.20704
-1.27542 0.207214

-1.27541 0.207214
-1.27527 0.207374

-1.27527 0.207373
-1.27513 0.20752

-1.27513 0.20752
-1.27496 0.207707

-1.27496 0.207705
-1.27485 0.207825

-1.27485 0.207825
-1.27466 0.208039

-1.27466 0.208038
-1.27457 0.20813

-1.27457 0.20813
-1.27435 0.20837

-1.27435 0.208369
-1.27429 0.208435

-1.27429 0.208435
-1.27405 0.208701

-1.27405 0.208701
-1.27401 0.20874

-1.27401 0.20874
-1.27374 0.209033

-1.27374 0.209033
-1.27373 0.209045

-1.27373 0.209045
-1.27345 0.209351

-1.27345 0.209351
-1.27344 0.209365

-1.27344 0.209364
-1.27317 0.209656

-1.27317 0.209656
-1.27313 0.209696

-1.27313 0.209696
-1.27289 0.209961

-1.27289 0.209961
-1.27283 0.210027

-1.27283 0.210026
-1.27261 0.210266

-1.27261 0.210266
-1.27252 0.210359

-1.27252 0.210357
-1.27233 0.210571

-1.27233 0.210571
-1.27222 0.21069

-1.27222 0.210688
-1.27204 0.210876

-1.27204 0.210876
-1.27191 0.211021

-1.27191 0.211019
-1.27176 0.211182

-1.27176 0.211182
-1.27161 0.211352

-1.27161 0.21135
-1.27148 0.211487

-1.27148 0.211487
-1.2713 0.211683

-1.2713 0.211681
-1.2712 0.211792

-1.2712 0.211792
-1.271 0.212013

-1.271 0.212012
-1.27092 0.212097

-1.27092 0.212097
-1.27069 0.212343

-1.27069 0.212342
-1.27064 0.212402

-1.27064 0.212402
-1.27039 0.212673

-1.27039 0.212673
-1.27035 0.212708

-1.27035 0.212708
-1.27008 0.213003

-1.27008 0.213003
-1.27007 0.213013

-1.27007 0.213013
-1.26979 0.213318

-1.26979 0.213318
-1.26978 0.213333

-1.26978 0.213333
-1.26951 0.213623

-1.26951 0.213623
-1.26947 0.213663

-1.26947 0.213663
-1.26922 0.213928

-1.26922 0.213928
-1.26917 0.213993

-1.26917 0.213992
-1.26894 0.214233

-1.26894 0.214233
-1.26886 0.214323

-1.26886 0.214321
-1.26866 0.214539

-1.26866 0.214539
-1.26855 0.214652

-1.26855 0.214651
-1.26838 0.214844

-1.26838 0.214844
-1.26825 0.214982

-1.26825 0.214981
-1.26809 0.215149

-1.26809 0.215149
-1.26794 0.215311

-1.26794 0.21531
-1.26781 0.215454

-1.26781 0.215454
-1.26764 0.215641

-1.26764 0.21564
-1.26753 0.215759

-1.26753 0.215759
-1.26733 0.21597

-1.26733 0.215969
-1.26725 0.216064

-1.26724 0.216064
-1.26703 0.216299

-1.26703 0.216298
-1.26696 0.21637

-1.26696 0.21637
-1.26672 0.216627

-1.26672 0.216627
-1.26668 0.216675

-1.26668 0.216675
-1.26642 0.216955

-1.26642 0.216955
-1.2664 0.21698

-1.2664 0.21698
-1.26611 0.217284

-1.26611 0.217284
-1.26611 0.217285

-1.26611 0.217285
-1.26583 0.21759

-1.26583 0.21759
-1.26581 0.217613

-1.26581 0.217612
-1.26554 0.217896

-1.26555 0.217896
-1.2655 0.217941

-1.2655 0.21794
-1.26526 0.218201

-1.26526 0.218201
-1.2652 0.218269

-1.2652 0.218268
-1.26498 0.218506

-1.26498 0.218506
-1.26489 0.218597

-1.26489 0.218596
-1.26469 0.218811

-1.26469 0.218811
-1.26459 0.218925

-1.26459 0.218924
-1.26441 0.219116

-1.26441 0.219116
-1.26428 0.219253

-1.26428 0.219252
-1.26413 0.219421

-1.26412 0.219421
-1.26398 0.219581

-1.26398 0.21958
-1.26384 0.219727

-1.26384 0.219727
-1.26367 0.219909

-1.26367 0.219908
-1.26356 0.220032

-1.26356 0.220032
-1.26337 0.220236

-1.26337 0.220235
-1.26327 0.220337

-1.26327 0.220337
-1.26306 0.220564

-1.26306 0.220563
-1.26299 0.220642

-1.26299 0.220642
-1.26276 0.22089

-1.26276 0.22089
-1.2627 0.220947

-1.2627 0.220947
-1.26245 0.221217

-1.26245 0.221217
-1.26242 0.221252

-1.26242 0.221252
-1.26215 0.221544

-1.26215 0.221544
-1.26213 0.221558

-1.26213 0.221558
-1.26185 0.221863

-1.26185 0.221863
-1.26184 0.221871

-1.26184 0.221871
-1.26156 0.222168

-1.26156 0.222168
-1.26154 0.222198

-1.26154 0.222197
-1.26128 0.222473

-1.26128 0.222473
-1.26123 0.222524

-1.26123 0.222524
-1.26099 0.222778

-1.26099 0.222778
-1.26093 0.222851

-1.26093 0.22285
-1.26071 0.223083

-1.26071 0.223083
-1.26062 0.223177

-1.26062 0.223176
-1.26042 0.223389

-1.26042 0.223389
-1.26031 0.223503

-1.26031 0.223502
-1.26014 0.223694

-1.26014 0.223694
-1.26001 0.22383

-1.26001 0.223828
-1.25985 0.223999

-1.25985 0.223999
-1.2597 0.224156

-1.2597 0.224154
-1.25957 0.224304

-1.25956 0.224304
-1.2594 0.224482

-1.2594 0.22448
-1.25928 0.224609

-1.25928 0.224609
-1.25909 0.224807

-1.25909 0.224806
-1.25899 0.224915

-1.25899 0.224915
-1.25879 0.225133

-1.25879 0.225132
-1.25871 0.22522

-1.25871 0.22522
-1.25848 0.225458

-1.25848 0.225458
-1.25842 0.225525

-1.25842 0.225525
-1.25818 0.225783

-1.25818 0.225783
-1.25813 0.22583

-1.25813 0.22583
-1.25787 0.226108

-1.25787 0.226108
-1.25785 0.226135

-1.25785 0.226135
-1.25757 0.226433

-1.25757 0.226433
-1.25756 0.22644

-1.25756 0.22644
-1.25727 0.226746

-1.25728 0.226746
-1.25726 0.226758

-1.25726 0.226758
-1.25699 0.227051

-1.25699 0.227051
-1.25696 0.227083

-1.25696 0.227083
-1.2567 0.227356

-1.2567 0.227356
-1.25665 0.227408

-1.25665 0.227407
-1.25641 0.227661

-1.25641 0.227661
-1.25635 0.227732

-1.25635 0.227731
-1.25613 0.227966

-1.25613 0.227966
-1.25604 0.228057

-1.25604 0.228055
-1.25584 0.228271

-1.25584 0.228271
-1.25574 0.228381

-1.25574 0.22838
-1.25555 0.228577

-1.25555 0.228577
-1.25543 0.228706

-1.25543 0.228704
-1.25527 0.228882

-1.25527 0.228882
-1.25513 0.22903

-1.25513 0.229029
-1.25498 0.229187

-1.25498 0.229187
-1.25482 0.229354

-1.25482 0.229353
-1.25469 0.229492

-1.25469 0.229492
-1.25452 0.229678

-1.25452 0.229677
-1.2544 0.229797

-1.2544 0.229797
-1.25421 0.230002

-1.25421 0.23
-1.25412 0.230103

-1.25411 0.230103
-1.25391 0.230325

-1.25391 0.230324
-1.25383 0.230408

-1.25383 0.230408
-1.2536 0.230648

-1.2536 0.230648
-1.25354 0.230713

-1.25354 0.230713
-1.2533 0.230971

-1.2533 0.230971
-1.25325 0.231018

-1.25325 0.231018
-1.25299 0.231294

-1.25299 0.231294
-1.25296 0.231323

-1.25296 0.231323
-1.25269 0.231617

-1.25269 0.231617
-1.25267 0.231628

-1.25267 0.231628
-1.25239 0.231934

-1.25239 0.231934
-1.25238 0.23194

-1.25238 0.23194
-1.2521 0.232239

-1.2521 0.232239
-1.25208 0.232263

-1.25208 0.232263
-1.25181 0.232544

-1.25181 0.232544
-1.25177 0.232586

-1.25177 0.232585
-1.25152 0.232849

-1.25152 0.232849
-1.25146 0.232908

-1.25146 0.232907
-1.25123 0.233154

-1.25123 0.233154
-1.25116 0.233231

-1.25116 0.233229
-1.25094 0.233459

-1.25094 0.233459
-1.25085 0.233553

-1.25085 0.233552
-1.25065 0.233765

-1.25065 0.233765
-1.25055 0.233875

-1.25055 0.233874
-1.25037 0.23407

-1.25036 0.23407
-1.25024 0.234197

-1.25024 0.234196
-1.25008 0.234375

-1.25008 0.234375
-1.24994 0.234519

-1.24994 0.234518
-1.24979 0.23468

-1.24979 0.23468
-1.24963 0.234841

-1.24963 0.23484
-1.2495 0.234985

-1.2495 0.234985
-1.24933 0.235163

-1.24933 0.235162
-1.24921 0.235291

-1.24921 0.235291
-1.24902 0.235485

-1.24902 0.235484
-1.24892 0.235596

-1.24892 0.235596
-1.24872 0.235806

-1.24872 0.235805
-1.24863 0.235901

-1.24863 0.235901
-1.24841 0.236128

-1.24841 0.236127
-1.24834 0.236206

-1.24834 0.236206
-1.24811 0.236449

-1.24811 0.236448
-1.24805 0.236511

-1.24805 0.236511
-1.2478 0.236769

-1.2478 0.236769
-1.24776 0.236816

-1.24776 0.236816
-1.2475 0.23709

-1.2475 0.23709
-1.24747 0.237122

-1.24747 0.237122
-1.24719 0.237411

-1.24719 0.237411
-1.24718 0.237427

-1.24718 0.237427
-1.24689 0.237731

-1.24689 0.237731
-1.24689 0.237732

-1.24689 0.237732
-1.2466 0.238037

-1.2466 0.238037
-1.24658 0.238052

-1.24658 0.238052
-1.24631 0.238342

-1.24631 0.238342
-1.24628 0.238373

-1.24628 0.238372
-1.24601 0.238647

-1.24602 0.238647
-1.24597 0.238693

-1.24597 0.238692
-1.24572 0.238953

-1.24572 0.238953
-1.24567 0.239013

-1.24567 0.239012
-1.24543 0.239258

-1.24543 0.239258
-1.24536 0.239333

-1.24536 0.239332
-1.24514 0.239563

-1.24514 0.239563
-1.24506 0.239653

-1.24506 0.239652
-1.24485 0.239868

-1.24485 0.239868
-1.24475 0.239973

-1.24475 0.239972
-1.24456 0.240173

-1.24456 0.240173
-1.24445 0.240293

-1.24445 0.240292
-1.24427 0.240479

-1.24427 0.240479
-1.24414 0.240612

-1.24414 0.240611
-1.24398 0.240784

-1.24398 0.240784
-1.24384 0.240932

-1.24384 0.240931
-1.24369 0.241089

-1.24368 0.241089
-1.24353 0.241251

-1.24353 0.24125
-1.24339 0.241394

-1.24339 0.241394
-1.24323 0.241571

-1.24323 0.24157
-1.2431 0.241699

-1.2431 0.241699
-1.24292 0.24189

-1.24292 0.241889
-1.24281 0.242004

-1.24281 0.242004
-1.24261 0.242209

-1.24261 0.242208
-1.24252 0.24231

-1.24252 0.24231
-1.24231 0.242528

-1.24231 0.242527
-1.24223 0.242615

-1.24222 0.242615
-1.242 0.242847

-1.242 0.242846
-1.24193 0.24292

-1.24193 0.24292
-1.2417 0.243165

-1.2417 0.243164
-1.24164 0.243225

-1.24164 0.243225
-1.24139 0.243483

-1.24139 0.243483
-1.24135 0.24353

-1.24135 0.24353
-1.24109 0.243801

-1.24109 0.243801
-1.24106 0.243835

-1.24106 0.243835
-1.24078 0.244119

-1.24078 0.244119
-1.24076 0.244141

-1.24076 0.244141
-1.24048 0.244437

-1.24048 0.244437
-1.24047 0.244446

-1.24047 0.244446
-1.24018 0.244751

-1.24018 0.244751
-1.24017 0.244756

-1.24017 0.244755
-1.23988 0.245056

-1.23988 0.245056
-1.23987 0.245074

-1.23987 0.245073
-1.23959 0.245361

-1.23959 0.245361
-1.23956 0.245391

-1.23956 0.245391
-1.2393 0.245667

-1.2393 0.245667
-1.23926 0.245709

-1.23926 0.245708
-1.23901 0.245972

-1.23901 0.245972
-1.23895 0.246026

-1.23895 0.246026
-1.23871 0.246277

-1.23871 0.246277
-1.23865 0.246344

-1.23865 0.246343
-1.23842 0.246582

-1.23842 0.246582
-1.23834 0.246661

-1.23834 0.24666
-1.23813 0.246887

-1.23812 0.246887
-1.23804 0.246978

-1.23804 0.246977
-1.23783 0.247192

-1.23783 0.247192
-1.23773 0.247295

-1.23773 0.247294
-1.23754 0.247498

-1.23754 0.247498
-1.23743 0.247612

-1.23743 0.247611
-1.23724 0.247803

-1.23724 0.247803
-1.23712 0.247929

-1.23712 0.247928
-1.23695 0.248108

-1.23695 0.248108
-1.23682 0.248246

-1.23682 0.248245
-1.23666 0.248413

-1.23665 0.248413
-1.23651 0.248562

-1.23651 0.248562
-1.23636 0.248718

-1.23636 0.248718
-1.23621 0.248879

-1.23621 0.248878
-1.23607 0.249023

-1.23607 0.249023
-1.2359 0.249195

-1.2359 0.249194
-1.23577 0.249329

-1.23577 0.249329
-1.2356 0.249511

-1.2356 0.249511
-1.23548 0.249634

-1.23548 0.249634
-1.23529 0.249828

-1.23529 0.249827
-1.23518 0.249939

-1.23518 0.249939
-1.23499 0.250144

-1.23499 0.250143
-1.23489 0.250244

-1.23489 0.250244
-1.23468 0.25046

-1.23468 0.250459
-1.23459 0.250549

-1.23459 0.250549
-1.23438 0.250775

-1.23438 0.250774
-1.2343 0.250854

-1.2343 0.250854
-1.23407 0.251091

-1.23407 0.25109
-1.234 0.25116

-1.234 0.25116
-1.23376 0.251407

-1.23376 0.251406
-1.23371 0.251465

-1.23371 0.251465
-1.23346 0.251722

-1.23346 0.251721
-1.23341 0.25177

-1.23341 0.25177
-1.23315 0.252037

-1.23315 0.252036
-1.23312 0.252075

-1.23312 0.252075
-1.23285 0.252352

-1.23285 0.252352
-1.23282 0.25238

-1.23282 0.25238
-1.23254 0.252667

-1.23254 0.252667
-1.23253 0.252686

-1.23253 0.252686
-1.23224 0.252981

-1.23224 0.252981
-1.23223 0.252991

-1.23223 0.252991
-1.23193 0.253296

-1.23193 0.253296
-1.23193 0.253297

-1.23193 0.253296
-1.23164 0.253601

-1.23164 0.253601
-1.23163 0.253611

-1.23163 0.253611
-1.23134 0.253906

-1.23134 0.253906
-1.23132 0.253926

-1.23132 0.253925
-1.23105 0.254211

-1.23105 0.254211
-1.23102 0.25424

-1.23102 0.25424
-1.23075 0.254517

-1.23075 0.254517
-1.23071 0.254554

-1.23071 0.254554
-1.23045 0.254822

-1.23045 0.254822
-1.23041 0.254869

-1.23041 0.254868
-1.23016 0.255127

-1.23016 0.255127
-1.2301 0.255183

-1.2301 0.255182
-1.22986 0.255432

-1.22986 0.255432
-1.2298 0.255497

-1.2298 0.255496
-1.22956 0.255737

-1.22956 0.255737
-1.22949 0.255811

-1.22949 0.25581
-1.22927 0.256042

-1.22927 0.256042
-1.22919 0.256124

-1.22919 0.256124
-1.22897 0.256348

-1.22897 0.256348
-1.22888 0.256438

-1.22888 0.256437
-1.22867 0.256653

-1.22867 0.256653
-1.22858 0.256752

-1.22858 0.256751
-1.22838 0.256958

-1.22838 0.256958
-1.22827 0.257065

-1.22827 0.257064
-1.22808 0.257263

-1.22808 0.257263
-1.22797 0.257378

-1.22797 0.257378
-1.22778 0.257568

-1.22778 0.257568
-1.22766 0.257691

-1.22766 0.257691
-1.22748 0.257874

-1.22748 0.257874
-1.22736 0.258004

-1.22736 0.258004
-1.22719 0.258179

-1.22719 0.258179
-1.22705 0.258317

-1.22705 0.258317
-1.22689 0.258484

-1.22689 0.258484
-1.22675 0.25863

-1.22675 0.25863
-1.22659 0.258789

-1.22659 0.258789
-1.22644 0.258943

-1.22644 0.258942
-1.22629 0.259094

-1.22629 0.259094
-1.22614 0.259255

-1.22614 0.259255
-1.22599 0.259399

-1.22599 0.259399
-1.22583 0.259568

-1.22583 0.259567
-1.2257 0.259705

-1.2257 0.259705
-1.22552 0.25988

-1.22552 0.25988
-1.2254 0.26001

-1.2254 0.26001
-1.22522 0.260193

-1.22522 0.260192
-1.2251 0.260315

-1.2251 0.260315
-1.22491 0.260505

-1.22491 0.260504
-1.2248 0.26062

-1.2248 0.26062
-1.22461 0.260817

-1.22461 0.260816
-1.2245 0.260925

-1.2245 0.260925
-1.2243 0.261129

-1.2243 0.261128
-1.2242 0.26123

-1.2242 0.26123
-1.224 0.26144

-1.224 0.26144
-1.22391 0.261536

-1.22391 0.261536
-1.22369 0.261752

-1.22369 0.261752
-1.22361 0.261841

-1.22361 0.261841
-1.22339 0.262064

-1.22339 0.262063
-1.22331 0.262146

-1.22331 0.262146
-1.22308 0.262375

-1.22308 0.262375
-1.22301 0.262451

-1.22301 0.262451
-1.22278 0.262686

-1.22278 0.262686
-1.22271 0.262756

-1.22271 0.262756
-1.22247 0.262998

-1.22247 0.262997
-1.22241 0.263062

-1.22241 0.263062
-1.22217 0.263309

-1.22217 0.263308
-1.22211 0.263367

-1.22211 0.263367
-1.22186 0.26362

-1.22186 0.263619
-1.22181 0.263672

-1.22181 0.263672
-1.22156 0.263931

-1.22156 0.26393
-1.22151 0.263977

-1.22151 0.263977
-1.22125 0.264241

-1.22125 0.264241
-1.22121 0.264282

-1.22121 0.264282
-1.22095 0.264552

-1.22095 0.264551
-1.22091 0.264587

-1.22091 0.264587
-1.22064 0.264862

-1.22064 0.264862
-1.22061 0.264893

-1.22061 0.264893
-1.22034 0.265172

-1.22034 0.265172
-1.22031 0.265198

-1.22031 0.265198
-1.22003 0.265483

-1.22003 0.265483
-1.22001 0.265503

-1.22001 0.265503
-1.21973 0.265793

-1.21973 0.265793
-1.21971 0.265808

-1.21971 0.265808
-1.21942 0.266103

-1.21942 0.266103
-1.21941 0.266113

-1.21941 0.266113
-1.21912 0.266413

-1.21912 0.266413
-1.21911 0.266418

-1.21911 0.266418
-1.21881 0.266723

-1.21881 0.266723
-1.21881 0.266724

-1.21881 0.266724
-1.21851 0.267029

-1.21851 0.267029
-1.21851 0.267032

-1.21851 0.267032
-1.21821 0.267334

-1.21821 0.267334
-1.2182 0.267342

-1.2182 0.267342
-1.21791 0.267639

-1.21791 0.267639
-1.2179 0.267652

-1.2179 0.267651
-1.21761 0.267944

-1.21761 0.267944
-1.21759 0.267961

-1.21759 0.267961
-1.21731 0.26825

-1.21731 0.26825
-1.21729 0.26827

-1.21729 0.26827
-1.217 0.268555

-1.217 0.268555
-1.21698 0.268579

-1.21698 0.268579
-1.2167 0.26886

-1.2167 0.26886
-1.21667 0.268888

-1.21667 0.268888
-1.2164 0.269165

-1.2164 0.269165
-1.21637 0.269197

-1.21637 0.269197
-1.2161 0.26947

-1.2161 0.26947
-1.21606 0.269506

-1.21606 0.269505
-1.2158 0.269775

-1.2158 0.269775
-1.21576 0.269815

-1.21576 0.269814
-1.2155 0.270081

-1.2155 0.270081
-1.21545 0.270123

-1.21545 0.270123
-1.21519 0.270386

-1.21519 0.270386
-1.21515 0.270432

-1.21515 0.270431
-1.21489 0.270691

-1.21489 0.270691
-1.21484 0.27074

-1.21484 0.270739
-1.21459 0.270996

-1.21459 0.270996
-1.21454 0.271048

-1.21454 0.271048
-1.21429 0.271301

-1.21429 0.271301
-1.21423 0.271356

-1.21423 0.271356
-1.21399 0.271606

-1.21399 0.271606
-1.21393 0.271664

-1.21393 0.271664
-1.21368 0.271912

-1.21368 0.271912
-1.21362 0.271972

-1.21362 0.271972
-1.21338 0.272217

-1.21338 0.272217
-1.21332 0.27228

-1.21332 0.272279
-1.21308 0.272522

-1.21308 0.272522
-1.21301 0.272587

-1.21301 0.272587
-1.21277 0.272827

-1.21277 0.272827
-1.21271 0.272895

-1.21271 0.272894
-1.21247 0.273132

-1.21247 0.273132
-1.2124 0.273202

-1.2124 0.273202
-1.21217 0.273438

-1.21217 0.273438
-1.2121 0.273509

-1.2121 0.273509
-1.21187 0.273743

-1.21187 0.273743
-1.21179 0.273817

-1.21179 0.273816
-1.21156 0.274048

-1.21156 0.274048
-1.21149 0.274124

-1.21149 0.274123
-1.21126 0.274353

-1.21126 0.274353
-1.21118 0.274431

-1.21118 0.27443
-1.21096 0.274658

-1.21096 0.274658
-1.21088 0.274737

-1.21088 0.274737
-1.21065 0.274963

-1.21065 0.274963
-1.21057 0.275044

-1.21057 0.275044
-1.21035 0.275269

-1.21035 0.275269
-1.21027 0.275351

-1.21027 0.275351
-1.21004 0.275574

-1.21004 0.275574
-1.20996 0.275657

-1.20996 0.275657
-1.20974 0.275879

-1.20974 0.275879
-1.20966 0.275964

-1.20966 0.275963
-1.20944 0.276184

-1.20944 0.276184
-1.20935 0.27627

-1.20935 0.27627
-1.20913 0.276489

-1.20913 0.276489
-1.20905 0.276576

-1.20905 0.276576
-1.20883 0.276794

-1.20883 0.276794
-1.20874 0.276882

-1.20874 0.276882
-1.20852 0.2771

-1.20852 0.2771
-1.20844 0.277188

-1.20844 0.277188
-1.20822 0.277405

-1.20822 0.277405
-1.20813 0.277494

-1.20813 0.277494
-1.20791 0.27771

-1.20791 0.27771
-1.20782 0.277799

-1.20782 0.277799
-1.20761 0.278015

-1.20761 0.278015
-1.20752 0.278105

-1.20752 0.278105
-1.2073 0.27832

-1.2073 0.27832
-1.20721 0.27841

-1.20721 0.27841
-1.207 0.278625

-1.207 0.278625
-1.20691 0.278716

-1.20691 0.278716
-1.20669 0.278931

-1.20669 0.278931
-1.2066 0.279021

-1.2066 0.279021
-1.20639 0.279236

-1.20639 0.279236
-1.2063 0.279326

-1.2063 0.279326
-1.20608 0.279541

-1.20608 0.279541
-1.20599 0.279631

-1.20599 0.279631
-1.20578 0.279846

-1.20578 0.279846
-1.20569 0.279936

-1.20569 0.279936
-1.20547 0.280151

-1.20547 0.280151
-1.20538 0.28024

-1.20538 0.28024
-1.20517 0.280457

-1.20517 0.280457
-1.20508 0.280545

-1.20508 0.280545
-1.20486 0.280762

-1.20486 0.280762
-1.20477 0.28085

-1.20477 0.28085
-1.20456 0.281067

-1.20456 0.281067
-1.20447 0.281154

-1.20447 0.281154
-1.20425 0.281372

-1.20425 0.281372
-1.20416 0.281458

-1.20416 0.281458
-1.20394 0.281677

-1.20394 0.281677
-1.20386 0.281762

-1.20386 0.281762
-1.20364 0.281982

-1.20364 0.281982
-1.20355 0.282066

-1.20355 0.282067
-1.20333 0.282288

-1.20333 0.282288
-1.20325 0.28237

-1.20325 0.28237
-1.20302 0.282593

-1.20302 0.282593
-1.20294 0.282674

-1.20294 0.282674
-1.20272 0.282898

-1.20272 0.282898
-1.20264 0.282978

-1.20264 0.282978
-1.20241 0.283203

-1.20241 0.283203
-1.20233 0.283281

-1.20233 0.283282
-1.2021 0.283508

-1.2021 0.283508
-1.20203 0.283585

-1.20203 0.283585
-1.2018 0.283813

-1.2018 0.283813
-1.20172 0.283888

-1.20172 0.283888
-1.20149 0.284119

-1.20149 0.284119
-1.20142 0.284192

-1.20142 0.284192
-1.20118 0.284424

-1.20118 0.284424
-1.20111 0.284495

-1.20111 0.284495
-1.20087 0.284729

-1.20087 0.284729
-1.20081 0.284798

-1.20081 0.284798
-1.20057 0.285034

-1.20057 0.285034
-1.2005 0.285101

-1.2005 0.285101
-1.20026 0.285339

-1.20026 0.285339
-1.2002 0.285403

-1.2002 0.285404
-1.19995 0.285645

-1.19995 0.285645
-1.19989 0.285706

-1.19989 0.285706
-1.19964 0.28595

-1.19964 0.28595
-1.19958 0.286009

-1.19958 0.286009
-1.19934 0.286255

-1.19934 0.286255
-1.19928 0.286311

-1.19928 0.286311
-1.19903 0.28656

-1.19903 0.28656
-1.19897 0.286613

-1.19897 0.286614
-1.19872 0.286865

-1.19872 0.286865
-1.19867 0.286915

-1.19867 0.286916
-1.19841 0.28717

-1.19841 0.28717
-1.19836 0.287218

-1.19836 0.287218
-1.1981 0.287476

-1.1981 0.287476
-1.19806 0.28752

-1.19806 0.28752
-1.19779 0.287781

-1.19779 0.287781
-1.19775 0.287821

-1.19775 0.287822
-1.19749 0.288086

-1.19749 0.288086
-1.19745 0.288123

-1.19745 0.288123
-1.19718 0.288391

-1.19718 0.288391
-1.19714 0.288425

-1.19714 0.288425
-1.19687 0.288696

-1.19687 0.288696
-1.19684 0.288726

-1.19684 0.288726
-1.19656 0.289001

-1.19656 0.289001
-1.19653 0.289028

-1.19653 0.289028
-1.19625 0.289307

-1.19625 0.289307
-1.19623 0.289329

-1.19623 0.289329
-1.19594 0.289612

-1.19594 0.289612
-1.19592 0.28963

-1.19592 0.28963
-1.19563 0.289917

-1.19563 0.289917
-1.19562 0.289931

-1.19562 0.289931
-1.19532 0.290222

-1.19532 0.290222
-1.19531 0.290232

-1.19531 0.290232
-1.19501 0.290527

-1.19501 0.290527
-1.19501 0.290533

-1.19501 0.290533
-1.1947 0.290833

-1.1947 0.290833
-1.1947 0.290834

-1.1947 0.290834
-1.1944 0.291134

-1.1944 0.291134
-1.19439 0.291138

-1.19439 0.291138
-1.19409 0.291435

-1.19409 0.291435
-1.19408 0.291443

-1.19408 0.291443
-1.19379 0.291735

-1.19379 0.291735
-1.19377 0.291748

-1.19377 0.291748
-1.19348 0.292035

-1.19348 0.292035
-1.19346 0.292053

-1.19346 0.292053
-1.19318 0.292335

-1.19318 0.292335
-1.19315 0.292358

-1.19315 0.292358
-1.19287 0.292635

-1.19287 0.292635
-1.19284 0.292664

-1.19284 0.292664
-1.19257 0.292935

-1.19257 0.292935
-1.19253 0.292969

-1.19253 0.292969
-1.19226 0.293235

-1.19226 0.293235
-1.19222 0.293274

-1.19222 0.293274
-1.19196 0.293534

-1.19196 0.293535
-1.19191 0.293579

-1.19191 0.293579
-1.19165 0.293834

-1.19165 0.293834
-1.1916 0.293884

-1.1916 0.293884
-1.19135 0.294133

-1.19135 0.294134
-1.19129 0.294189

-1.19129 0.294189
-1.19104 0.294432

-1.19104 0.294433
-1.19098 0.294495

-1.19098 0.294495
-1.19073 0.294731

-1.19073 0.294732
-1.19067 0.2948

-1.19067 0.2948
-1.19043 0.295031

-1.19043 0.295031
-1.19035 0.295105

-1.19035 0.295105
-1.19012 0.29533

-1.19012 0.29533
-1.19004 0.29541

-1.19004 0.29541
-1.18982 0.295628

-1.18982 0.295629
-1.18973 0.295715

-1.18973 0.295715
-1.18951 0.295927

-1.18951 0.295928
-1.18942 0.296021

-1.18942 0.296021
-1.18921 0.296226

-1.18921 0.296226
-1.18911 0.296326

-1.18911 0.296326
-1.1889 0.296524

-1.1889 0.296525
-1.1888 0.296631

-1.1888 0.296631
-1.1886 0.296823

-1.1886 0.296823
-1.18848 0.296936

-1.18848 0.296936
-1.18829 0.297121

-1.18829 0.297122
-1.18817 0.297241

-1.18817 0.297241
-1.18799 0.297419

-1.18799 0.29742
-1.18786 0.297546

-1.18786 0.297546
-1.18768 0.297717

-1.18768 0.297718
-1.18755 0.297852

-1.18755 0.297852
-1.18738 0.298015

-1.18738 0.298016
-1.18723 0.298157

-1.18723 0.298157
-1.18707 0.298313

-1.18707 0.298314
-1.18692 0.298462

-1.18692 0.298462
-1.18677 0.298611

-1.18677 0.298611
-1.18661 0.298767

-1.18661 0.298767
-1.18646 0.298908

-1.18646 0.298909
-1.18629 0.299072

-1.18629 0.299072
-1.18616 0.299206

-1.18616 0.299206
-1.18598 0.299377

-1.18598 0.299377
-1.18585 0.299503

-1.18585 0.299504
-1.18567 0.299683

-1.18567 0.299683
-1.18555 0.2998

-1.18555 0.299801
-1.18535 0.299988

-1.18535 0.299988
-1.18524 0.300098

-1.18524 0.300098
-1.18504 0.300293

-1.18504 0.300293
-1.18494 0.300395

-1.18494 0.300395
-1.18473 0.300598

-1.18473 0.300598
-1.18463 0.300691

-1.18463 0.300692
-1.18441 0.300903

-1.18441 0.300903
-1.18433 0.300988

-1.18433 0.300989
-1.1841 0.301208

-1.1841 0.301208
-1.18402 0.301285

-1.18402 0.301286
-1.18379 0.301514

-1.18379 0.301514
-1.18372 0.301581

-1.18372 0.301582
-1.18347 0.301819

-1.18347 0.301819
-1.18341 0.301878

-1.18341 0.301879
-1.18316 0.302124

-1.18316 0.302124
-1.18311 0.302174

-1.18311 0.302175
-1.18284 0.302429

-1.18284 0.302429
-1.1828 0.30247

-1.1828 0.302471
-1.18253 0.302734

-1.18253 0.302734
-1.1825 0.302767

-1.1825 0.302767
-1.18221 0.30304

-1.18221 0.30304
-1.18219 0.303062

-1.18219 0.303063
-1.1819 0.303345

-1.1819 0.303345
-1.18188 0.303358

-1.18188 0.303358
-1.18158 0.30365

-1.18158 0.30365
-1.18158 0.303654

-1.18158 0.303654
-1.18127 0.30395

-1.18127 0.30395
-1.18127 0.303955

-1.18127 0.303955
-1.18097 0.304245

-1.18097 0.304245
-1.18095 0.30426

-1.18095 0.30426
-1.18066 0.304541

-1.18066 0.304541
-1.18064 0.304565

-1.18064 0.304565
-1.18036 0.304836

-1.18036 0.304836
-1.18032 0.304871

-1.18032 0.304871
-1.18005 0.305131

-1.18005 0.305131
-1.18001 0.305176

-1.18001 0.305176
-1.17975 0.305426

-1.17975 0.305426
-1.17969 0.305481

-1.17969 0.305481
-1.17944 0.305721

-1.17944 0.305721
-1.17938 0.305786

-1.17938 0.305786
-1.17914 0.306015

-1.17914 0.306016
-1.17906 0.306091

-1.17906 0.306091
-1.17883 0.30631

-1.17883 0.306311
-1.17874 0.306396

-1.17874 0.306396
-1.17853 0.306605

-1.17853 0.306606
-1.17843 0.306702

-1.17843 0.306702
-1.17822 0.306899

-1.17822 0.3069
-1.17811 0.307007

-1.17811 0.307007
-1.17792 0.307194

-1.17792 0.307195
-1.1778 0.307312

-1.1778 0.307312
-1.17761 0.307488

-1.17761 0.307489
-1.17748 0.307617

-1.17748 0.307617
-1.17731 0.307782

-1.17731 0.307783
-1.17716 0.307922

-1.17716 0.307922
-1.177 0.308076

-1.177 0.308077
-1.17685 0.308228

-1.17685 0.308228
-1.1767 0.30837

-1.1767 0.308371
-1.17653 0.308533

-1.17653 0.308533
-1.17639 0.308664

-1.17639 0.308665
-1.17621 0.308838

-1.17621 0.308838
-1.17609 0.308958

-1.17609 0.308959
-1.17589 0.309143

-1.17589 0.309143
-1.17578 0.309251

-1.17578 0.309252
-1.17558 0.309448

-1.17558 0.309448
-1.17548 0.309545

-1.17548 0.309546
-1.17526 0.309753

-1.17526 0.309753
-1.17517 0.309838

-1.17517 0.309839
-1.17494 0.310059

-1.17494 0.310059
-1.17487 0.310132

-1.17487 0.310133
-1.17462 0.310364

-1.17462 0.310364
-1.17456 0.310425

-1.17456 0.310425
-1.17431 0.310669

-1.17431 0.310669
-1.17426 0.310718

-1.17426 0.310718
-1.17399 0.310974

-1.17399 0.310974
-1.17395 0.311011

-1.17395 0.311011
-1.17367 0.311279

-1.17367 0.311279
-1.17365 0.311304

-1.17365 0.311304
-1.17335 0.311584

-1.17335 0.311584
-1.17334 0.311596

-1.17334 0.311596
-1.17303 0.311889

-1.17303 0.311889
-1.17303 0.31189

-1.17303 0.31189
-1.17273 0.312181

-1.17273 0.312181
-1.17272 0.312195

-1.17272 0.312195
-1.17242 0.312474

-1.17242 0.312474
-1.1724 0.3125

-1.15625 0.00221976
-1.15594 0.00221526

-1.15594 0.00221527
-1.15564 0.00221079

-1.15564 0.00221079
-1.15533 0.00220635

-1.15533 0.00220635
-1.15503 0.00220193

-1.15503 0.00220193
-1.15472 0.00219754

-1.15472 0.00219754
-1.15442 0.00219318

-1.15442 0.00219318
-1.15411 0.00218885

-1.15411 0.00218885
-1.15381 0.00218455

-1.15381 0.00218455
-1.1535 0.00218028

-1.1535 0.00218028
-1.1532 0.00217603

-1.1532 0.00217603
-1.15289 0.00217181

-1.15289 0.00217181
-1.15259 0.0021676

-1.15259 0.0021676
-1.15228 0.0021634

-1.15228 0.0021634
-1.15198 0.0021592

-1.15198 0.0021592
-1.15167 0.00215498

-1.15167 0.00215499
-1.15137 0.00215073

-1.15137 0.00215074
-1.15106 0.00214642

-1.15106 0.00214645
-1.15076 0.00214201

-1.15076 0.00214204
-1.15045 0.00213736

-1.15015 0.00213243
-1.15039 0.00213623

-1.15045 0.00213736
-1.15038 0.00213623

-1.15015 0.00213241
-1.14984 0.00212755

-1.14984 0.00212755
-1.14954 0.00212273

-1.14954 0.00212273
-1.14923 0.00211795

-1.14923 0.00211795
-1.14893 0.00211319

-1.14893 0.00211319
-1.14862 0.00210846

-1.14862 0.00210846
-1.14832 0.00210377

-1.14832 0.00210377
-1.14801 0.00209909

-1.14801 0.00209909
-1.14771 0.00209445

-1.14771 0.00209445
-1.1474 0.00208983

-1.1474 0.00208983
-1.14709 0.00208524

-1.14709 0.00208524
-1.14679 0.00208067

-1.14679 0.00208067
-1.14648 0.00207612

-1.14648 0.00207613
-1.14618 0.0020716

-1.14618 0.0020716
-1.14587 0.0020671

-1.14587 0.0020671
-1.14557 0.00206263

-1.14557 0.00206263
-1.14526 0.00205817

-1.14526 0.00205817
-1.14496 0.00205374

-1.14496 0.00205374
-1.14465 0.00204932

-1.14465 0.00204932
-1.14435 0.00204493

-1.14435 0.00204493
-1.14404 0.00204056

-1.14404 0.00204056
-1.14374 0.0020362

-1.14374 0.0020362
-1.14343 0.00203186

-1.14343 0.00203186
-1.14313 0.00202754

-1.14313 0.00202754
-1.14282 0.00202324

-1.14282 0.00202324
-1.14252 0.00201896

-1.14252 0.00201896
-1.14221 0.0020147

-1.14221 0.0020147
-1.14191 0.00201045

-1.14191 0.00201045
-1.1416 0.00200622

-1.1416 0.00200622
-1.1413 0.00200201

-1.1413 0.00200201
-1.14099 0.00199782

-1.14099 0.00199782
-1.14069 0.00199365

-1.14069 0.00199365
-1.14038 0.00198948

-1.14038 0.00198947
-1.14008 0.00198532

-1.14008 0.0019853
-1.13977 0.00198123

-1.13977 0.00198126
-1.13947 0.00197725

-1.13947 0.00197725
-1.13916 0.00197324

-1.13916 0.00197324
-1.13885 0.00196926

-1.13885 0.00196926
-1.13855 0.00196529

-1.13855 0.00196529
-1.13824 0.00196133

-1.13824 0.00196133
-1.13794 0.00195739

-1.13794 0.00195739
-1.13763 0.00195346

-1.13763 0.00195346
-1.13733 0.00194955

-1.13733 0.00194955
-1.13702 0.00194564

-1.13702 0.00194564
-1.13672 0.00194175

-1.13672 0.00194175
-1.13641 0.00193786

-1.13641 0.00193786
-1.13611 0.00193398

-1.13611 0.00193398
-1.1358 0.00193011

-1.1358 0.00193011
-1.1355 0.00192625

-1.1355 0.00192625
-1.13519 0.00192238

-1.13519 0.00192238
-1.13489 0.00191852

-1.13489 0.00191852
-1.13458 0.00191467

-1.13458 0.00191467
-1.13428 0.00191081

-1.13428 0.00191081
-1.13397 0.00190696

-1.13397 0.00190696
-1.13367 0.0019031

-1.13367 0.0019031
-1.13336 0.00189925

-1.13336 0.00189925
-1.13306 0.0018954

-1.13306 0.0018954
-1.13275 0.00189155

-1.13275 0.00189155
-1.13245 0.0018877

-1.13245 0.0018877
-1.13214 0.00188386

-1.13214 0.00188386
-1.13184 0.00188003

-1.13184 0.00188003
-1.13153 0.00187621

-1.13153 0.00187621
-1.13123 0.00187241

-1.13123 0.00187241
-1.13092 0.00186862

-1.13092 0.00186862
-1.13062 0.00186485

-1.13062 0.00186485
-1.13031 0.00186111

-1.13031 0.00186111
-1.13 0.0018574

-1.13 0.0018574
-1.1297 0.00185372

-1.1297 0.00185372
-1.12939 0.00185007

-1.12939 0.00185007
-1.12909 0.00184646

-1.12909 0.00184647
-1.12878 0.00184289

-1.12878 0.0018429
-1.12848 0.00183934

-1.12848 0.00183935
-1.12817 0.00183576

-1.12756 0.00182828
-1.12779 0.00183105

-1.12817 0.00183578
-1.12787 0.00183209

-1.12787 0.00183209
-1.12778 0.00183105

-1.12756 0.00182828
-1.12726 0.00182456

-1.12726 0.00182456
-1.12695 0.00182091

-1.12695 0.00182091
-1.12665 0.0018173

-1.12665 0.0018173
-1.12634 0.00181374

-1.12634 0.00181374
-1.12604 0.00181021

-1.12604 0.00181021
-1.12573 0.00180671

-1.12573 0.00180671
-1.12543 0.00180325

-1.12543 0.00180325
-1.12512 0.00179981

-1.12512 0.00179981
-1.12482 0.0017964

-1.12482 0.0017964
-1.12451 0.00179303

-1.12451 0.00179303
-1.12421 0.00178968

-1.12421 0.00178968
-1.1239 0.00178635

-1.1239 0.00178635
-1.1236 0.00178306

-1.1236 0.00178306
-1.12329 0.00177979

-1.12329 0.00177979
-1.12299 0.00177655

-1.12299 0.00177655
-1.12268 0.00177333

-1.12268 0.00177333
-1.12238 0.00177014

-1.12238 0.00177014
-1.12207 0.00176698

-1.12207 0.00176698
-1.12177 0.00176384

-1.12177 0.00176384
-1.12146 0.00176072

-1.12146 0.00176072
-1.12115 0.00175763

-1.12115 0.00175763
-1.12085 0.00175456

-1.12085 0.00175456
-1.12054 0.00175151

-1.12054 0.00175151
-1.12024 0.00174849

-1.12024 0.00174849
-1.11993 0.00174549

-1.11993 0.00174549
-1.11963 0.00174252

-1.11963 0.00174252
-1.11932 0.00173956

-1.11932 0.00173956
-1.11902 0.00173663

-1.11902 0.00173663
-1.11871 0.00173372

-1.11871 0.00173372
-1.11841 0.00173083

-1.11841 0.00173083
-1.1181 0.00172796

-1.1181 0.00172796
-1.1178 0.00172511

-1.1178 0.00172511
-1.11749 0.00172228

-1.11749 0.00172228
-1.11719 0.00171947

-1.11719 0.00171947
-1.11688 0.00171668

-1.11688 0.00171668
-1.11658 0.0017139

-1.11658 0.0017139
-1.11627 0.00171114

-1.11627 0.00171114
-1.11597 0.00170839

-1.11597 0.00170839
-1.11566 0.00170565

-1.11566 0.00170566
-1.11536 0.00170293

-1.11536 0.00170293
-1.11505 0.00170022

-1.11505 0.00170022
-1.11475 0.00169751

-1.11475 0.00169751
-1.11444 0.00169482

-1.11444 0.00169482
-1.11414 0.00169213

-1.11414 0.00169213
-1.11383 0.00168944

-1.11383 0.00168944
-1.11353 0.00168676

-1.11353 0.00168676
-1.11322 0.00168408

-1.11322 0.00168409
-1.11292 0.00168141

-1.11292 0.00168141
-1.11261 0.00167873

-1.11261 0.00167873
-1.1123 0.00167606

-1.1123 0.00167606
-1.112 0.00167341

-1.112 0.00167341
-1.11169 0.00167077

-1.11169 0.00167077
-1.11139 0.00166814

-1.11139 0.00166814
-1.11108 0.00166552

-1.11108 0.00166552
-1.11078 0.00166291

-1.11078 0.00166291
-1.11047 0.00166031

-1.11047 0.00166031
-1.11017 0.00165771

-1.11017 0.00165771
-1.10986 0.00165512

-1.10986 0.00165512
-1.10956 0.00165253

-1.10956 0.00165253
-1.10925 0.00164994

-1.10925 0.00164994
-1.10895 0.00164735

-1.10895 0.00164735
-1.10864 0.00164476

-1.10864 0.00164476
-1.10834 0.00164217

-1.10834 0.00164217
-1.10803 0.00163958

-1.10803 0.00163958
-1.10773 0.00163698

-1.10773 0.00163698
-1.10742 0.00163437

-1.10742 0.00163437
-1.10712 0.00163175

-1.10712 0.00163175
-1.10681 0.00162913

-1.10681 0.00162913
-1.10651 0.00162649

-1.10651 0.00162649
-1.1062 0.00162384

-1.1062 0.00162384
-1.1059 0.00162118

-1.1059 0.00162118
-1.10559 0.00161851

-1.10559 0.00161851
-1.10529 0.00161582

-1.10529 0.00161582
-1.10498 0.00161313

-1.10498 0.00161313
-1.10468 0.00161042

-1.10468 0.00161042
-1.10437 0.00160771

-1.10437 0.00160771
-1.10406 0.00160498

-1.10406 0.00160498
-1.10376 0.00160226

-1.10376 0.00160226
-1.10345 0.00159952

-1.10345 0.00159952
-1.10315 0.00159679

-1.10315 0.00159679
-1.10284 0.00159406

-1.10284 0.00159406
-1.10254 0.00159134

-1.10254 0.00159134
-1.10223 0.00158863

-1.10223 0.00158863
-1.10193 0.00158593

-1.10193 0.00158593
-1.10162 0.00158325

-1.10162 0.00158325
-1.10132 0.00158058

-1.10132 0.00158058
-1.10101 0.00157794

-1.10101 0.00157794
-1.10071 0.00157533

-1.10071 0.00157532
-1.1004 0.00157274

-1.1004 0.00157274
-1.1001 0.00157018

-1.1001 0.00157018
-1.09979 0.00156766

-1.09979 0.00156766
-1.09949 0.00156517

-1.09949 0.00156517
-1.09918 0.00156272

-1.09918 0.00156272
-1.09888 0.0015603

-1.09888 0.0015603
-1.09857 0.00155793

-1.09857 0.00155793
-1.09827 0.0015556

-1.09827 0.0015556
-1.09796 0.00155332

-1.09796 0.00155332
-1.09766 0.00155109

-1.09766 0.00155109
-1.09735 0.00154892

-1.09735 0.00154892
-1.09705 0.00154681

-1.09705 0.00154681
-1.09674 0.00154477

-1.09674 0.00154477
-1.09644 0.00154282

-1.09644 0.00154281
-1.09613 0.00154095

-1.09613 0.00154095
-1.09583 0.0015392

-1.09583 0.00153919
-1.09552 0.00153756

-1.09552 0.00153756
-1.09521 0.00153607

-1.09521 0.00153606
-1.09491 0.00153474

-1.09491 0.00153473
-1.0946 0.00153358

-1.0946 0.00153358
-1.0943 0.00153263

-1.0943 0.00153263
-1.09399 0.0015319

-1.09399 0.0015319
-1.09369 0.0015314

-1.09369 0.0015314
-1.09338 0.00153115

-1.09338 0.00153114
-1.09308 0.00153114

-1.09308 0.00153114
-1.09277 0.0015314

-1.09277 0.0015314
-1.09247 0.00153194

-1.09247 0.00153194
-1.09216 0.00153279

-1.09216 0.00153278
-1.09186 0.00153397

-1.09186 0.00153396
-1.09155 0.00153554

-1.09155 0.00153552
-1.09125 0.00153756

-1.09125 0.00153753
-1.09094 0.00154009

-1.09094 0.00154007
-1.09064 0.00154325

-1.09064 0.00154321
-1.09033 0.00154716

-1.09033 0.0015471
-1.09003 0.00155201

-1.09003 0.00155193
-1.08972 0.0015581

-1.08972 0.00155796
-1.08942 0.00156584

-1.08942 0.00156564
-1.08911 0.00157589

-1.08911 0.00157562
-1.08881 0.00158919

-1.08881 0.0015889
-1.0885 0.0016069

-1.0885 0.00160657
-1.0882 0.00163024

-1.0882 0.00162952
-1.08789 0.00166101

-1.08789 0.00165964
-1.08759 0.00170314

-1.08759 0.00170296
-1.08728 0.00176155

-1.08728 0.00176109
-1.08699 0.00183105

-1.087 0.00183105
-1.08698 0.00183726

-1.08698 0.00183476
-1.08667 0.0019289

-1.08667 0.00192779
-1.08636 0.0020459

-1.08636 0.00204617
-1.08617 0.00213623

-1.08618 0.00213623
-1.08606 0.00219059

-1.08606 0.0021895
-1.08575 0.00235136

-1.08575 0.00235216
-1.0856 0.00244141

-1.0856 0.00244141
-1.08545 0.00253134

-1.08545 0.00253172
-1.08514 0.00271439

-1.08514 0.00271503
-1.08509 0.00274658

-1.08509 0.00274658
-1.08484 0.00289771

-1.08484 0.00289823
-1.08457 0.00305176

-1.08457 0.00305176
-1.08453 0.00306944

-1.08453 0.00307105
-1.08423 0.00322938

-1.08423 0.00323004
-1.08396 0.00335693

-1.08395 0.00335693
-1.08392 0.00336944

-1.08392 0.00337159
-1.08362 0.00349518

-1.08362 0.0034957
-1.08331 0.00359992

-1.08331 0.00360064
-1.08309 0.00366211

-1.08308 0.00366211
-1.08301 0.0036818

-1.08301 0.00368327
-1.0827 0.00374671

-1.0827 0.00374692
-1.0824 0.00379049

-1.0824 0.00379065
-1.08209 0.00381363

-1.08209 0.00381373
-1.08179 0.00381563

-1.08057 0.00359737
-1.08078 0.00366211

-1.08179 0.00381581
-1.08148 0.00379605

-1.08148 0.00379633
-1.08118 0.003754

-1.08118 0.00375439
-1.08087 0.00368817

-1.08087 0.0036876
-1.08079 0.00366211

-1.07812 0.0010846
-1.07817 0.0012207

-1.07874 0.00228012
-1.07886 0.00244141

-1.07843 0.00181743
-1.07844 0.00183105

-1.07816 0.0012207
-1.07828 0.00152588

-1.07843 0.00181737
-1.07828 0.00152588

-1.07844 0.00183105
-1.07863 0.00213623

-1.07874 0.00228321
-1.07863 0.00213623

-1.08057 0.00359806
-1.08026 0.00347904

-1.07996 0.00332802
-1.08001 0.00335693

-1.08026 0.00348002
-1.08001 0.00335693

-1.07935 0.00292002
-1.07952 0.00305176

-1.07996 0.00333151
-1.07965 0.0031459

-1.07965 0.00314448
-1.07952 0.00305176

-1.07904 0.00263709
-1.07915 0.00274658

-1.07935 0.00291794
-1.07915 0.00274658

-1.07904 0.00263839
-1.07886 0.00244141

-1.07796 0.0
-1.07798 0.000305176

-1.07798 0.000305176
-1.07801 0.000610352

-1.07801 0.000610352
-1.07808 0.000915527

-1.07812 0.00108456
-1.07807 0.000915527

-1.1724 0.3125
-1.17212 0.312766

-1.17212 0.312766
-1.17208 0.312805

-1.17208 0.312805
-1.17181 0.313058

-1.17181 0.313058
-1.17176 0.31311

-1.17176 0.31311
-1.17151 0.31335

-1.17151 0.31335
-1.17144 0.313416

-1.17144 0.313416
-1.1712 0.313641

-1.1712 0.313642
-1.17112 0.313721

-1.17112 0.313721
-1.1709 0.313933

-1.1709 0.313934
-1.1708 0.314026

-1.1708 0.314026
-1.17059 0.314225

-1.17059 0.314226
-1.17048 0.314331

-1.17048 0.314331
-1.17029 0.314516

-1.17029 0.314517
-1.17016 0.314636

-1.17016 0.314636
-1.16998 0.314808

-1.16998 0.314809
-1.16984 0.314941

-1.16984 0.314941
-1.16968 0.315099

-1.16968 0.3151
-1.16952 0.315247

-1.16952 0.315247
-1.16937 0.315391

-1.16937 0.315392
-1.1692 0.315552

-1.1692 0.315552
-1.16907 0.315682

-1.16907 0.315683
-1.16888 0.315857

-1.16888 0.315857
-1.16876 0.315973

-1.16876 0.315974
-1.16856 0.316162

-1.16856 0.316162
-1.16846 0.316264

-1.16846 0.316265
-1.16824 0.316467

-1.16824 0.316467
-1.16815 0.316554

-1.16815 0.316556
-1.16792 0.316772

-1.16792 0.316772
-1.16785 0.316845

-1.16785 0.316846
-1.1676 0.317078

-1.1676 0.317078
-1.16754 0.317136

-1.16754 0.317136
-1.16728 0.317383

-1.16728 0.317383
-1.16724 0.317426

-1.16724 0.317427
-1.16696 0.317688

-1.16696 0.317688
-1.16693 0.317717

-1.16693 0.317717
-1.16664 0.317993

-1.16664 0.317993
-1.16663 0.318007

-1.16663 0.318007
-1.16632 0.318297

-1.16632 0.318297
-1.16632 0.318298

-1.16632 0.318298
-1.16602 0.318587

-1.16602 0.318587
-1.166 0.318604

-1.166 0.318604
-1.16571 0.318877

-1.16571 0.318877
-1.16568 0.318909

-1.16568 0.318909
-1.16541 0.319167

-1.16541 0.319167
-1.16536 0.319214

-1.16536 0.319214
-1.1651 0.319456

-1.1651 0.319456
-1.16503 0.319519

-1.16503 0.319519
-1.16479 0.319745

-1.16479 0.319746
-1.16471 0.319824

-1.16471 0.319824
-1.16449 0.320034

-1.16449 0.320036
-1.16439 0.320129

-1.16439 0.320129
-1.16418 0.320324

-1.16418 0.320325
-1.16407 0.320435

-1.16407 0.320435
-1.16388 0.320613

-1.16388 0.320614
-1.16375 0.32074

-1.16375 0.32074
-1.16357 0.320902

-1.16357 0.320903
-1.16342 0.321045

-1.16342 0.321045
-1.16327 0.321191

-1.16327 0.321193
-1.1631 0.32135

-1.1631 0.32135
-1.16296 0.32148

-1.16296 0.321482
-1.16278 0.321655

-1.16278 0.321655
-1.16266 0.321769

-1.16266 0.32177
-1.16246 0.32196

-1.16246 0.32196
-1.16235 0.322058

-1.16235 0.322059
-1.16213 0.322266

-1.16213 0.322266
-1.16205 0.322346

-1.16205 0.322348
-1.16181 0.322571

-1.16181 0.322571
-1.16174 0.322635

-1.16174 0.322636
-1.16149 0.322876

-1.16149 0.322876
-1.16144 0.322923

-1.16144 0.322924
-1.16117 0.323181

-1.16116 0.323181
-1.16113 0.323212

-1.16113 0.323212
-1.16084 0.323486

-1.16084 0.323486
-1.16083 0.3235

-1.16083 0.3235
-1.16052 0.323788

-1.16052 0.323788
-1.16052 0.323792

-1.16052 0.323792
-1.16022 0.324076

-1.16022 0.324076
-1.1602 0.324097

-1.1602 0.324097
-1.15991 0.324364

-1.15991 0.324364
-1.15987 0.324402

-1.15987 0.324402
-1.15961 0.324651

-1.15961 0.324651
-1.15955 0.324707

-1.15955 0.324707
-1.1593 0.324938

-1.1593 0.324939
-1.15922 0.325012

-1.15922 0.325012
-1.159 0.325225

-1.159 0.325227
-1.1589 0.325317

-1.1589 0.325317
-1.15869 0.325513

-1.15869 0.325514
-1.15858 0.325623

-1.15858 0.325623
-1.15839 0.3258

-1.15839 0.325801
-1.15825 0.325928

-1.15825 0.325928
-1.15808 0.326087

-1.15808 0.326088
-1.15793 0.326233

-1.15793 0.326233
-1.15778 0.326374

-1.15778 0.326376
-1.1576 0.326538

-1.1576 0.326538
-1.15747 0.326661

-1.15747 0.326663
-1.15728 0.326843

-1.15728 0.326843
-1.15717 0.326948

-1.15717 0.32695
-1.15695 0.327148

-1.15695 0.327148
-1.15686 0.327235

-1.15686 0.327236
-1.15663 0.327454

-1.15663 0.327454
-1.15656 0.327521

-1.15656 0.327522
-1.1563 0.327759

-1.1563 0.327759
-1.15625 0.327808

-1.15625 0.327808
-1.15598 0.328064

-1.15598 0.328064
-1.15594 0.328094

-1.15594 0.328095
-1.15565 0.328369

-1.15565 0.328369
-1.15564 0.328381

-1.15564 0.328381
-1.15533 0.328667

-1.15533 0.328667
-1.15533 0.328674

-1.15533 0.328674
-1.15503 0.328953

-1.15503 0.328953
-1.155 0.328979

-1.155 0.328979
-1.15472 0.329239

-1.15472 0.329239
-1.15468 0.329285

-1.15468 0.329285
-1.15442 0.329524

-1.15442 0.329525
-1.15435 0.32959

-1.15435 0.32959
-1.15411 0.32981

-1.15411 0.329811
-1.15402 0.329895

-1.15402 0.329895
-1.15381 0.330095

-1.15381 0.330096
-1.1537 0.3302

-1.1537 0.3302
-1.1535 0.330381

-1.1535 0.330382
-1.15337 0.330505

-1.15337 0.330505
-1.1532 0.330666

-1.1532 0.330668
-1.15304 0.330811

-1.15304 0.330811
-1.15289 0.330952

-1.15289 0.330953
-1.15272 0.331116

-1.15272 0.331116
-1.15259 0.331237

-1.15259 0.331238
-1.15239 0.331421

-1.15239 0.331421
-1.15228 0.331522

-1.15228 0.331524
-1.15206 0.331726

-1.15206 0.331726
-1.15198 0.331807

-1.15198 0.331808
-1.15174 0.332031

-1.15174 0.332031
-1.15167 0.332092

-1.15167 0.332092
-1.15141 0.332336

-1.15141 0.332336
-1.15137 0.332377

-1.15137 0.332377
-1.15108 0.332642

-1.15108 0.332642
-1.15106 0.332661

-1.15106 0.332662
-1.15076 0.332946

-1.15076 0.332946
-1.15076 0.332947

-1.15076 0.332947
-1.15045 0.33323

-1.15045 0.33323
-1.15043 0.333252

-1.15043 0.333252
-1.15015 0.333515

-1.15015 0.333515
-1.1501 0.333557

-1.1501 0.333557
-1.14984 0.333799

-1.14984 0.333799
-1.14977 0.333862

-1.14977 0.333862
-1.14954 0.334082

-1.14954 0.334083
-1.14945 0.334167

-1.14945 0.334167
-1.14923 0.334366

-1.14923 0.334368
-1.14912 0.334473

-1.14912 0.334473
-1.14893 0.33465

-1.14893 0.334652
-1.14879 0.334778

-1.14879 0.334778
-1.14862 0.334934

-1.14862 0.334935
-1.14846 0.335083

-1.14846 0.335083
-1.14832 0.335218

-1.14832 0.335219
-1.14813 0.335388

-1.14813 0.335388
-1.14801 0.335501

-1.14801 0.335503
-1.1478 0.335693

-1.1478 0.335693
-1.14771 0.335785

-1.14771 0.335786
-1.14747 0.335999

-1.14748 0.335999
-1.1474 0.336068

-1.1474 0.336069
-1.14715 0.336304

-1.14715 0.336304
-1.14709 0.336352

-1.14709 0.336352
-1.14682 0.336609

-1.14682 0.336609
-1.14679 0.336635

-1.14679 0.336635
-1.14649 0.336914

-1.14649 0.336914
-1.14648 0.336918

-1.14648 0.336918
-1.14618 0.337201

-1.14618 0.337201
-1.14616 0.337219

-1.14616 0.337219
-1.14587 0.337484

-1.14587 0.337484
-1.14583 0.337524

-1.14583 0.337524
-1.14557 0.337766

-1.14557 0.337767
-1.1455 0.33783

-1.1455 0.33783
-1.14526 0.338049

-1.14526 0.338049
-1.14517 0.338135

-1.14517 0.338135
-1.14496 0.33833

-1.14496 0.338332
-1.14484 0.33844

-1.14484 0.33844
-1.14465 0.338613

-1.14465 0.338615
-1.14451 0.338745

-1.14451 0.338745
-1.14435 0.338896

-1.14435 0.338897
-1.14418 0.33905

-1.14418 0.33905
-1.14404 0.339178

-1.14404 0.33918
-1.14385 0.339355

-1.14385 0.339355
-1.14374 0.33946

-1.14374 0.339462
-1.14352 0.339661

-1.14352 0.339661
-1.14343 0.339742

-1.14343 0.339743
-1.14319 0.339966

-1.14319 0.339966
-1.14313 0.340024

-1.14313 0.340025
-1.14286 0.340271

-1.14286 0.340271
-1.14282 0.340306

-1.14282 0.340306
-1.14253 0.340576

-1.14253 0.340576
-1.14252 0.340588

-1.14252 0.340588
-1.14221 0.340869

-1.14221 0.340869
-1.1422 0.340881

-1.1422 0.340881
-1.14191 0.341151

-1.14191 0.341151
-1.14187 0.341187

-1.14187 0.341187
-1.1416 0.341432

-1.1416 0.341432
-1.14154 0.341492

-1.14154 0.341492
-1.1413 0.341713

-1.1413 0.341714
-1.14121 0.341797

-1.14121 0.341797
-1.14099 0.341993

-1.14099 0.341995
-1.14087 0.342102

-1.14088 0.342102
-1.14069 0.342275

-1.14069 0.342276
-1.14054 0.342407

-1.14054 0.342407
-1.14038 0.342556

-1.14038 0.342557
-1.14021 0.342712

-1.14021 0.342712
-1.14008 0.342837

-1.14008 0.342839
-1.13988 0.343018

-1.13988 0.343018
-1.13977 0.343118

-1.13977 0.343119
-1.13955 0.343323

-1.13955 0.343323
-1.13947 0.343398

-1.13947 0.343399
-1.13922 0.343628

-1.13922 0.343628
-1.13916 0.343679

-1.13916 0.343679
-1.13888 0.343933

-1.13888 0.343933
-1.13885 0.343959

-1.13885 0.34396
-1.13855 0.344238

-1.13855 0.344238
-1.13855 0.34424

-1.13855 0.34424
-1.13824 0.34452

-1.13824 0.34452
-1.13822 0.344543

-1.13822 0.344543
-1.13794 0.3448

-1.13794 0.3448
-1.13789 0.344849

-1.13789 0.344849
-1.13763 0.34508

-1.13763 0.34508
-1.13755 0.345154

-1.13755 0.345154
-1.13733 0.345359

-1.13733 0.34536
-1.13722 0.345459

-1.13722 0.345459
-1.13702 0.345639

-1.13702 0.34564
-1.13689 0.345764

-1.13689 0.345764
-1.13672 0.345919

-1.13672 0.34592
-1.13655 0.346069

-1.13656 0.346069
-1.13641 0.346198

-1.13641 0.3462
-1.13622 0.346375

-1.13622 0.346375
-1.13611 0.346478

-1.13611 0.34648
-1.13589 0.34668

-1.13589 0.34668
-1.1358 0.346757

-1.1358 0.346758
-1.13555 0.346985

-1.13555 0.346985
-1.1355 0.347037

-1.1355 0.347037
-1.13522 0.34729

-1.13522 0.34729
-1.13519 0.347316

-1.13519 0.347316
-1.13489 0.347595

-1.13489 0.347595
-1.13458 0.347874

-1.13458 0.347874
-1.13455 0.3479

-1.13455 0.3479
-1.13428 0.348153

-1.13428 0.348153
-1.13422 0.348206

-1.13422 0.348206
-1.13397 0.348432

-1.13397 0.348432
-1.13389 0.348511

-1.13389 0.348511
-1.13367 0.34871

-1.13367 0.348711
-1.13355 0.348816

-1.13355 0.348816
-1.13336 0.348988

-1.13336 0.34899
-1.13322 0.349121

-1.13322 0.349121
-1.13306 0.349267

-1.13306 0.349269
-1.13288 0.349426

-1.13288 0.349426
-1.13275 0.349545

-1.13275 0.349547
-1.13255 0.349731

-1.13255 0.349731
-1.13245 0.349824

-1.13245 0.349825
-1.13221 0.350037

-1.13221 0.350037
-1.13214 0.350102

-1.13214 0.350102
-1.13188 0.350342

-1.13188 0.350342
-1.13184 0.35038

-1.13184 0.35038
-1.13154 0.350647

-1.13154 0.350647
-1.13153 0.350658

-1.13153 0.350658
-1.13123 0.350936

-1.13123 0.350936
-1.13121 0.350952

-1.13121 0.350952
-1.13092 0.351214

-1.13092 0.351214
-1.13087 0.351257

-1.13087 0.351257
-1.13062 0.351491

-1.13062 0.351492
-1.13054 0.351562

-1.13054 0.351562
-1.13031 0.351768

-1.13031 0.351769
-1.1302 0.351868

-1.1302 0.351868
-1.13 0.352045

-1.13 0.352047
-1.12987 0.352173

-1.12987 0.352173
-1.1297 0.352323

-1.1297 0.352325
-1.12953 0.352478

-1.12953 0.352478
-1.12939 0.3526

-1.12939 0.352602
-1.12919 0.352783

-1.12919 0.352783
-1.12909 0.352877

-1.12909 0.352879
-1.12886 0.353088

-1.12886 0.353088
-1.12878 0.353155

-1.12878 0.353155
-1.12852 0.353394

-1.12852 0.353394
-1.12848 0.353432

-1.12848 0.353432
-1.12818 0.353699

-1.12818 0.353699
-1.12817 0.353708

-1.12817 0.353709
-1.12787 0.353985

-1.12787 0.353985
-1.12785 0.354004

-1.12785 0.354004
-1.12756 0.354262

-1.12756 0.354262
-1.12751 0.354309

-1.12751 0.354309
-1.12726 0.354538

-1.12726 0.354539
-1.12717 0.354614

-1.12718 0.354614
-1.12695 0.354814

-1.12695 0.354816
-1.12684 0.354919

-1.12684 0.354919
-1.12665 0.35509

-1.12665 0.355092
-1.1265 0.355225

-1.1265 0.355225
-1.12634 0.355367

-1.12634 0.355369
-1.12616 0.35553

-1.12616 0.35553
-1.12604 0.355643

-1.12604 0.355645
-1.12583 0.355835

-1.12583 0.355835
-1.12573 0.355919

-1.12573 0.35592
-1.12549 0.35614

-1.12549 0.35614
-1.12543 0.356195

-1.12543 0.356196
-1.12515 0.356445

-1.12515 0.356445
-1.12512 0.356471

-1.12512 0.356471
-1.12482 0.356747

-1.12482 0.356747
-1.12481 0.35675

-1.12481 0.35675
-1.12451 0.357023

-1.12451 0.357023
-1.12448 0.357056

-1.12448 0.357056
-1.12421 0.357298

-1.12421 0.357298
-1.12414 0.357361

-1.12414 0.357361
-1.1239 0.357573

-1.1239 0.357574
-1.1238 0.357666

-1.1238 0.357666
-1.1236 0.357848

-1.1236 0.35785
-1.12346 0.357971

-1.12346 0.357971
-1.12329 0.358123

-1.12329 0.358125
-1.12312 0.358276

-1.12312 0.358276
-1.12299 0.358399

-1.12299 0.358401
-1.12278 0.358582

-1.12278 0.358582
-1.12268 0.358674

-1.12268 0.358675
-1.12244 0.358887

-1.12244 0.358887
-1.12238 0.358949

-1.12238 0.358949
-1.12211 0.359192

-1.12211 0.359192
-1.12207 0.359224

-1.12207 0.359224
-1.12177 0.359497

-1.12177 0.359497
-1.12177 0.359498

-1.12177 0.359499
-1.12146 0.359773

-1.12146 0.359773
-1.12143 0.359802

-1.12143 0.359802
-1.12115 0.360048

-1.12115 0.360048
-1.12109 0.360107

-1.12109 0.360107
-1.12085 0.360322

-1.12085 0.360323
-1.12075 0.360413

-1.12075 0.360413
-1.12054 0.360596

-1.12054 0.360598
-1.12041 0.360718

-1.12041 0.360718
-1.12024 0.36087

-1.12024 0.360872
-1.12007 0.361023

-1.12007 0.361023
-1.11993 0.361144

-1.11993 0.361146
-1.11973 0.361328

-1.11973 0.361328
-1.11963 0.361419

-1.11963 0.36142
-1.11939 0.361633

-1.11939 0.361633
-1.11932 0.361693

-1.11932 0.361693
-1.11905 0.361938

-1.11905 0.361938
-1.11902 0.361967

-1.11902 0.361967
-1.11871 0.362241

-1.11871 0.362241
-1.11871 0.362244

-1.11871 0.362244
-1.11841 0.362514

-1.11841 0.362514
-1.11837 0.362549

-1.11837 0.362549
-1.1181 0.362788

-1.1181 0.362788
-1.11803 0.362854

-1.11803 0.362854
-1.1178 0.363061

-1.1178 0.363062
-1.11769 0.363159

-1.11769 0.363159
-1.11749 0.363333

-1.11749 0.363336
-1.11735 0.363464

-1.11735 0.363464
-1.11719 0.363607

-1.11719 0.363609
-1.11701 0.36377

-1.11701 0.36377
-1.11688 0.363881

-1.11688 0.363882
-1.11667 0.364075

-1.11667 0.364075
-1.11658 0.364154

-1.11658 0.364155
-1.11633 0.36438

-1.11632 0.36438
-1.11627 0.364427

-1.11627 0.364427
-1.11598 0.364685

-1.11598 0.364685
-1.11597 0.3647

-1.11597 0.3647
-1.11566 0.364973

-1.11566 0.364973
-1.11564 0.36499

-1.11564 0.36499
-1.11536 0.365246

-1.11536 0.365246
-1.1153 0.365295

-1.1153 0.365295
-1.11505 0.365518

-1.11505 0.365519
-1.11496 0.365601

-1.11496 0.365601
-1.11475 0.36579

-1.11475 0.365792
-1.11462 0.365906

-1.11462 0.365906
-1.11444 0.366062

-1.11444 0.366064
-1.11427 0.366211

-1.11428 0.366211
-1.11414 0.366335

-1.11414 0.366337
-1.11393 0.366516

-1.11393 0.366516
-1.11383 0.366607

-1.11383 0.366608
-1.11359 0.366821

-1.11359 0.366821
-1.11353 0.366879

-1.11353 0.36688
-1.11325 0.367126

-1.11325 0.367126
-1.11322 0.367151

-1.11322 0.367152
-1.11292 0.367424

-1.11292 0.367424
-1.11291 0.367432

-1.11291 0.367432
-1.11261 0.367696

-1.11261 0.367696
-1.11256 0.367737

-1.11256 0.367737
-1.1123 0.367967

-1.1123 0.367968
-1.11222 0.368042

-1.11222 0.368042
-1.112 0.368239

-1.112 0.36824
-1.11188 0.368347

-1.11188 0.368347
-1.11169 0.368509

-1.11169 0.368512
-1.11153 0.368652

-1.11154 0.368652
-1.11139 0.368781

-1.11139 0.368784
-1.11119 0.368958

-1.11119 0.368958
-1.11108 0.369053

-1.11108 0.369054
-1.11085 0.369263

-1.11085 0.369263
-1.11078 0.369324

-1.11078 0.369325
-1.11051 0.369568

-1.1105 0.369568
-1.11047 0.369596

-1.11047 0.369596
-1.11017 0.369867

-1.11017 0.369867
-1.11016 0.369873

-1.11016 0.369873
-1.10986 0.370138

-1.10986 0.370138
-1.10982 0.370178

-1.10982 0.370178
-1.10956 0.370409

-1.10956 0.370409
-1.10947 0.370483

-1.10947 0.370483
-1.10925 0.370679

-1.10925 0.37068
-1.10913 0.370789

-1.10913 0.370789
-1.10895 0.370949

-1.10895 0.370952
-1.10879 0.371094

-1.10879 0.371094
-1.10864 0.37122

-1.10864 0.371222
-1.10844 0.371399

-1.10844 0.371399
-1.10834 0.371491

-1.10834 0.371492
-1.1081 0.371704

-1.1081 0.371704
-1.10803 0.371762

-1.10803 0.371762
-1.10775 0.372009

-1.10775 0.372009
-1.10773 0.372032

-1.10773 0.372032
-1.10742 0.372303

-1.10742 0.372303
-1.10741 0.372314

-1.10741 0.372314
-1.10712 0.372573

-1.10712 0.372573
-1.10706 0.37262

-1.10706 0.37262
-1.10681 0.372843

-1.10681 0.372843
-1.10672 0.372925

-1.10672 0.372925
-1.10651 0.373112

-1.10651 0.373114
-1.10637 0.37323

-1.10637 0.37323
-1.1062 0.373382

-1.1062 0.373384
-1.10603 0.373535

-1.10603 0.373535
-1.1059 0.373652

-1.1059 0.373653
-1.10568 0.37384

-1.10568 0.37384
-1.10559 0.373922

-1.10559 0.373922
-1.10534 0.374146

-1.10534 0.374146
-1.10529 0.374191

-1.10529 0.374192
-1.10499 0.374451

-1.10499 0.374451
-1.10498 0.374461

-1.10498 0.374461
-1.10468 0.374731

-1.10468 0.374731
-1.10465 0.374756

-1.10465 0.374756
-1.10437 0.375

-1.10437 0.375
-1.1043 0.375061

-1.1043 0.375061
-1.10406 0.375269

-1.10406 0.37527
-1.10395 0.375366

-1.10396 0.375366
-1.10376 0.375537

-1.10376 0.37554
-1.10361 0.375671

-1.10361 0.375671
-1.10345 0.375806

-1.10345 0.375809
-1.10326 0.375977

-1.10326 0.375977
-1.10315 0.376076

-1.10315 0.376077
-1.10292 0.376282

-1.10292 0.376282
-1.10284 0.376345

-1.10284 0.376345
-1.10257 0.376587

-1.10257 0.376587
-1.10254 0.376614

-1.10254 0.376614
-1.10223 0.376883

-1.10223 0.376883
-1.10222 0.376892

-1.10222 0.376892
-1.10193 0.377151

-1.10193 0.377152
-1.10188 0.377197

-1.10188 0.377197
-1.10162 0.37742

-1.10162 0.37742
-1.10153 0.377502

-1.10153 0.377502
-1.10132 0.377688

-1.10132 0.377689
-1.10118 0.377808

-1.10118 0.377808
-1.10101 0.377956

-1.10101 0.377958
-1.10083 0.378113

-1.10084 0.378113
-1.10071 0.378224

-1.10071 0.378226
-1.10049 0.378418

-1.10049 0.378418
-1.1004 0.378493

-1.1004 0.378493
-1.10014 0.378723

-1.10014 0.378723
-1.1001 0.378761

-1.1001 0.378761
-1.09979 0.379028

-1.09979 0.379029
-1.09949 0.379297

-1.09949 0.379297
-1.09945 0.379333

-1.09945 0.379333
-1.09918 0.379565

-1.09918 0.379565
-1.0991 0.379639

-1.0991 0.379639
-1.09888 0.379832

-1.09888 0.379833
-1.09875 0.379944

-1.09875 0.379944
-1.09857 0.380099

-1.09857 0.380102
-1.0984 0.380249

-1.0984 0.380249
-1.09827 0.380367

-1.09827 0.380369
-1.09805 0.380554

-1.09805 0.380554
-1.09796 0.380634

-1.09796 0.380635
-1.09771 0.380859

-1.0977 0.380859
-1.09766 0.380902

-1.09766 0.380903
-1.09736 0.381165

-1.09736 0.381165
-1.09735 0.381169

-1.09735 0.38117
-1.09705 0.381437

-1.09705 0.381437
-1.09701 0.38147

-1.09701 0.38147
-1.09674 0.381704

-1.09674 0.381704
-1.09666 0.381775

-1.09666 0.381775
-1.09644 0.381971

-1.09644 0.381972
-1.09631 0.38208

-1.09631 0.38208
-1.09613 0.382237

-1.09613 0.382239
-1.09596 0.382385

-1.09596 0.382385
-1.09583 0.382504

-1.09583 0.382506
-1.09561 0.38269

-1.09561 0.38269
-1.09552 0.382771

-1.09552 0.382772
-1.09526 0.382996

-1.09526 0.382996
-1.09521 0.383038

-1.09521 0.383038
-1.09491 0.383301

-1.09491 0.383301
-1.09491 0.383304

-1.09491 0.383305
-1.0946 0.383571

-1.0946 0.383571
-1.09456 0.383606

-1.09456 0.383606
-1.0943 0.383838

-1.0943 0.383838
-1.09421 0.383911

-1.09422 0.383911
-1.09399 0.384103

-1.09399 0.384105
-1.09386 0.384216

-1.09387 0.384216
-1.09369 0.384369

-1.09369 0.384371
-1.09351 0.384521

-1.09352 0.384521
-1.09338 0.384635

-1.09338 0.384637
-1.09317 0.384827

-1.09316 0.384827
-1.09308 0.384902

-1.09308 0.384902
-1.09282 0.385132

-1.09281 0.385132
-1.09277 0.385168

-1.09277 0.385168
-1.09247 0.385434

-1.09247 0.385434
-1.09246 0.385437

-1.09246 0.385437
-1.09216 0.3857

-1.09216 0.3857
-1.09211 0.385742

-1.09211 0.385742
-1.09186 0.385966

-1.09186 0.385966
-1.09176 0.386047

-1.09176 0.386047
-1.09155 0.386231

-1.09155 0.386232
-1.09141 0.386353

-1.09141 0.386353
-1.09125 0.386495

-1.09125 0.386498
-1.09106 0.386658

-1.09106 0.386658
-1.09094 0.386761

-1.09094 0.386762
-1.09071 0.386963

-1.09071 0.386963
-1.09064 0.387027

-1.09064 0.387027
-1.09036 0.387268

-1.09036 0.387268
-1.09033 0.387292

-1.09033 0.387293
-1.09003 0.387558

-1.09003 0.387558
-1.09001 0.387573

-1.09001 0.387573
-1.08972 0.387823

-1.08972 0.387823
-1.08966 0.387878

-1.08966 0.387878
-1.08942 0.388088

-1.08942 0.388088
-1.08931 0.388184

-1.08931 0.388184
-1.08911 0.388352

-1.08911 0.388354
-1.08895 0.388489

-1.08896 0.388489
-1.08881 0.388617

-1.08881 0.388619
-1.0886 0.388794

-1.0886 0.388794
-1.0885 0.388882

-1.0885 0.388883
-1.08825 0.389099

-1.08825 0.389099
-1.0882 0.389147

-1.0882 0.389147
-1.0879 0.389404

-1.0879 0.389404
-1.08789 0.389411

-1.08789 0.389412
-1.08759 0.389676

-1.08759 0.389676
-1.08755 0.389709

-1.08755 0.389709
-1.08728 0.389941

-1.08728 0.389941
-1.08719 0.390015

-1.0872 0.390015
-1.08698 0.390205

-1.08698 0.390206
-1.08684 0.39032

-1.08684 0.39032
-1.08667 0.390468

-1.08667 0.390471
-1.08649 0.390625

-1.08649 0.390625
-1.08636 0.390733

-1.08636 0.390734
-1.08614 0.39093

-1.08614 0.39093
-1.08606 0.390997

-1.08606 0.390998
-1.08578 0.391235

-1.08578 0.391235
-1.08575 0.391261

-1.08575 0.391262
-1.08545 0.391525

-1.08545 0.391525
-1.08543 0.391541

-1.08543 0.391541
-1.08514 0.391789

-1.08514 0.391789
-1.08508 0.391846

-1.08508 0.391846
-1.08484 0.392053

-1.08484 0.392054
-1.08473 0.392151

-1.08473 0.392151
-1.08453 0.392316

-1.08453 0.392318
-1.08437 0.392456

-1.08437 0.392456
-1.08423 0.392579

-1.08423 0.392581
-1.08402 0.392761

-1.08402 0.392761
-1.08392 0.392843

-1.08392 0.392844
-1.08367 0.393066

-1.08366 0.393066
-1.08362 0.393107

-1.08362 0.393107
-1.08331 0.393371

-1.08331 0.393371
-1.08331 0.393372

-1.08331 0.393372
-1.08301 0.393634

-1.08301 0.393634
-1.08296 0.393677

-1.08296 0.393677
-1.0827 0.393897

-1.0827 0.393897
-1.0826 0.393982

-1.0826 0.393982
-1.0824 0.39416

-1.0824 0.394161
-1.08225 0.394287

-1.08225 0.394287
-1.08209 0.394422

-1.08209 0.394424
-1.0819 0.394592

-1.0819 0.394592
-1.08179 0.394685

-1.08179 0.394686
-1.08154 0.394897

-1.08154 0.394897
-1.08148 0.394948

-1.08148 0.394949
-1.08119 0.395203

-1.08119 0.395203
-1.08118 0.395211

-1.08118 0.395212
-1.08087 0.395474

-1.08087 0.395474
-1.08083 0.395508

-1.08083 0.395508
-1.08057 0.395737

-1.08057 0.395737
-1.08048 0.395813

-1.08048 0.395813
-1.08026 0.395999

-1.08026 0.396001
-1.08012 0.396118

-1.08012 0.396118
-1.07996 0.396261

-1.07996 0.396263
-1.07977 0.396423

-1.07977 0.396423
-1.07965 0.396524

-1.07965 0.396525
-1.07941 0.396729

-1.07941 0.396729
-1.07935 0.396786

-1.07935 0.396787
-1.07906 0.397034

-1.07906 0.397034
-1.07904 0.397048

-1.07904 0.397049
-1.07874 0.397311

-1.07874 0.397311
-1.0787 0.397339

-1.0787 0.397339
-1.07843 0.397573

-1.07843 0.397573
-1.07835 0.397644

-1.07835 0.397644
-1.07812 0.397835

-1.07812 0.397836
-1.07799 0.397949

-1.07799 0.397949
-1.07782 0.398096

-1.07782 0.398098
-1.07764 0.398254

-1.07764 0.398254
-1.07751 0.398358

-1.07751 0.398359
-1.07728 0.39856

-1.07728 0.39856
-1.07721 0.39862

-1.07721 0.398621
-1.07692 0.398865

-1.07692 0.398865
-1.0769 0.398882

-1.0769 0.398882
-1.0766 0.399144

-1.0766 0.399144
-1.07657 0.39917

-1.07657 0.39917
-1.07629 0.399406

-1.07629 0.399406
-1.07621 0.399475

-1.07621 0.399475
-1.07599 0.399667

-1.07599 0.399668
-1.07586 0.39978

-1.07586 0.39978
-1.07568 0.399927

-1.07568 0.39993
-1.0755 0.400085

-1.0755 0.400085
-1.07538 0.400189

-1.07538 0.40019
-1.07514 0.400391

-1.07514 0.400391
-1.07507 0.40045

-1.07507 0.400451
-1.07479 0.400696

-1.07479 0.400696
-1.07477 0.400711

-1.07477 0.400712
-1.07446 0.400973

-1.07446 0.400973
-1.07443 0.401001

-1.07443 0.401001
-1.07416 0.401234

-1.07416 0.401234
-1.07407 0.401306

-1.07407 0.401306
-1.07385 0.401495

-1.07385 0.401496
-1.07372 0.401611

-1.07372 0.401611
-1.07355 0.401754

-1.07355 0.401757
-1.07336 0.401917

-1.07336 0.401917
-1.07324 0.402016

-1.07324 0.402017
-1.073 0.402222

-1.073 0.402222
-1.07294 0.402277

-1.07294 0.402277
-1.07264 0.402527

-1.07264 0.402527
-1.07263 0.402537

-1.07263 0.402538
-1.07233 0.402798

-1.07233 0.402798
-1.07229 0.402832

-1.07229 0.402832
-1.07202 0.403059

-1.07202 0.403059
-1.07193 0.403137

-1.07193 0.403137
-1.07172 0.403319

-1.07172 0.40332
-1.07157 0.403442

-1.07157 0.403442
-1.07141 0.403578

-1.07141 0.403581
-1.07121 0.403748

-1.07121 0.403748
-1.07111 0.403839

-1.07111 0.40384
-1.07086 0.404053

-1.07086 0.404053
-1.0708 0.404099

-1.0708 0.4041
-1.0705 0.404358

-1.0705 0.404358
-1.0705 0.40436

-1.0705 0.40436
-1.07019 0.40462

-1.07019 0.40462
-1.07014 0.404663

-1.07014 0.404663
-1.06989 0.40488

-1.06989 0.404881
-1.06978 0.404968

-1.06978 0.404968
-1.06958 0.405139

-1.06958 0.405141
-1.06942 0.405273

-1.06942 0.405273
-1.06927 0.405399

-1.06927 0.4054
-1.06906 0.405579

-1.06906 0.405579
-1.06897 0.405659

-1.06897 0.40566
-1.06871 0.405884

-1.06871 0.405884
-1.06866 0.405919

-1.06866 0.405919
-1.06836 0.406179

-1.06836 0.406179
-1.06835 0.406189

-1.06835 0.406189
-1.06805 0.406438

-1.06805 0.406438
-1.06799 0.406494

-1.06799 0.406494
-1.06775 0.406698

-1.06775 0.406698
-1.06763 0.406799

-1.06763 0.406799
-1.06744 0.406956

-1.06744 0.406959
-1.06727 0.407104

-1.06727 0.407104
-1.06714 0.407215

-1.06714 0.407217
-1.06691 0.40741

-1.06691 0.40741
-1.06683 0.407475

-1.06683 0.407476
-1.06655 0.407715

-1.06655 0.407715
-1.06653 0.407734

-1.06653 0.407735
-1.06622 0.407994

-1.06622 0.407994
-1.06619 0.40802

-1.06619 0.40802
-1.06592 0.408253

-1.06592 0.408253
-1.06583 0.408325

-1.06583 0.408325
-1.06561 0.408512

-1.06561 0.408513
-1.06547 0.40863

-1.06547 0.40863
-1.06531 0.408769

-1.06531 0.408772
-1.06511 0.408936

-1.06511 0.408936
-1.065 0.409029

-1.065 0.40903
-1.06475 0.409241

-1.06475 0.409241
-1.0647 0.409288

-1.0647 0.409288
-1.06439 0.409546

-1.06439 0.409546
-1.06439 0.409546

-1.06439 0.409547
-1.06409 0.409806

-1.06409 0.409806
-1.06403 0.409851

-1.06403 0.409851
-1.06378 0.410064

-1.06378 0.410065
-1.06367 0.410156

-1.06367 0.410156
-1.06348 0.410322

-1.06348 0.410324
-1.06331 0.410461

-1.06331 0.410461
-1.06317 0.41058

-1.06317 0.410581
-1.06295 0.410767

-1.06295 0.410767
-1.06287 0.410839

-1.06287 0.410839
-1.06259 0.411072

-1.06259 0.411072
-1.06256 0.411097

-1.06256 0.411098
-1.06226 0.411356

-1.06226 0.411356
-1.06223 0.411377

-1.06223 0.411377
-1.06195 0.411614

-1.06195 0.411614
-1.06187 0.411682

-1.06187 0.411682
-1.06165 0.411872

-1.06165 0.411873
-1.06151 0.411987

-1.06151 0.411987
-1.06134 0.412128

-1.06134 0.412131
-1.06115 0.412292

-1.06115 0.412292
-1.06104 0.412387

-1.06104 0.412388
-1.06079 0.412598

-1.06079 0.412598
-1.06073 0.412645

-1.06073 0.412646
-1.06043 0.412903

-1.06042 0.412903
-1.06012 0.413161

-1.06012 0.413161
-1.06006 0.413208

-1.06006 0.413208
-1.05981 0.413419

-1.05981 0.413419
-1.0597 0.413513

-1.0597 0.413513
-1.05951 0.413676

-1.05951 0.413678
-1.05934 0.413818

-1.05934 0.413818
-1.0592 0.413933

-1.0592 0.413934
-1.05898 0.414124

-1.05898 0.414124
-1.0589 0.41419

-1.0589 0.414191
-1.05862 0.414429

-1.05862 0.414429
-1.05859 0.414448

-1.05859 0.414449
-1.05829 0.414706

-1.05829 0.414706
-1.05826 0.414734

-1.05826 0.414734
-1.05798 0.414963

-1.05798 0.414963
-1.05789 0.415039

-1.05789 0.415039
-1.05768 0.41522

-1.05768 0.415221
-1.05753 0.415344

-1.05753 0.415344
-1.05737 0.415476

-1.05737 0.415478
-1.05717 0.415649

-1.05717 0.415649
-1.05707 0.415734

-1.05707 0.415734
-1.05681 0.415955

-1.05681 0.415955
-1.05676 0.415991

-1.05676 0.415991
-1.05646 0.416248

-1.05646 0.416248
-1.05644 0.41626

-1.05644 0.41626
-1.05615 0.416505

-1.05615 0.416505
-1.05608 0.416565

-1.05608 0.416565
-1.05585 0.416762

-1.05585 0.416763
-1.05572 0.41687

-1.05572 0.41687
-1.05554 0.417017

-1.05554 0.41702
-1.05535 0.417175

-1.05536 0.417175
-1.05524 0.417274

-1.05524 0.417275
-1.05499 0.41748

-1.05499 0.41748
-1.05493 0.417531

-1.05493 0.417532
-1.05463 0.417786

-1.05463 0.417786
-1.05463 0.417788

-1.05463 0.417788
-1.05432 0.418045

-1.05432 0.418045
-1.05427 0.418091

-1.05427 0.418091
-1.05402 0.418301

-1.05402 0.418302
-1.0539 0.418396

-1.0539 0.418396
-1.05371 0.418557

-1.05371 0.418559
-1.05354 0.418701

-1.05354 0.418701
-1.05341 0.418812

-1.05341 0.418814
-1.05318 0.419006

-1.05318 0.419006
-1.0531 0.419069

-1.0531 0.41907
-1.05281 0.419312

-1.05281 0.419312
-1.0528 0.419325

-1.0528 0.419326
-1.05249 0.419582

-1.05249 0.419582
-1.05245 0.419617

-1.05245 0.419617
-1.05219 0.419838

-1.05219 0.419838
-1.05208 0.419922

-1.05209 0.419922
-1.05188 0.420093

-1.05188 0.420095
-1.05172 0.420227

-1.05172 0.420227
-1.05157 0.420348

-1.05157 0.42035
-1.05136 0.420532

-1.05136 0.420532
-1.05127 0.420605

-1.05127 0.420605
-1.05099 0.420837

-1.05099 0.420837
-1.05096 0.42086

-1.05096 0.420861
-1.05066 0.421117

-1.05066 0.421117
-1.05063 0.421143

-1.05063 0.421143
-1.05035 0.421372

-1.05035 0.421373
-1.05026 0.421448

-1.05026 0.421448
-1.05005 0.421628

-1.05005 0.421629
-1.0499 0.421753

-1.0499 0.421753
-1.04974 0.421882

-1.04974 0.421884
-1.04953 0.422058

-1.04953 0.422058
-1.04944 0.422138

-1.04944 0.422139
-1.04917 0.422363

-1.04917 0.422363
-1.04913 0.422393

-1.04913 0.422394
-1.04883 0.422649

-1.04883 0.422649
-1.04881 0.422668

-1.04881 0.422668
-1.04852 0.422904

-1.04852 0.422905
-1.04844 0.422974

-1.04844 0.422974
-1.04822 0.423159

-1.04822 0.423161
-1.04807 0.423279

-1.04808 0.423279
-1.04791 0.423413

-1.04791 0.423415
-1.04771 0.423584

-1.04771 0.423584
-1.04761 0.423669

-1.04761 0.42367
-1.04734 0.423889

-1.04734 0.423889
-1.0473 0.423924

-1.0473 0.423925
-1.047 0.42418

-1.047 0.42418
-1.04698 0.424194

-1.04698 0.424194
-1.04669 0.424434

-1.04669 0.424435
-1.04661 0.4245

-1.04661 0.4245
-1.04639 0.424689

-1.04639 0.42469
-1.04625 0.424805

-1.04625 0.424805
-1.04608 0.424943

-1.04608 0.424945
-1.04588 0.42511

-1.04588 0.42511
-1.04578 0.425198

-1.04578 0.425199
-1.04552 0.425415

-1.04552 0.425415
-1.04547 0.425452

-1.04547 0.425453
-1.04517 0.425708

-1.04517 0.425708
-1.04515 0.42572

-1.04515 0.42572
-1.04486 0.425962

-1.04486 0.425962
-1.04478 0.426025

-1.04478 0.426025
-1.04456 0.426216

-1.04456 0.426217
-1.04442 0.426331

-1.04442 0.426331
-1.04425 0.42647

-1.04425 0.426471
-1.04405 0.426636

-1.04405 0.426636
-1.04395 0.426724

-1.04395 0.426725
-1.04369 0.426941

-1.04369 0.426941
-1.04364 0.426978

-1.04364 0.426979
-1.04333 0.427233

-1.04333 0.427233
-1.04332 0.427246

-1.04332 0.427246
-1.04303 0.427487

-1.04303 0.427488
-1.04295 0.427551

-1.04295 0.427551
-1.04272 0.427741

-1.04272 0.427742
-1.04259 0.427856

-1.04259 0.427856
-1.04242 0.427994

-1.04242 0.427996
-1.04222 0.428162

-1.04222 0.428162
-1.04211 0.428248

-1.04211 0.428249
-1.04185 0.428467

-1.04185 0.428467
-1.04181 0.428502

-1.04181 0.428503
-1.0415 0.428757

-1.0415 0.428757
-1.04149 0.428772

-1.04149 0.428772
-1.0412 0.429011

-1.0412 0.429011
-1.04112 0.429077

-1.04112 0.429077
-1.04089 0.429264

-1.04089 0.429265
-1.04075 0.429382

-1.04075 0.429382
-1.04059 0.429517

-1.04059 0.429519
-1.04038 0.429688

-1.04038 0.429688
-1.04028 0.429771

-1.04028 0.429772
-1.04002 0.429993

-1.04002 0.429993
-1.03998 0.430024

-1.03998 0.430025
-1.03967 0.430278

-1.03967 0.430278
-1.03965 0.430298

-1.03965 0.430298
-1.03937 0.430532

-1.03937 0.430532
-1.03928 0.430603

-1.03928 0.430603
-1.03906 0.430785

-1.03906 0.430786
-1.03891 0.430908

-1.03892 0.430908
-1.03876 0.431037

-1.03876 0.431039
-1.03855 0.431213

-1.03855 0.431213
-1.03845 0.431291

-1.03845 0.431292
-1.03818 0.431519

-1.03818 0.431519
-1.03815 0.431544

-1.03815 0.431545
-1.03784 0.431798

-1.03784 0.431798
-1.03781 0.431824

-1.03781 0.431824
-1.03754 0.432051

-1.03754 0.432051
-1.03744 0.432129

-1.03744 0.432129
-1.03723 0.432304

-1.03723 0.432305
-1.03707 0.432434

-1.03708 0.432434
-1.03693 0.432555

-1.03693 0.432557
-1.03671 0.432739

-1.03671 0.432739
-1.03662 0.432809

-1.03662 0.43281
-1.03634 0.433044

-1.03634 0.433044
-1.03632 0.433062

-1.03632 0.433062
-1.03601 0.433315

-1.03601 0.433315
-1.03597 0.43335

-1.03597 0.43335
-1.03571 0.433568

-1.03571 0.433568
-1.0356 0.433655

-1.0356 0.433655
-1.0354 0.43382

-1.0354 0.433822
-1.03523 0.43396

-1.03523 0.43396
-1.0351 0.434072

-1.0351 0.434073
-1.03486 0.434265

-1.03486 0.434265
-1.03479 0.434325

-1.03479 0.434325
-1.03449 0.43457

-1.03449 0.43457
-1.03448 0.434577

-1.03448 0.434578
-1.03418 0.43483

-1.03418 0.43483
-1.03412 0.434875

-1.03413 0.434875
-1.03387 0.435083

-1.03387 0.435083
-1.03376 0.435181

-1.03376 0.435181
-1.03357 0.435334

-1.03357 0.435336
-1.03339 0.435486

-1.03339 0.435486
-1.03326 0.435586

-1.03326 0.435587
-1.03302 0.435791

-1.03302 0.435791
-1.03296 0.435839

-1.03296 0.435839
-1.03265 0.436091

-1.03265 0.436091
-1.03265 0.436096

-1.03265 0.436096
-1.03235 0.436343

-1.03235 0.436344
-1.03228 0.436401

-1.03228 0.436401
-1.03204 0.436595

-1.03204 0.436596
-1.03191 0.436707

-1.03191 0.436707
-1.03174 0.436846

-1.03174 0.436848
-1.03154 0.437012

-1.03154 0.437012
-1.03143 0.437098

-1.03143 0.437099
-1.03117 0.437317

-1.03117 0.437317
-1.03113 0.43735

-1.03113 0.437351
-1.03082 0.437603

-1.03082 0.437603
-1.0308 0.437622

-1.0308 0.437622
-1.03052 0.437855

-1.03052 0.437855
-1.03043 0.437927

-1.03043 0.437927
-1.03021 0.438106

-1.03021 0.438108
-1.03006 0.438232

-1.03006 0.438232
-1.02991 0.438357

-1.02991 0.438358
-1.02969 0.438538

-1.02969 0.438538
-1.0296 0.438609

-1.0296 0.43861
-1.02932 0.438843

-1.02932 0.438843
-1.0293 0.43886

-1.0293 0.438861
-1.02899 0.439112

-1.02899 0.439113
-1.02895 0.439148

-1.02895 0.439148
-1.02869 0.439364

-1.02869 0.439364
-1.02858 0.439453

-1.02858 0.439453
-1.02838 0.439615

-1.02838 0.439616
-1.02821 0.439758

-1.02821 0.439758
-1.02808 0.439865

-1.02808 0.439867
-1.02784 0.440063

-1.02784 0.440063
-1.02777 0.440117

-1.02777 0.440118
-1.02747 0.440369

-1.02747 0.440369
-1.02716 0.44062

-1.02716 0.44062
-1.0271 0.440674

-1.0271 0.440674
-1.02686 0.440871

-1.02686 0.440872
-1.02672 0.440979

-1.02673 0.440979
-1.02655 0.441121

-1.02655 0.441123
-1.02635 0.441284

-1.02635 0.441284
-1.02625 0.441372

-1.02625 0.441373
-1.02598 0.441589

-1.02598 0.441589
-1.02594 0.441623

-1.02594 0.441624
-1.02563 0.441875

-1.02563 0.441875
-1.02561 0.441895

-1.02561 0.441895
-1.02533 0.442126

-1.02533 0.442126
-1.02524 0.4422

-1.02524 0.4422
-1.02502 0.442376

-1.02502 0.442378
-1.02487 0.442505

-1.02487 0.442505
-1.02472 0.442626

-1.02472 0.442627
-1.0245 0.44281

-1.0245 0.44281
-1.02441 0.442877

-1.02441 0.442878
-1.02412 0.443115

-1.02412 0.443115
-1.02411 0.443128

-1.02411 0.443128
-1.0238 0.443379

-1.0238 0.443379
-1.02375 0.44342

-1.02375 0.44342
-1.0235 0.443629

-1.0235 0.44363
-1.02338 0.443726

-1.02338 0.443726
-1.02319 0.443879

-1.02319 0.443881
-1.02301 0.444031

-1.02301 0.444031
-1.02289 0.444129

-1.02289 0.44413
-1.02264 0.444336

-1.02264 0.444336
-1.02258 0.44438

-1.02258 0.444381
-1.02228 0.444631

-1.02228 0.444631
-1.02227 0.444641

-1.02227 0.444641
-1.02197 0.444881

-1.02197 0.444881
-1.02189 0.444946

-1.02189 0.444946
-1.02167 0.445131

-1.02167 0.445133
-1.02152 0.445251

-1.02152 0.445251
-1.02136 0.44538

-1.02136 0.445382
-1.02115 0.445557

-1.02115 0.445557
-1.02106 0.445631

-1.02106 0.445632
-1.02078 0.445862

-1.02078 0.445862
-1.02075 0.445881

-1.02075 0.445882
-1.02045 0.446132

-1.02045 0.446132
-1.0204 0.446167

-1.0204 0.446167
-1.02014 0.446382

-1.02014 0.446382
-1.02003 0.446472

-1.02003 0.446472
-1.01984 0.446631

-1.01984 0.446632
-1.01966 0.446777

-1.01966 0.446777
-1.01953 0.44688

-1.01953 0.446881
-1.01929 0.447083

-1.01928 0.447083
-1.01923 0.44713

-1.01923 0.447131
-1.01892 0.447381

-1.01892 0.447381
-1.01891 0.447388

-1.01891 0.447388
-1.01862 0.44763

-1.01862 0.447631
-1.01854 0.447693

-1.01854 0.447693
-1.01831 0.44788

-1.01831 0.447881
-1.01817 0.447998

-1.01817 0.447998
-1.01801 0.448128

-1.01801 0.44813
-1.01779 0.448303

-1.01779 0.448303
-1.0177 0.448378

-1.0177 0.448379
-1.01742 0.448608

-1.01742 0.448608
-1.0174 0.448628

-1.0174 0.448629
-1.01709 0.448878

-1.01709 0.448878
-1.01705 0.448914

-1.01705 0.448914
-1.01678 0.449127

-1.01678 0.449128
-1.01667 0.449219

-1.01667 0.449219
-1.01648 0.449376

-1.01648 0.449378
-1.0163 0.449524

-1.0163 0.449524
-1.01617 0.449625

-1.01617 0.449626
-1.01593 0.449829

-1.01592 0.449829
-1.01587 0.449874

-1.01587 0.449875
-1.01556 0.450124

-1.01556 0.450124
-1.01555 0.450134

-1.01555 0.450134
-1.01526 0.450373

-1.01526 0.450374
-1.01518 0.450439

-1.01518 0.450439
-1.01495 0.450623

-1.01495 0.450624
-1.0148 0.450745

-1.01481 0.450745
-1.01465 0.45087

-1.01465 0.450872
-1.01443 0.45105

-1.01443 0.45105
-1.01434 0.45112

-1.01434 0.451121
-1.01406 0.451355

-1.01406 0.451355
-1.01404 0.451369

-1.01404 0.451369
-1.01373 0.451618

-1.01373 0.451618
-1.01368 0.45166

-1.01368 0.45166
-1.01343 0.451867

-1.01343 0.451868
-1.01331 0.451965

-1.01331 0.451965
-1.01312 0.452115

-1.01312 0.452117
-1.01293 0.452271

-1.01293 0.452271
-1.01282 0.452364

-1.01282 0.452365
-1.01256 0.452576

-1.01256 0.452576
-1.01251 0.452613

-1.01251 0.452613
-1.01221 0.452862

-1.01221 0.452862
-1.01218 0.452881

-1.01218 0.452881
-1.0119 0.453111

-1.0119 0.453111
-1.01181 0.453186

-1.01181 0.453186
-1.0116 0.453359

-1.0116 0.45336
-1.01143 0.453491

-1.01144 0.453491
-1.01129 0.453606

-1.01129 0.453608
-1.01106 0.453796

-1.01106 0.453796
-1.01099 0.453855

-1.01099 0.453856
-1.01068 0.454102

-1.01068 0.454102
-1.01068 0.454104

-1.01068 0.454104
-1.01038 0.454353

-1.01038 0.454353
-1.01031 0.454407

-1.01031 0.454407
-1.01007 0.454601

-1.01007 0.454602
-1.00993 0.454712

-1.00994 0.454712
-1.00977 0.454848

-1.00977 0.45485
-1.00956 0.455017

-1.00956 0.455017
-1.00946 0.455097

-1.00946 0.455098
-1.00918 0.455322

-1.00918 0.455322
-1.00916 0.455345

-1.00916 0.455346
-1.00885 0.455594

-1.00885 0.455594
-1.00881 0.455627

-1.00881 0.455627
-1.00854 0.455842

-1.00854 0.455842
-1.00843 0.455933

-1.00843 0.455933
-1.00824 0.456089

-1.00824 0.456091
-1.00806 0.456238

-1.00806 0.456238
-1.00793 0.456337

-1.00793 0.456338
-1.00768 0.456543

-1.00768 0.456543
-1.00763 0.456585

-1.00763 0.456586
-1.00732 0.456834

-1.00732 0.456834
-1.00731 0.456848

-1.00731 0.456848
-1.00702 0.457081

-1.00702 0.457082
-1.00693 0.457153

-1.00693 0.457153
-1.00671 0.457329

-1.00671 0.45733
-1.00655 0.457458

-1.00656 0.457458
-1.00641 0.457576

-1.00641 0.457577
-1.00618 0.457764

-1.00618 0.457764
-1.0061 0.457824

-1.0061 0.457825
-1.0058 0.458069

-1.0058 0.458069
-1.0058 0.458072

-1.0058 0.458072
-1.00549 0.45832

-1.00549 0.45832
-1.00543 0.458374

-1.00543 0.458374
-1.00519 0.458567

-1.00519 0.458568
-1.00505 0.458679

-1.00505 0.458679
-1.00488 0.458814

-1.00488 0.458815
-1.00467 0.458984

-1.00467 0.458984
-1.00458 0.459061

-1.00458 0.459062
-1.0043 0.45929

-1.0043 0.45929
-1.00427 0.459309

-1.00427 0.45931
-1.00397 0.459557

-1.00397 0.459557
-1.00392 0.459595

-1.00392 0.459595
-1.00366 0.459804

-1.00366 0.459805
-1.00354 0.4599

-1.00354 0.4599
-1.00336 0.460051

-1.00336 0.460052
-1.00317 0.460205

-1.00317 0.460205
-1.00305 0.460298

-1.00305 0.460299
-1.00279 0.46051

-1.00279 0.46051
-1.00275 0.460545

-1.00275 0.460546
-1.00244 0.460793

-1.00244 0.460793
-1.00241 0.460815

-1.00241 0.460815
-1.00214 0.46104

-1.00214 0.461041
-1.00204 0.461121

-1.00204 0.461121
-1.00183 0.461287

-1.00183 0.461288
-1.00166 0.461426

-1.00166 0.461426
-1.00153 0.461533

-1.00153 0.461534
-1.00128 0.461731

-1.00128 0.461731
-1.00122 0.46178

-1.00122 0.461781
-1.00092 0.462028

-1.00092 0.462028
-1.00091 0.462036

-1.00091 0.462036
-1.00061 0.462275

-1.00061 0.462275
-1.00053 0.462341

-1.00053 0.462341
-1.00031 0.462522

-1.00031 0.462523
-1.00015 0.462646

-1.00015 0.462646
-1.0 0.462767

-1.0 0.462769
-0.999774 0.462952

-0.999773 0.462952
-0.999695 0.463014

-0.999695 0.463015
-0.999396 0.463257

-0.999395 0.463257
-0.99939 0.463261

-0.99939 0.463262
-0.999084 0.463508

-0.999084 0.463509
-0.999018 0.463562

-0.999018 0.463562
-0.998779 0.463755

-0.998779 0.463756
-0.998639 0.463867

-0.998641 0.463867
-0.998474 0.464001

-0.998474 0.464002
-0.998263 0.464172

-0.998263 0.464172
-0.998169 0.464247

-0.998169 0.464248
-0.997885 0.464478

-0.997884 0.464478
-0.997864 0.464494

-0.997864 0.464494
-0.997559 0.464741

-0.997559 0.464741
-0.997507 0.464783

-0.997507 0.464783
-0.997253 0.464987

-0.997253 0.464988
-0.997128 0.465088

-0.997129 0.465088
-0.996948 0.465233

-0.996948 0.465234
-0.996751 0.465393

-0.996751 0.465393
-0.996643 0.465479

-0.996643 0.46548
-0.996373 0.465698

-0.996372 0.465698
-0.996338 0.465725

-0.996338 0.465726
-0.996033 0.465972

-0.996033 0.465972
-0.995994 0.466003

-0.995994 0.466003
-0.995728 0.466218

-0.995728 0.466219
-0.995615 0.466309

-0.995616 0.466309
-0.995422 0.466464

-0.995422 0.466465
-0.995237 0.466614

-0.995238 0.466614
-0.995117 0.46671

-0.995117 0.466711
-0.994859 0.466919

-0.994858 0.466919
-0.994812 0.466956

-0.994812 0.466957
-0.994507 0.467203

-0.994507 0.467203
-0.99448 0.467224

-0.99448 0.467224
-0.994202 0.467449

-0.994202 0.467449
-0.994101 0.467529

-0.994102 0.467529
-0.993896 0.467694

-0.993896 0.467695
-0.993722 0.467834

-0.993723 0.467834
-0.993591 0.467939

-0.993591 0.46794
-0.993344 0.46814

-0.993343 0.46814
-0.993286 0.468185

-0.993286 0.468186
-0.992981 0.468432

-0.992981 0.468432
-0.992965 0.468445

-0.992965 0.468445
-0.992676 0.468678

-0.992676 0.468678
-0.992585 0.46875

-0.992586 0.46875
-0.992371 0.468923

-0.992371 0.468924
-0.992206 0.469055

-0.992208 0.469055
-0.992065 0.469168

-0.992065 0.469169
-0.991828 0.46936

-0.991827 0.46936
-0.99176 0.469414

-0.99176 0.469414
-0.991455 0.46966

-0.991455 0.46966
-0.991448 0.469666

-0.991448 0.469666
-0.99115 0.469906

-0.99115 0.469906
-0.991069 0.469971

-0.991069 0.469971
-0.990845 0.470151

-0.990845 0.470152
-0.990688 0.470276

-0.990691 0.470276
-0.99054 0.470395

-0.99054 0.470397
-0.99031 0.470581

-0.99031 0.470581
-0.990234 0.470641

-0.990234 0.470642
-0.98993 0.470886

-0.98993 0.470886
-0.989929 0.470887

-0.989929 0.470887
-0.989624 0.471132

-0.989624 0.471133
-0.98955 0.471191

-0.989551 0.471191
-0.989319 0.471378

-0.989319 0.471379
-0.98917 0.471497

-0.989172 0.471497
-0.989014 0.471622

-0.989014 0.471623
-0.988791 0.471802

-0.988791 0.471802
-0.988708 0.471867

-0.988708 0.471868
-0.988411 0.472107

-0.988411 0.472107
-0.988403 0.472113

-0.988403 0.472113
-0.988098 0.472358

-0.988098 0.472359
-0.988031 0.472412

-0.988031 0.472412
-0.987793 0.472603

-0.987793 0.472605
-0.98765 0.472717

-0.987652 0.472717
-0.987488 0.472848

-0.987488 0.472849
-0.987271 0.473022

-0.987271 0.473022
-0.987183 0.473093

-0.987183 0.473093
-0.986891 0.473328

-0.98689 0.473328
-0.986877 0.473338

-0.986877 0.473338
-0.986572 0.473583

-0.986572 0.473583
-0.98651 0.473633

-0.986511 0.473633
-0.986267 0.473828

-0.986267 0.473829
-0.986129 0.473938

-0.986131 0.473938
-0.985962 0.474072

-0.985962 0.474073
-0.98575 0.474243

-0.98575 0.474243
-0.985657 0.474317

-0.985657 0.474318
-0.985369 0.474548

-0.985368 0.474548
-0.985352 0.474562

-0.985352 0.474562
-0.985046 0.474807

-0.985046 0.474807
-0.984988 0.474854

-0.984989 0.474854
-0.984741 0.475052

-0.984741 0.475053
-0.984607 0.475159

-0.984609 0.475159
-0.984436 0.475296

-0.984436 0.475297
-0.984227 0.475464

-0.984227 0.475464
-0.984131 0.47554

-0.984131 0.475541
-0.983846 0.475769

-0.983846 0.475769
-0.983826 0.475785

-0.983826 0.475786
-0.983521 0.47603

-0.983521 0.47603
-0.983465 0.476074

-0.983465 0.476074
-0.983215 0.476275

-0.983215 0.476275
-0.983083 0.476379

-0.983085 0.476379
-0.98291 0.476518

-0.98291 0.476519
-0.982703 0.476685

-0.982703 0.476685
-0.982605 0.476762

-0.982605 0.476763
-0.982322 0.47699

-0.982321 0.47699
-0.9823 0.477007

-0.9823 0.477008
-0.981995 0.477252

-0.981995 0.477252
-0.981941 0.477295

-0.981941 0.477295
-0.981689 0.477496

-0.981689 0.477497
-0.981559 0.4776

-0.98156 0.4776
-0.981384 0.47774

-0.981384 0.477741
-0.981178 0.477905

-0.981178 0.477905
-0.981079 0.477984

-0.981079 0.477985
-0.980797 0.47821

-0.980796 0.47821
-0.980774 0.478228

-0.980774 0.478229
-0.980469 0.478473

-0.980469 0.478473
-0.980415 0.478516

-0.980415 0.478516
-0.980164 0.478717

-0.980164 0.478718
-0.980033 0.478821

-0.980034 0.478821
-0.979858 0.47896

-0.979858 0.478961
-0.979652 0.479126

-0.979652 0.479126
-0.979553 0.479204

-0.979553 0.479205
-0.97927 0.479431

-0.97927 0.479431
-0.979248 0.479448

-0.979248 0.479449
-0.978943 0.479693

-0.978943 0.479693
-0.978888 0.479736

-0.978888 0.479736
-0.978638 0.479937

-0.978638 0.479938
-0.978505 0.480042

-0.978507 0.480042
-0.978333 0.48018

-0.978333 0.480181
-0.978125 0.480347

-0.978125 0.480347
-0.978027 0.480423

-0.978027 0.480424
-0.977743 0.480652

-0.977742 0.480652
-0.977722 0.480667

-0.977722 0.480668
-0.977417 0.480912

-0.977417 0.480912
-0.97736 0.480957

-0.97736 0.480957
-0.977112 0.481156

-0.977112 0.481156
-0.976977 0.481262

-0.976979 0.481262
-0.976807 0.481399

-0.976807 0.481399
-0.976596 0.481567

-0.976596 0.481567
-0.976501 0.481642

-0.976501 0.481643
-0.976214 0.481873

-0.976213 0.481873
-0.976196 0.481886

-0.976196 0.481886
-0.975891 0.48213

-0.975891 0.48213
-0.975831 0.482178

-0.975831 0.482178
-0.975586 0.482373

-0.975586 0.482374
-0.975447 0.482483

-0.975449 0.482483
-0.975281 0.482616

-0.975281 0.482617
-0.975066 0.482788

-0.975066 0.482788
-0.974976 0.482859

-0.974976 0.48286
-0.974683 0.483093

-0.974683 0.483093
-0.97467 0.483103

-0.97467 0.483104
-0.974365 0.483347

-0.974365 0.483347
-0.9743 0.483398

-0.974301 0.483398
-0.97406 0.48359

-0.97406 0.483591
-0.973917 0.483704

-0.973919 0.483704
-0.973755 0.483833

-0.973755 0.483834
-0.973535 0.484009

-0.973535 0.484009
-0.97345 0.484076

-0.97345 0.484077
-0.973152 0.484314

-0.973151 0.484314
-0.973145 0.484319

-0.973145 0.48432
-0.972839 0.484563

-0.972839 0.484563
-0.972769 0.484619

-0.972769 0.484619
-0.972534 0.484806

-0.972534 0.484807
-0.972385 0.484924

-0.972387 0.484924
-0.972229 0.485048

-0.972229 0.485049
-0.972003 0.485229

-0.972002 0.485229
-0.971924 0.485291

-0.971924 0.485292
-0.97162 0.485535

-0.971619 0.485535
-0.971619 0.485535

-0.971619 0.485535
-0.971313 0.485778

-0.971313 0.485779
-0.971236 0.48584

-0.971236 0.48584
-0.971008 0.486021

-0.971008 0.486022
-0.970852 0.486145

-0.970854 0.486145
-0.970703 0.486263

-0.970703 0.486264
-0.97047 0.48645

-0.970469 0.48645
-0.970398 0.486506

-0.970398 0.486507
-0.970093 0.48675

-0.970093 0.48675
-0.970086 0.486755

-0.970086 0.486755
-0.969788 0.486993

-0.969788 0.486993
-0.969702 0.487061

-0.969702 0.487061
-0.969482 0.487235

-0.969482 0.487236
-0.969318 0.487366

-0.96932 0.487366
-0.969177 0.487477

-0.969177 0.487478
-0.968935 0.487671

-0.968934 0.487671
-0.968872 0.48772

-0.968872 0.487721
-0.968567 0.487963

-0.968567 0.487963
-0.968551 0.487976

-0.968551 0.487976
-0.968262 0.488206

-0.968262 0.488206
-0.968167 0.488281

-0.968167 0.488281
-0.967957 0.488449

-0.967957 0.488449
-0.967783 0.488586

-0.967784 0.488586
-0.967651 0.48869

-0.967651 0.488691
-0.967399 0.488892

-0.967399 0.488892
-0.967346 0.488933

-0.967346 0.488934
-0.967041 0.489176

-0.967041 0.489176
-0.967015 0.489197

-0.967015 0.489197
-0.966736 0.489419

-0.966736 0.489419
-0.96663 0.489502

-0.966631 0.489502
-0.966431 0.489661

-0.966431 0.489661
-0.966246 0.489807

-0.966247 0.489807
-0.966125 0.489902

-0.966125 0.489903
-0.965862 0.490112

-0.965862 0.490112
-0.96582 0.490145

-0.96582 0.490146
-0.965515 0.490388

-0.965515 0.490388
-0.965478 0.490417

-0.965478 0.490417
-0.96521 0.49063

-0.96521 0.490631
-0.965092 0.490723

-0.965094 0.490723
-0.964905 0.490872

-0.964905 0.490873
-0.964709 0.491028

-0.964709 0.491028
-0.9646 0.491113

-0.9646 0.491115
-0.964324 0.491333

-0.964324 0.491333
-0.964294 0.491356

-0.964294 0.491357
-0.963989 0.491599

-0.963989 0.491599
-0.963939 0.491638

-0.96394 0.491638
-0.963684 0.491841

-0.963684 0.491842
-0.963554 0.491943

-0.963555 0.491943
-0.963379 0.492082

-0.963379 0.492083
-0.96317 0.492249

-0.96317 0.492249
-0.963074 0.492324

-0.963074 0.492325
-0.962785 0.492554

-0.962784 0.492554
-0.962769 0.492566

-0.962769 0.492567
-0.962463 0.492809

-0.962463 0.492809
-0.9624 0.492859

-0.9624 0.492859
-0.962158 0.493051

-0.962158 0.493052
-0.962014 0.493164

-0.962016 0.493164
-0.961853 0.493292

-0.961853 0.493293
-0.96163 0.493469

-0.96163 0.493469
-0.961548 0.493533

-0.961548 0.493534
-0.961245 0.493774

-0.961244 0.493774
-0.961243 0.493776

-0.961243 0.493776
-0.960938 0.494018

-0.960938 0.494018
-0.960859 0.49408

-0.96086 0.49408
-0.960632 0.49426

-0.960632 0.49426
-0.960473 0.494385

-0.960475 0.494385
-0.960327 0.4945

-0.960327 0.494501
-0.960089 0.49469

-0.960088 0.49469
-0.960022 0.494742

-0.960022 0.494743
-0.959717 0.494984

-0.959717 0.494985
-0.959703 0.494995

-0.959703 0.494995
-0.959412 0.495226

-0.959412 0.495226
-0.959317 0.4953

-0.959318 0.4953
-0.959106 0.495468

-0.959106 0.495468
-0.958932 0.495605

-0.958933 0.495605
-0.958801 0.495708

-0.958801 0.495709
-0.958547 0.495911

-0.958546 0.495911
-0.958496 0.49595

-0.958496 0.495951
-0.958191 0.496192

-0.958191 0.496192
-0.958161 0.496216

-0.958161 0.496216
-0.957886 0.496433

-0.957886 0.496434
-0.957774 0.496521

-0.957775 0.496521
-0.957581 0.496675

-0.957581 0.496675
-0.957389 0.496826

-0.95739 0.496826
-0.957275 0.496915

-0.957275 0.496916
-0.957003 0.497131

-0.957002 0.497131
-0.95697 0.497157

-0.95697 0.497157
-0.956665 0.497399

-0.956665 0.497399
-0.956617 0.497437

-0.956617 0.497437
-0.95636 0.49764

-0.95636 0.497641
-0.95623 0.497742

-0.956232 0.497742
-0.956055 0.497881

-0.956055 0.497881
-0.955845 0.498047

-0.955845 0.498047
-0.95575 0.498121

-0.95575 0.498122
-0.955459 0.498352

-0.955458 0.498352
-0.955444 0.498363

-0.955444 0.498363
-0.955139 0.498604

-0.955139 0.498605
-0.955072 0.498657

-0.955072 0.498657
-0.954834 0.498845

-0.954834 0.498846
-0.954685 0.498962

-0.954687 0.498962
-0.954529 0.499086

-0.954529 0.499087
-0.9543 0.499268

-0.954299 0.499268
-0.954224 0.499327

-0.954224 0.499327
-0.953918 0.499568

-0.953918 0.499568
-0.953913 0.499573

-0.953913 0.499573
-0.953613 0.499809

-0.953613 0.49981
-0.953526 0.499878

-0.953526 0.499878
-0.953308 0.50005

-0.953308 0.500051
-0.953139 0.500183

-0.953141 0.500183
-0.953003 0.50029

-0.953003 0.500291
-0.952753 0.500488

-0.952752 0.500488
-0.952698 0.500531

-0.952698 0.500532
-0.952393 0.500773

-0.952393 0.500773
-0.952366 0.500793

-0.952366 0.500793
-0.952087 0.501013

-0.952087 0.501014
-0.951978 0.501099

-0.95198 0.501099
-0.951782 0.501254

-0.951782 0.501254
-0.951592 0.501404

-0.951593 0.501404
-0.951477 0.501494

-0.951477 0.501495
-0.951205 0.501709

-0.951205 0.501709
-0.951172 0.501735

-0.951172 0.501735
-0.950867 0.501976

-0.950867 0.501976
-0.950818 0.502014

-0.950818 0.502014
-0.950562 0.502217

-0.950562 0.502217
-0.95043 0.502319

-0.950432 0.502319
-0.950256 0.502457

-0.950256 0.502457
-0.950044 0.502625

-0.950044 0.502625
-0.949951 0.502697

-0.949951 0.502698
-0.949657 0.50293

-0.949656 0.50293
-0.949646 0.502938

-0.949646 0.502938
-0.949341 0.503179

-0.949341 0.503179
-0.949269 0.503235

-0.949269 0.503235
-0.949036 0.503419

-0.949036 0.50342
-0.948881 0.50354

-0.948883 0.50354
-0.94873 0.503658

-0.94873 0.503659
-0.948495 0.503845

-0.948494 0.503845
-0.948425 0.503899

-0.948425 0.5039
-0.94812 0.50414

-0.94812 0.50414
-0.948107 0.50415

-0.948107 0.50415
-0.947815 0.50438

-0.947815 0.504381
-0.947718 0.504456

-0.947719 0.504456
-0.94751 0.50462

-0.94751 0.504621
-0.947331 0.504761

-0.947332 0.504761
-0.947205 0.504859

-0.947205 0.504861
-0.946944 0.505066

-0.946943 0.505066
-0.946899 0.5051

-0.946899 0.505101
-0.946594 0.505341

-0.946594 0.505341
-0.946556 0.505371

-0.946556 0.505371
-0.946289 0.505581

-0.946289 0.505582
-0.946167 0.505676

-0.946168 0.505676
-0.945984 0.505821

-0.945984 0.505821
-0.94578 0.505981

-0.94578 0.505981
-0.945679 0.50606

-0.945679 0.506061
-0.945392 0.506287

-0.945391 0.506287
-0.945374 0.5063

-0.945374 0.506301
-0.945068 0.506541

-0.945068 0.506541
-0.945003 0.506592

-0.945004 0.506592
-0.944763 0.506781

-0.944763 0.506782
-0.944615 0.506897

-0.944616 0.506897
-0.944458 0.50702

-0.944458 0.507021
-0.944228 0.507202

-0.944227 0.507202
-0.944153 0.50726

-0.944153 0.507261
-0.943848 0.507501

-0.943848 0.507501
-0.943839 0.507507

-0.943839 0.507507
-0.943542 0.50774

-0.943542 0.507741
-0.94345 0.507812

-0.943451 0.507812
-0.943237 0.50798

-0.943237 0.507981
-0.943062 0.508118

-0.943063 0.508118
-0.942932 0.508219

-0.942932 0.50822
-0.942674 0.508423

-0.942673 0.508423
-0.942627 0.508459

-0.942627 0.50846
-0.942322 0.508699

-0.942322 0.508699
-0.942285 0.508728

-0.942285 0.508728
-0.942017 0.508939

-0.942017 0.50894
-0.941895 0.509033

-0.941897 0.509033
-0.941711 0.509178

-0.941711 0.509179
-0.941508 0.509338

-0.941508 0.509338
-0.941406 0.509417

-0.941406 0.509418
-0.941119 0.509644

-0.941118 0.509644
-0.941101 0.509657

-0.941101 0.509658
-0.940796 0.509897

-0.940796 0.509897
-0.94073 0.509949

-0.94073 0.509949
-0.940491 0.510137

-0.940491 0.510137
-0.94034 0.510254

-0.940342 0.510254
-0.940186 0.510375

-0.940186 0.510376
-0.939952 0.510559

-0.939952 0.510559
-0.93988 0.510614

-0.93988 0.510615
-0.939575 0.510855

-0.939575 0.510855
-0.939563 0.510864

-0.939563 0.510864
-0.93927 0.511094

-0.93927 0.511094
-0.939173 0.511169

-0.939174 0.511169
-0.938965 0.511333

-0.938965 0.511334
-0.938784 0.511475

-0.938785 0.511475
-0.93866 0.511571

-0.93866 0.511573
-0.938395 0.51178

-0.938395 0.51178
-0.938354 0.511811

-0.938354 0.511812
-0.938049 0.512051

-0.938049 0.512051
-0.938006 0.512085

-0.938006 0.512085
-0.937744 0.51229

-0.937744 0.512291
-0.937615 0.51239

-0.937617 0.51239
-0.937439 0.512529

-0.937439 0.51253
-0.937227 0.512695

-0.937227 0.512695
-0.937134 0.512767

-0.937134 0.512768
-0.936838 0.513

-0.936837 0.513
-0.936829 0.513007

-0.936829 0.513008
-0.936523 0.513247

-0.936523 0.513247
-0.936448 0.513306

-0.936448 0.513306
-0.936218 0.513486

-0.936218 0.513486
-0.936058 0.513611

-0.936059 0.513611
-0.935913 0.513724

-0.935913 0.513725
-0.935669 0.513916

-0.935668 0.513916
-0.935608 0.513963

-0.935608 0.513964
-0.935303 0.514202

-0.935303 0.514202
-0.935279 0.514221

-0.935279 0.514221
-0.934998 0.514441

-0.934998 0.514442
-0.934888 0.514526

-0.934889 0.514526
-0.934692 0.51468

-0.934692 0.514681
-0.934499 0.514832

-0.934499 0.514832
-0.934387 0.514918

-0.934387 0.514919
-0.934109 0.515137

-0.934108 0.515137
-0.934082 0.515157

-0.934082 0.515158
-0.933777 0.515397

-0.933777 0.515397
-0.933719 0.515442

-0.933719 0.515442
-0.933472 0.515635

-0.933472 0.515636
-0.933328 0.515747

-0.933329 0.515747
-0.933167 0.515873

-0.933167 0.515874
-0.932939 0.516052

-0.932938 0.516052
-0.932861 0.516112

-0.932861 0.516113
-0.932556 0.516351

-0.932556 0.516351
-0.932548 0.516357

-0.932548 0.516357
-0.932251 0.51659

-0.932251 0.51659
-0.932157 0.516663

-0.932158 0.516663
-0.931946 0.516828

-0.931946 0.516829
-0.931767 0.516968

-0.931768 0.516968
-0.931641 0.517066

-0.931641 0.517067
-0.931377 0.517273

-0.931376 0.517273
-0.931335 0.517305

-0.931335 0.517305
-0.93103 0.517544

-0.93103 0.517544
-0.930986 0.517578

-0.930987 0.517578
-0.930725 0.517782

-0.930725 0.517783
-0.930595 0.517883

-0.930596 0.517883
-0.93042 0.51802

-0.93042 0.518021
-0.930206 0.518188

-0.930205 0.518188
-0.930115 0.518258

-0.930115 0.518259
-0.929815 0.518494

-0.929814 0.518494
-0.92981 0.518497

-0.92981 0.518498
-0.929504 0.518736

-0.929504 0.518736
-0.929423 0.518799

-0.929424 0.518799
-0.929199 0.518974

-0.929199 0.518975
-0.929032 0.519104

-0.929034 0.519104
-0.928894 0.519211

-0.928894 0.519213
-0.928642 0.519409

-0.928641 0.519409
-0.928589 0.51945

-0.928589 0.519451
-0.928284 0.519689

-0.928284 0.519689
-0.928251 0.519714

-0.928251 0.519714
-0.927979 0.519927

-0.927979 0.519928
-0.927859 0.52002

-0.92786 0.52002
-0.927673 0.520165

-0.927673 0.520165
-0.927469 0.520325

-0.927469 0.520325
-0.927368 0.520402

-0.927368 0.520403
-0.927078 0.52063

-0.927077 0.52063
-0.927063 0.520641

-0.927063 0.520641
-0.926758 0.520879

-0.926758 0.52088
-0.926686 0.520935

-0.926686 0.520935
-0.926453 0.521117

-0.926453 0.521118
-0.926294 0.52124

-0.926296 0.52124
-0.926147 0.521355

-0.926147 0.521356
-0.925904 0.521545

-0.925903 0.521545
-0.925842 0.521593

-0.925842 0.521593
-0.925537 0.521831

-0.925537 0.521831
-0.925512 0.521851

-0.925512 0.521851
-0.925232 0.522069

-0.925232 0.52207
-0.92512 0.522156

-0.925121 0.522156
-0.924927 0.522307

-0.924927 0.522307
-0.924729 0.522461

-0.92473 0.522461
-0.924622 0.522544

-0.924622 0.522545
-0.924338 0.522766

-0.924337 0.522766
-0.924316 0.522782

-0.924316 0.522783
-0.924011 0.52302

-0.924011 0.523021
-0.923946 0.523071

-0.923946 0.523071
-0.923706 0.523258

-0.923706 0.523259
-0.923553 0.523376

-0.923555 0.523376
-0.923401 0.523495

-0.923401 0.523496
-0.923163 0.523682

-0.923162 0.523682
-0.923096 0.523733

-0.923096 0.523734
-0.922791 0.523971

-0.922791 0.523971
-0.92277 0.523987

-0.922771 0.523987
-0.922485 0.524209

-0.922485 0.524209
-0.922378 0.524292

-0.922379 0.524292
-0.92218 0.524446

-0.92218 0.524447
-0.921987 0.524597

-0.921987 0.524597
-0.921875 0.524683

-0.921875 0.524684
-0.921595 0.524902

-0.921594 0.524902
-0.92157 0.524921

-0.92157 0.524922
-0.921265 0.525159

-0.921265 0.525159
-0.921202 0.525208

-0.921202 0.525208
-0.920959 0.525397

-0.920959 0.525397
-0.920809 0.525513

-0.920811 0.525513
-0.920654 0.525633

-0.920654 0.525634
-0.920418 0.525818

-0.920418 0.525818
-0.920349 0.525871

-0.920349 0.525871
-0.920044 0.526109

-0.920044 0.526109
-0.920026 0.526123

-0.920026 0.526123
-0.919739 0.526346

-0.919739 0.526347
-0.919632 0.526428

-0.919633 0.526428
-0.919434 0.526583

-0.919434 0.526584
-0.919241 0.526733

-0.919241 0.526733
-0.919128 0.52682

-0.919128 0.526821
-0.918848 0.527039

-0.918848 0.527039
-0.918823 0.527057

-0.918823 0.527058
-0.918518 0.527295

-0.918518 0.527296
-0.918455 0.527344

-0.918456 0.527344
-0.918213 0.527533

-0.918213 0.527533
-0.918062 0.527649

-0.918064 0.527649
-0.917908 0.527769

-0.917908 0.52777
-0.917671 0.527954

-0.91767 0.527954
-0.917603 0.528006

-0.917603 0.528007
-0.917297 0.528244

-0.917297 0.528244
-0.917278 0.528259

-0.917278 0.528259
-0.916992 0.528481

-0.916992 0.528482
-0.916884 0.528564

-0.916885 0.528564
-0.916687 0.528718

-0.916687 0.528719
-0.916492 0.52887

-0.916493 0.52887
-0.916382 0.528954

-0.916382 0.528955
-0.916099 0.529175

-0.916099 0.529175
-0.916077 0.529192

-0.916077 0.529192
-0.915771 0.529429

-0.915771 0.52943
-0.915706 0.52948

-0.915706 0.52948
-0.915466 0.529666

-0.915466 0.529667
-0.915312 0.529785

-0.915314 0.529785
-0.915161 0.529902

-0.915161 0.529903
-0.91492 0.53009

-0.91492 0.53009
-0.914856 0.530139

-0.914856 0.53014
-0.914551 0.530377

-0.914551 0.530377
-0.914527 0.530396

-0.914527 0.530396
-0.914246 0.530614

-0.914246 0.530614
-0.914133 0.530701

-0.914134 0.530701
-0.91394 0.530851

-0.91394 0.530851
-0.913741 0.531006

-0.913741 0.531006
-0.913635 0.531086

-0.913635 0.531087
-0.913347 0.531311

-0.913346 0.531311
-0.91333 0.531324

-0.91333 0.531324
-0.913025 0.531561

-0.913025 0.531561
-0.912953 0.531616

-0.912954 0.531616
-0.91272 0.531798

-0.91272 0.531798
-0.912559 0.531921

-0.912561 0.531921
-0.912415 0.532033

-0.912415 0.532034
-0.912167 0.532227

-0.912166 0.532227
-0.912109 0.53227

-0.912109 0.532271
-0.911804 0.532508

-0.911804 0.532508
-0.911773 0.532532

-0.911773 0.532532
-0.911499 0.532744

-0.911499 0.532745
-0.911378 0.532837

-0.91138 0.532837
-0.911194 0.532981

-0.911194 0.532981
-0.910986 0.533142

-0.910986 0.533142
-0.910889 0.533216

-0.910889 0.533217
-0.910592 0.533447

-0.910591 0.533447
-0.910583 0.533453

-0.910583 0.533454
-0.910278 0.53369

-0.910278 0.533691
-0.910197 0.533752

-0.910198 0.533752
-0.909973 0.533927

-0.909973 0.533927
-0.909804 0.534058

-0.909805 0.534058
-0.909668 0.534162

-0.909668 0.534163
-0.90941 0.534363

-0.90941 0.534363
-0.909363 0.534399

-0.909363 0.534399
-0.909058 0.534636

-0.909058 0.534636
-0.909016 0.534668

-0.909016 0.534668
-0.908752 0.534872

-0.908752 0.534873
-0.908621 0.534973

-0.908622 0.534973
-0.908447 0.535108

-0.908447 0.535109
-0.908228 0.535278

-0.908228 0.535278
-0.908142 0.535344

-0.908142 0.535345
-0.907837 0.535581

-0.907837 0.535581
-0.907834 0.535583

-0.907834 0.535583
-0.907532 0.535817

-0.907532 0.535818
-0.907439 0.535889

-0.907439 0.535889
-0.907227 0.536053

-0.907227 0.536054
-0.907045 0.536194

-0.907046 0.536194
-0.906921 0.536288

-0.906921 0.53629
-0.906651 0.536499

-0.90665 0.536499
-0.906616 0.536525

-0.906616 0.536526
-0.906311 0.536762

-0.906311 0.536762
-0.906256 0.536804

-0.906256 0.536804
-0.906006 0.536998

-0.906006 0.536999
-0.905861 0.537109

-0.905862 0.537109
-0.905701 0.537233

-0.905701 0.537234
-0.905467 0.537415

-0.905467 0.537415
-0.905396 0.537469

-0.905396 0.53747
-0.90509 0.537706

-0.90509 0.537706
-0.905073 0.53772

-0.905073 0.53772
-0.904785 0.537942

-0.904785 0.537943
-0.904677 0.538025

-0.904678 0.538025
-0.90448 0.538178

-0.90448 0.538178
-0.904283 0.53833

-0.904284 0.53833
-0.904175 0.538413

-0.904175 0.538414
-0.903888 0.538635

-0.903888 0.538635
-0.90387 0.538649

-0.90387 0.53865
-0.903564 0.538886

-0.903564 0.538886
-0.903493 0.53894

-0.903494 0.53894
-0.903259 0.539121

-0.903259 0.539122
-0.903098 0.539246

-0.903099 0.539246
-0.902954 0.539356

-0.902954 0.539357
-0.902704 0.539551

-0.902703 0.539551
-0.902649 0.539592

-0.902649 0.539593
-0.902344 0.539829

-0.902344 0.539829
-0.902308 0.539856

-0.902309 0.539856
-0.902039 0.540065

-0.902039 0.540065
-0.901912 0.540161

-0.901914 0.540161
-0.901733 0.5403

-0.901733 0.5403
-0.901519 0.540466

-0.901518 0.540466
-0.901428 0.540535

-0.901428 0.540536
-0.901123 0.540771

-0.901123 0.540772
-0.900818 0.541007

-0.900818 0.541008
-0.900727 0.541077

-0.900728 0.541077
-0.900513 0.541243

-0.900513 0.541243
-0.900332 0.541382

-0.900334 0.541382
-0.900208 0.541477

-0.900208 0.541478
-0.899937 0.541687

-0.899936 0.541687
-0.899902 0.541713

-0.899902 0.541714
-0.899597 0.541949

-0.899597 0.54195
-0.899541 0.541992

-0.899542 0.541992
-0.899292 0.542185

-0.899292 0.542186
-0.899145 0.542297

-0.899147 0.542297
-0.898987 0.54242

-0.898987 0.54242
-0.898751 0.542603

-0.89875 0.542603
-0.898682 0.542655

-0.898682 0.542656
-0.898376 0.542891

-0.898376 0.542891
-0.898355 0.542908

-0.898355 0.542908
-0.898071 0.543127

-0.898071 0.543127
-0.897958 0.543213

-0.897959 0.543213
-0.897766 0.543362

-0.897766 0.543362
-0.897564 0.543518

-0.897564 0.543518
-0.897461 0.543596

-0.897461 0.543597
-0.897168 0.543823

-0.897167 0.543823
-0.897156 0.543832

-0.897156 0.543832
-0.896851 0.544068

-0.896851 0.544068
-0.896771 0.544128

-0.896772 0.544128
-0.896545 0.544303

-0.896545 0.544303
-0.896376 0.544434

-0.896377 0.544434
-0.89624 0.544537

-0.89624 0.544538
-0.89598 0.544739

-0.895979 0.544739
-0.895935 0.544773

-0.895935 0.544773
-0.89563 0.545009

-0.89563 0.545009
-0.895584 0.545044

-0.895584 0.545044
-0.895325 0.545244

-0.895325 0.545244
-0.895187 0.545349

-0.895188 0.545349
-0.89502 0.545478

-0.89502 0.545479
-0.894792 0.545654

-0.894792 0.545654
-0.894714 0.545713

-0.894714 0.545714
-0.894409 0.545949

-0.894409 0.545949
-0.894396 0.545959

-0.894396 0.545959
-0.894104 0.546184

-0.894104 0.546185
-0.893998 0.546265

-0.893999 0.546265
-0.893799 0.546419

-0.893799 0.546419
-0.893603 0.54657

-0.893604 0.54657
-0.893494 0.546653

-0.893494 0.546654
-0.893207 0.546875

-0.893206 0.546875
-0.893188 0.546888

-0.893188 0.546889
-0.892883 0.547124

-0.892883 0.547124
-0.89281 0.54718

-0.89281 0.54718
-0.892578 0.547359

-0.892578 0.547359
-0.892413 0.547485

-0.892415 0.547485
-0.892273 0.547593

-0.892273 0.547594
-0.892017 0.547791

-0.892017 0.547791
-0.891968 0.547828

-0.891968 0.547828
-0.891663 0.548063

-0.891663 0.548063
-0.89162 0.548096

-0.891621 0.548096
-0.891357 0.548298

-0.891357 0.548299
-0.891223 0.548401

-0.891224 0.548401
-0.891052 0.548533

-0.891052 0.548533
-0.890827 0.548706

-0.890827 0.548706
-0.890747 0.548767

-0.890747 0.548768
-0.890442 0.549002

-0.890442 0.549002
-0.89043 0.549011

-0.89043 0.549011
-0.890137 0.549237

-0.890137 0.549238
-0.890033 0.549316

-0.890034 0.549316
-0.889832 0.549472

-0.889832 0.549472
-0.889637 0.549622

-0.889637 0.549622
-0.889526 0.549705

-0.889526 0.549706
-0.88924 0.549927

-0.889239 0.549927
-0.889221 0.54994

-0.889221 0.549941
-0.888916 0.550176

-0.888916 0.550176
-0.888842 0.550232

-0.888843 0.550232
-0.888611 0.55041

-0.888611 0.550411
-0.888445 0.550537

-0.888447 0.550537
-0.888306 0.550644

-0.888306 0.550645
-0.888049 0.550842

-0.888048 0.550842
-0.888 0.550878

-0.888 0.550879
-0.887695 0.551114

-0.887695 0.551114
-0.887651 0.551147

-0.887651 0.551147
-0.88739 0.551348

-0.88739 0.551349
-0.887253 0.551453

-0.887255 0.551453
-0.887085 0.551582

-0.887085 0.551583
-0.886857 0.551758

-0.886857 0.551758
-0.88678 0.551816

-0.88678 0.551817
-0.886475 0.552051

-0.886475 0.552051
-0.88646 0.552063

-0.88646 0.552063
-0.886169 0.552286

-0.886169 0.552286
-0.886061 0.552368

-0.886062 0.552368
-0.885864 0.55252

-0.885864 0.55252
-0.885665 0.552673

-0.885665 0.552673
-0.885559 0.552753

-0.885559 0.552754
-0.885267 0.552979

-0.885267 0.552979
-0.885254 0.552988

-0.885254 0.552989
-0.884949 0.553223

-0.884949 0.553223
-0.884869 0.553284

-0.88487 0.553284
-0.884644 0.553457

-0.884644 0.553458
-0.884472 0.553589

-0.884473 0.553589
-0.884338 0.553691

-0.884338 0.553692
-0.884075 0.553894

-0.884074 0.553894
-0.884033 0.553925

-0.884033 0.553926
-0.883728 0.55416

-0.883728 0.55416
-0.883676 0.554199

-0.883677 0.554199
-0.883423 0.554394

-0.883423 0.554395
-0.883278 0.554504

-0.88328 0.554504
-0.883118 0.554628

-0.883118 0.554628
-0.882881 0.55481

-0.882881 0.55481
-0.882812 0.554861

-0.882812 0.554862
-0.882507 0.555096

-0.882507 0.555096
-0.882483 0.555115

-0.882483 0.555115
-0.882202 0.55533

-0.882202 0.555331
-0.882084 0.55542

-0.882086 0.55542
-0.881897 0.555564

-0.881897 0.555565
-0.881688 0.555725

-0.881688 0.555725
-0.881592 0.555797

-0.881592 0.555798
-0.881289 0.55603

-0.881289 0.55603
-0.881287 0.556032

-0.881287 0.556032
-0.880981 0.556266

-0.880981 0.556267
-0.88089 0.556335

-0.880891 0.556335
-0.880676 0.5565

-0.880676 0.556501
-0.880493 0.556641

-0.880494 0.556641
-0.880371 0.556733

-0.880371 0.556734
-0.880095 0.556946

-0.880094 0.556946
-0.880066 0.556967

-0.880066 0.556968
-0.879761 0.557202

-0.879761 0.557202
-0.879696 0.557251

-0.879697 0.557251
-0.879456 0.557436

-0.879456 0.557436
-0.879298 0.557556

-0.879299 0.557556
-0.87915 0.557669

-0.87915 0.55767
-0.8789 0.557861

-0.8789 0.557861
-0.878845 0.557902

-0.878845 0.557903
-0.87854 0.558137

-0.87854 0.558137
-0.878501 0.558167

-0.878502 0.558167
-0.878235 0.558371

-0.878235 0.558372
-0.878102 0.558472

-0.878104 0.558472
-0.87793 0.558604

-0.87793 0.558605
-0.877705 0.558777

-0.877705 0.558777
-0.877625 0.558837

-0.877625 0.558838
-0.877319 0.559072

-0.877319 0.559072
-0.877306 0.559082

-0.877306 0.559082
-0.877014 0.559306

-0.877014 0.559306
-0.876906 0.559387

-0.876908 0.559387
-0.876709 0.559539

-0.876709 0.559539
-0.876509 0.559692

-0.876509 0.559692
-0.876404 0.559772

-0.876404 0.559773
-0.87611 0.559998

-0.87611 0.559998
-0.876099 0.560006

-0.876099 0.560006
-0.875793 0.56024

-0.875793 0.56024
-0.875711 0.560303

-0.875711 0.560303
-0.875488 0.560473

-0.875488 0.560474
-0.875312 0.560608

-0.875313 0.560608
-0.875183 0.560706

-0.875183 0.560707
-0.874914 0.560913

-0.874913 0.560913
-0.874878 0.56094

-0.874878 0.56094
-0.874573 0.561174

-0.874573 0.561174
-0.874514 0.561218

-0.874515 0.561218
-0.874268 0.561407

-0.874268 0.561408
-0.874115 0.561523

-0.874116 0.561523
-0.873962 0.56164

-0.873962 0.561641
-0.873717 0.561829

-0.873716 0.561829
-0.873657 0.561873

-0.873657 0.561874
-0.873352 0.562107

-0.873352 0.562108
-0.873317 0.562134

-0.873318 0.562134
-0.873047 0.562341

-0.873047 0.562342
-0.872917 0.562439

-0.872919 0.562439
-0.872742 0.562574

-0.872742 0.562574
-0.872519 0.562744

-0.872519 0.562744
-0.872437 0.562806

-0.872437 0.562807
-0.872131 0.563041

-0.872131 0.563041
-0.87212 0.563049

-0.87212 0.563049
-0.871826 0.563274

-0.871826 0.563275
-0.87172 0.563354

-0.871721 0.563354
-0.871521 0.563507

-0.871521 0.563507
-0.871322 0.56366

-0.871322 0.56366
-0.871216 0.563739

-0.871216 0.56374
-0.870922 0.563965

-0.870921 0.563965
-0.870911 0.563973

-0.870911 0.563974
-0.870605 0.564207

-0.870605 0.564207
-0.870522 0.56427

-0.870523 0.56427
-0.8703 0.56444

-0.8703 0.56444
-0.870123 0.564575

-0.870124 0.564575
-0.869995 0.564672

-0.869995 0.564673
-0.869724 0.56488

-0.869723 0.56488
-0.86969 0.564905

-0.86969 0.564906
-0.869385 0.565139

-0.869385 0.565139
-0.869324 0.565186

-0.869324 0.565186
-0.86908 0.565372

-0.86908 0.565373
-0.868924 0.565491

-0.868925 0.565491
-0.868774 0.565605

-0.868774 0.565605
-0.868525 0.565796

-0.868524 0.565796
-0.868469 0.565837

-0.868469 0.565838
-0.868164 0.566071

-0.868164 0.566071
-0.868125 0.566101

-0.868125 0.566101
-0.867859 0.566304

-0.867859 0.566305
-0.867724 0.566406

-0.867725 0.566406
-0.867554 0.566537

-0.867554 0.566537
-0.867325 0.566711

-0.867325 0.566711
-0.867249 0.566769

-0.867249 0.56677
-0.866943 0.567003

-0.866943 0.567003
-0.866925 0.567017

-0.866925 0.567017
-0.866638 0.567236

-0.866638 0.567236
-0.866524 0.567322

-0.866526 0.567322
-0.866333 0.567469

-0.866333 0.567469
-0.866126 0.567627

-0.866126 0.567627
-0.866028 0.5677

-0.866028 0.567701
-0.865725 0.567932

-0.865725 0.567932
-0.865723 0.567934

-0.865723 0.567934
-0.865417 0.568167

-0.865417 0.568167
-0.865324 0.568237

-0.865325 0.568237
-0.865112 0.5684

-0.865112 0.5684
-0.864925 0.568542

-0.864926 0.568542
-0.864807 0.568631

-0.864807 0.568632
-0.864525 0.568848

-0.864524 0.568848
-0.864502 0.568865

-0.864502 0.568865
-0.864197 0.569098

-0.864197 0.569098
-0.864124 0.569153

-0.864125 0.569153
-0.863892 0.569331

-0.863892 0.569331
-0.863724 0.569458

-0.863725 0.569458
-0.863586 0.569562

-0.863586 0.569563
-0.863324 0.569763

-0.863323 0.569763
-0.863281 0.569795

-0.863281 0.569796
-0.862976 0.570028

-0.862976 0.570029
-0.862923 0.570068

-0.862924 0.570068
-0.862671 0.570261

-0.862671 0.570261
-0.862522 0.570374

-0.862524 0.570374
-0.862366 0.570493

-0.862366 0.570494
-0.862123 0.570679

-0.862122 0.570679
-0.862061 0.570725

-0.862061 0.570726
-0.861755 0.570959

-0.861755 0.570959
-0.861722 0.570984

-0.861722 0.570984
-0.86145 0.571191

-0.86145 0.571192
-0.86132 0.571289

-0.861322 0.571289
-0.861145 0.571423

-0.861145 0.571424
-0.860921 0.571594

-0.860921 0.571594
-0.86084 0.571655

-0.86084 0.571656
-0.860535 0.571888

-0.860535 0.571888
-0.86052 0.571899

-0.86052 0.571899
-0.860229 0.572121

-0.860229 0.572122
-0.860118 0.572205

-0.86012 0.572205
-0.859924 0.572353

-0.859924 0.572353
-0.859719 0.57251

-0.859719 0.57251
-0.859619 0.572585

-0.859619 0.572586
-0.859318 0.572815

-0.859318 0.572815
-0.859314 0.572818

-0.859314 0.572818
-0.859009 0.57305

-0.859009 0.573051
-0.858916 0.57312

-0.858917 0.57312
-0.858704 0.573283

-0.858704 0.573283
-0.858516 0.573425

-0.858517 0.573425
-0.858398 0.573514

-0.858398 0.573515
-0.858115 0.57373

-0.858115 0.57373
-0.858093 0.573747

-0.858093 0.573747
-0.857788 0.573979

-0.857788 0.57398
-0.857714 0.574036

-0.857714 0.574036
-0.857483 0.574212

-0.857483 0.574212
-0.857313 0.574341

-0.857314 0.574341
-0.857178 0.574443

-0.857178 0.574444
-0.856912 0.574646

-0.856911 0.574646
-0.856873 0.574675

-0.856873 0.574676
-0.856567 0.574908

-0.856567 0.574908
-0.85651 0.574951

-0.856511 0.574951
-0.856262 0.57514

-0.856262 0.575141
-0.856109 0.575256

-0.85611 0.575256
-0.855957 0.575372

-0.855957 0.575372
-0.855708 0.575562

-0.855708 0.575562
-0.855652 0.575604

-0.855652 0.575604
-0.855347 0.575837

-0.855347 0.575837
-0.855307 0.575867

-0.855307 0.575867
-0.855042 0.576069

-0.855042 0.576069
-0.854905 0.576172

-0.854906 0.576172
-0.854736 0.5763

-0.854736 0.576301
-0.854505 0.576477

-0.854504 0.576477
-0.854431 0.576532

-0.854431 0.576533
-0.854126 0.576765

-0.854126 0.576765
-0.854103 0.576782

-0.854103 0.576782
-0.853821 0.576997

-0.853821 0.576997
-0.8537 0.577087

-0.853702 0.577087
-0.853516 0.577229

-0.853516 0.577229
-0.8533 0.577393

-0.8533 0.577393
-0.85321 0.577459

-0.85321 0.577461
-0.852905 0.577692

-0.852905 0.577692
-0.852898 0.577698

-0.852898 0.577698
-0.8526 0.577924

-0.8526 0.577925
-0.852496 0.578003

-0.852497 0.578003
-0.852295 0.578156

-0.852295 0.578156
-0.852095 0.578308

-0.852096 0.578308
-0.85199 0.578387

-0.85199 0.578388
-0.851693 0.578613

-0.851693 0.578613
-0.851685 0.57862

-0.851685 0.57862
-0.851379 0.578852

-0.851379 0.578852
-0.851291 0.578918

-0.851292 0.578918
-0.851074 0.579084

-0.851074 0.579084
-0.85089 0.579224

-0.850891 0.579224
-0.850769 0.579314

-0.850769 0.579315
-0.850488 0.579529

-0.850487 0.579529
-0.850464 0.579546

-0.850464 0.579547
-0.850159 0.579779

-0.850159 0.579779
-0.850085 0.579834

-0.850086 0.579834
-0.849854 0.580011

-0.849854 0.580011
-0.849684 0.580139

-0.849685 0.580139
-0.849548 0.580241

-0.849548 0.580242
-0.849282 0.580444

-0.849282 0.580444
-0.849243 0.580473

-0.849243 0.580474
-0.848938 0.580706

-0.848938 0.580706
-0.84888 0.58075

-0.84888 0.58075
-0.848633 0.580937

-0.848633 0.580938
-0.848477 0.581055

-0.848479 0.581055
-0.848328 0.581168

-0.848328 0.581169
-0.848076 0.58136

-0.848075 0.58136
-0.848022 0.5814

-0.848022 0.5814
-0.847717 0.581632

-0.847717 0.581632
-0.847674 0.581665

-0.847674 0.581665
-0.847412 0.581864

-0.847412 0.581864
-0.847271 0.58197

-0.847272 0.58197
-0.847107 0.582095

-0.847107 0.582095
-0.84687 0.582275

-0.846869 0.582275
-0.846802 0.582326

-0.846802 0.582327
-0.846497 0.582558

-0.846497 0.582558
-0.846467 0.582581

-0.846467 0.582581
-0.846191 0.58279

-0.846191 0.58279
-0.846064 0.582886

-0.846065 0.582886
-0.845886 0.583021

-0.845886 0.583021
-0.845663 0.583191

-0.845662 0.583191
-0.845581 0.583252

-0.845581 0.583253
-0.845276 0.583484

-0.845276 0.583484
-0.84526 0.583496

-0.84526 0.583496
-0.844971 0.583716

-0.844971 0.583716
-0.844856 0.583801

-0.844858 0.583801
-0.844666 0.583947

-0.844666 0.583947
-0.844455 0.584106

-0.844455 0.584106
-0.84436 0.584177

-0.84436 0.584178
-0.844055 0.58441

-0.844055 0.58441
-0.844053 0.584412

-0.844053 0.584412
-0.84375 0.584641

-0.84375 0.584642
-0.843649 0.584717

-0.84365 0.584717
-0.843445 0.584872

-0.843445 0.584873
-0.843248 0.585022

-0.843248 0.585022
-0.84314 0.585103

-0.84314 0.585104
-0.842845 0.585327

-0.842844 0.585327
-0.842834 0.585335

-0.842834 0.585335
-0.842529 0.585566

-0.842529 0.585567
-0.842441 0.585632

-0.842442 0.585632
-0.842224 0.585798

-0.842224 0.585798
-0.842039 0.585938

-0.84204 0.585938
-0.841919 0.586028

-0.841919 0.586029
-0.841637 0.586243

-0.841636 0.586243
-0.841614 0.586259

-0.841614 0.58626
-0.841309 0.586491

-0.841309 0.586492
-0.841233 0.586548

-0.841234 0.586548
-0.841003 0.586722

-0.841003 0.586723
-0.840831 0.586853

-0.840832 0.586853
-0.840698 0.586953

-0.840698 0.586954
-0.840428 0.587158

-0.840427 0.587158
-0.840393 0.587184

-0.840393 0.587185
-0.840088 0.587416

-0.840088 0.587416
-0.840025 0.587463

-0.840025 0.587463
-0.839783 0.587647

-0.839783 0.587647
-0.839622 0.587769

-0.839623 0.587769
-0.839478 0.587878

-0.839478 0.587878
-0.839219 0.588074

-0.839219 0.588074
-0.839172 0.588108

-0.839172 0.588109
-0.838867 0.58834

-0.838867 0.58834
-0.838816 0.588379

-0.838816 0.588379
-0.838562 0.588571

-0.838562 0.588572
-0.838412 0.588684

-0.838414 0.588684
-0.838257 0.588802

-0.838257 0.588803
-0.83801 0.588989

-0.83801 0.588989
-0.837952 0.589033

-0.837952 0.589033
-0.837646 0.589264

-0.837646 0.589265
-0.837607 0.589294

-0.837607 0.589294
-0.837341 0.589495

-0.837341 0.589496
-0.837203 0.5896

-0.837204 0.5896
-0.837036 0.589726

-0.837036 0.589727
-0.836801 0.589905

-0.8368 0.589905
-0.836731 0.589956

-0.836731 0.589957
-0.836426 0.590188

-0.836426 0.590188
-0.836397 0.59021

-0.836397 0.59021
-0.836121 0.590419

-0.836121 0.59042
-0.835993 0.590515

-0.835994 0.590515
-0.835815 0.59065

-0.835815 0.59065
-0.835591 0.59082

-0.83559 0.59082
-0.83551 0.59088

-0.83551 0.590881
-0.835205 0.591112

-0.835205 0.591112
-0.835187 0.591125

-0.835187 0.591125
-0.8349 0.591343

-0.8349 0.591344
-0.834782 0.591431

-0.834784 0.591431
-0.834595 0.591574

-0.834595 0.591574
-0.83438 0.591736

-0.83438 0.591736
-0.83429 0.591803

-0.83429 0.591804
-0.833984 0.592035

-0.833984 0.592035
-0.833977 0.592041

-0.833977 0.592041
-0.833679 0.592266

-0.833679 0.592267
-0.833572 0.592346

-0.833573 0.592346
-0.833374 0.592497

-0.833374 0.592497
-0.83317 0.592651

-0.83317 0.592651
-0.833069 0.592727

-0.833069 0.592728
-0.832766 0.592957

-0.832766 0.592957
-0.832764 0.592958

-0.832764 0.592958
-0.832458 0.593189

-0.832458 0.59319
-0.832361 0.593262

-0.832363 0.593262
-0.832153 0.59342

-0.832153 0.59342
-0.831959 0.593567

-0.83196 0.593567
-0.831848 0.593649

-0.831848 0.593651
-0.831555 0.593872

-0.831555 0.593872
-0.831543 0.593881

-0.831543 0.593881
-0.831238 0.594112

-0.831238 0.594112
-0.831151 0.594177

-0.831151 0.594177
-0.830933 0.594343

-0.830933 0.594343
-0.830748 0.594482

-0.830749 0.594482
-0.830627 0.594572

-0.830627 0.594573
-0.830344 0.594788

-0.830343 0.594788
-0.830322 0.594803

-0.830322 0.594804
-0.830017 0.595035

-0.830017 0.595035
-0.829939 0.595093

-0.82994 0.595093
-0.829712 0.595265

-0.829712 0.595265
-0.829536 0.595398

-0.829537 0.595398
-0.829407 0.595495

-0.829407 0.595496
-0.829132 0.595703

-0.829132 0.595703
-0.829102 0.595726

-0.829102 0.595726
-0.828796 0.595957

-0.828796 0.595957
-0.828728 0.596008

-0.828728 0.596008
-0.828491 0.596187

-0.828491 0.596188
-0.828324 0.596313

-0.828325 0.596313
-0.828186 0.596417

-0.828186 0.596418
-0.82792 0.596619

-0.82792 0.596619
-0.827881 0.596648

-0.827881 0.596648
-0.827576 0.596879

-0.827576 0.596879
-0.827516 0.596924

-0.827516 0.596924
-0.827271 0.597109

-0.827271 0.59711
-0.827112 0.597229

-0.827113 0.597229
-0.826965 0.597339

-0.826965 0.59734
-0.826708 0.597534

-0.826708 0.597534
-0.82666 0.59757

-0.82666 0.59757
-0.826355 0.597801

-0.826355 0.597801
-0.826304 0.597839

-0.826304 0.597839
-0.82605 0.598031

-0.82605 0.598032
-0.825899 0.598145

-0.8259 0.598145
-0.825745 0.598261

-0.825745 0.598262
-0.825496 0.59845

-0.825495 0.59845
-0.825439 0.598491

-0.825439 0.598492
-0.825134 0.598722

-0.825134 0.598723
-0.825091 0.598755

-0.825091 0.598755
-0.824829 0.598953

-0.824829 0.598953
-0.824686 0.59906

-0.824688 0.59906
-0.824524 0.599183

-0.824524 0.599183
-0.824283 0.599365

-0.824282 0.599365
-0.824219 0.599413

-0.824219 0.599414
-0.823914 0.599644

-0.823914 0.599644
-0.823878 0.59967

-0.823878 0.59967
-0.823608 0.599874

-0.823608 0.599875
-0.823473 0.599976

