-1.66457 0.0
-1.66456 0.000610352

-1.66456 0.000610352
-1.66452 0.0012207

-1.66452 0.0012207
-1.66447 0.00183105

-1.66447 0.00183105
-1.66438 0.00244141

-1.66438 0.00244141
-1.66428 0.00305176

-1.66428 0.00305176
-1.66415 0.00366211

-1.66415 0.00366211
-1.66406 0.00399056

-1.66406 0.00399199
-1.66399 0.00427246

-1.66399 0.00427246
-1.66381 0.00488281

-1.66381 0.00488281
-1.6636 0.00549316

-1.6636 0.00549316
-1.66345 0.00585729

-1.66345 0.00585943
-1.66336 0.00610352

-1.66336 0.00610352
-1.66308 0.00671387

-1.66308 0.00671387
-1.66284 0.00719582

-1.66284 0.00719876
-1.66278 0.00732422

-1.66278 0.00732422
-1.66244 0.00793457

-1.66244 0.00793457
-1.66223 0.00825994

-1.66223 0.00826184
-1.66205 0.00854492

-1.66205 0.00854492
-1.66163 0.00915527

-1.66163 0.00915527
-1.66162 0.00916287

-1.66162 0.00916307
-1.66115 0.00976562

-1.66115 0.00976562
-1.66101 0.00992492

-1.66101 0.00992194
-1.66061 0.010376

-1.66061 0.010376
-1.6604 0.0105927

-1.6604 0.0105909
-1.65999 0.0109863

-1.66 0.0109863
-1.65979 0.0111773

-1.65979 0.0111775
-1.65929 0.0115967

-1.6593 0.0115967
-1.65918 0.0116925

-1.65918 0.011692
-1.65857 0.0121482

-1.65857 0.0121392
-1.65847 0.012207

-1.65848 0.012207
-1.65796 0.0125507

-1.65796 0.0125466
-1.65749 0.0128174

-1.6575 0.0128174
-1.65735 0.0129015

-1.65735 0.0128992
-1.65674 0.0132068

-1.65674 0.0132052
-1.65623 0.0134277

-1.65623 0.0134277
-1.65613 0.013474

-1.65613 0.0134721
-1.65552 0.0136989

-1.65552 0.013698
-1.65491 0.0138868

-1.65491 0.0138856
-1.65431 0.0140381

-1.65431 0.0140381
-1.6543 0.0140426

-1.6543 0.0140297
-1.65425 0.0140381

-1.6543 0.0140423
-1.65369 0.0141625

-1.65369 0.0141607
-1.65308 0.014246

-1.65308 0.0142461
-1.65247 0.0142993

-1.65247 0.0142992
-1.65186 0.0143201

-1.65186 0.0143201
-1.65125 0.014309

-1.65125 0.014309
-1.65063 0.0142657

-1.65063 0.0142658
-1.65002 0.01419

-1.65002 0.0141899
-1.64941 0.0140816

-1.6488 0.0139423
-1.64922 0.0140381

-1.64941 0.0140782
-1.64924 0.0140381

-1.6488 0.0139402
-1.64819 0.013763

-1.64697 0.0133046
-1.64727 0.0134277

-1.64819 0.0137632
-1.64758 0.0135508

-1.64758 0.0135489
-1.64729 0.0134277

-1.64453 0.0118827
-1.645 0.012207

-1.64697 0.0133019
-1.64636 0.013012

-1.64575 0.0126846
-1.646 0.0128174

-1.64636 0.0130107
-1.64601 0.0128174

-1.64575 0.0126807
-1.64514 0.0123039

-1.64514 0.0122962
-1.64501 0.012207

-1.64209 0.00953215
-1.64228 0.00976562

-1.63965 0.00516387
-1.63977 0.00549316

-1.63977 0.00549316
-1.64001 0.00610352

-1.64026 0.00663832
-1.64029 0.00671387

-1.64029 0.00671387
-1.64061 0.00732422

-1.64026 0.00663812
-1.64001 0.00610352

-1.64087 0.00777897
-1.64096 0.00793457

-1.64096 0.00793457
-1.64135 0.00854492

-1.64148 0.00872561
-1.64179 0.00915527

-1.64209 0.00953283
-1.64179 0.00915527

-1.64148 0.00872625
-1.64135 0.00854492

-1.64087 0.00777863
-1.64061 0.00732422

-1.63876 0.0
-1.63877 0.000610352

-1.63877 0.000610352
-1.63881 0.0012207

-1.63881 0.0012207
-1.63887 0.00183105

-1.63887 0.00183105
-1.63895 0.00244141

-1.63904 0.00291431
-1.63906 0.00305176

-1.63906 0.00305176
-1.6392 0.00366211

-1.63904 0.00291409
-1.63895 0.00244141

-1.6392 0.00366211
-1.63936 0.00427246

-1.63936 0.00427246
-1.63955 0.00488281

-1.63965 0.00516311
-1.63955 0.00488281

-1.64331 0.0108546
-1.64345 0.0109863

-1.64392 0.0114019
-1.64417 0.0115967

-1.64453 0.011875
-1.64417 0.0115967

-1.64392 0.0113956
-1.64346 0.0109863

-1.6427 0.010237
-1.64283 0.010376

-1.64331 0.0108522
-1.64283 0.010376

-1.6427 0.0102361
-1.64228 0.00976562

-1.61806 0.0
-1.61782 0.000610352

-1.61785 0.000610352
-1.61768 0.000816419

-1.61768 0.000779695
-1.61707 0.00115413

-1.61707 0.00107755
-1.61646 0.00101118

-1.61646 0.000939259
-1.61584 0.000729087

-1.61523 0.000550583
-1.61547 0.000610352

-1.61584 0.000692327
-1.61547 0.000610352

-1.61523 0.000570844
-1.61462 0.000565665

-1.61462 0.000602631
-1.61401 0.000609789

-1.61401 0.000580933
-1.6134 0.000569891

-1.6134 0.000593353
-1.61279 0.000596983

-1.61279 0.000571816
-1.61218 0.000586269

-1.61218 0.000604447
-1.61203 0.000610352

-1.61157 0.000610203
-1.61096 0.000595594

-1.61096 0.000606251
-1.61035 0.000583772

-1.61035 0.000575758
-1.60974 0.000585081

-1.60974 0.000597299
-1.60918 0.000610352

-1.60913 0.000604681
-1.60852 0.000584469

-1.60852 0.00059336
-1.60791 0.000574883

-1.60791 0.000565925
-1.6073 0.000586269

-1.6073 0.000603665
-1.60669 0.000605267

-1.60669 0.000593348
-1.60608 0.000562049

-1.60608 0.000567131
-1.60547 0.000579203

-1.60547 0.000580712
-1.60486 0.000598828

-1.60486 0.000600705
-1.60425 0.00058186

-1.60425 0.000579406
-1.60364 0.000562443

-1.60364 0.000561918
-1.60303 0.000586722

-1.60303 0.000593794
-1.60242 0.000597662

-1.60242 0.000580772
-1.60181 0.000575606

-1.60181 0.000586181
-1.6012 0.000594942

-1.6012 0.0005808
-1.60059 0.000593099

-1.60059 0.000584865
-1.60019 0.000610352

-1.60016 0.000610352
-1.59998 0.000620602

-1.59998 0.000546697
-1.59973 0.000610352

-1.5999 0.000610352
-1.59937 0.000742792

-1.59937 0.000803484
-1.59875 0.00100977

-1.59875 0.00100404
-1.59814 0.00113152

-1.59814 0.00113452
-1.59753 0.00118866

-1.59753 0.00118323
-1.59692 0.00116884

-1.59692 0.00114968
-1.59631 0.00111595

-1.59631 0.00121778
-1.5957 0.000999379

-1.59559 0.0
-1.59543 0.000610352

-1.59509 0.000835784
-1.59543 0.0012207

-1.59493 0.0
-1.59502 0.000610352

-1.59509 0.00101677
-1.59474 0.000610352

-1.59448 0.000453744
-1.59387 0.000204103

-1.59387 0.000153322
-1.59342 0.0

-1.5932 0.0
-1.59265 0.000556912

-1.59265 0.000395402
-1.59204 0.000345085

-1.59204 0.000455015
-1.59146 0.0

-1.59143 0.000205411
-1.59082 4.96069e-05

-1.59082 0.000187811
-1.59021 0.000138174

-1.59021 0.00029484
-1.58975 0.0

-1.5896 0.000303274
-1.58933 0.0

-1.58841 0.0
-1.58838 0.000519266

-1.58847 0.000610352
-1.58838 0.000927738

-1.58838 0.000854373
-1.5883 0.0012207

-1.58833 0.0012207
-1.58793 0.00183105

-1.58796 0.00183105
-1.58777 0.00202681

-1.58777 0.00199676
-1.58717 0.00244141

-1.58716 0.00238425
-1.58698 0.00244141

-1.5871 0.00244141
-1.58655 0.00262047

-1.58655 0.00260391
-1.58594 0.00263186

-1.58472 0.00223757
-1.58513 0.00244141

-1.58351 0.0
-1.58358 0.000610352

-1.58358 0.000610352
-1.58381 0.0012207

-1.58411 0.00165997
-1.58424 0.00183105

-1.58472 0.00222774
-1.58426 0.00183105

-1.58411 0.00164264
-1.5838 0.0012207

-1.58594 0.00263118
-1.58533 0.00250921

-1.58533 0.00246356
-1.58528 0.00244141

-1.5778 0.0
-1.57739 0.000512691

-1.57739 0.000325973
-1.57678 0.000172065

-1.57664 0.0
-1.57617 0.00027374

-1.57617 0.000276933
-1.57556 0.000565175

-1.57557 0.000610352
-1.57556 0.000610965

-1.57496 0.0
-1.57556 0.000610352

-1.57556 0.000612195
-1.57556 0.000610352

-1.57495 0.000192586
-1.57462 0.0

-1.57418 0.0
-1.57373 0.000510813

-1.57373 0.00022301
-1.57312 0.000472895

-1.57312 0.000356635
-1.57251 0.000356663

-1.57251 0.000547491
-1.5719 0.000148457

-1.5719 0.000320599
-1.5715 0.0

-1.57129 0.0
-1.57068 0.000313913

-1.57068 0.000142605
-1.57007 0.000283252

-1.57007 0.000203337
-1.56946 0.00023231

-1.56946 0.000199517
-1.56885 0.000254042

-1.56885 0.000203544
-1.56824 0.000286686

-1.56824 0.00021962
-1.56763 0.000323724

-1.56763 0.000355139
-1.56702 0.000259702

-1.56702 0.000504148
-1.5665 0.0

-1.56631 0.0
-1.5658 0.0001247

-1.56572 0.0
-1.56519 0.000595318

-1.56519 0.000413587
-1.56458 0.000427763

-1.56458 0.000564791
-1.56399 0.0

-1.56393 0.0
-1.56335 0.000180633

-1.56335 0.000120542
-1.56274 0.000591582

-1.56274 0.000589174
-1.56213 0.000190921

-1.56213 0.000273506
-1.56173 0.0

-1.56142 0.0
-1.56091 0.000511498

-1.56091 0.00036519
-1.5603 0.000427183

-1.5603 0.000580641
-1.55977 0.0

-1.55969 3.81068e-05
-1.55908 6.27845e-05

-1.55906 0.0
-1.55847 0.000545538

-1.55847 0.000533159
-1.55786 0.000128728

-1.55786 0.00017868
-1.55753 0.0

-1.55714 0.0
-1.55664 0.000524629

-1.55664 0.000437316
-1.55603 0.000225071

-1.55603 0.000344126
-1.55567 0.0

-1.55542 0.00034724
-1.55499 0.0

-1.55481 5.14037e-05
-1.55466 0.0

-1.55364 0.0
-1.55366 0.000610352

-1.55392 0.000610352
-1.55359 0.00121351

-1.55359 0.000909786
-1.55316 0.0012207

-1.55298 0.00111599
-1.55237 0.00111834

-1.55237 0.00112911
-1.55176 0.00110413

-1.55176 0.00110708
-1.55115 0.00102734

-1.55115 0.0010443
-1.55054 0.000869969

-1.54993 0.000555158
-1.55009 0.000610352

-1.55054 0.000821571
-1.54993 0.000629842

-1.54932 0.000493733
-1.54975 0.000610352

-1.54993 0.00064369
-1.54974 0.000610352

-1.54932 0.000533296
-1.54871 0.000462366

-1.54871 0.00049794
-1.5481 0.00050252

-1.5481 0.000507976
-1.54749 0.000496848

-1.54749 0.000493976
-1.54688 0.000484228

-1.54688 0.000492752
-1.54626 0.000492574

-1.54626 0.000492162
-1.54565 0.000485687

-1.54565 0.000484845
-1.54504 0.000487529

-1.54504 0.000488133
-1.54443 0.000495085

-1.54443 0.000496088
-1.54382 0.00049019

-1.54382 0.000489788
-1.54321 0.000481634

-1.54321 0.000486025
-1.5426 0.000483945

-1.5426 0.000485959
-1.54199 0.000481303

-1.54199 0.000481365
-1.54138 0.000479293

-1.54138 0.000481541
-1.54077 0.000481576

-1.54077 0.000482587
-1.54016 0.000478141

-1.54016 0.000482121
-1.53955 0.000472106

-1.53955 0.000471693
-1.53894 0.000469004

-1.53894 0.000482364
-1.53833 0.000466485

-1.53833 0.000479167
-1.53772 0.000429772

-1.53772 0.000444748
-1.53711 0.000406503

-1.53711 0.00042293
-1.5365 0.000413985

-1.5365 0.00041751
-1.53589 0.000417328

-1.53589 0.000419554
-1.53528 0.000417029

-1.53528 0.000415718
-1.53467 0.000414517

-1.53467 0.000416781
-1.53406 0.000417617

-1.53406 0.000415209
-1.53345 0.000416547

-1.53345 0.000320905
-1.53284 0.000515929

-1.53284 0.000433043
-1.53259 0.000610352

-1.5326 0.000610352
-1.53223 0.000846617

-1.53223 0.000888531
-1.53186 0.0012207

-1.53195 0.0012207
-1.53162 0.00151356

-1.53162 0.00152828
-1.53111 0.00183105

-1.53103 0.00183105
-1.53101 0.00184355

-1.53101 0.00185725
-1.5304 0.00199925

-1.5304 0.00200167
-1.52979 0.00197711

-1.52917 0.00173239
-1.52944 0.00183105

-1.52979 0.0020078
-1.5293 0.00183105

-1.52917 0.00181212
-1.52856 0.00127225

-1.52812 0.0
-1.52823 0.000610352

-1.52821 0.000610352
-1.52855 0.0012207

-1.52856 0.0012855
-1.52851 0.0012207

-1.50298 0.0
-1.50293 0.000139871

-1.50293 0.000150595
-1.50252 0.000610352

-1.50232 0.000514557
-1.50172 0.000610352

-1.50173 0.000610352
-1.50171 0.000611791

-1.50171 0.000555903
-1.5011 0.000553587

-1.50171 0.000610758
-1.5015 0.000610352

-1.5011 0.000560698
-1.50049 0.00056175

-1.50054 0.000610352
-1.50049 0.000610397

-1.49988 0.000470232
-1.50035 0.000610352

-1.50049 0.000613441
-1.50047 0.000610352

-1.49927 1.76412e-05
-1.49974 0.000610352

-1.49988 0.000633088
-1.49983 0.000610352

-1.49927 9.0243e-05
-1.49921 0.0

-1.49834 0.0
-1.49805 0.000496268

-1.49805 0.000433789
-1.49744 0.000209774

-1.49744 0.000274481
-1.49733 0.0

-1.35156 0.050475
-1.35163 0.0506592

-1.35162 0.0506592
-1.35172 0.0509644

-1.35172 0.0509644
-1.35182 0.0512695

-1.35187 0.0514253
-1.35191 0.0515747

-1.35191 0.0515747
-1.352 0.0518799

-1.35187 0.0514253
-1.35182 0.0512695

-1.352 0.0518799
-1.35209 0.0521851

-1.35209 0.0521851
-1.35217 0.0524902

-1.35217 0.0525106
-1.35225 0.0527954

-1.35225 0.0527954
-1.35232 0.0531006

-1.35232 0.0531006
-1.35239 0.0534058

-1.35239 0.0534058
-1.35246 0.0537109

-1.35217 0.0525107
-1.35217 0.0524902

-1.35278 0.0554394
-1.3528 0.055542

-1.3528 0.055542
-1.35285 0.0558472

-1.35285 0.0558472
-1.35289 0.0561523

-1.35248 0.0538006
-1.35252 0.0540161

-1.35252 0.0540161
-1.35259 0.0543213

-1.35248 0.0538007
-1.35246 0.0537109

-1.35259 0.0543213
-1.35264 0.0546265

-1.35264 0.0546265
-1.3527 0.0549316

-1.3527 0.0549316
-1.35275 0.0552368

-1.35278 0.0554394
-1.35275 0.0552368

-1.35289 0.0561523
-1.35293 0.0564575

-1.35293 0.0564575
-1.35297 0.0567627

-1.35297 0.0567627
-1.353 0.0570679

-1.353 0.0570679
-1.35303 0.057373

-1.35309 0.0579605
-1.35309 0.0579834

-1.35303 0.057373
-1.35306 0.0576782

-1.35309 0.0579605
-1.35306 0.0576782

-1.35309 0.0579834
-1.35311 0.0582886

-1.35311 0.0582886
-1.35314 0.0585938

-1.35314 0.0585938
-1.35316 0.0588989

-1.35316 0.0588989
-1.35317 0.0592041

-1.35317 0.0592041
-1.35319 0.0595093

-1.35319 0.0595093
-1.3532 0.0598145

-1.3532 0.0598145
-1.35321 0.0601196

-1.35321 0.0601196
-1.35321 0.0604248

-1.35321 0.0604248
-1.35322 0.06073

-1.35322 0.06073
-1.35322 0.0610352

-1.35322 0.0610352
-1.35322 0.0613403

-1.35322 0.0613403
-1.35322 0.0616455

-1.35322 0.0616455
-1.35321 0.0619507

-1.35321 0.0619507
-1.35321 0.0622559

-1.35321 0.0622559
-1.3532 0.062561

-1.3532 0.062561
-1.35319 0.0628662

-1.35319 0.0628662
-1.35318 0.0631714

-1.35318 0.0631714
-1.35316 0.0634766

-1.35316 0.0634766
-1.35314 0.0637817

-1.35314 0.0637817
-1.35313 0.0640869

-1.35313 0.0640869
-1.3531 0.0643921

-1.3531 0.0643921
-1.35309 0.0646033

-1.35309 0.0646028
-1.35308 0.0646973

-1.35308 0.0646973
-1.35306 0.0650024

-1.35306 0.0650024
-1.35303 0.0653076

-1.35303 0.0653076
-1.353 0.0656128

-1.353 0.0656128
-1.35297 0.065918

-1.35297 0.065918
-1.35294 0.0662231

-1.35294 0.0662231
-1.3529 0.0665283

-1.3529 0.0665283
-1.35287 0.0668335

-1.35287 0.0668335
-1.35283 0.0671387

-1.35283 0.0671387
-1.35279 0.0674438

-1.35279 0.0674438
-1.35278 0.0674983

-1.35278 0.0674979
-1.35275 0.067749

-1.35275 0.067749
-1.35271 0.0680542

-1.35271 0.0680542
-1.35266 0.0683594

-1.35266 0.0683594
-1.35261 0.0686646

-1.35261 0.0686646
-1.35257 0.0689697

-1.35257 0.0689697
-1.35252 0.0692749

-1.35252 0.0692749
-1.35248 0.0695068

-1.35248 0.0695066
-1.35247 0.0695801

-1.35247 0.0695801
-1.35241 0.0698853

-1.35241 0.0698853
-1.35236 0.0701904

-1.35236 0.0701904
-1.3523 0.0704956

-1.3523 0.0704956
-1.35224 0.0708008

-1.35224 0.0708008
-1.35218 0.071106

-1.35218 0.071106
-1.35217 0.0711658

-1.35217 0.0711654
-1.35212 0.0714111

-1.35212 0.0714111
-1.35206 0.0717163

-1.35206 0.0717163
-1.352 0.0720215

-1.352 0.0720215
-1.35193 0.0723267

-1.35193 0.0723267
-1.35187 0.0726211

-1.35187 0.0726211
-1.35187 0.0726318

-1.35187 0.0726318
-1.3518 0.072937

-1.3518 0.072937
-1.35173 0.0732422

-1.35173 0.0732422
-1.35166 0.0735474

-1.35166 0.0735474
-1.35158 0.0738525

-1.35158 0.0738525
-1.35156 0.0739389

-1.34393 0.0388591
-1.34415 0.0390625

-1.34363 0.0385763
-1.34383 0.0387573

-1.34393 0.038858
-1.34382 0.0387573

-1.34332 0.0382998
-1.34349 0.0384521

-1.34302 0.0380295
-1.34315 0.038147

-1.34332 0.0382979
-1.34315 0.038147

-1.34363 0.0385748
-1.34349 0.0384521

-1.34271 0.0377651
-1.3428 0.0378418

-1.34241 0.0375065
-1.34244 0.0375366

-1.34271 0.0377646
-1.34244 0.0375366

-1.3418 0.0370059
-1.34207 0.0372314

-1.34241 0.0375064
-1.3421 0.0372535

-1.3421 0.0372537
-1.34207 0.0372314

-1.34302 0.0380283
-1.3428 0.0378418

-1.33783 0.0341756
-1.33784 0.0341797

-1.33783 0.0341758
-1.33752 0.0339829

-1.33722 0.033793
-1.33735 0.0338745

-1.33752 0.0339825
-1.33735 0.0338745

-1.33722 0.0337926
-1.33691 0.0336055

-1.34119 0.0365267
-1.34131 0.0366211

-1.34088 0.0362922
-1.34091 0.0363159

-1.34119 0.0365252
-1.34091 0.0363159

-1.34088 0.0362921
-1.34058 0.0360633

-1.33936 0.0351885
-1.33966 0.0354004

-1.34027 0.0358386
-1.3405 0.0360107

-1.33997 0.0356189
-1.34009 0.0357056

-1.34027 0.0358383
-1.34009 0.0357056

-1.34058 0.0360628
-1.3405 0.0360107

-1.33997 0.0356178
-1.33966 0.0354012

-1.33966 0.0354013
-1.33966 0.0354004

-1.34149 0.0367635
-1.3417 0.0369263

-1.3418 0.0370054
-1.3417 0.0369263

-1.34149 0.0367628
-1.34131 0.0366211

-1.33875 0.0347737
-1.33877 0.03479

-1.33905 0.0349793
-1.33922 0.0350952

-1.33936 0.0351881
-1.33922 0.0350952

-1.33905 0.0349789
-1.33877 0.03479

-1.33875 0.0347734
-1.33844 0.034571

-1.33813 0.0343719
-1.33831 0.0344849

-1.33844 0.0345707
-1.33831 0.0344849

-1.33813 0.0343716
-1.33784 0.0341797

-1.33569 0.0328838
-1.33582 0.032959

-1.33661 0.0334212
-1.33685 0.0335693

-1.3363 0.0332399
-1.33634 0.0332642

-1.33661 0.0334209
-1.33635 0.0332642

-1.33691 0.0336053
-1.33685 0.0335693

-1.3363 0.0332394
-1.336 0.0330603

-1.336 0.03306
-1.33582 0.032959

-1.33569 0.0328835
-1.33539 0.0327094

-1.33508 0.0325377
-1.33529 0.0326538

-1.33539 0.0327092
-1.33529 0.0326538

-1.33447 0.0322008
-1.33474 0.0323486

-1.33508 0.0325375
-1.33478 0.0323679

-1.33478 0.0323679
-1.33474 0.0323486

-1.33356 0.0317119
-1.33361 0.0317383

-1.33356 0.0317117
-1.33325 0.0315527

-1.33295 0.0313959
-1.33302 0.0314331

-1.33325 0.0315525
-1.33302 0.0314331

-1.33295 0.0313957
-1.33264 0.0312405

-1.33234 0.0310875
-1.33242 0.0311279

-1.33234 0.0310873
-1.33203 0.0309358

-1.33264 0.0312403
-1.33242 0.0311279

-1.33417 0.0320357
-1.33418 0.0320435

-1.33447 0.0322006
-1.33418 0.0320435

-1.33417 0.0320357
-1.33386 0.0318727

-1.33386 0.0318724
-1.33361 0.0317383

-1.32837 0.0292433
-1.32849 0.0292969

-1.32837 0.0292431
-1.32806 0.0291114

-1.32776 0.0289811
-1.32778 0.0289917

-1.32806 0.0291112
-1.32778 0.0289917

-1.32776 0.028981
-1.32745 0.0288519

-1.32745 0.0288517
-1.32715 0.0287237

-1.32684 0.0285972
-1.32706 0.0286865

-1.32684 0.0285971
-1.32654 0.0284715

-1.32715 0.0287237
-1.32706 0.0286865

-1.32623 0.0283474
-1.32632 0.0283813

-1.32654 0.0284714
-1.32632 0.0283813

-1.32623 0.0283472
-1.32593 0.028224

-1.32532 0.0279808
-1.32556 0.0280762

-1.32532 0.0279807
-1.32501 0.0278607

-1.32471 0.027742
-1.32478 0.027771

-1.32501 0.0278606
-1.32478 0.027771

-1.32593 0.0282238
-1.32562 0.0281017

-1.32562 0.0281016
-1.32556 0.0280762

-1.32227 0.0268257
-1.32235 0.0268555

-1.32471 0.0277418
-1.3244 0.0276239

-1.3244 0.0276238
-1.3241 0.0275069

-1.32379 0.0273911
-1.32399 0.0274658

-1.32379 0.0273911
-1.32349 0.027276

-1.3241 0.0275068
-1.32399 0.0274658

-1.32349 0.027276
-1.32318 0.027162

-1.32288 0.0270491
-1.32318 0.0271606

-1.32318 0.027162
-1.32318 0.0271606

-1.32288 0.027049
-1.32257 0.0269368

-1.32257 0.0269367
-1.32235 0.0268555

-1.33112 0.0304919
-1.33117 0.0305176

-1.33112 0.0304917
-1.33081 0.0303469

-1.33173 0.0307863
-1.3318 0.0308228

-1.33203 0.0309356
-1.3318 0.0308228

-1.33173 0.0307861
-1.33142 0.030638

-1.33142 0.0306378
-1.33117 0.0305176

-1.33051 0.0302039
-1.33052 0.0302124

-1.33081 0.0303467
-1.33052 0.0302124

-1.33051 0.0302038
-1.3302 0.0300622

-1.32959 0.0297835
-1.32986 0.0299072

-1.3302 0.030062
-1.3299 0.0299219

-1.3299 0.0299219
-1.32986 0.0299072

-1.32959 0.0297834
-1.32928 0.0296462

-1.32898 0.0295106
-1.32919 0.0296021

-1.32928 0.0296461
-1.32919 0.0296021

-1.32898 0.0295105
-1.32867 0.0293761

-1.32867 0.029376
-1.32849 0.0292969

-1.32227 0.0268256
-1.32196 0.0267152

-1.32196 0.0267151
-1.32166 0.0266056

-1.32135 0.0264971
-1.3215 0.0265503

-1.32166 0.0266055
-1.3215 0.0265503

-1.32135 0.026497
-1.32104 0.0263892

-1.32043 0.026176
-1.32063 0.0262451

-1.32104 0.0263891
-1.32074 0.0262821

-1.32074 0.0262821
-1.32063 0.0262451

-1.32043 0.026176
-1.32013 0.0260705

-1.32013 0.0260705
-1.31982 0.0259659

-1.3186 0.025555
-1.31884 0.0256348

-1.31952 0.0258621
-1.31975 0.0259399

-1.31982 0.0259658
-1.31975 0.0259399

-1.31952 0.0258621
-1.31921 0.0257589

-1.31921 0.0257589
-1.31891 0.0256565

-1.31891 0.0256565
-1.31884 0.0256348

-1.3186 0.025555
-1.3183 0.025454

-1.3183 0.025454
-1.31799 0.0253538

-1.31769 0.0252544
-1.31792 0.0253296

-1.31799 0.0253538
-1.31792 0.0253296

-1.31769 0.0252544
-1.31738 0.0251555

-1.31494 0.0243886
-1.31502 0.0244141

-1.31494 0.0243885
-1.31464 0.0242954

-1.31464 0.0242954
-1.31433 0.0242029

-1.31433 0.0242028
-1.31403 0.024111

-1.31372 0.0240197
-1.31402 0.0241089

-1.31403 0.024111
-1.31402 0.0241089

-1.31372 0.0240197
-1.31342 0.0239289

-1.31342 0.0239288
-1.31311 0.0238387

-1.31281 0.0237491
-1.31299 0.0238037

-1.31281 0.0237491
-1.3125 0.0236599

-1.31311 0.0238386
-1.31299 0.0238037

-1.31677 0.02496
-1.31697 0.0250244

-1.31738 0.0251555
-1.31708 0.0250573

-1.31708 0.0250573
-1.31697 0.0250244

-1.31677 0.02496
-1.31647 0.0248631

-1.31647 0.0248631
-1.31616 0.0247669

-1.31586 0.0246715
-1.31601 0.0247192

-1.31616 0.0247668
-1.31601 0.0247192

-1.31586 0.0246714
-1.31555 0.0245765

-1.31555 0.0245764
-1.31525 0.0244821

-1.31525 0.0244821
-1.31502 0.0244141

-1.34821 0.0437915
-1.34831 0.0439453

-1.3479 0.0433566
-1.3481 0.0436401

-1.34821 0.0437917
-1.3481 0.0436401

-1.34729 0.0425369
-1.34743 0.0427246

-1.34668 0.041774
-1.34671 0.0418091

-1.34671 0.0418091
-1.34696 0.0421143

-1.34698 0.0421486
-1.3472 0.0424194

-1.34729 0.0425382
-1.3472 0.0424194

-1.34698 0.0421487
-1.34696 0.0421143

-1.3476 0.0429385
-1.34766 0.0430298

-1.34766 0.0430298
-1.34789 0.043335

-1.3476 0.0429394
-1.34743 0.0427246

-1.3479 0.0433568
-1.34788 0.043335

-1.34973 0.0462812
-1.34979 0.0463867

-1.34943 0.045732
-1.34945 0.0457764

-1.34912 0.045212
-1.34928 0.0454712

-1.34943 0.0457324
-1.34928 0.0454712

-1.34945 0.0457764
-1.34962 0.0460815

-1.34973 0.0462814
-1.34962 0.0460815

-1.35034 0.0474793
-1.3504 0.0476074

-1.35065 0.0481395
-1.35068 0.0482178

-1.3504 0.0476074
-1.35054 0.0479126

-1.35065 0.0481396
-1.35054 0.0479126

-1.35068 0.0482178
-1.35081 0.0485229

-1.35081 0.0485229
-1.35094 0.0488281

-1.35004 0.0468619
-1.35011 0.0469971

-1.34979 0.0463867
-1.34995 0.0466919

-1.35004 0.046862
-1.34995 0.0466919

-1.35011 0.0469971
-1.35026 0.0473022

-1.35034 0.0474794
-1.35026 0.0473022

-1.34851 0.0442433
-1.34852 0.0442505

-1.34852 0.0442505
-1.34871 0.0445557

-1.34882 0.0447171
-1.34891 0.0448608

-1.34891 0.0448608
-1.34909 0.045166

-1.34882 0.0447173
-1.34871 0.0445557

-1.34851 0.0442434
-1.34831 0.0439453

-1.34912 0.0452124
-1.34909 0.045166

-1.34637 0.0414108
-1.34645 0.0415039

-1.34607 0.0410587
-1.34619 0.0411987

-1.34637 0.0414109
-1.34619 0.0411987

-1.34576 0.0407169
-1.34592 0.0408936

-1.34546 0.0403853
-1.34565 0.0405884

-1.34576 0.0407178
-1.34565 0.0405884

-1.34607 0.0410596
-1.34592 0.0408936

-1.34515 0.0400634
-1.34536 0.0402832

-1.34485 0.0397503
-1.34507 0.039978

-1.34515 0.040064
-1.34507 0.039978

-1.34454 0.0394456
-1.34477 0.0396729

-1.34424 0.0391487
-1.34446 0.0393677

-1.34454 0.0394455
-1.34446 0.0393677

-1.34485 0.0397505
-1.34477 0.0396729

-1.34546 0.0403862
-1.34536 0.0402832

-1.34668 0.0417734
-1.34645 0.0415039

-1.34424 0.0391481
-1.34415 0.0390625

-1.35095 0.0488504
-1.35107 0.0491333

-1.35107 0.0491333
-1.35119 0.0494385

-1.35126 0.0496246
-1.3513 0.0497437

-1.3513 0.0497437
-1.35141 0.0500488

-1.35126 0.0496246
-1.35119 0.0494385

-1.35095 0.0488506
-1.35094 0.0488281

-1.35141 0.0500488
-1.35152 0.050354

-1.35156 0.0504751
-1.35152 0.050354

-1.35156 0.0739386
-1.35151 0.0741577

-1.35151 0.0741577
-1.35143 0.0744629

-1.35143 0.0744629
-1.35136 0.0747681

-1.35136 0.0747681
-1.35128 0.0750732

-1.35128 0.0750732
-1.35126 0.0751566

-1.35126 0.0751562
-1.3512 0.0753784

-1.3512 0.0753784
-1.35112 0.0756836

-1.35112 0.0756836
-1.35104 0.0759888

-1.35104 0.0759888
-1.35095 0.0762939

-1.35095 0.0762939
-1.35095 0.0762971

-1.35095 0.0762967
-1.35087 0.0765991

-1.35087 0.0765991
-1.35078 0.0769043

-1.35078 0.0769043
-1.35069 0.0772095

-1.35069 0.0772095
-1.35065 0.0773737

-1.35065 0.0773735
-1.35061 0.0775146

-1.35061 0.0775146
-1.35052 0.0778198

-1.35052 0.0778198
-1.35042 0.078125

-1.35042 0.078125
-1.35034 0.0783998

-1.35034 0.0783997
-1.35033 0.0784302

-1.35033 0.0784302
-1.35024 0.0787354

-1.35024 0.0787354
-1.35014 0.0790405

-1.35014 0.0790405
-1.35005 0.0793457

-1.35005 0.0793457
-1.35004 0.0793823

-1.35004 0.079382
-1.34995 0.0796509

-1.34995 0.0796509
-1.34985 0.0799561

-1.34985 0.0799561
-1.34975 0.0802612

-1.34975 0.0802612
-1.34973 0.0803271

-1.34973 0.0803268
-1.34965 0.0805664

-1.34965 0.0805664
-1.34955 0.0808716

-1.34955 0.0808716
-1.34945 0.0811768

-1.34945 0.0811768
-1.34943 0.0812395

-1.34943 0.0812392
-1.34934 0.0814819

-1.34934 0.0814819
-1.34924 0.0817871

-1.34924 0.0817871
-1.34913 0.0820923

-1.34913 0.0820923
-1.34912 0.0821233

-1.34912 0.082123
-1.34902 0.0823975

-1.34902 0.0823975
-1.34892 0.0827026

-1.34892 0.0827026
-1.34882 0.0829812

-1.34882 0.0829812
-1.34881 0.0830078

-1.34881 0.0830078
-1.3487 0.083313

-1.3487 0.083313
-1.34858 0.0836182

-1.34858 0.0836182
-1.34851 0.0838163

-1.34851 0.0838162
-1.34847 0.0839233

-1.34847 0.0839233
-1.34836 0.0842285

-1.34836 0.0842285
-1.34824 0.0845337

-1.34824 0.0845337
-1.34821 0.084631

-1.34821 0.0846308
-1.34813 0.0848389

-1.34813 0.0848389
-1.34801 0.085144

-1.34801 0.085144
-1.3479 0.0854268

-1.3479 0.0854268
-1.34789 0.0854492

-1.34789 0.0854492
-1.34777 0.0857544

-1.34777 0.0857544
-1.34765 0.0860596

-1.34765 0.0860596
-1.3476 0.0862053

-1.3476 0.0862051
-1.34753 0.0863647

-1.34753 0.0863647
-1.34741 0.0866699

-1.34741 0.0866699
-1.34729 0.0869682

-1.34729 0.0869682
-1.34729 0.0869751

-1.34729 0.0869751
-1.34716 0.0872803

-1.34716 0.0872803
-1.34704 0.0875854

-1.34704 0.0875854
-1.34698 0.0877162

-1.34698 0.0877161
-1.34691 0.0878906

-1.34691 0.0878906
-1.34679 0.0881958

-1.34679 0.0881958
-1.34668 0.0884509

-1.34668 0.0884508
-1.34666 0.088501

-1.34666 0.088501
-1.34653 0.0888062

-1.34653 0.0888062
-1.3464 0.0891113

-1.3464 0.0891113
-1.34637 0.0891731

-1.34637 0.0891729
-1.34627 0.0894165

-1.34627 0.0894165
-1.34614 0.0897217

-1.34614 0.0897217
-1.34607 0.0898832

-1.34607 0.0898831
-1.34601 0.0900269

-1.34601 0.0900269
-1.34587 0.090332

-1.34587 0.090332
-1.34576 0.0905826

-1.34576 0.0905826
-1.34574 0.0906372

-1.34574 0.0906372
-1.34561 0.0909424

-1.34561 0.0909424
-1.34547 0.0912476

-1.34547 0.0912476
-1.34546 0.091272

-1.34546 0.0912718
-1.34533 0.0915527

-1.34533 0.0915527
-1.3452 0.0918579

-1.3452 0.0918579
-1.34515 0.0919512

-1.34515 0.091951
-1.34506 0.0921631

-1.34506 0.0921631
-1.34492 0.0924683

-1.34492 0.0924683
-1.34485 0.0926213

-1.34485 0.0926212
-1.34478 0.0927734

-1.34478 0.0927734
-1.34464 0.0930786

-1.34464 0.0930786
-1.34454 0.0932829

-1.34454 0.0932828
-1.3445 0.0933838

-1.3445 0.0933838
-1.34435 0.093689

-1.34435 0.093689
-1.34424 0.0939363

-1.34424 0.0939363
-1.34421 0.0939941

-1.34421 0.0939941
-1.34407 0.0942993

-1.34407 0.0942993
-1.34393 0.0945821

-1.34393 0.0945821
-1.34392 0.0946045

-1.34392 0.0946045
-1.34378 0.0949097

-1.34378 0.0949097
-1.34363 0.0952148

-1.34363 0.0952148
-1.34363 0.0952207

-1.34363 0.0952204
-1.34348 0.09552

-1.34348 0.09552
-1.34334 0.0958252

-1.34334 0.0958252
-1.34332 0.0958519

-1.34332 0.0958517
-1.34319 0.0961304

-1.34319 0.0961304
-1.34304 0.0964355

-1.34304 0.0964355
-1.34302 0.0964765

-1.34302 0.0964763
-1.34289 0.0967407

-1.34289 0.0967407
-1.34274 0.0970459

-1.34274 0.0970459
-1.34271 0.0970947

-1.34271 0.0970945
-1.34258 0.0973511

-1.34258 0.0973511
-1.34243 0.0976562

-1.34243 0.0976562
-1.34241 0.0977069

-1.34241 0.0977067
-1.34228 0.0979614

-1.34228 0.0979614
-1.34213 0.0982666

-1.34213 0.0982666
-1.3421 0.0983132

-1.3421 0.098313
-1.34197 0.0985718

-1.34197 0.0985718
-1.34182 0.098877

-1.34182 0.098877
-1.3418 0.098914

-1.3418 0.0989138
-1.34166 0.0991821

-1.34166 0.0991821
-1.3415 0.0994873

-1.3415 0.0994873
-1.34149 0.0995095

-1.34149 0.0995092
-1.34135 0.0997925

-1.34135 0.0997925
-1.34119 0.100098

-1.34119 0.100098
-1.34119 0.1001

-1.34119 0.1001
-1.34103 0.100403

-1.34103 0.100403
-1.34088 0.100685

-1.34088 0.100685
-1.34087 0.100708

-1.34087 0.100708
-1.34071 0.101013

-1.34071 0.101013
-1.34058 0.101265

-1.34058 0.101265
-1.34055 0.101318

-1.34055 0.101318
-1.34039 0.101624

-1.34039 0.101624
-1.34027 0.101841

-1.34027 0.101841
-1.34022 0.101929

-1.34022 0.101929
-1.34006 0.102234

-1.34006 0.102234
-1.33997 0.102413

-1.33997 0.102413
-1.3399 0.102539

-1.3399 0.102539
-1.33973 0.102844

-1.33973 0.102844
-1.33966 0.10298

-1.33966 0.10298
-1.33957 0.103149

-1.33957 0.103149
-1.3394 0.103455

-1.3394 0.103455
-1.33936 0.103544

-1.33936 0.103543
-1.33924 0.10376

-1.33924 0.10376
-1.33907 0.104065

-1.33907 0.104065
-1.33905 0.104103

-1.33905 0.104103
-1.3389 0.10437

-1.3389 0.10437
-1.33875 0.104658

-1.33875 0.104658
-1.33874 0.104675

-1.33874 0.104675
-1.33857 0.10498

-1.33857 0.10498
-1.33844 0.10521

-1.33844 0.10521
-1.3384 0.105286

-1.3384 0.105286
-1.33823 0.105591

-1.33823 0.105591
-1.33813 0.105758

-1.33813 0.105758
-1.33806 0.105896

-1.33806 0.105896
-1.33789 0.106201

-1.33789 0.106201
-1.33783 0.106303

-1.33783 0.106303
-1.33772 0.106506

-1.33772 0.106506
-1.33754 0.106812

-1.33754 0.106812
-1.33752 0.106844

-1.33752 0.106844
-1.33737 0.107117

-1.33737 0.107117
-1.33722 0.107382

-1.33722 0.107382
-1.3372 0.107422

-1.3372 0.107422
-1.33702 0.107727

-1.33702 0.107727
-1.33691 0.107917

-1.33691 0.107917
-1.33685 0.108032

-1.33685 0.108032
-1.33667 0.108337

-1.33667 0.108337
-1.33661 0.108449

-1.33661 0.108449
-1.3365 0.108643

-1.3365 0.108643
-1.33632 0.108948

-1.33632 0.108948
-1.3363 0.108978

-1.3363 0.108978
-1.33614 0.109253

-1.33614 0.109253
-1.336 0.109504

-1.336 0.109503
-1.33597 0.109558

-1.33597 0.109558
-1.33579 0.109863

-1.33579 0.109863
-1.33569 0.110027

-1.33569 0.110026
-1.33561 0.110168

-1.33561 0.110168
-1.33543 0.110474

-1.33543 0.110474
-1.33539 0.110547

-1.33539 0.110547
-1.33525 0.110779

-1.33525 0.110779
-1.33508 0.111065

-1.33508 0.111065
-1.33507 0.111084

-1.33507 0.111084
-1.33489 0.111389

-1.33489 0.111389
-1.33478 0.11158

-1.33478 0.11158
-1.33471 0.111694

-1.33471 0.111694
-1.33453 0.112

-1.33453 0.112
-1.33447 0.112092

-1.33447 0.112092
-1.33435 0.112305

-1.33435 0.112305
-1.33417 0.112603

-1.33417 0.112602
-1.33416 0.11261

-1.33416 0.11261
-1.33398 0.112915

-1.33398 0.112915
-1.33386 0.11311

-1.33386 0.11311
-1.3338 0.11322

-1.3338 0.11322
-1.33361 0.113525

-1.33361 0.113525
-1.33356 0.113616

-1.33356 0.113616
-1.33343 0.113831

-1.33343 0.113831
-1.33325 0.114119

-1.33325 0.114119
-1.33324 0.114136

-1.33324 0.114136
-1.33306 0.114441

-1.33306 0.114441
-1.33295 0.11462

-1.33295 0.114619
-1.33287 0.114746

-1.33287 0.114746
-1.33268 0.115051

-1.33268 0.115051
-1.33264 0.115119

-1.33264 0.115118
-1.3325 0.115356

-1.3325 0.115356
-1.33234 0.115615

-1.33234 0.115614
-1.33231 0.115662

-1.33231 0.115662
-1.33212 0.115967

-1.33212 0.115967
-1.33203 0.116109

-1.33203 0.116109
-1.33193 0.116272

-1.33193 0.116272
-1.33174 0.116577

-1.33174 0.116577
-1.33173 0.116602

-1.33173 0.116602
-1.33155 0.116882

-1.33155 0.116882
-1.33142 0.117092

-1.33142 0.117092
-1.33136 0.117188

-1.33136 0.117188
-1.33117 0.117493

-1.33117 0.117493
-1.33112 0.117581

-1.33112 0.117581
-1.33098 0.117798

-1.33098 0.117798
-1.33081 0.118068

-1.33081 0.118067
-1.33079 0.118103

-1.33079 0.118103
-1.3306 0.118408

-1.3306 0.118408
-1.33051 0.118552

-1.33051 0.118552
-1.3304 0.118713

-1.3304 0.118713
-1.33021 0.119019

-1.33021 0.119019
-1.3302 0.119036

-1.3302 0.119035
-1.33002 0.119324

-1.33002 0.119324
-1.3299 0.119517

-1.3299 0.119516
-1.32982 0.119629

-1.32982 0.119629
-1.32963 0.119934

-1.32963 0.119934
-1.32959 0.119997

-1.32959 0.119996
-1.32943 0.120239

-1.32943 0.120239
-1.32928 0.120474

-1.32928 0.120473
-1.32924 0.120544

-1.32924 0.120544
-1.32904 0.12085

-1.32904 0.12085
-1.32898 0.12095

-1.32898 0.12095
-1.32885 0.121155

-1.32885 0.121155
-1.32867 0.121425

-1.32867 0.121424
-1.32865 0.12146

-1.32865 0.12146
-1.32845 0.121765

-1.32845 0.121765
-1.32837 0.121897

-1.32837 0.121897
-1.32826 0.12207

-1.32826 0.12207
-1.32806 0.122369

-1.32806 0.122369
-1.32806 0.122375

-1.32806 0.122375
-1.32786 0.122681

-1.32786 0.122681
-1.32776 0.122839

-1.32776 0.122838
-1.32766 0.122986

-1.32766 0.122986
-1.32746 0.123291

-1.32746 0.123291
-1.32745 0.123307

-1.32745 0.123307
-1.32726 0.123596

-1.32726 0.123596
-1.32715 0.123774

-1.32715 0.123774
-1.32706 0.123901

-1.32706 0.123901
-1.32686 0.124207

-1.32686 0.124207
-1.32684 0.12424

-1.32684 0.124239
-1.32666 0.124512

-1.32666 0.124512
-1.32654 0.124703

-1.32654 0.124703
-1.32646 0.124817

-1.32646 0.124817
-1.32626 0.125122

-1.32626 0.125122
-1.32623 0.125166

-1.32623 0.125166
-1.32606 0.125427

-1.32606 0.125427
-1.32593 0.125627

-1.32593 0.125626
-1.32586 0.125732

-1.32586 0.125732
-1.32566 0.126038

-1.32565 0.126038
-1.32562 0.126087

-1.32562 0.126087
-1.32545 0.126343

-1.32545 0.126343
-1.32532 0.126545

-1.32532 0.126545
-1.32525 0.126648

-1.32525 0.126648
-1.32505 0.126953

-1.32504 0.126953
-1.32501 0.127003

-1.32501 0.127002
-1.32484 0.127258

-1.32484 0.127258
-1.32471 0.127458

-1.32471 0.127458
-1.32464 0.127563

-1.32464 0.127563
-1.32443 0.127869

-1.32443 0.127869
-1.3244 0.127913

-1.3244 0.127913
-1.32423 0.128174

-1.32423 0.128174
-1.3241 0.128366

-1.3241 0.128366
-1.32402 0.128479

-1.32402 0.128479
-1.32381 0.128784

-1.32381 0.128784
-1.32379 0.128819

-1.32379 0.128819
-1.32361 0.129089

-1.32361 0.129089
-1.32349 0.129269

-1.32349 0.129269
-1.3234 0.129395

-1.3234 0.129395
-1.32319 0.1297

-1.32319 0.1297
-1.32318 0.12972

-1.32318 0.129719
-1.32299 0.130005

-1.32299 0.130005
-1.32288 0.130168

-1.32288 0.130168
-1.32278 0.13031

-1.32278 0.13031
-1.32257 0.130615

-1.32257 0.130615
-1.32257 0.130616

-1.32257 0.130616
-1.32236 0.13092

-1.32236 0.13092
-1.32227 0.131062

-1.32227 0.131062
-1.32215 0.131226

-1.32215 0.131226
-1.32196 0.131507

-1.32196 0.131507
-1.32194 0.131531

-1.32194 0.131531
-1.32173 0.131836

-1.32173 0.131836
-1.32166 0.131952

-1.32166 0.131952
-1.32152 0.132141

-1.32152 0.132141
-1.32135 0.132395

-1.32135 0.132394
-1.32132 0.132446

-1.32131 0.132446
-1.3211 0.132751

-1.3211 0.132751
-1.32104 0.132838

-1.32104 0.132837
-1.32089 0.133057

-1.32089 0.133057
-1.32074 0.133278

-1.32074 0.133277
-1.32068 0.133362

-1.32068 0.133362
-1.32047 0.133667

-1.32047 0.133667
-1.32043 0.133719

-1.32043 0.133718
-1.32026 0.133972

-1.32026 0.133972
-1.32013 0.134157

-1.32013 0.134157
-1.32005 0.134277

-1.32005 0.134277
-1.31983 0.134583

-1.31983 0.134583
-1.31982 0.134596

-1.31982 0.134596
-1.31962 0.134888

-1.31962 0.134888
-1.31952 0.135033

-1.31952 0.135033
-1.31941 0.135193

-1.31941 0.135193
-1.31921 0.135469

-1.31921 0.135469
-1.31919 0.135498

-1.31919 0.135498
-1.31898 0.135803

-1.31898 0.135803
-1.31891 0.135905

-1.31891 0.135904
-1.31877 0.136108

-1.31877 0.136108
-1.3186 0.136339

-1.3186 0.136338
-1.31855 0.136414

-1.31855 0.136414
-1.31834 0.136719

-1.31834 0.136719
-1.3183 0.136773

-1.3183 0.136772
-1.31812 0.137024

-1.31812 0.137024
-1.31799 0.137205

-1.31799 0.137204
-1.31791 0.137329

-1.31791 0.137329
-1.31769 0.137634

-1.31769 0.137634
-1.31769 0.137636

-1.31769 0.137636
-1.31747 0.137939

-1.31747 0.137939
-1.31738 0.138067

-1.31738 0.138067
-1.31726 0.138245

-1.31726 0.138245
-1.31708 0.138497

-1.31708 0.138496
-1.31704 0.13855

-1.31704 0.13855
-1.31682 0.138855

-1.31682 0.138855
-1.31677 0.138927

-1.31677 0.138926
-1.31661 0.13916

-1.31661 0.13916
-1.31647 0.139354

-1.31647 0.139353
-1.31639 0.139465

-1.31639 0.139465
-1.31617 0.139771

-1.31617 0.139771
-1.31616 0.139782

-1.31616 0.139782
-1.31595 0.140076

-1.31595 0.140076
-1.31586 0.140208

-1.31586 0.140208
-1.31573 0.140381

-1.31573 0.140381
-1.31555 0.140634

-1.31555 0.140633
-1.31551 0.140686

-1.31551 0.140686
-1.3153 0.140991

-1.31529 0.140991
-1.31525 0.141059

-1.31525 0.141059
-1.31508 0.141296

-1.31508 0.141296
-1.31494 0.141483

-1.31494 0.141482
-1.31486 0.141602

-1.31486 0.141602
-1.31464 0.141906

-1.31464 0.141907
-1.31442 0.142212

-1.31442 0.142212
-1.31433 0.14233

-1.31433 0.142329
-1.31419 0.142517

-1.31419 0.142517
-1.31403 0.142751

-1.31403 0.14275
-1.31397 0.142822

-1.31397 0.142822
-1.31375 0.143127

-1.31375 0.143127
-1.31372 0.143172

-1.31372 0.143172
-1.31353 0.143433

-1.31353 0.143433
-1.31342 0.143592

-1.31342 0.143592
-1.31331 0.143738

-1.31331 0.143738
-1.31311 0.144012

-1.31311 0.144012
-1.31309 0.144043

-1.31309 0.144043
-1.31287 0.144348

-1.31286 0.144348
-1.31281 0.144432

-1.31281 0.144431
-1.31264 0.144653

-1.31264 0.144653
-1.3125 0.144849

-1.29602 0.0195081
-1.29613 0.0195312

-1.29602 0.0195081
-1.29572 0.0194413

-1.29572 0.0194413
-1.29541 0.0193748

-1.29541 0.0193748
-1.2951 0.0193087

-1.2951 0.0193087
-1.2948 0.0192429

-1.29449 0.0191773
-1.29472 0.0192261

-1.2948 0.0192429
-1.29472 0.0192261

-1.29449 0.0191773
-1.29419 0.019112

-1.29419 0.019112
-1.29388 0.019047

-1.29388 0.0190471
-1.29358 0.0189825

-1.29327 0.0189182
-1.29329 0.0189209

-1.29327 0.0189182
-1.29297 0.0188541

-1.29358 0.0189825
-1.29329 0.0189209

-1.3125 0.0236599
-1.31219 0.0235713

-1.31189 0.0234834
-1.31194 0.0234985

-1.31219 0.0235713
-1.31194 0.0234985

-1.31189 0.0234834
-1.31158 0.0233958

-1.31158 0.0233958
-1.31128 0.0233088

-1.31067 0.0231364
-1.31087 0.0231934

-1.31067 0.0231364
-1.31036 0.0230509

-1.31036 0.0230509
-1.31006 0.0229659

-1.31128 0.0233088
-1.31097 0.0232223

-1.31097 0.0232223
-1.31087 0.0231934

-1.30975 0.0228815
-1.30978 0.0228882

-1.31006 0.0229659
-1.30978 0.0228882

-1.30975 0.0228814
-1.30945 0.0227974

-1.30945 0.0227974
-1.30914 0.0227138

-1.30914 0.0227138
-1.30884 0.0226308

-1.30853 0.0225483
-1.30866 0.022583

-1.30853 0.0225482
-1.30823 0.0224661

-1.30884 0.0226308
-1.30866 0.022583

-1.30823 0.022466
-1.30792 0.0223843

-1.30792 0.0223843
-1.30762 0.0223031

-1.30609 0.0219036
-1.30636 0.0219727

-1.30609 0.0219035
-1.30579 0.0218249

-1.30579 0.0218248
-1.30548 0.0217466

-1.30548 0.0217466
-1.30518 0.0216689

-1.30731 0.0222224
-1.30752 0.0222778

-1.30762 0.0223031
-1.30752 0.0222778

-1.30731 0.0222223
-1.30701 0.0221419

-1.30701 0.0221419
-1.3067 0.022062

-1.3067 0.022062
-1.3064 0.0219826

-1.3064 0.0219826
-1.30636 0.0219727

-1.30487 0.0215914
-1.30517 0.0216675

-1.30518 0.0216689
-1.30517 0.0216675

-1.30487 0.0215914
-1.30457 0.0215144

-1.30396 0.0213616
-1.30396 0.0213623

-1.30457 0.0215144
-1.30426 0.0214378

-1.30426 0.0214378
-1.30396 0.0213623

-1.30396 0.0213617
-1.30365 0.0212858

-1.30365 0.0212858
-1.30334 0.0212104

-1.30334 0.0212104
-1.30304 0.0211353

-1.30304 0.0211354
-1.30273 0.0210607

-1.30243 0.0209864
-1.30272 0.0210571

-1.30273 0.0210608
-1.30272 0.0210571

-1.30243 0.0209864
-1.30212 0.0209124

-1.30212 0.0209124
-1.30182 0.0208389

-1.30182 0.020839
-1.30151 0.0207658

-1.30121 0.020693
-1.30146 0.020752

-1.30121 0.020693
-1.3009 0.0206205

-1.3009 0.0206205
-1.3006 0.0205485

-1.3006 0.0205485
-1.30029 0.0204768

-1.30151 0.0207659
-1.30146 0.020752

-1.29999 0.0204054
-1.30016 0.0204468

-1.30029 0.0204768
-1.30016 0.0204468

-1.29999 0.0204054
-1.29968 0.0203343

-1.29968 0.0203343
-1.29938 0.0202636

-1.29938 0.0202636
-1.29907 0.0201933

-1.29877 0.0201233
-1.29885 0.0201416

-1.29877 0.0201233
-1.29846 0.0200536

-1.29907 0.0201933
-1.29885 0.0201416

-1.29846 0.0200536
-1.29816 0.0199842

-1.29816 0.0199842
-1.29785 0.0199153

-1.29785 0.0199153
-1.29755 0.0198466

-1.29724 0.0197782
-1.2975 0.0198364

-1.29755 0.0198467
-1.2975 0.0198364

-1.29724 0.0197782
-1.29694 0.0197101

-1.29694 0.0197101
-1.29663 0.0196424

-1.29663 0.0196424
-1.29633 0.0195751

-1.29633 0.0195751
-1.29613 0.0195312

-1.29297 0.0188541
-1.29266 0.0187903

-1.29266 0.0187903
-1.29236 0.0187268

-1.29236 0.0187268
-1.29205 0.0186637

-1.29175 0.0186008
-1.29182 0.0186157

-1.29205 0.0186637
-1.29182 0.0186157

-1.29175 0.0186008
-1.29144 0.0185381

-1.29144 0.0185381
-1.29114 0.0184757

-1.29114 0.0184757
-1.29083 0.0184137

-1.29083 0.0184137
-1.29053 0.018352

-1.29022 0.0182905
-1.29032 0.0183105

-1.29022 0.0182905
-1.28992 0.0182292

-1.28992 0.0182292
-1.28961 0.0181682

-1.28961 0.0181682
-1.28931 0.0181076

-1.29053 0.018352
-1.29032 0.0183105

-1.28931 0.0181076
-1.289 0.0180472

-1.2887 0.017987
-1.28879 0.0180054

-1.289 0.0180473
-1.28879 0.0180054

-1.2887 0.017987
-1.28839 0.017927

-1.28839 0.017927
-1.28809 0.0178673

-1.28809 0.0178673
-1.28778 0.017808

-1.28778 0.017808
-1.28748 0.017749

-1.28717 0.0176901
-1.28722 0.0177002

-1.28717 0.0176901
-1.28687 0.0176315

-1.28748 0.017749
-1.28722 0.0177002

-1.28687 0.0176315
-1.28656 0.0175731

-1.28656 0.017573
-1.28625 0.017515

-1.28625 0.017515
-1.28595 0.0174572

-1.28595 0.0174573
-1.28564 0.0173997

-1.28381 0.0170592
-1.28398 0.0170898

-1.28381 0.0170592
-1.28351 0.0170033

-1.28351 0.0170033
-1.2832 0.0169476

-1.28534 0.0173422
-1.28562 0.017395

-1.28564 0.0173997
-1.28562 0.017395

-1.28534 0.0173422
-1.28503 0.017285

-1.28503 0.017285
-1.28473 0.0172281

-1.28473 0.0172281
-1.28442 0.0171716

-1.28442 0.0171717
-1.28412 0.0171154

-1.28412 0.0171154
-1.28398 0.0170898

-1.2832 0.0169476
-1.2829 0.0168922

-1.2829 0.0168923
-1.28259 0.0168372

-1.28229 0.0167822
-1.2823 0.0167847

-1.28259 0.0168372
-1.2823 0.0167847

-1.28229 0.0167822
-1.28198 0.0167273

-1.28198 0.0167273
-1.28168 0.0166728

-1.28168 0.0166727
-1.28137 0.0166185

-1.28137 0.0166185
-1.28107 0.0165646

-1.28107 0.0165646
-1.28076 0.0165109

-1.28046 0.0164573
-1.28058 0.0164795

-1.28046 0.0164573
-1.28015 0.0164039

-1.28076 0.0165109
-1.28058 0.0164795

-1.28015 0.0164039
-1.27985 0.0163507

-1.27985 0.0163507
-1.27954 0.0162978

-1.27954 0.0162978
-1.27924 0.0162453

-1.27924 0.0162453
-1.27893 0.0161929

-1.27863 0.0161405
-1.27882 0.0161743

-1.27893 0.0161929
-1.27882 0.0161743

-1.27863 0.0161405
-1.27832 0.0160883

-1.27832 0.0160883
-1.27802 0.0160364

-1.27802 0.0160364
-1.27771 0.0159849

-1.27771 0.0159849
-1.2774 0.0159337

-1.2774 0.0159337
-1.2771 0.0158826

-1.27679 0.0158316
-1.27702 0.0158691

-1.27679 0.0158316
-1.27649 0.0157808

-1.27649 0.0157808
-1.27618 0.0157302

-1.27618 0.0157302
-1.27588 0.01568

-1.2771 0.0158826
-1.27702 0.0158691

-1.27588 0.01568
-1.27557 0.01563

-1.27557 0.01563
-1.27527 0.0155801

-1.27496 0.0155302
-1.27517 0.015564

-1.27527 0.0155801
-1.27517 0.015564

-1.27496 0.0155302
-1.27466 0.0154806

-1.27466 0.0154806
-1.27435 0.0154312

-1.27435 0.0154312
-1.27405 0.0153821

-1.27405 0.0153821
-1.27374 0.0153334

-1.27374 0.0153334
-1.27344 0.0152848

-1.26917 0.0146233
-1.26933 0.0146484

-1.26917 0.0146233
-1.26886 0.0145775

-1.26886 0.0145775
-1.26855 0.0145318

-1.27313 0.0152362
-1.27327 0.0152588

-1.27313 0.0152362
-1.27283 0.0151878

-1.27344 0.0152848
-1.27327 0.0152588

-1.27283 0.0151878
-1.27252 0.0151397

-1.27252 0.0151397
-1.27222 0.0150918

-1.27222 0.0150918
-1.27191 0.0150442

-1.27191 0.0150442
-1.27161 0.0149968

-1.2713 0.0149494
-1.27133 0.0149536

-1.27161 0.0149968
-1.27133 0.0149536

-1.2713 0.0149494
-1.271 0.0149021

-1.271 0.0149021
-1.27069 0.014855

-1.27069 0.014855
-1.27039 0.0148082

-1.27039 0.0148082
-1.27008 0.0147617

-1.27008 0.0147617
-1.26978 0.0147155

-1.26978 0.0147155
-1.26947 0.0146694

-1.26947 0.0146695
-1.26933 0.0146484

-1.26855 0.0145318
-1.26825 0.0144864

-1.26825 0.0144864
-1.26794 0.0144413

-1.26794 0.0144413
-1.26764 0.0143963

-1.26764 0.0143963
-1.26733 0.0143514

-1.26703 0.0143065
-1.26728 0.0143433

-1.26733 0.0143514
-1.26728 0.0143433

-1.26703 0.0143064
-1.26672 0.0142617

-1.26672 0.0142617
-1.26642 0.0142173

-1.26642 0.0142173
-1.26611 0.0141731

-1.26611 0.0141731
-1.26581 0.0141292

-1.26581 0.0141292
-1.2655 0.0140855

-1.26489 0.0139983
-1.26517 0.0140381

-1.2655 0.0140856
-1.2652 0.0140419

-1.2652 0.014042
-1.26517 0.0140381

-1.26489 0.0139983
-1.26459 0.0139549

-1.26459 0.0139549
-1.26428 0.0139117

-1.26428 0.0139117
-1.26398 0.0138688

-1.26398 0.0138688
-1.26367 0.0138261

-1.26367 0.0138261
-1.26337 0.0137836

-1.26337 0.0137837
-1.26306 0.0137411

-1.26276 0.0136986
-1.263 0.0137329

-1.26306 0.0137412
-1.263 0.0137329

-1.26276 0.0136986
-1.26245 0.0136563

-1.26245 0.0136563
-1.26215 0.0136142

-1.26215 0.0136142
-1.26184 0.0135724

-1.26184 0.0135724
-1.26154 0.0135309

-1.26154 0.0135309
-1.26123 0.0134896

-1.26062 0.0134073
-1.26077 0.0134277

-1.26062 0.0134072
-1.26031 0.0133662

-1.26031 0.0133662
-1.26001 0.0133254

-1.26123 0.0134897
-1.26093 0.0134485

-1.26093 0.0134485
-1.26077 0.0134277

-1.26001 0.0133254
-1.2597 0.0132848

-1.2597 0.0132847
-1.2594 0.0132443

-1.2594 0.0132444
-1.25909 0.0132042

-1.25909 0.0132042
-1.25879 0.0131641

-1.25879 0.0131642
-1.25848 0.0131241

-1.25818 0.0130839
-1.25847 0.0131226

-1.25848 0.0131241
-1.25847 0.0131226

-1.25818 0.0130839
-1.25787 0.0130441

-1.25787 0.0130441
-1.25757 0.0130044

-1.25757 0.0130044
-1.25726 0.012965

-1.25726 0.012965
-1.25696 0.0129258

-1.25696 0.0129258
-1.25665 0.0128869

-1.25665 0.0128869
-1.25635 0.0128481

-1.25604 0.0128093
-1.25611 0.0128174

-1.25604 0.0128093
-1.25574 0.0127705

-1.25635 0.0128482
-1.25611 0.0128174

-1.25574 0.0127705
-1.25543 0.012732

-1.25543 0.012732
-1.25513 0.0126937

-1.25513 0.0126937
-1.25482 0.0126555

-1.25482 0.0126555
-1.25452 0.0126176

-1.25452 0.0126176
-1.25421 0.0125799

-1.25421 0.0125799
-1.25391 0.0125422

-1.2536 0.0125044
-1.25366 0.0125122

-1.25391 0.0125422
-1.25366 0.0125122

-1.2536 0.0125044
-1.2533 0.0124667

-1.2533 0.0124667
-1.25299 0.0124293

-1.25299 0.0124293
-1.25269 0.012392

-1.25269 0.012392
-1.25238 0.012355

-1.25238 0.012355
-1.25208 0.0123183

-1.25208 0.0123183
-1.25177 0.0122817

-1.25177 0.0122818
-1.25146 0.0122453

-1.25085 0.0121725
-1.25114 0.012207

-1.25085 0.0121725
-1.25055 0.0121363

-1.25055 0.0121364
-1.25024 0.0121004

-1.25024 0.0121003
-1.24994 0.0120645

-1.24994 0.0120645
-1.24963 0.0120289

-1.24963 0.0120289
-1.24933 0.0119934

-1.24933 0.0119935
-1.24902 0.0119581

-1.25146 0.0122454
-1.25116 0.012209

-1.25116 0.012209
-1.25114 0.012207

-1.24902 0.0119582
-1.24872 0.0119228

-1.24841 0.0118874
-1.24854 0.0119019

-1.24872 0.0119229
-1.24854 0.0119019

-1.24841 0.0118874
-1.24811 0.0118521

-1.24811 0.0118521
-1.2478 0.011817

-1.2478 0.011817
-1.2475 0.0117821

-1.2475 0.0117821
-1.24719 0.0117474

-1.24719 0.0117474
-1.24689 0.011713

-1.24689 0.011713
-1.24658 0.0116787

-1.24658 0.0116788
-1.24628 0.0116447

-1.24628 0.0116447
-1.24597 0.0116106

-1.24567 0.0115765
-1.24585 0.0115967

-1.24567 0.0115765
-1.24536 0.0115425

-1.24597 0.0116107
-1.24585 0.0115967

-1.24536 0.0115425
-1.24506 0.0115087

-1.24506 0.0115087
-1.24475 0.0114751

-1.24475 0.0114751
-1.24445 0.0114416

-1.24445 0.0114416
-1.24414 0.0114084

-1.24414 0.0114084
-1.24384 0.0113753

-1.24384 0.0113753
-1.24353 0.0113423

-1.24353 0.0113424
-1.24323 0.0113094

-1.24292 0.0112762
-1.24306 0.0112915

-1.24323 0.0113094
-1.24306 0.0112915

-1.24292 0.0112762
-1.24261 0.0112432

-1.24261 0.0112432
-1.24231 0.0112105

-1.24231 0.0112105
-1.242 0.0111779

-1.242 0.0111779
-1.2417 0.0111455

-1.2417 0.0111454
-1.24139 0.0111133

-1.24139 0.0111133
-1.24109 0.0110813

-1.24109 0.0110813
-1.24078 0.0110495

-1.24078 0.0110496
-1.24048 0.0110179

-1.24017 0.0109861
-1.24018 0.0109863

-1.24017 0.0109861
-1.23987 0.0109544

-1.23987 0.0109544
-1.23956 0.0109228

-1.23956 0.0109228
-1.23926 0.0108915

-1.24048 0.0110179
-1.24017 0.0109863

-1.24017 0.0109865
-1.24017 0.0109863

-1.23926 0.0108915
-1.23895 0.0108603

-1.23895 0.0108602
-1.23865 0.0108292

-1.23865 0.0108292
-1.23834 0.0107983

-1.23834 0.0107983
-1.23804 0.0107675

-1.23804 0.0107675
-1.23773 0.0107369

-1.23773 0.0107369
-1.23743 0.0107063

-1.23712 0.0106754
-1.23718 0.0106812

-1.23743 0.0107063
-1.23718 0.0106812

-1.23712 0.0106754
-1.23682 0.0106447

-1.23682 0.0106447
-1.23651 0.0106142

-1.23651 0.0106142
-1.23621 0.0105838

-1.23621 0.0105838
-1.2359 0.0105536

-1.2359 0.0105535
-1.2356 0.0105235

-1.2356 0.0105235
-1.23529 0.0104937

-1.23529 0.0104937
-1.23499 0.0104641

-1.23499 0.0104641
-1.23468 0.0104346

-1.23468 0.0104346
-1.23438 0.0104052

-1.3125 0.144848
-1.31242 0.144958

-1.31242 0.144958
-1.3122 0.145264

-1.3122 0.145264
-1.31219 0.145267

-1.31219 0.145267
-1.31197 0.145569

-1.31197 0.145569
-1.31189 0.145684

-1.31189 0.145683
-1.31175 0.145874

-1.31175 0.145874
-1.31158 0.146099

-1.31158 0.146099
-1.31153 0.146179

-1.31153 0.146179
-1.3113 0.146484

-1.3113 0.146484
-1.31128 0.146515

-1.31128 0.146515
-1.31108 0.14679

-1.31108 0.14679
-1.31097 0.14693

-1.31097 0.146929
-1.31085 0.147095

-1.31085 0.147095
-1.31067 0.147344

-1.31067 0.147343
-1.31063 0.1474

-1.31063 0.1474
-1.3104 0.147705

-1.3104 0.147705
-1.31036 0.147758

-1.31036 0.147757
-1.31018 0.14801

-1.31018 0.14801
-1.31006 0.148171

-1.31006 0.14817
-1.30995 0.148315

-1.30995 0.148315
-1.30975 0.148582

-1.30975 0.148582
-1.30973 0.148621

-1.30973 0.148621
-1.3095 0.148926

-1.3095 0.148926
-1.30945 0.148995

-1.30945 0.148994
-1.30927 0.149231

-1.30927 0.149231
-1.30914 0.149405

-1.30914 0.149404
-1.30905 0.149536

-1.30905 0.149536
-1.30884 0.149815

-1.30884 0.149815
-1.30882 0.149841

-1.30882 0.149841
-1.30859 0.150146

-1.30859 0.150146
-1.30853 0.150226

-1.30853 0.150225
-1.30836 0.150452

-1.30836 0.150452
-1.30823 0.150634

-1.30823 0.150633
-1.30814 0.150757

-1.30814 0.150757
-1.30792 0.151043

-1.30792 0.151043
-1.30791 0.151062

-1.30791 0.151062
-1.30768 0.151367

-1.30768 0.151367
-1.30762 0.151451

-1.30762 0.151451
-1.30745 0.151672

-1.30745 0.151672
-1.30731 0.151858

-1.30731 0.151857
-1.30722 0.151978

-1.30722 0.151978
-1.30701 0.152265

-1.30701 0.152265
-1.30699 0.152283

-1.30699 0.152283
-1.30676 0.152588

-1.30676 0.152588
-1.3067 0.152672

-1.3067 0.152671
-1.30653 0.152893

-1.30653 0.152893
-1.3064 0.153077

-1.3064 0.153076
-1.30631 0.153198

-1.30631 0.153198
-1.30609 0.153482

-1.30609 0.153482
-1.30608 0.153503

-1.30608 0.153503
-1.30584 0.153809

-1.30584 0.153809
-1.30579 0.153887

-1.30579 0.153887
-1.30561 0.154114

-1.30561 0.154114
-1.30548 0.154291

-1.30548 0.154289
-1.30538 0.154419

-1.30538 0.154419
-1.30518 0.154694

-1.30518 0.154694
-1.30515 0.154724

-1.30515 0.154724
-1.30492 0.155029

-1.30492 0.155029
-1.30487 0.155098

-1.30487 0.155097
-1.30469 0.155334

-1.30469 0.155334
-1.30457 0.1555

-1.30457 0.155498
-1.30446 0.15564

-1.30446 0.15564
-1.30426 0.155901

-1.30426 0.155901
-1.30423 0.155945

-1.30423 0.155945
-1.304 0.15625

-1.22736 0.00975453
-1.22748 0.00976562

-1.22736 0.00975453
-1.22705 0.00972742

-1.22705 0.00972742
-1.22675 0.00970049

-1.22675 0.0097005
-1.22644 0.00967372

-1.22644 0.00967373
-1.22614 0.00964706

-1.22614 0.00964706
-1.22583 0.0096205

-1.22583 0.00962048
-1.22552 0.00959405

-1.22552 0.00959406
-1.22522 0.00956779

-1.22522 0.0095678
-1.22491 0.00954162

-1.22491 0.00954162
-1.22461 0.00951551

-1.23407 0.0103757
-1.23407 0.010376

-1.23407 0.0103756
-1.23376 0.0103462

-1.23438 0.0104052
-1.23407 0.010376

-1.23407 0.0103761
-1.23407 0.010376

-1.23376 0.0103462
-1.23346 0.0103169

-1.23346 0.0103169
-1.23315 0.0102877

-1.23315 0.0102877
-1.23285 0.0102587

-1.23285 0.0102587
-1.23254 0.0102299

-1.23254 0.0102298
-1.23224 0.0102011

-1.23224 0.0102011
-1.23193 0.0101726

-1.23193 0.0101726
-1.23163 0.0101441

-1.23163 0.0101441
-1.23132 0.0101158

-1.23132 0.0101158
-1.23102 0.0100874

-1.23071 0.0100588
-1.23084 0.0100708

-1.23102 0.0100874
-1.23084 0.0100708

-1.23071 0.0100588
-1.23041 0.0100303

-1.23041 0.0100303
-1.2301 0.010002

-1.2301 0.010002
-1.2298 0.00997394

-1.2298 0.00997394
-1.22949 0.00994598

-1.22949 0.00994596
-1.22919 0.00991819

-1.22919 0.00991819
-1.22888 0.00989062

-1.22888 0.00989064
-1.22858 0.00986324

-1.22858 0.00986324
-1.22827 0.00983599

-1.22827 0.00983601
-1.22797 0.00980887

-1.22797 0.00980891
-1.22766 0.00978178

-1.22766 0.00978182
-1.22748 0.00976562

-1.22461 0.00951553
-1.2243 0.00948942

-1.2243 0.00948946
-1.224 0.00946324

-1.22369 0.00943687
-1.22397 0.00946045

-1.224 0.00946328
-1.22397 0.00946045

-1.22369 0.00943686
-1.22339 0.00941071

-1.22339 0.00941072
-1.22308 0.00938473

-1.22308 0.00938473
-1.22278 0.00935889

-1.22278 0.00935889
-1.22247 0.00933317

-1.22247 0.00933315
-1.22217 0.00930759

-1.22217 0.0093076
-1.22186 0.00928222

-1.22186 0.00928224
-1.22156 0.00925702

-1.22156 0.00925702
-1.22125 0.00923192

-1.22125 0.00923193
-1.22095 0.00920695

-1.22095 0.00920698
-1.22064 0.00918206

-1.22064 0.00918211
-1.22034 0.00915712

-1.22003 0.00913202
-1.22032 0.00915527

-1.22003 0.00913201
-1.21973 0.00910713

-1.22034 0.00915716
-1.22031 0.00915527

-1.21973 0.00910714
-1.21942 0.00908242

-1.21942 0.00908242
-1.21912 0.00905783

-1.21912 0.00905784
-1.21881 0.00903335

-1.21881 0.00903335
-1.21851 0.00900894

-1.21851 0.00900893
-1.2182 0.00898465

-1.2182 0.00898466
-1.2179 0.00896053

-1.2179 0.00896055
-1.21759 0.0089365

-1.21759 0.0089365
-1.21729 0.00891252

-1.21729 0.00891254
-1.21698 0.00888859

-1.21698 0.00888863
-1.21667 0.00886463

-1.21637 0.00884043
-1.21649 0.0088501

-1.21667 0.00886466
-1.21649 0.0088501

-1.21637 0.00884043
-1.21606 0.00881633

-1.21606 0.00881633
-1.21576 0.00879239

-1.21576 0.00879239
-1.21545 0.00876861

-1.21545 0.00876862
-1.21515 0.00874497

-1.21515 0.00874497
-1.21484 0.00872145

-1.21484 0.00872143
-1.21454 0.00869806

-1.21454 0.00869806
-1.21423 0.00867487

-1.21423 0.00867489
-1.21393 0.00865185

-1.21393 0.00865185
-1.21362 0.00862893

-1.2124 0.00853792
-1.2125 0.00854492

-1.21362 0.00862893
-1.21332 0.00860613

-1.21332 0.00860614
-1.21301 0.00858344

-1.21301 0.00858348
-1.21271 0.00856078

-1.21271 0.00856082
-1.21249 0.00854492

-1.2124 0.00853793
-1.2121 0.00851517

-1.2121 0.00851517
-1.21179 0.00849257

-1.21179 0.00849258
-1.21149 0.00847013

-1.21149 0.00847013
-1.21118 0.0084478

-1.21118 0.00844781
-1.21088 0.00842557

-1.21088 0.00842557
-1.21057 0.00840339

-1.21057 0.00840338
-1.21027 0.00838132

-1.21027 0.00838133
-1.20996 0.00835939

-1.20996 0.00835941
-1.20966 0.00833755

-1.20966 0.00833755
-1.20935 0.00831575

-1.20935 0.00831576
-1.20905 0.00829401

-1.20905 0.00829402
-1.20874 0.00827228

-1.20874 0.00827232
-1.20844 0.00825049

-1.20813 0.00822844
-1.20829 0.00823975

-1.20844 0.00825052
-1.20829 0.00823975

-1.20813 0.00822843
-1.20782 0.0082065

-1.20782 0.0082065
-1.20752 0.00818471

-1.20752 0.00818472
-1.20721 0.00816307

-1.20721 0.00816307
-1.20691 0.00814155

-1.20691 0.00814155
-1.2066 0.00812013

-1.2066 0.00812013
-1.2063 0.00809881

-1.2063 0.0080988
-1.20599 0.00807763

-1.20599 0.00807764
-1.20569 0.00805664

-1.20569 0.00805665
-1.20538 0.00803576

-1.20538 0.00803575
-1.20508 0.00801496

-1.20508 0.00801496
-1.20477 0.00799427

-1.20477 0.00799427
-1.20447 0.00797367

-1.20386 0.00793239
-1.20389 0.00793457

-1.20447 0.0079737
-1.20416 0.00795311

-1.20416 0.00795316
-1.20389 0.00793457

-1.20386 0.00793237
-1.20355 0.00791165

-1.20355 0.00791165
-1.20325 0.00789108

-1.20325 0.00789108
-1.20294 0.00787064

-1.20294 0.00787064
-1.20264 0.00785031

-1.20264 0.00785032
-1.20233 0.0078301

-1.20233 0.0078301
-1.20203 0.00780995

-1.20203 0.00780995
-1.20172 0.00778986

-1.20172 0.00778984
-1.20142 0.00776985

-1.20142 0.00776986
-1.20111 0.00775

-1.20111 0.00775001
-1.20081 0.00773022

-1.20081 0.00773022
-1.2005 0.00771048

-1.2005 0.00771048
-1.2002 0.00769079

-1.2002 0.00769079
-1.19989 0.00767113

-1.19989 0.00767115
-1.19958 0.00765146

-1.19958 0.0076515
-1.19928 0.00763166

-1.19897 0.00761164
-1.19925 0.00762939

-1.19928 0.0076317
-1.19924 0.00762939

-1.19897 0.00761163
-1.19867 0.0075918

-1.19867 0.0075918
-1.19836 0.00757211

-1.19836 0.00757211
-1.19806 0.00755255

-1.19806 0.00755255
-1.19775 0.00753311

-1.19775 0.00753311
-1.19745 0.00751377

-1.19745 0.00751378
-1.19714 0.00749454

-1.19714 0.00749452
-1.19684 0.0074754

-1.19684 0.00747541
-1.19653 0.00745646

-1.19653 0.00745647
-1.19623 0.00743764

-1.19623 0.00743764
-1.19592 0.00741891

-1.19592 0.00741891
-1.19562 0.00740028

-1.19562 0.00740028
-1.19531 0.00738175

-1.19409 0.0073078
-1.19436 0.00732422

-1.19409 0.0073078
-1.19379 0.00728935

-1.19379 0.00728936
-1.19348 0.00727105

-1.19348 0.00727105
-1.19318 0.00725287

-1.19318 0.00725287
-1.19287 0.00723479

-1.19531 0.00738175
-1.19501 0.00736331

-1.19501 0.00736333
-1.1947 0.00734492

-1.1947 0.00734497
-1.1944 0.00732645

-1.1944 0.0073265
-1.19436 0.00732422

-1.19287 0.00723479
-1.19257 0.00721679

-1.19257 0.0072168
-1.19226 0.00719886

-1.19226 0.00719886
-1.19196 0.00718097

-1.19196 0.00718095
-1.19165 0.00716314

-1.19165 0.00716315
-1.19135 0.00714546

-1.19135 0.00714547
-1.19104 0.00712785

-1.19104 0.00712784
-1.19073 0.00711025

-1.19073 0.00711026
-1.19043 0.0070927

-1.19043 0.0070927
-1.19012 0.00707517

-1.19012 0.00707518
-1.18982 0.00705766

-1.18982 0.00705768
-1.18951 0.00704013

-1.18951 0.00704017
-1.18921 0.00702245

-1.1889 0.00700452
-1.18915 0.00701904

-1.18921 0.00702249
-1.18915 0.00701904

-1.1889 0.00700452
-1.1886 0.00698675

-1.1886 0.00698675
-1.18829 0.00696911

-1.18829 0.00696912
-1.18799 0.00695159

-1.18799 0.00695159
-1.18768 0.00693417

-1.18768 0.00693417
-1.18738 0.00691684

-1.18738 0.00691685
-1.18707 0.00689961

-1.18707 0.00689961
-1.18677 0.00688244

-1.18677 0.00688243
-1.18646 0.00686536

-1.18646 0.00686537
-1.18616 0.00684845

-1.18616 0.00684846
-1.18585 0.00683165

-1.18585 0.00683165
-1.18555 0.00681491

-1.18555 0.00681491
-1.18524 0.00679825

-1.18524 0.00679825
-1.18494 0.00678167

-1.18494 0.00678167
-1.18463 0.00676517

-1.18463 0.00676517
-1.18433 0.00674875

-1.18433 0.00674877
-1.18402 0.00673236

-1.18402 0.0067324
-1.18372 0.00671588

-1.18341 0.0066992
-1.18368 0.00671387

-1.18341 0.0066992
-1.18311 0.0066827

-1.18372 0.00671592
-1.18368 0.00671387

-1.18311 0.0066827
-1.1828 0.00666633

-1.1828 0.00666633
-1.1825 0.00665007

-1.1825 0.00665007
-1.18219 0.0066339

-1.18219 0.0066339
-1.18188 0.00661781

-1.18188 0.00661781
-1.18158 0.00660179

-1.18158 0.0066018
-1.18127 0.00658582

-1.18127 0.00658582
-1.18097 0.00656989

-1.18097 0.00656987
-1.18066 0.00655401

-1.18066 0.00655401
-1.18036 0.00653826

-1.18036 0.00653828
-1.18005 0.00652259

-1.18005 0.00652259
-1.17975 0.00650693

-1.17975 0.00650694
-1.17944 0.00649131

-1.17944 0.00649131
-1.17914 0.00647571

-1.17914 0.00647571
-1.17883 0.00646013

-1.17883 0.00646014
-1.17853 0.00644456

-1.17853 0.00644458
-1.17822 0.00642896

-1.17822 0.006429
-1.17792 0.00641322

-1.17761 0.00639722
-1.17783 0.00640869

-1.17792 0.00641326
-1.17783 0.00640869

-1.17761 0.00639721
-1.17731 0.00638133

-1.17731 0.00638133
-1.177 0.00636557

-1.177 0.00636557
-1.1767 0.00634991

-1.1767 0.00634992
-1.17639 0.00633436

-1.17639 0.00633436
-1.17609 0.0063189

-1.17609 0.0063189
-1.17578 0.00630352

-1.17578 0.00630353
-1.17548 0.00628823

-1.17548 0.00628824
-1.17517 0.00627301

-1.17517 0.00627299
-1.17487 0.00625786

-1.17487 0.00625786
-1.17456 0.00624286

-1.17456 0.00624288
-1.17426 0.00622799

-1.17426 0.00622799
-1.17395 0.00621317

-1.17395 0.00621317
-1.17365 0.00619843

-1.17365 0.00619843
-1.17334 0.00618376

-1.17334 0.00618376
-1.17303 0.00616917

-1.17303 0.00616917
-1.17273 0.00615465

-1.17273 0.00615466
-1.17242 0.00614022

-1.17242 0.00614024
-1.17212 0.00612584

-1.17151 0.00609679
-1.17165 0.00610352

-1.17151 0.00609679
-1.1712 0.00608224

-1.1712 0.00608224
-1.1709 0.00606783

-1.17212 0.00612588
-1.17181 0.00611143

-1.17181 0.00611146
-1.17165 0.00610352

-1.1709 0.00606784
-1.17059 0.00605354

-1.17059 0.00605354
-1.17029 0.00603934

-1.17029 0.00603934
-1.16998 0.00602522

-1.16998 0.00602522
-1.16968 0.00601118

-1.16968 0.00601119
-1.16937 0.00599721

-1.16937 0.00599722
-1.16907 0.00598331

-1.16907 0.00598331
-1.16876 0.00596943

-1.16876 0.00596943
-1.16846 0.00595558

-1.16846 0.00595556
-1.16815 0.00594179

-1.16815 0.0059418
-1.16785 0.00592813

-1.16785 0.00592814
-1.16754 0.00591452

-1.16754 0.00591452
-1.16724 0.00590092

-1.16724 0.00590092
-1.16693 0.00588735

-1.16693 0.00588735
-1.16663 0.0058738

-1.16663 0.0058738
-1.16632 0.00586027

-1.16632 0.00586027
-1.16602 0.00584673

-1.16602 0.00584674
-1.16571 0.0058332

-1.16571 0.00583321
-1.16541 0.00581963

-1.16541 0.00581967
-1.1651 0.00580594

-1.16479 0.00579196
-1.16493 0.00579834

-1.1651 0.00580598
-1.16493 0.00579834

-1.16479 0.00579196
-1.16449 0.00577803

-1.16449 0.00577803
-1.16418 0.0057642

-1.16418 0.00576421
-1.16388 0.00575048

-1.16388 0.00575048
-1.16357 0.00573683

-1.16357 0.00573683
-1.16327 0.00572326

-1.16327 0.00572326
-1.16296 0.00570977

-1.16296 0.00570978
-1.16266 0.00569636

-1.16266 0.00569636
-1.16235 0.00568302

-1.16235 0.00568302
-1.16205 0.00566973

-1.16205 0.00566973
-1.16174 0.00565649

-1.16174 0.00565648
-1.16144 0.00564332

-1.16144 0.00564332
-1.16113 0.00563029

-1.16113 0.00563031
-1.16083 0.00561736

-1.16083 0.00561736
-1.16052 0.00560447

-1.16052 0.00560447
-1.16022 0.00559163

-1.16022 0.00559162
-1.15991 0.00557884

-1.15991 0.00557884
-1.15961 0.00556611

-1.15961 0.0055661
-1.1593 0.00555343

-1.1593 0.00555343
-1.159 0.00554082

-1.159 0.00554082
-1.15869 0.00552827

-1.15869 0.00552828
-1.15839 0.00551576

-1.15839 0.00551579
-1.15808 0.00550324

-1.15778 0.0054905
-1.15784 0.00549316

-1.15778 0.0054905
-1.15747 0.00547776

-1.15808 0.00550329
-1.15784 0.00549316

-1.15747 0.00547777
-1.15717 0.00546515

-1.15717 0.00546515
-1.15686 0.00545264

-1.15686 0.00545264
-1.15656 0.00544022

-1.15656 0.00544022
-1.15625 0.00542787

-1.30399 0.15625
-1.30396 0.156303

-1.30396 0.156303
-1.30376 0.156555

-1.30376 0.156555
-1.30365 0.156704

-1.30365 0.156703
-1.30353 0.15686

-1.30353 0.15686
-1.30334 0.157104

-1.30334 0.157103
-1.3033 0.157166

-1.3033 0.157166
-1.30306 0.157471

-1.30306 0.157471
-1.30304 0.157504

-1.30304 0.157504
-1.30283 0.157776

-1.30283 0.157776
-1.30273 0.157904

-1.30273 0.157903
-1.3026 0.158081

-1.3026 0.158081
-1.30243 0.158302

-1.30243 0.158301
-1.30237 0.158386

-1.30236 0.158386
-1.30213 0.158691

-1.30213 0.158691
-1.30212 0.158701

-1.30212 0.1587
-1.3019 0.158997

-1.3019 0.158997
-1.30182 0.159099

-1.30182 0.159098
-1.30166 0.159302

-1.30166 0.159302
-1.30151 0.159496

-1.30151 0.159495
-1.30143 0.159607

-1.30143 0.159607
-1.30121 0.159893

-1.30121 0.159893
-1.30119 0.159912

-1.30119 0.159912
-1.30096 0.160217

-1.30096 0.160217
-1.3009 0.16029

-1.3009 0.160289
-1.30072 0.160522

-1.30072 0.160522
-1.3006 0.160686

-1.3006 0.160684
-1.30049 0.160828

-1.30049 0.160828
-1.30029 0.161081

-1.30029 0.16108
-1.30025 0.161133

-1.30025 0.161133
-1.30002 0.161438

-1.30002 0.161438
-1.29999 0.161476

-1.29999 0.161476
-1.29978 0.161743

-1.29978 0.161743
-1.29968 0.161872

-1.29968 0.16187
-1.29955 0.162048

-1.29954 0.162048
-1.29938 0.162265

-1.29938 0.162264
-1.29931 0.162354

-1.29931 0.162354
-1.29907 0.162658

-1.29907 0.162659
-1.29884 0.162964

-1.29883 0.162964
-1.29877 0.163052

-1.29877 0.163052
-1.2986 0.163269

-1.2986 0.163269
-1.29846 0.163445

-1.29846 0.163443
-1.29836 0.163574

-1.29836 0.163574
-1.29816 0.163837

-1.29816 0.163837
-1.29812 0.163879

-1.29812 0.163879
-1.29789 0.164185

-1.29789 0.164185
-1.29785 0.164229

-1.29785 0.164229
-1.29765 0.16449

-1.29765 0.16449
-1.29755 0.164622

-1.29755 0.16462
-1.29741 0.164795

-1.29741 0.164795
-1.29724 0.165012

-1.29724 0.165011
-1.29717 0.1651

-1.29717 0.1651
-1.29694 0.165403

-1.29694 0.165403
-1.29693 0.165405

-1.29693 0.165405
-1.2967 0.16571

-1.2967 0.16571
-1.29663 0.165794

-1.29663 0.165793
-1.29646 0.166016

-1.29646 0.166016
-1.29633 0.166184

-1.29633 0.166182
-1.29622 0.166321

-1.29622 0.166321
-1.29602 0.166572

-1.29602 0.166572
-1.29598 0.166626

-1.29598 0.166626
-1.29574 0.166931

-1.29574 0.166931
-1.29572 0.166962

-1.29572 0.166962
-1.2955 0.167236

-1.2955 0.167236
-1.29541 0.167351

-1.29541 0.16735
-1.29526 0.167542

-1.29526 0.167542
-1.2951 0.167739

-1.2951 0.167738
-1.29502 0.167847

-1.29502 0.167847
-1.2948 0.168127

-1.2948 0.168126
-1.29478 0.168152

-1.29478 0.168152
-1.29454 0.168457

-1.29454 0.168457
-1.29449 0.168515

-1.29449 0.168514
-1.2943 0.168762

-1.2943 0.168762
-1.29419 0.168903

-1.29419 0.168901
-1.29406 0.169067

-1.29406 0.169067
-1.29388 0.169288

-1.29388 0.169287
-1.29382 0.169373

-1.29382 0.169373
-1.29358 0.169674

-1.29358 0.169674
-1.29358 0.169678

-1.29358 0.169678
-1.29334 0.169983

-1.29333 0.169983
-1.29327 0.170061

-1.29327 0.17006
-1.29309 0.170288

-1.29309 0.170288
-1.29297 0.170447

-1.29297 0.170445
-1.29285 0.170593

-1.29285 0.170593
-1.29266 0.170831

-1.29266 0.170831
-1.29261 0.170898

-1.29261 0.170898
-1.29237 0.171204

-1.29237 0.171204
-1.29236 0.171216

-1.29236 0.171216
-1.29213 0.171509

-1.29213 0.171509
-1.29205 0.171601

-1.29205 0.171601
-1.29188 0.171814

-1.29188 0.171814
-1.29175 0.171986

-1.29175 0.171984
-1.29164 0.172119

-1.29164 0.172119
-1.29144 0.172369

-1.29144 0.172368
-1.2914 0.172424

-1.2914 0.172424
-1.29116 0.172729

-1.29116 0.172729
-1.29114 0.172752

-1.29114 0.172752
-1.29091 0.173035

-1.29091 0.173035
-1.29083 0.173136

-1.29083 0.173135
-1.29067 0.17334

-1.29067 0.17334
-1.29053 0.173518

-1.29053 0.173517
-1.29043 0.173645

-1.29043 0.173645
-1.29022 0.1739

-1.29022 0.1739
-1.29018 0.17395

-1.29018 0.17395
-1.28994 0.174255

-1.28994 0.174255
-1.28992 0.174282

-1.28992 0.174282
-1.28969 0.174561

-1.28969 0.174561
-1.28961 0.174665

-1.28961 0.174664
-1.28945 0.174866

-1.28945 0.174866
-1.28931 0.175046

-1.28931 0.175044
-1.28921 0.175171

-1.28921 0.175171
-1.289 0.175426

-1.289 0.175426
-1.28896 0.175476

-1.28896 0.175476
-1.28872 0.175781

-1.28872 0.175781
-1.2887 0.175807

-1.2887 0.175807
-1.28847 0.176086

-1.28847 0.176086
-1.28839 0.176188

-1.28839 0.176187
-1.28823 0.176392

-1.28823 0.176392
-1.28809 0.176568

-1.28809 0.176566
-1.28798 0.176697

-1.28798 0.176697
-1.28778 0.176946

-1.28778 0.176946
-1.28774 0.177002

-1.28774 0.177002
-1.28749 0.177307

-1.28749 0.177307
-1.28748 0.177326

-1.28748 0.177326
-1.28724 0.177612

-1.28724 0.177612
-1.28717 0.177705

-1.28717 0.177705
-1.287 0.177917

-1.287 0.177917
-1.28687 0.178084

-1.28687 0.178082
-1.28675 0.178223

-1.28675 0.178223
-1.28656 0.178462

-1.28656 0.178461
-1.28651 0.178528

-1.28651 0.178528
-1.28626 0.178833

-1.28626 0.178833
-1.28625 0.17884

-1.28625 0.17884
-1.28601 0.179138

-1.28601 0.179138
-1.28595 0.179218

-1.28595 0.179217
-1.28577 0.179443

-1.28577 0.179443
-1.28564 0.179596

-1.28564 0.179593
-1.28552 0.179749

-1.28552 0.179749
-1.28534 0.179972

-1.28534 0.179971
-1.28527 0.180054

-1.28527 0.180054
-1.28503 0.180348

-1.28503 0.180348
-1.28503 0.180359

-1.28503 0.180359
-1.28478 0.180664

-1.28478 0.180664
-1.28473 0.180725

-1.28473 0.180725
-1.28453 0.180969

-1.28453 0.180969
-1.28442 0.181102

-1.28442 0.1811
-1.28428 0.181274

-1.28428 0.181274
-1.28412 0.181477

-1.28412 0.181476
-1.28404 0.18158

-1.28403 0.18158
-1.28381 0.181852

-1.28381 0.181852
-1.28379 0.181885

-1.28379 0.181885
-1.28354 0.18219

-1.28354 0.18219
-1.28351 0.182227

-1.28351 0.182227
-1.28329 0.182495

-1.28329 0.182495
-1.2832 0.182603

-1.2832 0.182601
-1.28304 0.1828

-1.28304 0.1828
-1.2829 0.182977

-1.2829 0.182975
-1.28279 0.183105

-1.28279 0.183105
-1.28259 0.18335

-1.28259 0.18335
-1.28254 0.183411

-1.28254 0.183411
-1.28229 0.183716

-1.28229 0.183716
-1.28229 0.183725

-1.28229 0.183724
-1.28205 0.184021

-1.28205 0.184021
-1.28198 0.184099

-1.28198 0.184098
-1.2818 0.184326

-1.2818 0.184326
-1.28168 0.184473

-1.28168 0.18447
-1.28155 0.184631

-1.28155 0.184631
-1.28137 0.184845

-1.28137 0.184844
-1.2813 0.184937

-1.2813 0.184937
-1.28107 0.185217

-1.28107 0.185217
-1.28105 0.185242

-1.28105 0.185242
-1.2808 0.185547

-1.2808 0.185547
-1.28076 0.18559

-1.28076 0.185589
-1.28055 0.185852

-1.28055 0.185852
-1.28046 0.185962

-1.28046 0.185961
-1.2803 0.186157

-1.2803 0.186157
-1.28015 0.186334

-1.28015 0.186333
-1.28005 0.186462

-1.28005 0.186462
-1.27985 0.186705

-1.27985 0.186705
-1.27979 0.186768

-1.27979 0.186768
-1.27954 0.187073

-1.27954 0.187073
-1.27954 0.187077

-1.27954 0.187076
-1.27929 0.187378

-1.27929 0.187378
-1.27924 0.187448

-1.27924 0.187447
-1.27904 0.187683

-1.27904 0.187683
-1.27893 0.187819

-1.27893 0.187817
-1.27879 0.187988

-1.27879 0.187988
-1.27863 0.188189

-1.27863 0.188188
-1.27854 0.188293

-1.27854 0.188293
-1.27832 0.188559

-1.27832 0.188559
-1.27829 0.188599

-1.27829 0.188599
-1.27804 0.188904

-1.27804 0.188904
-1.27802 0.188929

-1.27802 0.188928
-1.27778 0.189209

-1.27778 0.189209
-1.27771 0.189299

-1.27771 0.189298
-1.27753 0.189514

-1.27753 0.189514
-1.2774 0.189669

-1.2774 0.189666
-1.27728 0.189819

-1.27728 0.189819
-1.2771 0.190037

-1.2771 0.190036
-1.27703 0.190125

-1.27703 0.190125
-1.27679 0.190405

-1.27679 0.190405
-1.27677 0.19043

-1.27677 0.19043
-1.27652 0.190735

-1.27652 0.190735
-1.27649 0.190774

-1.27649 0.190774
-1.27627 0.19104

-1.27627 0.19104
-1.27618 0.191143

-1.27618 0.191142
-1.27602 0.191345

-1.27601 0.191345
-1.27588 0.191511

-1.27588 0.191509
-1.27576 0.19165

-1.27576 0.19165
-1.27557 0.191878

-1.27557 0.191877
-1.27551 0.191956

-1.27551 0.191956
-1.27527 0.192245

-1.27527 0.192245
-1.27526 0.192261

-1.27526 0.192261
-1.275 0.192566

-1.275 0.192566
-1.27496 0.192613

-1.27496 0.192612
-1.27475 0.192871

-1.27475 0.192871
-1.27466 0.19298

-1.27466 0.192979
-1.27449 0.193176

-1.27449 0.193176
-1.27435 0.193347

-1.27435 0.193345
-1.27424 0.193481

-1.27424 0.193481
-1.27405 0.193712

-1.27405 0.193712
-1.27399 0.193787

-1.27399 0.193787
-1.27374 0.194078

-1.27374 0.194078
-1.27373 0.194092

-1.27373 0.194092
-1.27348 0.194397

-1.27348 0.194397
-1.27344 0.194444

-1.27344 0.194444
-1.27322 0.194702

-1.27322 0.194702
-1.27313 0.19481

-1.27313 0.194809
-1.27297 0.195007

-1.27297 0.195007
-1.27283 0.195176

-1.27283 0.195174
-1.27271 0.195312

-1.27271 0.195312
-1.27252 0.19554

-1.27252 0.19554
-1.27246 0.195618

-1.27246 0.195618
-1.27222 0.195905

-1.27222 0.195905
-1.2722 0.195923

-1.2722 0.195923
-1.27195 0.196228

-1.27195 0.196228
-1.27191 0.19627

-1.27191 0.196269
-1.27169 0.196533

-1.27169 0.196533
-1.27161 0.196634

-1.27161 0.196633
-1.27144 0.196838

-1.27143 0.196838
-1.2713 0.196999

-1.2713 0.196997
-1.27118 0.197144

-1.27118 0.197144
-1.271 0.197362

-1.271 0.197361
-1.27092 0.197449

-1.27092 0.197449
-1.27069 0.197725

-1.27069 0.197725
-1.27067 0.197754

-1.27067 0.197754
-1.27041 0.198059

-1.27041 0.198059
-1.27039 0.198089

-1.27039 0.198088
-1.27015 0.198364

-1.27015 0.198364
-1.27008 0.198452

-1.27008 0.198451
-1.2699 0.198669

-1.2699 0.198669
-1.26978 0.198815

-1.26978 0.198813
-1.26964 0.198975

-1.26964 0.198975
-1.26947 0.199177

-1.26947 0.199176
-1.26938 0.19928

-1.26938 0.19928
-1.26917 0.199539

-1.26917 0.199539
-1.26913 0.199585

-1.26913 0.199585
-1.26887 0.19989

-1.26887 0.19989
-1.26886 0.199901

-1.26886 0.199901
-1.26861 0.200195

-1.26861 0.200195
-1.26855 0.200263

-1.26855 0.200263
-1.26835 0.2005

-1.26835 0.2005
-1.26825 0.200625

-1.26825 0.200623
-1.2681 0.200806

-1.2681 0.200806
-1.26794 0.200987

-1.26794 0.200985
-1.26784 0.201111

-1.26784 0.201111
-1.26764 0.201347

-1.26764 0.201346
-1.26758 0.201416

-1.26758 0.201416
-1.26733 0.201707

-1.26733 0.201707
-1.26732 0.201721

-1.26732 0.201721
-1.26706 0.202026

-1.26706 0.202026
-1.26703 0.202068

-1.26703 0.202068
-1.26681 0.202332

-1.26681 0.202332
-1.26672 0.202429

-1.26672 0.202428
-1.26655 0.202637

-1.26655 0.202637
-1.26642 0.20279

-1.26642 0.202787
-1.26629 0.202942

-1.26629 0.202942
-1.26611 0.203149

-1.26611 0.203148
-1.26603 0.203247

-1.26603 0.203247
-1.26581 0.203508

-1.26581 0.203508
-1.26577 0.203552

-1.26577 0.203552
-1.26551 0.203857

-1.26551 0.203857
-1.2655 0.203868

-1.2655 0.203867
-1.26525 0.204163

-1.26525 0.204163
-1.2652 0.204227

-1.2652 0.204226
-1.26499 0.204468

-1.26499 0.204468
-1.26489 0.204586

-1.26489 0.204584
-1.26473 0.204773

-1.26473 0.204773
-1.26459 0.204946

-1.26459 0.204943
-1.26447 0.205078

-1.26447 0.205078
-1.26428 0.205303

-1.26428 0.205302
-1.26421 0.205383

-1.26421 0.205383
-1.26398 0.205661

-1.26398 0.205661
-1.26395 0.205688

-1.26395 0.205688
-1.26369 0.205994

-1.26369 0.205994
-1.26367 0.206019

-1.26367 0.206019
-1.26343 0.206299

-1.26343 0.206299
-1.26337 0.206377

-1.26337 0.206376
-1.26317 0.206604

-1.26317 0.206604
-1.26306 0.206735

-1.26306 0.206733
-1.26291 0.206909

-1.26291 0.206909
-1.26276 0.207092

-1.26276 0.207091
-1.26265 0.207214

-1.26265 0.207214
-1.26245 0.207448

-1.26245 0.207448
-1.26239 0.20752

-1.26239 0.20752
-1.26215 0.207805

-1.26215 0.207805
-1.26213 0.207825

-1.26213 0.207825
-1.26187 0.20813

-1.26187 0.20813
-1.26184 0.208162

-1.26184 0.208162
-1.26161 0.208435

-1.26161 0.208435
-1.26154 0.208518

-1.26154 0.208518
-1.26135 0.20874

-1.26134 0.20874
-1.26123 0.208875

-1.26123 0.208873
-1.26108 0.209045

-1.26108 0.209045
-1.26093 0.209231

-1.26093 0.20923
-1.26082 0.209351

-1.26082 0.209351
-1.26062 0.209586

-1.26062 0.209586
-1.26056 0.209656

-1.26056 0.209656
-1.26031 0.209941

-1.26031 0.209941
-1.2603 0.209961

-1.2603 0.209961
-1.26004 0.210266

-1.26004 0.210266
-1.26001 0.210297

-1.26001 0.210296
-1.25977 0.210571

-1.25977 0.210571
-1.2597 0.210652

-1.2597 0.210651
-1.25951 0.210876

-1.25951 0.210876
-1.2594 0.211007

-1.2594 0.211005
-1.25925 0.211182

-1.25925 0.211182
-1.25909 0.211362

-1.25909 0.21136
-1.25899 0.211487

-1.25899 0.211487
-1.25879 0.211715

-1.25879 0.211715
-1.25872 0.211792

-1.25872 0.211792
-1.25848 0.212069

-1.25848 0.212069
-1.25846 0.212097

-1.25846 0.212097
-1.2582 0.212402

-1.2582 0.212402
-1.25818 0.212423

-1.25818 0.212423
-1.25793 0.212708

-1.25793 0.212708
-1.25787 0.212777

-1.25787 0.212776
-1.25767 0.213013

-1.25767 0.213013
-1.25757 0.213131

-1.25757 0.213129
-1.25741 0.213318

-1.25741 0.213318
-1.25726 0.213485

-1.25726 0.213483
-1.25714 0.213623

-1.25714 0.213623
-1.25696 0.213837

-1.25696 0.213836
-1.25688 0.213928

-1.25688 0.213928
-1.25665 0.214189

-1.25665 0.214189
-1.25661 0.214233

-1.25661 0.214233
-1.25635 0.214539

-1.25635 0.214539
-1.25635 0.214542

-1.25635 0.214542
-1.25609 0.214844

-1.25609 0.214844
-1.25604 0.214894

-1.25604 0.214894
-1.25582 0.215149

-1.25582 0.215149
-1.25574 0.215247

-1.25574 0.215245
-1.25556 0.215454

-1.25556 0.215454
-1.25543 0.215599

-1.25543 0.215597
-1.25529 0.215759

-1.25529 0.215759
-1.25513 0.215951

-1.25513 0.215949
-1.25503 0.216064

-1.25503 0.216064
-1.25482 0.216301

-1.25482 0.216301
-1.25476 0.21637

-1.25476 0.21637
-1.25452 0.216652

-1.25452 0.216652
-1.2545 0.216675

-1.2545 0.216675
-1.25423 0.21698

-1.25423 0.21698
-1.25421 0.217004

-1.25421 0.217003
-1.25397 0.217285

-1.25397 0.217285
-1.25391 0.217355

-1.25391 0.217354
-1.2537 0.21759

-1.2537 0.21759
-1.2536 0.217705

-1.2536 0.217704
-1.25344 0.217896

-1.25343 0.217896
-1.2533 0.218056

-1.2533 0.218055
-1.25317 0.218201

-1.25317 0.218201
-1.25299 0.218406

-1.25299 0.218405
-1.2529 0.218506

-1.2529 0.218506
-1.25269 0.218755

-1.25269 0.218755
-1.25264 0.218811

-1.25264 0.218811
-1.25238 0.219105

-1.25238 0.219105
-1.25237 0.219116

-1.25237 0.219116
-1.2521 0.219421

-1.2521 0.219421
-1.25208 0.219455

-1.25208 0.219455
-1.25184 0.219727

-1.25184 0.219727
-1.25177 0.219804

-1.25177 0.219804
-1.25157 0.220032

-1.25157 0.220032
-1.25146 0.220154

-1.25146 0.220152
-1.25131 0.220337

-1.2513 0.220337
-1.25116 0.220503

-1.25116 0.220501
-1.25104 0.220642

-1.25104 0.220642
-1.25085 0.220852

-1.25085 0.220851
-1.25077 0.220947

-1.25077 0.220947
-1.25055 0.221199

-1.25055 0.221199
-1.2505 0.221252

-1.2505 0.221252
-1.25024 0.221548

-1.25024 0.221548
-1.25024 0.221558

-1.25024 0.221558
-1.24997 0.221863

-1.24997 0.221863
-1.24994 0.221896

-1.24994 0.221896
-1.2497 0.222168

-1.2497 0.222168
-1.24963 0.222244

-1.24963 0.222243
-1.24943 0.222473

-1.24943 0.222473
-1.24933 0.222592

-1.24933 0.22259
-1.24917 0.222778

-1.24916 0.222778
-1.24902 0.22294

-1.24902 0.222938
-1.2489 0.223083

-1.2489 0.223083
-1.24872 0.223287

-1.24872 0.223286
-1.24863 0.223389

-1.24863 0.223389
-1.24841 0.223633

-1.24841 0.223633
-1.24836 0.223694

-1.24836 0.223694
-1.24811 0.22398

-1.24811 0.22398
-1.24809 0.223999

-1.24809 0.223999
-1.24782 0.224304

-1.24782 0.224304
-1.2478 0.224327

-1.2478 0.224326
-1.24755 0.224609

-1.24755 0.224609
-1.2475 0.224673

-1.2475 0.224673
-1.24728 0.224915

-1.24728 0.224915
-1.24719 0.22502

-1.24719 0.225018
-1.24702 0.22522

-1.24701 0.22522
-1.24689 0.225366

-1.24689 0.225364
-1.24675 0.225525

-1.24674 0.225525
-1.24658 0.225712

-1.24658 0.22571
-1.24648 0.22583

-1.24648 0.22583
-1.24628 0.226057

-1.24628 0.226056
-1.24621 0.226135

-1.24621 0.226135
-1.24597 0.226402

-1.24597 0.226402
-1.24594 0.22644

-1.24594 0.22644
-1.24567 0.226746

-1.24567 0.226746
-1.24567 0.226747

-1.24567 0.226747
-1.2454 0.227051

-1.2454 0.227051
-1.24536 0.227092

-1.24536 0.227092
-1.24513 0.227356

-1.24513 0.227356
-1.24506 0.227437

-1.24506 0.227436
-1.24486 0.227661

-1.24486 0.227661
-1.24475 0.227782

-1.24475 0.22778
-1.24459 0.227966

-1.24459 0.227966
-1.24445 0.228127

-1.24445 0.228125
-1.24432 0.228271

-1.24432 0.228271
-1.24414 0.228471

-1.24414 0.22847
-1.24405 0.228577

-1.24405 0.228577
-1.24384 0.228814

-1.24384 0.228814
-1.24378 0.228882

-1.24378 0.228882
-1.24353 0.229158

-1.24353 0.229158
-1.2435 0.229187

-1.2435 0.229187
-1.24323 0.229492

-1.24323 0.229492
-1.24323 0.229502

-1.24323 0.229502
-1.24296 0.229797

-1.24296 0.229797
-1.24292 0.229845

-1.24292 0.229845
-1.24269 0.230103

-1.24269 0.230103
-1.24261 0.230189

-1.24261 0.230187
-1.24242 0.230408

-1.24242 0.230408
-1.24231 0.230532

-1.24231 0.23053
-1.24215 0.230713

-1.24215 0.230713
-1.242 0.230875

-1.242 0.230873
-1.24188 0.231018

-1.24188 0.231018
-1.2417 0.231218

-1.2417 0.231217
-1.2416 0.231323

-1.2416 0.231323
-1.24139 0.23156

-1.24139 0.231559
-1.24133 0.231628

-1.24133 0.231628
-1.24109 0.231901

-1.24109 0.231901
-1.24106 0.231934

-1.24106 0.231934
-1.24079 0.232239

-1.24079 0.232239
-1.24078 0.232244

-1.24078 0.232243
-1.24052 0.232544

-1.24052 0.232544
-1.24048 0.232586

-1.24048 0.232585
-1.24024 0.232849

-1.24024 0.232849
-1.24017 0.232927

-1.24017 0.232926
-1.23997 0.233154

-1.23997 0.233154
-1.23987 0.233269

-1.23987 0.233267
-1.2397 0.233459

-1.2397 0.233459
-1.23956 0.233611

-1.23956 0.233609
-1.23943 0.233765

-1.23942 0.233765
-1.23926 0.233952

-1.23926 0.233951
-1.23915 0.23407

-1.23915 0.23407
-1.23895 0.234292

-1.23895 0.234292
-1.23888 0.234375

-1.23888 0.234375
-1.23865 0.234633

-1.23865 0.234632
-1.2386 0.23468

-1.2386 0.23468
-1.23834 0.234973

-1.23834 0.234973
-1.23833 0.234985

-1.23833 0.234985
-1.23806 0.235291

-1.23806 0.235291
-1.23804 0.235314

-1.23804 0.235313
-1.23778 0.235596

-1.23778 0.235596
-1.23773 0.235654

-1.23773 0.235653
-1.23751 0.235901

-1.23751 0.235901
-1.23743 0.235994

-1.23743 0.235992
-1.23724 0.236206

-1.23724 0.236206
-1.23712 0.236334

-1.23712 0.236332
-1.23696 0.236511

-1.23696 0.236511
-1.23682 0.236674

-1.23682 0.236672
-1.23669 0.236816

-1.23669 0.236816
-1.23651 0.237014

-1.23651 0.237012
-1.23641 0.237122

-1.23641 0.237122
-1.23621 0.237352

-1.23621 0.237351
-1.23614 0.237427

-1.23614 0.237427
-1.2359 0.23769

-1.2359 0.23769
-1.23586 0.237732

-1.23586 0.237732
-1.2356 0.238029

-1.2356 0.238029
-1.23559 0.238037

-1.23559 0.238037
-1.23531 0.238342

-1.23531 0.238342
-1.23529 0.238368

-1.23529 0.238368
-1.23504 0.238647

-1.23504 0.238647
-1.23499 0.238707

-1.23499 0.238706
-1.23476 0.238953

-1.23476 0.238953
-1.23468 0.239045

-1.23468 0.239043
-1.23449 0.239258

-1.23449 0.239258
-1.23438 0.239383

-1.23438 0.239381
-1.23421 0.239563

-1.23421 0.239563
-1.23407 0.239721

-1.23407 0.23972
-1.23394 0.239868

-1.23394 0.239868
-1.23376 0.24006

-1.23376 0.240058
-1.23366 0.240173

-1.23366 0.240173
-1.23346 0.240397

-1.23346 0.240396
-1.23338 0.240479

-1.23338 0.240479
-1.23315 0.240733

-1.23315 0.240733
-1.23311 0.240784

-1.23311 0.240784
-1.23285 0.24107

-1.23285 0.24107
-1.23283 0.241089

-1.23283 0.241089
-1.23256 0.241394

-1.23256 0.241394
-1.23254 0.241408

-1.23254 0.241407
-1.23228 0.241699

-1.23228 0.241699
-1.23224 0.241744

-1.23224 0.241744
-1.232 0.242004

-1.232 0.242004
-1.23193 0.242081

-1.23193 0.24208
-1.23173 0.24231

-1.23173 0.24231
-1.23163 0.242418

-1.23163 0.242416
-1.23145 0.242615

-1.23145 0.242615
-1.23132 0.242754

-1.23132 0.242752
-1.23117 0.24292

-1.23117 0.24292
-1.23102 0.24309

-1.23102 0.243089
-1.2309 0.243225

-1.23089 0.243225
-1.23071 0.243427

-1.23071 0.243425
-1.23062 0.24353

-1.23062 0.24353
-1.23041 0.243762

-1.23041 0.243761
-1.23034 0.243835

-1.23034 0.243835
-1.2301 0.244097

-1.2301 0.244097
-1.23006 0.244141

-1.23006 0.244141
-1.2298 0.244432

-1.2298 0.244432
-1.22978 0.244446

-1.22978 0.244446
-1.22951 0.244751

-1.22951 0.244751
-1.22949 0.244768

-1.22949 0.244767
-1.22923 0.245056

-1.22923 0.245056
-1.22919 0.245103

-1.22919 0.245102
-1.22895 0.245361

-1.22895 0.245361
-1.22888 0.245437

-1.22888 0.245436
-1.22867 0.245667

-1.22867 0.245667
-1.22858 0.245772

-1.22858 0.24577
-1.2284 0.245972

-1.22839 0.245972
-1.22827 0.246107

-1.22827 0.246105
-1.22812 0.246277

-1.22812 0.246277
-1.22797 0.246441

-1.22797 0.24644
-1.22784 0.246582

-1.22784 0.246582
-1.22766 0.246776

-1.22766 0.246774
-1.22756 0.246887

-1.22756 0.246887
-1.22736 0.247109

-1.22736 0.247108
-1.22728 0.247192

-1.22728 0.247192
-1.22705 0.247442

-1.22705 0.247442
-1.227 0.247498

-1.227 0.247498
-1.22675 0.247776

-1.22675 0.247776
-1.22672 0.247803

-1.22672 0.247803
-1.22644 0.248108

-1.22644 0.248108
-1.22644 0.24811

-1.22644 0.248109
-1.22616 0.248413

-1.22616 0.248413
-1.22614 0.248443

-1.22614 0.248442
-1.22588 0.248718

-1.22588 0.248718
-1.22583 0.248776

-1.22583 0.248775
-1.2256 0.249023

-1.2256 0.249023
-1.22552 0.249109

-1.22552 0.249107
-1.22532 0.249329

-1.22532 0.249329
-1.22522 0.249442

-1.22522 0.24944
-1.22504 0.249634

-1.22504 0.249634
-1.22491 0.249774

-1.22491 0.249773
-1.22476 0.249939

-1.22476 0.249939
-1.22461 0.250107

-1.22461 0.250106
-1.22448 0.250244

-1.22448 0.250244
-1.2243 0.25044

-1.2243 0.250438
-1.2242 0.250549

-1.2242 0.250549
-1.224 0.250771

-1.224 0.25077
-1.22392 0.250854

-1.22392 0.250854
-1.22369 0.251103

-1.22369 0.251102
-1.22364 0.25116

-1.22364 0.25116
-1.22339 0.251434

-1.22339 0.251434
-1.22336 0.251465

-1.22336 0.251465
-1.22308 0.251765

-1.22308 0.251765
-1.22308 0.25177

-1.22308 0.25177
-1.2228 0.252075

-1.2228 0.252075
-1.22278 0.252097

-1.22278 0.252097
-1.22252 0.25238

-1.22252 0.25238
-1.22247 0.252428

-1.22247 0.252428
-1.22224 0.252686

-1.22224 0.252686
-1.22217 0.252759

-1.22217 0.252758
-1.22195 0.252991

-1.22195 0.252991
-1.22186 0.25309

-1.22186 0.253088
-1.22167 0.253296

-1.22167 0.253296
-1.22156 0.253421

-1.22156 0.253419
-1.22139 0.253601

-1.22139 0.253601
-1.22125 0.253752

-1.22125 0.25375
-1.22111 0.253906

-1.22111 0.253906
-1.22095 0.254082

-1.22095 0.254081
-1.22083 0.254211

-1.22083 0.254211
-1.22064 0.254413

-1.22064 0.254411
-1.22055 0.254517

-1.22054 0.254517
-1.22034 0.254742

-1.22034 0.254741
-1.22026 0.254822

-1.22026 0.254822
-1.22003 0.255072

-1.22003 0.255071
-1.21998 0.255127

-1.21998 0.255127
-1.21973 0.255401

-1.21973 0.255401
-1.2197 0.255432

-1.2197 0.255432
-1.21942 0.25573

-1.21942 0.25573
-1.21942 0.255737

-1.21942 0.255737
-1.21913 0.256042

-1.21913 0.256042
-1.21912 0.25606

-1.21912 0.25606
-1.21885 0.256348

-1.21885 0.256348
-1.21881 0.256389

-1.21881 0.256389
-1.21857 0.256653

-1.21857 0.256653
-1.21851 0.256718

-1.21851 0.256717
-1.21828 0.256958

-1.21828 0.256958
-1.2182 0.257047

-1.2182 0.257045
-1.218 0.257263

-1.218 0.257263
-1.2179 0.257376

-1.2179 0.257374
-1.21772 0.257568

-1.21772 0.257568
-1.21759 0.257705

-1.21759 0.257703
-1.21743 0.257874

-1.21743 0.257874
-1.21729 0.258033

-1.21729 0.258032
-1.21715 0.258179

-1.21715 0.258179
-1.21698 0.258361

-1.21698 0.25836
-1.21687 0.258484

-1.21686 0.258484
-1.21667 0.25869

-1.21667 0.258688
-1.21658 0.258789

-1.21658 0.258789
-1.21637 0.259017

-1.21637 0.259016
-1.2163 0.259094

-1.2163 0.259094
-1.21606 0.259344

-1.21606 0.259344
-1.21601 0.259399

-1.21601 0.259399
-1.21576 0.259672

-1.21576 0.259672
-1.21573 0.259705

-1.21573 0.259705
-1.21545 0.259999

-1.21545 0.259999
-1.21544 0.26001

-1.21544 0.26001
-1.21516 0.260315

-1.21516 0.260315
-1.21515 0.260326

-1.21515 0.260326
-1.21487 0.26062

-1.21487 0.26062
-1.21484 0.260653

-1.21484 0.260653
-1.21459 0.260925

-1.21459 0.260925
-1.21454 0.26098

-1.21454 0.260979
-1.2143 0.26123

-1.2143 0.26123
-1.21423 0.261307

-1.21423 0.261306
-1.21402 0.261536

-1.21402 0.261536
-1.21393 0.261634

-1.21393 0.261632
-1.21373 0.261841

-1.21373 0.261841
-1.21362 0.26196

-1.21362 0.261959
-1.21345 0.262146

-1.21345 0.262146
-1.21332 0.262286

-1.21332 0.262285
-1.21316 0.262451

-1.21316 0.262451
-1.21301 0.262612

-1.21301 0.262611
-1.21288 0.262756

-1.21288 0.262756
-1.21271 0.262939

-1.21271 0.262937
-1.21259 0.263062

-1.21259 0.263062
-1.2124 0.263264

-1.2124 0.263263
-1.21231 0.263367

-1.2123 0.263367
-1.2121 0.26359

-1.2121 0.263589
-1.21202 0.263672

-1.21202 0.263672
-1.21179 0.263915

-1.21179 0.263914
-1.21173 0.263977

-1.21173 0.263977
-1.21149 0.26424

-1.21149 0.26424
-1.21145 0.264282

-1.21145 0.264282
-1.21118 0.264565

-1.21118 0.264565
-1.21116 0.264587

-1.21116 0.264587
-1.21088 0.26489

-1.21088 0.26489
-1.21087 0.264893

-1.21087 0.264893
-1.21059 0.265198

-1.21059 0.265198
-1.21057 0.265215

-1.21057 0.265214
-1.2103 0.265503

-1.2103 0.265503
-1.21027 0.265539

-1.21027 0.265539
-1.21001 0.265808

-1.21001 0.265808
-1.20996 0.265864

-1.20996 0.265863
-1.20973 0.266113

-1.20973 0.266113
-1.20966 0.266188

-1.20966 0.266187
-1.20944 0.266418

-1.20944 0.266418
-1.20935 0.266512

-1.20935 0.266511
-1.20915 0.266724

-1.20915 0.266724
-1.20905 0.266836

-1.20905 0.266835
-1.20886 0.267029

-1.20886 0.267029
-1.20874 0.26716

-1.20874 0.267159
-1.20858 0.267334

-1.20858 0.267334
-1.20844 0.267484

-1.20844 0.267483
-1.20829 0.267639

-1.20829 0.267639
-1.20813 0.267807

-1.20813 0.267806
-1.208 0.267944

-1.208 0.267944
-1.20782 0.268131

-1.20782 0.26813
-1.20771 0.26825

-1.20771 0.26825
-1.20752 0.268454

-1.20752 0.268453
-1.20742 0.268555

-1.20742 0.268555
-1.20721 0.268777

-1.20721 0.268776
-1.20714 0.26886

-1.20713 0.26886
-1.20691 0.2691

-1.20691 0.269099
-1.20685 0.269165

-1.20685 0.269165
-1.2066 0.269422

-1.2066 0.269422
-1.20656 0.26947

-1.20656 0.26947
-1.2063 0.269744

-1.2063 0.269744
-1.20627 0.269775

-1.20627 0.269775
-1.20599 0.270067

-1.20599 0.270067
-1.20598 0.270081

-1.20598 0.270081
-1.20569 0.270386

-1.20569 0.270386
-1.20569 0.270389

-1.20569 0.270389
-1.2054 0.270691

-1.2054 0.270691
-1.20538 0.270711

-1.20538 0.270711
-1.20511 0.270996

-1.20511 0.270996
-1.20508 0.271033

-1.20508 0.271033
-1.20482 0.271301

-1.20482 0.271301
-1.20477 0.271355

-1.20477 0.271354
-1.20453 0.271606

-1.20453 0.271606
-1.20447 0.271677

-1.20447 0.271675
-1.20425 0.271912

-1.20424 0.271912
-1.20416 0.271998

-1.20416 0.271997
-1.20396 0.272217

-1.20395 0.272217
-1.20386 0.272319

-1.20386 0.272318
-1.20367 0.272522

-1.20366 0.272522
-1.20355 0.27264

-1.20355 0.272639
-1.20337 0.272827

-1.20337 0.272827
-1.20325 0.272961

-1.20325 0.27296
-1.20308 0.273132

-1.20308 0.273132
-1.20294 0.273282

-1.20294 0.273281
-1.20279 0.273438

-1.20279 0.273438
-1.20264 0.273603

-1.20264 0.273602
-1.2025 0.273743

-1.2025 0.273743
-1.20233 0.273924

-1.20233 0.273923
-1.20221 0.274048

-1.20221 0.274048
-1.20203 0.274244

-1.20203 0.274243
-1.20192 0.274353

-1.20192 0.274353
-1.20172 0.274564

-1.20172 0.274563
-1.20163 0.274658

-1.20163 0.274658
-1.20142 0.274885

-1.20142 0.274883
-1.20134 0.274963

-1.20134 0.274963
-1.20111 0.275204

-1.20111 0.275203
-1.20105 0.275269

-1.20105 0.275269
-1.20081 0.275524

-1.20081 0.275523
-1.20076 0.275574

-1.20076 0.275574
-1.2005 0.275843

-1.2005 0.275843
-1.20047 0.275879

-1.20047 0.275879
-1.2002 0.276162

-1.2002 0.276162
-1.20017 0.276184

-1.20017 0.276184
-1.19989 0.276481

-1.19989 0.276481
-1.19988 0.276489

-1.19988 0.276489
-1.19959 0.276794

-1.19959 0.276794
-1.19958 0.276801

-1.19958 0.2768
-1.1993 0.2771

-1.1993 0.2771
-1.19928 0.27712

-1.19928 0.277119
-1.19901 0.277405

-1.19901 0.277405
-1.19897 0.277438

-1.19897 0.277438
-1.19871 0.27771

-1.19871 0.27771
-1.19867 0.277757

-1.19867 0.277756
-1.19842 0.278015

-1.19842 0.278015
-1.19836 0.278076

-1.19836 0.278075
-1.19813 0.27832

-1.19813 0.27832
-1.19806 0.278394

-1.19806 0.278393
-1.19784 0.278625

-1.19784 0.278625
-1.19775 0.278712

-1.19775 0.278711
-1.19754 0.278931

-1.19754 0.278931
-1.19745 0.27903

-1.19745 0.279029
-1.19725 0.279236

-1.19725 0.279236
-1.19714 0.279348

-1.19714 0.279347
-1.19696 0.279541

-1.19696 0.279541
-1.19684 0.279666

-1.19684 0.279665
-1.19666 0.279846

-1.19666 0.279846
-1.19653 0.279983

-1.19653 0.279982
-1.19637 0.280151

-1.19637 0.280151
-1.19623 0.280301

-1.19623 0.2803
-1.19608 0.280457

-1.19608 0.280457
-1.19592 0.280618

-1.19592 0.280617
-1.19578 0.280762

-1.19578 0.280762
-1.19562 0.280935

-1.19562 0.280934
-1.19549 0.281067

-1.19549 0.281067
-1.19531 0.281252

-1.19531 0.281251
-1.1952 0.281372

-1.1952 0.281372
-1.19501 0.281569

-1.19501 0.281568
-1.1949 0.281677

-1.1949 0.281677
-1.1947 0.281886

-1.1947 0.281885
-1.19461 0.281982

-1.19461 0.281982
-1.1944 0.282202

-1.1944 0.282201
-1.19431 0.282288

-1.19431 0.282288
-1.19409 0.282519

-1.19409 0.282518
-1.19402 0.282593

-1.19402 0.282593
-1.19379 0.282835

-1.19379 0.282834
-1.19372 0.282898

-1.19372 0.282898
-1.19348 0.283151

-1.19348 0.28315
-1.19343 0.283203

-1.19343 0.283203
-1.19318 0.283466

-1.19318 0.283466
-1.19314 0.283508

-1.19314 0.283508
-1.19287 0.283782

-1.19287 0.283782
-1.19284 0.283813

-1.19284 0.283813
-1.19257 0.284097

-1.19257 0.284097
-1.19255 0.284119

-1.19255 0.284119
-1.19226 0.284413

-1.19226 0.284413
-1.19225 0.284424

-1.19225 0.284424
-1.19196 0.284728

-1.19196 0.284728
-1.19195 0.284729

-1.19195 0.284729
-1.19166 0.285034

-1.19166 0.285034
-1.19165 0.285043

-1.19165 0.285043
-1.19136 0.285339

-1.19136 0.285339
-1.19135 0.285358

-1.19135 0.285358
-1.19107 0.285645

-1.19107 0.285645
-1.19104 0.285673

-1.19104 0.285673
-1.19077 0.28595

-1.19077 0.28595
-1.19073 0.285988

-1.19073 0.285987
-1.19048 0.286255

-1.19048 0.286255
-1.19043 0.286302

-1.19043 0.286302
-1.19018 0.28656

-1.19018 0.28656
-1.19012 0.286617

-1.19012 0.286616
-1.18988 0.286865

-1.18988 0.286865
-1.18982 0.286931

-1.18982 0.28693
-1.18959 0.28717

-1.18959 0.28717
-1.18951 0.287245

-1.18951 0.287244
-1.18929 0.287476

-1.18929 0.287476
-1.18921 0.287559

-1.18921 0.287558
-1.18899 0.287781

-1.18899 0.287781
-1.1889 0.287873

-1.1889 0.287872
-1.1887 0.288086

-1.1887 0.288086
-1.1886 0.288186

-1.1886 0.288186
-1.1884 0.288391

-1.1884 0.288391
-1.18829 0.2885

-1.18829 0.288499
-1.1881 0.288696

-1.1881 0.288696
-1.18799 0.288813

-1.18799 0.288812
-1.1878 0.289001

-1.1878 0.289001
-1.18768 0.289126

-1.18768 0.289126
-1.18751 0.289307

-1.18751 0.289307
-1.18738 0.289439

-1.18738 0.289439
-1.18721 0.289612

-1.18721 0.289612
-1.18707 0.289752

-1.18707 0.289752
-1.18691 0.289917

-1.18691 0.289917
-1.18677 0.290065

-1.18677 0.290064
-1.18661 0.290222

-1.18661 0.290222
-1.18646 0.290378

-1.18646 0.290377
-1.18632 0.290527

-1.18632 0.290527
-1.18616 0.29069

-1.18616 0.290689
-1.18602 0.290833

-1.18602 0.290833
-1.18585 0.291002

-1.18585 0.291002
-1.18572 0.291138

-1.18572 0.291138
-1.18555 0.291314

-1.18555 0.291314
-1.18542 0.291443

-1.18542 0.291443
-1.18524 0.291626

-1.18524 0.291626
-1.18512 0.291748

-1.18512 0.291748
-1.18494 0.291938

-1.18494 0.291938
-1.18482 0.292053

-1.18482 0.292053
-1.18463 0.29225

-1.18463 0.292249
-1.18452 0.292358

-1.18452 0.292358
-1.18433 0.292562

-1.18433 0.292561
-1.18423 0.292664

-1.18423 0.292664
-1.18402 0.292873

-1.18402 0.292872
-1.18393 0.292969

-1.18393 0.292969
-1.18372 0.293184

-1.18372 0.293184
-1.18363 0.293274

-1.18363 0.293274
-1.18341 0.293495

-1.18341 0.293495
-1.18333 0.293579

-1.18333 0.293579
-1.18311 0.293806

-1.18311 0.293806
-1.18303 0.293884

-1.18303 0.293884
-1.1828 0.294117

-1.1828 0.294117
-1.18273 0.294189

-1.18273 0.294189
-1.1825 0.294428

-1.1825 0.294427
-1.18243 0.294495

-1.18243 0.294495
-1.18219 0.294738

-1.18219 0.294738
-1.18213 0.2948

-1.18213 0.2948
-1.18188 0.295049

-1.18188 0.295048
-1.18183 0.295105

-1.18183 0.295105
-1.18158 0.295359

-1.18158 0.295358
-1.18153 0.29541

-1.18153 0.29541
-1.18127 0.295669

-1.18127 0.295668
-1.18123 0.295715

-1.18123 0.295715
-1.18097 0.295979

-1.18097 0.295978
-1.18093 0.296021

-1.18093 0.296021
-1.18066 0.296289

-1.18066 0.296288
-1.18063 0.296326

-1.18063 0.296326
-1.18036 0.296598

-1.18036 0.296598
-1.18033 0.296631

-1.18033 0.296631
-1.18005 0.296908

-1.18005 0.296907
-1.18003 0.296936

-1.18003 0.296936
-1.17975 0.297217

-1.17975 0.297217
-1.17972 0.297241

-1.17972 0.297241
-1.17944 0.297526

-1.17944 0.297526
-1.17942 0.297546

-1.17942 0.297546
-1.17914 0.297835

-1.17914 0.297835
-1.17912 0.297852

-1.17912 0.297852
-1.17883 0.298144

-1.17883 0.298144
-1.17882 0.298157

-1.17882 0.298157
-1.17853 0.298453

-1.17853 0.298453
-1.17852 0.298462

-1.17852 0.298462
-1.17822 0.298761

-1.17822 0.298761
-1.17822 0.298767

-1.17822 0.298767
-1.17792 0.29907

-1.17792 0.29907
-1.17791 0.299072

-1.17791 0.299072
-1.17761 0.299377

-1.17761 0.299377
-1.17761 0.299378

-1.17761 0.299378
-1.17731 0.299683

-1.17731 0.299683
-1.17731 0.299686

-1.17731 0.299686
-1.17701 0.299988

-1.17701 0.299988
-1.177 0.299994

-1.177 0.299994
-1.17671 0.300293

-1.17671 0.300293
-1.1767 0.300302

-1.1767 0.300302
-1.1764 0.300598

-1.1764 0.300598
-1.17639 0.30061

-1.17639 0.30061
-1.1761 0.300903

-1.1761 0.300903
-1.17609 0.300918

-1.17609 0.300918
-1.1758 0.301208

-1.1758 0.301208
-1.17578 0.301225

-1.17578 0.301225
-1.17549 0.301514

-1.17549 0.301514
-1.17548 0.301533

-1.17548 0.301532
-1.17519 0.301819

-1.17519 0.301819
-1.17517 0.30184

-1.17517 0.301839
-1.17489 0.302124

-1.17489 0.302124
-1.17487 0.302147

-1.17487 0.302146
-1.17458 0.302429

-1.17458 0.302429
-1.17456 0.302454

-1.17456 0.302453
-1.17428 0.302734

-1.17428 0.302734
-1.17426 0.30276

-1.17426 0.30276
-1.17398 0.30304

-1.17398 0.30304
-1.17395 0.303067

-1.17395 0.303067
-1.17367 0.303345

-1.17367 0.303345
-1.17365 0.303373

-1.17365 0.303373
-1.17337 0.30365

-1.17337 0.30365
-1.17334 0.30368

-1.17334 0.30368
-1.17307 0.303955

-1.17307 0.303955
-1.17303 0.303986

-1.17303 0.303986
-1.17276 0.30426

-1.17276 0.30426
-1.17273 0.304292

-1.17273 0.304292
-1.17246 0.304565

-1.17246 0.304565
-1.17242 0.304598

-1.17242 0.304598
-1.17215 0.304871

-1.17215 0.304871
-1.17212 0.304904

-1.17212 0.304904
-1.17185 0.305176

-1.17185 0.305176
-1.17181 0.305209

-1.17181 0.305209
-1.17154 0.305481

-1.17154 0.305481
-1.17151 0.305515

-1.17151 0.305515
-1.17124 0.305786

-1.17124 0.305786
-1.1712 0.30582

-1.1712 0.30582
-1.17093 0.306091

-1.17093 0.306091
-1.1709 0.306125

-1.1709 0.306125
-1.17063 0.306396

-1.17063 0.306396
-1.17059 0.30643

-1.17059 0.30643
-1.17032 0.306702

-1.17032 0.306702
-1.17029 0.306735

-1.17029 0.306735
-1.17002 0.307007

-1.17002 0.307007
-1.16998 0.30704

-1.16998 0.30704
-1.16971 0.307312

-1.16971 0.307312
-1.16968 0.307345

-1.16968 0.307345
-1.1694 0.307617

-1.1694 0.307617
-1.16937 0.307649

-1.16937 0.307649
-1.1691 0.307922

-1.1691 0.307922
-1.16907 0.307954

-1.16907 0.307954
-1.16879 0.308228

-1.16879 0.308228
-1.16876 0.308258

-1.16876 0.308258
-1.16849 0.308533

-1.16849 0.308533
-1.16846 0.308562

-1.16846 0.308562
-1.16818 0.308838

-1.16818 0.308838
-1.16815 0.308866

-1.16815 0.308866
-1.16787 0.309143

-1.16787 0.309143
-1.16785 0.30917

-1.16785 0.30917
-1.16757 0.309448

-1.16757 0.309448
-1.16754 0.309473

-1.16754 0.309473
-1.16726 0.309753

-1.16726 0.309753
-1.16724 0.309777

-1.16724 0.309777
-1.16695 0.310059

-1.16695 0.310059
-1.16693 0.31008

-1.16693 0.31008
-1.16665 0.310364

-1.16665 0.310364
-1.16663 0.310383

-1.16663 0.310383
-1.16634 0.310669

-1.16634 0.310669
-1.16632 0.310686

-1.16632 0.310687
-1.16603 0.310974

-1.16603 0.310974
-1.16602 0.310989

-1.16602 0.310989
-1.16572 0.311279

-1.16572 0.311279
-1.16571 0.311292

-1.16571 0.311292
-1.16542 0.311584

-1.16542 0.311584
-1.16541 0.311595

-1.16541 0.311595
-1.16511 0.31189

-1.16511 0.31189
-1.1651 0.311898

-1.1651 0.311897
-1.1648 0.312195

-1.1648 0.312195
-1.16479 0.3122

-1.16479 0.3122
-1.16449 0.3125

-1.15625 0.00542787
-1.15594 0.0054156

-1.15594 0.0054156
-1.15564 0.00540339

-1.15564 0.00540339
-1.15533 0.00539124

-1.15533 0.00539124
-1.15503 0.00537915

-1.15503 0.00537916
-1.15472 0.00536711

-1.15472 0.00536712
-1.15442 0.0053551

-1.15442 0.0053551
-1.15411 0.00534311

-1.15411 0.00534309
-1.15381 0.00533118

-1.15381 0.00533118
-1.1535 0.00531937

-1.1535 0.00531938
-1.1532 0.00530761

-1.1532 0.00530761
-1.15289 0.00529586

-1.15289 0.00529586
-1.15259 0.00528414

-1.15259 0.00528415
-1.15228 0.00527245

-1.15228 0.00527245
-1.15198 0.00526077

-1.15198 0.00526077
-1.15167 0.0052491

-1.15167 0.0052491
-1.15137 0.00523743

-1.15137 0.00523744
-1.15106 0.00522576

-1.15106 0.00522577
-1.15076 0.00521407

-1.15076 0.00521409
-1.15045 0.00520231

-1.15045 0.00520235
-1.15015 0.00519038

-1.14984 0.00517818
-1.15009 0.00518799

-1.15015 0.00519042
-1.15009 0.00518799

-1.14984 0.00517817
-1.14954 0.00516608

-1.14954 0.00516609
-1.14923 0.00515409

-1.14923 0.00515409
-1.14893 0.00514218

-1.14893 0.00514218
-1.14862 0.00513034

-1.14862 0.00513034
-1.14832 0.00511856

-1.14832 0.00511856
-1.14801 0.00510686

-1.14801 0.00510686
-1.14771 0.00509521

-1.14771 0.00509521
-1.1474 0.00508363

-1.1474 0.00508364
-1.14709 0.00507212

-1.14709 0.00507212
-1.14679 0.00506066

-1.14679 0.00506066
-1.14648 0.00504924

-1.1416 0.00487441
-1.14184 0.00488281

-1.14648 0.00504924
-1.14618 0.00503787

-1.14618 0.00503786
-1.14587 0.00502659

-1.14587 0.0050266
-1.14557 0.00501544

-1.14557 0.00501545
-1.14526 0.00500435

-1.14526 0.00500435
-1.14496 0.00499329

-1.14496 0.00499329
-1.14465 0.00498228

-1.14465 0.00498228
-1.14435 0.00497132

-1.14435 0.00497132
-1.14404 0.00496041

-1.14404 0.00496041
-1.14374 0.00494956

-1.14374 0.00494956
-1.14343 0.00493876

-1.14343 0.00493876
-1.14313 0.00492801

-1.14313 0.00492801
-1.14282 0.00491733

-1.14282 0.00491733
-1.14252 0.00490669

-1.14252 0.00490671
-1.14221 0.00489607

-1.14221 0.00489611
-1.14191 0.00488535

-1.14191 0.00488539
-1.14183 0.00488281

-1.1416 0.0048744
-1.1413 0.00486361

-1.1413 0.00486362
-1.14099 0.00485294

-1.14099 0.00485294
-1.14069 0.00484235

-1.14069 0.00484235
-1.14038 0.00483184

-1.14038 0.00483184
-1.14008 0.0048214

-1.14008 0.0048214
-1.13977 0.00481103

-1.13977 0.00481103
-1.13947 0.00480072

-1.13947 0.00480072
-1.13916 0.00479046

-1.13916 0.00479046
-1.13885 0.00478027

-1.13885 0.00478027
-1.13855 0.00477012

-1.13855 0.00477012
-1.13824 0.00476002

-1.13824 0.00476003
-1.13794 0.00474997

-1.13794 0.00474997
-1.13763 0.00473992

-1.13763 0.00473991
-1.13733 0.0047299

-1.13733 0.00472989
-1.13702 0.00471996

-1.13702 0.00471998
-1.13672 0.00471013

-1.13672 0.00471013
-1.13641 0.00470032

-1.13641 0.00470033
-1.13611 0.00469055

-1.13611 0.00469054
-1.1358 0.00468079

-1.1358 0.00468079
-1.1355 0.00467106

-1.1355 0.00467106
-1.13519 0.00466135

-1.13519 0.00466136
-1.13489 0.00465166

-1.13489 0.00465166
-1.13458 0.00464198

-1.13458 0.00464198
-1.13428 0.00463229

-1.13428 0.00463229
-1.13397 0.00462259

-1.13397 0.0046226
-1.13367 0.00461288

-1.13367 0.00461289
-1.13336 0.00460314

-1.13336 0.00460315
-1.13306 0.00459334

-1.13306 0.00459337
-1.13275 0.0045834

-1.13245 0.00457316
-1.13258 0.00457764

-1.13275 0.00458344
-1.13258 0.00457764

-1.13245 0.00457316
-1.13214 0.00456294

-1.13214 0.00456294
-1.13184 0.0045528

-1.13184 0.00455281
-1.13153 0.00454274

-1.13153 0.00454274
-1.13123 0.00453273

-1.13123 0.00453273
-1.13092 0.00452278

-1.13092 0.00452278
-1.13062 0.00451288

-1.13062 0.00451288
-1.13031 0.00450304

-1.13031 0.00450304
-1.13 0.00449324

-1.13 0.00449324
-1.1297 0.0044835

-1.1297 0.0044835
-1.12939 0.0044738

-1.12939 0.0044738
-1.12909 0.00446415

-1.12909 0.00446415
-1.12878 0.00445455

-1.12878 0.00445455
-1.12848 0.00444498

-1.12848 0.00444498
-1.12817 0.00443544

-1.12817 0.00443542
-1.12787 0.00442593

-1.12787 0.00442593
-1.12756 0.00441654

-1.12756 0.00441655
-1.12726 0.00440723

-1.12726 0.00440723
-1.12695 0.00439795

-1.12695 0.00439795
-1.12665 0.0043887

-1.12665 0.0043887
-1.12634 0.00437949

-1.12634 0.00437949
-1.12604 0.00437031

-1.12604 0.00437031
-1.12573 0.00436117

-1.12573 0.00436117
-1.12543 0.00435207

-1.12543 0.00435207
-1.12512 0.004343

-1.12512 0.004343
-1.12482 0.00433396

-1.12482 0.00433396
-1.12451 0.00432497

-1.12451 0.00432497
-1.12421 0.004316

-1.12421 0.004316
-1.1239 0.00430708

-1.1239 0.00430708
-1.1236 0.00429819

-1.1236 0.0042982
-1.12329 0.00428934

-1.12268 0.00427133
-1.12272 0.00427246

-1.12329 0.00428936
-1.12299 0.00428044

-1.12299 0.00428048
-1.12272 0.00427246

-1.12268 0.00427132
-1.12238 0.00426217

-1.12238 0.00426217
-1.12207 0.00425312

-1.12207 0.00425312
-1.12177 0.00424415

-1.12177 0.00424415
-1.12146 0.00423525

-1.12146 0.00423525
-1.12115 0.0042264

-1.12115 0.0042264
-1.12085 0.00421761

-1.12085 0.00421762
-1.12054 0.00420888

-1.12054 0.00420888
-1.12024 0.00420019

-1.12024 0.00420019
-1.11993 0.00419155

-1.11993 0.00419155
-1.11963 0.00418295

-1.11963 0.00418295
-1.11932 0.0041744

-1.11932 0.0041744
-1.11902 0.0041659

-1.11902 0.0041659
-1.11871 0.00415744

-1.11871 0.00415744
-1.11841 0.00414902

-1.11841 0.00414903
-1.1181 0.00414064

-1.1181 0.00414065
-1.1178 0.00413229

-1.1178 0.00413228
-1.11749 0.00412394

-1.11749 0.00412392
-1.11719 0.00411564

-1.11719 0.00411564
-1.11688 0.00410745

-1.11688 0.00410747
-1.11658 0.00409933

-1.11658 0.00409933
-1.11627 0.00409122

-1.11627 0.00409122
-1.11597 0.00408315

-1.11597 0.00408315
-1.11566 0.0040751

-1.11566 0.00407511
-1.11536 0.00406709

-1.11536 0.00406709
-1.11505 0.00405911

-1.11505 0.00405911
-1.11475 0.00405115

-1.11475 0.00405115
-1.11444 0.00404321

-1.11444 0.00404321
-1.11414 0.00403529

-1.11414 0.00403529
-1.11383 0.00402738

-1.11383 0.00402738
-1.11353 0.00401947

-1.11353 0.00401948
-1.11322 0.00401156

-1.11322 0.00401156
-1.11292 0.00400363

-1.11292 0.00400364
-1.11261 0.00399568

-1.11261 0.00399569
-1.1123 0.00398769

-1.1123 0.00398771
-1.112 0.00397964

-1.112 0.00397967
-1.11169 0.00397142

-1.11139 0.00396291
-1.11155 0.00396729

-1.11169 0.00397146
-1.11154 0.00396729

-1.11139 0.00396291
-1.11108 0.00395442

-1.11108 0.00395443
-1.11078 0.00394602

-1.11078 0.00394602
-1.11047 0.00393766

-1.11047 0.00393766
-1.11017 0.00392935

-1.11017 0.00392935
-1.10986 0.00392108

-1.10986 0.00392108
-1.10956 0.00391285

-1.10956 0.00391285
-1.10925 0.00390467

-1.10925 0.00390467
-1.10895 0.00389652

-1.10895 0.00389652
-1.10864 0.00388842

-1.10864 0.00388842
-1.10834 0.00388034

-1.10834 0.00388034
-1.10803 0.00387231

-1.10803 0.00387231
-1.10773 0.00386431

-1.10773 0.00386431
-1.10742 0.00385635

-1.10742 0.00385635
-1.10712 0.00384842

-1.10712 0.00384842
-1.10681 0.00384053

-1.10681 0.00384053
-1.10651 0.00383267

-1.10651 0.00383267
-1.1062 0.00382483

-1.1062 0.00382482
-1.1059 0.00381701

-1.1059 0.00381699
-1.10559 0.00380926

-1.10559 0.00380926
-1.10529 0.00380161

-1.10529 0.00380163
-1.10498 0.00379401

-1.10498 0.00379401
-1.10468 0.00378641

-1.10468 0.00378641
-1.10437 0.00377884

-1.10437 0.00377884
-1.10406 0.0037713

-1.10406 0.0037713
-1.10376 0.0037638

-1.10376 0.0037638
-1.10345 0.00375632

-1.10345 0.00375632
-1.10315 0.00374888

-1.10315 0.00374888
-1.10284 0.00374147

-1.10284 0.00374147
-1.10254 0.00373409

-1.10254 0.00373409
-1.10223 0.00372674

-1.10223 0.00372674
-1.10193 0.00371943

-1.10193 0.00371943
-1.10162 0.00371215

-1.10162 0.00371215
-1.10132 0.0037049

-1.10132 0.0037049
-1.10101 0.00369768

-1.10101 0.00369768
-1.10071 0.00369051

-1.10071 0.00369051
-1.1004 0.00368336

-1.1004 0.00368337
-1.1001 0.00367624

-1.09949 0.00366177
-1.0995 0.00366211

-1.09949 0.00366171
-1.09918 0.0036543

-1.09918 0.00365431
-1.09888 0.00364698

-1.1001 0.00367626
-1.09979 0.00366909

-1.09979 0.00366912
-1.0995 0.00366211

-1.09888 0.00364699
-1.09857 0.00363973

-1.09857 0.00363973
-1.09827 0.00363254

-1.09827 0.00363254
-1.09796 0.0036254

-1.09796 0.0036254
-1.09766 0.0036183

-1.09766 0.0036183
-1.09735 0.00361125

-1.09735 0.00361125
-1.09705 0.00360423

-1.09705 0.00360423
-1.09674 0.00359725

-1.09674 0.00359725
-1.09644 0.0035903

-1.09644 0.0035903
-1.09613 0.0035834

-1.09613 0.0035834
-1.09583 0.00357652

-1.09583 0.00357652
-1.09552 0.00356968

-1.09552 0.00356968
-1.09521 0.00356288

-1.09521 0.00356288
-1.09491 0.00355611

-1.09491 0.00355611
-1.0946 0.00354937

-1.0946 0.00354937
-1.0943 0.00354266

-1.0943 0.00354266
-1.09399 0.00353599

-1.09399 0.00353599
-1.09369 0.00352935

-1.09369 0.00352936
-1.09338 0.00352273

-1.09338 0.00352273
-1.09308 0.00351611

-1.09308 0.0035161
-1.09277 0.00350951

-1.09277 0.00350951
-1.09247 0.003503

-1.09247 0.00350302
-1.09216 0.00349657

-1.09216 0.00349657
-1.09186 0.00349016

-1.09186 0.00349016
-1.09155 0.00348378

-1.09155 0.00348378
-1.09125 0.00347743

-1.09125 0.00347743
-1.09094 0.00347111

-1.09094 0.00347111
-1.09064 0.00346483

-1.09064 0.00346483
-1.09033 0.00345858

-1.09033 0.00345858
-1.09003 0.00345235

-1.09003 0.00345235
-1.08972 0.00344616

-1.08972 0.00344616
-1.08942 0.00344

-1.08942 0.00344
-1.08911 0.00343386

-1.08911 0.00343386
-1.08881 0.00342774

-1.08881 0.00342774
-1.0885 0.00342164

-1.0885 0.00342164
-1.0882 0.00341555

-1.0882 0.00341556
-1.08789 0.00340948

-1.08789 0.00340948
-1.08759 0.00340341

-1.08759 0.00340341
-1.08728 0.00339734

-1.08728 0.00339734
-1.08698 0.00339126

-1.08698 0.00339126
-1.08667 0.00338515

-1.08667 0.00338515
-1.08636 0.00337901

-1.08636 0.00337901
-1.08606 0.00337282

-1.08606 0.00337283
-1.08575 0.00336655

-1.08575 0.00336658
-1.08545 0.00336012

-1.08514 0.00335341
-1.08531 0.00335693

-1.08545 0.00336015
-1.0853 0.00335693

-1.08514 0.00335341
-1.08484 0.00334672

-1.08484 0.00334673
-1.08453 0.0033401

-1.08453 0.0033401
-1.08423 0.00333351

-1.08423 0.00333352
-1.08392 0.00332697

-1.08392 0.00332697
-1.08362 0.00332045

-1.08362 0.00332045
-1.08331 0.00331396

-1.08331 0.00331396
-1.08301 0.00330751

-1.08301 0.00330751
-1.0827 0.00330108

-1.0827 0.00330108
-1.0824 0.00329468

-1.0824 0.00329468
-1.08209 0.0032883

-1.08209 0.0032883
-1.08179 0.00328195

-1.08179 0.00328195
-1.08148 0.00327563

-1.08148 0.00327563
-1.08118 0.00326933

-1.08118 0.00326933
-1.08087 0.00326306

-1.08087 0.00326306
-1.08057 0.00325681

-1.08057 0.00325681
-1.08026 0.00325059

-1.08026 0.00325059
-1.07996 0.00324439

-1.07996 0.00324439
-1.07965 0.00323822

-1.07965 0.00323822
-1.07935 0.00323207

-1.07935 0.00323207
-1.07904 0.00322595

-1.07904 0.00322595
-1.07874 0.00321984

-1.07874 0.00321984
-1.07843 0.00321375

-1.07843 0.00321375
-1.07812 0.00320767

-1.07812 0.00320766
-1.07782 0.00320164

-1.07782 0.00320164
-1.07751 0.00319569

-1.07751 0.00319571
-1.07721 0.0031898

-1.07721 0.00318979
-1.0769 0.00318389

-1.0769 0.00318389
-1.0766 0.003178

-1.0766 0.003178
-1.07629 0.00317213

-1.07629 0.00317213
-1.07599 0.00316629

-1.07599 0.00316629
-1.07568 0.00316046

-1.07568 0.00316046
-1.07538 0.00315465

-1.07538 0.00315465
-1.07507 0.00314887

-1.07507 0.00314887
-1.07477 0.0031431

-1.07477 0.0031431
-1.07446 0.00313735

-1.07446 0.00313735
-1.07416 0.00313163

-1.07416 0.00313163
-1.07385 0.00312592

-1.07385 0.00312592
-1.07355 0.00312023

-1.07355 0.00312023
-1.07324 0.00311457

-1.07324 0.00311457
-1.07294 0.00310893

-1.07294 0.00310893
-1.07263 0.0031033

-1.07263 0.0031033
-1.07233 0.0030977

-1.07233 0.0030977
-1.07202 0.00309212

-1.07202 0.00309212
-1.07172 0.00308656

-1.07172 0.00308656
-1.07141 0.00308102

-1.07141 0.00308102
-1.07111 0.0030755

-1.07111 0.0030755
-1.0708 0.00307001

-1.0708 0.00307001
-1.0705 0.00306453

-1.0705 0.00306455
-1.07019 0.00305904

-1.06958 0.00304762
-1.0698 0.00305176

-1.07019 0.00305907
-1.06989 0.00305343

-1.06989 0.00305346
-1.06979 0.00305176

-1.06958 0.00304762
-1.06927 0.00304189

-1.06927 0.0030419
-1.06897 0.00303624

-1.06897 0.00303624
-1.06866 0.00303062

-1.06866 0.00303063
-1.06836 0.00302505

-1.06836 0.00302505
-1.06805 0.00301951

-1.06805 0.00301951
-1.06775 0.003014

-1.06775 0.003014
-1.06744 0.00300852

-1.06744 0.00300852
-1.06714 0.00300306

-1.06714 0.00300306
-1.06683 0.00299763

-1.06683 0.00299763
-1.06653 0.00299223

-1.06653 0.00299223
-1.06622 0.00298685

-1.06622 0.00298685
-1.06592 0.00298149

-1.06592 0.00298149
-1.06561 0.00297617

-1.06561 0.00297617
-1.06531 0.00297086

-1.06531 0.00297086
-1.065 0.00296558

-1.065 0.00296558
-1.0647 0.00296033

-1.0647 0.00296033
-1.06439 0.00295509

-1.06439 0.00295509
-1.06409 0.00294989

-1.06409 0.00294989
-1.06378 0.0029447

-1.06378 0.0029447
-1.06348 0.00293954

-1.06348 0.00293954
-1.06317 0.00293439

-1.06317 0.00293439
-1.06287 0.00292927

-1.06287 0.00292927
-1.06256 0.00292418

-1.06256 0.00292418
-1.06226 0.0029191

-1.06226 0.0029191
-1.06195 0.00291404

-1.06195 0.00291404
-1.06165 0.00290899

-1.06165 0.00290899
-1.06134 0.00290393

-1.06134 0.00290392
-1.06104 0.00289888

-1.06104 0.00289888
-1.06073 0.00289391

-1.06073 0.00289392
-1.06042 0.002889

-1.06042 0.00288899
-1.06012 0.00288409

-1.06012 0.00288409
-1.05981 0.00287921

-1.05981 0.00287921
-1.05951 0.00287435

-1.05951 0.00287435
-1.0592 0.00286951

-1.0592 0.00286951
-1.0589 0.00286469

-1.0589 0.00286469
-1.05859 0.0028599

-1.05859 0.0028599
-1.05829 0.00285513

-1.05829 0.00285513
-1.05798 0.00285038

-1.05798 0.00285038
-1.05768 0.00284566

-1.05768 0.00284566
-1.05737 0.00284096

-1.05737 0.00284096
-1.05707 0.00283629

-1.05707 0.00283629
-1.05676 0.00283163

-1.05676 0.00283163
-1.05646 0.002827

-1.05646 0.002827
-1.05615 0.0028224

-1.05615 0.0028224
-1.05585 0.00281781

-1.05585 0.00281781
-1.05554 0.00281325

-1.05554 0.00281325
-1.05524 0.00280871

-1.05524 0.00280871
-1.05493 0.00280419

-1.05493 0.00280419
-1.05463 0.00279968

-1.05463 0.00279968
-1.05432 0.00279519

-1.05432 0.0027952
-1.05402 0.00279072

-1.05402 0.00279072
-1.05371 0.00278625

-1.05371 0.00278625
-1.05341 0.00278178

-1.05341 0.00278179
-1.0531 0.00277732

-1.0531 0.00277732
-1.0528 0.00277283

-1.0528 0.00277284
-1.05249 0.00276833

-1.05249 0.00276833
-1.05219 0.00276378

-1.05219 0.00276379
-1.05188 0.00275919

-1.05188 0.0027592
-1.05157 0.00275452

-1.05157 0.00275454
-1.05127 0.00274971

-1.05096 0.00274465
-1.05108 0.00274658

-1.05127 0.00274973
-1.05108 0.00274658

-1.05096 0.00274465
-1.05066 0.00273959

-1.05066 0.00273959
-1.05035 0.00273457

-1.05035 0.00273458
-1.05005 0.00272959

-1.05005 0.00272959
-1.04974 0.00272464

-1.04974 0.00272464
-1.04944 0.00271971

-1.04944 0.00271971
-1.04913 0.0027148

-1.04913 0.0027148
-1.04883 0.00270992

-1.04883 0.00270992
-1.04852 0.00270505

-1.04852 0.00270505
-1.04822 0.00270021

-1.04822 0.00270021
-1.04791 0.00269539

-1.04791 0.00269539
-1.04761 0.00269058

-1.04761 0.00269058
-1.0473 0.0026858

-1.0473 0.0026858
-1.047 0.00268103

-1.047 0.00268103
-1.04669 0.00267628

-1.04669 0.00267628
-1.04639 0.00267155

-1.04639 0.00267155
-1.04608 0.00266684

-1.04608 0.00266684
-1.04578 0.00266214

-1.04578 0.00266214
-1.04547 0.00265746

-1.04547 0.00265746
-1.04517 0.0026528

-1.04517 0.0026528
-1.04486 0.00264815

-1.04486 0.00264815
-1.04456 0.00264352

-1.04456 0.00264352
-1.04425 0.0026389

-1.04425 0.0026389
-1.04395 0.0026343

-1.04395 0.0026343
-1.04364 0.00262972

-1.04364 0.00262972
-1.04333 0.00262515

-1.04333 0.00262515
-1.04303 0.0026206

-1.04303 0.0026206
-1.04272 0.00261606

-1.04272 0.00261606
-1.04242 0.00261154

-1.04242 0.00261154
-1.04211 0.00260704

-1.04211 0.00260704
-1.04181 0.00260255

-1.04181 0.00260254
-1.0415 0.00259806

-1.0415 0.00259805
-1.0412 0.00259361

-1.0412 0.00259361
-1.04089 0.00258922

-1.04089 0.00258923
-1.04059 0.00258487

-1.04059 0.00258487
-1.04028 0.00258052

-1.04028 0.00258052
-1.03998 0.00257618

-1.03998 0.00257618
-1.03967 0.00257185

-1.03967 0.00257185
-1.03937 0.00256753

-1.03937 0.00256753
-1.03906 0.00256322

-1.03906 0.00256322
-1.03876 0.00255892

-1.03876 0.00255892
-1.03845 0.00255463

-1.03845 0.00255463
-1.03815 0.00255035

-1.03815 0.00255035
-1.03784 0.00254607

-1.03784 0.00254607
-1.03754 0.00254181

-1.03754 0.00254181
-1.03723 0.00253756

-1.03723 0.00253756
-1.03693 0.00253331

-1.03693 0.00253331
-1.03662 0.00252907

-1.03662 0.00252907
-1.03632 0.00252483

-1.03632 0.00252483
-1.03601 0.00252061

-1.03601 0.00252061
-1.03571 0.00251639

-1.03571 0.00251639
-1.0354 0.00251218

-1.0354 0.00251218
-1.0351 0.00250798

-1.0351 0.00250798
-1.03479 0.00250379

-1.03479 0.00250379
-1.03448 0.00249961

-1.03448 0.00249961
-1.03418 0.00249545

-1.03418 0.00249545
-1.03387 0.00249129

-1.03387 0.00249129
-1.03357 0.00248716

-1.03357 0.00248716
-1.03326 0.00248304

-1.03326 0.00248304
-1.03296 0.00247894

-1.03296 0.00247894
-1.03265 0.00247486

-1.03265 0.00247486
-1.03235 0.00247081

-1.03235 0.00247081
-1.03204 0.00246678

-1.03204 0.00246678
-1.03174 0.00246278

-1.02991 0.00243884
-1.0301 0.00244141

-1.02991 0.00243884
-1.0296 0.00243476

-1.0296 0.00243477
-1.0293 0.00243076

-1.03174 0.00246278
-1.03143 0.0024588

-1.03143 0.0024588
-1.03113 0.00245486

-1.03113 0.00245486
-1.03082 0.00245093

-1.03082 0.00245095
-1.03052 0.002447

-1.03052 0.00244701
-1.03021 0.00244298

-1.03021 0.00244301
-1.03009 0.00244141

-1.0293 0.00243076
-1.02899 0.00242679

-1.02899 0.00242679
-1.02869 0.00242285

-1.02869 0.00242285
-1.02838 0.00241894

-1.02838 0.00241894
-1.02808 0.00241506

-1.02808 0.00241506
-1.02777 0.0024112

-1.02777 0.0024112
-1.02747 0.00240737

-1.02747 0.00240737
-1.02716 0.00240355

-1.02716 0.00240355
-1.02686 0.00239976

-1.02686 0.00239976
-1.02655 0.00239599

-1.02655 0.00239599
-1.02625 0.00239224

-1.02625 0.00239224
-1.02594 0.00238851

-1.02594 0.00238851
-1.02563 0.00238481

-1.02563 0.00238481
-1.02533 0.00238112

-1.02533 0.00238112
-1.02502 0.00237745

-1.02502 0.00237745
-1.02472 0.00237381

-1.02472 0.00237381
-1.02441 0.00237018

-1.02441 0.00237018
-1.02411 0.00236657

-1.02411 0.00236657
-1.0238 0.00236298

-1.0238 0.00236298
-1.0235 0.00235941

-1.0235 0.00235941
-1.02319 0.00235586

-1.02319 0.00235586
-1.02289 0.00235232

-1.02289 0.00235232
-1.02258 0.0023488

-1.02258 0.0023488
-1.02228 0.0023453

-1.02228 0.0023453
-1.02197 0.00234182

-1.02197 0.00234182
-1.02167 0.00233835

-1.02167 0.00233835
-1.02136 0.0023349

-1.02136 0.0023349
-1.02106 0.00233146

-1.02106 0.00233146
-1.02075 0.00232804

-1.02075 0.00232804
-1.02045 0.00232463

-1.02045 0.00232463
-1.02014 0.00232123

-1.02014 0.00232123
-1.01984 0.00231785

-1.01984 0.00231785
-1.01953 0.00231447

-1.01953 0.00231447
-1.01923 0.00231111

-1.01923 0.00231111
-1.01892 0.00230776

-1.01892 0.00230776
-1.01862 0.00230441

-1.01862 0.00230441
-1.01831 0.00230107

-1.01831 0.00230107
-1.01801 0.00229774

-1.01801 0.00229774
-1.0177 0.00229439

-1.0177 0.00229439
-1.0174 0.00229104

-1.0174 0.00229104
-1.01709 0.0022877

-1.01709 0.0022877
-1.01678 0.00228441

-1.01678 0.00228442
-1.01648 0.00228115

-1.01648 0.00228114
-1.01617 0.00227788

-1.01617 0.00227788
-1.01587 0.00227462

-1.01587 0.00227462
-1.01556 0.00227137

-1.01556 0.00227137
-1.01526 0.00226813

-1.01526 0.00226813
-1.01495 0.00226491

-1.01495 0.00226491
-1.01465 0.00226169

-1.01465 0.00226169
-1.01434 0.00225848

-1.01434 0.00225848
-1.01404 0.00225528

-1.01404 0.00225528
-1.01373 0.00225209

-1.01373 0.00225209
-1.01343 0.00224892

-1.01343 0.00224892
-1.01312 0.00224575

-1.01312 0.00224575
-1.01282 0.00224259

-1.01282 0.00224259
-1.01251 0.00223943

-1.01251 0.00223943
-1.01221 0.00223629

-1.01221 0.00223629
-1.0119 0.00223316

-1.0119 0.00223316
-1.0116 0.00223004

-1.0116 0.00223004
-1.01129 0.00222693

-1.01129 0.00222693
-1.01099 0.00222383

-1.01099 0.00222383
-1.01068 0.00222075

-1.01068 0.00222074
-1.01038 0.00221767

-1.01038 0.00221767
-1.01007 0.00221461

-1.01007 0.00221461
-1.00977 0.00221156

-1.00977 0.00221156
-1.00946 0.00220852

-1.00946 0.00220852
-1.00916 0.0022055

-1.00916 0.0022055
-1.00885 0.0022025

-1.00885 0.0022025
-1.00854 0.00219951

-1.00854 0.00219951
-1.00824 0.00219654

-1.00824 0.00219654
-1.00793 0.00219359

-1.00793 0.00219359
-1.00763 0.00219065

-1.00763 0.00219065
-1.00732 0.00218774

-1.00732 0.00218774
-1.00702 0.00218484

-1.00702 0.00218484
-1.00671 0.00218196

-1.00671 0.00218196
-1.00641 0.00217909

-1.00641 0.00217909
-1.0061 0.00217625

-1.0061 0.00217625
-1.0058 0.00217341

-1.0058 0.00217341
-1.00549 0.00217059

-1.00549 0.00217059
-1.00519 0.00216777

-1.00519 0.00216778
-1.00488 0.00216496

-1.00488 0.00216496
-1.00458 0.00216215

-1.00458 0.00216215
-1.00427 0.00215933

-1.00427 0.00215933
-1.00397 0.0021565

-1.00397 0.0021565
-1.00366 0.00215364

-1.00366 0.00215364
-1.00336 0.00215074

-1.00336 0.00215074
-1.00305 0.0021478

-1.00305 0.0021478
-1.00275 0.0021448

-1.00275 0.0021448
-1.00244 0.00214173

-1.00244 0.00214173
-1.00214 0.00213858

-1.00183 0.00213532
-1.00192 0.00213623

-1.00214 0.00213858
-1.00191 0.00213623

-1.00183 0.00213532
-1.00153 0.00213209

-1.00153 0.00213209
-1.00122 0.00212888

-1.00122 0.00212888
-1.00092 0.0021257

-1.00092 0.0021257
-1.00061 0.00212256

-1.00061 0.00212256
-1.00031 0.00211944

-1.00031 0.00211944
-1.0 0.00211635

-1.16449 0.3125
-1.16449 0.312502

-1.16449 0.312502
-1.16418 0.312804

-1.16418 0.312804
-1.16418 0.312805

-1.16418 0.312805
-1.16388 0.313106

-1.16388 0.313106
-1.16388 0.31311

-1.16388 0.31311
-1.16357 0.313408

-1.16357 0.313408
-1.16357 0.313416

-1.16357 0.313416
-1.16327 0.31371

-1.16327 0.31371
-1.16326 0.313721

-1.16326 0.313721
-1.16296 0.314011

-1.16296 0.314011
-1.16295 0.314026

-1.16295 0.314026
-1.16266 0.314313

-1.16266 0.314313
-1.16264 0.314331

-1.16264 0.314331
-1.16235 0.314614

-1.16235 0.314614
-1.16233 0.314636

-1.16233 0.314636
-1.16205 0.314915

-1.16205 0.314915
-1.16202 0.314941

-1.16202 0.314941
-1.16174 0.315216

-1.16174 0.315216
-1.16171 0.315247

-1.16171 0.315247
-1.16144 0.315517

-1.16144 0.315517
-1.1614 0.315552

-1.1614 0.315552
-1.16113 0.315818

-1.16113 0.315818
-1.16109 0.315857

-1.16109 0.315857
-1.16083 0.316118

-1.16083 0.316119
-1.16078 0.316162

-1.16078 0.316162
-1.16052 0.316419

-1.16052 0.316419
-1.16047 0.316467

-1.16047 0.316467
-1.16022 0.316719

-1.16022 0.31672
-1.16016 0.316772

-1.16016 0.316772
-1.15991 0.317019

-1.15991 0.31702
-1.15985 0.317078

-1.15985 0.317078
-1.15961 0.317319

-1.15961 0.31732
-1.15954 0.317383

-1.15954 0.317383
-1.1593 0.317619

-1.1593 0.31762
-1.15923 0.317688

-1.15923 0.317688
-1.159 0.317919

-1.159 0.31792
-1.15892 0.317993

-1.15892 0.317993
-1.15869 0.318219

-1.15869 0.318219
-1.15861 0.318298

-1.15861 0.318298
-1.15839 0.318518

-1.15839 0.318519
-1.1583 0.318604

-1.1583 0.318604
-1.15808 0.318818

-1.15808 0.318818
-1.15799 0.318909

-1.15799 0.318909
-1.15778 0.319117

-1.15778 0.319118
-1.15768 0.319214

-1.15768 0.319214
-1.15747 0.319416

-1.15747 0.319417
-1.15737 0.319519

-1.15737 0.319519
-1.15717 0.319715

-1.15717 0.319716
-1.15705 0.319824

-1.15705 0.319824
-1.15686 0.320014

-1.15686 0.320015
-1.15674 0.320129

-1.15674 0.320129
-1.15656 0.320313

-1.15656 0.320313
-1.15643 0.320435

-1.15643 0.320435
-1.15625 0.320611

-1.15625 0.320612
-1.15612 0.32074

-1.15612 0.32074
-1.15594 0.32091

-1.15594 0.32091
-1.15581 0.321045

-1.15581 0.321045
-1.15564 0.321208

-1.15564 0.321209
-1.15549 0.32135

-1.15549 0.32135
-1.15533 0.321506

-1.15533 0.321507
-1.15518 0.321655

-1.15518 0.321655
-1.15503 0.321804

-1.15503 0.321805
-1.15487 0.32196

-1.15487 0.32196
-1.15472 0.322102

-1.15472 0.322103
-1.15456 0.322266

-1.15456 0.322266
-1.15442 0.3224

-1.15442 0.322401
-1.15424 0.322571

-1.15424 0.322571
-1.15411 0.322698

-1.15411 0.322698
-1.15393 0.322876

-1.15393 0.322876
-1.15381 0.322995

-1.15381 0.322996
-1.15362 0.323181

-1.15362 0.323181
-1.1535 0.323293

-1.1535 0.323293
-1.1533 0.323486

-1.1533 0.323486
-1.1532 0.32359

-1.1532 0.323591
-1.15299 0.323792

-1.15299 0.323792
-1.15289 0.323887

-1.15289 0.323888
-1.15268 0.324097

-1.15268 0.324097
-1.15259 0.324184

-1.15259 0.324185
-1.15236 0.324402

-1.15236 0.324402
-1.15228 0.324481

-1.15228 0.324482
-1.15205 0.324707

-1.15205 0.324707
-1.15198 0.324778

-1.15198 0.324779
-1.15174 0.325012

-1.15174 0.325012
-1.15167 0.325074

-1.15167 0.325075
-1.15142 0.325317

-1.15142 0.325317
-1.15137 0.325371

-1.15137 0.325371
-1.15111 0.325623

-1.15111 0.325623
-1.15106 0.325667

-1.15106 0.325668
-1.15079 0.325928

-1.15079 0.325928
-1.15076 0.325963

-1.15076 0.325964
-1.15048 0.326233

-1.15048 0.326233
-1.15045 0.326259

-1.15045 0.32626
-1.15016 0.326538

-1.15016 0.326538
-1.15015 0.326555

-1.15015 0.326556
-1.14985 0.326843

-1.14985 0.326843
-1.14984 0.326851

-1.14984 0.326851
-1.14954 0.327147

-1.14954 0.327147
-1.14953 0.327148

-1.14953 0.327148
-1.14923 0.327443

-1.14923 0.327443
-1.14922 0.327454

-1.14922 0.327454
-1.14893 0.327738

-1.14893 0.327738
-1.1489 0.327759

-1.1489 0.327759
-1.14862 0.328033

-1.14862 0.328033
-1.14859 0.328064

-1.14859 0.328064
-1.14832 0.328328

-1.14832 0.328328
-1.14827 0.328369

-1.14827 0.328369
-1.14801 0.328623

-1.14801 0.328623
-1.14796 0.328674

-1.14796 0.328674
-1.14771 0.328918

-1.14771 0.328918
-1.14764 0.328979

-1.14764 0.328979
-1.1474 0.329212

-1.1474 0.329213
-1.14733 0.329285

-1.14733 0.329285
-1.14709 0.329507

-1.14709 0.329508
-1.14701 0.32959

-1.14701 0.32959
-1.14679 0.329801

-1.14679 0.329802
-1.14669 0.329895

-1.14669 0.329895
-1.14648 0.330096

-1.14648 0.330097
-1.14638 0.3302

-1.14638 0.3302
-1.14618 0.33039

-1.14618 0.330391
-1.14606 0.330505

-1.14606 0.330505
-1.14587 0.330684

-1.14587 0.330685
-1.14574 0.330811

-1.14574 0.330811
-1.14557 0.330978

-1.14557 0.330979
-1.14543 0.331116

-1.14543 0.331116
-1.14526 0.331272

-1.14526 0.331273
-1.14511 0.331421

-1.14511 0.331421
-1.14496 0.331566

-1.14496 0.331567
-1.14479 0.331726

-1.14479 0.331726
-1.14465 0.33186

-1.14465 0.331861
-1.14448 0.332031

-1.14448 0.332031
-1.14435 0.332153

-1.14435 0.332154
-1.14416 0.332336

-1.14416 0.332336
-1.14404 0.332447

-1.14404 0.332448
-1.14384 0.332642

-1.14384 0.332642
-1.14374 0.33274

-1.14374 0.332741
-1.14352 0.332947

-1.14352 0.332947
-1.14343 0.333033

-1.14343 0.333034
-1.1432 0.333252

-1.1432 0.333252
-1.14313 0.333326

-1.14313 0.333327
-1.14289 0.333557

-1.14289 0.333557
-1.14282 0.333619

-1.14282 0.333619
-1.14257 0.333862

-1.14257 0.333862
-1.14252 0.333911

-1.14252 0.333912
-1.14225 0.334167

-1.14225 0.334167
-1.14221 0.334204

-1.14221 0.334204
-1.14193 0.334473

-1.14193 0.334473
-1.14191 0.334496

-1.14191 0.334497
-1.14161 0.334778

-1.14161 0.334778
-1.1416 0.334789

-1.1416 0.334789
-1.1413 0.335081

-1.1413 0.335081
-1.14129 0.335083

-1.14129 0.335083
-1.14099 0.335373

-1.14099 0.335373
-1.14098 0.335388

-1.14098 0.335388
-1.14069 0.335665

-1.14069 0.335665
-1.14066 0.335693

-1.14066 0.335693
-1.14038 0.335957

-1.14038 0.335957
-1.14034 0.335999

-1.14034 0.335999
-1.14008 0.336248

-1.14008 0.336249
-1.14002 0.336304

-1.14002 0.336304
-1.13977 0.33654

-1.13977 0.33654
-1.1397 0.336609

-1.1397 0.336609
-1.13947 0.336831

-1.13947 0.336832
-1.13938 0.336914

-1.13938 0.336914
-1.13916 0.337122

-1.13916 0.337123
-1.13906 0.337219

-1.13906 0.337219
-1.13885 0.337413

-1.13885 0.337414
-1.13874 0.337524

-1.13874 0.337524
-1.13855 0.337704

-1.13855 0.337706
-1.13842 0.33783

-1.13842 0.33783
-1.13824 0.337995

-1.13824 0.337997
-1.1381 0.338135

-1.1381 0.338135
-1.13794 0.338286

-1.13794 0.338287
-1.13778 0.33844

-1.13778 0.33844
-1.13763 0.338577

-1.13763 0.338578
-1.13746 0.338745

-1.13746 0.338745
-1.13733 0.338868

-1.13733 0.338869
-1.13714 0.33905

-1.13714 0.33905
-1.13702 0.339158

-1.13702 0.339159
-1.13682 0.339355

-1.13682 0.339355
-1.13672 0.339449

-1.13672 0.33945
-1.1365 0.339661

-1.1365 0.339661
-1.13641 0.339739

-1.13641 0.33974
-1.13617 0.339966

-1.13617 0.339966
-1.13611 0.340029

-1.13611 0.34003
-1.13585 0.340271

-1.13585 0.340271
-1.1358 0.340319

-1.1358 0.340319
-1.13553 0.340576

-1.13553 0.340576
-1.1355 0.340609

-1.1355 0.340609
-1.13521 0.340881

-1.13521 0.340881
-1.13519 0.340898

-1.13519 0.340899
-1.13489 0.341187

-1.13489 0.341187
-1.13489 0.341188

-1.13489 0.341188
-1.13458 0.341478

-1.13458 0.341478
-1.13457 0.341492

-1.13457 0.341492
-1.13428 0.341767

-1.13428 0.341767
-1.13425 0.341797

-1.13425 0.341797
-1.13397 0.342056

-1.13397 0.342056
-1.13392 0.342102

-1.13392 0.342102
-1.13367 0.342345

-1.13367 0.342345
-1.1336 0.342407

-1.1336 0.342407
-1.13336 0.342633

-1.13336 0.342634
-1.13328 0.342712

-1.13328 0.342712
-1.13306 0.342922

-1.13306 0.342923
-1.13296 0.343018

-1.13296 0.343018
-1.13275 0.343211

-1.13275 0.343212
-1.13263 0.343323

-1.13263 0.343323
-1.13245 0.343499

-1.13245 0.343501
-1.13231 0.343628

-1.13231 0.343628
-1.13214 0.343788

-1.13214 0.343789
-1.13199 0.343933

-1.13199 0.343933
-1.13184 0.344076

-1.13184 0.344078
-1.13166 0.344238

-1.13167 0.344238
-1.13153 0.344365

-1.13153 0.344366
-1.13134 0.344543

-1.13134 0.344543
-1.13123 0.344653

-1.13123 0.344654
-1.13102 0.344849

-1.13102 0.344849
-1.13092 0.344941

-1.13092 0.344942
-1.13069 0.345154

-1.13069 0.345154
-1.13062 0.345229

-1.13062 0.34523
-1.13037 0.345459

-1.13037 0.345459
-1.13031 0.345516

-1.13031 0.345517
-1.13005 0.345764

-1.13005 0.345764
-1.13 0.345804

-1.13 0.345804
-1.12972 0.346069

-1.12972 0.346069
-1.1297 0.346091

-1.1297 0.346092
-1.1294 0.346375

-1.1294 0.346375
-1.12939 0.346379

-1.12939 0.346379
-1.12909 0.346666

-1.12909 0.346666
-1.12908 0.34668

-1.12908 0.34668
-1.12878 0.346953

-1.12878 0.346953
-1.12875 0.346985

-1.12875 0.346985
-1.12848 0.34724

-1.12848 0.347241
-1.12843 0.34729

-1.12843 0.34729
-1.12817 0.347527

-1.12817 0.347527
-1.1281 0.347595

-1.1281 0.347595
-1.12787 0.347813

-1.12787 0.347814
-1.12778 0.3479

-1.12778 0.3479
-1.12756 0.3481

-1.12756 0.348101
-1.12745 0.348206

-1.12745 0.348206
-1.12726 0.348386

-1.12726 0.348388
-1.12713 0.348511

-1.12713 0.348511
-1.12695 0.348673

-1.12695 0.348674
-1.1268 0.348816

-1.1268 0.348816
-1.12665 0.348959

-1.12665 0.348961
-1.12648 0.349121

-1.12648 0.349121
-1.12634 0.349246

-1.12634 0.349247
-1.12615 0.349426

-1.12615 0.349426
-1.12604 0.349532

-1.12604 0.349533
-1.12582 0.349731

-1.12582 0.349731
-1.12573 0.349818

-1.12573 0.349819
-1.1255 0.350037

-1.1255 0.350037
-1.12543 0.350103

-1.12543 0.350104
-1.12517 0.350342

-1.12517 0.350342
-1.12512 0.350389

-1.12512 0.35039
-1.12485 0.350647

-1.12485 0.350647
-1.12482 0.350675

-1.12482 0.350675
-1.12452 0.350952

-1.12452 0.350952
-1.12451 0.35096

-1.12451 0.35096
-1.12421 0.351246

-1.12421 0.351246
-1.12419 0.351257

-1.12419 0.351257
-1.1239 0.351531

-1.1239 0.351531
-1.12387 0.351562

-1.12387 0.351562
-1.1236 0.351816

-1.1236 0.351816
-1.12354 0.351868

-1.12354 0.351868
-1.12329 0.352101

-1.12329 0.352101
-1.12321 0.352173

-1.12321 0.352173
-1.12299 0.352385

-1.12299 0.352386
-1.12289 0.352478

-1.12289 0.352478
-1.12268 0.35267

-1.12268 0.352671
-1.12256 0.352783

-1.12256 0.352783
-1.12238 0.352954

-1.12238 0.352956
-1.12223 0.353088

-1.12223 0.353088
-1.12207 0.353239

-1.12207 0.353241
-1.1219 0.353394

-1.12191 0.353394
-1.12177 0.353523

-1.12177 0.353525
-1.12158 0.353699

-1.12158 0.353699
-1.12146 0.353808

-1.12146 0.35381
-1.12125 0.354004

-1.12125 0.354004
-1.12115 0.354092

-1.12115 0.354093
-1.12092 0.354309

-1.12092 0.354309
-1.12085 0.354376

-1.12085 0.354377
-1.12059 0.354614

-1.12059 0.354614
-1.12054 0.35466

-1.12054 0.354661
-1.12027 0.354919

-1.12027 0.354919
-1.12024 0.354944

-1.12024 0.354944
-1.11994 0.355225

-1.11994 0.355225
-1.11993 0.355228

-1.11993 0.355228
-1.11963 0.355512

-1.11963 0.355512
-1.11961 0.35553

-1.11961 0.35553
-1.11932 0.355795

-1.11932 0.355795
-1.11928 0.355835

-1.11928 0.355835
-1.11902 0.356078

-1.11902 0.356078
-1.11895 0.35614

-1.11895 0.35614
-1.11871 0.356361

-1.11871 0.356362
-1.11862 0.356445

-1.11862 0.356445
-1.11841 0.356643

-1.11841 0.356645
-1.11829 0.35675

-1.11829 0.35675
-1.1181 0.356927

-1.1181 0.356928
-1.11796 0.357056

-1.11797 0.357056
-1.1178 0.35721

-1.1178 0.357211
-1.11764 0.357361

-1.11764 0.357361
-1.11749 0.357493

-1.11749 0.357494
-1.11731 0.357666

-1.11731 0.357666
-1.11719 0.357775

-1.11719 0.357777
-1.11698 0.357971

-1.11698 0.357971
-1.11688 0.358058

-1.11688 0.358059
-1.11665 0.358276

-1.11665 0.358276
-1.11658 0.35834

-1.11658 0.358341
-1.11632 0.358582

-1.11632 0.358582
-1.11627 0.358623

-1.11627 0.358623
-1.11599 0.358887

-1.11599 0.358887
-1.11597 0.358905

-1.11597 0.358905
-1.11566 0.359187

-1.11566 0.359187
-1.11566 0.359192

-1.11566 0.359192
-1.11536 0.359469

-1.11536 0.359469
-1.11533 0.359497

-1.11533 0.359497
-1.11505 0.359751

-1.11505 0.359751
-1.115 0.359802

-1.115 0.359802
-1.11475 0.360033

-1.11475 0.360033
-1.11467 0.360107

-1.11467 0.360107
-1.11444 0.360314

-1.11444 0.360315
-1.11433 0.360413

-1.11434 0.360413
-1.11414 0.360595

-1.11414 0.360597
-1.114 0.360718

-1.114 0.360718
-1.11383 0.360877

-1.11383 0.360878
-1.11367 0.361023

-1.11367 0.361023
-1.11353 0.361158

-1.11353 0.36116
-1.11334 0.361328

-1.11334 0.361328
-1.11322 0.36144

-1.11322 0.361441
-1.11301 0.361633

-1.11301 0.361633
-1.11292 0.361721

-1.11292 0.361722
-1.11268 0.361938

-1.11268 0.361938
-1.11261 0.362002

-1.11261 0.362002
-1.11235 0.362244

-1.11235 0.362244
-1.1123 0.362283

-1.1123 0.362283
-1.11202 0.362549

-1.11202 0.362549
-1.112 0.362563

-1.112 0.362564
-1.11169 0.362844

-1.11169 0.362844
-1.11168 0.362854

-1.11168 0.362854
-1.11139 0.363125

-1.11139 0.363125
-1.11135 0.363159

-1.11135 0.363159
-1.11108 0.363405

-1.11108 0.363405
-1.11102 0.363464

-1.11102 0.363464
-1.11078 0.363685

-1.11078 0.363686
-1.11069 0.36377

-1.11069 0.36377
-1.11047 0.363965

-1.11047 0.363966
-1.11036 0.364075

-1.11036 0.364075
-1.11017 0.364245

-1.11017 0.364247
-1.11002 0.36438

-1.11002 0.36438
-1.10986 0.364525

-1.10986 0.364527
-1.10969 0.364685

-1.10969 0.364685
-1.10956 0.364805

-1.10956 0.364807
-1.10936 0.36499

-1.10936 0.36499
-1.10925 0.365085

-1.10925 0.365086
-1.10902 0.365295

-1.10902 0.365295
-1.10895 0.365365

-1.10895 0.365365
-1.10869 0.365601

-1.10869 0.365601
-1.10864 0.365644

-1.10864 0.365645
-1.10836 0.365906

-1.10836 0.365906
-1.10834 0.365924

-1.10834 0.365924
-1.10803 0.366203

-1.10803 0.366203
-1.10802 0.366211

-1.10802 0.366211
-1.10773 0.366483

-1.10773 0.366483
-1.10769 0.366516

-1.10769 0.366516
-1.10742 0.366762

-1.10742 0.366762
-1.10736 0.366821

-1.10736 0.366821
-1.10712 0.36704

-1.10712 0.367041
-1.10702 0.367126

-1.10702 0.367126
-1.10681 0.367318

-1.10681 0.36732
-1.10669 0.367432

-1.10669 0.367432
-1.10651 0.367597

-1.10651 0.367599
-1.10635 0.367737

-1.10636 0.367737
-1.1062 0.367876

-1.1062 0.367878
-1.10602 0.368042

-1.10602 0.368042
-1.1059 0.368155

-1.1059 0.368157
-1.10569 0.368347

-1.10569 0.368347
-1.10559 0.368434

-1.10559 0.368435
-1.10535 0.368652

-1.10535 0.368652
-1.10529 0.368712

-1.10529 0.368713
-1.10502 0.368958

-1.10502 0.368958
-1.10498 0.36899

-1.10498 0.368991
-1.10468 0.369263

-1.10468 0.369263
-1.10468 0.369268

-1.10468 0.369269
-1.10437 0.369547

-1.10437 0.369547
-1.10435 0.369568

-1.10435 0.369568
-1.10406 0.369825

-1.10406 0.369825
-1.10401 0.369873

-1.10401 0.369873
-1.10376 0.370103

-1.10376 0.370103
-1.10368 0.370178

-1.10368 0.370178
-1.10345 0.37038

-1.10345 0.370381
-1.10334 0.370483

-1.10334 0.370483
-1.10315 0.370657

-1.10315 0.370659
-1.10301 0.370789

-1.10301 0.370789
-1.10284 0.370935

-1.10284 0.370937
-1.10267 0.371094

-1.10267 0.371094
-1.10254 0.371212

-1.10254 0.371214
-1.10233 0.371399

-1.10233 0.371399
-1.10223 0.37149

-1.10223 0.371491
-1.102 0.371704

-1.102 0.371704
-1.10193 0.371767

-1.10193 0.371767
-1.10166 0.372009

-1.10166 0.372009
-1.10162 0.372044

-1.10162 0.372044
-1.10133 0.372314

-1.10133 0.372314
-1.10132 0.372321

-1.10132 0.372321
-1.10101 0.372598

-1.10101 0.372598
-1.10099 0.37262

-1.10099 0.37262
-1.10071 0.372875

-1.10071 0.372875
-1.10065 0.372925

-1.10065 0.372925
-1.1004 0.373152

-1.1004 0.373152
-1.10032 0.37323

-1.10032 0.37323
-1.1001 0.373428

-1.1001 0.373429
-1.09998 0.373535

-1.09998 0.373535
-1.09979 0.373704

-1.09979 0.373706
-1.09964 0.37384

-1.09964 0.37384
-1.09949 0.37398

-1.09949 0.373982
-1.0993 0.374146

-1.09931 0.374146
-1.09918 0.374257

-1.09918 0.374259
-1.09897 0.374451

-1.09897 0.374451
-1.09888 0.374533

-1.09888 0.374534
-1.09863 0.374756

-1.09863 0.374756
-1.09857 0.374809

-1.09857 0.37481
-1.09829 0.375061

-1.09829 0.375061
-1.09827 0.375085

-1.09827 0.375086
-1.09796 0.375361

-1.09796 0.375361
-1.09796 0.375366

-1.09796 0.375366
-1.09766 0.375637

-1.09766 0.375637
-1.09762 0.375671

-1.09762 0.375671
-1.09735 0.375913

-1.09735 0.375913
-1.09728 0.375977

-1.09728 0.375977
-1.09705 0.376188

-1.09705 0.376189
-1.09694 0.376282

-1.09694 0.376282
-1.09674 0.376462

-1.09674 0.376465
-1.0966 0.376587

-1.0966 0.376587
-1.09644 0.376738

-1.09644 0.37674
-1.09627 0.376892

-1.09627 0.376892
-1.09613 0.377014

-1.09613 0.377016
-1.09593 0.377197

-1.09593 0.377197
-1.09583 0.377289

-1.09583 0.37729
-1.09559 0.377502

-1.09559 0.377502
-1.09552 0.377564

-1.09552 0.377565
-1.09525 0.377808

-1.09525 0.377808
-1.09521 0.377839

-1.09521 0.377839
-1.09491 0.378113

-1.09491 0.378113
-1.09491 0.378114

-1.09491 0.378114
-1.0946 0.378389

-1.0946 0.378389
-1.09457 0.378418

-1.09457 0.378418
-1.0943 0.378664

-1.0943 0.378664
-1.09423 0.378723

-1.09423 0.378723
-1.09399 0.378938

-1.09399 0.378938
-1.09389 0.379028

-1.09389 0.379028
-1.09369 0.379211

-1.09369 0.379213
-1.09355 0.379333

-1.09356 0.379333
-1.09338 0.379486

-1.09338 0.379488
-1.09321 0.379639

-1.09321 0.379639
-1.09308 0.37976

-1.09308 0.379762
-1.09287 0.379944

-1.09287 0.379944
-1.09277 0.380035

-1.09277 0.380036
-1.09254 0.380249

-1.09253 0.380249
-1.09247 0.380309

-1.09247 0.380309
-1.0922 0.380554

-1.09219 0.380554
-1.09216 0.380583

-1.09216 0.380583
-1.09186 0.380857

-1.09186 0.380857
-1.09186 0.380859

-1.09186 0.380859
-1.09155 0.381131

-1.09155 0.381131
-1.09151 0.381165

-1.09151 0.381165
-1.09125 0.381404

-1.09125 0.381404
-1.09117 0.38147

-1.09117 0.38147
-1.09094 0.381677

-1.09094 0.381678
-1.09083 0.381775

-1.09084 0.381775
-1.09064 0.38195

-1.09064 0.381952
-1.09049 0.38208

-1.09049 0.38208
-1.09033 0.382224

-1.09033 0.382226
-1.09015 0.382385

-1.09015 0.382385
-1.09003 0.382497

-1.09003 0.382499
-1.08981 0.38269

-1.08981 0.38269
-1.08972 0.38277

-1.08972 0.382771
-1.08947 0.382996

-1.08947 0.382996
-1.08942 0.383043

-1.08942 0.383044
-1.08913 0.383301

-1.08913 0.383301
-1.08911 0.383316

-1.08911 0.383317
-1.08881 0.38359

-1.08881 0.38359
-1.08879 0.383606

-1.08879 0.383606
-1.0885 0.383862

-1.0885 0.383862
-1.08845 0.383911

-1.08845 0.383911
-1.0882 0.384135

-1.0882 0.384135
-1.0881 0.384216

-1.08811 0.384216
-1.08789 0.384407

-1.08789 0.384408
-1.08776 0.384521

-1.08776 0.384521
-1.08759 0.384679

-1.08759 0.384681
-1.08742 0.384827

-1.08742 0.384827
-1.08728 0.384952

-1.08728 0.384954
-1.08708 0.385132

-1.08708 0.385132
-1.08698 0.385224

-1.08698 0.385225
-1.08674 0.385437

-1.08674 0.385437
-1.08667 0.385496

-1.08667 0.385497
-1.08639 0.385742

-1.08639 0.385742
-1.08636 0.385768

-1.08636 0.385769
-1.08606 0.386041

-1.08606 0.386041
-1.08605 0.386047

-1.08605 0.386047
-1.08575 0.386313

-1.08575 0.386313
-1.08571 0.386353

-1.08571 0.386353
-1.08545 0.386584

-1.08545 0.386585
-1.08537 0.386658

-1.08537 0.386658
-1.08514 0.386856

-1.08514 0.386857
-1.08502 0.386963

-1.08503 0.386963
-1.08484 0.387126

-1.08484 0.387129
-1.08468 0.387268

-1.08468 0.387268
-1.08453 0.387398

-1.08453 0.387401
-1.08434 0.387573

-1.08434 0.387573
-1.08423 0.38767

-1.08423 0.387671
-1.08399 0.387878

-1.08399 0.387878
-1.08392 0.387941

-1.08392 0.387942
-1.08365 0.388184

-1.08365 0.388184
-1.08362 0.388212

-1.08362 0.388213
-1.08331 0.388484

-1.08331 0.388484
-1.08331 0.388489

-1.08331 0.388489
-1.08301 0.388755

-1.08301 0.388755
-1.08296 0.388794

-1.08296 0.388794
-1.0827 0.389026

-1.0827 0.389026
-1.08262 0.389099

-1.08262 0.389099
-1.0824 0.389296

-1.0824 0.389297
-1.08228 0.389404

-1.08228 0.389404
-1.08209 0.389566

-1.08209 0.389569
-1.08193 0.389709

-1.08193 0.389709
-1.08179 0.389837

-1.08179 0.389839
-1.08159 0.390015

-1.08159 0.390015
-1.08148 0.390108

-1.08148 0.390109
-1.08124 0.39032

-1.08124 0.39032
-1.08118 0.390379

-1.08118 0.390379
-1.0809 0.390625

-1.0809 0.390625
-1.08087 0.390649

-1.08087 0.390649
-1.08057 0.39092

-1.08057 0.39092
-1.08055 0.39093

-1.08055 0.39093
-1.08026 0.39119

-1.08026 0.39119
-1.08021 0.391235

-1.08021 0.391235
-1.07996 0.39146

-1.07996 0.39146
-1.07986 0.391541

-1.07987 0.391541
-1.07965 0.391729

-1.07965 0.391731
-1.07952 0.391846

-1.07952 0.391846
-1.07935 0.391998

-1.07935 0.392001
-1.07917 0.392151

-1.07917 0.392151
-1.07904 0.392269

-1.07904 0.39227
-1.07883 0.392456

-1.07883 0.392456
-1.07874 0.392539

-1.07874 0.392539
-1.07848 0.392761

-1.07848 0.392761
-1.07843 0.392808

-1.07843 0.392809
-1.07814 0.393066

-1.07814 0.393066
-1.07812 0.393078

-1.07812 0.393078
-1.07782 0.393348

-1.07782 0.393348
-1.07779 0.393372

-1.07779 0.393372
-1.07751 0.393617

-1.07751 0.393617
-1.07745 0.393677

-1.07745 0.393677
-1.07721 0.393886

-1.07721 0.393887
-1.0771 0.393982

-1.0771 0.393982
-1.0769 0.394154

-1.0769 0.394156
-1.07675 0.394287

-1.07676 0.394287
-1.0766 0.394423

-1.0766 0.394426
-1.07641 0.394592

-1.07641 0.394592
-1.07629 0.394693

-1.07629 0.394694
-1.07606 0.394897

-1.07606 0.394897
-1.07599 0.394962

-1.07599 0.394962
-1.07572 0.395203

-1.07572 0.395203
-1.07568 0.395231

-1.07568 0.395231
-1.07538 0.3955

-1.07538 0.3955
-1.07537 0.395508

-1.07537 0.395508
-1.07507 0.395768

-1.07507 0.395768
-1.07502 0.395813

-1.07502 0.395813
-1.07477 0.396037

-1.07477 0.396037
-1.07468 0.396118

-1.07468 0.396118
-1.07446 0.396305

-1.07446 0.396306
-1.07433 0.396423

-1.07433 0.396423
-1.07416 0.396572

-1.07416 0.396575
-1.07398 0.396729

-1.07398 0.396729
-1.07385 0.396841

-1.07385 0.396843
-1.07363 0.397034

-1.07363 0.397034
-1.07355 0.397109

-1.07355 0.39711
-1.07329 0.397339

-1.07329 0.397339
-1.07324 0.397378

-1.07324 0.397378
-1.07294 0.397644

-1.07294 0.397644
-1.07294 0.397646

-1.07294 0.397646
-1.07263 0.397914

-1.07263 0.397914
-1.07259 0.397949

-1.07259 0.397949
-1.07233 0.398182

-1.07233 0.398182
-1.07224 0.398254

-1.07224 0.398254
-1.07202 0.398449

-1.07202 0.39845
-1.0719 0.39856

-1.0719 0.39856
-1.07172 0.398716

-1.07172 0.398719
-1.07155 0.398865

-1.07155 0.398865
-1.07141 0.398984

-1.07141 0.398986
-1.0712 0.39917

-1.0712 0.39917
-1.07111 0.399251

-1.07111 0.399252
-1.07085 0.399475

-1.07085 0.399475
-1.0708 0.399519

-1.0708 0.39952
-1.0705 0.39978

-1.0705 0.39978
-1.0705 0.399786

-1.0705 0.399787
-1.07019 0.400054

-1.07019 0.400054
-1.07015 0.400085

-1.07015 0.400085
-1.06989 0.400321

-1.06989 0.400321
-1.06981 0.400391

-1.06981 0.400391
-1.06958 0.400588

-1.06958 0.400589
-1.06946 0.400696

-1.06946 0.400696
-1.06927 0.400854

-1.06927 0.400856
-1.06911 0.401001

-1.06911 0.401001
-1.06897 0.401121

-1.06897 0.401123
-1.06876 0.401306

-1.06876 0.401306
-1.06866 0.401388

-1.06866 0.401389
-1.06841 0.401611

-1.06841 0.401611
-1.06836 0.401655

-1.06836 0.401655
-1.06806 0.401917

-1.06806 0.401917
-1.06805 0.401921

-1.06805 0.401922
-1.06775 0.402189

-1.06775 0.402189
-1.06771 0.402222

-1.06771 0.402222
-1.06744 0.402455

-1.06744 0.402455
-1.06736 0.402527

-1.06736 0.402527
-1.06714 0.402721

-1.06714 0.402722
-1.06701 0.402832

-1.06701 0.402832
-1.06683 0.402986

-1.06683 0.402989
-1.06666 0.403137

-1.06666 0.403137
-1.06653 0.403253

-1.06653 0.403254
-1.06631 0.403442

-1.06631 0.403442
-1.06622 0.403519

-1.06622 0.40352
-1.06596 0.403748

-1.06596 0.403748
-1.06592 0.403785

-1.06592 0.403786
-1.06561 0.404052

-1.06561 0.404052
-1.06561 0.404053

-1.06561 0.404053
-1.06531 0.404318

-1.06531 0.404318
-1.06526 0.404358

-1.06526 0.404358
-1.065 0.404583

-1.065 0.404584
-1.06491 0.404663

-1.06491 0.404663
-1.0647 0.404849

-1.0647 0.40485
-1.06456 0.404968

-1.06456 0.404968
-1.06439 0.405113

-1.06439 0.405116
-1.06421 0.405273

-1.06421 0.405273
-1.06409 0.405379

-1.06409 0.405381
-1.06386 0.405579

-1.06386 0.405579
-1.06378 0.405645

-1.06378 0.405646
-1.06351 0.405884

-1.06351 0.405884
-1.06348 0.40591

-1.06348 0.405911
-1.06317 0.406176

-1.06317 0.406176
-1.06316 0.406189

-1.06316 0.406189
-1.06287 0.406441

-1.06287 0.406442
-1.06281 0.406494

-1.06281 0.406494
-1.06256 0.406706

-1.06256 0.406707
-1.06245 0.406799

-1.06246 0.406799
-1.06226 0.406971

-1.06226 0.406973
-1.0621 0.407104

-1.0621 0.407104
-1.06195 0.407235

-1.06195 0.407238
-1.06175 0.40741

-1.06175 0.40741
-1.06165 0.407501

-1.06165 0.407502
-1.0614 0.407715

-1.0614 0.407715
-1.06134 0.407766

-1.06134 0.407766
-1.06105 0.40802

-1.06105 0.40802
-1.06104 0.40803

-1.06104 0.408031
-1.06073 0.408295

-1.06073 0.408296
-1.0607 0.408325

-1.0607 0.408325
-1.06042 0.40856

-1.06042 0.40856
-1.06034 0.40863

-1.06034 0.40863
-1.06012 0.408824

-1.06012 0.408825
-1.05999 0.408936

-1.05999 0.408936
-1.05981 0.409087

-1.05981 0.40909
-1.05964 0.409241

-1.05964 0.409241
-1.05951 0.409352

-1.05951 0.409354
-1.05929 0.409546

-1.05929 0.409546
-1.0592 0.409617

-1.0592 0.409618
-1.05893 0.409851

-1.05893 0.409851
-1.0589 0.409881

-1.0589 0.409882
-1.05859 0.410146

-1.05859 0.410146
-1.05858 0.410156

-1.05858 0.410156
-1.05829 0.41041

-1.05829 0.41041
-1.05823 0.410461

-1.05823 0.410461
-1.05798 0.410674

-1.05798 0.410674
-1.05788 0.410767

-1.05788 0.410767
-1.05768 0.410937

-1.05768 0.410939
-1.05752 0.411072

-1.05752 0.411072
-1.05737 0.4112

-1.05737 0.411202
-1.05717 0.411377

-1.05717 0.411377
-1.05707 0.411464

-1.05707 0.411465
-1.05682 0.411682

-1.05682 0.411682
-1.05676 0.411728

-1.05676 0.411728
-1.05646 0.411987

-1.05646 0.411987
-1.05646 0.411991

-1.05646 0.411992
-1.05615 0.412255

-1.05615 0.412255
-1.05611 0.412292

-1.05611 0.412292
-1.05585 0.412519

-1.05585 0.412519
-1.05576 0.412598

-1.05576 0.412598
-1.05554 0.412782

-1.05554 0.412783
-1.0554 0.412903

-1.0554 0.412903
-1.05524 0.413044

-1.05524 0.413047
-1.05505 0.413208

-1.05505 0.413208
-1.05493 0.413308

-1.05493 0.413309
-1.05469 0.413513

-1.05469 0.413513
-1.05463 0.413571

-1.05463 0.413572
-1.05434 0.413818

-1.05434 0.413818
-1.05432 0.413834

-1.05432 0.413834
-1.05402 0.414097

-1.05402 0.414097
-1.05399 0.414124

-1.05399 0.414124
-1.05371 0.41436

-1.05371 0.41436
-1.05363 0.414429

-1.05363 0.414429
-1.05341 0.414623

-1.05341 0.414624
-1.05328 0.414734

-1.05328 0.414734
-1.0531 0.414884

-1.0531 0.414887
-1.05292 0.415039

-1.05292 0.415039
-1.0528 0.415147

-1.0528 0.415149
-1.05257 0.415344

-1.05257 0.415344
-1.05249 0.41541

-1.05249 0.415411
-1.05221 0.415649

-1.05221 0.415649
-1.05219 0.415673

-1.05219 0.415673
-1.05188 0.415936

-1.05188 0.415936
-1.05186 0.415955

-1.05186 0.415955
-1.05157 0.416198

-1.05157 0.416198
-1.0515 0.41626

-1.0515 0.41626
-1.05127 0.41646

-1.05127 0.416461
-1.05115 0.416565

-1.05115 0.416565
-1.05096 0.416721

-1.05096 0.416724
-1.05079 0.41687

-1.05079 0.41687
-1.05066 0.416983

-1.05066 0.416985
-1.05044 0.417175

-1.05044 0.417175
-1.05035 0.417246

-1.05035 0.417247
-1.05008 0.41748

-1.05008 0.41748
-1.05005 0.417508

-1.05005 0.417508
-1.04974 0.41777

-1.04974 0.41777
-1.04973 0.417786

-1.04973 0.417786
-1.04944 0.418032

-1.04944 0.418032
-1.04937 0.418091

-1.04937 0.418091
-1.04913 0.418294

-1.04913 0.418294
-1.04901 0.418396

-1.04902 0.418396
-1.04883 0.418554

-1.04883 0.418557
-1.04866 0.418701

-1.04866 0.418701
-1.04852 0.418816

-1.04852 0.418817
-1.0483 0.419006

-1.0483 0.419006
-1.04822 0.419078

-1.04822 0.419079
-1.04795 0.419312

-1.04795 0.419312
-1.04791 0.419339

-1.04791 0.41934
-1.04761 0.419601

-1.04761 0.419601
-1.04759 0.419617

-1.04759 0.419617
-1.0473 0.419863

-1.0473 0.419863
-1.04723 0.419922

-1.04723 0.419922
-1.047 0.420124

-1.047 0.420124
-1.04688 0.420227

-1.04688 0.420227
-1.04669 0.420384

-1.04669 0.420386
-1.04652 0.420532

-1.04652 0.420532
-1.04639 0.420645

-1.04639 0.420646
-1.04616 0.420837

-1.04616 0.420837
-1.04608 0.420906

-1.04608 0.420907
-1.04581 0.421143

-1.04581 0.421143
-1.04578 0.421167

-1.04578 0.421168
-1.04547 0.421429

-1.04547 0.421429
-1.04545 0.421448

-1.04545 0.421448
-1.04517 0.421689

-1.04517 0.42169
-1.04509 0.421753

-1.04509 0.421753
-1.04486 0.42195

-1.04486 0.421951
-1.04473 0.422058

-1.04474 0.422058
-1.04456 0.42221

-1.04456 0.422212
-1.04438 0.422363

-1.04438 0.422363
-1.04425 0.42247

-1.04425 0.422472
-1.04402 0.422668

-1.04402 0.422668
-1.04395 0.422731

-1.04395 0.422732
-1.04366 0.422974

-1.04366 0.422974
-1.04364 0.422992

-1.04364 0.422992
-1.04333 0.423253

-1.04333 0.423253
-1.0433 0.423279

-1.0433 0.423279
-1.04303 0.423513

-1.04303 0.423513
-1.04295 0.423584

-1.04295 0.423584
-1.04272 0.423773

-1.04272 0.423774
-1.04259 0.423889

-1.04259 0.423889
-1.04242 0.424032

-1.04242 0.424034
-1.04223 0.424194

-1.04223 0.424194
-1.04211 0.424292

-1.04211 0.424293
-1.04187 0.4245

-1.04187 0.4245
-1.04181 0.424553

-1.04181 0.424553
-1.04151 0.424805

-1.04151 0.424805
-1.0415 0.424813

-1.0415 0.424813
-1.0412 0.425073

-1.0412 0.425073
-1.04116 0.42511

-1.04116 0.42511
-1.04089 0.425333

-1.04089 0.425333
-1.0408 0.425415

-1.0408 0.425415
-1.04059 0.425592

-1.04059 0.425594
-1.04044 0.42572

-1.04044 0.42572
-1.04028 0.425851

-1.04028 0.425853
-1.04008 0.426025

-1.04008 0.426025
-1.03998 0.426111

-1.03998 0.426112
-1.03972 0.426331

-1.03972 0.426331
-1.03967 0.426371

-1.03967 0.426371
-1.03937 0.426631

-1.03937 0.426631
-1.03936 0.426636

-1.03936 0.426636
-1.03906 0.42689

-1.03906 0.42689
-1.039 0.426941

-1.039 0.426941
-1.03876 0.427149

-1.03876 0.42715
-1.03864 0.427246

-1.03864 0.427246
-1.03845 0.427408

-1.03845 0.42741
-1.03828 0.427551

-1.03828 0.427551
-1.03815 0.427667

-1.03815 0.427668
-1.03792 0.427856

-1.03792 0.427856
-1.03784 0.427926

-1.03784 0.427927
-1.03757 0.428162

-1.03756 0.428162
-1.03754 0.428185

-1.03754 0.428186
-1.03723 0.428445

-1.03723 0.428445
-1.03721 0.428467

-1.03721 0.428467
-1.03693 0.428704

-1.03693 0.428704
-1.03685 0.428772

-1.03685 0.428772
-1.03662 0.428962

-1.03662 0.428964
-1.03649 0.429077

-1.03649 0.429077
-1.03632 0.42922

-1.03632 0.429222
-1.03613 0.429382

-1.03613 0.429382
-1.03601 0.429479

-1.03601 0.42948
-1.03577 0.429688

-1.03577 0.429688
-1.03571 0.429738

-1.03571 0.429739
-1.03541 0.429993

-1.03541 0.429993
-1.0354 0.429997

-1.0354 0.429997
-1.0351 0.430256

-1.0351 0.430256
-1.03505 0.430298

-1.03505 0.430298
-1.03479 0.430514

-1.03479 0.430515
-1.03468 0.430603

-1.03469 0.430603
-1.03448 0.430772

-1.03448 0.430774
-1.03432 0.430908

-1.03433 0.430908
-1.03418 0.43103

-1.03418 0.431031
-1.03396 0.431213

-1.03396 0.431213
-1.03387 0.431288

-1.03387 0.431289
-1.0336 0.431519

-1.0336 0.431519
-1.03357 0.431546

-1.03357 0.431547
-1.03326 0.431805

-1.03326 0.431805
-1.03324 0.431824

-1.03324 0.431824
-1.03296 0.432063

-1.03296 0.432063
-1.03288 0.432129

-1.03288 0.432129
-1.03265 0.432321

-1.03265 0.432322
-1.03252 0.432434

-1.03252 0.432434
-1.03235 0.432578

-1.03235 0.43258
-1.03216 0.432739

-1.03216 0.432739
-1.03204 0.432836

-1.03204 0.432837
-1.0318 0.433044

-1.0318 0.433044
-1.03174 0.433094

-1.03174 0.433095
-1.03144 0.43335

-1.03144 0.43335
-1.03143 0.433352

-1.03143 0.433352
-1.03113 0.43361

-1.03113 0.43361
-1.03107 0.433655

-1.03107 0.433655
-1.03082 0.433868

-1.03082 0.433868
-1.03071 0.43396

-1.03071 0.43396
-1.03052 0.434124

-1.03052 0.434127
-1.03035 0.434265

-1.03035 0.434265
-1.03021 0.434381

-1.03021 0.434383
-1.02999 0.43457

-1.02999 0.43457
-1.02991 0.434639

-1.02991 0.43464
-1.02963 0.434875

-1.02963 0.434875
-1.0296 0.434897

-1.0296 0.434897
-1.0293 0.435154

-1.0293 0.435154
-1.02927 0.435181

-1.02927 0.435181
-1.02899 0.435412

-1.02899 0.435412
-1.0289 0.435486

-1.0289 0.435486
-1.02869 0.435669

-1.02869 0.43567
-1.02854 0.435791

-1.02854 0.435791
-1.02838 0.435924

-1.02838 0.435927
-1.02818 0.436096

-1.02818 0.436096
-1.02808 0.436182

-1.02808 0.436183
-1.02782 0.436401

-1.02782 0.436401
-1.02777 0.436439

-1.02777 0.43644
-1.02747 0.436697

-1.02747 0.436697
-1.02745 0.436707

-1.02745 0.436707
-1.02716 0.436953

-1.02716 0.436953
-1.02709 0.437012

-1.02709 0.437012
-1.02686 0.43721

-1.02686 0.437211
-1.02673 0.437317

-1.02673 0.437317
-1.02655 0.437466

-1.02655 0.437468
-1.02636 0.437622

-1.02637 0.437622
-1.02625 0.437722

-1.02625 0.437724
-1.026 0.437927

-1.026 0.437927
-1.02594 0.437979

-1.02594 0.43798
-1.02564 0.438232

-1.02564 0.438232
-1.02563 0.438236

-1.02563 0.438236
-1.02533 0.438493

-1.02533 0.438493
-1.02528 0.438538

-1.02528 0.438538
-1.02502 0.438749

-1.02502 0.43875
-1.02491 0.438843

-1.02491 0.438843
-1.02472 0.439005

-1.02472 0.439007
-1.02455 0.439148

-1.02455 0.439148
-1.02441 0.439261

-1.02441 0.439262
-1.02419 0.439453

-1.02419 0.439453
-1.02411 0.439517

-1.02411 0.439518
-1.02382 0.439758

-1.02382 0.439758
-1.0238 0.439773

-1.0238 0.439774
-1.0235 0.44003

-1.0235 0.44003
-1.02346 0.440063

-1.02346 0.440063
-1.02319 0.440286

-1.02319 0.440286
-1.02309 0.440369

-1.0231 0.440369
-1.02289 0.440542

-1.02289 0.440543
-1.02273 0.440674

-1.02273 0.440674
-1.02258 0.440797

-1.02258 0.440798
-1.02237 0.440979

-1.02237 0.440979
-1.02228 0.441053

-1.02228 0.441054
-1.022 0.441284

-1.022 0.441284
-1.02197 0.441309

-1.02197 0.441309
-1.02167 0.441565

-1.02167 0.441565
-1.02164 0.441589

-1.02164 0.441589
-1.02136 0.441821

-1.02136 0.441821
-1.02127 0.441895

-1.02127 0.441895
-1.02106 0.442076

-1.02106 0.442077
-1.02091 0.4422

-1.02091 0.4422
-1.02075 0.44233

-1.02075 0.442332
-1.02054 0.442505

-1.02054 0.442505
-1.02045 0.442586

-1.02045 0.442587
-1.02018 0.44281

-1.02018 0.44281
-1.02014 0.442842

-1.02014 0.442843
-1.01984 0.443098

-1.01984 0.443098
-1.01982 0.443115

-1.01982 0.443115
-1.01953 0.443353

-1.01953 0.443353
-1.01945 0.44342

-1.01945 0.44342
-1.01923 0.443608

-1.01923 0.443609
-1.01909 0.443726

-1.01909 0.443726
-1.01892 0.443862

-1.01892 0.443864
-1.01872 0.444031

-1.01872 0.444031
-1.01862 0.444118

-1.01862 0.444119
-1.01836 0.444336

-1.01835 0.444336
-1.01831 0.444373

-1.01831 0.444374
-1.01801 0.444629

-1.01801 0.444629
-1.01799 0.444641

-1.01799 0.444641
-1.0177 0.444883

-1.0177 0.444884
-1.01762 0.444946

-1.01763 0.444946
-1.0174 0.445138

-1.0174 0.445139
-1.01726 0.445251

-1.01726 0.445251
-1.01709 0.445392

-1.01709 0.445394
-1.01689 0.445557

-1.01689 0.445557
-1.01678 0.445647

-1.01678 0.445648
-1.01653 0.445862

-1.01653 0.445862
-1.01648 0.445902

-1.01648 0.445903
-1.01617 0.446157

-1.01617 0.446157
-1.01616 0.446167

-1.01616 0.446167
-1.01587 0.446412

-1.01587 0.446412
-1.0158 0.446472

-1.0158 0.446472
-1.01556 0.446666

-1.01556 0.446667
-1.01543 0.446777

-1.01543 0.446777
-1.01526 0.44692

-1.01526 0.446921
-1.01506 0.447083

-1.01506 0.447083
-1.01495 0.447174

-1.01495 0.447175
-1.0147 0.447388

-1.0147 0.447388
-1.01465 0.447429

-1.01465 0.447429
-1.01434 0.447684

-1.01434 0.447684
-1.01433 0.447693

-1.01433 0.447693
-1.01404 0.447938

-1.01404 0.447938
-1.01397 0.447998

-1.01397 0.447998
-1.01373 0.448192

-1.01373 0.448193
-1.0136 0.448303

-1.0136 0.448303
-1.01343 0.448445

-1.01343 0.448447
-1.01323 0.448608

-1.01323 0.448608
-1.01312 0.448699

-1.01312 0.4487
-1.01287 0.448914

-1.01287 0.448914
-1.01282 0.448953

-1.01282 0.448954
-1.01251 0.449208

-1.01251 0.449208
-1.0125 0.449219

-1.0125 0.449219
-1.01221 0.449462

-1.01221 0.449462
-1.01213 0.449524

-1.01213 0.449524
-1.0119 0.449716

-1.0119 0.449717
-1.01176 0.449829

-1.01177 0.449829
-1.0116 0.449968

-1.0116 0.44997
-1.0114 0.450134

-1.0114 0.450134
-1.01129 0.450222

-1.01129 0.450223
-1.01103 0.450439

-1.01103 0.450439
-1.01099 0.450476

-1.01099 0.450477
-1.01068 0.450731

-1.01068 0.450731
-1.01066 0.450745

-1.01066 0.450745
-1.01038 0.450984

-1.01038 0.450984
-1.0103 0.45105

-1.0103 0.45105
-1.01007 0.451238

-1.01007 0.451239
-1.00993 0.451355

-1.00993 0.451355
-1.00977 0.45149

-1.00977 0.451492
-1.00956 0.45166

-1.00956 0.45166
-1.00946 0.451744

-1.00946 0.451745
-1.00919 0.451965

-1.00919 0.451965
-1.00916 0.451997

-1.00916 0.451998
-1.00885 0.452251

-1.00885 0.452251
-1.00883 0.452271

-1.00883 0.452271
-1.00854 0.452504

-1.00854 0.452505
-1.00846 0.452576

-1.00846 0.452576
-1.00824 0.452757

-1.00824 0.452759
-1.00809 0.452881

-1.00809 0.452881
-1.00793 0.453009

-1.00793 0.453011
-1.00772 0.453186

-1.00772 0.453186
-1.00763 0.453263

-1.00763 0.453264
-1.00735 0.453491

-1.00735 0.453491
-1.00732 0.453516

-1.00732 0.453517
-1.00702 0.45377

-1.00702 0.45377
-1.00699 0.453796

-1.00699 0.453796
-1.00671 0.454022

-1.00671 0.454023
-1.00662 0.454102

-1.00662 0.454102
-1.00641 0.454275

-1.00641 0.454277
-1.00625 0.454407

-1.00625 0.454407
-1.0061 0.454527

-1.0061 0.454528
-1.00588 0.454712

-1.00588 0.454712
-1.0058 0.45478

-1.0058 0.454781
-1.00551 0.455017

-1.00551 0.455017
-1.00549 0.455033

-1.00549 0.455034
-1.00519 0.455286

-1.00519 0.455286
-1.00514 0.455322

-1.00514 0.455322
-1.00488 0.455539

-1.00488 0.455539
-1.00478 0.455627

-1.00478 0.455627
-1.00458 0.455791

-1.00458 0.455792
-1.00441 0.455933

-1.00441 0.455933
-1.00427 0.456043

-1.00427 0.456044
-1.00404 0.456238

-1.00404 0.456238
-1.00397 0.456295

-1.00397 0.456296
-1.00367 0.456543

-1.00367 0.456543
-1.00366 0.456548

-1.00366 0.456549
-1.00336 0.456801

-1.00336 0.456801
-1.0033 0.456848

-1.0033 0.456848
-1.00305 0.457053

-1.00305 0.457054
-1.00293 0.457153

-1.00293 0.457153
-1.00275 0.457305

-1.00275 0.457306
-1.00256 0.457458

-1.00256 0.457458
-1.00244 0.457556

-1.00244 0.457558
-1.00219 0.457764

-1.00219 0.457764
-1.00214 0.457809

-1.00214 0.45781
-1.00183 0.458062

-1.00183 0.458062
-1.00182 0.458069

-1.00182 0.458069
-1.00153 0.458314

-1.00153 0.458314
-1.00145 0.458374

-1.00145 0.458374
-1.00122 0.458566

-1.00122 0.458567
-1.00108 0.458679

-1.00108 0.458679
-1.00092 0.458816

-1.00092 0.458818
-1.00071 0.458984

-1.00071 0.458984
-1.00061 0.459068

-1.00061 0.459069
-1.00034 0.45929

-1.00034 0.45929
-1.00031 0.45932

-1.00031 0.459321
-1.0 0.459573

-1.0 0.00211635
-0.999695 0.00211328

-0.999695 0.00211328
-0.99939 0.00211025

-0.99939 0.00211025
-0.999084 0.00210724

-0.999084 0.00210724
-0.998779 0.00210425

-0.998779 0.00210425
-0.998474 0.0021013

-0.998474 0.0021013
-0.998169 0.00209836

-0.998169 0.00209836
-0.997864 0.00209545

-0.997864 0.00209545
-0.997559 0.00209256

-0.997559 0.00209256
-0.997253 0.00208969

-0.997253 0.00208969
-0.996948 0.00208685

-0.996948 0.00208685
-0.996643 0.00208402

-0.996643 0.00208402
-0.996338 0.00208122

-0.996338 0.00208122
-0.996033 0.00207844

-0.996033 0.00207844
-0.995728 0.00207567

-0.995728 0.00207567
-0.995422 0.00207293

-0.995422 0.00207293
-0.995117 0.0020702

-0.995117 0.0020702
-0.994812 0.0020675

-0.994812 0.0020675
-0.994507 0.00206481

-0.994507 0.00206481
-0.994202 0.00206214

-0.994202 0.00206214
-0.993896 0.00205949

-0.993896 0.00205949
-0.993591 0.00205685

-0.993591 0.00205685
-0.993286 0.00205423

-0.993286 0.00205423
-0.992981 0.00205163

-0.992981 0.00205163
-0.992676 0.00204905

-0.992676 0.00204905
-0.992371 0.00204649

-0.992371 0.00204649
-0.992065 0.00204394

-0.992065 0.00204394
-0.99176 0.00204141

-0.99176 0.00204141
-0.991455 0.0020389

-0.991455 0.0020389
-0.99115 0.00203641

-0.99115 0.00203641
-0.990845 0.00203393

-0.990845 0.00203393
-0.99054 0.00203148

-0.99054 0.00203148
-0.990234 0.00202905

-0.990234 0.00202905
-0.989929 0.00202664

-0.989929 0.00202664
-0.989624 0.00202425

-0.989624 0.00202425
-0.989319 0.00202188

-0.989319 0.00202188
-0.989014 0.00201954

-0.989014 0.00201954
-0.988708 0.00201721

-0.988708 0.00201721
-0.988403 0.00201492

-0.988403 0.00201492
-0.988098 0.00201264

-0.988098 0.00201264
-0.987793 0.00201039

-0.987793 0.00201039
-0.987488 0.00200816

-0.987488 0.00200816
-0.987183 0.00200596

-0.987183 0.00200596
-0.986877 0.00200377

-0.986877 0.00200377
-0.986572 0.0020016

-0.986572 0.0020016
-0.986267 0.00199945

-0.986267 0.00199945
-0.985962 0.00199731

-0.985962 0.00199731
-0.985657 0.00199518

-0.985657 0.00199518
-0.985352 0.00199306

-0.985352 0.00199306
-0.985046 0.00199094

-0.985046 0.00199094
-0.984741 0.00198882

-0.984741 0.00198882
-0.984436 0.00198669

-0.984436 0.0019867
-0.984131 0.00198454

-0.984131 0.00198454
-0.983826 0.00198234

-0.983826 0.00198233
-0.983521 0.00198008

-0.983521 0.00198008
-0.983215 0.0019778

-0.983215 0.0019778
-0.98291 0.00197547

-0.98291 0.00197547
-0.982605 0.00197309

-0.982605 0.00197309
-0.9823 0.00197064

-0.9823 0.00197064
-0.981995 0.00196813

-0.981995 0.00196813
-0.981689 0.00196553

-0.981689 0.00196553
-0.981384 0.00196285

-0.981384 0.00196285
-0.981079 0.00196007

-0.981079 0.00196008
-0.980774 0.0019572

-0.980774 0.0019572
-0.980469 0.00195422

-0.980469 0.00195422
-0.980164 0.00195113

-0.980164 0.00195114
-0.979858 0.00194793

-0.979858 0.00194793
-0.979553 0.00194461

-0.979553 0.00194461
-0.979248 0.00194117

-0.979248 0.00194117
-0.978943 0.00193761

-0.978943 0.00193761
-0.978638 0.00193393

-0.978638 0.00193393
-0.978333 0.00193013

-0.978333 0.00193013
-0.978027 0.00192622

-0.978027 0.00192622
-0.977722 0.00192221

-0.977722 0.00192221
-0.977417 0.0019181

-0.977417 0.00191809
-0.977112 0.0019139

-0.977112 0.00191389
-0.976807 0.00190962

-0.976807 0.00190962
-0.976501 0.00190528

-0.976501 0.00190528
-0.976196 0.00190089

-0.976196 0.00190089
-0.975891 0.00189648

-0.975891 0.00189647
-0.975586 0.00189204

-0.975586 0.00189204
-0.975281 0.00188762

-0.975281 0.00188761
-0.974976 0.00188322

-0.974976 0.00188321
-0.97467 0.00187886

-0.97467 0.00187886
-0.974365 0.00187457

-0.974365 0.00187457
-0.97406 0.00187037

-0.97406 0.00187036
-0.973755 0.00186627

-0.973755 0.00186626
-0.97345 0.00186229

-0.97345 0.00186228
-0.973145 0.00185845

-0.973145 0.00185844
-0.972839 0.00185476

-0.972839 0.00185476
-0.972534 0.00185123

-0.972534 0.00185123
-0.972229 0.00184789

-0.972229 0.00184789
-0.971924 0.00184472

-0.971924 0.00184472
-0.971619 0.00184174

-0.971619 0.00184175
-0.971313 0.00183895

-0.971313 0.00183895
-0.971008 0.00183633

-0.971008 0.00183633
-0.970703 0.00183386

-0.970093 0.00182939
-0.970327 0.00183105

-0.970703 0.00183386
-0.970398 0.00183155

-0.970398 0.00183156
-0.970327 0.00183105

-0.970093 0.00182939
-0.969788 0.00182733

-0.969788 0.00182734
-0.969482 0.00182539

-0.969482 0.00182539
-0.969177 0.00182356

-0.969177 0.00182356
-0.968872 0.00182182

-0.968872 0.00182182
-0.968567 0.00182018

-0.968567 0.00182018
-0.968262 0.00181863

-0.968262 0.00181863
-0.967957 0.00181717

-0.967957 0.00181716
-0.967651 0.00181579

-0.967651 0.00181579
-0.967346 0.00181451

-0.967346 0.00181451
-0.967041 0.00181333

-0.967041 0.00181333
-0.966736 0.00181225

-0.966736 0.00181225
-0.966431 0.00181128

-0.966431 0.00181128
-0.966125 0.00181044

-0.966125 0.00181043
-0.96582 0.00180973

-0.96582 0.00180973
-0.965515 0.00180918

-0.965515 0.00180917
-0.96521 0.0018088

-0.96521 0.00180879
-0.964905 0.00180862

-0.964905 0.00180861
-0.9646 0.00180867

-0.9646 0.00180866
-0.964294 0.00180897

-0.964294 0.00180896
-0.963989 0.00180957

-0.963989 0.00180955
-0.963684 0.00181049

-0.963684 0.00181048
-0.963379 0.0018118

-0.963379 0.00181178
-0.963074 0.00181353

-0.963074 0.00181352
-0.962769 0.00181575

-0.962769 0.00181573
-0.962463 0.00181852

-0.962463 0.00181851
-0.962158 0.0018219

-0.962158 0.00182191
-0.961853 0.00182592

-0.961853 0.00182598
-0.961548 0.00183046

-0.961548 0.00183068
-0.961525 0.00183105

-0.961502 0.00183105
-0.961243 0.00183537

-0.961243 0.00183529
-0.960938 0.00184145

-0.960938 0.00184138
-0.960632 0.001849

-0.960632 0.00184889
-0.960327 0.00185836

-0.960327 0.0018582
-0.960022 0.00187006

-0.960022 0.00186985
-0.959717 0.00188485

-0.959717 0.00188462
-0.959412 0.00190363

-0.959412 0.0019034
-0.959106 0.00192733

-0.959106 0.00192692
-0.958801 0.00195705

-0.958801 0.00195617
-0.958496 0.00199508

-0.958496 0.00199437
-0.958191 0.00204522

-0.958191 0.00204504
-0.957886 0.00210962

-0.957886 0.00210978
-0.957785 0.00213623

-0.95778 0.00213623
-0.957581 0.00218856

-0.957581 0.00218788
-0.957275 0.0022874

-0.957275 0.00228686
-0.95697 0.0024091

-0.95697 0.00241017
-0.956904 0.00244141

-0.956904 0.00244141
-0.956665 0.00255419

-0.956665 0.00255381
-0.95636 0.00271913

-0.95636 0.00272041
-0.956315 0.00274658

-0.956318 0.00274658
-0.956055 0.00290445

-0.956055 0.0029047
-0.955824 0.00305176

-0.955828 0.00305176
-0.95575 0.00310143

-0.95575 0.00310158
-0.955444 0.00330083

-0.955444 0.00330102
-0.955357 0.00335693

-0.955361 0.00335693
-0.955139 0.00350022

-0.955139 0.00350079
-0.954881 0.00366211

-0.954881 0.00366211
-0.954834 0.00369084

-0.954834 0.0036923
-0.954529 0.00387211

-0.954529 0.00387262
-0.954355 0.00396729

-0.954355 0.00396729
-0.954224 0.00403868

-0.954224 0.00403944
-0.953918 0.00419065

-0.953918 0.00419108
-0.953734 0.00427246

-0.953732 0.00427246
-0.953613 0.00432487

-0.953613 0.00432555
-0.953308 0.00444412

-0.953308 0.00444439
-0.953003 0.0045461

-0.953003 0.00454624
-0.95289 0.00457764

-0.952888 0.00457764
-0.952698 0.0046304

-0.952698 0.00463041
-0.952393 0.00469886

-0.952393 0.00469907
-0.952087 0.00475123

-0.952087 0.00475127
-0.951782 0.00478664

-0.951782 0.00478672
-0.951477 0.00480503

-0.951477 0.00480508
-0.951172 0.00480608

-0.951172 0.00480617
-0.950867 0.00478961

-0.950867 0.00478975
-0.950562 0.0047552

-0.950562 0.0047554
-0.950256 0.0047022

-0.950256 0.00470246
-0.949951 0.00462971

-0.949646 0.0045365
-0.949781 0.00457764

-0.949951 0.00463001
-0.949779 0.00457764

-0.949646 0.00453741
-0.949341 0.00442287

-0.94873 0.00412079
-0.949011 0.00427246

-0.949341 0.0044235
-0.949036 0.00428494

-0.949036 0.00428264
-0.949017 0.00427246

-0.946355 0.0
-0.946364 0.000305176

-0.946363 0.000305176
-0.946392 0.000610352

-0.946392 0.000610352
-0.946441 0.000915527

-0.946441 0.000915527
-0.946511 0.0012207

-0.946899 0.002211
-0.947027 0.00244141

-0.946594 0.00149649
-0.946603 0.00152588

-0.946603 0.00152588
-0.946718 0.00183105

-0.946594 0.00149646
-0.946511 0.0012207

-0.946718 0.00183105
-0.946859 0.00213623

-0.946899 0.00221109
-0.946858 0.00213623

-0.947815 0.00343051
-0.948075 0.00366211

-0.94751 0.00310684
-0.94774 0.00335693

-0.947815 0.00342863
-0.947742 0.00335693

-0.948425 0.0039256
-0.948491 0.00396729

-0.94873 0.00412209
-0.948487 0.00396729

-0.948425 0.0039291
-0.94812 0.00369973

-0.94812 0.00369674
-0.948078 0.00366211

-0.947205 0.00271395
-0.947226 0.00274658

-0.947225 0.00274658
-0.947462 0.00305176

-0.947205 0.00271363
-0.947026 0.00244141

-0.94751 0.00310716
-0.947462 0.00305176

-1.0 0.459573
-0.999973 0.459595

-0.999974 0.459595
-0.999695 0.459825

-0.999695 0.459825
-0.999603 0.4599

-0.999604 0.4599
-0.99939 0.460076

-0.99939 0.460078
-0.999232 0.460205

-0.999234 0.460205
-0.999084 0.460327

-0.999084 0.460328
-0.998863 0.46051

-0.998863 0.46051
-0.998779 0.460579

-0.998779 0.460579
-0.998493 0.460815

-0.998492 0.460815
-0.998474 0.46083

-0.998474 0.460831
-0.998169 0.461082

-0.998169 0.461082
-0.998122 0.461121

-0.998122 0.461121
-0.997864 0.461334

-0.997864 0.461334
-0.997751 0.461426

-0.997753 0.461426
-0.997559 0.461585

-0.997559 0.461586
-0.997381 0.461731

-0.997382 0.461731
-0.997253 0.461835

-0.997253 0.461837
-0.997011 0.462036

-0.99701 0.462036
-0.996948 0.462087

-0.996948 0.462088
-0.996643 0.462339

-0.996643 0.462339
-0.99664 0.462341

-0.99664 0.462341
-0.996338 0.46259

-0.996338 0.46259
-0.996269 0.462646

-0.996269 0.462646
-0.996033 0.462841

-0.996033 0.462842
-0.995897 0.462952

-0.995899 0.462952
-0.995728 0.463091

-0.995728 0.463093
-0.995527 0.463257

-0.995527 0.463257
-0.995422 0.463342

-0.995422 0.463343
-0.995156 0.463562

-0.995155 0.463562
-0.995117 0.463593

-0.995117 0.463594
-0.994812 0.463845

-0.994812 0.463845
-0.994785 0.463867

-0.994785 0.463867
-0.994507 0.464096

-0.994507 0.464096
-0.994413 0.464172

-0.994414 0.464172
-0.994202 0.464346

-0.994202 0.464348
-0.994041 0.464478

-0.994043 0.464478
-0.993896 0.464596

-0.993896 0.464598
-0.993671 0.464783

-0.99367 0.464783
-0.993591 0.464847

-0.993591 0.464848
-0.993299 0.465088

-0.993299 0.465088
-0.993286 0.465098

-0.993286 0.465099
-0.992981 0.465349

-0.992981 0.465349
-0.992927 0.465393

-0.992928 0.465393
-0.992676 0.4656

-0.992676 0.465601
-0.992555 0.465698

-0.992557 0.465698
-0.992371 0.46585

-0.992371 0.465851
-0.992184 0.466003

-0.992184 0.466003
-0.992065 0.4661

-0.992065 0.466101
-0.991812 0.466309

-0.991812 0.466309
-0.99176 0.46635

-0.99176 0.466351
-0.991455 0.466602

-0.991455 0.466602
-0.99144 0.466614

-0.99144 0.466614
-0.99115 0.466852

-0.99115 0.466852
-0.991068 0.466919

-0.991068 0.466919
-0.990845 0.467102

-0.990845 0.467103
-0.990695 0.467224

-0.990697 0.467224
-0.99054 0.467351

-0.99054 0.467353
-0.990324 0.467529

-0.990323 0.467529
-0.990234 0.467602

-0.990234 0.467603
-0.989951 0.467834

-0.989951 0.467834
-0.989929 0.467852

-0.989929 0.467853
-0.989624 0.468103

-0.989624 0.468103
-0.989579 0.46814

-0.989579 0.46814
-0.989319 0.468353

-0.989319 0.468353
-0.989206 0.468445

-0.989207 0.468445
-0.989014 0.468602

-0.989014 0.468604
-0.988833 0.46875

-0.988834 0.46875
-0.988708 0.468852

-0.988708 0.468853
-0.988461 0.469055

-0.988461 0.469055
-0.988403 0.469102

-0.988403 0.469103
-0.988098 0.469352

-0.988098 0.469352
-0.988088 0.46936

-0.988088 0.46936
-0.987793 0.469602

-0.987793 0.469602
-0.987715 0.469666

-0.987716 0.469666
-0.987488 0.469852

-0.987488 0.469853
-0.987342 0.469971

-0.987344 0.469971
-0.987183 0.4701

-0.987183 0.470102
-0.98697 0.470276

-0.986969 0.470276
-0.986877 0.47035

-0.986877 0.470351
-0.986597 0.470581

-0.986596 0.470581
-0.986572 0.4706

-0.986572 0.470601
-0.986267 0.47085

-0.986267 0.470851
-0.986223 0.470886

-0.986223 0.470886
-0.985962 0.4711

-0.985962 0.471101
-0.985849 0.471191

-0.985851 0.471191
-0.985657 0.471349

-0.985657 0.47135
-0.985476 0.471497

-0.985477 0.471497
-0.985352 0.471598

-0.985352 0.471599
-0.985103 0.471802

-0.985103 0.471802
-0.985046 0.471848

-0.985046 0.471848
-0.984741 0.472098

-0.984741 0.472098
-0.98473 0.472107

-0.98473 0.472107
-0.984436 0.472347

-0.984436 0.472347
-0.984356 0.472412

-0.984356 0.472412
-0.984131 0.472596

-0.984131 0.472597
-0.983981 0.472717

-0.983984 0.472717
-0.983826 0.472844

-0.983826 0.472846
-0.983609 0.473022

-0.983608 0.473022
-0.983521 0.473094

-0.983521 0.473094
-0.983235 0.473328

-0.983234 0.473328
-0.983215 0.473343

-0.983215 0.473344
-0.98291 0.473593

-0.98291 0.473593
-0.982861 0.473633

-0.982861 0.473633
-0.982605 0.473842

-0.982605 0.473842
-0.982486 0.473938

-0.982487 0.473938
-0.9823 0.47409

-0.9823 0.474091
-0.982112 0.474243

-0.982113 0.474243
-0.981995 0.474338

-0.981995 0.47434
-0.981739 0.474548

-0.981738 0.474548
-0.981689 0.474588

-0.981689 0.474588
-0.981384 0.474837

-0.981384 0.474837
-0.981364 0.474854

-0.981364 0.474854
-0.981079 0.475086

-0.981079 0.475086
-0.980989 0.475159

-0.98099 0.475159
-0.980774 0.475335

-0.980774 0.475336
-0.980614 0.475464

-0.980617 0.475464
-0.980469 0.475582

-0.980469 0.475584
-0.980241 0.475769

-0.980241 0.475769
-0.980164 0.475831

-0.980164 0.475832
-0.979866 0.476074

-0.979866 0.476074
-0.979858 0.47608

-0.979858 0.476081
-0.979553 0.476329

-0.979553 0.476329
-0.979491 0.476379

-0.979492 0.476379
-0.979248 0.476578

-0.979248 0.476579
-0.979116 0.476685

-0.979118 0.476685
-0.978943 0.476825

-0.978943 0.476827
-0.978742 0.47699

-0.978742 0.47699
-0.978638 0.477074

-0.978638 0.477075
-0.978367 0.477295

-0.978366 0.477295
-0.978333 0.477322

-0.978333 0.477323
-0.978027 0.477571

-0.978027 0.477571
-0.977992 0.4776

-0.977992 0.4776
-0.977722 0.47782

-0.977722 0.47782
-0.977616 0.477905

-0.977617 0.477905
-0.977417 0.478068

-0.977417 0.478069
-0.977241 0.47821

-0.977242 0.47821
-0.977112 0.478315

-0.977112 0.478316
-0.976867 0.478516

-0.976866 0.478516
-0.976807 0.478564

-0.976807 0.478564
-0.976501 0.478812

-0.976501 0.478812
-0.976491 0.478821

-0.976491 0.478821
-0.976196 0.479061

-0.976196 0.479061
-0.976115 0.479126

-0.976116 0.479126
-0.975891 0.479309

-0.975891 0.47931
-0.975739 0.479431

-0.975741 0.479431
-0.975586 0.479555

-0.975586 0.479557
-0.975365 0.479736

-0.975364 0.479736
-0.975281 0.479804

-0.975281 0.479804
-0.974989 0.480042

-0.974988 0.480042
-0.974976 0.480052

-0.974976 0.480052
-0.97467 0.4803

-0.97467 0.4803
-0.974613 0.480347

-0.974613 0.480347
-0.974365 0.480548

-0.974365 0.480549
-0.974237 0.480652

-0.974238 0.480652
-0.97406 0.480795

-0.97406 0.480796
-0.973861 0.480957

-0.973862 0.480957
-0.973755 0.481043

-0.973755 0.481044
-0.973486 0.481262

-0.973485 0.481262
-0.97345 0.481291

-0.97345 0.481291
-0.973145 0.481539

-0.973145 0.481539
-0.973109 0.481567

-0.973109 0.481567
-0.972839 0.481787

-0.972839 0.481787
-0.972733 0.481873

-0.972734 0.481873
-0.972534 0.482034

-0.972534 0.482035
-0.972357 0.482178

-0.972358 0.482178
-0.972229 0.48228

-0.972229 0.482282
-0.971981 0.482483

-0.97198 0.482483
-0.971924 0.482528

-0.971924 0.482529
-0.971619 0.482776

-0.971619 0.482777
-0.971604 0.482788

-0.971604 0.482788
-0.971313 0.483024

-0.971313 0.483024
-0.971227 0.483093

-0.971228 0.483093
-0.971008 0.483271

-0.971008 0.483272
-0.97085 0.483398

-0.970853 0.483398
-0.970703 0.483517

-0.970703 0.483519
-0.970475 0.483704

-0.970474 0.483704
-0.970398 0.483765

-0.970398 0.483766
-0.970098 0.484009

-0.970097 0.484009
-0.970093 0.484012

-0.970093 0.484013
-0.969788 0.48426

-0.969788 0.48426
-0.969721 0.484314

-0.969721 0.484314
-0.969482 0.484507

-0.969482 0.484508
-0.969343 0.484619

-0.969345 0.484619
-0.969177 0.484754

-0.969177 0.484755
-0.968968 0.484924

-0.968967 0.484924
-0.968872 0.485001

-0.968872 0.485002
-0.96859 0.485229

-0.96859 0.485229
-0.968567 0.485248

-0.968567 0.485248
-0.968262 0.485495

-0.968262 0.485496
-0.968213 0.485535

-0.968213 0.485535
-0.967957 0.485742

-0.967957 0.485743
-0.967835 0.48584

-0.967837 0.48584
-0.967651 0.485989

-0.967651 0.48599
-0.967459 0.486145

-0.967459 0.486145
-0.967346 0.486235

-0.967346 0.486236
-0.967082 0.48645

-0.967081 0.48645
-0.967041 0.486482

-0.967041 0.486483
-0.966736 0.48673

-0.966736 0.48673
-0.966704 0.486755

-0.966704 0.486755
-0.966431 0.486976

-0.966431 0.486977
-0.966326 0.487061

-0.966327 0.487061
-0.966125 0.487223

-0.966125 0.487224
-0.965949 0.487366

-0.96595 0.487366
-0.96582 0.487469

-0.96582 0.48747
-0.965572 0.487671

-0.965571 0.487671
-0.965515 0.487716

-0.965515 0.487716
-0.96521 0.487963

-0.96521 0.487963
-0.965194 0.487976

-0.965194 0.487976
-0.964905 0.488209

-0.964905 0.48821
-0.964815 0.488281

-0.964816 0.488281
-0.9646 0.488456

-0.9646 0.488457
-0.964437 0.488586

-0.964439 0.488586
-0.964294 0.488701

-0.964294 0.488702
-0.96406 0.488892

-0.96406 0.488892
-0.963989 0.488948

-0.963989 0.488949
-0.963684 0.489195

-0.963684 0.489195
-0.963682 0.489197

-0.963682 0.489197
-0.963379 0.489441

-0.963379 0.489442
-0.963303 0.489502

-0.963304 0.489502
-0.963074 0.489688

-0.963074 0.489689
-0.962924 0.489807

-0.962927 0.489807
-0.962769 0.489933

-0.962769 0.489934
-0.962548 0.490112

-0.962547 0.490112
-0.962463 0.490179

-0.962463 0.49018
-0.962169 0.490417

-0.962168 0.490417
-0.962158 0.490426

-0.962158 0.490426
-0.961853 0.490672

-0.961853 0.490672
-0.96179 0.490723

-0.961791 0.490723
-0.961548 0.490918

-0.961548 0.490919
-0.961411 0.491028

-0.961413 0.491028
-0.961243 0.491164

-0.961243 0.491165
-0.961034 0.491333

-0.961033 0.491333
-0.960938 0.491409

-0.960938 0.49141
-0.960655 0.491638

-0.960654 0.491638
-0.960632 0.491656

-0.960632 0.491656
-0.960327 0.491902

-0.960327 0.491902
-0.960276 0.491943

-0.960276 0.491943
-0.960022 0.492148

-0.960022 0.492149
-0.959896 0.492249

-0.959898 0.492249
-0.959717 0.492393

-0.959717 0.492394
-0.959518 0.492554

-0.959519 0.492554
-0.959412 0.492639

-0.959412 0.49264
-0.959139 0.492859

-0.959139 0.492859
-0.959106 0.492885

-0.959106 0.492885
-0.958801 0.493131

-0.958801 0.493131
-0.95876 0.493164

-0.95876 0.493164
-0.958496 0.493377

-0.958496 0.493377
-0.95838 0.493469

-0.958382 0.493469
-0.958191 0.493622

-0.958191 0.493623
-0.958002 0.493774

-0.958002 0.493774
-0.957886 0.493867

-0.957886 0.493868
-0.957623 0.49408

-0.957622 0.49408
-0.957581 0.494113

-0.957581 0.494114
-0.957275 0.494359

-0.957275 0.494359
-0.957243 0.494385

-0.957243 0.494385
-0.95697 0.494605

-0.95697 0.494605
-0.956863 0.49469

-0.956864 0.49469
-0.956665 0.49485

-0.956665 0.494851
-0.956484 0.494995

-0.956485 0.494995
-0.95636 0.495094

-0.95636 0.495095
-0.956105 0.4953

-0.956104 0.4953
-0.956055 0.49534

-0.956055 0.495341
-0.95575 0.495586

-0.95575 0.495586
-0.955725 0.495605

-0.955725 0.495605
-0.955444 0.495831

-0.955444 0.495832
-0.955345 0.495911

-0.955346 0.495911
-0.955139 0.496076

-0.955139 0.496077
-0.954965 0.496216

-0.954966 0.496216
-0.954834 0.49632

-0.954834 0.496322
-0.954586 0.496521

-0.954585 0.496521
-0.954529 0.496566

-0.954529 0.496567
-0.954224 0.496812

-0.954224 0.496812
-0.954206 0.496826

-0.954206 0.496826
-0.953918 0.497057

-0.953918 0.497057
-0.953825 0.497131

-0.953826 0.497131
-0.953613 0.497302

-0.953613 0.497303
-0.953445 0.497437

-0.953447 0.497437
-0.953308 0.497546

-0.953308 0.497547
-0.953066 0.497742

-0.953065 0.497742
-0.953003 0.497791

-0.953003 0.497792
-0.952698 0.498037

-0.952698 0.498037
-0.952685 0.498047

-0.952685 0.498047
-0.952393 0.498282

-0.952393 0.498282
-0.952304 0.498352

-0.952305 0.498352
-0.952087 0.498527

-0.952087 0.498527
-0.951924 0.498657

-0.951926 0.498657
-0.951782 0.49877

-0.951782 0.498772
-0.951544 0.498962

-0.951544 0.498962
-0.951477 0.499015

-0.951477 0.499016
-0.951172 0.499261

-0.951172 0.499261
-0.951163 0.499268

-0.951163 0.499268
-0.950867 0.499506

-0.950867 0.499506
-0.950782 0.499573

-0.950783 0.499573
-0.950562 0.49975

-0.950562 0.499751
-0.950401 0.499878

-0.950403 0.499878
-0.950256 0.499993

-0.950256 0.499995
-0.950022 0.500183

-0.950021 0.500183
-0.949951 0.500239

-0.949951 0.500239
-0.949646 0.500484

-0.949646 0.500484
-0.94964 0.500488

-0.94964 0.500488
-0.949341 0.500728

-0.949341 0.500729
-0.949259 0.500793

-0.94926 0.500793
-0.949036 0.500973

-0.949036 0.500974
-0.948878 0.501099

-0.94888 0.501099
-0.94873 0.501216

-0.94873 0.501217
-0.948498 0.501404

-0.948497 0.501404
-0.948425 0.501461

-0.948425 0.501462
-0.94812 0.501706

-0.94812 0.501706
-0.948116 0.501709

-0.948116 0.501709
-0.947815 0.50195

-0.947815 0.501951
-0.947735 0.502014

-0.947735 0.502014
-0.94751 0.502195

-0.94751 0.502195
-0.947353 0.502319

-0.947355 0.502319
-0.947205 0.502438

-0.947205 0.502439
-0.946973 0.502625

-0.946972 0.502625
-0.946899 0.502682

-0.946899 0.502683
-0.946594 0.502927

-0.946594 0.502927
-0.946591 0.50293

-0.946591 0.50293
-0.946289 0.503171

-0.946289 0.503171
-0.946209 0.503235

-0.946209 0.503235
-0.945984 0.503415

-0.945984 0.503416
-0.945827 0.50354

-0.945829 0.50354
-0.945679 0.503658

-0.945679 0.503659
-0.945446 0.503845

-0.945446 0.503845
-0.945374 0.503902

-0.945374 0.503903
-0.945068 0.504147

-0.945068 0.504147
-0.945064 0.50415

-0.945064 0.50415
-0.944763 0.504391

-0.944763 0.504391
-0.944682 0.504456

-0.944683 0.504456
-0.944458 0.504635

-0.944458 0.504636
-0.9443 0.504761

-0.944302 0.504761
-0.944153 0.504878

-0.944153 0.504879
-0.943919 0.505066

-0.943918 0.505066
-0.943848 0.505122

-0.943848 0.505123
-0.943542 0.505366

-0.943542 0.505366
-0.943537 0.505371

-0.943537 0.505371
-0.943237 0.50561

-0.943237 0.50561
-0.943154 0.505676

-0.943155 0.505676
-0.942932 0.505854

-0.942932 0.505855
-0.942772 0.505981

-0.942774 0.505981
-0.942627 0.506096

-0.942627 0.506098
-0.94239 0.506287

-0.94239 0.506287
-0.942322 0.50634

-0.942322 0.506341
-0.942017 0.506585

-0.942017 0.506585
-0.942008 0.506592

-0.942008 0.506592
-0.941711 0.506828

-0.941711 0.506829
-0.941625 0.506897

-0.941625 0.506897
-0.941406 0.507072

-0.941406 0.507073
-0.941242 0.507202

-0.941244 0.507202
-0.941101 0.507314

-0.941101 0.507315
-0.940861 0.507507

-0.94086 0.507507
-0.940796 0.507558

-0.940796 0.507559
-0.940491 0.507802

-0.940491 0.507802
-0.940478 0.507812

-0.940478 0.507812
-0.940186 0.508045

-0.940186 0.508046
-0.940094 0.508118

-0.940095 0.508118
-0.93988 0.508289

-0.93988 0.50829
-0.939712 0.508423

-0.939713 0.508423
-0.939575 0.508531

-0.939575 0.508532
-0.93933 0.508728

-0.939329 0.508728
-0.93927 0.508775

-0.93927 0.508775
-0.938965 0.509019

-0.938965 0.509019
-0.938946 0.509033

-0.938947 0.509033
-0.93866 0.509262

-0.93866 0.509262
-0.938563 0.509338

-0.938564 0.509338
-0.938354 0.509505

-0.938354 0.509506
-0.93818 0.509644

-0.938181 0.509644
-0.938049 0.509747

-0.938049 0.509748
-0.937797 0.509949

-0.937797 0.509949
-0.937744 0.50999

-0.937744 0.509991
-0.937439 0.510234

-0.937439 0.510234
-0.937414 0.510254

-0.937414 0.510254
-0.937134 0.510477

-0.937134 0.510478
-0.93703 0.510559

-0.937031 0.510559
-0.936829 0.51072

-0.936829 0.510721
-0.936647 0.510864

-0.936648 0.510864
-0.936523 0.510962

-0.936523 0.510963
-0.936264 0.511169

-0.936264 0.511169
-0.936218 0.511205

-0.936218 0.511206
-0.935913 0.511449

-0.935913 0.511449
-0.935881 0.511475

-0.935881 0.511475
-0.935608 0.511692

-0.935608 0.511692
-0.935496 0.51178

-0.935497 0.51178
-0.935303 0.511934

-0.935303 0.511935
-0.935113 0.512085

-0.935114 0.512085
-0.934998 0.512176

-0.934998 0.512177
-0.93473 0.51239

-0.934729 0.51239
-0.934692 0.512419

-0.934692 0.51242
-0.934387 0.512663

-0.934387 0.512663
-0.934346 0.512695

-0.934346 0.512695
-0.934082 0.512905

-0.934082 0.512906
-0.933961 0.513

-0.933963 0.513
-0.933777 0.513147

-0.933777 0.513148
-0.933578 0.513306

-0.933578 0.513306
-0.933472 0.513389

-0.933472 0.51339
-0.933194 0.513611

-0.933194 0.513611
-0.933167 0.513632

-0.933167 0.513633
-0.932861 0.513875

-0.932861 0.513876
-0.93281 0.513916

-0.93281 0.513916
-0.932556 0.514118

-0.932556 0.514119
-0.932425 0.514221

-0.932427 0.514221
-0.932251 0.51436

-0.932251 0.514361
-0.932042 0.514526

-0.932042 0.514526
-0.931946 0.514602

-0.931946 0.514603
-0.931658 0.514832

-0.931657 0.514832
-0.931641 0.514845

-0.931641 0.514845
-0.931335 0.515087

-0.931335 0.515088
-0.931273 0.515137

-0.931273 0.515137
-0.93103 0.51533

-0.93103 0.515331
-0.930888 0.515442

-0.93089 0.515442
-0.930725 0.515571

-0.930725 0.515572
-0.930505 0.515747

-0.930504 0.515747
-0.93042 0.515813

-0.93042 0.515814
-0.93012 0.516052

-0.930119 0.516052
-0.930115 0.516056

-0.930115 0.516056
-0.92981 0.516299

-0.92981 0.516299
-0.929735 0.516357

-0.929735 0.516357
-0.929504 0.516541

-0.929504 0.516542
-0.92935 0.516663

-0.929352 0.516663
-0.929199 0.516782

-0.929199 0.516783
-0.928966 0.516968

-0.928966 0.516968
-0.928894 0.517024

-0.928894 0.517025
-0.928589 0.517267

-0.928589 0.517267
-0.928581 0.517273

-0.928581 0.517273
-0.928284 0.517509

-0.928284 0.517509
-0.928196 0.517578

-0.928196 0.517578
-0.927979 0.517751

-0.927979 0.517751
-0.927811 0.517883

-0.927812 0.517883
-0.927673 0.517991

-0.927673 0.517993
-0.927426 0.518188

-0.927426 0.518188
-0.927368 0.518234

-0.927368 0.518235
-0.927063 0.518476

-0.927063 0.518476
-0.927041 0.518494

-0.927041 0.518494
-0.926758 0.518718

-0.926758 0.518719
-0.926655 0.518799

-0.926656 0.518799
-0.926453 0.51896

-0.926453 0.51896
-0.926271 0.519104

-0.926271 0.519104
-0.926147 0.519201

-0.926147 0.519202
-0.925886 0.519409

-0.925885 0.519409
-0.925842 0.519443

-0.925842 0.519443
-0.925537 0.519685

-0.925537 0.519685
-0.9255 0.519714

-0.9255 0.519714
-0.925232 0.519927

-0.925232 0.519927
-0.925114 0.52002

-0.925115 0.52002
-0.924927 0.520168

-0.924927 0.520169
-0.924729 0.520325

-0.924729 0.520325
-0.924622 0.520409

-0.924622 0.52041
-0.924344 0.52063

-0.924343 0.52063
-0.924316 0.520651

-0.924316 0.520651
-0.924011 0.520893

-0.924011 0.520893
-0.923958 0.520935

-0.923958 0.520935
-0.923706 0.521134

-0.923706 0.521135
-0.923571 0.52124

-0.923573 0.52124
-0.923401 0.521375

-0.923401 0.521376
-0.923187 0.521545

-0.923186 0.521545
-0.923096 0.521616

-0.923096 0.521617
-0.922801 0.521851

-0.9228 0.521851
-0.922791 0.521858

-0.922791 0.521859
-0.922485 0.5221

-0.922485 0.5221
-0.922414 0.522156

-0.922415 0.522156
-0.92218 0.522341

-0.92218 0.522342
-0.922028 0.522461

-0.92203 0.522461
-0.921875 0.522582

-0.921875 0.522583
-0.921643 0.522766

-0.921642 0.522766
-0.92157 0.522823

-0.92157 0.522824
-0.921265 0.523065

-0.921265 0.523065
-0.921257 0.523071

-0.921257 0.523071
-0.920959 0.523306

-0.920959 0.523307
-0.92087 0.523376

-0.920871 0.523376
-0.920654 0.523547

-0.920654 0.523548
-0.920484 0.523682

-0.920485 0.523682
-0.920349 0.523787

-0.920349 0.523788
-0.920098 0.523987

-0.920097 0.523987
-0.920044 0.524029

-0.920044 0.524029
-0.919739 0.52427

-0.919739 0.524271
-0.919711 0.524292

-0.919712 0.524292
-0.919434 0.524512

-0.919434 0.524512
-0.919324 0.524597

-0.919325 0.524597
-0.919128 0.524752

-0.919128 0.524753
-0.918939 0.524902

-0.918939 0.524902
-0.918823 0.524992

-0.918823 0.524993
-0.918552 0.525208

-0.918551 0.525208
-0.918518 0.525234

-0.918518 0.525234
-0.918213 0.525475

-0.918213 0.525475
-0.918165 0.525513

-0.918165 0.525513
-0.917908 0.525716

-0.917908 0.525717
-0.917777 0.525818

-0.917779 0.525818
-0.917603 0.525956

-0.917603 0.525957
-0.917392 0.526123

-0.917392 0.526123
-0.917297 0.526197

-0.917297 0.526198
-0.917005 0.526428

-0.917004 0.526428
-0.916992 0.526438

-0.916992 0.526438
-0.916687 0.526679

-0.916687 0.526679
-0.916618 0.526733

-0.916618 0.526733
-0.916382 0.52692

-0.916382 0.526921
-0.91623 0.527039

-0.916232 0.527039
-0.916077 0.52716

-0.916077 0.527161
-0.915844 0.527344

-0.915844 0.527344
-0.915771 0.5274

-0.915771 0.527401
-0.915466 0.527642

-0.915466 0.527642
-0.915457 0.527649

-0.915457 0.527649
-0.915161 0.527882

-0.915161 0.527882
-0.915069 0.527954

-0.91507 0.527954
-0.914856 0.528123

-0.914856 0.528123
-0.914682 0.528259

-0.914684 0.528259
-0.914551 0.528362

-0.914551 0.528363
-0.914295 0.528564

-0.914295 0.528564
-0.914246 0.528603

-0.914246 0.528604
-0.91394 0.528844

-0.91394 0.528844
-0.913908 0.52887

-0.913908 0.52887
-0.913635 0.529084

-0.913635 0.529085
-0.913519 0.529175

-0.913521 0.529175
-0.91333 0.529325

-0.91333 0.529325
-0.913133 0.52948

-0.913133 0.52948
-0.913025 0.529564

-0.913025 0.529565
-0.912745 0.529785

-0.912745 0.529785
-0.91272 0.529805

-0.91272 0.529805
-0.912415 0.530046

-0.912415 0.530046
-0.912357 0.53009

-0.912358 0.53009
-0.912109 0.530286

-0.912109 0.530287
-0.911969 0.530396

-0.911971 0.530396
-0.911804 0.530525

-0.911804 0.530526
-0.911582 0.530701

-0.911582 0.530701
-0.911499 0.530765

-0.911499 0.530766
-0.911194 0.531006

-0.911194 0.531006
-0.910889 0.531246

-0.910889 0.531247
-0.910806 0.531311

-0.910807 0.531311
-0.910583 0.531486

-0.910583 0.531487
-0.910418 0.531616

-0.91042 0.531616
-0.910278 0.531725

-0.910278 0.531727
-0.910031 0.531921

-0.91003 0.531921
-0.909973 0.531966

-0.909973 0.531966
-0.909668 0.532206

-0.909668 0.532207
-0.909642 0.532227

-0.909642 0.532227
-0.909363 0.532446

-0.909363 0.532447
-0.909253 0.532532

-0.909254 0.532532
-0.909058 0.532686

-0.909058 0.532687
-0.908866 0.532837

-0.908866 0.532837
-0.908752 0.532925

-0.908752 0.532926
-0.908478 0.533142

-0.908477 0.533142
-0.908447 0.533165

-0.908447 0.533166
-0.908142 0.533406

-0.908142 0.533406
-0.908089 0.533447

-0.908089 0.533447
-0.907837 0.533646

-0.907837 0.533647
-0.9077 0.533752

-0.907702 0.533752
-0.907532 0.533885

-0.907532 0.533886
-0.907313 0.534058

-0.907312 0.534058
-0.907227 0.534124

-0.907227 0.534125
-0.906924 0.534363

-0.906924 0.534363
-0.906921 0.534364

-0.906921 0.534365
-0.906616 0.534604

-0.906616 0.534605
-0.906535 0.534668

-0.906535 0.534668
-0.906311 0.534844

-0.906311 0.534845
-0.906146 0.534973

-0.906148 0.534973
-0.906006 0.535083

-0.906006 0.535084
-0.905758 0.535278

-0.905757 0.535278
-0.905701 0.535322

-0.905701 0.535323
-0.905396 0.535563

-0.905396 0.535563
-0.905369 0.535583

-0.905369 0.535583
-0.90509 0.535802

-0.90509 0.535803
-0.904979 0.535889

-0.90498 0.535889
-0.904785 0.536042

-0.904785 0.536042
-0.904591 0.536194

-0.904592 0.536194
-0.90448 0.53628

-0.90448 0.536281
-0.904202 0.536499

-0.904202 0.536499
-0.904175 0.53652

-0.904175 0.536521
-0.90387 0.53676

-0.90387 0.53676
-0.903813 0.536804

-0.903813 0.536804
-0.903564 0.536999

-0.903564 0.537
-0.903423 0.537109

-0.903425 0.537109
-0.903259 0.537238

-0.903259 0.537239
-0.903035 0.537415

-0.903035 0.537415
-0.902954 0.537477

-0.902954 0.537478
-0.902649 0.537717

-0.902649 0.537717
-0.902646 0.53772

-0.902646 0.53772
-0.902344 0.537956

-0.902344 0.537957
-0.902256 0.538025

-0.902256 0.538025
-0.902039 0.538196

-0.902039 0.538196
-0.901867 0.53833

-0.901868 0.53833
-0.901733 0.538434

-0.901733 0.538435
-0.901478 0.538635

-0.901477 0.538635
-0.901428 0.538673

-0.901428 0.538674
-0.901123 0.538913

-0.901123 0.538913
-0.901088 0.53894

-0.901088 0.53894
-0.900818 0.539152

-0.900818 0.539153
-0.900697 0.539246

-0.900699 0.539246
-0.900513 0.539391

-0.900513 0.539391
-0.900309 0.539551

-0.900309 0.539551
-0.900208 0.539629

-0.900208 0.53963
-0.899919 0.539856

-0.899919 0.539856
-0.899902 0.539869

-0.899902 0.539869
-0.899597 0.540108

-0.899597 0.540108
-0.899529 0.540161

-0.89953 0.540161
-0.899292 0.540347

-0.899292 0.540348
-0.899139 0.540466

-0.899141 0.540466
-0.898987 0.540585

-0.898987 0.540586
-0.89875 0.540771

-0.898749 0.540771
-0.898682 0.540824

-0.898682 0.540825
-0.898376 0.541064

-0.898376 0.541064
-0.89836 0.541077

-0.89836 0.541077
-0.898071 0.541302

-0.898071 0.541303
-0.897969 0.541382

-0.89797 0.541382
-0.897766 0.541541

-0.897766 0.541542
-0.89758 0.541687

-0.89758 0.541687
-0.897461 0.541779

-0.897461 0.54178
-0.89719 0.541992

-0.897189 0.541992
-0.897156 0.542018

-0.897156 0.542019
-0.896851 0.542257

-0.896851 0.542258
-0.896799 0.542297

-0.8968 0.542297
-0.896545 0.542496

-0.896545 0.542497
-0.896408 0.542603

-0.89641 0.542603
-0.89624 0.542734

-0.89624 0.542735
-0.896019 0.542908

-0.896019 0.542908
-0.895935 0.542972

-0.895935 0.542973
-0.89563 0.543212

-0.89563 0.543212
-0.895629 0.543213

-0.895629 0.543213
-0.895325 0.54345

-0.895325 0.543451
-0.895238 0.543518

-0.895238 0.543518
-0.89502 0.543689

-0.89502 0.543689
-0.894847 0.543823

-0.894849 0.543823
-0.894714 0.543926

-0.894714 0.543927
-0.894457 0.544128

-0.894457 0.544128
-0.894409 0.544165

-0.894409 0.544166
-0.894104 0.544404

-0.894104 0.544404
-0.894066 0.544434

-0.894066 0.544434
-0.893799 0.544643

-0.893799 0.544643
-0.893675 0.544739

-0.893676 0.544739
-0.893494 0.544881

-0.893494 0.544881
-0.893285 0.545044

-0.893285 0.545044
-0.893188 0.545118

-0.893188 0.545119
-0.892894 0.545349

-0.892894 0.545349
-0.892883 0.545357

-0.892883 0.545358
-0.892578 0.545596

-0.892578 0.545596
-0.892503 0.545654

-0.892503 0.545654
-0.892273 0.545834

-0.892273 0.545835
-0.892112 0.545959

-0.892113 0.545959
-0.891968 0.546071

-0.891968 0.546073
-0.891722 0.546265

-0.891721 0.546265
-0.891663 0.54631

-0.891663 0.546311
-0.891357 0.546549

-0.891357 0.546549
-0.89133 0.54657

-0.89133 0.54657
-0.891052 0.546787

-0.891052 0.546788
-0.890938 0.546875

-0.89094 0.546875
-0.890747 0.547025

-0.890747 0.547025
-0.890548 0.54718

-0.890549 0.54718
-0.890442 0.547262

-0.890442 0.547263
-0.890157 0.547485

-0.890156 0.547485
-0.890137 0.547501

-0.890137 0.547501
-0.889832 0.547739

-0.889832 0.547739
-0.889765 0.547791

-0.889766 0.547791
-0.889526 0.547977

-0.889526 0.547978
-0.889373 0.548096

-0.889375 0.548096
-0.889221 0.548214

-0.889221 0.548215
-0.888983 0.548401

-0.888983 0.548401
-0.888916 0.548452

-0.888916 0.548453
-0.888611 0.548691

-0.888611 0.548691
-0.888591 0.548706

-0.888591 0.548706
-0.888306 0.548929

-0.888306 0.548929
-0.888199 0.549011

-0.8882 0.549011
-0.888 0.549167

-0.888 0.549167
-0.887808 0.549316

-0.887809 0.549316
-0.887695 0.549403

-0.887695 0.549404
-0.887417 0.549622

-0.887416 0.549622
-0.88739 0.549642

-0.88739 0.549642
-0.887085 0.54988

-0.887085 0.54988
-0.887025 0.549927

-0.887025 0.549927
-0.88678 0.550118

-0.88678 0.550119
-0.886632 0.550232

-0.886634 0.550232
-0.886475 0.550355

-0.886475 0.550356
-0.886242 0.550537

-0.886241 0.550537
-0.886169 0.550592

-0.886169 0.550593
-0.885864 0.550831

-0.885864 0.550831
-0.885849 0.550842

-0.885849 0.550842
-0.885559 0.551068

-0.885559 0.551069
-0.885457 0.551147

-0.885458 0.551147
-0.885254 0.551306

-0.885254 0.551306
-0.885066 0.551453

-0.885066 0.551453
-0.884949 0.551542

-0.884949 0.551544
-0.884674 0.551758

-0.884673 0.551758
-0.884644 0.55178

-0.884644 0.551781
-0.884338 0.552019

-0.884338 0.552019
-0.884281 0.552063

-0.884281 0.552063
-0.884033 0.552256

-0.884033 0.552257
-0.883888 0.552368

-0.88389 0.552368
-0.883728 0.552493

-0.883728 0.552494
-0.883497 0.552673

-0.883497 0.552673
-0.883423 0.55273

-0.883423 0.552731
-0.883118 0.552968

-0.883118 0.552968
-0.883105 0.552979

-0.883105 0.552979
-0.882812 0.553206

-0.882812 0.553206
-0.882711 0.553284

-0.882712 0.553284
-0.882507 0.553443

-0.882507 0.553443
-0.88232 0.553589

-0.882321 0.553589
-0.882202 0.553679

-0.882202 0.55368
-0.881927 0.553894

-0.881927 0.553894
-0.881897 0.553917

-0.881897 0.553918
-0.881592 0.554155

-0.881592 0.554155
-0.881534 0.554199

-0.881535 0.554199
-0.881287 0.554392

-0.881287 0.554393
-0.881141 0.554504

-0.881143 0.554504
-0.880981 0.554629

-0.880981 0.55463
-0.88075 0.55481

-0.880749 0.55481
-0.880676 0.554866

-0.880676 0.554867
-0.880371 0.555104

-0.880371 0.555104
-0.880357 0.555115

-0.880357 0.555115
-0.880066 0.555341

-0.880066 0.555341
-0.879963 0.55542

-0.879964 0.55542
-0.879761 0.555578

-0.879761 0.555578
-0.879571 0.555725

-0.879572 0.555725
-0.879456 0.555814

-0.879456 0.555815
-0.879178 0.55603

-0.879178 0.55603
-0.87915 0.556051

-0.87915 0.556052
-0.878845 0.556289

-0.878845 0.556289
-0.878785 0.556335

-0.878785 0.556335
-0.87854 0.556526

-0.87854 0.556527
-0.878391 0.556641

-0.878393 0.556641
-0.878235 0.556762

-0.878235 0.556763
-0.878 0.556946

-0.877999 0.556946
-0.87793 0.556999

-0.87793 0.557
-0.877625 0.557237

-0.877625 0.557237
-0.877606 0.557251

-0.877606 0.557251
-0.877319 0.557474

-0.877319 0.557474
-0.877212 0.557556

-0.877213 0.557556
-0.877014 0.557711

-0.877014 0.557711
-0.87682 0.557861

-0.87682 0.557861
-0.876709 0.557946

-0.876709 0.557947
-0.876427 0.558167

-0.876426 0.558167
-0.876404 0.558184

-0.876404 0.558184
-0.876099 0.558421

-0.876099 0.558421
-0.876033 0.558472

-0.876033 0.558472
-0.875793 0.558658

-0.875793 0.558658
-0.875639 0.558777

-0.875641 0.558777
-0.875488 0.558894

-0.875488 0.558895
-0.875247 0.559082

-0.875246 0.559082
-0.875183 0.55913

-0.875183 0.559131
-0.874878 0.559368

-0.874878 0.559368
-0.874853 0.559387

-0.874853 0.559387
-0.874573 0.559604

-0.874573 0.559605
-0.874458 0.559692

-0.87446 0.559692
-0.874268 0.559841

-0.874268 0.559841
-0.874066 0.559998

-0.874066 0.559998
-0.873962 0.560077

-0.873962 0.560078
-0.873672 0.560303

-0.873672 0.560303
-0.873657 0.560314

-0.873657 0.560314
-0.873352 0.560551

-0.873352 0.560551
-0.873278 0.560608

-0.873278 0.560608
-0.873047 0.560787

-0.873047 0.560788
-0.872884 0.560913

-0.872886 0.560913
-0.872742 0.561023

-0.872742 0.561024
-0.872491 0.561218

-0.87249 0.561218
-0.872437 0.561259

-0.872437 0.56126
-0.872131 0.561497

-0.872131 0.561497
-0.872097 0.561523

-0.872097 0.561523
-0.871826 0.561733

-0.871826 0.561734
-0.871702 0.561829

-0.871703 0.561829
-0.871521 0.561969

-0.871521 0.56197
-0.871309 0.562134

-0.871309 0.562134
-0.871216 0.562205

-0.871216 0.562206
-0.870915 0.562439

-0.870914 0.562439
-0.870911 0.562442

-0.870911 0.562442
-0.870605 0.562678

-0.870605 0.562679
-0.87052 0.562744

-0.870521 0.562744
-0.8703 0.562915

-0.8703 0.562915
-0.870126 0.563049

-0.870128 0.563049
-0.869995 0.56315

-0.869995 0.563151
-0.869732 0.563354

-0.869732 0.563354
-0.86969 0.563387

-0.86969 0.563387
-0.869385 0.563623

-0.869385 0.563624
-0.869338 0.56366

-0.869338 0.56366
-0.86908 0.56386

-0.86908 0.56386
-0.868942 0.563965

-0.868944 0.563965
-0.868774 0.564095

-0.868774 0.564096
-0.868549 0.56427

-0.868549 0.56427
-0.868469 0.564331

-0.868469 0.564332
-0.868164 0.564568

-0.868164 0.564568
-0.868155 0.564575

-0.868155 0.564575
-0.867859 0.564804

-0.867859 0.564805
-0.867759 0.56488

-0.86776 0.56488
-0.867554 0.56504

-0.867554 0.56504
-0.867366 0.565186

-0.867366 0.565186
-0.867249 0.565275

-0.867249 0.565276
-0.866971 0.565491

-0.866971 0.565491
-0.866943 0.565512

-0.866943 0.565512
-0.866638 0.565748

-0.866638 0.565748
-0.866576 0.565796

-0.866577 0.565796
-0.866333 0.565984

-0.866333 0.565985
-0.866181 0.566101

-0.866183 0.566101
-0.866028 0.566219

-0.866028 0.56622
-0.865787 0.566406

-0.865787 0.566406
-0.865723 0.566455

-0.865723 0.566456
-0.865417 0.566692

-0.865417 0.566692
-0.865392 0.566711

-0.865392 0.566711
-0.865112 0.566928

-0.865112 0.566928
-0.864996 0.567017

-0.864998 0.567017
-0.864807 0.567163

-0.864807 0.567164
-0.864603 0.567322

-0.864603 0.567322
-0.864502 0.567398

-0.864502 0.567399
-0.864207 0.567627

-0.864207 0.567627
-0.864197 0.567635

-0.864197 0.567635
-0.863892 0.567871

-0.863892 0.567871
-0.863812 0.567932

-0.863812 0.567932
-0.863586 0.568107

-0.863586 0.568107
-0.863417 0.568237

-0.863418 0.568237
-0.863281 0.568341

-0.863281 0.568342
-0.863022 0.568542

-0.863022 0.568542
-0.862976 0.568577

-0.862976 0.568578
-0.862671 0.568814

-0.862671 0.568814
-0.862627 0.568848

-0.862627 0.568848
-0.862366 0.569049

-0.862366 0.56905
-0.86223 0.569153

-0.862232 0.569153
-0.862061 0.569285

-0.862061 0.569285
-0.861837 0.569458

-0.861836 0.569458
-0.861755 0.56952

-0.861755 0.569521
-0.86145 0.569756

-0.86145 0.569756
-0.861441 0.569763

-0.861441 0.569763
-0.861145 0.569992

-0.861145 0.569992
-0.861045 0.570068

-0.861046 0.570068
-0.86084 0.570227

-0.86084 0.570227
-0.86065 0.570374

-0.860651 0.570374
-0.860535 0.570462

-0.860535 0.570463
-0.860255 0.570679

-0.860254 0.570679
-0.860229 0.570698

-0.860229 0.570698
-0.859924 0.570934

-0.859924 0.570934
-0.859859 0.570984

-0.859859 0.570984
-0.859619 0.571169

-0.859619 0.57117
-0.859463 0.571289

-0.859464 0.571289
-0.859314 0.571404

-0.859314 0.571404
-0.859068 0.571594

-0.859067 0.571594
-0.859009 0.571639

-0.859009 0.57164
-0.858704 0.571875

-0.858704 0.571875
-0.858672 0.571899

-0.858672 0.571899
-0.858398 0.57211

-0.858398 0.572111
-0.858275 0.572205

-0.858277 0.572205
-0.858093 0.572346

-0.858093 0.572346
-0.857881 0.57251

-0.857881 0.57251
-0.857788 0.57258

-0.857788 0.572581
-0.857485 0.572815

-0.857484 0.572815
-0.857483 0.572816

-0.857483 0.572816
-0.857178 0.573052

-0.857178 0.573052
-0.857088 0.57312

-0.857089 0.57312
-0.856873 0.573287

-0.856873 0.573287
-0.856693 0.573425

-0.856694 0.573425
-0.856567 0.573521

-0.856567 0.573522
-0.856297 0.57373

-0.856296 0.57373
-0.856262 0.573756

-0.856262 0.573757
-0.855957 0.573992

-0.855957 0.573992
-0.8559 0.574036

-0.855901 0.574036
-0.855652 0.574227

-0.855652 0.574228
-0.855504 0.574341

-0.855505 0.574341
-0.855347 0.574462

-0.855347 0.574463
-0.855109 0.574646

-0.855108 0.574646
-0.855042 0.574697

-0.855042 0.574697
-0.854736 0.574933

-0.854736 0.574933
-0.854712 0.574951

-0.854712 0.574951
-0.854431 0.575168

-0.854431 0.575168
-0.854315 0.575256

-0.854316 0.575256
-0.854126 0.575402

-0.854126 0.575403
-0.85392 0.575562

-0.85392 0.575562
-0.853821 0.575636

-0.853821 0.575638
-0.853523 0.575867

-0.853523 0.575867
-0.853516 0.575872

-0.853516 0.575872
-0.85321 0.576107

-0.85321 0.576108
-0.853126 0.576172

-0.853127 0.576172
-0.852905 0.576342

-0.852905 0.576343
-0.85273 0.576477

-0.852731 0.576477
-0.8526 0.576576

-0.8526 0.576577
-0.852334 0.576782

-0.852333 0.576782
-0.852295 0.576811

-0.852295 0.576812
-0.85199 0.577047

-0.85199 0.577047
-0.851937 0.577087

-0.851937 0.577087
-0.851685 0.577282

-0.851685 0.577282
-0.851539 0.577393

-0.851541 0.577393
-0.851379 0.577516

-0.851379 0.577517
-0.851144 0.577698

-0.851144 0.577698
-0.851074 0.57775

-0.851074 0.577751
-0.850769 0.577986

-0.850769 0.577986
-0.850747 0.578003

-0.850747 0.578003
-0.850464 0.578221

-0.850464 0.578221
-0.850349 0.578308

-0.850351 0.578308
-0.850159 0.578455

-0.850159 0.578456
-0.849954 0.578613

-0.849954 0.578613
-0.849854 0.578689

-0.849854 0.57869
-0.849557 0.578918

-0.849556 0.578918
-0.849548 0.578925

-0.849548 0.578925
-0.849243 0.57916

-0.849243 0.57916
-0.849159 0.579224

-0.84916 0.579224
-0.848938 0.579394

-0.848938 0.579394
-0.848763 0.579529

-0.848764 0.579529
-0.848633 0.579628

-0.848633 0.579629
-0.848366 0.579834

-0.848365 0.579834
-0.848328 0.579863

-0.848328 0.579863
-0.848022 0.580098

-0.848022 0.580098
-0.847968 0.580139

-0.847969 0.580139
-0.847717 0.580332

-0.847717 0.580333
-0.847571 0.580444

-0.847572 0.580444
-0.847412 0.580566

-0.847412 0.580567
-0.847175 0.58075

-0.847174 0.58075
-0.847107 0.5808

-0.847107 0.580801
-0.846802 0.581036

-0.846802 0.581036
-0.846777 0.581055

-0.846777 0.581055
-0.846497 0.58127

-0.846497 0.581271
-0.846379 0.58136

-0.84638 0.58136
-0.846191 0.581505

-0.846191 0.581505
-0.845983 0.581665

-0.845983 0.581665
-0.845886 0.581738

-0.845886 0.581739
-0.845585 0.58197

-0.845585 0.58197
-0.845581 0.581973

-0.845581 0.581974
-0.845276 0.582208

-0.845276 0.582208
-0.845187 0.582275

-0.845188 0.582275
-0.844971 0.582442

-0.844971 0.582443
-0.84479 0.582581

-0.844792 0.582581
-0.844666 0.582675

-0.844666 0.582677
-0.844393 0.582886

-0.844392 0.582886
-0.84436 0.58291

-0.84436 0.582911
-0.844055 0.583145

-0.844055 0.583145
-0.843995 0.583191

-0.843996 0.583191
-0.84375 0.583379

-0.84375 0.58338
-0.843597 0.583496

-0.843599 0.583496
-0.843445 0.583613

-0.843445 0.583614
-0.843201 0.583801

-0.8432 0.583801
-0.84314 0.583847

-0.84314 0.583848
-0.842834 0.584082

-0.842834 0.584082
-0.842803 0.584106

-0.842803 0.584106
-0.842529 0.584316

-0.842529 0.584317
-0.842404 0.584412

-0.842405 0.584412
-0.842224 0.58455

-0.842224 0.584551
-0.842007 0.584717

-0.842007 0.584717
-0.841919 0.584784

-0.841919 0.584785
-0.841614 0.585019

-0.841614 0.585019
-0.841609 0.585022

-0.841609 0.585022
-0.841309 0.585253

-0.841309 0.585253
-0.841211 0.585327

-0.841212 0.585327
-0.841003 0.585487

-0.841003 0.585487
-0.840814 0.585632

-0.840814 0.585632
-0.840698 0.58572

-0.840698 0.585721
-0.840416 0.585938

-0.840415 0.585938
-0.840393 0.585954

-0.840393 0.585955
-0.840088 0.586189

-0.840088 0.586189
-0.840017 0.586243

-0.840018 0.586243
-0.839783 0.586423

-0.839783 0.586423
-0.839619 0.586548

-0.839621 0.586548
-0.839478 0.586656

-0.839478 0.586657
-0.839222 0.586853

-0.839221 0.586853
-0.839172 0.58689

-0.839172 0.586891
-0.838867 0.587125

-0.838867 0.587125
-0.838823 0.587158

-0.838824 0.587158
-0.838562 0.587359

-0.838562 0.587359
-0.838424 0.587463

-0.838426 0.587463
-0.838257 0.587592

-0.838257 0.587593
-0.838028 0.587769

-0.838027 0.587769
-0.837952 0.587826

-0.837952 0.587827
-0.837646 0.58806

-0.837646 0.58806
-0.837629 0.588074

-0.837629 0.588074
-0.837341 0.588294

-0.837341 0.588295
-0.83723 0.588379

-0.837231 0.588379
-0.837036 0.588528

-0.837036 0.588528
-0.836833 0.588684

-0.836833 0.588684
-0.836731 0.588761

-0.836731 0.588762
-0.836434 0.588989

-0.836434 0.588989
-0.836426 0.588995

-0.836426 0.588996
-0.836121 0.589229

-0.836121 0.58923
-0.836035 0.589294

-0.836036 0.589294
-0.835815 0.589463

-0.835815 0.589463
-0.835637 0.5896

-0.835638 0.5896
-0.83551 0.589696

-0.83551 0.589697
-0.835239 0.589905

-0.835238 0.589905
-0.835205 0.58993

-0.835205 0.589931
-0.8349 0.590164

-0.8349 0.590165
-0.83484 0.59021

-0.83484 0.59021
-0.834595 0.590398

-0.834595 0.590399
-0.834441 0.590515

-0.834443 0.590515
-0.83429 0.590631

-0.83429 0.590632
-0.834043 0.59082

-0.834043 0.59082
-0.833984 0.590864

-0.833984 0.590865
-0.833679 0.591099

-0.833679 0.591099
-0.833644 0.591125

-0.833645 0.591125
-0.833374 0.591333

-0.833374 0.591333
-0.833244 0.591431

-0.833246 0.591431
-0.833069 0.591566

-0.833069 0.591566
-0.832847 0.591736

-0.832847 0.591736
-0.832764 0.591799

-0.832764 0.5918
-0.832458 0.592033

-0.832458 0.592033
-0.832448 0.592041

-0.832448 0.592041
-0.832153 0.592267

-0.832153 0.592267
-0.832048 0.592346

-0.83205 0.592346
-0.831848 0.5925

-0.831848 0.5925
-0.831651 0.592651

-0.831651 0.592651
-0.831543 0.592733

-0.831543 0.592734
-0.831252 0.592957

-0.831251 0.592957
-0.831238 0.592967

-0.831238 0.592967
-0.830933 0.593201

-0.830933 0.593201
-0.830852 0.593262

-0.830853 0.593262
-0.830627 0.593434

-0.830627 0.593434
-0.830454 0.593567

-0.830455 0.593567
-0.830322 0.593667

-0.830322 0.593668
-0.830055 0.593872

-0.830054 0.593872
-0.830017 0.5939

-0.830017 0.593901
-0.829712 0.594134

-0.829712 0.594135
-0.829656 0.594177

-0.829656 0.594177
-0.829407 0.594368

-0.829407 0.594368
-0.829256 0.594482

-0.829258 0.594482
-0.829102 0.594601

-0.829102 0.594601
-0.828858 0.594788

-0.828857 0.594788
-0.828796 0.594834

-0.828796 0.594834
-0.828491 0.595068

-0.828491 0.595068
-0.828458 0.595093

-0.828459 0.595093
-0.828186 0.595301

-0.828186 0.595302
-0.828058 0.595398

-0.82806 0.595398
-0.827881 0.595534

-0.827881 0.595535
-0.82766 0.595703

-0.82766 0.595703
-0.827576 0.595767

-0.827576 0.595768
-0.827271 0.596001

-0.827271 0.596001
-0.827261 0.596008

-0.827261 0.596008
-0.826965 0.596234

-0.826965 0.596235
-0.82686 0.596313

-0.826862 0.596313
-0.82666 0.596467

-0.82666 0.596468
-0.826462 0.596619

-0.826463 0.596619
-0.826355 0.596699

-0.826355 0.596701
-0.826063 0.596924

-0.826062 0.596924
-0.82605 0.596933

-0.82605 0.596934
-0.825745 0.597167

-0.825745 0.597167
-0.825663 0.597229

-0.825663 0.597229
-0.825439 0.5974

-0.825439 0.5974
-0.825264 0.597534

-0.825265 0.597534
-0.825134 0.597632

-0.825134 0.597633
-0.824865 0.597839

-0.824864 0.597839
-0.824829 0.597866

-0.824829 0.597866
-0.824524 0.5981

-0.824524 0.5981
-0.824465 0.598145

-0.824465 0.598145
-0.824219 0.598333

-0.824219 0.598333
-0.824065 0.59845

-0.824066 0.59845
-0.823914 0.598565

-0.823914 0.598566
-0.823666 0.598755

-0.823665 0.598755
-0.823608 0.598798

-0.823608 0.598799
-0.823303 0.599032

-0.823303 0.599032
-0.823266 0.59906

-0.823266 0.59906
-0.822998 0.599265

-0.822998 0.599266
-0.822865 0.599365

-0.822867 0.599365
-0.822693 0.599498

-0.822693 0.599498
-0.822467 0.59967

-0.822467 0.59967
-0.822388 0.59973

-0.822388 0.599731
-0.822083 0.599964

-0.822083 0.599964
-0.822067 0.599976

