-1.65872 0.0
-1.6587 0.000610352

-1.6587 0.000610352
-1.65867 0.0012207

-1.65867 0.0012207
-1.65861 0.00183105

-1.65861 0.00183105
-1.65857 0.00218208

-1.65857 0.00218292
-1.65854 0.00244141

-1.65854 0.00244141
-1.65843 0.00305176

-1.65843 0.00305176
-1.65831 0.00366211

-1.65831 0.00366211
-1.65816 0.00427246

-1.65816 0.00427246
-1.65798 0.00488281

-1.65798 0.00488281
-1.65796 0.0049408

-1.65796 0.00494122
-1.65777 0.00549316

-1.65777 0.00549316
-1.65754 0.00610352

-1.65754 0.00610352
-1.65735 0.00655204

-1.65735 0.00655488
-1.65728 0.00671387

-1.65728 0.00671387
-1.65698 0.00732422

-1.65698 0.00732422
-1.65674 0.00777788

-1.65674 0.00778076
-1.65665 0.00793457

-1.65665 0.00793457
-1.65628 0.00854492

-1.65628 0.00854492
-1.65613 0.00877862

-1.65613 0.00877834
-1.65587 0.00915527

-1.65587 0.00915527
-1.65552 0.00962411

-1.65552 0.0096271
-1.65541 0.00976562

-1.65541 0.00976562
-1.65491 0.0103583

-1.65491 0.0103574
-1.65489 0.010376

-1.65489 0.010376
-1.65431 0.0109863

-1.65431 0.0109863
-1.6543 0.0109954

-1.6543 0.0109954
-1.65369 0.0115551

-1.65369 0.0115442
-1.65362 0.0115967

-1.65363 0.0115967
-1.65308 0.0120455

-1.65308 0.0120386
-1.65284 0.012207

-1.65285 0.012207
-1.65247 0.0124761

-1.65247 0.012472
-1.65191 0.0128174

-1.65191 0.0128174
-1.65186 0.0128521

-1.65186 0.0128517
-1.65125 0.0131828

-1.65125 0.0131805
-1.65072 0.0134277

-1.65072 0.0134277
-1.65063 0.0134693

-1.65063 0.0134677
-1.65002 0.0137126

-1.65002 0.0137113
-1.64941 0.0139164

-1.64941 0.0139152
-1.64897 0.0140381

-1.64898 0.0140381
-1.6488 0.0140872

-1.6488 0.0140844
-1.64819 0.0142163

-1.64819 0.0142158
-1.64758 0.0143126

-1.64758 0.0143125
-1.64697 0.0143755

-1.64697 0.0143754
-1.64636 0.014405

-1.64636 0.0144049
-1.64575 0.0144013

-1.64575 0.0144013
-1.64514 0.0143646

-1.64514 0.0143647
-1.64453 0.0142947

-1.63477 0.00679311
-1.63503 0.00732422

-1.6366 0.00966911
-1.63667 0.00976562

-1.63599 0.0088605
-1.63619 0.00915527

-1.6366 0.00966774
-1.63619 0.00915527

-1.63538 0.0079272
-1.63538 0.00793457

-1.63538 0.00793457
-1.63577 0.00854492

-1.63538 0.00792719
-1.63503 0.00732422

-1.63599 0.00886119
-1.63576 0.00854492

-1.64453 0.014295
-1.64392 0.0141911

-1.64392 0.0141905
-1.64331 0.0140534

-1.6427 0.0138831
-1.64325 0.0140381

-1.64331 0.0140468
-1.64328 0.0140381

-1.6427 0.0138816
-1.64209 0.0136709

-1.64148 0.0134265
-1.64148 0.0134277

-1.64148 0.0134267
-1.64087 0.0131389

-1.64209 0.0136707
-1.64149 0.0134277

-1.64026 0.0128105
-1.64027 0.0128174

-1.64087 0.0131368
-1.64028 0.0128174

-1.64026 0.0128103
-1.63965 0.012435

-1.63904 0.0120125
-1.63932 0.012207

-1.63843 0.0115303
-1.63851 0.0115967

-1.63904 0.0120085
-1.63852 0.0115967

-1.63721 0.0103713
-1.63721 0.010376

-1.63721 0.010376
-1.63782 0.0109863

-1.63843 0.0115294
-1.63782 0.0109863

-1.63965 0.0124302
-1.63933 0.012207

-1.63721 0.0103711
-1.63667 0.00976562

-1.63321 0.0
-1.63323 0.000610352

-1.63323 0.000610352
-1.63326 0.0012207

-1.63326 0.0012207
-1.63332 0.00183105

-1.63332 0.00183105
-1.6334 0.00244141

-1.63354 0.00319921
-1.63365 0.00366211

-1.63365 0.00366211
-1.63381 0.00427246

-1.63381 0.00427246
-1.63399 0.00488281

-1.6334 0.00244141
-1.63351 0.00305176

-1.63354 0.00319881
-1.63351 0.00305176

-1.63416 0.00534707
-1.63421 0.00549316

-1.63421 0.00549316
-1.63445 0.00610352

-1.63416 0.00534685
-1.63399 0.00488281

-1.63445 0.00610352
-1.63473 0.00671387

-1.63477 0.00679233
-1.63473 0.00671387

-1.61466 0.0
-1.61462 0.00014767

-1.61462 0.000129728
-1.61445 0.000610352

-1.61454 0.000610352
-1.61401 0.00111118

-1.61401 0.00103518
-1.6134 0.0012101

-1.6134 0.0011887
-1.61279 0.0010269

-1.61279 0.000929828
-1.61218 0.000668217

-1.61157 0.000510691
-1.61198 0.000610352

-1.61218 0.000652931
-1.61197 0.000610352

-1.61157 0.000553532
-1.61096 0.000556743

-1.61096 0.000577261
-1.61035 0.000589922

-1.61035 0.0005695
-1.60974 0.000566097

-1.60974 0.000578903
-1.60913 0.000581474

-1.60913 0.000570316
-1.60852 0.000570424

-1.60852 0.000575856
-1.60791 0.000584738

-1.60791 0.000576655
-1.6073 0.00058185

-1.6073 0.000591241
-1.60669 0.000579742

-1.60669 0.000559915
-1.60608 0.000575591

-1.60608 0.000589299
-1.60555 0.000610352

-1.60547 0.000597289
-1.60486 0.000586478

-1.60486 0.000592142
-1.60425 0.000588572

-1.60425 0.00058727
-1.60364 0.000589359

-1.60364 0.000583662
-1.60303 0.00060123

-1.60242 0.000599974
-1.60294 0.000610352

-1.60242 0.000588432
-1.60181 0.000572361

-1.60181 0.000582278
-1.6012 0.000597345

-1.6012 0.000595964
-1.60059 0.000594963

-1.60059 0.000593571
-1.59998 0.00058405

-1.59998 0.000575229
-1.59937 0.000596657

-1.59937 0.000609568
-1.59919 0.000610352

-1.59875 0.000592928
-1.59814 0.000584416

-1.59814 0.000563612
-1.59781 0.000610352

-1.59783 0.000610352
-1.59753 0.000646019

-1.59753 0.000643275
-1.59692 0.000828062

-1.59692 0.000877509
-1.59631 0.00107375

-1.59631 0.00107103
-1.5957 0.00118525

-1.5957 0.00118764
-1.59509 0.00122049

-1.59509 0.00121965
-1.59448 0.001168

-1.59448 0.00116379
-1.59387 0.00103774

-1.59387 0.00102827
-1.59326 0.000855174

-1.59326 0.000845132
-1.59265 0.000664021

-1.59204 0.000518642
-1.59249 0.000610352

-1.59265 0.000635259
-1.5925 0.000610352

-1.59204 0.000560309
-1.59143 0.000557399

-1.59143 0.000578197
-1.59082 0.000571815

-1.59082 0.000547676
-1.59021 0.000557267

-1.59021 0.000588344
-1.5896 0.000580852

-1.5896 0.000547416
-1.58899 0.000542543

-1.58899 0.00057591
-1.58838 0.000583539

-1.58838 0.000458836
-1.58789 0.000610352

-1.58792 0.000610352
-1.58777 0.0006566

-1.58777 0.000642358
-1.58716 0.00121306

-1.5873 0.0012207
-1.58716 0.00140557

-1.58716 0.00141382
-1.58676 0.00183105

-1.58676 0.00183105
-1.58655 0.00200388

-1.58655 0.0020009
-1.58594 0.00234997

-1.58594 0.00233368
-1.58555 0.00244141

-1.58411 0.00242835
-1.58418 0.00244141

-1.58411 0.00243308
-1.5835 0.00214186

-1.58558 0.00244141
-1.58533 0.00251279

-1.58533 0.00250425
-1.58472 0.00253234

-1.58472 0.00253498
-1.58422 0.00244141

-1.58229 0.0
-1.58237 0.000610352

-1.58237 0.000610352
-1.58262 0.0012207

-1.58289 0.00158824
-1.5831 0.00183105

-1.5835 0.00215775
-1.58309 0.00183105

-1.58289 0.00158909
-1.58262 0.0012207

-1.5778 0.0
-1.57739 0.000534121

-1.57739 0.000440313
-1.57678 0.000112206

-1.57678 0.000164621
-1.57648 0.0

-1.57603 0.0
-1.57556 0.000462549

-1.57556 0.00015973
-1.57495 0.000347555

-1.57495 0.000273352
-1.57434 0.000280538

-1.57434 0.000272732
-1.57373 0.000242915

-1.57373 0.000205969
-1.57312 0.000313648

-1.57312 0.000276319
-1.57251 0.000368696

-1.57251 0.000321741
-1.5719 0.000321631

-1.5719 0.000322323
-1.57129 0.000322539

-1.57129 0.00032185
-1.57068 0.000321826

-1.57068 0.000322552
-1.57007 0.000322277

-1.57007 0.000321673
-1.56946 0.000321615

-1.56946 0.000322316
-1.56885 0.000322431

-1.56885 0.000321907
-1.56824 0.000321544

-1.56824 0.000322149
-1.56763 0.000322086

-1.56763 0.000321567
-1.56702 0.000321795

-1.56702 0.000322579
-1.56641 0.000321976

-1.56641 0.000321346
-1.5658 0.000321168

-1.5658 0.00032463
-1.56519 0.000319675

-1.56519 0.000317711
-1.56458 0.000317857

-1.56458 0.000344887
-1.56396 0.000299623

-1.56396 0.000375306
-1.56335 0.000198501

-1.56335 0.000203178
-1.56274 0.00022677

-1.56274 0.000214673
-1.56213 0.000385338

-1.56213 0.000552725
-1.56152 8.89552e-05

-1.56152 0.000101726
-1.56093 0.0

-1.56089 0.0
-1.5603 0.000583842

-1.5603 0.000560032
-1.55969 0.00019273

-1.55969 0.000297214
-1.55944 0.0

-1.55891 0.0
-1.55847 0.000361697

-1.55847 0.000423817
-1.55788 0.0

-1.55701 0.0
-1.55685 0.000610352

-1.55692 0.000610352
-1.55664 0.000981843

-1.55664 0.000886764
-1.55617 0.0012207

-1.55603 0.00121098
-1.55589 0.0012207

-1.55585 0.0012207
-1.55542 0.00125108

-1.55481 0.00110074
-1.5553 0.0012207

-1.55481 0.00105604
-1.5542 0.000808151

-1.55542 0.00125432
-1.55528 0.0012207

-1.55359 0.00059915
-1.55363 0.000610352

-1.5542 0.000765308
-1.55364 0.000610352

-1.55298 0.000570096
-1.55356 0.000610352

-1.55359 0.000613645
-1.55354 0.000610352

-1.55298 0.000606357
-1.55237 0.000599546

-1.55237 0.000594369
-1.55176 0.000574525

-1.55176 0.000574579
-1.55115 0.000591636

-1.55115 0.000595782
-1.55054 0.000607227

-1.55054 0.000604699
-1.54993 0.000584405

-1.54993 0.000588399
-1.54932 0.000574021

-1.54932 0.000574609
-1.54871 0.000585738

-1.54871 0.000587414
-1.5481 0.000597264

-1.5481 0.000600568
-1.54749 0.000579479

-1.54749 0.000578969
-1.54688 0.000563531

-1.54688 0.00056965
-1.54626 0.000579521

-1.54626 0.000577608
-1.54565 0.000584635

-1.54565 0.000584336
-1.54504 0.000578888

-1.54504 0.000575433
-1.54443 0.000575913

-1.54443 0.000574235
-1.54382 0.00058995

-1.54382 0.000585364
-1.54321 0.000597412

-1.54321 0.00060557
-1.5426 0.00058271

-1.5426 0.000574325
-1.54199 0.000562731

-1.54199 0.000585697
-1.54138 0.000579395

-1.54138 0.000555687
-1.54077 0.000568765

-1.54077 0.000598081
-1.54016 0.000593167

-1.54016 0.000566944
-1.53955 0.000547678

-1.53955 0.000572009
-1.53894 0.000580707

-1.53894 0.0005578
-1.53833 0.00057422

-1.53833 0.000601272
-1.53772 0.000584283

-1.53772 0.000558189
-1.53711 0.000539851

-1.53711 0.000574401
-1.5365 0.000574479

-1.5365 0.000545928
-1.53589 0.00055227

-1.53589 0.000581355
-1.53528 0.00058021

-1.53528 0.000525571
-1.53467 0.000570339

-1.53467 0.000514747
-1.53447 0.000610352

-1.53447 0.000610352
-1.53406 0.000792161

-1.53406 0.000868959
-1.53356 0.0012207

-1.53358 0.0012207
-1.53345 0.00131391

-1.53345 0.00134589
-1.53284 0.00169216

-1.53284 0.00169643
-1.53236 0.00183105

-1.5323 0.00183105
-1.53223 0.00185051

-1.53223 0.00185946
-1.53162 0.00187125

-1.53101 0.00172525
-1.53143 0.00183105

-1.53162 0.0018837
-1.53141 0.00183105

-1.52981 0.0
-1.52992 0.000610352

-1.5299 0.000610352
-1.53029 0.0012207

-1.53101 0.00177943
-1.5304 0.00134202

-1.5304 0.00137111
-1.53025 0.0012207

-1.51088 0.0
-1.51086 3.46986e-05

-1.51086 0.000103376
-1.51044 0.000610352

-1.51025 0.000507369
-1.50978 0.000610352

-1.50965 0.000610352
-1.50964 0.000611267

-1.50964 0.000566156
-1.50903 0.000565762

-1.50964 0.00061054
-1.50906 0.000610352

-1.50903 0.000569577
-1.50842 0.000570381

-1.50852 0.000610352
-1.50842 0.000610411

-1.50781 0.000457641
-1.50816 0.000610352

-1.50842 0.000612401
-1.50841 0.000610352

-1.50729 0.0
-1.50773 0.000610352

-1.50781 0.000627442
-1.50778 0.000610352

-1.5072 7.13221e-05
-1.50707 0.0

-1.50643 0.0
-1.50598 0.00056625

-1.50598 0.000538332
-1.50537 0.000107827

-1.50537 0.000129228
-1.50533 0.0

-1.37598 0.0381538
-1.37614 0.0384521

-1.37628 0.0387073
-1.37631 0.0387573

-1.37631 0.0387573
-1.37647 0.0390625

-1.37628 0.0387075
-1.37614 0.0384521

-1.37292 0.0339747
-1.37311 0.0341797

-1.37231 0.0333265
-1.37255 0.0335693

-1.37262 0.0336452
-1.37283 0.0338745

-1.37292 0.033976
-1.37283 0.0338745

-1.37262 0.0336461
-1.37255 0.0335693

-1.3717 0.0327205
-1.37195 0.032959

-1.37109 0.0321499
-1.37131 0.0323486

-1.3714 0.032431
-1.37164 0.0326538

-1.3717 0.0327199
-1.37164 0.0326538

-1.3714 0.03243
-1.37131 0.0323486

-1.37201 0.0330186
-1.37225 0.0332642

-1.37231 0.0333273
-1.37225 0.0332642

-1.37201 0.0330187
-1.37195 0.032959

-1.37476 0.0362433
-1.37481 0.0363159

-1.37481 0.0363159
-1.37502 0.0366211

-1.37354 0.0346719
-1.37363 0.03479

-1.37384 0.0350408
-1.37388 0.0350952

-1.37389 0.0350952
-1.37413 0.0354004

-1.37384 0.0350404
-1.37363 0.03479

-1.37445 0.0358251
-1.37459 0.0360107

-1.37415 0.0354239
-1.37436 0.0357056

-1.37445 0.0358262
-1.37436 0.0357056

-1.37476 0.0362442
-1.37459 0.0360107

-1.37415 0.0354241
-1.37413 0.0354004

-1.37537 0.0371464
-1.37542 0.0372314

-1.37567 0.0376361
-1.3758 0.0378418

-1.37542 0.0372314
-1.37561 0.0375366

-1.37567 0.0376362
-1.37561 0.0375366

-1.37506 0.0366839
-1.37522 0.0369263

-1.37537 0.0371471
-1.37522 0.0369263

-1.37506 0.0366848
-1.37502 0.0366211

-1.3758 0.0378418
-1.37597 0.038147

-1.37598 0.0381541
-1.37597 0.038147

-1.37323 0.0343166
-1.37337 0.0344849

-1.37354 0.0346728
-1.37338 0.0344849

-1.37323 0.0343181
-1.37311 0.0341797

-1.36743 0.02928
-1.36746 0.0292969

-1.36743 0.0292798
-1.36713 0.029074

-1.36682 0.0288723
-1.367 0.0289917

-1.36713 0.0290735
-1.367 0.0289917

-1.36652 0.0286746
-1.36654 0.0286865

-1.36652 0.0286743
-1.36621 0.0284803

-1.36682 0.0288719
-1.36654 0.0286865

-1.3653 0.027919
-1.36556 0.0280762

-1.36499 0.0277389
-1.36504 0.027771

-1.3653 0.0279187
-1.36505 0.027771

-1.36591 0.0282899
-1.36605 0.0283813

-1.36621 0.0284799
-1.36605 0.0283813

-1.36591 0.0282895
-1.3656 0.0281025

-1.3656 0.0281023
-1.36556 0.0280762

-1.36438 0.0273867
-1.36452 0.0274658

-1.36499 0.0277384
-1.36469 0.027561

-1.36469 0.0275607
-1.36452 0.0274658

-1.36438 0.0273864
-1.36407 0.0272148

-1.36377 0.0270462
-1.36398 0.0271606

-1.36407 0.0272147
-1.36398 0.0271606

-1.36316 0.0267165
-1.36342 0.0268555

-1.36316 0.0267162
-1.36285 0.0265551

-1.36255 0.0263967
-1.36284 0.0265503

-1.36285 0.0265552
-1.36284 0.0265503

-1.36224 0.0262401
-1.36225 0.0262451

-1.36224 0.0262405
-1.36194 0.0260864

-1.36255 0.0263965
-1.36225 0.0262451

-1.36163 0.0259343
-1.36164 0.0259399

-1.36194 0.0260861
-1.36164 0.0259399

-1.36163 0.0259345
-1.36133 0.0257848

-1.36377 0.027046
-1.36346 0.0268798

-1.36346 0.0268797
-1.36342 0.0268555

-1.37048 0.0316102
-1.37063 0.0317383

-1.36987 0.0310979
-1.36991 0.0311279

-1.37018 0.0313507
-1.37028 0.0314331

-1.37048 0.0316086
-1.37028 0.0314331

-1.37018 0.0313499
-1.36991 0.0311279

-1.36896 0.0303772
-1.36914 0.0305176

-1.36865 0.0301486
-1.36874 0.0302124

-1.36896 0.0303764
-1.36874 0.0302124

-1.36987 0.0310976
-1.36957 0.0308515

-1.36926 0.0306113
-1.36953 0.0308228

-1.36957 0.0308516
-1.36953 0.0308228

-1.36926 0.0306103
-1.36914 0.0305176

-1.37079 0.0318766
-1.37098 0.0320435

-1.37109 0.0321484
-1.37098 0.0320435

-1.37079 0.0318743
-1.37063 0.0317383

-1.36804 0.0297044
-1.36832 0.0299072

-1.36865 0.0301475
-1.36835 0.0299235

-1.36835 0.0299234
-1.36832 0.0299072

-1.36774 0.0294901
-1.3679 0.0296021

-1.36804 0.029704
-1.3679 0.0296021

-1.36774 0.0294895
-1.36746 0.0292969

-1.35828 0.0243916
-1.35833 0.0244141

-1.35828 0.0243914
-1.35797 0.0242614

-1.35797 0.0242612
-1.35767 0.0241326

-1.35736 0.0240058
-1.35761 0.0241089

-1.35767 0.0241326
-1.35761 0.0241089

-1.35736 0.0240057
-1.35706 0.02388

-1.35675 0.023756
-1.35687 0.0238037

-1.35675 0.0237558
-1.35645 0.0236329

-1.35706 0.0238798
-1.35687 0.0238037

-1.36072 0.0254914
-1.36102 0.0256348

-1.36072 0.0254912
-1.36041 0.0253474

-1.36011 0.0252059
-1.36037 0.0253296

-1.36041 0.0253474
-1.36037 0.0253296

-1.36133 0.0257845
-1.36102 0.0256368

-1.36102 0.0256369
-1.36102 0.0256348

-1.3595 0.0249276
-1.35971 0.0250244

-1.36011 0.0252057
-1.3598 0.0250656

-1.3598 0.0250655
-1.35971 0.0250244

-1.3595 0.0249275
-1.35919 0.0247909

-1.35889 0.0246563
-1.35903 0.0247192

-1.35919 0.0247907
-1.35903 0.0247192

-1.35889 0.0246562
-1.35858 0.0245229

-1.35858 0.0245227
-1.35833 0.0244141

-1.35522 0.0231545
-1.35533 0.0231934

-1.35645 0.0236328
-1.35614 0.0235112

-1.35583 0.0233912
-1.35611 0.0234985

-1.35614 0.0235112
-1.35611 0.0234985

-1.35583 0.0233911
-1.35553 0.023272

-1.35553 0.0232719
-1.35533 0.0231934

-1.35522 0.0231544
-1.35492 0.0230379

-1.35492 0.0230377
-1.35461 0.0229223

-1.35431 0.0228083
-1.35452 0.0228882

-1.35461 0.0229223
-1.35452 0.0228882

-1.35431 0.0228083
-1.354 0.0226951

-1.35187 0.0219332
-1.35198 0.0219727

-1.35187 0.0219331
-1.35156 0.0218282

-1.35339 0.0224724
-1.3537 0.022583

-1.354 0.022695
-1.3537 0.0225831

-1.3537 0.0225833
-1.3537 0.022583

-1.35339 0.0224723
-1.35309 0.0223623

-1.35278 0.0222537
-1.35285 0.0222778

-1.35309 0.0223622
-1.35285 0.0222778

-1.35278 0.0222536
-1.35248 0.0221458

-1.35248 0.0221457
-1.35217 0.0220389

-1.35217 0.0220388
-1.35198 0.0219727

-1.3772 0.0406417
-1.3773 0.0408936

-1.3775 0.0414152
-1.37754 0.0415039

-1.3773 0.0408936
-1.37742 0.0411987

-1.3775 0.0414152
-1.37742 0.0411987

-1.37659 0.0393008
-1.37662 0.0393677

-1.37662 0.0393677
-1.37677 0.0396729

-1.37689 0.0399417
-1.37691 0.039978

-1.37691 0.039978
-1.37704 0.0402832

-1.37689 0.0399418
-1.37677 0.0396729

-1.37659 0.039301
-1.37647 0.0390625

-1.37704 0.0402832
-1.37718 0.0405884

-1.3772 0.0406419
-1.37718 0.0405884

-1.37781 0.0422845
-1.37785 0.0424194

-1.37785 0.0424194
-1.37795 0.0427246

-1.37754 0.0415039
-1.37765 0.0418091

-1.37765 0.0418091
-1.37775 0.0421143

-1.37781 0.0422845
-1.37775 0.0421143

-1.37811 0.0432857
-1.37813 0.043335

-1.37795 0.0427246
-1.37804 0.0430298

-1.37811 0.0432857
-1.37804 0.0430298

-1.37813 0.043335
-1.37821 0.0436401

-1.37821 0.0436401
-1.37829 0.0439453

-1.37842 0.0444904
-1.37843 0.0445557

-1.37843 0.0445557
-1.3785 0.0448608

-1.3785 0.0448608
-1.37856 0.045166

-1.37856 0.045166
-1.37862 0.0454712

-1.37862 0.0454712
-1.37868 0.0457764

-1.37872 0.0460608
-1.37873 0.0460815

-1.37873 0.0460815
-1.37877 0.0463867

-1.37872 0.0460608
-1.37868 0.0457764

-1.37877 0.0463867
-1.37882 0.0466919

-1.37882 0.0466919
-1.37886 0.0469971

-1.37886 0.0469971
-1.3789 0.0473022

-1.3789 0.0473022
-1.37893 0.0476074

-1.37903 0.04876
-1.37903 0.0488281

-1.37893 0.0476074
-1.37896 0.0479126

-1.37896 0.0479126
-1.37899 0.0482178

-1.37899 0.0482178
-1.37901 0.0485229

-1.37903 0.0487596
-1.37901 0.0485229

-1.37829 0.0439453
-1.37836 0.0442505

-1.37842 0.0444903
-1.37836 0.0442505

-1.37903 0.0488281
-1.37905 0.0491333

-1.37905 0.0491333
-1.37907 0.0494385

-1.37907 0.0494385
-1.37908 0.0497437

-1.37908 0.0497437
-1.37909 0.0500488

-1.37909 0.0500488
-1.37909 0.050354

-1.37909 0.050354
-1.3791 0.0506592

-1.3791 0.0506592
-1.3791 0.0509644

-1.3791 0.0509644
-1.3791 0.0512695

-1.3791 0.0512695
-1.37909 0.0515747

-1.37909 0.0515747
-1.37908 0.0518799

-1.37908 0.0518799
-1.37907 0.0521851

-1.37907 0.0521851
-1.37906 0.0524902

-1.37906 0.0524902
-1.37905 0.0527954

-1.37905 0.0527954
-1.37903 0.0531006

-1.37903 0.0531006
-1.37903 0.0531028

-1.37903 0.0531017
-1.37901 0.0534058

-1.37901 0.0534058
-1.37899 0.0537109

-1.37899 0.0537109
-1.37896 0.0540161

-1.37896 0.0540161
-1.37893 0.0543213

-1.37893 0.0543213
-1.3789 0.0546265

-1.3789 0.0546265
-1.37887 0.0549316

-1.37887 0.0549316
-1.37884 0.0552368

-1.37884 0.0552368
-1.3788 0.055542

-1.3788 0.055542
-1.37877 0.0558472

-1.37877 0.0558472
-1.37872 0.0561523

-1.37872 0.0561523
-1.37872 0.0561643

-1.37872 0.0561637
-1.37868 0.0564575

-1.37868 0.0564575
-1.37864 0.0567627

-1.37864 0.0567627
-1.37859 0.0570679

-1.37859 0.0570679
-1.37854 0.057373

-1.37854 0.057373
-1.37849 0.0576782

-1.37849 0.0576782
-1.37844 0.0579834

-1.37844 0.0579834
-1.37842 0.0581006

-1.37842 0.0581002
-1.37838 0.0582886

-1.37838 0.0582886
-1.37833 0.0585938

-1.37833 0.0585938
-1.37827 0.0588989

-1.37827 0.0588989
-1.37821 0.0592041

-1.37821 0.0592041
-1.37815 0.0595093

-1.37815 0.0595093
-1.37811 0.0596699

-1.37811 0.0596697
-1.37808 0.0598145

-1.37808 0.0598145
-1.37802 0.0601196

-1.37802 0.0601196
-1.37795 0.0604248

-1.37795 0.0604248
-1.37788 0.06073

-1.37788 0.06073
-1.37781 0.0610352

-1.37781 0.0610352
-1.37781 0.0610376

-1.37781 0.061037
-1.37774 0.0613403

-1.37774 0.0613403
-1.37766 0.0616455

-1.37766 0.0616455
-1.37758 0.0619507

-1.37758 0.0619507
-1.37751 0.0622559

-1.37751 0.0622559
-1.3775 0.0622694

-1.3775 0.062269
-1.37743 0.062561

-1.37743 0.062561
-1.37734 0.0628662

-1.37734 0.0628662
-1.37726 0.0631714

-1.37726 0.0631714
-1.3772 0.063404

-1.3772 0.0634039
-1.37718 0.0634766

-1.37718 0.0634766
-1.37709 0.0637817

-1.37709 0.0637817
-1.377 0.0640869

-1.377 0.0640869
-1.37691 0.0643921

-1.37691 0.0643921
-1.37689 0.0644657

-1.37689 0.0644654
-1.37682 0.0646973

-1.37682 0.0646973
-1.37673 0.0650024

-1.37673 0.0650024
-1.37664 0.0653076

-1.37664 0.0653076
-1.37659 0.0654677

-1.37659 0.0654674
-1.37654 0.0656128

-1.37654 0.0656128
-1.37644 0.065918

-1.37644 0.065918
-1.37635 0.0662231

-1.37635 0.0662231
-1.37628 0.0664214

-1.37628 0.0664212
-1.37625 0.0665283

-1.37625 0.0665283
-1.37615 0.0668335

-1.37615 0.0668335
-1.37604 0.0671387

-1.37604 0.0671387
-1.37598 0.0673343

-1.37598 0.0673341
-1.37594 0.0674438

-1.37594 0.0674438
-1.37583 0.067749

-1.37583 0.067749
-1.37573 0.0680542

-1.37573 0.0680542
-1.37567 0.0682123

-1.37567 0.0682121
-1.37562 0.0683594

-1.37562 0.0683594
-1.37551 0.0686646

-1.37551 0.0686646
-1.3754 0.0689697

-1.3754 0.0689697
-1.37537 0.0690601

-1.37537 0.0690598
-1.37529 0.0692749

-1.37529 0.0692749
-1.37517 0.0695801

-1.37517 0.0695801
-1.37506 0.0698812

-1.37506 0.0698812
-1.37506 0.0698853

-1.37506 0.0698853
-1.37494 0.0701904

-1.37494 0.0701904
-1.37483 0.0704956

-1.37483 0.0704956
-1.37476 0.0706783

-1.37476 0.0706781
-1.37471 0.0708008

-1.37471 0.0708008
-1.37459 0.071106

-1.37459 0.071106
-1.37447 0.0714111

-1.37447 0.0714111
-1.37445 0.0714548

-1.37445 0.0714545
-1.37435 0.0717163

-1.37435 0.0717163
-1.37422 0.0720215

-1.37422 0.0720215
-1.37415 0.0722115

-1.37415 0.0722113
-1.3741 0.0723267

-1.3741 0.0723267
-1.37397 0.0726318

-1.37397 0.0726318
-1.37385 0.072937

-1.37385 0.072937
-1.37384 0.0729517

-1.37384 0.0729513
-1.37372 0.0732422

-1.37372 0.0732422
-1.37359 0.0735474

-1.37359 0.0735474
-1.37354 0.073675

-1.37354 0.0736748
-1.37346 0.0738525

-1.37346 0.0738525
-1.37333 0.0741577

-1.37333 0.0741577
-1.37323 0.0743843

-1.37323 0.0743842
-1.3732 0.0744629

-1.3732 0.0744629
-1.37306 0.0747681

-1.37306 0.0747681
-1.37293 0.0750732

-1.37293 0.0750732
-1.37292 0.0750807

-1.37292 0.0750804
-1.37279 0.0753784

-1.37279 0.0753784
-1.37266 0.0756836

-1.37266 0.0756836
-1.37262 0.0757638

-1.37262 0.0757636
-1.37252 0.0759888

-1.37252 0.0759888
-1.37238 0.0762939

-1.37238 0.0762939
-1.37231 0.0764356

-1.37231 0.0764354
-1.37224 0.0765991

-1.37224 0.0765991
-1.3721 0.0769043

-1.3721 0.0769043
-1.37201 0.0770967

-1.37201 0.0770965
-1.37196 0.0772095

-1.37196 0.0772095
-1.37181 0.0775146

-1.37181 0.0775146
-1.3717 0.0777478

-1.3717 0.0777477
-1.37167 0.0778198

-1.37167 0.0778198
-1.37153 0.078125

-1.34393 0.0194668
-1.34416 0.0195312

-1.34393 0.0194667
-1.34363 0.0193812

-1.34363 0.0193811
-1.34332 0.0192962

-1.34302 0.019212
-1.34307 0.0192261

-1.34332 0.0192962
-1.34307 0.0192261

-1.34302 0.0192119
-1.34271 0.0191281

-1.34271 0.019128
-1.34241 0.0190448

-1.3418 0.0188802
-1.34195 0.0189209

-1.34241 0.0190448
-1.3421 0.0189622

-1.3421 0.0189622
-1.34195 0.0189209

-1.3418 0.0188802
-1.34149 0.0187986

-1.34149 0.0187985
-1.34119 0.0187175

-1.34119 0.0187175
-1.34088 0.018637

-1.34058 0.0185571
-1.3408 0.0186157

-1.34088 0.018637
-1.3408 0.0186157

-1.33936 0.0182423
-1.33962 0.0183105

-1.34058 0.0185571
-1.34027 0.0184776

-1.34027 0.0184775
-1.33997 0.0183986

-1.33997 0.0183986
-1.33966 0.0183202

-1.33966 0.0183202
-1.33962 0.0183105

-1.33936 0.0182423
-1.33905 0.0181648

-1.33905 0.0181648
-1.33875 0.0180878

-1.33875 0.0180878
-1.33844 0.0180114

-1.33813 0.0179353
-1.33842 0.0180054

-1.33844 0.0180114
-1.33842 0.0180054

-1.33813 0.0179353
-1.33783 0.0178597

-1.33783 0.0178597
-1.33752 0.0177846

-1.33691 0.0176359
-1.33718 0.0177002

-1.33752 0.0177846
-1.33722 0.01771

-1.33722 0.0177101
-1.33718 0.0177002

-1.33447 0.017058
-1.33461 0.0170898

-1.33691 0.0176358
-1.33661 0.017562

-1.33661 0.017562
-1.3363 0.0174887

-1.3363 0.0174888
-1.336 0.0174159

-1.33569 0.0173435
-1.33591 0.017395

-1.336 0.017416
-1.33591 0.017395

-1.33569 0.0173435
-1.33539 0.0172714

-1.33539 0.0172714
-1.33508 0.0171998

-1.33508 0.0171998
-1.33478 0.0171287

-1.33478 0.0171288
-1.33461 0.0170898

-1.33447 0.017058
-1.33417 0.0169876

-1.33417 0.0169876
-1.33386 0.0169176

-1.33386 0.0169177
-1.33356 0.0168482

-1.33325 0.0167791
-1.33328 0.0167847

-1.33356 0.0168482
-1.33328 0.0167847

-1.33325 0.0167791
-1.33295 0.0167103

-1.33295 0.0167102
-1.33264 0.0166418

-1.33264 0.0166418
-1.33234 0.0165739

-1.33234 0.0165739
-1.33203 0.0165064

-1.35156 0.0218281
-1.35126 0.0217241

-1.35095 0.0216212
-1.35109 0.0216675

-1.35126 0.021724
-1.35109 0.0216675

-1.35095 0.0216212
-1.35065 0.021519

-1.35065 0.0215189
-1.35034 0.0214176

-1.35004 0.0213173
-1.35017 0.0213623

-1.35004 0.0213173
-1.34973 0.0212176

-1.35034 0.0214175
-1.35017 0.0213623

-1.34973 0.0212176
-1.34943 0.0211187

-1.34912 0.021021
-1.34923 0.0210571

-1.34943 0.0211187
-1.34923 0.0210571

-1.34821 0.0207318
-1.34827 0.020752

-1.34821 0.0207317
-1.3479 0.0206369

-1.34912 0.0210209
-1.34882 0.0209237

-1.34882 0.0209237
-1.34851 0.0208272

-1.34851 0.0208272
-1.34827 0.020752

-1.3479 0.0206368
-1.3476 0.0205426

-1.3476 0.0205426
-1.34729 0.0204492

-1.34698 0.0203567
-1.34728 0.0204468

-1.34729 0.0204493
-1.34728 0.0204468

-1.34698 0.0203566
-1.34668 0.0202646

-1.34607 0.0200828
-1.34627 0.0201416

-1.34668 0.0202646
-1.34637 0.0201733

-1.34637 0.0201733
-1.34627 0.0201416

-1.34607 0.0200828
-1.34576 0.0199928

-1.34576 0.0199928
-1.34546 0.0199035

-1.34515 0.019815
-1.34523 0.0198364

-1.34546 0.0199035
-1.34523 0.0198364

-1.34515 0.0198149
-1.34485 0.0197269

-1.34485 0.0197269
-1.34454 0.0196395

-1.34454 0.0196395
-1.34424 0.0195528

-1.34424 0.0195528
-1.34416 0.0195312

-1.33173 0.0164392
-1.33191 0.0164795

-1.33173 0.0164392
-1.33142 0.0163723

-1.33203 0.0165064
-1.33191 0.0164795

-1.33142 0.0163722
-1.33112 0.0163058

-1.33112 0.0163058
-1.33081 0.0162398

-1.33051 0.0161741
-1.33051 0.0161743

-1.33081 0.0162398
-1.33051 0.0161743

-1.33051 0.0161741
-1.3302 0.0161086

-1.33051 0.0161745
-1.3305 0.0161743

-1.3302 0.0161086
-1.3299 0.0160435

-1.3299 0.0160435
-1.32959 0.0159789

-1.32898 0.0158508
-1.32907 0.0158691

-1.32898 0.0158508
-1.32867 0.0157871

-1.32867 0.0157871
-1.32837 0.0157238

-1.32959 0.0159789
-1.32928 0.0159147

-1.32928 0.0159147
-1.32907 0.0158691

-1.32837 0.0157238
-1.32806 0.0156609

-1.32806 0.015661
-1.32776 0.0155984

-1.32745 0.0155361
-1.32759 0.015564

-1.32776 0.0155985
-1.32759 0.015564

-1.32745 0.0155361
-1.32715 0.0154741

-1.32288 0.0146407
-1.32292 0.0146484

-1.32288 0.0146407
-1.32257 0.0145834

-1.32257 0.0145834
-1.32227 0.0145264

-1.32715 0.015474
-1.32684 0.0154124

-1.32684 0.0154124
-1.32654 0.0153512

-1.32593 0.0152298
-1.32607 0.0152588

-1.32654 0.0153513
-1.32623 0.0152904

-1.32623 0.0152904
-1.32607 0.0152588

-1.32593 0.0152298
-1.32562 0.0151694

-1.32562 0.0151694
-1.32532 0.0151093

-1.32532 0.0151093
-1.32501 0.0150497

-1.32501 0.0150498
-1.32471 0.0149905

-1.3244 0.0149314
-1.32452 0.0149536

-1.32471 0.0149905
-1.32452 0.0149536

-1.3244 0.0149314
-1.3241 0.0148725

-1.3241 0.0148725
-1.32379 0.014814

-1.32379 0.0148139
-1.32349 0.0147559

-1.32349 0.0147559
-1.32318 0.0146982

-1.32318 0.0146983
-1.32292 0.0146484

-1.32227 0.0145264
-1.32196 0.0144698

-1.32196 0.0144698
-1.32166 0.0144135

-1.32166 0.0144136
-1.32135 0.0143576

-1.32104 0.0143016
-1.32127 0.0143433

-1.32135 0.0143576
-1.32127 0.0143433

-1.32104 0.0143016
-1.32074 0.0142459

-1.32074 0.0142459
-1.32043 0.0141906

-1.32043 0.0141906
-1.32013 0.0141358

-1.32013 0.0141358
-1.31982 0.0140813

-1.31952 0.0140269
-1.31958 0.0140381

-1.31952 0.0140269
-1.31921 0.0139727

-1.31982 0.0140813
-1.31958 0.0140381

-1.31921 0.0139726
-1.31891 0.0139187

-1.31891 0.0139187
-1.3186 0.0138651

-1.3186 0.0138652
-1.3183 0.013812

-1.3183 0.013812
-1.31799 0.0137591

-1.31769 0.0137061
-1.31784 0.0137329

-1.31799 0.0137591
-1.31784 0.0137329

-1.31769 0.0137061
-1.31738 0.0136534

-1.31738 0.0136534
-1.31708 0.0136011

-1.31708 0.013601
-1.31677 0.0135491

-1.31677 0.0135491
-1.31647 0.0134976

-1.31647 0.0134976
-1.31616 0.0134462

-1.31586 0.0133949
-1.31605 0.0134277

-1.31586 0.0133949
-1.31555 0.0133439

-1.31555 0.0133439
-1.31525 0.0132931

-1.31525 0.0132931
-1.31494 0.0132427

-1.31616 0.0134463
-1.31605 0.0134277

-1.31494 0.0132427
-1.31464 0.0131927

-1.31464 0.0131927
-1.31433 0.0131428

-1.31403 0.0130929
-1.31421 0.0131226

-1.31433 0.0131428
-1.31421 0.0131226

-1.31403 0.0130928
-1.31372 0.0130432

-1.31372 0.0130432
-1.31342 0.0129938

-1.31342 0.0129938
-1.31311 0.0129448

-1.31311 0.0129448
-1.31281 0.0128962

-1.31281 0.0128963
-1.3125 0.0128479

-1.37153 0.078125
-1.3714 0.0783894

-1.3714 0.0783894
-1.37138 0.0784302

-1.37138 0.0784302
-1.37123 0.0787354

-1.37123 0.0787354
-1.37109 0.0790222

-1.37109 0.0790223
-1.37108 0.0790405

-1.37108 0.0790405
-1.37094 0.0793457

-1.37094 0.0793457
-1.37079 0.0796467

-1.37079 0.0796467
-1.37079 0.0796509

-1.37079 0.0796509
-1.37064 0.0799561

-1.37064 0.0799561
-1.37048 0.0802612

-1.37048 0.0802612
-1.37048 0.0802637

-1.37048 0.0802633
-1.37033 0.0805664

-1.37033 0.0805664
-1.37018 0.0808716

-1.37018 0.0808716
-1.37018 0.0808729

-1.37018 0.0808724
-1.37002 0.0811768

-1.37002 0.0811768
-1.36987 0.0814745

-1.36987 0.0814745
-1.36987 0.0814819

-1.36987 0.0814819
-1.36971 0.0817871

-1.36971 0.0817871
-1.36957 0.0820698

-1.36957 0.0820698
-1.36956 0.0820923

-1.36956 0.0820923
-1.3694 0.0823975

-1.3694 0.0823975
-1.36926 0.0826586

-1.36926 0.0826586
-1.36924 0.0827026

-1.36924 0.0827026
-1.36908 0.0830078

-1.36908 0.0830078
-1.36896 0.0832414

-1.36896 0.0832413
-1.36892 0.083313

-1.36892 0.083313
-1.36876 0.0836182

-1.36876 0.0836182
-1.36865 0.0838184

-1.36865 0.0838183
-1.3686 0.0839233

-1.3686 0.0839233
-1.36843 0.0842285

-1.36843 0.0842285
-1.36835 0.0843899

-1.36835 0.0843898
-1.36827 0.0845337

-1.36827 0.0845337
-1.36811 0.0848389

-1.36811 0.0848389
-1.36804 0.0849561

-1.36804 0.0849559
-1.36794 0.085144

-1.36794 0.085144
-1.36777 0.0854492

-1.36777 0.0854492
-1.36774 0.0855173

-1.36774 0.0855171
-1.36761 0.0857544

-1.36761 0.0857544
-1.36744 0.0860596

-1.36744 0.0860596
-1.36743 0.0860738

-1.36743 0.0860734
-1.36727 0.0863647

-1.36727 0.0863647
-1.36713 0.086625

-1.36713 0.0866249
-1.3671 0.0866699

-1.3671 0.0866699
-1.36693 0.0869751

-1.36693 0.0869751
-1.36682 0.087172

-1.36682 0.0871719
-1.36676 0.0872803

-1.36676 0.0872803
-1.36659 0.0875854

-1.36659 0.0875854
-1.36652 0.0877148

-1.36652 0.0877146
-1.36642 0.0878906

-1.36642 0.0878906
-1.36624 0.0881958

-1.36624 0.0881958
-1.36621 0.0882535

-1.36621 0.0882533
-1.36607 0.088501

-1.36607 0.088501
-1.36591 0.0887879

-1.36591 0.0887879
-1.3659 0.0888062

-1.3659 0.0888062
-1.36572 0.0891113

-1.36572 0.0891113
-1.3656 0.0893186

-1.3656 0.0893185
-1.36554 0.0894165

-1.36554 0.0894165
-1.36537 0.0897217

-1.36537 0.0897217
-1.3653 0.0898456

-1.3653 0.0898455
-1.36519 0.0900269

-1.36519 0.0900269
-1.36501 0.090332

-1.36501 0.090332
-1.36499 0.0903694

-1.36499 0.090369
-1.36483 0.0906372

-1.36483 0.0906372
-1.36469 0.090889

-1.36469 0.0908888
-1.36465 0.0909424

-1.36465 0.0909424
-1.36447 0.0912476

-1.36447 0.0912476
-1.36438 0.0914055

-1.36438 0.0914054
-1.36429 0.0915527

-1.36429 0.0915527
-1.36411 0.0918579

-1.36411 0.0918579
-1.36407 0.0919191

-1.36407 0.0919187
-1.36393 0.0921631

-1.36393 0.0921631
-1.36377 0.092429

-1.36377 0.0924288
-1.36375 0.0924683

-1.36375 0.0924683
-1.36356 0.0927734

-1.36356 0.0927734
-1.36346 0.0929361

-1.36346 0.092936
-1.36338 0.0930786

-1.36338 0.0930786
-1.36319 0.0933838

-1.36319 0.0933838
-1.36316 0.0934407

-1.36316 0.0934402
-1.36301 0.093689

-1.36301 0.093689
-1.36285 0.0939416

-1.36285 0.0939413
-1.36282 0.0939941

-1.36282 0.0939941
-1.36264 0.0942993

-1.36264 0.0942993
-1.36255 0.0944401

-1.36255 0.0944399
-1.36245 0.0946045

-1.36245 0.0946045
-1.36226 0.0949097

-1.36226 0.0949097
-1.36224 0.0949364

-1.36224 0.0949359
-1.36207 0.0952148

-1.36207 0.0952148
-1.36194 0.095429

-1.36194 0.0954289
-1.36188 0.09552

-1.36188 0.09552
-1.36169 0.0958252

-1.36169 0.0958252
-1.36163 0.0959199

-1.36163 0.0959196
-1.3615 0.0961304

-1.3615 0.0961304
-1.36133 0.0964078

-1.36133 0.0964075
-1.36131 0.0964355

-1.36131 0.0964355
-1.36112 0.0967407

-1.36112 0.0967407
-1.36102 0.0968936

-1.36102 0.0968934
-1.36093 0.0970459

-1.36093 0.0970459
-1.36073 0.0973511

-1.36073 0.0973511
-1.36072 0.0973775

-1.36072 0.097377
-1.36054 0.0976562

-1.36054 0.0976562
-1.36041 0.097858

-1.36041 0.0978578
-1.36035 0.0979614

-1.36035 0.0979614
-1.36015 0.0982666

-1.36015 0.0982666
-1.36011 0.0983374

-1.36011 0.0983368
-1.35996 0.0985718

-1.35996 0.0985718
-1.3598 0.0988136

-1.3598 0.0988131
-1.35976 0.098877

-1.35976 0.098877
-1.35957 0.0991821

-1.35957 0.0991821
-1.3595 0.0992884

-1.3595 0.0992881
-1.35937 0.0994873

-1.35937 0.0994873
-1.35919 0.0997607

-1.35919 0.0997602
-1.35917 0.0997925

-1.35917 0.0997925
-1.35897 0.100098

-1.35897 0.100098
-1.35889 0.100231

-1.35889 0.100231
-1.35878 0.100403

-1.35878 0.100403
-1.35858 0.1007

-1.35858 0.1007
-1.35858 0.100708

-1.35858 0.100708
-1.35838 0.101013

-1.35838 0.101013
-1.35828 0.101166

-1.35828 0.101166
-1.35818 0.101318

-1.35818 0.101318
-1.35798 0.101624

-1.35798 0.101624
-1.35797 0.101631

-1.35797 0.101631
-1.35778 0.101929

-1.35778 0.101929
-1.35767 0.102094

-1.35767 0.102094
-1.35757 0.102234

-1.35757 0.102234
-1.35737 0.102539

-1.35737 0.102539
-1.35736 0.102555

-1.35736 0.102555
-1.35717 0.102844

-1.35717 0.102844
-1.35706 0.103014

-1.35706 0.103014
-1.35697 0.103149

-1.35697 0.103149
-1.35676 0.103455

-1.35676 0.103455
-1.35675 0.103472

-1.35675 0.103472
-1.35656 0.10376

-1.35656 0.10376
-1.35645 0.103928

-1.35645 0.103928
-1.35635 0.104065

-1.35635 0.104065
-1.35615 0.10437

-1.35615 0.10437
-1.35614 0.104383

-1.35614 0.104382
-1.35594 0.104675

-1.35594 0.104675
-1.35583 0.104835

-1.35583 0.104835
-1.35574 0.10498

-1.35574 0.10498
-1.35553 0.105286

-1.35553 0.105286
-1.35553 0.105287

-1.35553 0.105286
-1.35532 0.105591

-1.35532 0.105591
-1.35522 0.105736

-1.35522 0.105736
-1.35512 0.105896

-1.35512 0.105896
-1.35492 0.106184

-1.35492 0.106184
-1.35491 0.106201

-1.35491 0.106201
-1.3547 0.106506

-1.3547 0.106506
-1.35461 0.106631

-1.35461 0.106631
-1.35449 0.106812

-1.35449 0.106812
-1.35431 0.107076

-1.35431 0.107075
-1.35428 0.107117

-1.35428 0.107117
-1.35407 0.107422

-1.35407 0.107422
-1.354 0.10752

-1.354 0.10752
-1.35386 0.107727

-1.35386 0.107727
-1.3537 0.107962

-1.3537 0.107961
-1.35365 0.108032

-1.35365 0.108032
-1.35344 0.108337

-1.35344 0.108337
-1.35339 0.108404

-1.35339 0.108403
-1.35323 0.108643

-1.35323 0.108643
-1.35309 0.108843

-1.35309 0.108842
-1.35302 0.108948

-1.35302 0.108948
-1.3528 0.109253

-1.3528 0.109253
-1.35278 0.109282

-1.35278 0.109281
-1.35259 0.109558

-1.35259 0.109558
-1.35248 0.109718

-1.35248 0.109718
-1.35238 0.109863

-1.35238 0.109863
-1.35217 0.110154

-1.35217 0.110154
-1.35216 0.110168

-1.35216 0.110168
-1.35195 0.110474

-1.35195 0.110474
-1.35187 0.11059

-1.35187 0.110589
-1.35173 0.110779

-1.35173 0.110779
-1.35156 0.111022

-1.35156 0.111022
-1.35152 0.111084

-1.35152 0.111084
-1.3513 0.111389

-1.3513 0.111389
-1.35126 0.111455

-1.35126 0.111455
-1.35109 0.111694

-1.35109 0.111694
-1.35095 0.111886

-1.35095 0.111885
-1.35087 0.112

-1.35087 0.112
-1.35065 0.112305

-1.35065 0.112305
-1.35065 0.112316

-1.35065 0.112316
-1.35044 0.11261

-1.35044 0.11261
-1.35034 0.112745

-1.35034 0.112744
-1.35022 0.112915

-1.35022 0.112915
-1.35004 0.113172

-1.35004 0.113172
-1.35 0.11322

-1.35 0.11322
-1.34978 0.113525

-1.34978 0.113525
-1.34973 0.1136

-1.34973 0.113599
-1.34957 0.113831

-1.34957 0.113831
-1.34943 0.114024

-1.34943 0.114023
-1.34935 0.114136

-1.34935 0.114136
-1.34913 0.114441

-1.34913 0.114441
-1.34912 0.114449

-1.34912 0.114449
-1.34891 0.114746

-1.34891 0.114746
-1.34882 0.114873

-1.34882 0.114872
-1.34869 0.115051

-1.34869 0.115051
-1.34851 0.115295

-1.34851 0.115294
-1.34847 0.115356

-1.34847 0.115356
-1.34824 0.115662

-1.34824 0.115662
-1.34821 0.115717

-1.34821 0.115716
-1.34802 0.115967

-1.34802 0.115967
-1.3479 0.116137

-1.3479 0.116136
-1.3478 0.116272

-1.3478 0.116272
-1.3476 0.116556

-1.3476 0.116556
-1.34758 0.116577

-1.34758 0.116577
-1.34736 0.116882

-1.34736 0.116882
-1.34729 0.116976

-1.34729 0.116974
-1.34713 0.117188

-1.34713 0.117188
-1.34698 0.117392

-1.34698 0.117391
-1.34691 0.117493

-1.34691 0.117493
-1.34669 0.117798

-1.34669 0.117798
-1.34668 0.117809

-1.34668 0.117809
-1.34646 0.118103

-1.34646 0.118103
-1.34637 0.118225

-1.34637 0.118224
-1.34624 0.118408

-1.34624 0.118408
-1.34607 0.118639

-1.34607 0.118639
-1.34602 0.118713

-1.34601 0.118713
-1.34579 0.119019

-1.34579 0.119019
-1.34576 0.119054

-1.34576 0.119053
-1.34556 0.119324

-1.34556 0.119324
-1.34546 0.119467

-1.34546 0.119466
-1.34534 0.119629

-1.34534 0.119629
-1.34515 0.119879

-1.34515 0.119878
-1.34511 0.119934

-1.34511 0.119934
-1.34489 0.120239

-1.34489 0.120239
-1.34485 0.120291

-1.34485 0.12029
-1.34466 0.120544

-1.34466 0.120544
-1.34454 0.120701

-1.34454 0.1207
-1.34443 0.12085

-1.34443 0.12085
-1.34424 0.121111

-1.34424 0.12111
-1.34421 0.121155

-1.34421 0.121155
-1.34398 0.12146

-1.34398 0.12146
-1.34393 0.12152

-1.34393 0.12152
-1.34375 0.121765

-1.34375 0.121765
-1.34363 0.121928

-1.34363 0.121927
-1.34352 0.12207

-1.34352 0.12207
-1.34332 0.122336

-1.34332 0.122335
-1.34329 0.122375

-1.34329 0.122375
-1.34306 0.122681

-1.34306 0.122681
-1.34302 0.122743

-1.34302 0.122742
-1.34283 0.122986

-1.34283 0.122986
-1.34271 0.123149

-1.34271 0.123147
-1.34261 0.123291

-1.3426 0.123291
-1.34241 0.123553

-1.34241 0.123553
-1.34238 0.123596

-1.34237 0.123596
-1.34214 0.123901

-1.34214 0.123901
-1.3421 0.123958

-1.3421 0.123958
-1.34191 0.124207

-1.34191 0.124207
-1.3418 0.124362

-1.3418 0.124361
-1.34168 0.124512

-1.34168 0.124512
-1.34149 0.124765

-1.34149 0.124764
-1.34145 0.124817

-1.34145 0.124817
-1.34122 0.125122

-1.34122 0.125122
-1.34119 0.125167

-1.34119 0.125167
-1.34099 0.125427

-1.34099 0.125427
-1.34088 0.12557

-1.34088 0.125568
-1.34076 0.125732

-1.34076 0.125732
-1.34058 0.12597

-1.34058 0.125969
-1.34052 0.126038

-1.34052 0.126038
-1.34029 0.126343

-1.34029 0.126343
-1.34027 0.12637

-1.34027 0.12637
-1.34006 0.126648

-1.34006 0.126648
-1.33997 0.126771

-1.33997 0.12677
-1.33983 0.126953

-1.33983 0.126953
-1.33966 0.127169

-1.33966 0.127168
-1.33959 0.127258

-1.33959 0.127258
-1.33936 0.127563

-1.33936 0.127563
-1.33936 0.127567

-1.33936 0.127567
-1.33912 0.127869

-1.33912 0.127869
-1.33905 0.127966

-1.33905 0.127965
-1.33889 0.128174

-1.33889 0.128174
-1.33875 0.128362

-1.33875 0.128361
-1.33866 0.128479

-1.33866 0.128479
-1.33844 0.128759

-1.33844 0.128759
-1.33842 0.128784

-1.33842 0.128784
-1.33819 0.129089

-1.33818 0.129089
-1.33813 0.129155

-1.33813 0.129155
-1.33795 0.129395

-1.33795 0.129395
-1.33783 0.129551

-1.33783 0.129549
-1.33771 0.1297

-1.33771 0.1297
-1.33752 0.129945

-1.33752 0.129944
-1.33748 0.130005

-1.33748 0.130005
-1.33724 0.13031

-1.33724 0.13031
-1.33722 0.130339

-1.33722 0.130339
-1.337 0.130615

-1.337 0.130615
-1.33691 0.130734

-1.33691 0.130732
-1.33677 0.13092

-1.33677 0.13092
-1.33661 0.131125

-1.33661 0.131125
-1.33653 0.131226

-1.33653 0.131226
-1.3363 0.131518

-1.3363 0.131518
-1.33629 0.131531

-1.33629 0.131531
-1.33606 0.131836

-1.33606 0.131836
-1.336 0.13191

-1.336 0.13191
-1.33582 0.132141

-1.33582 0.132141
-1.33569 0.132302

-1.33569 0.1323
-1.33558 0.132446

-1.33558 0.132446
-1.33539 0.132692

-1.33539 0.132692
-1.33534 0.132751

-1.33534 0.132751
-1.3351 0.133057

-1.3351 0.133057
-1.33508 0.133082

-1.33508 0.133082
-1.33486 0.133362

-1.33486 0.133362
-1.33478 0.133473

-1.33478 0.133472
-1.33463 0.133667

-1.33462 0.133667
-1.33447 0.133861

-1.33447 0.13386
-1.33439 0.133972

-1.33439 0.133972
-1.33417 0.13425

-1.33417 0.13425
-1.33415 0.134277

-1.33415 0.134277
-1.33391 0.134583

-1.33391 0.134583
-1.33386 0.134639

-1.33386 0.134638
-1.33367 0.134888

-1.33366 0.134888
-1.33356 0.135027

-1.33356 0.135025
-1.33343 0.135193

-1.33343 0.135193
-1.33325 0.135413

-1.33325 0.135412
-1.33319 0.135498

-1.33318 0.135498
-1.33295 0.1358

-1.33295 0.1358
-1.33294 0.135803

-1.33294 0.135803
-1.3327 0.136108

-1.3327 0.136108
-1.33264 0.136187

-1.33264 0.136186
-1.33246 0.136414

-1.33246 0.136414
-1.33234 0.136573

-1.33234 0.136571
-1.33222 0.136719

-1.33222 0.136719
-1.33203 0.136957

-1.33203 0.136957
-1.33198 0.137024

-1.33198 0.137024
-1.33174 0.137329

-1.33174 0.137329
-1.33173 0.137342

-1.33173 0.137342
-1.33149 0.137634

-1.33149 0.137634
-1.33142 0.137727

-1.33142 0.137726
-1.33125 0.137939

-1.33125 0.137939
-1.33112 0.138111

-1.33112 0.138109
-1.33101 0.138245

-1.33101 0.138245
-1.33081 0.138494

-1.33081 0.138494
-1.33077 0.13855

-1.33077 0.13855
-1.33052 0.138855

-1.33052 0.138855
-1.33051 0.138877

-1.33051 0.138877
-1.33028 0.13916

-1.33028 0.13916
-1.3302 0.13926

-1.3302 0.13926
-1.33004 0.139465

-1.33004 0.139465
-1.3299 0.139642

-1.3299 0.139641
-1.32979 0.139771

-1.32979 0.139771
-1.32959 0.140024

-1.32959 0.140023
-1.32955 0.140076

-1.32955 0.140076
-1.3293 0.140381

-1.3293 0.140381
-1.32928 0.140405

-1.32928 0.140405
-1.32906 0.140686

-1.32906 0.140686
-1.32898 0.140787

-1.32898 0.140786
-1.32882 0.140991

-1.32881 0.140991
-1.32867 0.141167

-1.32867 0.141165
-1.32857 0.141296

-1.32857 0.141296
-1.32837 0.141546

-1.32837 0.141546
-1.32832 0.141602

-1.32832 0.141602
-1.32808 0.141907

-1.32808 0.141907
-1.32806 0.141926

-1.32806 0.141926
-1.32783 0.142212

-1.32783 0.142212
-1.32776 0.142306

-1.32776 0.142305
-1.32759 0.142517

-1.32759 0.142517
-1.32745 0.142685

-1.32745 0.142683
-1.32734 0.142822

-1.32734 0.142822
-1.32715 0.143063

-1.32715 0.143063
-1.3271 0.143127

-1.3271 0.143127
-1.32685 0.143433

-1.32685 0.143433
-1.32684 0.143441

-1.32684 0.143441
-1.3266 0.143738

-1.3266 0.143738
-1.32654 0.143819

-1.32654 0.143819
-1.32636 0.144043

-1.32636 0.144043
-1.32623 0.144197

-1.32623 0.144195
-1.32611 0.144348

-1.32611 0.144348
-1.32593 0.144573

-1.32593 0.144573
-1.32586 0.144653

-1.32586 0.144653
-1.32562 0.14495

-1.32562 0.14495
-1.32562 0.144958

-1.32562 0.144958
-1.32537 0.145264

-1.32537 0.145264
-1.32532 0.145326

-1.32532 0.145326
-1.32512 0.145569

-1.32512 0.145569
-1.32501 0.145703

-1.32501 0.145701
-1.32487 0.145874

-1.32487 0.145874
-1.32471 0.146077

-1.32471 0.146077
-1.32462 0.146179

-1.32462 0.146179
-1.3244 0.146452

-1.3244 0.146452
-1.32438 0.146484

-1.32438 0.146484
-1.32413 0.14679

-1.32413 0.14679
-1.3241 0.146827

-1.3241 0.146827
-1.32388 0.147095

-1.32388 0.147095
-1.32379 0.147202

-1.32379 0.147201
-1.32363 0.1474

-1.32363 0.1474
-1.32349 0.147577

-1.32349 0.147575
-1.32338 0.147705

-1.32338 0.147705
-1.32318 0.147949

-1.32318 0.147949
-1.32313 0.14801

-1.32313 0.14801
-1.32288 0.148315

-1.32288 0.148315
-1.32288 0.148323

-1.32288 0.148323
-1.32263 0.148621

-1.32263 0.148621
-1.32257 0.148696

-1.32257 0.148696
-1.32238 0.148926

-1.32238 0.148926
-1.32227 0.14907

-1.32227 0.149067
-1.32213 0.149231

-1.32213 0.149231
-1.32196 0.149441

-1.32196 0.14944
-1.32188 0.149536

-1.32188 0.149536
-1.32166 0.149813

-1.32166 0.149813
-1.32163 0.149841

-1.32163 0.149841
-1.32138 0.150146

-1.32138 0.150146
-1.32135 0.150185

-1.32135 0.150185
-1.32113 0.150452

-1.32113 0.150452
-1.32104 0.150557

-1.32104 0.150556
-1.32088 0.150757

-1.32088 0.150757
-1.32074 0.150928

-1.32074 0.150926
-1.32063 0.151062

-1.32063 0.151062
-1.32043 0.151298

-1.32043 0.151298
-1.32038 0.151367

-1.32038 0.151367
-1.32013 0.151668

-1.32013 0.151668
-1.32013 0.151672

-1.32013 0.151672
-1.31987 0.151978

-1.31987 0.151978
-1.31982 0.152039

-1.31982 0.152039
-1.31962 0.152283

-1.31962 0.152283
-1.31952 0.152409

-1.31952 0.152408
-1.31937 0.152588

-1.31937 0.152588
-1.31921 0.152779

-1.31921 0.152777
-1.31912 0.152893

-1.31912 0.152893
-1.31891 0.153147

-1.31891 0.153147
-1.31887 0.153198

-1.31887 0.153198
-1.31861 0.153503

-1.31861 0.153503
-1.3186 0.153516

-1.3186 0.153516
-1.31836 0.153809

-1.31836 0.153809
-1.3183 0.153885

-1.3183 0.153885
-1.31811 0.154114

-1.31811 0.154114
-1.31799 0.154254

-1.31799 0.154252
-1.31786 0.154419

-1.31786 0.154419
-1.31769 0.154622

-1.31769 0.154621
-1.3176 0.154724

-1.3176 0.154724
-1.31738 0.154989

-1.31738 0.154989
-1.31735 0.155029

-1.31735 0.155029
-1.3171 0.155334

-1.3171 0.155334
-1.31708 0.155357

-1.31708 0.155356
-1.31684 0.15564

-1.31684 0.15564
-1.31677 0.155724

-1.31677 0.155723
-1.31659 0.155945

-1.31659 0.155945
-1.31647 0.156092

-1.31647 0.156089
-1.31634 0.15625

-1.31633 0.15625
-1.31616 0.156457

-1.31616 0.156456
-1.31608 0.156555

-1.31608 0.156555
-1.31586 0.156823

-1.31586 0.156823
-1.31583 0.15686

-1.31583 0.15686
-1.31557 0.157166

-1.31557 0.157166
-1.31555 0.15719

-1.31555 0.157189
-1.31532 0.157471

-1.31532 0.157471
-1.31525 0.157555

-1.31525 0.157555
-1.31506 0.157776

-1.31506 0.157776
-1.31494 0.157922

-1.31494 0.157919
-1.31481 0.158081

-1.31481 0.158081
-1.31464 0.158286

-1.31464 0.158285
-1.31455 0.158386

-1.31455 0.158386
-1.31433 0.158651

-1.31433 0.15865
-1.3143 0.158691

-1.3143 0.158691
-1.31404 0.158997

-1.31404 0.158997
-1.31403 0.159016

-1.31403 0.159015
-1.31379 0.159302

-1.31379 0.159302
-1.31372 0.15938

-1.31372 0.15938
-1.31353 0.159607

-1.31353 0.159607
-1.31342 0.159745

-1.31342 0.159743
-1.31328 0.159912

-1.31327 0.159912
-1.31311 0.160108

-1.31311 0.160107
-1.31302 0.160217

-1.31302 0.160217
-1.31281 0.160471

-1.31281 0.160471
-1.31276 0.160522

-1.31276 0.160522
-1.31251 0.160828

-1.31251 0.160828
-1.3125 0.160835

-1.31219 0.0127995
-1.31231 0.0128174

-1.31219 0.0127995
-1.31189 0.0127513

-1.3125 0.0128479
-1.31231 0.0128174

-1.31189 0.0127513
-1.31158 0.0127035

-1.31158 0.0127034
-1.31128 0.0126559

-1.31128 0.0126559
-1.31097 0.0126087

-1.31097 0.0126087
-1.31067 0.0125617

-1.31067 0.0125618
-1.31036 0.0125148

-1.31006 0.0124679
-1.31035 0.0125122

-1.31036 0.0125148
-1.31035 0.0125122

-1.30823 0.0121927
-1.30832 0.012207

-1.30823 0.0121926
-1.30792 0.0121474

-1.30792 0.0121474
-1.30762 0.0121025

-1.31006 0.0124678
-1.30975 0.0124212

-1.30975 0.0124212
-1.30945 0.0123749

-1.30945 0.0123749
-1.30914 0.012329

-1.30914 0.012329
-1.30884 0.0122834

-1.30884 0.0122835
-1.30853 0.0122381

-1.30853 0.0122381
-1.30832 0.012207

-1.30762 0.0121025
-1.30731 0.0120578

-1.30731 0.0120578
-1.30701 0.0120134

-1.30701 0.0120135
-1.3067 0.0119694

-1.3067 0.0119695
-1.3064 0.0119255

-1.30609 0.0118814
-1.30623 0.0119019

-1.3064 0.0119255
-1.30623 0.0119019

-1.30609 0.0118814
-1.30579 0.0118376

-1.30579 0.0118376
-1.30548 0.011794

-1.30548 0.011794
-1.30518 0.0117507

-1.30518 0.0117507
-1.30487 0.0117078

-1.30487 0.0117078
-1.30457 0.0116652

-1.30396 0.0115802
-1.30407 0.0115967

-1.30457 0.0116652
-1.30426 0.0116228

-1.30426 0.0116228
-1.30407 0.0115967

-1.30396 0.0115802
-1.30365 0.0115379

-1.30365 0.0115379
-1.30334 0.0114959

-1.30334 0.0114959
-1.30304 0.011454

-1.30304 0.011454
-1.30273 0.0114125

-1.30273 0.0114125
-1.30243 0.0113713

-1.30243 0.0113713
-1.30212 0.0113302

-1.30182 0.0112891
-1.30184 0.0112915

-1.30212 0.0113303
-1.30184 0.0112915

-1.30182 0.0112891
-1.30151 0.011248

-1.30151 0.011248
-1.30121 0.0112072

-1.30121 0.0112072
-1.3009 0.0111666

-1.3009 0.0111666
-1.3006 0.0111264

-1.3006 0.0111264
-1.30029 0.0110865

-1.29938 0.0109677
-1.29952 0.0109863

-1.29938 0.0109677
-1.29907 0.0109283

-1.30029 0.0110865
-1.29999 0.0110469

-1.29999 0.0110469
-1.29968 0.0110073

-1.29968 0.0110074
-1.29952 0.0109863

-1.29907 0.0109283
-1.29877 0.0108892

-1.29877 0.0108892
-1.29846 0.0108502

-1.29846 0.0108502
-1.29816 0.0108115

-1.29816 0.0108116
-1.29785 0.0107732

-1.29785 0.0107732
-1.29755 0.010735

-1.29755 0.010735
-1.29724 0.0106968

-1.29694 0.0106585
-1.29712 0.0106812

-1.29724 0.0106968
-1.29712 0.0106812

-1.29694 0.0106585
-1.29663 0.0106203

-1.29663 0.0106204
-1.29633 0.0105825

-1.29633 0.0105825
-1.29602 0.0105449

-1.29602 0.0105448
-1.29572 0.0105075

-1.29572 0.0105076
-1.29541 0.0104706

-1.29541 0.0104706
-1.2951 0.0104338

-1.2951 0.0104338
-1.2948 0.0103971

-1.29449 0.0103603
-1.29462 0.010376

-1.29449 0.0103603
-1.29419 0.0103237

-1.2948 0.0103972
-1.29462 0.010376

-1.29419 0.0103237
-1.29388 0.0102873

-1.29388 0.0102873
-1.29358 0.0102511

-1.29358 0.0102511
-1.29327 0.0102152

-1.29327 0.0102152
-1.29297 0.0101795

-1.28931 0.00976244
-1.28934 0.00976562

-1.28931 0.00976241
-1.289 0.00972855

-1.289 0.00972855
-1.2887 0.00969493

-1.2887 0.00969494
-1.28839 0.00966151

-1.28839 0.00966151
-1.28809 0.00962828

-1.28809 0.00962826
-1.28778 0.00959525

-1.28778 0.00959526
-1.28748 0.00956249

-1.28748 0.00956251
-1.28717 0.0095299

-1.28717 0.00952992
-1.28687 0.00949739

-1.28687 0.00949744
-1.28656 0.00946481

-1.28625 0.00943204
-1.28652 0.00946045

-1.28656 0.00946486
-1.28652 0.00946045

-1.28625 0.00943203
-1.28595 0.00939953

-1.28595 0.00939954
-1.28564 0.00936726

-1.28564 0.00936727
-1.28534 0.00933519

-1.28534 0.00933516
-1.28503 0.00930332

-1.28503 0.00930333
-1.28473 0.00927177

-1.28473 0.00927178
-1.28442 0.00924045

-1.28442 0.00924046
-1.28412 0.0092093

-1.28412 0.00920935
-1.28381 0.00917825

-1.28351 0.00914701
-1.28359 0.00915527

-1.28351 0.00914701
-1.2832 0.00911588

-1.28381 0.0091783
-1.28359 0.00915527

-1.29297 0.0101795
-1.29266 0.0101441

-1.29266 0.0101441
-1.29236 0.0101087

-1.29236 0.0101088
-1.29205 0.0100733

-1.29175 0.0100378
-1.29203 0.0100708

-1.29205 0.0100734
-1.29203 0.0100708

-1.29175 0.0100378
-1.29144 0.0100026

-1.29144 0.0100026
-1.29114 0.00996755

-1.29114 0.00996754
-1.29083 0.00993278

-1.29083 0.00993276
-1.29053 0.00989828

-1.29053 0.0098983
-1.29022 0.00986412

-1.29022 0.00986414
-1.28992 0.00983018

-1.28992 0.00983022
-1.28961 0.00979637

-1.28961 0.00979643
-1.28933 0.00976562

-1.2832 0.00911589
-1.2829 0.00908499

-1.2829 0.009085
-1.28259 0.0090543

-1.28259 0.00905431
-1.28229 0.00902376

-1.28229 0.00902373
-1.28198 0.00899338

-1.28198 0.00899338
-1.28168 0.00896325

-1.28168 0.00896327
-1.28137 0.00893332

-1.28137 0.00893333
-1.28107 0.00890349

-1.28107 0.00890354
-1.28076 0.00887371

-1.28046 0.00884367
-1.28052 0.0088501

-1.28076 0.00887377
-1.28052 0.0088501

-1.28046 0.00884367
-1.28015 0.00881372

-1.28015 0.00881372
-1.27985 0.00878398

-1.27985 0.00878399
-1.27954 0.00875445

-1.27954 0.00875446
-1.27924 0.00872511

-1.27924 0.00872509
-1.27893 0.00869597

-1.27893 0.00869597
-1.27863 0.00866711

-1.27863 0.00866713
-1.27832 0.00863849

-1.2771 0.00852488
-1.27731 0.00854492

-1.27832 0.00863849
-1.27802 0.00861004

-1.27802 0.00861006
-1.27771 0.00858173

-1.27771 0.00858179
-1.2774 0.00855341

-1.2774 0.00855346
-1.27731 0.00854492

-1.2771 0.00852487
-1.27679 0.00849658

-1.27679 0.00849659
-1.27649 0.00846852

-1.27649 0.00846853
-1.27618 0.00844063

-1.27618 0.00844064
-1.27588 0.00841288

-1.27588 0.00841285
-1.27557 0.00838525

-1.27557 0.00838526
-1.27527 0.00835786

-1.27527 0.00835788
-1.27496 0.00833064

-1.27496 0.00833065
-1.27466 0.00830352

-1.27466 0.00830355
-1.27435 0.00827647

-1.27435 0.00827653
-1.27405 0.00824935

-1.27374 0.00822195
-1.27394 0.00823975

-1.27405 0.0082494
-1.27394 0.00823975

-1.27374 0.00822194
-1.27344 0.00819473

-1.27344 0.00819474
-1.27313 0.00816774

-1.27313 0.00816775
-1.27283 0.00814093

-1.27283 0.00814093
-1.27252 0.00811427

-1.27252 0.00811425
-1.27222 0.00808778

-1.27222 0.00808779
-1.27191 0.00806156

-1.27191 0.00806158
-1.27161 0.00803554

-1.27161 0.00803554
-1.2713 0.00800967

-1.2713 0.00800968
-1.271 0.00798395

-1.27039 0.0079325
-1.27041 0.00793457

-1.271 0.00798398
-1.27069 0.00795831

-1.27069 0.00795837
-1.27041 0.00793457

-1.27039 0.00793246
-1.27008 0.00790664

-1.27008 0.00790665
-1.26978 0.00788103

-1.26978 0.00788103
-1.26947 0.0078556

-1.26947 0.00785561
-1.26917 0.00783034

-1.26917 0.00783035
-1.26886 0.00780519

-1.26886 0.00780517
-1.26855 0.00778015

-1.26855 0.00778016
-1.26825 0.00775533

-1.26825 0.00775535
-1.26794 0.00773067

-1.26794 0.00773068
-1.26764 0.00770611

-1.26764 0.00770612
-1.26733 0.00768164

-1.26733 0.00768166
-1.26703 0.0076572

-1.26703 0.00765726
-1.26672 0.00763264

-1.26642 0.00760781
-1.26668 0.00762939

-1.26672 0.00763268
-1.26668 0.00762939

-1.26642 0.0076078
-1.26611 0.00758321

-1.26611 0.00758322
-1.26581 0.00755882

-1.26581 0.00755883
-1.2655 0.00753461

-1.2655 0.00753462
-1.2652 0.00751056

-1.2652 0.00751056
-1.26489 0.00748665

-1.26489 0.00748663
-1.26459 0.00746293

-1.26459 0.00746294
-1.26428 0.00743946

-1.26428 0.00743948
-1.26398 0.00741616

-1.26398 0.00741615
-1.26367 0.00739298

-1.26276 0.0073239
-1.26276 0.00732422

-1.26276 0.00732381
-1.26245 0.00730064

-1.26245 0.00730064
-1.26215 0.00727766

-1.26215 0.00727766
-1.26184 0.00725486

-1.26184 0.00725487
-1.26154 0.00723223

-1.26154 0.00723224
-1.26123 0.00720973

-1.26367 0.00739299
-1.26337 0.00736994

-1.26337 0.00736997
-1.26306 0.00734698

-1.26306 0.00734705
-1.26276 0.00732422

-1.26276 0.00732436
-1.26275 0.00732422

-1.26123 0.00720974
-1.26093 0.00718732

-1.26093 0.00718729
-1.26062 0.007165

-1.26062 0.007165
-1.26031 0.00714289

-1.26031 0.00714291
-1.26001 0.00712091

-1.26001 0.00712091
-1.2597 0.00709899

-1.2597 0.007099
-1.2594 0.00707715

-1.2594 0.00707716
-1.25909 0.00705535

-1.25909 0.0070554
-1.25879 0.00703349

-1.25848 0.00701131
-1.25859 0.00701904

-1.25879 0.00703354
-1.25859 0.00701904

-1.25848 0.00701131
-1.25818 0.00698919

-1.25818 0.00698919
-1.25787 0.00696724

-1.25787 0.00696725
-1.25757 0.00694547

-1.25757 0.00694547
-1.25726 0.00692385

-1.25726 0.00692385
-1.25696 0.00690236

-1.25696 0.00690236
-1.25665 0.00688098

-1.25665 0.00688096
-1.25635 0.00685975

-1.25635 0.00685975
-1.25604 0.00683874

-1.25604 0.00683876
-1.25574 0.00681789

-1.25574 0.00681789
-1.25543 0.00679715

-1.25543 0.00679714
-1.25513 0.00677652

-1.25513 0.00677652
-1.25482 0.00675601

-1.25482 0.00675604
-1.25452 0.00673556

-1.25391 0.00669419
-1.2542 0.00671387

-1.25452 0.00673562
-1.25421 0.006715

-1.25421 0.00671506
-1.25419 0.00671387

-1.25391 0.00669419
-1.2536 0.00667363

-1.2536 0.00667363
-1.2533 0.00665325

-1.2533 0.00665325
-1.25299 0.00663301

-1.25299 0.00663302
-1.25269 0.00661291

-1.25269 0.00661292
-1.25238 0.0065929

-1.25238 0.0065929
-1.25208 0.00657296

-1.25208 0.00657293
-1.25177 0.00655313

-1.25177 0.00655314
-1.25146 0.00653349

-1.25146 0.00653351
-1.25116 0.00651396

-1.25116 0.00651395
-1.25085 0.00649447

-1.25085 0.00649447
-1.25055 0.00647504

-1.25055 0.00647505
-1.25024 0.00645568

-1.25024 0.0064557
-1.24994 0.00643633

-1.24994 0.00643638
-1.24963 0.00641686

-1.24933 0.00639705
-1.24951 0.00640869

-1.24963 0.00641691
-1.24951 0.00640869

-1.24933 0.00639704
-1.24902 0.00637736

-1.24902 0.00637736
-1.24872 0.00635784

-1.24872 0.00635785
-1.24841 0.00633848

-1.24841 0.00633848
-1.24811 0.00631926

-1.24811 0.00631926
-1.2478 0.00630017

-1.2478 0.00630017
-1.2475 0.00628119

-1.2475 0.00628118
-1.24719 0.00626232

-1.24719 0.00626229
-1.24689 0.0062436

-1.24689 0.00624361
-1.24658 0.0062251

-1.24658 0.00622512
-1.24628 0.00620673

-1.24628 0.00620673
-1.24597 0.00618844

-1.24597 0.00618844
-1.24567 0.00617026

-1.24567 0.00617026
-1.24536 0.0061522

-1.24445 0.00609802
-1.24454 0.00610352

-1.24445 0.00609802
-1.24414 0.00607984

-1.24536 0.00615221
-1.24506 0.00613424

-1.24506 0.00613428
-1.24475 0.00611627

-1.24475 0.00611632
-1.24454 0.00610352

-1.24414 0.00607984
-1.24384 0.00606183

-1.24384 0.00606184
-1.24353 0.00604398

-1.24353 0.00604399
-1.24323 0.00602627

-1.24323 0.00602628
-1.24292 0.00600868

-1.24292 0.00600869
-1.24261 0.0059912

-1.24261 0.00599121
-1.24231 0.00597379

-1.24231 0.00597379
-1.242 0.00595643

-1.242 0.0059564
-1.2417 0.00593916

-1.2417 0.00593918
-1.24139 0.00592209

-1.24139 0.00592211
-1.24109 0.0059051

-1.24109 0.0059051
-1.24078 0.00588814

-1.24078 0.00588814
-1.24048 0.00587122

-1.24048 0.00587123
-1.24017 0.00585435

-1.24017 0.00585435
-1.23987 0.0058375

-1.23987 0.00583753
-1.23956 0.00582065

-1.23956 0.0058207
-1.23926 0.00580363

-1.23895 0.00578626
-1.23917 0.00579834

-1.23926 0.00580367
-1.23916 0.00579834

-1.23895 0.00578625
-1.23865 0.00576902

-1.23865 0.00576903
-1.23834 0.00575195

-1.23834 0.00575195
-1.23804 0.005735

-1.23804 0.005735
-1.23773 0.00571817

-1.23773 0.00571817
-1.23743 0.00570146

-1.23743 0.00570146
-1.23712 0.00568486

-1.23712 0.00568486
-1.23682 0.00566834

-1.23682 0.00566833
-1.23651 0.0056519

-1.23651 0.00565188
-1.23621 0.00563559

-1.23621 0.0056356
-1.2359 0.00561948

-1.2359 0.0056195
-1.2356 0.00560348

-1.2356 0.00560348
-1.23529 0.00558754

-1.23529 0.00558754
-1.23499 0.00557168

-1.23499 0.00557168
-1.23468 0.00555591

-1.23468 0.00555591
-1.23438 0.00554023

-1.23438 0.00554023
-1.23407 0.00552463

-1.23407 0.00552466
-1.23376 0.00550906

-1.23315 0.00547735
-1.23346 0.00549316

-1.23376 0.00550913
-1.23346 0.00549334

-1.23346 0.00549343
-1.23345 0.00549316

-1.23315 0.00547735
-1.23285 0.0054616

-1.23285 0.0054616
-1.23254 0.005446

-1.23254 0.005446
-1.23224 0.00543052

-1.23224 0.00543052
-1.23193 0.00541515

-1.23193 0.00541515
-1.23163 0.00539989

-1.23163 0.00539989
-1.23132 0.00538472

-1.23132 0.00538473
-1.23102 0.00536963

-1.23102 0.00536964
-1.23071 0.00535458

-1.23071 0.00535456
-1.23041 0.00533958

-1.23041 0.00533958
-1.2301 0.00532473

-1.2301 0.00532475
-1.2298 0.00531002

-1.2298 0.00531002
-1.22949 0.00529534

-1.22949 0.00529535
-1.22919 0.00528072

-1.22919 0.00528072
-1.22888 0.00526613

-1.22888 0.00526613
-1.22858 0.00525158

-1.22858 0.00525158
-1.22827 0.00523705

-1.22827 0.00523705
-1.22797 0.00522254

-1.22797 0.00522256
-1.22766 0.005208

-1.22766 0.00520805
-1.22736 0.00519329

-1.22705 0.00517822
-1.22725 0.00518799

-1.22736 0.00519334
-1.22725 0.00518799

-1.22705 0.0051782
-1.22675 0.00516324

-1.22675 0.00516325
-1.22644 0.00514841

-1.22644 0.00514841
-1.22614 0.00513369

-1.22614 0.00513369
-1.22583 0.00511908

-1.22583 0.00511908
-1.22552 0.00510457

-1.22552 0.00510457
-1.22522 0.00509016

-1.22522 0.00509016
-1.22491 0.00507584

-1.22491 0.00507585
-1.22461 0.00506161

-1.22034 0.00487105
-1.2206 0.00488281

-1.22034 0.00487104
-1.22003 0.00485759

-1.22003 0.0048576
-1.21973 0.0048443

-1.22461 0.00506161
-1.2243 0.00504744

-1.2243 0.00504742
-1.224 0.00503335

-1.224 0.00503335
-1.22369 0.00501945

-1.22369 0.00501947
-1.22339 0.00500568

-1.22339 0.00500568
-1.22308 0.00499197

-1.22308 0.00499197
-1.22278 0.00497834

-1.22278 0.00497833
-1.22247 0.00496477

-1.22247 0.00496477
-1.22217 0.00495128

-1.22217 0.00495128
-1.22186 0.00493788

-1.22186 0.00493787
-1.22156 0.00492455

-1.22156 0.00492455
-1.22125 0.0049113

-1.22125 0.00491133
-1.22095 0.00489807

-1.22095 0.00489813
-1.22064 0.0048847

-1.22064 0.00488475
-1.2206 0.00488281

-1.21973 0.0048443
-1.21942 0.00483112

-1.21942 0.00483112
-1.21912 0.00481805

-1.21912 0.00481805
-1.21881 0.00480508

-1.21881 0.00480508
-1.21851 0.0047922

-1.21851 0.0047922
-1.2182 0.0047794

-1.2182 0.0047794
-1.2179 0.00476669

-1.2179 0.00476669
-1.21759 0.00475403

-1.21759 0.00475404
-1.21729 0.00474141

-1.21729 0.00474139
-1.21698 0.00472883

-1.21698 0.00472882
-1.21667 0.00471639

-1.21667 0.00471641
-1.21637 0.00470407

-1.21637 0.00470408
-1.21606 0.0046918

-1.21606 0.0046918
-1.21576 0.00467957

-1.21576 0.00467957
-1.21545 0.00466737

-1.21545 0.00466738
-1.21515 0.00465521

-1.21515 0.00465522
-1.21484 0.00464308

-1.21484 0.00464308
-1.21454 0.00463095

-1.21454 0.00463096
-1.21423 0.00461884

-1.21423 0.00461884
-1.21393 0.00460671

-1.21393 0.00460674
-1.21362 0.00459454

-1.21362 0.00459459
-1.21332 0.00458219

-1.21301 0.00456946
-1.21321 0.00457764

-1.21332 0.00458223
-1.21321 0.00457764

-1.21301 0.00456945
-1.21271 0.00455681

-1.21271 0.00455681
-1.2124 0.00454429

-1.2124 0.00454429
-1.2121 0.00453186

-1.2121 0.00453186
-1.21179 0.00451952

-1.21179 0.00451952
-1.21149 0.00450726

-1.21149 0.00450726
-1.21118 0.00449509

-1.21118 0.00449509
-1.21088 0.00448299

-1.21088 0.00448299
-1.21057 0.00447097

-1.21057 0.00447097
-1.21027 0.00445902

-1.21027 0.00445903
-1.20996 0.00444714

-1.20996 0.00444714
-1.20966 0.0044353

-1.20966 0.00443527
-1.20935 0.00442351

-1.20935 0.00442351
-1.20905 0.00441188

-1.20905 0.0044119
-1.20874 0.00440038

-1.20874 0.00440038
-1.20844 0.00438892

-1.20844 0.00438893
-1.20813 0.00437752

-1.20813 0.00437752
-1.20782 0.00436616

-1.20782 0.00436616
-1.20752 0.00435486

-1.20752 0.00435486
-1.20721 0.00434362

-1.20721 0.00434362
-1.20691 0.00433243

-1.20691 0.00433243
-1.2066 0.00432129

-1.2066 0.00432129
-1.2063 0.00431021

-1.2063 0.00431021
-1.20599 0.00429918

-1.20599 0.0042992
-1.20569 0.00428818

-1.20508 0.00426562
-1.20526 0.00427246

-1.20569 0.00428823
-1.20538 0.00427706

-1.20538 0.00427711
-1.20526 0.00427246

-1.20508 0.00426561
-1.20477 0.00425427

-1.20477 0.00425428
-1.20447 0.00424306

-1.20447 0.00424307
-1.20416 0.00423196

-1.20416 0.00423196
-1.20386 0.00422094

-1.20386 0.00422094
-1.20355 0.00421001

-1.20355 0.00421001
-1.20325 0.00419915

-1.20325 0.00419915
-1.20294 0.00418837

-1.20294 0.00418837
-1.20264 0.00417765

-1.20264 0.00417765
-1.20233 0.00416701

-1.20233 0.00416701
-1.20203 0.00415643

-1.20203 0.00415643
-1.20172 0.00414591

-1.20172 0.00414591
-1.20142 0.00413542

-1.20142 0.00413542
-1.20111 0.00412496

-1.20111 0.00412493
-1.20081 0.00411457

-1.20081 0.00411457
-1.2005 0.00410433

-1.2005 0.00410435
-1.2002 0.00409418

-1.2002 0.00409417
-1.19989 0.00408404

-1.19989 0.00408404
-1.19958 0.00407396

-1.19958 0.00407396
-1.19928 0.00406392

-1.19928 0.00406392
-1.19897 0.00405392

-1.19897 0.00405392
-1.19867 0.00404396

-1.19867 0.00404396
-1.19836 0.00403402

-1.19836 0.00403402
-1.19806 0.0040241

-1.19806 0.0040241
-1.19775 0.00401419

-1.19775 0.00401419
-1.19745 0.00400427

-1.19745 0.00400427
-1.19714 0.00399434

-1.19714 0.00399435
-1.19684 0.00398436

-1.19684 0.00398441
-1.19653 0.00397424

-1.19623 0.00396373
-1.19633 0.00396729

-1.19653 0.00397429
-1.19633 0.00396729

-1.19623 0.00396373
-1.19592 0.00395319

-1.19592 0.00395319
-1.19562 0.00394274

-1.19562 0.00394275
-1.19531 0.00393239

-1.19531 0.00393239
-1.19501 0.00392209

-1.19501 0.0039221
-1.1947 0.00391187

-1.1947 0.00391187
-1.1944 0.00390171

-1.1944 0.00390171
-1.19409 0.00389162

-1.19409 0.00389162
-1.19379 0.00388158

-1.19379 0.00388158
-1.19348 0.0038716

-1.19348 0.0038716
-1.19318 0.00386168

-1.19318 0.00386168
-1.19287 0.00385182

-1.19287 0.00385182
-1.19257 0.00384202

-1.19257 0.00384202
-1.19226 0.00383225

-1.19226 0.00383225
-1.19196 0.00382251

-1.19196 0.00382249
-1.19165 0.00381283

-1.19165 0.00381284
-1.19135 0.00380331

-1.19135 0.00380333
-1.19104 0.00379388

-1.19104 0.00379388
-1.19073 0.00378447

-1.19073 0.00378447
-1.19043 0.00377512

-1.19043 0.00377512
-1.19012 0.00376581

-1.19012 0.00376581
-1.18982 0.00375654

-1.18982 0.00375654
-1.18951 0.00374733

-1.18951 0.00374733
-1.18921 0.00373817

-1.18921 0.00373817
-1.1889 0.00372905

-1.1889 0.00372905
-1.1886 0.00371998

-1.1886 0.00371998
-1.18829 0.00371096

-1.18829 0.00371096
-1.18799 0.00370198

-1.18799 0.00370198
-1.18768 0.00369305

-1.18768 0.00369306
-1.18738 0.00368417

-1.18738 0.00368419
-1.18707 0.0036753

-1.18707 0.00367535
-1.18677 0.00366631

-1.18646 0.00365701
-1.18663 0.00366211

-1.18646 0.003657
-1.18616 0.00364777

-1.18616 0.00364778
-1.18585 0.00363866

-1.18585 0.00363866
-1.18555 0.00362963

-1.18677 0.00366636
-1.18663 0.00366211

-1.18555 0.00362964
-1.18524 0.00362069

-1.18524 0.00362069
-1.18494 0.0036118

-1.18494 0.0036118
-1.18463 0.00360298

-1.18463 0.00360298
-1.18433 0.00359422

-1.18433 0.00359422
-1.18402 0.00358551

-1.18402 0.00358551
-1.18372 0.00357686

-1.18372 0.00357686
-1.18341 0.00356827

-1.18341 0.00356827
-1.18311 0.00355972

-1.18311 0.00355972
-1.1828 0.00355123

-1.1828 0.00355123
-1.1825 0.00354279

-1.1825 0.00354279
-1.18219 0.0035344

-1.18219 0.0035344
-1.18188 0.00352604

-1.18188 0.00352605
-1.18158 0.0035177

-1.18158 0.00351768
-1.18127 0.00350938

-1.18127 0.00350936
-1.18097 0.00350117

-1.18097 0.00350119
-1.18066 0.00349309

-1.18066 0.00349309
-1.18036 0.00348504

-1.18036 0.00348505
-1.18005 0.00347704

-1.18005 0.00347704
-1.17975 0.00346908

-1.17975 0.00346908
-1.17944 0.00346116

-1.17944 0.00346117
-1.17914 0.00345329

-1.17914 0.00345329
-1.17883 0.00344546

-1.17883 0.00344547
-1.17853 0.00343767

-1.17853 0.00343767
-1.17822 0.00342992

-1.17822 0.00342992
-1.17792 0.00342219

-1.17792 0.00342219
-1.17761 0.00341449

-1.17761 0.00341449
-1.17731 0.0034068

-1.17731 0.0034068
-1.177 0.00339911

-1.177 0.00339911
-1.1767 0.00339142

-1.1767 0.00339142
-1.17639 0.0033837

-1.17639 0.00338371
-1.17609 0.00337596

-1.17609 0.00337598
-1.17578 0.00336814

-1.17578 0.00336818
-1.17548 0.00336012

-1.17517 0.00335172
-1.17536 0.00335693

-1.17548 0.00336016
-1.17536 0.00335693

-1.17517 0.0033517
-1.17487 0.00334336

-1.17487 0.00334337
-1.17456 0.00333509

-1.17456 0.0033351
-1.17426 0.00332688

-1.17426 0.00332689
-1.17395 0.00331873

-1.17395 0.00331873
-1.17365 0.00331062

-1.17365 0.00331062
-1.17334 0.00330256

-1.17334 0.00330256
-1.17303 0.00329455

-1.17303 0.00329455
-1.17273 0.00328658

-1.17273 0.00328658
-1.17242 0.00327865

-1.17242 0.00327865
-1.17212 0.00327076

-1.17212 0.00327077
-1.17181 0.00326292

-1.17181 0.00326292
-1.17151 0.00325512

-1.17151 0.00325512
-1.1712 0.00324736

-1.1712 0.00324736
-1.1709 0.00323964

-1.1709 0.00323964
-1.17059 0.00323196

-1.17059 0.00323196
-1.17029 0.00322431

-1.17029 0.00322432
-1.16998 0.00321669

-1.16998 0.00321669
-1.16968 0.00320909

-1.16968 0.00320907
-1.16937 0.00320154

-1.16937 0.00320154
-1.16907 0.00319412

-1.16907 0.00319414
-1.16876 0.00318678

-1.16876 0.00318678
-1.16846 0.00317944

-1.16846 0.00317944
-1.16815 0.00317214

-1.16815 0.00317214
-1.16785 0.00316487

-1.16785 0.00316487
-1.16754 0.00315764

-1.16754 0.00315764
-1.16724 0.00315045

-1.16724 0.00315045
-1.16693 0.00314329

-1.16693 0.00314329
-1.16663 0.00313616

-1.16663 0.00313616
-1.16632 0.00312907

-1.16632 0.00312907
-1.16602 0.00312202

-1.16602 0.00312202
-1.16571 0.00311499

-1.16571 0.00311499
-1.16541 0.00310801

-1.16541 0.00310801
-1.1651 0.00310105

-1.1651 0.00310105
-1.16479 0.00309413

-1.16479 0.00309413
-1.16449 0.00308723

-1.16449 0.00308723
-1.16418 0.00308036

-1.16418 0.00308036
-1.16388 0.00307353

-1.16388 0.00307353
-1.16357 0.00306671

-1.16357 0.00306674
-1.16327 0.00305987

-1.16327 0.00305992
-1.16296 0.00305285

-1.16266 0.00304554
-1.16292 0.00305176

-1.16266 0.00304553
-1.16235 0.00303835

-1.16296 0.00305289
-1.16292 0.00305176

-1.16235 0.00303835
-1.16205 0.00303125

-1.16205 0.00303125
-1.16174 0.00302421

-1.16174 0.00302421
-1.16144 0.00301722

-1.16144 0.00301722
-1.16113 0.00301028

-1.16113 0.00301028
-1.16083 0.00300337

-1.16083 0.00300337
-1.16052 0.00299651

-1.16052 0.00299651
-1.16022 0.00298969

-1.16022 0.00298969
-1.15991 0.0029829

-1.15991 0.0029829
-1.15961 0.00297615

-1.15961 0.00297615
-1.1593 0.00296943

-1.1593 0.00296943
-1.159 0.00296275

-1.159 0.00296275
-1.15869 0.00295611

-1.15869 0.00295611
-1.15839 0.0029495

-1.15839 0.0029495
-1.15808 0.00294292

-1.15808 0.00294292
-1.15778 0.00293638

-1.15778 0.00293638
-1.15747 0.00292987

-1.15747 0.00292987
-1.15717 0.00292339

-1.15717 0.0029234
-1.15686 0.00291695

-1.15686 0.00291696
-1.15656 0.00291052

-1.15656 0.00291051
-1.15625 0.00290408

-1.3125 0.160835
-1.31225 0.161133

-1.31225 0.161133
-1.31219 0.161198

-1.31219 0.161198
-1.31199 0.161438

-1.31199 0.161438
-1.31189 0.161561

-1.31189 0.16156
-1.31174 0.161743

-1.31174 0.161743
-1.31158 0.161924

-1.31158 0.161923
-1.31148 0.162048

-1.31148 0.162048
-1.31128 0.162286

-1.31128 0.162285
-1.31122 0.162354

-1.31122 0.162354
-1.31097 0.162648

-1.31097 0.162648
-1.31096 0.162659

-1.31096 0.162659
-1.31071 0.162964

-1.31071 0.162964
-1.31067 0.16301

-1.31067 0.163009
-1.31045 0.163269

-1.31045 0.163269
-1.31036 0.163372

-1.31036 0.16337
-1.31019 0.163574

-1.31019 0.163574
-1.31006 0.163734

-1.31006 0.163731
-1.30994 0.163879

-1.30993 0.163879
-1.30975 0.164094

-1.30975 0.164093
-1.30968 0.164185

-1.30968 0.164185
-1.30945 0.164454

-1.30945 0.164454
-1.30942 0.16449

-1.30942 0.16449
-1.30916 0.164795

-1.30916 0.164795
-1.30914 0.164815

-1.30914 0.164815
-1.3089 0.1651

-1.3089 0.1651
-1.30884 0.165176

-1.30884 0.165175
-1.30864 0.165405

-1.30864 0.165405
-1.30853 0.165536

-1.30853 0.165534
-1.30839 0.16571

-1.30838 0.16571
-1.30823 0.165897

-1.30823 0.165895
-1.30813 0.166016

-1.30813 0.166016
-1.30792 0.166255

-1.30792 0.166255
-1.30787 0.166321

-1.30787 0.166321
-1.30762 0.166615

-1.30762 0.166615
-1.30761 0.166626

-1.30761 0.166626
-1.30735 0.166931

-1.30735 0.166931
-1.30731 0.166974

-1.30731 0.166974
-1.30709 0.167236

-1.30709 0.167236
-1.30701 0.167333

-1.30701 0.167332
-1.30683 0.167542

-1.30683 0.167542
-1.3067 0.167693

-1.3067 0.167691
-1.30657 0.167847

-1.30657 0.167847
-1.3064 0.168051

-1.3064 0.16805
-1.30631 0.168152

-1.30631 0.168152
-1.30609 0.168408

-1.30609 0.168408
-1.30605 0.168457

-1.30605 0.168457
-1.30579 0.168762

-1.30579 0.168762
-1.30579 0.168767

-1.30579 0.168767
-1.30553 0.169067

-1.30553 0.169067
-1.30548 0.169125

-1.30548 0.169124
-1.30527 0.169373

-1.30527 0.169373
-1.30518 0.169483

-1.30518 0.169481
-1.30501 0.169678

-1.30501 0.169678
-1.30487 0.169841

-1.30487 0.169839
-1.30475 0.169983

-1.30475 0.169983
-1.30457 0.170197

-1.30457 0.170196
-1.30449 0.170288

-1.30449 0.170288
-1.30426 0.170554

-1.30426 0.170554
-1.30423 0.170593

-1.30423 0.170593
-1.30397 0.170898

-1.30397 0.170898
-1.30396 0.170911

-1.30396 0.17091
-1.3037 0.171204

-1.3037 0.171204
-1.30365 0.171267

-1.30365 0.171267
-1.30344 0.171509

-1.30344 0.171509
-1.30334 0.171624

-1.30334 0.171622
-1.30318 0.171814

-1.30318 0.171814
-1.30304 0.171981

-1.30304 0.171979
-1.30292 0.172119

-1.30292 0.172119
-1.30273 0.172336

-1.30273 0.172335
-1.30266 0.172424

-1.30266 0.172424
-1.30243 0.172691

-1.30243 0.172691
-1.3024 0.172729

-1.3024 0.172729
-1.30213 0.173035

-1.30213 0.173035
-1.30212 0.173047

-1.30212 0.173047
-1.30187 0.17334

-1.30187 0.17334
-1.30182 0.173402

-1.30182 0.173402
-1.30161 0.173645

-1.30161 0.173645
-1.30151 0.173758

-1.30151 0.173756
-1.30135 0.17395

-1.30135 0.17395
-1.30121 0.174113

-1.30121 0.174111
-1.30109 0.174255

-1.30108 0.174255
-1.3009 0.174467

-1.3009 0.174466
-1.30082 0.174561

-1.30082 0.174561
-1.3006 0.174821

-1.3006 0.174821
-1.30056 0.174866

-1.30056 0.174866
-1.3003 0.175171

-1.3003 0.175171
-1.30029 0.175176

-1.30029 0.175175
-1.30003 0.175476

-1.30003 0.175476
-1.29999 0.17553

-1.29999 0.175529
-1.29977 0.175781

-1.29977 0.175781
-1.29968 0.175884

-1.29968 0.175882
-1.29951 0.176086

-1.29951 0.176086
-1.29938 0.176238

-1.29938 0.176236
-1.29924 0.176392

-1.29924 0.176392
-1.29907 0.176591

-1.29907 0.17659
-1.29898 0.176697

-1.29898 0.176697
-1.29877 0.176944

-1.29877 0.176943
-1.29872 0.177002

-1.29872 0.177002
-1.29846 0.177297

-1.29846 0.177297
-1.29845 0.177307

-1.29845 0.177307
-1.29819 0.177612

-1.29819 0.177612
-1.29816 0.17765

-1.29816 0.177649
-1.29792 0.177917

-1.29792 0.177917
-1.29785 0.178003

-1.29785 0.178002
-1.29766 0.178223

-1.29766 0.178223
-1.29755 0.178355

-1.29755 0.178353
-1.2974 0.178528

-1.2974 0.178528
-1.29724 0.178708

-1.29724 0.178706
-1.29713 0.178833

-1.29713 0.178833
-1.29694 0.179059

-1.29694 0.179059
-1.29687 0.179138

-1.29687 0.179138
-1.29663 0.179411

-1.29663 0.179411
-1.2966 0.179443

-1.2966 0.179443
-1.29634 0.179749

-1.29634 0.179749
-1.29633 0.179763

-1.29633 0.179763
-1.29607 0.180054

-1.29607 0.180054
-1.29602 0.180115

-1.29602 0.180114
-1.29581 0.180359

-1.29581 0.180359
-1.29572 0.180466

-1.29572 0.180464
-1.29554 0.180664

-1.29554 0.180664
-1.29541 0.180818

-1.29541 0.180816
-1.29528 0.180969

-1.29528 0.180969
-1.2951 0.181169

-1.2951 0.181167
-1.29501 0.181274

-1.29501 0.181274
-1.2948 0.181518

-1.2948 0.181518
-1.29475 0.18158

-1.29475 0.18158
-1.29449 0.181869

-1.29449 0.181869
-1.29448 0.181885

-1.29448 0.181885
-1.29422 0.18219

-1.29422 0.18219
-1.29419 0.18222

-1.29419 0.182219
-1.29395 0.182495

-1.29395 0.182495
-1.29388 0.18257

-1.29388 0.182569
-1.29368 0.1828

-1.29368 0.1828
-1.29358 0.18292

-1.29358 0.182918
-1.29342 0.183105

-1.29342 0.183105
-1.29327 0.183271

-1.29327 0.183269
-1.29315 0.183411

-1.29315 0.183411
-1.29297 0.18362

-1.29297 0.183619
-1.29288 0.183716

-1.29288 0.183716
-1.29266 0.183969

-1.29266 0.183969
-1.29262 0.184021

-1.29262 0.184021
-1.29236 0.184318

-1.29236 0.184318
-1.29235 0.184326

-1.29235 0.184326
-1.29208 0.184631

-1.29208 0.184631
-1.29205 0.184668

-1.29205 0.184667
-1.29182 0.184937

-1.29182 0.184937
-1.29175 0.185017

-1.29175 0.185016
-1.29155 0.185242

-1.29155 0.185242
-1.29144 0.185366

-1.29144 0.185363
-1.29128 0.185547

-1.29128 0.185547
-1.29114 0.185715

-1.29114 0.185713
-1.29102 0.185852

-1.29102 0.185852
-1.29083 0.186063

-1.29083 0.186062
-1.29075 0.186157

-1.29075 0.186157
-1.29053 0.18641

-1.29053 0.18641
-1.29048 0.186462

-1.29048 0.186462
-1.29022 0.186758

-1.29022 0.186758
-1.29021 0.186768

-1.29021 0.186768
-1.28995 0.187073

-1.28995 0.187073
-1.28992 0.187107

-1.28992 0.187106
-1.28968 0.187378

-1.28968 0.187378
-1.28961 0.187454

-1.28961 0.187453
-1.28941 0.187683

-1.28941 0.187683
-1.28931 0.187802

-1.28931 0.1878
-1.28914 0.187988

-1.28914 0.187988
-1.289 0.18815

-1.289 0.188148
-1.28888 0.188293

-1.28887 0.188293
-1.2887 0.188497

-1.2887 0.188496
-1.28861 0.188599

-1.28861 0.188599
-1.28839 0.188843

-1.28839 0.188843
-1.28834 0.188904

-1.28834 0.188904
-1.28809 0.18919

-1.28809 0.18919
-1.28807 0.189209

-1.28807 0.189209
-1.2878 0.189514

-1.2878 0.189514
-1.28778 0.189537

-1.28778 0.189537
-1.28753 0.189819

-1.28753 0.189819
-1.28748 0.189884

-1.28748 0.189883
-1.28726 0.190125

-1.28726 0.190125
-1.28717 0.19023

-1.28717 0.190228
-1.28699 0.19043

-1.28699 0.19043
-1.28687 0.190577

-1.28687 0.190575
-1.28673 0.190735

-1.28672 0.190735
-1.28656 0.190923

-1.28656 0.190921
-1.28646 0.19104

-1.28646 0.19104
-1.28625 0.191268

-1.28625 0.191268
-1.28619 0.191345

-1.28619 0.191345
-1.28595 0.191613

-1.28595 0.191613
-1.28592 0.19165

-1.28592 0.19165
-1.28565 0.191956

-1.28565 0.191956
-1.28564 0.191959

-1.28564 0.191959
-1.28538 0.192261

-1.28538 0.192261
-1.28534 0.192305

-1.28534 0.192304
-1.28511 0.192566

-1.28511 0.192566
-1.28503 0.19265

-1.28503 0.192649
-1.28484 0.192871

-1.28484 0.192871
-1.28473 0.192995

-1.28473 0.192993
-1.28457 0.193176

-1.28457 0.193176
-1.28442 0.193341

-1.28442 0.193339
-1.2843 0.193481

-1.2843 0.193481
-1.28412 0.193685

-1.28412 0.193684
-1.28403 0.193787

-1.28403 0.193787
-1.28381 0.194029

-1.28381 0.194029
-1.28376 0.194092

-1.28376 0.194092
-1.28351 0.194373

-1.28351 0.194373
-1.28349 0.194397

-1.28349 0.194397
-1.28322 0.194702

-1.28322 0.194702
-1.2832 0.194718

-1.2832 0.194717
-1.28295 0.195007

-1.28295 0.195007
-1.2829 0.195062

-1.2829 0.195061
-1.28268 0.195312

-1.28268 0.195312
-1.28259 0.195406

-1.28259 0.195404
-1.28241 0.195618

-1.2824 0.195618
-1.28229 0.19575

-1.28229 0.195748
-1.28213 0.195923

-1.28213 0.195923
-1.28198 0.196094

-1.28198 0.196092
-1.28186 0.196228

-1.28186 0.196228
-1.28168 0.196437

-1.28168 0.196436
-1.28159 0.196533

-1.28159 0.196533
-1.28137 0.19678

-1.28137 0.196779
-1.28132 0.196838

-1.28132 0.196838
-1.28107 0.197123

-1.28107 0.197123
-1.28105 0.197144

-1.28105 0.197144
-1.28078 0.197449

-1.28078 0.197449
-1.28076 0.197466

-1.28076 0.197466
-1.28051 0.197754

-1.28051 0.197754
-1.28046 0.197809

-1.28046 0.197808
-1.28023 0.198059

-1.28023 0.198059
-1.28015 0.198152

-1.28015 0.19815
-1.27996 0.198364

-1.27996 0.198364
-1.27985 0.198494

-1.27985 0.198493
-1.27969 0.198669

-1.27969 0.198669
-1.27954 0.198837

-1.27954 0.198836
-1.27942 0.198975

-1.27942 0.198975
-1.27924 0.199179

-1.27924 0.199178
-1.27915 0.19928

-1.27915 0.19928
-1.27893 0.199521

-1.27893 0.19952
-1.27887 0.199585

-1.27887 0.199585
-1.27863 0.199862

-1.27863 0.199862
-1.2786 0.19989

-1.2786 0.19989
-1.27833 0.200195

-1.27833 0.200195
-1.27832 0.200204

-1.27832 0.200204
-1.27806 0.2005

-1.27806 0.2005
-1.27802 0.200546

-1.27802 0.200545
-1.27778 0.200806

-1.27778 0.200806
-1.27771 0.200887

-1.27771 0.200886
-1.27751 0.201111

-1.27751 0.201111
-1.2774 0.201229

-1.2774 0.201227
-1.27724 0.201416

-1.27724 0.201416
-1.2771 0.20157

-1.2771 0.201569
-1.27696 0.201721

-1.27696 0.201721
-1.27679 0.201912

-1.27679 0.20191
-1.27669 0.202026

-1.27669 0.202026
-1.27649 0.202252

-1.27649 0.202251
-1.27642 0.202332

-1.27642 0.202332
-1.27618 0.202592

-1.27618 0.202592
-1.27614 0.202637

-1.27614 0.202637
-1.27588 0.202932

-1.27588 0.202932
-1.27587 0.202942

-1.27587 0.202942
-1.2756 0.203247

-1.2756 0.203247
-1.27557 0.203273

-1.27557 0.203273
-1.27532 0.203552

-1.27532 0.203552
-1.27527 0.203613

-1.27527 0.203613
-1.27505 0.203857

-1.27505 0.203857
-1.27496 0.203954

-1.27496 0.203952
-1.27478 0.204163

-1.27478 0.204163
-1.27466 0.204294

-1.27466 0.204292
-1.2745 0.204468

-1.2745 0.204468
-1.27435 0.204634

-1.27435 0.204632
-1.27423 0.204773

-1.27423 0.204773
-1.27405 0.204974

-1.27405 0.204972
-1.27395 0.205078

-1.27395 0.205078
-1.27374 0.205312

-1.27374 0.205312
-1.27368 0.205383

-1.27368 0.205383
-1.27344 0.205651

-1.27344 0.205651
-1.2734 0.205688

-1.2734 0.205688
-1.27313 0.205991

-1.27313 0.205991
-1.27313 0.205994

-1.27313 0.205994
-1.27285 0.206299

-1.27286 0.206299
-1.27283 0.20633

-1.27283 0.20633
-1.27258 0.206604

-1.27258 0.206604
-1.27252 0.206669

-1.27252 0.206668
-1.27231 0.206909

-1.27231 0.206909
-1.27222 0.207008

-1.27222 0.207006
-1.27203 0.207214

-1.27203 0.207214
-1.27191 0.207346

-1.27191 0.207345
-1.27176 0.20752

-1.27175 0.20752
-1.27161 0.207685

-1.27161 0.207684
-1.27148 0.207825

-1.27148 0.207825
-1.2713 0.208024

-1.2713 0.208022
-1.2712 0.20813

-1.2712 0.20813
-1.271 0.208361

-1.271 0.208361
-1.27093 0.208435

-1.27093 0.208435
-1.27069 0.208699

-1.27069 0.208699
-1.27065 0.20874

-1.27065 0.20874
-1.27039 0.209037

-1.27039 0.209037
-1.27038 0.209045

-1.27038 0.209045
-1.2701 0.209351

-1.2701 0.209351
-1.27008 0.209375

-1.27008 0.209374
-1.26983 0.209656

-1.26983 0.209656
-1.26978 0.209712

-1.26978 0.209712
-1.26955 0.209961

-1.26955 0.209961
-1.26947 0.21005

-1.26947 0.210048
-1.26927 0.210266

-1.26927 0.210266
-1.26917 0.210387

-1.26917 0.210385
-1.269 0.210571

-1.269 0.210571
-1.26886 0.210724

-1.26886 0.210723
-1.26872 0.210876

-1.26872 0.210876
-1.26855 0.211062

-1.26855 0.21106
-1.26845 0.211182

-1.26844 0.211182
-1.26825 0.211398

-1.26825 0.211397
-1.26817 0.211487

-1.26817 0.211487
-1.26794 0.211734

-1.26794 0.211734
-1.26789 0.211792

-1.26789 0.211792
-1.26764 0.212071

-1.26764 0.212071
-1.26762 0.212097

-1.26762 0.212097
-1.26734 0.212402

-1.26734 0.212402
-1.26733 0.212407

-1.26733 0.212407
-1.26706 0.212708

-1.26706 0.212708
-1.26703 0.212744

-1.26703 0.212743
-1.26678 0.213013

-1.26678 0.213013
-1.26672 0.21308

-1.26672 0.213079
-1.26651 0.213318

-1.26651 0.213318
-1.26642 0.213416

-1.26642 0.213414
-1.26623 0.213623

-1.26623 0.213623
-1.26611 0.213752

-1.26611 0.21375
-1.26595 0.213928

-1.26595 0.213928
-1.26581 0.214088

-1.26581 0.214086
-1.26568 0.214233

-1.26567 0.214233
-1.2655 0.214424

-1.2655 0.214422
-1.2654 0.214539

-1.2654 0.214539
-1.2652 0.214759

-1.2652 0.214758
-1.26512 0.214844

-1.26512 0.214844
-1.26489 0.215093

-1.26489 0.215093
-1.26484 0.215149

-1.26484 0.215149
-1.26459 0.215428

-1.26459 0.215428
-1.26456 0.215454

-1.26456 0.215454
-1.26429 0.215759

-1.26429 0.215759
-1.26428 0.215763

-1.26428 0.215763
-1.26401 0.216064

-1.26401 0.216064
-1.26398 0.216098

-1.26398 0.216098
-1.26373 0.21637

-1.26373 0.21637
-1.26367 0.216433

-1.26367 0.216432
-1.26345 0.216675

-1.26345 0.216675
-1.26337 0.216767

-1.26337 0.216766
-1.26317 0.21698

-1.26317 0.21698
-1.26306 0.217102

-1.26306 0.2171
-1.26289 0.217285

-1.26289 0.217285
-1.26276 0.217436

-1.26276 0.217435
-1.26262 0.21759

-1.26261 0.21759
-1.26245 0.21777

-1.26245 0.217769
-1.26234 0.217896

-1.26233 0.217896
-1.26215 0.218105

-1.26215 0.218103
-1.26206 0.218201

-1.26206 0.218201
-1.26184 0.218438

-1.26184 0.218437
-1.26178 0.218506

-1.26178 0.218506
-1.26154 0.218771

-1.26154 0.218771
-1.2615 0.218811

-1.2615 0.218811
-1.26123 0.219104

-1.26123 0.219104
-1.26122 0.219116

-1.26122 0.219116
-1.26094 0.219421

-1.26094 0.219421
-1.26093 0.219438

-1.26093 0.219437
-1.26066 0.219727

-1.26066 0.219727
-1.26062 0.219771

-1.26062 0.21977
-1.26038 0.220032

-1.26038 0.220032
-1.26031 0.220104

-1.26031 0.220103
-1.2601 0.220337

-1.2601 0.220337
-1.26001 0.220437

-1.26001 0.220435
-1.25982 0.220642

-1.25982 0.220642
-1.2597 0.22077

-1.2597 0.220768
-1.25954 0.220947

-1.25954 0.220947
-1.2594 0.221103

-1.2594 0.221101
-1.25926 0.221252

-1.25926 0.221252
-1.25909 0.221435

-1.25909 0.221434
-1.25898 0.221558

-1.25898 0.221558
-1.25879 0.221768

-1.25879 0.221766
-1.2587 0.221863

-1.2587 0.221863
-1.25848 0.222099

-1.25848 0.222099
-1.25842 0.222168

-1.25842 0.222168
-1.25818 0.222431

-1.25818 0.222431
-1.25814 0.222473

-1.25814 0.222473
-1.25787 0.222763

-1.25787 0.222763
-1.25786 0.222778

-1.25786 0.222778
-1.25758 0.223083

-1.25758 0.223083
-1.25757 0.223095

-1.25757 0.223094
-1.2573 0.223389

-1.2573 0.223389
-1.25726 0.223426

-1.25726 0.223426
-1.25702 0.223694

-1.25702 0.223694
-1.25696 0.223758

-1.25696 0.223757
-1.25674 0.223999

-1.25674 0.223999
-1.25665 0.224089

-1.25665 0.224087
-1.25646 0.224304

-1.25645 0.224304
-1.25635 0.22442

-1.25635 0.224419
-1.25617 0.224609

-1.25617 0.224609
-1.25604 0.224751

-1.25604 0.22475
-1.25589 0.224915

-1.25589 0.224915
-1.25574 0.225082

-1.25574 0.225081
-1.25561 0.22522

-1.25561 0.22522
-1.25543 0.225413

-1.25543 0.225412
-1.25533 0.225525

-1.25533 0.225525
-1.25513 0.225744

-1.25513 0.225743
-1.25505 0.22583

-1.25505 0.22583
-1.25482 0.226074

-1.25482 0.226073
-1.25476 0.226135

-1.25476 0.226135
-1.25452 0.226404

-1.25452 0.226403
-1.25448 0.22644

-1.25448 0.22644
-1.25421 0.226734

-1.25421 0.226734
-1.2542 0.226746

-1.2542 0.226746
-1.25392 0.227051

-1.25392 0.227051
-1.25391 0.227064

-1.25391 0.227064
-1.25364 0.227356

-1.25364 0.227356
-1.2536 0.227394

-1.2536 0.227393
-1.25335 0.227661

-1.25335 0.227661
-1.2533 0.227723

-1.2533 0.227723
-1.25307 0.227966

-1.25307 0.227966
-1.25299 0.228053

-1.25299 0.228051
-1.25279 0.228271

-1.25279 0.228271
-1.25269 0.228383

-1.25269 0.228381
-1.25251 0.228577

-1.25251 0.228577
-1.25238 0.228712

-1.25238 0.228711
-1.25222 0.228882

-1.25222 0.228882
-1.25208 0.229041

-1.25208 0.22904
-1.25194 0.229187

-1.25194 0.229187
-1.25177 0.22937

-1.25177 0.229369
-1.25166 0.229492

-1.25166 0.229492
-1.25146 0.229699

-1.25146 0.229698
-1.25137 0.229797

-1.25137 0.229797
-1.25116 0.230028

-1.25116 0.230027
-1.25109 0.230103

-1.25109 0.230103
-1.25085 0.230356

-1.25085 0.230355
-1.25081 0.230408

-1.25081 0.230408
-1.25055 0.230684

-1.25055 0.230684
-1.25052 0.230713

-1.25052 0.230713
-1.25024 0.231012

-1.25024 0.231012
-1.25024 0.231018

-1.25024 0.231018
-1.24995 0.231323

-1.24996 0.231323
-1.24994 0.231341

-1.24994 0.23134
-1.24967 0.231628

-1.24967 0.231628
-1.24963 0.231669

-1.24963 0.231668
-1.24939 0.231934

-1.24939 0.231934
-1.24933 0.231996

-1.24933 0.231995
-1.2491 0.232239

-1.2491 0.232239
-1.24902 0.232324

-1.24902 0.232322
-1.24882 0.232544

-1.24882 0.232544
-1.24872 0.232652

-1.24872 0.23265
-1.24853 0.232849

-1.24853 0.232849
-1.24841 0.232979

-1.24841 0.232978
-1.24825 0.233154

-1.24825 0.233154
-1.24811 0.233307

-1.24811 0.233305
-1.24797 0.233459

-1.24796 0.233459
-1.2478 0.233634

-1.2478 0.233633
-1.24768 0.233765

-1.24768 0.233765
-1.2475 0.233961

-1.2475 0.23396
-1.2474 0.23407

-1.24739 0.23407
-1.24719 0.234288

-1.24719 0.234287
-1.24711 0.234375

-1.24711 0.234375
-1.24689 0.234614

-1.24689 0.234614
-1.24683 0.23468

-1.24682 0.23468
-1.24658 0.23494

-1.24658 0.23494
-1.24654 0.234985

-1.24654 0.234985
-1.24628 0.235267

-1.24628 0.235267
-1.24625 0.235291

-1.24625 0.235291
-1.24597 0.235593

-1.24597 0.235593
-1.24597 0.235596

-1.24597 0.235596
-1.24568 0.235901

-1.24568 0.235901
-1.24567 0.235919

-1.24567 0.235919
-1.2454 0.236206

-1.2454 0.236206
-1.24536 0.236245

-1.24536 0.236245
-1.24511 0.236511

-1.24511 0.236511
-1.24506 0.236571

-1.24506 0.23657
-1.24483 0.236816

-1.24483 0.236816
-1.24475 0.236897

-1.24475 0.236895
-1.24454 0.237122

-1.24454 0.237122
-1.24445 0.237223

-1.24445 0.237221
-1.24425 0.237427

-1.24425 0.237427
-1.24414 0.237548

-1.24414 0.237547
-1.24397 0.237732

-1.24397 0.237732
-1.24384 0.237873

-1.24384 0.237872
-1.24368 0.238037

-1.24368 0.238037
-1.24353 0.238199

-1.24353 0.238198
-1.2434 0.238342

-1.24339 0.238342
-1.24323 0.238524

-1.24323 0.238523
-1.24311 0.238647

-1.24311 0.238647
-1.24292 0.238849

-1.24292 0.238848
-1.24282 0.238953

-1.24282 0.238953
-1.24261 0.239174

-1.24261 0.239173
-1.24253 0.239258

-1.24253 0.239258
-1.24231 0.239498

-1.24231 0.239497
-1.24225 0.239563

-1.24225 0.239563
-1.242 0.239822

-1.242 0.239822
-1.24196 0.239868

-1.24196 0.239868
-1.2417 0.240146

-1.2417 0.240146
-1.24167 0.240173

-1.24167 0.240173
-1.24139 0.24047

-1.24139 0.24047
-1.24139 0.240479

-1.24139 0.240479
-1.2411 0.240784

-1.2411 0.240784
-1.24109 0.240795

-1.24109 0.240794
-1.24081 0.241089

-1.24081 0.241089
-1.24078 0.241119

-1.24078 0.241118
-1.24052 0.241394

-1.24052 0.241394
-1.24048 0.241442

-1.24048 0.241442
-1.24024 0.241699

-1.24024 0.241699
-1.24017 0.241766

-1.24017 0.241765
-1.23995 0.242004

-1.23995 0.242004
-1.23987 0.24209

-1.23987 0.242088
-1.23966 0.24231

-1.23966 0.24231
-1.23956 0.242413

-1.23956 0.242412
-1.23937 0.242615

-1.23937 0.242615
-1.23926 0.242736

-1.23926 0.242735
-1.23908 0.24292

-1.23908 0.24292
-1.23895 0.24306

-1.23895 0.243058
-1.2388 0.243225

-1.2388 0.243225
-1.23865 0.243383

-1.23865 0.243382
-1.23851 0.24353

-1.23851 0.24353
-1.23834 0.243706

-1.23834 0.243705
-1.23822 0.243835

-1.23822 0.243835
-1.23804 0.244028

-1.23804 0.244027
-1.23793 0.244141

-1.23793 0.244141
-1.23773 0.244351

-1.23773 0.24435
-1.23764 0.244446

-1.23764 0.244446
-1.23743 0.244674

-1.23743 0.244673
-1.23735 0.244751

-1.23735 0.244751
-1.23712 0.244996

-1.23712 0.244995
-1.23706 0.245056

-1.23706 0.245056
-1.23682 0.245317

-1.23682 0.245317
-1.23677 0.245361

-1.23677 0.245361
-1.23651 0.245639

-1.23651 0.245639
-1.23649 0.245667

-1.23649 0.245667
-1.23621 0.245961

-1.23621 0.245961
-1.2362 0.245972

-1.2362 0.245972
-1.23591 0.246277

-1.23591 0.246277
-1.2359 0.246283

-1.2359 0.246283
-1.23562 0.246582

-1.23562 0.246582
-1.2356 0.246605

-1.2356 0.246604
-1.23533 0.246887

-1.23533 0.246887
-1.23529 0.246926

-1.23529 0.246926
-1.23504 0.247192

-1.23504 0.247192
-1.23499 0.247248

-1.23499 0.247247
-1.23475 0.247498

-1.23475 0.247498
-1.23468 0.247569

-1.23468 0.247567
-1.23446 0.247803

-1.23446 0.247803
-1.23438 0.24789

-1.23438 0.247889
-1.23417 0.248108

-1.23417 0.248108
-1.23407 0.248211

-1.23407 0.24821
-1.23388 0.248413

-1.23388 0.248413
-1.23376 0.248532

-1.23376 0.248531
-1.23359 0.248718

-1.23359 0.248718
-1.23346 0.248853

-1.23346 0.248852
-1.2333 0.249023

-1.2333 0.249023
-1.23315 0.249173

-1.23315 0.249172
-1.23301 0.249329

-1.23301 0.249329
-1.23285 0.249494

-1.23285 0.249493
-1.23272 0.249634

-1.23271 0.249634
-1.23254 0.249814

-1.23254 0.249813
-1.23242 0.249939

-1.23242 0.249939
-1.23224 0.250134

-1.23224 0.250133
-1.23213 0.250244

-1.23213 0.250244
-1.23193 0.250455

-1.23193 0.250453
-1.23184 0.250549

-1.23184 0.250549
-1.23163 0.250775

-1.23163 0.250773
-1.23155 0.250854

-1.23155 0.250854
-1.23132 0.251094

-1.23132 0.251093
-1.23126 0.25116

-1.23126 0.25116
-1.23102 0.251413

-1.23102 0.251413
-1.23097 0.251465

-1.23097 0.251465
-1.23071 0.251733

-1.23071 0.251733
-1.23068 0.25177

-1.23068 0.25177
-1.23041 0.252052

-1.23041 0.252052
-1.23039 0.252075

-1.23039 0.252075
-1.2301 0.252371

-1.2301 0.252371
-1.23009 0.25238

-1.23009 0.25238
-1.2298 0.252686

-1.2298 0.252686
-1.2298 0.252691

-1.2298 0.25269
-1.22951 0.252991

-1.22951 0.252991
-1.22949 0.25301

-1.22949 0.253009
-1.22922 0.253296

-1.22922 0.253296
-1.22919 0.253328

-1.22919 0.253328
-1.22893 0.253601

-1.22893 0.253601
-1.22888 0.253647

-1.22888 0.253647
-1.22863 0.253906

-1.22863 0.253906
-1.22858 0.253966

-1.22858 0.253965
-1.22834 0.254211

-1.22834 0.254211
-1.22827 0.254284

-1.22827 0.254283
-1.22805 0.254517

-1.22805 0.254517
-1.22797 0.254603

-1.22797 0.254602
-1.22776 0.254822

-1.22776 0.254822
-1.22766 0.254921

-1.22766 0.25492
-1.22746 0.255127

-1.22746 0.255127
-1.22736 0.255239

-1.22736 0.255238
-1.22717 0.255432

-1.22717 0.255432
-1.22705 0.255557

-1.22705 0.255556
-1.22688 0.255737

-1.22688 0.255737
-1.22675 0.255875

-1.22675 0.255874
-1.22658 0.256042

-1.22658 0.256042
-1.22644 0.256193

-1.22644 0.256192
-1.22629 0.256348

-1.22629 0.256348
-1.22614 0.25651

-1.22614 0.256509
-1.226 0.256653

-1.226 0.256653
-1.22583 0.256828

-1.22583 0.256827
-1.2257 0.256958

-1.2257 0.256958
-1.22552 0.257145

-1.22552 0.257144
-1.22541 0.257263

-1.22541 0.257263
-1.22522 0.257462

-1.22522 0.257462
-1.22512 0.257568

-1.22512 0.257568
-1.22491 0.25778

-1.22491 0.257779
-1.22482 0.257874

-1.22482 0.257874
-1.22461 0.258097

-1.22461 0.258096
-1.22453 0.258179

-1.22453 0.258179
-1.2243 0.258414

-1.2243 0.258413
-1.22424 0.258484

-1.22423 0.258484
-1.224 0.25873

-1.224 0.258729
-1.22394 0.258789

-1.22394 0.258789
-1.22369 0.259046

-1.22369 0.259046
-1.22365 0.259094

-1.22365 0.259094
-1.22339 0.259363

-1.22339 0.259362
-1.22335 0.259399

-1.22335 0.259399
-1.22308 0.259679

-1.22308 0.259679
-1.22306 0.259705

-1.22306 0.259705
-1.22278 0.259995

-1.22278 0.259995
-1.22276 0.26001

-1.22276 0.26001
-1.22247 0.260311

-1.22247 0.260311
-1.22247 0.260315

-1.22247 0.260315
-1.22217 0.26062

-1.22217 0.26062
-1.22217 0.260627

-1.22217 0.260627
-1.22188 0.260925

-1.22188 0.260925
-1.22186 0.260943

-1.22186 0.260943
-1.22158 0.26123

-1.22158 0.26123
-1.22156 0.261258

-1.22156 0.261258
-1.22129 0.261536

-1.22129 0.261536
-1.22125 0.261574

-1.22125 0.261573
-1.22099 0.261841

-1.22099 0.261841
-1.22095 0.261889

-1.22095 0.261889
-1.2207 0.262146

-1.2207 0.262146
-1.22064 0.262205

-1.22064 0.262204
-1.2204 0.262451

-1.2204 0.262451
-1.22034 0.26252

-1.22034 0.262519
-1.22011 0.262756

-1.22011 0.262756
-1.22003 0.262835

-1.22003 0.262834
-1.21981 0.263062

-1.21981 0.263062
-1.21973 0.26315

-1.21973 0.263149
-1.21952 0.263367

-1.21952 0.263367
-1.21942 0.263465

-1.21942 0.263464
-1.21922 0.263672

-1.21922 0.263672
-1.21912 0.263779

-1.21912 0.263778
-1.21892 0.263977

-1.21892 0.263977
-1.21881 0.264094

-1.21881 0.264093
-1.21863 0.264282

-1.21863 0.264282
-1.21851 0.264408

-1.21851 0.264408
-1.21833 0.264587

-1.21833 0.264587
-1.2182 0.264723

-1.2182 0.264722
-1.21804 0.264893

-1.21804 0.264893
-1.2179 0.265037

-1.2179 0.265036
-1.21774 0.265198

-1.21774 0.265198
-1.21759 0.265351

-1.21759 0.26535
-1.21744 0.265503

-1.21744 0.265503
-1.21729 0.265665

-1.21729 0.265664
-1.21715 0.265808

-1.21715 0.265808
-1.21698 0.265978

-1.21698 0.265978
-1.21685 0.266113

-1.21685 0.266113
-1.21667 0.266292

-1.21667 0.266291
-1.21655 0.266418

-1.21655 0.266418
-1.21637 0.266606

-1.21637 0.266605
-1.21625 0.266724

-1.21625 0.266724
-1.21606 0.266919

-1.21606 0.266918
-1.21596 0.267029

-1.21596 0.267029
-1.21576 0.267232

-1.21576 0.267232
-1.21566 0.267334

-1.21566 0.267334
-1.21545 0.267546

-1.21545 0.267545
-1.21536 0.267639

-1.21536 0.267639
-1.21515 0.267859

-1.21515 0.267858
-1.21506 0.267944

-1.21506 0.267944
-1.21484 0.268172

-1.21484 0.268171
-1.21477 0.26825

-1.21477 0.26825
-1.21454 0.268484

-1.21454 0.268484
-1.21447 0.268555

-1.21447 0.268555
-1.21423 0.268797

-1.21423 0.268796
-1.21417 0.26886

-1.21417 0.26886
-1.21393 0.26911

-1.21393 0.269109
-1.21387 0.269165

-1.21387 0.269165
-1.21362 0.269422

-1.21362 0.269421
-1.21358 0.26947

-1.21357 0.26947
-1.21332 0.269734

-1.21332 0.269734
-1.21328 0.269775

-1.21328 0.269775
-1.21301 0.270046

-1.21301 0.270046
-1.21298 0.270081

-1.21298 0.270081
-1.21271 0.270358

-1.21271 0.270358
-1.21268 0.270386

-1.21268 0.270386
-1.2124 0.27067

-1.2124 0.27067
-1.21238 0.270691

-1.21238 0.270691
-1.2121 0.270981

-1.2121 0.270981
-1.21208 0.270996

-1.21208 0.270996
-1.21179 0.271293

-1.21179 0.271293
-1.21178 0.271301

-1.21178 0.271301
-1.21149 0.271604

-1.21149 0.271604
-1.21148 0.271606

-1.21148 0.271606
-1.21119 0.271912

-1.21119 0.271912
-1.21118 0.271916

-1.21118 0.271916
-1.21089 0.272217

-1.21089 0.272217
-1.21088 0.272227

-1.21088 0.272227
-1.21059 0.272522

-1.21059 0.272522
-1.21057 0.272538

-1.21057 0.272538
-1.21029 0.272827

-1.21029 0.272827
-1.21027 0.272849

-1.21027 0.272849
-1.20999 0.273132

-1.20999 0.273132
-1.20996 0.27316

-1.20996 0.27316
-1.20969 0.273438

-1.20969 0.273438
-1.20966 0.273471

-1.20966 0.273471
-1.20939 0.273743

-1.20939 0.273743
-1.20935 0.273782

-1.20935 0.273781
-1.20909 0.274048

-1.20909 0.274048
-1.20905 0.274092

-1.20905 0.274091
-1.20879 0.274353

-1.20879 0.274353
-1.20874 0.274403

-1.20874 0.274402
-1.20849 0.274658

-1.20849 0.274658
-1.20844 0.274713

-1.20844 0.274712
-1.20819 0.274963

-1.20819 0.274963
-1.20813 0.275023

-1.20813 0.275022
-1.20789 0.275269

-1.20789 0.275269
-1.20782 0.275333

-1.20782 0.275332
-1.20759 0.275574

-1.20759 0.275574
-1.20752 0.275643

-1.20752 0.275642
-1.20729 0.275879

-1.20729 0.275879
-1.20721 0.275953

-1.20721 0.275952
-1.20699 0.276184

-1.20699 0.276184
-1.20691 0.276262

-1.20691 0.276262
-1.20669 0.276489

-1.20669 0.276489
-1.2066 0.276572

-1.2066 0.276571
-1.20638 0.276794

-1.20638 0.276794
-1.2063 0.276881

-1.2063 0.276881
-1.20608 0.2771

-1.20608 0.2771
-1.20599 0.27719

-1.20599 0.27719
-1.20578 0.277405

-1.20578 0.277405
-1.20569 0.2775

-1.20569 0.277499
-1.20548 0.27771

-1.20548 0.27771
-1.20538 0.277809

-1.20538 0.277808
-1.20518 0.278015

-1.20518 0.278015
-1.20508 0.278117

-1.20508 0.278117
-1.20488 0.27832

-1.20488 0.27832
-1.20477 0.278426

-1.20477 0.278426
-1.20458 0.278625

-1.20458 0.278625
-1.20447 0.278735

-1.20447 0.278734
-1.20427 0.278931

-1.20427 0.278931
-1.20416 0.279043

-1.20416 0.279043
-1.20397 0.279236

-1.20397 0.279236
-1.20386 0.279352

-1.20386 0.279351
-1.20367 0.279541

-1.20367 0.279541
-1.20355 0.27966

-1.20355 0.27966
-1.20337 0.279846

-1.20337 0.279846
-1.20325 0.279968

-1.20325 0.279968
-1.20307 0.280151

-1.20307 0.280151
-1.20294 0.280276

-1.20294 0.280276
-1.20276 0.280457

-1.20276 0.280457
-1.20264 0.280584

-1.20264 0.280584
-1.20246 0.280762

-1.20246 0.280762
-1.20233 0.280892

-1.20233 0.280891
-1.20216 0.281067

-1.20216 0.281067
-1.20203 0.281199

-1.20203 0.281199
-1.20185 0.281372

-1.20185 0.281372
-1.20172 0.281507

-1.20172 0.281507
-1.20155 0.281677

-1.20155 0.281677
-1.20142 0.281814

-1.20142 0.281814
-1.20125 0.281982

-1.20125 0.281982
-1.20111 0.282121

-1.20111 0.282121
-1.20095 0.282288

-1.20095 0.282288
-1.20081 0.282429

-1.20081 0.282428
-1.20064 0.282593

-1.20064 0.282593
-1.2005 0.282736

-1.2005 0.282735
-1.20034 0.282898

-1.20034 0.282898
-1.2002 0.283042

-1.2002 0.283042
-1.20004 0.283203

-1.20004 0.283203
-1.19989 0.283349

-1.19989 0.283349
-1.19973 0.283508

-1.19973 0.283508
-1.19958 0.283656

-1.19958 0.283656
-1.19943 0.283813

-1.19943 0.283813
-1.19928 0.283962

-1.19928 0.283962
-1.19912 0.284119

-1.19912 0.284119
-1.19897 0.284269

-1.19897 0.284269
-1.19882 0.284424

-1.19882 0.284424
-1.19867 0.284575

-1.19867 0.284575
-1.19852 0.284729

-1.19852 0.284729
-1.19836 0.284881

-1.19836 0.284881
-1.19821 0.285034

-1.19821 0.285034
-1.19806 0.285187

-1.19806 0.285187
-1.19791 0.285339

-1.19791 0.285339
-1.19775 0.285493

-1.19775 0.285493
-1.1976 0.285645

-1.1976 0.285645
-1.19745 0.285799

-1.19745 0.285799
-1.1973 0.28595

-1.1973 0.28595
-1.19714 0.286104

-1.19714 0.286104
-1.19699 0.286255

-1.19699 0.286255
-1.19684 0.28641

-1.19684 0.28641
-1.19669 0.28656

-1.19669 0.28656
-1.19653 0.286715

-1.19653 0.286715
-1.19638 0.286865

-1.19638 0.286865
-1.19623 0.287021

-1.19623 0.28702
-1.19608 0.28717

-1.19608 0.28717
-1.19592 0.287326

-1.19592 0.287326
-1.19577 0.287476

-1.19577 0.287476
-1.19562 0.287631

-1.19562 0.287631
-1.19547 0.287781

-1.19547 0.287781
-1.19531 0.287936

-1.19531 0.287936
-1.19516 0.288086

-1.19516 0.288086
-1.19501 0.28824

-1.19501 0.28824
-1.19486 0.288391

-1.19486 0.288391
-1.1947 0.288545

-1.1947 0.288545
-1.19455 0.288696

-1.19455 0.288696
-1.1944 0.288849

-1.1944 0.288849
-1.19424 0.289001

-1.19424 0.289001
-1.19409 0.289154

-1.19409 0.289154
-1.19394 0.289307

-1.19394 0.289307
-1.19379 0.289458

-1.19379 0.289458
-1.19363 0.289612

-1.19363 0.289612
-1.19348 0.289762

-1.19348 0.289762
-1.19333 0.289917

-1.19333 0.289917
-1.19318 0.290066

-1.19318 0.290066
-1.19302 0.290222

-1.19302 0.290222
-1.19287 0.29037

-1.19287 0.29037
-1.19271 0.290527

-1.19271 0.290527
-1.19257 0.290674

-1.19257 0.290674
-1.19241 0.290833

-1.19241 0.290833
-1.19226 0.290978

-1.19226 0.290978
-1.1921 0.291138

-1.1921 0.291138
-1.19196 0.291281

-1.19196 0.291281
-1.19179 0.291443

-1.19179 0.291443
-1.19165 0.291584

-1.19165 0.291585
-1.19149 0.291748

-1.19149 0.291748
-1.19135 0.291888

-1.19135 0.291888
-1.19118 0.292053

-1.19118 0.292053
-1.19104 0.292191

-1.19104 0.292191
-1.19087 0.292358

-1.19087 0.292358
-1.19073 0.292494

-1.19073 0.292494
-1.19056 0.292664

-1.19056 0.292664
-1.19043 0.292797

-1.19043 0.292797
-1.19026 0.292969

-1.19026 0.292969
-1.19012 0.2931

-1.19012 0.2931
-1.18995 0.293274

-1.18995 0.293274
-1.18982 0.293402

-1.18982 0.293402
-1.18964 0.293579

-1.18964 0.293579
-1.18951 0.293705

-1.18951 0.293705
-1.18933 0.293884

-1.18933 0.293884
-1.18921 0.294007

-1.18921 0.294007
-1.18902 0.294189

-1.18903 0.294189
-1.1889 0.294309

-1.1889 0.29431
-1.18872 0.294495

-1.18872 0.294495
-1.1886 0.294612

-1.1886 0.294612
-1.18841 0.2948

-1.18841 0.2948
-1.18829 0.294914

-1.18829 0.294914
-1.1881 0.295105

-1.1881 0.295105
-1.18799 0.295216

-1.18799 0.295216
-1.18779 0.29541

-1.18779 0.29541
-1.18768 0.295517

-1.18768 0.295518
-1.18748 0.295715

-1.18748 0.295715
-1.18738 0.295819

-1.18738 0.295819
-1.18717 0.296021

-1.18717 0.296021
-1.18707 0.296121

-1.18707 0.296121
-1.18686 0.296326

-1.18687 0.296326
-1.18677 0.296422

-1.18677 0.296422
-1.18656 0.296631

-1.18656 0.296631
-1.18646 0.296723

-1.18646 0.296724
-1.18625 0.296936

-1.18625 0.296936
-1.18616 0.297024

-1.18616 0.297025
-1.18594 0.297241

-1.18594 0.297241
-1.18585 0.297326

-1.18585 0.297326
-1.18563 0.297546

-1.18563 0.297546
-1.18555 0.297626

-1.18555 0.297627
-1.18532 0.297852

-1.18532 0.297852
-1.18524 0.297927

-1.18524 0.297928
-1.18501 0.298157

-1.18501 0.298157
-1.18494 0.298228

-1.18494 0.298228
-1.1847 0.298462

-1.1847 0.298462
-1.18463 0.298529

-1.18463 0.298529
-1.18439 0.298767

-1.18439 0.298767
-1.18433 0.298829

-1.18433 0.298829
-1.18408 0.299072

-1.18408 0.299072
-1.18402 0.299129

-1.18402 0.29913
-1.18377 0.299377

-1.18377 0.299377
-1.18372 0.29943

-1.18372 0.29943
-1.18346 0.299683

-1.18346 0.299683
-1.18341 0.29973

-1.18341 0.29973
-1.18315 0.299988

-1.18315 0.299988
-1.18311 0.30003

-1.18311 0.30003
-1.18284 0.300293

-1.18284 0.300293
-1.1828 0.300329

-1.1828 0.30033
-1.18253 0.300598

-1.18253 0.300598
-1.1825 0.300629

-1.1825 0.300629
-1.18222 0.300903

-1.18222 0.300903
-1.18219 0.300929

-1.18219 0.300929
-1.1819 0.301208

-1.1819 0.301208
-1.18188 0.301228

-1.18188 0.301228
-1.18159 0.301514

-1.18159 0.301514
-1.18158 0.301528

-1.18158 0.301528
-1.18128 0.301819

-1.18128 0.301819
-1.18127 0.301827

-1.18127 0.301827
-1.18097 0.302124

-1.18097 0.302124
-1.18097 0.302126

-1.18097 0.302126
-1.18066 0.302425

-1.18066 0.302425
-1.18066 0.302429

-1.18066 0.302429
-1.18036 0.302724

-1.18036 0.302724
-1.18035 0.302734

-1.18035 0.302734
-1.18005 0.303023

-1.18005 0.303023
-1.18004 0.30304

-1.18004 0.30304
-1.17975 0.303321

-1.17975 0.303321
-1.17972 0.303345

-1.17972 0.303345
-1.17944 0.30362

-1.17944 0.30362
-1.17941 0.30365

-1.17941 0.30365
-1.17914 0.303918

-1.17914 0.303918
-1.1791 0.303955

-1.1791 0.303955
-1.17883 0.304216

-1.17883 0.304216
-1.17879 0.30426

-1.17879 0.30426
-1.17853 0.304514

-1.17853 0.304515
-1.17848 0.304565

-1.17848 0.304565
-1.17822 0.304812

-1.17822 0.304813
-1.17816 0.304871

-1.17816 0.304871
-1.17792 0.30511

-1.17792 0.30511
-1.17785 0.305176

-1.17785 0.305176
-1.17761 0.305408

-1.17761 0.305408
-1.17754 0.305481

-1.17754 0.305481
-1.17731 0.305705

-1.17731 0.305706
-1.17722 0.305786

-1.17723 0.305786
-1.177 0.306003

-1.177 0.306004
-1.17691 0.306091

-1.17691 0.306091
-1.1767 0.3063

-1.1767 0.306301
-1.1766 0.306396

-1.1766 0.306396
-1.17639 0.306598

-1.17639 0.306598
-1.17629 0.306702

-1.17629 0.306702
-1.17609 0.306895

-1.17609 0.306895
-1.17597 0.307007

-1.17597 0.307007
-1.17578 0.307192

-1.17578 0.307192
-1.17566 0.307312

-1.17566 0.307312
-1.17548 0.307489

-1.17548 0.307489
-1.17534 0.307617

-1.17534 0.307617
-1.17517 0.307786

-1.17517 0.307786
-1.17503 0.307922

-1.17503 0.307922
-1.17487 0.308082

-1.17487 0.308083
-1.17472 0.308228

-1.17472 0.308228
-1.17456 0.308379

-1.17456 0.30838
-1.1744 0.308533

-1.1744 0.308533
-1.17426 0.308675

-1.17426 0.308676
-1.17409 0.308838

-1.17409 0.308838
-1.17395 0.308972

-1.17395 0.308972
-1.17377 0.309143

-1.17377 0.309143
-1.17365 0.309268

-1.17365 0.309269
-1.17346 0.309448

-1.17346 0.309448
-1.17334 0.309564

-1.17334 0.309565
-1.17314 0.309753

-1.17314 0.309753
-1.17303 0.30986

-1.17303 0.309861
-1.17283 0.310059

-1.17283 0.310059
-1.17273 0.310156

-1.17273 0.310157
-1.17251 0.310364

-1.17252 0.310364
-1.17242 0.310452

-1.17242 0.310453
-1.1722 0.310669

-1.1722 0.310669
-1.17212 0.310747

-1.17212 0.310748
-1.17188 0.310974

-1.17189 0.310974
-1.17181 0.311043

-1.17181 0.311044
-1.17157 0.311279

-1.17157 0.311279
-1.17151 0.311338

-1.17151 0.311339
-1.17125 0.311584

-1.17125 0.311584
-1.1712 0.311634

-1.1712 0.311634
-1.17094 0.31189

-1.17094 0.31189
-1.1709 0.311929

-1.1709 0.311929
-1.17062 0.312195

-1.17062 0.312195
-1.17059 0.312224

-1.17059 0.312224
-1.17031 0.3125

-1.15625 0.00290405
-1.15594 0.00289766

-1.15594 0.00289766
-1.15564 0.00289138

-1.15564 0.0028914
-1.15533 0.00288517

-1.15533 0.00288516
-1.15503 0.00287896

-1.15503 0.00287896
-1.15472 0.0028728

-1.15472 0.0028728
-1.15442 0.00286667

-1.15442 0.00286667
-1.15411 0.00286057

-1.15411 0.00286057
-1.15381 0.0028545

-1.15381 0.0028545
-1.1535 0.00284848

-1.1535 0.00284848
-1.1532 0.00284249

-1.1532 0.00284249
-1.15289 0.00283653

-1.15289 0.00283653
-1.15259 0.00283061

-1.15259 0.00283061
-1.15228 0.00282472

-1.15228 0.00282472
-1.15198 0.00281887

-1.15198 0.00281887
-1.15167 0.00281305

-1.15167 0.00281305
-1.15137 0.00280725

-1.15137 0.00280726
-1.15106 0.00280149

-1.15106 0.00280149
-1.15076 0.00279575

-1.15076 0.00279575
-1.15045 0.00279003

-1.15045 0.00279003
-1.15015 0.00278432

-1.15015 0.00278433
-1.14984 0.00277861

-1.14984 0.00277862
-1.14954 0.00277289

-1.14954 0.0027729
-1.14923 0.00276715

-1.14923 0.00276716
-1.14893 0.00276137

-1.14893 0.00276139
-1.14862 0.00275551

-1.14862 0.00275554
-1.14832 0.00274945

-1.14801 0.00274306
-1.14818 0.00274658

-1.14832 0.00274949
-1.14817 0.00274658

-1.14801 0.00274304
-1.14771 0.00273666

-1.14771 0.00273667
-1.1474 0.00273035

-1.1474 0.00273035
-1.14709 0.00272408

-1.14709 0.00272408
-1.14679 0.00271785

-1.14679 0.00271785
-1.14648 0.00271166

-1.14648 0.00271166
-1.14618 0.0027055

-1.14618 0.0027055
-1.14587 0.00269937

-1.14587 0.00269937
-1.14557 0.00269327

-1.14557 0.00269328
-1.14526 0.00268721

-1.14526 0.00268721
-1.14496 0.00268118

-1.14496 0.00268118
-1.14465 0.00267517

-1.14465 0.00267517
-1.14435 0.0026692

-1.14435 0.0026692
-1.14404 0.00266325

-1.14404 0.00266325
-1.14374 0.00265733

-1.14374 0.00265733
-1.14343 0.00265143

-1.14343 0.00265143
-1.14313 0.00264556

-1.14313 0.00264556
-1.14282 0.00263972

-1.14282 0.00263972
-1.14252 0.00263391

-1.14252 0.00263391
-1.14221 0.00262812

-1.14221 0.00262812
-1.14191 0.00262235

-1.14191 0.00262235
-1.1416 0.00261662

-1.1416 0.00261662
-1.1413 0.00261091

-1.1413 0.00261091
-1.14099 0.00260521

-1.14099 0.00260521
-1.14069 0.00259952

-1.14069 0.0025995
-1.14038 0.00259385

-1.14038 0.00259385
-1.14008 0.0025883

-1.14008 0.00258831
-1.13977 0.00258281

-1.13977 0.00258281
-1.13947 0.00257733

-1.13947 0.00257733
-1.13916 0.00257187

-1.13916 0.00257187
-1.13885 0.00256642

-1.13885 0.00256642
-1.13855 0.00256099

-1.13855 0.00256099
-1.13824 0.00255559

-1.13824 0.00255559
-1.13794 0.00255021

-1.13794 0.00255021
-1.13763 0.00254485

-1.13763 0.00254485
-1.13733 0.0025395

-1.13733 0.0025395
-1.13702 0.00253418

-1.13702 0.00253418
-1.13672 0.00252888

-1.13672 0.00252888
-1.13641 0.0025236

-1.13641 0.0025236
-1.13611 0.00251835

-1.13611 0.00251835
-1.1358 0.00251311

-1.1358 0.00251311
-1.1355 0.0025079

-1.1355 0.0025079
-1.13519 0.00250271

-1.13519 0.00250271
-1.13489 0.00249755

-1.13489 0.00249755
-1.13458 0.00249241

-1.13458 0.00249241
-1.13428 0.0024873

-1.13428 0.0024873
-1.13397 0.00248222

-1.13397 0.00248222
-1.13367 0.00247717

-1.13367 0.00247717
-1.13336 0.00247214

-1.13336 0.00247214
-1.13306 0.00246714

-1.13306 0.00246714
-1.13275 0.00246217

-1.13275 0.00246217
-1.13245 0.00245723

-1.13245 0.00245724
-1.13214 0.00245231

-1.13214 0.00245233
-1.13184 0.00244734

-1.13123 0.00243685
-1.13149 0.00244141

-1.13123 0.00243685
-1.13092 0.0024316

-1.13092 0.00243161
-1.13062 0.00242644

-1.13062 0.00242644
-1.13031 0.00242131

-1.13031 0.00242131
-1.13 0.00241623

-1.13 0.00241623
-1.1297 0.00241118

-1.1297 0.00241118
-1.12939 0.00240616

-1.13184 0.00244737
-1.13153 0.00244221

-1.13153 0.00244224
-1.13148 0.00244141

-1.12939 0.00240616
-1.12909 0.00240117

-1.12909 0.00240117
-1.12878 0.00239621

-1.12878 0.00239621
-1.12848 0.00239128

-1.12848 0.00239128
-1.12817 0.00238638

-1.12817 0.00238638
-1.12787 0.0023815

-1.12787 0.0023815
-1.12756 0.00237665

-1.12756 0.00237665
-1.12726 0.00237183

-1.12726 0.00237183
-1.12695 0.00236704

-1.12695 0.00236704
-1.12665 0.00236228

-1.12665 0.00236228
-1.12634 0.00235754

-1.12634 0.00235754
-1.12604 0.00235282

-1.12604 0.00235282
-1.12573 0.00234814

-1.12573 0.00234814
-1.12543 0.00234348

-1.12543 0.00234348
-1.12512 0.00233884

-1.12512 0.00233884
-1.12482 0.00233423

-1.12482 0.00233423
-1.12451 0.00232964

-1.12451 0.00232964
-1.12421 0.00232507

-1.12421 0.00232507
-1.1239 0.00232053

-1.1239 0.00232053
-1.1236 0.00231601

-1.1236 0.00231601
-1.12329 0.00231151

-1.12329 0.00231151
-1.12299 0.00230703

-1.12299 0.00230703
-1.12268 0.00230256

-1.12268 0.00230257
-1.12238 0.00229811

-1.12238 0.00229811
-1.12207 0.00229364

-1.12207 0.00229362
-1.12177 0.00228916

-1.12177 0.00228916
-1.12146 0.00228477

-1.12146 0.00228478
-1.12115 0.00228044

-1.12115 0.00228044
-1.12085 0.00227613

-1.12085 0.00227613
-1.12054 0.00227184

-1.12054 0.00227184
-1.12024 0.00226756

-1.12024 0.00226756
-1.11993 0.00226331

-1.11993 0.00226331
-1.11963 0.00225907

-1.11963 0.00225907
-1.11932 0.00225486

-1.11932 0.00225486
-1.11902 0.00225067

-1.11902 0.00225067
-1.11871 0.00224649

-1.11871 0.00224649
-1.11841 0.00224234

-1.11841 0.00224234
-1.1181 0.0022382

-1.1181 0.0022382
-1.1178 0.00223408

-1.1178 0.00223408
-1.11749 0.00222999

-1.11749 0.00222999
-1.11719 0.00222591

-1.11719 0.00222591
-1.11688 0.00222186

-1.11688 0.00222186
-1.11658 0.00221782

-1.11658 0.00221782
-1.11627 0.00221381

-1.11627 0.00221381
-1.11597 0.00220982

-1.11597 0.00220982
-1.11566 0.00220585

-1.11566 0.00220585
-1.11536 0.00220191

-1.11536 0.00220191
-1.11505 0.00219799

-1.11505 0.00219799
-1.11475 0.00219409

-1.11475 0.00219409
-1.11444 0.00219022

-1.11444 0.00219022
-1.11414 0.00218638

-1.11414 0.00218638
-1.11383 0.00218256

-1.11383 0.00218256
-1.11353 0.00217877

-1.11353 0.00217877
-1.11322 0.002175

-1.11322 0.002175
-1.11292 0.00217124

-1.11292 0.00217125
-1.11261 0.00216751

-1.11261 0.00216751
-1.1123 0.00216378

-1.1123 0.00216378
-1.112 0.00216005

-1.112 0.00216006
-1.11169 0.00215631

-1.11169 0.00215632
-1.11139 0.00215255

-1.11139 0.00215255
-1.11108 0.00214874

-1.11108 0.00214875
-1.11078 0.00214486

-1.11078 0.00214488
-1.11047 0.00214087

-1.11047 0.00214089
-1.11017 0.00213668

-1.10986 0.00213227
-1.11014 0.00213623

-1.11017 0.00213669
-1.11014 0.00213623

-1.10986 0.00213227
-1.10956 0.00212795

-1.10956 0.00212795
-1.10925 0.00212367

-1.10925 0.00212368
-1.10895 0.00211943

-1.10895 0.00211943
-1.10864 0.00211521

-1.10864 0.00211521
-1.10834 0.00211101

-1.10834 0.00211101
-1.10803 0.00210684

-1.10803 0.00210684
-1.10773 0.0021027

-1.10773 0.0021027
-1.10742 0.00209858

-1.10742 0.00209858
-1.10712 0.00209448

-1.10712 0.00209448
-1.10681 0.00209041

-1.10681 0.00209041
-1.10651 0.00208635

-1.10651 0.00208635
-1.1062 0.00208232

-1.1062 0.00208232
-1.1059 0.00207831

-1.1059 0.00207831
-1.10559 0.00207432

-1.10559 0.00207432
-1.10529 0.00207034

-1.10529 0.00207034
-1.10498 0.00206639

-1.10498 0.00206639
-1.10468 0.00206245

-1.10468 0.00206245
-1.10437 0.00205853

-1.10437 0.00205853
-1.10406 0.00205462

-1.10406 0.00205462
-1.10376 0.00205073

-1.10376 0.00205073
-1.10345 0.00204686

-1.10345 0.00204686
-1.10315 0.002043

-1.10315 0.002043
-1.10284 0.00203916

-1.10284 0.00203916
-1.10254 0.00203532

-1.10254 0.00203532
-1.10223 0.00203151

-1.10223 0.00203151
-1.10193 0.0020277

-1.10193 0.0020277
-1.10162 0.00202391

-1.10162 0.00202391
-1.10132 0.00202014

-1.10132 0.00202014
-1.10101 0.00201638

-1.10101 0.00201638
-1.10071 0.00201263

-1.10071 0.00201263
-1.1004 0.00200889

-1.1004 0.00200889
-1.1001 0.00200517

-1.1001 0.00200517
-1.09979 0.00200146

-1.09979 0.00200146
-1.09949 0.00199778

-1.09949 0.00199778
-1.09918 0.0019941

-1.09918 0.0019941
-1.09888 0.00199044

-1.09888 0.00199044
-1.09857 0.00198679

-1.09857 0.00198679
-1.09827 0.00198318

-1.09827 0.00198319
-1.09796 0.00197963

-1.09796 0.00197964
-1.09766 0.00197611

-1.09766 0.00197611
-1.09735 0.00197259

-1.09735 0.00197259
-1.09705 0.00196908

-1.09705 0.00196908
-1.09674 0.00196557

-1.09674 0.00196557
-1.09644 0.00196208

-1.09644 0.00196208
-1.09613 0.0019586

-1.09613 0.0019586
-1.09583 0.00195513

-1.09583 0.00195513
-1.09552 0.00195166

-1.09552 0.00195166
-1.09521 0.0019482

-1.09521 0.0019482
-1.09491 0.00194474

-1.09491 0.00194474
-1.0946 0.00194129

-1.0946 0.00194129
-1.0943 0.00193783

-1.0943 0.00193783
-1.09399 0.00193438

-1.09399 0.00193438
-1.09369 0.00193092

-1.09369 0.00193092
-1.09338 0.00192745

-1.09338 0.00192745
-1.09308 0.00192398

-1.09308 0.00192399
-1.09277 0.00192051

-1.09277 0.00192051
-1.09247 0.00191702

-1.09247 0.00191702
-1.09216 0.00191353

-1.09216 0.00191353
-1.09186 0.00191002

-1.09186 0.00191002
-1.09155 0.0019065

-1.09155 0.0019065
-1.09125 0.00190297

-1.09125 0.00190297
-1.09094 0.00189943

-1.09094 0.00189943
-1.09064 0.00189588

-1.09064 0.00189588
-1.09033 0.00189232

-1.09033 0.00189232
-1.09003 0.00188875

-1.09003 0.00188875
-1.08972 0.00188517

-1.08972 0.00188517
-1.08942 0.00188159

-1.08942 0.00188159
-1.08911 0.00187801

-1.08911 0.00187801
-1.08881 0.00187444

-1.08881 0.00187444
-1.0885 0.00187087

-1.0885 0.00187087
-1.0882 0.00186732

-1.0882 0.00186732
-1.08789 0.0018638

-1.08789 0.00186379
-1.08759 0.00186029

-1.08759 0.00186029
-1.08728 0.00185682

-1.08728 0.00185682
-1.08698 0.00185338

-1.08698 0.00185338
-1.08667 0.00184999

-1.08667 0.00184999
-1.08636 0.00184664

-1.08636 0.00184664
-1.08606 0.00184335

-1.08606 0.00184335
-1.08575 0.00184009

-1.08575 0.0018401
-1.08545 0.00183686

-1.08484 0.00183029
-1.08491 0.00183105

-1.08545 0.00183687
-1.08514 0.00183361

-1.08514 0.00183362
-1.08491 0.00183105

-1.08484 0.00183029
-1.08453 0.00182702

-1.08453 0.00182702
-1.08423 0.00182381

-1.08423 0.00182381
-1.08392 0.00182066

-1.08392 0.00182066
-1.08362 0.00181755

-1.08362 0.00181755
-1.08331 0.00181448

-1.08331 0.00181449
-1.08301 0.00181145

-1.08301 0.00181145
-1.0827 0.00180846

-1.0827 0.00180846
-1.0824 0.00180549

-1.0824 0.00180549
-1.08209 0.00180256

-1.08209 0.00180256
-1.08179 0.00179965

-1.08179 0.00179965
-1.08148 0.00179678

-1.08148 0.00179678
-1.08118 0.00179393

-1.08118 0.00179393
-1.08087 0.00179111

-1.08087 0.00179111
-1.08057 0.00178832

-1.08057 0.00178832
-1.08026 0.00178556

-1.08026 0.00178556
-1.07996 0.00178282

-1.07996 0.00178282
-1.07965 0.00178011

-1.07965 0.00178011
-1.07935 0.00177743

-1.07935 0.00177743
-1.07904 0.00177477

-1.07904 0.00177477
-1.07874 0.00177213

-1.07874 0.00177213
-1.07843 0.00176953

-1.07843 0.00176953
-1.07812 0.00176695

-1.07812 0.00176695
-1.07782 0.00176439

-1.07782 0.00176439
-1.07751 0.00176186

-1.07751 0.00176186
-1.07721 0.00175936

-1.07721 0.00175936
-1.0769 0.00175689

-1.0769 0.00175689
-1.0766 0.00175444

-1.0766 0.00175444
-1.07629 0.00175201

-1.07629 0.00175201
-1.07599 0.00174961

-1.07599 0.00174961
-1.07568 0.00174724

-1.07568 0.00174724
-1.07538 0.0017449

-1.07538 0.0017449
-1.07507 0.00174258

-1.07507 0.00174258
-1.07477 0.00174029

-1.07477 0.00174029
-1.07446 0.00173803

-1.07446 0.00173803
-1.07416 0.00173579

-1.07416 0.00173579
-1.07385 0.00173357

-1.07385 0.00173357
-1.07355 0.00173138

-1.07355 0.00173138
-1.07324 0.00172922

-1.07324 0.00172922
-1.07294 0.00172708

-1.07294 0.00172708
-1.07263 0.00172496

-1.07263 0.00172496
-1.07233 0.00172286

-1.07233 0.00172286
-1.07202 0.00172079

-1.07202 0.00172079
-1.07172 0.00171873

-1.07172 0.00171873
-1.07141 0.00171669

-1.07141 0.00171669
-1.07111 0.00171467

-1.07111 0.00171467
-1.0708 0.00171267

-1.0708 0.00171267
-1.0705 0.00171067

-1.0705 0.00171068
-1.07019 0.00170869

-1.07019 0.0017087
-1.06989 0.00170673

-1.06989 0.00170673
-1.06958 0.00170476

-1.06958 0.00170477
-1.06927 0.00170281

-1.06927 0.00170281
-1.06897 0.00170086

-1.06897 0.00170086
-1.06866 0.00169892

-1.06866 0.00169892
-1.06836 0.00169698

-1.06836 0.00169698
-1.06805 0.00169504

-1.06805 0.00169504
-1.06775 0.0016931

-1.06775 0.0016931
-1.06744 0.00169116

-1.06744 0.00169116
-1.06714 0.00168921

-1.06714 0.00168921
-1.06683 0.00168727

-1.06683 0.00168727
-1.06653 0.00168531

-1.06653 0.00168531
-1.06622 0.00168336

-1.06622 0.00168336
-1.06592 0.00168141

-1.06592 0.00168141
-1.06561 0.00167943

-1.06561 0.00167942
-1.06531 0.00167741

-1.06531 0.00167739
-1.065 0.00167538

-1.065 0.00167538
-1.0647 0.00167339

-1.0647 0.00167339
-1.06439 0.0016714

-1.06439 0.0016714
-1.06409 0.00166941

-1.06409 0.00166942
-1.06378 0.00166743

-1.06378 0.00166743
-1.06348 0.00166543

-1.06348 0.00166543
-1.06317 0.00166342

-1.06317 0.00166342
-1.06287 0.0016614

-1.06287 0.0016614
-1.06256 0.00165937

-1.06256 0.00165937
-1.06226 0.00165732

-1.06226 0.00165732
-1.06195 0.00165525

-1.06195 0.00165525
-1.06165 0.00165317

-1.06165 0.00165317
-1.06134 0.00165107

-1.06134 0.00165107
-1.06104 0.00164896

-1.06104 0.00164895
-1.06073 0.00164683

-1.06073 0.00164683
-1.06042 0.0016447

-1.06042 0.0016447
-1.06012 0.00164257

-1.06012 0.00164257
-1.05981 0.00164044

-1.05981 0.00164044
-1.05951 0.00163833

-1.05951 0.00163832
-1.0592 0.00163624

-1.0592 0.00163624
-1.0589 0.00163419

-1.0589 0.00163418
-1.05859 0.00163218

-1.05859 0.00163218
-1.05829 0.00163025

-1.05829 0.00163024
-1.05798 0.00162839

-1.05798 0.00162839
-1.05768 0.00162665

-1.05768 0.00162664
-1.05737 0.00162503

-1.05737 0.00162502
-1.05707 0.00162356

-1.05707 0.00162355
-1.05676 0.00162228

-1.05676 0.00162227
-1.05646 0.00162121

-1.05646 0.0016212
-1.05615 0.00162038

-1.05615 0.00162037
-1.05585 0.00161984

-1.05585 0.00161983
-1.05554 0.00161962

-1.05554 0.00161961
-1.05524 0.00161978

-1.05524 0.00161977
-1.05493 0.00162037

-1.05493 0.00162035
-1.05463 0.00162146

-1.05463 0.00162143
-1.05432 0.00162313

-1.05432 0.00162309
-1.05402 0.00162549

-1.05402 0.00162545
-1.05371 0.00162871

-1.05371 0.00162864
-1.05341 0.00163299

-1.05341 0.00163289
-1.0531 0.00163865

-1.0531 0.00163854
-1.0528 0.00164614

-1.0528 0.00164603
-1.05249 0.00165592

-1.05249 0.00165568
-1.05219 0.00166857

-1.05219 0.00166798
-1.05188 0.00168552

-1.05188 0.00168501
-1.05157 0.00170939

-1.05157 0.00170901
-1.05127 0.00174202

-1.05127 0.00174145
-1.05096 0.00178496

-1.05096 0.00178465
-1.05071 0.00183105

-1.05071 0.00183105
-1.05066 0.00184039

-1.05066 0.00183898
-1.05035 0.00191068

-1.05035 0.00190966
-1.05005 0.0020022

-1.05005 0.0020017
-1.04974 0.0021181

-1.04974 0.00212004
-1.04971 0.00213623

-1.04971 0.00213623
-1.04944 0.00225817

-1.04944 0.00225777
-1.04913 0.00241857

-1.04913 0.00242002
-1.0491 0.00244141

-1.0491 0.00244141
-1.04883 0.00259944

-1.04883 0.00259994
-1.04859 0.00274658

-1.04859 0.00274658
-1.04852 0.00278916

-1.04852 0.0027896
-1.04822 0.00297785

-1.04822 0.00297812
-1.04809 0.00305176

-1.0481 0.00305176
-1.04791 0.00316226

-1.04791 0.00316293
-1.04761 0.00333447

-1.04761 0.00333361
-1.04756 0.00335693

-1.04757 0.00335693
-1.0473 0.00349216

-1.0473 0.00349281
-1.047 0.0036326

-1.047 0.00363203
-1.04692 0.00366211

-1.04692 0.00366211
-1.04669 0.00375384

-1.04669 0.00375408
-1.04639 0.00385723

-1.04639 0.00385753
-1.04608 0.00394111

-1.04608 0.00394132
-1.04596 0.00396729

-1.04595 0.00396729
-1.04578 0.00400445

-1.04578 0.00400454
-1.04547 0.00404952

-1.04547 0.0040498
-1.04517 0.00407577

-1.04517 0.00407585
-1.04486 0.00408208

-1.04486 0.00408223
-1.04456 0.00406822

-1.04456 0.0040684
-1.04425 0.00403348

-1.04425 0.00403379
-1.04395 0.00397699

-1.0415 0.00242561
-1.04152 0.00244141

-1.04303 0.00366094
-1.04303 0.00366211

-1.04272 0.00350432
-1.04302 0.00366211

-1.04364 0.00389791
-1.04391 0.00396729

-1.04395 0.00397523
-1.04391 0.00396729

-1.04364 0.00389862
-1.04333 0.00379486

-1.04333 0.00379531
-1.04303 0.00366436

-1.04303 0.00366402
-1.04303 0.00366211

-1.04242 0.00330851
-1.04249 0.00335693

-1.04272 0.00350589
-1.04249 0.00335693

-1.04242 0.0033122
-1.04211 0.0030742

-1.04181 0.00278632
-1.04209 0.00305176

-1.04151 0.00244141
-1.04177 0.00274658

-1.04181 0.00278473
-1.04177 0.00274658

-1.04211 0.00307139
-1.04209 0.00305176

-1.04069 0.0
-1.0407 0.000305176

-1.0407 0.000305176
-1.04074 0.000610352

-1.04074 0.000610352
-1.0408 0.000915527

-1.0408 0.000915527
-1.04088 0.0012207

-1.04089 0.00125834
-1.04099 0.00152588

-1.04099 0.00152588
-1.04113 0.00183105

-1.0412 0.00195166
-1.0413 0.00213623

-1.0415 0.00242526
-1.0413 0.00213623

-1.0412 0.00195167
-1.04113 0.00183105

-1.04089 0.001258
-1.04088 0.0012207

-1.17031 0.3125
-1.17029 0.312519

-1.17029 0.312519
-1.16999 0.312805

-1.16999 0.312805
-1.16998 0.312813

-1.16998 0.312814
-1.16968 0.313108

-1.16968 0.313108
-1.16968 0.31311

-1.16968 0.31311
-1.16937 0.313403

-1.16937 0.313403
-1.16936 0.313416

-1.16936 0.313416
-1.16907 0.313697

-1.16907 0.313697
-1.16904 0.313721

-1.16904 0.313721
-1.16876 0.313991

-1.16876 0.313992
-1.16873 0.314026

-1.16873 0.314026
-1.16846 0.314285

-1.16846 0.314286
-1.16841 0.314331

-1.16841 0.314331
-1.16815 0.314579

-1.16815 0.31458
-1.16809 0.314636

-1.16809 0.314636
-1.16785 0.314873

-1.16785 0.314874
-1.16778 0.314941

-1.16778 0.314941
-1.16754 0.315167

-1.16754 0.315168
-1.16746 0.315247

-1.16746 0.315247
-1.16724 0.31546

-1.16724 0.315462
-1.16714 0.315552

-1.16714 0.315552
-1.16693 0.315754

-1.16693 0.315755
-1.16683 0.315857

-1.16683 0.315857
-1.16663 0.316048

-1.16663 0.316049
-1.16651 0.316162

-1.16651 0.316162
-1.16632 0.316341

-1.16632 0.316342
-1.16619 0.316467

-1.16619 0.316467
-1.16602 0.316634

-1.16602 0.316635
-1.16587 0.316772

-1.16587 0.316772
-1.16571 0.316928

-1.16571 0.316928
-1.16555 0.317078

-1.16555 0.317078
-1.16541 0.317221

-1.16541 0.317222
-1.16524 0.317383

-1.16524 0.317383
-1.1651 0.317514

-1.1651 0.317515
-1.16492 0.317688

-1.16492 0.317688
-1.16479 0.317806

-1.16479 0.317807
-1.1646 0.317993

-1.1646 0.317993
-1.16449 0.318099

-1.16449 0.3181
-1.16428 0.318298

-1.16428 0.318298
-1.16418 0.318392

-1.16418 0.318393
-1.16396 0.318604

-1.16396 0.318604
-1.16388 0.318684

-1.16388 0.318685
-1.16364 0.318909

-1.16364 0.318909
-1.16357 0.318976

-1.16357 0.318977
-1.16333 0.319214

-1.16333 0.319214
-1.16327 0.319269

-1.16327 0.319269
-1.16301 0.319519

-1.16301 0.319519
-1.16296 0.319561

-1.16296 0.319561
-1.16269 0.319824

-1.16269 0.319824
-1.16266 0.319853

-1.16266 0.319853
-1.16237 0.320129

-1.16237 0.320129
-1.16235 0.320144

-1.16235 0.320145
-1.16205 0.320435

-1.16205 0.320435
-1.16205 0.320436

-1.16205 0.320436
-1.16174 0.320728

-1.16174 0.320728
-1.16173 0.32074

-1.16173 0.32074
-1.16144 0.321019

-1.16144 0.321019
-1.16141 0.321045

-1.16141 0.321045
-1.16113 0.321311

-1.16113 0.321311
-1.16109 0.32135

-1.16109 0.32135
-1.16083 0.321602

-1.16083 0.321602
-1.16077 0.321655

-1.16077 0.321655
-1.16052 0.321893

-1.16052 0.321893
-1.16045 0.32196

-1.16045 0.32196
-1.16022 0.322183

-1.16022 0.322184
-1.16013 0.322266

-1.16013 0.322266
-1.15991 0.322474

-1.15991 0.322475
-1.15981 0.322571

-1.15981 0.322571
-1.15961 0.322765

-1.15961 0.322766
-1.15949 0.322876

-1.15949 0.322876
-1.1593 0.323056

-1.1593 0.323057
-1.15917 0.323181

-1.15917 0.323181
-1.159 0.323346

-1.159 0.323348
-1.15885 0.323486

-1.15885 0.323486
-1.15869 0.323637

-1.15869 0.323638
-1.15853 0.323792

-1.15853 0.323792
-1.15839 0.323927

-1.15839 0.323928
-1.15821 0.324097

-1.15821 0.324097
-1.15808 0.324218

-1.15808 0.324219
-1.15789 0.324402

-1.15789 0.324402
-1.15778 0.324508

-1.15778 0.324509
-1.15757 0.324707

-1.15757 0.324707
-1.15747 0.324798

-1.15747 0.324799
-1.15724 0.325012

-1.15725 0.325012
-1.15717 0.325088

-1.15717 0.325089
-1.15692 0.325317

-1.15692 0.325317
-1.15686 0.325377

-1.15686 0.325378
-1.1566 0.325623

-1.1566 0.325623
-1.15656 0.325667

-1.15656 0.325667
-1.15628 0.325928

-1.15628 0.325928
-1.15625 0.325957

-1.15625 0.325957
-1.15596 0.326233

-1.15596 0.326233
-1.15594 0.326246

-1.15594 0.326246
-1.15564 0.326536

-1.15564 0.326536
-1.15564 0.326538

-1.15564 0.326538
-1.15533 0.326825

-1.15533 0.326825
-1.15531 0.326843

-1.15531 0.326843
-1.15503 0.327114

-1.15503 0.327114
-1.15499 0.327148

-1.15499 0.327148
-1.15472 0.327403

-1.15472 0.327403
-1.15467 0.327454

-1.15467 0.327454
-1.15442 0.327691

-1.15442 0.327692
-1.15435 0.327759

-1.15435 0.327759
-1.15411 0.327979

-1.15411 0.32798
-1.15403 0.328064

-1.15403 0.328064
-1.15381 0.328268

-1.15381 0.328269
-1.1537 0.328369

-1.1537 0.328369
-1.1535 0.328556

-1.1535 0.328558
-1.15338 0.328674

-1.15338 0.328674
-1.1532 0.328845

-1.1532 0.328846
-1.15306 0.328979

-1.15306 0.328979
-1.15289 0.329133

-1.15289 0.329134
-1.15273 0.329285

-1.15273 0.329285
-1.15259 0.329421

-1.15259 0.329423
-1.15241 0.32959

-1.15241 0.32959
-1.15228 0.32971

-1.15228 0.329711
-1.15209 0.329895

-1.15209 0.329895
-1.15198 0.329998

-1.15198 0.329999
-1.15176 0.3302

-1.15176 0.3302
-1.15167 0.330285

-1.15167 0.330287
-1.15144 0.330505

-1.15144 0.330505
-1.15137 0.330573

-1.15137 0.330574
-1.15112 0.330811

-1.15112 0.330811
-1.15106 0.330861

-1.15106 0.330861
-1.15079 0.331116

-1.15079 0.331116
-1.15076 0.331148

-1.15076 0.331148
-1.15047 0.331421

-1.15047 0.331421
-1.15045 0.331436

-1.15045 0.331436
-1.15015 0.331723

-1.15015 0.331723
-1.15014 0.331726

-1.15014 0.331726
-1.14984 0.33201

-1.14984 0.33201
-1.14982 0.332031

-1.14982 0.332031
-1.14954 0.332297

-1.14954 0.332297
-1.14949 0.332336

-1.14949 0.332336
-1.14923 0.332584

-1.14923 0.332584
-1.14917 0.332642

-1.14917 0.332642
-1.14893 0.33287

-1.14893 0.332871
-1.14885 0.332947

-1.14885 0.332947
-1.14862 0.333156

-1.14862 0.333158
-1.14852 0.333252

-1.14852 0.333252
-1.14832 0.333443

-1.14832 0.333445
-1.1482 0.333557

-1.1482 0.333557
-1.14801 0.33373

-1.14801 0.333731
-1.14787 0.333862

-1.14787 0.333862
-1.14771 0.334016

-1.14771 0.334018
-1.14754 0.334167

-1.14754 0.334167
-1.1474 0.334303

-1.1474 0.334304
-1.14722 0.334473

-1.14722 0.334473
-1.14709 0.334589

-1.14709 0.33459
-1.14689 0.334778

-1.14689 0.334778
-1.14679 0.334875

-1.14679 0.334876
-1.14657 0.335083

-1.14657 0.335083
-1.14648 0.335161

-1.14648 0.335162
-1.14624 0.335388

-1.14624 0.335388
-1.14618 0.335447

-1.14618 0.335447
-1.14592 0.335693

-1.14592 0.335693
-1.14587 0.335732

-1.14587 0.335733
-1.14559 0.335999

-1.14559 0.335999
-1.14557 0.336018

-1.14557 0.336018
-1.14526 0.336304

-1.14526 0.336304
-1.14496 0.336589

-1.14496 0.336589
-1.14494 0.336609

-1.14494 0.336609
-1.14465 0.336874

-1.14465 0.336874
-1.14461 0.336914

-1.14461 0.336914
-1.14435 0.337159

-1.14435 0.337159
-1.14428 0.337219

-1.14428 0.337219
-1.14404 0.337444

-1.14404 0.337444
-1.14396 0.337524

-1.14396 0.337524
-1.14374 0.337728

-1.14374 0.337729
-1.14363 0.33783

-1.14363 0.33783
-1.14343 0.338013

-1.14343 0.338014
-1.1433 0.338135

-1.1433 0.338135
-1.14313 0.338298

-1.14313 0.338299
-1.14298 0.33844

-1.14298 0.33844
-1.14282 0.338582

-1.14282 0.338584
-1.14265 0.338745

-1.14265 0.338745
-1.14252 0.338867

-1.14252 0.338869
-1.14232 0.33905

-1.14232 0.33905
-1.14221 0.339151

-1.14221 0.339153
-1.14199 0.339355

-1.14199 0.339355
-1.14191 0.339436

-1.14191 0.339437
-1.14167 0.339661

-1.14167 0.339661
-1.1416 0.33972

-1.1416 0.33972
-1.14134 0.339966

-1.14134 0.339966
-1.1413 0.340004

-1.1413 0.340004
-1.14101 0.340271

-1.14101 0.340271
-1.14099 0.340288

-1.14099 0.340288
-1.14069 0.340572

-1.14069 0.340572
-1.14068 0.340576

-1.14068 0.340576
-1.14038 0.340856

-1.14038 0.340856
-1.14035 0.340881

-1.14035 0.340881
-1.14008 0.341139

-1.14008 0.341139
-1.14002 0.341187

-1.14002 0.341187
-1.13977 0.341422

-1.13977 0.341423
-1.1397 0.341492

-1.1397 0.341492
-1.13947 0.341705

-1.13947 0.341706
-1.13937 0.341797

-1.13937 0.341797
-1.13916 0.341988

-1.13916 0.34199
-1.13904 0.342102

-1.13904 0.342102
-1.13885 0.342271

-1.13885 0.342273
-1.13871 0.342407

-1.13871 0.342407
-1.13855 0.342555

-1.13855 0.342556
-1.13838 0.342712

-1.13838 0.342712
-1.13824 0.342838

-1.13824 0.342839
-1.13805 0.343018

-1.13805 0.343018
-1.13794 0.34312

-1.13794 0.343122
-1.13772 0.343323

-1.13772 0.343323
-1.13763 0.343403

-1.13763 0.343404
-1.13739 0.343628

-1.13739 0.343628
-1.13733 0.343686

-1.13733 0.343686
-1.13706 0.343933

-1.13706 0.343933
-1.13702 0.343968

-1.13702 0.343969
-1.13673 0.344238

-1.13673 0.344238
-1.13672 0.344251

-1.13672 0.344251
-1.13641 0.344533

-1.13641 0.344533
-1.1364 0.344543

-1.1364 0.344543
-1.13611 0.344815

-1.13611 0.344815
-1.13607 0.344849

-1.13607 0.344849
-1.1358 0.345097

-1.1358 0.345098
-1.13574 0.345154

-1.13574 0.345154
-1.1355 0.345379

-1.1355 0.34538
-1.13541 0.345459

-1.13541 0.345459
-1.13519 0.34566

-1.13519 0.345662
-1.13508 0.345764

-1.13508 0.345764
-1.13489 0.345942

-1.13489 0.345944
-1.13475 0.346069

-1.13475 0.346069
-1.13458 0.346224

-1.13458 0.346225
-1.13442 0.346375

-1.13442 0.346375
-1.13428 0.346505

-1.13428 0.346507
-1.13409 0.34668

-1.13409 0.34668
-1.13397 0.346787

-1.13397 0.346789
-1.13376 0.346985

-1.13376 0.346985
-1.13367 0.347068

-1.13367 0.347069
-1.13343 0.34729

-1.13343 0.34729
-1.13336 0.34735

-1.13336 0.34735
-1.1331 0.347595

-1.1331 0.347595
-1.13306 0.347631

-1.13306 0.347631
-1.13276 0.3479

-1.13276 0.3479
-1.13275 0.347912

-1.13275 0.347912
-1.13245 0.348193

-1.13245 0.348193
-1.13243 0.348206

-1.13243 0.348206
-1.13214 0.348474

-1.13214 0.348474
-1.1321 0.348511

-1.1321 0.348511
-1.13184 0.348754

-1.13184 0.348754
-1.13177 0.348816

-1.13177 0.348816
-1.13153 0.349034

-1.13153 0.349035
-1.13144 0.349121

-1.13144 0.349121
-1.13123 0.349314

-1.13123 0.349316
-1.1311 0.349426

-1.13111 0.349426
-1.13092 0.349594

-1.13092 0.349596
-1.13077 0.349731

-1.13077 0.349731
-1.13062 0.349875

-1.13062 0.349877
-1.13044 0.350037

-1.13044 0.350037
-1.13031 0.350155

-1.13031 0.350157
-1.13011 0.350342

-1.13011 0.350342
-1.13 0.350435

-1.13 0.350437
-1.12977 0.350647

-1.12977 0.350647
-1.1297 0.350715

-1.1297 0.350716
-1.12944 0.350952

-1.12944 0.350952
-1.12939 0.350995

-1.12939 0.350996
-1.12911 0.351257

-1.12911 0.351257
-1.12909 0.351275

-1.12909 0.351275
-1.12878 0.351555

-1.12878 0.351555
-1.12878 0.351562

-1.12878 0.351562
-1.12848 0.351834

-1.12848 0.351834
-1.12844 0.351868

-1.12844 0.351868
-1.12817 0.352114

-1.12817 0.352114
-1.12811 0.352173

-1.12811 0.352173
-1.12787 0.352392

-1.12787 0.352393
-1.12778 0.352478

-1.12778 0.352478
-1.12756 0.352671

-1.12756 0.352673
-1.12744 0.352783

-1.12744 0.352783
-1.12726 0.35295

-1.12726 0.352952
-1.12711 0.353088

-1.12711 0.353088
-1.12695 0.353229

-1.12695 0.353231
-1.12677 0.353394

-1.12677 0.353394
-1.12665 0.353508

-1.12665 0.35351
-1.12644 0.353699

-1.12644 0.353699
-1.12634 0.353787

-1.12634 0.353788
-1.12611 0.354004

-1.12611 0.354004
-1.12604 0.354066

-1.12604 0.354066
-1.12577 0.354309

-1.12577 0.354309
-1.12573 0.354344

-1.12573 0.354345
-1.12544 0.354614

-1.12544 0.354614
-1.12543 0.354623

-1.12543 0.354623
-1.12512 0.354901

-1.12512 0.354901
-1.1251 0.354919

-1.1251 0.354919
-1.12482 0.35518

-1.12482 0.35518
-1.12477 0.355225

-1.12477 0.355225
-1.12451 0.355458

-1.12451 0.355458
-1.12443 0.35553

-1.12443 0.35553
-1.12421 0.355735

-1.12421 0.355736
-1.1241 0.355835

-1.1241 0.355835
-1.1239 0.356012

-1.1239 0.356014
-1.12376 0.35614

-1.12376 0.35614
-1.1236 0.356291

-1.1236 0.356293
-1.12343 0.356445

-1.12343 0.356445
-1.12329 0.356568

-1.12329 0.356571
-1.12309 0.35675

-1.12309 0.35675
-1.12299 0.356846

-1.12299 0.356847
-1.12276 0.357056

-1.12276 0.357056
-1.12268 0.357124

-1.12268 0.357124
-1.12242 0.357361

-1.12242 0.357361
-1.12238 0.357401

-1.12238 0.357402
-1.12208 0.357666

-1.12208 0.357666
-1.12207 0.357679

-1.12207 0.357679
-1.12177 0.357956

-1.12177 0.357956
-1.12175 0.357971

-1.12175 0.357971
-1.12146 0.358233

-1.12146 0.358233
-1.12141 0.358276

-1.12141 0.358276
-1.12115 0.35851

-1.12115 0.35851
-1.12108 0.358582

-1.12108 0.358582
-1.12085 0.358786

-1.12085 0.358788
-1.12074 0.358887

-1.12074 0.358887
-1.12054 0.359063

-1.12054 0.359065
-1.1204 0.359192

-1.1204 0.359192
-1.12024 0.35934

-1.12024 0.359342
-1.12007 0.359497

-1.12007 0.359497
-1.11993 0.359616

-1.11993 0.359618
-1.11973 0.359802

-1.11973 0.359802
-1.11963 0.359893

-1.11963 0.359894
-1.11939 0.360107

-1.11939 0.360107
-1.11932 0.360169

-1.11932 0.36017
-1.11906 0.360413

-1.11906 0.360413
-1.11902 0.360446

-1.11902 0.360446
-1.11872 0.360718

-1.11872 0.360718
-1.11871 0.360722

-1.11871 0.360722
-1.11841 0.360998

-1.11841 0.360998
-1.11838 0.361023

-1.11838 0.361023
-1.1181 0.361274

-1.1181 0.361274
-1.11804 0.361328

-1.11804 0.361328
-1.1178 0.36155

-1.1178 0.36155
-1.11771 0.361633

-1.11771 0.361633
-1.11749 0.361825

-1.11749 0.361827
-1.11737 0.361938

-1.11737 0.361938
-1.11719 0.3621

-1.11719 0.362102
-1.11703 0.362244

-1.11703 0.362244
-1.11688 0.362376

-1.11688 0.362378
-1.11669 0.362549

-1.11669 0.362549
-1.11658 0.362652

-1.11658 0.362653
-1.11635 0.362854

-1.11635 0.362854
-1.11627 0.362927

-1.11627 0.362928
-1.11602 0.363159

-1.11602 0.363159
-1.11597 0.363203

-1.11597 0.363203
-1.11568 0.363464

-1.11568 0.363464
-1.11566 0.363478

-1.11566 0.363478
-1.11536 0.363753

-1.11536 0.363753
-1.11534 0.36377

-1.11534 0.36377
-1.11505 0.364028

-1.11505 0.364028
-1.115 0.364075

-1.115 0.364075
-1.11475 0.364303

-1.11475 0.364303
-1.11466 0.36438

-1.11466 0.36438
-1.11444 0.364577

-1.11444 0.364578
-1.11432 0.364685

-1.11432 0.364685
-1.11414 0.364851

-1.11414 0.364853
-1.11398 0.36499

-1.11398 0.36499
-1.11383 0.365126

-1.11383 0.365128
-1.11364 0.365295

-1.11364 0.365295
-1.11353 0.365401

-1.11353 0.365402
-1.1133 0.365601

-1.1133 0.365601
-1.11322 0.365675

-1.11322 0.365676
-1.11296 0.365906

-1.11296 0.365906
-1.11292 0.36595

-1.11292 0.36595
-1.11262 0.366211

-1.11262 0.366211
-1.11261 0.366224

-1.11261 0.366224
-1.1123 0.366498

-1.1123 0.366498
-1.11228 0.366516

-1.11228 0.366516
-1.112 0.366772

-1.112 0.366772
-1.11194 0.366821

-1.11195 0.366821
-1.11169 0.367046

-1.11169 0.367046
-1.1116 0.367126

-1.11161 0.367126
-1.11139 0.367319

-1.11139 0.367321
-1.11126 0.367432

-1.11127 0.367432
-1.11108 0.367592

-1.11108 0.367595
-1.11092 0.367737

-1.11092 0.367737
-1.11078 0.367866

-1.11078 0.367869
-1.11058 0.368042

-1.11058 0.368042
-1.11047 0.36814

-1.11047 0.368141
-1.11024 0.368347

-1.11024 0.368347
-1.11017 0.368414

-1.11017 0.368414
-1.1099 0.368652

-1.1099 0.368652
-1.10986 0.368687

-1.10986 0.368687
-1.10956 0.368958

-1.10956 0.368958
-1.10956 0.36896

-1.10956 0.368961
-1.10925 0.369234

-1.10925 0.369234
-1.10922 0.369263

-1.10922 0.369263
-1.10895 0.369507

-1.10895 0.369507
-1.10888 0.369568

-1.10888 0.369568
-1.10864 0.369779

-1.10864 0.36978
-1.10854 0.369873

-1.10854 0.369873
-1.10834 0.370051

-1.10834 0.370053
-1.1082 0.370178

-1.1082 0.370178
-1.10803 0.370324

-1.10803 0.370326
-1.10785 0.370483

-1.10785 0.370483
-1.10773 0.370597

-1.10773 0.370599
-1.10751 0.370789

-1.10751 0.370789
-1.10742 0.370869

-1.10742 0.37087
-1.10717 0.371094

-1.10717 0.371094
-1.10712 0.371142

-1.10712 0.371143
-1.10683 0.371399

-1.10683 0.371399
-1.10681 0.371414

-1.10681 0.371415
-1.10651 0.371687

-1.10651 0.371687
-1.10649 0.371704

-1.10649 0.371704
-1.1062 0.371959

-1.1062 0.371959
-1.10614 0.372009

-1.10615 0.372009
-1.1059 0.372231

-1.1059 0.372231
-1.1058 0.372314

-1.1058 0.372314
-1.10559 0.372502

-1.10559 0.372504
-1.10546 0.37262

-1.10546 0.37262
-1.10529 0.372774

-1.10529 0.372776
-1.10512 0.372925

-1.10512 0.372925
-1.10498 0.373046

-1.10498 0.373048
-1.10477 0.37323

-1.10477 0.37323
-1.10468 0.373318

-1.10468 0.373319
-1.10443 0.373535

-1.10443 0.373535
-1.10437 0.373589

-1.10437 0.37359
-1.10409 0.37384

-1.10409 0.37384
-1.10406 0.373861

-1.10406 0.373861
-1.10376 0.374133

-1.10376 0.374133
-1.10375 0.374146

-1.10375 0.374146
-1.10345 0.374404

-1.10345 0.374404
-1.1034 0.374451

-1.1034 0.374451
-1.10315 0.374675

-1.10315 0.374675
-1.10306 0.374756

-1.10306 0.374756
-1.10284 0.374945

-1.10284 0.374947
-1.10271 0.375061

-1.10272 0.375061
-1.10254 0.375216

-1.10254 0.375218
-1.10237 0.375366

-1.10237 0.375366
-1.10223 0.375487

-1.10223 0.375489
-1.10203 0.375671

-1.10203 0.375671
-1.10193 0.375758

-1.10193 0.375759
-1.10168 0.375977

-1.10168 0.375977
-1.10162 0.376029

-1.10162 0.37603
-1.10134 0.376282

-1.10134 0.376282
-1.10132 0.3763

-1.10132 0.3763
-1.10101 0.376571

-1.10101 0.376571
-1.10099 0.376587

-1.10099 0.376587
-1.10071 0.376841

-1.10071 0.376841
-1.10065 0.376892

-1.10065 0.376892
-1.1004 0.377111

-1.1004 0.377112
-1.10031 0.377197

-1.10031 0.377197
-1.1001 0.377381

-1.1001 0.377383
-1.09996 0.377502

-1.09996 0.377502
-1.09979 0.377651

-1.09979 0.377653
-1.09962 0.377808

-1.09962 0.377808
-1.09949 0.377921

-1.09949 0.377923
-1.09927 0.378113

-1.09927 0.378113
-1.09918 0.378191

-1.09918 0.378192
-1.09893 0.378418

-1.09893 0.378418
-1.09888 0.378461

-1.09888 0.378462
-1.09858 0.378723

-1.09858 0.378723
-1.09857 0.378731

-1.09857 0.378731
-1.09827 0.379001

-1.09827 0.379001
-1.09824 0.379028

-1.09824 0.379028
-1.09796 0.379271

-1.09796 0.379271
-1.09789 0.379333

-1.09789 0.379333
-1.09766 0.37954

-1.09766 0.379541
-1.09754 0.379639

-1.09755 0.379639
-1.09735 0.379808

-1.09735 0.379811
-1.0972 0.379944

-1.0972 0.379944
-1.09705 0.380078

-1.09705 0.38008
-1.09685 0.380249

-1.09685 0.380249
-1.09674 0.380347

-1.09674 0.380349
-1.09651 0.380554

-1.09651 0.380554
-1.09644 0.380617

-1.09644 0.380617
-1.09616 0.380859

-1.09616 0.380859
-1.09613 0.380886

-1.09613 0.380886
-1.09583 0.381155

-1.09583 0.381155
-1.09581 0.381165

-1.09581 0.381165
-1.09552 0.381424

-1.09552 0.381424
-1.09547 0.38147

-1.09547 0.38147
-1.09521 0.381693

-1.09521 0.381693
-1.09512 0.381775

-1.09512 0.381775
-1.09491 0.381961

-1.09491 0.381962
-1.09477 0.38208

-1.09478 0.38208
-1.0946 0.382229

-1.0946 0.382232
-1.09443 0.382385

-1.09443 0.382385
-1.0943 0.382498

-1.0943 0.382499
-1.09408 0.38269

-1.09408 0.38269
-1.09399 0.382766

-1.09399 0.382767
-1.09373 0.382996

-1.09373 0.382996
-1.09369 0.383035

-1.09369 0.383035
-1.09339 0.383301

-1.09339 0.383301
-1.09338 0.383303

-1.09338 0.383304
-1.09308 0.383572

-1.09308 0.383572
-1.09304 0.383606

-1.09304 0.383606
-1.09277 0.38384

-1.09277 0.38384
-1.09269 0.383911

-1.09269 0.383911
-1.09247 0.384107

-1.09247 0.384108
-1.09234 0.384216

-1.09235 0.384216
-1.09216 0.384374

-1.09216 0.384377
-1.092 0.384521

-1.092 0.384521
-1.09186 0.384642

-1.09186 0.384644
-1.09165 0.384827

-1.09165 0.384827
-1.09155 0.38491

-1.09155 0.384911
-1.0913 0.385132

-1.0913 0.385132
-1.09125 0.385178

-1.09125 0.385179
-1.09095 0.385437

-1.09095 0.385437
-1.09094 0.385446

-1.09094 0.385446
-1.09064 0.385714

-1.09064 0.385714
-1.0906 0.385742

-1.0906 0.385742
-1.09033 0.385981

-1.09033 0.385981
-1.09026 0.386047

-1.09026 0.386047
-1.09003 0.386248

-1.09003 0.386249
-1.08991 0.386353

-1.08991 0.386353
-1.08972 0.386514

-1.08972 0.386516
-1.08956 0.386658

-1.08956 0.386658
-1.08942 0.386781

-1.08942 0.386783
-1.08921 0.386963

-1.08921 0.386963
-1.08911 0.387049

-1.08911 0.387049
-1.08886 0.387268

-1.08886 0.387268
-1.08881 0.387316

-1.08881 0.387316
-1.08851 0.387573

-1.08851 0.387573
-1.0885 0.387582

-1.0885 0.387583
-1.0882 0.38785

-1.0882 0.38785
-1.08816 0.387878

-1.08816 0.387878
-1.08789 0.388116

-1.08789 0.388116
-1.08781 0.388184

-1.08781 0.388184
-1.08759 0.388383

-1.08759 0.388383
-1.08746 0.388489

-1.08747 0.388489
-1.08728 0.388648

-1.08728 0.388651
-1.08711 0.388794

-1.08711 0.388794
-1.08698 0.388915

-1.08698 0.388916
-1.08676 0.389099

-1.08676 0.389099
-1.08667 0.389181

-1.08667 0.389182
-1.08642 0.389404

-1.08641 0.389404
-1.08636 0.389447

-1.08636 0.389448
-1.08606 0.389709

-1.08606 0.389709
-1.08606 0.389714

-1.08606 0.389714
-1.08575 0.38998

-1.08575 0.38998
-1.08571 0.390015

-1.08571 0.390015
-1.08545 0.390246

-1.08545 0.390246
-1.08536 0.39032

-1.08537 0.39032
-1.08514 0.390512

-1.08514 0.390513
-1.08501 0.390625

-1.08502 0.390625
-1.08484 0.390776

-1.08484 0.390779
-1.08466 0.39093

-1.08466 0.39093
-1.08453 0.391042

-1.08453 0.391044
-1.08431 0.391235

-1.08431 0.391235
-1.08423 0.391308

-1.08423 0.391309
-1.08396 0.391541

-1.08396 0.391541
-1.08392 0.391574

-1.08392 0.391574
-1.08362 0.39184

-1.08362 0.39184
-1.08361 0.391846

-1.08361 0.391846
-1.08331 0.392105

-1.08331 0.392105
-1.08326 0.392151

-1.08326 0.392151
-1.08301 0.39237

-1.08301 0.392371
-1.08291 0.392456

-1.08291 0.392456
-1.0827 0.392635

-1.0827 0.392637
-1.08256 0.392761

-1.08256 0.392761
-1.0824 0.392899

-1.0824 0.392902
-1.08221 0.393066

-1.08221 0.393066
-1.08209 0.393165

-1.08209 0.393166
-1.08186 0.393372

-1.08185 0.393372
-1.08179 0.39343

-1.08179 0.393431
-1.0815 0.393677

-1.0815 0.393677
-1.08148 0.393695

-1.08148 0.393695
-1.08118 0.39396

-1.08118 0.39396
-1.08115 0.393982

-1.08115 0.393982
-1.08087 0.394225

-1.08087 0.394225
-1.0808 0.394287

-1.0808 0.394287
-1.08057 0.394489

-1.08057 0.39449
-1.08045 0.394592

-1.08045 0.394592
-1.08026 0.394753

-1.08026 0.394755
-1.08009 0.394897

-1.0801 0.394897
-1.07996 0.395017

-1.07996 0.395019
-1.07974 0.395203

-1.07974 0.395203
-1.07965 0.395282

-1.07965 0.395283
-1.07939 0.395508

-1.07939 0.395508
-1.07935 0.395546

-1.07935 0.395547
-1.07904 0.395811

-1.07904 0.395811
-1.07904 0.395813

-1.07904 0.395813
-1.07874 0.396075

-1.07874 0.396075
-1.07869 0.396118

-1.07869 0.396118
-1.07843 0.396339

-1.07843 0.396339
-1.07833 0.396423

-1.07833 0.396423
-1.07812 0.396602

-1.07812 0.396604
-1.07798 0.396729

-1.07798 0.396729
-1.07782 0.396866

-1.07782 0.396868
-1.07763 0.397034

-1.07763 0.397034
-1.07751 0.39713

-1.07751 0.397131
-1.07727 0.397339

-1.07727 0.397339
-1.07721 0.397394

-1.07721 0.397394
-1.07692 0.397644

-1.07692 0.397644
-1.0769 0.397657

-1.0769 0.397658
-1.0766 0.397921

-1.0766 0.397921
-1.07657 0.397949

-1.07657 0.397949
-1.07629 0.398185

-1.07629 0.398185
-1.07621 0.398254

-1.07621 0.398254
-1.07599 0.398448

-1.07599 0.398449
-1.07586 0.39856

-1.07586 0.39856
-1.07568 0.39871

-1.07568 0.398713
-1.0755 0.398865

-1.07551 0.398865
-1.07538 0.398974

-1.07538 0.398975
-1.07515 0.39917

-1.07515 0.39917
-1.07507 0.399237

-1.07507 0.399238
-1.0748 0.399475

-1.0748 0.399475
-1.07477 0.3995

-1.07477 0.399501
-1.07446 0.399764

-1.07446 0.399764
-1.07444 0.39978

-1.07444 0.39978
-1.07416 0.400026

-1.07416 0.400027
-1.07409 0.400085

-1.07409 0.400085
-1.07385 0.400289

-1.07385 0.40029
-1.07373 0.400391

-1.07374 0.400391
-1.07355 0.400551

-1.07355 0.400553
-1.07338 0.400696

-1.07338 0.400696
-1.07324 0.400814

-1.07324 0.400815
-1.07303 0.401001

-1.07303 0.401001
-1.07294 0.401076

-1.07294 0.401077
-1.07267 0.401306

-1.07267 0.401306
-1.07263 0.401339

-1.07263 0.40134
-1.07233 0.401602

-1.07233 0.401602
-1.07232 0.401611

-1.07232 0.401611
-1.07202 0.401864

-1.07202 0.401864
-1.07196 0.401917

-1.07196 0.401917
-1.07172 0.402127

-1.07172 0.402127
-1.07161 0.402222

-1.07161 0.402222
-1.07141 0.402388

-1.07141 0.40239
-1.07125 0.402527

-1.07125 0.402527
-1.07111 0.40265

-1.07111 0.402652
-1.07089 0.402832

-1.07089 0.402832
-1.0708 0.402912

-1.0708 0.402913
-1.07054 0.403137

-1.07054 0.403137
-1.0705 0.403174

-1.0705 0.403175
-1.07019 0.403437

-1.07019 0.403437
-1.07018 0.403442

-1.07018 0.403442
-1.06989 0.403698

-1.06989 0.403699
-1.06983 0.403748

-1.06983 0.403748
-1.06958 0.40396

-1.06958 0.403961
-1.06947 0.404053

-1.06947 0.404053
-1.06927 0.404221

-1.06927 0.404223
-1.06912 0.404358

-1.06912 0.404358
-1.06897 0.404482

-1.06897 0.404484
-1.06876 0.404663

-1.06876 0.404663
-1.06866 0.404744

-1.06866 0.404745
-1.0684 0.404968

-1.0684 0.404968
-1.06836 0.405006

-1.06836 0.405006
-1.06805 0.405268

-1.06805 0.405268
-1.06805 0.405273

-1.06805 0.405273
-1.06775 0.405529

-1.06775 0.405529
-1.06769 0.405579

-1.06769 0.405579
-1.06744 0.40579

-1.06744 0.405791
-1.06733 0.405884

-1.06734 0.405884
-1.06714 0.40605

-1.06714 0.406052
-1.06698 0.406189

-1.06698 0.406189
-1.06683 0.406311

-1.06683 0.406313
-1.06662 0.406494

-1.06662 0.406494
-1.06653 0.406572

-1.06653 0.406573
-1.06626 0.406799

-1.06626 0.406799
-1.06622 0.406833

-1.06622 0.406834
-1.06592 0.407095

-1.06592 0.407095
-1.06591 0.407104

-1.06591 0.407104
-1.06561 0.407356

-1.06561 0.407356
-1.06555 0.40741

-1.06555 0.40741
-1.06531 0.407616

-1.06531 0.407617
-1.06519 0.407715

-1.06519 0.407715
-1.065 0.407876

-1.065 0.407878
-1.06483 0.40802

-1.06484 0.40802
-1.0647 0.408136

-1.0647 0.408138
-1.06448 0.408325

-1.06448 0.408325
-1.06439 0.408397

-1.06439 0.408398
-1.06412 0.40863

-1.06412 0.40863
-1.06409 0.408658

-1.06409 0.408658
-1.06378 0.408918

-1.06378 0.408918
-1.06376 0.408936

-1.06376 0.408936
-1.06348 0.409179

-1.06348 0.409179
-1.0634 0.409241

-1.0634 0.409241
-1.06317 0.409439

-1.06317 0.40944
-1.06305 0.409546

-1.06305 0.409546
-1.06287 0.409698

-1.06287 0.4097
-1.06269 0.409851

-1.06269 0.409851
-1.06256 0.409958

-1.06256 0.409959
-1.06233 0.410156

-1.06233 0.410156
-1.06226 0.410218

-1.06226 0.410219
-1.06197 0.410461

-1.06197 0.410461
-1.06195 0.410478

-1.06195 0.410479
-1.06165 0.410739

-1.06165 0.410739
-1.06161 0.410767

-1.06161 0.410767
-1.06134 0.410998

-1.06134 0.410998
-1.06125 0.411072

-1.06125 0.411072
-1.06104 0.411258

-1.06104 0.411259
-1.06089 0.411377

-1.0609 0.411377
-1.06073 0.411516

-1.06073 0.411518
-1.06054 0.411682

-1.06054 0.411682
-1.06042 0.411776

-1.06042 0.411777
-1.06018 0.411987

-1.06018 0.411987
-1.06012 0.412036

-1.06012 0.412036
-1.05982 0.412292

-1.05982 0.412292
-1.05981 0.412295

-1.05981 0.412296
-1.05951 0.412555

-1.05951 0.412555
-1.05946 0.412598

-1.05946 0.412598
-1.0592 0.412814

-1.0592 0.412815
-1.0591 0.412903

-1.0591 0.412903
-1.0589 0.413073

-1.0589 0.413075
-1.05874 0.413208

-1.05874 0.413208
-1.05859 0.413331

-1.05859 0.413333
-1.05838 0.413513

-1.05838 0.413513
-1.05829 0.413591

-1.05829 0.413592
-1.05802 0.413818

-1.05802 0.413818
-1.05798 0.41385

-1.05798 0.41385
-1.05768 0.414109

-1.05768 0.414109
-1.05766 0.414124

-1.05766 0.414124
-1.05737 0.414368

-1.05737 0.414368
-1.0573 0.414429

-1.0573 0.414429
-1.05707 0.414627

-1.05707 0.414628
-1.05694 0.414734

-1.05694 0.414734
-1.05676 0.414884

-1.05676 0.414887
-1.05658 0.415039

-1.05658 0.415039
-1.05646 0.415143

-1.05646 0.415144
-1.05622 0.415344

-1.05622 0.415344
-1.05615 0.415402

-1.05615 0.415403
-1.05586 0.415649

-1.05586 0.415649
-1.05585 0.415661

-1.05585 0.415661
-1.05554 0.41592

-1.05554 0.41592
-1.0555 0.415955

-1.0555 0.415955
-1.05524 0.416178

-1.05524 0.416178
-1.05514 0.41626

-1.05514 0.41626
-1.05493 0.416436

-1.05493 0.416437
-1.05478 0.416565

-1.05478 0.416565
-1.05463 0.416693

-1.05463 0.416695
-1.05442 0.41687

-1.05442 0.41687
-1.05432 0.416952

-1.05432 0.416953
-1.05406 0.417175

-1.05406 0.417175
-1.05402 0.41721

-1.05402 0.41721
-1.05371 0.417468

-1.05371 0.417468
-1.0537 0.41748

-1.0537 0.41748
-1.05341 0.417726

-1.05341 0.417726
-1.05334 0.417786

-1.05334 0.417786
-1.0531 0.417984

-1.0531 0.417985
-1.05297 0.418091

-1.05298 0.418091
-1.0528 0.418241

-1.0528 0.418243
-1.05261 0.418396

-1.05261 0.418396
-1.05249 0.418499

-1.05249 0.4185
-1.05225 0.418701

-1.05225 0.418701
-1.05219 0.418757

-1.05219 0.418757
-1.05189 0.419006

-1.05189 0.419006
-1.05188 0.419014

-1.05188 0.419015
-1.05157 0.419272

-1.05157 0.419272
-1.05153 0.419312

-1.05153 0.419312
-1.05127 0.41953

-1.05127 0.41953
-1.05117 0.419617

-1.05117 0.419617
-1.05096 0.419787

-1.05096 0.419789
-1.0508 0.419922

-1.05081 0.419922
-1.05066 0.420043

-1.05066 0.420045
-1.05044 0.420227

-1.05044 0.420227
-1.05035 0.420301

-1.05035 0.420302
-1.05008 0.420532

-1.05008 0.420532
-1.05005 0.420558

-1.05005 0.420559
-1.04974 0.420816

-1.04974 0.420816
-1.04972 0.420837

-1.04972 0.420837
-1.04944 0.421073

-1.04944 0.421073
-1.04936 0.421143

-1.04936 0.421143
-1.04913 0.42133

-1.04913 0.421331
-1.04899 0.421448

-1.04899 0.421448
-1.04883 0.421586

-1.04883 0.421588
-1.04863 0.421753

-1.04863 0.421753
-1.04852 0.421843

-1.04852 0.421844
-1.04827 0.422058

-1.04827 0.422058
-1.04822 0.4221

-1.04822 0.422101
-1.04791 0.422357

-1.04791 0.422357
-1.04791 0.422363

-1.04791 0.422363
-1.04761 0.422614

-1.04761 0.422614
-1.04754 0.422668

-1.04754 0.422668
-1.0473 0.422871

-1.0473 0.422871
-1.04718 0.422974

-1.04718 0.422974
-1.047 0.423126

-1.047 0.423128
-1.04682 0.423279

-1.04682 0.423279
-1.04669 0.423382

-1.04669 0.423384
-1.04645 0.423584

-1.04645 0.423584
-1.04639 0.423639

-1.04639 0.42364
-1.04609 0.423889

-1.04609 0.423889
-1.04608 0.423896

-1.04608 0.423896
-1.04578 0.424152

-1.04578 0.424153
-1.04573 0.424194

-1.04573 0.424194
-1.04547 0.424409

-1.04547 0.424409
-1.04536 0.4245

-1.04536 0.4245
-1.04517 0.424664

-1.04517 0.424666
-1.045 0.424805

-1.045 0.424805
-1.04486 0.42492

-1.04486 0.424921
-1.04464 0.42511

-1.04464 0.42511
-1.04456 0.425176

-1.04456 0.425177
-1.04427 0.425415

-1.04427 0.425415
-1.04425 0.425432

-1.04425 0.425433
-1.04395 0.425689

-1.04395 0.425689
-1.04391 0.42572

-1.04391 0.42572
-1.04364 0.425944

-1.04364 0.425945
-1.04354 0.426025

-1.04354 0.426025
-1.04333 0.4262

-1.04333 0.426202
-1.04318 0.426331

-1.04318 0.426331
-1.04303 0.426455

-1.04303 0.426456
-1.04282 0.426636

-1.04281 0.426636
-1.04272 0.426711

-1.04272 0.426712
-1.04245 0.426941

-1.04245 0.426941
-1.04242 0.426966

-1.04242 0.426967
-1.04211 0.427223

-1.04211 0.427223
-1.04209 0.427246

-1.04209 0.427246
-1.04181 0.427478

-1.04181 0.427478
-1.04172 0.427551

-1.04172 0.427551
-1.0415 0.427733

-1.0415 0.427734
-1.04136 0.427856

-1.04136 0.427856
-1.0412 0.427987

-1.0412 0.427989
-1.04099 0.428162

-1.04099 0.428162
-1.04089 0.428243

-1.04089 0.428244
-1.04063 0.428467

-1.04063 0.428467
-1.04059 0.428498

-1.04059 0.428499
-1.04028 0.428754

-1.04028 0.428754
-1.04026 0.428772

-1.04026 0.428772
-1.03998 0.429009

-1.03998 0.429009
-1.0399 0.429077

-1.0399 0.429077
-1.03967 0.429264

-1.03967 0.429265
-1.03953 0.429382

-1.03953 0.429382
-1.03937 0.429518

-1.03937 0.42952
-1.03917 0.429688

-1.03917 0.429688
-1.03906 0.429773

-1.03906 0.429774
-1.0388 0.429993

-1.0388 0.429993
-1.03876 0.430028

-1.03876 0.430029
-1.03845 0.430284

-1.03845 0.430284
-1.03844 0.430298

-1.03844 0.430298
-1.03815 0.430538

-1.03815 0.430539
-1.03807 0.430603

-1.03807 0.430603
-1.03784 0.430793

-1.03784 0.430794
-1.0377 0.430908

-1.0377 0.430908
-1.03754 0.431046

-1.03754 0.431048
-1.03734 0.431213

-1.03734 0.431213
-1.03723 0.431301

-1.03723 0.431302
-1.03697 0.431519

-1.03697 0.431519
-1.03693 0.431556

-1.03693 0.431556
-1.03662 0.431811

-1.03662 0.431811
-1.03661 0.431824

-1.03661 0.431824
-1.03632 0.432065

-1.03632 0.432065
-1.03624 0.432129

-1.03624 0.432129
-1.03601 0.432319

-1.03601 0.43232
-1.03587 0.432434

-1.03587 0.432434
-1.03571 0.432572

-1.03571 0.432574
-1.03551 0.432739

-1.03551 0.432739
-1.0354 0.432827

-1.0354 0.432828
-1.03514 0.433044

-1.03514 0.433044
-1.0351 0.433081

-1.0351 0.433082
-1.03479 0.433336

-1.03479 0.433336
-1.03477 0.43335

-1.03477 0.43335
-1.03448 0.43359

-1.03448 0.43359
-1.03441 0.433655

-1.03441 0.433655
-1.03418 0.433844

-1.03418 0.433845
-1.03404 0.43396

-1.03404 0.43396
-1.03387 0.434096

-1.03387 0.434098
-1.03367 0.434265

-1.03367 0.434265
-1.03357 0.434351

-1.03357 0.434352
-1.03331 0.43457

-1.03331 0.43457
-1.03326 0.434604

-1.03326 0.434605
-1.03296 0.434859

-1.03296 0.434859
-1.03294 0.434875

-1.03294 0.434875
-1.03265 0.435113

-1.03265 0.435113
-1.03257 0.435181

-1.03257 0.435181
-1.03235 0.435366

-1.03235 0.435367
-1.0322 0.435486

-1.03221 0.435486
-1.03204 0.435618

-1.03204 0.43562
-1.03184 0.435791

-1.03184 0.435791
-1.03174 0.435872

-1.03174 0.435873
-1.03147 0.436096

-1.03147 0.436096
-1.03143 0.436126

-1.03143 0.436126
-1.03113 0.43638

-1.03113 0.43638
-1.0311 0.436401

-1.0311 0.436401
-1.03082 0.436633

-1.03082 0.436633
-1.03073 0.436707

-1.03073 0.436707
-1.03052 0.436886

-1.03052 0.436887
-1.03037 0.437012

-1.03037 0.437012
-1.03021 0.437138

-1.03021 0.43714
-1.03 0.437317

-1.03 0.437317
-1.02991 0.437392

-1.02991 0.437393
-1.02963 0.437622

-1.02963 0.437622
-1.0296 0.437645

-1.0296 0.437645
-1.0293 0.437898

-1.0293 0.437899
-1.02926 0.437927

-1.02926 0.437927
-1.02899 0.438151

-1.02899 0.438152
-1.02889 0.438232

-1.02889 0.438232
-1.02869 0.438404

-1.02869 0.438406
-1.02852 0.438538

-1.02853 0.438538
-1.02838 0.438656

-1.02838 0.438657
-1.02816 0.438843

-1.02816 0.438843
-1.02808 0.438909

-1.02808 0.43891
-1.02779 0.439148

-1.02779 0.439148
-1.02777 0.439162

-1.02777 0.439163
-1.02747 0.439415

-1.02747 0.439415
-1.02742 0.439453

-1.02742 0.439453
-1.02716 0.439668

-1.02716 0.439668
-1.02705 0.439758

-1.02705 0.439758
-1.02686 0.43992

-1.02686 0.439921
-1.02668 0.440063

-1.02668 0.440063
-1.02655 0.440172

-1.02655 0.440173
-1.02631 0.440369

-1.02631 0.440369
-1.02625 0.440424

-1.02625 0.440425
-1.02594 0.440674

-1.02594 0.440674
-1.02594 0.440677

-1.02594 0.440678
-1.02563 0.44093

-1.02563 0.44093
-1.02558 0.440979

-1.02558 0.440979
-1.02533 0.441182

-1.02533 0.441183
-1.02521 0.441284

-1.02521 0.441284
-1.02502 0.441434

-1.02502 0.441435
-1.02484 0.441589

-1.02484 0.441589
-1.02472 0.441685

-1.02472 0.441687
-1.02447 0.441895

-1.02447 0.441895
-1.02441 0.441938

-1.02441 0.441939
-1.02411 0.442191

-1.02411 0.442191
-1.0241 0.4422

-1.0241 0.4422
-1.0238 0.442443

-1.0238 0.442443
-1.02373 0.442505

-1.02373 0.442505
-1.0235 0.442695

-1.0235 0.442696
-1.02336 0.44281

-1.02336 0.44281
-1.02319 0.442945

-1.02319 0.442947
-1.02299 0.443115

-1.02299 0.443115
-1.02289 0.443197

-1.02289 0.443198
-1.02262 0.44342

-1.02262 0.44342
-1.02258 0.443449

-1.02258 0.44345
-1.02228 0.443702

-1.02228 0.443702
-1.02225 0.443726

-1.02225 0.443726
-1.02197 0.443953

-1.02197 0.443954
-1.02188 0.444031

-1.02188 0.444031
-1.02167 0.444205

-1.02167 0.444206
-1.02151 0.444336

-1.02151 0.444336
-1.02136 0.444455

-1.02136 0.444457
-1.02114 0.444641

-1.02114 0.444641
-1.02106 0.444707

-1.02106 0.444708
-1.02077 0.444946

-1.02077 0.444946
-1.02075 0.444959

-1.02075 0.444959
-1.02045 0.445211

-1.02045 0.445211
-1.0204 0.445251

-1.0204 0.445251
-1.02014 0.445462

-1.02014 0.445463
-1.02003 0.445557

-1.02003 0.445557
-1.01984 0.445713

-1.01984 0.445714
-1.01966 0.445862

-1.01966 0.445862
-1.01953 0.445964

-1.01953 0.445965
-1.01929 0.446167

-1.01928 0.446167
-1.01923 0.446215

-1.01923 0.446216
-1.01892 0.446467

-1.01892 0.446467
-1.01891 0.446472

-1.01891 0.446472
-1.01862 0.446718

-1.01862 0.446718
-1.01854 0.446777

-1.01854 0.446777
-1.01831 0.446969

-1.01831 0.44697
-1.01817 0.447083

-1.01817 0.447083
-1.01801 0.447219

-1.01801 0.44722
-1.0178 0.447388

-1.0178 0.447388
-1.0177 0.44747

-1.0177 0.447471
-1.01743 0.447693

-1.01743 0.447693
-1.0174 0.447721

-1.0174 0.447722
-1.01709 0.447973

-1.01709 0.447973
-1.01706 0.447998

-1.01706 0.447998
-1.01678 0.448223

-1.01678 0.448224
-1.01669 0.448303

-1.01669 0.448303
-1.01648 0.448474

-1.01648 0.448475
-1.01631 0.448608

-1.01632 0.448608
-1.01617 0.448723

-1.01617 0.448725
-1.01594 0.448914

-1.01594 0.448914
-1.01587 0.448974

-1.01587 0.448975
-1.01557 0.449219

-1.01557 0.449219
-1.01556 0.449225

-1.01556 0.449226
-1.01526 0.449476

-1.01526 0.449476
-1.0152 0.449524

-1.0152 0.449524
-1.01495 0.449727

-1.01495 0.449727
-1.01483 0.449829

-1.01483 0.449829
-1.01465 0.449976

-1.01465 0.449978
-1.01446 0.450134

-1.01446 0.450134
-1.01434 0.450226

-1.01434 0.450228
-1.01408 0.450439

-1.01408 0.450439
-1.01404 0.450477

-1.01404 0.450478
-1.01373 0.450728

-1.01373 0.450728
-1.01371 0.450745

-1.01371 0.450745
-1.01343 0.450978

-1.01343 0.450978
-1.01334 0.45105

-1.01334 0.45105
-1.01312 0.451228

-1.01312 0.45123
-1.01297 0.451355

-1.01297 0.451355
-1.01282 0.451477

-1.01282 0.451479
-1.0126 0.45166

-1.0126 0.45166
-1.01251 0.451728

-1.01251 0.451728
-1.01222 0.451965

-1.01222 0.451965
-1.01221 0.451978

-1.01221 0.451978
-1.0119 0.452228

-1.0119 0.452228
-1.01185 0.452271

-1.01185 0.452271
-1.0116 0.452478

-1.0116 0.452479
-1.01148 0.452576

-1.01148 0.452576
-1.01129 0.452727

-1.01129 0.452729
-1.0111 0.452881

-1.01111 0.452881
-1.01099 0.452977

-1.01099 0.452978
-1.01073 0.453186

-1.01073 0.453186
-1.01068 0.453227

-1.01068 0.453228
-1.01038 0.453477

-1.01038 0.453477
-1.01036 0.453491

-1.01036 0.453491
-1.01007 0.453727

-1.01007 0.453727
-1.00999 0.453796

-1.00999 0.453796
-1.00977 0.453976

-1.00977 0.453978
-1.00961 0.454102

-1.00961 0.454102
-1.00946 0.454225

-1.00946 0.454226
-1.00924 0.454407

-1.00924 0.454407
-1.00916 0.454475

-1.00916 0.454476
-1.00887 0.454712

-1.00887 0.454712
-1.00885 0.454724

-1.00885 0.454725
-1.00854 0.454974

-1.00854 0.454974
-1.00849 0.455017

-1.00849 0.455017
-1.00824 0.455224

-1.00824 0.455224
-1.00812 0.455322

-1.00812 0.455322
-1.00793 0.455472

-1.00793 0.455474
-1.00775 0.455627

-1.00775 0.455627
-1.00763 0.455721

-1.00763 0.455722
-1.00737 0.455933

-1.00737 0.455933
-1.00732 0.455971

-1.00732 0.455971
-1.00702 0.456221

-1.00702 0.456221
-1.007 0.456238

-1.007 0.456238
-1.00671 0.45647

-1.00671 0.45647
-1.00662 0.456543

-1.00662 0.456543
-1.00641 0.456719

-1.00641 0.45672
-1.00625 0.456848

-1.00625 0.456848
-1.0061 0.456966

-1.0061 0.456968
-1.00588 0.457153

-1.00588 0.457153
-1.0058 0.457216

-1.0058 0.457217
-1.0055 0.457458

-1.0055 0.457458
-1.00549 0.457465

-1.00549 0.457466
-1.00519 0.457714

-1.00519 0.457715
-1.00513 0.457764

-1.00513 0.457764
-1.00488 0.457963

-1.00488 0.457964
-1.00475 0.458069

-1.00475 0.458069
-1.00458 0.458211

-1.00458 0.458212
-1.00438 0.458374

-1.00438 0.458374
-1.00427 0.45846

-1.00427 0.458461
-1.004 0.458679

-1.004 0.458679
-1.00397 0.458709

-1.00397 0.458709
-1.00366 0.458958

-1.00366 0.458958
-1.00363 0.458984

-1.00363 0.458984
-1.00336 0.459206

-1.00336 0.459207
-1.00325 0.45929

-1.00326 0.45929
-1.00305 0.459455

-1.00305 0.459456
-1.00288 0.459595

-1.00288 0.459595
-1.00275 0.459702

-1.00275 0.459704
-1.00251 0.4599

-1.0025 0.4599
-1.00244 0.459951

-1.00244 0.459952
-1.00214 0.4602

-1.00214 0.4602
-1.00213 0.460205

-1.00213 0.460205
-1.00183 0.460449

-1.00183 0.460449
-1.00175 0.46051

-1.00176 0.46051
-1.00153 0.460697

-1.00153 0.460698
-1.00138 0.460815

-1.00138 0.460815
-1.00122 0.460944

-1.00122 0.460945
-1.00101 0.461121

-1.001 0.461121
-1.00092 0.461192

-1.00092 0.461193
-1.00063 0.461426

-1.00063 0.461426
-1.00061 0.461441

-1.00061 0.461441
-1.00031 0.46169

-1.00031 0.46169
-1.00025 0.461731

-1.00025 0.461731
-1.0 0.461938

-1.0 0.461938
-0.999878 0.462036

-0.999879 0.462036
-0.999695 0.462185

-0.999695 0.462186
-0.999503 0.462341

-0.999503 0.462341
-0.99939 0.462433

-0.99939 0.462434
-0.999128 0.462646

-0.999127 0.462646
-0.999084 0.462681

-0.999084 0.462681
-0.998779 0.462929

-0.998779 0.462929
-0.998752 0.462952

-0.998752 0.462952
-0.998474 0.463177

-0.998474 0.463178
-0.998375 0.463257

-0.998376 0.463257
-0.998169 0.463425

-0.998169 0.463426
-0.997999 0.463562

-0.998001 0.463562
-0.997864 0.463671

-0.997864 0.463673
-0.997624 0.463867

-0.997624 0.463867
-0.997559 0.46392

-0.997559 0.46392
-0.997253 0.464168

-0.997253 0.464168
-0.997248 0.464172

-0.997248 0.464172
-0.996948 0.464416

-0.996948 0.464416
-0.996872 0.464478

-0.996872 0.464478
-0.996643 0.464663

-0.996643 0.464664
-0.996494 0.464783

-0.996497 0.464783
-0.996338 0.46491

-0.996338 0.464911
-0.99612 0.465088

-0.996119 0.465088
-0.996033 0.465157

-0.996033 0.465158
-0.995743 0.465393

-0.995742 0.465393
-0.995728 0.465405

-0.995728 0.465406
-0.995422 0.465653

-0.995422 0.465653
-0.995366 0.465698

-0.995366 0.465698
-0.995117 0.4659

-0.995117 0.465901
-0.994989 0.466003

-0.994991 0.466003
-0.994812 0.466147

-0.994812 0.466148
-0.994613 0.466309

-0.994613 0.466309
-0.994507 0.466394

-0.994507 0.466395
-0.994237 0.466614

-0.994236 0.466614
-0.994202 0.466641

-0.994202 0.466642
-0.993896 0.466889

-0.993896 0.466889
-0.99386 0.466919

-0.99386 0.466919
-0.993591 0.467136

-0.993591 0.467137
-0.993482 0.467224

-0.993483 0.467224
-0.993286 0.467383

-0.993286 0.467384
-0.993105 0.467529

-0.993106 0.467529
-0.992981 0.467629

-0.992981 0.46763
-0.992729 0.467834

-0.992728 0.467834
-0.992676 0.467876

-0.992676 0.467877
-0.992371 0.468124

-0.992371 0.468124
-0.992351 0.46814

-0.992351 0.46814
-0.992065 0.468371

-0.992065 0.468371
-0.991974 0.468445

-0.991974 0.468445
-0.99176 0.468618

-0.99176 0.468619
-0.991596 0.46875

-0.991598 0.46875
-0.991455 0.468863

-0.991455 0.468865
-0.99122 0.469055

-0.991219 0.469055
-0.99115 0.469111

-0.99115 0.469111
-0.990845 0.469358

-0.990845 0.469358
-0.990842 0.46936

-0.990842 0.46936
-0.99054 0.469605

-0.99054 0.469605
-0.990464 0.469666

-0.990464 0.469666
-0.990234 0.469851

-0.990234 0.469853
-0.990086 0.469971

-0.990088 0.469971
-0.989929 0.470097

-0.989929 0.470098
-0.989709 0.470276

-0.989709 0.470276
-0.989624 0.470344

-0.989624 0.470345
-0.989331 0.470581

-0.989331 0.470581
-0.989319 0.47059

-0.989319 0.470591
-0.989014 0.470838

-0.989014 0.470838
-0.988953 0.470886

-0.988953 0.470886
-0.988708 0.471084

-0.988708 0.471085
-0.988574 0.471191

-0.988576 0.471191
-0.988403 0.47133

-0.988403 0.471331
-0.988197 0.471497

-0.988197 0.471497
-0.988098 0.471576

-0.988098 0.471577
-0.987819 0.471802

-0.987818 0.471802
-0.987793 0.471822

-0.987793 0.471823
-0.987488 0.472069

-0.987488 0.472069
-0.987441 0.472107

-0.987441 0.472107
-0.987183 0.472315

-0.987183 0.472316
-0.987062 0.472412

-0.987063 0.472412
-0.986877 0.472561

-0.986877 0.472562
-0.986684 0.472717

-0.986685 0.472717
-0.986572 0.472807

-0.986572 0.472808
-0.986306 0.473022

-0.986305 0.473022
-0.986267 0.473053

-0.986267 0.473054
-0.985962 0.4733

-0.985962 0.4733
-0.985927 0.473328

-0.985927 0.473328
-0.985657 0.473546

-0.985657 0.473546
-0.985548 0.473633

-0.985549 0.473633
-0.985352 0.473791

-0.985352 0.473792
-0.98517 0.473938

-0.98517 0.473938
-0.985046 0.474036

-0.985046 0.474038
-0.984791 0.474243

-0.984791 0.474243
-0.984741 0.474283

-0.984741 0.474283
-0.984436 0.474529

-0.984436 0.474529
-0.984412 0.474548

-0.984412 0.474548
-0.984131 0.474775

-0.984131 0.474775
-0.984033 0.474854

-0.984034 0.474854
-0.983826 0.475021

-0.983826 0.475022
-0.983654 0.475159

-0.983655 0.475159
-0.983521 0.475265

-0.983521 0.475267
-0.983275 0.475464

-0.983275 0.475464
-0.983215 0.475511

-0.983215 0.475512
-0.98291 0.475758

-0.98291 0.475758
-0.982896 0.475769

-0.982896 0.475769
-0.982605 0.476003

-0.982605 0.476004
-0.982516 0.476074

-0.982517 0.476074
-0.9823 0.476249

-0.9823 0.47625
-0.982137 0.476379

-0.982139 0.476379
-0.981995 0.476493

-0.981995 0.476495
-0.981758 0.476685

-0.981758 0.476685
-0.981689 0.476739

-0.981689 0.47674
-0.981384 0.476985

-0.981384 0.476985
-0.981379 0.47699

-0.981379 0.47699
-0.981079 0.477231

-0.981079 0.477231
-0.980999 0.477295

-0.980999 0.477295
-0.980774 0.477476

-0.980774 0.477477
-0.980618 0.4776

-0.980621 0.4776
-0.980469 0.47772

-0.980469 0.477721
-0.98024 0.477905

-0.980239 0.477905
-0.980164 0.477966

-0.980164 0.477966
-0.97986 0.47821

-0.979859 0.47821
-0.979858 0.478211

-0.979858 0.478212
-0.979553 0.478457

-0.979553 0.478457
-0.97948 0.478516

-0.97948 0.478516
-0.979248 0.478702

-0.979248 0.478703
-0.979099 0.478821

-0.979101 0.478821
-0.978943 0.478946

-0.978943 0.478947
-0.97872 0.479126

-0.97872 0.479126
-0.978638 0.479191

-0.978638 0.479192
-0.97834 0.479431

-0.978339 0.479431
-0.978333 0.479437

-0.978333 0.479437
-0.978027 0.479682

-0.978027 0.479682
-0.97796 0.479736

-0.97796 0.479736
-0.977722 0.479927

-0.977722 0.479928
-0.977578 0.480042

-0.977581 0.480042
-0.977417 0.480171

-0.977417 0.480172
-0.977199 0.480347

-0.977199 0.480347
-0.977112 0.480416

-0.977112 0.480417
-0.976819 0.480652

-0.976818 0.480652
-0.976807 0.480661

-0.976807 0.480662
-0.976501 0.480906

-0.976501 0.480907
-0.976438 0.480957

-0.976438 0.480957
-0.976196 0.481151

-0.976196 0.481152
-0.976057 0.481262

-0.976059 0.481262
-0.975891 0.481395

-0.975891 0.481396
-0.975677 0.481567

-0.975677 0.481567
-0.975586 0.48164

-0.975586 0.481641
-0.975297 0.481873

-0.975296 0.481873
-0.975281 0.481885

-0.975281 0.481885
-0.974976 0.48213

-0.974976 0.48213
-0.974915 0.482178

-0.974916 0.482178
-0.97467 0.482374

-0.97467 0.482375
-0.974534 0.482483

-0.974536 0.482483
-0.974365 0.482618

-0.974365 0.482619
-0.974154 0.482788

-0.974154 0.482788
-0.97406 0.482862

-0.97406 0.482863
-0.973773 0.483093

-0.973772 0.483093
-0.973755 0.483107

-0.973755 0.483108
-0.97345 0.483352

-0.97345 0.483352
-0.973392 0.483398

-0.973392 0.483398
-0.973145 0.483596

-0.973145 0.483597
-0.97301 0.483704

-0.973011 0.483704
-0.972839 0.48384

-0.972839 0.483841
-0.97263 0.484009

-0.972629 0.484009
-0.972534 0.484084

-0.972534 0.484085
-0.972248 0.484314

-0.972247 0.484314
-0.972229 0.484329

-0.972229 0.484329
-0.971924 0.484573

-0.971924 0.484574
-0.971866 0.484619

-0.971867 0.484619
-0.971619 0.484818

-0.971619 0.484819
-0.971484 0.484924

-0.971486 0.484924
-0.971313 0.485061

-0.971313 0.485062
-0.971104 0.485229

-0.971104 0.485229
-0.971008 0.485305

-0.971008 0.485306
-0.970722 0.485535

-0.970721 0.485535
-0.970703 0.485549

-0.970703 0.48555
-0.970398 0.485794

-0.970398 0.485794
-0.97034 0.48584

-0.97034 0.48584
-0.970093 0.486038

-0.970093 0.486039
-0.969957 0.486145

-0.969959 0.486145
-0.969788 0.486281

-0.969788 0.486282
-0.969577 0.48645

-0.969577 0.48645
-0.969482 0.486525

-0.969482 0.486526
-0.969195 0.486755

-0.969194 0.486755
-0.969177 0.486769

-0.969177 0.486769
-0.968872 0.487013

-0.968872 0.487013
-0.968813 0.487061

-0.968813 0.487061
-0.968567 0.487257

-0.968567 0.487258
-0.96843 0.487366

-0.968432 0.487366
-0.968262 0.4875

-0.968262 0.487501
-0.968049 0.487671

-0.968049 0.487671
-0.967957 0.487744

-0.967957 0.487745
-0.967667 0.487976

-0.967666 0.487976
-0.967651 0.487988

-0.967651 0.487988
-0.967346 0.488232

-0.967346 0.488232
-0.967284 0.488281

-0.967284 0.488281
-0.967041 0.488475

-0.967041 0.488476
-0.966901 0.488586

-0.966903 0.488586
-0.966736 0.488718

-0.966736 0.488719
-0.96652 0.488892

-0.966519 0.488892
-0.966431 0.488962

-0.966431 0.488962
-0.966137 0.489197

-0.966136 0.489197
-0.966125 0.489205

-0.966125 0.489206
-0.96582 0.489449

-0.96582 0.48945
-0.965754 0.489502

-0.965754 0.489502
-0.965515 0.489693

-0.965515 0.489694
-0.96537 0.489807

-0.965373 0.489807
-0.96521 0.489935

-0.96521 0.489936
-0.964989 0.490112

-0.964989 0.490112
-0.964905 0.490179

-0.964905 0.490179
-0.964606 0.490417

-0.964606 0.490417
-0.9646 0.490422

-0.9646 0.490423
-0.964294 0.490666

-0.964294 0.490666
-0.964223 0.490723

-0.964223 0.490723
-0.963989 0.490909

-0.963989 0.49091
-0.963839 0.491028

-0.963841 0.491028
-0.963684 0.491151

-0.963684 0.491153
-0.963458 0.491333

-0.963457 0.491333
-0.963379 0.491395

-0.963379 0.491396
-0.963074 0.491638

-0.963074 0.491639
-0.962769 0.491882

-0.962769 0.491882
-0.962691 0.491943

-0.962691 0.491943
-0.962463 0.492125

-0.962463 0.492126
-0.962307 0.492249

-0.962309 0.492249
-0.962158 0.492367

-0.962158 0.492368
-0.961925 0.492554

-0.961924 0.492554
-0.961853 0.49261

-0.961853 0.492611
-0.961548 0.492854

-0.961548 0.492854
-0.961541 0.492859

-0.961541 0.492859
-0.961243 0.493097

-0.961243 0.493097
-0.961157 0.493164

-0.961158 0.493164
-0.960938 0.493339

-0.960938 0.49334
-0.960774 0.493469

-0.960775 0.493469
-0.960632 0.493581

-0.960632 0.493582
-0.960391 0.493774

-0.96039 0.493774
-0.960327 0.493824

-0.960327 0.493825
-0.960022 0.494068

-0.960022 0.494068
-0.960007 0.49408

-0.960007 0.49408
-0.959717 0.49431

-0.959717 0.494311
-0.959623 0.494385

-0.959623 0.494385
-0.959412 0.494553

-0.959412 0.494554
-0.959239 0.49469

-0.95924 0.49469
-0.959106 0.494794

-0.959106 0.494796
-0.958856 0.494995

-0.958855 0.494995
-0.958801 0.495037

-0.958801 0.495038
-0.958496 0.495281

-0.958496 0.495281
-0.958472 0.4953

-0.958472 0.4953
-0.958191 0.495523

-0.958191 0.495524
-0.958087 0.495605

-0.958088 0.495605
-0.957886 0.495766

-0.957886 0.495766
-0.957703 0.495911

-0.957704 0.495911
-0.957581 0.496007

-0.957581 0.496008
-0.957319 0.496216

-0.957319 0.496216
-0.957275 0.49625

-0.957275 0.496251
-0.95697 0.496493

-0.95697 0.496493
-0.956935 0.496521

-0.956935 0.496521
-0.956665 0.496735

-0.956665 0.496736
-0.95655 0.496826

-0.956551 0.496826
-0.95636 0.496977

-0.95636 0.496978
-0.956166 0.497131

-0.956167 0.497131
-0.956055 0.497219

-0.956055 0.49722
-0.955782 0.497437

-0.955781 0.497437
-0.95575 0.497462

-0.95575 0.497462
-0.955444 0.497704

-0.955444 0.497705
-0.955397 0.497742

-0.955397 0.497742
-0.955139 0.497947

-0.955139 0.497947
-0.955012 0.498047

-0.955013 0.498047
-0.954834 0.498188

-0.954834 0.498189
-0.954628 0.498352

-0.954628 0.498352
-0.954529 0.49843

-0.954529 0.498431
-0.954243 0.498657

-0.954243 0.498657
-0.954224 0.498672

-0.954224 0.498673
-0.953918 0.498915

-0.953918 0.498915
-0.953858 0.498962

-0.953859 0.498962
-0.953613 0.499157

-0.953613 0.499158
-0.953472 0.499268

-0.953474 0.499268
-0.953308 0.499398

-0.953308 0.499399
-0.953089 0.499573

-0.953088 0.499573
-0.953003 0.49964

-0.953003 0.499641
-0.952704 0.499878

-0.952703 0.499878
-0.952698 0.499882

-0.952698 0.499883
-0.952393 0.500124

-0.952393 0.500125
-0.952318 0.500183

-0.952319 0.500183
-0.952087 0.500366

-0.952087 0.500367
-0.951932 0.500488

-0.951934 0.500488
-0.951782 0.500607

-0.951782 0.500608
-0.951548 0.500793

-0.951548 0.500793
-0.951477 0.500849

-0.951477 0.50085
-0.951172 0.501091

-0.951172 0.501091
-0.951163 0.501099

-0.951163 0.501099
-0.950867 0.501333

-0.950867 0.501333
-0.950777 0.501404

-0.950777 0.501404
-0.950562 0.501575

-0.950562 0.501575
-0.950391 0.501709

-0.950393 0.501709
-0.950256 0.501815

-0.950256 0.501816
-0.950007 0.502014

-0.950006 0.502014
-0.949951 0.502057

-0.949951 0.502058
-0.949646 0.502299

-0.949646 0.502299
-0.949621 0.502319

-0.949621 0.502319
-0.949341 0.502541

-0.949341 0.502541
-0.949234 0.502625

-0.949235 0.502625
-0.949036 0.502782

-0.949036 0.502783
-0.948849 0.50293

-0.94885 0.50293
-0.94873 0.503023

-0.94873 0.503024
-0.948464 0.503235

-0.948463 0.503235
-0.948425 0.503264

-0.948425 0.503265
-0.94812 0.503506

-0.94812 0.503507
-0.948077 0.50354

-0.948078 0.50354
-0.947815 0.503748

-0.947815 0.503749
-0.947691 0.503845

-0.947692 0.503845
-0.94751 0.503989

-0.94751 0.503989
-0.947306 0.50415

-0.947306 0.50415
-0.947205 0.504229

-0.947205 0.50423
-0.94692 0.504456

-0.946919 0.504456
-0.946899 0.504471

-0.946899 0.504471
-0.946594 0.504713

-0.946594 0.504713
-0.946533 0.504761

-0.946533 0.504761
-0.946289 0.504954

-0.946289 0.504955
-0.946146 0.505066

-0.946148 0.505066
-0.945984 0.505194

-0.945984 0.505195
-0.945761 0.505371

-0.945761 0.505371
-0.945679 0.505435

-0.945679 0.505436
-0.945374 0.505676

-0.945374 0.505677
-0.945068 0.505918

-0.945068 0.505918
-0.944988 0.505981

-0.944988 0.505981
-0.944763 0.506159

-0.944763 0.50616
-0.944601 0.506287

-0.944603 0.506287
-0.944458 0.506399

-0.944458 0.5064
-0.944215 0.506592

-0.944214 0.506592
-0.944153 0.50664

-0.944153 0.506641
-0.943848 0.506882

-0.943848 0.506882
-0.943828 0.506897

-0.943828 0.506897
-0.943542 0.507123

-0.943542 0.507123
-0.943441 0.507202

-0.943442 0.507202
-0.943237 0.507363

-0.943237 0.507364
-0.943055 0.507507

-0.943055 0.507507
-0.942932 0.507603

-0.942932 0.507604
-0.942668 0.507812

-0.942667 0.507812
-0.942627 0.507844

-0.942627 0.507845
-0.942322 0.508085

-0.942322 0.508086
-0.942281 0.508118

-0.942281 0.508118
-0.942017 0.508326

-0.942017 0.508327
-0.941893 0.508423

-0.941894 0.508423
-0.941711 0.508566

-0.941711 0.508567
-0.941507 0.508728

-0.941507 0.508728
-0.941406 0.508806

-0.941406 0.508807
-0.94112 0.509033

-0.941119 0.509033
-0.941101 0.509047

-0.941101 0.509048
-0.940796 0.509288

-0.940796 0.509289
-0.940732 0.509338

-0.940733 0.509338
-0.940491 0.509529

-0.940491 0.50953
-0.940344 0.509644

-0.940346 0.509644
-0.940186 0.509769

-0.940186 0.50977
-0.939958 0.509949

-0.939958 0.509949
-0.93988 0.510009

-0.93988 0.51001
-0.939575 0.51025

-0.939575 0.51025
-0.93957 0.510254

-0.93957 0.510254
-0.93927 0.510491

-0.93927 0.510491
-0.939182 0.510559

-0.939183 0.510559
-0.938965 0.510731

-0.938965 0.510731
-0.938795 0.510864

-0.938797 0.510864
-0.93866 0.51097

-0.93866 0.510971
-0.938408 0.511169

-0.938407 0.511169
-0.938354 0.511211

-0.938354 0.511211
-0.938049 0.511452

-0.938049 0.511452
-0.93802 0.511475

-0.93802 0.511475
-0.937744 0.511692

-0.937744 0.511692
-0.937631 0.51178

-0.937633 0.51178
-0.937439 0.511932

-0.937439 0.511932
-0.937245 0.512085

-0.937245 0.512085
-0.937134 0.512171

-0.937134 0.512172
-0.936857 0.51239

-0.936856 0.51239
-0.936829 0.512411

-0.936829 0.512412
-0.936523 0.512652

-0.936523 0.512652
-0.936468 0.512695

-0.936469 0.512695
-0.936218 0.512892

-0.936218 0.512893
-0.936079 0.513

-0.936081 0.513
-0.935913 0.513132

-0.935913 0.513132
-0.935693 0.513306

-0.935692 0.513306
-0.935608 0.513371

-0.935608 0.513372
-0.935304 0.513611

-0.935304 0.513611
-0.935303 0.513612

-0.935303 0.513612
-0.934998 0.513852

-0.934998 0.513852
-0.934916 0.513916

-0.934916 0.513916
-0.934692 0.514092

-0.934692 0.514092
-0.934527 0.514221

-0.934529 0.514221
-0.934387 0.514331

-0.934387 0.514332
-0.93414 0.514526

-0.934139 0.514526
-0.934082 0.514571

-0.934082 0.514571
-0.933777 0.514811

-0.933777 0.514811
-0.933751 0.514832

-0.933751 0.514832
-0.933472 0.515051

-0.933472 0.515052
-0.933362 0.515137

-0.933363 0.515137
-0.933167 0.515291

-0.933167 0.515291
-0.932974 0.515442

-0.932974 0.515442
-0.932861 0.515529

-0.932861 0.51553
-0.932585 0.515747

-0.932585 0.515747
-0.932556 0.515769

-0.932556 0.51577
-0.932251 0.51601

-0.932251 0.51601
-0.932196 0.516052

-0.932197 0.516052
-0.931946 0.516249

-0.931946 0.51625
-0.931806 0.516357

-0.931808 0.516357
-0.931641 0.516488

-0.931641 0.516489
-0.931419 0.516663

-0.931419 0.516663
-0.931335 0.516727

-0.931335 0.516728
-0.93103 0.516968

-0.93103 0.516968
-0.930725 0.517207

-0.930725 0.517207
-0.93064 0.517273

-0.930641 0.517273
-0.93042 0.517446

-0.93042 0.517447
-0.930251 0.517578

-0.930253 0.517578
-0.930115 0.517685

-0.930115 0.517686
-0.929863 0.517883

-0.929862 0.517883
-0.92981 0.517924

-0.92981 0.517925
-0.929504 0.518164

-0.929504 0.518164
-0.929474 0.518188

-0.929474 0.518188
-0.929199 0.518404

-0.929199 0.518404
-0.929083 0.518494

-0.929085 0.518494
-0.928894 0.518643

-0.928894 0.518643
-0.928695 0.518799

-0.928695 0.518799
-0.928589 0.518881

-0.928589 0.518882
-0.928306 0.519104

-0.928305 0.519104
-0.928284 0.519121

-0.928284 0.519121
-0.927979 0.51936

-0.927979 0.519361
-0.927916 0.519409

-0.927916 0.519409
-0.927673 0.5196

-0.927673 0.5196
-0.927526 0.519714

-0.927528 0.519714
-0.927368 0.519838

-0.927368 0.519839
-0.927138 0.52002

-0.927137 0.52002
-0.927063 0.520077

-0.927063 0.520078
-0.926758 0.520317

-0.926758 0.520317
-0.926748 0.520325

-0.926748 0.520325
-0.926453 0.520556

-0.926453 0.520556
-0.926357 0.52063

-0.926358 0.52063
-0.926147 0.520795

-0.926147 0.520795
-0.925968 0.520935

-0.925969 0.520935
-0.925842 0.521032

-0.925842 0.521034
-0.925579 0.52124

-0.925578 0.52124
-0.925537 0.521272

-0.925537 0.521273
-0.925232 0.521511

-0.925232 0.521512
-0.925188 0.521545

-0.925189 0.521545
-0.924927 0.52175

-0.924927 0.521751
-0.924797 0.521851

-0.924799 0.521851
-0.924622 0.521989

-0.924622 0.521989
-0.924409 0.522156

-0.924409 0.522156
-0.924316 0.522227

-0.924316 0.522228
-0.924018 0.522461

-0.924018 0.522461
-0.924011 0.522466

-0.924011 0.522467
-0.923706 0.522705

-0.923706 0.522706
-0.923628 0.522766

-0.923628 0.522766
-0.923401 0.522944

-0.923401 0.522945
-0.923237 0.523071

-0.923239 0.523071
-0.923096 0.523182

-0.923096 0.523183
-0.922848 0.523376

-0.922847 0.523376
-0.922791 0.52342

-0.922791 0.523421
-0.922485 0.52366

-0.922485 0.52366
-0.922457 0.523682

-0.922458 0.523682
-0.92218 0.523898

-0.92218 0.523899
-0.922066 0.523987

-0.922067 0.523987
-0.921875 0.524137

-0.921875 0.524137
-0.921677 0.524292

-0.921677 0.524292
-0.92157 0.524374

-0.92157 0.524375
-0.921286 0.524597

-0.921285 0.524597
-0.921265 0.524613

-0.921265 0.524614
-0.920959 0.524852

-0.920959 0.524853
-0.920895 0.524902

-0.920896 0.524902
-0.920654 0.525091

-0.920654 0.525092
-0.920504 0.525208

-0.920506 0.525208
-0.920349 0.525328

-0.920349 0.525329
-0.920114 0.525513

-0.920114 0.525513
-0.920044 0.525567

-0.920044 0.525567
-0.919739 0.525806

-0.919739 0.525806
-0.919723 0.525818

-0.919723 0.525818
-0.919434 0.526044

-0.919434 0.526045
-0.919332 0.526123

-0.919333 0.526123
-0.919128 0.526282

-0.919128 0.526283
-0.918942 0.526428

-0.918942 0.526428
-0.918823 0.526519

-0.918823 0.526521
-0.918551 0.526733

-0.91855 0.526733
-0.918518 0.526758

-0.918518 0.526759
-0.918213 0.526997

-0.918213 0.526997
-0.918159 0.527039

-0.91816 0.527039
-0.917908 0.527235

-0.917908 0.527236
-0.917767 0.527344

-0.917769 0.527344
-0.917603 0.527473

-0.917603 0.527473
-0.917378 0.527649

-0.917377 0.527649
-0.917297 0.52771

-0.917297 0.527711
-0.916992 0.527949

-0.916992 0.527949
-0.916986 0.527954

-0.916986 0.527954
-0.916687 0.528187

-0.916687 0.528188
-0.916594 0.528259

-0.916595 0.528259
-0.916382 0.528425

-0.916382 0.528426
-0.916203 0.528564

-0.916204 0.528564
-0.916077 0.528662

-0.916077 0.528663
-0.915812 0.52887

-0.915811 0.52887
-0.915771 0.528901

-0.915771 0.528901
-0.915466 0.529139

-0.915466 0.529139
-0.91542 0.529175

-0.915421 0.529175
-0.915161 0.529377

-0.915161 0.529378
-0.915028 0.52948

-0.91503 0.52948
-0.914856 0.529615

-0.914856 0.529615
-0.914638 0.529785

-0.914637 0.529785
-0.914551 0.529852

-0.914551 0.529853
-0.914246 0.53009

-0.914246 0.53009
-0.91394 0.530328

-0.91394 0.530329
-0.913853 0.530396

-0.913854 0.530396
-0.913635 0.530566

-0.913635 0.530566
-0.913462 0.530701

-0.913463 0.530701
-0.91333 0.530802

-0.91333 0.530804
-0.913071 0.531006

-0.91307 0.531006
-0.913025 0.531041

-0.913025 0.531041
-0.91272 0.531279

-0.91272 0.531279
-0.912678 0.531311

-0.912679 0.531311
-0.912415 0.531517

-0.912415 0.531517
-0.912285 0.531616

-0.912287 0.531616
-0.912109 0.531754

-0.912109 0.531754
-0.911895 0.531921

-0.911895 0.531921
-0.911804 0.531991

-0.911804 0.531992
-0.911502 0.532227

-0.911502 0.532227
-0.911499 0.532229

-0.911499 0.532229
-0.911194 0.532467

-0.911194 0.532467
-0.91111 0.532532

-0.91111 0.532532
-0.910889 0.532704

-0.910889 0.532705
-0.910718 0.532837

-0.910719 0.532837
-0.910583 0.53294

-0.910583 0.532942
-0.910326 0.533142

-0.910325 0.533142
-0.910278 0.533178

-0.910278 0.533179
-0.909973 0.533416

-0.909973 0.533416
-0.909933 0.533447

-0.909933 0.533447
-0.909668 0.533654

-0.909668 0.533655
-0.90954 0.533752

-0.909541 0.533752
-0.909363 0.533891

-0.909363 0.533891
-0.909149 0.534058

-0.909149 0.534058
-0.909058 0.534127

-0.909058 0.534128
-0.908756 0.534363

-0.908756 0.534363
-0.908752 0.534365

-0.908752 0.534366
-0.908447 0.534603

-0.908447 0.534603
-0.908363 0.534668

-0.908363 0.534668
-0.908142 0.53484

-0.908142 0.53484
-0.90797 0.534973

-0.907972 0.534973
-0.907837 0.535076

-0.907837 0.535077
-0.907578 0.535278

-0.907577 0.535278
-0.907532 0.535314

-0.907532 0.535314
-0.907227 0.535551

-0.907227 0.535552
-0.907185 0.535583

-0.907185 0.535583
-0.906921 0.535789

-0.906921 0.535789
-0.906791 0.535889

-0.906793 0.535889
-0.906616 0.536025

-0.906616 0.536026
-0.9064 0.536194

-0.9064 0.536194
-0.906311 0.536262

-0.906311 0.536263
-0.906007 0.536499

-0.906006 0.5365
-0.905701 0.536737

-0.905701 0.536737
-0.905613 0.536804

-0.905614 0.536804
-0.905396 0.536974

-0.905396 0.536974
-0.90522 0.537109

-0.905222 0.537109
-0.90509 0.537209

-0.90509 0.53721
-0.904827 0.537415

-0.904827 0.537415
-0.904785 0.537447

-0.904785 0.537447
-0.90448 0.537684

-0.90448 0.537684
-0.904434 0.53772

-0.904434 0.53772
-0.904175 0.537921

-0.904175 0.537922
-0.90404 0.538025

-0.904041 0.538025
-0.90387 0.538157

-0.90387 0.538158
-0.903648 0.53833

-0.903647 0.53833
-0.903564 0.538394

-0.903564 0.538395
-0.903259 0.538631

-0.903259 0.538631
-0.903254 0.538635

-0.903254 0.538635
-0.902954 0.538868

-0.902954 0.538868
-0.90286 0.53894

-0.902861 0.53894
-0.902649 0.539105

-0.902649 0.539105
-0.902467 0.539246

-0.902468 0.539246
-0.902344 0.53934

-0.902344 0.539341
-0.902074 0.539551

-0.902073 0.539551
-0.902039 0.539577

-0.902039 0.539578
-0.901733 0.539815

-0.901733 0.539815
-0.90168 0.539856

-0.90168 0.539856
-0.901428 0.540051

-0.901428 0.540052
-0.901285 0.540161

-0.901287 0.540161
-0.901123 0.540287

-0.901123 0.540288
-0.900893 0.540466

-0.900892 0.540466
-0.900818 0.540523

-0.900818 0.540524
-0.900513 0.540761

-0.900513 0.540761
-0.900499 0.540771

-0.900499 0.540771
-0.900208 0.540997

-0.900208 0.540998
-0.900104 0.541077

-0.900105 0.541077
-0.899902 0.541234

-0.899902 0.541234
-0.899711 0.541382

-0.899712 0.541382
-0.899597 0.541469

-0.899597 0.54147
-0.899317 0.541687

-0.899316 0.541687
-0.899292 0.541706

-0.899292 0.541706
-0.898987 0.541943

-0.898987 0.541943
-0.898923 0.541992

-0.898923 0.541992
-0.898682 0.542179

-0.898682 0.54218
-0.898528 0.542297

-0.89853 0.542297
-0.898376 0.542415

-0.898376 0.542416
-0.898135 0.542603

-0.898134 0.542603
-0.898071 0.542651

-0.898071 0.542652
-0.897766 0.542888

-0.897766 0.542888
-0.89774 0.542908

-0.897741 0.542908
-0.897461 0.543124

-0.897461 0.543125
-0.897345 0.543213

-0.897346 0.543213
-0.897156 0.54336

-0.897156 0.543361
-0.896952 0.543518

-0.896952 0.543518
-0.896851 0.543595

-0.896851 0.543596
-0.896558 0.543823

-0.896557 0.543823
-0.896545 0.543832

-0.896545 0.543833
-0.89624 0.544069

-0.89624 0.544069
-0.896163 0.544128

-0.896163 0.544128
-0.895935 0.544305

-0.895935 0.544305
-0.895768 0.544434

-0.89577 0.544434
-0.89563 0.54454

-0.89563 0.544541
-0.895374 0.544739

-0.895373 0.544739
-0.895325 0.544776

-0.895325 0.544777
-0.89502 0.545013

-0.89502 0.545013
-0.894979 0.545044

-0.894979 0.545044
-0.894714 0.545249

-0.894714 0.54525
-0.894583 0.545349

-0.894585 0.545349
-0.894409 0.545485

-0.894409 0.545485
-0.89419 0.545654

-0.89419 0.545654
-0.894104 0.54572

-0.894104 0.545721
-0.893799 0.545957

-0.893799 0.545957
-0.893795 0.545959

-0.893795 0.545959
-0.893494 0.546192

-0.893494 0.546193
-0.893399 0.546265

-0.8934 0.546265
-0.893188 0.546428

-0.893188 0.546429
-0.893005 0.54657

-0.893006 0.54657
-0.892883 0.546663

-0.892883 0.546664
-0.89261 0.546875

-0.89261 0.546875
-0.892578 0.546899

-0.892578 0.5469
-0.892273 0.547136

-0.892273 0.547136
-0.892215 0.54718

-0.892215 0.54718
-0.891968 0.547371

-0.891968 0.547372
-0.891819 0.547485

-0.891821 0.547485
-0.891663 0.547607

-0.891663 0.547607
-0.891425 0.547791

-0.891425 0.547791
-0.891357 0.547842

-0.891357 0.547843
-0.891052 0.548078

-0.891052 0.548078
-0.89103 0.548096

-0.89103 0.548096
-0.890747 0.548314

-0.890747 0.548315
-0.890633 0.548401

-0.890635 0.548401
-0.890442 0.54855

-0.890442 0.54855
-0.890239 0.548706

-0.89024 0.548706
-0.890137 0.548784

-0.890137 0.548785
-0.889844 0.549011

-0.889843 0.549011
-0.889832 0.54902

-0.889832 0.549021
-0.889526 0.549256

-0.889526 0.549257
-0.889448 0.549316

-0.889448 0.549316
-0.889221 0.549492

-0.889221 0.549492
-0.889053 0.549622

-0.889054 0.549622
-0.888916 0.549726

-0.888916 0.549727
-0.888657 0.549927

-0.888657 0.549927
-0.888611 0.549962

-0.888611 0.549963
-0.888306 0.550198

-0.888306 0.550198
-0.888262 0.550232

-0.888262 0.550232
-0.888 0.550433

-0.888 0.550434
-0.887865 0.550537

-0.887867 0.550537
-0.887695 0.550668

-0.887695 0.550669
-0.887471 0.550842

-0.88747 0.550842
-0.88739 0.550903

-0.88739 0.550904
-0.887085 0.551139

-0.887085 0.551139
-0.887075 0.551147

-0.887075 0.551147
-0.88678 0.551375

-0.88678 0.551375
-0.886678 0.551453

-0.886679 0.551453
-0.886475 0.55161

-0.886475 0.55161
-0.886283 0.551758

-0.886283 0.551758
-0.886169 0.551844

-0.886169 0.551845
-0.885887 0.552063

-0.885886 0.552063
-0.885864 0.55208

-0.885864 0.55208
-0.885559 0.552316

-0.885559 0.552316
-0.88549 0.552368

-0.885491 0.552368
-0.885254 0.552551

-0.885254 0.552551
-0.885094 0.552673

-0.885096 0.552673
-0.884949 0.552785

-0.884949 0.552786
-0.884699 0.552979

-0.884698 0.552979
-0.884644 0.55302

-0.884644 0.553021
-0.884338 0.553256

-0.884338 0.553256
-0.884302 0.553284

-0.884303 0.553284
-0.884033 0.553491

-0.884033 0.553492
-0.883905 0.553589

-0.883907 0.553589
-0.883728 0.553726

-0.883728 0.553726
-0.88351 0.553894

-0.88351 0.553894
-0.883423 0.55396

-0.883423 0.553961
-0.883118 0.554196

-0.883118 0.554196
-0.883114 0.554199

-0.883114 0.554199
-0.882812 0.554431

-0.882812 0.554432
-0.882716 0.554504

-0.882717 0.554504
-0.882507 0.554666

-0.882507 0.554666
-0.882321 0.55481

-0.882322 0.55481
-0.882202 0.5549

-0.882202 0.554901
-0.881924 0.555115

-0.881924 0.555115
-0.881897 0.555135

-0.881897 0.555136
-0.881592 0.555371

-0.881592 0.555371
-0.881527 0.55542

-0.881528 0.55542
-0.881287 0.555605

-0.881287 0.555606
-0.88113 0.555725

-0.881132 0.555725
-0.880981 0.55584

-0.880981 0.55584
-0.880735 0.55603

-0.880734 0.55603
-0.880676 0.556074

-0.880676 0.556075
-0.880371 0.55631

-0.880371 0.55631
-0.880338 0.556335

-0.880338 0.556335
-0.880066 0.556545

-0.880066 0.556545
-0.87994 0.556641

-0.879941 0.556641
-0.879761 0.556779

-0.879761 0.556779
-0.879544 0.556946

-0.879544 0.556946
-0.879456 0.557013

-0.879456 0.557014
-0.87915 0.557249

-0.87915 0.557249
-0.879147 0.557251

-0.879147 0.557251
-0.878845 0.557483

-0.878845 0.557484
-0.878749 0.557556

-0.87875 0.557556
-0.87854 0.557718

-0.87854 0.557718
-0.878353 0.557861

-0.878354 0.557861
-0.878235 0.557951

-0.878235 0.557952
-0.877956 0.558167

-0.877956 0.558167
-0.87793 0.558186

-0.87793 0.558187
-0.877625 0.558421

-0.877625 0.558422
-0.877559 0.558472

-0.877559 0.558472
-0.877319 0.558656

-0.877319 0.558656
-0.877161 0.558777

-0.877163 0.558777
-0.877014 0.55889

-0.877014 0.558891
-0.876765 0.559082

-0.876764 0.559082
-0.876709 0.559124

-0.876709 0.559125
-0.876404 0.559359

-0.876404 0.559359
-0.876367 0.559387

-0.876367 0.559387
-0.876099 0.559594

-0.876099 0.559595
-0.875969 0.559692

-0.875971 0.559692
-0.875793 0.559828

-0.875793 0.559828
-0.875573 0.559998

-0.875573 0.559998
-0.875488 0.560061

-0.875488 0.560062
-0.875183 0.560297

-0.875183 0.560297
-0.875175 0.560303

-0.875175 0.560303
-0.874878 0.560531

-0.874878 0.560532
-0.874777 0.560608

-0.874778 0.560608
-0.874573 0.560765

-0.874573 0.560766
-0.87438 0.560913

-0.874381 0.560913
-0.874268 0.560999

-0.874268 0.561
-0.873983 0.561218

-0.873982 0.561218
-0.873962 0.561233

-0.873962 0.561234
-0.873657 0.561468

-0.873657 0.561468
-0.873585 0.561523

-0.873585 0.561523
-0.873352 0.561702

-0.873352 0.561703
-0.873187 0.561829

-0.873188 0.561829
-0.873047 0.561936

-0.873047 0.561937
-0.87279 0.562134

-0.872789 0.562134
-0.872742 0.56217

-0.872742 0.562171
-0.872437 0.562405

-0.872437 0.562405
-0.872392 0.562439

-0.872392 0.562439
-0.872131 0.562639

-0.872131 0.56264
-0.871993 0.562744

-0.871995 0.562744
-0.871826 0.562873

-0.871826 0.562873
-0.871596 0.563049

-0.871596 0.563049
-0.871521 0.563106

-0.871521 0.563107
-0.871216 0.563341

-0.871216 0.563341
-0.871198 0.563354

-0.871198 0.563354
-0.870911 0.563575

-0.870911 0.563576
-0.870799 0.56366

-0.8708 0.56366
-0.870605 0.563809

-0.870605 0.563809
-0.870402 0.563965

-0.870402 0.563965
-0.8703 0.564042

-0.8703 0.564043
-0.870004 0.56427

-0.870004 0.56427
-0.869995 0.564276

-0.869995 0.564277
-0.86969 0.564511

-0.86969 0.564511
-0.869605 0.564575

-0.869606 0.564575
-0.869385 0.564745

-0.869385 0.564745
-0.869207 0.56488

-0.869209 0.56488
-0.86908 0.564977

-0.86908 0.564979
-0.868809 0.565186

-0.868809 0.565186
-0.868774 0.565212

-0.868774 0.565212
-0.868469 0.565446

-0.868469 0.565446
-0.868411 0.565491

-0.868411 0.565491
-0.868164 0.56568

-0.868164 0.56568
-0.868012 0.565796

-0.868013 0.565796
-0.867859 0.565913

-0.867859 0.565914
-0.867614 0.566101

-0.867614 0.566101
-0.867554 0.566147

-0.867554 0.566147
-0.867249 0.566381

-0.867249 0.566381
-0.867216 0.566406

-0.867216 0.566406
-0.866943 0.566615

-0.866943 0.566616
-0.866816 0.566711

-0.866818 0.566711
-0.866638 0.566848

-0.866638 0.566849
-0.866419 0.567017

-0.866419 0.567017
-0.866333 0.567081

-0.866333 0.567082
-0.866028 0.567316

-0.866028 0.567316
-0.86602 0.567322

-0.86602 0.567322
-0.865723 0.567549

-0.865723 0.56755
-0.86562 0.567627

-0.865621 0.567627
-0.865417 0.567783

-0.865417 0.567783
-0.865223 0.567932

-0.865223 0.567932
-0.865112 0.568015

-0.865112 0.568017
-0.864824 0.568237

-0.864823 0.568237
-0.864807 0.56825

-0.864807 0.56825
-0.864502 0.568484

-0.864502 0.568484
-0.864424 0.568542

-0.864425 0.568542
-0.864197 0.568717

-0.864197 0.568718
-0.864026 0.568848

-0.864027 0.568848
-0.863892 0.56895

-0.863892 0.568951
-0.863627 0.569153

-0.863627 0.569153
-0.863586 0.569183

-0.863586 0.569184
-0.863281 0.569418

-0.863281 0.569418
-0.863228 0.569458

-0.863228 0.569458
-0.862976 0.569651

-0.862976 0.569651
-0.862828 0.569763

-0.86283 0.569763
-0.862671 0.569884

-0.862671 0.569884
-0.86243 0.570068

-0.86243 0.570068
-0.862366 0.570117

-0.862366 0.570118
-0.862061 0.570351

-0.862061 0.570351
-0.862031 0.570374

-0.862031 0.570374
-0.861755 0.570584

-0.861755 0.570585
-0.861631 0.570679

-0.861632 0.570679
-0.86145 0.570818

-0.86145 0.570818
-0.861233 0.570984

-0.861233 0.570984
-0.861145 0.57105

-0.861145 0.571051
-0.86084 0.571284

-0.86084 0.571284
-0.860833 0.571289

-0.860833 0.571289
-0.860535 0.571517

-0.860535 0.571518
-0.860433 0.571594

-0.860434 0.571594
-0.860229 0.571751

-0.860229 0.571751
-0.860035 0.571899

-0.860035 0.571899
-0.859924 0.571983

-0.859924 0.571984
-0.859635 0.572205

-0.859635 0.572205
-0.859619 0.572216

-0.859619 0.572217
-0.859314 0.57245

-0.859314 0.57245
-0.859235 0.57251

-0.859236 0.57251
-0.859009 0.572683

-0.859009 0.572684
-0.858836 0.572815

-0.858837 0.572815
-0.858704 0.572915

-0.858704 0.572916
-0.858437 0.57312

-0.858436 0.57312
-0.858398 0.573149

-0.858398 0.573149
-0.858093 0.573382

-0.858093 0.573383
-0.858037 0.573425

-0.858037 0.573425
-0.857788 0.573616

-0.857788 0.573616
-0.857637 0.57373

-0.857638 0.57373
-0.857483 0.573848

-0.857483 0.573849
-0.857238 0.574036

-0.857237 0.574036
-0.857178 0.574081

-0.857178 0.574082
-0.856873 0.574314

-0.856873 0.574315
-0.856838 0.574341

-0.856838 0.574341
-0.856567 0.574547

-0.856567 0.574548
-0.856437 0.574646

-0.856439 0.574646
-0.856262 0.57478

-0.856262 0.574781
-0.856039 0.574951

-0.856038 0.574951
-0.855957 0.575012

-0.855957 0.575013
-0.855652 0.575246

-0.855652 0.575246
-0.855638 0.575256

-0.855639 0.575256
-0.855347 0.575479

-0.855347 0.57548
-0.855237 0.575562

-0.855239 0.575562
-0.855042 0.575712

-0.855042 0.575712
-0.854839 0.575867

-0.854839 0.575867
-0.854736 0.575944

-0.854736 0.575945
-0.854439 0.576172

-0.854438 0.576172
-0.854431 0.576177

-0.854431 0.576178
-0.854126 0.57641

-0.854126 0.576411
-0.854038 0.576477

-0.854038 0.576477
-0.853821 0.576643

-0.853821 0.576643
-0.853638 0.576782

-0.853639 0.576782
-0.853516 0.576875

-0.853516 0.576876
-0.853238 0.577087

-0.853238 0.577087
-0.85321 0.577108

-0.85321 0.577109
-0.852905 0.577341

-0.852905 0.577341
-0.852837 0.577393

-0.852838 0.577393
-0.8526 0.577574

-0.8526 0.577574
-0.852437 0.577698

-0.852438 0.577698
-0.852295 0.577806

-0.852295 0.577807
-0.852037 0.578003

-0.852037 0.578003
-0.85199 0.578038

-0.85199 0.578039
-0.851685 0.578272

-0.851685 0.578272
-0.851637 0.578308

-0.851637 0.578308
-0.851379 0.578504

-0.851379 0.578505
-0.851236 0.578613

-0.851237 0.578613
-0.851074 0.578737

-0.851074 0.578737
-0.850836 0.578918

-0.850836 0.578918
-0.850769 0.578969

-0.850769 0.57897
-0.850464 0.579202

-0.850464 0.579202
-0.850435 0.579224

-0.850436 0.579224
-0.850159 0.579435

-0.850159 0.579435
-0.850034 0.579529

-0.850035 0.579529
-0.849854 0.579667

-0.849854 0.579667
-0.849635 0.579834

-0.849634 0.579834
-0.849548 0.579899

-0.849548 0.5799
-0.849243 0.580132

-0.849243 0.580132
-0.849234 0.580139

-0.849234 0.580139
-0.848938 0.580364

-0.848938 0.580365
-0.848832 0.580444

-0.848833 0.580444
-0.848633 0.580597

-0.848633 0.580597
-0.848433 0.58075

-0.848433 0.58075
-0.848328 0.580828

-0.848328 0.580829
-0.848032 0.581055

-0.848031 0.581055
-0.848022 0.581061

-0.848022 0.581062
-0.847717 0.581294

-0.847717 0.581294
-0.84763 0.58136

-0.847631 0.58136
-0.847412 0.581526

-0.847412 0.581527
-0.84723 0.581665

-0.847231 0.581665
-0.847107 0.581758

-0.847107 0.581759
-0.846829 0.58197

-0.846828 0.58197
-0.846802 0.58199

-0.846802 0.581991
-0.846497 0.582223

-0.846497 0.582223
-0.846427 0.582275

-0.846428 0.582275
-0.846191 0.582456

-0.846191 0.582456
-0.846027 0.582581

-0.846028 0.582581
-0.845886 0.582687

-0.845886 0.582688
-0.845626 0.582886

-0.845625 0.582886
-0.845581 0.582919

-0.845581 0.58292
-0.845276 0.583152

-0.845276 0.583152
-0.845225 0.583191

-0.845225 0.583191
-0.844971 0.583384

-0.844971 0.583385
-0.844823 0.583496

-0.844824 0.583496
-0.844666 0.583616

-0.844666 0.583617
-0.844423 0.583801

-0.844422 0.583801
-0.84436 0.583848

-0.84436 0.583849
-0.844055 0.584081

-0.844055 0.584081
-0.844021 0.584106

-0.844021 0.584106
-0.84375 0.584313

-0.84375 0.584314
-0.843619 0.584412

-0.843621 0.584412
-0.843445 0.584545

-0.843445 0.584545
-0.843219 0.584717

-0.843219 0.584717
-0.84314 0.584776

-0.84314 0.584777
-0.842834 0.585009

-0.842834 0.585009
-0.842817 0.585022

-0.842818 0.585022
-0.842529 0.585241

-0.842529 0.585242
-0.842415 0.585327

-0.842416 0.585327
-0.842224 0.585473

-0.842224 0.585473
-0.842015 0.585632

-0.842015 0.585632
-0.841919 0.585704

-0.841919 0.585705
-0.841614 0.585937

-0.841613 0.585938
-0.841309 0.586169

-0.841309 0.58617
-0.841211 0.586243

-0.841212 0.586243
-0.841003 0.586401

-0.841003 0.586401
-0.84081 0.586548

-0.840811 0.586548
-0.840698 0.586632

-0.840698 0.586633
-0.840409 0.586853

-0.840408 0.586853
-0.840393 0.586864

-0.840393 0.586865
-0.840088 0.587097

-0.840088 0.587097
-0.840006 0.587158

-0.840007 0.587158
-0.839783 0.587329

-0.839783 0.587329
-0.839605 0.587463

-0.839606 0.587463
-0.839478 0.587559

-0.839478 0.587561
-0.839204 0.587769

-0.839203 0.587769
-0.839172 0.587792

-0.839172 0.587792
-0.838867 0.588024

-0.838867 0.588024
-0.838801 0.588074

-0.838802 0.588074
-0.838562 0.588256

-0.838562 0.588256
-0.8384 0.588379

-0.838401 0.588379
-0.838257 0.588487

-0.838257 0.588488
-0.837998 0.588684

-0.837998 0.588684
-0.837952 0.588719

-0.837952 0.588719
-0.837646 0.588951

-0.837646 0.588951
-0.837596 0.588989

-0.837596 0.588989
-0.837341 0.589183

-0.837341 0.589183
-0.837194 0.589294

-0.837195 0.589294
-0.837036 0.589414

-0.837036 0.589415
-0.836793 0.5896

-0.836792 0.5896
-0.836731 0.589646

-0.836731 0.589646
-0.836426 0.589878

-0.836426 0.589878
-0.83639 0.589905

-0.836391 0.589905
-0.836121 0.59011

-0.836121 0.59011
-0.835987 0.59021

-0.835989 0.59021
-0.835815 0.590341

-0.835815 0.590342
-0.835587 0.590515

-0.835586 0.590515
-0.83551 0.590572

-0.83551 0.590573
-0.835205 0.590805

-0.835205 0.590805
-0.835184 0.59082

-0.835185 0.59082
-0.8349 0.591036

-0.8349 0.591037
-0.834781 0.591125

-0.834783 0.591125
-0.834595 0.591268

-0.834595 0.591268
-0.83438 0.591431

-0.83438 0.591431
-0.83429 0.591498

-0.83429 0.591499
-0.833984 0.591731

-0.833984 0.591731
-0.833978 0.591736

-0.833978 0.591736
-0.833679 0.591963

-0.833679 0.591963
-0.833575 0.592041

-0.833576 0.592041
-0.833374 0.592194

-0.833374 0.592194
-0.833174 0.592346

-0.833174 0.592346
-0.833069 0.592424

-0.833069 0.592426
-0.832771 0.592651

-0.832771 0.592651
-0.832764 0.592657

-0.832764 0.592657
-0.832458 0.592889

-0.832458 0.592889
-0.832368 0.592957

-0.832369 0.592957
-0.832153 0.59312

-0.832153 0.59312
-0.831966 0.593262

-0.831967 0.593262
-0.831848 0.59335

-0.831848 0.593351
-0.831564 0.593567

-0.831563 0.593567
-0.831543 0.593582

-0.831543 0.593583
-0.831238 0.593814

-0.831238 0.593815
-0.831161 0.593872

-0.831162 0.593872
-0.830933 0.594046

-0.830933 0.594046
-0.830759 0.594177

-0.83076 0.594177
-0.830627 0.594276

-0.830627 0.594277
-0.830357 0.594482

-0.830356 0.594482
-0.830322 0.594508

-0.830322 0.594508
-0.830017 0.59474

-0.830017 0.59474
-0.829953 0.594788

-0.829954 0.594788
-0.829712 0.594971

-0.829712 0.594971
-0.829551 0.595093

-0.829552 0.595093
-0.829407 0.595202

-0.829407 0.595202
-0.829149 0.595398

-0.829148 0.595398
-0.829102 0.595433

-0.829102 0.595434
-0.828796 0.595665

-0.828796 0.595665
-0.828746 0.595703

-0.828746 0.595703
-0.828491 0.595896

-0.828491 0.595897
-0.828343 0.596008

-0.828344 0.596008
-0.828186 0.596127

-0.828186 0.596128
-0.827941 0.596313

-0.82794 0.596313
-0.827881 0.596358

-0.827881 0.596359
-0.827576 0.59659

-0.827576 0.59659
-0.827538 0.596619

-0.827538 0.596619
-0.827271 0.596821

-0.827271 0.596822
-0.827134 0.596924

-0.827135 0.596924
-0.826965 0.597052

-0.826965 0.597053
-0.826732 0.597229

-0.826732 0.597229
-0.82666 0.597283

-0.82666 0.597284
-0.826355 0.597515

-0.826355 0.597515
-0.826329 0.597534

-0.826329 0.597534
-0.82605 0.597746

-0.82605 0.597747
-0.825925 0.597839

-0.825927 0.597839
-0.825745 0.597977

-0.825745 0.597977
-0.825524 0.598145

-0.825523 0.598145
-0.825439 0.598207

-0.825439 0.598208
-0.825134 0.598439

-0.825134 0.598439
-0.82512 0.59845

-0.825121 0.59845
-0.824829 0.59867

-0.824829 0.598671
-0.824716 0.598755

-0.824718 0.598755
-0.824524 0.598901

-0.824524 0.598902
-0.824315 0.59906

-0.824315 0.59906
-0.824219 0.599131

-0.824219 0.599132
-0.823914 0.599364

-0.823914 0.599364
-0.823911 0.599365

-0.823911 0.599365
-0.823608 0.599595

-0.823608 0.599595
-0.823507 0.59967

-0.823508 0.59967
-0.823303 0.599826

-0.823303 0.599826
-0.823105 0.599976

