-1.63277 0.0
-1.63276 0.000610352

-1.63276 0.000610352
-1.63274 0.0012207

-1.63274 0.0012207
-1.6327 0.00183105

-1.6327 0.00183105
-1.63265 0.00244141

-1.63265 0.00244141
-1.63258 0.00305176

-1.63258 0.00305176
-1.63249 0.00366211

-1.63249 0.00366211
-1.63238 0.00427246

-1.63238 0.00427246
-1.63232 0.00455117

-1.63232 0.00455362
-1.63225 0.00488281

-1.63226 0.00488281
-1.6321 0.00549316

-1.6321 0.00549316
-1.63193 0.00610352

-1.63193 0.00610352
-1.63172 0.00671387

-1.63172 0.00671387
-1.63171 0.00673121

-1.63171 0.00673164
-1.63148 0.00732422

-1.63148 0.00732422
-1.63121 0.00793457

-1.63121 0.00793457
-1.6311 0.00813121

-1.6311 0.00813384
-1.63089 0.00854492

-1.63089 0.00854492
-1.63052 0.00915527

-1.63052 0.00915527
-1.63049 0.00919902

-1.63049 0.00919894
-1.6301 0.00976562

-1.63009 0.00976562
-1.62988 0.010035

-1.62988 0.0100308
-1.6296 0.010376

-1.6296 0.010376
-1.62927 0.0107271

-1.62927 0.0107249
-1.62901 0.0109863

-1.62901 0.0109863
-1.62866 0.0113033

-1.62866 0.0113051
-1.6283 0.0115967

-1.6283 0.0115967
-1.62805 0.0117842

-1.62805 0.0117866
-1.62744 0.0121957

-1.62744 0.0121921
-1.62742 0.012207

-1.62742 0.012207
-1.62683 0.0125387

-1.62683 0.0125382
-1.62624 0.0128174

-1.62624 0.0128174
-1.62622 0.0128263

-1.62622 0.0128252
-1.62561 0.0130651

-1.62561 0.0130643
-1.625 0.0132613

-1.625 0.0132614
-1.62439 0.0134169

-1.62439 0.0134128
-1.62431 0.0134277

-1.62433 0.0134277
-1.62378 0.0135324

-1.62378 0.0135311
-1.62317 0.0136136

-1.62317 0.0136135
-1.62256 0.0136641

-1.62256 0.0136637
-1.62195 0.013683

-1.62195 0.0136827
-1.62134 0.013672

-1.62134 0.0136717
-1.62073 0.0136323

-1.62073 0.0136321
-1.62012 0.0135649

-1.6189 0.0133556
-1.61927 0.0134277

-1.62012 0.0135642
-1.61951 0.0134709

-1.61951 0.0134658
-1.61931 0.0134277

-1.6189 0.0133517
-1.61829 0.0132071

-1.61829 0.0132074
-1.61768 0.0130379

-1.61523 0.0121204
-1.61543 0.012207

-1.61768 0.0130373
-1.61707 0.0128434

-1.61646 0.0126269
-1.61699 0.0128174

-1.61707 0.0128365
-1.61701 0.0128174

-1.61646 0.0126252
-1.61584 0.0123836

-1.61584 0.0123835
-1.61544 0.012207

-1.61096 0.00969688
-1.61107 0.00976562

-1.61096 0.00969583
-1.61035 0.0092828

-1.60913 0.00842212
-1.60931 0.00854492

-1.60974 0.00885769
-1.61017 0.00915527

-1.61035 0.00928834
-1.61016 0.00915527

-1.60974 0.00886181
-1.6093 0.00854492

-1.60913 0.00842281
-1.60852 0.00797681

-1.60791 0.00752297
-1.60847 0.00793457

-1.60852 0.00798846
-1.60845 0.00793457

-1.6073 0.00706212
-1.60765 0.00732422

-1.60669 0.00659521
-1.60685 0.00671387

-1.6073 0.00706768
-1.60684 0.00671387

-1.60547 0.00564566
-1.60605 0.00610352

-1.60669 0.00659814
-1.60608 0.00612448

-1.60608 0.00614278
-1.60603 0.00610352

-1.60791 0.00752952
-1.60763 0.00732422

-1.61523 0.0121189
-1.61462 0.0118326

-1.61401 0.0115245
-1.61416 0.0115967

-1.61462 0.0118335
-1.61416 0.0115967

-1.61279 0.0108467
-1.61304 0.0109863

-1.61401 0.0115233
-1.6134 0.0111948

-1.6134 0.011197
-1.61303 0.0109863

-1.61279 0.0108463
-1.61218 0.0104795

-1.61157 0.0100959
-1.61202 0.010376

-1.61218 0.010483
-1.61201 0.010376

-1.61157 0.0100984
-1.61106 0.00976562

-1.60425 0.00467711
-1.60451 0.00488281

-1.60364 0.00418946
-1.60374 0.00427246

-1.60425 0.00468315
-1.60373 0.00427246

-1.60364 0.00419214
-1.60303 0.00370997

-1.6012 0.00237709
-1.6013 0.00244141

-1.6012 0.00237395
-1.60059 0.00203281

-1.60242 0.00323715
-1.60297 0.00366211

-1.60181 0.00278827
-1.60218 0.00305176

-1.60242 0.00325434
-1.60213 0.00305176

-1.60303 0.00373613
-1.60293 0.00366211

-1.60181 0.00280172
-1.60127 0.00244141

-1.60486 0.00516251
-1.60528 0.00549316

-1.60547 0.00565803
-1.60526 0.00549316

-1.60486 0.00517122
-1.60449 0.00488281

-1.59998 0.00176106
-1.60013 0.00183105

-1.60059 0.00205496
-1.60009 0.00183105

-1.59998 0.00176009
-1.59937 0.00154125

-1.59937 0.00154635
-1.59875 0.00140408

-1.59875 0.00141009
-1.59814 0.00132218

-1.59814 0.00132566
-1.59753 0.00127313

-1.59753 0.00127538
-1.59692 0.00124678

-1.59692 0.00124835
-1.59631 0.00123603

-1.59631 0.00123713
-1.5957 0.00123576

-1.5957 0.00123655
-1.59509 0.00124234

-1.59509 0.00124289
-1.59448 0.00125318

-1.59448 0.00125356
-1.59387 0.00126648

-1.59387 0.00126674
-1.59326 0.00128104

-1.59326 0.00128121
-1.59265 0.00129601

-1.59265 0.00129612
-1.59204 0.00131085

-1.59204 0.00131092
-1.59143 0.00132521

-1.59143 0.00132526
-1.59082 0.00133887

-1.59082 0.0013389
-1.59021 0.00135167

-1.59021 0.00135169
-1.5896 0.00136352

-1.5896 0.00136354
-1.58899 0.00137435

-1.58899 0.00137437
-1.58838 0.00138409

-1.58838 0.00138411
-1.58777 0.00139266

-1.58777 0.00139269
-1.58716 0.00139997

-1.58716 0.0014
-1.58655 0.00140588

-1.58655 0.00140593
-1.58594 0.00141022

-1.58594 0.0014103
-1.58533 0.00141274

-1.58533 0.00141287
-1.58472 0.00141307

-1.58472 0.00141325
-1.58411 0.00141062

-1.58411 0.00141086
-1.5835 0.00140456

-1.5835 0.00140487
-1.58289 0.00139381

-1.58289 0.00139416
-1.58228 0.00137705

-1.58228 0.00137738
-1.58167 0.00135287

-1.58167 0.00135312
-1.58105 0.00132004

-1.58105 0.00132027
-1.58044 0.00127768

-1.58044 0.00128012
-1.57983 0.00122266

-1.57983 0.00121832
-1.57922 0.00114969

-1.57922 0.0011488
-1.57861 0.00107945

-1.57983 0.0012236
-1.57981 0.0012207

-1.57861 0.0010783
-1.578 0.00101244

-1.578 0.00101142
-1.57739 0.000953379

-1.57739 0.000952833
-1.57678 0.000905724

-1.57678 0.00090572
-1.57617 0.000870645

-1.57617 0.000871122
-1.57556 0.000847135

-1.57556 0.000847801
-1.57495 0.000832619

-1.57495 0.000833292
-1.57434 0.00082424

-1.57434 0.00082479
-1.57373 0.00081942

-1.57373 0.000819789
-1.57312 0.000816266

-1.57312 0.000816487
-1.57251 0.000813629

-1.57251 0.000813734
-1.5719 0.000810886

-1.5719 0.000810916
-1.57129 0.000807808

-1.57129 0.000807786
-1.57068 0.000804402

-1.57068 0.000804363
-1.57007 0.000800821

-1.57007 0.000800768
-1.56946 0.000797253

-1.56946 0.000797211
-1.56885 0.000793914

-1.56885 0.000793875
-1.56824 0.000790957

-1.56824 0.000790933
-1.56763 0.000788518

-1.56763 0.000788494
-1.56702 0.000786675

-1.56702 0.000786688
-1.56641 0.000785488

-1.56641 0.000785495
-1.5658 0.000784874

-1.5658 0.000784894
-1.56519 0.000784797

-1.56519 0.00078479
-1.56458 0.000785192

-1.56458 0.000785218
-1.56396 0.000786085

-1.56396 0.000786079
-1.56335 0.000787373

-1.56335 0.000787385
-1.56274 0.000789094

-1.56274 0.000789021
-1.56213 0.000791265

-1.56213 0.000791246
-1.56152 0.00079421

-1.56152 0.000794058
-1.56091 0.000798084

-1.56091 0.000798056
-1.5603 0.0008035

-1.5603 0.000803337
-1.55969 0.000810583

-1.55969 0.000810699
-1.55908 0.000819843

-1.55908 0.000819571
-1.55847 0.000830923

-1.55847 0.00083119
-1.55786 0.000844761

-1.55786 0.000844326
-1.55725 0.000860454

-1.55725 0.000861063
-1.55664 0.000879398

-1.55664 0.000878717
-1.55603 0.000899405

-1.55603 0.000900869
-1.55542 0.000922344

-1.55542 0.00092102
-1.55481 0.000943003

-1.55481 0.000945713
-1.5542 0.000965429

-1.5542 0.000963149
-1.55359 0.000979741

-1.55359 0.000984953
-1.55298 0.000992555

-1.55298 0.00100154
-1.55267 0.000972809

-1.55267 0.000986749
-1.55237 0.000985501

-1.55237 0.000986083
-1.55206 0.000983275

-1.55206 0.000983411
-1.55176 0.00097761

-1.55176 0.000977672
-1.55145 0.000968484

-1.55145 0.00096851
-1.55115 0.000955756

-1.55115 0.000955598
-1.55084 0.000939544

-1.55084 0.00093982
-1.55054 0.000920228

-1.55023 0.000896807
-1.55048 0.000915527

-1.55054 0.000920462
-1.55047 0.000915527

-1.55023 0.000896755
-1.54993 0.000871952

-1.54993 0.000871793
-1.54962 0.000845769

-1.54962 0.000845605
-1.54932 0.000819004

-1.54932 0.000818892
-1.54901 0.000792266

-1.54901 0.0007922
-1.54871 0.000765907

-1.54871 0.000765874
-1.5484 0.000740109

-1.5484 0.000740136
-1.5481 0.000714909

-1.5481 0.000714918
-1.54779 0.000690159

-1.54779 0.000690158
-1.54749 0.000665851

-1.54749 0.000666165
-1.54718 0.000641685

-1.54718 0.000643333
-1.54688 0.000614756

-1.54657 0.000580661
-1.54686 0.000610352

-1.54657 0.000580789
-1.54626 0.000551037

-1.54688 0.000615256
-1.54683 0.000610352

-1.54626 0.000551184
-1.54596 0.000523347

-1.54596 0.000523323
-1.54565 0.000497154

-1.54565 0.000497088
-1.54535 0.000472763

-1.54535 0.000472664
-1.54504 0.000450513

-1.54504 0.000450469
-1.54474 0.000430778

-1.54474 0.000430795
-1.54443 0.000413617

-1.54443 0.000413634
-1.54413 0.000398904

-1.54413 0.000398945
-1.54382 0.000386544

-1.54382 0.000386605
-1.54352 0.000376327

-1.54352 0.000376409
-1.54321 0.000367969

-1.54321 0.000368076
-1.54291 0.000361094

-1.54291 0.000361217
-1.5426 0.000355232

-1.5426 0.000355375
-1.5423 0.000349857

-1.5423 0.000349916
-1.54199 0.000344462

-1.54199 0.000344494
-1.54169 0.000338925

-1.54169 0.000338803
-1.54138 0.000333302

-1.54138 0.00033389
-1.54108 0.000327523

-1.54108 0.000327588
-1.54077 0.00031905

-1.54077 0.000317778
-1.54047 0.000309484

-1.54047 0.000310848
-1.5403 0.000305176

-1.54016 0.000302499
-1.53986 0.000283379

-1.53986 0.000283269
-1.53955 0.000290398

-1.53955 0.00029866
-1.53925 0.000301476

-1.53925 0.000293698
-1.53894 0.000285601

-1.53894 0.000293762
-1.53864 0.00029018

-1.53864 0.000281521
-1.53833 0.000290613

-1.53833 0.000303357
-1.53802 0.000298769

-1.53802 0.000285397
-1.53772 0.000277561

-1.53772 0.000302766
-1.53741 0.000283521

-1.53772 0.000306964
-1.53766 0.000305176

-1.53711 0.000149299
-1.53728 0.000305176

-1.53741 0.00030854
-1.53741 0.000305176

-1.53711 0.000198884
-1.53701 0.0

-1.5011 0.007026
-1.50138 0.00732422

-1.50049 0.00651101
-1.50075 0.00671387

-1.50079 0.00674849
-1.50109 0.00701904

-1.5011 0.00702578
-1.50109 0.00701904

-1.50079 0.00675018
-1.50075 0.00671387

-1.50171 0.00777395
-1.50181 0.00793457

-1.50201 0.00834033
-1.5021 0.00854492

-1.50181 0.00793457
-1.50197 0.00823975

-1.50201 0.00833799
-1.50197 0.00823975

-1.50232 0.00941466
-1.50233 0.00946045

-1.50233 0.00946045
-1.50236 0.00976562

-1.5021 0.00854492
-1.5022 0.0088501

-1.5022 0.0088501
-1.50228 0.00915527

-1.50232 0.00941017
-1.50228 0.00915527

-1.5014 0.00735843
-1.50162 0.00762939

-1.50171 0.00777383
-1.50162 0.00762939

-1.5014 0.00735647
-1.50138 0.00732422

-1.49957 0.00594112
-1.49986 0.00610352

-1.49927 0.00578608
-1.49929 0.00579834

-1.49957 0.0059396
-1.4993 0.00579834

-1.50018 0.00630258
-1.50034 0.00640869

-1.50049 0.00651017
-1.50034 0.00640869

-1.50018 0.00630017
-1.49988 0.0061106

-1.49988 0.00611154
-1.49986 0.00610352

-1.49927 0.00578437
-1.49896 0.0056384

-1.49896 0.00563704
-1.49866 0.0055012

-1.49835 0.00537636
-1.49863 0.00549316

-1.49835 0.00537549
-1.49805 0.00525513

-1.49866 0.00550175
-1.49864 0.00549316

-1.50236 0.00976562
-1.50237 0.0100708

-1.50237 0.0100708
-1.50237 0.010376

-1.50237 0.010376
-1.50235 0.0106812

-1.50235 0.0106812
-1.50232 0.0109851

-1.50232 0.0109778
-1.50232 0.0109863

-1.50232 0.0109863
-1.50232 0.0109891

-1.50232 0.0109863
-1.50227 0.0112915

-1.50227 0.0112915
-1.50221 0.0115967

-1.50221 0.0115967
-1.50215 0.0119019

-1.50214 0.0119019
-1.50206 0.012207

-1.50206 0.012207
-1.50201 0.0123756

-1.50201 0.012373
-1.50197 0.0125122

-1.50197 0.0125122
-1.50187 0.0128174

-1.50187 0.0128174
-1.50176 0.0131226

-1.50176 0.0131226
-1.50171 0.0132558

-1.50171 0.013254
-1.50164 0.0134277

-1.50164 0.0134277
-1.50151 0.0137329

-1.50151 0.0137329
-1.5014 0.0139762

-1.5014 0.013975
-1.50138 0.0140381

-1.50138 0.0140381
-1.50123 0.0143433

-1.50123 0.0143433
-1.5011 0.0146101

-1.5011 0.0146092
-1.50108 0.0146484

-1.50108 0.0146484
-1.50092 0.0149536

-1.50092 0.0149536
-1.50079 0.0151867

-1.50079 0.0151857
-1.50075 0.0152588

-1.50075 0.0152588
-1.50058 0.015564

-1.50058 0.015564
-1.50049 0.0157229

-1.50049 0.0157218
-1.5004 0.0158691

-1.5004 0.0158691
-1.50022 0.0161743

-1.50022 0.0161743
-1.50018 0.0162293

-1.50018 0.0162274
-1.50003 0.0164795

-1.50003 0.0164795
-1.49988 0.0167081

-1.49988 0.0167072
-1.49983 0.0167847

-1.49983 0.0167847
-1.49963 0.0170898

-1.49963 0.0170898
-1.49957 0.0171701

-1.49957 0.0171681
-1.49942 0.017395

-1.49942 0.017395
-1.49927 0.0176124

-1.49927 0.0176111
-1.49921 0.0177002

-1.49921 0.0177002
-1.49899 0.0180054

-1.49899 0.0180054
-1.49896 0.0180436

-1.49896 0.018042
-1.49877 0.0183105

-1.49877 0.0183105
-1.49866 0.0184603

-1.49866 0.0184586
-1.49854 0.0186157

-1.49854 0.0186157
-1.49835 0.0188667

-1.49835 0.0188661
-1.49831 0.0189209

-1.49831 0.0189209
-1.49808 0.0192261

-1.49808 0.0192261
-1.49805 0.0192656

-1.49683 0.00483552
-1.49697 0.00488281

-1.49683 0.00483531
-1.49652 0.00474109

-1.49652 0.00474068
-1.49622 0.00464974

-1.49591 0.00456381
-1.49596 0.00457764

-1.49622 0.00464959
-1.49596 0.00457764

-1.49591 0.00456346
-1.49561 0.0044793

-1.49561 0.00447894
-1.4953 0.00439706

-1.4953 0.0043971
-1.495 0.00431816

-1.49469 0.00424231
-1.49481 0.00427246

-1.49469 0.00424217
-1.49438 0.00416753

-1.495 0.00431807
-1.49481 0.00427246

-1.49438 0.00416719
-1.49408 0.0040945

-1.49408 0.00409467
-1.49377 0.00402429

-1.49347 0.00395606
-1.49352 0.00396729

-1.49377 0.00402433
-1.49352 0.00396729

-1.49347 0.00395591
-1.49316 0.00388856

-1.49774 0.00514379
-1.49786 0.00518799

-1.49805 0.00525457
-1.49787 0.00518799

-1.49774 0.00514342
-1.49744 0.00503567

-1.49744 0.00503495
-1.49713 0.004932

-1.49713 0.0049318
-1.49698 0.00488281

-1.49194 0.00363583
-1.49207 0.00366211

-1.49316 0.00388835
-1.49286 0.00382241

-1.49286 0.00382225
-1.49255 0.00375848

-1.49255 0.00375885
-1.49225 0.00369685

-1.49225 0.0036969
-1.49207 0.00366211

-1.49194 0.00363577
-1.49164 0.00357555

-1.49164 0.00357536
-1.49133 0.00351648

-1.49133 0.0035163
-1.49103 0.00345948

-1.49103 0.00345988
-1.49072 0.00340468

-1.49042 0.00334998
-1.49046 0.00335693

-1.49072 0.00340491
-1.49046 0.00335693

-1.49042 0.00334993
-1.49011 0.00329555

-1.49011 0.00329547
-1.48981 0.00324205

-1.48981 0.00324174
-1.4895 0.00319005

-1.4895 0.0031902
-1.4892 0.00314051

-1.4892 0.00314078
-1.48889 0.00309226

-1.48859 0.00304382
-1.48864 0.00305176

-1.48859 0.00304377
-1.48828 0.00299557

-1.48889 0.00309258
-1.48863 0.00305176

-1.49805 0.0192644
-1.49784 0.0195312

-1.49784 0.0195312
-1.49774 0.0196554

-1.49774 0.0196532
-1.4976 0.0198364

-1.4976 0.0198364
-1.49744 0.0200365

-1.49744 0.0200352
-1.49735 0.0201416

-1.49735 0.0201416
-1.49713 0.0204119

-1.49713 0.0204116
-1.4971 0.0204468

-1.4971 0.0204468
-1.49685 0.020752

-1.49685 0.020752
-1.49683 0.0207826

-1.49683 0.0207813
-1.4966 0.0210571

-1.4966 0.0210571
-1.49652 0.0211464

-1.49652 0.021145
-1.49634 0.0213623

-1.49634 0.0213623
-1.49622 0.021506

-1.49622 0.0215034
-1.49608 0.0216675

-1.49608 0.0216675
-1.49591 0.0218606

-1.49591 0.0218587
-1.49581 0.0219727

-1.49581 0.0219727
-1.49561 0.0222101

-1.49561 0.0222096
-1.49555 0.0222778

-1.49555 0.0222778
-1.4953 0.0225567

-1.4953 0.0225565
-1.49528 0.022583

-1.49528 0.022583
-1.49501 0.0228882

-1.49501 0.0228882
-1.495 0.0229008

-1.495 0.0228996
-1.49473 0.0231934

-1.49473 0.0231934
-1.49469 0.0232402

-1.49469 0.0232391
-1.49446 0.0234985

-1.49446 0.0234985
-1.49438 0.0235768

-1.49438 0.0235751
-1.49418 0.0238037

-1.49418 0.0238037
-1.49408 0.0239106

-1.49408 0.0239085
-1.4939 0.0241089

-1.4939 0.0241089
-1.49377 0.0242417

-1.49377 0.0242401
-1.49361 0.0244141

-1.49361 0.0244141
-1.49347 0.0245705

-1.49347 0.024569
-1.49333 0.0247192

-1.49333 0.0247192
-1.49316 0.024897

-1.49316 0.0248956
-1.49304 0.0250244

-1.49304 0.0250244
-1.49286 0.0252214

-1.49286 0.0252201
-1.49276 0.0253296

-1.49275 0.0253296
-1.49255 0.0255435

-1.49255 0.0255423
-1.49247 0.0256348

-1.49247 0.0256348
-1.49225 0.0258637

-1.49225 0.0258625
-1.49217 0.0259399

-1.49217 0.0259399
-1.49194 0.0261818

-1.49194 0.0261808
-1.49188 0.0262451

-1.49188 0.0262451
-1.49164 0.0264981

-1.49164 0.0264974
-1.49159 0.0265503

-1.49159 0.0265503
-1.49133 0.0268129

-1.49133 0.0268124
-1.49129 0.0268555

-1.49129 0.0268555
-1.49103 0.0271262

-1.49103 0.0271258
-1.49099 0.0271606

-1.49099 0.0271606
-1.49072 0.0274381

-1.49072 0.0274378
-1.4907 0.0274658

-1.4907 0.0274658
-1.49042 0.0277486

-1.49042 0.0277483
-1.4904 0.027771

-1.4904 0.027771
-1.49011 0.0280578

-1.49011 0.0280576
-1.49009 0.0280762

-1.49009 0.0280762
-1.48981 0.0283658

-1.48981 0.0283655
-1.48979 0.0283813

-1.48979 0.0283813
-1.4895 0.0286726

-1.4895 0.0286724
-1.48949 0.0286865

-1.48949 0.0286865
-1.4892 0.0289783

-1.4892 0.0289781
-1.48918 0.0289917

-1.48918 0.0289917
-1.48889 0.0292828

-1.48889 0.0292827
-1.48888 0.0292969

-1.48888 0.0292969
-1.48859 0.0295863

-1.48859 0.0295863
-1.48857 0.0296021

-1.48857 0.0296021
-1.48828 0.029889

-1.48828 0.00299554
-1.48798 0.00294828

-1.48798 0.00294817
-1.48767 0.00290213

-1.48767 0.00290194
-1.48737 0.00285775

-1.48737 0.00285803
-1.48706 0.00281552

-1.48706 0.00281584
-1.48676 0.0027738

-1.48645 0.00273116
-1.48656 0.00274658

-1.48676 0.00277409
-1.48656 0.00274658

-1.48645 0.00273109
-1.48615 0.00268875

-1.48615 0.00268875
-1.48584 0.00264728

-1.48401 0.00242237
-1.48417 0.00244141

-1.48401 0.00242226
-1.4837 0.00238585

-1.4837 0.00238587
-1.4834 0.00235037

-1.48584 0.0026472
-1.48553 0.00260676

-1.48553 0.00260654
-1.48523 0.00256772

-1.48523 0.00256791
-1.48492 0.00253074

-1.48492 0.00253082
-1.48462 0.00249477

-1.48462 0.0024952
-1.48431 0.00245927

-1.48431 0.0024595
-1.48416 0.00244141

-1.4834 0.00235042
-1.48309 0.0023157

-1.48309 0.00231545
-1.48279 0.00228193

-1.48279 0.00228205
-1.48248 0.00224997

-1.48248 0.00224999
-1.48218 0.00221908

-1.48218 0.00221916
-1.48187 0.00218921

-1.48187 0.00218954
-1.48157 0.00215973

-1.48126 0.00212869
-1.48134 0.00213623

-1.48157 0.00216013
-1.48133 0.00213623

-1.48126 0.00212864
-1.48096 0.00209732

-1.48096 0.00209724
-1.48065 0.0020666

-1.48065 0.00206662
-1.48035 0.00203676

-1.48035 0.00203679
-1.48004 0.00200758

-1.48004 0.00200748
-1.47974 0.00197906

-1.47974 0.00197889
-1.47943 0.0019518

-1.47943 0.00195204
-1.47913 0.00192612

-1.47913 0.00192607
-1.47882 0.00190095

-1.47882 0.00190098
-1.47852 0.00187668

-1.47791 0.00182735
-1.47795 0.00183105

-1.47852 0.00187698
-1.47821 0.00185284

-1.47821 0.00185327
-1.47794 0.00183105

-1.47791 0.00182736
-1.4776 0.00180131

-1.4776 0.00180121
-1.47729 0.00177564

-1.47729 0.00177563
-1.47699 0.00175077

-1.47699 0.00175081
-1.47668 0.0017266

-1.47668 0.00172665
-1.47638 0.0017029

-1.47638 0.00170281
-1.47607 0.00167964

-1.47607 0.00167944
-1.47577 0.00165743

-1.47577 0.00165768
-1.47546 0.00163674

-1.47546 0.00163673
-1.47516 0.0016164

-1.47516 0.0016164
-1.47485 0.00159668

-1.47485 0.00159666
-1.47455 0.00157757

-1.47455 0.00157762
-1.47424 0.00155909

-1.47424 0.00155945
-1.47394 0.00154067

-1.47363 0.0015202
-1.47372 0.00152588

-1.47394 0.00154106
-1.47371 0.00152588

-1.47363 0.00152017
-1.47333 0.00149909

-1.47333 0.00149901
-1.47302 0.00147825

-1.47302 0.00147824
-1.47272 0.00145797

-1.47272 0.00145797
-1.47241 0.00143823

-1.47241 0.00143826
-1.47211 0.00141899

-1.47211 0.00141905
-1.4718 0.0014001

-1.4718 0.00140006
-1.4715 0.00138138

-1.4715 0.00138114
-1.47119 0.00136334

-1.47119 0.00136353
-1.47089 0.0013467

-1.47089 0.00134671
-1.47058 0.00133047

-1.47058 0.0013305
-1.47028 0.00131477

-1.47028 0.00131477
-1.46997 0.00129951

-1.46997 0.0012995
-1.46967 0.0012847

-1.46967 0.00128468
-1.46936 0.00127036

-1.46936 0.00127034
-1.46906 0.00125659

-1.46906 0.00125668
-1.46875 0.00124334

-1.48828 0.0298889
-1.48826 0.0299072

-1.48826 0.0299072
-1.48798 0.0301906

-1.48798 0.0301906
-1.48795 0.0302124

-1.48795 0.0302124
-1.48767 0.0304913

-1.48767 0.0304913
-1.48764 0.0305176

-1.48764 0.0305176
-1.48737 0.0307912

-1.48737 0.0307912
-1.48733 0.0308228

-1.48733 0.0308228
-1.48706 0.0310903

-1.48706 0.0310904
-1.48702 0.0311279

-1.48702 0.0311279
-1.48676 0.0313886

-1.48676 0.0313888
-1.48671 0.0314331

-1.48671 0.0314331
-1.48645 0.031686

-1.48645 0.0316863
-1.4864 0.0317383

-1.4864 0.0317383
-1.48615 0.0319827

-1.48615 0.0319832
-1.48608 0.0320435

-1.48608 0.0320435
-1.48584 0.0322788

-1.48584 0.0322794
-1.48577 0.0323486

-1.48577 0.0323486
-1.48553 0.0325745

-1.48553 0.032575
-1.48545 0.0326538

-1.48545 0.0326538
-1.48523 0.0328695

-1.48523 0.03287
-1.48514 0.032959

-1.48514 0.032959
-1.48492 0.0331639

-1.48492 0.0331644
-1.48482 0.0332642

-1.48482 0.0332642
-1.48462 0.0334577

-1.48462 0.0334581
-1.4845 0.0335693

-1.4845 0.0335693
-1.48431 0.033751

-1.48431 0.0337514
-1.48419 0.0338745

-1.48419 0.0338745
-1.48401 0.0340438

-1.48401 0.0340442
-1.48387 0.0341797

-1.48387 0.0341797
-1.4837 0.0343361

-1.4837 0.0343364
-1.48355 0.0344849

-1.48355 0.0344849
-1.4834 0.0346278

-1.4834 0.0346282
-1.48323 0.03479

-1.48323 0.03479
-1.48309 0.0349192

-1.48309 0.0349196
-1.48291 0.0350952

-1.48291 0.0350952
-1.48279 0.0352101

-1.48279 0.0352105
-1.48259 0.0354004

-1.48259 0.0354004
-1.48248 0.0355004

-1.48248 0.035501
-1.48227 0.0357056

-1.48227 0.0357056
-1.48218 0.0357905

-1.48218 0.0357911
-1.48194 0.0360107

-1.48195 0.0360107
-1.48187 0.0360801

-1.48187 0.0360802
-1.48162 0.0363159

-1.48162 0.0363159
-1.48157 0.0363693

-1.48157 0.036369
-1.4813 0.0366211

-1.4813 0.0366211
-1.48126 0.0366582

-1.48126 0.0366576
-1.48098 0.0369263

-1.48098 0.0369263
-1.48096 0.0369466

-1.48096 0.0369461
-1.48065 0.0372314

-1.48066 0.0372314
-1.48065 0.0372348

-1.48065 0.0372342
-1.48035 0.0375219

-1.48035 0.0375218
-1.48033 0.0375366

-1.48033 0.0375366
-1.48004 0.0378093

-1.48004 0.0378092
-1.48001 0.0378418

-1.48001 0.0378418
-1.47974 0.0380964

-1.47974 0.0380963
-1.47968 0.038147

-1.47968 0.038147
-1.47943 0.0383828

-1.47943 0.0383832
-1.47936 0.0384521

-1.47936 0.0384521
-1.47913 0.038669

-1.47913 0.0386698
-1.47903 0.0387573

-1.47903 0.0387573
-1.47882 0.038955

-1.47882 0.0389561
-1.47871 0.0390625

-1.47871 0.0390625
-1.47852 0.0392413

-1.47852 0.0392422
-1.47838 0.0393677

-1.47838 0.0393677
-1.47821 0.0395272

-1.47821 0.039528
-1.47805 0.0396729

-1.47806 0.0396729
-1.47791 0.0398129

-1.47791 0.0398137
-1.47773 0.039978

-1.47773 0.039978
-1.4776 0.0400983

-1.4776 0.0400992
-1.4774 0.0402832

-1.4774 0.0402832
-1.47729 0.0403834

-1.47729 0.0403844
-1.47707 0.0405884

-1.47708 0.0405884
-1.47699 0.0406684

-1.47699 0.0406686
-1.47675 0.0408936

-1.47675 0.0408936
-1.47668 0.040953

-1.47668 0.0409528
-1.47642 0.0411987

-1.47642 0.0411987
-1.47638 0.0412375

-1.47638 0.0412371
-1.47609 0.0415039

-1.47609 0.0415039
-1.47607 0.0415218

-1.47607 0.0415213
-1.47577 0.0418052

-1.47577 0.0418051
-1.47576 0.0418091

-1.47576 0.0418091
-1.47546 0.042089

-1.47546 0.042089
-1.47544 0.0421143

-1.47544 0.0421143
-1.47516 0.0423727

-1.47516 0.0423726
-1.47511 0.0424194

-1.47511 0.0424194
-1.47485 0.0426559

-1.47485 0.0426561
-1.47478 0.0427246

-1.47478 0.0427246
-1.47455 0.0429387

-1.47455 0.0429395
-1.47445 0.0430298

-1.47445 0.0430298
-1.47424 0.0432215

-1.47424 0.0432228
-1.47412 0.043335

-1.47412 0.043335
-1.47394 0.0435048

-1.47394 0.0435059
-1.47379 0.0436401

-1.47379 0.0436401
-1.47363 0.0437879

-1.47363 0.0437889
-1.47346 0.0439453

-1.47346 0.0439453
-1.47333 0.0440708

-1.47333 0.0440719
-1.47313 0.0442505

-1.47313 0.0442505
-1.47302 0.0443535

-1.47302 0.0443546
-1.4728 0.0445557

-1.4728 0.0445557
-1.47272 0.0446361

-1.47272 0.0446364
-1.47247 0.0448608

-1.47247 0.0448608
-1.47241 0.0449185

-1.47241 0.0449183
-1.47214 0.045166

-1.47214 0.045166
-1.47211 0.0452008

-1.47211 0.0452004
-1.47181 0.0454712

-1.47181 0.0454712
-1.4718 0.045483

-1.4718 0.0454825
-1.4715 0.0457645

-1.4715 0.0457644
-1.47148 0.0457764

-1.47148 0.0457764
-1.47119 0.0460463

-1.47119 0.0460463
-1.47115 0.0460815

-1.47115 0.0460815
-1.47089 0.046328

-1.47089 0.046328
-1.47082 0.0463867

-1.47082 0.0463867
-1.47058 0.0466093

-1.47058 0.0466097
-1.47049 0.0466919

-1.47049 0.0466919
-1.47028 0.0468902

-1.47028 0.0468915
-1.47016 0.0469971

-1.47016 0.0469971
-1.46997 0.0471718

-1.46997 0.0471731
-1.46983 0.0473022

-1.46983 0.0473022
-1.46967 0.0474535

-1.46967 0.0474546
-1.4695 0.0476074

-1.4695 0.0476074
-1.46936 0.047735

-1.46936 0.0477362
-1.46917 0.0479126

-1.46917 0.0479126
-1.46906 0.0480164

-1.46906 0.0480174
-1.46884 0.0482178

-1.46884 0.0482178
-1.46875 0.0482976

-1.46814 0.00121419
-1.46827 0.0012207

-1.46814 0.0012141
-1.46783 0.00119803

-1.46783 0.00119798
-1.46753 0.00118219

-1.46875 0.00124374
-1.46844 0.00122985

-1.46844 0.00123014
-1.46826 0.0012207

-1.46753 0.00118219
-1.46722 0.00116678

-1.46722 0.00116678
-1.46692 0.00115177

-1.46692 0.00115177
-1.46661 0.00113714

-1.46661 0.00113714
-1.46631 0.00112291

-1.46631 0.00112292
-1.466 0.00110905

-1.466 0.00110909
-1.4657 0.00109549

-1.4657 0.00109551
-1.46539 0.00108204

-1.46539 0.00108195
-1.46509 0.00106875

-1.46509 0.00106855
-1.46478 0.0010562

-1.46478 0.00105642
-1.46448 0.00104485

-1.46448 0.00104484
-1.46417 0.00103363

-1.46417 0.00103362
-1.46387 0.0010228

-1.46387 0.00102281
-1.46356 0.00101238

-1.46356 0.00101237
-1.46326 0.00100232

-1.46326 0.00100232
-1.46295 0.000992666

-1.46295 0.00099266
-1.46265 0.000983434

-1.46265 0.000983427
-1.46234 0.000974651

-1.46234 0.000974641
-1.46204 0.000966352

-1.46204 0.000966339
-1.46173 0.000958585

-1.46173 0.000958569
-1.46143 0.000951408

-1.46143 0.000951389
-1.46112 0.000944894

-1.46112 0.00094487
-1.46082 0.000939128

-1.46082 0.000939097
-1.46051 0.000934215

-1.46051 0.000934175
-1.46021 0.000930292

-1.46021 0.000930237
-1.4599 0.000927542

-1.4599 0.000927464
-1.45959 0.000926225

-1.45959 0.000926107
-1.45929 0.000926716

-1.45929 0.000926529
-1.45898 0.000929599

-1.45898 0.000929303
-1.45868 0.000935799

-1.45868 0.000935363
-1.45837 0.000946749

-1.45837 0.000946182
-1.45807 0.000964462

-1.45807 0.000963894
-1.45776 0.000991338

-1.45776 0.000990795
-1.45746 0.00102963

-1.45746 0.00102926
-1.45715 0.00108129

-1.45715 0.00108268
-1.45685 0.00114585

-1.45685 0.001147
-1.45654 0.00121625

-1.45654 0.00121641
-1.45652 0.0012207

-1.45654 0.0012207
-1.45624 0.00128534

-1.45624 0.00128778
-1.45593 0.00133496

-1.45593 0.00133787
-1.45563 0.0013564

-1.45563 0.00135914
-1.45532 0.00133771

-1.45471 0.00114054
-1.45488 0.0012207

-1.4541 0.000326979
-1.45421 0.000610352

-1.45441 0.000879885
-1.45444 0.000915527

-1.45471 0.00114326
-1.45444 0.000915527

-1.45441 0.000882117
-1.4542 0.000610352

-1.45532 0.00133962
-1.45502 0.00126893

-1.45502 0.00127046
-1.45491 0.0012207

-1.45406 0.0
-1.4541 0.000305176

-1.4541 0.000325413
-1.45409 0.000305176

-1.46875 0.0482978
-1.4685 0.0485229

-1.46851 0.0485229
-1.46844 0.0485788

-1.46844 0.0485785
-1.46817 0.0488281

-1.46817 0.0488281
-1.46814 0.0488598

-1.46814 0.0488594
-1.46784 0.0491333

-1.46784 0.0491333
-1.46783 0.0491407

-1.46783 0.0491403
-1.46753 0.0494211

-1.46753 0.049421
-1.46751 0.0494385

-1.46751 0.0494385
-1.46722 0.0497018

-1.46722 0.0497017
-1.46718 0.0497437

-1.46718 0.0497437
-1.46692 0.0499823

-1.46692 0.0499824
-1.46685 0.0500488

-1.46685 0.0500488
-1.46661 0.0502625

-1.46661 0.0502632
-1.46651 0.050354

-1.46652 0.050354
-1.46631 0.0505424

-1.46631 0.0505438
-1.46618 0.0506592

-1.46618 0.0506592
-1.466 0.0508232

-1.466 0.0508245
-1.46585 0.0509644

-1.46585 0.0509644
-1.4657 0.0511039

-1.4657 0.0511051
-1.46552 0.0512695

-1.46552 0.0512695
-1.46539 0.0513844

-1.46539 0.0513858
-1.46518 0.0515747

-1.46519 0.0515747
-1.46509 0.0516648

-1.46509 0.0516654
-1.46485 0.0518799

-1.46485 0.0518799
-1.46478 0.0519452

-1.46478 0.0519451
-1.46452 0.0521851

-1.46452 0.0521851
-1.46448 0.0522254

-1.46448 0.0522251
-1.46419 0.0524902

-1.46419 0.0524902
-1.46417 0.0525055

-1.46417 0.0525052
-1.46387 0.0527852

-1.46387 0.0527851
-1.46386 0.0527954

-1.46386 0.0527954
-1.46356 0.0530651

-1.46356 0.0530651
-1.46352 0.0531006

-1.46352 0.0531006
-1.46326 0.053345

-1.46326 0.053345
-1.46319 0.0534058

-1.46319 0.0534058
-1.46295 0.0536245

-1.46295 0.053625
-1.46286 0.0537109

-1.46286 0.0537109
-1.46265 0.0539036

-1.46265 0.053905
-1.46252 0.0540161

-1.46253 0.0540161
-1.46234 0.0541836

-1.46234 0.0541849
-1.46219 0.0543213

-1.46219 0.0543213
-1.46204 0.0544636

-1.46204 0.0544649
-1.46186 0.0546265

-1.46186 0.0546265
-1.46173 0.0547435

-1.46173 0.0547449
-1.46152 0.0549316

-1.46153 0.0549316
-1.46143 0.0550233

-1.46143 0.0550238
-1.46119 0.0552368

-1.46119 0.0552368
-1.46112 0.055303

-1.46112 0.0553029
-1.46086 0.055542

-1.46086 0.055542
-1.46082 0.0555826

-1.46082 0.0555823
-1.46053 0.0558472

-1.46053 0.0558472
-1.46051 0.0558621

-1.46051 0.0558618
-1.46021 0.0561412

-1.46021 0.0561412
-1.46019 0.0561523

-1.46019 0.0561523
-1.4599 0.0564206

-1.4599 0.0564206
-1.45986 0.0564575

-1.45986 0.0564575
-1.45959 0.0566999

-1.45959 0.0566999
-1.45953 0.0567627

-1.45953 0.0567627
-1.45929 0.0569788

-1.45929 0.0569794
-1.45919 0.0570679

-1.45919 0.0570679
-1.45898 0.0572573

-1.45898 0.0572589
-1.45886 0.057373

-1.45886 0.057373
-1.45868 0.0575369

-1.45868 0.0575383
-1.45853 0.0576782

-1.45853 0.0576782
-1.45837 0.0578164

-1.45837 0.0578178
-1.45819 0.0579834

-1.45819 0.0579834
-1.45807 0.0580958

-1.45807 0.0580972
-1.45786 0.0582886

-1.45786 0.0582886
-1.45776 0.0583752

-1.45776 0.0583756
-1.45752 0.0585938

-1.45752 0.0585938
-1.45746 0.0586544

-1.45746 0.0586543
-1.45719 0.0588989

-1.45719 0.0588989
-1.45715 0.0589336

-1.45715 0.0589333
-1.45686 0.0592041

-1.45686 0.0592041
-1.45685 0.0592127

-1.45685 0.0592124
-1.45654 0.0594914

-1.45654 0.0594914
-1.45652 0.0595093

-1.45652 0.0595093
-1.45624 0.0597704

-1.45624 0.0597704
-1.45619 0.0598145

-1.45619 0.0598145
-1.45593 0.0600493

-1.45593 0.0600494
-1.45586 0.0601196

-1.45586 0.0601196
-1.45563 0.0603277

-1.45563 0.0603286
-1.45552 0.0604248

-1.45552 0.0604248
-1.45532 0.0606062

-1.45532 0.0606077
-1.45519 0.06073

-1.45519 0.06073
-1.45502 0.0608855

-1.45502 0.0608869
-1.45485 0.0610352

-1.45485 0.0610352
-1.45471 0.0611647

-1.45471 0.0611661
-1.45452 0.0613403

-1.45452 0.0613403
-1.45441 0.0614438

-1.45441 0.0614448
-1.45419 0.0616455

-1.45419 0.0616455
-1.4541 0.0617228

-1.4541 0.061723
-1.45385 0.0619507

-1.45385 0.0619507
-1.4538 0.0620018

-1.4538 0.0620017
-1.45352 0.0622559

-1.45352 0.0622559
-1.45349 0.0622808

-1.45349 0.0622805
-1.45319 0.0625594

-1.45319 0.0625593
-1.45318 0.062561

-1.45318 0.062561
-1.45288 0.0628382

-1.45288 0.0628382
-1.45285 0.0628662

-1.45285 0.0628662
-1.45258 0.0631171

-1.45258 0.063117
-1.45252 0.0631714

-1.45252 0.0631714
-1.45227 0.0633956

-1.45227 0.063396
-1.45218 0.0634766

-1.45218 0.0634766
-1.45197 0.0636738

-1.45197 0.063675
-1.45185 0.0637817

-1.45185 0.0637817
-1.45166 0.0639526

-1.45166 0.063954
-1.45151 0.0640869

-1.45151 0.0640869
-1.45135 0.0642317

-1.45135 0.0642331
-1.45118 0.0643921

-1.45118 0.0643921
-1.45105 0.0645108

-1.45105 0.0645123
-1.45084 0.0646973

-1.45085 0.0646973
-1.45074 0.0647898

-1.45074 0.0647905
-1.45051 0.0650024

-1.45051 0.0650024
-1.45044 0.0650688

-1.45044 0.0650688
-1.45018 0.0653076

-1.45018 0.0653076
-1.45013 0.0653477

-1.45013 0.0653476
-1.44984 0.0656128

-1.44984 0.0656128
-1.44983 0.0656267

-1.44983 0.0656264
-1.44952 0.0659052

-1.44952 0.0659052
-1.44951 0.065918

-1.44951 0.065918
-1.44922 0.0661841

-1.44922 0.066184
-1.44918 0.0662231

-1.44918 0.0662231
-1.44891 0.0664629

-1.44891 0.0664629
-1.44884 0.0665283

-1.44884 0.0665283
-1.44861 0.0667413

-1.44861 0.066742
-1.44851 0.0668335

-1.44851 0.0668335
-1.4483 0.0670194

-1.4483 0.0670211
-1.44817 0.0671387

-1.44817 0.0671387
-1.448 0.0672987

-1.448 0.0673001
-1.44784 0.0674438

-1.44784 0.0674438
-1.44769 0.0675779

-1.44769 0.0675793
-1.44751 0.067749

-1.44751 0.067749
-1.44739 0.0678571

-1.44739 0.0678582
-1.44717 0.0680542

-1.44717 0.0680542
-1.44708 0.0681361

-1.44708 0.0681365
-1.44684 0.0683594

-1.44684 0.0683594
-1.44678 0.0684152

-1.44678 0.0684151
-1.4465 0.0686646

-1.4465 0.0686646
-1.44647 0.0686942

-1.44647 0.068694
-1.44617 0.0689697

-1.44617 0.0689697
-1.44617 0.0689732

-1.44617 0.068973
-1.44586 0.0692519

-1.44586 0.0692519
-1.44584 0.0692749

-1.44584 0.0692749
-1.44556 0.0695309

-1.44556 0.0695309
-1.4455 0.0695801

-1.4455 0.0695801
-1.44525 0.0698097

-1.44525 0.06981
-1.44517 0.0698853

-1.44517 0.0698853
-1.44495 0.0700882

-1.44495 0.0700892
-1.44484 0.0701904

-1.44484 0.0701904
-1.44464 0.0703669

-1.44464 0.0703685
-1.4445 0.0704956

-1.4445 0.0704956
-1.44434 0.0706463

-1.44434 0.0706478
-1.44417 0.0708008

-1.44417 0.0708008
-1.44403 0.0709257

-1.44403 0.0709272
-1.44383 0.071106

-1.44383 0.071106
-1.44373 0.071205

-1.44373 0.0712059
-1.4435 0.0714111

-1.4435 0.0714111
-1.44342 0.0714843

-1.44342 0.0714845
-1.44317 0.0717163

-1.44317 0.0717163
-1.44312 0.0717636

-1.44312 0.0717634
-1.44283 0.0720215

-1.44283 0.0720215
-1.44281 0.0720428

-1.44281 0.0720426
-1.4425 0.0723218

-1.4425 0.0723218
-1.4425 0.0723267

-1.4425 0.0723267
-1.4422 0.072601

-1.4422 0.072601
-1.44217 0.0726318

-1.44217 0.0726318
-1.44189 0.0728803

-1.44189 0.0728803
-1.44183 0.072937

-1.44183 0.072937
-1.44159 0.0731592

-1.44159 0.0731597
-1.4415 0.0732422

-1.4415 0.0732422
-1.44128 0.0734378

-1.44128 0.0734392
-1.44117 0.0735474

-1.44117 0.0735474
-1.44098 0.0737172

-1.44098 0.0737187
-1.44083 0.0738525

-1.44083 0.0738525
-1.44067 0.0739969

-1.44067 0.0739983
-1.4405 0.0741577

-1.4405 0.0741577
-1.44037 0.0742765

-1.44037 0.074278
-1.44016 0.0744629

-1.44017 0.0744629
-1.44006 0.0745561

-1.44006 0.0745568
-1.43983 0.0747681

-1.43983 0.0747681
-1.43976 0.0748357

-1.43976 0.0748357
-1.4395 0.0750732

-1.4395 0.0750732
-1.43945 0.0751152

-1.43945 0.0751151
-1.43917 0.0753784

-1.43917 0.0753784
-1.43915 0.0753948

-1.43915 0.0753946
-1.43884 0.0756741

-1.43884 0.0756741
-1.43883 0.0756836

-1.43883 0.0756836
-1.43854 0.0759536

-1.43854 0.0759536
-1.4385 0.0759888

-1.4385 0.0759888
-1.43823 0.0762332

-1.43823 0.0762332
-1.43817 0.0762939

-1.43817 0.0762939
-1.43793 0.0765124

-1.43793 0.076513
-1.43783 0.0765991

-1.43783 0.0765991
-1.43762 0.0767913

-1.43762 0.0767928
-1.4375 0.0769043

-1.4375 0.0769043
-1.43732 0.0770712

-1.43732 0.0770726
-1.43717 0.0772095

-1.43717 0.0772095
-1.43701 0.0773512

-1.43701 0.0773526
-1.43683 0.0775146

-1.43683 0.0775146
-1.43671 0.0776311

-1.43671 0.0776327
-1.4365 0.0778198

-1.4365 0.0778198
-1.4364 0.077911

-1.4364 0.0779117
-1.43617 0.078125

-1.43617 0.078125
-1.4361 0.0781909

-1.4361 0.078191
-1.43584 0.0784302

-1.43584 0.0784302
-1.43579 0.0784708

-1.43579 0.0784707
-1.4355 0.0787354

-1.4355 0.0787354
-1.43549 0.0787507

-1.43549 0.0787505
-1.43518 0.0790304

-1.43518 0.0790303
-1.43517 0.0790405

-1.43517 0.0790405
-1.43488 0.0793102

-1.43488 0.0793102
-1.43484 0.0793457

-1.43484 0.0793457
-1.43457 0.0795901

-1.43457 0.0795902
-1.4345 0.0796509

-1.4345 0.0796509
-1.43427 0.0798696

-1.43427 0.0798702
-1.43417 0.0799561

-1.43417 0.0799561
-1.43396 0.0801489

-1.43396 0.0801504
-1.43384 0.0802612

-1.43384 0.0802612
-1.43365 0.0804291

-1.43365 0.0804305
-1.43351 0.0805664

-1.43351 0.0805664
-1.43335 0.0807094

-1.43335 0.0807108
-1.43317 0.0808716

-1.43317 0.0808716
-1.43304 0.0809897

-1.43304 0.0809912
-1.43284 0.0811768

-1.43284 0.0811768
-1.43274 0.0812699

-1.43274 0.0812707
-1.43251 0.0814819

-1.43251 0.0814819
-1.43243 0.0815501

-1.43243 0.0815502
-1.43218 0.0817871

-1.43218 0.0817871
-1.43213 0.0818303

-1.43213 0.0818302
-1.43184 0.0820923

-1.43184 0.0820923
-1.43182 0.0821105

-1.43182 0.0821103
-1.43152 0.0823905

-1.43152 0.0823905
-1.43151 0.0823975

-1.43151 0.0823975
-1.43121 0.0826706

-1.43121 0.0826706
-1.43118 0.0827026

-1.43118 0.0827026
-1.43091 0.0829508

-1.43091 0.0829509
-1.43085 0.0830078

-1.43085 0.0830078
-1.4306 0.0832307

-1.4306 0.0832312
-1.43051 0.083313

-1.43051 0.083313
-1.4303 0.0835103

-1.4303 0.0835116
-1.43018 0.0836182

-1.43018 0.0836182
-1.42999 0.0837906

-1.42999 0.0837921
-1.42985 0.0839233

-1.42985 0.0839233
-1.42969 0.0840712

-1.42969 0.0840726
-1.42952 0.0842285

-1.42952 0.0842285
-1.42938 0.0843517

-1.42938 0.0843532
-1.42918 0.0845337

-1.42918 0.0845337
-1.42908 0.0846322

-1.42908 0.0846332
-1.42885 0.0848389

-1.42885 0.0848389
-1.42877 0.0849127

-1.42877 0.084913
-1.42852 0.085144

-1.42852 0.085144
-1.42847 0.0851932

-1.42847 0.0851931
-1.42819 0.0854492

-1.42819 0.0854492
-1.42816 0.0854736

-1.42816 0.0854735
-1.42786 0.0857539

-1.42786 0.0857539
-1.42786 0.0857544

-1.42786 0.0857544
-1.42755 0.0860343

-1.42755 0.0860343
-1.42752 0.0860596

-1.42752 0.0860596
-1.42725 0.0863148

-1.42725 0.0863148
-1.42719 0.0863647

-1.42719 0.0863647
-1.42694 0.086595

-1.42694 0.0865953
-1.42686 0.0866699

-1.42686 0.0866699
-1.42664 0.0868749

-1.42664 0.086876
-1.42653 0.0869751

-1.42653 0.0869751
-1.42633 0.0871552

-1.42633 0.0871567
-1.4262 0.0872803

-1.4262 0.0872803
-1.42603 0.087436

-1.42603 0.0874374
-1.42586 0.0875854

-1.42586 0.0875854
-1.42572 0.0877168

-1.42572 0.0877182
-1.42553 0.0878906

-1.42553 0.0878906
-1.42542 0.0879976

-1.42542 0.0879989
-1.4252 0.0881958

-1.4252 0.0881958
-1.42511 0.0882783

-1.42511 0.0882788
-1.42487 0.088501

-1.42487 0.088501
-1.4248 0.088559

-1.4248 0.088559
-1.42454 0.0888062

-1.42454 0.0888062
-1.4245 0.0888397

-1.4245 0.0888396
-1.4242 0.0891113

-1.4242 0.0891113
-1.42419 0.0891203

-1.42419 0.0891202
-1.42389 0.0894009

-1.42389 0.0894008
-1.42387 0.0894165

-1.42387 0.0894165
-1.42358 0.0896815

-1.42358 0.0896815
-1.42354 0.0897217

-1.42354 0.0897217
-1.42328 0.0899621

-1.42328 0.0899623
-1.42321 0.0900269

-1.42321 0.0900269
-1.42297 0.0902424

-1.42297 0.0902431
-1.42288 0.090332

-1.42288 0.090332
-1.42267 0.0905225

-1.42267 0.090524
-1.42254 0.0906372

-1.42255 0.0906372
-1.42236 0.0908036

-1.42236 0.090805
-1.42221 0.0909424

-1.42221 0.0909424
-1.42206 0.0910846

-1.42206 0.091086
-1.42188 0.0912476

-1.42188 0.0912476
-1.42175 0.0913656

-1.42175 0.0913671
-1.42155 0.0915527

-1.42155 0.0915527
-1.42145 0.0916466

-1.42145 0.0916475
-1.42122 0.0918579

-1.42122 0.0918579
-1.42114 0.0919275

-1.42114 0.0919277
-1.42089 0.0921631

-1.42089 0.0921631
-1.42084 0.0922085

-1.42084 0.0922084
-1.42056 0.0924683

-1.42056 0.0924683
-1.42053 0.0924894

-1.42053 0.0924893
-1.42023 0.0927702

-1.42023 0.0927702
-1.42022 0.0927734

-1.42022 0.0927734
-1.41992 0.0930511

-1.41992 0.0930511
-1.41989 0.0930786

-1.41989 0.0930786
-1.41962 0.093332

-1.41962 0.093332
-1.41956 0.0933838

-1.41956 0.0933838
-1.41931 0.0936127

-1.41931 0.0936131
-1.41923 0.093689

-1.41923 0.093689
-1.41901 0.0938931

-1.41901 0.0938943
-1.4189 0.0939941

-1.4189 0.0939941
-1.4187 0.0941739

-1.4187 0.0941754
-1.41857 0.0942993

-1.41857 0.0942993
-1.4184 0.0944553

-1.4184 0.0944566
-1.41823 0.0946045

-1.41824 0.0946045
-1.41809 0.0947366

-1.41809 0.0947379
-1.4179 0.0949097

-1.4179 0.0949097
-1.41779 0.0950178

-1.41779 0.0950192
-1.41757 0.0952148

-1.41757 0.0952148
-1.41748 0.095299

-1.41748 0.0952996
-1.41724 0.09552

-1.41724 0.09552
-1.41718 0.0955802

-1.41718 0.0955803
-1.41691 0.0958252

-1.41691 0.0958252
-1.41687 0.0958615

-1.41687 0.0958614
-1.41658 0.0961304

-1.41658 0.0961304
-1.41656 0.0961427

-1.41656 0.0961425
-1.41626 0.0964237

-1.41626 0.0964237
-1.41625 0.0964355

-1.41625 0.0964355
-1.41595 0.0967049

-1.41595 0.0967049
-1.41592 0.0967407

-1.41592 0.0967407
-1.41565 0.0969861

-1.41565 0.0969862
-1.41558 0.0970459

-1.41559 0.0970459
-1.41534 0.097267

-1.41534 0.0972676
-1.41525 0.0973511

-1.41525 0.0973511
-1.41504 0.0975476

-1.41504 0.0975491
-1.41492 0.0976562

-1.41492 0.0976562
-1.41473 0.0978291

-1.41473 0.0978305
-1.41459 0.0979614

-1.41459 0.0979614
-1.41443 0.0981107

-1.41443 0.098112
-1.41426 0.0982666

-1.41426 0.0982666
-1.41412 0.0983923

-1.41412 0.0983937
-1.41393 0.0985718

-1.41393 0.0985718
-1.41382 0.0986738

-1.41382 0.098675
-1.4136 0.098877

-1.4136 0.098877
-1.41351 0.0989554

-1.41351 0.0989558
-1.41327 0.0991821

-1.41327 0.0991821
-1.41321 0.0992369

-1.41321 0.0992369
-1.41294 0.0994873

-1.41294 0.0994873
-1.4129 0.0995184

-1.4129 0.0995183
-1.41261 0.0997925

-1.41261 0.0997925
-1.4126 0.0997999

-1.4126 0.0997998
-1.41229 0.100081

-1.41229 0.100081
-1.41227 0.100098

-1.41227 0.100098
-1.41199 0.100363

-1.41199 0.100363
-1.41194 0.100403

-1.41194 0.100403
-1.41168 0.100644

-1.41168 0.100644
-1.41161 0.100708

-1.41161 0.100708
-1.41138 0.100925

-1.41138 0.100926
-1.41128 0.101013

-1.41128 0.101013
-1.41107 0.101206

-1.41107 0.101208
-1.41095 0.101318

-1.41095 0.101318
-1.41077 0.101488

-1.41077 0.10149
-1.41062 0.101624

-1.41062 0.101624
-1.41046 0.10177

-1.41046 0.101772
-1.41029 0.101929

-1.41029 0.101929
-1.41016 0.102052

-1.41016 0.102054
-1.40996 0.102234

-1.40996 0.102234
-1.40985 0.102334

-1.40985 0.102335
-1.40963 0.102539

-1.40963 0.102539
-1.40955 0.102616

-1.40955 0.102616
-1.4093 0.102844

-1.4093 0.102844
-1.40924 0.102898

-1.40924 0.102898
-1.40897 0.103149

-1.40897 0.103149
-1.40894 0.10318

-1.40894 0.10318
-1.40864 0.103455

-1.40864 0.103455
-1.40863 0.103461

-1.40863 0.103461
-1.40833 0.103743

-1.40833 0.103743
-1.40831 0.10376

-1.40831 0.10376
-1.40802 0.104025

-1.40802 0.104025
-1.40798 0.104065

-1.40798 0.104065
-1.40771 0.104307

-1.40771 0.104307
-1.40765 0.10437

-1.40765 0.10437
-1.40741 0.104588

-1.40741 0.104589
-1.40732 0.104675

-1.40732 0.104675
-1.4071 0.10487

-1.4071 0.104871
-1.40699 0.10498

-1.40699 0.10498
-1.4068 0.105152

-1.4068 0.105153
-1.40666 0.105286

-1.40666 0.105286
-1.40649 0.105434

-1.40649 0.105436
-1.40632 0.105591

-1.40633 0.105591
-1.40619 0.105716

-1.40619 0.105718
-1.40599 0.105896

-1.406 0.105896
-1.40588 0.105999

-1.40588 0.106
-1.40566 0.106201

-1.40567 0.106201
-1.40558 0.106281

-1.40558 0.106281
-1.40533 0.106506

-1.40533 0.106506
-1.40527 0.106563

-1.40527 0.106563
-1.405 0.106812

-1.405 0.106812
-1.40497 0.106845

-1.40497 0.106845
-1.40467 0.107117

-1.40467 0.107117
-1.40466 0.107128

-1.40466 0.107127
-1.40436 0.10741

-1.40436 0.10741
-1.40434 0.107422

-1.40434 0.107422
-1.40405 0.107692

-1.40405 0.107692
-1.40401 0.107727

-1.40401 0.107727
-1.40375 0.107974

-1.40375 0.107974
-1.40368 0.108032

-1.40369 0.108032
-1.40344 0.108256

-1.40344 0.108257
-1.40335 0.108337

-1.40336 0.108337
-1.40314 0.108538

-1.40314 0.108539
-1.40302 0.108643

-1.40303 0.108643
-1.40283 0.10882

-1.40283 0.108822
-1.40269 0.108948

-1.4027 0.108948
-1.40253 0.109103

-1.40253 0.109104
-1.40236 0.109253

-1.40237 0.109253
-1.40222 0.109385

-1.40222 0.109387
-1.40203 0.109558

-1.40204 0.109558
-1.40192 0.109668

-1.40192 0.10967
-1.4017 0.109863

-1.40171 0.109863
-1.40161 0.109951

-1.40161 0.109951
-1.40138 0.110168

-1.40138 0.110168
-1.40131 0.110233

-1.40131 0.110233
-1.40105 0.110474

-1.40105 0.110474
-1.401 0.110516

-1.401 0.110516
-1.40072 0.110779

-1.40072 0.110779
-1.4007 0.110798

-1.4007 0.110798
-1.40039 0.111081

-1.40039 0.111081
-1.40039 0.111084

-1.40039 0.111084
-1.40009 0.111364

-1.40009 0.111364
-1.40006 0.111389

-1.40006 0.111389
-1.39978 0.111646

-1.39978 0.111646
-1.39973 0.111694

-1.39973 0.111694
-1.39948 0.111929

-1.39948 0.111929
-1.3994 0.112

-1.3994 0.112
-1.39917 0.112211

-1.39917 0.112212
-1.39907 0.112305

-1.39907 0.112305
-1.39886 0.112493

-1.39886 0.112495
-1.39874 0.11261

-1.39874 0.11261
-1.39856 0.112776

-1.39856 0.112778
-1.39841 0.112915

-1.39841 0.112915
-1.39825 0.11306

-1.39825 0.113061
-1.39808 0.11322

-1.39808 0.11322
-1.39795 0.113343

-1.39795 0.113344
-1.39775 0.113525

-1.39775 0.113525
-1.39764 0.113626

-1.39764 0.113627
-1.39742 0.113831

-1.39742 0.113831
-1.39734 0.113909

-1.39734 0.113909
-1.39709 0.114136

-1.39709 0.114136
-1.39703 0.114192

-1.39703 0.114192
-1.39676 0.114441

-1.39676 0.114441
-1.39673 0.114475

-1.39673 0.114475
-1.39644 0.114746

-1.39644 0.114746
-1.39642 0.114758

-1.39642 0.114758
-1.39612 0.115041

-1.39612 0.115041
-1.39611 0.115051

-1.39611 0.115051
-1.39581 0.115324

-1.39581 0.115324
-1.39578 0.115356

-1.39578 0.115356
-1.39551 0.115607

-1.39551 0.115607
-1.39545 0.115662

-1.39545 0.115662
-1.3952 0.11589

-1.3952 0.11589
-1.39512 0.115967

-1.39512 0.115967
-1.3949 0.116172

-1.3949 0.116174
-1.39479 0.116272

-1.39479 0.116272
-1.39459 0.116456

-1.39459 0.116457
-1.39446 0.116577

-1.39446 0.116577
-1.39429 0.116739

-1.39429 0.116741
-1.39413 0.116882

-1.39413 0.116882
-1.39398 0.117023

-1.39398 0.117024
-1.3938 0.117188

-1.39381 0.117188
-1.39368 0.117306

-1.39368 0.117308
-1.39348 0.117493

-1.39348 0.117493
-1.39337 0.11759

-1.39337 0.117591
-1.39315 0.117798

-1.39315 0.117798
-1.39307 0.117873

-1.39307 0.117874
-1.39282 0.118103

-1.39282 0.118103
-1.39276 0.118157

-1.39276 0.118157
-1.39249 0.118408

-1.39249 0.118408
-1.39246 0.11844

-1.39246 0.11844
-1.39216 0.118713

-1.39216 0.118713
-1.39215 0.118724

-1.39215 0.118724
-1.39185 0.119008

-1.39185 0.119007
-1.39183 0.119019

-1.39183 0.119019
-1.39154 0.119291

-1.39154 0.119291
-1.39151 0.119324

-1.39151 0.119324
-1.39124 0.119575

-1.39124 0.119575
-1.39118 0.119629

-1.39118 0.119629
-1.39093 0.119858

-1.39093 0.119859
-1.39085 0.119934

-1.39085 0.119934
-1.39062 0.120141

-1.39062 0.120142
-1.39052 0.120239

-1.39052 0.120239
-1.39032 0.120425

-1.39032 0.120426
-1.39019 0.120544

-1.39019 0.120544
-1.39001 0.120709

-1.39001 0.12071
-1.38986 0.12085

-1.38986 0.12085
-1.38971 0.120993

-1.38971 0.120994
-1.38954 0.121155

-1.38954 0.121155
-1.3894 0.121277

-1.3894 0.121278
-1.38921 0.12146

-1.38921 0.12146
-1.3891 0.121561

-1.3891 0.121562
-1.38888 0.121765

-1.38888 0.121765
-1.38879 0.121845

-1.38879 0.121846
-1.38855 0.12207

-1.38855 0.12207
-1.38849 0.122129

-1.38849 0.122129
-1.38822 0.122375

-1.38822 0.122375
-1.38818 0.122413

-1.38818 0.122413
-1.3879 0.122681

-1.3879 0.122681
-1.38788 0.122697

-1.38788 0.122697
-1.38757 0.122981

-1.38757 0.122981
-1.38757 0.122986

-1.38757 0.122986
-1.38727 0.123265

-1.38727 0.123265
-1.38724 0.123291

-1.38724 0.123291
-1.38696 0.123549

-1.38696 0.12355
-1.38691 0.123596

-1.38691 0.123596
-1.38666 0.123833

-1.38666 0.123834
-1.38659 0.123901

-1.38659 0.123901
-1.38635 0.124117

-1.38635 0.124118
-1.38626 0.124207

-1.38626 0.124207
-1.38605 0.124401

-1.38605 0.124402
-1.38593 0.124512

-1.38593 0.124512
-1.38574 0.124686

-1.38574 0.124687
-1.3856 0.124817

-1.3856 0.124817
-1.38544 0.12497

-1.38544 0.124971
-1.38527 0.125122

-1.38527 0.125122
-1.38513 0.125255

-1.38513 0.125256
-1.38495 0.125427

-1.38495 0.125427
-1.38483 0.125539

-1.38483 0.125541
-1.38462 0.125732

-1.38462 0.125732
-1.38452 0.125824

-1.38452 0.125825
-1.38429 0.126038

-1.38429 0.126038
-1.38422 0.126108

-1.38422 0.126109
-1.38396 0.126343

-1.38396 0.126343
-1.38391 0.126393

-1.38391 0.126393
-1.38364 0.126648

-1.38364 0.126648
-1.38361 0.126677

-1.38361 0.126677
-1.38331 0.126953

-1.38331 0.126953
-1.3833 0.126962

-1.3833 0.126962
-1.383 0.127247

-1.383 0.127247
-1.38298 0.127258

-1.38298 0.127258
-1.38269 0.127531

-1.38269 0.127531
-1.38266 0.127563

-1.38266 0.127563
-1.38239 0.127816

-1.38239 0.127816
-1.38233 0.127869

-1.38233 0.127869
-1.38208 0.1281

-1.38208 0.128101
-1.382 0.128174

-1.382 0.128174
-1.38177 0.128384

-1.38177 0.128386
-1.38167 0.128479

-1.38168 0.128479
-1.38147 0.128669

-1.38147 0.128671
-1.38135 0.128784

-1.38135 0.128784
-1.38116 0.128954

-1.38116 0.128956
-1.38102 0.129089

-1.38102 0.129089
-1.38086 0.129239

-1.38086 0.129241
-1.38069 0.129395

-1.38069 0.129395
-1.38055 0.129524

-1.38055 0.129526
-1.38037 0.1297

-1.38037 0.1297
-1.38025 0.129809

-1.38025 0.129811
-1.38004 0.130005

-1.38004 0.130005
-1.37994 0.130095

-1.37994 0.130096
-1.37971 0.13031

-1.37971 0.13031
-1.37964 0.13038

-1.37964 0.13038
-1.37939 0.130615

-1.37939 0.130615
-1.37933 0.130665

-1.37933 0.130665
-1.37906 0.13092

-1.37906 0.13092
-1.37903 0.13095

-1.37903 0.13095
-1.37873 0.131226

-1.37873 0.131226
-1.37872 0.131235

-1.37872 0.131235
-1.37842 0.13152

-1.37842 0.13152
-1.37841 0.131531

-1.37841 0.131531
-1.37811 0.131805

-1.37811 0.131805
-1.37808 0.131836

-1.37808 0.131836
-1.37781 0.132091

-1.37781 0.132091
-1.37775 0.132141

-1.37775 0.132141
-1.3775 0.132376

-1.3775 0.132376
-1.37743 0.132446

-1.37743 0.132446
-1.3772 0.132661

-1.3772 0.132662
-1.3771 0.132751

-1.3771 0.132751
-1.37689 0.132946

-1.37689 0.132947
-1.37677 0.133057

-1.37678 0.133057
-1.37659 0.133231

-1.37659 0.133233
-1.37645 0.133362

-1.37645 0.133362
-1.37628 0.133517

-1.37628 0.133518
-1.37612 0.133667

-1.37612 0.133667
-1.37598 0.133803

-1.37598 0.133804
-1.3758 0.133972

-1.3758 0.133972
-1.37567 0.134088

-1.37567 0.13409
-1.37547 0.134277

-1.37547 0.134277
-1.37537 0.134374

-1.37537 0.134375
-1.37514 0.134583

-1.37514 0.134583
-1.37506 0.13466

-1.37506 0.13466
-1.37482 0.134888

-1.37482 0.134888
-1.37476 0.134945

-1.37476 0.134946
-1.37449 0.135193

-1.37449 0.135193
-1.37445 0.135231

-1.37445 0.135231
-1.37417 0.135498

-1.37417 0.135498
-1.37415 0.135517

-1.37415 0.135517
-1.37384 0.135803

-1.37384 0.135803
-1.37354 0.136089

-1.37354 0.136089
-1.37351 0.136108

-1.37351 0.136108
-1.37323 0.136375

-1.37323 0.136375
-1.37319 0.136414

-1.37319 0.136414
-1.37292 0.13666

-1.37292 0.136661
-1.37286 0.136719

-1.37286 0.136719
-1.37262 0.136946

-1.37262 0.136947
-1.37254 0.137024

-1.37254 0.137024
-1.37231 0.137231

-1.37231 0.137233
-1.37221 0.137329

-1.37221 0.137329
-1.37201 0.137518

-1.37201 0.137519
-1.37189 0.137634

-1.37189 0.137634
-1.3717 0.137804

-1.3717 0.137805
-1.37156 0.137939

-1.37156 0.137939
-1.3714 0.13809

-1.3714 0.138091
-1.37123 0.138245

-1.37124 0.138245
-1.37109 0.138377

-1.37109 0.138378
-1.37091 0.13855

-1.37091 0.13855
-1.37079 0.138663

-1.37079 0.138664
-1.37058 0.138855

-1.37058 0.138855
-1.37048 0.138949

-1.37048 0.138951
-1.37026 0.13916

-1.37026 0.13916
-1.37018 0.139236

-1.37018 0.139236
-1.36993 0.139465

-1.36993 0.139465
-1.36987 0.139522

-1.36987 0.139522
-1.36961 0.139771

-1.36961 0.139771
-1.36957 0.139809

-1.36957 0.139809
-1.36928 0.140076

-1.36928 0.140076
-1.36926 0.140095

-1.36926 0.140095
-1.36896 0.140381

-1.36896 0.140381
-1.36896 0.140382

-1.36896 0.140382
-1.36865 0.140668

-1.36865 0.140668
-1.36863 0.140686

-1.36863 0.140686
-1.36835 0.140955

-1.36835 0.140955
-1.36831 0.140991

-1.36831 0.140991
-1.36804 0.141241

-1.36804 0.141241
-1.36798 0.141296

-1.36798 0.141296
-1.36774 0.141528

-1.36774 0.141528
-1.36766 0.141602

-1.36766 0.141602
-1.36743 0.141814

-1.36743 0.141815
-1.36733 0.141907

-1.36733 0.141907
-1.36713 0.142101

-1.36713 0.142102
-1.36701 0.142212

-1.36701 0.142212
-1.36682 0.142388

-1.36682 0.142389
-1.36668 0.142517

-1.36669 0.142517
-1.36652 0.142675

-1.36652 0.142676
-1.36636 0.142822

-1.36636 0.142822
-1.36621 0.142962

-1.36621 0.142963
-1.36603 0.143127

-1.36604 0.143127
-1.36591 0.143249

-1.36591 0.14325
-1.36571 0.143433

-1.36571 0.143433
-1.3656 0.143536

-1.3656 0.143538
-1.36539 0.143738

-1.36539 0.143738
-1.3653 0.143824

-1.3653 0.143825
-1.36506 0.144043

-1.36506 0.144043
-1.36499 0.144111

-1.36499 0.144111
-1.36474 0.144348

-1.36474 0.144348
-1.36469 0.144398

-1.36469 0.144398
-1.36441 0.144653

-1.36441 0.144653
-1.36438 0.144685

-1.36438 0.144685
-1.36409 0.144958

-1.36409 0.144958
-1.36407 0.144973

-1.36407 0.144973
-1.36377 0.14526

-1.36377 0.14526
-1.36377 0.145264

-1.36377 0.145264
-1.36346 0.145548

-1.36346 0.145548
-1.36344 0.145569

-1.36344 0.145569
-1.36316 0.145835

-1.36316 0.145835
-1.36312 0.145874

-1.36312 0.145874
-1.36285 0.146122

-1.36285 0.146123
-1.36279 0.146179

-1.36279 0.146179
-1.36255 0.14641

-1.36255 0.14641
-1.36247 0.146484

-1.36247 0.146484
-1.36224 0.146697

-1.36224 0.146698
-1.36215 0.14679

-1.36215 0.14679
-1.36194 0.146985

-1.36194 0.146986
-1.36182 0.147095

-1.36182 0.147095
-1.36163 0.147273

-1.36163 0.147274
-1.3615 0.1474

-1.3615 0.1474
-1.36133 0.147561

-1.36133 0.147562
-1.36118 0.147705

-1.36118 0.147705
-1.36102 0.147849

-1.36102 0.14785
-1.36085 0.14801

-1.36085 0.14801
-1.36072 0.148137

-1.36072 0.148138
-1.36053 0.148315

-1.36053 0.148315
-1.36041 0.148425

-1.36041 0.148426
-1.3602 0.148621

-1.36021 0.148621
-1.36011 0.148713

-1.36011 0.148714
-1.35988 0.148926

-1.35988 0.148926
-1.3598 0.149001

-1.3598 0.149002
-1.35956 0.149231

-1.35956 0.149231
-1.3595 0.149289

-1.3595 0.14929
-1.35924 0.149536

-1.35924 0.149536
-1.35919 0.149578

-1.35919 0.149578
-1.35891 0.149841

-1.35891 0.149841
-1.35889 0.149866

-1.35889 0.149866
-1.35859 0.150146

-1.35859 0.150146
-1.35858 0.150154

-1.35858 0.150154
-1.35828 0.150442

-1.35828 0.150442
-1.35827 0.150452

-1.35827 0.150452
-1.35797 0.150731

-1.35797 0.150731
-1.35794 0.150757

-1.35794 0.150757
-1.35767 0.151019

-1.35767 0.151019
-1.35762 0.151062

-1.35762 0.151062
-1.35736 0.151308

-1.35736 0.151308
-1.3573 0.151367

-1.3573 0.151367
-1.35706 0.151596

-1.35706 0.151597
-1.35698 0.151672

-1.35698 0.151672
-1.35675 0.151884

-1.35675 0.151885
-1.35665 0.151978

-1.35665 0.151978
-1.35645 0.152173

-1.35645 0.152174
-1.35633 0.152283

-1.35633 0.152283
-1.35614 0.152462

-1.35614 0.152463
-1.35601 0.152588

-1.35601 0.152588
-1.35583 0.15275

-1.35583 0.152751
-1.35568 0.152893

-1.35569 0.152893
-1.35553 0.153039

-1.35553 0.15304
-1.35536 0.153198

-1.35536 0.153198
-1.35522 0.153328

-1.35522 0.153329
-1.35504 0.153503

-1.35504 0.153503
-1.35492 0.153617

-1.35492 0.153618
-1.35472 0.153809

-1.35472 0.153809
-1.35461 0.153906

-1.35461 0.153907
-1.35439 0.154114

-1.35439 0.154114
-1.35431 0.154195

-1.35431 0.154196
-1.35407 0.154419

-1.35407 0.154419
-1.354 0.154484

-1.354 0.154484
-1.35375 0.154724

-1.35375 0.154724
-1.3537 0.154773

-1.3537 0.154773
-1.35343 0.155029

-1.35343 0.155029
-1.35339 0.155062

-1.35339 0.155062
-1.35311 0.155334

-1.35311 0.155334
-1.35309 0.155351

-1.35309 0.155351
-1.35278 0.15564

-1.35278 0.15564
-1.35278 0.15564

-1.35278 0.15564
-1.35248 0.155929

-1.35248 0.155929
-1.35246 0.155945

-1.35246 0.155945
-1.35217 0.156219

-1.35217 0.156219
-1.35214 0.15625

-1.35214 0.15625
-1.35187 0.156508

-1.35187 0.156508
-1.35182 0.156555

-1.35182 0.156555
-1.35156 0.156797

-1.35156 0.156797
-1.3515 0.15686

-1.3515 0.15686
-1.35126 0.157086

-1.35126 0.157087
-1.35117 0.157166

-1.35117 0.157166
-1.35095 0.157375

-1.35095 0.157376
-1.35085 0.157471

-1.35085 0.157471
-1.35065 0.157664

-1.35065 0.157665
-1.35053 0.157776

-1.35053 0.157776
-1.35034 0.157954

-1.35034 0.157955
-1.35021 0.158081

-1.35021 0.158081
-1.35004 0.158243

-1.35004 0.158244
-1.34989 0.158386

-1.34989 0.158386
-1.34973 0.158533

-1.34973 0.158534
-1.34956 0.158691

-1.34957 0.158691
-1.34943 0.158823

-1.34943 0.158824
-1.34924 0.158997

-1.34924 0.158997
-1.34912 0.159112

-1.34912 0.159113
-1.34892 0.159302

-1.34892 0.159302
-1.34882 0.159402

-1.34882 0.159403
-1.3486 0.159607

-1.3486 0.159607
-1.34851 0.159692

-1.34851 0.159693
-1.34828 0.159912

-1.34828 0.159912
-1.34821 0.159981

-1.34821 0.159982
-1.34796 0.160217

-1.34796 0.160217
-1.3479 0.160271

-1.3479 0.160271
-1.34764 0.160522

-1.34764 0.160522
-1.3476 0.160561

-1.3476 0.160561
-1.34731 0.160828

-1.34731 0.160828
-1.34729 0.160851

-1.34729 0.160851
-1.34699 0.161133

-1.34699 0.161133
-1.34698 0.16114

-1.34698 0.16114
-1.34668 0.16143

-1.34668 0.16143
-1.34667 0.161438

-1.34667 0.161438
-1.34637 0.16172

-1.34637 0.16172
-1.34635 0.161743

-1.34635 0.161743
-1.34607 0.16201

-1.34607 0.16201
-1.34603 0.162048

-1.34603 0.162048
-1.34576 0.1623

-1.34576 0.1623
-1.34571 0.162354

-1.34571 0.162354
-1.34546 0.16259

-1.34546 0.16259
-1.34539 0.162659

-1.34539 0.162659
-1.34515 0.162879

-1.34515 0.16288
-1.34507 0.162964

-1.34507 0.162964
-1.34485 0.163169

-1.34485 0.16317
-1.34474 0.163269

-1.34475 0.163269
-1.34454 0.16346

-1.34454 0.163461
-1.34442 0.163574

-1.34442 0.163574
-1.34424 0.16375

-1.34424 0.163751
-1.3441 0.163879

-1.3441 0.163879
-1.34393 0.16404

-1.34393 0.164041
-1.34378 0.164185

-1.34378 0.164185
-1.34363 0.164331

-1.34363 0.164332
-1.34346 0.16449

-1.34346 0.16449
-1.34332 0.164621

-1.34332 0.164622
-1.34314 0.164795

-1.34314 0.164795
-1.34302 0.164911

-1.34302 0.164912
-1.34282 0.1651

-1.34282 0.1651
-1.34271 0.165202

-1.34271 0.165203
-1.3425 0.165405

-1.3425 0.165405
-1.34241 0.165492

-1.34241 0.165494
-1.34218 0.16571

-1.34218 0.16571
-1.3421 0.165783

-1.3421 0.165784
-1.34186 0.166016

-1.34186 0.166016
-1.3418 0.166073

-1.3418 0.166074
-1.34154 0.166321

-1.34154 0.166321
-1.34149 0.166364

-1.34149 0.166364
-1.34122 0.166626

-1.34122 0.166626
-1.34119 0.166655

-1.34119 0.166655
-1.3409 0.166931

-1.3409 0.166931
-1.34088 0.166945

-1.34088 0.166945
-1.34058 0.167236

-1.34058 0.167236
-1.34027 0.167527

-1.34027 0.167527
-1.34026 0.167542

-1.34026 0.167542
-1.33997 0.167818

-1.33997 0.167818
-1.33994 0.167847

-1.33994 0.167847
-1.33966 0.168108

-1.33966 0.168108
-1.33962 0.168152

-1.33962 0.168152
-1.33936 0.168399

-1.33936 0.168399
-1.33929 0.168457

-1.3393 0.168457
-1.33905 0.168689

-1.33905 0.16869
-1.33897 0.168762

-1.33898 0.168762
-1.33875 0.16898

-1.33875 0.168981
-1.33865 0.169067

-1.33866 0.169067
-1.33844 0.169271

-1.33844 0.169272
-1.33833 0.169373

-1.33834 0.169373
-1.33813 0.169562

-1.33813 0.169563
-1.33801 0.169678

-1.33802 0.169678
-1.33783 0.169854

-1.33783 0.169854
-1.33769 0.169983

-1.33769 0.169983
-1.33752 0.170145

-1.33752 0.170146
-1.33737 0.170288

-1.33737 0.170288
-1.33722 0.170436

-1.33722 0.170437
-1.33705 0.170593

-1.33705 0.170593
-1.33691 0.170727

-1.33691 0.170728
-1.33673 0.170898

-1.33674 0.170898
-1.33661 0.171019

-1.33661 0.171019
-1.33641 0.171204

-1.33642 0.171204
-1.3363 0.17131

-1.3363 0.171311
-1.33609 0.171509

-1.3361 0.171509
-1.336 0.171601

-1.336 0.171602
-1.33577 0.171814

-1.33578 0.171814
-1.33569 0.171892

-1.33569 0.171893
-1.33546 0.172119

-1.33546 0.172119
-1.33539 0.172184

-1.33539 0.172184
-1.33514 0.172424

-1.33514 0.172424
-1.33508 0.172475

-1.33508 0.172476
-1.33482 0.172729

-1.33482 0.172729
-1.33478 0.172767

-1.33478 0.172767
-1.3345 0.173035

-1.3345 0.173035
-1.33447 0.173058

-1.33447 0.173058
-1.33418 0.17334

-1.33418 0.17334
-1.33417 0.17335

-1.33417 0.17335
-1.33386 0.173641

-1.33386 0.173641
-1.33386 0.173645

-1.33386 0.173645
-1.33356 0.173933

-1.33356 0.173933
-1.33354 0.17395

-1.33354 0.17395
-1.33325 0.174224

-1.33325 0.174224
-1.33322 0.174255

-1.33322 0.174255
-1.33295 0.174516

-1.33295 0.174516
-1.3329 0.174561

-1.3329 0.174561
-1.33264 0.174807

-1.33264 0.174808
-1.33258 0.174866

-1.33258 0.174866
-1.33234 0.175099

-1.33234 0.1751
-1.33226 0.175171

-1.33226 0.175171
-1.33203 0.17539

-1.33203 0.175391
-1.33194 0.175476

-1.33194 0.175476
-1.33173 0.175682

-1.33173 0.175683
-1.33162 0.175781

-1.33162 0.175781
-1.33142 0.175974

-1.33142 0.175975
-1.3313 0.176086

-1.3313 0.176086
-1.33112 0.176266

-1.33112 0.176267
-1.33099 0.176392

-1.33099 0.176392
-1.33081 0.176558

-1.33081 0.176559
-1.33067 0.176697

-1.33067 0.176697
-1.33051 0.17685

-1.33051 0.176851
-1.33035 0.177002

-1.33035 0.177002
-1.3302 0.177142

-1.3302 0.177143
-1.33003 0.177307

-1.33003 0.177307
-1.3299 0.177434

-1.3299 0.177435
-1.32971 0.177612

-1.32971 0.177612
-1.32959 0.177726

-1.32959 0.177727
-1.32939 0.177917

-1.32939 0.177917
-1.32928 0.178018

-1.32928 0.178019
-1.32907 0.178223

-1.32907 0.178223
-1.32898 0.178311

-1.32898 0.178312
-1.32875 0.178528

-1.32875 0.178528
-1.32867 0.178603

-1.32867 0.178604
-1.32843 0.178833

-1.32843 0.178833
-1.32837 0.178895

-1.32837 0.178896
-1.32811 0.179138

-1.32812 0.179138
-1.32806 0.179187

-1.32806 0.179187
-1.3278 0.179443

-1.3278 0.179443
-1.32776 0.17948

-1.32776 0.17948
-1.32748 0.179749

-1.32748 0.179749
-1.32745 0.179772

-1.32745 0.179772
-1.32716 0.180054

-1.32716 0.180054
-1.32715 0.180064

-1.32715 0.180064
-1.32684 0.180357

-1.32684 0.180357
-1.32684 0.180359

-1.32684 0.180359
-1.32654 0.180649

-1.32654 0.180649
-1.32652 0.180664

-1.32652 0.180664
-1.32623 0.180941

-1.32623 0.180941
-1.3262 0.180969

-1.3262 0.180969
-1.32593 0.181234

-1.32593 0.181234
-1.32589 0.181274

-1.32589 0.181274
-1.32562 0.181526

-1.32562 0.181526
-1.32557 0.18158

-1.32557 0.18158
-1.32532 0.181818

-1.32532 0.181819
-1.32525 0.181885

-1.32525 0.181885
-1.32501 0.182111

-1.32501 0.182112
-1.32493 0.18219

-1.32493 0.18219
-1.32471 0.182403

-1.32471 0.182404
-1.32461 0.182495

-1.32461 0.182495
-1.3244 0.182696

-1.3244 0.182697
-1.32429 0.1828

-1.32429 0.1828
-1.3241 0.182989

-1.3241 0.18299
-1.32398 0.183105

-1.32398 0.183105
-1.32379 0.183282

-1.32379 0.183283
-1.32366 0.183411

-1.32366 0.183411
-1.32349 0.183575

-1.32349 0.183575
-1.32334 0.183716

-1.32334 0.183716
-1.32318 0.183867

-1.32318 0.183868
-1.32302 0.184021

-1.32302 0.184021
-1.32288 0.18416

-1.32288 0.184161
-1.3227 0.184326

-1.3227 0.184326
-1.32257 0.184453

-1.32257 0.184454
-1.32238 0.184631

-1.32239 0.184631
-1.32227 0.184746

-1.32227 0.184747
-1.32207 0.184937

-1.32207 0.184937
-1.32196 0.185039

-1.32196 0.18504
-1.32175 0.185242

-1.32175 0.185242
-1.32166 0.185332

-1.32166 0.185333
-1.32143 0.185547

-1.32143 0.185547
-1.32135 0.185625

-1.32135 0.185626
-1.32111 0.185852

-1.32111 0.185852
-1.32104 0.185918

-1.32104 0.185919
-1.3208 0.186157

-1.3208 0.186157
-1.32074 0.186211

-1.32074 0.186211
-1.32048 0.186462

-1.32048 0.186462
-1.32043 0.186504

-1.32043 0.186504
-1.32016 0.186768

-1.32016 0.186768
-1.32013 0.186797

-1.32013 0.186797
-1.31984 0.187073

-1.31984 0.187073
-1.31982 0.18709

-1.31982 0.18709
-1.31952 0.187378

-1.31952 0.187378
-1.31952 0.187383

-1.31952 0.187383
-1.31921 0.187676

-1.31921 0.187676
-1.31921 0.187683

-1.31921 0.187683
-1.31891 0.187969

-1.31891 0.187969
-1.31889 0.187988

-1.31889 0.187988
-1.3186 0.188262

-1.3186 0.188262
-1.31857 0.188293

-1.31857 0.188293
-1.3183 0.188555

-1.3183 0.188556
-1.31825 0.188599

-1.31825 0.188599
-1.31799 0.188848

-1.31799 0.188849
-1.31794 0.188904

-1.31794 0.188904
-1.31769 0.189141

-1.31769 0.189142
-1.31762 0.189209

-1.31762 0.189209
-1.31738 0.189434

-1.31738 0.189435
-1.3173 0.189514

-1.3173 0.189514
-1.31708 0.189727

-1.31708 0.189728
-1.31698 0.189819

-1.31698 0.189819
-1.31677 0.190021

-1.31677 0.190022
-1.31667 0.190125

-1.31667 0.190125
-1.31647 0.190314

-1.31647 0.190315
-1.31635 0.19043

-1.31635 0.19043
-1.31616 0.190607

-1.31616 0.190608
-1.31603 0.190735

-1.31603 0.190735
-1.31586 0.190901

-1.31586 0.190902
-1.31571 0.19104

-1.31571 0.19104
-1.31555 0.191194

-1.31555 0.191195
-1.31539 0.191345

-1.3154 0.191345
-1.31525 0.191487

-1.31525 0.191488
-1.31508 0.19165

-1.31508 0.19165
-1.31494 0.191781

-1.31494 0.191781
-1.31476 0.191956

-1.31476 0.191956
-1.31464 0.192074

-1.31464 0.192075
-1.31444 0.192261

-1.31444 0.192261
-1.31433 0.192367

-1.31433 0.192368
-1.31412 0.192566

-1.31412 0.192566
-1.31403 0.192661

-1.31403 0.192662
-1.31381 0.192871

-1.31381 0.192871
-1.31372 0.192954

-1.31372 0.192955
-1.31349 0.193176

-1.31349 0.193176
-1.31342 0.193247

-1.31342 0.193248
-1.31317 0.193481

-1.31317 0.193481
-1.31311 0.193541

-1.31311 0.193541
-1.31285 0.193787

-1.31285 0.193787
-1.31281 0.193834

-1.31281 0.193834
-1.31254 0.194092

-1.31254 0.194092
-1.3125 0.194127

-1.3125 0.194128
-1.31222 0.194397

-1.31222 0.194397
-1.31219 0.194421

-1.31219 0.194421
-1.3119 0.194702

-1.3119 0.194702
-1.31189 0.194714

-1.31189 0.194714
-1.31158 0.195007

-1.31158 0.195007
-1.31128 0.195301

-1.31128 0.195301
-1.31127 0.195312

-1.31127 0.195312
-1.31097 0.195594

-1.31097 0.195594
-1.31095 0.195618

-1.31095 0.195618
-1.31067 0.195887

-1.31067 0.195888
-1.31063 0.195923

-1.31063 0.195923
-1.31036 0.196181

-1.31036 0.196181
-1.31031 0.196228

-1.31032 0.196228
-1.31006 0.196474

-1.31006 0.196474
-1.31 0.196533

-1.31 0.196533
-1.30975 0.196767

-1.30975 0.196768
-1.30968 0.196838

-1.30968 0.196838
-1.30945 0.19706

-1.30945 0.197061
-1.30936 0.197144

-1.30936 0.197144
-1.30914 0.197354

-1.30914 0.197354
-1.30904 0.197449

-1.30905 0.197449
-1.30884 0.197647

-1.30884 0.197648
-1.30873 0.197754

-1.30873 0.197754
-1.30853 0.19794

-1.30853 0.197941
-1.30841 0.198059

-1.30841 0.198059
-1.30823 0.198234

-1.30823 0.198235
-1.30809 0.198364

-1.30809 0.198364
-1.30792 0.198527

-1.30792 0.198528
-1.30777 0.198669

-1.30778 0.198669
-1.30762 0.198821

-1.30762 0.198821
-1.30746 0.198975

-1.30746 0.198975
-1.30731 0.199114

-1.30731 0.199115
-1.30714 0.19928

-1.30714 0.19928
-1.30701 0.199407

-1.30701 0.199408
-1.30682 0.199585

-1.30682 0.199585
-1.3067 0.199701

-1.3067 0.199702
-1.3065 0.19989

-1.3065 0.19989
-1.3064 0.199994

-1.3064 0.199995
-1.30619 0.200195

-1.30619 0.200195
-1.30609 0.200287

-1.30609 0.200288
-1.30587 0.2005

-1.30587 0.2005
-1.30579 0.200581

-1.30579 0.200582
-1.30555 0.200806

-1.30555 0.200806
-1.30548 0.200874

-1.30548 0.200875
-1.30523 0.201111

-1.30523 0.201111
-1.30518 0.201168

-1.30518 0.201168
-1.30492 0.201416

-1.30492 0.201416
-1.30487 0.201461

-1.30487 0.201461
-1.3046 0.201721

-1.3046 0.201721
-1.30457 0.201754

-1.30457 0.201754
-1.30428 0.202026

-1.30428 0.202026
-1.30426 0.202047

-1.30426 0.202047
-1.30396 0.202332

-1.30396 0.202332
-1.30396 0.202341

-1.30396 0.202341
-1.30365 0.202634

-1.30365 0.202634
-1.30365 0.202637

-1.30365 0.202637
-1.30334 0.202927

-1.30334 0.202927
-1.30333 0.202942

-1.30333 0.202942
-1.30304 0.203221

-1.30304 0.203221
-1.30301 0.203247

-1.30301 0.203247
-1.30273 0.203514

-1.30273 0.203514
-1.30269 0.203552

-1.30269 0.203552
-1.30243 0.203807

-1.30243 0.203807
-1.30238 0.203857

-1.30238 0.203857
-1.30212 0.2041

-1.30212 0.204101
-1.30206 0.204163

-1.30206 0.204163
-1.30182 0.204393

-1.30182 0.204394
-1.30174 0.204468

-1.30174 0.204468
-1.30151 0.204686

-1.30151 0.204687
-1.30142 0.204773

-1.30142 0.204773
-1.30121 0.20498

-1.30121 0.204981
-1.30111 0.205078

-1.30111 0.205078
-1.3009 0.205273

-1.3009 0.205274
-1.30079 0.205383

-1.30079 0.205383
-1.3006 0.205566

-1.3006 0.205567
-1.30047 0.205688

-1.30047 0.205688
-1.30029 0.20586

-1.30029 0.20586
-1.30015 0.205994

-1.30015 0.205994
-1.29999 0.206153

-1.29999 0.206154
-1.29984 0.206299

-1.29984 0.206299
-1.29968 0.206446

-1.29968 0.206447
-1.29952 0.206604

-1.29952 0.206604
-1.29938 0.20674

-1.29938 0.20674
-1.2992 0.206909

-1.2992 0.206909
-1.29907 0.207033

-1.29907 0.207034
-1.29888 0.207214

-1.29888 0.207214
-1.29877 0.207326

-1.29877 0.207327
-1.29857 0.20752

-1.29857 0.20752
-1.29846 0.207619

-1.29846 0.20762
-1.29825 0.207825

-1.29825 0.207825
-1.29816 0.207913

-1.29816 0.207914
-1.29793 0.20813

-1.29793 0.20813
-1.29785 0.208206

-1.29785 0.208207
-1.29761 0.208435

-1.29761 0.208435
-1.29755 0.208499

-1.29755 0.2085
-1.29729 0.20874

-1.2973 0.20874
-1.29724 0.208792

-1.29724 0.208793
-1.29698 0.209045

-1.29698 0.209045
-1.29694 0.209085

-1.29694 0.209086
-1.29666 0.209351

-1.29666 0.209351
-1.29663 0.209379

-1.29663 0.209379
-1.29634 0.209656

-1.29634 0.209656
-1.29633 0.209672

-1.29633 0.209672
-1.29602 0.209961

-1.29602 0.209961
-1.29602 0.209965

-1.29602 0.209965
-1.29572 0.210258

-1.29572 0.210258
-1.29571 0.210266

-1.29571 0.210266
-1.29541 0.210551

-1.29541 0.210551
-1.29539 0.210571

-1.29539 0.210571
-1.2951 0.210845

-1.2951 0.210845
-1.29507 0.210876

-1.29507 0.210876
-1.2948 0.211138

-1.2948 0.211138
-1.29475 0.211182

-1.29475 0.211182
-1.29449 0.21143

-1.29449 0.211431
-1.29444 0.211487

-1.29444 0.211487
-1.29419 0.211723

-1.29419 0.211724
-1.29412 0.211792

-1.29412 0.211792
-1.29388 0.212016

-1.29388 0.212017
-1.2938 0.212097

-1.2938 0.212097
-1.29358 0.212309

-1.29358 0.21231
-1.29348 0.212402

-1.29348 0.212402
-1.29327 0.212602

-1.29327 0.212603
-1.29317 0.212708

-1.29317 0.212708
-1.29297 0.212896

-1.29297 0.212896
-1.29285 0.213013

-1.29285 0.213013
-1.29266 0.213189

-1.29266 0.21319
-1.29253 0.213318

-1.29253 0.213318
-1.29236 0.213482

-1.29236 0.213483
-1.29221 0.213623

-1.29221 0.213623
-1.29205 0.213775

-1.29205 0.213776
-1.29189 0.213928

-1.29189 0.213928
-1.29175 0.214068

-1.29175 0.214069
-1.29158 0.214233

-1.29158 0.214233
-1.29144 0.214361

-1.29144 0.214362
-1.29126 0.214539

-1.29126 0.214539
-1.29114 0.214654

-1.29114 0.214655
-1.29094 0.214844

-1.29094 0.214844
-1.29083 0.214947

-1.29083 0.214948
-1.29062 0.215149

-1.29062 0.215149
-1.29053 0.21524

-1.29053 0.215241
-1.2903 0.215454

-1.2903 0.215454
-1.29022 0.215533

-1.29022 0.215534
-1.28999 0.215759

-1.28999 0.215759
-1.28992 0.215826

-1.28992 0.215826
-1.28967 0.216064

-1.28967 0.216064
-1.28961 0.216119

-1.28961 0.216119
-1.28935 0.21637

-1.28935 0.21637
-1.28931 0.216412

-1.28931 0.216412
-1.28903 0.216675

-1.28903 0.216675
-1.289 0.216704

-1.289 0.216704
-1.28871 0.21698

-1.28871 0.21698
-1.2887 0.216997

-1.2887 0.216997
-1.2884 0.217285

-1.2884 0.217285
-1.28839 0.21729

-1.28839 0.21729
-1.28809 0.217583

-1.28809 0.217583
-1.28808 0.21759

-1.28808 0.21759
-1.28778 0.217876

-1.28778 0.217876
-1.28776 0.217896

-1.28776 0.217896
-1.28748 0.218168

-1.28748 0.218169
-1.28744 0.218201

-1.28744 0.218201
-1.28717 0.218461

-1.28717 0.218461
-1.28712 0.218506

-1.28712 0.218506
-1.28687 0.218754

-1.28687 0.218754
-1.28681 0.218811

-1.28681 0.218811
-1.28656 0.219046

-1.28656 0.219047
-1.28649 0.219116

-1.28649 0.219116
-1.28625 0.219339

-1.28625 0.21934
-1.28617 0.219421

-1.28617 0.219421
-1.28595 0.219631

-1.28595 0.219632
-1.28585 0.219727

-1.28585 0.219727
-1.28564 0.219924

-1.28564 0.219925
-1.28553 0.220032

-1.28553 0.220032
-1.28534 0.220217

-1.28534 0.220218
-1.28521 0.220337

-1.28522 0.220337
-1.28503 0.22051

-1.28503 0.220511
-1.2849 0.220642

-1.2849 0.220642
-1.28473 0.220802

-1.28473 0.220803
-1.28458 0.220947

-1.28458 0.220947
-1.28442 0.221095

-1.28442 0.221096
-1.28426 0.221252

-1.28426 0.221252
-1.28412 0.221388

-1.28412 0.221389
-1.28394 0.221558

-1.28394 0.221558
-1.28381 0.22168

-1.28381 0.221681
-1.28362 0.221863

-1.28362 0.221863
-1.28351 0.221973

-1.28351 0.221974
-1.2833 0.222168

-1.28331 0.222168
-1.2832 0.222266

-1.2832 0.222267
-1.28299 0.222473

-1.28299 0.222473
-1.2829 0.222558

-1.2829 0.222559
-1.28267 0.222778

-1.28267 0.222778
-1.28259 0.222851

-1.28259 0.222852
-1.28235 0.223083

-1.28235 0.223083
-1.28229 0.223143

-1.28229 0.223144
-1.28203 0.223389

-1.28203 0.223389
-1.28198 0.223436

-1.28198 0.223436
-1.28171 0.223694

-1.28171 0.223694
-1.28168 0.223728

-1.28168 0.223728
-1.28139 0.223999

-1.28139 0.223999
-1.28137 0.224021

-1.28137 0.224021
-1.28108 0.224304

-1.28108 0.224304
-1.28107 0.224313

-1.28107 0.224313
-1.28076 0.224605

-1.28076 0.224605
-1.28076 0.224609

-1.28076 0.224609
-1.28046 0.224898

-1.28046 0.224898
-1.28044 0.224915

-1.28044 0.224915
-1.28015 0.22519

-1.28015 0.22519
-1.28012 0.22522

-1.28012 0.22522
-1.27985 0.225482

-1.27985 0.225482
-1.2798 0.225525

-1.2798 0.225525
-1.27954 0.225774

-1.27954 0.225775
-1.27948 0.22583

-1.27948 0.22583
-1.27924 0.226066

-1.27924 0.226067
-1.27916 0.226135

-1.27917 0.226135
-1.27893 0.226358

-1.27893 0.226359
-1.27885 0.22644

-1.27885 0.22644
-1.27863 0.226651

-1.27863 0.226652
-1.27853 0.226746

-1.27853 0.226746
-1.27832 0.226943

-1.27832 0.226944
-1.27821 0.227051

-1.27821 0.227051
-1.27802 0.227235

-1.27802 0.227236
-1.27789 0.227356

-1.27789 0.227356
-1.27771 0.227527

-1.27771 0.227528
-1.27757 0.227661

-1.27757 0.227661
-1.2774 0.22782

-1.2774 0.22782
-1.27725 0.227966

-1.27725 0.227966
-1.2771 0.228112

-1.2771 0.228113
-1.27693 0.228271

-1.27693 0.228271
-1.27679 0.228404

-1.27679 0.228405
-1.27661 0.228577

-1.27661 0.228577
-1.27649 0.228696

-1.27649 0.228697
-1.27629 0.228882

-1.2763 0.228882
-1.27618 0.228988

-1.27618 0.228989
-1.27598 0.229187

-1.27598 0.229187
-1.27588 0.22928

-1.27588 0.229281
-1.27566 0.229492

-1.27566 0.229492
-1.27557 0.229572

-1.27557 0.229573
-1.27534 0.229797

-1.27534 0.229797
-1.27527 0.229864

-1.27527 0.229865
-1.27502 0.230103

-1.27502 0.230103
-1.27496 0.230156

-1.27496 0.230156
-1.2747 0.230408

-1.2747 0.230408
-1.27466 0.230448

-1.27466 0.230448
-1.27438 0.230713

-1.27438 0.230713
-1.27435 0.230739

-1.27435 0.23074
-1.27406 0.231018

-1.27406 0.231018
-1.27405 0.231031

-1.27405 0.231031
-1.27374 0.231323

-1.27374 0.231323
-1.27344 0.231615

-1.27344 0.231615
-1.27342 0.231628

-1.27342 0.231628
-1.27313 0.231906

-1.27313 0.231906
-1.2731 0.231934

-1.2731 0.231934
-1.27283 0.232198

-1.27283 0.232198
-1.27278 0.232239

-1.27278 0.232239
-1.27252 0.232489

-1.27252 0.23249
-1.27247 0.232544

-1.27247 0.232544
-1.27222 0.232781

-1.27222 0.232782
-1.27215 0.232849

-1.27215 0.232849
-1.27191 0.233072

-1.27191 0.233073
-1.27183 0.233154

-1.27183 0.233154
-1.27161 0.233364

-1.27161 0.233365
-1.27151 0.233459

-1.27151 0.233459
-1.2713 0.233655

-1.2713 0.233656
-1.27119 0.233765

-1.27119 0.233765
-1.271 0.233947

-1.271 0.233948
-1.27087 0.23407

-1.27087 0.23407
-1.27069 0.234238

-1.27069 0.234239
-1.27055 0.234375

-1.27055 0.234375
-1.27039 0.23453

-1.27039 0.234531
-1.27023 0.23468

-1.27023 0.23468
-1.27008 0.234821

-1.27008 0.234822
-1.26991 0.234985

-1.26991 0.234985
-1.26978 0.235113

-1.26978 0.235114
-1.26959 0.235291

-1.26959 0.235291
-1.26947 0.235404

-1.26947 0.235405
-1.26927 0.235596

-1.26927 0.235596
-1.26917 0.235695

-1.26917 0.235696
-1.26895 0.235901

-1.26895 0.235901
-1.26886 0.235987

-1.26886 0.235988
-1.26863 0.236206

-1.26863 0.236206
-1.26855 0.236278

-1.26855 0.236279
-1.26831 0.236511

-1.26831 0.236511
-1.26825 0.236569

-1.26825 0.23657
-1.26799 0.236816

-1.26799 0.236816
-1.26794 0.23686

-1.26794 0.236861
-1.26767 0.237122

-1.26767 0.237122
-1.26764 0.237151

-1.26764 0.237152
-1.26735 0.237427

-1.26735 0.237427
-1.26733 0.237442

-1.26733 0.237443
-1.26703 0.237732

-1.26703 0.237732
-1.26703 0.237734

-1.26703 0.237734
-1.26672 0.238025

-1.26672 0.238025
-1.26671 0.238037

-1.26671 0.238037
-1.26642 0.238316

-1.26642 0.238316
-1.26639 0.238342

-1.26639 0.238342
-1.26611 0.238606

-1.26611 0.238607
-1.26607 0.238647

-1.26607 0.238647
-1.26581 0.238897

-1.26581 0.238897
-1.26575 0.238953

-1.26575 0.238953
-1.2655 0.239188

-1.2655 0.239188
-1.26543 0.239258

-1.26543 0.239258
-1.2652 0.239478

-1.2652 0.239479
-1.26511 0.239563

-1.26511 0.239563
-1.26489 0.239769

-1.26489 0.23977
-1.26479 0.239868

-1.26479 0.239868
-1.26459 0.24006

-1.26459 0.240061
-1.26447 0.240173

-1.26447 0.240173
-1.26428 0.240351

-1.26428 0.240352
-1.26415 0.240479

-1.26415 0.240479
-1.26398 0.240641

-1.26398 0.240642
-1.26383 0.240784

-1.26383 0.240784
-1.26367 0.240932

-1.26367 0.240933
-1.26351 0.241089

-1.26351 0.241089
-1.26337 0.241223

-1.26337 0.241224
-1.26319 0.241394

-1.26319 0.241394
-1.26306 0.241513

-1.26306 0.241515
-1.26287 0.241699

-1.26287 0.241699
-1.26276 0.241804

-1.26276 0.241805
-1.26255 0.242004

-1.26255 0.242004
-1.26245 0.242095

-1.26245 0.242096
-1.26222 0.24231

-1.26223 0.24231
-1.26215 0.242385

-1.26215 0.242386
-1.2619 0.242615

-1.2619 0.242615
-1.26184 0.242676

-1.26184 0.242676
-1.26158 0.24292

-1.26158 0.24292
-1.26154 0.242966

-1.26154 0.242966
-1.26126 0.243225

-1.26126 0.243225
-1.26123 0.243256

-1.26123 0.243257
-1.26094 0.24353

-1.26094 0.24353
-1.26093 0.243547

-1.26093 0.243547
-1.26062 0.243835

-1.26062 0.243835
-1.26062 0.243837

-1.26062 0.243837
-1.26031 0.244127

-1.26031 0.244127
-1.2603 0.244141

-1.2603 0.244141
-1.26001 0.244418

-1.26001 0.244418
-1.25998 0.244446

-1.25998 0.244446
-1.2597 0.244708

-1.2597 0.244708
-1.25966 0.244751

-1.25966 0.244751
-1.2594 0.244998

-1.2594 0.244998
-1.25934 0.245056

-1.25934 0.245056
-1.25909 0.245287

-1.25909 0.245288
-1.25902 0.245361

-1.25902 0.245361
-1.25879 0.245577

-1.25879 0.245578
-1.2587 0.245667

-1.2587 0.245667
-1.25848 0.245867

-1.25848 0.245868
-1.25837 0.245972

-1.25838 0.245972
-1.25818 0.246157

-1.25818 0.246158
-1.25805 0.246277

-1.25805 0.246277
-1.25787 0.246447

-1.25787 0.246449
-1.25773 0.246582

-1.25773 0.246582
-1.25757 0.246737

-1.25757 0.246739
-1.25741 0.246887

-1.25741 0.246887
-1.25726 0.247027

-1.25726 0.247028
-1.25709 0.247192

-1.25709 0.247192
-1.25696 0.247317

-1.25696 0.247318
-1.25677 0.247498

-1.25677 0.247498
-1.25665 0.247607

-1.25665 0.247608
-1.25645 0.247803

-1.25645 0.247803
-1.25635 0.247897

-1.25635 0.247898
-1.25612 0.248108

-1.25613 0.248108
-1.25604 0.248187

-1.25604 0.248188
-1.2558 0.248413

-1.2558 0.248413
-1.25574 0.248477

-1.25574 0.248477
-1.25548 0.248718

-1.25548 0.248718
-1.25543 0.248766

-1.25543 0.248767
-1.25516 0.249023

-1.25516 0.249023
-1.25513 0.249056

-1.25513 0.249056
-1.25484 0.249329

-1.25484 0.249329
-1.25482 0.249345

-1.25482 0.249346
-1.25452 0.249634

-1.25452 0.249634
-1.25452 0.249635

-1.25452 0.249635
-1.25421 0.249925

-1.25421 0.249925
-1.2542 0.249939

-1.2542 0.249939
-1.25391 0.250214

-1.25391 0.250214
-1.25387 0.250244

-1.25387 0.250244
-1.2536 0.250503

-1.2536 0.250504
-1.25355 0.250549

-1.25355 0.250549
-1.2533 0.250793

-1.2533 0.250793
-1.25323 0.250854

-1.25323 0.250854
-1.25299 0.251081

-1.25299 0.251082
-1.25291 0.25116

-1.25291 0.25116
-1.25269 0.25137

-1.25269 0.251372
-1.25259 0.251465

-1.25259 0.251465
-1.25238 0.25166

-1.25238 0.251661
-1.25227 0.25177

-1.25227 0.25177
-1.25208 0.251949

-1.25208 0.25195
-1.25194 0.252075

-1.25194 0.252075
-1.25177 0.252238

-1.25177 0.25224
-1.25162 0.25238

-1.25162 0.25238
-1.25146 0.252528

-1.25146 0.252529
-1.2513 0.252686

-1.2513 0.252686
-1.25116 0.252817

-1.25116 0.252818
-1.25098 0.252991

-1.25098 0.252991
-1.25085 0.253106

-1.25085 0.253107
-1.25065 0.253296

-1.25065 0.253296
-1.25055 0.253395

-1.25055 0.253396
-1.25033 0.253601

-1.25033 0.253601
-1.25024 0.253684

-1.25024 0.253685
-1.25001 0.253906

-1.25001 0.253906
-1.24994 0.253973

-1.24994 0.253973
-1.24969 0.254211

-1.24969 0.254211
-1.24963 0.254262

-1.24963 0.254262
-1.24936 0.254517

-1.24936 0.254517
-1.24933 0.25455

-1.24933 0.254551
-1.24904 0.254822

-1.24904 0.254822
-1.24902 0.254839

-1.24902 0.254839
-1.24872 0.255127

-1.24872 0.255127
-1.24872 0.255128

-1.24872 0.255128
-1.24841 0.255416

-1.24841 0.255416
-1.2484 0.255432

-1.2484 0.255432
-1.24811 0.255705

-1.24811 0.255705
-1.24807 0.255737

-1.24807 0.255737
-1.2478 0.255993

-1.2478 0.255994
-1.24775 0.256042

-1.24775 0.256042
-1.2475 0.256282

-1.2475 0.256282
-1.24743 0.256348

-1.24743 0.256348
-1.24719 0.25657

-1.24719 0.256571
-1.24711 0.256653

-1.24711 0.256653
-1.24689 0.256858

-1.24689 0.256859
-1.24678 0.256958

-1.24678 0.256958
-1.24658 0.257146

-1.24658 0.257148
-1.24646 0.257263

-1.24646 0.257263
-1.24628 0.257435

-1.24628 0.257436
-1.24614 0.257568

-1.24614 0.257568
-1.24597 0.257723

-1.24597 0.257724
-1.24581 0.257874

-1.24581 0.257874
-1.24567 0.258011

-1.24567 0.258012
-1.24549 0.258179

-1.24549 0.258179
-1.24536 0.258299

-1.24536 0.258301
-1.24517 0.258484

-1.24517 0.258484
-1.24506 0.258588

-1.24506 0.258589
-1.24484 0.258789

-1.24484 0.258789
-1.24475 0.258876

-1.24475 0.258877
-1.24452 0.259094

-1.24452 0.259094
-1.24445 0.259164

-1.24445 0.259164
-1.2442 0.259399

-1.2442 0.259399
-1.24414 0.259451

-1.24414 0.259452
-1.24387 0.259705

-1.24387 0.259705
-1.24384 0.259739

-1.24384 0.25974
-1.24355 0.26001

-1.24355 0.26001
-1.24353 0.260027

-1.24353 0.260027
-1.24323 0.260315

-1.24323 0.260315
-1.24292 0.260603

-1.24292 0.260603
-1.2429 0.26062

-1.2429 0.26062
-1.24261 0.26089

-1.24261 0.26089
-1.24258 0.260925

-1.24258 0.260925
-1.24231 0.261178

-1.24231 0.261178
-1.24225 0.26123

-1.24225 0.26123
-1.242 0.261465

-1.242 0.261465
-1.24193 0.261536

-1.24193 0.261536
-1.2417 0.261752

-1.2417 0.261753
-1.24161 0.261841

-1.24161 0.261841
-1.24139 0.262039

-1.24139 0.26204
-1.24128 0.262146

-1.24128 0.262146
-1.24109 0.262326

-1.24109 0.262328
-1.24096 0.262451

-1.24096 0.262451
-1.24078 0.262614

-1.24078 0.262615
-1.24063 0.262756

-1.24063 0.262756
-1.24048 0.262901

-1.24048 0.262902
-1.24031 0.263062

-1.24031 0.263062
-1.24017 0.263188

-1.24017 0.26319
-1.23998 0.263367

-1.23998 0.263367
-1.23987 0.263476

-1.23987 0.263477
-1.23966 0.263672

-1.23966 0.263672
-1.23956 0.263763

-1.23956 0.263764
-1.23933 0.263977

-1.23934 0.263977
-1.23926 0.26405

-1.23926 0.264051
-1.23901 0.264282

-1.23901 0.264282
-1.23895 0.264337

-1.23895 0.264337
-1.23869 0.264587

-1.23869 0.264587
-1.23865 0.264624

-1.23865 0.264624
-1.23836 0.264893

-1.23836 0.264893
-1.23834 0.26491

-1.23834 0.264911
-1.23804 0.265197

-1.23804 0.265197
-1.23804 0.265198

-1.23804 0.265198
-1.23773 0.265484

-1.23773 0.265484
-1.23771 0.265503

-1.23771 0.265503
-1.23743 0.265771

-1.23743 0.265771
-1.23739 0.265808

-1.23739 0.265808
-1.23712 0.266057

-1.23712 0.266057
-1.23706 0.266113

-1.23706 0.266113
-1.23682 0.266343

-1.23682 0.266344
-1.23674 0.266418

-1.23674 0.266418
-1.23651 0.266629

-1.23651 0.266631
-1.23641 0.266724

-1.23641 0.266724
-1.23621 0.266916

-1.23621 0.266917
-1.23609 0.267029

-1.23609 0.267029
-1.2359 0.267202

-1.2359 0.267204
-1.23576 0.267334

-1.23576 0.267334
-1.2356 0.267489

-1.2356 0.26749
-1.23544 0.267639

-1.23544 0.267639
-1.23529 0.267775

-1.23529 0.267776
-1.23511 0.267944

-1.23511 0.267944
-1.23499 0.268061

-1.23499 0.268063
-1.23478 0.26825

-1.23478 0.26825
-1.23468 0.268347

-1.23468 0.268349
-1.23446 0.268555

-1.23446 0.268555
-1.23438 0.268634

-1.23438 0.268635
-1.23413 0.26886

-1.23413 0.26886
-1.23407 0.26892

-1.23407 0.26892
-1.23381 0.269165

-1.23381 0.269165
-1.23376 0.269206

-1.23376 0.269206
-1.23348 0.26947

-1.23348 0.26947
-1.23346 0.269492

-1.23346 0.269492
-1.23316 0.269775

-1.23316 0.269775
-1.23315 0.269777

-1.23315 0.269778
-1.23285 0.270063

-1.23285 0.270063
-1.23283 0.270081

-1.23283 0.270081
-1.23254 0.270349

-1.23254 0.270349
-1.2325 0.270386

-1.23251 0.270386
-1.23224 0.270635

-1.23224 0.270635
-1.23218 0.270691

-1.23218 0.270691
-1.23193 0.27092

-1.23193 0.270921
-1.23185 0.270996

-1.23185 0.270996
-1.23163 0.271205

-1.23163 0.271206
-1.23153 0.271301

-1.23153 0.271301
-1.23132 0.271491

-1.23132 0.271492
-1.2312 0.271606

-1.2312 0.271606
-1.23102 0.271776

-1.23102 0.271778
-1.23087 0.271912

-1.23087 0.271912
-1.23071 0.272062

-1.23071 0.272063
-1.23055 0.272217

-1.23055 0.272217
-1.23041 0.272347

-1.23041 0.272349
-1.23022 0.272522

-1.23022 0.272522
-1.2301 0.272633

-1.2301 0.272634
-1.22989 0.272827

-1.22989 0.272827
-1.2298 0.272918

-1.2298 0.272919
-1.22957 0.273132

-1.22957 0.273132
-1.22949 0.273203

-1.22949 0.273204
-1.22924 0.273438

-1.22924 0.273438
-1.22919 0.273488

-1.22919 0.273489
-1.22891 0.273743

-1.22891 0.273743
-1.22888 0.273773

-1.22888 0.273774
-1.22859 0.274048

-1.22859 0.274048
-1.22858 0.274058

-1.22858 0.274059
-1.22827 0.274343

-1.22827 0.274343
-1.22826 0.274353

-1.22826 0.274353
-1.22797 0.274628

-1.22797 0.274628
-1.22793 0.274658

-1.22793 0.274658
-1.22766 0.274913

-1.22766 0.274913
-1.22761 0.274963

-1.22761 0.274963
-1.22736 0.275198

-1.22736 0.275198
-1.22728 0.275269

-1.22728 0.275269
-1.22705 0.275482

-1.22705 0.275483
-1.22695 0.275574

-1.22695 0.275574
-1.22675 0.275766

-1.22675 0.275768
-1.22663 0.275879

-1.22663 0.275879
-1.22644 0.276051

-1.22644 0.276052
-1.2263 0.276184

-1.2263 0.276184
-1.22614 0.276336

-1.22614 0.276337
-1.22597 0.276489

-1.22597 0.276489
-1.22583 0.27662

-1.22583 0.276622
-1.22564 0.276794

-1.22564 0.276794
-1.22552 0.276905

-1.22552 0.276906
-1.22532 0.2771

-1.22532 0.2771
-1.22522 0.277189

-1.22522 0.27719
-1.22499 0.277405

-1.22499 0.277405
-1.22491 0.277473

-1.22491 0.277474
-1.22466 0.27771

-1.22466 0.27771
-1.22461 0.277758

-1.22461 0.277758
-1.22433 0.278015

-1.22433 0.278015
-1.2243 0.278042

-1.2243 0.278042
-1.22401 0.27832

-1.22401 0.27832
-1.224 0.278326

-1.224 0.278326
-1.22369 0.27861

-1.22369 0.27861
-1.22368 0.278625

-1.22368 0.278625
-1.22339 0.278894

-1.22339 0.278894
-1.22335 0.278931

-1.22335 0.278931
-1.22308 0.279178

-1.22308 0.279178
-1.22302 0.279236

-1.22302 0.279236
-1.22278 0.279461

-1.22278 0.279462
-1.22269 0.279541

-1.22269 0.279541
-1.22247 0.279745

-1.22247 0.279746
-1.22237 0.279846

-1.22237 0.279846
-1.22217 0.280028

-1.22217 0.28003
-1.22204 0.280151

-1.22204 0.280151
-1.22186 0.280312

-1.22186 0.280314
-1.22171 0.280457

-1.22171 0.280457
-1.22156 0.280596

-1.22156 0.280597
-1.22138 0.280762

-1.22138 0.280762
-1.22125 0.28088

-1.22125 0.280881
-1.22105 0.281067

-1.22105 0.281067
-1.22095 0.281163

-1.22095 0.281165
-1.22072 0.281372

-1.22072 0.281372
-1.22064 0.281447

-1.22064 0.281447
-1.22039 0.281677

-1.22039 0.281677
-1.22034 0.28173

-1.22034 0.28173
-1.22007 0.281982

-1.22006 0.281982
-1.22003 0.282013

-1.22003 0.282013
-1.21974 0.282288

-1.21974 0.282288
-1.21973 0.282296

-1.21973 0.282297
-1.21942 0.28258

-1.21942 0.28258
-1.21941 0.282593

-1.21941 0.282593
-1.21912 0.282863

-1.21912 0.282863
-1.21908 0.282898

-1.21908 0.282898
-1.21881 0.283146

-1.21881 0.283146
-1.21875 0.283203

-1.21875 0.283203
-1.21851 0.283428

-1.21851 0.283429
-1.21842 0.283508

-1.21842 0.283508
-1.2182 0.28371

-1.2182 0.283712
-1.21809 0.283813

-1.21809 0.283813
-1.2179 0.283993

-1.2179 0.283995
-1.21776 0.284119

-1.21776 0.284119
-1.21759 0.284276

-1.21759 0.284278
-1.21743 0.284424

-1.21743 0.284424
-1.21729 0.284559

-1.21729 0.284561
-1.2171 0.284729

-1.2171 0.284729
-1.21698 0.284842

-1.21698 0.284844
-1.21677 0.285034

-1.21677 0.285034
-1.21667 0.285124

-1.21667 0.285126
-1.21644 0.285339

-1.21644 0.285339
-1.21637 0.285407

-1.21637 0.285408
-1.21611 0.285645

-1.21611 0.285645
-1.21606 0.285689

-1.21606 0.28569
-1.21578 0.28595

-1.21578 0.28595
-1.21576 0.285972

-1.21576 0.285972
-1.21545 0.286254

-1.21545 0.286254
-1.21545 0.286255

-1.21545 0.286255
-1.21515 0.286537

-1.21515 0.286537
-1.21512 0.28656

-1.21512 0.28656
-1.21484 0.286819

-1.21484 0.286819
-1.21479 0.286865

-1.21479 0.286865
-1.21454 0.287101

-1.21454 0.287101
-1.21446 0.28717

-1.21446 0.28717
-1.21423 0.287382

-1.21423 0.287383
-1.21413 0.287476

-1.21413 0.287476
-1.21393 0.287664

-1.21393 0.287665
-1.2138 0.287781

-1.2138 0.287781
-1.21362 0.287946

-1.21362 0.287947
-1.21347 0.288086

-1.21347 0.288086
-1.21332 0.288228

-1.21332 0.288229
-1.21314 0.288391

-1.21314 0.288391
-1.21301 0.28851

-1.21301 0.288511
-1.21281 0.288696

-1.21281 0.288696
-1.21271 0.288791

-1.21271 0.288793
-1.21248 0.289001

-1.21248 0.289001
-1.2124 0.289073

-1.2124 0.289074
-1.21215 0.289307

-1.21215 0.289307
-1.2121 0.289355

-1.2121 0.289355
-1.21182 0.289612

-1.21182 0.289612
-1.21179 0.289636

-1.21179 0.289637
-1.21149 0.289917

-1.21149 0.289917
-1.21149 0.289918

-1.21149 0.289918
-1.21118 0.290199

-1.21118 0.290199
-1.21116 0.290222

-1.21116 0.290222
-1.21088 0.290481

-1.21088 0.290481
-1.21083 0.290527

-1.21083 0.290527
-1.21057 0.290762

-1.21057 0.290762
-1.21049 0.290833

-1.2105 0.290833
-1.21027 0.291042

-1.21027 0.291043
-1.21016 0.291138

-1.21016 0.291138
-1.20996 0.291323

-1.20996 0.291325
-1.20983 0.291443

-1.20983 0.291443
-1.20966 0.291604

-1.20966 0.291606
-1.2095 0.291748

-1.2095 0.291748
-1.20935 0.291885

-1.20935 0.291887
-1.20917 0.292053

-1.20917 0.292053
-1.20905 0.292167

-1.20905 0.292168
-1.20884 0.292358

-1.20884 0.292358
-1.20874 0.292447

-1.20874 0.292449
-1.20851 0.292664

-1.20851 0.292664
-1.20844 0.292728

-1.20844 0.292729
-1.20817 0.292969

-1.20817 0.292969
-1.20813 0.293009

-1.20813 0.293009
-1.20784 0.293274

-1.20784 0.293274
-1.20782 0.29329

-1.20782 0.29329
-1.20752 0.293571

-1.20752 0.293571
-1.20751 0.293579

-1.20751 0.293579
-1.20721 0.293851

-1.20721 0.293851
-1.20718 0.293884

-1.20718 0.293884
-1.20691 0.294131

-1.20691 0.294132
-1.20685 0.294189

-1.20685 0.294189
-1.2066 0.294411

-1.2066 0.294412
-1.20651 0.294495

-1.20651 0.294495
-1.2063 0.294691

-1.2063 0.294693
-1.20618 0.2948

-1.20618 0.2948
-1.20599 0.294971

-1.20599 0.294973
-1.20585 0.295105

-1.20585 0.295105
-1.20569 0.295252

-1.20569 0.295253
-1.20552 0.29541

-1.20552 0.29541
-1.20538 0.295532

-1.20538 0.295534
-1.20518 0.295715

-1.20518 0.295715
-1.20508 0.295812

-1.20508 0.295813
-1.20485 0.296021

-1.20485 0.296021
-1.20477 0.296092

-1.20477 0.296093
-1.20452 0.296326

-1.20452 0.296326
-1.20447 0.296372

-1.20447 0.296372
-1.20419 0.296631

-1.20419 0.296631
-1.20416 0.296652

-1.20416 0.296652
-1.20386 0.296932

-1.20386 0.296932
-1.20385 0.296936

-1.20385 0.296936
-1.20355 0.297211

-1.20355 0.297211
-1.20352 0.297241

-1.20352 0.297241
-1.20325 0.297491

-1.20325 0.297491
-1.20319 0.297546

-1.20319 0.297546
-1.20294 0.29777

-1.20294 0.297771
-1.20285 0.297852

-1.20285 0.297852
-1.20264 0.298049

-1.20264 0.298051
-1.20252 0.298157

-1.20252 0.298157
-1.20233 0.298328

-1.20233 0.29833
-1.20219 0.298462

-1.20219 0.298462
-1.20203 0.298608

-1.20203 0.29861
-1.20185 0.298767

-1.20185 0.298767
-1.20172 0.298887

-1.20172 0.298889
-1.20152 0.299072

-1.20152 0.299072
-1.20142 0.299167

-1.20142 0.299168
-1.20119 0.299377

-1.20119 0.299377
-1.20111 0.299446

-1.20111 0.299446
-1.20085 0.299683

-1.20085 0.299683
-1.20081 0.299725

-1.20081 0.299725
-1.20052 0.299988

-1.20052 0.299988
-1.2005 0.300004

-1.2005 0.300004
-1.2002 0.300283

-1.2002 0.300283
-1.20018 0.300293

-1.20018 0.300293
-1.19989 0.300562

-1.19989 0.300562
-1.19985 0.300598

-1.19985 0.300598
-1.19958 0.300841

-1.19958 0.300841
-1.19952 0.300903

-1.19952 0.300903
-1.19928 0.301119

-1.19928 0.30112
-1.19918 0.301208

-1.19918 0.301208
-1.19897 0.301397

-1.19897 0.301398
-1.19885 0.301514

-1.19885 0.301514
-1.19867 0.301675

-1.19867 0.301677
-1.19851 0.301819

-1.19851 0.301819
-1.19836 0.301954

-1.19836 0.301956
-1.19818 0.302124

-1.19818 0.302124
-1.19806 0.302233

-1.19806 0.302234
-1.19784 0.302429

-1.19784 0.302429
-1.19775 0.302511

-1.19775 0.302512
-1.19751 0.302734

-1.19751 0.302734
-1.19745 0.302789

-1.19745 0.30279
-1.19717 0.30304

-1.19717 0.30304
-1.19714 0.303068

-1.19714 0.303068
-1.19684 0.303345

-1.19684 0.303345
-1.19684 0.303346

-1.19684 0.303346
-1.19653 0.303624

-1.19653 0.303624
-1.1965 0.30365

-1.1965 0.30365
-1.19623 0.303902

-1.19623 0.303902
-1.19617 0.303955

-1.19617 0.303955
-1.19592 0.30418

-1.19592 0.30418
-1.19583 0.30426

-1.19584 0.30426
-1.19562 0.304457

-1.19562 0.304458
-1.1955 0.304565

-1.1955 0.304565
-1.19531 0.304734

-1.19531 0.304736
-1.19516 0.304871

-1.19516 0.304871
-1.19501 0.305012

-1.19501 0.305014
-1.19483 0.305176

-1.19483 0.305176
-1.1947 0.30529

-1.1947 0.305292
-1.19449 0.305481

-1.19449 0.305481
-1.1944 0.305568

-1.1944 0.305569
-1.19416 0.305786

-1.19416 0.305786
-1.19409 0.305845

-1.19409 0.305846
-1.19382 0.306091

-1.19382 0.306091
-1.19379 0.306123

-1.19379 0.306123
-1.19349 0.306396

-1.19349 0.306396
-1.19348 0.3064

-1.19348 0.3064
-1.19318 0.306677

-1.19318 0.306677
-1.19315 0.306702

-1.19315 0.306702
-1.19287 0.306955

-1.19287 0.306955
-1.19281 0.307007

-1.19281 0.307007
-1.19257 0.307231

-1.19257 0.307232
-1.19248 0.307312

-1.19248 0.307312
-1.19226 0.307508

-1.19226 0.307509
-1.19214 0.307617

-1.19214 0.307617
-1.19196 0.307784

-1.19196 0.307786
-1.1918 0.307922

-1.19181 0.307922
-1.19165 0.308062

-1.19165 0.308064
-1.19147 0.308228

-1.19147 0.308228
-1.19135 0.308339

-1.19135 0.30834
-1.19113 0.308533

-1.19113 0.308533
-1.19104 0.308616

-1.19104 0.308616
-1.1908 0.308838

-1.19079 0.308838
-1.19073 0.308892

-1.19073 0.308893
-1.19046 0.309143

-1.19046 0.309143
-1.19043 0.309169

-1.19043 0.309169
-1.19012 0.309446

-1.19012 0.309446
-1.19012 0.309448

-1.19012 0.309448
-1.18982 0.309722

-1.18982 0.309722
-1.18978 0.309753

-1.18978 0.309753
-1.18951 0.309998

-1.18951 0.309999
-1.18945 0.310059

-1.18945 0.310059
-1.18921 0.310274

-1.18921 0.310275
-1.18911 0.310364

-1.18911 0.310364
-1.1889 0.31055

-1.1889 0.310552
-1.18877 0.310669

-1.18877 0.310669
-1.1886 0.310826

-1.1886 0.310828
-1.18844 0.310974

-1.18844 0.310974
-1.18829 0.311102

-1.18829 0.311104
-1.1881 0.311279

-1.1881 0.311279
-1.18799 0.311378

-1.18799 0.31138
-1.18776 0.311584

-1.18776 0.311584
-1.18768 0.311654

-1.18768 0.311655
-1.18742 0.31189

-1.18742 0.31189
-1.18738 0.31193

-1.18738 0.311931
-1.18709 0.312195

-1.18709 0.312195
-1.18707 0.312206

-1.18707 0.312206
-1.18677 0.312482

-1.18677 0.312482
-1.18675 0.3125

-1.18675 0.3125
-1.18646 0.312758

-1.18646 0.312758
-1.18641 0.312805

-1.18641 0.312805
-1.18616 0.313033

-1.18616 0.313033
-1.18607 0.31311

-1.18607 0.31311
-1.18585 0.313308

-1.18585 0.313309
-1.18573 0.313416

-1.18573 0.313416
-1.18555 0.313583

-1.18555 0.313585
-1.18539 0.313721

-1.1854 0.313721
-1.18524 0.313858

-1.18524 0.31386
-1.18506 0.314026

-1.18506 0.314026
-1.18494 0.314134

-1.18494 0.314135
-1.18472 0.314331

-1.18472 0.314331
-1.18463 0.314409

-1.18463 0.31441
-1.18438 0.314636

-1.18438 0.314636
-1.18433 0.314684

-1.18433 0.314685
-1.18404 0.314941

-1.18404 0.314941
-1.18402 0.314959

-1.18402 0.314959
-1.18372 0.315234

-1.18372 0.315234
-1.1837 0.315247

-1.1837 0.315247
-1.18341 0.315509

-1.18341 0.315509
-1.18336 0.315552

-1.18336 0.315552
-1.18311 0.315784

-1.18311 0.315784
-1.18302 0.315857

-1.18302 0.315857
-1.1828 0.316058

-1.1828 0.316059
-1.18269 0.316162

-1.18269 0.316162
-1.1825 0.316332

-1.1825 0.316334
-1.18235 0.316467

-1.18235 0.316467
-1.18219 0.316607

-1.18219 0.316609
-1.18201 0.316772

-1.18201 0.316772
-1.18188 0.316881

-1.18188 0.316883
-1.18167 0.317078

-1.18167 0.317078
-1.18158 0.317156

-1.18158 0.317157
-1.18133 0.317383

-1.18133 0.317383
-1.18127 0.31743

-1.18127 0.317431
-1.18099 0.317688

-1.18099 0.317688
-1.18097 0.317704

-1.18097 0.317705
-1.18066 0.317979

-1.18066 0.317979
-1.18065 0.317993

-1.18065 0.317993
-1.18036 0.318253

-1.18036 0.318253
-1.18031 0.318298

-1.18031 0.318298
-1.18005 0.318527

-1.18005 0.318527
-1.17997 0.318604

-1.17997 0.318604
-1.17975 0.3188

-1.17975 0.318801
-1.17963 0.318909

-1.17963 0.318909
-1.17944 0.319073

-1.17944 0.319075
-1.17929 0.319214

-1.17929 0.319214
-1.17914 0.319347

-1.17914 0.31935
-1.17895 0.319519

-1.17895 0.319519
-1.17883 0.319621

-1.17883 0.319623
-1.17861 0.319824

-1.17861 0.319824
-1.17853 0.319895

-1.17853 0.319896
-1.17827 0.320129

-1.17827 0.320129
-1.17822 0.320169

-1.17822 0.320169
-1.17793 0.320435

-1.17793 0.320435
-1.17792 0.320442

-1.17792 0.320442
-1.17761 0.320716

-1.17761 0.320716
-1.17759 0.32074

-1.17759 0.32074
-1.17731 0.320989

-1.17731 0.320989
-1.17724 0.321045

-1.17724 0.321045
-1.177 0.321262

-1.177 0.321262
-1.1769 0.32135

-1.1769 0.32135
-1.1767 0.321534

-1.1767 0.321536
-1.17656 0.321655

-1.17656 0.321655
-1.17639 0.321807

-1.17639 0.321809
-1.17622 0.32196

-1.17622 0.32196
-1.17609 0.32208

-1.17609 0.322082
-1.17588 0.322266

-1.17588 0.322266
-1.17578 0.322354

-1.17578 0.322354
-1.17554 0.322571

-1.17554 0.322571
-1.17548 0.322626

-1.17548 0.322627
-1.1752 0.322876

-1.1752 0.322876
-1.17517 0.322899

-1.17517 0.3229
-1.17487 0.323172

-1.17487 0.323172
-1.17486 0.323181

-1.17486 0.323181
-1.17456 0.323445

-1.17456 0.323445
-1.17451 0.323486

-1.17451 0.323486
-1.17426 0.323717

-1.17426 0.323718
-1.17417 0.323792

-1.17417 0.323792
-1.17395 0.323989

-1.17395 0.32399
-1.17383 0.324097

-1.17383 0.324097
-1.17365 0.324261

-1.17365 0.324263
-1.17349 0.324402

-1.17349 0.324402
-1.17334 0.324534

-1.17334 0.324536
-1.17315 0.324707

-1.17315 0.324707
-1.17303 0.324806

-1.17303 0.324807
-1.1728 0.325012

-1.1728 0.325012
-1.17273 0.325078

-1.17273 0.325079
-1.17246 0.325317

-1.17246 0.325317
-1.17242 0.32535

-1.17242 0.325351
-1.17212 0.325623

-1.17212 0.325623
-1.17181 0.325895

-1.17181 0.325895
-1.17178 0.325928

-1.17178 0.325928
-1.17151 0.326167

-1.17151 0.326167
-1.17143 0.326233

-1.17143 0.326233
-1.1712 0.326438

-1.1712 0.326439
-1.17109 0.326538

-1.17109 0.326538
-1.1709 0.326709

-1.1709 0.326711
-1.17075 0.326843

-1.17075 0.326843
-1.17059 0.326981

-1.17059 0.326983
-1.1704 0.327148

-1.17041 0.327148
-1.17029 0.327252

-1.17029 0.327254
-1.17006 0.327454

-1.17006 0.327454
-1.16998 0.327524

-1.16998 0.327525
-1.16972 0.327759

-1.16972 0.327759
-1.16968 0.327796

-1.16968 0.327796
-1.16938 0.328064

-1.16938 0.328064
-1.16937 0.328067

-1.16937 0.328067
-1.16907 0.328338

-1.16907 0.328338
-1.16903 0.328369

-1.16903 0.328369
-1.16876 0.32861

-1.16876 0.32861
-1.16869 0.328674

-1.16869 0.328674
-1.16846 0.32888

-1.16846 0.328881
-1.16835 0.328979

-1.16835 0.328979
-1.16815 0.32915

-1.16815 0.329153
-1.168 0.329285

-1.168 0.329285
-1.16785 0.329422

-1.16785 0.329424
-1.16766 0.32959

-1.16766 0.32959
-1.16754 0.329693

-1.16754 0.329694
-1.16731 0.329895

-1.16731 0.329895
-1.16724 0.329964

-1.16724 0.329964
-1.16697 0.3302

-1.16697 0.3302
-1.16693 0.330234

-1.16693 0.330235
-1.16663 0.330505

-1.16663 0.330505
-1.16632 0.330776

-1.16632 0.330776
-1.16628 0.330811

-1.16628 0.330811
-1.16602 0.331046

-1.16602 0.331047
-1.16594 0.331116

-1.16594 0.331116
-1.16571 0.331316

-1.16571 0.331317
-1.16559 0.331421

-1.16559 0.331421
-1.16541 0.331586

-1.16541 0.331588
-1.16525 0.331726

-1.16525 0.331726
-1.1651 0.331856

-1.1651 0.331859
-1.1649 0.332031

-1.1649 0.332031
-1.16479 0.332127

-1.16479 0.332128
-1.16456 0.332336

-1.16456 0.332336
-1.16449 0.332397

-1.16449 0.332398
-1.16421 0.332642

-1.16421 0.332642
-1.16418 0.332667

-1.16418 0.332668
-1.16388 0.332938

-1.16388 0.332937
-1.16387 0.332947

-1.16387 0.332947
-1.16357 0.333207

-1.16357 0.333207
-1.16352 0.333252

-1.16352 0.333252
-1.16327 0.333477

-1.16327 0.333477
-1.16318 0.333557

-1.16318 0.333557
-1.16296 0.333746

-1.16296 0.333748
-1.16283 0.333862

-1.16283 0.333862
-1.16266 0.334015

-1.16266 0.334018
-1.16249 0.334167

-1.16249 0.334167
-1.16235 0.334285

-1.16235 0.334287
-1.16214 0.334473

-1.16214 0.334473
-1.16205 0.334555

-1.16205 0.334556
-1.1618 0.334778

-1.1618 0.334778
-1.16174 0.334824

-1.16174 0.334825
-1.16145 0.335083

-1.16145 0.335083
-1.16144 0.335094

-1.16144 0.335094
-1.16113 0.335363

-1.16113 0.335363
-1.1611 0.335388

-1.1611 0.335388
-1.16083 0.335632

-1.16083 0.335633
-1.16076 0.335693

-1.16076 0.335693
-1.16052 0.335901

-1.16052 0.335902
-1.16041 0.335999

-1.16041 0.335999
-1.16022 0.336169

-1.16022 0.336172
-1.16007 0.336304

-1.16007 0.336304
-1.15991 0.336438

-1.15991 0.336441
-1.15972 0.336609

-1.15972 0.336609
-1.15961 0.336708

-1.15961 0.336709
-1.15937 0.336914

-1.15937 0.336914
-1.1593 0.336977

-1.1593 0.336977
-1.15903 0.337219

-1.15903 0.337219
-1.159 0.337245

-1.159 0.337246
-1.15869 0.337514

-1.15869 0.337514
-1.15868 0.337524

-1.15868 0.337524
-1.15839 0.337783

-1.15839 0.337783
-1.15833 0.33783

-1.15833 0.33783
-1.15808 0.338051

-1.15808 0.338052
-1.15799 0.338135

-1.15799 0.338135
-1.15778 0.338319

-1.15778 0.338321
-1.15764 0.33844

-1.15764 0.33844
-1.15747 0.338587

-1.15747 0.338589
-1.15729 0.338745

-1.15729 0.338745
-1.15717 0.338855

-1.15717 0.338857
-1.15694 0.33905

-1.15694 0.33905
-1.15686 0.339124

-1.15686 0.339124
-1.1566 0.339355

-1.1566 0.339355
-1.15656 0.339392

-1.15656 0.339392
-1.15625 0.33966

-1.15625 0.339661
-1.15594 0.339928

-1.15594 0.339928
-1.1559 0.339966

-1.1559 0.339966
-1.15564 0.340196

-1.15564 0.340196
-1.15555 0.340271

-1.15555 0.340271
-1.15533 0.340464

-1.15533 0.340465
-1.15521 0.340576

-1.15521 0.340576
-1.15503 0.34073

-1.15503 0.340733
-1.15486 0.340881

-1.15486 0.340881
-1.15472 0.340998

-1.15472 0.341
-1.15451 0.341187

-1.15451 0.341187
-1.15442 0.341266

-1.15442 0.341267
-1.15416 0.341492

-1.15416 0.341492
-1.15411 0.341534

-1.15411 0.341534
-1.15381 0.341797

-1.15381 0.341797
-1.15381 0.341801

-1.15381 0.341802
-1.1535 0.342069

-1.1535 0.342069
-1.15347 0.342102

-1.15347 0.342102
-1.1532 0.342336

-1.1532 0.342336
-1.15312 0.342407

-1.15312 0.342407
-1.15289 0.342603

-1.15289 0.342604
-1.15277 0.342712

-1.15277 0.342712
-1.15259 0.342869

-1.15259 0.342872
-1.15242 0.343018

-1.15242 0.343018
-1.15228 0.343137

-1.15228 0.343138
-1.15207 0.343323

-1.15207 0.343323
-1.15198 0.343404

-1.15198 0.343405
-1.15172 0.343628

-1.15172 0.343628
-1.15167 0.343671

-1.15167 0.343671
-1.15137 0.343933

-1.15137 0.343933
-1.15137 0.343938

-1.15137 0.343938
-1.15106 0.344205

-1.15106 0.344205
-1.15102 0.344238

-1.15102 0.344238
-1.15076 0.344471

-1.15076 0.344472
-1.15067 0.344543

-1.15067 0.344543
-1.15045 0.344738

-1.15045 0.344739
-1.15032 0.344849

-1.15033 0.344849
-1.15015 0.345003

-1.15015 0.345006
-1.14997 0.345154

-1.14998 0.345154
-1.14984 0.34527

-1.14984 0.345271
-1.14963 0.345459

-1.14963 0.345459
-1.14954 0.345536

-1.14954 0.345537
-1.14928 0.345764

-1.14928 0.345764
-1.14923 0.345803

-1.14923 0.345803
-1.14893 0.346069

-1.14893 0.346069
-1.14862 0.346336

-1.14862 0.346336
-1.14858 0.346375

-1.14858 0.346375
-1.14832 0.346602

-1.14832 0.346602
-1.14823 0.34668

-1.14823 0.34668
-1.14801 0.346867

-1.14801 0.346868
-1.14788 0.346985

-1.14788 0.346985
-1.14771 0.347132

-1.14771 0.347135
-1.14752 0.34729

-1.14753 0.34729
-1.1474 0.347398

-1.1474 0.3474
-1.14717 0.347595

-1.14717 0.347595
-1.14709 0.347664

-1.14709 0.347665
-1.14682 0.3479

-1.14682 0.3479
-1.14679 0.34793

-1.14679 0.34793
-1.14648 0.348196

-1.14648 0.348196
-1.14647 0.348206

-1.14647 0.348206
-1.14618 0.348461

-1.14618 0.348462
-1.14612 0.348511

-1.14612 0.348511
-1.14587 0.348727

-1.14587 0.348727
-1.14577 0.348816

-1.14577 0.348816
-1.14557 0.348991

-1.14557 0.348993
-1.14542 0.349121

-1.14542 0.349121
-1.14526 0.349256

-1.14526 0.349259
-1.14507 0.349426

-1.14507 0.349426
-1.14496 0.349522

-1.14496 0.349523
-1.14472 0.349731

-1.14472 0.349731
-1.14465 0.349787

-1.14465 0.349788
-1.14437 0.350037

-1.14437 0.350037
-1.14435 0.350052

-1.14435 0.350053
-1.14404 0.350318

-1.14404 0.350318
-1.14402 0.350342

-1.14402 0.350342
-1.14374 0.350583

-1.14374 0.350583
-1.14366 0.350647

-1.14366 0.350647
-1.14343 0.350847

-1.14343 0.350848
-1.14331 0.350952

-1.14331 0.350952
-1.14313 0.351111

-1.14313 0.351113
-1.14296 0.351257

-1.14296 0.351257
-1.14282 0.351376

-1.14282 0.351377
-1.14261 0.351562

-1.14261 0.351562
-1.14252 0.351641

-1.14252 0.351641
-1.14226 0.351868

-1.14226 0.351868
-1.14221 0.351905

-1.14221 0.351906
-1.14191 0.35217

-1.14191 0.35217
-1.1419 0.352173

-1.1419 0.352173
-1.1416 0.352435

-1.1416 0.352435
-1.14155 0.352478

-1.14155 0.352478
-1.1413 0.352699

-1.1413 0.352699
-1.1412 0.352783

-1.1412 0.352783
-1.14099 0.352963

-1.14099 0.352964
-1.14085 0.353088

-1.14085 0.353088
-1.14069 0.353226

-1.14069 0.353228
-1.14049 0.353394

-1.14049 0.353394
-1.14038 0.353491

-1.14038 0.353492
-1.14014 0.353699

-1.14014 0.353699
-1.14008 0.353755

-1.14008 0.353755
-1.13979 0.354004

-1.13979 0.354004
-1.13977 0.354019

-1.13977 0.354019
-1.13947 0.354283

-1.13947 0.354283
-1.13944 0.354309

-1.13944 0.354309
-1.13916 0.354547

-1.13916 0.354547
-1.13908 0.354614

-1.13908 0.354614
-1.13885 0.35481

-1.13885 0.354811
-1.13873 0.354919

-1.13873 0.354919
-1.13855 0.355073

-1.13855 0.355076
-1.13837 0.355225

-1.13838 0.355225
-1.13824 0.355337

-1.13824 0.355338
-1.13802 0.35553

-1.13802 0.35553
-1.13794 0.3556

-1.13794 0.355601
-1.13767 0.355835

-1.13767 0.355835
-1.13763 0.355864

-1.13763 0.355864
-1.13733 0.356128

-1.13733 0.356128
-1.13731 0.35614

-1.13731 0.35614
-1.13702 0.356391

-1.13702 0.356391
-1.13696 0.356445

-1.13696 0.356445
-1.13672 0.356654

-1.13672 0.356655
-1.13661 0.35675

-1.13661 0.35675
-1.13641 0.356916

-1.13641 0.356919
-1.13625 0.357056

-1.13625 0.357056
-1.13611 0.357179

-1.13611 0.357181
-1.1359 0.357361

-1.1359 0.357361
-1.1358 0.357443

-1.1358 0.357443
-1.13554 0.357666

-1.13554 0.357666
-1.1355 0.357706

-1.1355 0.357706
-1.13519 0.357969

-1.13519 0.357969
-1.13519 0.357971

-1.13519 0.357971
-1.13489 0.358232

-1.13489 0.358232
-1.13484 0.358276

-1.13484 0.358276
-1.13458 0.358494

-1.13458 0.358495
-1.13448 0.358582

-1.13448 0.358582
-1.13428 0.358756

-1.13428 0.358758
-1.13413 0.358887

-1.13413 0.358887
-1.13397 0.359018

-1.13397 0.35902
-1.13377 0.359192

-1.13377 0.359192
-1.13367 0.359281

-1.13367 0.359282
-1.13342 0.359497

-1.13342 0.359497
-1.13336 0.359544

-1.13336 0.359544
-1.13306 0.359802

-1.13306 0.359802
-1.13306 0.359806

-1.13306 0.359806
-1.13275 0.360069

-1.13275 0.360069
-1.13271 0.360107

-1.13271 0.360107
-1.13245 0.360331

-1.13245 0.360331
-1.13235 0.360413

-1.13235 0.360413
-1.13214 0.360592

-1.13214 0.360594
-1.132 0.360718

-1.132 0.360718
-1.13184 0.360854

-1.13184 0.360856
-1.13164 0.361023

-1.13164 0.361023
-1.13153 0.361116

-1.13153 0.361117
-1.13128 0.361328

-1.13128 0.361328
-1.13123 0.361378

-1.13123 0.361379
-1.13093 0.361633

-1.13093 0.361633
-1.13092 0.36164

-1.13092 0.36164
-1.13062 0.361902

-1.13062 0.361902
-1.13057 0.361938

-1.13057 0.361938
-1.13031 0.362164

-1.13031 0.362164
-1.13022 0.362244

-1.13022 0.362244
-1.13 0.362425

-1.13 0.362426
-1.12986 0.362549

-1.12986 0.362549
-1.1297 0.362686

-1.1297 0.362688
-1.1295 0.362854

-1.1295 0.362854
-1.12939 0.362947

-1.12939 0.362948
-1.12915 0.363159

-1.12915 0.363159
-1.12909 0.363209

-1.12909 0.36321
-1.12879 0.363464

-1.12879 0.363464
-1.12878 0.36347

-1.12878 0.363471
-1.12848 0.363732

-1.12848 0.363732
-1.12844 0.36377

-1.12844 0.36377
-1.12817 0.363993

-1.12817 0.363994
-1.12808 0.364075

-1.12808 0.364075
-1.12787 0.364254

-1.12787 0.364255
-1.12772 0.36438

-1.12772 0.36438
-1.12756 0.364514

-1.12756 0.364516
-1.12736 0.364685

-1.12736 0.364685
-1.12726 0.364775

-1.12726 0.364776
-1.12701 0.36499

-1.12701 0.36499
-1.12695 0.365036

-1.12695 0.365037
-1.12665 0.365295

-1.12665 0.365295
-1.12665 0.365297

-1.12665 0.365298
-1.12634 0.365558

-1.12634 0.365559
-1.12629 0.365601

-1.12629 0.365601
-1.12604 0.365819

-1.12604 0.365819
-1.12594 0.365906

-1.12594 0.365906
-1.12573 0.366079

-1.12573 0.366081
-1.12558 0.366211

-1.12558 0.366211
-1.12543 0.366339

-1.12543 0.366341
-1.12522 0.366516

-1.12522 0.366516
-1.12512 0.3666

-1.12512 0.366601
-1.12486 0.366821

-1.12486 0.366821
-1.12482 0.36686

-1.12482 0.366861
-1.12451 0.367121

-1.12451 0.367121
-1.12451 0.367126

-1.12451 0.367126
-1.12421 0.367381

-1.12421 0.367381
-1.12415 0.367432

-1.12415 0.367432
-1.1239 0.367641

-1.1239 0.367642
-1.12379 0.367737

-1.12379 0.367737
-1.1236 0.367901

-1.1236 0.367903
-1.12343 0.368042

-1.12343 0.368042
-1.12329 0.36816

-1.12329 0.368162
-1.12307 0.368347

-1.12307 0.368347
-1.12299 0.368421

-1.12299 0.368421
-1.12271 0.368652

-1.12271 0.368652
-1.12268 0.368681

-1.12268 0.368681
-1.12238 0.368941

-1.12238 0.368941
-1.12236 0.368958

-1.12236 0.368958
-1.12207 0.369201

-1.12207 0.369201
-1.122 0.369263

-1.122 0.369263
-1.12177 0.36946

-1.12177 0.369461
-1.12164 0.369568

-1.12164 0.369568
-1.12146 0.369719

-1.12146 0.369721
-1.12128 0.369873

-1.12128 0.369873
-1.12115 0.369978

-1.12115 0.36998
-1.12092 0.370178

-1.12092 0.370178
-1.12085 0.370238

-1.12085 0.370239
-1.12056 0.370483

-1.12056 0.370483
-1.12054 0.370497

-1.12054 0.370498
-1.12024 0.370757

-1.12024 0.370757
-1.1202 0.370789

-1.1202 0.370789
-1.11993 0.371016

-1.11993 0.371017
-1.11984 0.371094

-1.11984 0.371094
-1.11963 0.371275

-1.11963 0.371277
-1.11948 0.371399

-1.11948 0.371399
-1.11932 0.371533

-1.11932 0.371535
-1.11912 0.371704

-1.11912 0.371704
-1.11902 0.371793

-1.11902 0.371794
-1.11876 0.372009

-1.11876 0.372009
-1.11871 0.372052

-1.11871 0.372052
-1.11841 0.372311

-1.11841 0.372311
-1.1184 0.372314

-1.1184 0.372314
-1.1181 0.37257

-1.1181 0.37257
-1.11804 0.37262

-1.11804 0.37262
-1.1178 0.372829

-1.1178 0.372829
-1.11768 0.372925

-1.11769 0.372925
-1.11749 0.373086

-1.11749 0.373089
-1.11732 0.37323

-1.11732 0.37323
-1.11719 0.373345

-1.11719 0.373346
-1.11696 0.373535

-1.11696 0.373535
-1.11688 0.373604

-1.11688 0.373604
-1.1166 0.37384

-1.1166 0.37384
-1.11658 0.373862

-1.11658 0.373863
-1.11627 0.374121

-1.11627 0.374121
-1.11624 0.374146

-1.11624 0.374146
-1.11597 0.374379

-1.11597 0.374379
-1.11588 0.374451

-1.11588 0.374451
-1.11566 0.374637

-1.11566 0.374638
-1.11552 0.374756

-1.11552 0.374756
-1.11536 0.374894

-1.11536 0.374896
-1.11516 0.375061

-1.11516 0.375061
-1.11505 0.375153

-1.11505 0.375154
-1.1148 0.375366

-1.1148 0.375366
-1.11475 0.375411

-1.11475 0.375411
-1.11444 0.375669

-1.11444 0.375669
-1.11444 0.375671

-1.11444 0.375671
-1.11414 0.375927

-1.11414 0.375927
-1.11408 0.375977

-1.11408 0.375977
-1.11383 0.376185

-1.11383 0.376185
-1.11372 0.376282

-1.11372 0.376282
-1.11353 0.376442

-1.11353 0.376444
-1.11335 0.376587

-1.11335 0.376587
-1.11322 0.376699

-1.11322 0.3767
-1.11299 0.376892

-1.11299 0.376892
-1.11292 0.376957

-1.11292 0.376957
-1.11263 0.377197

-1.11263 0.377197
-1.11261 0.377214

-1.11261 0.377215
-1.1123 0.377472

-1.1123 0.377472
-1.11227 0.377502

-1.11227 0.377502
-1.112 0.377729

-1.112 0.37773
-1.11191 0.377808

-1.11191 0.377808
-1.11169 0.377986

-1.11169 0.377988
-1.11154 0.378113

-1.11155 0.378113
-1.11139 0.378242

-1.11139 0.378244
-1.11118 0.378418

-1.11118 0.378418
-1.11108 0.3785

-1.11108 0.378501
-1.11082 0.378723

-1.11082 0.378723
-1.11078 0.378757

-1.11078 0.378758
-1.11047 0.379014

-1.11047 0.379014
-1.11046 0.379028

-1.11046 0.379028
-1.11017 0.379271

-1.11017 0.379271
-1.11009 0.379333

-1.11009 0.379333
-1.10986 0.379528

-1.10986 0.379529
-1.10973 0.379639

-1.10973 0.379639
-1.10956 0.379783

-1.10956 0.379786
-1.10937 0.379944

-1.10937 0.379944
-1.10925 0.38004

-1.10925 0.380041
-1.10901 0.380249

-1.10901 0.380249
-1.10895 0.380297

-1.10895 0.380298
-1.10864 0.380554

-1.10864 0.380554
-1.10834 0.380811

-1.10834 0.380811
-1.10828 0.380859

-1.10828 0.380859
-1.10803 0.381067

-1.10803 0.381067
-1.10792 0.381165

-1.10792 0.381165
-1.10773 0.381322

-1.10773 0.381324
-1.10755 0.38147

-1.10755 0.38147
-1.10742 0.381578

-1.10742 0.381579
-1.10719 0.381775

-1.10719 0.381775
-1.10712 0.381835

-1.10712 0.381835
-1.10682 0.38208

-1.10682 0.38208
-1.10681 0.382091

-1.10681 0.382091
-1.10651 0.382347

-1.10651 0.382347
-1.10646 0.382385

-1.10646 0.382385
-1.1062 0.382603

-1.1062 0.382604
-1.1061 0.38269

-1.1061 0.38269
-1.1059 0.382858

-1.1059 0.38286
-1.10573 0.382996

-1.10573 0.382996
-1.10559 0.383114

-1.10559 0.383115
-1.10537 0.383301

-1.10537 0.383301
-1.10529 0.38337

-1.10529 0.38337
-1.105 0.383606

-1.105 0.383606
-1.10498 0.383625

-1.10498 0.383626
-1.10468 0.383881

-1.10468 0.383881
-1.10464 0.383911

-1.10464 0.383911
-1.10437 0.384137

-1.10437 0.384137
-1.10427 0.384216

-1.10428 0.384216
-1.10406 0.384392

-1.10406 0.384394
-1.10391 0.384521

-1.10391 0.384521
-1.10376 0.384646

-1.10376 0.384648
-1.10355 0.384827

-1.10355 0.384827
-1.10345 0.384902

-1.10345 0.384903
-1.10318 0.385132

-1.10318 0.385132
-1.10315 0.385157

-1.10315 0.385158
-1.10284 0.385413

-1.10284 0.385413
-1.10282 0.385437

-1.10282 0.385437
-1.10254 0.385668

-1.10254 0.385668
-1.10245 0.385742

-1.10245 0.385742
-1.10223 0.385923

-1.10223 0.385924
-1.10208 0.386047

-1.10209 0.386047
-1.10193 0.386177

-1.10193 0.386178
-1.10172 0.386353

-1.10172 0.386353
-1.10162 0.386432

-1.10162 0.386433
-1.10135 0.386658

-1.10135 0.386658
-1.10132 0.386687

-1.10132 0.386687
-1.10101 0.386942

-1.10101 0.386942
-1.10099 0.386963

-1.10099 0.386963
-1.10071 0.387197

-1.10071 0.387197
-1.10062 0.387268

-1.10062 0.387268
-1.1004 0.387451

-1.1004 0.387452
-1.10026 0.387573

-1.10026 0.387573
-1.1001 0.387704

-1.1001 0.387706
-1.09989 0.387878

-1.09989 0.387878
-1.09979 0.387959

-1.09979 0.38796
-1.09952 0.388184

-1.09952 0.388184
-1.09949 0.388214

-1.09949 0.388214
-1.09918 0.388468

-1.09918 0.388468
-1.09916 0.388489

-1.09916 0.388489
-1.09888 0.388723

-1.09888 0.388723
-1.09879 0.388794

-1.09879 0.388794
-1.09857 0.388977

-1.09857 0.388978
-1.09842 0.389099

-1.09843 0.389099
-1.09827 0.389229

-1.09827 0.389231
-1.09806 0.389404

-1.09806 0.389404
-1.09796 0.389484

-1.09796 0.389485
-1.09769 0.389709

-1.09769 0.389709
-1.09766 0.389738

-1.09766 0.389739
-1.09735 0.389992

-1.09735 0.389992
-1.09732 0.390015

-1.09732 0.390015
-1.09705 0.390246

-1.09705 0.390246
-1.09696 0.39032

-1.09696 0.39032
-1.09674 0.3905

-1.09674 0.390501
-1.09659 0.390625

-1.09659 0.390625
-1.09644 0.390752

-1.09644 0.390754
-1.09622 0.39093

-1.09622 0.39093
-1.09613 0.391006

-1.09613 0.391007
-1.09586 0.391235

-1.09585 0.391235
-1.09583 0.39126

-1.09583 0.39126
-1.09552 0.391514

-1.09552 0.391514
-1.09549 0.391541

-1.09549 0.391541
-1.09521 0.391767

-1.09521 0.391767
-1.09512 0.391846

-1.09512 0.391846
-1.09491 0.39202

-1.09491 0.392022
-1.09475 0.392151

-1.09475 0.392151
-1.0946 0.392272

-1.0946 0.392274
-1.09438 0.392456

-1.09438 0.392456
-1.0943 0.392526

-1.0943 0.392527
-1.09402 0.392761

-1.09402 0.392761
-1.09399 0.392779

-1.09399 0.39278
-1.09369 0.393033

-1.09369 0.393033
-1.09365 0.393066

-1.09365 0.393066
-1.09338 0.393286

-1.09338 0.393286
-1.09328 0.393372

-1.09328 0.393372
-1.09308 0.393538

-1.09308 0.39354
-1.09291 0.393677

-1.09291 0.393677
-1.09277 0.39379

-1.09277 0.393791
-1.09254 0.393982

-1.09254 0.393982
-1.09247 0.394043

-1.09247 0.394044
-1.09217 0.394287

-1.09217 0.394287
-1.09216 0.394296

-1.09216 0.394297
-1.09186 0.394549

-1.09186 0.394549
-1.09181 0.394592

-1.09181 0.394592
-1.09155 0.394802

-1.09155 0.394802
-1.09144 0.394897

-1.09144 0.394897
-1.09125 0.395054

-1.09125 0.395055
-1.09107 0.395203

-1.09107 0.395203
-1.09094 0.395306

-1.09094 0.395307
-1.0907 0.395508

-1.0907 0.395508
-1.09064 0.395558

-1.09064 0.395559
-1.09033 0.395811

-1.09033 0.395811
-1.09033 0.395813

-1.09033 0.395813
-1.09003 0.396064

-1.09003 0.396064
-1.08996 0.396118

-1.08996 0.396118
-1.08972 0.396316

-1.08972 0.396317
-1.08959 0.396423

-1.08959 0.396423
-1.08942 0.396567

-1.08942 0.396569
-1.08922 0.396729

-1.08922 0.396729
-1.08911 0.396819

-1.08911 0.39682
-1.08885 0.397034

-1.08885 0.397034
-1.08881 0.397071

-1.08881 0.397072
-1.0885 0.397324

-1.0885 0.397324
-1.08848 0.397339

-1.08848 0.397339
-1.0882 0.397576

-1.0882 0.397576
-1.08811 0.397644

-1.08811 0.397644
-1.08789 0.397827

-1.08789 0.397829
-1.08774 0.397949

-1.08774 0.397949
-1.08759 0.398078

-1.08759 0.39808
-1.08737 0.398254

-1.08737 0.398254
-1.08728 0.39833

-1.08728 0.398331
-1.087 0.39856

-1.087 0.39856
-1.08698 0.398582

-1.08698 0.398582
-1.08667 0.398834

-1.08667 0.398834
-1.08663 0.398865

-1.08663 0.398865
-1.08636 0.399086

-1.08636 0.399086
-1.08626 0.39917

-1.08626 0.39917
-1.08606 0.399337

-1.08606 0.399338
-1.08589 0.399475

-1.08589 0.399475
-1.08575 0.399587

-1.08575 0.399589
-1.08552 0.39978

-1.08552 0.39978
-1.08545 0.399839

-1.08545 0.39984
-1.08515 0.400085

-1.08515 0.400085
-1.08514 0.40009

-1.08514 0.400091
-1.08484 0.400342

-1.08484 0.400342
-1.08478 0.400391

-1.08478 0.400391
-1.08453 0.400593

-1.08453 0.400594
-1.08441 0.400696

-1.08441 0.400696
-1.08423 0.400844

-1.08423 0.400845
-1.08404 0.401001

-1.08404 0.401001
-1.08392 0.401094

-1.08392 0.401096
-1.08367 0.401306

-1.08367 0.401306
-1.08362 0.401346

-1.08362 0.401346
-1.08331 0.401597

-1.08331 0.401597
-1.0833 0.401611

-1.0833 0.401611
-1.08301 0.401848

-1.08301 0.401848
-1.08292 0.401917

-1.08292 0.401917
-1.0827 0.402099

-1.0827 0.4021
-1.08255 0.402222

-1.08255 0.402222
-1.0824 0.402348

-1.0824 0.40235
-1.08218 0.402527

-1.08218 0.402527
-1.08209 0.4026

-1.08209 0.4026
-1.08181 0.402832

-1.08181 0.402832
-1.08179 0.40285

-1.08179 0.402851
-1.08148 0.403102

-1.08148 0.403102
-1.08144 0.403137

-1.08144 0.403137
-1.08118 0.403352

-1.08118 0.403353
-1.08107 0.403442

-1.08107 0.403442
-1.08087 0.403602

-1.08087 0.403604
-1.08069 0.403748

-1.0807 0.403748
-1.08057 0.403852

-1.08057 0.403853
-1.08032 0.404053

-1.08032 0.404053
-1.08026 0.404103

-1.08026 0.404103
-1.07996 0.404354

-1.07996 0.404354
-1.07995 0.404358

-1.07995 0.404358
-1.07965 0.404604

-1.07965 0.404604
-1.07958 0.404663

-1.07958 0.404663
-1.07935 0.404854

-1.07935 0.404855
-1.07921 0.404968

-1.07921 0.404968
-1.07904 0.405103

-1.07904 0.405104
-1.07883 0.405273

-1.07883 0.405273
-1.07874 0.405353

-1.07874 0.405354
-1.07846 0.405579

-1.07846 0.405579
-1.07843 0.405603

-1.07843 0.405604
-1.07812 0.405854

-1.07812 0.405854
-1.07809 0.405884

-1.07809 0.405884
-1.07782 0.406104

-1.07782 0.406104
-1.07772 0.406189

-1.07772 0.406189
-1.07751 0.406353

-1.07751 0.406355
-1.07734 0.406494

-1.07734 0.406494
-1.07721 0.406602

-1.07721 0.406604
-1.07697 0.406799

-1.07697 0.406799
-1.0769 0.406852

-1.0769 0.406853
-1.0766 0.407103

-1.0766 0.407103
-1.0766 0.407104

-1.0766 0.407104
-1.07629 0.407352

-1.07629 0.407353
-1.07622 0.40741

-1.07622 0.40741
-1.07599 0.407602

-1.07599 0.407603
-1.07585 0.407715

-1.07585 0.407715
-1.07568 0.40785

-1.07568 0.407852
-1.07548 0.40802

-1.07548 0.40802
-1.07538 0.4081

-1.07538 0.408101
-1.0751 0.408325

-1.0751 0.408325
-1.07507 0.408349

-1.07507 0.40835
-1.07477 0.408599

-1.07477 0.4086
-1.07473 0.40863

-1.07473 0.40863
-1.07446 0.408849

-1.07446 0.408849
-1.07436 0.408936

-1.07436 0.408936
-1.07416 0.409098

-1.07416 0.409099
-1.07398 0.409241

-1.07398 0.409241
-1.07385 0.409346

-1.07385 0.409347
-1.07361 0.409546

-1.07361 0.409546
-1.07355 0.409595

-1.07355 0.409596
-1.07324 0.409845

-1.07324 0.409845
-1.07323 0.409851

-1.07323 0.409851
-1.07294 0.410094

-1.07294 0.410094
-1.07286 0.410156

-1.07286 0.410156
-1.07263 0.410343

-1.07263 0.410344
-1.07249 0.410461

-1.07249 0.410461
-1.07233 0.410591

-1.07233 0.410592
-1.07211 0.410767

-1.07211 0.410767
-1.07202 0.41084

-1.07202 0.410841
-1.07174 0.411072

-1.07174 0.411072
-1.07172 0.411089

-1.07172 0.411089
-1.07141 0.411338

-1.07141 0.411338
-1.07136 0.411377

-1.07136 0.411377
-1.07111 0.411587

-1.07111 0.411587
-1.07099 0.411682

-1.07099 0.411682
-1.0708 0.411835

-1.0708 0.411836
-1.07061 0.411987

-1.07061 0.411987
-1.0705 0.412083

-1.0705 0.412084
-1.07024 0.412292

-1.07024 0.412292
-1.07019 0.412331

-1.07019 0.412332
-1.06989 0.412581

-1.06989 0.412581
-1.06986 0.412598

-1.06986 0.412598
-1.06958 0.412829

-1.06958 0.412829
-1.06949 0.412903

-1.06949 0.412903
-1.06927 0.413077

-1.06927 0.413078
-1.06911 0.413208

-1.06912 0.413208
-1.06897 0.413324

-1.06897 0.413326
-1.06874 0.413513

-1.06874 0.413513
-1.06866 0.413573

-1.06866 0.413574
-1.06836 0.413818

-1.06836 0.413818
-1.06836 0.413821

-1.06836 0.413822
-1.06805 0.41407

-1.06805 0.41407
-1.06799 0.414124

-1.06799 0.414124
-1.06775 0.414318

-1.06775 0.414319
-1.06761 0.414429

-1.06761 0.414429
-1.06744 0.414565

-1.06744 0.414566
-1.06724 0.414734

-1.06724 0.414734
-1.06714 0.414813

-1.06714 0.414814
-1.06686 0.415039

-1.06686 0.415039
-1.06683 0.415061

-1.06683 0.415061
-1.06653 0.415309

-1.06653 0.415309
-1.06649 0.415344

-1.06649 0.415344
-1.06622 0.415557

-1.06622 0.415558
-1.06611 0.415649

-1.06611 0.415649
-1.06592 0.415804

-1.06592 0.415805
-1.06573 0.415955

-1.06573 0.415955
-1.06561 0.416051

-1.06561 0.416052
-1.06536 0.41626

-1.06536 0.41626
-1.06531 0.416299

-1.06531 0.4163
-1.065 0.416547

-1.065 0.416547
-1.06498 0.416565

-1.06498 0.416565
-1.0647 0.416795

-1.0647 0.416795
-1.0646 0.41687

-1.0646 0.41687
-1.06439 0.417042

-1.06439 0.417043
-1.06423 0.417175

-1.06423 0.417175
-1.06409 0.417288

-1.06409 0.41729
-1.06385 0.41748

-1.06385 0.41748
-1.06378 0.417536

-1.06378 0.417537
-1.06348 0.417784

-1.06348 0.417784
-1.06347 0.417786

-1.06347 0.417786
-1.06317 0.418031

-1.06317 0.418031
-1.0631 0.418091

-1.0631 0.418091
-1.06287 0.418278

-1.06287 0.41828
-1.06272 0.418396

-1.06272 0.418396
-1.06256 0.418524

-1.06256 0.418526
-1.06234 0.418701

-1.06234 0.418701
-1.06226 0.418772

-1.06226 0.418772
-1.06197 0.419006

-1.06197 0.419006
-1.06195 0.419019

-1.06195 0.419019
-1.06165 0.419266

-1.06165 0.419266
-1.06159 0.419312

-1.06159 0.419312
-1.06134 0.419513

-1.06134 0.419514
-1.06121 0.419617

-1.06121 0.419617
-1.06104 0.419759

-1.06104 0.41976
-1.06083 0.419922

-1.06083 0.419922
-1.06073 0.420006

-1.06073 0.420007
-1.06046 0.420227

-1.06046 0.420227
-1.06042 0.420253

-1.06042 0.420253
-1.06012 0.4205

-1.06012 0.4205
-1.06008 0.420532

-1.06008 0.420532
-1.05981 0.420747

-1.05981 0.420747
-1.0597 0.420837

-1.0597 0.420837
-1.05951 0.420993

-1.05951 0.420994
-1.05932 0.421143

-1.05932 0.421143
-1.0592 0.421239

-1.0592 0.42124
-1.05895 0.421448

-1.05895 0.421448
-1.0589 0.421485

-1.0589 0.421486
-1.05859 0.421732

-1.05859 0.421732
-1.05857 0.421753

-1.05857 0.421753
-1.05829 0.421979

-1.05829 0.421979
-1.05819 0.422058

-1.05819 0.422058
-1.05798 0.422225

-1.05798 0.422226
-1.05781 0.422363

-1.05781 0.422363
-1.05768 0.42247

-1.05768 0.422471
-1.05743 0.422668

-1.05743 0.422668
-1.05737 0.422717

-1.05737 0.422717
-1.05707 0.422964

-1.05707 0.422964
-1.05706 0.422974

-1.05706 0.422974
-1.05676 0.42321

-1.05676 0.42321
-1.05668 0.423279

-1.05668 0.423279
-1.05646 0.423456

-1.05646 0.423457
-1.0563 0.423584

-1.0563 0.423584
-1.05615 0.4237

-1.05615 0.423702
-1.05592 0.423889

-1.05592 0.423889
-1.05585 0.423947

-1.05585 0.423947
-1.05554 0.424193

-1.05554 0.424193
-1.05554 0.424194

-1.05554 0.424194
-1.05524 0.424439

-1.05524 0.424439
-1.05516 0.4245

-1.05516 0.4245
-1.05493 0.424685

-1.05493 0.424686
-1.05478 0.424805

-1.05478 0.424805
-1.05463 0.42493

-1.05463 0.424931
-1.0544 0.42511

-1.0544 0.42511
-1.05432 0.425175

-1.05432 0.425176
-1.05402 0.425415

-1.05402 0.425415
-1.05402 0.425421

-1.05402 0.425422
-1.05371 0.425667

-1.05371 0.425668
-1.05365 0.42572

-1.05365 0.42572
-1.05341 0.425913

-1.05341 0.425914
-1.05326 0.426025

-1.05327 0.426025
-1.0531 0.426158

-1.0531 0.426159
-1.05289 0.426331

-1.05289 0.426331
-1.0528 0.426403

-1.0528 0.426404
-1.05251 0.426636

-1.05251 0.426636
-1.05249 0.426648

-1.05249 0.426649
-1.05219 0.426894

-1.05219 0.426895
-1.05213 0.426941

-1.05213 0.426941
-1.05188 0.42714

-1.05188 0.427141
-1.05175 0.427246

-1.05175 0.427246
-1.05157 0.427384

-1.05157 0.427385
-1.05137 0.427551

-1.05137 0.427551
-1.05127 0.427629

-1.05127 0.42763
-1.05099 0.427856

-1.05099 0.427856
-1.05096 0.427874

-1.05096 0.427875
-1.05066 0.42812

-1.05066 0.42812
-1.05061 0.428162

-1.05061 0.428162
-1.05035 0.428365

-1.05035 0.428366
-1.05023 0.428467

-1.05023 0.428467
-1.05005 0.42861

-1.05005 0.428611
-1.04985 0.428772

-1.04985 0.428772
-1.04974 0.428854

-1.04974 0.428855
-1.04947 0.429077

-1.04947 0.429077
-1.04944 0.429099

-1.04944 0.4291
-1.04913 0.429345

-1.04913 0.429345
-1.04909 0.429382

-1.04909 0.429382
-1.04883 0.42959

-1.04883 0.42959
-1.04871 0.429688

-1.04871 0.429688
-1.04852 0.429834

-1.04852 0.429835
-1.04833 0.429993

-1.04833 0.429993
-1.04822 0.430078

-1.04822 0.430079
-1.04794 0.430298

-1.04794 0.430298
-1.04791 0.430323

-1.04791 0.430324
-1.04761 0.430568

-1.04761 0.430568
-1.04756 0.430603

-1.04756 0.430603
-1.0473 0.430813

-1.0473 0.430813
-1.04718 0.430908

-1.04718 0.430908
-1.047 0.431057

-1.047 0.431058
-1.0468 0.431213

-1.0468 0.431213
-1.04669 0.431301

-1.04669 0.431302
-1.04642 0.431519

-1.04642 0.431519
-1.04639 0.431545

-1.04639 0.431546
-1.04608 0.43179

-1.04608 0.43179
-1.04604 0.431824

-1.04604 0.431824
-1.04578 0.432035

-1.04578 0.432035
-1.04566 0.432129

-1.04566 0.432129
-1.04547 0.432279

-1.04547 0.432279
-1.04528 0.432434

-1.04528 0.432434
-1.04517 0.432522

-1.04517 0.432523
-1.0449 0.432739

-1.0449 0.432739
-1.04486 0.432767

-1.04486 0.432767
-1.04456 0.433012

-1.04456 0.433012
-1.04451 0.433044

-1.04451 0.433044
-1.04425 0.433256

-1.04425 0.433256
-1.04413 0.43335

-1.04413 0.43335
-1.04395 0.433499

-1.04395 0.4335
-1.04375 0.433655

-1.04375 0.433655
-1.04364 0.433743

-1.04364 0.433744
-1.04337 0.43396

-1.04337 0.43396
-1.04333 0.433987

-1.04333 0.433988
-1.04303 0.434232

-1.04303 0.434232
-1.04299 0.434265

-1.04299 0.434265
-1.04272 0.434475

-1.04272 0.434476
-1.0426 0.43457

-1.04261 0.43457
-1.04242 0.434719

-1.04242 0.43472
-1.04222 0.434875

-1.04222 0.434875
-1.04211 0.434962

-1.04211 0.434963
-1.04184 0.435181

-1.04184 0.435181
-1.04181 0.435206

-1.04181 0.435207
-1.0415 0.435451

-1.0415 0.435451
-1.04146 0.435486

-1.04146 0.435486
-1.0412 0.435694

-1.0412 0.435695
-1.04108 0.435791

-1.04108 0.435791
-1.04089 0.435937

-1.04089 0.435938
-1.0407 0.436096

-1.0407 0.436096
-1.04059 0.43618

-1.04059 0.436181
-1.04031 0.436401

-1.04031 0.436401
-1.04028 0.436424

-1.04028 0.436425
-1.03998 0.436668

-1.03998 0.436669
-1.03993 0.436707

-1.03993 0.436707
-1.03967 0.436912

-1.03967 0.436913
-1.03955 0.437012

-1.03955 0.437012
-1.03937 0.437155

-1.03937 0.437156
-1.03917 0.437317

-1.03917 0.437317
-1.03906 0.437398

-1.03906 0.437399
-1.03878 0.437622

-1.03878 0.437622
-1.03876 0.437641

-1.03876 0.437642
-1.03845 0.437885

-1.03845 0.437885
-1.0384 0.437927

-1.0384 0.437927
-1.03815 0.438129

-1.03815 0.438129
-1.03802 0.438232

-1.03802 0.438232
-1.03784 0.438371

-1.03784 0.438372
-1.03763 0.438538

-1.03763 0.438538
-1.03754 0.438614

-1.03754 0.438615
-1.03725 0.438843

-1.03725 0.438843
-1.03723 0.438857

-1.03723 0.438858
-1.03693 0.439101

-1.03693 0.439101
-1.03687 0.439148

-1.03687 0.439148
-1.03662 0.439344

-1.03662 0.439345
-1.03648 0.439453

-1.03648 0.439453
-1.03632 0.439586

-1.03632 0.439587
-1.0361 0.439758

-1.0361 0.439758
-1.03601 0.439829

-1.03601 0.43983
-1.03572 0.440063

-1.03572 0.440063
-1.03571 0.440072

-1.03571 0.440073
-1.0354 0.440316

-1.0354 0.440316
-1.03533 0.440369

-1.03533 0.440369
-1.0351 0.440559

-1.0351 0.44056
-1.03495 0.440674

-1.03495 0.440674
-1.03479 0.440801

-1.03479 0.440802
-1.03457 0.440979

-1.03457 0.440979
-1.03448 0.441043

-1.03448 0.441044
-1.03418 0.441284

-1.03418 0.441284
-1.03418 0.441286

-1.03418 0.441287
-1.03387 0.441529

-1.03387 0.44153
-1.0338 0.441589

-1.0338 0.441589
-1.03357 0.441772

-1.03357 0.441773
-1.03341 0.441895

-1.03342 0.441895
-1.03326 0.442014

-1.03326 0.442015
-1.03303 0.4422

-1.03303 0.4422
-1.03296 0.442256

-1.03296 0.442257
-1.03265 0.4425

-1.03265 0.4425
-1.03265 0.442505

-1.03265 0.442505
-1.03235 0.442742

-1.03235 0.442742
-1.03226 0.44281

-1.03226 0.44281
-1.03204 0.442985

-1.03204 0.442985
-1.03188 0.443115

-1.03188 0.443115
-1.03174 0.443226

-1.03174 0.443227
-1.03149 0.44342

-1.03149 0.44342
-1.03143 0.443468

-1.03143 0.443469
-1.03113 0.443711

-1.03113 0.443711
-1.03111 0.443726

-1.03111 0.443726
-1.03082 0.443954

-1.03082 0.443954
-1.03073 0.444031

-1.03073 0.444031
-1.03052 0.444196

-1.03052 0.444197
-1.03034 0.444336

-1.03034 0.444336
-1.03021 0.444437

-1.03021 0.444438
-1.02996 0.444641

-1.02996 0.444641
-1.02991 0.444679

-1.02991 0.44468
-1.0296 0.444922

-1.0296 0.444922
-1.02957 0.444946

-1.02957 0.444946
-1.0293 0.445164

-1.0293 0.445165
-1.02919 0.445251

-1.02919 0.445251
-1.02899 0.445406

-1.02899 0.445407
-1.0288 0.445557

-1.0288 0.445557
-1.02869 0.445647

-1.02869 0.445648
-1.02842 0.445862

-1.02842 0.445862
-1.02838 0.445889

-1.02838 0.44589
-1.02808 0.446132

-1.02808 0.446132
-1.02803 0.446167

-1.02803 0.446167
-1.02777 0.446374

-1.02777 0.446375
-1.02765 0.446472

-1.02765 0.446472
-1.02747 0.446615

-1.02747 0.446616
-1.02726 0.446777

-1.02726 0.446777
-1.02716 0.446856

-1.02716 0.446857
-1.02688 0.447083

-1.02688 0.447083
-1.02686 0.447098

-1.02686 0.447099
-1.02655 0.447341

-1.02655 0.447341
-1.02649 0.447388

-1.02649 0.447388
-1.02625 0.447582

-1.02625 0.447584
-1.0261 0.447693

-1.02611 0.447693
-1.02594 0.447823

-1.02594 0.447824
-1.02572 0.447998

-1.02572 0.447998
-1.02563 0.448065

-1.02563 0.448066
-1.02533 0.448303

-1.02533 0.448303
-1.02533 0.448306

-1.02533 0.448307
-1.02502 0.448549

-1.02502 0.448549
-1.02495 0.448608

-1.02495 0.448608
-1.02472 0.44879

-1.02472 0.448791
-1.02456 0.448914

-1.02456 0.448914
-1.02441 0.44903

-1.02441 0.449032
-1.02418 0.449219

-1.02418 0.449219
-1.02411 0.449272

-1.02411 0.449273
-1.0238 0.449514

-1.0238 0.449514
-1.02379 0.449524

-1.02379 0.449524
-1.0235 0.449755

-1.0235 0.449756
-1.0234 0.449829

-1.02341 0.449829
-1.02319 0.449997

-1.02319 0.449997
-1.02302 0.450134

-1.02302 0.450134
-1.02289 0.450237

-1.02289 0.450238
-1.02263 0.450439

-1.02263 0.450439
-1.02258 0.450478

-1.02258 0.450479
-1.02228 0.45072

-1.02228 0.45072
-1.02225 0.450745

-1.02225 0.450745
-1.02197 0.450961

-1.02197 0.450962
-1.02186 0.45105

-1.02186 0.45105
-1.02167 0.451202

-1.02167 0.451203
-1.02147 0.451355

-1.02147 0.451355
-1.02136 0.451442

-1.02136 0.451443
-1.02109 0.45166

-1.02109 0.45166
-1.02106 0.451683

-1.02106 0.451684
-1.02075 0.451925

-1.02075 0.451925
-1.0207 0.451965

-1.0207 0.451965
-1.02045 0.452166

-1.02045 0.452167
-1.02031 0.452271

-1.02031 0.452271
-1.02014 0.452406

-1.02014 0.452407
-1.01993 0.452576

-1.01993 0.452576
-1.01984 0.452647

-1.01984 0.452648
-1.01954 0.452881

-1.01954 0.452881
-1.01953 0.452888

-1.01953 0.452888
-1.01923 0.453129

-1.01923 0.453129
-1.01915 0.453186

-1.01915 0.453186
-1.01892 0.45337

-1.01892 0.453371
-1.01877 0.453491

-1.01877 0.453491
-1.01862 0.45361

-1.01862 0.453611
-1.01838 0.453796

-1.01838 0.453796
-1.01831 0.45385

-1.01831 0.453851
-1.01801 0.454092

-1.01801 0.454092
-1.01799 0.454102

-1.01799 0.454102
-1.0177 0.454332

-1.0177 0.454333
-1.01761 0.454407

-1.01761 0.454407
-1.0174 0.454573

-1.0174 0.454573
-1.01722 0.454712

-1.01722 0.454712
-1.01709 0.454812

-1.01709 0.454813
-1.01683 0.455017

-1.01683 0.455017
-1.01678 0.455053

-1.01678 0.455054
-1.01648 0.455294

-1.01648 0.455294
-1.01644 0.455322

-1.01644 0.455322
-1.01617 0.455534

-1.01617 0.455535
-1.01606 0.455627

-1.01606 0.455627
-1.01587 0.455775

-1.01587 0.455775
-1.01567 0.455933

-1.01567 0.455933
-1.01556 0.456014

-1.01556 0.456015
-1.01528 0.456238

-1.01528 0.456238
-1.01526 0.456255

-1.01526 0.456255
-1.01495 0.456496

-1.01495 0.456496
-1.01489 0.456543

-1.01489 0.456543
-1.01465 0.456736

-1.01465 0.456737
-1.0145 0.456848

-1.01451 0.456848
-1.01434 0.456975

-1.01434 0.456976
-1.01412 0.457153

-1.01412 0.457153
-1.01404 0.457215

-1.01404 0.457216
-1.01373 0.457456

-1.01373 0.457456
-1.01373 0.457458

-1.01373 0.457458
-1.01343 0.457696

-1.01343 0.457696
-1.01334 0.457764

-1.01334 0.457764
-1.01312 0.457936

-1.01312 0.457937
-1.01295 0.458069

-1.01295 0.458069
-1.01282 0.458175

-1.01282 0.458176
-1.01257 0.458374

-1.01256 0.458374
-1.01251 0.458415

-1.01251 0.458416
-1.01221 0.458656

-1.01221 0.458656
-1.01218 0.458679

-1.01218 0.458679
-1.0119 0.458896

-1.0119 0.458896
-1.01179 0.458984

-1.01179 0.458984
-1.0116 0.459135

-1.0116 0.459136
-1.0114 0.45929

-1.0114 0.45929
-1.01129 0.459374

-1.01129 0.459375
-1.01101 0.459595

-1.01101 0.459595
-1.01099 0.459614

-1.01099 0.459615
-1.01068 0.459855

-1.01068 0.459855
-1.01062 0.4599

-1.01062 0.4599
-1.01038 0.460094

-1.01038 0.460095
-1.01023 0.460205

-1.01024 0.460205
-1.01007 0.460333

-1.01007 0.460334
-1.00985 0.46051

-1.00985 0.46051
-1.00977 0.460573

-1.00977 0.460574
-1.00946 0.460813

-1.00946 0.460813
-1.00946 0.460815

-1.00946 0.460815
-1.00916 0.461053

-1.00916 0.461053
-1.00907 0.461121

-1.00907 0.461121
-1.00885 0.461292

-1.00885 0.461293
-1.00868 0.461426

-1.00868 0.461426
-1.00854 0.46153

-1.00854 0.461532
-1.00829 0.461731

-1.00829 0.461731
-1.00824 0.46177

-1.00824 0.461771
-1.00793 0.46201

-1.00793 0.462011
-1.0079 0.462036

-1.0079 0.462036
-1.00763 0.46225

-1.00763 0.462251
-1.00751 0.462341

-1.00751 0.462341
-1.00732 0.462489

-1.00732 0.462489
-1.00712 0.462646

-1.00712 0.462646
-1.00702 0.462727

-1.00702 0.462728
-1.00673 0.462952

-1.00673 0.462952
-1.00671 0.462967

-1.00671 0.462968
-1.00641 0.463207

-1.00641 0.463207
-1.00634 0.463257

-1.00634 0.463257
-1.0061 0.463446

-1.0061 0.463447
-1.00595 0.463562

-1.00596 0.463562
-1.0058 0.463684

-1.0058 0.463685
-1.00557 0.463867

-1.00557 0.463867
-1.00549 0.463923

-1.00549 0.463924
-1.00519 0.464163

-1.00519 0.464163
-1.00518 0.464172

-1.00518 0.464172
-1.00488 0.464402

-1.00488 0.464403
-1.00479 0.464478

-1.00479 0.464478
-1.00458 0.464641

-1.00458 0.464642
-1.0044 0.464783

-1.0044 0.464783
-1.00427 0.464879

-1.00427 0.46488
-1.00401 0.465088

-1.00401 0.465088
-1.00397 0.465119

-1.00397 0.465119
-1.00366 0.465358

-1.00366 0.465358
-1.00362 0.465393

-1.00362 0.465393
-1.00336 0.465597

-1.00336 0.465598
-1.00323 0.465698

-1.00323 0.465698
-1.00305 0.465836

-1.00305 0.465836
-1.00284 0.466003

-1.00284 0.466003
-1.00275 0.466074

-1.00275 0.466075
-1.00245 0.466309

-1.00245 0.466309
-1.00244 0.466313

-1.00244 0.466313
-1.00214 0.466552

-1.00214 0.466552
-1.00206 0.466614

-1.00206 0.466614
-1.00183 0.466791

-1.00183 0.466791
-1.00167 0.466919

-1.00167 0.466919
-1.00153 0.467028

-1.00153 0.46703
-1.00128 0.467224

-1.00128 0.467224
-1.00122 0.467267

-1.00122 0.467268
-1.00092 0.467507

-1.00092 0.467507
-1.00089 0.467529

-1.00089 0.467529
-1.00061 0.467745

-1.00061 0.467746
-1.0005 0.467834

-1.0005 0.467834
-1.00031 0.467984

-1.00031 0.467984
-1.00011 0.46814

-1.00011 0.46814
-1.0 0.468221

-1.0 0.468222
-0.999715 0.468445

-0.999714 0.468445
-0.999695 0.46846

-0.999695 0.468461
-0.99939 0.468699

-0.99939 0.468699
-0.999324 0.46875

-0.999324 0.46875
-0.999084 0.468937

-0.999084 0.468938
-0.998933 0.469055

-0.998935 0.469055
-0.998779 0.469175

-0.998779 0.469176
-0.998543 0.46936

-0.998543 0.46936
-0.998474 0.469413

-0.998474 0.469414
-0.998169 0.469652

-0.998169 0.469652
-0.998152 0.469666

-0.998152 0.469666
-0.997864 0.469891

-0.997864 0.469891
-0.99776 0.469971

-0.997761 0.469971
-0.997559 0.470129

-0.997559 0.470129
-0.99737 0.470276

-0.997371 0.470276
-0.997253 0.470366

-0.997253 0.470367
-0.996979 0.470581

-0.996978 0.470581
-0.996948 0.470604

-0.996948 0.470605
-0.996643 0.470843

-0.996643 0.470843
-0.996588 0.470886

-0.996588 0.470886
-0.996338 0.471081

-0.996338 0.471082
-0.996195 0.471191

-0.996197 0.471191
-0.996033 0.471319

-0.996033 0.471319
-0.995805 0.471497

-0.995805 0.471497
-0.995728 0.471556

-0.995728 0.471557
-0.995422 0.471795

-0.995422 0.471795
-0.995414 0.471802

-0.995414 0.471802
-0.995117 0.472033

-0.995117 0.472034
-0.995022 0.472107

-0.995022 0.472107
-0.994812 0.472271

-0.994812 0.472271
-0.994631 0.472412

-0.994632 0.472412
-0.994507 0.472508

-0.994507 0.472509
-0.994239 0.472717

-0.994239 0.472717
-0.994202 0.472746

-0.994202 0.472747
-0.993896 0.472984

-0.993896 0.472985
-0.993847 0.473022

-0.993848 0.473022
-0.993591 0.473222

-0.993591 0.473223
-0.993455 0.473328

-0.993456 0.473328
-0.993286 0.473459

-0.993286 0.47346
-0.993064 0.473633

-0.993064 0.473633
-0.992981 0.473697

-0.992981 0.473698
-0.992676 0.473935

-0.992676 0.473935
-0.992672 0.473938

-0.992672 0.473938
-0.992371 0.474173

-0.992371 0.474173
-0.99228 0.474243

-0.99228 0.474243
-0.992065 0.47441

-0.992065 0.474411
-0.991888 0.474548

-0.991889 0.474548
-0.99176 0.474647

-0.99176 0.474648
-0.991496 0.474854

-0.991495 0.474854
-0.991455 0.474885

-0.991455 0.474885
-0.99115 0.475123

-0.99115 0.475123
-0.991104 0.475159

-0.991104 0.475159
-0.990845 0.47536

-0.990845 0.475361
-0.99071 0.475464

-0.990712 0.475464
-0.99054 0.475597

-0.99054 0.475598
-0.99032 0.475769

-0.990319 0.475769
-0.990234 0.475834

-0.990234 0.475835
-0.989929 0.476072

-0.989929 0.476072
-0.989927 0.476074

-0.989927 0.476074
-0.989624 0.47631

-0.989624 0.47631
-0.989534 0.476379

-0.989535 0.476379
-0.989319 0.476547

-0.989319 0.476548
-0.989142 0.476685

-0.989143 0.476685
-0.989014 0.476783

-0.989014 0.476784
-0.98875 0.47699

-0.988749 0.47699
-0.988708 0.477021

-0.988708 0.477022
-0.988403 0.477259

-0.988403 0.477259
-0.988357 0.477295

-0.988357 0.477295
-0.988098 0.477496

-0.988098 0.477497
-0.987963 0.4776

-0.987964 0.4776
-0.987793 0.477733

-0.987793 0.477733
-0.987571 0.477905

-0.987571 0.477905
-0.987488 0.477969

-0.987488 0.47797
-0.987183 0.478207

-0.987183 0.478207
-0.987178 0.47821

-0.987178 0.47821
-0.986877 0.478444

-0.986877 0.478445
-0.986785 0.478516

-0.986785 0.478516
-0.986572 0.478681

-0.986572 0.478682
-0.986392 0.478821

-0.986393 0.478821
-0.986267 0.478917

-0.986267 0.478918
-0.985999 0.479126

-0.985999 0.479126
-0.985962 0.479154

-0.985962 0.479155
-0.985657 0.479392

-0.985657 0.479392
-0.985606 0.479431

-0.985606 0.479431
-0.985352 0.479629

-0.985352 0.47963
-0.985212 0.479736

-0.985214 0.479736
-0.985046 0.479865

-0.985046 0.479866
-0.98482 0.480042

-0.984819 0.480042
-0.984741 0.480101

-0.984741 0.480102
-0.984436 0.480339

-0.984436 0.480339
-0.984426 0.480347

-0.984426 0.480347
-0.984131 0.480576

-0.984131 0.480576
-0.984032 0.480652

-0.984033 0.480652
-0.983826 0.480813

-0.983826 0.480813
-0.983639 0.480957

-0.98364 0.480957
-0.983521 0.481048

-0.983521 0.481049
-0.983246 0.481262

-0.983245 0.481262
-0.983215 0.481285

-0.983215 0.481286
-0.98291 0.481523

-0.98291 0.481523
-0.982852 0.481567

-0.982852 0.481567
-0.982605 0.481759

-0.982605 0.48176
-0.982458 0.481873

-0.982459 0.481873
-0.9823 0.481995

-0.9823 0.481996
-0.982065 0.482178

-0.982065 0.482178
-0.981995 0.482231

-0.981995 0.482232
-0.981689 0.482469

-0.981689 0.482469
-0.981671 0.482483

-0.981671 0.482483
-0.981384 0.482705

-0.981384 0.482706
-0.981276 0.482788

-0.981277 0.482788
-0.981079 0.482942

-0.981079 0.482942
-0.980883 0.483093

-0.980884 0.483093
-0.980774 0.483177

-0.980774 0.483178
-0.980489 0.483398

-0.980489 0.483398
-0.980469 0.483414

-0.980469 0.483414
-0.980164 0.483651

-0.980164 0.483651
-0.980095 0.483704

-0.980095 0.483704
-0.979858 0.483887

-0.979858 0.483888
-0.9797 0.484009

-0.979702 0.484009
-0.979553 0.484122

-0.979553 0.484123
-0.979307 0.484314

-0.979306 0.484314
-0.979248 0.484359

-0.979248 0.48436
-0.978943 0.484596

-0.978943 0.484596
-0.978913 0.484619

-0.978913 0.484619
-0.978638 0.484832

-0.978638 0.484833
-0.978517 0.484924

-0.978519 0.484924
-0.978333 0.485068

-0.978333 0.485068
-0.978124 0.485229

-0.978124 0.485229
-0.978027 0.485303

-0.978027 0.485304
-0.97773 0.485535

-0.977729 0.485535
-0.977722 0.48554

-0.977722 0.48554
-0.977417 0.485776

-0.977417 0.485777
-0.977334 0.48584

-0.977335 0.48584
-0.977112 0.486012

-0.977112 0.486013
-0.97694 0.486145

-0.976941 0.486145
-0.976807 0.486247

-0.976807 0.486249
-0.976546 0.48645

-0.976545 0.48645
-0.976501 0.486484

-0.976501 0.486484
-0.976196 0.48672

-0.976196 0.486721
-0.976151 0.486755

-0.976151 0.486755
-0.975891 0.486956

-0.975891 0.486957
-0.975755 0.487061

-0.975757 0.487061
-0.975586 0.487192

-0.975586 0.487192
-0.975362 0.487366

-0.975361 0.487366
-0.975281 0.487427

-0.975281 0.487428
-0.974976 0.487664

-0.974976 0.487664
-0.974967 0.487671

-0.974967 0.487671
-0.97467 0.4879

-0.97467 0.4879
-0.974571 0.487976

-0.974572 0.487976
-0.974365 0.488136

-0.974365 0.488136
-0.974177 0.488281

-0.974177 0.488281
-0.97406 0.48837

-0.97406 0.488371
-0.973782 0.488586

-0.973781 0.488586
-0.973755 0.488606

-0.973755 0.488607
-0.97345 0.488843

-0.97345 0.488843
-0.973386 0.488892

-0.973387 0.488892
-0.973145 0.489078

-0.973145 0.489079
-0.972991 0.489197

-0.972992 0.489197
-0.972839 0.489313

-0.972839 0.489314
-0.972596 0.489502

-0.972596 0.489502
-0.972534 0.489549

-0.972534 0.48955
-0.972229 0.489785

-0.972229 0.489785
-0.972201 0.489807

-0.972201 0.489807
-0.971924 0.490021

-0.971924 0.490022
-0.971804 0.490112

-0.971806 0.490112
-0.971619 0.490256

-0.971619 0.490257
-0.97141 0.490417

-0.97141 0.490417
-0.971313 0.490491

-0.971313 0.490492
-0.971014 0.490723

-0.971014 0.490723
-0.971008 0.490727

-0.971008 0.490727
-0.970703 0.490963

-0.970703 0.490963
-0.970618 0.491028

-0.970619 0.491028
-0.970398 0.491198

-0.970398 0.491199
-0.970223 0.491333

-0.970224 0.491333
-0.970093 0.491432

-0.970093 0.491434
-0.969828 0.491638

-0.969827 0.491638
-0.969788 0.491668

-0.969788 0.491669
-0.969482 0.491904

-0.969482 0.491904
-0.969431 0.491943

-0.969432 0.491943
-0.969177 0.49214

-0.969177 0.49214
-0.969035 0.492249

-0.969036 0.492249
-0.968872 0.492374

-0.968872 0.492375
-0.96864 0.492554

-0.96864 0.492554
-0.968567 0.492609

-0.968567 0.49261
-0.968262 0.492845

-0.968262 0.492845
-0.968244 0.492859

-0.968244 0.492859
-0.967957 0.49308

-0.967957 0.493081
-0.967847 0.493164

-0.967848 0.493164
-0.967651 0.493316

-0.967651 0.493316
-0.967452 0.493469

-0.967452 0.493469
-0.967346 0.49355

-0.967346 0.493551
-0.967056 0.493774

-0.967055 0.493774
-0.967041 0.493785

-0.967041 0.493786
-0.966736 0.494021

-0.966736 0.494021
-0.966659 0.49408

-0.96666 0.49408
-0.966431 0.494256

-0.966431 0.494256
-0.966263 0.494385

-0.966264 0.494385
-0.966125 0.49449

-0.966125 0.494491
-0.965867 0.49469

-0.965867 0.49469
-0.96582 0.494725

-0.96582 0.494726
-0.965515 0.494961

-0.965515 0.494961
-0.965471 0.494995

-0.965471 0.494995
-0.96521 0.495196

-0.96521 0.495197
-0.965073 0.4953

-0.965075 0.4953
-0.964905 0.49543

-0.964905 0.495431
-0.964678 0.495605

-0.964678 0.495605
-0.9646 0.495665

-0.9646 0.495666
-0.964294 0.495901

-0.964294 0.495901
-0.964281 0.495911

-0.964281 0.495911
-0.963989 0.496135

-0.963989 0.496136
-0.963884 0.496216

-0.963885 0.496216
-0.963684 0.49637

-0.963684 0.49637
-0.963488 0.496521

-0.963489 0.496521
-0.963379 0.496604

-0.963379 0.496605
-0.963091 0.496826

-0.963091 0.496826
-0.963074 0.496839

-0.963074 0.49684
-0.962769 0.497074

-0.962769 0.497075
-0.962694 0.497131

-0.962695 0.497131
-0.962463 0.497309

-0.962463 0.49731
-0.962297 0.497437

-0.962299 0.497437
-0.962158 0.497543

-0.962158 0.497544
-0.961901 0.497742

-0.9619 0.497742
-0.961853 0.497778

-0.961853 0.497778
-0.961548 0.498013

-0.961548 0.498013
-0.961504 0.498047

-0.961504 0.498047
-0.961243 0.498248

-0.961243 0.498248
-0.961106 0.498352

-0.961107 0.498352
-0.960938 0.498482

-0.960938 0.498482
-0.96071 0.498657

-0.960709 0.498657
-0.960632 0.498716

-0.960632 0.498717
-0.960327 0.498951

-0.960327 0.498951
-0.960312 0.498962

-0.960312 0.498962
-0.960022 0.499186

-0.960022 0.499186
-0.959914 0.499268

-0.959915 0.499268
-0.959717 0.49942

-0.959717 0.49942
-0.959518 0.499573

-0.959518 0.499573
-0.959412 0.499653

-0.959412 0.499654
-0.959121 0.499878

-0.95912 0.499878
-0.959106 0.499888

-0.959106 0.499889
-0.958801 0.500123

-0.958801 0.500124
-0.958723 0.500183

-0.958723 0.500183
-0.958496 0.500357

-0.958496 0.500358
-0.958325 0.500488

-0.958327 0.500488
-0.958191 0.500591

-0.958191 0.500592
-0.957928 0.500793

-0.957928 0.500793
-0.957886 0.500825

-0.957886 0.500826
-0.957581 0.50106

-0.957581 0.50106
-0.95753 0.501099

-0.957531 0.501099
-0.957275 0.501294

-0.957275 0.501295
-0.957132 0.501404

-0.957133 0.501404
-0.95697 0.501528

-0.95697 0.501529
-0.956735 0.501709

-0.956735 0.501709
-0.956665 0.501762

-0.956665 0.501763
-0.95636 0.501997

-0.95636 0.501997
-0.956337 0.502014

-0.956337 0.502014
-0.956055 0.502231

-0.956055 0.502232
-0.955938 0.502319

-0.95594 0.502319
-0.95575 0.502465

-0.95575 0.502465
-0.955542 0.502625

-0.955542 0.502625
-0.955444 0.502698

-0.955444 0.502699
-0.955144 0.50293

-0.955143 0.50293
-0.955139 0.502933

-0.955139 0.502933
-0.954834 0.503167

-0.954834 0.503168
-0.954745 0.503235

-0.954746 0.503235
-0.954529 0.503401

-0.954529 0.503401
-0.954348 0.50354

-0.954349 0.50354
-0.954224 0.503634

-0.954224 0.503635
-0.95395 0.503845

-0.953949 0.503845
-0.953918 0.503868

-0.953918 0.503869
-0.953613 0.504103

-0.953613 0.504103
-0.953551 0.50415

-0.953551 0.50415
-0.953308 0.504337

-0.953308 0.504337
-0.953152 0.504456

-0.953154 0.504456
-0.953003 0.50457

-0.953003 0.504571
-0.952755 0.504761

-0.952754 0.504761
-0.952698 0.504804

-0.952698 0.504804
-0.952393 0.505038

-0.952393 0.505038
-0.952356 0.505066

-0.952356 0.505066
-0.952087 0.505272

-0.952087 0.505273
-0.951957 0.505371

-0.951958 0.505371
-0.951782 0.505505

-0.951782 0.505506
-0.95156 0.505676

-0.951559 0.505676
-0.951477 0.505738

-0.951477 0.505739
-0.951172 0.505973

-0.951172 0.505973
-0.951161 0.505981

-0.951161 0.505981
-0.950867 0.506207

-0.950867 0.506207
-0.950761 0.506287

-0.950762 0.506287
-0.950562 0.50644

-0.950562 0.50644
-0.950364 0.506592

-0.950364 0.506592
-0.950256 0.506673

-0.950256 0.506674
-0.949965 0.506897

-0.949964 0.506897
-0.949951 0.506907

-0.949951 0.506907
-0.949646 0.507141

-0.949646 0.507141
-0.949565 0.507202

-0.949566 0.507202
-0.949341 0.507374

-0.949341 0.507375
-0.949167 0.507507

-0.949168 0.507507
-0.949036 0.507607

-0.949036 0.507608
-0.948768 0.507812

-0.948768 0.507812
-0.94873 0.507841

-0.94873 0.507841
-0.948425 0.508075

-0.948425 0.508075
-0.948369 0.508118

-0.948369 0.508118
-0.94812 0.508308

-0.94812 0.508309
-0.94797 0.508423

-0.947971 0.508423
-0.947815 0.508541

-0.947815 0.508542
-0.947571 0.508728

-0.947571 0.508728
-0.94751 0.508774

-0.94751 0.508775
-0.947205 0.509008

-0.947205 0.509008
-0.947172 0.509033

-0.947172 0.509033
-0.946899 0.509242

-0.946899 0.509243
-0.946772 0.509338

-0.946773 0.509338
-0.946594 0.509475

-0.946594 0.509475
-0.946374 0.509644

-0.946374 0.509644
-0.946289 0.509707

-0.946289 0.509708
-0.945984 0.509941

-0.945984 0.509941
-0.945974 0.509949

-0.945974 0.509949
-0.945679 0.510175

-0.945679 0.510175
-0.945574 0.510254

-0.945575 0.510254
-0.945374 0.510408

-0.945374 0.510408
-0.945176 0.510559

-0.945176 0.510559
-0.945068 0.51064

-0.945068 0.510641
-0.944776 0.510864

-0.944775 0.510864
-0.944763 0.510873

-0.944763 0.510874
-0.944458 0.511107

-0.944458 0.511108
-0.944376 0.511169

-0.944377 0.511169
-0.944153 0.51134

-0.944153 0.511341
-0.943977 0.511475

-0.943978 0.511475
-0.943848 0.511572

-0.943848 0.511573
-0.943577 0.51178

-0.943577 0.51178
-0.943542 0.511806

-0.943542 0.511806
-0.943237 0.512039

-0.943237 0.51204
-0.943177 0.512085

-0.943178 0.512085
-0.942932 0.512272

-0.942932 0.512273
-0.942777 0.51239

-0.942778 0.51239
-0.942627 0.512505

-0.942627 0.512505
-0.942378 0.512695

-0.942377 0.512695
-0.942322 0.512737

-0.942322 0.512738
-0.942017 0.512971

-0.942017 0.512971
-0.941978 0.513

-0.941978 0.513
-0.941711 0.513204

-0.941711 0.513205
-0.941577 0.513306

-0.941579 0.513306
-0.941406 0.513437

-0.941406 0.513437
-0.941178 0.513611

-0.941178 0.513611
-0.941101 0.513669

-0.941101 0.51367
-0.940796 0.513902

-0.940796 0.513902
-0.940778 0.513916

-0.940778 0.513916
-0.940491 0.514135

-0.940491 0.514136
-0.940377 0.514221

-0.940378 0.514221
-0.940186 0.514368

-0.940186 0.514368
-0.939978 0.514526

-0.939978 0.514526
-0.93988 0.5146

-0.93988 0.514601
-0.939578 0.514832

-0.939577 0.514832
-0.939575 0.514833

-0.939575 0.514833
-0.93927 0.515066

-0.93927 0.515067
-0.939177 0.515137

-0.939177 0.515137
-0.938965 0.515299

-0.938965 0.515299
-0.938777 0.515442

-0.938778 0.515442
-0.93866 0.51553

-0.93866 0.515531
-0.938377 0.515747

-0.938376 0.515747
-0.938354 0.515763

-0.938354 0.515764
-0.938049 0.515997

-0.938049 0.515997
-0.937976 0.516052

-0.937976 0.516052
-0.937744 0.516229

-0.937744 0.516229
-0.937575 0.516357

-0.937577 0.516357
-0.937439 0.516461

-0.937439 0.516462
-0.937175 0.516663

-0.937174 0.516663
-0.937134 0.516693

-0.937134 0.516694
-0.936829 0.516927

-0.936829 0.516927
-0.936774 0.516968

-0.936774 0.516968
-0.936523 0.517159

-0.936523 0.517159
-0.936373 0.517273

-0.936374 0.517273
-0.936218 0.517391

-0.936218 0.517392
-0.935973 0.517578

-0.935973 0.517578
-0.935913 0.517623

-0.935913 0.517624
-0.935608 0.517856

-0.935608 0.517856
-0.935572 0.517883

-0.935572 0.517883
-0.935303 0.518089

-0.935303 0.518089
-0.93517 0.518188

-0.935172 0.518188
-0.934998 0.518321

-0.934998 0.518321
-0.934771 0.518494

-0.93477 0.518494
-0.934692 0.518552

-0.934692 0.518553
-0.934387 0.518785

-0.934387 0.518785
-0.934369 0.518799

-0.93437 0.518799
-0.934082 0.519018

-0.934082 0.519018
-0.933967 0.519104

-0.933969 0.519104
-0.933777 0.51925

-0.933777 0.51925
-0.933568 0.519409

-0.933568 0.519409
-0.933472 0.519481

-0.933472 0.519482
-0.933167 0.519714

-0.933166 0.519714
-0.932861 0.519946

-0.932861 0.519947
-0.932764 0.52002

-0.932765 0.52002
-0.932556 0.520178

-0.932556 0.520179
-0.932364 0.520325

-0.932365 0.520325
-0.932251 0.520409

-0.932251 0.520411
-0.931963 0.52063

-0.931962 0.52063
-0.931946 0.520642

-0.931946 0.520643
-0.931641 0.520875

-0.931641 0.520875
-0.931561 0.520935

-0.931561 0.520935
-0.931335 0.521107

-0.931335 0.521107
-0.93116 0.52124

-0.931161 0.52124
-0.93103 0.521338

-0.93103 0.521339
-0.930758 0.521545

-0.930758 0.521545
-0.930725 0.52157

-0.930725 0.521571
-0.93042 0.521803

-0.93042 0.521803
-0.930356 0.521851

-0.930357 0.521851
-0.930115 0.522034

-0.930115 0.522035
-0.929955 0.522156

-0.929956 0.522156
-0.92981 0.522266

-0.92981 0.522266
-0.929554 0.522461

-0.929553 0.522461
-0.929504 0.522497

-0.929504 0.522498
-0.929199 0.52273

-0.929199 0.52273
-0.929151 0.522766

-0.929152 0.522766
-0.928894 0.522962

-0.928894 0.522962
-0.928749 0.523071

-0.928751 0.523071
-0.928589 0.523193

-0.928589 0.523194
-0.928348 0.523376

-0.928348 0.523376
-0.928284 0.523425

-0.928284 0.523425
-0.927979 0.523657

-0.927979 0.523657
-0.927946 0.523682

-0.927946 0.523682
-0.927673 0.523889

-0.927673 0.52389
-0.927543 0.523987

-0.927545 0.523987
-0.927368 0.52412

-0.927368 0.524121
-0.927143 0.524292

-0.927142 0.524292
-0.927063 0.524351

-0.927063 0.524352
-0.926758 0.524584

-0.926758 0.524584
-0.92674 0.524597

-0.92674 0.524597
-0.926453 0.524816

-0.926453 0.524816
-0.926337 0.524902

-0.926338 0.524902
-0.926147 0.525047

-0.926147 0.525047
-0.925936 0.525208

-0.925936 0.525208
-0.925842 0.525278

-0.925842 0.525279
-0.925537 0.52551

-0.925537 0.52551
-0.925534 0.525513

-0.925534 0.525513
-0.925232 0.525742

-0.925232 0.525742
-0.925131 0.525818

-0.925132 0.525818
-0.924927 0.525973

-0.924927 0.525973
-0.924729 0.526123

-0.92473 0.526123
-0.924622 0.526204

-0.924622 0.526205
-0.924327 0.526428

-0.924326 0.526428
-0.924316 0.526436

-0.924316 0.526436
-0.924011 0.526668

-0.924011 0.526668
-0.923924 0.526733

-0.923925 0.526733
-0.923706 0.526899

-0.923706 0.526899
-0.923522 0.527039

-0.923523 0.527039
-0.923401 0.527129

-0.923401 0.52713
-0.923119 0.527344

-0.923119 0.527344
-0.923096 0.527361

-0.923096 0.527362
-0.922791 0.527593

-0.922791 0.527593
-0.922716 0.527649

-0.922717 0.527649
-0.922485 0.527824

-0.922485 0.527825
-0.922314 0.527954

-0.922315 0.527954
-0.92218 0.528055

-0.92218 0.528056
-0.921912 0.528259

-0.921911 0.528259
-0.921875 0.528286

-0.921875 0.528287
-0.92157 0.528518

-0.92157 0.528518
-0.921508 0.528564

-0.921509 0.528564
-0.921265 0.528749

-0.921265 0.52875
-0.921105 0.52887

-0.921107 0.52887
-0.920959 0.52898

-0.920959 0.528981
-0.920703 0.529175

-0.920702 0.529175
-0.920654 0.529211

-0.920654 0.529212
-0.920349 0.529443

-0.920349 0.529443
-0.9203 0.52948

-0.9203 0.52948
-0.920044 0.529674

-0.920044 0.529674
-0.919896 0.529785

-0.919898 0.529785
-0.919739 0.529905

-0.919739 0.529905
-0.919494 0.53009

-0.919494 0.53009
-0.919434 0.530135

-0.919434 0.530136
-0.919128 0.530367

-0.919128 0.530367
-0.919091 0.530396

-0.919091 0.530396
-0.918823 0.530598

-0.918823 0.530599
-0.918687 0.530701

-0.918688 0.530701
-0.918518 0.530829

-0.918518 0.530829
-0.918285 0.531006

-0.918284 0.531006
-0.918213 0.531059

-0.918213 0.53106
-0.917908 0.531291

-0.917908 0.531291
-0.917881 0.531311

-0.917881 0.531311
-0.917603 0.531522

-0.917603 0.531523
-0.917477 0.531616

-0.917478 0.531616
-0.917297 0.531753

-0.917297 0.531753
-0.917075 0.531921

-0.917074 0.531921
-0.916992 0.531983

-0.916992 0.531984
-0.916687 0.532214

-0.916687 0.532214
-0.916671 0.532227

-0.916671 0.532227
-0.916382 0.532445

-0.916382 0.532446
-0.916266 0.532532

-0.916268 0.532532
-0.916077 0.532676

-0.916077 0.532676
-0.915864 0.532837

-0.915864 0.532837
-0.915771 0.532906

-0.915771 0.532907
-0.915466 0.533137

-0.915466 0.533138
-0.91546 0.533142

-0.91546 0.533142
-0.915161 0.533368

-0.915161 0.533369
-0.915055 0.533447

-0.915057 0.533447
-0.914856 0.533599

-0.914856 0.533599
-0.914653 0.533752

-0.914653 0.533752
-0.914551 0.533828

-0.914551 0.53383
-0.914249 0.534058

-0.914249 0.534058
-0.914246 0.53406

-0.914246 0.53406
-0.91394 0.534291

-0.91394 0.534291
-0.913844 0.534363

-0.913845 0.534363
-0.913635 0.534521

-0.913635 0.534522
-0.913441 0.534668

-0.913442 0.534668
-0.91333 0.534751

-0.91333 0.534752
-0.913037 0.534973

-0.913037 0.534973
-0.913025 0.534982

-0.913025 0.534983
-0.91272 0.535213

-0.91272 0.535213
-0.912632 0.535278

-0.912633 0.535278
-0.912415 0.535444

-0.912415 0.535444
-0.912229 0.535583

-0.91223 0.535583
-0.912109 0.535673

-0.912109 0.535674
-0.911825 0.535889

-0.911824 0.535889
-0.911804 0.535904

-0.911804 0.535904
-0.911499 0.536135

-0.911499 0.536135
-0.91142 0.536194

-0.911421 0.536194
-0.911194 0.536365

-0.911194 0.536365
-0.911017 0.536499

-0.911018 0.536499
-0.910889 0.536595

-0.910889 0.536596
-0.910612 0.536804

-0.910612 0.536804
-0.910583 0.536825

-0.910583 0.536826
-0.910278 0.537056

-0.910278 0.537057
-0.910207 0.537109

-0.910208 0.537109
-0.909973 0.537287

-0.909973 0.537287
-0.909803 0.537415

-0.909804 0.537415
-0.909668 0.537516

-0.909668 0.537517
-0.909399 0.53772

-0.909399 0.53772
-0.909363 0.537746

-0.909363 0.537747
-0.909058 0.537977

-0.909058 0.537978
-0.908994 0.538025

-0.908995 0.538025
-0.908752 0.538208

-0.908752 0.538208
-0.90859 0.53833

-0.908591 0.53833
-0.908447 0.538437

-0.908447 0.538438
-0.908186 0.538635

-0.908185 0.538635
-0.908142 0.538667

-0.908142 0.538668
-0.907837 0.538898

-0.907837 0.538898
-0.90778 0.53894

-0.907781 0.53894
-0.907532 0.539128

-0.907532 0.539129
-0.907376 0.539246

-0.907377 0.539246
-0.907227 0.539358

-0.907227 0.539359
-0.906972 0.539551

-0.906971 0.539551
-0.906921 0.539588

-0.906921 0.539588
-0.906616 0.539819

-0.906616 0.539819
-0.906566 0.539856

-0.906567 0.539856
-0.906311 0.540049

-0.906311 0.540049
-0.906161 0.540161

-0.906162 0.540161
-0.906006 0.540278

-0.906006 0.540279
-0.905757 0.540466

-0.905756 0.540466
-0.905701 0.540508

-0.905701 0.540509
-0.905396 0.540739

-0.905396 0.540739
-0.905352 0.540771

-0.905352 0.540771
-0.90509 0.540969

-0.90509 0.540969
-0.904946 0.541077

-0.904947 0.541077
-0.904785 0.541198

-0.904785 0.541199
-0.904542 0.541382

-0.904541 0.541382
-0.90448 0.541428

-0.90448 0.541428
-0.904175 0.541658

-0.904175 0.541658
-0.904136 0.541687

-0.904137 0.541687
-0.90387 0.541888

-0.90387 0.541889
-0.903731 0.541992

-0.903732 0.541992
-0.903564 0.542118

-0.903564 0.542118
-0.903326 0.542297

-0.903326 0.542297
-0.903259 0.542347

-0.903259 0.542348
-0.902954 0.542578

-0.902954 0.542578
-0.902921 0.542603

-0.902921 0.542603
-0.902649 0.542807

-0.902649 0.542808
-0.902515 0.542908

-0.902516 0.542908
-0.902344 0.543037

-0.902344 0.543037
-0.902111 0.543213

-0.90211 0.543213
-0.902039 0.543266

-0.902039 0.543267
-0.901733 0.543497

-0.901733 0.543497
-0.901705 0.543518

-0.901705 0.543518
-0.901428 0.543726

-0.901428 0.543727
-0.901298 0.543823

-0.9013 0.543823
-0.901123 0.543956

-0.901123 0.543956
-0.900894 0.544128

-0.900894 0.544128
-0.900818 0.544185

-0.900818 0.544186
-0.900513 0.544415

-0.900513 0.544415
-0.900488 0.544434

-0.900488 0.544434
-0.900208 0.544645

-0.900208 0.544646
-0.900082 0.544739

-0.900083 0.544739
-0.899902 0.544875

-0.899902 0.544875
-0.899677 0.545044

-0.899677 0.545044
-0.899597 0.545103

-0.899597 0.545104
-0.899292 0.545334

-0.899292 0.545334
-0.899271 0.545349

-0.899272 0.545349
-0.898987 0.545563

-0.898987 0.545564
-0.898864 0.545654

-0.898866 0.545654
-0.898682 0.545793

-0.898682 0.545793
-0.89846 0.545959

-0.89846 0.545959
-0.898376 0.546021

-0.898376 0.546022
-0.898071 0.546252

-0.898071 0.546252
-0.898054 0.546265

-0.898054 0.546265
-0.897766 0.546481

-0.897766 0.546482
-0.897647 0.54657

-0.897648 0.54657
-0.897461 0.546711

-0.897461 0.546711
-0.897243 0.546875

-0.897242 0.546875
-0.897156 0.546939

-0.897156 0.54694
-0.896851 0.547169

-0.896851 0.547169
-0.896836 0.54718

-0.896836 0.54718
-0.896545 0.547399

-0.896545 0.5474
-0.896429 0.547485

-0.89643 0.547485
-0.89624 0.547628

-0.89624 0.547628
-0.896024 0.547791

-0.896024 0.547791
-0.895935 0.547856

-0.895935 0.547857
-0.89563 0.548087

-0.89563 0.548087
-0.895618 0.548096

-0.895618 0.548096
-0.895325 0.548316

-0.895325 0.548317
-0.895211 0.548401

-0.895212 0.548401
-0.89502 0.548545

-0.89502 0.548546
-0.894806 0.548706

-0.894806 0.548706
-0.894714 0.548774

-0.894714 0.548775
-0.894409 0.549004

-0.894409 0.549004
-0.894399 0.549011

-0.894399 0.549011
-0.894104 0.549233

-0.894104 0.549234
-0.893992 0.549316

-0.893993 0.549316
-0.893799 0.549462

-0.893799 0.549462
-0.893587 0.549622

-0.893587 0.549622
-0.893494 0.54969

-0.893494 0.549691
-0.893188 0.549921

-0.893188 0.549921
-0.89318 0.549927

-0.89318 0.549927
-0.892883 0.55015

-0.892883 0.550151
-0.892773 0.550232

-0.892774 0.550232
-0.892578 0.550379

-0.892578 0.550379
-0.892368 0.550537

-0.892368 0.550537
-0.892273 0.550607

-0.892273 0.550608
-0.891968 0.550837

-0.891968 0.550837
-0.891961 0.550842

-0.891961 0.550842
-0.891663 0.551066

-0.891663 0.551067
-0.891553 0.551147

-0.891554 0.551147
-0.891357 0.551295

-0.891357 0.551295
-0.891148 0.551453

-0.891148 0.551453
-0.891052 0.551523

-0.891052 0.551524
-0.890747 0.551753

-0.890747 0.551753
-0.890741 0.551758

-0.890741 0.551758
-0.890442 0.551982

-0.890442 0.551983
-0.890333 0.552063

-0.890334 0.552063
-0.890137 0.552211

-0.890137 0.552211
-0.889928 0.552368

-0.889928 0.552368
-0.889832 0.552439

-0.889832 0.55244
-0.889526 0.552669

-0.889526 0.552669
-0.889521 0.552673

-0.889521 0.552673
-0.889221 0.552898

-0.889221 0.552899
-0.889112 0.552979

-0.889114 0.552979
-0.888916 0.553127

-0.888916 0.553127
-0.888707 0.553284

-0.888707 0.553284
-0.888611 0.553355

-0.888611 0.553356
-0.888306 0.553584

-0.888306 0.553584
-0.8883 0.553589

-0.8883 0.553589
-0.888 0.553813

-0.888 0.553814
-0.887891 0.553894

-0.887893 0.553894
-0.887695 0.554042

-0.887695 0.554042
-0.887486 0.554199

-0.887486 0.554199
-0.88739 0.55427

-0.88739 0.554271
-0.887085 0.5545

-0.887085 0.5545
-0.887079 0.554504

-0.887079 0.554504
-0.88678 0.554728

-0.88678 0.554729
-0.88667 0.55481

-0.886671 0.55481
-0.886475 0.554957

-0.886475 0.554957
-0.886264 0.555115

-0.886265 0.555115
-0.886169 0.555185

-0.886169 0.555186
-0.885864 0.555414

-0.885864 0.555414
-0.885857 0.55542

-0.885857 0.55542
-0.885559 0.555643

-0.885559 0.555644
-0.885448 0.555725

-0.88545 0.555725
-0.885254 0.555872

-0.885254 0.555872
-0.885042 0.55603

-0.885043 0.55603
-0.884949 0.556099

-0.884949 0.5561
-0.884644 0.556329

-0.884644 0.556329
-0.884635 0.556335

-0.884635 0.556335
-0.884338 0.556557

-0.884338 0.556558
-0.884226 0.556641

-0.884227 0.556641
-0.884033 0.556786

-0.884033 0.556786
-0.88382 0.556946

-0.88382 0.556946
-0.883728 0.557014

-0.883728 0.557015
-0.883423 0.557243

-0.883423 0.557243
-0.883412 0.557251

-0.883412 0.557251
-0.883118 0.557472

-0.883118 0.557472
-0.883003 0.557556

-0.883005 0.557556
-0.882812 0.5577

-0.882812 0.5577
-0.882597 0.557861

-0.882597 0.557861
-0.882507 0.557927

-0.882507 0.557928
-0.882202 0.558157

-0.882202 0.558157
-0.882189 0.558167

-0.882189 0.558167
-0.881897 0.558385

-0.881897 0.558386
-0.88178 0.558472

-0.881782 0.558472
-0.881592 0.558614

-0.881592 0.558614
-0.881374 0.558777

-0.881374 0.558777
-0.881287 0.558841

-0.881287 0.558842
-0.880981 0.55907

-0.880981 0.55907
-0.880966 0.559082

-0.880966 0.559082
-0.880676 0.559299

-0.880676 0.559299
-0.880557 0.559387

-0.880558 0.559387
-0.880371 0.559527

-0.880371 0.559527
-0.88015 0.559692

-0.88015 0.559692
-0.880066 0.559754

-0.880066 0.559755
-0.879761 0.559984

-0.879761 0.559984
-0.879742 0.559998

-0.879742 0.559998
-0.879456 0.560212

-0.879456 0.560213
-0.879333 0.560303

-0.879334 0.560303
-0.87915 0.56044

-0.87915 0.56044
-0.878926 0.560608

-0.878926 0.560608
-0.878845 0.560667

-0.878845 0.560668
-0.87854 0.560896

-0.87854 0.560897
-0.878518 0.560913

-0.878518 0.560913
-0.878235 0.561125

-0.878235 0.561125
-0.878109 0.561218

-0.87811 0.561218
-0.87793 0.561353

-0.87793 0.561353
-0.877702 0.561523

-0.877701 0.561523
-0.877625 0.56158

-0.877625 0.561581
-0.877319 0.561809

-0.877319 0.561809
-0.877293 0.561829

-0.877293 0.561829
-0.877014 0.562037

-0.877014 0.562038
-0.876884 0.562134

-0.876885 0.562134
-0.876709 0.562265

-0.876709 0.562265
-0.876477 0.562439

-0.876476 0.562439
-0.876404 0.562492

-0.876404 0.562493
-0.876099 0.562721

-0.876099 0.562721
-0.876068 0.562744

-0.876068 0.562744
-0.875793 0.562949

-0.875793 0.56295
-0.875659 0.563049

-0.87566 0.563049
-0.875488 0.563177

-0.875488 0.563177
-0.875251 0.563354

-0.875251 0.563354
-0.875183 0.563404

-0.875183 0.563405
-0.874878 0.563633

-0.874878 0.563633
-0.874842 0.56366

-0.874842 0.56366
-0.874573 0.563861

-0.874573 0.563862
-0.874433 0.563965

-0.874434 0.563965
-0.874268 0.564089

-0.874268 0.564089
-0.874025 0.56427

-0.874025 0.56427
-0.873962 0.564316

-0.873962 0.564317
-0.873657 0.564545

-0.873657 0.564545
-0.873616 0.564575

-0.873616 0.564575
-0.873352 0.564773

-0.873352 0.564773
-0.873207 0.56488

-0.873208 0.56488
-0.873047 0.565

-0.873047 0.565001
-0.872799 0.565186

-0.872798 0.565186
-0.872742 0.565227

-0.872742 0.565228
-0.872437 0.565456

-0.872437 0.565456
-0.87239 0.565491

-0.87239 0.565491
-0.872131 0.565684

-0.872131 0.565684
-0.871981 0.565796

-0.871982 0.565796
-0.871826 0.565911

-0.871826 0.565912
-0.871572 0.566101

-0.871572 0.566101
-0.871521 0.566138

-0.871521 0.566139
-0.871216 0.566367

-0.871216 0.566367
-0.871163 0.566406

-0.871163 0.566406
-0.870911 0.566595

-0.870911 0.566595
-0.870754 0.566711

-0.870755 0.566711
-0.870605 0.566822

-0.870605 0.566822
-0.870345 0.567017

-0.870345 0.567017
-0.8703 0.567049

-0.8703 0.56705
-0.869995 0.567278

-0.869995 0.567278
-0.869936 0.567322

-0.869936 0.567322
-0.86969 0.567505

-0.86969 0.567506
-0.869526 0.567627

-0.869528 0.567627
-0.869385 0.567732

-0.869385 0.567733
-0.869118 0.567932

-0.869117 0.567932
-0.86908 0.56796

-0.86908 0.56796
-0.868774 0.568188

-0.868774 0.568188
-0.868708 0.568237

-0.868708 0.568237
-0.868469 0.568416

-0.868469 0.568416
-0.868299 0.568542

-0.8683 0.568542
-0.868164 0.568643

-0.868164 0.568643
-0.86789 0.568848

-0.867889 0.568848
-0.867859 0.56887

-0.867859 0.568871
-0.867554 0.569098

-0.867554 0.569099
-0.86748 0.569153

-0.86748 0.569153
-0.867249 0.569326

-0.867249 0.569326
-0.867071 0.569458

-0.867072 0.569458
-0.866943 0.569552

-0.866943 0.569553
-0.866662 0.569763

-0.866661 0.569763
-0.866638 0.56978

-0.866638 0.569781
-0.866333 0.570008

-0.866333 0.570008
-0.866251 0.570068

-0.866252 0.570068
-0.866028 0.570235

-0.866028 0.570236
-0.865842 0.570374

-0.865843 0.570374
-0.865723 0.570462

-0.865723 0.570463
-0.865433 0.570679

-0.865432 0.570679
-0.865417 0.57069

-0.865417 0.57069
-0.865112 0.570918

-0.865112 0.570918
-0.865022 0.570984

-0.865023 0.570984
-0.864807 0.571145

-0.864807 0.571145
-0.864614 0.571289

-0.864614 0.571289
-0.864502 0.571371

-0.864502 0.571372
-0.864204 0.571594

-0.864203 0.571594
-0.864197 0.571599

-0.864197 0.5716
-0.863892 0.571827

-0.863892 0.571827
-0.863793 0.571899

-0.863794 0.571899
-0.863586 0.572054

-0.863586 0.572054
-0.863385 0.572205

-0.863385 0.572205
-0.863281 0.57228

-0.863281 0.572281
-0.862976 0.572509

-0.862976 0.572509
-0.862975 0.57251

-0.862975 0.57251
-0.862671 0.572736

-0.862671 0.572737
-0.862563 0.572815

-0.862565 0.572815
-0.862366 0.572963

-0.862366 0.572963
-0.862155 0.57312

-0.862155 0.57312
-0.862061 0.573189

-0.862061 0.57319
-0.861755 0.573417

-0.861755 0.573417
-0.861745 0.573425

-0.861745 0.573425
-0.86145 0.573645

-0.86145 0.573645
-0.861334 0.57373

-0.861335 0.57373
-0.861145 0.573872

-0.861145 0.573872
-0.860925 0.574036

-0.860925 0.574036
-0.86084 0.574098

-0.86084 0.574099
-0.860535 0.574326

-0.860535 0.574326
-0.860515 0.574341

-0.860515 0.574341
-0.860229 0.574553

-0.860229 0.574554
-0.860104 0.574646

-0.860105 0.574646
-0.859924 0.57478

-0.859924 0.57478
-0.859695 0.574951

-0.859695 0.574951
-0.859619 0.575006

-0.859619 0.575007
-0.859314 0.575234

-0.859314 0.575234
-0.859284 0.575256

-0.859284 0.575256
-0.859009 0.575461

-0.859009 0.575462
-0.858873 0.575562

-0.858875 0.575562
-0.858704 0.575688

-0.858704 0.575689
-0.858464 0.575867

-0.858464 0.575867
-0.858398 0.575915

-0.858398 0.575915
-0.858093 0.576142

-0.858093 0.576143
-0.858053 0.576172

-0.858054 0.576172
-0.857788 0.576369

-0.857788 0.57637
-0.857643 0.576477

-0.857644 0.576477
-0.857483 0.576596

-0.857483 0.576597
-0.857233 0.576782

-0.857233 0.576782
-0.857178 0.576823

-0.857178 0.576823
-0.856873 0.57705

-0.856873 0.577051
-0.856822 0.577087

-0.856823 0.577087
-0.856567 0.577277

-0.856567 0.577278
-0.856412 0.577393

-0.856413 0.577393
-0.856262 0.577504

-0.856262 0.577504
-0.856002 0.577698

-0.856001 0.577698
-0.855957 0.57773

-0.855957 0.577731
-0.855652 0.577958

-0.855652 0.577958
-0.855591 0.578003

-0.855591 0.578003
-0.855347 0.578185

-0.855347 0.578185
-0.855181 0.578308

-0.855182 0.578308
-0.855042 0.578411

-0.855042 0.578412
-0.85477 0.578613

-0.85477 0.578613
-0.854736 0.578638

-0.854736 0.578639
-0.854431 0.578865

-0.854431 0.578866
-0.854359 0.578918

-0.85436 0.578918
-0.854126 0.579092

-0.854126 0.579092
-0.853949 0.579224

-0.85395 0.579224
-0.853821 0.579318

-0.853821 0.579319
-0.853538 0.579529

-0.853538 0.579529
-0.853516 0.579545

-0.853516 0.579546
-0.85321 0.579773

-0.85321 0.579773
-0.853127 0.579834

-0.853128 0.579834
-0.852905 0.579999

-0.852905 0.579999
-0.852717 0.580139

-0.852718 0.580139
-0.8526 0.580225

-0.8526 0.580226
-0.852306 0.580444

-0.852306 0.580444
-0.852295 0.580452

-0.852295 0.580453
-0.85199 0.580679

-0.85199 0.58068
-0.851894 0.58075

-0.851895 0.58075
-0.851685 0.580906

-0.851685 0.580906
-0.851485 0.581055

-0.851485 0.581055
-0.851379 0.581132

-0.851379 0.581133
-0.851074 0.581359

-0.851074 0.581359
-0.851074 0.58136

-0.851074 0.58136
-0.850769 0.581586

-0.850769 0.581587
-0.850661 0.581665

-0.850663 0.581665
-0.850464 0.581813

-0.850464 0.581813
-0.850252 0.58197

-0.850252 0.58197
-0.850159 0.582038

-0.850159 0.582039
-0.849854 0.582266

-0.849854 0.582266
-0.849841 0.582275

-0.849841 0.582275
-0.849548 0.582493

-0.849548 0.582493
-0.849429 0.582581

-0.84943 0.582581
-0.849243 0.582719

-0.849243 0.582719
-0.849019 0.582886

-0.849019 0.582886
-0.848938 0.582945

-0.848938 0.582946
-0.848633 0.583172

-0.848633 0.583172
-0.848608 0.583191

-0.848608 0.583191
-0.848328 0.583399

-0.848328 0.583399
-0.848196 0.583496

-0.848197 0.583496
-0.848022 0.583625

-0.848022 0.583625
-0.847786 0.583801

-0.847785 0.583801
-0.847717 0.583851

-0.847717 0.583852
-0.847412 0.584078

-0.847412 0.584078
-0.847374 0.584106

-0.847374 0.584106
-0.847107 0.584305

-0.847107 0.584305
-0.846962 0.584412

-0.846963 0.584412
-0.846802 0.584531

-0.846802 0.584531
-0.846552 0.584717

-0.846551 0.584717
-0.846497 0.584757

-0.846497 0.584758
-0.846191 0.584984

-0.846191 0.584984
-0.84614 0.585022

-0.84614 0.585022
-0.845886 0.585211

-0.845886 0.585211
-0.845729 0.585327

-0.84573 0.585327
-0.845581 0.585437

-0.845581 0.585437
-0.845318 0.585632

-0.845317 0.585632
-0.845276 0.585663

-0.845276 0.585663
-0.844971 0.58589

-0.844971 0.58589
-0.844906 0.585938

-0.844906 0.585938
-0.844666 0.586116

-0.844666 0.586116
-0.844495 0.586243

-0.844496 0.586243
-0.84436 0.586342

-0.84436 0.586342
-0.844083 0.586548

-0.844083 0.586548
-0.844055 0.586568

-0.844055 0.586569
-0.84375 0.586795

-0.84375 0.586796
-0.843671 0.586853

-0.843672 0.586853
-0.843445 0.587021

-0.843445 0.587022
-0.84326 0.587158

-0.843261 0.587158
-0.84314 0.587247

-0.84314 0.587248
-0.842849 0.587463

-0.842848 0.587463
-0.842834 0.587474

-0.842834 0.587474
-0.842529 0.5877

-0.842529 0.587701
-0.842436 0.587769

-0.842437 0.587769
-0.842224 0.587927

-0.842224 0.587927
-0.842026 0.588074

-0.842026 0.588074
-0.841919 0.588152

-0.841919 0.588153
-0.841614 0.588379

-0.841614 0.588379
-0.841309 0.588605

-0.841309 0.588606
-0.841201 0.588684

-0.841202 0.588684
-0.841003 0.588832

-0.841003 0.588832
-0.840791 0.588989

-0.840791 0.588989
-0.840698 0.589057

-0.840698 0.589058
-0.840393 0.589284

-0.840393 0.589284
-0.840379 0.589294

-0.840379 0.589294
-0.840088 0.58951

-0.840088 0.589511
-0.839966 0.5896

-0.839967 0.5896
-0.839783 0.589736

-0.839783 0.589736
-0.839555 0.589905

-0.839555 0.589905
-0.839478 0.589961

-0.839478 0.589962
-0.839172 0.590188

-0.839172 0.590189
-0.839143 0.59021

-0.839143 0.59021
-0.838867 0.590415

-0.838867 0.590415
-0.838731 0.590515

-0.838732 0.590515
-0.838562 0.590641

-0.838562 0.590641
-0.83832 0.59082

-0.838319 0.59082
-0.838257 0.590866

-0.838257 0.590867
-0.837952 0.591093

-0.837952 0.591093
-0.837907 0.591125

-0.837908 0.591125
-0.837646 0.591319

-0.837646 0.591319
-0.837495 0.591431

-0.837496 0.591431
-0.837341 0.591545

-0.837341 0.591545
-0.837084 0.591736

-0.837083 0.591736
-0.837036 0.59177

-0.837036 0.591771
-0.836731 0.591997

-0.836731 0.591997
-0.836671 0.592041

-0.836672 0.592041
-0.836426 0.592223

-0.836426 0.592223
-0.836259 0.592346

-0.83626 0.592346
-0.836121 0.592449

-0.836121 0.592449
-0.835848 0.592651

-0.835847 0.592651
-0.835815 0.592675

-0.835815 0.592675
-0.83551 0.592901

-0.83551 0.592902
-0.835435 0.592957

-0.835436 0.592957
-0.835205 0.593127

-0.835205 0.593127
-0.835023 0.593262

-0.835024 0.593262
-0.8349 0.593352

-0.8349 0.593353
-0.834611 0.593567

-0.834611 0.593567
-0.834595 0.593579

-0.834595 0.593579
-0.83429 0.593805

-0.83429 0.593806
-0.834198 0.593872

-0.834199 0.593872
-0.833984 0.594031

-0.833984 0.594031
-0.833787 0.594177

-0.833788 0.594177
-0.833679 0.594256

-0.833679 0.594257
-0.833375 0.594482

-0.833375 0.594482
-0.833374 0.594483

-0.833374 0.594483
-0.833069 0.594709

-0.833069 0.59471
-0.832961 0.594788

-0.832962 0.594788
-0.832764 0.594935

-0.832764 0.594935
-0.83255 0.595093

-0.83255 0.595093
-0.832458 0.595159

-0.832458 0.595161
-0.832153 0.595386

-0.832153 0.595387
-0.832138 0.595398

-0.832138 0.595398
-0.831848 0.595612

-0.831848 0.595613
-0.831724 0.595703

-0.831726 0.595703
-0.831543 0.595838

-0.831543 0.595838
-0.831313 0.596008

-0.831313 0.596008
-0.831238 0.596063

-0.831238 0.596064
-0.830933 0.59629

-0.830933 0.59629
-0.8309 0.596313

-0.830901 0.596313
-0.830627 0.596516

-0.830627 0.596516
-0.830487 0.596619

-0.830489 0.596619
-0.830322 0.596741

-0.830322 0.596742
-0.830076 0.596924

-0.830075 0.596924
-0.830017 0.596966

-0.830017 0.596967
-0.829712 0.597193

-0.829712 0.597193
-0.829663 0.597229

-0.829663 0.597229
-0.829407 0.597419

-0.829407 0.597419
-0.82925 0.597534

-0.829251 0.597534
-0.829102 0.597644

-0.829102 0.597645
-0.828838 0.597839

-0.828838 0.597839
-0.828796 0.59787

-0.828796 0.59787
-0.828491 0.598096

-0.828491 0.598096
-0.828425 0.598145

-0.828426 0.598145
-0.828186 0.598322

-0.828186 0.598322
-0.828013 0.59845

-0.828014 0.59845
-0.827881 0.598547

-0.827881 0.598548
-0.827601 0.598755

-0.8276 0.598755
-0.827576 0.598773

-0.827576 0.598773
-0.827271 0.598999

-0.827271 0.598999
-0.827187 0.59906

-0.827188 0.59906
-0.826965 0.599225

-0.826965 0.599225
-0.826775 0.599365

-0.826776 0.599365
-0.82666 0.599449

-0.82666 0.59945
-0.826363 0.59967

-0.826362 0.59967
-0.826355 0.599676

-0.826355 0.599676
-0.82605 0.599902

-0.82605 0.599902
-0.825949 0.599976

