-1.64391 0.0
-1.6439 0.000610352

-1.6439 0.000610352
-1.64386 0.0012207

-1.64386 0.0012207
-1.6438 0.00183105

-1.6438 0.00183105
-1.64371 0.00244141

-1.64371 0.00244141
-1.6436 0.00305176

-1.6436 0.00305176
-1.64346 0.00366211

-1.64346 0.00366211
-1.64331 0.00423587

-1.64331 0.00423846
-1.6433 0.00427246

-1.6433 0.00427246
-1.64311 0.00488281

-1.64311 0.00488281
-1.64289 0.00549316

-1.64289 0.00549316
-1.6427 0.00594069

-1.6427 0.00594362
-1.64263 0.00610352

-1.64263 0.00610352
-1.64234 0.00671387

-1.64235 0.00671387
-1.64209 0.00719307

-1.64209 0.00719651
-1.64202 0.00732422

-1.64202 0.00732422
-1.64166 0.00793457

-1.64165 0.00793457
-1.64148 0.00819708

-1.64148 0.00819781
-1.64125 0.00854492

-1.64125 0.00854492
-1.64087 0.00904125

-1.64087 0.00904518
-1.64078 0.00915527

-1.64079 0.00915527
-1.64026 0.00976562

-1.64026 0.00976562
-1.64026 0.00977094

-1.64026 0.00977168
-1.63967 0.010376

-1.63967 0.010376
-1.63965 0.0103968

-1.63965 0.0103969
-1.63904 0.0109484

-1.63904 0.01094
-1.63898 0.0109863

-1.63899 0.0109863
-1.63843 0.0114306

-1.63843 0.011426
-1.63818 0.0115967

-1.63819 0.0115967
-1.63782 0.0118547

-1.63782 0.0118521
-1.63724 0.012207

-1.63724 0.012207
-1.63721 0.0122264

-1.63721 0.0122263
-1.6366 0.0125552

-1.6366 0.012554
-1.63604 0.0128174

-1.63604 0.0128174
-1.63599 0.0128407

-1.63599 0.0128401
-1.63538 0.0130881

-1.63538 0.0130874
-1.63477 0.0132993

-1.63477 0.0132989
-1.63432 0.0134277

-1.63433 0.0134277
-1.63416 0.0134776

-1.63416 0.0134762
-1.63354 0.0136218

-1.63354 0.0136215
-1.63293 0.013737

-1.63293 0.0137369
-1.63232 0.0138234

-1.63232 0.0138231
-1.63171 0.013881

-1.63171 0.0138808
-1.6311 0.0139109

-1.6311 0.0139108
-1.63049 0.0139138

-1.63049 0.0139137
-1.62988 0.0138901

-1.62988 0.0138901
-1.62927 0.0138403

-1.62927 0.0138403
-1.62866 0.0137642

-1.62866 0.0137643
-1.62805 0.0136618

-1.62805 0.0136619
-1.62744 0.0135327

-1.62683 0.0133787
-1.62702 0.0134277

-1.62683 0.0133767
-1.62622 0.013192

-1.62744 0.0135318
-1.62704 0.0134277

-1.62622 0.0131923
-1.62561 0.0129783

-1.625 0.0127355
-1.6252 0.0128174

-1.62561 0.0129782
-1.62521 0.0128174

-1.62012 0.00916941
-1.62065 0.00976562

-1.61768 0.00383991
-1.61777 0.00427246

-1.61777 0.00427246
-1.61792 0.00488281

-1.61731 0.0
-1.61732 0.000610352

-1.61732 0.000610352
-1.61735 0.0012207

-1.61735 0.0012207
-1.61739 0.00183105

-1.61739 0.00183105
-1.61745 0.00244141

-1.61745 0.00244141
-1.61754 0.00305176

-1.61754 0.00305176
-1.61764 0.00366211

-1.61768 0.00383981
-1.61764 0.00366211

-1.61829 0.00599912
-1.61832 0.00610352

-1.61792 0.00488281
-1.61811 0.00549316

-1.61829 0.00599954
-1.6181 0.00549316

-1.61832 0.00610352
-1.61858 0.00671387

-1.61858 0.00671387
-1.61888 0.00732422

-1.61951 0.00834676
-1.61964 0.00854492

-1.6189 0.00735122
-1.61923 0.00793457

-1.61951 0.00834843
-1.61923 0.00793457

-1.61964 0.00854492
-1.62011 0.00915527

-1.62012 0.00916673
-1.62011 0.00915527

-1.6189 0.00735617
-1.61888 0.00732422

-1.62378 0.0121436
-1.6239 0.012207

-1.62378 0.0121428
-1.62317 0.0117883

-1.62256 0.0113925
-1.62287 0.0115967

-1.62317 0.0117881
-1.62288 0.0115967

-1.625 0.012734
-1.62439 0.0124555

-1.62439 0.0124564
-1.62391 0.012207

-1.62195 0.0109423
-1.62201 0.0109863

-1.62195 0.0109431
-1.62134 0.0104306

-1.62256 0.0113919
-1.62201 0.0109863

-1.62073 0.00984772
-1.62128 0.010376

-1.62134 0.0104292
-1.62128 0.010376

-1.62073 0.00984476
-1.62065 0.00976562

-1.61194 0.0
-1.61158 0.000610352

-1.61157 0.0003436
-1.61096 0.000607629

-1.61096 0.000373826
-1.61035 0.00043738

-1.61035 0.000466092
-1.60975 0.000610352

-1.60975 0.000610352
-1.60974 0.000610861

-1.60974 0.000543624
-1.60913 0.000559192

-1.60913 0.000551375
-1.60852 0.000557735

-1.60852 0.000545015
-1.60791 0.00057052

-1.60791 0.00056288
-1.6073 0.000597241

-1.6073 0.000585168
-1.60669 0.000599089

-1.60669 0.00058926
-1.60608 0.000598701

-1.60609 0.000610352
-1.60608 0.000610506

-1.60608 0.00058219
-1.60558 0.000610352

-1.60587 0.000610352
-1.60547 0.000627462

-1.60547 0.000634281
-1.60486 0.000657738

-1.60486 0.000645927
-1.60425 0.000656669

-1.60425 0.000659245
-1.60364 0.000675744

-1.60364 0.000676147
-1.60303 0.000692445

-1.60303 0.000692513
-1.60242 0.000707668

-1.60242 0.000707563
-1.60181 0.000721652

-1.60181 0.0007215
-1.6012 0.000735038

-1.6012 0.000734895
-1.60059 0.000748472

-1.60059 0.000748351
-1.59998 0.000762493

-1.59998 0.00076239
-1.59937 0.000777544

-1.59937 0.000777454
-1.59875 0.000794004

-1.59875 0.000793925
-1.59814 0.000812209

-1.59814 0.000812143
-1.59753 0.000832456

-1.59753 0.000832411
-1.59692 0.000854975

-1.59692 0.000854968
-1.59631 0.000879887

-1.59631 0.000879923
-1.5957 0.00090714

-1.5957 0.000907252
-1.59509 0.000936473

-1.59509 0.000936641
-1.59448 0.000967306

-1.59448 0.000967532
-1.59387 0.000998855

-1.59387 0.000999112
-1.59326 0.00103013

-1.59326 0.00103037
-1.59265 0.00106007

-1.59265 0.00106026
-1.59204 0.00108775

-1.59204 0.00108784
-1.59143 0.00111257

-1.59143 0.00111253
-1.59082 0.00113439

-1.59082 0.0011342
-1.59021 0.00115367

-1.59021 0.00115332
-1.5896 0.00117148

-1.5896 0.00117103
-1.58899 0.00118949

-1.58899 0.00118881
-1.58838 0.00120984

-1.58838 0.00120938
-1.58808 0.0012207

-1.58814 0.0012207
-1.58777 0.00123497

-1.58777 0.00123331
-1.58716 0.00125864

-1.58716 0.00125809
-1.58655 0.00128786

-1.58655 0.00128789
-1.58594 0.00132314

-1.58594 0.00132346
-1.58533 0.0013635

-1.58533 0.00136413
-1.58472 0.00140703

-1.58472 0.00140797
-1.58411 0.0014506

-1.58411 0.00145178
-1.5835 0.00148988

-1.5835 0.00149117
-1.58289 0.00151983

-1.58289 0.00152108
-1.58228 0.00153519

-1.58228 0.00153627
-1.58167 0.00153119

-1.58167 0.00153197
-1.58105 0.00150396

-1.58105 0.00150435
-1.58044 0.00145107

-1.58044 0.00145146
-1.57983 0.00137133

-1.57922 0.00119599
-1.57936 0.0012207

-1.57861 0.00110032
-1.57914 0.0012207

-1.57983 0.00137655
-1.57922 0.00126373

-1.57922 0.0012895
-1.57892 0.0012207

-1.57861 0.00110992
-1.578 0.000966557

-1.578 0.000963329
-1.57739 0.000834715

-1.57739 0.000833191
-1.57678 0.000728829

-1.57678 0.000727163
-1.57617 0.000653432

-1.57617 0.000652404
-1.57556 0.000614691

-1.57495 0.000608428
-1.57505 0.000610352

-1.57556 0.000620611
-1.575 0.000610352

-1.57434 0.000609049
-1.5745 0.000610352

-1.57495 0.000612917
-1.57453 0.000610352

-1.57434 0.000607466
-1.57373 0.000607288

-1.57351 0.000610352
-1.57312 0.00061096

-1.57312 0.000610158
-1.57251 0.000608437

-1.57312 0.000610421
-1.57307 0.000610352

-1.57251 0.000608439
-1.5719 0.000608976

-1.57223 0.000610352
-1.5719 0.0006105

-1.5719 0.000608764
-1.57149 0.000610352

-1.57142 0.000610352
-1.57129 0.00061069

-1.57129 0.00061044
-1.57068 0.000613211

-1.57068 0.000609962
-1.57065 0.000610352

-1.57068 0.000610424
-1.57007 0.000620385

-1.57007 0.000620771
-1.56946 0.000642723

-1.56946 0.000645861
-1.56885 0.000672743

-1.56885 0.000673754
-1.56824 0.000697269

-1.56824 0.000697399
-1.56763 0.000715266

-1.56763 0.000715215
-1.56702 0.000727277

-1.56702 0.000727162
-1.56641 0.000733753

-1.56641 0.000733569
-1.5658 0.000735286

-1.5658 0.000735034
-1.56519 0.000732749

-1.56519 0.000732456
-1.56458 0.000727259

-1.56458 0.000726963
-1.56396 0.00072003

-1.56396 0.00071977
-1.56335 0.000712212

-1.56335 0.000712012
-1.56274 0.000704753

-1.56274 0.000704621
-1.56213 0.000698325

-1.56213 0.000698259
-1.56152 0.00069332

-1.56152 0.000693307
-1.56091 0.000689883

-1.56091 0.000689909
-1.5603 0.000687973

-1.5603 0.000688024
-1.55969 0.000687424

-1.55969 0.000687489
-1.55908 0.00068799

-1.55908 0.000688063
-1.55847 0.000689388

-1.55847 0.000689463
-1.55786 0.000691317

-1.55786 0.000691389
-1.55725 0.000693479

-1.55725 0.000693545
-1.55664 0.000695595

-1.55664 0.000695649
-1.55603 0.000697422

-1.55603 0.00069746
-1.55542 0.000698768

-1.55542 0.00069879
-1.55481 0.000699511

-1.55481 0.000699519
-1.5542 0.000699593

-1.5542 0.000699594
-1.55359 0.000699005

-1.55359 0.000699009
-1.55298 0.00069775

-1.55298 0.000697769
-1.55237 0.000695794

-1.55237 0.000695836
-1.55176 0.000693022

-1.55176 0.000693084
-1.55115 0.000689224

-1.55115 0.000689282
-1.55054 0.000684137

-1.55054 0.000684146
-1.54993 0.00067758

-1.54993 0.000677466
-1.54932 0.000669692

-1.54932 0.000669353
-1.54871 0.00066128

-1.54871 0.000660589
-1.5481 0.000654278

-1.5481 0.000653105
-1.54749 0.000652284

-1.54749 0.000650542
-1.54688 0.00066104

-1.54688 0.000658812
-1.54626 0.00068857

-1.54626 0.000686356
-1.54565 0.000744257

-1.54565 0.000743441
-1.54504 0.000835545

-1.54504 0.000838406
-1.54443 0.000960626

-1.54443 0.000967367
-1.54382 0.0011005

-1.54382 0.00111122
-1.54321 0.00122034

-1.5432 0.0012207
-1.5426 0.00128447

-1.5426 0.00128639
-1.54199 0.00130359

-1.54077 0.00117487
-1.54108 0.0012207

-1.54199 0.00130448
-1.54138 0.00126864

-1.54138 0.00127145
-1.54104 0.0012207

-1.54077 0.00117105
-1.54016 0.00103696

-1.54016 0.00103697
-1.53955 0.000873279

-1.53955 0.0008665
-1.53894 0.000686753

-1.53833 0.000523208
-1.53875 0.000610352

-1.53894 0.000666976
-1.53861 0.000610352

-1.53833 0.00057022
-1.53772 0.000563783

-1.53772 0.000582506
-1.53711 0.000580582

-1.53711 0.000568259
-1.5365 0.000561895

-1.5365 0.000575977
-1.53589 0.000574383

-1.53589 0.000563538
-1.53528 0.000563427

-1.53467 0.000473704
-1.53498 0.000610352

-1.53528 0.000617691
-1.53524 0.000610352

-1.53415 0.0
-1.53459 0.000610352

-1.52985 0.0
-1.52979 0.000151365

-1.52979 0.000212481
-1.52942 0.000610352

-1.52918 0.000610352
-1.52917 0.000614302

-1.52917 0.000538587
-1.52856 0.00060742

-1.52859 0.000610352
-1.52856 0.00061196

-1.52856 0.000558416
-1.52795 0.000561046

-1.52804 0.000610352
-1.52795 0.000610611

-1.52734 0.000455314
-1.52762 0.000610352

-1.52795 0.000635484
-1.52786 0.000610352

-1.52691 0.0
-1.52733 0.000610352

-1.52734 0.000612175
-1.52734 0.000610352

-1.5264 0.0
-1.52612 0.000254483

-1.52612 0.000205507
-1.52569 0.000610352

-1.52552 0.000610352
-1.52551 0.00061308

-1.5249 0.000331996
-1.52527 0.000610352

-1.52551 0.000611554
-1.52551 0.000610352

-1.5249 0.000416861
-1.5247 0.0

-1.44922 0.0187952
-1.4493 0.0189209

-1.44952 0.0193267
-1.44963 0.0195312

-1.4493 0.0189209
-1.44947 0.0192261

-1.44952 0.0193271
-1.44947 0.0192261

-1.45044 0.0216483
-1.45044 0.0216675

-1.45044 0.0216675
-1.45052 0.0219727

-1.44983 0.0199431
-1.44992 0.0201416

-1.45013 0.0206856
-1.45016 0.020752

-1.44992 0.0201416
-1.45004 0.0204468

-1.45013 0.0206855
-1.45004 0.0204468

-1.44963 0.0195312
-1.44978 0.0198364

-1.44983 0.0199435
-1.44978 0.0198364

-1.45016 0.020752
-1.45026 0.0210571

-1.45026 0.0210571
-1.45036 0.0213623

-1.45044 0.0216479
-1.45036 0.0213623

-1.45052 0.0219727
-1.45059 0.0222778

-1.45059 0.0222778
-1.45065 0.022583

-1.45074 0.0231845
-1.45075 0.0231934

-1.45065 0.022583
-1.4507 0.0228882

-1.45074 0.0231839
-1.4507 0.0228882

-1.45075 0.0231934
-1.45078 0.0234985

-1.45078 0.0234985
-1.45081 0.0238037

-1.45081 0.0238037
-1.45084 0.0241089

-1.45084 0.0241089
-1.45085 0.0244141

-1.45085 0.0244141
-1.45086 0.0247192

-1.45086 0.0247192
-1.45087 0.0250244

-1.45087 0.0250244
-1.45087 0.0253296

-1.45087 0.0253296
-1.45086 0.0256348

-1.45086 0.0256348
-1.45085 0.0259399

-1.45085 0.0259399
-1.45083 0.0262451

-1.45083 0.0262451
-1.45081 0.0265503

-1.45081 0.0265503
-1.45078 0.0268555

-1.45078 0.0268555
-1.45074 0.027159

-1.45074 0.0271576
-1.45074 0.0271606

-1.45074 0.0271606
-1.45071 0.0274658

-1.45071 0.0274658
-1.45066 0.027771

-1.45066 0.027771
-1.45062 0.0280762

-1.45062 0.0280762
-1.45057 0.0283813

-1.45057 0.0283813
-1.45051 0.0286865

-1.45051 0.0286865
-1.45045 0.0289917

-1.45045 0.0289917
-1.45044 0.0290475

-1.45044 0.0290465
-1.45039 0.0292969

-1.45039 0.0292969
-1.45032 0.0296021

-1.45032 0.0296021
-1.45025 0.0299072

-1.45025 0.0299072
-1.45017 0.0302124

-1.45017 0.0302124
-1.45013 0.0303605

-1.45013 0.0303599
-1.45009 0.0305176

-1.45009 0.0305176
-1.45001 0.0308228

-1.45001 0.0308228
-1.44992 0.0311279

-1.44992 0.0311279
-1.44984 0.0314331

-1.44984 0.0314331
-1.44983 0.0314535

-1.44983 0.0314526
-1.44974 0.0317383

-1.44974 0.0317383
-1.44965 0.0320435

-1.44965 0.0320435
-1.44955 0.0323486

-1.44955 0.0323486
-1.44952 0.0324149

-1.44952 0.0324142
-1.44944 0.0326538

-1.44944 0.0326538
-1.44934 0.032959

-1.44934 0.032959
-1.44923 0.0332642

-1.44923 0.0332642
-1.44922 0.0332914

-1.44495 0.0146243
-1.44498 0.0146484

-1.44495 0.0146229
-1.44464 0.0144306

-1.44434 0.0142459
-1.4445 0.0143433

-1.44464 0.0144298
-1.4445 0.0143433

-1.44769 0.0168365
-1.44793 0.0170898

-1.44739 0.0165314
-1.44764 0.0167847

-1.44769 0.0168369
-1.44764 0.0167847

-1.44708 0.0162454
-1.44733 0.0164795

-1.44678 0.0159766
-1.447 0.0161743

-1.44708 0.0162449
-1.447 0.0161743

-1.44739 0.0165313
-1.44733 0.0164795

-1.44861 0.0179017
-1.44869 0.0180054

-1.44869 0.0180054
-1.4489 0.0183105

-1.4483 0.0175177
-1.44845 0.0177002

-1.448 0.0171644
-1.4482 0.017395

-1.4483 0.0175191
-1.4482 0.017395

-1.44861 0.0179033
-1.44845 0.0177002

-1.44891 0.0183237
-1.44911 0.0186157

-1.44922 0.0187956
-1.44911 0.0186157

-1.44891 0.0183242
-1.4489 0.0183105

-1.448 0.0171647
-1.44793 0.0170898

-1.44647 0.0157232
-1.44665 0.0158691

-1.44617 0.0154823
-1.44627 0.015564

-1.44647 0.0157209
-1.44627 0.015564

-1.44586 0.0152509
-1.44587 0.0152588

-1.44586 0.0152512
-1.44556 0.0150324

-1.44617 0.0154801
-1.44587 0.0152588

-1.44678 0.0159751
-1.44665 0.0158691

-1.44525 0.0148234
-1.44544 0.0149536

-1.44556 0.0150316
-1.44544 0.0149536

-1.44525 0.0148226
-1.44499 0.0146484

-1.44373 0.0138955
-1.44398 0.0140381

-1.44434 0.0142452
-1.44403 0.0140669

-1.44403 0.0140668
-1.44398 0.0140381

-1.44342 0.0137286
-1.44343 0.0137329

-1.44373 0.0138949
-1.44343 0.0137329

-1.44342 0.0137295
-1.44312 0.0135687

-1.44281 0.0134133
-1.44284 0.0134277

-1.44281 0.013413
-1.4425 0.0132618

-1.4422 0.0131151
-1.44222 0.0131226

-1.4425 0.0132612
-1.44222 0.0131226

-1.4422 0.0131153
-1.44189 0.0129727

-1.44312 0.0135679
-1.44284 0.0134277

-1.44006 0.0121916
-1.4401 0.012207

-1.44006 0.0121914
-1.43976 0.0120718

-1.43976 0.0120714
-1.43945 0.0119542

-1.44128 0.0126991
-1.44155 0.0128174

-1.44189 0.0129721
-1.44159 0.0128334

-1.44159 0.0128334
-1.44155 0.0128174

-1.44128 0.0126987
-1.44098 0.0125669

-1.44067 0.0124391
-1.44085 0.0125122

-1.44098 0.0125666
-1.44085 0.0125122

-1.44067 0.0124389
-1.44037 0.0123134

-1.44037 0.0123131
-1.4401 0.012207

-1.43213 0.00969492
-1.4324 0.00976562

-1.43213 0.00969485
-1.43182 0.009617

-1.43182 0.00961695
-1.43152 0.00954016

-1.43152 0.00954021
-1.43121 0.0094645

-1.43091 0.00938969
-1.4312 0.00946045

-1.43121 0.00946458
-1.4312 0.00946045

-1.43091 0.00938961
-1.4306 0.00931548

-1.4306 0.00931544
-1.4303 0.00924234

-1.42969 0.00909896
-1.42993 0.00915527

-1.4303 0.00924242
-1.42999 0.0091703

-1.42999 0.00917035
-1.42993 0.00915527

-1.43915 0.0118403
-1.43931 0.0119019

-1.43945 0.011954
-1.43931 0.0119019

-1.43915 0.0118401
-1.43884 0.0117278

-1.43823 0.0115104
-1.43848 0.0115967

-1.43884 0.0117275
-1.43854 0.0116176

-1.43854 0.0116176
-1.43848 0.0115967

-1.43823 0.0115103
-1.43793 0.0114043

-1.43793 0.0114041
-1.43762 0.0113004

-1.43732 0.0111991
-1.43759 0.0112915

-1.43762 0.0113005
-1.4376 0.0112915

-1.43732 0.0111989
-1.43701 0.0110987

-1.4364 0.010904
-1.43666 0.0109863

-1.4364 0.0109039
-1.4361 0.0108087

-1.4361 0.0108086
-1.43579 0.010715

-1.43701 0.0110985
-1.43671 0.0110002

-1.43671 0.0110003
-1.43666 0.0109863

-1.43549 0.0106233
-1.43568 0.0106812

-1.43579 0.010715
-1.43568 0.0106812

-1.43549 0.0106233
-1.43518 0.0105326

-1.43457 0.0103556
-1.43464 0.010376

-1.43518 0.0105324
-1.43488 0.0104431

-1.43488 0.010443
-1.43464 0.010376

-1.43457 0.0103555
-1.43427 0.0102688

-1.43427 0.0102687
-1.43396 0.0101832

-1.43396 0.0101831
-1.43365 0.010099

-1.43335 0.0100162
-1.43355 0.0100708

-1.43365 0.010099
-1.43355 0.0100708

-1.43335 0.0100161
-1.43304 0.0099341

-1.43304 0.00993401
-1.43274 0.0098531

-1.43274 0.0098531
-1.43243 0.00977345

-1.43243 0.00977351
-1.4324 0.00976562

-1.44922 0.0332907
-1.44912 0.0335693

-1.44912 0.0335693
-1.449 0.0338745

-1.449 0.0338745
-1.44891 0.0341034

-1.44891 0.0341032
-1.44888 0.0341797

-1.44888 0.0341797
-1.44876 0.0344849

-1.44876 0.0344849
-1.44864 0.03479

-1.44864 0.03479
-1.44861 0.0348684

-1.44861 0.0348679
-1.44851 0.0350952

-1.44851 0.0350952
-1.44839 0.0354004

-1.44839 0.0354004
-1.4483 0.0355935

-1.4483 0.0355932
-1.44825 0.0357056

-1.44826 0.0357056
-1.44812 0.0360107

-1.44812 0.0360107
-1.448 0.0362873

-1.448 0.0362873
-1.44799 0.0363159

-1.44799 0.0363159
-1.44785 0.0366211

-1.44785 0.0366211
-1.44771 0.0369263

-1.44771 0.0369263
-1.44769 0.0369543

-1.44769 0.0369536
-1.44756 0.0372314

-1.44756 0.0372314
-1.44742 0.0375366

-1.44742 0.0375366
-1.44739 0.0375972

-1.44739 0.0375966
-1.44727 0.0378418

-1.44727 0.0378418
-1.44712 0.038147

-1.44712 0.038147
-1.44708 0.0382202

-1.44708 0.0382196
-1.44697 0.0384521

-1.44697 0.0384521
-1.44681 0.0387573

-1.44681 0.0387573
-1.44678 0.0388256

-1.44678 0.0388251
-1.44666 0.0390625

-1.44666 0.0390625
-1.4465 0.0393677

-1.4465 0.0393677
-1.44647 0.0394155

-1.44647 0.0394149
-1.44634 0.0396729

-1.44634 0.0396729
-1.44617 0.039978

-1.44617 0.039978
-1.44617 0.0399913

-1.44617 0.0399906
-1.44601 0.0402832

-1.44601 0.0402832
-1.44586 0.0405534

-1.44586 0.0405533
-1.44584 0.0405884

-1.44584 0.0405884
-1.44567 0.0408936

-1.44567 0.0408936
-1.44556 0.0411047

-1.44556 0.0411044
-1.4455 0.0411987

-1.4455 0.0411987
-1.44533 0.0415039

-1.44533 0.0415039
-1.44525 0.0416455

-1.44525 0.0416452
-1.44516 0.0418091

-1.44516 0.0418091
-1.44498 0.0421143

-1.44498 0.0421143
-1.44495 0.0421771

-1.44495 0.0421765
-1.44481 0.0424194

-1.44481 0.0424194
-1.44464 0.042699

-1.44464 0.0426988
-1.44463 0.0427246

-1.44463 0.0427246
-1.44445 0.0430298

-1.44445 0.0430298
-1.44434 0.043213

-1.44434 0.0432127
-1.44426 0.043335

-1.44426 0.043335
-1.44408 0.0436401

-1.44408 0.0436401
-1.44403 0.0437198

-1.44403 0.0437192
-1.44389 0.0439453

-1.44389 0.0439453
-1.44373 0.0442188

-1.44373 0.0442184
-1.44371 0.0442505

-1.44371 0.0442505
-1.44352 0.0445557

-1.44352 0.0445557
-1.44342 0.0447114

-1.44342 0.0447111
-1.44333 0.0448608

-1.44333 0.0448608
-1.44314 0.045166

-1.44314 0.045166
-1.44312 0.0451987

-1.44312 0.0451978
-1.44294 0.0454712

-1.44294 0.0454712
-1.44281 0.0456784

-1.44281 0.0456781
-1.44275 0.0457764

-1.44275 0.0457764
-1.44255 0.0460815

-1.44255 0.0460815
-1.4425 0.0461543

-1.4425 0.0461533
-1.44235 0.0463867

-1.44235 0.0463867
-1.4422 0.0466234

-1.4422 0.0466227
-1.44216 0.0466919

-1.44216 0.0466919
-1.44195 0.0469971

-1.44195 0.0469971
-1.44189 0.047089

-1.44189 0.0470882
-1.44175 0.0473022

-1.44175 0.0473022
-1.44159 0.0475488

-1.44159 0.047548
-1.44155 0.0476074

-1.44155 0.0476074
-1.44135 0.0479126

-1.44135 0.0479126
-1.44128 0.0480055

-1.44128 0.0480045
-1.44114 0.0482178

-1.44114 0.0482178
-1.44098 0.0484565

-1.44098 0.0484556
-1.44093 0.0485229

-1.44093 0.0485229
-1.44073 0.0488281

-1.44073 0.0488281
-1.44067 0.0489054

-1.44067 0.0489041
-1.44052 0.0491333

-1.44052 0.0491333
-1.44037 0.0493483

-1.44037 0.0493474
-1.44031 0.0494385

-1.44031 0.0494385
-1.44009 0.0497437

-1.44009 0.0497437
-1.44006 0.0497894

-1.44006 0.0497887
-1.43988 0.0500488

-1.43988 0.0500488
-1.43976 0.0502256

-1.43976 0.0502251
-1.43967 0.050354

-1.43967 0.050354
-1.43945 0.0506592

-1.43945 0.0506592
-1.43945 0.0506602

-1.43945 0.0506594
-1.43924 0.0509644

-1.43924 0.0509644
-1.43915 0.0510904

-1.43915 0.0510896
-1.43902 0.0512695

-1.43902 0.0512695
-1.43884 0.0515172

-1.43884 0.0515166
-1.4388 0.0515747

-1.4388 0.0515747
-1.43858 0.0518799

-1.43858 0.0518799
-1.43854 0.0519425

-1.43854 0.0519418
-1.43836 0.0521851

-1.43836 0.0521851
-1.43823 0.0523636

-1.43823 0.0523627
-1.43814 0.0524902

-1.43814 0.0524902
-1.43793 0.0527827

-1.43793 0.0527827
-1.43792 0.0527954

-1.43792 0.0527954
-1.43769 0.0531006

-1.43769 0.0531006
-1.43762 0.0532004

-1.43762 0.053199
-1.43747 0.0534058

-1.43747 0.0534058
-1.43732 0.0536131

-1.43732 0.053612
-1.43725 0.0537109

-1.43724 0.0537109
-1.43702 0.0540161

-1.43702 0.0540161
-1.43701 0.0540252

-1.43701 0.0540249
-1.43679 0.0543213

-1.43679 0.0543213
-1.43671 0.0544356

-1.43671 0.054434
-1.43656 0.0546265

-1.43656 0.0546265
-1.4364 0.0548413

-1.4364 0.0548404
-1.43633 0.0549316

-1.43633 0.0549316
-1.4361 0.0552368

-1.4361 0.0552368
-1.4361 0.0552467

-1.4361 0.0552463
-1.43587 0.055542

-1.43587 0.055542
-1.43579 0.0556504

-1.43579 0.0556491
-1.43564 0.0558472

-1.43564 0.0558472
-1.43549 0.0560502

-1.43549 0.0560491
-1.43541 0.0561523

-1.43541 0.0561523
-1.43518 0.0564492

-1.43518 0.0564492
-1.43517 0.0564575

-1.43517 0.0564575
-1.43494 0.0567627

-1.43494 0.0567627
-1.43488 0.056847

-1.43488 0.0568463
-1.4347 0.0570679

-1.4347 0.0570679
-1.43457 0.057242

-1.43457 0.0572402
-1.43447 0.057373

-1.43447 0.057373
-1.43427 0.0576352

-1.43427 0.0576349
-1.43423 0.0576782

-1.43423 0.0576782
-1.43399 0.0579834

-1.43399 0.0579834
-1.43396 0.0580274

-1.43396 0.058027
-1.43376 0.0582886

-1.43375 0.0582886
-1.43365 0.0584186

-1.43365 0.0584167
-1.43352 0.0585938

-1.43352 0.0585938
-1.43335 0.0588058

-1.43335 0.0588051
-1.43328 0.0588989

-1.43328 0.0588989
-1.43304 0.0591929

-1.43304 0.0591929
-1.43304 0.0592041

-1.43304 0.0592041
-1.43279 0.0595093

-1.43279 0.0595093
-1.43274 0.059579

-1.43274 0.0595784
-1.43255 0.0598145

-1.43255 0.0598145
-1.43243 0.0599638

-1.43243 0.0599614
-1.43231 0.0601196

-1.43231 0.0601196
-1.43213 0.0603451

-1.43213 0.0603446
-1.43207 0.0604248

-1.43207 0.0604248
-1.43182 0.0607264

-1.43182 0.06073
-1.43182 0.0607305

-1.43182 0.0607264
-1.43182 0.06073

-1.43182 0.06073
-1.43158 0.0610352

-1.43158 0.0610352
-1.43152 0.0611068

-1.43152 0.0611063
-1.43133 0.0613403

-1.43133 0.0613403
-1.43121 0.0614863

-1.43121 0.0614837
-1.43108 0.0616455

-1.43108 0.0616455
-1.43091 0.0618623

-1.43091 0.0618617
-1.43084 0.0619507

-1.43084 0.0619507
-1.4306 0.0622383

-1.4306 0.0622382
-1.43059 0.0622559

-1.43059 0.0622559
-1.43034 0.062561

-1.43034 0.062561
-1.4303 0.0626136

-1.4303 0.0626131
-1.43009 0.0628662

-1.43009 0.0628662
-1.42999 0.0629878

-1.42999 0.0629863
-1.42984 0.0631714

-1.42984 0.0631714
-1.42969 0.0633602

-1.42969 0.0090989
-1.42938 0.00902819

-1.42938 0.00902813
-1.42908 0.00895835

-1.42908 0.00895843
-1.42877 0.00888955

-1.42847 0.00882139
-1.4286 0.0088501

-1.42877 0.00888959
-1.4286 0.0088501

-1.42847 0.00882135
-1.42816 0.0087537

-1.42816 0.0087536
-1.42786 0.00868676

-1.42786 0.00868679
-1.42755 0.0086209

-1.42755 0.00862099
-1.42725 0.00855581

-1.42694 0.00849113
-1.42719 0.00854492

-1.42694 0.00849109
-1.42664 0.00842699

-1.42664 0.00842691
-1.42633 0.00836364

-1.42633 0.00836371
-1.42603 0.0083013

-1.42725 0.00855585
-1.42719 0.00854492

-1.42572 0.00823947
-1.42572 0.00823975

-1.42603 0.0083014
-1.42572 0.00823975

-1.42572 0.00823944
-1.42542 0.00817791

-1.42572 0.00824005
-1.42572 0.00823975

-1.42542 0.00817786
-1.42511 0.00811692

-1.42511 0.00811684
-1.4248 0.00805673

-1.4248 0.00805681
-1.4245 0.00799755

-1.4245 0.00799768
-1.42419 0.00793889

-1.42389 0.00788035
-1.42417 0.00793457

-1.42389 0.00788032
-1.42358 0.00782237

-1.42419 0.00793895
-1.42417 0.00793457

-1.42358 0.00782229
-1.42328 0.0077651

-1.42328 0.00776515
-1.42297 0.0077088

-1.42297 0.00770894
-1.42267 0.00765304

-1.42236 0.00759729
-1.42254 0.00762939

-1.42267 0.00765309
-1.42254 0.00762939

-1.42053 0.00727511
-1.42082 0.00732422

-1.42053 0.00727509
-1.42023 0.00722298

-1.42023 0.00722294
-1.41992 0.00717144

-1.42236 0.00759726
-1.42206 0.00754197

-1.42206 0.00754192
-1.42175 0.00748729

-1.42175 0.00748724
-1.42145 0.00743345

-1.42145 0.00743355
-1.42114 0.00738049

-1.42114 0.00738063
-1.42084 0.00732783

-1.42084 0.00732789
-1.42082 0.00732422

-1.41992 0.00717139
-1.41962 0.00712067

-1.41962 0.00712078
-1.41931 0.0070707

-1.41931 0.00707085
-1.41901 0.00702089

-1.4187 0.00697088
-1.419 0.00701904

-1.41901 0.00702096
-1.41899 0.00701904

-1.4187 0.00697086
-1.4184 0.00692147

-1.4184 0.00692143
-1.41809 0.00687263

-1.41809 0.00687258
-1.41779 0.00682457

-1.41779 0.00682465
-1.41748 0.00677736

-1.41687 0.00668329
-1.41707 0.00671387

-1.41748 0.00677751
-1.41718 0.00673045

-1.41718 0.00673051
-1.41707 0.00671387

-1.41687 0.00668326
-1.41656 0.00663657

-1.41656 0.00663657
-1.41626 0.00659039

-1.41626 0.00659033
-1.41595 0.00654479

-1.41595 0.00654481
-1.41565 0.0065

-1.41565 0.00650011
-1.41534 0.00645578

-1.41534 0.00645592
-1.41504 0.00641159

-1.41473 0.0063671
-1.41502 0.00640869

-1.41504 0.00641167
-1.41502 0.00640869

-1.41473 0.00636708
-1.41443 0.00632318

-1.41443 0.00632318
-1.41412 0.00627978

-1.41412 0.00627972
-1.41382 0.00623696

-1.4126 0.0060706
-1.41284 0.00610352

-1.41382 0.00623697
-1.41351 0.00619495

-1.41351 0.00619504
-1.41321 0.00615354

-1.41321 0.00615369
-1.4129 0.00611224

-1.4129 0.00611231
-1.41284 0.00610352

-1.4126 0.00607058
-1.41229 0.00602945

-1.41229 0.00602946
-1.41199 0.0059888

-1.41199 0.00598874
-1.41168 0.00594863

-1.41168 0.00594863
-1.41138 0.00590918

-1.41138 0.00590923
-1.41107 0.00587031

-1.41107 0.00587041
-1.41077 0.00583174

-1.41046 0.00579283
-1.4105 0.00579834

-1.41077 0.00583189
-1.4105 0.00579834

-1.41046 0.00579278
-1.41016 0.00575391

-1.41016 0.00575391
-1.40985 0.00571548

-1.40985 0.00571548
-1.40955 0.00567748

-1.40955 0.00567741
-1.40924 0.00563995

-1.40924 0.00563996
-1.40894 0.00560315

-1.40894 0.00560319
-1.40863 0.00556694

-1.40863 0.00556702
-1.40833 0.0055311

-1.40771 0.00545887
-1.408 0.00549316

-1.40833 0.00553126
-1.40802 0.0054952

-1.40802 0.00549529
-1.408 0.00549316

-1.40771 0.00545884
-1.40741 0.00542309

-1.40741 0.00542311
-1.4071 0.00538778

-1.4071 0.00538778
-1.4068 0.00535285

-1.4068 0.0053528
-1.40649 0.0053184

-1.40649 0.00531843
-1.40619 0.0052846

-1.40619 0.00528464
-1.40588 0.00525123

-1.40588 0.00525132
-1.40558 0.00521807

-1.40527 0.0051845
-1.40531 0.00518799

-1.40558 0.00521823
-1.4053 0.00518799

-1.40222 0.00486582
-1.40239 0.00488281

-1.40222 0.00486577
-1.40192 0.00483502

-1.40192 0.00483502
-1.40161 0.0048047

-1.40161 0.00480473
-1.40131 0.00477478

-1.40131 0.00477478
-1.401 0.00474516

-1.401 0.0047451
-1.4007 0.00471592

-1.4007 0.00471595
-1.40039 0.00468726

-1.40527 0.00518442
-1.40497 0.00515077

-1.40497 0.00515076
-1.40466 0.0051175

-1.40466 0.00511751
-1.40436 0.00508465

-1.40436 0.00508463
-1.40405 0.00505216

-1.40405 0.00505211
-1.40375 0.00502015

-1.40375 0.00502019
-1.40344 0.0049888

-1.40344 0.00498883
-1.40314 0.00495789

-1.40314 0.00495793
-1.40283 0.00492734

-1.40283 0.00492749
-1.40253 0.00489687

-1.40253 0.00489697
-1.40239 0.00488281

-1.40039 0.00468729
-1.40009 0.00465896

-1.40009 0.00465897
-1.39978 0.00463093

-1.39978 0.00463102
-1.39948 0.00460307

-1.39917 0.00457468
-1.3992 0.00457764

-1.39948 0.00460323
-1.3992 0.00457764

-1.39917 0.0045746
-1.39886 0.00454604

-1.39886 0.00454603
-1.39856 0.0045178

-1.39856 0.0045178
-1.39825 0.00448994

-1.39825 0.00448996
-1.39795 0.00446242

-1.39795 0.00446241
-1.39764 0.00443518

-1.39764 0.00443512
-1.39734 0.00440833

-1.39734 0.00440837
-1.39703 0.00438207

-1.39703 0.0043821
-1.39673 0.00435616

-1.39673 0.00435616
-1.39642 0.00433053

-1.39642 0.00433058
-1.39612 0.00430517

-1.39551 0.00425357
-1.39573 0.00427246

-1.39612 0.00430534
-1.39581 0.00427971

-1.39581 0.0042798
-1.39573 0.00427246

-1.39551 0.00425352
-1.3952 0.00422772

-1.3952 0.00422773
-1.3949 0.00420231

-1.3949 0.00420232
-1.39459 0.00417725

-1.39459 0.00417727
-1.39429 0.00415248

-1.39429 0.00415248
-1.39398 0.00412794

-1.39398 0.00412788
-1.39368 0.00410372

-1.39368 0.00410376
-1.39337 0.00408003

-1.39337 0.00408007
-1.39307 0.00405662

-1.39307 0.00405661
-1.39276 0.00403339

-1.39276 0.00403341
-1.39246 0.0040104

-1.39246 0.0040105
-1.39215 0.00398748

-1.39185 0.0039639
-1.39189 0.00396729

-1.39215 0.00398764
-1.39189 0.00396729

-1.39185 0.00396385
-1.39154 0.00394008

-1.39154 0.00394006
-1.39124 0.00391657

-1.39124 0.00391656
-1.39093 0.00389337

-1.39093 0.00389338
-1.39062 0.0038705

-1.42969 0.0633587
-1.42959 0.0634766

-1.42959 0.0634766
-1.42938 0.063731

-1.42938 0.0637308
-1.42934 0.0637817

-1.42934 0.0637817
-1.42909 0.0640869

-1.42909 0.0640869
-1.42908 0.0641018

-1.42908 0.0641014
-1.42884 0.0643921

-1.42884 0.0643921
-1.42877 0.0644712

-1.42877 0.0644706
-1.42858 0.0646973

-1.42858 0.0646973
-1.42847 0.0648402

-1.42847 0.0648376
-1.42833 0.0650024

-1.42833 0.0650024
-1.42816 0.0652067

-1.42816 0.0652057
-1.42808 0.0653076

-1.42808 0.0653076
-1.42786 0.0655725

-1.42786 0.0655724
-1.42782 0.0656128

-1.42782 0.0656128
-1.42757 0.065918

-1.42757 0.065918
-1.42755 0.0659383

-1.42755 0.0659378
-1.42731 0.0662231

-1.42731 0.0662231
-1.42725 0.0663027

-1.42725 0.0663021
-1.42706 0.0665283

-1.42706 0.0665283
-1.42694 0.0666668

-1.42694 0.0666644
-1.4268 0.0668335

-1.4268 0.0668335
-1.42664 0.0670291

-1.42664 0.0670278
-1.42654 0.0671387

-1.42654 0.0671387
-1.42633 0.0673901

-1.42633 0.0673899
-1.42629 0.0674438

-1.42629 0.0674438
-1.42603 0.067749

-1.42603 0.067749
-1.42603 0.0677514

-1.42603 0.0677509
-1.42577 0.0680542

-1.42577 0.0680542
-1.42572 0.0681113

-1.42572 0.0681108
-1.42551 0.0683594

-1.42551 0.0683594
-1.42542 0.0684708

-1.42542 0.0684692
-1.42525 0.0686646

-1.42525 0.0686646
-1.42511 0.0688299

-1.42511 0.0688276
-1.42499 0.0689697

-1.42499 0.0689697
-1.4248 0.0691865

-1.4248 0.0691857
-1.42473 0.0692749

-1.42473 0.0692749
-1.4245 0.0695429

-1.4245 0.0695428
-1.42447 0.0695801

-1.42447 0.0695801
-1.42421 0.0698853

-1.42421 0.0698853
-1.42419 0.0698994

-1.42419 0.069899
-1.42394 0.0701904

-1.42394 0.0701904
-1.42389 0.0702547

-1.42389 0.0702542
-1.42368 0.0704956

-1.42368 0.0704956
-1.42358 0.0706096

-1.42358 0.0706078
-1.42342 0.0708008

-1.42342 0.0708008
-1.42328 0.0709641

-1.42328 0.0709621
-1.42316 0.071106

-1.42315 0.071106
-1.42297 0.0713167

-1.42297 0.0713157
-1.42289 0.0714111

-1.42289 0.0714111
-1.42267 0.0716686

-1.42267 0.0716685
-1.42263 0.0717163

-1.42263 0.0717163
-1.42236 0.0720205

-1.42236 0.0720215
-1.42236 0.072022

-1.42236 0.0720205
-1.42236 0.0720215

-1.42236 0.0720215
-1.4221 0.0723267

-1.4221 0.0723267
-1.42206 0.0723721

-1.42206 0.0723717
-1.42183 0.0726318

-1.42183 0.0726318
-1.42175 0.0727228

-1.42175 0.0727216
-1.42157 0.072937

-1.42157 0.072937
-1.42145 0.0730731

-1.42145 0.0730711
-1.4213 0.0732422

-1.4213 0.0732422
-1.42114 0.0734231

-1.42114 0.0734211
-1.42103 0.0735474

-1.42103 0.0735474
-1.42084 0.0737708

-1.42084 0.0737701
-1.42077 0.0738525

-1.42077 0.0738525
-1.42053 0.0741185

-1.42053 0.0741184
-1.4205 0.0741577

-1.4205 0.0741577
-1.42023 0.0744629

-1.42023 0.0744629
-1.42023 0.0744665

-1.42023 0.074466
-1.41996 0.0747681

-1.41996 0.0747681
-1.41992 0.0748134

-1.41992 0.0748129
-1.41969 0.0750732

-1.41969 0.0750732
-1.41962 0.0751599

-1.41962 0.0751587
-1.41942 0.0753784

-1.41942 0.0753784
-1.41931 0.075506

-1.41931 0.075504
-1.41916 0.0756836

-1.41915 0.0756836
-1.41901 0.0758518

-1.41901 0.0758501
-1.41888 0.0759888

-1.41888 0.0759888
-1.4187 0.0761965

-1.4187 0.0761952
-1.41861 0.0762939

-1.41861 0.0762939
-1.4184 0.0765399

-1.4184 0.0765397
-1.41834 0.0765991

-1.41834 0.0765991
-1.41809 0.0768836

-1.41809 0.0768835
-1.41807 0.0769043

-1.41807 0.0769043
-1.4178 0.0772095

-1.4178 0.0772095
-1.41779 0.0772272

-1.41779 0.0772268
-1.41753 0.0775146

-1.41753 0.0775146
-1.41748 0.0775699

-1.41748 0.0775694
-1.41726 0.0778198

-1.41726 0.0778198
-1.41718 0.0779123

-1.41718 0.0779109
-1.41699 0.078125

-1.41698 0.078125
-1.41687 0.0782543

-1.41687 0.0782525
-1.41671 0.0784302

-1.41671 0.0784302
-1.41656 0.078596

-1.41656 0.0785944
-1.41644 0.0787354

-1.41644 0.0787354
-1.41626 0.0789372

-1.41626 0.0789356
-1.41617 0.0790405

-1.41617 0.0790405
-1.41595 0.0792766

-1.41595 0.0792761
-1.41589 0.0793457

-1.41589 0.0793457
-1.41565 0.0796162

-1.41565 0.0796161
-1.41562 0.0796509

-1.41562 0.0796509
-1.41534 0.0799557

-1.41534 0.0799561
-1.41534 0.0799566

-1.41534 0.0799561
-1.41507 0.0802612

-1.41507 0.0802612
-1.41504 0.0802952

-1.41504 0.0802947
-1.41479 0.0805664

-1.41479 0.0805664
-1.41473 0.0806338

-1.41473 0.080633
-1.41452 0.0808716

-1.41452 0.0808716
-1.41443 0.0809721

-1.41443 0.0809703
-1.41424 0.0811768

-1.41424 0.0811768
-1.41412 0.0813101

-1.41412 0.0813085
-1.41397 0.0814819

-1.41397 0.0814819
-1.41382 0.0816478

-1.41382 0.0816464
-1.41369 0.0817871

-1.41369 0.0817871
-1.41351 0.0819853

-1.41351 0.0819837
-1.41342 0.0820923

-1.41341 0.0820923
-1.41321 0.0823212

-1.41321 0.0823204
-1.41314 0.0823975

-1.41314 0.0823975
-1.4129 0.0826568

-1.4129 0.0826567
-1.41286 0.0827026

-1.41286 0.0827026
-1.4126 0.0829926

-1.4126 0.0829925
-1.41258 0.0830078

-1.41258 0.0830078
-1.41231 0.083313

-1.41231 0.083313
-1.41229 0.0833284

-1.41229 0.083328
-1.41203 0.0836182

-1.41203 0.0836182
-1.41199 0.0836634

-1.41199 0.0836629
-1.41175 0.0839233

-1.41175 0.0839233
-1.41168 0.0839981

-1.41168 0.0839971
-1.41147 0.0842285

-1.41147 0.0842285
-1.41138 0.0843325

-1.41138 0.0843307
-1.41119 0.0845337

-1.41119 0.0845337
-1.41107 0.0846667

-1.41107 0.0846652
-1.41091 0.0848389

-1.41091 0.0848389
-1.41077 0.0850006

-1.41077 0.0849992
-1.41063 0.085144

-1.41063 0.085144
-1.41046 0.0853341

-1.41046 0.0853328
-1.41036 0.0854492

-1.41035 0.0854492
-1.41016 0.0856671

-1.41016 0.0856658
-1.41008 0.0857544

-1.41007 0.0857544
-1.40985 0.085999

-1.40985 0.0859985
-1.4098 0.0860596

-1.4098 0.0860596
-1.40955 0.0863308

-1.40955 0.0863308
-1.40951 0.0863647

-1.40951 0.0863647
-1.40924 0.0866628

-1.40924 0.0866627
-1.40923 0.0866699

-1.40923 0.0866699
-1.40895 0.0869751

-1.40895 0.0869751
-1.40894 0.0869947

-1.40894 0.0869943
-1.40867 0.0872803

-1.40867 0.0872803
-1.40863 0.087326

-1.40863 0.0873254
-1.40839 0.0875854

-1.40839 0.0875854
-1.40833 0.0876569

-1.40833 0.0876559
-1.40811 0.0878906

-1.40811 0.0878906
-1.40802 0.0879877

-1.40802 0.0879859
-1.40783 0.0881958

-1.40783 0.0881958
-1.40771 0.0883181

-1.40771 0.0883166
-1.40755 0.088501

-1.40755 0.088501
-1.40741 0.0886483

-1.40741 0.088647
-1.40726 0.0888062

-1.40726 0.0888062
-1.4071 0.0889782

-1.4071 0.088977
-1.40698 0.0891113

-1.40698 0.0891113
-1.4068 0.0893079

-1.4068 0.0893067
-1.4067 0.0894165

-1.4067 0.0894165
-1.40649 0.0896372

-1.40649 0.0896359
-1.40641 0.0897217

-1.40641 0.0897217
-1.40619 0.0899654

-1.40619 0.0899648
-1.40613 0.0900269

-1.40613 0.0900269
-1.40588 0.0902935

-1.40588 0.0902934
-1.40585 0.090332

-1.40585 0.090332
-1.40558 0.0906218

-1.40558 0.0906217
-1.40556 0.0906372

-1.40556 0.0906372
-1.40528 0.0909424

-1.40528 0.0909424
-1.40527 0.0909502

-1.40527 0.0909498
-1.405 0.0912476

-1.405 0.0912476
-1.40497 0.0912779

-1.40497 0.0912775
-1.40471 0.0915527

-1.40471 0.0915527
-1.40466 0.0916053

-1.40466 0.0916046
-1.40443 0.0918579

-1.40443 0.0918579
-1.40436 0.0919325

-1.40436 0.0919313
-1.40414 0.0921631

-1.40414 0.0921631
-1.40405 0.0922595

-1.40405 0.092258
-1.40386 0.0924683

-1.40386 0.0924683
-1.40375 0.0925863

-1.40375 0.0925849
-1.40357 0.0927734

-1.40357 0.0927734
-1.40344 0.0929128

-1.40344 0.0929116
-1.40329 0.0930786

-1.40329 0.0930786
-1.40314 0.0932391

-1.40314 0.093238
-1.403 0.0933838

-1.403 0.0933838
-1.40283 0.0935652

-1.40283 0.0935641
-1.40272 0.093689

-1.40271 0.093689
-1.40253 0.0938911

-1.40253 0.0938899
-1.40243 0.0939941

-1.40243 0.0939941
-1.40222 0.0942168

-1.40222 0.0942154
-1.40214 0.0942993

-1.40214 0.0942993
-1.40192 0.0945414

-1.40192 0.0945407
-1.40186 0.0946045

-1.40186 0.0946045
-1.40161 0.0948659

-1.40161 0.0948657
-1.40157 0.0949097

-1.40157 0.0949097
-1.40131 0.0951905

-1.40131 0.0951904
-1.40128 0.0952148

-1.40128 0.0952148
-1.401 0.0955149

-1.401 0.0955149
-1.401 0.09552

-1.401 0.09552
-1.40071 0.0958252

-1.40071 0.0958252
-1.4007 0.0958396

-1.4007 0.0958392
-1.40042 0.0961304

-1.40042 0.0961304
-1.40039 0.0961636

-1.40039 0.0961631
-1.40013 0.0964355

-1.40013 0.0964355
-1.40009 0.0964874

-1.40009 0.0964866
-1.39985 0.0967407

-1.39985 0.0967407
-1.39978 0.096811

-1.39978 0.0968097
-1.39956 0.0970459

-1.39956 0.0970459
-1.39948 0.0971344

-1.39948 0.0971329
-1.39927 0.0973511

-1.39927 0.0973511
-1.39917 0.0974576

-1.39917 0.0974563
-1.39898 0.0976562

-1.39898 0.0976562
-1.39886 0.0977806

-1.39886 0.0977795
-1.39869 0.0979614

-1.39869 0.0979614
-1.39856 0.0981034

-1.39856 0.0981024
-1.39841 0.0982666

-1.3984 0.0982666
-1.39825 0.0984261

-1.39825 0.0984251
-1.39812 0.0985718

-1.39812 0.0985718
-1.39795 0.0987485

-1.39795 0.0987476
-1.39783 0.098877

-1.39783 0.098877
-1.39764 0.0990708

-1.39764 0.0990698
-1.39754 0.0991821

-1.39754 0.0991821
-1.39734 0.0993929

-1.39734 0.0993919
-1.39725 0.0994873

-1.39725 0.0994873
-1.39703 0.0997149

-1.39703 0.0997137
-1.39696 0.0997925

-1.39696 0.0997925
-1.39673 0.100036

-1.39673 0.100035
-1.39667 0.100098

-1.39667 0.100098
-1.39642 0.100357

-1.39642 0.100357
-1.39638 0.100403

-1.39638 0.100403
-1.39612 0.100678

-1.39612 0.100678
-1.39609 0.100708

-1.39609 0.100708
-1.39581 0.100999

-1.39581 0.100999
-1.3958 0.101013

-1.3958 0.101013
-1.39551 0.101318

-1.39551 0.101318
-1.39551 0.10132

-1.39551 0.10132
-1.39522 0.101624

-1.39522 0.101624
-1.3952 0.101641

-1.3952 0.10164
-1.39493 0.101929

-1.39493 0.101929
-1.3949 0.101961

-1.3949 0.101961
-1.39464 0.102234

-1.39464 0.102234
-1.39459 0.102281

-1.39459 0.102281
-1.39435 0.102539

-1.39435 0.102539
-1.39429 0.102602

-1.39429 0.1026
-1.39406 0.102844

-1.39406 0.102844
-1.39398 0.102921

-1.39398 0.10292
-1.39376 0.103149

-1.39376 0.103149
-1.39368 0.103241

-1.39368 0.10324
-1.39347 0.103455

-1.39347 0.103455
-1.39337 0.103561

-1.39337 0.10356
-1.39318 0.10376

-1.39318 0.10376
-1.39307 0.10388

-1.39307 0.103879
-1.39289 0.104065

-1.39289 0.104065
-1.39276 0.1042

-1.39276 0.104199
-1.3926 0.10437

-1.3926 0.10437
-1.39246 0.104519

-1.39246 0.104518
-1.39231 0.104675

-1.39231 0.104675
-1.39215 0.104838

-1.39215 0.104837
-1.39201 0.10498

-1.39201 0.10498
-1.39185 0.105157

-1.39185 0.105156
-1.39172 0.105286

-1.39172 0.105286
-1.39154 0.105475

-1.39154 0.105475
-1.39143 0.105591

-1.39143 0.105591
-1.39124 0.105794

-1.39124 0.105793
-1.39114 0.105896

-1.39114 0.105896
-1.39093 0.106112

-1.39093 0.106112
-1.39084 0.106201

-1.39084 0.106201
-1.39062 0.106431

-1.39062 0.00387052
-1.39032 0.0038479

-1.39032 0.00384789
-1.39001 0.0038255

-1.39001 0.00382545
-1.38971 0.00380342

-1.38971 0.00380345
-1.3894 0.00378186

-1.3894 0.00378189
-1.3891 0.00376061

-1.3891 0.00376061
-1.38879 0.00373956

-1.38879 0.00373956
-1.38849 0.00371877

-1.38849 0.00371879
-1.38818 0.00369823

-1.38757 0.00365655
-1.38765 0.00366211

-1.38757 0.00365653
-1.38727 0.00363529

-1.38727 0.00363528
-1.38696 0.00361434

-1.38818 0.00369835
-1.38788 0.00367773

-1.38788 0.00367787
-1.38765 0.00366211

-1.38696 0.00361434
-1.38666 0.00359372

-1.38666 0.00359372
-1.38635 0.0035734

-1.38635 0.00357342
-1.38605 0.00355336

-1.38605 0.00355338
-1.38574 0.00353352

-1.38574 0.0035335
-1.38544 0.00351383

-1.38544 0.00351377
-1.38513 0.00349444

-1.38513 0.00349447
-1.38483 0.00347551

-1.38483 0.00347555
-1.38452 0.00345682

-1.38452 0.00345682
-1.38422 0.00343825

-1.38422 0.00343826
-1.38391 0.00341986

-1.38391 0.00341986
-1.38361 0.00340163

-1.38361 0.00340167
-1.3833 0.00338352

-1.3833 0.00338368
-1.383 0.0033652

-1.38269 0.00334603
-1.38287 0.00335693

-1.383 0.00336531
-1.38286 0.00335693

-1.38269 0.00334598
-1.38239 0.00332688

-1.38239 0.00332688
-1.38208 0.00330803

-1.38208 0.00330804
-1.38177 0.00328944

-1.38177 0.00328944
-1.38147 0.00327109

-1.38147 0.00327109
-1.38116 0.00325297

-1.38116 0.00325299
-1.38086 0.00323505

-1.38086 0.00323505
-1.38055 0.00321726

-1.38055 0.00321719
-1.38025 0.00319968

-1.38025 0.0031997
-1.37994 0.00318256

-1.37994 0.00318259
-1.37964 0.00316572

-1.37964 0.00316572
-1.37933 0.00314903

-1.37933 0.00314904
-1.37903 0.00313254

-1.37903 0.00313254
-1.37872 0.0031162

-1.37872 0.0031162
-1.37842 0.00310005

-1.37842 0.00310005
-1.37811 0.00308408

-1.37811 0.00308415
-1.37781 0.00306817

-1.3775 0.00305163
-1.3772 0.00303479

-1.37781 0.00306834
-1.3775 0.00305186

-1.3775 0.00305202
-1.3775 0.00305176

-1.3772 0.00303476
-1.37689 0.00301808

-1.37689 0.00301808
-1.37659 0.00300163

-1.37659 0.00300164
-1.37628 0.00298542

-1.37628 0.00298542
-1.37598 0.00296943

-1.37598 0.00296943
-1.37567 0.00295364

-1.37567 0.00295365
-1.37537 0.00293806

-1.37537 0.00293808
-1.37506 0.00292262

-1.37506 0.00292262
-1.37476 0.00290727

-1.37476 0.0029072
-1.37445 0.00289209

-1.37445 0.00289211
-1.37415 0.00287735

-1.37415 0.00287739
-1.37384 0.00286287

-1.37384 0.00286287
-1.37354 0.0028485

-1.37354 0.00284851
-1.37323 0.0028343

-1.37323 0.0028343
-1.37292 0.00282022

-1.37292 0.00282023
-1.37262 0.00280627

-1.37262 0.00280627
-1.37231 0.00279244

-1.37231 0.00279244
-1.37201 0.00277872

-1.37201 0.00277877
-1.3717 0.00276504

-1.3717 0.0027652
-1.3714 0.00275102

-1.37109 0.0027361
-1.37131 0.00274658

-1.3714 0.0027511
-1.37131 0.00274658

-1.37109 0.00273605
-1.37079 0.00272124

-1.37079 0.00272124
-1.37048 0.00270662

-1.37048 0.00270662
-1.37018 0.00269219

-1.37018 0.00269219
-1.36987 0.00267793

-1.36987 0.00267793
-1.36957 0.00266384

-1.36957 0.00266384
-1.36926 0.00264991

-1.36926 0.00264992
-1.36896 0.00263615

-1.36896 0.00263617
-1.36865 0.00262254

-1.36865 0.00262255
-1.36835 0.00260901

-1.36835 0.00260895
-1.36804 0.00259556

-1.36804 0.00259555
-1.36774 0.00258247

-1.36774 0.0025825
-1.36743 0.00256968

-1.36743 0.00256969
-1.36713 0.00255704

-1.36713 0.00255705
-1.36682 0.00254455

-1.36682 0.00254455
-1.36652 0.00253219

-1.36652 0.00253219
-1.36621 0.00251998

-1.36407 0.0024367
-1.36419 0.00244141

-1.36407 0.00243667
-1.36377 0.00242405

-1.36621 0.00251998
-1.36591 0.00250791

-1.36591 0.00250791
-1.3656 0.00249597

-1.3656 0.00249597
-1.3653 0.00248415

-1.3653 0.00248415
-1.36499 0.00247247

-1.36499 0.0024725
-1.36469 0.00246091

-1.36469 0.00246104
-1.36438 0.00244921

-1.36438 0.00244933
-1.36418 0.00244141

-1.36377 0.00242404
-1.36346 0.0024116

-1.36346 0.00241161
-1.36316 0.00239934

-1.36316 0.00239934
-1.36285 0.00238723

-1.36285 0.00238724
-1.36255 0.00237528

-1.36255 0.00237528
-1.36224 0.00236345

-1.36224 0.00236346
-1.36194 0.00235176

-1.36194 0.00235177
-1.36163 0.0023402

-1.36163 0.0023402
-1.36133 0.00232877

-1.36133 0.00232878
-1.36102 0.00231746

-1.36102 0.00231748
-1.36072 0.00230623

-1.36072 0.00230622
-1.36041 0.00229501

-1.36041 0.00229494
-1.36011 0.00228392

-1.36011 0.00228394
-1.3598 0.00227321

-1.3598 0.00227325
-1.3595 0.00226269

-1.3595 0.00226269
-1.35919 0.00225225

-1.35919 0.00225225
-1.35889 0.00224194

-1.35889 0.00224194
-1.35858 0.00223174

-1.35858 0.00223174
-1.35828 0.00222166

-1.35828 0.00222166
-1.35797 0.0022117

-1.35797 0.0022117
-1.35767 0.00220186

-1.35767 0.00220186
-1.35736 0.00219212

-1.35736 0.00219212
-1.35706 0.00218247

-1.35706 0.00218247
-1.35675 0.0021729

-1.35675 0.0021729
-1.35645 0.00216339

-1.35645 0.00216341
-1.35614 0.00215392

-1.35614 0.00215403
-1.35583 0.0021443

-1.35553 0.00213384
-1.3556 0.00213623

-1.35583 0.00214443
-1.35559 0.00213623

-1.35553 0.00213381
-1.35522 0.00212309

-1.35522 0.00212308
-1.35492 0.00211244

-1.35492 0.00211244
-1.35461 0.00210192

-1.35461 0.00210192
-1.35431 0.00209152

-1.35431 0.00209152
-1.354 0.00208123

-1.354 0.00208123
-1.3537 0.00207105

-1.3537 0.00207105
-1.35339 0.00206097

-1.35339 0.00206097
-1.35309 0.00205099

-1.35309 0.00205099
-1.35278 0.0020411

-1.35278 0.0020411
-1.35248 0.00203132

-1.35248 0.00203132
-1.35217 0.00202163

-1.35217 0.00202163
-1.35187 0.00201204

-1.35187 0.00201205
-1.35156 0.00200253

-1.35156 0.00200254
-1.35126 0.00199304

-1.35126 0.00199299
-1.35095 0.00198358

-1.35095 0.00198356
-1.35065 0.00197438

-1.35065 0.00197442
-1.35034 0.00196545

-1.35034 0.00196546
-1.35004 0.00195661

-1.35004 0.00195662
-1.34973 0.00194785

-1.34973 0.00194785
-1.34943 0.00193917

-1.34943 0.00193917
-1.34912 0.00193058

-1.34912 0.00193058
-1.34882 0.00192208

-1.34882 0.00192208
-1.34851 0.00191367

-1.34851 0.00191367
-1.34821 0.00190536

-1.34821 0.00190536
-1.3479 0.00189714

-1.3479 0.00189714
-1.3476 0.00188902

-1.3476 0.00188902
-1.34729 0.001881

-1.34729 0.001881
-1.34698 0.00187307

-1.34698 0.00187307
-1.34668 0.00186524

-1.34668 0.00186523
-1.34637 0.0018575

-1.34637 0.0018575
-1.34607 0.00184986

-1.34607 0.00184991
-1.34576 0.00184226

-1.34576 0.00184239
-1.34546 0.00183438

-1.34515 0.00182569
-1.34535 0.00183105

-1.34515 0.00182565
-1.34485 0.00181699

-1.34546 0.00183446
-1.34534 0.00183105

-1.34485 0.00181699
-1.34454 0.00180846

-1.34454 0.00180847
-1.34424 0.00180005

-1.34424 0.00180005
-1.34393 0.00179174

-1.34393 0.00179174
-1.34363 0.00178352

-1.34363 0.00178352
-1.34332 0.00177539

-1.34332 0.00177539
-1.34302 0.00176734

-1.34302 0.00176734
-1.34271 0.00175937

-1.34271 0.00175937
-1.34241 0.00175149

-1.34241 0.00175149
-1.3421 0.00174369

-1.3421 0.00174369
-1.3418 0.00173597

-1.3418 0.00173597
-1.34149 0.00172832

-1.34149 0.00172832
-1.34119 0.00172075

-1.34119 0.00172075
-1.34088 0.00171325

-1.34088 0.00171325
-1.34058 0.00170582

-1.34058 0.00170583
-1.34027 0.00169846

-1.34027 0.00169848
-1.33997 0.00169113

-1.33997 0.00169113
-1.33966 0.00168376

-1.33966 0.00168371
-1.33936 0.00167645

-1.33936 0.00167645
-1.33905 0.00166942

-1.33905 0.00166946
-1.33875 0.00166257

-1.33875 0.00166257
-1.33844 0.00165575

-1.33844 0.00165575
-1.33813 0.001649

-1.33813 0.001649
-1.33783 0.00164231

-1.33783 0.0016423
-1.33752 0.00163568

-1.33752 0.00163568
-1.33722 0.00162911

-1.33722 0.00162911
-1.33691 0.00162261

-1.33691 0.00162261
-1.33661 0.00161617

-1.33661 0.00161617
-1.3363 0.0016098

-1.3363 0.0016098
-1.336 0.00160348

-1.336 0.00160348
-1.33569 0.00159724

-1.33569 0.00159724
-1.33539 0.00159106

-1.33539 0.00159106
-1.33508 0.00158495

-1.33508 0.00158495
-1.33478 0.00157892

-1.33478 0.00157892
-1.33447 0.00157297

-1.33447 0.00157297
-1.33417 0.00156709

-1.33417 0.00156709
-1.33386 0.00156129

-1.33386 0.00156129
-1.33356 0.00155556

-1.33356 0.00155556
-1.33325 0.00154989

-1.33325 0.00154989
-1.33295 0.00154428

-1.33295 0.00154429
-1.33264 0.00153869

-1.33264 0.00153875
-1.33234 0.00153301

-1.33234 0.00153313
-1.33203 0.00152687

-1.33173 0.00151998
-1.33199 0.00152588

-1.33203 0.00152691
-1.33198 0.00152588

-1.33173 0.00151996
-1.33142 0.00151321

-1.33142 0.00151321
-1.33112 0.00150654

-1.33112 0.00150654
-1.33081 0.00149995

-1.33081 0.00149995
-1.33051 0.00149342

-1.33051 0.00149342
-1.3302 0.00148696

-1.3302 0.00148696
-1.3299 0.00148057

-1.3299 0.00148057
-1.32959 0.00147424

-1.32959 0.00147424
-1.32928 0.00146797

-1.32928 0.00146797
-1.32898 0.00146177

-1.32898 0.00146177
-1.32867 0.00145563

-1.32867 0.00145563
-1.32837 0.00144955

-1.32837 0.00144955
-1.32806 0.00144353

-1.32806 0.00144353
-1.32776 0.00143756

-1.32776 0.00143757
-1.32745 0.00143165

-1.32745 0.00143166
-1.32715 0.0014258

-1.32715 0.0014258
-1.32684 0.00141999

-1.32684 0.00141999
-1.32654 0.00141423

-1.32654 0.00141423
-1.32623 0.00140852

-1.32623 0.00140852
-1.32593 0.00140286

-1.32593 0.00140286
-1.32562 0.00139723

-1.32562 0.00139724
-1.32532 0.00139165

-1.32532 0.00139166
-1.32501 0.00138609

-1.32501 0.0013861
-1.32471 0.00138053

-1.32471 0.0013805
-1.3244 0.00137497

-1.3244 0.00137495
-1.3241 0.00136958

-1.3241 0.0013696
-1.32379 0.00136438

-1.32379 0.00136439
-1.32349 0.00135924

-1.32349 0.00135925
-1.32318 0.00135414

-1.32318 0.00135414
-1.32288 0.00134907

-1.32288 0.00134907
-1.32257 0.00134404

-1.32257 0.00134404
-1.32227 0.00133905

-1.32227 0.00133905
-1.32196 0.00133409

-1.32196 0.00133409
-1.32166 0.00132918

-1.32166 0.00132918
-1.32135 0.00132429

-1.32135 0.00132429
-1.32104 0.00131943

-1.32104 0.00131943
-1.32074 0.00131461

-1.32074 0.00131461
-1.32043 0.00130981

-1.32043 0.00130981
-1.32013 0.00130504

-1.32013 0.00130504
-1.31982 0.00130029

-1.31982 0.00130029
-1.31952 0.00129556

-1.31952 0.00129556
-1.31921 0.00129086

-1.31921 0.00129086
-1.31891 0.00128618

-1.31891 0.00128618
-1.3186 0.00128152

-1.3186 0.00128152
-1.3183 0.00127689

-1.3183 0.00127689
-1.31799 0.00127229

-1.31799 0.00127229
-1.31769 0.00126773

-1.31769 0.00126772
-1.31738 0.0012632

-1.31738 0.0012632
-1.31708 0.00125873

-1.31708 0.00125873
-1.31677 0.00125432

-1.31677 0.00125432
-1.31647 0.00124997

-1.31647 0.00124997
-1.31616 0.0012457

-1.31616 0.0012457
-1.31586 0.00124152

-1.31586 0.00124152
-1.31555 0.00123743

-1.31555 0.00123744
-1.31525 0.00123343

-1.31525 0.00123345
-1.31494 0.00122946

-1.31403 0.00121619
-1.31432 0.0012207

-1.31403 0.00121618
-1.31372 0.00121156

-1.31494 0.00122951
-1.31464 0.0012254

-1.31464 0.00122546
-1.31433 0.001221

-1.31433 0.00122101
-1.31431 0.0012207

-1.31372 0.00121156
-1.31342 0.00120702

-1.31342 0.00120703
-1.31311 0.00120256

-1.31311 0.00120256
-1.31281 0.00119816

-1.31281 0.00119816
-1.3125 0.00119382

-1.39062 0.10643
-1.39055 0.106506

-1.39055 0.106506
-1.39032 0.106749

-1.39032 0.106748
-1.39026 0.106812

-1.39026 0.106812
-1.39001 0.107066

-1.39001 0.107066
-1.38997 0.107117

-1.38997 0.107117
-1.38971 0.107384

-1.38971 0.107384
-1.38967 0.107422

-1.38967 0.107422
-1.3894 0.107701

-1.3894 0.107701
-1.38938 0.107727

-1.38938 0.107727
-1.3891 0.108019

-1.3891 0.108019
-1.38909 0.108032

-1.38909 0.108032
-1.38879 0.108336

-1.38879 0.108336
-1.38879 0.108337

-1.38879 0.108337
-1.3885 0.108643

-1.3885 0.108643
-1.38849 0.108654

-1.38849 0.108653
-1.38821 0.108948

-1.38821 0.108948
-1.38818 0.108971

-1.38818 0.10897
-1.38791 0.109253

-1.38791 0.109253
-1.38788 0.109288

-1.38788 0.109287
-1.38762 0.109558

-1.38762 0.109558
-1.38757 0.109604

-1.38757 0.109604
-1.38732 0.109863

-1.38732 0.109863
-1.38727 0.109921

-1.38727 0.10992
-1.38703 0.110168

-1.38703 0.110168
-1.38696 0.110238

-1.38696 0.110236
-1.38674 0.110474

-1.38674 0.110474
-1.38666 0.110554

-1.38666 0.110553
-1.38644 0.110779

-1.38644 0.110779
-1.38635 0.11087

-1.38635 0.110869
-1.38615 0.111084

-1.38615 0.111084
-1.38605 0.111186

-1.38605 0.111186
-1.38585 0.111389

-1.38585 0.111389
-1.38574 0.111503

-1.38574 0.111502
-1.38556 0.111694

-1.38556 0.111694
-1.38544 0.111818

-1.38544 0.111818
-1.38526 0.112

-1.38526 0.112
-1.38513 0.112134

-1.38513 0.112134
-1.38497 0.112305

-1.38497 0.112305
-1.38483 0.11245

-1.38483 0.112449
-1.38467 0.11261

-1.38467 0.11261
-1.38452 0.112766

-1.38452 0.112765
-1.38438 0.112915

-1.38438 0.112915
-1.38422 0.113081

-1.38422 0.11308
-1.38408 0.11322

-1.38408 0.11322
-1.38391 0.113397

-1.38391 0.113396
-1.38379 0.113525

-1.38379 0.113525
-1.38361 0.113712

-1.38361 0.113711
-1.38349 0.113831

-1.38349 0.113831
-1.3833 0.114027

-1.3833 0.114026
-1.38319 0.114136

-1.38319 0.114136
-1.383 0.114342

-1.383 0.114341
-1.3829 0.114441

-1.3829 0.114441
-1.38269 0.114657

-1.38269 0.114656
-1.3826 0.114746

-1.3826 0.114746
-1.38239 0.114972

-1.38239 0.114971
-1.38231 0.115051

-1.38231 0.115051
-1.38208 0.115287

-1.38208 0.115286
-1.38201 0.115356

-1.38201 0.115356
-1.38177 0.115601

-1.38177 0.1156
-1.38172 0.115662

-1.38172 0.115662
-1.38147 0.115916

-1.38147 0.115915
-1.38142 0.115967

-1.38142 0.115967
-1.38116 0.11623

-1.38116 0.116229
-1.38112 0.116272

-1.38112 0.116272
-1.38086 0.116544

-1.38086 0.116544
-1.38083 0.116577

-1.38083 0.116577
-1.38055 0.116858

-1.38055 0.116858
-1.38053 0.116882

-1.38053 0.116882
-1.38025 0.117172

-1.38025 0.117172
-1.38023 0.117188

-1.38023 0.117188
-1.37994 0.117486

-1.37994 0.117486
-1.37994 0.117493

-1.37994 0.117493
-1.37964 0.117798

-1.37964 0.117798
-1.37964 0.1178

-1.37964 0.1178
-1.37934 0.118103

-1.37934 0.118103
-1.37933 0.118114

-1.37933 0.118114
-1.37905 0.118408

-1.37905 0.118408
-1.37903 0.118428

-1.37903 0.118427
-1.37875 0.118713

-1.37875 0.118713
-1.37872 0.118741

-1.37872 0.118741
-1.37845 0.119019

-1.37845 0.119019
-1.37842 0.119055

-1.37842 0.119054
-1.37816 0.119324

-1.37816 0.119324
-1.37811 0.119368

-1.37811 0.119367
-1.37786 0.119629

-1.37786 0.119629
-1.37781 0.119682

-1.37781 0.119681
-1.37756 0.119934

-1.37756 0.119934
-1.3775 0.119995

-1.3775 0.119994
-1.37726 0.120239

-1.37726 0.120239
-1.3772 0.120308

-1.3772 0.120307
-1.37697 0.120544

-1.37697 0.120544
-1.37689 0.120621

-1.37689 0.12062
-1.37667 0.12085

-1.37667 0.12085
-1.37659 0.120934

-1.37659 0.120933
-1.37637 0.121155

-1.37637 0.121155
-1.37628 0.121247

-1.37628 0.121246
-1.37607 0.12146

-1.37607 0.12146
-1.37598 0.12156

-1.37598 0.121559
-1.37578 0.121765

-1.37578 0.121765
-1.37567 0.121873

-1.37567 0.121872
-1.37548 0.12207

-1.37548 0.12207
-1.37537 0.122185

-1.37537 0.122185
-1.37518 0.122375

-1.37518 0.122375
-1.37506 0.122498

-1.37506 0.122497
-1.37488 0.122681

-1.37488 0.122681
-1.37476 0.122811

-1.37476 0.12281
-1.37458 0.122986

-1.37458 0.122986
-1.37445 0.123123

-1.37445 0.123122
-1.37429 0.123291

-1.37429 0.123291
-1.37415 0.123435

-1.37415 0.123435
-1.37399 0.123596

-1.37399 0.123596
-1.37384 0.123748

-1.37384 0.123747
-1.37369 0.123901

-1.37369 0.123901
-1.37354 0.12406

-1.37354 0.12406
-1.37339 0.124207

-1.37339 0.124207
-1.37323 0.124372

-1.37323 0.124372
-1.37309 0.124512

-1.37309 0.124512
-1.37292 0.124684

-1.37292 0.124684
-1.37279 0.124817

-1.37279 0.124817
-1.37262 0.124996

-1.37262 0.124996
-1.3725 0.125122

-1.3725 0.125122
-1.37231 0.125308

-1.37231 0.125308
-1.3722 0.125427

-1.3722 0.125427
-1.37201 0.12562

-1.37201 0.12562
-1.3719 0.125732

-1.3719 0.125732
-1.3717 0.125932

-1.3717 0.125932
-1.3716 0.126038

-1.3716 0.126038
-1.3714 0.126244

-1.3714 0.126244
-1.3713 0.126343

-1.3713 0.126343
-1.37109 0.126556

-1.37109 0.126555
-1.371 0.126648

-1.371 0.126648
-1.37079 0.126868

-1.37079 0.126867
-1.3707 0.126953

-1.3707 0.126953
-1.37048 0.127179

-1.37048 0.127179
-1.37041 0.127258

-1.37041 0.127258
-1.37018 0.127491

-1.37018 0.12749
-1.37011 0.127563

-1.37011 0.127563
-1.36987 0.127802

-1.36987 0.127802
-1.36981 0.127869

-1.36981 0.127869
-1.36957 0.128114

-1.36957 0.128113
-1.36951 0.128174

-1.36951 0.128174
-1.36926 0.128425

-1.36926 0.128425
-1.36921 0.128479

-1.36921 0.128479
-1.36896 0.128737

-1.36896 0.128736
-1.36891 0.128784

-1.36891 0.128784
-1.36865 0.129048

-1.36865 0.129047
-1.36861 0.129089

-1.36861 0.129089
-1.36835 0.129359

-1.36835 0.129358
-1.36831 0.129395

-1.36831 0.129395
-1.36804 0.12967

-1.36804 0.12967
-1.36801 0.1297

-1.36801 0.1297
-1.36774 0.129981

-1.36774 0.129981
-1.36771 0.130005

-1.36771 0.130005
-1.36743 0.130292

-1.36743 0.130292
-1.36741 0.13031

-1.36741 0.13031
-1.36713 0.130603

-1.36713 0.130603
-1.36711 0.130615

-1.36711 0.130615
-1.36682 0.130914

-1.36682 0.130914
-1.36681 0.13092

-1.36681 0.13092
-1.36652 0.131225

-1.36652 0.131225
-1.36652 0.131226

-1.36652 0.131226
-1.36622 0.131531

-1.36622 0.131531
-1.36621 0.131536

-1.36621 0.131536
-1.36592 0.131836

-1.36592 0.131836
-1.36591 0.131847

-1.36591 0.131847
-1.36562 0.132141

-1.36562 0.132141
-1.3656 0.132158

-1.3656 0.132157
-1.36532 0.132446

-1.36532 0.132446
-1.3653 0.132469

-1.3653 0.132468
-1.36502 0.132751

-1.36502 0.132751
-1.36499 0.132779

-1.36499 0.132779
-1.36472 0.133057

-1.36472 0.133057
-1.36469 0.13309

-1.36469 0.133089
-1.36442 0.133362

-1.36442 0.133362
-1.36438 0.133401

-1.36438 0.1334
-1.36412 0.133667

-1.36412 0.133667
-1.36407 0.133711

-1.36407 0.13371
-1.36382 0.133972

-1.36382 0.133972
-1.36377 0.134022

-1.36377 0.134021
-1.36352 0.134277

-1.36352 0.134277
-1.36346 0.134332

-1.36346 0.134332
-1.36322 0.134583

-1.36322 0.134583
-1.36316 0.134643

-1.36316 0.134642
-1.36292 0.134888

-1.36292 0.134888
-1.36285 0.134953

-1.36285 0.134953
-1.36262 0.135193

-1.36262 0.135193
-1.36255 0.135264

-1.36255 0.135263
-1.36232 0.135498

-1.36232 0.135498
-1.36224 0.135574

-1.36224 0.135573
-1.36202 0.135803

-1.36202 0.135803
-1.36194 0.135884

-1.36194 0.135884
-1.36172 0.136108

-1.36172 0.136108
-1.36163 0.136195

-1.36163 0.136194
-1.36142 0.136414

-1.36142 0.136414
-1.36133 0.136505

-1.36133 0.136504
-1.36112 0.136719

-1.36112 0.136719
-1.36102 0.136815

-1.36102 0.136815
-1.36082 0.137024

-1.36082 0.137024
-1.36072 0.137125

-1.36072 0.137125
-1.36052 0.137329

-1.36052 0.137329
-1.36041 0.137436

-1.36041 0.137435
-1.36022 0.137634

-1.36022 0.137634
-1.36011 0.137746

-1.36011 0.137745
-1.35992 0.137939

-1.35992 0.137939
-1.3598 0.138056

-1.3598 0.138055
-1.35962 0.138245

-1.35962 0.138245
-1.3595 0.138366

-1.3595 0.138365
-1.35932 0.13855

-1.35932 0.13855
-1.35919 0.138676

-1.35919 0.138675
-1.35902 0.138855

-1.35902 0.138855
-1.35889 0.138986

-1.35889 0.138985
-1.35871 0.13916

-1.35871 0.13916
-1.35858 0.139296

-1.35858 0.139295
-1.35841 0.139465

-1.35841 0.139465
-1.35828 0.139606

-1.35828 0.139605
-1.35811 0.139771

-1.35811 0.139771
-1.35797 0.139915

-1.35797 0.139915
-1.35781 0.140076

-1.35781 0.140076
-1.35767 0.140225

-1.35767 0.140225
-1.35751 0.140381

-1.35751 0.140381
-1.35736 0.140535

-1.35736 0.140535
-1.35721 0.140686

-1.35721 0.140686
-1.35706 0.140845

-1.35706 0.140844
-1.35691 0.140991

-1.35691 0.140991
-1.35675 0.141155

-1.35675 0.141154
-1.35661 0.141296

-1.35661 0.141296
-1.35645 0.141464

-1.35645 0.141464
-1.35631 0.141602

-1.35631 0.141602
-1.35614 0.141774

-1.35614 0.141773
-1.35601 0.141907

-1.35601 0.141907
-1.35583 0.142083

-1.35583 0.142083
-1.35571 0.142212

-1.35571 0.142212
-1.35553 0.142393

-1.35553 0.142393
-1.35541 0.142517

-1.35541 0.142517
-1.35522 0.142703

-1.35522 0.142702
-1.35511 0.142822

-1.35511 0.142822
-1.35492 0.143012

-1.35492 0.143012
-1.35481 0.143127

-1.35481 0.143127
-1.35461 0.143321

-1.35461 0.143321
-1.3545 0.143433

-1.3545 0.143433
-1.35431 0.143631

-1.35431 0.143631
-1.3542 0.143738

-1.3542 0.143738
-1.354 0.14394

-1.354 0.14394
-1.3539 0.144043

-1.3539 0.144043
-1.3537 0.14425

-1.3537 0.144249
-1.3536 0.144348

-1.3536 0.144348
-1.35339 0.144559

-1.35339 0.144559
-1.3533 0.144653

-1.3533 0.144653
-1.35309 0.144868

-1.35309 0.144868
-1.353 0.144958

-1.353 0.144958
-1.35278 0.145178

-1.35278 0.145177
-1.3527 0.145264

-1.3527 0.145264
-1.35248 0.145487

-1.35248 0.145486
-1.3524 0.145569

-1.3524 0.145569
-1.35217 0.145796

-1.35217 0.145796
-1.3521 0.145874

-1.3521 0.145874
-1.35187 0.146105

-1.35187 0.146105
-1.35179 0.146179

-1.35179 0.146179
-1.35156 0.146414

-1.35156 0.146414
-1.35149 0.146484

-1.35149 0.146484
-1.35126 0.146723

-1.35126 0.146723
-1.35119 0.14679

-1.35119 0.14679
-1.35095 0.147032

-1.35095 0.147032
-1.35089 0.147095

-1.35089 0.147095
-1.35065 0.147341

-1.35065 0.147341
-1.35059 0.1474

-1.35059 0.1474
-1.35034 0.14765

-1.35034 0.14765
-1.35029 0.147705

-1.35029 0.147705
-1.35004 0.147959

-1.35004 0.147959
-1.34999 0.14801

-1.34999 0.14801
-1.34973 0.148268

-1.34973 0.148268
-1.34968 0.148315

-1.34968 0.148315
-1.34943 0.148577

-1.34943 0.148577
-1.34938 0.148621

-1.34938 0.148621
-1.34912 0.148886

-1.34912 0.148886
-1.34908 0.148926

-1.34908 0.148926
-1.34882 0.149195

-1.34882 0.149194
-1.34878 0.149231

-1.34878 0.149231
-1.34851 0.149504

-1.34851 0.149503
-1.34848 0.149536

-1.34848 0.149536
-1.34821 0.149812

-1.34821 0.149812
-1.34818 0.149841

-1.34818 0.149841
-1.3479 0.150121

-1.3479 0.150121
-1.34787 0.150146

-1.34787 0.150146
-1.3476 0.15043

-1.3476 0.15043
-1.34757 0.150452

-1.34757 0.150452
-1.34729 0.150738

-1.34729 0.150738
-1.34727 0.150757

-1.34727 0.150757
-1.34698 0.151047

-1.34698 0.151047
-1.34697 0.151062

-1.34697 0.151062
-1.34668 0.151356

-1.34668 0.151356
-1.34667 0.151367

-1.34667 0.151367
-1.34637 0.151664

-1.34637 0.151664
-1.34637 0.151672

-1.34637 0.151672
-1.34607 0.151973

-1.34607 0.151973
-1.34606 0.151978

-1.34606 0.151978
-1.34576 0.152281

-1.34576 0.152281
-1.34576 0.152283

-1.34576 0.152283
-1.34546 0.152588

-1.34546 0.152588
-1.34546 0.15259

-1.34546 0.15259
-1.34516 0.152893

-1.34516 0.152893
-1.34515 0.152899

-1.34515 0.152899
-1.34486 0.153198

-1.34486 0.153198
-1.34485 0.153207

-1.34485 0.153207
-1.34456 0.153503

-1.34456 0.153503
-1.34454 0.153516

-1.34454 0.153516
-1.34425 0.153809

-1.34425 0.153809
-1.34424 0.153824

-1.34424 0.153824
-1.34395 0.154114

-1.34395 0.154114
-1.34393 0.154133

-1.34393 0.154132
-1.34365 0.154419

-1.34365 0.154419
-1.34363 0.154441

-1.34363 0.154441
-1.34335 0.154724

-1.34335 0.154724
-1.34332 0.15475

-1.34332 0.154749
-1.34305 0.155029

-1.34305 0.155029
-1.34302 0.155058

-1.34302 0.155058
-1.34274 0.155334

-1.34274 0.155334
-1.34271 0.155366

-1.34271 0.155366
-1.34244 0.15564

-1.34244 0.15564
-1.34241 0.155675

-1.34241 0.155674
-1.34214 0.155945

-1.34214 0.155945
-1.3421 0.155983

-1.3421 0.155983
-1.34184 0.15625

-1.34184 0.15625
-1.3418 0.156291

-1.3418 0.156291
-1.34154 0.156555

-1.34154 0.156555
-1.34149 0.1566

-1.34149 0.156599
-1.34123 0.15686

-1.34123 0.15686
-1.34119 0.156908

-1.34119 0.156908
-1.34093 0.157166

-1.34093 0.157166
-1.34088 0.157216

-1.34088 0.157216
-1.34063 0.157471

-1.34063 0.157471
-1.34058 0.157525

-1.34058 0.157524
-1.34033 0.157776

-1.34033 0.157776
-1.34027 0.157833

-1.34027 0.157833
-1.34003 0.158081

-1.34003 0.158081
-1.33997 0.158141

-1.33997 0.158141
-1.33972 0.158386

-1.33972 0.158386
-1.33966 0.15845

-1.33966 0.158449
-1.33942 0.158691

-1.33942 0.158691
-1.33936 0.158758

-1.33936 0.158757
-1.33912 0.158997

-1.33912 0.158997
-1.33905 0.159066

-1.33905 0.159066
-1.33882 0.159302

-1.33882 0.159302
-1.33875 0.159374

-1.33875 0.159374
-1.33851 0.159607

-1.33851 0.159607
-1.33844 0.159683

-1.33844 0.159682
-1.33821 0.159912

-1.33821 0.159912
-1.33813 0.159991

-1.33813 0.15999
-1.33791 0.160217

-1.33791 0.160217
-1.33783 0.160299

-1.33783 0.160299
-1.33761 0.160522

-1.33761 0.160522
-1.33752 0.160607

-1.33752 0.160607
-1.33731 0.160828

-1.33731 0.160828
-1.33722 0.160915

-1.33722 0.160915
-1.337 0.161133

-1.337 0.161133
-1.33691 0.161224

-1.33691 0.161223
-1.3367 0.161438

-1.3367 0.161438
-1.33661 0.161532

-1.33661 0.161531
-1.3364 0.161743

-1.3364 0.161743
-1.3363 0.16184

-1.3363 0.16184
-1.3361 0.162048

-1.3361 0.162048
-1.336 0.162148

-1.336 0.162148
-1.3358 0.162354

-1.3358 0.162354
-1.33569 0.162456

-1.33569 0.162456
-1.33549 0.162659

-1.33549 0.162659
-1.33539 0.162764

-1.33539 0.162764
-1.33519 0.162964

-1.33519 0.162964
-1.33508 0.163073

-1.33508 0.163072
-1.33489 0.163269

-1.33489 0.163269
-1.33478 0.163381

-1.33478 0.16338
-1.33459 0.163574

-1.33459 0.163574
-1.33447 0.163689

-1.33447 0.163689
-1.33428 0.163879

-1.33428 0.163879
-1.33417 0.163997

-1.33417 0.163997
-1.33398 0.164185

-1.33398 0.164185
-1.33386 0.164305

-1.33386 0.164305
-1.33368 0.16449

-1.33368 0.16449
-1.33356 0.164613

-1.33356 0.164613
-1.33338 0.164795

-1.33338 0.164795
-1.33325 0.164921

-1.33325 0.164921
-1.33307 0.1651

-1.33307 0.1651
-1.33295 0.16523

-1.33295 0.165229
-1.33277 0.165405

-1.33277 0.165405
-1.33264 0.165538

-1.33264 0.165537
-1.33247 0.16571

-1.33247 0.16571
-1.33234 0.165846

-1.33234 0.165846
-1.33217 0.166016

-1.33217 0.166016
-1.33203 0.166154

-1.33203 0.166154
-1.33187 0.166321

-1.33187 0.166321
-1.33173 0.166462

-1.33173 0.166462
-1.33156 0.166626

-1.33156 0.166626
-1.33142 0.16677

-1.33142 0.16677
-1.33126 0.166931

-1.33126 0.166931
-1.33112 0.167078

-1.33112 0.167078
-1.33096 0.167236

-1.33096 0.167236
-1.33081 0.167387

-1.33081 0.167386
-1.33066 0.167542

-1.33066 0.167542
-1.33051 0.167695

-1.33051 0.167694
-1.33035 0.167847

-1.33035 0.167847
-1.3302 0.168003

-1.3302 0.168003
-1.33005 0.168152

-1.33005 0.168152
-1.3299 0.168311

-1.3299 0.168311
-1.32975 0.168457

-1.32975 0.168457
-1.32959 0.168619

-1.32959 0.168619
-1.32945 0.168762

-1.32945 0.168762
-1.32928 0.168927

-1.32928 0.168927
-1.32915 0.169067

-1.32915 0.169067
-1.32898 0.169235

-1.32898 0.169235
-1.32884 0.169373

-1.32884 0.169373
-1.32867 0.169543

-1.32867 0.169543
-1.32854 0.169678

-1.32854 0.169678
-1.32837 0.169852

-1.32837 0.169851
-1.32824 0.169983

-1.32824 0.169983
-1.32806 0.17016

-1.32806 0.170159
-1.32794 0.170288

-1.32794 0.170288
-1.32776 0.170468

-1.32776 0.170467
-1.32763 0.170593

-1.32763 0.170593
-1.32745 0.170776

-1.32745 0.170776
-1.32733 0.170898

-1.32733 0.170898
-1.32715 0.171084

-1.32715 0.171084
-1.32703 0.171204

-1.32703 0.171204
-1.32684 0.171392

-1.32684 0.171392
-1.32673 0.171509

-1.32673 0.171509
-1.32654 0.1717

-1.32654 0.1717
-1.32643 0.171814

-1.32643 0.171814
-1.32623 0.172008

-1.32623 0.172008
-1.32612 0.172119

-1.32612 0.172119
-1.32593 0.172316

-1.32593 0.172316
-1.32582 0.172424

-1.32582 0.172424
-1.32562 0.172624

-1.32562 0.172624
-1.32552 0.172729

-1.32552 0.172729
-1.32532 0.172932

-1.32532 0.172932
-1.32522 0.173035

-1.32522 0.173035
-1.32501 0.17324

-1.32501 0.17324
-1.32491 0.17334

-1.32491 0.17334
-1.32471 0.173549

-1.32471 0.173548
-1.32461 0.173645

-1.32461 0.173645
-1.3244 0.173857

-1.3244 0.173856
-1.32431 0.17395

-1.32431 0.17395
-1.3241 0.174165

-1.3241 0.174164
-1.32401 0.174255

-1.32401 0.174255
-1.32379 0.174473

-1.32379 0.174472
-1.3237 0.174561

-1.3237 0.174561
-1.32349 0.174781

-1.32349 0.17478
-1.3234 0.174866

-1.3234 0.174866
-1.32318 0.175089

-1.32318 0.175088
-1.3231 0.175171

-1.3231 0.175171
-1.32288 0.175397

-1.32288 0.175396
-1.3228 0.175476

-1.3228 0.175476
-1.32257 0.175705

-1.32257 0.175704
-1.32249 0.175781

-1.32249 0.175781
-1.32227 0.176013

-1.32227 0.176012
-1.32219 0.176086

-1.32219 0.176086
-1.32196 0.176321

-1.32196 0.17632
-1.32189 0.176392

-1.32189 0.176392
-1.32166 0.176629

-1.32166 0.176628
-1.32159 0.176697

-1.32159 0.176697
-1.32135 0.176937

-1.32135 0.176936
-1.32128 0.177002

-1.32128 0.177002
-1.32104 0.177245

-1.32104 0.177244
-1.32098 0.177307

-1.32098 0.177307
-1.32074 0.177552

-1.32074 0.177552
-1.32068 0.177612

-1.32068 0.177612
-1.32043 0.17786

-1.32043 0.17786
-1.32038 0.177917

-1.32038 0.177917
-1.32013 0.178168

-1.32013 0.178168
-1.32008 0.178223

-1.32007 0.178223
-1.31982 0.178476

-1.31982 0.178476
-1.31977 0.178528

-1.31977 0.178528
-1.31952 0.178784

-1.31952 0.178784
-1.31947 0.178833

-1.31947 0.178833
-1.31921 0.179092

-1.31921 0.179091
-1.31917 0.179138

-1.31917 0.179138
-1.31891 0.1794

-1.31891 0.179399
-1.31886 0.179443

-1.31886 0.179443
-1.3186 0.179707

-1.3186 0.179707
-1.31856 0.179749

-1.31856 0.179749
-1.3183 0.180015

-1.3183 0.180015
-1.31826 0.180054

-1.31826 0.180054
-1.31799 0.180323

-1.31799 0.180323
-1.31796 0.180359

-1.31796 0.180359
-1.31769 0.180631

-1.31769 0.18063
-1.31765 0.180664

-1.31765 0.180664
-1.31738 0.180938

-1.31738 0.180938
-1.31735 0.180969

-1.31735 0.180969
-1.31708 0.181246

-1.31708 0.181246
-1.31705 0.181274

-1.31705 0.181274
-1.31677 0.181554

-1.31677 0.181553
-1.31675 0.18158

-1.31675 0.18158
-1.31647 0.181861

-1.31647 0.181861
-1.31644 0.181885

-1.31644 0.181885
-1.31616 0.182169

-1.31616 0.182169
-1.31614 0.18219

-1.31614 0.18219
-1.31586 0.182476

-1.31586 0.182476
-1.31584 0.182495

-1.31584 0.182495
-1.31555 0.182784

-1.31555 0.182784
-1.31554 0.1828

-1.31554 0.1828
-1.31525 0.183092

-1.31525 0.183091
-1.31523 0.183105

-1.31523 0.183105
-1.31494 0.183399

-1.31494 0.183399
-1.31493 0.183411

-1.31493 0.183411
-1.31464 0.183707

-1.31464 0.183706
-1.31463 0.183716

-1.31463 0.183716
-1.31433 0.184014

-1.31433 0.184014
-1.31432 0.184021

-1.31432 0.184021
-1.31403 0.184321

-1.31403 0.184321
-1.31402 0.184326

-1.31402 0.184326
-1.31372 0.184629

-1.31372 0.184629
-1.31372 0.184631

-1.31372 0.184631
-1.31342 0.184936

-1.31342 0.184937
-1.31311 0.185242

-1.31311 0.185242
-1.31311 0.185244

-1.31311 0.185244
-1.31281 0.185547

-1.31281 0.185547
-1.31281 0.185551

-1.31281 0.185551
-1.31251 0.185852

-1.31251 0.185852
-1.3125 0.185858

-1.3125 0.00119382
-1.31219 0.00118954

-1.31219 0.00118954
-1.31189 0.00118532

-1.31189 0.00118532
-1.31158 0.00118116

-1.31158 0.00118116
-1.31128 0.00117705

-1.31128 0.00117705
-1.31097 0.00117299

-1.31097 0.00117299
-1.31067 0.001169

-1.31067 0.001169
-1.31036 0.00116506

-1.31036 0.00116505
-1.31006 0.00116117

-1.31006 0.00116117
-1.30975 0.00115734

-1.30975 0.00115734
-1.30945 0.00115357

-1.30945 0.00115357
-1.30914 0.00114985

-1.30914 0.00114985
-1.30884 0.0011462

-1.30884 0.0011462
-1.30853 0.0011426

-1.30853 0.0011426
-1.30823 0.00113908

-1.30823 0.00113907
-1.30792 0.00113562

-1.30792 0.00113561
-1.30762 0.00113223

-1.30762 0.00113223
-1.30731 0.00112892

-1.30731 0.00112891
-1.30701 0.00112569

-1.30701 0.00112568
-1.3067 0.00112254

-1.3067 0.00112254
-1.3064 0.0011195

-1.3064 0.0011195
-1.30609 0.00111656

-1.30609 0.00111656
-1.30579 0.00111374

-1.30579 0.00111374
-1.30548 0.00111106

-1.30548 0.00111105
-1.30518 0.00110851

-1.30518 0.00110851
-1.30487 0.00110614

-1.30487 0.00110613
-1.30457 0.00110395

-1.30457 0.00110394
-1.30426 0.00110197

-1.30426 0.00110196
-1.30396 0.00110024

-1.30396 0.00110023
-1.30365 0.00109878

-1.30365 0.00109877
-1.30334 0.00109764

-1.30334 0.00109762
-1.30304 0.00109686

-1.30304 0.00109685
-1.30273 0.00109651

-1.30273 0.00109649
-1.30243 0.00109666

-1.30243 0.00109664
-1.30212 0.00109739

-1.30212 0.00109736
-1.30182 0.00109882

-1.30182 0.00109878
-1.30151 0.0011011

-1.30151 0.00110104
-1.30121 0.00110444

-1.30121 0.00110434
-1.3009 0.00110913

-1.3009 0.001109
-1.3006 0.00111563

-1.3006 0.00111544
-1.30029 0.00112457

-1.30029 0.00112429
-1.29999 0.00113684

-1.29999 0.00113644
-1.29968 0.00115377

-1.29968 0.00115337
-1.29938 0.00117706

-1.29938 0.00117706
-1.29907 0.00120792

-1.29907 0.00120838
-1.29898 0.0012207

-1.29896 0.0012207
-1.29877 0.00124631

-1.29877 0.00124537
-1.29846 0.00130113

-1.29846 0.00129999
-1.29816 0.00137694

-1.29816 0.00137659
-1.29785 0.00147771

-1.29785 0.00147836
-1.29773 0.00152588

-1.29774 0.00152588
-1.29755 0.00160257

-1.29755 0.00160319
-1.29724 0.00174013

-1.29724 0.00174093
-1.29705 0.00183105

-1.29706 0.00183105
-1.29694 0.00188914

-1.29694 0.00189047
-1.29663 0.00202879

-1.29663 0.00202988
-1.29637 0.00213623

-1.29637 0.00213623
-1.29633 0.00215207

-1.29633 0.0021543
-1.29602 0.00225614

-1.29602 0.00225685
-1.29572 0.00233292

-1.29572 0.00233361
-1.29541 0.0023811

-1.29541 0.0023816
-1.2951 0.00239813

-1.2951 0.00239863
-1.2948 0.00238219

-1.2948 0.00238298
-1.29449 0.00233099

-1.29449 0.00233201
-1.29419 0.00224086

-1.29388 0.00210693
-1.29395 0.00213623

-1.29419 0.00224211
-1.29395 0.00213623

-1.29388 0.00211224
-1.29358 0.00192197

-1.29327 0.00166293
-1.29346 0.00183105

-1.29297 0.00127925
-1.29315 0.00152588

-1.29327 0.0016595
-1.29315 0.00152588

-1.29358 0.00191725
-1.29347 0.00183105

-1.29266 0.000583585
-1.29267 0.000610352

-1.29259 0.0
-1.29261 0.000305176

-1.29266 0.000582993
-1.29261 0.000305176

-1.29267 0.000610352
-1.29277 0.000915527

-1.29277 0.000915527
-1.29293 0.0012207

-1.29297 0.00128271
-1.29293 0.0012207

-1.3125 0.185858
-1.3122 0.186157

-1.3122 0.186157
-1.31219 0.186166

-1.31219 0.186165
-1.3119 0.186462

-1.3119 0.186462
-1.31189 0.186473

-1.31189 0.186473
-1.3116 0.186768

-1.3116 0.186768
-1.31158 0.18678

-1.31158 0.18678
-1.31129 0.187073

-1.31129 0.187073
-1.31128 0.187087

-1.31128 0.187087
-1.31099 0.187378

-1.31099 0.187378
-1.31097 0.187394

-1.31097 0.187394
-1.31069 0.187683

-1.31069 0.187683
-1.31067 0.187701

-1.31067 0.187701
-1.31038 0.187988

-1.31038 0.187988
-1.31036 0.188009

-1.31036 0.188008
-1.31008 0.188293

-1.31008 0.188293
-1.31006 0.188316

-1.31006 0.188315
-1.30978 0.188599

-1.30978 0.188599
-1.30975 0.188623

-1.30975 0.188622
-1.30947 0.188904

-1.30947 0.188904
-1.30945 0.18893

-1.30945 0.188929
-1.30917 0.189209

-1.30917 0.189209
-1.30914 0.189237

-1.30914 0.189236
-1.30887 0.189514

-1.30887 0.189514
-1.30884 0.189543

-1.30884 0.189543
-1.30856 0.189819

-1.30856 0.189819
-1.30853 0.18985

-1.30853 0.18985
-1.30826 0.190125

-1.30826 0.190125
-1.30823 0.190157

-1.30823 0.190157
-1.30796 0.19043

-1.30796 0.19043
-1.30792 0.190464

-1.30792 0.190464
-1.30765 0.190735

-1.30765 0.190735
-1.30762 0.190771

-1.30762 0.19077
-1.30735 0.19104

-1.30735 0.19104
-1.30731 0.191078

-1.30731 0.191077
-1.30705 0.191345

-1.30705 0.191345
-1.30701 0.191384

-1.30701 0.191384
-1.30674 0.19165

-1.30674 0.19165
-1.3067 0.191691

-1.3067 0.191691
-1.30644 0.191956

-1.30644 0.191956
-1.3064 0.191998

-1.3064 0.191997
-1.30613 0.192261

-1.30613 0.192261
-1.30609 0.192304

-1.30609 0.192304
-1.30583 0.192566

-1.30583 0.192566
-1.30579 0.192611

-1.30579 0.19261
-1.30553 0.192871

-1.30553 0.192871
-1.30548 0.192917

-1.30548 0.192917
-1.30522 0.193176

-1.30522 0.193176
-1.30518 0.193224

-1.30518 0.193224
-1.30492 0.193481

-1.30492 0.193481
-1.30487 0.19353

-1.30487 0.19353
-1.30462 0.193787

-1.30462 0.193787
-1.30457 0.193837

-1.30457 0.193837
-1.30431 0.194092

-1.30431 0.194092
-1.30426 0.194143

-1.30426 0.194143
-1.30401 0.194397

-1.30401 0.194397
-1.30396 0.19445

-1.30396 0.194449
-1.3037 0.194702

-1.3037 0.194702
-1.30365 0.194756

-1.30365 0.194756
-1.3034 0.195007

-1.3034 0.195007
-1.30334 0.195062

-1.30334 0.195062
-1.3031 0.195312

-1.3031 0.195312
-1.30304 0.195369

-1.30304 0.195368
-1.30279 0.195618

-1.30279 0.195618
-1.30273 0.195675

-1.30273 0.195675
-1.30249 0.195923

-1.30249 0.195923
-1.30243 0.195981

-1.30243 0.195981
-1.30218 0.196228

-1.30218 0.196228
-1.30212 0.196287

-1.30212 0.196287
-1.30188 0.196533

-1.30188 0.196533
-1.30182 0.196594

-1.30182 0.196593
-1.30157 0.196838

-1.30157 0.196838
-1.30151 0.1969

-1.30151 0.1969
-1.30127 0.197144

-1.30127 0.197144
-1.30121 0.197206

-1.30121 0.197206
-1.30097 0.197449

-1.30097 0.197449
-1.3009 0.197512

-1.3009 0.197512
-1.30066 0.197754

-1.30066 0.197754
-1.3006 0.197818

-1.3006 0.197818
-1.30036 0.198059

-1.30036 0.198059
-1.30029 0.198124

-1.30029 0.198124
-1.30005 0.198364

-1.30005 0.198364
-1.29999 0.19843

-1.29999 0.19843
-1.29975 0.198669

-1.29975 0.198669
-1.29968 0.198736

-1.29968 0.198736
-1.29944 0.198975

-1.29944 0.198975
-1.29938 0.199042

-1.29938 0.199042
-1.29914 0.19928

-1.29914 0.19928
-1.29907 0.199348

-1.29907 0.199348
-1.29884 0.199585

-1.29884 0.199585
-1.29877 0.199654

-1.29877 0.199654
-1.29853 0.19989

-1.29853 0.19989
-1.29846 0.19996

-1.29846 0.199959
-1.29823 0.200195

-1.29823 0.200195
-1.29816 0.200265

-1.29816 0.200265
-1.29792 0.2005

-1.29792 0.2005
-1.29785 0.200571

-1.29785 0.200571
-1.29762 0.200806

-1.29762 0.200806
-1.29755 0.200877

-1.29755 0.200877
-1.29731 0.201111

-1.29731 0.201111
-1.29724 0.201183

-1.29724 0.201183
-1.29701 0.201416

-1.29701 0.201416
-1.29694 0.201488

-1.29694 0.201488
-1.2967 0.201721

-1.2967 0.201721
-1.29663 0.201794

-1.29663 0.201794
-1.2964 0.202026

-1.2964 0.202026
-1.29633 0.2021

-1.29633 0.2021
-1.29609 0.202332

-1.29609 0.202332
-1.29602 0.202405

-1.29602 0.202405
-1.29579 0.202637

-1.29579 0.202637
-1.29572 0.202711

-1.29572 0.202711
-1.29548 0.202942

-1.29548 0.202942
-1.29541 0.203016

-1.29541 0.203016
-1.29518 0.203247

-1.29518 0.203247
-1.2951 0.203322

-1.2951 0.203322
-1.29487 0.203552

-1.29487 0.203552
-1.2948 0.203627

-1.2948 0.203627
-1.29457 0.203857

-1.29457 0.203857
-1.29449 0.203933

-1.29449 0.203933
-1.29427 0.204163

-1.29427 0.204163
-1.29419 0.204238

-1.29419 0.204238
-1.29396 0.204468

-1.29396 0.204468
-1.29388 0.204544

-1.29388 0.204544
-1.29366 0.204773

-1.29366 0.204773
-1.29358 0.204849

-1.29358 0.204849
-1.29335 0.205078

-1.29335 0.205078
-1.29327 0.205154

-1.29327 0.205154
-1.29304 0.205383

-1.29305 0.205383
-1.29297 0.20546

-1.29297 0.20546
-1.29274 0.205688

-1.29274 0.205688
-1.29266 0.205765

-1.29266 0.205765
-1.29243 0.205994

-1.29243 0.205994
-1.29236 0.20607

-1.29236 0.20607
-1.29213 0.206299

-1.29213 0.206299
-1.29205 0.206375

-1.29205 0.206375
-1.29182 0.206604

-1.29182 0.206604
-1.29175 0.20668

-1.29175 0.20668
-1.29152 0.206909

-1.29152 0.206909
-1.29144 0.206986

-1.29144 0.206985
-1.29121 0.207214

-1.29121 0.207214
-1.29114 0.207291

-1.29114 0.207291
-1.29091 0.20752

-1.29091 0.20752
-1.29083 0.207596

-1.29083 0.207596
-1.2906 0.207825

-1.2906 0.207825
-1.29053 0.207901

-1.29053 0.207901
-1.2903 0.20813

-1.2903 0.20813
-1.29022 0.208206

-1.29022 0.208206
-1.28999 0.208435

-1.28999 0.208435
-1.28992 0.208511

-1.28992 0.208511
-1.28969 0.20874

-1.28969 0.20874
-1.28961 0.208816

-1.28961 0.208815
-1.28938 0.209045

-1.28938 0.209045
-1.28931 0.20912

-1.28931 0.20912
-1.28908 0.209351

-1.28908 0.209351
-1.289 0.209425

-1.289 0.209425
-1.28877 0.209656

-1.28877 0.209656
-1.2887 0.20973

-1.2887 0.20973
-1.28846 0.209961

-1.28847 0.209961
-1.28839 0.210035

-1.28839 0.210035
-1.28816 0.210266

-1.28816 0.210266
-1.28809 0.210339

-1.28809 0.210339
-1.28785 0.210571

-1.28785 0.210571
-1.28778 0.210644

-1.28778 0.210644
-1.28755 0.210876

-1.28755 0.210876
-1.28748 0.210949

-1.28748 0.210949
-1.28724 0.211182

-1.28724 0.211182
-1.28717 0.211253

-1.28717 0.211253
-1.28694 0.211487

-1.28694 0.211487
-1.28687 0.211558

-1.28687 0.211558
-1.28663 0.211792

-1.28663 0.211792
-1.28656 0.211862

-1.28656 0.211862
-1.28632 0.212097

-1.28632 0.212097
-1.28625 0.212167

-1.28625 0.212167
-1.28602 0.212402

-1.28602 0.212402
-1.28595 0.212471

-1.28595 0.212471
-1.28571 0.212708

-1.28571 0.212708
-1.28564 0.212776

-1.28564 0.212776
-1.28541 0.213013

-1.28541 0.213013
-1.28534 0.21308

-1.28534 0.21308
-1.2851 0.213318

-1.2851 0.213318
-1.28503 0.213384

-1.28503 0.213384
-1.28479 0.213623

-1.28479 0.213623
-1.28473 0.213689

-1.28473 0.213689
-1.28449 0.213928

-1.28449 0.213928
-1.28442 0.213993

-1.28442 0.213993
-1.28418 0.214233

-1.28418 0.214233
-1.28412 0.214297

-1.28412 0.214297
-1.28388 0.214539

-1.28388 0.214539
-1.28381 0.214601

-1.28381 0.214601
-1.28357 0.214844

-1.28357 0.214844
-1.28351 0.214905

-1.28351 0.214905
-1.28326 0.215149

-1.28326 0.215149
-1.2832 0.215209

-1.2832 0.215209
-1.28296 0.215454

-1.28296 0.215454
-1.2829 0.215513

-1.2829 0.215513
-1.28265 0.215759

-1.28265 0.215759
-1.28259 0.215817

-1.28259 0.215817
-1.28234 0.216064

-1.28234 0.216064
-1.28229 0.216121

-1.28229 0.216121
-1.28204 0.21637

-1.28204 0.21637
-1.28198 0.216425

-1.28198 0.216425
-1.28173 0.216675

-1.28173 0.216675
-1.28168 0.216729

-1.28168 0.216729
-1.28142 0.21698

-1.28143 0.21698
-1.28137 0.217033

-1.28137 0.217033
-1.28112 0.217285

-1.28112 0.217285
-1.28107 0.217336

-1.28107 0.217337
-1.28081 0.21759

-1.28081 0.21759
-1.28076 0.21764

-1.28076 0.21764
-1.2805 0.217896

-1.28051 0.217896
-1.28046 0.217944

-1.28046 0.217944
-1.2802 0.218201

-1.2802 0.218201
-1.28015 0.218247

-1.28015 0.218248
-1.27989 0.218506

-1.27989 0.218506
-1.27985 0.218551

-1.27985 0.218551
-1.27958 0.218811

-1.27958 0.218811
-1.27954 0.218855

-1.27954 0.218855
-1.27928 0.219116

-1.27928 0.219116
-1.27924 0.219158

-1.27924 0.219158
-1.27897 0.219421

-1.27897 0.219421
-1.27893 0.219462

-1.27893 0.219462
-1.27866 0.219727

-1.27866 0.219727
-1.27863 0.219765

-1.27863 0.219765
-1.27836 0.220032

-1.27836 0.220032
-1.27832 0.220068

-1.27832 0.220068
-1.27805 0.220337

-1.27805 0.220337
-1.27802 0.220372

-1.27802 0.220372
-1.27774 0.220642

-1.27774 0.220642
-1.27771 0.220675

-1.27771 0.220675
-1.27744 0.220947

-1.27744 0.220947
-1.2774 0.220978

-1.2774 0.220978
-1.27713 0.221252

-1.27713 0.221252
-1.2771 0.221281

-1.2771 0.221281
-1.27682 0.221558

-1.27682 0.221558
-1.27679 0.221584

-1.27679 0.221585
-1.27651 0.221863

-1.27651 0.221863
-1.27649 0.221888

-1.27649 0.221888
-1.27621 0.222168

-1.27621 0.222168
-1.27618 0.222191

-1.27618 0.222191
-1.2759 0.222473

-1.2759 0.222473
-1.27588 0.222494

-1.27588 0.222494
-1.27559 0.222778

-1.27559 0.222778
-1.27557 0.222797

-1.27557 0.222797
-1.27528 0.223083

-1.27528 0.223083
-1.27527 0.223099

-1.27527 0.223099
-1.27498 0.223389

-1.27498 0.223389
-1.27496 0.223402

-1.27496 0.223402
-1.27467 0.223694

-1.27467 0.223694
-1.27466 0.223705

-1.27466 0.223705
-1.27436 0.223999

-1.27436 0.223999
-1.27435 0.224008

-1.27435 0.224008
-1.27405 0.224304

-1.27405 0.224304
-1.27405 0.224311

-1.27405 0.22431
-1.27375 0.224609

-1.27375 0.224609
-1.27374 0.224613

-1.27374 0.224613
-1.27344 0.224915

-1.27344 0.224915
-1.27344 0.224916

-1.27344 0.224916
-1.27313 0.225218

-1.27313 0.225218
-1.27313 0.22522

-1.27313 0.22522
-1.27283 0.225521

-1.27283 0.225521
-1.27282 0.225525

-1.27282 0.225525
-1.27252 0.225823

-1.27252 0.225823
-1.27252 0.22583

-1.27252 0.22583
-1.27222 0.226126

-1.27222 0.226126
-1.27221 0.226135

-1.27221 0.226135
-1.27191 0.226428

-1.27191 0.226428
-1.2719 0.22644

-1.2719 0.22644
-1.27161 0.22673

-1.27161 0.22673
-1.27159 0.226746

-1.27159 0.226746
-1.2713 0.227033

-1.2713 0.227033
-1.27128 0.227051

-1.27128 0.227051
-1.271 0.227335

-1.271 0.227335
-1.27097 0.227356

-1.27098 0.227356
-1.27069 0.227637

-1.27069 0.227637
-1.27067 0.227661

-1.27067 0.227661
-1.27039 0.227939

-1.27039 0.227939
-1.27036 0.227966

-1.27036 0.227966
-1.27008 0.228241

-1.27008 0.228241
-1.27005 0.228271

-1.27005 0.228271
-1.26978 0.228543

-1.26978 0.228543
-1.26974 0.228577

-1.26974 0.228577
-1.26947 0.228845

-1.26947 0.228845
-1.26943 0.228882

-1.26943 0.228882
-1.26917 0.229147

-1.26917 0.229147
-1.26912 0.229187

-1.26913 0.229187
-1.26886 0.229449

-1.26886 0.229449
-1.26882 0.229492

-1.26882 0.229492
-1.26855 0.229751

-1.26855 0.229751
-1.26851 0.229797

-1.26851 0.229797
-1.26825 0.230052

-1.26825 0.230053
-1.2682 0.230103

-1.2682 0.230103
-1.26794 0.230354

-1.26794 0.230354
-1.26789 0.230408

-1.26789 0.230408
-1.26764 0.230656

-1.26764 0.230656
-1.26758 0.230713

-1.26758 0.230713
-1.26733 0.230957

-1.26733 0.230958
-1.26727 0.231018

-1.26727 0.231018
-1.26703 0.231259

-1.26703 0.231259
-1.26696 0.231323

-1.26696 0.231323
-1.26672 0.23156

-1.26672 0.231561
-1.26666 0.231628

-1.26666 0.231628
-1.26642 0.231862

-1.26642 0.231862
-1.26635 0.231934

-1.26635 0.231934
-1.26611 0.232163

-1.26611 0.232163
-1.26604 0.232239

-1.26604 0.232239
-1.26581 0.232464

-1.26581 0.232465
-1.26573 0.232544

-1.26573 0.232544
-1.2655 0.232766

-1.2655 0.232766
-1.26542 0.232849

-1.26542 0.232849
-1.2652 0.233067

-1.2652 0.233067
-1.26511 0.233154

-1.26511 0.233154
-1.26489 0.233368

-1.26489 0.233368
-1.2648 0.233459

-1.2648 0.233459
-1.26459 0.233669

-1.26459 0.233669
-1.26449 0.233765

-1.26449 0.233765
-1.26428 0.23397

-1.26428 0.233971
-1.26418 0.23407

-1.26418 0.23407
-1.26398 0.234271

-1.26398 0.234272
-1.26387 0.234375

-1.26387 0.234375
-1.26367 0.234572

-1.26367 0.234572
-1.26356 0.23468

-1.26356 0.23468
-1.26337 0.234873

-1.26337 0.234873
-1.26325 0.234985

-1.26325 0.234985
-1.26306 0.235174

-1.26306 0.235174
-1.26294 0.235291

-1.26294 0.235291
-1.26276 0.235475

-1.26276 0.235475
-1.26263 0.235596

-1.26263 0.235596
-1.26245 0.235775

-1.26245 0.235776
-1.26232 0.235901

-1.26232 0.235901
-1.26215 0.236076

-1.26215 0.236076
-1.26201 0.236206

-1.26201 0.236206
-1.26184 0.236376

-1.26184 0.236377
-1.2617 0.236511

-1.2617 0.236511
-1.26154 0.236677

-1.26154 0.236677
-1.26139 0.236816

-1.26139 0.236816
-1.26123 0.236977

-1.26123 0.236978
-1.26108 0.237122

-1.26108 0.237122
-1.26093 0.237278

-1.26093 0.237278
-1.26077 0.237427

-1.26077 0.237427
-1.26062 0.237578

-1.26062 0.237578
-1.26046 0.237732

-1.26046 0.237732
-1.26031 0.237878

-1.26031 0.237879
-1.26015 0.238037

-1.26015 0.238037
-1.26001 0.238179

-1.26001 0.238179
-1.25984 0.238342

-1.25984 0.238342
-1.2597 0.238479

-1.2597 0.238479
-1.25953 0.238647

-1.25953 0.238647
-1.2594 0.238779

-1.2594 0.238779
-1.25922 0.238953

-1.25922 0.238953
-1.25909 0.239079

-1.25909 0.239079
-1.25891 0.239258

-1.25891 0.239258
-1.25879 0.239379

-1.25879 0.239379
-1.2586 0.239563

-1.2586 0.239563
-1.25848 0.239679

-1.25848 0.239679
-1.25829 0.239868

-1.25829 0.239868
-1.25818 0.239979

-1.25818 0.239979
-1.25798 0.240173

-1.25798 0.240173
-1.25787 0.240278

-1.25787 0.240279
-1.25767 0.240479

-1.25767 0.240479
-1.25757 0.240578

-1.25757 0.240579
-1.25736 0.240784

-1.25736 0.240784
-1.25726 0.240878

-1.25726 0.240878
-1.25705 0.241089

-1.25705 0.241089
-1.25696 0.241177

-1.25696 0.241178
-1.25674 0.241394

-1.25674 0.241394
-1.25665 0.241477

-1.25665 0.241477
-1.25643 0.241699

-1.25643 0.241699
-1.25635 0.241777

-1.25635 0.241777
-1.25612 0.242004

-1.25612 0.242004
-1.25604 0.242076

-1.25604 0.242076
-1.2558 0.24231

-1.2558 0.24231
-1.25574 0.242375

-1.25574 0.242376
-1.25549 0.242615

-1.25549 0.242615
-1.25543 0.242675

-1.25543 0.242675
-1.25518 0.24292

-1.25518 0.24292
-1.25513 0.242974

-1.25513 0.242974
-1.25487 0.243225

-1.25487 0.243225
-1.25482 0.243273

-1.25482 0.243274
-1.25456 0.24353

-1.25456 0.24353
-1.25452 0.243572

-1.25452 0.243572
-1.25425 0.243835

-1.25425 0.243835
-1.25421 0.243871

-1.25421 0.243871
-1.25394 0.244141

-1.25394 0.244141
-1.25391 0.24417

-1.25391 0.24417
-1.25362 0.244446

-1.25362 0.244446
-1.2536 0.244469

-1.2536 0.244469
-1.25331 0.244751

-1.25331 0.244751
-1.2533 0.244768

-1.2533 0.244768
-1.253 0.245056

-1.253 0.245056
-1.25299 0.245067

-1.25299 0.245067
-1.25269 0.245361

-1.25269 0.245361
-1.25269 0.245365

-1.25269 0.245365
-1.25238 0.245664

-1.25238 0.245664
-1.25238 0.245667

-1.25238 0.245667
-1.25208 0.245963

-1.25208 0.245963
-1.25207 0.245972

-1.25207 0.245972
-1.25177 0.246261

-1.25177 0.246261
-1.25175 0.246277

-1.25175 0.246277
-1.25146 0.24656

-1.25146 0.24656
-1.25144 0.246582

-1.25144 0.246582
-1.25116 0.246858

-1.25116 0.246858
-1.25113 0.246887

-1.25113 0.246887
-1.25085 0.247156

-1.25085 0.247156
-1.25082 0.247192

-1.25082 0.247192
-1.25055 0.247454

-1.25055 0.247455
-1.25051 0.247498

-1.25051 0.247498
-1.25024 0.247752

-1.25024 0.247753
-1.25019 0.247803

-1.25019 0.247803
-1.24994 0.24805

-1.24994 0.248051
-1.24988 0.248108

-1.24988 0.248108
-1.24963 0.248348

-1.24963 0.248349
-1.24957 0.248413

-1.24957 0.248413
-1.24933 0.248646

-1.24933 0.248647
-1.24926 0.248718

-1.24926 0.248718
-1.24902 0.248944

-1.24902 0.248945
-1.24894 0.249023

-1.24894 0.249023
-1.24872 0.249242

-1.24872 0.249243
-1.24863 0.249329

-1.24863 0.249329
-1.24841 0.24954

-1.24841 0.249541
-1.24832 0.249634

-1.24832 0.249634
-1.24811 0.249838

-1.24811 0.249838
-1.248 0.249939

-1.248 0.249939
-1.2478 0.250135

-1.2478 0.250136
-1.24769 0.250244

-1.24769 0.250244
-1.2475 0.250433

-1.2475 0.250434
-1.24738 0.250549

-1.24738 0.250549
-1.24719 0.250731

-1.24719 0.250731
-1.24707 0.250854

-1.24707 0.250854
-1.24689 0.251028

-1.24689 0.251029
-1.24675 0.25116

-1.24675 0.25116
-1.24658 0.251326

-1.24658 0.251326
-1.24644 0.251465

-1.24644 0.251465
-1.24628 0.251623

-1.24628 0.251623
-1.24613 0.25177

-1.24613 0.25177
-1.24597 0.25192

-1.24597 0.251921
-1.24581 0.252075

-1.24581 0.252075
-1.24567 0.252217

-1.24567 0.252218
-1.2455 0.25238

-1.2455 0.25238
-1.24536 0.252514

-1.24536 0.252515
-1.24519 0.252686

-1.24519 0.252686
-1.24506 0.252811

-1.24506 0.252812
-1.24487 0.252991

-1.24487 0.252991
-1.24475 0.253108

-1.24475 0.253109
-1.24456 0.253296

-1.24456 0.253296
-1.24445 0.253405

-1.24445 0.253406
-1.24424 0.253601

-1.24424 0.253601
-1.24414 0.253702

-1.24414 0.253703
-1.24393 0.253906

-1.24393 0.253906
-1.24384 0.253999

-1.24384 0.254
-1.24362 0.254211

-1.24362 0.254211
-1.24353 0.254296

-1.24353 0.254296
-1.2433 0.254517

-1.2433 0.254517
-1.24323 0.254592

-1.24323 0.254593
-1.24299 0.254822

-1.24299 0.254822
-1.24292 0.254889

-1.24292 0.25489
-1.24267 0.255127

-1.24267 0.255127
-1.24261 0.255185

-1.24261 0.255186
-1.24236 0.255432

-1.24236 0.255432
-1.24231 0.255482

-1.24231 0.255482
-1.24205 0.255737

-1.24205 0.255737
-1.242 0.255778

-1.242 0.255778
-1.24173 0.256042

-1.24173 0.256042
-1.2417 0.256074

-1.2417 0.256074
-1.24142 0.256348

-1.24142 0.256348
-1.24139 0.25637

-1.24139 0.256371
-1.2411 0.256653

-1.2411 0.256653
-1.24109 0.256667

-1.24109 0.256667
-1.24079 0.256958

-1.24079 0.256958
-1.24078 0.256963

-1.24078 0.256963
-1.24048 0.257259

-1.24048 0.257259
-1.24047 0.257263

-1.24047 0.257263
-1.24017 0.257555

-1.24017 0.257555
-1.24016 0.257568

-1.24016 0.257568
-1.23987 0.25785

-1.23987 0.25785
-1.23984 0.257874

-1.23984 0.257874
-1.23956 0.258146

-1.23956 0.258146
-1.23953 0.258179

-1.23953 0.258179
-1.23926 0.258442

-1.23926 0.258442
-1.23921 0.258484

-1.23921 0.258484
-1.23895 0.258737

-1.23895 0.258738
-1.2389 0.258789

-1.2389 0.258789
-1.23865 0.259032

-1.23865 0.259033
-1.23858 0.259094

-1.23859 0.259094
-1.23834 0.259328

-1.23834 0.259329
-1.23827 0.259399

-1.23827 0.259399
-1.23804 0.259623

-1.23804 0.259624
-1.23795 0.259705

-1.23795 0.259705
-1.23773 0.259919

-1.23773 0.259919
-1.23764 0.26001

-1.23764 0.26001
-1.23743 0.260214

-1.23743 0.260215
-1.23732 0.260315

-1.23732 0.260315
-1.23712 0.260509

-1.23712 0.26051
-1.23701 0.26062

-1.23701 0.26062
-1.23682 0.260804

-1.23682 0.260805
-1.23669 0.260925

-1.23669 0.260925
-1.23651 0.2611

-1.23651 0.2611
-1.23638 0.26123

-1.23638 0.26123
-1.23621 0.261395

-1.23621 0.261395
-1.23606 0.261536

-1.23606 0.261536
-1.2359 0.26169

-1.2359 0.26169
-1.23574 0.261841

-1.23574 0.261841
-1.2356 0.261984

-1.2356 0.261985
-1.23543 0.262146

-1.23543 0.262146
-1.23529 0.262279

-1.23529 0.26228
-1.23511 0.262451

-1.23511 0.262451
-1.23499 0.262574

-1.23499 0.262575
-1.2348 0.262756

-1.2348 0.262756
-1.23468 0.262869

-1.23468 0.262869
-1.23448 0.263062

-1.23448 0.263062
-1.23438 0.263163

-1.23438 0.263164
-1.23416 0.263367

-1.23416 0.263367
-1.23407 0.263458

-1.23407 0.263459
-1.23385 0.263672

-1.23385 0.263672
-1.23376 0.263752

-1.23376 0.263753
-1.23353 0.263977

-1.23353 0.263977
-1.23346 0.264047

-1.23346 0.264048
-1.23321 0.264282

-1.23322 0.264282
-1.23315 0.264341

-1.23315 0.264342
-1.2329 0.264587

-1.2329 0.264587
-1.23285 0.264635

-1.23285 0.264636
-1.23258 0.264893

-1.23258 0.264893
-1.23254 0.264929

-1.23254 0.26493
-1.23227 0.265198

-1.23227 0.265198
-1.23224 0.265223

-1.23224 0.265224
-1.23195 0.265503

-1.23195 0.265503
-1.23193 0.265517

-1.23193 0.265518
-1.23163 0.265808

-1.23163 0.265808
-1.23163 0.265811

-1.23163 0.265811
-1.23132 0.266105

-1.23132 0.266105
-1.23131 0.266113

-1.23131 0.266113
-1.23102 0.266399

-1.23102 0.266399
-1.231 0.266418

-1.231 0.266418
-1.23071 0.266693

-1.23071 0.266693
-1.23068 0.266724

-1.23068 0.266724
-1.23041 0.266986

-1.23041 0.266987
-1.23036 0.267029

-1.23036 0.267029
-1.2301 0.26728

-1.2301 0.26728
-1.23005 0.267334

-1.23005 0.267334
-1.2298 0.267573

-1.2298 0.267574
-1.22973 0.267639

-1.22973 0.267639
-1.22949 0.267866

-1.22949 0.267867
-1.22941 0.267944

-1.22941 0.267944
-1.22919 0.26816

-1.22919 0.268161
-1.22909 0.26825

-1.22909 0.26825
-1.22888 0.268453

-1.22888 0.268454
-1.22878 0.268555

-1.22878 0.268555
-1.22858 0.268746

-1.22858 0.268747
-1.22846 0.26886

-1.22846 0.26886
-1.22827 0.26904

-1.22827 0.26904
-1.22814 0.269165

-1.22814 0.269165
-1.22797 0.269333

-1.22797 0.269334
-1.22782 0.26947

-1.22782 0.26947
-1.22766 0.269626

-1.22766 0.269627
-1.22751 0.269775

-1.22751 0.269775
-1.22736 0.269919

-1.22736 0.26992
-1.22719 0.270081

-1.22719 0.270081
-1.22705 0.270212

-1.22705 0.270213
-1.22687 0.270386

-1.22687 0.270386
-1.22675 0.270504

-1.22675 0.270505
-1.22655 0.270691

-1.22655 0.270691
-1.22644 0.270797

-1.22644 0.270798
-1.22623 0.270996

-1.22623 0.270996
-1.22614 0.27109

-1.22614 0.271091
-1.22591 0.271301

-1.22591 0.271301
-1.22583 0.271383

-1.22583 0.271384
-1.2256 0.271606

-1.2256 0.271606
-1.22552 0.271675

-1.22552 0.271676
-1.22528 0.271912

-1.22528 0.271912
-1.22522 0.271967

-1.22522 0.271968
-1.22496 0.272217

-1.22496 0.272217
-1.22491 0.27226

-1.22491 0.27226
-1.22464 0.272522

-1.22464 0.272522
-1.22461 0.272552

-1.22461 0.272552
-1.22432 0.272827

-1.22432 0.272827
-1.2243 0.272844

-1.2243 0.272844
-1.224 0.273132

-1.224 0.273132
-1.224 0.273136

-1.224 0.273137
-1.22369 0.273429

-1.22369 0.273429
-1.22368 0.273438

-1.22368 0.273438
-1.22339 0.273721

-1.22339 0.273721
-1.22337 0.273743

-1.22337 0.273743
-1.22308 0.274012

-1.22308 0.274012
-1.22305 0.274048

-1.22305 0.274048
-1.22278 0.274304

-1.22278 0.274304
-1.22273 0.274353

-1.22273 0.274353
-1.22247 0.274596

-1.22247 0.274596
-1.22241 0.274658

-1.22241 0.274658
-1.22217 0.274887

-1.22217 0.274888
-1.22209 0.274963

-1.22209 0.274963
-1.22186 0.275178

-1.22186 0.27518
-1.22177 0.275269

-1.22177 0.275269
-1.22156 0.27547

-1.22156 0.275471
-1.22145 0.275574

-1.22145 0.275574
-1.22125 0.275762

-1.22125 0.275763
-1.22113 0.275879

-1.22113 0.275879
-1.22095 0.276053

-1.22095 0.276054
-1.22081 0.276184

-1.22081 0.276184
-1.22064 0.276344

-1.22064 0.276345
-1.22049 0.276489

-1.22049 0.276489
-1.22034 0.276636

-1.22034 0.276637
-1.22017 0.276794

-1.22017 0.276794
-1.22003 0.276927

-1.22003 0.276928
-1.21985 0.2771

-1.21985 0.2771
-1.21973 0.277218

-1.21973 0.277219
-1.21953 0.277405

-1.21953 0.277405
-1.21942 0.277509

-1.21942 0.27751
-1.21921 0.27771

-1.21921 0.27771
-1.21912 0.2778

-1.21912 0.277801
-1.21889 0.278015

-1.21889 0.278015
-1.21881 0.278091

-1.21881 0.278092
-1.21857 0.27832

-1.21857 0.27832
-1.21851 0.278381

-1.21851 0.278382
-1.21825 0.278625

-1.21825 0.278625
-1.2182 0.278672

-1.2182 0.278673
-1.21793 0.278931

-1.21793 0.278931
-1.2179 0.278963

-1.2179 0.278963
-1.21761 0.279236

-1.21761 0.279236
-1.21759 0.279253

-1.21759 0.279253
-1.21729 0.279541

-1.21729 0.279541
-1.21729 0.279544

-1.21729 0.279544
-1.21698 0.279834

-1.21698 0.279834
-1.21697 0.279846

-1.21697 0.279846
-1.21667 0.280125

-1.21667 0.280125
-1.21665 0.280151

-1.21665 0.280151
-1.21637 0.280415

-1.21637 0.280415
-1.21633 0.280457

-1.21633 0.280457
-1.21606 0.280705

-1.21606 0.280705
-1.216 0.280762

-1.21601 0.280762
-1.21576 0.280994

-1.21576 0.280995
-1.21568 0.281067

-1.21568 0.281067
-1.21545 0.281284

-1.21545 0.281285
-1.21536 0.281372

-1.21536 0.281372
-1.21515 0.281574

-1.21515 0.281575
-1.21504 0.281677

-1.21504 0.281677
-1.21484 0.281864

-1.21484 0.281865
-1.21472 0.281982

-1.21472 0.281982
-1.21454 0.282154

-1.21454 0.282155
-1.2144 0.282288

-1.2144 0.282288
-1.21423 0.282443

-1.21423 0.282444
-1.21408 0.282593

-1.21408 0.282593
-1.21393 0.282733

-1.21393 0.282734
-1.21375 0.282898

-1.21375 0.282898
-1.21362 0.283023

-1.21362 0.283024
-1.21343 0.283203

-1.21343 0.283203
-1.21332 0.283312

-1.21332 0.283313
-1.21311 0.283508

-1.21311 0.283508
-1.21301 0.283601

-1.21301 0.283603
-1.21279 0.283813

-1.21279 0.283813
-1.21271 0.283891

-1.21271 0.283892
-1.21247 0.284119

-1.21247 0.284119
-1.2124 0.28418

-1.2124 0.28418
-1.21214 0.284424

-1.21214 0.284424
-1.2121 0.284469

-1.2121 0.284469
-1.21182 0.284729

-1.21182 0.284729
-1.21179 0.284758

-1.21179 0.284758
-1.2115 0.285034

-1.2115 0.285034
-1.21149 0.285047

-1.21149 0.285047
-1.21118 0.285336

-1.21118 0.285336
-1.21118 0.285339

-1.21118 0.285339
-1.21088 0.285625

-1.21088 0.285625
-1.21086 0.285645

-1.21086 0.285645
-1.21057 0.285913

-1.21057 0.285913
-1.21053 0.28595

-1.21053 0.28595
-1.21027 0.286202

-1.21027 0.286202
-1.21021 0.286255

-1.21021 0.286255
-1.20996 0.28649

-1.20996 0.286491
-1.20989 0.28656

-1.20989 0.28656
-1.20966 0.286778

-1.20966 0.286779
-1.20956 0.286865

-1.20957 0.286865
-1.20935 0.287066

-1.20935 0.287068
-1.20924 0.28717

-1.20924 0.28717
-1.20905 0.287355

-1.20905 0.287356
-1.20892 0.287476

-1.20892 0.287476
-1.20874 0.287643

-1.20874 0.287644
-1.2086 0.287781

-1.2086 0.287781
-1.20844 0.287931

-1.20844 0.287933
-1.20827 0.288086

-1.20827 0.288086
-1.20813 0.288219

-1.20813 0.288221
-1.20795 0.288391

-1.20795 0.288391
-1.20782 0.288508

-1.20782 0.288509
-1.20762 0.288696

-1.20762 0.288696
-1.20752 0.288795

-1.20752 0.288797
-1.2073 0.289001

-1.2073 0.289001
-1.20721 0.289083

-1.20721 0.289084
-1.20698 0.289307

-1.20698 0.289307
-1.20691 0.289371

-1.20691 0.289372
-1.20665 0.289612

-1.20665 0.289612
-1.2066 0.289659

-1.2066 0.289659
-1.20633 0.289917

-1.20633 0.289917
-1.2063 0.289946

-1.2063 0.289947
-1.20601 0.290222

-1.20601 0.290222
-1.20599 0.290234

-1.20599 0.290234
-1.20569 0.290521

-1.20569 0.290521
-1.20568 0.290527

-1.20568 0.290527
-1.20538 0.290809

-1.20538 0.290809
-1.20536 0.290833

-1.20536 0.290833
-1.20508 0.291096

-1.20508 0.291096
-1.20503 0.291138

-1.20503 0.291138
-1.20477 0.291383

-1.20477 0.291383
-1.20471 0.291443

-1.20471 0.291443
-1.20447 0.29167

-1.20447 0.29167
-1.20439 0.291748

-1.20439 0.291748
-1.20416 0.291956

-1.20416 0.291957
-1.20406 0.292053

-1.20406 0.292053
-1.20386 0.292243

-1.20386 0.292244
-1.20374 0.292358

-1.20374 0.292358
-1.20355 0.29253

-1.20355 0.292531
-1.20341 0.292664

-1.20341 0.292664
-1.20325 0.292817

-1.20325 0.292818
-1.20309 0.292969

-1.20309 0.292969
-1.20294 0.293104

-1.20294 0.293105
-1.20276 0.293274

-1.20276 0.293274
-1.20264 0.29339

-1.20264 0.293392
-1.20244 0.293579

-1.20244 0.293579
-1.20233 0.293677

-1.20233 0.293679
-1.20211 0.293884

-1.20211 0.293884
-1.20203 0.293963

-1.20203 0.293964
-1.20179 0.294189

-1.20179 0.294189
-1.20172 0.29425

-1.20172 0.29425
-1.20146 0.294495

-1.20146 0.294495
-1.20142 0.294536

-1.20142 0.294536
-1.20114 0.2948

-1.20113 0.2948
-1.20111 0.294822

-1.20111 0.294823
-1.20081 0.295105

-1.20081 0.295105
-1.20081 0.295108

-1.20081 0.295109
-1.2005 0.295395

-1.2005 0.295395
-1.20048 0.29541

-1.20048 0.29541
-1.2002 0.295681

-1.2002 0.295681
-1.20016 0.295715

-1.20016 0.295715
-1.19989 0.295966

-1.19989 0.295966
-1.19983 0.296021

-1.19983 0.296021
-1.19958 0.296252

-1.19958 0.296252
-1.19951 0.296326

-1.19951 0.296326
-1.19928 0.296537

-1.19928 0.296538
-1.19918 0.296631

-1.19918 0.296631
-1.19897 0.296822

-1.19897 0.296824
-1.19885 0.296936

-1.19885 0.296936
-1.19867 0.297108

-1.19867 0.29711
-1.19853 0.297241

-1.19853 0.297241
-1.19836 0.297394

-1.19836 0.297395
-1.1982 0.297546

-1.1982 0.297546
-1.19806 0.297679

-1.19806 0.297681
-1.19787 0.297852

-1.19788 0.297852
-1.19775 0.297965

-1.19775 0.297966
-1.19755 0.298157

-1.19755 0.298157
-1.19745 0.29825

-1.19745 0.298251
-1.19722 0.298462

-1.19722 0.298462
-1.19714 0.298535

-1.19714 0.298536
-1.1969 0.298767

-1.1969 0.298767
-1.19684 0.29882

-1.19684 0.29882
-1.19657 0.299072

-1.19657 0.299072
-1.19653 0.299105

-1.19653 0.299105
-1.19624 0.299377

-1.19624 0.299377
-1.19623 0.29939

-1.19623 0.29939
-1.19592 0.299675

-1.19592 0.299675
-1.19591 0.299683

-1.19591 0.299683
-1.19562 0.29996

-1.19562 0.29996
-1.19559 0.299988

-1.19559 0.299988
-1.19531 0.300244

-1.19531 0.300244
-1.19526 0.300293

-1.19526 0.300293
-1.19501 0.300528

-1.19501 0.300529
-1.19493 0.300598

-1.19493 0.300598
-1.1947 0.300812

-1.1947 0.300813
-1.19461 0.300903

-1.19461 0.300903
-1.1944 0.301096

-1.1944 0.301098
-1.19428 0.301208

-1.19428 0.301208
-1.19409 0.301381

-1.19409 0.301382
-1.19395 0.301514

-1.19395 0.301514
-1.19379 0.301665

-1.19379 0.301667
-1.19362 0.301819

-1.19362 0.301819
-1.19348 0.301949

-1.19348 0.301951
-1.19329 0.302124

-1.19329 0.302124
-1.19318 0.302234

-1.19318 0.302235
-1.19297 0.302429

-1.19297 0.302429
-1.19287 0.302518

-1.19287 0.302519
-1.19264 0.302734

-1.19264 0.302734
-1.19257 0.302801

-1.19257 0.302802
-1.19231 0.30304

-1.19231 0.30304
-1.19226 0.303085

-1.19226 0.303086
-1.19198 0.303345

-1.19198 0.303345
-1.19196 0.303369

-1.19196 0.303369
-1.19165 0.30365

-1.19165 0.30365
-1.19165 0.303653

-1.19165 0.303653
-1.19135 0.303936

-1.19135 0.303936
-1.19133 0.303955

-1.19133 0.303955
-1.19104 0.30422

-1.19104 0.30422
-1.191 0.30426

-1.191 0.30426
-1.19073 0.304503

-1.19073 0.304503
-1.19067 0.304565

-1.19067 0.304565
-1.19043 0.304786

-1.19043 0.304787
-1.19034 0.304871

-1.19034 0.304871
-1.19012 0.305068

-1.19012 0.30507
-1.19001 0.305176

-1.19001 0.305176
-1.18982 0.305352

-1.18982 0.305353
-1.18968 0.305481

-1.18968 0.305481
-1.18951 0.305635

-1.18951 0.305636
-1.18935 0.305786

-1.18935 0.305786
-1.18921 0.305918

-1.18921 0.30592
-1.18902 0.306091

-1.18902 0.306091
-1.1889 0.306201

-1.1889 0.306203
-1.18869 0.306396

-1.18869 0.306396
-1.1886 0.306484

-1.1886 0.306485
-1.18836 0.306702

-1.18836 0.306702
-1.18829 0.306766

-1.18829 0.306767
-1.18803 0.307007

-1.18803 0.307007
-1.18799 0.307049

-1.18799 0.307049
-1.1877 0.307312

-1.1877 0.307312
-1.18768 0.307332

-1.18768 0.307332
-1.18738 0.307614

-1.18738 0.307614
-1.18737 0.307617

-1.18737 0.307617
-1.18707 0.307897

-1.18707 0.307897
-1.18704 0.307922

-1.18704 0.307922
-1.18677 0.308179

-1.18677 0.308179
-1.18671 0.308228

-1.18672 0.308228
-1.18646 0.308461

-1.18646 0.308461
-1.18638 0.308533

-1.18639 0.308533
-1.18616 0.308742

-1.18616 0.308743
-1.18605 0.308838

-1.18606 0.308838
-1.18585 0.309024

-1.18585 0.309026
-1.18572 0.309143

-1.18572 0.309143
-1.18555 0.309306

-1.18555 0.309308
-1.18539 0.309448

-1.18539 0.309448
-1.18524 0.309588

-1.18524 0.30959
-1.18506 0.309753

-1.18506 0.309753
-1.18494 0.30987

-1.18494 0.309872
-1.18473 0.310059

-1.18473 0.310059
-1.18463 0.310151

-1.18463 0.310153
-1.1844 0.310364

-1.1844 0.310364
-1.18433 0.310433

-1.18433 0.310434
-1.18407 0.310669

-1.18407 0.310669
-1.18402 0.310715

-1.18402 0.310715
-1.18374 0.310974

-1.18374 0.310974
-1.18372 0.310996

-1.18372 0.310996
-1.18341 0.311278

-1.18341 0.311278
-1.18341 0.311279

-1.18341 0.311279
-1.18311 0.311559

-1.18311 0.311559
-1.18308 0.311584

-1.18308 0.311584
-1.1828 0.31184

-1.1828 0.31184
-1.18275 0.31189

-1.18275 0.31189
-1.1825 0.312121

-1.1825 0.312121
-1.18241 0.312195

-1.18242 0.312195
-1.18219 0.312401

-1.18219 0.312402
-1.18208 0.3125

-1.18208 0.3125
-1.18188 0.312681

-1.18188 0.312683
-1.18175 0.312805

-1.18175 0.312805
-1.18158 0.312962

-1.18158 0.312964
-1.18142 0.31311

-1.18142 0.31311
-1.18127 0.313243

-1.18127 0.313245
-1.18109 0.313416

-1.18109 0.313416
-1.18097 0.313524

-1.18097 0.313526
-1.18075 0.313721

-1.18076 0.313721
-1.18066 0.313805

-1.18066 0.313806
-1.18042 0.314026

-1.18042 0.314026
-1.18036 0.314085

-1.18036 0.314086
-1.18009 0.314331

-1.18009 0.314331
-1.18005 0.314365

-1.18005 0.314366
-1.17976 0.314636

-1.17976 0.314636
-1.17975 0.314646

-1.17975 0.314646
-1.17944 0.314926

-1.17944 0.314926
-1.17943 0.314941

-1.17943 0.314941
-1.17914 0.315206

-1.17914 0.315206
-1.17909 0.315247

-1.17909 0.315247
-1.17883 0.315486

-1.17883 0.315486
-1.17876 0.315552

-1.17876 0.315552
-1.17853 0.315765

-1.17853 0.315766
-1.17843 0.315857

-1.17843 0.315857
-1.17822 0.316044

-1.17822 0.316046
-1.1781 0.316162

-1.1781 0.316162
-1.17792 0.316324

-1.17792 0.316326
-1.17776 0.316467

-1.17776 0.316467
-1.17761 0.316604

-1.17761 0.316606
-1.17743 0.316772

-1.17743 0.316772
-1.17731 0.316884

-1.17731 0.316886
-1.1771 0.317078

-1.1771 0.317078
-1.177 0.317163

-1.177 0.317164
-1.17676 0.317383

-1.17676 0.317383
-1.1767 0.317443

-1.1767 0.317443
-1.17643 0.317688

-1.17643 0.317688
-1.17639 0.317722

-1.17639 0.317722
-1.1761 0.317993

-1.1761 0.317993
-1.17609 0.318001

-1.17609 0.318002
-1.17578 0.318281

-1.17578 0.318281
-1.17576 0.318298

-1.17576 0.318298
-1.17548 0.31856

-1.17548 0.31856
-1.17543 0.318604

-1.17543 0.318604
-1.17517 0.318838

-1.17517 0.318839
-1.17509 0.318909

-1.17509 0.318909
-1.17487 0.319117

-1.17487 0.319118
-1.17476 0.319214

-1.17476 0.319214
-1.17456 0.319395

-1.17456 0.319397
-1.17443 0.319519

-1.17443 0.319519
-1.17426 0.319674

-1.17426 0.319676
-1.17409 0.319824

-1.17409 0.319824
-1.17395 0.319953

-1.17395 0.319955
-1.17376 0.320129

-1.17376 0.320129
-1.17365 0.320231

-1.17365 0.320233
-1.17342 0.320435

-1.17342 0.320435
-1.17334 0.32051

-1.17334 0.32051
-1.17309 0.32074

-1.17309 0.32074
-1.17303 0.320788

-1.17303 0.320788
-1.17275 0.321045

-1.17275 0.321045
-1.17273 0.321066

-1.17273 0.321067
-1.17242 0.321345

-1.17242 0.321345
-1.17242 0.32135

-1.17242 0.32135
-1.17212 0.321623

-1.17212 0.321623
-1.17208 0.321655

-1.17208 0.321655
-1.17181 0.321901

-1.17181 0.321901
-1.17175 0.32196

-1.17175 0.32196
-1.17151 0.322178

-1.17151 0.322179
-1.17141 0.322266

-1.17141 0.322266
-1.1712 0.322455

-1.1712 0.322457
-1.17108 0.322571

-1.17108 0.322571
-1.1709 0.322733

-1.1709 0.322735
-1.17074 0.322876

-1.17074 0.322876
-1.17059 0.323011

-1.17059 0.323013
-1.17041 0.323181

-1.17041 0.323181
-1.17029 0.323288

-1.17029 0.32329
-1.17007 0.323486

-1.17007 0.323486
-1.16998 0.323566

-1.16998 0.323567
-1.16974 0.323792

-1.16973 0.323792
-1.16968 0.323843

-1.16968 0.323844
-1.1694 0.324097

-1.1694 0.324097
-1.16937 0.324121

-1.16937 0.324121
-1.16907 0.324398

-1.16907 0.324398
-1.16906 0.324402

-1.16906 0.324402
-1.16876 0.324675

-1.16876 0.324675
-1.16873 0.324707

-1.16873 0.324707
-1.16846 0.324952

-1.16846 0.324952
-1.16839 0.325012

-1.16839 0.325012
-1.16815 0.325229

-1.16815 0.325229
-1.16805 0.325317

-1.16806 0.325317
-1.16785 0.325505

-1.16785 0.325507
-1.16772 0.325623

-1.16772 0.325623
-1.16754 0.325782

-1.16754 0.325784
-1.16738 0.325928

-1.16738 0.325928
-1.16724 0.326059

-1.16724 0.326061
-1.16704 0.326233

-1.16704 0.326233
-1.16693 0.326335

-1.16693 0.326337
-1.16671 0.326538

-1.16671 0.326538
-1.16663 0.326612

-1.16663 0.326613
-1.16637 0.326843

-1.16637 0.326843
-1.16632 0.326888

-1.16632 0.326889
-1.16603 0.327148

-1.16603 0.327148
-1.16602 0.327165

-1.16602 0.327165
-1.16571 0.327441

-1.16571 0.327441
-1.1657 0.327454

-1.1657 0.327454
-1.16541 0.327717

-1.16541 0.327717
-1.16536 0.327759

-1.16536 0.327759
-1.1651 0.327993

-1.1651 0.327994
-1.16502 0.328064

-1.16502 0.328064
-1.16479 0.328269

-1.16479 0.32827
-1.16468 0.328369

-1.16469 0.328369
-1.16449 0.328544

-1.16449 0.328546
-1.16435 0.328674

-1.16435 0.328674
-1.16418 0.32882

-1.16418 0.328822
-1.16401 0.328979

-1.16401 0.328979
-1.16388 0.329096

-1.16388 0.329098
-1.16367 0.329285

-1.16367 0.329285
-1.16357 0.329372

-1.16357 0.329373
-1.16333 0.32959

-1.16333 0.32959
-1.16327 0.329648

-1.16327 0.329648
-1.163 0.329895

-1.163 0.329895
-1.16296 0.329923

-1.16296 0.329924
-1.16266 0.330199

-1.16266 0.330199
-1.16266 0.3302

-1.16266 0.3302
-1.16235 0.330474

-1.16235 0.330474
-1.16232 0.330505

-1.16232 0.330505
-1.16205 0.330749

-1.16205 0.33075
-1.16198 0.330811

-1.16198 0.330811
-1.16174 0.331024

-1.16174 0.331025
-1.16164 0.331116

-1.16164 0.331116
-1.16144 0.331298

-1.16144 0.3313
-1.1613 0.331421

-1.1613 0.331421
-1.16113 0.331573

-1.16113 0.331576
-1.16096 0.331726

-1.16096 0.331726
-1.16083 0.331849

-1.16083 0.331851
-1.16062 0.332031

-1.16063 0.332031
-1.16052 0.332124

-1.16052 0.332125
-1.16029 0.332336

-1.16029 0.332336
-1.16022 0.332398

-1.16022 0.332399
-1.15995 0.332642

-1.15995 0.332642
-1.15991 0.332673

-1.15991 0.332674
-1.15961 0.332947

-1.15961 0.332947
-1.15961 0.332948

-1.15961 0.332948
-1.1593 0.333222

-1.1593 0.333222
-1.15927 0.333252

-1.15927 0.333252
-1.159 0.333497

-1.159 0.333497
-1.15893 0.333557

-1.15893 0.333557
-1.15869 0.333771

-1.15869 0.333772
-1.15859 0.333862

-1.15859 0.333862
-1.15839 0.334044

-1.15839 0.334046
-1.15825 0.334167

-1.15825 0.334167
-1.15808 0.334318

-1.15808 0.334321
-1.15791 0.334473

-1.15791 0.334473
-1.15778 0.334593

-1.15778 0.334595
-1.15757 0.334778

-1.15757 0.334778
-1.15747 0.334867

-1.15747 0.334868
-1.15723 0.335083

-1.15723 0.335083
-1.15717 0.335141

-1.15717 0.335141
-1.15689 0.335388

-1.15689 0.335388
-1.15686 0.335415

-1.15686 0.335415
-1.15656 0.335689

-1.15656 0.335689
-1.15655 0.335693

-1.15655 0.335693
-1.15625 0.335962

-1.15625 0.335962
-1.15621 0.335999

-1.15621 0.335999
-1.15594 0.336236

-1.15594 0.336236
-1.15587 0.336304

-1.15587 0.336304
-1.15564 0.336509

-1.15564 0.33651
-1.15553 0.336609

-1.15553 0.336609
-1.15533 0.336781

-1.15533 0.336783
-1.15519 0.336914

-1.15519 0.336914
-1.15503 0.337055

-1.15503 0.337057
-1.15485 0.337219

-1.15485 0.337219
-1.15472 0.337328

-1.15472 0.33733
-1.15451 0.337524

-1.15451 0.337524
-1.15442 0.337602

-1.15442 0.337602
-1.15416 0.33783

-1.15416 0.33783
-1.15411 0.337875

-1.15411 0.337875
-1.15382 0.338135

-1.15382 0.338135
-1.15381 0.338148

-1.15381 0.338148
-1.1535 0.338421

-1.1535 0.338421
-1.15348 0.33844

-1.15348 0.33844
-1.1532 0.338694

-1.1532 0.338694
-1.15314 0.338745

-1.15314 0.338745
-1.15289 0.338966

-1.15289 0.338966
-1.1528 0.33905

-1.1528 0.33905
-1.15259 0.339238

-1.15259 0.339239
-1.15246 0.339355

-1.15246 0.339355
-1.15228 0.33951

-1.15228 0.339512
-1.15211 0.339661

-1.15212 0.339661
-1.15198 0.339783

-1.15198 0.339785
-1.15177 0.339966

-1.15177 0.339966
-1.15167 0.340055

-1.15167 0.340056
-1.15143 0.340271

-1.15143 0.340271
-1.15137 0.340328

-1.15137 0.340328
-1.15109 0.340576

-1.15109 0.340576
-1.15106 0.3406

-1.15106 0.3406
-1.15076 0.340872

-1.15076 0.340872
-1.15075 0.340881

-1.15075 0.340881
-1.15045 0.341144

-1.15045 0.341144
-1.1504 0.341187

-1.1504 0.341187
-1.15015 0.341416

-1.15015 0.341416
-1.15006 0.341492

-1.15006 0.341492
-1.14984 0.341687

-1.14984 0.341689
-1.14972 0.341797

-1.14972 0.341797
-1.14954 0.341958

-1.14954 0.341961
-1.14938 0.342102

-1.14938 0.342102
-1.14923 0.34223

-1.14923 0.342233
-1.14903 0.342407

-1.14903 0.342407
-1.14893 0.342502

-1.14893 0.342503
-1.14869 0.342712

-1.14869 0.342712
-1.14862 0.342774

-1.14862 0.342774
-1.14835 0.343018

-1.14835 0.343018
-1.14832 0.343045

-1.14832 0.343046
-1.14801 0.343317

-1.14801 0.343317
-1.148 0.343323

-1.148 0.343323
-1.14771 0.343588

-1.14771 0.343588
-1.14766 0.343628

-1.14766 0.343628
-1.1474 0.343859

-1.1474 0.34386
-1.14732 0.343933

-1.14732 0.343933
-1.14709 0.34413

-1.14709 0.344131
-1.14697 0.344238

-1.14697 0.344238
-1.14679 0.3444

-1.14679 0.344402
-1.14663 0.344543

-1.14663 0.344543
-1.14648 0.344671

-1.14648 0.344673
-1.14628 0.344849

-1.14629 0.344849
-1.14618 0.344942

-1.14618 0.344943
-1.14594 0.345154

-1.14594 0.345154
-1.14587 0.345213

-1.14587 0.345214
-1.1456 0.345459

-1.1456 0.345459
-1.14557 0.345484

-1.14557 0.345484
-1.14526 0.345755

-1.14526 0.345755
-1.14525 0.345764

-1.14525 0.345764
-1.14496 0.346025

-1.14496 0.346025
-1.14491 0.346069

-1.14491 0.346069
-1.14465 0.346295

-1.14465 0.346296
-1.14456 0.346375

-1.14456 0.346375
-1.14435 0.346565

-1.14435 0.346566
-1.14422 0.34668

-1.14422 0.34668
-1.14404 0.346835

-1.14404 0.346837
-1.14387 0.346985

-1.14387 0.346985
-1.14374 0.347105

-1.14374 0.347107
-1.14353 0.34729

-1.14353 0.34729
-1.14343 0.347375

-1.14343 0.347376
-1.14318 0.347595

-1.14318 0.347595
-1.14313 0.347645

-1.14313 0.347646
-1.14284 0.3479

-1.14284 0.3479
-1.14282 0.347915

-1.14282 0.347916
-1.14252 0.348185

-1.14252 0.348185
-1.14249 0.348206

-1.14249 0.348206
-1.14221 0.348455

-1.14221 0.348455
-1.14215 0.348511

-1.14215 0.348511
-1.14191 0.348725

-1.14191 0.348725
-1.1418 0.348816

-1.1418 0.348816
-1.1416 0.348993

-1.1416 0.348995
-1.14146 0.349121

-1.14146 0.349121
-1.1413 0.349263

-1.1413 0.349265
-1.14111 0.349426

-1.14111 0.349426
-1.14099 0.349532

-1.14099 0.349534
-1.14077 0.349731

-1.14077 0.349731
-1.14069 0.349802

-1.14069 0.349802
-1.14042 0.350037

-1.14042 0.350037
-1.14038 0.350071

-1.14038 0.350071
-1.14008 0.35034

-1.14008 0.35034
-1.14007 0.350342

-1.14007 0.350342
-1.13977 0.350609

-1.13977 0.350609
-1.13973 0.350647

-1.13973 0.350647
-1.13947 0.350878

-1.13947 0.350879
-1.13938 0.350952

-1.13938 0.350952
-1.13916 0.351147

-1.13916 0.351148
-1.13903 0.351257

-1.13904 0.351257
-1.13885 0.351415

-1.13885 0.351417
-1.13869 0.351562

-1.13869 0.351562
-1.13855 0.351684

-1.13855 0.351686
-1.13834 0.351868

-1.13834 0.351868
-1.13824 0.351953

-1.13824 0.351953
-1.138 0.352173

-1.13799 0.352173
-1.13794 0.352221

-1.13794 0.352222
-1.13765 0.352478

-1.13765 0.352478
-1.13763 0.35249

-1.13763 0.35249
-1.13733 0.352758

-1.13733 0.352758
-1.1373 0.352783

-1.1373 0.352783
-1.13702 0.353027

-1.13702 0.353027
-1.13695 0.353088

-1.13695 0.353088
-1.13672 0.353295

-1.13672 0.353295
-1.13661 0.353394

-1.13661 0.353394
-1.13641 0.353562

-1.13641 0.353564
-1.13626 0.353699

-1.13626 0.353699
-1.13611 0.35383

-1.13611 0.353832
-1.13591 0.354004

-1.13591 0.354004
-1.1358 0.354098

-1.1358 0.354099
-1.13556 0.354309

-1.13556 0.354309
-1.1355 0.354366

-1.1355 0.354367
-1.13522 0.354614

-1.13522 0.354614
-1.13519 0.354634

-1.13519 0.354635
-1.13489 0.354902

-1.13489 0.354902
-1.13487 0.354919

-1.13487 0.354919
-1.13458 0.35517

-1.13458 0.35517
-1.13452 0.355225

-1.13452 0.355225
-1.13428 0.355437

-1.13428 0.355438
-1.13417 0.35553

-1.13417 0.35553
-1.13397 0.355704

-1.13397 0.355706
-1.13382 0.355835

-1.13382 0.355835
-1.13367 0.355971

-1.13367 0.355974
-1.13347 0.35614

-1.13348 0.35614
-1.13336 0.356239

-1.13336 0.35624
-1.13313 0.356445

-1.13313 0.356445
-1.13306 0.356506

-1.13306 0.356507
-1.13278 0.35675

-1.13278 0.35675
-1.13275 0.356773

-1.13275 0.356774
-1.13245 0.357041

-1.13245 0.357041
-1.13243 0.357056

-1.13243 0.357056
-1.13214 0.357308

-1.13214 0.357308
-1.13208 0.357361

-1.13208 0.357361
-1.13184 0.357575

-1.13184 0.357575
-1.13173 0.357666

-1.13173 0.357666
-1.13153 0.357841

-1.13153 0.357843
-1.13138 0.357971

-1.13138 0.357971
-1.13123 0.358107

-1.13123 0.35811
-1.13103 0.358276

-1.13103 0.358276
-1.13092 0.358374

-1.13092 0.358375
-1.13068 0.358582

-1.13068 0.358582
-1.13062 0.358641

-1.13062 0.358642
-1.13033 0.358887

-1.13033 0.358887
-1.13031 0.358907

-1.13031 0.358908
-1.13 0.359174

-1.13 0.359174
-1.12998 0.359192

-1.12998 0.359192
-1.1297 0.359441

-1.1297 0.359441
-1.12963 0.359497

-1.12964 0.359497
-1.12939 0.359707

-1.12939 0.359707
-1.12929 0.359802

-1.12929 0.359802
-1.12909 0.359972

-1.12909 0.359974
-1.12893 0.360107

-1.12894 0.360107
-1.12878 0.360238

-1.12878 0.36024
-1.12858 0.360413

-1.12859 0.360413
-1.12848 0.360504

-1.12848 0.360505
-1.12824 0.360718

-1.12823 0.360718
-1.12817 0.360771

-1.12817 0.360771
-1.12788 0.361023

-1.12788 0.361023
-1.12787 0.361036

-1.12787 0.361037
-1.12756 0.361303

-1.12756 0.361303
-1.12753 0.361328

-1.12753 0.361328
-1.12726 0.361568

-1.12726 0.361568
-1.12718 0.361633

-1.12718 0.361633
-1.12695 0.361834

-1.12695 0.361835
-1.12683 0.361938

-1.12683 0.361938
-1.12665 0.362098

-1.12665 0.362101
-1.12648 0.362244

-1.12648 0.362244
-1.12634 0.362364

-1.12634 0.362366
-1.12613 0.362549

-1.12613 0.362549
-1.12604 0.36263

-1.12604 0.36263
-1.12578 0.362854

-1.12578 0.362854
-1.12573 0.362895

-1.12573 0.362896
-1.12543 0.363159

-1.12543 0.363159
-1.12543 0.36316

-1.12543 0.363161
-1.12512 0.363426

-1.12512 0.363426
-1.12508 0.363464

-1.12508 0.363464
-1.12482 0.363691

-1.12482 0.363691
-1.12473 0.36377

-1.12473 0.36377
-1.12451 0.363955

-1.12451 0.363957
-1.12437 0.364075

-1.12438 0.364075
-1.12421 0.364219

-1.12421 0.364222
-1.12402 0.36438

-1.12402 0.36438
-1.1239 0.364485

-1.1239 0.364486
-1.12367 0.364685

-1.12367 0.364685
-1.1236 0.36475

-1.1236 0.36475
-1.12332 0.36499

-1.12332 0.36499
-1.12329 0.365014

-1.12329 0.365015
-1.12299 0.365279

-1.12299 0.365279
-1.12297 0.365295

-1.12297 0.365295
-1.12268 0.365544

-1.12268 0.365544
-1.12262 0.365601

-1.12262 0.365601
-1.12238 0.365808

-1.12238 0.365809
-1.12226 0.365906

-1.12226 0.365906
-1.12207 0.366072

-1.12207 0.366074
-1.12191 0.366211

-1.12191 0.366211
-1.12177 0.366336

-1.12177 0.366338
-1.12156 0.366516

-1.12156 0.366516
-1.12146 0.3666

-1.12146 0.366601
-1.12121 0.366821

-1.1212 0.366821
-1.12115 0.366865

-1.12115 0.366865
-1.12085 0.367126

-1.12085 0.367126
-1.12085 0.367129

-1.12085 0.367129
-1.12054 0.367393

-1.12054 0.367393
-1.1205 0.367432

-1.1205 0.367432
-1.12024 0.367657

-1.12024 0.367657
-1.12015 0.367737

-1.12015 0.367737
-1.11993 0.36792

-1.11993 0.367922
-1.11979 0.368042

-1.11979 0.368042
-1.11963 0.368183

-1.11963 0.368186
-1.11944 0.368347

-1.11944 0.368347
-1.11932 0.368447

-1.11932 0.368448
-1.11909 0.368652

-1.11909 0.368652
-1.11902 0.368711

-1.11902 0.368711
-1.11873 0.368958

-1.11873 0.368958
-1.11871 0.368974

-1.11871 0.368975
-1.11841 0.369238

-1.11841 0.369238
-1.11838 0.369263

-1.11838 0.369263
-1.1181 0.369501

-1.1181 0.369502
-1.11803 0.369568

-1.11803 0.369568
-1.1178 0.369764

-1.1178 0.369765
-1.11767 0.369873

-1.11767 0.369873
-1.11749 0.370026

-1.11749 0.370029
-1.11732 0.370178

-1.11732 0.370178
-1.11719 0.37029

-1.11719 0.370291
-1.11696 0.370483

-1.11696 0.370483
-1.11688 0.370553

-1.11688 0.370554
-1.11661 0.370789

-1.11661 0.370789
-1.11658 0.370816

-1.11658 0.370817
-1.11627 0.371079

-1.11627 0.371079
-1.11626 0.371094

-1.11626 0.371094
-1.11597 0.371342

-1.11597 0.371342
-1.1159 0.371399

-1.1159 0.371399
-1.11566 0.371605

-1.11566 0.371605
-1.11555 0.371704

-1.11555 0.371704
-1.11536 0.371866

-1.11536 0.371869
-1.11519 0.372009

-1.11519 0.372009
-1.11505 0.372129

-1.11505 0.372131
-1.11484 0.372314

-1.11484 0.372314
-1.11475 0.372392

-1.11475 0.372392
-1.11448 0.37262

-1.11448 0.37262
-1.11444 0.372654

-1.11444 0.372655
-1.11414 0.372917

-1.11414 0.372917
-1.11413 0.372925

-1.11413 0.372925
-1.11383 0.373179

-1.11383 0.373179
-1.11377 0.37323

-1.11377 0.37323
-1.11353 0.373441

-1.11353 0.373442
-1.11342 0.373535

-1.11342 0.373535
-1.11322 0.373702

-1.11322 0.373704
-1.11306 0.37384

-1.11306 0.37384
-1.11292 0.373964

-1.11292 0.373966
-1.1127 0.374146

-1.1127 0.374146
-1.11261 0.374226

-1.11261 0.374227
-1.11235 0.374451

-1.11235 0.374451
-1.1123 0.374488

-1.1123 0.374489
-1.112 0.37475

-1.112 0.37475
-1.11199 0.374756

-1.11199 0.374756
-1.11169 0.375012

-1.11169 0.375012
-1.11164 0.375061

-1.11164 0.375061
-1.11139 0.375274

-1.11139 0.375274
-1.11128 0.375366

-1.11128 0.375366
-1.11108 0.375534

-1.11108 0.375536
-1.11092 0.375671

-1.11093 0.375671
-1.11078 0.375795

-1.11078 0.375797
-1.11057 0.375977

-1.11057 0.375977
-1.11047 0.376057

-1.11047 0.376058
-1.11021 0.376282

-1.11021 0.376282
-1.11017 0.376318

-1.11017 0.376319
-1.10986 0.37658

-1.10986 0.37658
-1.10986 0.376587

-1.10986 0.376587
-1.10956 0.376841

-1.10956 0.376841
-1.1095 0.376892

-1.1095 0.376892
-1.10925 0.377102

-1.10925 0.377103
-1.10914 0.377197

-1.10914 0.377197
-1.10895 0.377362

-1.10895 0.377364
-1.10878 0.377502

-1.10879 0.377502
-1.10864 0.377623

-1.10864 0.377624
-1.10843 0.377808

-1.10843 0.377808
-1.10834 0.377884

-1.10834 0.377885
-1.10807 0.378113

-1.10807 0.378113
-1.10803 0.378145

-1.10803 0.378145
-1.10773 0.378406

-1.10773 0.378406
-1.10771 0.378418

-1.10771 0.378418
-1.10742 0.378666

-1.10742 0.378666
-1.10736 0.378723

-1.10736 0.378723
-1.10712 0.378927

-1.10712 0.378927
-1.107 0.379028

-1.107 0.379028
-1.10681 0.379186

-1.10681 0.379189
-1.10664 0.379333

-1.10664 0.379333
-1.10651 0.379446

-1.10651 0.379448
-1.10628 0.379639

-1.10628 0.379639
-1.1062 0.379707

-1.1062 0.379708
-1.10592 0.379944

-1.10592 0.379944
-1.1059 0.379967

-1.1059 0.379968
-1.10559 0.380228

-1.10559 0.380228
-1.10557 0.380249

-1.10557 0.380249
-1.10529 0.380488

-1.10529 0.380488
-1.10521 0.380554

-1.10521 0.380554
-1.10498 0.380747

-1.10498 0.380748
-1.10485 0.380859

-1.10485 0.380859
-1.10468 0.381006

-1.10468 0.381009
-1.10449 0.381165

-1.10449 0.381165
-1.10437 0.381266

-1.10437 0.381267
-1.10413 0.38147

-1.10413 0.38147
-1.10406 0.381526

-1.10406 0.381527
-1.10377 0.381775

-1.10377 0.381775
-1.10376 0.381786

-1.10376 0.381786
-1.10345 0.382046

-1.10345 0.382046
-1.10341 0.38208

-1.10341 0.38208
-1.10315 0.382305

-1.10315 0.382305
-1.10305 0.382385

-1.10306 0.382385
-1.10284 0.382564

-1.10284 0.382566
-1.1027 0.38269

-1.1027 0.38269
-1.10254 0.382823

-1.10254 0.382825
-1.10234 0.382996

-1.10234 0.382996
-1.10223 0.383082

-1.10223 0.383083
-1.10198 0.383301

-1.10198 0.383301
-1.10193 0.383341

-1.10193 0.383342
-1.10162 0.383601

-1.10162 0.383601
-1.10162 0.383606

-1.10162 0.383606
-1.10132 0.38386

-1.10132 0.38386
-1.10126 0.383911

-1.10126 0.383911
-1.10101 0.384119

-1.10101 0.384119
-1.1009 0.384216

-1.1009 0.384216
-1.10071 0.384377

-1.10071 0.384379
-1.10054 0.384521

-1.10054 0.384521
-1.1004 0.384635

-1.1004 0.384637
-1.10018 0.384827

-1.10018 0.384827
-1.1001 0.384894

-1.1001 0.384895
-1.09982 0.385132

-1.09982 0.385132
-1.09979 0.385153

-1.09979 0.385153
-1.09949 0.385412

-1.09949 0.385412
-1.09946 0.385437

-1.09946 0.385437
-1.09918 0.38567

-1.09918 0.385671
-1.0991 0.385742

-1.0991 0.385742
-1.09888 0.385928

-1.09888 0.38593
-1.09874 0.386047

-1.09874 0.386047
-1.09857 0.386186

-1.09857 0.386188
-1.09838 0.386353

-1.09838 0.386353
-1.09827 0.386444

-1.09827 0.386445
-1.09802 0.386658

-1.09801 0.386658
-1.09796 0.386703

-1.09796 0.386703
-1.09766 0.386961

-1.09766 0.386961
-1.09765 0.386963

-1.09765 0.386963
-1.09735 0.387219

-1.09735 0.387219
-1.09729 0.387268

-1.09729 0.387268
-1.09705 0.387477

-1.09705 0.387478
-1.09693 0.387573

-1.09693 0.387573
-1.09674 0.387734

-1.09674 0.387736
-1.09657 0.387878

-1.09657 0.387878
-1.09644 0.387991

-1.09644 0.387993
-1.09621 0.388184

-1.09621 0.388184
-1.09613 0.388249

-1.09613 0.38825
-1.09585 0.388489

-1.09585 0.388489
-1.09583 0.388507

-1.09583 0.388508
-1.09552 0.388765

-1.09552 0.388765
-1.09549 0.388794

-1.09549 0.388794
-1.09521 0.389023

-1.09521 0.389023
-1.09512 0.389099

-1.09512 0.389099
-1.09491 0.38928

-1.09491 0.389281
-1.09476 0.389404

-1.09476 0.389404
-1.0946 0.389536

-1.0946 0.389538
-1.0944 0.389709

-1.0944 0.389709
-1.0943 0.389794

-1.0943 0.389795
-1.09404 0.390015

-1.09404 0.390015
-1.09399 0.390051

-1.09399 0.390052
-1.09369 0.390309

-1.09369 0.390309
-1.09368 0.39032

-1.09368 0.39032
-1.09338 0.390566

-1.09338 0.390566
-1.09331 0.390625

-1.09331 0.390625
-1.09308 0.390823

-1.09308 0.390823
-1.09295 0.39093

-1.09295 0.39093
-1.09277 0.391078

-1.09277 0.39108
-1.09259 0.391235

-1.09259 0.391235
-1.09247 0.391335

-1.09247 0.391336
-1.09223 0.391541

-1.09222 0.391541
-1.09216 0.391592

-1.09216 0.391593
-1.09186 0.391846

-1.09186 0.391846
-1.09186 0.391849

-1.09186 0.39185
-1.09155 0.392106

-1.09155 0.392106
-1.0915 0.392151

-1.0915 0.392151
-1.09125 0.392363

-1.09125 0.392363
-1.09114 0.392456

-1.09114 0.392456
-1.09094 0.392618

-1.09094 0.39262
-1.09077 0.392761

-1.09077 0.392761
-1.09064 0.392874

-1.09064 0.392876
-1.09041 0.393066

-1.09041 0.393066
-1.09033 0.393131

-1.09033 0.393132
-1.09005 0.393372

-1.09005 0.393372
-1.09003 0.393387

-1.09003 0.393388
-1.08972 0.393644

-1.08972 0.393644
-1.08968 0.393677

-1.08968 0.393677
-1.08942 0.3939

-1.08942 0.3939
-1.08932 0.393982

-1.08932 0.393982
-1.08911 0.394156

-1.08911 0.394157
-1.08895 0.394287

-1.08896 0.394287
-1.08881 0.394411

-1.08881 0.394412
-1.08859 0.394592

-1.08859 0.394592
-1.0885 0.394667

-1.0885 0.394668
-1.08823 0.394897

-1.08823 0.394897
-1.0882 0.394923

-1.0882 0.394924
-1.08789 0.395179

-1.08789 0.395179
-1.08786 0.395203

-1.08786 0.395203
-1.08759 0.395435

-1.08759 0.395435
-1.0875 0.395508

-1.0875 0.395508
-1.08728 0.39569

-1.08728 0.395692
-1.08713 0.395813

-1.08714 0.395813
-1.08698 0.395945

-1.08698 0.395947
-1.08677 0.396118

-1.08677 0.396118
-1.08667 0.396201

-1.08667 0.396202
-1.08641 0.396423

-1.0864 0.396423
-1.08636 0.396456

-1.08636 0.396457
-1.08606 0.396712

-1.08606 0.396712
-1.08604 0.396729

-1.08604 0.396729
-1.08575 0.396968

-1.08575 0.396968
-1.08568 0.397034

-1.08568 0.397034
-1.08545 0.397223

-1.08545 0.397224
-1.08531 0.397339

-1.08531 0.397339
-1.08514 0.397477

-1.08514 0.397479
-1.08495 0.397644

-1.08495 0.397644
-1.08484 0.397732

-1.08484 0.397733
-1.08458 0.397949

-1.08458 0.397949
-1.08453 0.397987

-1.08453 0.397988
-1.08423 0.398243

-1.08423 0.398243
-1.08421 0.398254

-1.08421 0.398254
-1.08392 0.398498

-1.08392 0.398498
-1.08385 0.39856

-1.08385 0.39856
-1.08362 0.398753

-1.08362 0.398754
-1.08348 0.398865

-1.08349 0.398865
-1.08331 0.399006

-1.08331 0.399008
-1.08312 0.39917

-1.08312 0.39917
-1.08301 0.399261

-1.08301 0.399262
-1.08275 0.399475

-1.08275 0.399475
-1.0827 0.399516

-1.0827 0.399517
-1.0824 0.399771

-1.0824 0.399771
-1.08239 0.39978

-1.08239 0.39978
-1.08209 0.400026

-1.08209 0.400026
-1.08202 0.400085

-1.08202 0.400085
-1.08179 0.40028

-1.08179 0.400281
-1.08165 0.400391

-1.08166 0.400391
-1.08148 0.400533

-1.08148 0.400535
-1.08129 0.400696

-1.08129 0.400696
-1.08118 0.400788

-1.08118 0.400789
-1.08092 0.401001

-1.08092 0.401001
-1.08087 0.401042

-1.08087 0.401043
-1.08057 0.401297

-1.08057 0.401297
-1.08056 0.401306

-1.08056 0.401306
-1.08026 0.401551

-1.08026 0.401551
-1.08019 0.401611

-1.08019 0.401611
-1.07996 0.401805

-1.07996 0.401806
-1.07982 0.401917

-1.07982 0.401917
-1.07965 0.402058

-1.07965 0.40206
-1.07946 0.402222

-1.07946 0.402222
-1.07935 0.402312

-1.07935 0.402313
-1.07909 0.402527

-1.07909 0.402527
-1.07904 0.402566

-1.07904 0.402567
-1.07874 0.402821

-1.07874 0.402821
-1.07872 0.402832

-1.07872 0.402832
-1.07843 0.403074

-1.07843 0.403075
-1.07835 0.403137

-1.07835 0.403137
-1.07812 0.403328

-1.07812 0.403329
-1.07799 0.403442

-1.07799 0.403442
-1.07782 0.403581

-1.07782 0.403582
-1.07762 0.403748

-1.07762 0.403748
-1.07751 0.403834

-1.07751 0.403835
-1.07725 0.404053

-1.07725 0.404053
-1.07721 0.404088

-1.07721 0.404089
-1.0769 0.404342

-1.0769 0.404342
-1.07689 0.404358

-1.07689 0.404358
-1.0766 0.404595

-1.0766 0.404596
-1.07652 0.404663

-1.07652 0.404663
-1.07629 0.404849

-1.07629 0.40485
-1.07615 0.404968

-1.07615 0.404968
-1.07599 0.405101

-1.07599 0.405103
-1.07578 0.405273

-1.07578 0.405273
-1.07568 0.405354

-1.07568 0.405355
-1.07541 0.405579

-1.07541 0.405579
-1.07538 0.405608

-1.07538 0.405608
-1.07507 0.405861

-1.07507 0.405861
-1.07505 0.405884

-1.07505 0.405884
-1.07477 0.406114

-1.07477 0.406115
-1.07468 0.406189

-1.07468 0.406189
-1.07446 0.406367

-1.07446 0.406368
-1.07431 0.406494

-1.07431 0.406494
-1.07416 0.406619

-1.07416 0.40662
-1.07394 0.406799

-1.07394 0.406799
-1.07385 0.406872

-1.07385 0.406873
-1.07357 0.407104

-1.07357 0.407104
-1.07355 0.407125

-1.07355 0.407125
-1.07324 0.407378

-1.07324 0.407378
-1.0732 0.40741

-1.0732 0.40741
-1.07294 0.407631

-1.07294 0.407631
-1.07283 0.407715

-1.07284 0.407715
-1.07263 0.407883

-1.07263 0.407885
-1.07247 0.40802

-1.07247 0.40802
-1.07233 0.408135

-1.07233 0.408136
-1.0721 0.408325

-1.0721 0.408325
-1.07202 0.408387

-1.07202 0.408388
-1.07173 0.40863

-1.07173 0.40863
-1.07172 0.40864

-1.07172 0.408641
-1.07141 0.408893

-1.07141 0.408893
-1.07136 0.408936

-1.07136 0.408936
-1.07111 0.409145

-1.07111 0.409146
-1.07099 0.409241

-1.07099 0.409241
-1.0708 0.409397

-1.0708 0.409398
-1.07062 0.409546

-1.07062 0.409546
-1.0705 0.409648

-1.0705 0.409649
-1.07025 0.409851

-1.07025 0.409851
-1.07019 0.409901

-1.07019 0.409901
-1.06989 0.410153

-1.06989 0.410153
-1.06988 0.410156

-1.06988 0.410156
-1.06958 0.410405

-1.06958 0.410405
-1.06951 0.410461

-1.06951 0.410461
-1.06927 0.410657

-1.06927 0.410658
-1.06914 0.410767

-1.06914 0.410767
-1.06897 0.410908

-1.06897 0.41091
-1.06877 0.411072

-1.06877 0.411072
-1.06866 0.41116

-1.06866 0.411161
-1.0684 0.411377

-1.0684 0.411377
-1.06836 0.411412

-1.06836 0.411412
-1.06805 0.411664

-1.06805 0.411664
-1.06803 0.411682

-1.06803 0.411682
-1.06775 0.411916

-1.06775 0.411916
-1.06766 0.411987

-1.06766 0.411987
-1.06744 0.412167

-1.06744 0.412168
-1.06729 0.412292

-1.06729 0.412292
-1.06714 0.412417

-1.06714 0.412419
-1.06692 0.412598

-1.06692 0.412598
-1.06683 0.412669

-1.06683 0.41267
-1.06655 0.412903

-1.06655 0.412903
-1.06653 0.41292

-1.06653 0.412921
-1.06622 0.413172

-1.06622 0.413173
-1.06618 0.413208

-1.06618 0.413208
-1.06592 0.413424

-1.06592 0.413424
-1.06581 0.413513

-1.06581 0.413513
-1.06561 0.413674

-1.06561 0.413676
-1.06544 0.413818

-1.06544 0.413818
-1.06531 0.413925

-1.06531 0.413926
-1.06507 0.414124

-1.06507 0.414124
-1.065 0.414176

-1.065 0.414177
-1.0647 0.414428

-1.0647 0.414428
-1.0647 0.414429

-1.0647 0.414429
-1.06439 0.414679

-1.06439 0.414679
-1.06432 0.414734

-1.06432 0.414734
-1.06409 0.41493

-1.06409 0.41493
-1.06395 0.415039

-1.06395 0.415039
-1.06378 0.415179

-1.06378 0.415181
-1.06358 0.415344

-1.06358 0.415344
-1.06348 0.41543

-1.06348 0.415431
-1.06321 0.415649

-1.06321 0.415649
-1.06317 0.415681

-1.06317 0.415682
-1.06287 0.415932

-1.06287 0.415932
-1.06284 0.415955

-1.06284 0.415955
-1.06256 0.416183

-1.06256 0.416183
-1.06247 0.41626

-1.06247 0.41626
-1.06226 0.416433

-1.06226 0.416435
-1.06209 0.416565

-1.0621 0.416565
-1.06195 0.416683

-1.06195 0.416684
-1.06172 0.41687

-1.06172 0.41687
-1.06165 0.416933

-1.06165 0.416934
-1.06135 0.417175

-1.06135 0.417175
-1.06134 0.417184

-1.06134 0.417184
-1.06104 0.417435

-1.06104 0.417435
-1.06098 0.41748

-1.06098 0.41748
-1.06073 0.417685

-1.06073 0.417686
-1.06061 0.417786

-1.06061 0.417786
-1.06042 0.417934

-1.06042 0.417936
-1.06023 0.418091

-1.06023 0.418091
-1.06012 0.418184

-1.06012 0.418185
-1.05986 0.418396

-1.05986 0.418396
-1.05981 0.418434

-1.05981 0.418435
-1.05951 0.418685

-1.05951 0.418685
-1.05949 0.418701

-1.05949 0.418701
-1.0592 0.418935

-1.0592 0.418935
-1.05912 0.419006

-1.05912 0.419006
-1.0589 0.419185

-1.0589 0.419186
-1.05874 0.419312

-1.05875 0.419312
-1.05859 0.419433

-1.05859 0.419435
-1.05837 0.419617

-1.05837 0.419617
-1.05829 0.419684

-1.05829 0.419684
-1.058 0.419922

-1.058 0.419922
-1.05798 0.419933

-1.05798 0.419934
-1.05768 0.420184

-1.05768 0.420184
-1.05763 0.420227

-1.05763 0.420227
-1.05737 0.420433

-1.05737 0.420434
-1.05725 0.420532

-1.05725 0.420532
-1.05707 0.420682

-1.05707 0.420683
-1.05688 0.420837

-1.05688 0.420837
-1.05676 0.420931

-1.05676 0.420932
-1.05651 0.421143

-1.0565 0.421143
-1.05646 0.421181

-1.05646 0.421182
-1.05615 0.421431

-1.05615 0.421431
-1.05613 0.421448

-1.05613 0.421448
-1.05585 0.42168

-1.05585 0.421681
-1.05576 0.421753

-1.05576 0.421753
-1.05554 0.421929

-1.05554 0.421931
-1.05538 0.422058

-1.05539 0.422058
-1.05524 0.422177

-1.05524 0.422179
-1.05501 0.422363

-1.05501 0.422363
-1.05493 0.422427

-1.05493 0.422428
-1.05464 0.422668

-1.05464 0.422668
-1.05463 0.422676

-1.05463 0.422677
-1.05432 0.422926

-1.05432 0.422926
-1.05426 0.422974

-1.05426 0.422974
-1.05402 0.423175

-1.05402 0.423176
-1.05389 0.423279

-1.05389 0.423279
-1.05371 0.423423

-1.05371 0.423424
-1.05351 0.423584

-1.05351 0.423584
-1.05341 0.423672

-1.05341 0.423673
-1.05314 0.423889

-1.05314 0.423889
-1.0531 0.423921

-1.0531 0.423921
-1.0528 0.42417

-1.0528 0.42417
-1.05277 0.424194

-1.05277 0.424194
-1.05249 0.424419

-1.05249 0.424419
-1.05239 0.4245

-1.05239 0.4245
-1.05219 0.424667

-1.05219 0.424668
-1.05202 0.424805

-1.05202 0.424805
-1.05188 0.424915

-1.05188 0.424916
-1.05164 0.42511

-1.05164 0.42511
-1.05157 0.425164

-1.05157 0.425164
-1.05127 0.425413

-1.05127 0.425413
-1.05127 0.425415

-1.05127 0.425415
-1.05096 0.425661

-1.05096 0.425662
-1.05089 0.42572

-1.05089 0.42572
-1.05066 0.42591

-1.05066 0.425911
-1.05052 0.426025

-1.05052 0.426025
-1.05035 0.426157

-1.05035 0.426158
-1.05014 0.426331

-1.05014 0.426331
-1.05005 0.426405

-1.05005 0.426406
-1.04977 0.426636

-1.04977 0.426636
-1.04974 0.426654

-1.04974 0.426654
-1.04944 0.426903

-1.04944 0.426903
-1.04939 0.426941

-1.04939 0.426941
-1.04913 0.427151

-1.04913 0.427151
-1.04902 0.427246

-1.04902 0.427246
-1.04883 0.427398

-1.04883 0.427399
-1.04864 0.427551

-1.04864 0.427551
-1.04852 0.427646

-1.04852 0.427647
-1.04827 0.427856

-1.04826 0.427856
-1.04822 0.427894

-1.04822 0.427895
-1.04791 0.428143

-1.04791 0.428143
-1.04789 0.428162

-1.04789 0.428162
-1.04761 0.42839

-1.04761 0.428391
-1.04751 0.428467

-1.04751 0.428467
-1.0473 0.428638

-1.0473 0.428639
-1.04714 0.428772

-1.04714 0.428772
-1.047 0.428885

-1.047 0.428886
-1.04676 0.429077

-1.04676 0.429077
-1.04669 0.429133

-1.04669 0.429134
-1.04639 0.429381

-1.04639 0.429381
-1.04639 0.429382

-1.04639 0.429382
-1.04608 0.429629

-1.04608 0.429629
-1.04601 0.429688

-1.04601 0.429688
-1.04578 0.429876

-1.04578 0.429878
-1.04563 0.429993

-1.04563 0.429993
-1.04547 0.430123

-1.04547 0.430124
-1.04526 0.430298

-1.04526 0.430298
-1.04517 0.43037

-1.04517 0.430371
-1.04488 0.430603

-1.04488 0.430603
-1.04486 0.430618

-1.04486 0.430619
-1.04456 0.430866

-1.04456 0.430866
-1.0445 0.430908

-1.0445 0.430908
-1.04425 0.431113

-1.04425 0.431114
-1.04413 0.431213

-1.04413 0.431213
-1.04395 0.43136

-1.04395 0.431361
-1.04375 0.431519

-1.04375 0.431519
-1.04364 0.431607

-1.04364 0.431608
-1.04337 0.431824

-1.04337 0.431824
-1.04333 0.431854

-1.04333 0.431855
-1.04303 0.432102

-1.04303 0.432102
-1.043 0.432129

-1.043 0.432129
-1.04272 0.432349

-1.04272 0.432349
-1.04262 0.432434

-1.04262 0.432434
-1.04242 0.432596

-1.04242 0.432597
-1.04224 0.432739

-1.04224 0.432739
-1.04211 0.432842

-1.04211 0.432843
-1.04187 0.433044

-1.04186 0.433044
-1.04181 0.433089

-1.04181 0.43309
-1.0415 0.433337

-1.0415 0.433337
-1.04149 0.43335

-1.04149 0.43335
-1.0412 0.433583

-1.0412 0.433584
-1.04111 0.433655

-1.04111 0.433655
-1.04089 0.43383

-1.04089 0.433831
-1.04073 0.43396

-1.04073 0.43396
-1.04059 0.434076

-1.04059 0.434077
-1.04036 0.434265

-1.04035 0.434265
-1.04028 0.434323

-1.04028 0.434323
-1.03998 0.43457

-1.03998 0.43457
-1.03967 0.434817

-1.03967 0.434817
-1.0396 0.434875

-1.0396 0.434875
-1.03937 0.435063

-1.03937 0.435064
-1.03922 0.435181

-1.03922 0.435181
-1.03906 0.435309

-1.03906 0.43531
-1.03884 0.435486

-1.03884 0.435486
-1.03876 0.435555

-1.03876 0.435556
-1.03847 0.435791

-1.03847 0.435791
-1.03845 0.435802

-1.03845 0.435802
-1.03815 0.436049

-1.03815 0.436049
-1.03809 0.436096

-1.03809 0.436096
-1.03784 0.436295

-1.03784 0.436296
-1.03771 0.436401

-1.03771 0.436401
-1.03754 0.43654

-1.03754 0.436541
-1.03733 0.436707

-1.03733 0.436707
-1.03723 0.436786

-1.03723 0.436787
-1.03695 0.437012

-1.03695 0.437012
-1.03693 0.437033

-1.03693 0.437033
-1.03662 0.437279

-1.03662 0.43728
-1.03657 0.437317

-1.03657 0.437317
-1.03632 0.437526

-1.03632 0.437526
-1.0362 0.437622

-1.0362 0.437622
-1.03601 0.437771

-1.03601 0.437772
-1.03582 0.437927

-1.03582 0.437927
-1.03571 0.438016

-1.03571 0.438017
-1.03544 0.438232

-1.03544 0.438232
-1.0354 0.438263

-1.0354 0.438263
-1.0351 0.438509

-1.0351 0.438509
-1.03506 0.438538

-1.03506 0.438538
-1.03479 0.438755

-1.03479 0.438756
-1.03468 0.438843

-1.03468 0.438843
-1.03448 0.439

-1.03448 0.439001
-1.0343 0.439148

-1.0343 0.439148
-1.03418 0.439245

-1.03418 0.439247
-1.03392 0.439453

-1.03392 0.439453
-1.03387 0.439491

-1.03387 0.439492
-1.03357 0.439738

-1.03357 0.439738
-1.03354 0.439758

-1.03354 0.439758
-1.03326 0.439983

-1.03326 0.439984
-1.03316 0.440063

-1.03316 0.440063
-1.03296 0.440229

-1.03296 0.44023
-1.03278 0.440369

-1.03279 0.440369
-1.03265 0.440473

-1.03265 0.440474
-1.03241 0.440674

-1.03241 0.440674
-1.03235 0.440719

-1.03235 0.44072
-1.03204 0.440965

-1.03204 0.440965
-1.03203 0.440979

-1.03203 0.440979
-1.03174 0.44121

-1.03174 0.441211
-1.03165 0.441284

-1.03165 0.441284
-1.03143 0.441456

-1.03143 0.441457
-1.03127 0.441589

-1.03127 0.441589
-1.03113 0.4417

-1.03113 0.441701
-1.03089 0.441895

-1.03089 0.441895
-1.03082 0.441945

-1.03082 0.441946
-1.03052 0.442191

-1.03052 0.442191
-1.03051 0.4422

-1.03051 0.4422
-1.03021 0.442437

-1.03021 0.442437
-1.03013 0.442505

-1.03013 0.442505
-1.02991 0.442682

-1.02991 0.442683
-1.02975 0.44281

-1.02975 0.44281
-1.0296 0.442925

-1.0296 0.442927
-1.02937 0.443115

-1.02937 0.443115
-1.0293 0.443171

-1.0293 0.443172
-1.02899 0.443417

-1.02899 0.443417
-1.02899 0.44342

-1.02899 0.44342
-1.02869 0.443661

-1.02869 0.443662
-1.02861 0.443726

-1.02861 0.443726
-1.02838 0.443906

-1.02838 0.443907
-1.02823 0.444031

-1.02823 0.444031
-1.02808 0.44415

-1.02808 0.444151
-1.02785 0.444336

-1.02785 0.444336
-1.02777 0.444395

-1.02777 0.444396
-1.02747 0.444641

-1.02747 0.444641
-1.02747 0.444641

-1.02747 0.444641
-1.02716 0.444885

-1.02716 0.444886
-1.02708 0.444946

-1.02708 0.444946
-1.02686 0.44513

-1.02686 0.445131
-1.0267 0.445251

-1.0267 0.445251
-1.02655 0.445373

-1.02655 0.445375
-1.02632 0.445557

-1.02632 0.445557
-1.02625 0.445618

-1.02625 0.445619
-1.02594 0.445862

-1.02594 0.445862
-1.02594 0.445863

-1.02594 0.445864
-1.02563 0.446108

-1.02563 0.446108
-1.02556 0.446167

-1.02556 0.446167
-1.02533 0.446353

-1.02533 0.446354
-1.02518 0.446472

-1.02518 0.446472
-1.02502 0.446596

-1.02502 0.446597
-1.0248 0.446777

-1.0248 0.446777
-1.02472 0.44684

-1.02472 0.446841
-1.02442 0.447083

-1.02442 0.447083
-1.02441 0.447085

-1.02441 0.447086
-1.02411 0.44733

-1.02411 0.44733
-1.02404 0.447388

-1.02404 0.447388
-1.0238 0.447574

-1.0238 0.447575
-1.02365 0.447693

-1.02366 0.447693
-1.0235 0.447817

-1.0235 0.447818
-1.02327 0.447998

-1.02327 0.447998
-1.02319 0.448061

-1.02319 0.448062
-1.02289 0.448303

-1.02289 0.448303
-1.02289 0.448306

-1.02289 0.448306
-1.02258 0.44855

-1.02258 0.448551
-1.02251 0.448608

-1.02251 0.448608
-1.02228 0.448795

-1.02228 0.448796
-1.02213 0.448914

-1.02213 0.448914
-1.02197 0.449037

-1.02197 0.449039
-1.02175 0.449219

-1.02175 0.449219
-1.02167 0.449282

-1.02167 0.449282
-1.02137 0.449524

-1.02136 0.449524
-1.02136 0.449526

-1.02136 0.449526
-1.02106 0.44977

-1.02106 0.44977
-1.02098 0.449829

-1.02098 0.449829
-1.02075 0.450014

-1.02075 0.450015
-1.0206 0.450134

-1.0206 0.450134
-1.02045 0.450257

-1.02045 0.450258
-1.02022 0.450439

-1.02022 0.450439
-1.02014 0.4505

-1.02014 0.450501
-1.01984 0.450745

-1.01984 0.450745
-1.01953 0.450989

-1.01953 0.450989
-1.01945 0.45105

-1.01945 0.45105
-1.01923 0.451232

-1.01923 0.451233
-1.01907 0.451355

-1.01907 0.451355
-1.01892 0.451475

-1.01892 0.451476
-1.01869 0.45166

-1.01869 0.45166
-1.01862 0.451718

-1.01862 0.451719
-1.01831 0.451963

-1.01831 0.451963
-1.01831 0.451965

-1.01831 0.451965
-1.01801 0.452206

-1.01801 0.452206
-1.01792 0.452271

-1.01792 0.452271
-1.0177 0.45245

-1.0177 0.45245
-1.01754 0.452576

-1.01754 0.452576
-1.0174 0.452692

-1.0174 0.452693
-1.01716 0.452881

-1.01716 0.452881
-1.01709 0.452935

-1.01709 0.452936
-1.01678 0.453179

-1.01678 0.453179
-1.01678 0.453186

-1.01678 0.453186
-1.01648 0.453423

-1.01648 0.453423
-1.01639 0.453491

-1.01639 0.453491
-1.01617 0.453666

-1.01617 0.453667
-1.01601 0.453796

-1.01601 0.453796
-1.01587 0.453908

-1.01587 0.453909
-1.01563 0.454102

-1.01563 0.454102
-1.01556 0.454151

-1.01556 0.454152
-1.01526 0.454395

-1.01526 0.454395
-1.01524 0.454407

-1.01524 0.454407
-1.01495 0.454638

-1.01495 0.454638
-1.01486 0.454712

-1.01486 0.454712
-1.01465 0.454881

-1.01465 0.454882
-1.01448 0.455017

-1.01448 0.455017
-1.01434 0.455123

-1.01434 0.455124
-1.01409 0.455322

-1.01409 0.455322
-1.01404 0.455366

-1.01404 0.455367
-1.01373 0.45561

-1.01373 0.45561
-1.01371 0.455627

-1.01371 0.455627
-1.01343 0.455853

-1.01343 0.455853
-1.01333 0.455933

-1.01333 0.455933
-1.01312 0.456095

-1.01312 0.456096
-1.01294 0.456238

-1.01294 0.456238
-1.01282 0.456337

-1.01282 0.456338
-1.01256 0.456543

-1.01256 0.456543
-1.01251 0.45658

-1.01251 0.456581
-1.01221 0.456823

-1.01221 0.456823
-1.01218 0.456848

-1.01218 0.456848
-1.0119 0.457066

-1.0119 0.457067
-1.01179 0.457153

-1.01179 0.457153
-1.0116 0.457308

-1.0116 0.457309
-1.01141 0.457458

-1.01141 0.457458
-1.01129 0.45755

-1.01129 0.457551
-1.01102 0.457764

-1.01102 0.457764
-1.01099 0.457793

-1.01099 0.457793
-1.01068 0.458036

-1.01068 0.458036
-1.01064 0.458069

-1.01064 0.458069
-1.01038 0.458278

-1.01038 0.458279
-1.01025 0.458374

-1.01026 0.458374
-1.01007 0.45852

-1.01007 0.458521
-1.00987 0.458679

-1.00987 0.458679
-1.00977 0.458762

-1.00977 0.458763
-1.00949 0.458984

-1.00949 0.458984
-1.00946 0.459005

-1.00946 0.459005
-1.00916 0.459247

-1.00916 0.459248
-1.0091 0.45929

-1.0091 0.45929
-1.00885 0.45949

-1.00885 0.459491
-1.00872 0.459595

-1.00872 0.459595
-1.00854 0.459731

-1.00854 0.459732
-1.00833 0.4599

-1.00833 0.4599
-1.00824 0.459973

-1.00824 0.459974
-1.00795 0.460205

-1.00795 0.460205
-1.00793 0.460215

-1.00793 0.460216
-1.00763 0.460458

-1.00763 0.460458
-1.00756 0.46051

-1.00756 0.46051
-1.00732 0.4607

-1.00732 0.460701
-1.00718 0.460815

-1.00718 0.460815
-1.00702 0.460941

-1.00702 0.460942
-1.00679 0.461121

-1.00679 0.461121
-1.00671 0.461183

-1.00671 0.461184
-1.00641 0.461426

-1.00641 0.461426
-1.0061 0.461668

-1.0061 0.461668
-1.00602 0.461731

-1.00602 0.461731
-1.0058 0.461909

-1.0058 0.46191
-1.00564 0.462036

-1.00564 0.462036
-1.00549 0.46215

-1.00549 0.462151
-1.00525 0.462341

-1.00525 0.462341
-1.00519 0.462392

-1.00519 0.462393
-1.00488 0.462635

-1.00488 0.462635
-1.00487 0.462646

-1.00487 0.462646
-1.00458 0.462876

-1.00458 0.462877
-1.00448 0.462952

-1.00448 0.462952
-1.00427 0.463118

-1.00427 0.463118
-1.0041 0.463257

-1.0041 0.463257
-1.00397 0.463358

-1.00397 0.463359
-1.00371 0.463562

-1.00371 0.463562
-1.00366 0.4636

-1.00366 0.463601
-1.00336 0.463842

-1.00336 0.463842
-1.00333 0.463867

-1.00333 0.463867
-1.00305 0.464084

-1.00305 0.464084
-1.00294 0.464172

-1.00294 0.464172
-1.00275 0.464325

-1.00275 0.464326
-1.00255 0.464478

-1.00255 0.464478
-1.00244 0.464565

-1.00244 0.464567
-1.00217 0.464783

-1.00217 0.464783
-1.00214 0.464807

-1.00214 0.464808
-1.00183 0.465049

-1.00183 0.465049
-1.00178 0.465088

-1.00178 0.465088
-1.00153 0.46529

-1.00153 0.465291
-1.00139 0.465393

-1.0014 0.465393
-1.00122 0.465531

-1.00122 0.465532
-1.00101 0.465698

-1.00101 0.465698
-1.00092 0.465772

-1.00092 0.465773
-1.00062 0.466003

-1.00062 0.466003
-1.00061 0.466013

-1.00061 0.466014
-1.00031 0.466255

-1.00031 0.466255
-1.00024 0.466309

-1.00024 0.466309
-1.0 0.466496

-1.0 0.466497
-0.99985 0.466614

-0.999852 0.466614
-0.999695 0.466736

-0.999695 0.466737
-0.999465 0.466919

-0.999464 0.466919
-0.99939 0.466977

-0.99939 0.466978
-0.999084 0.467219

-0.999084 0.467219
-0.999078 0.467224

-0.999078 0.467224
-0.998779 0.46746

-0.998779 0.46746
-0.998691 0.467529

-0.998691 0.467529
-0.998474 0.467701

-0.998474 0.467701
-0.998304 0.467834

-0.998306 0.467834
-0.998169 0.46794

-0.998169 0.467942
-0.997918 0.46814

-0.997917 0.46814
-0.997864 0.468182

-0.997864 0.468182
-0.997559 0.468423

-0.997559 0.468423
-0.997531 0.468445

-0.997531 0.468445
-0.997253 0.468664

-0.997253 0.468665
-0.997143 0.46875

-0.997144 0.46875
-0.996948 0.468904

-0.996948 0.468905
-0.996757 0.469055

-0.996758 0.469055
-0.996643 0.469144

-0.996643 0.469145
-0.99637 0.46936

-0.996369 0.46936
-0.996338 0.469385

-0.996338 0.469386
-0.996033 0.469626

-0.996033 0.469627
-0.995983 0.469666

-0.995983 0.469666
-0.995728 0.469867

-0.995728 0.469868
-0.995595 0.469971

-0.995596 0.469971
-0.995422 0.470107

-0.995422 0.470108
-0.995209 0.470276

-0.995209 0.470276
-0.995117 0.470347

-0.995117 0.470348
-0.994821 0.470581

-0.99482 0.470581
-0.994812 0.470588

-0.994812 0.470588
-0.994507 0.470829

-0.994507 0.470829
-0.994433 0.470886

-0.994434 0.470886
-0.994202 0.471069

-0.994202 0.47107
-0.994045 0.471191

-0.994047 0.471191
-0.993896 0.471308

-0.993896 0.47131
-0.993659 0.471497

-0.993658 0.471497
-0.993591 0.471549

-0.993591 0.47155
-0.993286 0.47179

-0.993286 0.47179
-0.993271 0.471802

-0.993271 0.471802
-0.992981 0.47203

-0.992981 0.472031
-0.992883 0.472107

-0.992883 0.472107
-0.992676 0.47227

-0.992676 0.472271
-0.992495 0.472412

-0.992496 0.472412
-0.992371 0.472509

-0.992371 0.472511
-0.992108 0.472717

-0.992107 0.472717
-0.992065 0.47275

-0.992065 0.472751
-0.99176 0.472991

-0.99176 0.472991
-0.99172 0.473022

-0.99172 0.473022
-0.991455 0.473231

-0.991455 0.473231
-0.991331 0.473328

-0.991332 0.473328
-0.99115 0.47347

-0.99115 0.473471
-0.990944 0.473633

-0.990944 0.473633
-0.990845 0.47371

-0.990845 0.473711
-0.990556 0.473938

-0.990555 0.473938
-0.99054 0.47395

-0.99054 0.473951
-0.990234 0.47419

-0.990234 0.474191
-0.990167 0.474243

-0.990167 0.474243
-0.989929 0.47443

-0.989929 0.474431
-0.989778 0.474548

-0.98978 0.474548
-0.989624 0.474669

-0.989624 0.47467
-0.989391 0.474854

-0.98939 0.474854
-0.989319 0.474909

-0.989319 0.47491
-0.989014 0.47515

-0.989014 0.47515
-0.989002 0.475159

-0.989002 0.475159
-0.988708 0.475389

-0.988708 0.47539
-0.988613 0.475464

-0.988614 0.475464
-0.988403 0.475629

-0.988403 0.47563
-0.988225 0.475769

-0.988226 0.475769
-0.988098 0.475868

-0.988098 0.475869
-0.987836 0.476074

-0.987836 0.476074
-0.987793 0.476108

-0.987793 0.476108
-0.987488 0.476348

-0.987488 0.476348
-0.987447 0.476379

-0.987448 0.476379
-0.987183 0.476587

-0.987183 0.476588
-0.987058 0.476685

-0.987059 0.476685
-0.986877 0.476827

-0.986877 0.476827
-0.98667 0.47699

-0.98667 0.47699
-0.986572 0.477065

-0.986572 0.477066
-0.986281 0.477295

-0.98628 0.477295
-0.986267 0.477305

-0.986267 0.477306
-0.985962 0.477545

-0.985962 0.477546
-0.985892 0.4776

-0.985892 0.4776
-0.985657 0.477785

-0.985657 0.477785
-0.985502 0.477905

-0.985504 0.477905
-0.985352 0.478023

-0.985352 0.478024
-0.985114 0.47821

-0.985113 0.47821
-0.985046 0.478262

-0.985046 0.478263
-0.984741 0.478503

-0.984741 0.478503
-0.984725 0.478516

-0.984725 0.478516
-0.984436 0.478742

-0.984436 0.478742
-0.984335 0.478821

-0.984335 0.478821
-0.984131 0.478981

-0.984131 0.478981
-0.983946 0.479126

-0.983947 0.479126
-0.983826 0.479219

-0.983826 0.47922
-0.983557 0.479431

-0.983556 0.479431
-0.983521 0.479459

-0.983521 0.479459
-0.983215 0.479698

-0.983215 0.479699
-0.983167 0.479736

-0.983167 0.479736
-0.98291 0.479938

-0.98291 0.479939
-0.982776 0.480042

-0.982778 0.480042
-0.982605 0.480176

-0.982605 0.480177
-0.982388 0.480347

-0.982388 0.480347
-0.9823 0.480415

-0.9823 0.480416
-0.981998 0.480652

-0.981997 0.480652
-0.981995 0.480654

-0.981995 0.480655
-0.981689 0.480894

-0.981689 0.480894
-0.981608 0.480957

-0.981608 0.480957
-0.981384 0.481132

-0.981384 0.481133
-0.981218 0.481262

-0.98122 0.481262
-0.981079 0.48137

-0.981079 0.481371
-0.980829 0.481567

-0.980828 0.481567
-0.980774 0.481609

-0.980774 0.48161
-0.980469 0.481849

-0.980469 0.481849
-0.980438 0.481873

-0.980439 0.481873
-0.980164 0.482088

-0.980164 0.482088
-0.980048 0.482178

-0.980049 0.482178
-0.979858 0.482326

-0.979858 0.482327
-0.979659 0.482483

-0.979659 0.482483
-0.979553 0.482564

-0.979553 0.482565
-0.979268 0.482788

-0.979267 0.482788
-0.979248 0.482803

-0.979248 0.482804
-0.978943 0.483042

-0.978943 0.483043
-0.978878 0.483093

-0.978878 0.483093
-0.978638 0.483281

-0.978638 0.483282
-0.978487 0.483398

-0.978488 0.483398
-0.978333 0.483519

-0.978333 0.48352
-0.978097 0.483704

-0.978097 0.483704
-0.978027 0.483757

-0.978027 0.483758
-0.977722 0.483997

-0.977722 0.483997
-0.977707 0.484009

-0.977707 0.484009
-0.977417 0.484235

-0.977417 0.484236
-0.977315 0.484314

-0.977316 0.484314
-0.977112 0.484474

-0.977112 0.484474
-0.976926 0.484619

-0.976926 0.484619
-0.976807 0.484711

-0.976807 0.484712
-0.976535 0.484924

-0.976534 0.484924
-0.976501 0.48495

-0.976501 0.48495
-0.976196 0.485189

-0.976196 0.485189
-0.976144 0.485229

-0.976144 0.485229
-0.975891 0.485427

-0.975891 0.485428
-0.975752 0.485535

-0.975754 0.485535
-0.975586 0.485665

-0.975586 0.485666
-0.975363 0.48584

-0.975362 0.48584
-0.975281 0.485903

-0.975281 0.485904
-0.974976 0.486142

-0.974976 0.486142
-0.974972 0.486145

-0.974972 0.486145
-0.97467 0.48638

-0.97467 0.486381
-0.97458 0.48645

-0.974581 0.48645
-0.974365 0.486618

-0.974365 0.486619
-0.974189 0.486755

-0.974191 0.486755
-0.97406 0.486855

-0.97406 0.486857
-0.973799 0.487061

-0.973798 0.487061
-0.973755 0.487094

-0.973755 0.487095
-0.97345 0.487333

-0.97345 0.487333
-0.973407 0.487366

-0.973407 0.487366
-0.973145 0.487571

-0.973145 0.487572
-0.973015 0.487671

-0.973016 0.487671
-0.972839 0.487808

-0.972839 0.487809
-0.972625 0.487976

-0.972625 0.487976
-0.972534 0.488046

-0.972534 0.488047
-0.972233 0.488281

-0.972233 0.488281
-0.972229 0.488284

-0.972229 0.488285
-0.971924 0.488523

-0.971924 0.488523
-0.971841 0.488586

-0.971842 0.488586
-0.971619 0.48876

-0.971619 0.488761
-0.97145 0.488892

-0.971451 0.488892
-0.971313 0.488997

-0.971313 0.488998
-0.971059 0.489197

-0.971058 0.489197
-0.971008 0.489235

-0.971008 0.489236
-0.970703 0.489474

-0.970703 0.489474
-0.970667 0.489502

-0.970667 0.489502
-0.970398 0.489712

-0.970398 0.489713
-0.970274 0.489807

-0.970276 0.489807
-0.970093 0.489949

-0.970093 0.48995
-0.969884 0.490112

-0.969884 0.490112
-0.969788 0.490186

-0.969788 0.490187
-0.969492 0.490417

-0.969491 0.490417
-0.969482 0.490424

-0.969482 0.490425
-0.969177 0.490662

-0.969177 0.490663
-0.969099 0.490723

-0.9691 0.490723
-0.968872 0.4909

-0.968872 0.490901
-0.968707 0.491028

-0.968709 0.491028
-0.968567 0.491137

-0.968567 0.491138
-0.968316 0.491333

-0.968315 0.491333
-0.968262 0.491374

-0.968262 0.491375
-0.967957 0.491613

-0.967957 0.491613
-0.967924 0.491638

-0.967924 0.491638
-0.967651 0.49185

-0.967651 0.491851
-0.96753 0.491943

-0.967532 0.491943
-0.967346 0.492087

-0.967346 0.492088
-0.96714 0.492249

-0.96714 0.492249
-0.967041 0.492324

-0.967041 0.492325
-0.966747 0.492554

-0.966746 0.492554
-0.966736 0.492562

-0.966736 0.492562
-0.966431 0.4928

-0.966431 0.4928
-0.966354 0.492859

-0.966355 0.492859
-0.966125 0.493037

-0.966125 0.493038
-0.965962 0.493164

-0.965963 0.493164
-0.96582 0.493273

-0.96582 0.493275
-0.96557 0.493469

-0.965569 0.493469
-0.965515 0.493511

-0.965515 0.493512
-0.96521 0.493749

-0.96521 0.493749
-0.965177 0.493774

-0.965177 0.493774
-0.964905 0.493986

-0.964905 0.493987
-0.964783 0.49408

-0.964785 0.49408
-0.9646 0.494223

-0.9646 0.494224
-0.964392 0.494385

-0.964392 0.494385
-0.964294 0.49446

-0.964294 0.494461
-0.963999 0.49469

-0.963998 0.49469
-0.963989 0.494697

-0.963989 0.494698
-0.963684 0.494935

-0.963684 0.494935
-0.963606 0.494995

-0.963606 0.494995
-0.963379 0.495172

-0.963379 0.495172
-0.963213 0.4953

-0.963214 0.4953
-0.963074 0.495408

-0.963074 0.495409
-0.962821 0.495605

-0.96282 0.495605
-0.962769 0.495645

-0.962769 0.495646
-0.962463 0.495883

-0.962463 0.495883
-0.962427 0.495911

-0.962428 0.495911
-0.962158 0.49612

-0.962158 0.496121
-0.962033 0.496216

-0.962035 0.496216
-0.961853 0.496356

-0.961853 0.496357
-0.961642 0.496521

-0.961641 0.496521
-0.961548 0.496593

-0.961548 0.496594
-0.961248 0.496826

-0.961247 0.496826
-0.961243 0.49683

-0.961243 0.49683
-0.960938 0.497067

-0.960938 0.497068
-0.960854 0.497131

-0.960855 0.497131
-0.960632 0.497304

-0.960632 0.497304
-0.960461 0.497437

-0.960463 0.497437
-0.960327 0.49754

-0.960327 0.497541
-0.960068 0.497742

-0.960068 0.497742
-0.960022 0.497777

-0.960022 0.497777
-0.959717 0.498014

-0.959717 0.498014
-0.959674 0.498047

-0.959675 0.498047
-0.959412 0.498251

-0.959412 0.498252
-0.95928 0.498352

-0.959282 0.498352
-0.959106 0.498487

-0.959106 0.498488
-0.958888 0.498657

-0.958888 0.498657
-0.958801 0.498723

-0.958801 0.498724
-0.958496 0.498961

-0.958496 0.498961
-0.958494 0.498962

-0.958494 0.498962
-0.958191 0.499197

-0.958191 0.499198
-0.9581 0.499268

-0.9581 0.499268
-0.957886 0.499434

-0.957886 0.499434
-0.957706 0.499573

-0.957707 0.499573
-0.957581 0.499669

-0.957581 0.49967
-0.957313 0.499878

-0.957312 0.499878
-0.957275 0.499906

-0.957275 0.499907
-0.95697 0.500143

-0.95697 0.500143
-0.956918 0.500183

-0.956919 0.500183
-0.956665 0.50038

-0.956665 0.50038
-0.956524 0.500488

-0.956525 0.500488
-0.95636 0.500616

-0.95636 0.500616
-0.956131 0.500793

-0.956131 0.500793
-0.956055 0.500851

-0.956055 0.500852
-0.95575 0.501089

-0.95575 0.501089
-0.955737 0.501099

-0.955737 0.501099
-0.955444 0.501325

-0.955444 0.501326
-0.955342 0.501404

-0.955343 0.501404
-0.955139 0.501561

-0.955139 0.501562
-0.954948 0.501709

-0.954949 0.501709
-0.954834 0.501796

-0.954834 0.501797
-0.954554 0.502014

-0.954553 0.502014
-0.954529 0.502033

-0.954529 0.502034
-0.954224 0.50227

-0.954224 0.50227
-0.954159 0.502319

-0.95416 0.502319
-0.953918 0.502506

-0.953918 0.502507
-0.953764 0.502625

-0.953766 0.502625
-0.953613 0.502741

-0.953613 0.502742
-0.953371 0.50293

-0.95337 0.50293
-0.953308 0.502977

-0.953308 0.502978
-0.953003 0.503214

-0.953003 0.503214
-0.952976 0.503235

-0.952976 0.503235
-0.952698 0.50345

-0.952698 0.503451
-0.952581 0.50354

-0.952582 0.50354
-0.952393 0.503686

-0.952393 0.503686
-0.952187 0.503845

-0.952187 0.503845
-0.952087 0.503921

-0.952087 0.503922
-0.951792 0.50415

-0.951792 0.50415
-0.951782 0.504158

-0.951782 0.504158
-0.951477 0.504394

-0.951477 0.504394
-0.951397 0.504456

-0.951398 0.504456
-0.951172 0.50463

-0.951172 0.50463
-0.951002 0.504761

-0.951004 0.504761
-0.950867 0.504865

-0.950867 0.504866
-0.950608 0.505066

-0.950607 0.505066
-0.950562 0.505101

-0.950562 0.505102
-0.950256 0.505337

-0.950256 0.505338
-0.950213 0.505371

-0.950213 0.505371
-0.949951 0.505573

-0.949951 0.505574
-0.949817 0.505676

-0.949818 0.505676
-0.949646 0.505809

-0.949646 0.505809
-0.949423 0.505981

-0.949423 0.505981
-0.949341 0.506044

-0.949341 0.506045
-0.949036 0.50628

-0.949036 0.50628
-0.949027 0.506287

-0.949028 0.506287
-0.94873 0.506516

-0.94873 0.506517
-0.948631 0.506592

-0.948632 0.506592
-0.948425 0.506752

-0.948425 0.506752
-0.948237 0.506897

-0.948238 0.506897
-0.94812 0.506986

-0.94812 0.506987
-0.947842 0.507202

-0.947841 0.507202
-0.947815 0.507222

-0.947815 0.507223
-0.94751 0.507458

-0.94751 0.507459
-0.947446 0.507507

-0.947446 0.507507
-0.947205 0.507694

-0.947205 0.507694
-0.94705 0.507812

-0.947052 0.507812
-0.946899 0.507929

-0.946899 0.507929
-0.946655 0.508118

-0.946655 0.508118
-0.946594 0.508164

-0.946594 0.508165
-0.946289 0.5084

-0.946289 0.5084
-0.94626 0.508423

-0.94626 0.508423
-0.945984 0.508636

-0.945984 0.508636
-0.945863 0.508728

-0.945864 0.508728
-0.945679 0.508871

-0.945679 0.508871
-0.945469 0.509033

-0.945468 0.509033
-0.945374 0.509105

-0.945374 0.509106
-0.945073 0.509338

-0.945072 0.509338
-0.945068 0.509341

-0.945068 0.509342
-0.944763 0.509577

-0.944763 0.509577
-0.944676 0.509644

-0.944677 0.509644
-0.944458 0.509812

-0.944458 0.509812
-0.944281 0.509949

-0.944282 0.509949
-0.944153 0.510046

-0.944153 0.510047
-0.943885 0.510254

-0.943884 0.510254
-0.943848 0.510282

-0.943848 0.510283
-0.943542 0.510518

-0.943542 0.510518
-0.943489 0.510559

-0.943489 0.510559
-0.943237 0.510753

-0.943237 0.510754
-0.943092 0.510864

-0.943093 0.510864
-0.942932 0.510987

-0.942932 0.510988
-0.942697 0.511169

-0.942696 0.511169
-0.942627 0.511222

-0.942627 0.511223
-0.942322 0.511458

-0.942322 0.511458
-0.9423 0.511475

-0.9423 0.511475
-0.942017 0.511693

-0.942017 0.511694
-0.941903 0.51178

-0.941904 0.51178
-0.941711 0.511928

-0.941711 0.511928
-0.941508 0.512085

-0.941508 0.512085
-0.941406 0.512162

-0.941406 0.512163
-0.941111 0.51239

-0.941111 0.51239
-0.941101 0.512398

-0.941101 0.512398
-0.940796 0.512633

-0.940796 0.512633
-0.940714 0.512695

-0.940715 0.512695
-0.940491 0.512868

-0.940491 0.512868
-0.940318 0.513

-0.940319 0.513
-0.940186 0.513102

-0.940186 0.513103
-0.939922 0.513306

-0.939921 0.513306
-0.93988 0.513337

-0.93988 0.513338
-0.939575 0.513572

-0.939575 0.513573
-0.939525 0.513611

-0.939525 0.513611
-0.93927 0.513807

-0.93927 0.513808
-0.939127 0.513916

-0.939129 0.513916
-0.938965 0.514041

-0.938965 0.514042
-0.938732 0.514221

-0.938731 0.514221
-0.93866 0.514276

-0.93866 0.514277
-0.938354 0.514511

-0.938354 0.514511
-0.938335 0.514526

-0.938335 0.514526
-0.938049 0.514746

-0.938049 0.514747
-0.937937 0.514832

-0.937938 0.514832
-0.937744 0.514981

-0.937744 0.514981
-0.937541 0.515137

-0.937541 0.515137
-0.937439 0.515214

-0.937439 0.515215
-0.937144 0.515442

-0.937143 0.515442
-0.937134 0.515449

-0.937134 0.51545
-0.936829 0.515684

-0.936829 0.515685
-0.936746 0.515747

-0.936747 0.515747
-0.936523 0.515919

-0.936523 0.515919
-0.93635 0.516052

-0.936351 0.516052
-0.936218 0.516152

-0.936218 0.516153
-0.935953 0.516357

-0.935952 0.516357
-0.935913 0.516387

-0.935913 0.516388
-0.935608 0.516622

-0.935608 0.516623
-0.935555 0.516663

-0.935556 0.516663
-0.935303 0.516857

-0.935303 0.516857
-0.935157 0.516968

-0.935159 0.516968
-0.934998 0.517091

-0.934998 0.517091
-0.934761 0.517273

-0.934761 0.517273
-0.934692 0.517325

-0.934692 0.517325
-0.934387 0.51756

-0.934387 0.51756
-0.934363 0.517578

-0.934363 0.517578
-0.934082 0.517794

-0.934082 0.517795
-0.933965 0.517883

-0.933966 0.517883
-0.933777 0.518028

-0.933777 0.518029
-0.933569 0.518188

-0.933569 0.518188
-0.933472 0.518262

-0.933472 0.518263
-0.933171 0.518494

-0.93317 0.518494
-0.933167 0.518496

-0.933167 0.518497
-0.932861 0.518731

-0.932861 0.518732
-0.932772 0.518799

-0.932773 0.518799
-0.932556 0.518965

-0.932556 0.518966
-0.932375 0.519104

-0.932376 0.519104
-0.932251 0.519198

-0.932251 0.5192
-0.931978 0.519409

-0.931977 0.519409
-0.931946 0.519433

-0.931946 0.519434
-0.931641 0.519668

-0.931641 0.519668
-0.931579 0.519714

-0.93158 0.519714
-0.931335 0.519902

-0.931335 0.519902
-0.931181 0.52002

-0.931183 0.52002
-0.93103 0.520135

-0.93103 0.520136
-0.930784 0.520325

-0.930783 0.520325
-0.930725 0.520369

-0.930725 0.52037
-0.93042 0.520604

-0.93042 0.520604
-0.930386 0.52063

-0.930386 0.52063
-0.930115 0.520838

-0.930115 0.520839
-0.929986 0.520935

-0.929988 0.520935
-0.92981 0.521071

-0.92981 0.521072
-0.92959 0.52124

-0.92959 0.52124
-0.929504 0.521305

-0.929504 0.521306
-0.929199 0.521539

-0.929199 0.521539
-0.929191 0.521545

-0.929191 0.521545
-0.928894 0.521773

-0.928894 0.521774
-0.928792 0.521851

-0.928793 0.521851
-0.928589 0.522007

-0.928589 0.522007
-0.928395 0.522156

-0.928396 0.522156
-0.928284 0.52224

-0.928284 0.522241
-0.927997 0.522461

-0.927996 0.522461
-0.927979 0.522474

-0.927979 0.522475
-0.927673 0.522708

-0.927673 0.522709
-0.927597 0.522766

-0.927598 0.522766
-0.927368 0.522942

-0.927368 0.522943
-0.927199 0.523071

-0.9272 0.523071
-0.927063 0.523175

-0.927063 0.523176
-0.926801 0.523376

-0.9268 0.523376
-0.926758 0.523409

-0.926758 0.52341
-0.926453 0.523643

-0.926453 0.523643
-0.926402 0.523682

-0.926402 0.523682
-0.926147 0.523877

-0.926147 0.523877
-0.926003 0.523987

-0.926004 0.523987
-0.925842 0.52411

-0.925842 0.524111
-0.925605 0.524292

-0.925605 0.524292
-0.925537 0.524343

-0.925537 0.524344
-0.925232 0.524577

-0.925232 0.524578
-0.925206 0.524597

-0.925206 0.524597
-0.924927 0.524811

-0.924927 0.524812
-0.924806 0.524902

-0.924808 0.524902
-0.924622 0.525044

-0.924622 0.525045
-0.924409 0.525208

-0.924409 0.525208
-0.924316 0.525277

-0.924316 0.525278
-0.924011 0.525511

-0.924011 0.525511
-0.924009 0.525513

-0.924009 0.525513
-0.923706 0.525745

-0.923706 0.525745
-0.92361 0.525818

-0.92361 0.525818
-0.923401 0.525978

-0.923401 0.525978
-0.923211 0.526123

-0.923212 0.526123
-0.923096 0.52621

-0.923096 0.526212
-0.922812 0.526428

-0.922812 0.526428
-0.922791 0.526444

-0.922791 0.526445
-0.922485 0.526678

-0.922485 0.526678
-0.922412 0.526733

-0.922413 0.526733
-0.92218 0.526911

-0.92218 0.526912
-0.922013 0.527039

-0.922015 0.527039
-0.921875 0.527144

-0.921875 0.527145
-0.921615 0.527344

-0.921614 0.527344
-0.92157 0.527377

-0.92157 0.527378
-0.921265 0.527611

-0.921265 0.527611
-0.921215 0.527649

-0.921215 0.527649
-0.920959 0.527844

-0.920959 0.527845
-0.920815 0.527954

-0.920816 0.527954
-0.920654 0.528077

-0.920654 0.528077
-0.920416 0.528259

-0.920416 0.528259
-0.920349 0.52831

-0.920349 0.52831
-0.920044 0.528544

-0.920044 0.528544
-0.920016 0.528564

-0.920017 0.528564
-0.919739 0.528777

-0.919739 0.528778
-0.919616 0.52887

-0.919617 0.52887
-0.919434 0.52901

-0.919434 0.52901
-0.919218 0.529175

-0.919217 0.529175
-0.919128 0.529242

-0.919128 0.529243
-0.918823 0.529476

-0.918823 0.529476
-0.918818 0.52948

-0.918818 0.52948
-0.918518 0.529709

-0.918518 0.529709
-0.918417 0.529785

-0.918418 0.529785
-0.918213 0.529942

-0.918213 0.529942
-0.918018 0.53009

-0.918019 0.53009
-0.917908 0.530173

-0.917908 0.530175
-0.917618 0.530396

-0.917617 0.530396
-0.917603 0.530407

-0.917603 0.530407
-0.917297 0.53064

-0.917297 0.530641
-0.917218 0.530701

-0.917218 0.530701
-0.916992 0.530873

-0.916992 0.530873
-0.916818 0.531006

-0.916819 0.531006
-0.916687 0.531105

-0.916687 0.531106
-0.916418 0.531311

-0.916417 0.531311
-0.916382 0.531338

-0.916382 0.531339
-0.916077 0.531571

-0.916077 0.531572
-0.916018 0.531616

-0.916018 0.531616
-0.915771 0.531804

-0.915771 0.531805
-0.915617 0.531921

-0.915618 0.531921
-0.915466 0.532036

-0.915466 0.532037
-0.915218 0.532227

-0.915217 0.532227
-0.915161 0.532269

-0.915161 0.53227
-0.914856 0.532502

-0.914856 0.532502
-0.914817 0.532532

-0.914817 0.532532
-0.914551 0.532735

-0.914551 0.532736
-0.914416 0.532837

-0.914417 0.532837
-0.914246 0.532967

-0.914246 0.532968
-0.914017 0.533142

-0.914016 0.533142
-0.91394 0.533199

-0.91394 0.5332
-0.913635 0.533433

-0.913635 0.533433
-0.913616 0.533447

-0.913616 0.533447
-0.91333 0.533665

-0.91333 0.533666
-0.913214 0.533752

-0.913216 0.533752
-0.913025 0.533898

-0.913025 0.533898
-0.912815 0.534058

-0.912815 0.534058
-0.91272 0.534129

-0.91272 0.53413
-0.912415 0.534363

-0.912414 0.534363
-0.912109 0.534595

-0.912109 0.534596
-0.912013 0.534668

-0.912014 0.534668
-0.911804 0.534828

-0.911804 0.534828
-0.911613 0.534973

-0.911614 0.534973
-0.911499 0.535059

-0.911499 0.53506
-0.911212 0.535278

-0.911211 0.535278
-0.911194 0.535292

-0.911194 0.535292
-0.910889 0.535525

-0.910889 0.535525
-0.910811 0.535583

-0.910811 0.535583
-0.910583 0.535757

-0.910583 0.535757
-0.91041 0.535889

-0.910411 0.535889
-0.910278 0.535988

-0.910278 0.535989
-0.91001 0.536194

-0.910009 0.536194
-0.909973 0.536221

-0.909973 0.536221
-0.909668 0.536454

-0.909668 0.536454
-0.909608 0.536499

-0.909608 0.536499
-0.909363 0.536686

-0.909363 0.536686
-0.909207 0.536804

-0.909208 0.536804
-0.909058 0.536918

-0.909058 0.536918
-0.908806 0.537109

-0.908806 0.537109
-0.908752 0.537149

-0.908752 0.53715
-0.908447 0.537382

-0.908447 0.537383
-0.908405 0.537415

-0.908405 0.537415
-0.908142 0.537615

-0.908142 0.537615
-0.908003 0.53772

-0.908004 0.53772
-0.907837 0.537846

-0.907837 0.537847
-0.907603 0.538025

-0.907602 0.538025
-0.907532 0.538078

-0.907532 0.538079
-0.907227 0.538311

-0.907227 0.538311
-0.907201 0.53833

-0.907201 0.53833
-0.906921 0.538543

-0.906921 0.538544
-0.906798 0.538635

-0.9068 0.538635
-0.906616 0.538775

-0.906616 0.538775
-0.906399 0.53894

-0.906398 0.53894
-0.906311 0.539006

-0.906311 0.539007
-0.906006 0.539239

-0.906006 0.539239
-0.905997 0.539246

-0.905997 0.539246
-0.905701 0.539471

-0.905701 0.539471
-0.905594 0.539551

-0.905595 0.539551
-0.905396 0.539703

-0.905396 0.539703
-0.905194 0.539856

-0.905194 0.539856
-0.90509 0.539933

-0.90509 0.539934
-0.904792 0.540161

-0.904791 0.540161
-0.904785 0.540166

-0.904785 0.540166
-0.90448 0.540398

-0.90448 0.540399
-0.904389 0.540466

-0.90439 0.540466
-0.904175 0.54063

-0.904175 0.54063
-0.903989 0.540771

-0.90399 0.540771
-0.90387 0.540861

-0.90387 0.540862
-0.903587 0.541077

-0.903586 0.541077
-0.903564 0.541093

-0.903564 0.541094
-0.903259 0.541325

-0.903259 0.541326
-0.903184 0.541382

-0.903185 0.541382
-0.902954 0.541557

-0.902954 0.541557
-0.902783 0.541687

-0.902784 0.541687
-0.902649 0.541788

-0.902649 0.541789
-0.902381 0.541992

-0.90238 0.541992
-0.902344 0.54202

-0.902344 0.54202
-0.902039 0.542252

-0.902039 0.542252
-0.901978 0.542297

-0.901979 0.542297
-0.901733 0.542484

-0.901733 0.542484
-0.901576 0.542603

-0.901577 0.542603
-0.901428 0.542715

-0.901428 0.542715
-0.901175 0.542908

-0.901174 0.542908
-0.901123 0.542946

-0.901123 0.542947
-0.900818 0.543178

-0.900818 0.543179
-0.900772 0.543213

-0.900772 0.543213
-0.900513 0.54341

-0.900513 0.543411
-0.900369 0.543518

-0.900371 0.543518
-0.900208 0.543641

-0.900208 0.543642
-0.899968 0.543823

-0.899968 0.543823
-0.899902 0.543872

-0.899902 0.543873
-0.899597 0.544104

-0.899597 0.544105
-0.899565 0.544128

-0.899566 0.544128
-0.899292 0.544336

-0.899292 0.544337
-0.899162 0.544434

-0.899163 0.544434
-0.898987 0.544567

-0.898987 0.544567
-0.898761 0.544739

-0.898761 0.544739
-0.898682 0.544798

-0.898682 0.544799
-0.898376 0.54503

-0.898376 0.54503
-0.898358 0.545044

-0.898358 0.545044
-0.898071 0.545261

-0.898071 0.545262
-0.897954 0.545349

-0.897956 0.545349
-0.897766 0.545493

-0.897766 0.545493
-0.897553 0.545654

-0.897553 0.545654
-0.897461 0.545723

-0.897461 0.545724
-0.897156 0.545955

-0.897156 0.545955
-0.89715 0.545959

-0.89715 0.545959
-0.896851 0.546187

-0.896851 0.546187
-0.896747 0.546265

-0.896748 0.546265
-0.896545 0.546418

-0.896545 0.546418
-0.896345 0.54657

-0.896345 0.54657
-0.89624 0.546648

-0.89624 0.546649
-0.895942 0.546875

-0.895942 0.546875
-0.895935 0.54688

-0.895935 0.54688
-0.89563 0.547111

-0.89563 0.547112
-0.895538 0.54718

-0.895539 0.54718
-0.895325 0.547343

-0.895325 0.547343
-0.895136 0.547485

-0.895137 0.547485
-0.89502 0.547573

-0.89502 0.547574
-0.894733 0.547791

-0.894733 0.547791
-0.894714 0.547804

-0.894714 0.547805
-0.894409 0.548036

-0.894409 0.548036
-0.89433 0.548096

-0.89433 0.548096
-0.894104 0.548267

-0.894104 0.548267
-0.893927 0.548401

-0.893928 0.548401
-0.893799 0.548497

-0.893799 0.548498
-0.893524 0.548706

-0.893523 0.548706
-0.893494 0.548728

-0.893494 0.548729
-0.893188 0.54896

-0.893188 0.54896
-0.89312 0.549011

-0.893121 0.549011
-0.892883 0.549191

-0.892883 0.549191
-0.892717 0.549316

-0.892718 0.549316
-0.892578 0.549421

-0.892578 0.549422
-0.892314 0.549622

-0.892314 0.549622
-0.892273 0.549652

-0.892273 0.549653
-0.891968 0.549884

-0.891968 0.549884
-0.891911 0.549927

-0.891911 0.549927
-0.891663 0.550115

-0.891663 0.550115
-0.891507 0.550232

-0.891508 0.550232
-0.891357 0.550345

-0.891357 0.550346
-0.891104 0.550537

-0.891104 0.550537
-0.891052 0.550575

-0.891052 0.550576
-0.890747 0.550807

-0.890747 0.550807
-0.8907 0.550842

-0.890701 0.550842
-0.890442 0.551038

-0.890442 0.551038
-0.890296 0.551147

-0.890298 0.551147
-0.890137 0.551268

-0.890137 0.551269
-0.889894 0.551453

-0.889893 0.551453
-0.889832 0.551499

-0.889832 0.551499
-0.889526 0.55173

-0.889526 0.55173
-0.88949 0.551758

-0.88949 0.551758
-0.889221 0.551961

-0.889221 0.551961
-0.889085 0.552063

-0.889086 0.552063
-0.888916 0.552191

-0.888916 0.552192
-0.888683 0.552368

-0.888682 0.552368
-0.888611 0.552421

-0.888611 0.552422
-0.888306 0.552653

-0.888306 0.552653
-0.888278 0.552673

-0.888279 0.552673
-0.888 0.552884

-0.888 0.552884
-0.887873 0.552979

-0.887875 0.552979
-0.887695 0.553114

-0.887695 0.553114
-0.887471 0.553284

-0.887471 0.553284
-0.88739 0.553344

-0.88739 0.553345
-0.887085 0.553575

-0.887085 0.553575
-0.887067 0.553589

-0.887067 0.553589
-0.88678 0.553806

-0.88678 0.553807
-0.886662 0.553894

-0.886663 0.553894
-0.886475 0.554036

-0.886475 0.554036
-0.886259 0.554199

-0.886259 0.554199
-0.886169 0.554266

-0.886169 0.554267
-0.885864 0.554497

-0.885864 0.554497
-0.885855 0.554504

-0.885855 0.554504
-0.885559 0.554728

-0.885559 0.554728
-0.885449 0.55481

-0.885451 0.55481
-0.885254 0.554958

-0.885254 0.554958
-0.885047 0.555115

-0.885047 0.555115
-0.884949 0.555187

-0.884949 0.555188
-0.884644 0.555419

-0.884644 0.555419
-0.884642 0.55542

-0.884642 0.55542
-0.884338 0.555649

-0.884338 0.55565
-0.884237 0.555725

-0.884238 0.555725
-0.884033 0.55588

-0.884033 0.55588
-0.883834 0.55603

-0.883834 0.55603
-0.883728 0.556109

-0.883728 0.55611
-0.883429 0.556335

-0.883429 0.556335
-0.883423 0.55634

-0.883423 0.55634
-0.883118 0.55657

-0.883118 0.556571
-0.883024 0.556641

-0.883025 0.556641
-0.882812 0.556801

-0.882812 0.556801
-0.88262 0.556946

-0.882621 0.556946
-0.882507 0.55703

-0.882507 0.557031
-0.882216 0.557251

-0.882215 0.557251
-0.882202 0.557261

-0.882202 0.557261
-0.881897 0.557491

-0.881897 0.557492
-0.88181 0.557556

-0.881811 0.557556
-0.881592 0.557722

-0.881592 0.557722
-0.881406 0.557861

-0.881407 0.557861
-0.881287 0.557951

-0.881287 0.557952
-0.881002 0.558167

-0.881001 0.558167
-0.880981 0.558181

-0.880981 0.558182
-0.880676 0.558412

-0.880676 0.558412
-0.880596 0.558472

-0.880597 0.558472
-0.880371 0.558642

-0.880371 0.558642
-0.880192 0.558777

-0.880193 0.558777
-0.880066 0.558871

-0.880066 0.558872
-0.879787 0.559082

-0.879787 0.559082
-0.879761 0.559101

-0.879761 0.559102
-0.879456 0.559332

-0.879456 0.559332
-0.879382 0.559387

-0.879383 0.559387
-0.87915 0.559562

-0.87915 0.559562
-0.878977 0.559692

-0.878978 0.559692
-0.878845 0.559791

-0.878845 0.559792
-0.878573 0.559998

-0.878572 0.559998
-0.87854 0.560021

-0.87854 0.560022
-0.878235 0.560252

-0.878235 0.560252
-0.878167 0.560303

-0.878168 0.560303
-0.87793 0.560482

-0.87793 0.560482
-0.877762 0.560608

-0.877763 0.560608
-0.877625 0.560711

-0.877625 0.560712
-0.877358 0.560913

-0.877357 0.560913
-0.877319 0.560941

-0.877319 0.560942
-0.877014 0.561172

-0.877014 0.561172
-0.876952 0.561218

-0.876952 0.561218
-0.876709 0.561401

-0.876709 0.561402
-0.876547 0.561523

-0.876548 0.561523
-0.876404 0.561631

-0.876404 0.561631
-0.876142 0.561829

-0.876141 0.561829
-0.876099 0.56186

-0.876099 0.561861
-0.875793 0.562091

-0.875793 0.562091
-0.875736 0.562134

-0.875737 0.562134
-0.875488 0.562321

-0.875488 0.562321
-0.875331 0.562439

-0.875332 0.562439
-0.875183 0.56255

-0.875183 0.56255
-0.874926 0.562744

-0.874925 0.562744
-0.874878 0.562779

-0.874878 0.56278
-0.874573 0.56301

-0.874573 0.56301
-0.87452 0.563049

-0.87452 0.563049
-0.874268 0.56324

-0.874268 0.56324
-0.874114 0.563354

-0.874115 0.563354
-0.873962 0.563469

-0.873962 0.563469
-0.873709 0.56366

-0.873709 0.56366
-0.873657 0.563698

-0.873657 0.563699
-0.873352 0.563928

-0.873352 0.563929
-0.873303 0.563965

-0.873304 0.563965
-0.873047 0.564158

-0.873047 0.564158
-0.872897 0.56427

-0.872899 0.56427
-0.872742 0.564387

-0.872742 0.564388
-0.872492 0.564575

-0.872492 0.564575
-0.872437 0.564616

-0.872437 0.564617
-0.872131 0.564847

-0.872131 0.564847
-0.872086 0.56488

-0.872087 0.56488
-0.871826 0.565076

-0.871826 0.565077
-0.87168 0.565186

-0.871681 0.565186
-0.871521 0.565305

-0.871521 0.565306
-0.871275 0.565491

-0.871275 0.565491
-0.871216 0.565534

-0.871216 0.565535
-0.870911 0.565765

-0.870911 0.565765
-0.870869 0.565796

-0.870869 0.565796
-0.870605 0.565994

-0.870605 0.565995
-0.870462 0.566101

-0.870464 0.566101
-0.8703 0.566223

-0.8703 0.566224
-0.870057 0.566406

-0.870057 0.566406
-0.869995 0.566452

-0.869995 0.566453
-0.86969 0.566682

-0.86969 0.566682
-0.869651 0.566711

-0.869651 0.566711
-0.869385 0.566912

-0.869385 0.566912
-0.869244 0.567017

-0.869245 0.567017
-0.86908 0.567141

-0.86908 0.567141
-0.868839 0.567322

-0.868839 0.567322
-0.868774 0.567369

-0.868774 0.56737
-0.868469 0.5676

-0.868469 0.5676
-0.868433 0.567627

-0.868433 0.567627
-0.868164 0.567829

-0.868164 0.567829
-0.868026 0.567932

-0.868027 0.567932
-0.867859 0.568058

-0.867859 0.568058
-0.867621 0.568237

-0.86762 0.568237
-0.867554 0.568286

-0.867554 0.568287
-0.867249 0.568517

-0.867249 0.568517
-0.867214 0.568542

-0.867214 0.568542
-0.866943 0.568746

-0.866943 0.568746
-0.866807 0.568848

-0.866808 0.568848
-0.866638 0.568975

-0.866638 0.568975
-0.866402 0.569153

-0.866401 0.569153
-0.866333 0.569203

-0.866333 0.569204
-0.866028 0.569433

-0.866028 0.569433
-0.865995 0.569458

-0.865995 0.569458
-0.865723 0.569662

-0.865723 0.569663
-0.865587 0.569763

-0.865589 0.569763
-0.865417 0.569891

-0.865417 0.569892
-0.865182 0.570068

-0.865182 0.570068
-0.865112 0.57012

-0.865112 0.570121
-0.864807 0.57035

-0.864807 0.57035
-0.864775 0.570374

-0.864775 0.570374
-0.864502 0.570579

-0.864502 0.570579
-0.864368 0.570679

-0.864369 0.570679
-0.864197 0.570808

-0.864197 0.570808
-0.863962 0.570984

-0.863962 0.570984
-0.863892 0.571036

-0.863892 0.571037
-0.863586 0.571266

-0.863586 0.571266
-0.863555 0.571289

-0.863555 0.571289
-0.863281 0.571495

-0.863281 0.571495
-0.863148 0.571594

-0.863149 0.571594
-0.862976 0.571724

-0.862976 0.571724
-0.862742 0.571899

-0.862742 0.571899
-0.862671 0.571952

-0.862671 0.571953
-0.862366 0.572182

-0.862366 0.572182
-0.862335 0.572205

-0.862335 0.572205
-0.862061 0.57241

-0.862061 0.572411
-0.861927 0.57251

-0.861928 0.57251
-0.861755 0.572639

-0.861755 0.572639
-0.861521 0.572815

-0.861521 0.572815
-0.86145 0.572867

-0.86145 0.572868
-0.861145 0.573097

-0.861145 0.573097
-0.861114 0.57312

-0.861114 0.57312
-0.86084 0.573326

-0.86084 0.573326
-0.860706 0.573425

-0.860707 0.573425
-0.860535 0.573555

-0.860535 0.573555
-0.8603 0.57373

-0.8603 0.57373
-0.860229 0.573782

-0.860229 0.573783
-0.859924 0.574012

-0.859924 0.574012
-0.859893 0.574036

-0.859893 0.574036
-0.859619 0.574241

-0.859619 0.574241
-0.859485 0.574341

-0.859486 0.574341
-0.859314 0.57447

-0.859314 0.57447
-0.859079 0.574646

-0.859078 0.574646
-0.859009 0.574697

-0.859009 0.574698
-0.858704 0.574927

-0.858704 0.574927
-0.858671 0.574951

-0.858672 0.574951
-0.858398 0.575156

-0.858398 0.575156
-0.858263 0.575256

-0.858265 0.575256
-0.858093 0.575384

-0.858093 0.575385
-0.857857 0.575562

-0.857857 0.575562
-0.857788 0.575612

-0.857788 0.575613
-0.857483 0.575842

-0.857483 0.575842
-0.857449 0.575867

-0.85745 0.575867
-0.857178 0.57607

-0.857178 0.576071
-0.857041 0.576172

-0.857043 0.576172
-0.856873 0.576299

-0.856873 0.576299
-0.856635 0.576477

-0.856635 0.576477
-0.856567 0.576527

-0.856567 0.576528
-0.856262 0.576756

-0.856262 0.576756
-0.856227 0.576782

-0.856227 0.576782
-0.855957 0.576985

-0.855957 0.576985
-0.855819 0.577087

-0.85582 0.577087
-0.855652 0.577213

-0.855652 0.577213
-0.855412 0.577393

-0.855412 0.577393
-0.855347 0.577441

-0.855347 0.577442
-0.855042 0.57767

-0.855042 0.57767
-0.855004 0.577698

-0.855005 0.577698
-0.854736 0.577899

-0.854736 0.577899
-0.854596 0.578003

-0.854597 0.578003
-0.854431 0.578127

-0.854431 0.578127
-0.85419 0.578308

-0.854189 0.578308
-0.854126 0.578355

-0.854126 0.578356
-0.853821 0.578584

-0.853821 0.578584
-0.853782 0.578613

-0.853782 0.578613
-0.853516 0.578812

-0.853516 0.578813
-0.853373 0.578918

-0.853374 0.578918
-0.85321 0.579041

-0.85321 0.579041
-0.852966 0.579224

-0.852966 0.579224
-0.852905 0.579268

-0.852905 0.579269
-0.8526 0.579498

-0.8526 0.579498
-0.852558 0.579529

-0.852558 0.579529
-0.852295 0.579726

-0.852295 0.579726
-0.85215 0.579834

-0.852151 0.579834
-0.85199 0.579954

-0.85199 0.579954
-0.851743 0.580139

-0.851742 0.580139
-0.851685 0.580182

-0.851685 0.580183
-0.851379 0.580411

-0.851379 0.580411
-0.851334 0.580444

-0.851335 0.580444
-0.851074 0.580639

-0.851074 0.58064
-0.850926 0.58075

-0.850927 0.58075
-0.850769 0.580867

-0.850769 0.580868
-0.850519 0.581055

-0.850518 0.581055
-0.850464 0.581095

-0.850464 0.581096
-0.850159 0.581324

-0.850159 0.581324
-0.85011 0.58136

-0.850111 0.58136
-0.849854 0.581552

-0.849854 0.581553
-0.849702 0.581665

-0.849703 0.581665
-0.849548 0.58178

-0.849548 0.581781
-0.849295 0.58197

-0.849294 0.58197
-0.849243 0.582008

-0.849243 0.582009
-0.848938 0.582237

-0.848938 0.582237
-0.848886 0.582275

-0.848886 0.582275
-0.848633 0.582465

-0.848633 0.582465
-0.848478 0.582581

-0.848479 0.582581
-0.848328 0.582693

-0.848328 0.582693
-0.84807 0.582886

-0.84807 0.582886
-0.848022 0.58292

-0.848022 0.582921
-0.847717 0.583149

-0.847717 0.58315
-0.847661 0.583191

-0.847662 0.583191
-0.847412 0.583378

-0.847412 0.583378
-0.847253 0.583496

-0.847254 0.583496
-0.847107 0.583605

-0.847107 0.583606
-0.846845 0.583801

-0.846845 0.583801
-0.846802 0.583833

-0.846802 0.583834
-0.846497 0.584062

-0.846497 0.584062
-0.846436 0.584106

-0.846437 0.584106
-0.846191 0.58429

-0.846191 0.58429
-0.846028 0.584412

-0.846029 0.584412
-0.845886 0.584517

-0.845886 0.584518
-0.84562 0.584717

-0.845619 0.584717
-0.845581 0.584745

-0.845581 0.584746
-0.845276 0.584974

-0.845276 0.584974
-0.845211 0.585022

-0.845212 0.585022
-0.844971 0.585202

-0.844971 0.585202
-0.844803 0.585327

-0.844804 0.585327
-0.844666 0.585429

-0.844666 0.58543
-0.844395 0.585632

-0.844394 0.585632
-0.84436 0.585657

-0.84436 0.585658
-0.844055 0.585886

-0.844055 0.585886
-0.843985 0.585938

-0.843986 0.585938
-0.84375 0.586114

-0.84375 0.586114
-0.843577 0.586243

-0.843578 0.586243
-0.843445 0.586341

-0.843445 0.586342
-0.843169 0.586548

-0.843168 0.586548
-0.84314 0.586569

-0.84314 0.58657
-0.842834 0.586797

-0.842834 0.586798
-0.842759 0.586853

-0.84276 0.586853
-0.842529 0.587025

-0.842529 0.587025
-0.842351 0.587158

-0.842352 0.587158
-0.842224 0.587252

-0.842224 0.587253
-0.841943 0.587463

-0.841942 0.587463
-0.841919 0.58748

-0.841919 0.587481
-0.841614 0.587709

-0.841614 0.587709
-0.841533 0.587769

-0.841534 0.587769
-0.841309 0.587937

-0.841309 0.587937
-0.841125 0.588074

-0.841126 0.588074
-0.841003 0.588164

-0.841003 0.588164
-0.840716 0.588379

-0.840716 0.588379
-0.840698 0.588392

-0.840698 0.588392
-0.840393 0.58862

-0.840393 0.58862
-0.840306 0.588684

-0.840307 0.588684
-0.840088 0.588848

-0.840088 0.588848
-0.839898 0.588989

-0.839899 0.588989
-0.839783 0.589074

-0.839783 0.589076
-0.839489 0.589294

-0.839489 0.589294
-0.839478 0.589303

-0.839478 0.589303
-0.839172 0.589531

-0.839172 0.589531
-0.839079 0.5896

-0.83908 0.5896
-0.838867 0.589759

-0.838867 0.589759
-0.838672 0.589905

-0.838672 0.589905
-0.838562 0.589985

-0.838562 0.589986
-0.838262 0.59021

-0.838262 0.59021
-0.838257 0.590214

-0.838257 0.590214
-0.837952 0.590442

-0.837952 0.590442
-0.837852 0.590515

-0.837853 0.590515
-0.837646 0.590669

-0.837646 0.59067
-0.837444 0.59082

-0.837445 0.59082
-0.837341 0.590896

-0.837341 0.590897
-0.837036 0.591125

-0.837036 0.591125
-0.837035 0.591125

-0.837035 0.591125
-0.836731 0.591352

-0.836731 0.591353
-0.836625 0.591431

-0.836626 0.591431
-0.836426 0.59158

-0.836426 0.59158
-0.836217 0.591736

-0.836217 0.591736
-0.836121 0.591806

-0.836121 0.591807
-0.835815 0.592035

-0.835815 0.592035
-0.835807 0.592041

-0.835807 0.592041
-0.83551 0.592263

-0.83551 0.592263
-0.835397 0.592346

-0.835398 0.592346
-0.835205 0.59249

-0.835205 0.59249
-0.834989 0.592651

-0.834989 0.592651
-0.8349 0.592717

-0.8349 0.592718
-0.834595 0.592945

-0.834595 0.592945
-0.834579 0.592957

-0.83458 0.592957
-0.83429 0.593173

-0.83429 0.593173
-0.834169 0.593262

-0.83417 0.593262
-0.833984 0.5934

-0.833984 0.5934
-0.833761 0.593567

-0.833761 0.593567
-0.833679 0.593627

-0.833679 0.593628
-0.833374 0.593855

-0.833374 0.593855
-0.833351 0.593872

-0.833351 0.593872
-0.833069 0.594083

-0.833069 0.594083
-0.832941 0.594177

-0.832942 0.594177
-0.832764 0.59431

-0.832764 0.59431
-0.832533 0.594482

-0.832532 0.594482
-0.832458 0.594537

-0.832458 0.594538
-0.832153 0.594765

-0.832153 0.594765
-0.832123 0.594788

-0.832123 0.594788
-0.831848 0.594992

-0.831848 0.594993
-0.831712 0.595093

-0.831714 0.595093
-0.831543 0.59522

-0.831543 0.59522
-0.831304 0.595398

-0.831304 0.595398
-0.831238 0.595446

-0.831238 0.595447
-0.830933 0.595675

-0.830933 0.595675
-0.830894 0.595703

-0.830894 0.595703
-0.830627 0.595902

-0.830627 0.595902
-0.830484 0.596008

-0.830485 0.596008
-0.830322 0.596129

-0.830322 0.596129
-0.830075 0.596313

-0.830075 0.596313
-0.830017 0.596356

-0.830017 0.596357
-0.829712 0.596584

-0.829712 0.596584
-0.829665 0.596619

-0.829665 0.596619
-0.829407 0.596811

-0.829407 0.596811
-0.829255 0.596924

-0.829256 0.596924
-0.829102 0.597038

-0.829102 0.597039
-0.828846 0.597229

-0.828845 0.597229
-0.828796 0.597265

-0.828796 0.597266
-0.828491 0.597493

-0.828491 0.597493
-0.828436 0.597534

-0.828436 0.597534
-0.828186 0.59772

-0.828186 0.597721
-0.828026 0.597839

-0.828027 0.597839
-0.827881 0.597947

-0.827881 0.597948
-0.827616 0.598145

-0.827616 0.598145
-0.827576 0.598174

-0.827576 0.598175
-0.827271 0.598402

-0.827271 0.598402
-0.827206 0.59845

-0.827207 0.59845
-0.826965 0.598629

-0.826965 0.598629
-0.826796 0.598755

-0.826797 0.598755
-0.82666 0.598856

-0.82666 0.598856
-0.826387 0.59906

-0.826386 0.59906
-0.826355 0.599083

-0.826355 0.599084
-0.82605 0.599311

-0.82605 0.599311
-0.825976 0.599365

-0.825977 0.599365
-0.825745 0.599538

-0.825745 0.599538
-0.825567 0.59967

-0.825568 0.59967
-0.825439 0.599764

-0.825439 0.599765
-0.825157 0.599976

-0.825156 0.599976
-0.825134 0.599992

