-1.6609 0.0
-1.66089 0.000610352

-1.66089 0.000610352
-1.66085 0.0012207

-1.66086 0.0012207
-1.6608 0.00183105

-1.6608 0.00183105
-1.66072 0.00244141

-1.66072 0.00244141
-1.66061 0.00305176

-1.66061 0.00305176
-1.66049 0.00366211

-1.66049 0.00366211
-1.6604 0.00400327

-1.6604 0.00400479
-1.66033 0.00427246

-1.66033 0.00427246
-1.66015 0.00488281

-1.66015 0.00488281
-1.65995 0.00549316

-1.65995 0.00549316
-1.65979 0.00590097

-1.65979 0.00590344
-1.65971 0.00610352

-1.65971 0.00610352
-1.65945 0.00671387

-1.65945 0.00671387
-1.65918 0.00725846

-1.65918 0.00726189
-1.65915 0.00732422

-1.65915 0.00732422
-1.65881 0.00793457

-1.65881 0.00793457
-1.65857 0.00833248

-1.65857 0.00833486
-1.65844 0.00854492

-1.65844 0.00854492
-1.65802 0.00915527

-1.65802 0.00915527
-1.65796 0.00924079

-1.65796 0.00923933
-1.65755 0.00976562

-1.65755 0.00976562
-1.65735 0.0100107

-1.65735 0.0100058
-1.65703 0.010376

-1.65703 0.010376
-1.65674 0.0106831

-1.65674 0.0106799
-1.65643 0.0109863

-1.65644 0.0109863
-1.65613 0.0112718

-1.65613 0.0112714
-1.65574 0.0115967

-1.65575 0.0115967
-1.65552 0.0117879

-1.65552 0.0117879
-1.65496 0.012207

-1.65496 0.012207
-1.65491 0.0122445

-1.65491 0.0122443
-1.6543 0.0126464

-1.6543 0.0126419
-1.65399 0.0128174

-1.654 0.0128174
-1.65369 0.0129991

-1.65369 0.012995
-1.65308 0.0133011

-1.65308 0.0132978
-1.65278 0.0134277

-1.65279 0.0134277
-1.65247 0.0135676

-1.65247 0.0135639
-1.65186 0.0137873

-1.65186 0.0137867
-1.65125 0.0139729

-1.65125 0.0139692
-1.65096 0.0140381

-1.65099 0.0140381
-1.65063 0.014126

-1.65063 0.0141223
-1.65002 0.0142367

-1.65002 0.0142366
-1.64941 0.0143171

-1.64941 0.014317
-1.6488 0.0143642

-1.6488 0.0143641
-1.64819 0.0143784

-1.64819 0.0143783
-1.64758 0.0143599

-1.64758 0.0143599
-1.64697 0.0143087

-1.64697 0.0143088
-1.64636 0.0142244

-1.64636 0.0142244
-1.64575 0.0141067

-1.64514 0.0139574
-1.64547 0.0140381

-1.64575 0.0141046
-1.64549 0.0140381

-1.64514 0.0139551
-1.64453 0.0137669

-1.6353 0.0
-1.63531 0.000610352

-1.63531 0.000610352
-1.63535 0.0012207

-1.63538 0.00153093
-1.63541 0.00183105

-1.63541 0.00183105
-1.63549 0.00244141

-1.63538 0.00153071
-1.63535 0.0012207

-1.63599 0.00458228
-1.63608 0.00488281

-1.63549 0.00244141
-1.6356 0.00305176

-1.6356 0.00305176
-1.63573 0.00366211

-1.63573 0.00366211
-1.63589 0.00427246

-1.63599 0.00458177
-1.63589 0.00427246

-1.63843 0.00933094
-1.63877 0.00976562

-1.63782 0.00847855
-1.63786 0.00854492

-1.63721 0.00746895
-1.63747 0.00793457

-1.63782 0.00847873
-1.63747 0.00793457

-1.63786 0.00854492
-1.63829 0.00915527

-1.63843 0.00932937
-1.6383 0.00915527

-1.63608 0.00488281
-1.63629 0.00549316

-1.63629 0.00549316
-1.63654 0.00610352

-1.6366 0.00623253
-1.63682 0.00671387

-1.63681 0.00671387
-1.63713 0.00732422

-1.6366 0.00623159
-1.63654 0.00610352

-1.63721 0.00746834
-1.63713 0.00732422

-1.64331 0.0132835
-1.64364 0.0134277

-1.64453 0.013767
-1.64392 0.0135427

-1.64392 0.0135403
-1.64366 0.0134277

-1.64331 0.0132805
-1.6427 0.0129763

-1.64209 0.0126333
-1.64241 0.0128174

-1.6427 0.0129739
-1.64243 0.0128174

-1.64087 0.0117926
-1.64144 0.012207

-1.63965 0.0107184
-1.63993 0.0109863

-1.64026 0.0112909
-1.64063 0.0115967

-1.64087 0.0117834
-1.64063 0.0115967

-1.64026 0.0112818
-1.63993 0.0109863

-1.64209 0.0126289
-1.64148 0.0122345

-1.64148 0.0122277
-1.64145 0.012207

-1.63904 0.0100692
-1.63931 0.010376

-1.63965 0.0107136
-1.63932 0.010376

-1.63904 0.010068
-1.63878 0.00976562

-1.6159 0.0
-1.61584 0.000171428

-1.61584 0.000147918
-1.61566 0.000610352

-1.61571 0.000610352
-1.61523 0.0010596

-1.61523 0.00101305
-1.61462 0.00119708

-1.61462 0.0011654
-1.61401 0.0010043

-1.61401 0.000909158
-1.6134 0.000656559

-1.61279 0.000505923
-1.61323 0.000610352

-1.6134 0.000649198
-1.6132 0.000610352

-1.61279 0.000547706
-1.61218 0.00055217

-1.61218 0.000577403
-1.61157 0.000584222

-1.61157 0.000558264
-1.61096 0.00055525

-1.61096 0.000580167
-1.61035 0.000575429

-1.61035 0.000545839
-1.60974 0.000558199

-1.60974 0.000584445
-1.60913 0.000595873

-1.60913 0.000570329
-1.60852 0.000556563

-1.60852 0.000564064
-1.60791 0.00058872

-1.60791 0.000582191
-1.6073 0.000594013

-1.6073 0.000593966
-1.60669 0.000582463

-1.60669 0.000569722
-1.60608 0.000583474

-1.60608 0.000597099
-1.60547 0.000606834

-1.60547 0.000597823
-1.60486 0.000574845

-1.60486 0.00057588
-1.60425 0.000582096

-1.60425 0.000588131
-1.60364 0.00059697

-1.60364 0.000594563
-1.60303 0.000581091

-1.60303 0.000573926
-1.60242 0.000584232

-1.60242 0.000592189
-1.60181 0.000604077

-1.60181 0.000595598
-1.6012 0.000586337

-1.6012 0.000595429
-1.60059 0.000582315

-1.60059 0.000567114
-1.59998 0.000588594

-1.59937 0.000586671
-1.59875 0.000580311

-1.59875 0.000562252
-1.59846 0.000610352

-1.59844 0.000610352
-1.59814 0.000652558

-1.59814 0.000657544
-1.59753 0.000860251

-1.59753 0.00090816
-1.59692 0.00112081

-1.59692 0.0011239
-1.59643 0.0012207

-1.59644 0.0012207
-1.59631 0.00124537

-1.59631 0.00124382
-1.5957 0.00126504

-1.59509 0.00119673
-1.59528 0.0012207

-1.59509 0.00118471
-1.59448 0.00100476

-1.5957 0.00125967
-1.59541 0.0012207

-1.59448 0.00100312
-1.59387 0.000730287

-1.59326 0.000391412
-1.59371 0.000610352

-1.59387 0.000698898
-1.59362 0.000610352

-1.59326 0.000490995
-1.59265 0.000383284

-1.59265 0.000433774
-1.59204 0.000430714

-1.59204 0.000433486
-1.59143 0.000434991

-1.59143 0.00043406
-1.59082 0.00043328

-1.59082 0.000434998
-1.59021 0.000432001

-1.59021 0.000431248
-1.5896 0.000430425

-1.5896 0.000432155
-1.58899 0.000433291

-1.58899 0.000288162
-1.58838 0.000575653

-1.58838 0.000549261
-1.58832 0.000610352

-1.58829 0.000610352
-1.58777 0.00113618

-1.58777 0.00116473
-1.58773 0.0012207

-1.58785 0.0012207
-1.58777 0.00133293

-1.58777 0.00132758
-1.58732 0.00183105

-1.58733 0.00183105
-1.58716 0.00197688

-1.58716 0.00197354
-1.58655 0.00235717

-1.58655 0.0023361
-1.5862 0.00244141

-1.58623 0.00244141
-1.58594 0.00253029

-1.58411 0.00219119
-1.58465 0.00244141

-1.5835 0.00166329
-1.58365 0.00183105

-1.58411 0.00220388
-1.58365 0.00183105

-1.58594 0.00252143
-1.58533 0.0025587

-1.58533 0.0025602
-1.58472 0.00245467

-1.58289 0.000260899
-1.58293 0.000610352

-1.58292 0.000610352
-1.58318 0.0012207

-1.58289 0.000262995
-1.58285 0.0

-1.5835 0.00165891
-1.58317 0.0012207

-1.57783 0.0
-1.57739 0.000549365

-1.57739 0.000476818
-1.57678 9.15204e-05

-1.57652 0.0
-1.57617 0.000103409

-1.57617 0.00014236
-1.57556 0.000565246

-1.57556 0.000415269
-1.57495 0.000103212

-1.57495 0.000303492
-1.57434 4.70556e-05

-1.57434 3.19249e-05
-1.57373 0.000273046

-1.57373 7.74599e-05
-1.57312 0.000471913

-1.57312 0.000405438
-1.57251 0.000368693

-1.57251 0.000360541
-1.5719 0.000136757

-1.5719 0.000218114
-1.57129 0.000279085

-1.57129 0.000250303
-1.57068 0.000315507

-1.57068 0.00028215
-1.57007 0.000293553

-1.57007 0.000281905
-1.56946 0.000298212

-1.56946 0.000293522
-1.56885 0.000302954

-1.56885 0.000299462
-1.56824 0.000292838

-1.56824 0.000297056
-1.56763 0.00029085

-1.56763 0.000292421
-1.56702 0.000291907

-1.56702 0.000305201
-1.56641 0.000282046

-1.56641 0.000298992
-1.5658 0.000256076

-1.5658 0.000257616
-1.56519 0.000277311

-1.56519 0.000264642
-1.56458 0.000314129

-1.56458 0.000413475
-1.56396 0.000183323

-1.56396 0.000213565
-1.56335 0.00010268

-1.56335 4.83694e-06
-1.56274 0.000487692

-1.56274 0.00049537
-1.56213 0.000400197

-1.56213 0.000461035
-1.56166 0.0

-1.56139 0.0
-1.56091 0.000356913

-1.56091 0.000347001
-1.5603 0.000429088

-1.5603 0.000519954
-1.55986 0.0

-1.55944 0.0
-1.55908 0.000216946

-1.55908 9.13367e-05
-1.55847 0.000541558

-1.55847 0.000585814
-1.55786 3.86505e-05

-1.55786 0.000183742
-1.55768 0.0

-1.55725 8.15864e-06
-1.55664 0.000272303

-1.55664 0.00037413
-1.55637 0.0

-1.55543 0.0
-1.55542 3.47276e-05

-1.55549 0.000610352
-1.55542 0.000715723

-1.55541 0.0
-1.55525 0.000610352

-1.55532 0.000610352
-1.55481 0.00115456

-1.55481 0.00108308
-1.55446 0.0012207

-1.55421 0.0012207
-1.5542 0.00122397

-1.55359 0.00120821
-1.55391 0.0012207

-1.55298 0.00104686
-1.55358 0.0012207

-1.5542 0.00124834
-1.55359 0.00122499

-1.55359 0.00122613
-1.55357 0.0012207

-1.55298 0.00100014
-1.55237 0.000762095

-1.55176 0.000601425
-1.55179 0.000610352

-1.55237 0.000730005
-1.55187 0.000610352

-1.55176 0.000605708
-1.55115 0.000569754

-1.55115 0.000595724
-1.55054 0.000601365

-1.55054 0.000599737
-1.54993 0.000587008

-1.54993 0.000593139
-1.54932 0.000578491

-1.54932 0.000569152
-1.54871 0.000588297

-1.54871 0.00060992
-1.5481 0.0006

-1.5481 0.000574534
-1.54749 0.000563074

-1.54749 0.000583373
-1.54688 0.000603627

-1.54688 0.000599094
-1.54626 0.000579024

-1.54626 0.000584526
-1.54565 0.000562332

-1.54565 0.000559792
-1.54504 0.000573938

-1.54504 0.000591881
-1.54443 0.00058327

-1.54443 0.000568509
-1.54382 0.000548

-1.54382 0.000563363
-1.54321 0.00057077

-1.54321 0.000563543
-1.5426 0.00056778

-1.5426 0.000579996
-1.54199 0.000562611

-1.54199 0.000553525
-1.54138 0.000543029

-1.54138 0.000563895
-1.54077 0.000557721

-1.54077 0.000538655
-1.54016 0.000545551

-1.54016 0.00057447
-1.53955 0.000560938

-1.53955 0.00053812
-1.53894 0.000519021

-1.53894 0.000544068
-1.53833 0.000553141

-1.53833 0.000532678
-1.53772 0.000542609

-1.53772 0.000567841
-1.53711 0.000549229

-1.53711 0.000526027
-1.5365 0.000512037

-1.5365 0.00054192
-1.53589 0.000547169

-1.53589 0.000523099
-1.53528 0.000525462

-1.53528 0.000551901
-1.53467 0.000541914

-1.53467 0.00046042
-1.53406 0.000568169

-1.53406 0.00052625
-1.53392 0.000610352

-1.53393 0.000610352
-1.53345 0.00088195

-1.53345 0.000960162
-1.5331 0.0012207

-1.53313 0.0012207
-1.53284 0.00143489

-1.53284 0.00145474
-1.53223 0.0017751

-1.53223 0.00178835
-1.53204 0.00183105

-1.53188 0.00183105
-1.53162 0.00189183

-1.53162 0.0019049
-1.53101 0.00188777

-1.52979 0.00120723
-1.52979 0.0012207

-1.5304 0.00170354
-1.53081 0.00183105

-1.53101 0.00190759
-1.53076 0.00183105

-1.5304 0.00176294
-1.52979 0.00127664

-1.52929 0.0
-1.5294 0.000610352

-1.52938 0.000610352
-1.52976 0.0012207

-1.52979 0.00129466
-1.52972 0.0012207

-1.508 0.0
-1.50781 0.00037639

-1.50781 0.000329506
-1.5075 0.000610352

-1.50721 0.000610352
-1.5072 0.000613377

-1.5072 0.000564701
-1.50659 0.000578626

-1.50672 0.000610352
-1.50659 0.000611871

-1.50659 0.00055358
-1.50598 0.000552292

-1.50659 0.000610519
-1.50644 0.000610352

-1.50598 0.000568595
-1.50537 0.000572319

-1.50539 0.000610352
-1.50537 0.000610401

-1.50476 0.000409482
-1.50509 0.000610352

-1.50537 0.000618759
-1.50534 0.000610352

-1.50438 0.0
-1.50476 0.000610352

-1.5037 0.0
-1.50354 7.21041e-05

-1.50354 8.10746e-06
-1.50293 0.000529078

-1.50293 0.000557408
-1.50243 0.0

-1.36377 0.0376759
-1.3639 0.0378418

-1.36469 0.0388834
-1.36481 0.0390625

-1.36438 0.0384637
-1.3646 0.0387573

-1.36469 0.0388839
-1.3646 0.0387573

-1.36407 0.0380624
-1.36414 0.038147

-1.36414 0.038147
-1.36437 0.0384521

-1.36407 0.0380627
-1.3639 0.0378418

-1.36438 0.0384635
-1.36437 0.0384521

-1.36285 0.0366017
-1.36287 0.0366211

-1.36255 0.0362671
-1.36259 0.0363159

-1.36285 0.0366007
-1.3626 0.0363159

-1.36163 0.0353238
-1.36171 0.0354004

-1.36133 0.0350276
-1.3614 0.0350952

-1.36163 0.0353227
-1.3614 0.0350952

-1.36224 0.0359431
-1.36231 0.0360107

-1.36194 0.0356289
-1.36201 0.0357056

-1.36224 0.035943
-1.36202 0.0357056

-1.36255 0.0362665
-1.36231 0.0360107

-1.36194 0.0356282
-1.36171 0.0354004

-1.36316 0.0369468
-1.3634 0.0372314

-1.36346 0.0373053
-1.36366 0.0375366

-1.36377 0.0376781
-1.36366 0.0375366

-1.36346 0.0373053
-1.3634 0.0372314

-1.36287 0.0366211
-1.36314 0.0369263

-1.36316 0.0369466
-1.36314 0.0369263

-1.35339 0.0292898
-1.35341 0.0292969

-1.35339 0.0292893
-1.35309 0.0291187

-1.35278 0.0289509
-1.35286 0.0289917

-1.35309 0.0291183
-1.35286 0.0289917

-1.35217 0.0286218
-1.35229 0.0286865

-1.35278 0.0289505
-1.35248 0.0287848

-1.35248 0.0287846
-1.35229 0.0286865

-1.35217 0.0286215
-1.35187 0.0284606

-1.35156 0.0283021
-1.35171 0.0283813

-1.35187 0.0284604
-1.35172 0.0283813

-1.36011 0.0339201
-1.36041 0.0341797

-1.35889 0.0329184
-1.35894 0.032959

-1.3595 0.0334081
-1.35969 0.0335693

-1.3598 0.0336607
-1.36005 0.0338745

-1.36011 0.0339202
-1.36005 0.0338745

-1.3598 0.0336602
-1.35969 0.0335693

-1.35919 0.0331612
-1.35932 0.0332642

-1.3595 0.0334064
-1.35932 0.0332642

-1.35919 0.0331596
-1.35894 0.032959

-1.35706 0.0315707
-1.3573 0.0317383

-1.35675 0.0313624
-1.35685 0.0314331

-1.35706 0.0315704
-1.35686 0.0314331

-1.35675 0.0313614
-1.35645 0.0311561

-1.35889 0.032918
-1.35858 0.0326815

-1.35828 0.03245
-1.35854 0.0326538

-1.35858 0.0326815
-1.35854 0.0326538

-1.35797 0.0322239
-1.35814 0.0323486

-1.35767 0.0320022
-1.35772 0.0320435

-1.35797 0.0322231
-1.35772 0.0320435

-1.35828 0.0324493
-1.35814 0.0323486

-1.35767 0.0320015
-1.35736 0.031784

-1.35736 0.0317834
-1.3573 0.0317383

-1.36102 0.0347397
-1.36108 0.03479

-1.36072 0.0344594
-1.36075 0.0344849

-1.36102 0.0347391
-1.36075 0.0344849

-1.36133 0.0350267
-1.36108 0.03479

-1.36072 0.034459
-1.36041 0.0341861

-1.36041 0.0341865
-1.3604 0.0341797

-1.35522 0.0303715
-1.35546 0.0305176

-1.35614 0.0309548
-1.3564 0.0311279

-1.35583 0.0307574
-1.35594 0.0308228

-1.35614 0.0309545
-1.35594 0.0308228

-1.35645 0.0311558
-1.3564 0.0311279

-1.35583 0.0307568
-1.35553 0.0305624

-1.35553 0.0305621
-1.35546 0.0305176

-1.35492 0.0301844
-1.35497 0.0302124

-1.35522 0.0303712
-1.35497 0.0302124

-1.35492 0.0301836
-1.35461 0.0299989

-1.35431 0.0298174
-1.35446 0.0299072

-1.35431 0.0298171
-1.354 0.0296383

-1.35461 0.0299986
-1.35446 0.0299072

-1.3537 0.0294626
-1.35394 0.0296021

-1.354 0.0296382
-1.35394 0.0296021

-1.3537 0.0294623
-1.35341 0.0292969

-1.36621 0.041312
-1.36632 0.0415039

-1.36743 0.0438873
-1.36746 0.0439453

-1.36682 0.0425016
-1.36693 0.0427246

-1.36652 0.0418863
-1.36663 0.0421143

-1.36632 0.0415039
-1.36648 0.0418091

-1.36652 0.041886
-1.36648 0.0418091

-1.36663 0.0421143
-1.36678 0.0424194

-1.36682 0.0425013
-1.36678 0.0424194

-1.36713 0.0431655
-1.3672 0.043335

-1.36693 0.0427246
-1.36707 0.0430298

-1.36713 0.0431654
-1.36707 0.0430298

-1.3672 0.043335
-1.36733 0.0436401

-1.36743 0.0438873
-1.36733 0.0436401

-1.36865 0.0478123
-1.36868 0.0479126

-1.36868 0.0479126
-1.36874 0.0482178

-1.36874 0.0482178
-1.3688 0.0485229

-1.3688 0.0485229
-1.36886 0.0488281

-1.36746 0.0439453
-1.36758 0.0442505

-1.36758 0.0442505
-1.36769 0.0445557

-1.36774 0.0446837
-1.3678 0.0448608

-1.3678 0.0448608
-1.36791 0.045166

-1.36774 0.0446834
-1.36769 0.0445557

-1.36804 0.0455745
-1.36811 0.0457764

-1.36811 0.0457764
-1.3682 0.0460815

-1.3682 0.0460815
-1.36829 0.0463867

-1.36791 0.045166
-1.36801 0.0454712

-1.36804 0.0455742
-1.36801 0.0454712

-1.36835 0.046596
-1.36837 0.0466919

-1.36837 0.0466919
-1.36846 0.0469971

-1.36835 0.0465957
-1.36829 0.0463867

-1.36846 0.0469971
-1.36853 0.0473022

-1.36853 0.0473022
-1.36861 0.0476074

-1.36865 0.0478119
-1.36861 0.0476074

-1.3656 0.0402618
-1.36561 0.0402832

-1.36499 0.0393203
-1.36502 0.0393677

-1.36502 0.0393677
-1.36523 0.0396729

-1.3653 0.0397804
-1.36542 0.039978

-1.3656 0.0402623
-1.36542 0.039978

-1.3653 0.0397805
-1.36523 0.0396729

-1.36591 0.0407723
-1.36598 0.0408936

-1.36561 0.0402832
-1.3658 0.0405884

-1.36591 0.0407724
-1.3658 0.0405884

-1.36598 0.0408936
-1.36615 0.0411987

-1.36621 0.0413119
-1.36615 0.0411987

-1.36499 0.0393209
-1.36481 0.0390625

-1.36896 0.0493683
-1.36897 0.0494385

-1.36886 0.0488281
-1.36892 0.0491333

-1.36896 0.0493677
-1.36892 0.0491333

-1.36897 0.0494385
-1.36902 0.0497437

-1.36902 0.0497437
-1.36906 0.0500488

-1.36906 0.0500488
-1.36911 0.050354

-1.36911 0.050354
-1.36914 0.0506592

-1.36914 0.0506592
-1.36918 0.0509644

-1.36918 0.0509644
-1.36921 0.0512695

-1.36926 0.0518143
-1.36927 0.0518799

-1.36927 0.0518799
-1.36929 0.0521851

-1.36929 0.0521851
-1.36931 0.0524902

-1.36921 0.0512695
-1.36924 0.0515747

-1.36926 0.0518129
-1.36924 0.0515747

-1.36931 0.0524902
-1.36933 0.0527954

-1.36933 0.0527954
-1.36935 0.0531006

-1.36935 0.0531006
-1.36936 0.0534058

-1.36936 0.0534058
-1.36937 0.0537109

-1.36937 0.0537109
-1.36938 0.0540161

-1.36938 0.0540161
-1.36938 0.0543213

-1.36938 0.0543213
-1.36938 0.0546265

-1.36938 0.0546265
-1.36938 0.0549316

-1.36938 0.0549316
-1.36938 0.0552368

-1.36938 0.0552368
-1.36937 0.055542

-1.36937 0.055542
-1.36936 0.0558472

-1.36936 0.0558472
-1.36935 0.0561523

-1.36935 0.0561523
-1.36934 0.0564575

-1.36934 0.0564575
-1.36933 0.0567627

-1.36933 0.0567627
-1.36931 0.0570679

-1.36931 0.0570679
-1.36929 0.057373

-1.36929 0.057373
-1.36927 0.0576782

-1.36927 0.0576782
-1.36926 0.0577288

-1.36926 0.0577273
-1.36924 0.0579834

-1.36924 0.0579834
-1.36922 0.0582886

-1.36922 0.0582886
-1.36919 0.0585938

-1.36919 0.0585938
-1.36916 0.0588989

-1.36916 0.0588989
-1.36912 0.0592041

-1.36912 0.0592041
-1.36909 0.0595093

-1.36909 0.0595093
-1.36905 0.0598145

-1.36905 0.0598145
-1.36901 0.0601196

-1.36901 0.0601196
-1.36897 0.0604248

-1.36897 0.0604248
-1.36896 0.060541

-1.36896 0.0605402
-1.36893 0.06073

-1.36893 0.06073
-1.36889 0.0610352

-1.36889 0.0610352
-1.36884 0.0613403

-1.36884 0.0613403
-1.36879 0.0616455

-1.36879 0.0616455
-1.36874 0.0619507

-1.36874 0.0619507
-1.36869 0.0622559

-1.36869 0.0622559
-1.36865 0.062465

-1.36865 0.0624644
-1.36864 0.062561

-1.36864 0.062561
-1.36858 0.0628662

-1.36858 0.0628662
-1.36852 0.0631714

-1.36852 0.0631714
-1.36846 0.0634766

-1.36846 0.0634766
-1.3684 0.0637817

-1.3684 0.0637817
-1.36835 0.0640487

-1.36835 0.0640482
-1.36834 0.0640869

-1.36834 0.0640869
-1.36827 0.0643921

-1.36827 0.0643921
-1.36821 0.0646973

-1.36821 0.0646973
-1.36814 0.0650024

-1.36814 0.0650024
-1.36807 0.0653076

-1.36807 0.0653076
-1.36804 0.065436

-1.36804 0.0654356
-1.368 0.0656128

-1.368 0.0656128
-1.36793 0.065918

-1.36793 0.065918
-1.36785 0.0662231

-1.36785 0.0662231
-1.36778 0.0665283

-1.36778 0.0665283
-1.36774 0.066692

-1.36774 0.0666917
-1.3677 0.0668335

-1.3677 0.0668335
-1.36762 0.0671387

-1.36762 0.0671387
-1.36754 0.0674438

-1.36754 0.0674438
-1.36746 0.067749

-1.36746 0.067749
-1.36743 0.0678523

-1.36743 0.067852
-1.36738 0.0680542

-1.36738 0.0680542
-1.36729 0.0683594

-1.36729 0.0683594
-1.36721 0.0686646

-1.36721 0.0686646
-1.36713 0.0689386

-1.36713 0.0689383
-1.36712 0.0689697

-1.36712 0.0689697
-1.36703 0.0692749

-1.36703 0.0692749
-1.36694 0.0695801

-1.36694 0.0695801
-1.36685 0.0698853

-1.36685 0.0698853
-1.36682 0.0699652

-1.36682 0.0699649
-1.36675 0.0701904

-1.36675 0.0701904
-1.36666 0.0704956

-1.36666 0.0704956
-1.36656 0.0708008

-1.36656 0.0708008
-1.36652 0.0709427

-1.36652 0.0709424
-1.36646 0.071106

-1.36646 0.071106
-1.36637 0.0714111

-1.36637 0.0714111
-1.36626 0.0717163

-1.36627 0.0717163
-1.36621 0.071879

-1.36621 0.0718788
-1.36616 0.0720215

-1.36616 0.0720215
-1.36606 0.0723267

-1.36606 0.0723267
-1.36596 0.0726318

-1.36596 0.0726318
-1.36591 0.0727799

-1.36591 0.0727797
-1.36585 0.072937

-1.36585 0.072937
-1.36575 0.0732422

-1.36575 0.0732422
-1.36564 0.0735474

-1.36564 0.0735474
-1.3656 0.0736502

-1.3656 0.0736499
-1.36553 0.0738525

-1.36553 0.0738525
-1.36542 0.0741577

-1.36542 0.0741577
-1.36531 0.0744629

-1.36531 0.0744629
-1.3653 0.0744934

-1.3653 0.0744931
-1.36519 0.0747681

-1.36519 0.0747681
-1.36508 0.0750732

-1.36508 0.0750732
-1.36499 0.0753118

-1.36499 0.0753117
-1.36497 0.0753784

-1.36497 0.0753784
-1.36485 0.0756836

-1.36485 0.0756836
-1.36473 0.0759888

-1.36473 0.0759888
-1.36469 0.076109

-1.36469 0.0761087
-1.36461 0.0762939

-1.36461 0.0762939
-1.36449 0.0765991

-1.36449 0.0765991
-1.36438 0.0768866

-1.36438 0.0768865
-1.36437 0.0769043

-1.36437 0.0769043
-1.36425 0.0772095

-1.36425 0.0772095
-1.36413 0.0775146

-1.36413 0.0775146
-1.36407 0.0776463

-1.36407 0.0776461
-1.364 0.0778198

-1.364 0.0778198
-1.36388 0.078125

-1.35095 0.0279911
-1.35112 0.0280762

-1.35095 0.0279909
-1.35065 0.0278385

-1.35034 0.0276884
-1.35051 0.027771

-1.35065 0.0278384
-1.35051 0.027771

-1.35156 0.0283019
-1.35126 0.0281453

-1.35126 0.0281452
-1.35112 0.0280762

-1.34973 0.0273933
-1.34988 0.0274658

-1.35034 0.0276882
-1.35004 0.0275397

-1.35004 0.0275395
-1.34988 0.0274658

-1.34973 0.0273931
-1.34943 0.0272484

-1.34912 0.0271057
-1.34924 0.0271606

-1.34943 0.0272482
-1.34924 0.0271606

-1.34851 0.0268249
-1.34858 0.0268555

-1.34851 0.0268247
-1.34821 0.0266867

-1.34821 0.0266865
-1.3479 0.0265503

-1.3476 0.0264157
-1.3479 0.0265503

-1.3476 0.0264155
-1.34729 0.0262822

-1.34698 0.0261507
-1.3472 0.0262451

-1.34698 0.0261506
-1.34668 0.0260202

-1.34729 0.0262822
-1.3472 0.0262451

-1.34912 0.0271055
-1.34882 0.0269642

-1.34882 0.026964
-1.34858 0.0268555

-1.34241 0.02433
-1.34263 0.0244141

-1.34241 0.0243299
-1.3421 0.0242176

-1.3418 0.0241066
-1.3418 0.0241089

-1.3421 0.0242175
-1.3418 0.0241089

-1.34546 0.0255129
-1.34576 0.0256348

-1.34637 0.0258916
-1.34649 0.0259399

-1.34668 0.0260201
-1.34649 0.0259399

-1.34637 0.0258914
-1.34607 0.0257638

-1.34607 0.0257637
-1.34576 0.0256375

-1.34576 0.0256376
-1.34576 0.0256348

-1.34546 0.0255127
-1.34515 0.0253891

-1.34485 0.025267
-1.345 0.0253296

-1.34515 0.025389
-1.34501 0.0253296

-1.34485 0.0252669
-1.34454 0.0251457

-1.34454 0.0251455
-1.34424 0.0250256

-1.34393 0.0249071
-1.34423 0.0250244

-1.34393 0.024907
-1.34363 0.0247893

-1.34424 0.0250257
-1.34423 0.0250244

-1.34332 0.0246731
-1.34344 0.0247192

-1.34363 0.0247892
-1.34344 0.0247192

-1.34332 0.024673
-1.34302 0.0245575

-1.34302 0.0245574
-1.34271 0.0244431

-1.34271 0.0244431
-1.34263 0.0244141

-1.3418 0.0241064
-1.34149 0.0239962

-1.34149 0.0239961
-1.34119 0.0238867

-1.34088 0.0237787
-1.34095 0.0238037

-1.34088 0.0237786
-1.34058 0.0236711

-1.34119 0.0238867
-1.34095 0.0238037

-1.34058 0.023671
-1.34027 0.0235645

-1.33997 0.0234591
-1.34008 0.0234985

-1.34027 0.0235644
-1.34008 0.0234985

-1.33997 0.023459
-1.33966 0.0233542

-1.33966 0.0233541
-1.33936 0.0232502

-1.33905 0.0231474
-1.33919 0.0231934

-1.33905 0.0231473
-1.33875 0.0230451

-1.33875 0.023045
-1.33844 0.0229436

-1.33813 0.0228432
-1.33827 0.0228882

-1.33844 0.0229436
-1.33827 0.0228882

-1.33936 0.0232502
-1.33919 0.0231934

-1.33813 0.0228432
-1.33783 0.0227433

-1.33783 0.0227433
-1.33752 0.0226442

-1.33722 0.0225461
-1.33733 0.022583

-1.33722 0.0225461
-1.33691 0.0224485

-1.33752 0.0226442
-1.33733 0.022583

-1.33539 0.0219718
-1.33539 0.0219727

-1.33539 0.0219717
-1.33508 0.0218784

-1.33508 0.0218783
-1.33478 0.0217856

-1.33478 0.0217856
-1.33447 0.0216936

-1.33691 0.0224484
-1.33661 0.0223516

-1.3363 0.0222557
-1.33637 0.0222778

-1.33661 0.0223516
-1.33637 0.0222778

-1.3363 0.0222557
-1.336 0.0221603

-1.336 0.0221602
-1.33569 0.0220655

-1.33569 0.0220655
-1.33539 0.0219727

-1.33417 0.0216024
-1.33439 0.0216675

-1.33447 0.0216936
-1.33439 0.0216675

-1.33417 0.0216023
-1.33386 0.0215116

-1.33325 0.0213322
-1.33335 0.0213623

-1.33386 0.0215115
-1.33356 0.0214214

-1.33356 0.0214214
-1.33336 0.0213623

-1.33325 0.0213321
-1.33295 0.0212432

-1.33295 0.0212432
-1.33264 0.0211548

-1.33264 0.0211549
-1.33234 0.0210672

-1.33203 0.0209802
-1.3323 0.0210571

-1.33234 0.0210672
-1.3323 0.0210571

-1.32654 0.0195033
-1.32665 0.0195312

-1.32654 0.0195033
-1.32623 0.0194258

-1.32623 0.0194258
-1.32593 0.0193488

-1.32593 0.0193489
-1.32562 0.0192724

-1.32532 0.0191963
-1.32544 0.0192261

-1.32562 0.0192724
-1.32544 0.0192261

-1.32532 0.0191963
-1.32501 0.0191206

-1.32501 0.0191206
-1.32471 0.0190453

-1.3241 0.0188964
-1.3242 0.0189209

-1.32471 0.0190454
-1.3244 0.0189707

-1.3244 0.0189706
-1.3242 0.0189209

-1.3241 0.0188963
-1.32379 0.0188224

-1.32379 0.0188223
-1.32349 0.0187488

-1.32349 0.0187488
-1.32318 0.0186757

-1.32288 0.0186031
-1.32293 0.0186157

-1.32318 0.0186757
-1.32293 0.0186157

-1.32288 0.018603
-1.32257 0.0185306

-1.32257 0.0185306
-1.32227 0.0184586

-1.32135 0.0182454
-1.32163 0.0183105

-1.32135 0.0182453
-1.32104 0.0181749

-1.32227 0.0184586
-1.32196 0.0183872

-1.32196 0.0183872
-1.32166 0.0183161

-1.32166 0.0183161
-1.32163 0.0183105

-1.32104 0.0181749
-1.32074 0.0181049

-1.32074 0.018105
-1.32043 0.0180354

-1.32013 0.0179661
-1.3203 0.0180054

-1.32043 0.0180354
-1.3203 0.0180054

-1.32013 0.0179661
-1.31982 0.0178971

-1.31982 0.0178971
-1.31952 0.0178286

-1.31952 0.0178286
-1.31921 0.0177605

-1.31891 0.0176928
-1.31894 0.0177002

-1.31891 0.0176928
-1.3186 0.0176253

-1.31921 0.0177606
-1.31894 0.0177002

-1.3186 0.0176253
-1.3183 0.0175582

-1.3183 0.0175581
-1.31799 0.0174914

-1.31799 0.0174915
-1.31769 0.0174251

-1.31738 0.017359
-1.31755 0.017395

-1.31769 0.0174251
-1.31755 0.017395

-1.31586 0.0170338
-1.31612 0.0170898

-1.31586 0.0170338
-1.31555 0.0169697

-1.31555 0.0169697
-1.31525 0.016906

-1.31525 0.016906
-1.31494 0.0168427

-1.31738 0.017359
-1.31708 0.0172932

-1.31708 0.0172932
-1.31677 0.0172278

-1.31677 0.0172278
-1.31647 0.0171628

-1.31647 0.0171629
-1.31616 0.0170983

-1.31616 0.0170983
-1.31612 0.0170898

-1.31464 0.0167796
-1.31466 0.0167847

-1.31494 0.0168427
-1.31466 0.0167847

-1.31464 0.0167796
-1.31433 0.0167167

-1.31433 0.0167167
-1.31403 0.0166541

-1.31403 0.0166541
-1.31372 0.016592

-1.31311 0.0164688
-1.31316 0.0164795

-1.31372 0.016592
-1.31342 0.0165303

-1.31342 0.0165303
-1.31316 0.0164795

-1.31311 0.0164688
-1.31281 0.0164075

-1.31281 0.0164075
-1.3125 0.0163465

-1.33112 0.0207223
-1.33122 0.020752

-1.33112 0.0207223
-1.33081 0.0206374

-1.33203 0.0209801
-1.33173 0.0208936

-1.33173 0.0208935
-1.33142 0.0208076

-1.33142 0.0208076
-1.33122 0.020752

-1.33081 0.0206374
-1.33051 0.020553

-1.33051 0.020553
-1.3302 0.0204693

-1.3299 0.0203861
-1.33012 0.0204468

-1.3302 0.0204693
-1.33012 0.0204468

-1.3299 0.0203861
-1.32959 0.0203033

-1.32898 0.0201395
-1.32899 0.0201416

-1.32959 0.0203032
-1.32928 0.020221

-1.32928 0.020221
-1.32899 0.0201416

-1.32898 0.0201394
-1.32867 0.0200582

-1.32867 0.0200582
-1.32837 0.0199774

-1.32837 0.0199774
-1.32806 0.0198972

-1.32776 0.0198176
-1.32783 0.0198364

-1.32806 0.0198972
-1.32783 0.0198364

-1.32776 0.0198175
-1.32745 0.0197382

-1.32745 0.0197382
-1.32715 0.0196594

-1.32715 0.0196594
-1.32684 0.0195811

-1.32684 0.0195811
-1.32665 0.0195312

-1.36388 0.078125
-1.36377 0.0783899

-1.36377 0.0783897
-1.36375 0.0784302

-1.36375 0.0784302
-1.36363 0.0787354

-1.36363 0.0787354
-1.3635 0.0790405

-1.3635 0.0790405
-1.36346 0.0791186

-1.36346 0.0791183
-1.36337 0.0793457

-1.36337 0.0793457
-1.36324 0.0796509

-1.36324 0.0796509
-1.36316 0.0798332

-1.36316 0.079833
-1.36311 0.0799561

-1.36311 0.0799561
-1.36297 0.0802612

-1.36297 0.0802612
-1.36285 0.0805353

-1.36285 0.0805352
-1.36284 0.0805664

-1.36284 0.0805664
-1.36271 0.0808716

-1.36271 0.0808716
-1.36257 0.0811768

-1.36257 0.0811768
-1.36255 0.0812257

-1.36255 0.0812254
-1.36243 0.0814819

-1.36243 0.0814819
-1.3623 0.0817871

-1.3623 0.0817871
-1.36224 0.0819046

-1.36224 0.0819044
-1.36216 0.0820923

-1.36216 0.0820923
-1.36202 0.0823975

-1.36202 0.0823975
-1.36194 0.0825732

-1.36194 0.0825731
-1.36188 0.0827026

-1.36188 0.0827026
-1.36174 0.0830078

-1.36174 0.0830078
-1.36163 0.0832323

-1.36163 0.0832322
-1.3616 0.083313

-1.3616 0.083313
-1.36145 0.0836182

-1.36145 0.0836182
-1.36133 0.0838823

-1.36133 0.0838822
-1.36131 0.0839233

-1.36131 0.0839233
-1.36116 0.0842285

-1.36116 0.0842285
-1.36102 0.0845237

-1.36102 0.0845236
-1.36102 0.0845337

-1.36102 0.0845337
-1.36087 0.0848389

-1.36087 0.0848389
-1.36072 0.085144

-1.36072 0.085144
-1.36072 0.0851572

-1.36072 0.085157
-1.36058 0.0854492

-1.36058 0.0854492
-1.36043 0.0857544

-1.36043 0.0857544
-1.36041 0.0857827

-1.36041 0.0857824
-1.36028 0.0860596

-1.36028 0.0860596
-1.36013 0.0863647

-1.36013 0.0863647
-1.36011 0.0864009

-1.36011 0.0864006
-1.35997 0.0866699

-1.35997 0.0866699
-1.35982 0.0869751

-1.35982 0.0869751
-1.3598 0.0870122

-1.3598 0.0870119
-1.35967 0.0872803

-1.35967 0.0872803
-1.35951 0.0875854

-1.35951 0.0875854
-1.3595 0.0876168

-1.3595 0.0876166
-1.35936 0.0878906

-1.35936 0.0878906
-1.3592 0.0881958

-1.3592 0.0881958
-1.35919 0.0882152

-1.35919 0.088215
-1.35904 0.088501

-1.35904 0.088501
-1.35889 0.0888062

-1.35889 0.0888062
-1.35889 0.0888077

-1.35889 0.0888074
-1.35873 0.0891113

-1.35873 0.0891113
-1.35858 0.089394

-1.35858 0.0893939
-1.35857 0.0894165

-1.35857 0.0894165
-1.35841 0.0897217

-1.35841 0.0897217
-1.35828 0.0899751

-1.35828 0.089975
-1.35825 0.0900269

-1.35825 0.0900269
-1.35809 0.090332

-1.35809 0.090332
-1.35797 0.090551

-1.35797 0.0905509
-1.35793 0.0906372

-1.35793 0.0906372
-1.35776 0.0909424

-1.35776 0.0909424
-1.35767 0.0911218

-1.35767 0.0911217
-1.3576 0.0912476

-1.3576 0.0912476
-1.35743 0.0915527

-1.35743 0.0915527
-1.35736 0.0916878

-1.35736 0.0916877
-1.35727 0.0918579

-1.35727 0.0918579
-1.3571 0.0921631

-1.3571 0.0921631
-1.35706 0.0922493

-1.35706 0.0922491
-1.35694 0.0924683

-1.35694 0.0924683
-1.35677 0.0927734

-1.35677 0.0927734
-1.35675 0.0928063

-1.35675 0.092806
-1.3566 0.0930786

-1.3566 0.0930786
-1.35645 0.0933587

-1.35645 0.0933586
-1.35643 0.0933838

-1.35643 0.0933838
-1.35626 0.093689

-1.35626 0.093689
-1.35614 0.093907

-1.35614 0.0939069
-1.35609 0.0939941

-1.35609 0.0939941
-1.35592 0.0942993

-1.35592 0.0942993
-1.35583 0.0944514

-1.35583 0.0944513
-1.35575 0.0946045

-1.35575 0.0946045
-1.35558 0.0949097

-1.35558 0.0949097
-1.35553 0.0949921

-1.35553 0.0949919
-1.3554 0.0952148

-1.3554 0.0952148
-1.35523 0.09552

-1.35523 0.09552
-1.35522 0.0955291

-1.35522 0.0955288
-1.35506 0.0958252

-1.35506 0.0958252
-1.35492 0.096062

-1.35492 0.0960619
-1.35488 0.0961304

-1.35488 0.0961304
-1.3547 0.0964355

-1.3547 0.0964355
-1.35461 0.0965917

-1.35461 0.0965916
-1.35453 0.0967407

-1.35453 0.0967407
-1.35435 0.0970459

-1.35435 0.0970459
-1.35431 0.0971182

-1.35431 0.097118
-1.35417 0.0973511

-1.35417 0.0973511
-1.354 0.0976412

-1.354 0.097641
-1.354 0.0976562

-1.354 0.0976562
-1.35382 0.0979614

-1.35382 0.0979614
-1.3537 0.098161

-1.3537 0.0981609
-1.35364 0.0982666

-1.35364 0.0982666
-1.35346 0.0985718

-1.35346 0.0985718
-1.35339 0.0986779

-1.35339 0.0986777
-1.35328 0.098877

-1.35328 0.098877
-1.35309 0.0991821

-1.35309 0.0991821
-1.35309 0.099192

-1.35309 0.0991917
-1.35291 0.0994873

-1.35291 0.0994873
-1.35278 0.0997026

-1.35278 0.0997025
-1.35273 0.0997925

-1.35273 0.0997925
-1.35255 0.100098

-1.35255 0.100098
-1.35248 0.100211

-1.35248 0.100211
-1.35236 0.100403

-1.35236 0.100403
-1.35218 0.100708

-1.35218 0.100708
-1.35217 0.100716

-1.35217 0.100716
-1.35199 0.101013

-1.35199 0.101013
-1.35187 0.101219

-1.35187 0.101219
-1.35181 0.101318

-1.35181 0.101318
-1.35162 0.101624

-1.35162 0.101624
-1.35156 0.101719

-1.35156 0.101719
-1.35143 0.101929

-1.35143 0.101929
-1.35126 0.102217

-1.35126 0.102216
-1.35125 0.102234

-1.35125 0.102234
-1.35106 0.102539

-1.35106 0.102539
-1.35095 0.102712

-1.35095 0.102712
-1.35087 0.102844

-1.35087 0.102844
-1.35068 0.103149

-1.35068 0.103149
-1.35065 0.103205

-1.35065 0.103205
-1.35049 0.103455

-1.35049 0.103455
-1.35034 0.103695

-1.35034 0.103695
-1.3503 0.10376

-1.3503 0.10376
-1.35011 0.104065

-1.35011 0.104065
-1.35004 0.104183

-1.35004 0.104183
-1.34992 0.10437

-1.34992 0.10437
-1.34973 0.104669

-1.34973 0.104669
-1.34973 0.104675

-1.34973 0.104675
-1.34954 0.10498

-1.34954 0.10498
-1.34943 0.105153

-1.34943 0.105153
-1.34934 0.105286

-1.34934 0.105286
-1.34915 0.105591

-1.34915 0.105591
-1.34912 0.105636

-1.34912 0.105635
-1.34896 0.105896

-1.34896 0.105896
-1.34882 0.106115

-1.34882 0.106114
-1.34876 0.106201

-1.34876 0.106201
-1.34857 0.106506

-1.34857 0.106506
-1.34851 0.106593

-1.34851 0.106592
-1.34837 0.106812

-1.34837 0.106812
-1.34821 0.107068

-1.34821 0.107068
-1.34817 0.107117

-1.34817 0.107117
-1.34798 0.107422

-1.34798 0.107422
-1.3479 0.107542

-1.3479 0.107542
-1.34778 0.107727

-1.34778 0.107727
-1.3476 0.108014

-1.3476 0.108014
-1.34758 0.108032

-1.34758 0.108032
-1.34739 0.108337

-1.34739 0.108337
-1.34729 0.108484

-1.34729 0.108484
-1.34719 0.108643

-1.34719 0.108643
-1.34699 0.108948

-1.34699 0.108948
-1.34698 0.108953

-1.34698 0.108953
-1.34679 0.109253

-1.34679 0.109253
-1.34668 0.109419

-1.34668 0.109419
-1.34659 0.109558

-1.34659 0.109558
-1.34639 0.109863

-1.34639 0.109863
-1.34637 0.109885

-1.34637 0.109884
-1.34619 0.110168

-1.34619 0.110168
-1.34607 0.110348

-1.34607 0.110347
-1.34599 0.110474

-1.34599 0.110474
-1.34578 0.110779

-1.34578 0.110779
-1.34576 0.11081

-1.34576 0.110809
-1.34558 0.111084

-1.34558 0.111084
-1.34546 0.111269

-1.34546 0.111269
-1.34538 0.111389

-1.34538 0.111389
-1.34518 0.111694

-1.34518 0.111694
-1.34515 0.111728

-1.34515 0.111728
-1.34497 0.112

-1.34497 0.112
-1.34485 0.112185

-1.34485 0.112184
-1.34477 0.112305

-1.34477 0.112305
-1.34456 0.11261

-1.34456 0.11261
-1.34454 0.112641

-1.34454 0.11264
-1.34436 0.112915

-1.34436 0.112915
-1.34424 0.113094

-1.34424 0.113094
-1.34415 0.11322

-1.34415 0.11322
-1.34395 0.113525

-1.34395 0.113525
-1.34393 0.113547

-1.34393 0.113547
-1.34374 0.113831

-1.34374 0.113831
-1.34363 0.113998

-1.34363 0.113998
-1.34353 0.114136

-1.34353 0.114136
-1.34333 0.114441

-1.34333 0.114441
-1.34332 0.114448

-1.34332 0.114448
-1.34312 0.114746

-1.34312 0.114746
-1.34302 0.114896

-1.34302 0.114896
-1.34291 0.115051

-1.34291 0.115051
-1.34271 0.115343

-1.34271 0.115343
-1.3427 0.115356

-1.3427 0.115356
-1.34249 0.115662

-1.34249 0.115662
-1.34241 0.115789

-1.34241 0.115789
-1.34228 0.115967

-1.34228 0.115967
-1.3421 0.116233

-1.3421 0.116233
-1.34208 0.116272

-1.34208 0.116272
-1.34187 0.116577

-1.34186 0.116577
-1.3418 0.116677

-1.3418 0.116676
-1.34165 0.116882

-1.34165 0.116882
-1.34149 0.117118

-1.34149 0.117117
-1.34144 0.117188

-1.34144 0.117188
-1.34123 0.117493

-1.34123 0.117493
-1.34119 0.11756

-1.34119 0.117559
-1.34102 0.117798

-1.34102 0.117798
-1.34088 0.117998

-1.34088 0.117998
-1.34081 0.118103

-1.34081 0.118103
-1.3406 0.118408

-1.3406 0.118408
-1.34058 0.118437

-1.34058 0.118437
-1.34038 0.118713

-1.34038 0.118713
-1.34027 0.118874

-1.34027 0.118874
-1.34017 0.119019

-1.34017 0.119019
-1.33997 0.11931

-1.33997 0.11931
-1.33996 0.119324

-1.33996 0.119324
-1.33974 0.119629

-1.33974 0.119629
-1.33966 0.119746

-1.33966 0.119745
-1.33953 0.119934

-1.33953 0.119934
-1.33936 0.120179

-1.33936 0.120178
-1.33931 0.120239

-1.33931 0.120239
-1.3391 0.120544

-1.3391 0.120544
-1.33905 0.120613

-1.33905 0.120612
-1.33888 0.12085

-1.33888 0.12085
-1.33875 0.121044

-1.33875 0.121043
-1.33867 0.121155

-1.33867 0.121155
-1.33845 0.12146

-1.33845 0.12146
-1.33844 0.121475

-1.33844 0.121474
-1.33823 0.121765

-1.33823 0.121765
-1.33813 0.121904

-1.33813 0.121904
-1.33802 0.12207

-1.33802 0.12207
-1.33783 0.122333

-1.33783 0.122332
-1.3378 0.122375

-1.3378 0.122375
-1.33758 0.122681

-1.33758 0.122681
-1.33752 0.122762

-1.33752 0.122761
-1.33736 0.122986

-1.33736 0.122986
-1.33722 0.123187

-1.33722 0.123186
-1.33715 0.123291

-1.33714 0.123291
-1.33693 0.123596

-1.33693 0.123596
-1.33691 0.123613

-1.33691 0.123613
-1.33671 0.123901

-1.33671 0.123901
-1.33661 0.124038

-1.33661 0.124038
-1.33649 0.124207

-1.33649 0.124207
-1.3363 0.124462

-1.3363 0.124461
-1.33627 0.124512

-1.33627 0.124512
-1.33605 0.124817

-1.33605 0.124817
-1.336 0.124886

-1.336 0.124885
-1.33583 0.125122

-1.33583 0.125122
-1.33569 0.125307

-1.33569 0.125306
-1.33561 0.125427

-1.33561 0.125427
-1.33539 0.125728

-1.33539 0.125728
-1.33539 0.125732

-1.33539 0.125732
-1.33516 0.126038

-1.33516 0.126038
-1.33508 0.12615

-1.33508 0.126149
-1.33494 0.126343

-1.33494 0.126343
-1.33478 0.126568

-1.33478 0.126567
-1.33472 0.126648

-1.33472 0.126648
-1.3345 0.126953

-1.3345 0.126953
-1.33447 0.126987

-1.33447 0.126987
-1.33427 0.127258

-1.33427 0.127258
-1.33417 0.127405

-1.33417 0.127404
-1.33405 0.127563

-1.33405 0.127563
-1.33386 0.127822

-1.33386 0.127821
-1.33383 0.127869

-1.33383 0.127869
-1.3336 0.128174

-1.3336 0.128174
-1.33356 0.128239

-1.33356 0.128238
-1.33338 0.128479

-1.33338 0.128479
-1.33325 0.128654

-1.33325 0.128653
-1.33316 0.128784

-1.33316 0.128784
-1.33295 0.129068

-1.33295 0.129068
-1.33293 0.129089

-1.33293 0.129089
-1.33271 0.129395

-1.33271 0.129395
-1.33264 0.129483

-1.33264 0.129482
-1.33248 0.1297

-1.33248 0.1297
-1.33234 0.129895

-1.33234 0.129894
-1.33226 0.130005

-1.33226 0.130005
-1.33203 0.130308

-1.33203 0.130308
-1.33203 0.13031

-1.33203 0.13031
-1.3318 0.130615

-1.3318 0.130615
-1.33173 0.13072

-1.33173 0.130719
-1.33158 0.13092

-1.33158 0.13092
-1.33142 0.13113

-1.33142 0.131129
-1.33135 0.131226

-1.33135 0.131226
-1.33112 0.131531

-1.33112 0.131531
-1.33112 0.131541

-1.33112 0.13154
-1.3309 0.131836

-1.33089 0.131836
-1.33081 0.131951

-1.33081 0.13195
-1.33067 0.132141

-1.33067 0.132141
-1.33051 0.132359

-1.33051 0.132358
-1.33044 0.132446

-1.33044 0.132446
-1.33021 0.132751

-1.33021 0.132751
-1.3302 0.132767

-1.3302 0.132767
-1.32998 0.133057

-1.32998 0.133057
-1.3299 0.133175

-1.3299 0.133174
-1.32975 0.133362

-1.32975 0.133362
-1.32959 0.133581

-1.32959 0.13358
-1.32953 0.133667

-1.32953 0.133667
-1.3293 0.133972

-1.3293 0.133972
-1.32928 0.133987

-1.32928 0.133987
-1.32907 0.134277

-1.32907 0.134277
-1.32898 0.134394

-1.32898 0.134392
-1.32884 0.134583

-1.32884 0.134583
-1.32867 0.134797

-1.32867 0.134796
-1.32861 0.134888

-1.32861 0.134888
-1.32838 0.135193

-1.32838 0.135193
-1.32837 0.135202

-1.32837 0.135202
-1.32814 0.135498

-1.32814 0.135498
-1.32806 0.135606

-1.32806 0.135605
-1.32791 0.135803

-1.32791 0.135803
-1.32776 0.136008

-1.32776 0.136007
-1.32768 0.136108

-1.32768 0.136108
-1.32745 0.13641

-1.32745 0.13641
-1.32745 0.136414

-1.32745 0.136414
-1.32722 0.136719

-1.32722 0.136719
-1.32715 0.136813

-1.32715 0.136812
-1.32699 0.137024

-1.32699 0.137024
-1.32684 0.137213

-1.32684 0.137212
-1.32676 0.137329

-1.32675 0.137329
-1.32654 0.137614

-1.32654 0.137613
-1.32652 0.137634

-1.32652 0.137634
-1.32629 0.137939

-1.32629 0.137939
-1.32623 0.138014

-1.32623 0.138014
-1.32606 0.138245

-1.32606 0.138245
-1.32593 0.138413

-1.32593 0.138412
-1.32582 0.13855

-1.32582 0.13855
-1.32562 0.138812

-1.32562 0.138811
-1.32559 0.138855

-1.32559 0.138855
-1.32536 0.13916

-1.32536 0.13916
-1.32532 0.13921

-1.32532 0.13921
-1.32512 0.139465

-1.32512 0.139465
-1.32501 0.139608

-1.32501 0.139607
-1.32489 0.139771

-1.32489 0.139771
-1.32471 0.140005

-1.32471 0.140004
-1.32465 0.140076

-1.32465 0.140076
-1.32442 0.140381

-1.32442 0.140381
-1.3244 0.140401

-1.3244 0.140401
-1.32418 0.140686

-1.32418 0.140686
-1.3241 0.140798

-1.3241 0.140797
-1.32395 0.140991

-1.32395 0.140991
-1.32379 0.141193

-1.32379 0.141192
-1.32371 0.141296

-1.32371 0.141296
-1.32349 0.141588

-1.32349 0.141588
-1.32348 0.141602

-1.32348 0.141602
-1.32324 0.141907

-1.32324 0.141907
-1.32318 0.141983

-1.32318 0.141982
-1.323 0.142212

-1.323 0.142212
-1.32288 0.142377

-1.32288 0.142375
-1.32277 0.142517

-1.32277 0.142517
-1.32257 0.14277

-1.32257 0.142769
-1.32253 0.142822

-1.32253 0.142822
-1.32229 0.143127

-1.32229 0.143127
-1.32227 0.143163

-1.32227 0.143163
-1.32206 0.143433

-1.32205 0.143433
-1.32196 0.143556

-1.32196 0.143555
-1.32182 0.143738

-1.32182 0.143738
-1.32166 0.143947

-1.32166 0.143946
-1.32158 0.144043

-1.32158 0.144043
-1.32135 0.144338

-1.32135 0.144338
-1.32134 0.144348

-1.32134 0.144348
-1.3211 0.144653

-1.3211 0.144653
-1.32104 0.14473

-1.32104 0.144729
-1.32087 0.144958

-1.32087 0.144958
-1.32074 0.145121

-1.32074 0.145119
-1.32063 0.145264

-1.32063 0.145264
-1.32043 0.14551

-1.32043 0.14551
-1.32039 0.145569

-1.32039 0.145569
-1.32015 0.145874

-1.32015 0.145874
-1.32013 0.1459

-1.32013 0.145899
-1.31991 0.146179

-1.31991 0.146179
-1.31982 0.14629

-1.31982 0.146289
-1.31967 0.146484

-1.31967 0.146484
-1.31952 0.146677

-1.31952 0.146676
-1.31943 0.14679

-1.31943 0.14679
-1.31921 0.147065

-1.31921 0.147065
-1.31919 0.147095

-1.31919 0.147095
-1.31895 0.1474

-1.31895 0.1474
-1.31891 0.147454

-1.31891 0.147453
-1.31871 0.147705

-1.31871 0.147705
-1.3186 0.147842

-1.3186 0.14784
-1.31847 0.14801

-1.31847 0.14801
-1.3183 0.148227

-1.3183 0.148227
-1.31823 0.148315

-1.31823 0.148315
-1.31799 0.148614

-1.31799 0.148614
-1.31799 0.148621

-1.31799 0.148621
-1.31775 0.148926

-1.31775 0.148926
-1.31769 0.149001

-1.31769 0.149
-1.31751 0.149231

-1.3175 0.149231
-1.31738 0.149387

-1.31738 0.149384
-1.31726 0.149536

-1.31726 0.149536
-1.31708 0.149771

-1.31708 0.14977
-1.31702 0.149841

-1.31702 0.149841
-1.31678 0.150146

-1.31678 0.150146
-1.31677 0.150156

-1.31677 0.150155
-1.31654 0.150452

-1.31654 0.150452
-1.31647 0.150541

-1.31647 0.15054
-1.31629 0.150757

-1.31629 0.150757
-1.31616 0.150925

-1.31616 0.150923
-1.31605 0.151062

-1.31605 0.151062
-1.31586 0.151307

-1.31586 0.151307
-1.31581 0.151367

-1.31581 0.151367
-1.31557 0.151672

-1.31557 0.151672
-1.31555 0.151691

-1.31555 0.15169
-1.31532 0.151978

-1.31532 0.151978
-1.31525 0.152074

-1.31525 0.152073
-1.31508 0.152283

-1.31508 0.152283
-1.31494 0.152456

-1.31494 0.152454
-1.31484 0.152588

-1.31484 0.152588
-1.31464 0.152838

-1.31464 0.152837
-1.31459 0.152893

-1.31459 0.152893
-1.31435 0.153198

-1.31435 0.153198
-1.31433 0.153219

-1.31433 0.153219
-1.3141 0.153503

-1.3141 0.153503
-1.31403 0.153601

-1.31403 0.1536
-1.31386 0.153809

-1.31386 0.153809
-1.31372 0.153982

-1.31372 0.15398
-1.31362 0.154114

-1.31361 0.154114
-1.31342 0.154362

-1.31342 0.154361
-1.31337 0.154419

-1.31337 0.154419
-1.31312 0.154724

-1.31312 0.154724
-1.31311 0.154742

-1.31311 0.154742
-1.31288 0.155029

-1.31288 0.155029
-1.31281 0.155122

-1.31281 0.155121
-1.31263 0.155334

-1.31263 0.155334
-1.3125 0.155502

-1.3125 0.0163464
-1.31219 0.0162859

-1.31219 0.0162859
-1.31189 0.0162257

-1.31158 0.0161656
-1.31163 0.0161743

-1.31189 0.0162257
-1.31163 0.0161743

-1.31158 0.0161656
-1.31128 0.0161057

-1.31128 0.0161057
-1.31097 0.0160462

-1.31097 0.0160461
-1.31067 0.015987

-1.31067 0.0159871
-1.31036 0.0159283

-1.31036 0.0159284
-1.31006 0.0158698

-1.30975 0.0158114
-1.31006 0.0158691

-1.30975 0.0158114
-1.30945 0.0157533

-1.30945 0.0157533
-1.30914 0.0156956

-1.30914 0.0156956
-1.30884 0.0156382

-1.31006 0.0158698
-1.31005 0.0158691

-1.30884 0.0156383
-1.30853 0.0155811

-1.30823 0.015524
-1.30844 0.015564

-1.30853 0.0155811
-1.30844 0.015564

-1.30823 0.015524
-1.30792 0.0154673

-1.30792 0.0154672
-1.30762 0.0154108

-1.30304 0.0145965
-1.30334 0.0146484

-1.30304 0.0145965
-1.30273 0.0145442

-1.30762 0.0154108
-1.30731 0.0153548

-1.30731 0.0153549
-1.30701 0.0152991

-1.3067 0.0152435
-1.30679 0.0152588

-1.3067 0.0152435
-1.3064 0.0151881

-1.30701 0.0152991
-1.30679 0.0152588

-1.3064 0.0151881
-1.30609 0.015133

-1.30609 0.0151329
-1.30579 0.0150782

-1.30579 0.0150782
-1.30548 0.0150238

-1.30548 0.0150239
-1.30518 0.0149696

-1.30487 0.0149154
-1.30509 0.0149536

-1.30518 0.0149696
-1.30509 0.0149536

-1.30487 0.0149154
-1.30457 0.0148615

-1.30457 0.0148615
-1.30426 0.0148079

-1.30426 0.0148079
-1.30396 0.0147547

-1.30396 0.0147547
-1.30365 0.0147019

-1.30365 0.0147019
-1.30334 0.0146492

-1.30334 0.0146492
-1.30334 0.0146484

-1.30273 0.0145442
-1.30243 0.0144921

-1.30243 0.0144921
-1.30212 0.0144404

-1.30212 0.0144405
-1.30182 0.014389

-1.30151 0.0143376
-1.30155 0.0143433

-1.30182 0.0143891
-1.30155 0.0143433

-1.30151 0.0143376
-1.30121 0.0142864

-1.30121 0.0142864
-1.3009 0.0142354

-1.3009 0.0142354
-1.3006 0.0141847

-1.3006 0.0141847
-1.30029 0.0141344

-1.29968 0.0140345
-1.2997 0.0140381

-1.30029 0.0141345
-1.29999 0.0140845

-1.29999 0.0140845
-1.2997 0.0140381

-1.29968 0.0140345
-1.29938 0.0139847

-1.29938 0.0139847
-1.29907 0.0139352

-1.29907 0.0139352
-1.29877 0.0138859

-1.29877 0.0138859
-1.29846 0.013837

-1.29846 0.0138371
-1.29816 0.0137884

-1.29816 0.0137884
-1.29785 0.0137398

-1.29755 0.0136912
-1.29781 0.0137329

-1.29785 0.0137398
-1.29781 0.0137329

-1.29755 0.0136912
-1.29724 0.013643

-1.29724 0.0136429
-1.29694 0.013595

-1.29694 0.0135949
-1.29663 0.0135473

-1.29572 0.0134058
-1.29586 0.0134277

-1.29572 0.0134058
-1.29541 0.0133589

-1.29663 0.0135473
-1.29633 0.0135

-1.29633 0.0135001
-1.29602 0.0134529

-1.29602 0.013453
-1.29586 0.0134277

-1.29541 0.0133589
-1.2951 0.0133122

-1.2951 0.0133122
-1.2948 0.0132658

-1.2948 0.0132658
-1.29449 0.0132197

-1.29449 0.0132198
-1.29419 0.013174

-1.29419 0.013174
-1.29388 0.0131282

-1.29358 0.0130823
-1.29385 0.0131226

-1.29388 0.0131282
-1.29385 0.0131226

-1.29358 0.0130823
-1.29327 0.0130368

-1.29327 0.0130368
-1.29297 0.0129915

-1.29297 0.0129914
-1.29266 0.0129465

-1.29266 0.0129465
-1.29236 0.0129019

-1.29175 0.0128131
-1.29178 0.0128174

-1.29236 0.012902
-1.29205 0.0128575

-1.29205 0.0128576
-1.29178 0.0128174

-1.29175 0.0128131
-1.29144 0.0127688

-1.29144 0.0127688
-1.29114 0.0127248

-1.29114 0.0127248
-1.29083 0.012681

-1.29083 0.0126809
-1.29053 0.0126374

-1.29053 0.0126374
-1.29022 0.0125942

-1.29022 0.0125942
-1.28992 0.0125511

-1.28961 0.012508
-1.28964 0.0125122

-1.28992 0.0125512
-1.28964 0.0125122

-1.28961 0.012508
-1.28931 0.0124649

-1.28931 0.0124649
-1.289 0.0124221

-1.289 0.0124221
-1.2887 0.0123796

-1.2887 0.0123796
-1.28839 0.0123374

-1.28839 0.0123374
-1.28809 0.0122955

-1.28717 0.0121706
-1.28744 0.012207

-1.28717 0.0121706
-1.28687 0.0121292

-1.28687 0.0121292
-1.28656 0.0120881

-1.28656 0.012088
-1.28625 0.0120471

-1.28625 0.0120471
-1.28595 0.0120065

-1.28595 0.0120065
-1.28564 0.0119661

-1.28809 0.0122955
-1.28778 0.0122539

-1.28778 0.0122539
-1.28748 0.0122123

-1.28748 0.0122123
-1.28744 0.012207

-1.28564 0.0119661
-1.28534 0.0119257

-1.28503 0.0118853
-1.28516 0.0119019

-1.28534 0.0119258
-1.28516 0.0119019

-1.28503 0.0118853
-1.28473 0.011845

-1.28473 0.011845
-1.28442 0.0118049

-1.28442 0.0118049
-1.28412 0.0117651

-1.28412 0.011765
-1.28381 0.0117255

-1.28381 0.0117256
-1.28351 0.0116864

-1.28351 0.0116864
-1.2832 0.0116474

-1.28259 0.0115694
-1.28281 0.0115967

-1.2832 0.0116474
-1.2829 0.0116084

-1.2829 0.0116084
-1.28281 0.0115967

-1.28259 0.0115694
-1.28229 0.0115306

-1.28229 0.0115306
-1.28198 0.011492

-1.28198 0.011492
-1.28168 0.0114537

-1.28168 0.0114536
-1.28137 0.0114155

-1.28137 0.0114155
-1.28107 0.0113777

-1.28107 0.0113777
-1.28076 0.01134

-1.28076 0.01134
-1.28046 0.0113023

-1.28015 0.0112644
-1.28037 0.0112915

-1.28046 0.0113023
-1.28037 0.0112915

-1.28015 0.0112644
-1.27985 0.0112268

-1.27985 0.0112268
-1.27954 0.0111895

-1.27954 0.0111895
-1.27924 0.0111524

-1.27924 0.0111523
-1.27893 0.0111155

-1.27893 0.0111155
-1.27863 0.011079

-1.27863 0.011079
-1.27832 0.0110426

-1.27771 0.01097
-1.27785 0.0109863

-1.27771 0.01097
-1.2774 0.0109338

-1.2774 0.0109338
-1.2771 0.0108979

-1.27832 0.0110427
-1.27802 0.0110064

-1.27802 0.0110064
-1.27785 0.0109863

-1.2771 0.0108979
-1.27679 0.0108621

-1.27679 0.0108621
-1.27649 0.0108265

-1.27649 0.0108265
-1.27618 0.0107912

-1.27618 0.0107912
-1.27588 0.0107561

-1.27588 0.0107561
-1.27557 0.0107211

-1.27557 0.0107211
-1.27527 0.010686

-1.27496 0.0106508
-1.27523 0.0106812

-1.27527 0.010686
-1.27523 0.0106812

-1.27496 0.0106508
-1.27466 0.0106158

-1.27466 0.0106158
-1.27435 0.0105811

-1.27435 0.0105811
-1.27405 0.0105465

-1.27405 0.0105465
-1.27374 0.0105122

-1.27374 0.0105123
-1.27344 0.0104783

-1.26672 0.00976312
-1.26675 0.00976562

-1.26672 0.00976313
-1.26642 0.00973205

-1.26642 0.00973206
-1.26611 0.00970119

-1.26611 0.0097012
-1.26581 0.00967053

-1.26581 0.00967054
-1.2655 0.00964002

-1.2655 0.00964001
-1.2652 0.00960963

-1.2652 0.0096096
-1.26489 0.00957944

-1.26489 0.00957948
-1.26459 0.00954949

-1.26459 0.0095495
-1.26428 0.00951961

-1.26428 0.00951964
-1.26398 0.00948979

-1.26367 0.00945974
-1.26368 0.00946045

-1.26398 0.00948985
-1.26368 0.00946045

-1.27344 0.0104783
-1.27313 0.0104445

-1.27313 0.0104445
-1.27283 0.0104108

-1.27222 0.0103434
-1.27251 0.010376

-1.27283 0.0104109
-1.27252 0.0103772

-1.27252 0.0103772
-1.27251 0.010376

-1.27222 0.0103434
-1.27191 0.0103099

-1.27191 0.0103099
-1.27161 0.0102766

-1.27161 0.0102766
-1.2713 0.0102434

-1.2713 0.0102434
-1.271 0.0102105

-1.271 0.0102105
-1.27069 0.0101778

-1.27069 0.0101778
-1.27039 0.0101453

-1.27039 0.0101453
-1.27008 0.0101128

-1.27008 0.0101129
-1.26978 0.0100804

-1.26947 0.0100477
-1.26969 0.0100708

-1.26978 0.0100804
-1.26969 0.0100708

-1.26947 0.0100477
-1.26917 0.0100153

-1.26917 0.0100153
-1.26886 0.00998306

-1.26886 0.00998306
-1.26855 0.00995105

-1.26855 0.00995103
-1.26825 0.00991923

-1.26825 0.00991921
-1.26794 0.00988767

-1.26794 0.00988771
-1.26764 0.00985642

-1.26764 0.00985642
-1.26733 0.00982529

-1.26733 0.00982532
-1.26703 0.00979428

-1.26703 0.00979433
-1.26675 0.00976562

-1.26367 0.00945975
-1.26337 0.00942975

-1.26337 0.00942975
-1.26306 0.00939993

-1.26306 0.00939993
-1.26276 0.0093703

-1.26276 0.00937031
-1.26245 0.00934085

-1.26245 0.00934083
-1.26215 0.00931155

-1.26215 0.00931153
-1.26184 0.00928249

-1.26184 0.00928253
-1.26154 0.00925371

-1.26154 0.00925371
-1.26123 0.00922504

-1.26123 0.00922506
-1.26093 0.00919653

-1.26093 0.00919658
-1.26062 0.00916802

-1.26031 0.00913933
-1.26048 0.00915527

-1.26031 0.00913932
-1.26001 0.00911081

-1.26062 0.00916806
-1.26048 0.00915527

-1.26001 0.00911082
-1.2597 0.0090825

-1.2597 0.00908251
-1.2594 0.00905436

-1.2594 0.00905437
-1.25909 0.00902635

-1.25909 0.00902634
-1.25879 0.00899846

-1.25879 0.00899843
-1.25848 0.00897075

-1.25848 0.00897079
-1.25818 0.00894328

-1.25818 0.00894328
-1.25787 0.00891585

-1.25787 0.00891587
-1.25757 0.00888851

-1.25757 0.00888856
-1.25726 0.00886112

-1.25696 0.00883349
-1.25714 0.0088501

-1.25726 0.00886114
-1.25714 0.0088501

-1.25696 0.00883347
-1.25665 0.00880602

-1.25665 0.00880602
-1.25635 0.00877877

-1.25635 0.00877877
-1.25604 0.00875169

-1.25604 0.0087517
-1.25574 0.00872478

-1.25574 0.00872477
-1.25543 0.00869802

-1.25543 0.008698
-1.25513 0.00867149

-1.25513 0.00867153
-1.25482 0.00864523

-1.25482 0.00864522
-1.25452 0.00861906

-1.25452 0.00861907
-1.25421 0.00859306

-1.25421 0.00859309
-1.25391 0.00856712

-1.2536 0.00854097
-1.25365 0.00854492

-1.2536 0.00854098
-1.2533 0.00851492

-1.2533 0.00851493
-1.25299 0.00848906

-1.25299 0.00848906
-1.25269 0.00846337

-1.25391 0.00856717
-1.25365 0.00854492

-1.25269 0.00846338
-1.25238 0.00843783

-1.25238 0.00843783
-1.25208 0.00841239

-1.25208 0.00841238
-1.25177 0.00838706

-1.25177 0.00838704
-1.25146 0.00836191

-1.25146 0.00836195
-1.25116 0.00833695

-1.25116 0.00833694
-1.25085 0.00831202

-1.25085 0.00831203
-1.25055 0.00828718

-1.25055 0.00828721
-1.25024 0.00826234

-1.24994 0.00823723
-1.24997 0.00823975

-1.25024 0.00826239
-1.24997 0.00823975

-1.24994 0.00823724
-1.24963 0.00821216

-1.24963 0.00821216
-1.24933 0.00818725

-1.24933 0.00818725
-1.24902 0.00816251

-1.24902 0.00816251
-1.24872 0.00813793

-1.24872 0.00813793
-1.24841 0.00811348

-1.24841 0.00811347
-1.24811 0.00808916

-1.24811 0.00808913
-1.2478 0.00806504

-1.2478 0.00806508
-1.2475 0.00804117

-1.2475 0.00804116
-1.24719 0.00801738

-1.24719 0.00801738
-1.24689 0.00799372

-1.24689 0.00799374
-1.24658 0.00797018

-1.24597 0.00792287
-1.24612 0.00793457

-1.24658 0.00797023
-1.24628 0.00794664

-1.24628 0.00794668
-1.24612 0.00793457

-1.24597 0.00792286
-1.24567 0.00789923

-1.24567 0.00789923
-1.24536 0.00787578

-1.24536 0.00787578
-1.24506 0.00785249

-1.24506 0.0078525
-1.24475 0.00782933

-1.24475 0.00782934
-1.24445 0.00780628

-1.24445 0.00780627
-1.24414 0.0077833

-1.24414 0.00778327
-1.24384 0.00776047

-1.24384 0.00776051
-1.24353 0.00773785

-1.24353 0.00773785
-1.24323 0.00771527

-1.24323 0.00771527
-1.24292 0.00769276

-1.24292 0.00769277
-1.24261 0.00767032

-1.24261 0.00767036
-1.24231 0.00764786

-1.242 0.0076251
-1.24206 0.00762939

-1.24231 0.0076479
-1.24206 0.00762939

-1.242 0.00762511
-1.2417 0.0076024

-1.2417 0.0076024
-1.24139 0.00757985

-1.24139 0.00757985
-1.24109 0.00755747

-1.24109 0.00755747
-1.24078 0.00753525

-1.24078 0.00753525
-1.24048 0.00751316

-1.24048 0.00751316
-1.24017 0.00749118

-1.24017 0.00749114
-1.23987 0.00746935

-1.23987 0.00746938
-1.23956 0.00744779

-1.23956 0.00744779
-1.23926 0.00742633

-1.23773 0.00732033
-1.23779 0.00732422

-1.23773 0.00732034
-1.23743 0.00729911

-1.23743 0.00729911
-1.23712 0.00727805

-1.23712 0.00727806
-1.23682 0.00725716

-1.23926 0.00742633
-1.23895 0.007405

-1.23895 0.007405
-1.23865 0.00738379

-1.23865 0.0073838
-1.23834 0.00736269

-1.23834 0.00736273
-1.23804 0.00734163

-1.23804 0.00734168
-1.23779 0.00732422

-1.23682 0.00725717
-1.23651 0.00723641

-1.23651 0.00723641
-1.23621 0.00721577

-1.23621 0.00721578
-1.2359 0.00719521

-1.2359 0.0071952
-1.2356 0.00717471

-1.2356 0.00717468
-1.23529 0.00715433

-1.23529 0.00715437
-1.23499 0.00713417

-1.23499 0.00713416
-1.23468 0.00711401

-1.23468 0.00711402
-1.23438 0.00709393

-1.3125 0.155499
-1.31239 0.15564

-1.31239 0.15564
-1.31219 0.15588

-1.31219 0.155879
-1.31214 0.155945

-1.31214 0.155945
-1.3119 0.15625

-1.23438 0.00709393
-1.23407 0.00707389

-1.23407 0.0070739
-1.23376 0.00705388

-1.23376 0.00705392
-1.23346 0.00703382

-1.23315 0.00701343
-1.23324 0.00701904

-1.23346 0.00703387
-1.23324 0.00701904

-1.23315 0.00701344
-1.23285 0.00699311

-1.23285 0.00699311
-1.23254 0.00697293

-1.23254 0.00697293
-1.23224 0.0069529

-1.23224 0.0069529
-1.23193 0.006933

-1.23193 0.006933
-1.23163 0.00691322

-1.23163 0.00691323
-1.23132 0.00689355

-1.23132 0.00689355
-1.23102 0.00687397

-1.23102 0.00687393
-1.23071 0.00685452

-1.23071 0.00685456
-1.23041 0.00683532

-1.23041 0.00683532
-1.2301 0.00681619

-1.2301 0.00681619
-1.2298 0.00679715

-1.2298 0.00679715
-1.22949 0.00677821

-1.22949 0.00677821
-1.22919 0.00675937

-1.22919 0.00675939
-1.22888 0.00674061

-1.22827 0.00670274
-1.22845 0.00671387

-1.22888 0.00674067
-1.22858 0.00672181

-1.22858 0.00672183
-1.22845 0.00671387

-1.22827 0.00670273
-1.22797 0.00668381

-1.22797 0.00668381
-1.22766 0.00666505

-1.22766 0.00666505
-1.22736 0.00664642

-1.22736 0.00664642
-1.22705 0.00662792

-1.22705 0.00662792
-1.22675 0.00660951

-1.22675 0.00660952
-1.22644 0.00659119

-1.22644 0.0065912
-1.22614 0.00657292

-1.22614 0.00657288
-1.22583 0.00655471

-1.22583 0.00655474
-1.22552 0.00653672

-1.22552 0.00653672
-1.22522 0.00651877

-1.22522 0.00651878
-1.22491 0.00650089

-1.22491 0.00650089
-1.22461 0.00648304

-1.22461 0.00648304
-1.2243 0.00646524

-1.2243 0.00646524
-1.224 0.00644747

-1.224 0.00644749
-1.22369 0.00642968

-1.22369 0.00642973
-1.22339 0.00641172

-1.22308 0.00639348
-1.22334 0.00640869

-1.22339 0.00641173
-1.22334 0.00640869

-1.22308 0.00639346
-1.22278 0.0063754

-1.22278 0.00637541
-1.22247 0.00635749

-1.22247 0.00635749
-1.22217 0.00633969

-1.22217 0.0063397
-1.22186 0.00632202

-1.22186 0.00632203
-1.22156 0.00630447

-1.22156 0.00630448
-1.22125 0.00628702

-1.22125 0.00628702
-1.22095 0.00626964

-1.22095 0.0062696
-1.22064 0.00625237

-1.22064 0.0062524
-1.22034 0.00623535

-1.22034 0.00623535
-1.22003 0.0062184

-1.22003 0.00621841
-1.21973 0.00620155

-1.21973 0.00620155
-1.21942 0.00618478

-1.21942 0.00618478
-1.21912 0.00616811

-1.21912 0.00616811
-1.21881 0.00615154

-1.21881 0.00615155
-1.21851 0.00613505

-1.2179 0.00610187
-1.21793 0.00610352

-1.2179 0.00610188
-1.21759 0.00608518

-1.21759 0.00608519
-1.21729 0.00606863

-1.21851 0.00613509
-1.2182 0.00611859

-1.2182 0.00611864
-1.21792 0.00610352

-1.21729 0.00606864
-1.21698 0.00605223

-1.21698 0.00605223
-1.21667 0.00603594

-1.21667 0.00603595
-1.21637 0.00601977

-1.21637 0.00601977
-1.21606 0.00600369

-1.21606 0.0060037
-1.21576 0.0059877

-1.21576 0.00598771
-1.21545 0.00597176

-1.21545 0.00597175
-1.21515 0.00595585

-1.21515 0.00595581
-1.21484 0.00594003

-1.21484 0.00594007
-1.21454 0.00592441

-1.21454 0.00592441
-1.21423 0.0059088

-1.21423 0.0059088
-1.21393 0.00589324

-1.21393 0.00589324
-1.21362 0.00587772

-1.21362 0.00587772
-1.21332 0.00586222

-1.21332 0.00586222
-1.21301 0.00584674

-1.21301 0.00584675
-1.21271 0.00583128

-1.21271 0.0058313
-1.2124 0.00581577

-1.2124 0.00581582
-1.2121 0.00580007

-1.21179 0.00578407
-1.21207 0.00579834

-1.2121 0.00580007
-1.21206 0.00579834

-1.21179 0.00578406
-1.21149 0.00576825

-1.21149 0.00576825
-1.21118 0.00575256

-1.21118 0.00575256
-1.21088 0.00573698

-1.21088 0.00573698
-1.21057 0.0057215

-1.21057 0.0057215
-1.21027 0.00570612

-1.21027 0.00570612
-1.20996 0.00569084

-1.20996 0.00569084
-1.20966 0.00567564

-1.20966 0.00567564
-1.20935 0.0056605

-1.20935 0.00566049
-1.20905 0.00564544

-1.20905 0.00564541
-1.20874 0.00563052

-1.20874 0.00563057
-1.20844 0.0056158

-1.20844 0.00561579
-1.20813 0.00560108

-1.20813 0.00560108
-1.20782 0.00558645

-1.20782 0.00558645
-1.20752 0.00557188

-1.20752 0.00557188
-1.20721 0.00555739

-1.20721 0.00555739
-1.20691 0.00554297

-1.20691 0.00554297
-1.2066 0.00552863

-1.2066 0.00552865
-1.2063 0.00551434

-1.20569 0.00548536
-1.20585 0.00549316

-1.2063 0.0055144
-1.20599 0.00549999

-1.20599 0.00550002
-1.20585 0.00549316

-1.20569 0.00548535
-1.20538 0.00547082

-1.20538 0.00547083
-1.20508 0.00545644

-1.20508 0.00545645
-1.20477 0.00544218

-1.20477 0.00544218
-1.20447 0.00542801

-1.20447 0.00542802
-1.20416 0.00541394

-1.20416 0.00541395
-1.20386 0.00539996

-1.20386 0.00539996
-1.20355 0.00538606

-1.20355 0.00538606
-1.20325 0.00537222

-1.20325 0.00537223
-1.20294 0.00535843

-1.20294 0.00535842
-1.20264 0.00534466

-1.20264 0.00534463
-1.20233 0.00533098

-1.20233 0.00533102
-1.20203 0.00531749

-1.20203 0.00531749
-1.20172 0.005304

-1.20172 0.00530401
-1.20142 0.00529057

-1.20142 0.00529057
-1.20111 0.00527717

-1.20111 0.00527717
-1.20081 0.0052638

-1.20081 0.0052638
-1.2005 0.00525045

-1.2005 0.00525045
-1.2002 0.00523712

-1.2002 0.00523712
-1.19989 0.00522379

-1.19989 0.0052238
-1.19958 0.00521044

-1.19958 0.00521048
-1.19928 0.00519698

-1.19897 0.00518316
-1.19908 0.00518799

-1.19928 0.00519702
-1.19908 0.00518799

-1.19897 0.00518316
-1.19867 0.00516936

-1.19867 0.00516936
-1.19836 0.00515568

-1.19836 0.00515568
-1.19806 0.00514209

-1.19806 0.00514209
-1.19775 0.0051286

-1.19775 0.00512861
-1.19745 0.0051152

-1.19745 0.0051152
-1.19714 0.00510189

-1.19714 0.00510189
-1.19684 0.00508866

-1.19684 0.00508866
-1.19653 0.00507551

-1.19653 0.00507551
-1.19623 0.00506243

-1.19623 0.00506243
-1.19592 0.0050494

-1.19592 0.00504939
-1.19562 0.00503643

-1.19562 0.00503641
-1.19531 0.0050236

-1.19165 0.00487481
-1.19185 0.00488281

-1.19165 0.00487479
-1.19135 0.00486242

-1.19135 0.00486243
-1.19104 0.00485019

-1.19104 0.00485019
-1.19073 0.00483806

-1.19073 0.00483806
-1.19043 0.00482603

-1.19531 0.00502364
-1.19501 0.00501095

-1.19501 0.00501095
-1.1947 0.00499831

-1.1947 0.00499831
-1.1944 0.00498574

-1.1944 0.00498574
-1.19409 0.00497323

-1.19409 0.00497323
-1.19379 0.00496079

-1.19379 0.00496079
-1.19348 0.00494841

-1.19348 0.00494841
-1.19318 0.0049361

-1.19318 0.0049361
-1.19287 0.00492386

-1.19287 0.00492387
-1.19257 0.00491169

-1.19257 0.00491171
-1.19226 0.00489955

-1.19226 0.0048996
-1.19196 0.00488731

-1.19196 0.00488732
-1.19184 0.00488281

-1.19043 0.00482604
-1.19012 0.00481409

-1.19012 0.0048141
-1.18982 0.00480223

-1.18982 0.00480224
-1.18951 0.00479045

-1.18951 0.00479045
-1.18921 0.00477874

-1.18921 0.00477874
-1.1889 0.0047671

-1.1889 0.0047671
-1.1886 0.00475551

-1.1886 0.00475552
-1.18829 0.00474396

-1.18829 0.00474395
-1.18799 0.00473242

-1.18799 0.00473238
-1.18768 0.00472096

-1.18768 0.00472099
-1.18738 0.00470968

-1.18738 0.00470968
-1.18707 0.00469841

-1.18707 0.00469841
-1.18677 0.00468718

-1.18677 0.00468718
-1.18646 0.00467599

-1.18646 0.00467599
-1.18616 0.00466483

-1.18616 0.00466483
-1.18585 0.00465369

-1.18585 0.00465369
-1.18555 0.00464257

-1.18555 0.00464258
-1.18524 0.00463146

-1.18524 0.00463146
-1.18494 0.00462035

-1.18494 0.00462035
-1.18463 0.00460922

-1.18463 0.00460924
-1.18433 0.00459807

-1.18433 0.0045981
-1.18402 0.0045868

-1.18372 0.00457515
-1.18378 0.00457764

-1.18402 0.00458684
-1.18378 0.00457764

-1.18372 0.00457516
-1.18341 0.00456351

-1.18341 0.00456351
-1.18311 0.00455195

-1.18311 0.00455195
-1.1828 0.00454047

-1.1828 0.00454047
-1.1825 0.00452907

-1.1825 0.00452907
-1.18219 0.00451774

-1.18219 0.00451775
-1.18188 0.00450649

-1.18188 0.00450649
-1.18158 0.0044953

-1.18158 0.0044953
-1.18127 0.00448418

-1.18127 0.00448418
-1.18097 0.00447312

-1.18097 0.00447312
-1.18066 0.00446213

-1.18066 0.00446213
-1.18036 0.00445119

-1.18036 0.0044512
-1.18005 0.00444029

-1.18005 0.00444028
-1.17975 0.00442942

-1.17975 0.00442939
-1.17944 0.00441865

-1.17944 0.00441869
-1.17914 0.00440806

-1.17914 0.00440806
-1.17883 0.00439748

-1.17883 0.00439748
-1.17853 0.00438695

-1.17853 0.00438695
-1.17822 0.00437646

-1.17822 0.00437646
-1.17792 0.00436603

-1.17792 0.00436603
-1.17761 0.00435564

-1.17761 0.00435564
-1.17731 0.0043453

-1.17731 0.0043453
-1.177 0.004335

-1.177 0.004335
-1.1767 0.00432475

-1.1767 0.00432475
-1.17639 0.00431454

-1.17639 0.00431454
-1.17609 0.00430438

-1.17609 0.00430439
-1.17578 0.00429427

-1.17578 0.00429429
-1.17548 0.00428414

-1.17548 0.00428419
-1.17517 0.00427387

-1.17487 0.00426334
-1.17513 0.00427246

-1.17487 0.00426333
-1.17456 0.00425296

-1.17517 0.00427388
-1.17513 0.00427246

-1.17456 0.00425296
-1.17426 0.00424269

-1.17426 0.00424269
-1.17395 0.00423251

-1.17395 0.00423251
-1.17365 0.0042224

-1.17365 0.00422241
-1.17334 0.00421237

-1.17334 0.00421237
-1.17303 0.0042024

-1.17303 0.0042024
-1.17273 0.00419249

-1.17273 0.00419249
-1.17242 0.00418264

-1.17242 0.00418264
-1.17212 0.00417286

-1.17212 0.00417286
-1.17181 0.00416313

-1.17181 0.00416313
-1.17151 0.00415345

-1.17151 0.00415345
-1.1712 0.00414383

-1.1712 0.00414384
-1.1709 0.00413423

-1.1709 0.00413423
-1.17059 0.00412464

-1.17059 0.0041246
-1.17029 0.00411512

-1.17029 0.00411515
-1.16998 0.00410577

-1.16998 0.00410577
-1.16968 0.00409644

-1.16968 0.00409644
-1.16937 0.00408716

-1.16937 0.00408716
-1.16907 0.00407791

-1.16907 0.00407791
-1.16876 0.00406871

-1.16876 0.00406871
-1.16846 0.00405954

-1.16846 0.00405954
-1.16815 0.0040504

-1.16815 0.0040504
-1.16785 0.00404129

-1.16785 0.00404129
-1.16754 0.00403219

-1.16754 0.0040322
-1.16724 0.00402312

-1.16724 0.00402312
-1.16693 0.00401404

-1.16693 0.00401404
-1.16663 0.00400495

-1.16663 0.00400496
-1.16632 0.00399585

-1.16632 0.00399586
-1.16602 0.00398672

-1.16602 0.00398674
-1.16571 0.00397749

-1.16571 0.00397754
-1.16541 0.00396803

-1.1651 0.00395826
-1.16538 0.00396729

-1.16541 0.00396803
-1.16538 0.00396729

-1.1651 0.00395825
-1.16479 0.00394862

-1.16479 0.00394862
-1.16449 0.00393906

-1.16449 0.00393907
-1.16418 0.00392957

-1.16418 0.00392957
-1.16388 0.00392014

-1.16388 0.00392014
-1.16357 0.00391076

-1.16357 0.00391076
-1.16327 0.00390144

-1.16327 0.00390144
-1.16296 0.00389217

-1.16296 0.00389217
-1.16266 0.00388294

-1.16266 0.00388295
-1.16235 0.00387377

-1.16235 0.00387377
-1.16205 0.00386465

-1.16205 0.00386465
-1.16174 0.00385557

-1.16174 0.00385557
-1.16144 0.00384654

-1.16144 0.00384654
-1.16113 0.00383755

-1.16113 0.00383756
-1.16083 0.0038286

-1.16083 0.00382859
-1.16052 0.00381965

-1.16052 0.00381962
-1.16022 0.00381079

-1.16022 0.00381082
-1.15991 0.0038021

-1.15991 0.00380209
-1.15961 0.0037934

-1.15961 0.0037934
-1.1593 0.00378476

-1.1593 0.00378476
-1.159 0.00377615

-1.159 0.00377615
-1.15869 0.00376759

-1.15869 0.00376759
-1.15839 0.00375906

-1.15839 0.00375906
-1.15808 0.00375057

-1.15808 0.00375057
-1.15778 0.00374213

-1.15778 0.00374213
-1.15747 0.00373373

-1.15747 0.00373373
-1.15717 0.00372537

-1.15717 0.00372537
-1.15686 0.00371705

-1.15686 0.00371705
-1.15656 0.00370877

-1.15656 0.00370877
-1.15625 0.00370053

-1.3119 0.15625
-1.31189 0.156259

-1.31189 0.156258
-1.31165 0.156555

-1.31165 0.156555
-1.31158 0.156637

-1.31158 0.156637
-1.3114 0.15686

-1.3114 0.15686
-1.31128 0.157016

-1.31128 0.157013
-1.31116 0.157166

-1.31116 0.157166
-1.31097 0.157392

-1.31097 0.157392
-1.31091 0.157471

-1.31091 0.157471
-1.31067 0.157769

-1.31067 0.157769
-1.31066 0.157776

-1.31066 0.157776
-1.31042 0.158081

-1.31042 0.158081
-1.31036 0.158147

-1.31036 0.158146
-1.31017 0.158386

-1.31017 0.158386
-1.31006 0.158524

-1.31006 0.158522
-1.30992 0.158691

-1.30992 0.158691
-1.30975 0.158899

-1.30975 0.158898
-1.30967 0.158997

-1.30967 0.158997
-1.30945 0.159275

-1.30945 0.159275
-1.30943 0.159302

-1.30943 0.159302
-1.30918 0.159607

-1.30918 0.159607
-1.30914 0.159651

-1.30914 0.15965
-1.30893 0.159912

-1.30893 0.159912
-1.30884 0.160026

-1.30884 0.160025
-1.30868 0.160217

-1.30868 0.160217
-1.30853 0.160401

-1.30853 0.160399
-1.30843 0.160522

-1.30843 0.160522
-1.30823 0.160775

-1.30823 0.160775
-1.30818 0.160828

-1.30818 0.160828
-1.30794 0.161133

-1.30794 0.161133
-1.30792 0.161149

-1.30792 0.161149
-1.30769 0.161438

-1.30769 0.161438
-1.30762 0.161524

-1.30762 0.161523
-1.30744 0.161743

-1.30744 0.161743
-1.30731 0.161898

-1.30731 0.161895
-1.30719 0.162048

-1.30719 0.162048
-1.30701 0.16227

-1.30701 0.16227
-1.30694 0.162354

-1.30694 0.162354
-1.3067 0.162643

-1.3067 0.162643
-1.30669 0.162659

-1.30669 0.162659
-1.30644 0.162964

-1.30644 0.162964
-1.3064 0.163016

-1.3064 0.163015
-1.30619 0.163269

-1.30619 0.163269
-1.30609 0.163389

-1.30609 0.163387
-1.30594 0.163574

-1.30594 0.163574
-1.30579 0.163761

-1.30579 0.163759
-1.30569 0.163879

-1.30569 0.163879
-1.30548 0.164132

-1.30548 0.164131
-1.30544 0.164185

-1.30544 0.164185
-1.30519 0.16449

-1.30519 0.16449
-1.30518 0.164503

-1.30518 0.164503
-1.30494 0.164795

-1.30494 0.164795
-1.30487 0.164875

-1.30487 0.164874
-1.30468 0.1651

-1.30468 0.1651
-1.30457 0.165246

-1.30457 0.165244
-1.30443 0.165405

-1.30443 0.165405
-1.30426 0.165616

-1.30426 0.165615
-1.30418 0.16571

-1.30418 0.16571
-1.30396 0.165986

-1.30396 0.165986
-1.30393 0.166016

-1.30393 0.166016
-1.30368 0.166321

-1.30368 0.166321
-1.30365 0.166356

-1.30365 0.166356
-1.30343 0.166626

-1.30343 0.166626
-1.30334 0.166726

-1.30334 0.166725
-1.30318 0.166931

-1.30317 0.166931
-1.30304 0.167096

-1.30304 0.167094
-1.30292 0.167236

-1.30292 0.167236
-1.30273 0.167464

-1.30273 0.167464
-1.30267 0.167542

-1.30267 0.167542
-1.30243 0.167833

-1.30243 0.167833
-1.30242 0.167847

-1.30242 0.167847
-1.30217 0.168152

-1.30217 0.168152
-1.30212 0.168202

-1.30212 0.168201
-1.30191 0.168457

-1.30191 0.168457
-1.30182 0.168571

-1.30182 0.168569
-1.30166 0.168762

-1.30166 0.168762
-1.30151 0.168939

-1.30151 0.168937
-1.30141 0.169067

-1.30141 0.169067
-1.30121 0.169306

-1.30121 0.169305
-1.30115 0.169373

-1.30115 0.169373
-1.3009 0.169673

-1.3009 0.169673
-1.3009 0.169678

-1.3009 0.169678
-1.30065 0.169983

-1.30065 0.169983
-1.3006 0.170041

-1.3006 0.17004
-1.30039 0.170288

-1.30039 0.170288
-1.30029 0.170408

-1.30029 0.170406
-1.30014 0.170593

-1.30014 0.170593
-1.29999 0.170775

-1.29999 0.170773
-1.29988 0.170898

-1.29988 0.170898
-1.29968 0.17114

-1.29968 0.17114
-1.29963 0.171204

-1.29963 0.171204
-1.29938 0.171506

-1.29938 0.171506
-1.29938 0.171509

-1.29938 0.171509
-1.29912 0.171814

-1.29912 0.171814
-1.29907 0.171873

-1.29907 0.171872
-1.29887 0.172119

-1.29887 0.172119
-1.29877 0.172239

-1.29877 0.172237
-1.29861 0.172424

-1.29861 0.172424
-1.29846 0.172604

-1.29846 0.172602
-1.29836 0.172729

-1.29836 0.172729
-1.29816 0.172968

-1.29816 0.172968
-1.2981 0.173035

-1.2981 0.173035
-1.29785 0.173333

-1.29785 0.173333
-1.29785 0.17334

-1.29785 0.17334
-1.29759 0.173645

-1.29759 0.173645
-1.29755 0.173698

-1.29755 0.173697
-1.29733 0.17395

-1.29733 0.17395
-1.29724 0.174063

-1.29724 0.174061
-1.29708 0.174255

-1.29708 0.174255
-1.29694 0.174427

-1.29694 0.174425
-1.29682 0.174561

-1.29682 0.174561
-1.29663 0.17479

-1.29663 0.17479
-1.29657 0.174866

-1.29657 0.174866
-1.29633 0.175153

-1.29633 0.175153
-1.29631 0.175171

-1.29631 0.175171
-1.29605 0.175476

-1.29605 0.175476
-1.29602 0.175517

-1.29602 0.175517
-1.2958 0.175781

-1.2958 0.175781
-1.29572 0.17588

-1.29572 0.175879
-1.29554 0.176086

-1.29554 0.176086
-1.29541 0.176244

-1.29541 0.176242
-1.29529 0.176392

-1.29528 0.176392
-1.2951 0.176605

-1.2951 0.176605
-1.29503 0.176697

-1.29503 0.176697
-1.2948 0.176968

-1.2948 0.176967
-1.29477 0.177002

-1.29477 0.177002
-1.29451 0.177307

-1.29451 0.177307
-1.29449 0.17733

-1.29449 0.17733
-1.29426 0.177612

-1.29426 0.177612
-1.29419 0.177692

-1.29419 0.177691
-1.294 0.177917

-1.294 0.177917
-1.29388 0.178054

-1.29388 0.178052
-1.29374 0.178223

-1.29374 0.178223
-1.29358 0.178415

-1.29358 0.178414
-1.29348 0.178528

-1.29348 0.178528
-1.29327 0.178776

-1.29327 0.178776
-1.29323 0.178833

-1.29323 0.178833
-1.29297 0.179137

-1.29297 0.179137
-1.29297 0.179138

-1.29297 0.179138
-1.29271 0.179443

-1.29271 0.179443
-1.29266 0.179498

-1.29266 0.179497
-1.29245 0.179749

-1.29245 0.179749
-1.29236 0.179858

-1.29236 0.179857
-1.29219 0.180054

-1.29219 0.180054
-1.29205 0.180219

-1.29205 0.180217
-1.29193 0.180359

-1.29193 0.180359
-1.29175 0.180578

-1.29175 0.180578
-1.29168 0.180664

-1.29168 0.180664
-1.29144 0.180938

-1.29144 0.180938
-1.29142 0.180969

-1.29142 0.180969
-1.29116 0.181274

-1.29116 0.181274
-1.29114 0.181298

-1.29114 0.181297
-1.2909 0.18158

-1.2909 0.18158
-1.29083 0.181657

-1.29083 0.181656
-1.29064 0.181885

-1.29064 0.181885
-1.29053 0.182017

-1.29053 0.182014
-1.29038 0.18219

-1.29038 0.18219
-1.29022 0.182376

-1.29022 0.182374
-1.29012 0.182495

-1.29012 0.182495
-1.28992 0.182733

-1.28992 0.182733
-1.28986 0.1828

-1.28986 0.1828
-1.28961 0.183092

-1.28961 0.183092
-1.2896 0.183105

-1.2896 0.183105
-1.28934 0.183411

-1.28934 0.183411
-1.28931 0.18345

-1.28931 0.18345
-1.28908 0.183716

-1.28908 0.183716
-1.289 0.183808

-1.289 0.183807
-1.28882 0.184021

-1.28882 0.184021
-1.2887 0.184167

-1.2887 0.184164
-1.28856 0.184326

-1.28856 0.184326
-1.28839 0.184524

-1.28839 0.184523
-1.2883 0.184631

-1.2883 0.184631
-1.28809 0.18488

-1.28809 0.18488
-1.28804 0.184937

-1.28804 0.184937
-1.28778 0.185238

-1.28778 0.185238
-1.28778 0.185242

-1.28778 0.185242
-1.28752 0.185547

-1.28752 0.185547
-1.28748 0.185595

-1.28748 0.185594
-1.28726 0.185852

-1.28726 0.185852
-1.28717 0.185952

-1.28717 0.18595
-1.28699 0.186157

-1.28699 0.186157
-1.28687 0.186309

-1.28687 0.186307
-1.28673 0.186462

-1.28673 0.186462
-1.28656 0.186665

-1.28656 0.186664
-1.28647 0.186768

-1.28647 0.186768
-1.28625 0.18702

-1.28625 0.18702
-1.28621 0.187073

-1.28621 0.187073
-1.28595 0.187376

-1.28595 0.187376
-1.28595 0.187378

-1.28595 0.187378
-1.28569 0.187683

-1.28569 0.187683
-1.28564 0.187732

-1.28564 0.187731
-1.28542 0.187988

-1.28542 0.187988
-1.28534 0.188087

-1.28534 0.188086
-1.28516 0.188293

-1.28516 0.188293
-1.28503 0.188443

-1.28503 0.188441
-1.2849 0.188599

-1.2849 0.188599
-1.28473 0.188798

-1.28473 0.188797
-1.28464 0.188904

-1.28464 0.188904
-1.28442 0.189152

-1.28442 0.189152
-1.28437 0.189209

-1.28437 0.189209
-1.28412 0.189507

-1.28412 0.189507
-1.28411 0.189514

-1.28411 0.189514
-1.28385 0.189819

-1.28385 0.189819
-1.28381 0.189861

-1.28381 0.189861
-1.28359 0.190125

-1.28359 0.190125
-1.28351 0.190216

-1.28351 0.190215
-1.28332 0.19043

-1.28332 0.19043
-1.2832 0.19057

-1.2832 0.190568
-1.28306 0.190735

-1.28306 0.190735
-1.2829 0.190924

-1.2829 0.190923
-1.2828 0.19104

-1.2828 0.19104
-1.28259 0.191277

-1.28259 0.191276
-1.28253 0.191345

-1.28253 0.191345
-1.28229 0.19163

-1.28229 0.19163
-1.28227 0.19165

-1.28227 0.19165
-1.28201 0.191956

-1.28201 0.191956
-1.28198 0.191984

-1.28198 0.191983
-1.28174 0.192261

-1.28174 0.192261
-1.28168 0.192337

-1.28168 0.192336
-1.28148 0.192566

-1.28148 0.192566
-1.28137 0.19269

-1.28137 0.192688
-1.28122 0.192871

-1.28121 0.192871
-1.28107 0.193043

-1.28107 0.193041
-1.28095 0.193176

-1.28095 0.193176
-1.28076 0.193395

-1.28076 0.193394
-1.28069 0.193481

-1.28069 0.193481
-1.28046 0.193746

-1.28046 0.193746
-1.28042 0.193787

-1.28042 0.193787
-1.28016 0.194092

-1.28016 0.194092
-1.28015 0.194099

-1.28015 0.194098
-1.27989 0.194397

-1.27989 0.194397
-1.27985 0.194451

-1.27985 0.19445
-1.27963 0.194702

-1.27963 0.194702
-1.27954 0.194802

-1.27954 0.194801
-1.27936 0.195007

-1.27936 0.195007
-1.27924 0.195154

-1.27924 0.195152
-1.2791 0.195312

-1.2791 0.195312
-1.27893 0.195506

-1.27893 0.195504
-1.27883 0.195618

-1.27883 0.195618
-1.27863 0.195856

-1.27863 0.195855
-1.27857 0.195923

-1.27857 0.195923
-1.27832 0.196207

-1.27832 0.196206
-1.2783 0.196228

-1.2783 0.196228
-1.27804 0.196533

-1.27804 0.196533
-1.27802 0.196558

-1.27802 0.196557
-1.27777 0.196838

-1.27777 0.196838
-1.27771 0.196908

-1.27771 0.196907
-1.2775 0.197144

-1.2775 0.197144
-1.2774 0.197259

-1.2774 0.197257
-1.27724 0.197449

-1.27724 0.197449
-1.2771 0.197609

-1.2771 0.197607
-1.27697 0.197754

-1.27697 0.197754
-1.27679 0.197959

-1.27679 0.197958
-1.27671 0.198059

-1.27671 0.198059
-1.27649 0.198308

-1.27649 0.198308
-1.27644 0.198364

-1.27644 0.198364
-1.27618 0.198657

-1.27618 0.198657
-1.27617 0.198669

-1.27617 0.198669
-1.27591 0.198975

-1.27591 0.198975
-1.27588 0.199007

-1.27588 0.199007
-1.27564 0.19928

-1.27564 0.19928
-1.27557 0.199356

-1.27557 0.199356
-1.27537 0.199585

-1.27537 0.199585
-1.27527 0.199706

-1.27527 0.199704
-1.27511 0.19989

-1.27511 0.19989
-1.27496 0.200055

-1.27496 0.200053
-1.27484 0.200195

-1.27484 0.200195
-1.27466 0.200403

-1.27466 0.200402
-1.27457 0.2005

-1.27457 0.2005
-1.27435 0.200751

-1.27435 0.200751
-1.27431 0.200806

-1.27431 0.200806
-1.27405 0.201099

-1.27405 0.201099
-1.27404 0.201111

-1.27404 0.201111
-1.27377 0.201416

-1.27377 0.201416
-1.27374 0.201448

-1.27374 0.201447
-1.2735 0.201721

-1.2735 0.201721
-1.27344 0.201796

-1.27344 0.201795
-1.27324 0.202026

-1.27323 0.202026
-1.27313 0.202144

-1.27313 0.202142
-1.27297 0.202332

-1.27297 0.202332
-1.27283 0.202492

-1.27283 0.20249
-1.2727 0.202637

-1.2727 0.202637
-1.27252 0.202839

-1.27252 0.202838
-1.27243 0.202942

-1.27243 0.202942
-1.27222 0.203185

-1.27222 0.203185
-1.27216 0.203247

-1.27216 0.203247
-1.27191 0.203532

-1.27191 0.203532
-1.27189 0.203552

-1.27189 0.203552
-1.27163 0.203857

-1.27163 0.203857
-1.27161 0.20388

-1.27161 0.203879
-1.27136 0.204163

-1.27136 0.204163
-1.2713 0.204226

-1.2713 0.204226
-1.27109 0.204468

-1.27109 0.204468
-1.271 0.204573

-1.271 0.204571
-1.27082 0.204773

-1.27082 0.204773
-1.27069 0.20492

-1.27069 0.204918
-1.27055 0.205078

-1.27055 0.205078
-1.27039 0.205266

-1.27039 0.205264
-1.27028 0.205383

-1.27028 0.205383
-1.27008 0.205611

-1.27008 0.205611
-1.27001 0.205688

-1.27001 0.205688
-1.26978 0.205957

-1.26978 0.205956
-1.26974 0.205994

-1.26974 0.205994
-1.26947 0.206299

-1.26947 0.206299
-1.26947 0.206303

-1.26947 0.206302
-1.2692 0.206604

-1.2692 0.206604
-1.26917 0.206648

-1.26917 0.206647
-1.26893 0.206909

-1.26893 0.206909
-1.26886 0.206993

-1.26886 0.206992
-1.26866 0.207214

-1.26866 0.207214
-1.26855 0.207339

-1.26855 0.207337
-1.2684 0.20752

-1.26839 0.20752
-1.26825 0.207684

-1.26825 0.207682
-1.26812 0.207825

-1.26812 0.207825
-1.26794 0.208029

-1.26794 0.208027
-1.26785 0.20813

-1.26785 0.20813
-1.26764 0.208372

-1.26764 0.208372
-1.26758 0.208435

-1.26758 0.208435
-1.26733 0.208716

-1.26733 0.208716
-1.26731 0.20874

-1.26731 0.20874
-1.26704 0.209045

-1.26704 0.209045
-1.26703 0.209061

-1.26703 0.209061
-1.26677 0.209351

-1.26677 0.209351
-1.26672 0.209405

-1.26672 0.209405
-1.2665 0.209656

-1.2665 0.209656
-1.26642 0.209749

-1.26642 0.209748
-1.26623 0.209961

-1.26623 0.209961
-1.26611 0.210093

-1.26611 0.210091
-1.26596 0.210266

-1.26596 0.210266
-1.26581 0.210437

-1.26581 0.210435
-1.26569 0.210571

-1.26569 0.210571
-1.2655 0.21078

-1.2655 0.210779
-1.26542 0.210876

-1.26542 0.210876
-1.2652 0.211122

-1.2652 0.211122
-1.26514 0.211182

-1.26514 0.211182
-1.26489 0.211465

-1.26489 0.211465
-1.26487 0.211487

-1.26487 0.211487
-1.2646 0.211792

-1.2646 0.211792
-1.26459 0.211808

-1.26459 0.211808
-1.26433 0.212097

-1.26433 0.212097
-1.26428 0.212151

-1.26428 0.212151
-1.26406 0.212402

-1.26406 0.212402
-1.26398 0.212494

-1.26398 0.212492
-1.26379 0.212708

-1.26379 0.212708
-1.26367 0.212836

-1.26367 0.212834
-1.26351 0.213013

-1.26351 0.213013
-1.26337 0.213179

-1.26337 0.213177
-1.26324 0.213318

-1.26324 0.213318
-1.26306 0.213521

-1.26306 0.213519
-1.26297 0.213623

-1.26297 0.213623
-1.26276 0.213862

-1.26276 0.213861
-1.2627 0.213928

-1.2627 0.213928
-1.26245 0.214203

-1.26245 0.214203
-1.26242 0.214233

-1.26242 0.214233
-1.26215 0.214539

-1.26215 0.214539
-1.26215 0.214545

-1.26215 0.214544
-1.26188 0.214844

-1.26188 0.214844
-1.26184 0.214886

-1.26184 0.214886
-1.26161 0.215149

-1.26161 0.215149
-1.26154 0.215227

-1.26154 0.215226
-1.26133 0.215454

-1.26133 0.215454
-1.26123 0.215568

-1.26123 0.215566
-1.26106 0.215759

-1.26106 0.215759
-1.26093 0.215909

-1.26093 0.215908
-1.26079 0.216064

-1.26078 0.216064
-1.26062 0.21625

-1.26062 0.216249
-1.26051 0.21637

-1.26051 0.21637
-1.26031 0.21659

-1.26031 0.216589
-1.26024 0.216675

-1.26024 0.216675
-1.26001 0.21693

-1.26001 0.21693
-1.25996 0.21698

-1.25996 0.21698
-1.2597 0.21727

-1.2597 0.21727
-1.25969 0.217285

-1.25969 0.217285
-1.25942 0.21759

-1.25942 0.21759
-1.2594 0.21761

-1.2594 0.21761
-1.25914 0.217896

-1.25914 0.217896
-1.25909 0.21795

-1.25909 0.217949
-1.25887 0.218201

-1.25887 0.218201
-1.25879 0.218289

-1.25879 0.218288
-1.25859 0.218506

-1.25859 0.218506
-1.25848 0.218629

-1.25848 0.218627
-1.25832 0.218811

-1.25832 0.218811
-1.25818 0.218969

-1.25818 0.218967
-1.25805 0.219116

-1.25804 0.219116
-1.25787 0.219308

-1.25787 0.219306
-1.25777 0.219421

-1.25777 0.219421
-1.25757 0.219646

-1.25757 0.219646
-1.2575 0.219727

-1.2575 0.219727
-1.25726 0.219984

-1.25726 0.219984
-1.25722 0.220032

-1.25722 0.220032
-1.25696 0.220323

-1.25696 0.220323
-1.25695 0.220337

-1.25695 0.220337
-1.25667 0.220642

-1.25667 0.220642
-1.25665 0.220662

-1.25665 0.220661
-1.25639 0.220947

-1.2564 0.220947
-1.25635 0.221

-1.25635 0.220999
-1.25612 0.221252

-1.25612 0.221252
-1.25604 0.221338

-1.25604 0.221337
-1.25584 0.221558

-1.25584 0.221558
-1.25574 0.221676

-1.25574 0.221674
-1.25557 0.221863

-1.25557 0.221863
-1.25543 0.222014

-1.25543 0.222012
-1.25529 0.222168

-1.25529 0.222168
-1.25513 0.222352

-1.25513 0.22235
-1.25502 0.222473

-1.25502 0.222473
-1.25482 0.222689

-1.25482 0.222688
-1.25474 0.222778

-1.25474 0.222778
-1.25452 0.223026

-1.25452 0.223025
-1.25446 0.223083

-1.25446 0.223083
-1.25421 0.223362

-1.25421 0.223362
-1.25419 0.223389

-1.25419 0.223389
-1.25391 0.223694

-1.25391 0.223694
-1.25391 0.2237

-1.25391 0.223699
-1.25363 0.223999

-1.25363 0.223999
-1.2536 0.224036

-1.2536 0.224036
-1.25336 0.224304

-1.25336 0.224304
-1.2533 0.224373

-1.2533 0.224372
-1.25308 0.224609

-1.25308 0.224609
-1.25299 0.224709

-1.25299 0.224708
-1.25281 0.224915

-1.2528 0.224915
-1.25269 0.225046

-1.25269 0.225044
-1.25253 0.22522

-1.25253 0.22522
-1.25238 0.225382

-1.25238 0.225381
-1.25225 0.225525

-1.25225 0.225525
-1.25208 0.225719

-1.25208 0.225717
-1.25197 0.22583

-1.25197 0.22583
-1.25177 0.226054

-1.25177 0.226053
-1.2517 0.226135

-1.2517 0.226135
-1.25146 0.226389

-1.25146 0.226388
-1.25142 0.22644

-1.25142 0.22644
-1.25116 0.226724

-1.25116 0.226724
-1.25114 0.226746

-1.25114 0.226746
-1.25086 0.227051

-1.25086 0.227051
-1.25085 0.22706

-1.25085 0.227059
-1.25058 0.227356

-1.25058 0.227356
-1.25055 0.227395

-1.25055 0.227394
-1.25031 0.227661

-1.25031 0.227661
-1.25024 0.22773

-1.25024 0.227729
-1.25003 0.227966

-1.25003 0.227966
-1.24994 0.228064

-1.24994 0.228063
-1.24975 0.228271

-1.24975 0.228271
-1.24963 0.228399

-1.24963 0.228397
-1.24947 0.228577

-1.24947 0.228577
-1.24933 0.228734

-1.24933 0.228732
-1.24919 0.228882

-1.24919 0.228882
-1.24902 0.229068

-1.24902 0.229067
-1.24891 0.229187

-1.24891 0.229187
-1.24872 0.229403

-1.24872 0.229401
-1.24864 0.229492

-1.24863 0.229492
-1.24841 0.229736

-1.24841 0.229735
-1.24836 0.229797

-1.24836 0.229797
-1.24811 0.230069

-1.24811 0.230069
-1.24808 0.230103

-1.24808 0.230103
-1.2478 0.230403

-1.2478 0.230403
-1.2478 0.230408

-1.2478 0.230408
-1.24752 0.230713

-1.24752 0.230713
-1.2475 0.230737

-1.2475 0.230736
-1.24724 0.231018

-1.24724 0.231018
-1.24719 0.23107

-1.24719 0.231069
-1.24696 0.231323

-1.24696 0.231323
-1.24689 0.231403

-1.24689 0.231402
-1.24668 0.231628

-1.24668 0.231628
-1.24658 0.231736

-1.24658 0.231734
-1.2464 0.231934

-1.2464 0.231934
-1.24628 0.232069

-1.24628 0.232068
-1.24612 0.232239

-1.24612 0.232239
-1.24597 0.232402

-1.24597 0.232401
-1.24584 0.232544

-1.24584 0.232544
-1.24567 0.232735

-1.24567 0.232733
-1.24556 0.232849

-1.24556 0.232849
-1.24536 0.233067

-1.24536 0.233066
-1.24528 0.233154

-1.24528 0.233154
-1.24506 0.233399

-1.24506 0.233398
-1.245 0.233459

-1.245 0.233459
-1.24475 0.23373

-1.24475 0.23373
-1.24472 0.233765

-1.24472 0.233765
-1.24445 0.234062

-1.24445 0.234062
-1.24444 0.23407

-1.24444 0.23407
-1.24416 0.234375

-1.24416 0.234375
-1.24414 0.234394

-1.24414 0.234394
-1.24388 0.23468

-1.24388 0.23468
-1.24384 0.234726

-1.24384 0.234725
-1.2436 0.234985

-1.2436 0.234985
-1.24353 0.235057

-1.24353 0.235056
-1.24332 0.235291

-1.24332 0.235291
-1.24323 0.235388

-1.24323 0.235387
-1.24303 0.235596

-1.24303 0.235596
-1.24292 0.23572

-1.24292 0.235718
-1.24275 0.235901

-1.24275 0.235901
-1.24261 0.236051

-1.24261 0.236049
-1.24247 0.236206

-1.24247 0.236206
-1.24231 0.236382

-1.24231 0.23638
-1.24219 0.236511

-1.24219 0.236511
-1.242 0.236713

-1.242 0.236711
-1.24191 0.236816

-1.24191 0.236816
-1.2417 0.237043

-1.2417 0.237042
-1.24163 0.237122

-1.24163 0.237122
-1.24139 0.237373

-1.24139 0.237372
-1.24134 0.237427

-1.24134 0.237427
-1.24109 0.237702

-1.24109 0.237702
-1.24106 0.237732

-1.24106 0.237732
-1.24078 0.238032

-1.24078 0.238032
-1.24078 0.238037

-1.24078 0.238037
-1.2405 0.238342

-1.2405 0.238342
-1.24048 0.238363

-1.24048 0.238362
-1.24021 0.238647

-1.24021 0.238647
-1.24017 0.238692

-1.24017 0.238692
-1.23993 0.238953

-1.23993 0.238953
-1.23987 0.239022

-1.23987 0.239021
-1.23965 0.239258

-1.23965 0.239258
-1.23956 0.239351

-1.23956 0.239349
-1.23937 0.239563

-1.23937 0.239563
-1.23926 0.239681

-1.23926 0.239679
-1.23908 0.239868

-1.23908 0.239868
-1.23895 0.24001

-1.23895 0.240008
-1.2388 0.240173

-1.2388 0.240173
-1.23865 0.240339

-1.23865 0.240338
-1.23852 0.240479

-1.23852 0.240479
-1.23834 0.240668

-1.23834 0.240667
-1.23823 0.240784

-1.23823 0.240784
-1.23804 0.240997

-1.23804 0.240995
-1.23795 0.241089

-1.23795 0.241089
-1.23773 0.241325

-1.23773 0.241324
-1.23767 0.241394

-1.23767 0.241394
-1.23743 0.241652

-1.23743 0.241652
-1.23738 0.241699

-1.23738 0.241699
-1.23712 0.24198

-1.23712 0.24198
-1.2371 0.242004

-1.2371 0.242004
-1.23682 0.242308

-1.23682 0.242308
-1.23682 0.24231

-1.23682 0.24231
-1.23653 0.242615

-1.23653 0.242615
-1.23651 0.242637

-1.23651 0.242636
-1.23625 0.24292

-1.23625 0.24292
-1.23621 0.242964

-1.23621 0.242964
-1.23596 0.243225

-1.23596 0.243225
-1.2359 0.243292

-1.2359 0.243291
-1.23568 0.24353

-1.23568 0.24353
-1.2356 0.243619

-1.2356 0.243618
-1.23539 0.243835

-1.23539 0.243835
-1.23529 0.243947

-1.23529 0.243945
-1.23511 0.244141

-1.23511 0.244141
-1.23499 0.244274

-1.23499 0.244273
-1.23482 0.244446

-1.23482 0.244446
-1.23468 0.244601

-1.23468 0.2446
-1.23454 0.244751

-1.23454 0.244751
-1.23438 0.244928

-1.23438 0.244927
-1.23425 0.245056

-1.23425 0.245056
-1.23407 0.245255

-1.23407 0.245254
-1.23397 0.245361

-1.23397 0.245361
-1.23376 0.245582

-1.23376 0.24558
-1.23368 0.245667

-1.23368 0.245667
-1.23346 0.245907

-1.23346 0.245907
-1.2334 0.245972

-1.2334 0.245972
-1.23315 0.246233

-1.23315 0.246233
-1.23311 0.246277

-1.23311 0.246277
-1.23285 0.246559

-1.23285 0.246559
-1.23283 0.246582

-1.23283 0.246582
-1.23254 0.246885

-1.23254 0.246885
-1.23254 0.246887

-1.23254 0.246887
-1.23226 0.247192

-1.23226 0.247192
-1.23224 0.247211

-1.23224 0.247211
-1.23197 0.247498

-1.23197 0.247498
-1.23193 0.247537

-1.23193 0.247536
-1.23168 0.247803

-1.23168 0.247803
-1.23163 0.247862

-1.23163 0.247861
-1.2314 0.248108

-1.2314 0.248108
-1.23132 0.248187

-1.23132 0.248186
-1.23111 0.248413

-1.23111 0.248413
-1.23102 0.248513

-1.23102 0.248511
-1.23083 0.248718

-1.23082 0.248718
-1.23071 0.248838

-1.23071 0.248836
-1.23054 0.249023

-1.23054 0.249023
-1.23041 0.249163

-1.23041 0.249162
-1.23025 0.249329

-1.23025 0.249329
-1.2301 0.249488

-1.2301 0.249486
-1.22996 0.249634

-1.22996 0.249634
-1.2298 0.249812

-1.2298 0.249811
-1.22968 0.249939

-1.22968 0.249939
-1.22949 0.250137

-1.22949 0.250136
-1.22939 0.250244

-1.22939 0.250244
-1.22919 0.250461

-1.22919 0.25046
-1.2291 0.250549

-1.2291 0.250549
-1.22888 0.250785

-1.22888 0.250784
-1.22882 0.250854

-1.22882 0.250854
-1.22858 0.251109

-1.22858 0.251109
-1.22853 0.25116

-1.22853 0.25116
-1.22827 0.251432

-1.22827 0.251432
-1.22824 0.251465

-1.22824 0.251465
-1.22797 0.251756

-1.22797 0.251756
-1.22795 0.25177

-1.22795 0.25177
-1.22767 0.252075

-1.22767 0.252075
-1.22766 0.25208

-1.22766 0.25208
-1.22738 0.25238

-1.22738 0.25238
-1.22736 0.252403

-1.22736 0.252403
-1.22709 0.252686

-1.22709 0.252686
-1.22705 0.252727

-1.22705 0.252726
-1.2268 0.252991

-1.2268 0.252991
-1.22675 0.25305

-1.22675 0.253049
-1.22651 0.253296

-1.22651 0.253296
-1.22644 0.253373

-1.22644 0.253371
-1.22623 0.253601

-1.22622 0.253601
-1.22614 0.253696

-1.22614 0.253694
-1.22594 0.253906

-1.22594 0.253906
-1.22583 0.254019

-1.22583 0.254017
-1.22565 0.254211

-1.22565 0.254211
-1.22552 0.254341

-1.22552 0.25434
-1.22536 0.254517

-1.22536 0.254517
-1.22522 0.254664

-1.22522 0.254663
-1.22507 0.254822

-1.22507 0.254822
-1.22491 0.254986

-1.22491 0.254985
-1.22478 0.255127

-1.22478 0.255127
-1.22461 0.255308

-1.22461 0.255307
-1.22449 0.255432

-1.22449 0.255432
-1.2243 0.255631

-1.2243 0.25563
-1.2242 0.255737

-1.2242 0.255737
-1.224 0.255953

-1.224 0.255952
-1.22391 0.256042

-1.22391 0.256042
-1.22369 0.256274

-1.22369 0.256273
-1.22362 0.256348

-1.22362 0.256348
-1.22339 0.256596

-1.22339 0.256595
-1.22333 0.256653

-1.22333 0.256653
-1.22308 0.256917

-1.22308 0.256916
-1.22304 0.256958

-1.22304 0.256958
-1.22278 0.257238

-1.22278 0.257238
-1.22275 0.257263

-1.22275 0.257263
-1.22247 0.257559

-1.22247 0.257559
-1.22246 0.257568

-1.22246 0.257568
-1.22217 0.257874

-1.22217 0.257874
-1.22217 0.25788

-1.22217 0.25788
-1.22188 0.258179

-1.22188 0.258179
-1.22186 0.258201

-1.22186 0.258201
-1.22159 0.258484

-1.22159 0.258484
-1.22156 0.258522

-1.22156 0.258521
-1.2213 0.258789

-1.2213 0.258789
-1.22125 0.258843

-1.22125 0.258842
-1.22101 0.259094

-1.22101 0.259094
-1.22095 0.259163

-1.22095 0.259162
-1.22072 0.259399

-1.22072 0.259399
-1.22064 0.259483

-1.22064 0.259482
-1.22043 0.259705

-1.22043 0.259705
-1.22034 0.259804

-1.22034 0.259802
-1.22014 0.26001

-1.22014 0.26001
-1.22003 0.260124

-1.22003 0.260123
-1.21985 0.260315

-1.21985 0.260315
-1.21973 0.260444

-1.21973 0.260443
-1.21956 0.26062

-1.21956 0.26062
-1.21942 0.260763

-1.21942 0.260762
-1.21927 0.260925

-1.21927 0.260925
-1.21912 0.261083

-1.21912 0.261082
-1.21898 0.26123

-1.21897 0.26123
-1.21881 0.261403

-1.21881 0.261402
-1.21868 0.261536

-1.21868 0.261536
-1.21851 0.261722

-1.21851 0.261721
-1.21839 0.261841

-1.21839 0.261841
-1.2182 0.262041

-1.2182 0.26204
-1.2181 0.262146

-1.2181 0.262146
-1.2179 0.262361

-1.2179 0.26236
-1.21781 0.262451

-1.21781 0.262451
-1.21759 0.26268

-1.21759 0.262679
-1.21752 0.262756

-1.21752 0.262756
-1.21729 0.262998

-1.21729 0.262998
-1.21722 0.263062

-1.21722 0.263062
-1.21698 0.263317

-1.21698 0.263316
-1.21693 0.263367

-1.21693 0.263367
-1.21667 0.263635

-1.21667 0.263635
-1.21664 0.263672

-1.21664 0.263672
-1.21637 0.263953

-1.21637 0.263953
-1.21635 0.263977

-1.21635 0.263977
-1.21606 0.264271

-1.21606 0.264271
-1.21605 0.264282

-1.21605 0.264282
-1.21576 0.264587

-1.21576 0.264587
-1.21576 0.26459

-1.21576 0.264589
-1.21547 0.264893

-1.21547 0.264893
-1.21545 0.264908

-1.21545 0.264907
-1.21518 0.265198

-1.21518 0.265198
-1.21515 0.265226

-1.21515 0.265225
-1.21488 0.265503

-1.21488 0.265503
-1.21484 0.265543

-1.21484 0.265543
-1.21459 0.265808

-1.21459 0.265808
-1.21454 0.265861

-1.21454 0.26586
-1.2143 0.266113

-1.2143 0.266113
-1.21423 0.266178

-1.21423 0.266177
-1.214 0.266418

-1.214 0.266418
-1.21393 0.266496

-1.21393 0.266494
-1.21371 0.266724

-1.21371 0.266724
-1.21362 0.266813

-1.21362 0.266812
-1.21342 0.267029

-1.21341 0.267029
-1.21332 0.26713

-1.21332 0.267129
-1.21312 0.267334

-1.21312 0.267334
-1.21301 0.267447

-1.21301 0.267446
-1.21283 0.267639

-1.21283 0.267639
-1.21271 0.267763

-1.21271 0.267763
-1.21253 0.267944

-1.21253 0.267944
-1.2124 0.26808

-1.2124 0.268079
-1.21224 0.26825

-1.21224 0.26825
-1.2121 0.268396

-1.2121 0.268396
-1.21194 0.268555

-1.21194 0.268555
-1.21179 0.268713

-1.21179 0.268712
-1.21165 0.26886

-1.21165 0.26886
-1.21149 0.269029

-1.21149 0.269028
-1.21136 0.269165

-1.21135 0.269165
-1.21118 0.269345

-1.21118 0.269344
-1.21106 0.26947

-1.21106 0.26947
-1.21088 0.269661

-1.21088 0.26966
-1.21077 0.269775

-1.21077 0.269775
-1.21057 0.269977

-1.21057 0.269976
-1.21047 0.270081

-1.21047 0.270081
-1.21027 0.270293

-1.21027 0.270292
-1.21018 0.270386

-1.21017 0.270386
-1.20996 0.270608

-1.20996 0.270607
-1.20988 0.270691

-1.20988 0.270691
-1.20966 0.270924

-1.20966 0.270923
-1.20958 0.270996

-1.20958 0.270996
-1.20935 0.271239

-1.20935 0.271238
-1.20929 0.271301

-1.20929 0.271301
-1.20905 0.271554

-1.20905 0.271553
-1.20899 0.271606

-1.20899 0.271606
-1.20874 0.271869

-1.20874 0.271868
-1.2087 0.271912

-1.2087 0.271912
-1.20844 0.272183

-1.20844 0.272183
-1.2084 0.272217

-1.2084 0.272217
-1.20813 0.272498

-1.20813 0.272498
-1.20811 0.272522

-1.20811 0.272522
-1.20782 0.272812

-1.20782 0.272812
-1.20781 0.272827

-1.20781 0.272827
-1.20752 0.273127

-1.20752 0.273127
-1.20751 0.273132

-1.20751 0.273132
-1.20722 0.273438

-1.20722 0.273438
-1.20721 0.273441

-1.20721 0.273441
-1.20692 0.273743

-1.20692 0.273743
-1.20691 0.273755

-1.20691 0.273755
-1.20662 0.274048

-1.20662 0.274048
-1.2066 0.274069

-1.2066 0.274069
-1.20633 0.274353

-1.20633 0.274353
-1.2063 0.274383

-1.2063 0.274383
-1.20603 0.274658

-1.20603 0.274658
-1.20599 0.274697

-1.20599 0.274696
-1.20573 0.274963

-1.20573 0.274963
-1.20569 0.275011

-1.20569 0.27501
-1.20544 0.275269

-1.20544 0.275269
-1.20538 0.275324

-1.20538 0.275323
-1.20514 0.275574

-1.20514 0.275574
-1.20508 0.275637

-1.20508 0.275636
-1.20484 0.275879

-1.20484 0.275879
-1.20477 0.275951

-1.20477 0.27595
-1.20455 0.276184

-1.20455 0.276184
-1.20447 0.276264

-1.20447 0.276263
-1.20425 0.276489

-1.20425 0.276489
-1.20416 0.276577

-1.20416 0.276576
-1.20395 0.276794

-1.20395 0.276794
-1.20386 0.276889

-1.20386 0.276889
-1.20365 0.2771

-1.20365 0.2771
-1.20355 0.277202

-1.20355 0.277201
-1.20335 0.277405

-1.20335 0.277405
-1.20325 0.277515

-1.20325 0.277514
-1.20306 0.27771

-1.20306 0.27771
-1.20294 0.277827

-1.20294 0.277826
-1.20276 0.278015

-1.20276 0.278015
-1.20264 0.278139

-1.20264 0.278139
-1.20246 0.27832

-1.20246 0.27832
-1.20233 0.278451

-1.20233 0.278451
-1.20216 0.278625

-1.20216 0.278625
-1.20203 0.278763

-1.20203 0.278763
-1.20186 0.278931

-1.20186 0.278931
-1.20172 0.279075

-1.20172 0.279075
-1.20156 0.279236

-1.20156 0.279236
-1.20142 0.279387

-1.20142 0.279386
-1.20126 0.279541

-1.20126 0.279541
-1.20111 0.279698

-1.20111 0.279698
-1.20097 0.279846

-1.20097 0.279846
-1.20081 0.28001

-1.20081 0.280009
-1.20067 0.280151

-1.20067 0.280151
-1.2005 0.280321

-1.2005 0.280321
-1.20037 0.280457

-1.20037 0.280457
-1.2002 0.280632

-1.2002 0.280632
-1.20007 0.280762

-1.20007 0.280762
-1.19989 0.280943

-1.19989 0.280943
-1.19977 0.281067

-1.19977 0.281067
-1.19958 0.281254

-1.19958 0.281254
-1.19947 0.281372

-1.19947 0.281372
-1.19928 0.281565

-1.19928 0.281565
-1.19917 0.281677

-1.19917 0.281677
-1.19897 0.281876

-1.19897 0.281875
-1.19887 0.281982

-1.19887 0.281982
-1.19867 0.282186

-1.19867 0.282186
-1.19857 0.282288

-1.19857 0.282288
-1.19836 0.282497

-1.19836 0.282496
-1.19827 0.282593

-1.19827 0.282593
-1.19806 0.282807

-1.19806 0.282806
-1.19797 0.282898

-1.19797 0.282898
-1.19775 0.283117

-1.19775 0.283116
-1.19767 0.283203

-1.19767 0.283203
-1.19745 0.283427

-1.19745 0.283426
-1.19737 0.283508

-1.19737 0.283508
-1.19714 0.283737

-1.19714 0.283736
-1.19707 0.283813

-1.19707 0.283813
-1.19684 0.284046

-1.19684 0.284046
-1.19677 0.284119

-1.19677 0.284119
-1.19653 0.284356

-1.19653 0.284356
-1.19647 0.284424

-1.19647 0.284424
-1.19623 0.284665

-1.19623 0.284665
-1.19616 0.284729

-1.19616 0.284729
-1.19592 0.284975

-1.19592 0.284974
-1.19586 0.285034

-1.19586 0.285034
-1.19562 0.285284

-1.19562 0.285283
-1.19556 0.285339

-1.19556 0.285339
-1.19531 0.285593

-1.19531 0.285593
-1.19526 0.285645

-1.19526 0.285645
-1.19501 0.285902

-1.19501 0.285901
-1.19496 0.28595

-1.19496 0.28595
-1.1947 0.286211

-1.1947 0.28621
-1.19466 0.286255

-1.19466 0.286255
-1.1944 0.286519

-1.1944 0.286519
-1.19436 0.28656

-1.19436 0.28656
-1.19409 0.286828

-1.19409 0.286827
-1.19405 0.286865

-1.19405 0.286865
-1.19379 0.287136

-1.19379 0.287136
-1.19375 0.28717

-1.19375 0.28717
-1.19348 0.287444

-1.19348 0.287444
-1.19345 0.287476

-1.19345 0.287476
-1.19318 0.287752

-1.19318 0.287752
-1.19315 0.287781

-1.19315 0.287781
-1.19287 0.28806

-1.19287 0.28806
-1.19285 0.288086

-1.19285 0.288086
-1.19257 0.288368

-1.19257 0.288368
-1.19254 0.288391

-1.19254 0.288391
-1.19226 0.288676

-1.19226 0.288675
-1.19224 0.288696

-1.19224 0.288696
-1.19196 0.288983

-1.19196 0.288983
-1.19194 0.289001

-1.19194 0.289001
-1.19165 0.289291

-1.19165 0.28929
-1.19163 0.289307

-1.19163 0.289307
-1.19135 0.289598

-1.19135 0.289598
-1.19133 0.289612

-1.19133 0.289612
-1.19104 0.289905

-1.19104 0.289905
-1.19103 0.289917

-1.19103 0.289917
-1.19073 0.290212

-1.19073 0.290212
-1.19072 0.290222

-1.19072 0.290222
-1.19043 0.290519

-1.19043 0.290519
-1.19042 0.290527

-1.19042 0.290527
-1.19012 0.290826

-1.19012 0.290826
-1.19012 0.290833

-1.19012 0.290833
-1.18982 0.291132

-1.18982 0.291132
-1.18981 0.291138

-1.18981 0.291138
-1.18951 0.291439

-1.18951 0.291439
-1.18951 0.291443

-1.18951 0.291443
-1.18921 0.291745

-1.18921 0.291745
-1.18921 0.291748

-1.18921 0.291748
-1.1889 0.292051

-1.1889 0.292051
-1.1889 0.292053

-1.1889 0.292053
-1.1886 0.292357

-1.1886 0.292357
-1.1886 0.292358

-1.1886 0.292358
-1.18829 0.292663

-1.18829 0.292664
-1.18799 0.292969

-1.18799 0.292969
-1.18799 0.292969

-1.18799 0.292969
-1.18768 0.293274

-1.18768 0.293274
-1.18768 0.293275

-1.18768 0.293275
-1.18738 0.293579

-1.18738 0.293579
-1.18738 0.293581

-1.18738 0.293581
-1.18707 0.293884

-1.18707 0.293884
-1.18707 0.293886

-1.18707 0.293886
-1.18677 0.294189

-1.18677 0.294189
-1.18677 0.294191

-1.18677 0.294191
-1.18646 0.294495

-1.18646 0.294495
-1.18646 0.294497

-1.18646 0.294496
-1.18616 0.2948

-1.18616 0.2948
-1.18616 0.294802

-1.18616 0.294801
-1.18585 0.295105

-1.18585 0.295105
-1.18585 0.295106

-1.18585 0.295106
-1.18555 0.29541

-1.18555 0.29541
-1.18555 0.295411

-1.18555 0.295411
-1.18524 0.295715

-1.18524 0.295715
-1.18524 0.295716

-1.18524 0.295716
-1.18494 0.29602

-1.18494 0.296021
-1.18463 0.296325

-1.18463 0.296325
-1.18463 0.296326

-1.18463 0.296326
-1.18433 0.296629

-1.18433 0.296629
-1.18432 0.296631

-1.18432 0.296631
-1.18402 0.296933

-1.18402 0.296933
-1.18402 0.296936

-1.18402 0.296936
-1.18372 0.297237

-1.18372 0.297237
-1.18371 0.297241

-1.18371 0.297241
-1.18341 0.297541

-1.18341 0.297541
-1.18341 0.297546

-1.18341 0.297546
-1.18311 0.297845

-1.18311 0.297845
-1.1831 0.297852

-1.1831 0.297852
-1.1828 0.298148

-1.1828 0.298148
-1.18279 0.298157

-1.18279 0.298157
-1.1825 0.298452

-1.1825 0.298452
-1.18249 0.298462

-1.18249 0.298462
-1.18219 0.298755

-1.18219 0.298755
-1.18218 0.298767

-1.18218 0.298767
-1.18188 0.299058

-1.18188 0.299058
-1.18187 0.299072

-1.18187 0.299072
-1.18158 0.299361

-1.18158 0.299362
-1.18156 0.299377

-1.18156 0.299377
-1.18127 0.299664

-1.18127 0.299665
-1.18126 0.299683

-1.18126 0.299683
-1.18097 0.299967

-1.18097 0.299967
-1.18095 0.299988

-1.18095 0.299988
-1.18066 0.30027

-1.18066 0.30027
-1.18064 0.300293

-1.18064 0.300293
-1.18036 0.300572

-1.18036 0.300573
-1.18033 0.300598

-1.18033 0.300598
-1.18005 0.300875

-1.18005 0.300875
-1.18003 0.300903

-1.18003 0.300903
-1.17975 0.301177

-1.17975 0.301177
-1.17972 0.301208

-1.17972 0.301208
-1.17944 0.301479

-1.17944 0.30148
-1.17941 0.301514

-1.17941 0.301514
-1.17914 0.301781

-1.17914 0.301782
-1.1791 0.301819

-1.1791 0.301819
-1.17883 0.302083

-1.17883 0.302084
-1.17879 0.302124

-1.17879 0.302124
-1.17853 0.302385

-1.17853 0.302385
-1.17848 0.302429

-1.17848 0.302429
-1.17822 0.302687

-1.17822 0.302687
-1.17817 0.302734

-1.17818 0.302734
-1.17792 0.302988

-1.17792 0.302989
-1.17787 0.30304

-1.17787 0.30304
-1.17761 0.30329

-1.17761 0.30329
-1.17756 0.303345

-1.17756 0.303345
-1.17731 0.303591

-1.17731 0.303591
-1.17725 0.30365

-1.17725 0.30365
-1.177 0.303892

-1.177 0.303893
-1.17694 0.303955

-1.17694 0.303955
-1.1767 0.304193

-1.1767 0.304194
-1.17663 0.30426

-1.17663 0.30426
-1.17639 0.304494

-1.17639 0.304495
-1.17632 0.304565

-1.17632 0.304565
-1.17609 0.304795

-1.17609 0.304795
-1.17601 0.304871

-1.17601 0.304871
-1.17578 0.305095

-1.17578 0.305096
-1.1757 0.305176

-1.1757 0.305176
-1.17548 0.305396

-1.17548 0.305397
-1.17539 0.305481

-1.17539 0.305481
-1.17517 0.305696

-1.17517 0.305697
-1.17508 0.305786

-1.17508 0.305786
-1.17487 0.305997

-1.17487 0.305997
-1.17477 0.306091

-1.17477 0.306091
-1.17456 0.306297

-1.17456 0.306297
-1.17446 0.306396

-1.17446 0.306396
-1.17426 0.306597

-1.17426 0.306597
-1.17415 0.306702

-1.17415 0.306702
-1.17395 0.306897

-1.17395 0.306897
-1.17384 0.307007

-1.17384 0.307007
-1.17365 0.307197

-1.17365 0.307197
-1.17353 0.307312

-1.17353 0.307312
-1.17334 0.307496

-1.17334 0.307497
-1.17322 0.307617

-1.17322 0.307617
-1.17303 0.307796

-1.17303 0.307796
-1.17291 0.307922

-1.17291 0.307922
-1.17273 0.308095

-1.17273 0.308096
-1.17259 0.308228

-1.17259 0.308228
-1.17242 0.308394

-1.17242 0.308395
-1.17228 0.308533

-1.17228 0.308533
-1.17212 0.308693

-1.17212 0.308694
-1.17197 0.308838

-1.17197 0.308838
-1.17181 0.308992

-1.17181 0.308993
-1.17166 0.309143

-1.17166 0.309143
-1.17151 0.309291

-1.17151 0.309292
-1.17135 0.309448

-1.17135 0.309448
-1.1712 0.30959

-1.1712 0.309591
-1.17104 0.309753

-1.17104 0.309753
-1.1709 0.309889

-1.1709 0.309889
-1.17072 0.310059

-1.17072 0.310059
-1.17059 0.310187

-1.17059 0.310188
-1.17041 0.310364

-1.17041 0.310364
-1.17029 0.310486

-1.17029 0.310486
-1.1701 0.310669

-1.1701 0.310669
-1.16998 0.310784

-1.16998 0.310784
-1.16979 0.310974

-1.16979 0.310974
-1.16968 0.311082

-1.16968 0.311083
-1.16948 0.311279

-1.16948 0.311279
-1.16937 0.31138

-1.16937 0.311381
-1.16916 0.311584

-1.16916 0.311584
-1.16907 0.311678

-1.16907 0.311678
-1.16885 0.31189

-1.16885 0.31189
-1.16876 0.311976

-1.16876 0.311976
-1.16854 0.312195

-1.16854 0.312195
-1.16846 0.312273

-1.16846 0.312274
-1.16822 0.3125

-1.15625 0.00370053
-1.15594 0.00369233

-1.15594 0.00369233
-1.15564 0.00368417

-1.15564 0.00368419
-1.15533 0.00367604

-1.15533 0.00367608
-1.15503 0.00366783

-1.15472 0.00365932
-1.15483 0.00366211

-1.15472 0.00365932
-1.15442 0.00365084

-1.15442 0.00365085
-1.15411 0.00364247

-1.15411 0.00364248
-1.15381 0.00363418

-1.15503 0.00366787
-1.15482 0.00366211

-1.15381 0.00363418
-1.1535 0.00362596

-1.1535 0.00362596
-1.1532 0.00361779

-1.1532 0.00361779
-1.15289 0.00360968

-1.15289 0.00360968
-1.15259 0.00360162

-1.15259 0.00360162
-1.15228 0.00359361

-1.15228 0.00359361
-1.15198 0.00358565

-1.15198 0.00358565
-1.15167 0.00357773

-1.15167 0.00357773
-1.15137 0.00356985

-1.15137 0.00356985
-1.15106 0.00356203

-1.15106 0.00356203
-1.15076 0.00355424

-1.15076 0.00355424
-1.15045 0.0035465

-1.15045 0.0035465
-1.15015 0.0035388

-1.15015 0.0035388
-1.14984 0.00353114

-1.14984 0.00353115
-1.14954 0.00352351

-1.14954 0.00352352
-1.14923 0.00351588

-1.14923 0.00351584
-1.14893 0.00350827

-1.14893 0.00350829
-1.14862 0.00350082

-1.14862 0.00350082
-1.14832 0.00349341

-1.14832 0.00349341
-1.14801 0.00348605

-1.14801 0.00348605
-1.14771 0.00347872

-1.14771 0.00347872
-1.1474 0.00347143

-1.1474 0.00347143
-1.14709 0.00346419

-1.14709 0.00346419
-1.14679 0.00345698

-1.14679 0.00345698
-1.14648 0.0034498

-1.14648 0.0034498
-1.14618 0.00344267

-1.14618 0.00344267
-1.14587 0.00343556

-1.14587 0.00343556
-1.14557 0.00342849

-1.14557 0.00342849
-1.14526 0.00342143

-1.14526 0.00342144
-1.14496 0.0034144

-1.14496 0.0034144
-1.14465 0.00340738

-1.14465 0.00340738
-1.14435 0.00340036

-1.14435 0.00340037
-1.14404 0.00339334

-1.14404 0.00339334
-1.14374 0.0033863

-1.14374 0.0033863
-1.14343 0.00337922

-1.14343 0.00337923
-1.14313 0.0033721

-1.14313 0.00337213
-1.14282 0.00336488

-1.14282 0.00336492
-1.14252 0.00335742

-1.14221 0.00334967
-1.1425 0.00335693

-1.14252 0.00335742
-1.1425 0.00335693

-1.14221 0.00334966
-1.14191 0.00334203

-1.14191 0.00334203
-1.1416 0.00333446

-1.1416 0.00333447
-1.1413 0.00332694

-1.1413 0.00332694
-1.14099 0.00331947

-1.14099 0.00331947
-1.14069 0.00331203

-1.14069 0.00331203
-1.14038 0.00330464

-1.14038 0.00330464
-1.14008 0.00329728

-1.14008 0.00329728
-1.13977 0.00328996

-1.13977 0.00328996
-1.13947 0.00328267

-1.13947 0.00328267
-1.13916 0.00327542

-1.13916 0.00327542
-1.13885 0.0032682

-1.13885 0.0032682
-1.13855 0.00326102

-1.13855 0.00326102
-1.13824 0.00325387

-1.13824 0.00325387
-1.13794 0.00324676

-1.13794 0.00324676
-1.13763 0.00323968

-1.13763 0.00323968
-1.13733 0.00323263

-1.13733 0.00323263
-1.13702 0.00322562

-1.13702 0.00322563
-1.13672 0.00321864

-1.13672 0.00321864
-1.13641 0.00321165

-1.13641 0.00321164
-1.13611 0.00320469

-1.13611 0.00320467
-1.1358 0.00319782

-1.1358 0.00319786
-1.1355 0.0031911

-1.1355 0.00319109
-1.13519 0.00318434

-1.13519 0.00318434
-1.13489 0.00317762

-1.13489 0.00317762
-1.13458 0.00317092

-1.13458 0.00317092
-1.13428 0.00316425

-1.13428 0.00316425
-1.13397 0.00315761

-1.13397 0.00315761
-1.13367 0.003151

-1.13367 0.003151
-1.13336 0.00314442

-1.13336 0.00314442
-1.13306 0.00313787

-1.13306 0.00313787
-1.13275 0.00313134

-1.13275 0.00313134
-1.13245 0.00312485

-1.13245 0.00312485
-1.13214 0.00311838

-1.13214 0.00311838
-1.13184 0.00311195

-1.13184 0.00311195
-1.13153 0.00310554

-1.13153 0.00310554
-1.13123 0.00309916

-1.13123 0.00309916
-1.13092 0.0030928

-1.13092 0.0030928
-1.13062 0.00308647

-1.13062 0.00308647
-1.13031 0.00308017

-1.13031 0.00308017
-1.13 0.00307389

-1.13 0.00307389
-1.1297 0.00306764

-1.1297 0.00306765
-1.12939 0.00306138

-1.12878 0.00304836
-1.12894 0.00305176

-1.12939 0.00306142
-1.12909 0.00305501

-1.12909 0.00305503
-1.12894 0.00305176

-1.12878 0.00304835
-1.12848 0.00304176

-1.12848 0.00304176
-1.12817 0.00303524

-1.12817 0.00303525
-1.12787 0.00302879

-1.12787 0.00302879
-1.12756 0.00302238

-1.12756 0.00302238
-1.12726 0.00301601

-1.12726 0.00301601
-1.12695 0.00300968

-1.12695 0.00300968
-1.12665 0.00300338

-1.12665 0.00300338
-1.12634 0.00299712

-1.12634 0.00299712
-1.12604 0.00299089

-1.12604 0.00299089
-1.12573 0.00298469

-1.12573 0.00298469
-1.12543 0.00297852

-1.12543 0.00297852
-1.12512 0.00297238

-1.12512 0.00297238
-1.12482 0.00296628

-1.12482 0.00296628
-1.12451 0.0029602

-1.12451 0.0029602
-1.12421 0.00295415

-1.12421 0.00295415
-1.1239 0.00294813

-1.1239 0.00294813
-1.1236 0.00294215

-1.1236 0.00294215
-1.12329 0.00293619

-1.12329 0.00293619
-1.12299 0.00293025

-1.12299 0.00293025
-1.12268 0.00292435

-1.12268 0.00292435
-1.12238 0.00291847

-1.12238 0.00291847
-1.12207 0.00291261

-1.12207 0.00291262
-1.12177 0.00290675

-1.12177 0.00290675
-1.12146 0.00290088

-1.12146 0.00290085
-1.12115 0.00289507

-1.12115 0.0028951
-1.12085 0.0028894

-1.12085 0.0028894
-1.12054 0.00288372

-1.12054 0.00288373
-1.12024 0.00287808

-1.12024 0.00287808
-1.11993 0.00287246

-1.11993 0.00287246
-1.11963 0.00286686

-1.11963 0.00286686
-1.11932 0.0028613

-1.11932 0.0028613
-1.11902 0.00285577

-1.11902 0.00285577
-1.11871 0.00285026

-1.11871 0.00285026
-1.11841 0.00284479

-1.11841 0.00284479
-1.1181 0.00283934

-1.1181 0.00283934
-1.1178 0.00283392

-1.1178 0.00283392
-1.11749 0.00282854

-1.11749 0.00282854
-1.11719 0.00282318

-1.11719 0.00282318
-1.11688 0.00281785

-1.11688 0.00281785
-1.11658 0.00281255

-1.11658 0.00281255
-1.11627 0.00280727

-1.11627 0.00280727
-1.11597 0.00280202

-1.11597 0.00280202
-1.11566 0.00279679

-1.11566 0.00279679
-1.11536 0.00279158

-1.11536 0.00279158
-1.11505 0.00278637

-1.11505 0.00278638
-1.11475 0.00278118

-1.11475 0.00278118
-1.11444 0.00277597

-1.11444 0.00277597
-1.11414 0.00277075

-1.11414 0.00277075
-1.11383 0.0027655

-1.11383 0.00276551
-1.11353 0.00276021

-1.11353 0.00276022
-1.11322 0.00275483

-1.11322 0.00275486
-1.11292 0.00274928

-1.11261 0.00274342
-1.11278 0.00274658

-1.11292 0.00274929
-1.11277 0.00274658

-1.11261 0.0027434
-1.1123 0.00273757

-1.1123 0.00273758
-1.112 0.00273179

-1.112 0.0027318
-1.11169 0.00272606

-1.11169 0.00272606
-1.11139 0.00272035

-1.11139 0.00272035
-1.11108 0.00271468

-1.11108 0.00271468
-1.11078 0.00270903

-1.11078 0.00270903
-1.11047 0.00270342

-1.11047 0.00270342
-1.11017 0.00269783

-1.11017 0.00269783
-1.10986 0.00269227

-1.10986 0.00269227
-1.10956 0.00268673

-1.10956 0.00268673
-1.10925 0.00268122

-1.10925 0.00268122
-1.10895 0.00267574

-1.10895 0.00267574
-1.10864 0.00267028

-1.10864 0.00267028
-1.10834 0.00266484

-1.10834 0.00266484
-1.10803 0.00265942

-1.10803 0.00265942
-1.10773 0.00265403

-1.10773 0.00265403
-1.10742 0.00264866

-1.10742 0.00264866
-1.10712 0.00264331

-1.10712 0.00264331
-1.10681 0.00263799

-1.10681 0.00263799
-1.10651 0.00263268

-1.10651 0.00263268
-1.1062 0.0026274

-1.1062 0.0026274
-1.1059 0.00262214

-1.1059 0.00262214
-1.10559 0.0026169

-1.10559 0.0026169
-1.10529 0.00261169

-1.10529 0.00261169
-1.10498 0.00260649

-1.10498 0.00260649
-1.10468 0.0026013

-1.10468 0.00260129
-1.10437 0.00259612

-1.10437 0.00259609
-1.10406 0.002591

-1.10406 0.00259103
-1.10376 0.002586

-1.10376 0.00258599
-1.10345 0.00258098

-1.10345 0.00258098
-1.10315 0.00257598

-1.10315 0.00257598
-1.10284 0.00257099

-1.10284 0.00257099
-1.10254 0.00256602

-1.10254 0.00256602
-1.10223 0.00256107

-1.10223 0.00256107
-1.10193 0.00255614

-1.10193 0.00255614
-1.10162 0.00255122

-1.10162 0.00255122
-1.10132 0.00254631

-1.10132 0.00254631
-1.10101 0.00254143

-1.10101 0.00254143
-1.10071 0.00253656

-1.10071 0.00253656
-1.1004 0.0025317

-1.1004 0.0025317
-1.1001 0.00252686

-1.1001 0.00252686
-1.09979 0.00252203

-1.09979 0.00252203
-1.09949 0.00251723

-1.09949 0.00251723
-1.09918 0.00251243

-1.09918 0.00251243
-1.09888 0.00250766

-1.09888 0.00250766
-1.09857 0.0025029

-1.09857 0.0025029
-1.09827 0.00249817

-1.09827 0.00249817
-1.09796 0.00249345

-1.09796 0.00249345
-1.09766 0.00248876

-1.09766 0.00248876
-1.09735 0.00248409

-1.09735 0.00248409
-1.09705 0.00247944

-1.09705 0.00247944
-1.09674 0.00247482

-1.09674 0.00247482
-1.09644 0.00247022

-1.09644 0.00247022
-1.09613 0.00246564

-1.09613 0.00246564
-1.09583 0.0024611

-1.09583 0.0024611
-1.09552 0.00245658

-1.09552 0.00245659
-1.09521 0.00245208

-1.0943 0.00243806
-1.09451 0.00244141

-1.0943 0.00243805
-1.09399 0.00243329

-1.09399 0.00243329
-1.09369 0.00242859

-1.09369 0.0024286
-1.09338 0.00242395

-1.09338 0.00242395
-1.09308 0.00241933

-1.09308 0.00241933
-1.09277 0.00241475

-1.09521 0.0024521
-1.09491 0.00244755

-1.09491 0.00244758
-1.0946 0.0024429

-1.0946 0.0024429
-1.09451 0.00244141

-1.09277 0.00241475
-1.09247 0.00241019

-1.09247 0.00241019
-1.09216 0.00240566

-1.09216 0.00240566
-1.09186 0.00240115

-1.09186 0.00240115
-1.09155 0.00239667

-1.09155 0.00239667
-1.09125 0.00239222

-1.09125 0.00239222
-1.09094 0.00238778

-1.09094 0.00238778
-1.09064 0.00238337

-1.09064 0.00238337
-1.09033 0.00237899

-1.09033 0.00237899
-1.09003 0.00237463

-1.09003 0.00237463
-1.08972 0.00237029

-1.08972 0.00237029
-1.08942 0.00236597

-1.08942 0.00236597
-1.08911 0.00236167

-1.08911 0.00236167
-1.08881 0.0023574

-1.08881 0.0023574
-1.0885 0.00235315

-1.0885 0.00235315
-1.0882 0.00234892

-1.0882 0.00234892
-1.08789 0.00234472

-1.08789 0.00234472
-1.08759 0.00234053

-1.08759 0.00234053
-1.08728 0.00233636

-1.08728 0.00233636
-1.08698 0.00233222

-1.08698 0.00233222
-1.08667 0.00232809

-1.08667 0.00232809
-1.08636 0.00232398

-1.08636 0.00232398
-1.08606 0.00231989

-1.08606 0.00231989
-1.08575 0.00231581

-1.08575 0.00231581
-1.08545 0.00231175

-1.08545 0.00231176
-1.08514 0.00230771

-1.08514 0.00230771
-1.08484 0.00230368

-1.08484 0.00230369
-1.08453 0.00229967

-1.08453 0.00229967
-1.08423 0.00229565

-1.08423 0.00229564
-1.08392 0.00229161

-1.08392 0.00229158
-1.08362 0.00228758

-1.08362 0.0022876
-1.08331 0.00228367

-1.08331 0.00228367
-1.08301 0.00227975

-1.08301 0.00227976
-1.0827 0.00227586

-1.0827 0.00227586
-1.0824 0.00227198

-1.0824 0.00227198
-1.08209 0.00226812

-1.08209 0.00226812
-1.08179 0.00226427

-1.08179 0.00226427
-1.08148 0.00226044

-1.08148 0.00226044
-1.08118 0.00225663

-1.08118 0.00225663
-1.08087 0.00225283

-1.08087 0.00225283
-1.08057 0.00224905

-1.08057 0.00224905
-1.08026 0.00224528

-1.08026 0.00224528
-1.07996 0.00224154

-1.07996 0.00224154
-1.07965 0.0022378

-1.07965 0.0022378
-1.07935 0.00223409

-1.07935 0.00223409
-1.07904 0.00223038

-1.07904 0.00223038
-1.07874 0.0022267

-1.07874 0.0022267
-1.07843 0.00222303

-1.07843 0.00222303
-1.07812 0.00221938

-1.07812 0.00221938
-1.07782 0.00221575

-1.07782 0.00221575
-1.07751 0.00221214

-1.07751 0.00221214
-1.07721 0.00220855

-1.07721 0.00220855
-1.0769 0.00220497

-1.0769 0.00220497
-1.0766 0.00220142

-1.0766 0.00220142
-1.07629 0.00219788

-1.07629 0.00219788
-1.07599 0.00219437

-1.07599 0.00219437
-1.07568 0.00219088

-1.07568 0.00219088
-1.07538 0.00218742

-1.07538 0.00218742
-1.07507 0.00218397

-1.07507 0.00218397
-1.07477 0.00218055

-1.07477 0.00218055
-1.07446 0.00217715

-1.07446 0.00217715
-1.07416 0.00217377

-1.07416 0.00217377
-1.07385 0.00217041

-1.07385 0.00217041
-1.07355 0.00216706

-1.07355 0.00216706
-1.07324 0.00216371

-1.07324 0.00216371
-1.07294 0.00216037

-1.07294 0.00216037
-1.07263 0.00215701

-1.07263 0.00215702
-1.07233 0.00215364

-1.07233 0.00215364
-1.07202 0.00215022

-1.07202 0.00215023
-1.07172 0.00214676

-1.07172 0.00214677
-1.07141 0.00214321

-1.07141 0.00214323
-1.07111 0.00213955

-1.0708 0.00213567
-1.07085 0.00213623

-1.07111 0.00213957
-1.07084 0.00213623

-1.0708 0.00213568
-1.0705 0.00213178

-1.0705 0.00213179
-1.07019 0.00212793

-1.07019 0.00212793
-1.06989 0.00212411

-1.06989 0.00212411
-1.06958 0.00212031

-1.06958 0.00212031
-1.06927 0.00211654

-1.06927 0.00211654
-1.06897 0.0021128

-1.06897 0.0021128
-1.06866 0.00210908

-1.06866 0.00210908
-1.06836 0.00210538

-1.06836 0.00210538
-1.06805 0.00210171

-1.06805 0.00210171
-1.06775 0.00209806

-1.06775 0.00209806
-1.06744 0.00209443

-1.06744 0.00209443
-1.06714 0.00209082

-1.06714 0.00209082
-1.06683 0.00208723

-1.06683 0.00208723
-1.06653 0.00208367

-1.06653 0.00208367
-1.06622 0.00208012

-1.06622 0.00208012
-1.06592 0.00207658

-1.06592 0.00207658
-1.06561 0.00207307

-1.06561 0.00207307
-1.06531 0.00206957

-1.06531 0.00206957
-1.065 0.00206609

-1.065 0.00206609
-1.0647 0.00206263

-1.0647 0.00206263
-1.06439 0.00205918

-1.06439 0.00205918
-1.06409 0.00205574

-1.06409 0.00205574
-1.06378 0.00205232

-1.06378 0.00205232
-1.06348 0.00204891

-1.06348 0.00204891
-1.06317 0.00204551

-1.06317 0.00204551
-1.06287 0.00204213

-1.06287 0.00204213
-1.06256 0.00203875

-1.06256 0.00203875
-1.06226 0.00203539

-1.06226 0.00203539
-1.06195 0.00203204

-1.06195 0.00203204
-1.06165 0.00202871

-1.06165 0.00202871
-1.06134 0.00202538

-1.06134 0.00202538
-1.06104 0.00202207

-1.06104 0.00202207
-1.06073 0.00201876

-1.06073 0.00201876
-1.06042 0.00201547

-1.06042 0.00201547
-1.06012 0.00201219

-1.06012 0.00201219
-1.05981 0.00200893

-1.05981 0.00200892
-1.05951 0.00200567

-1.05951 0.00200567
-1.0592 0.00200243

-1.0592 0.00200243
-1.0589 0.00199921

-1.0589 0.00199921
-1.05859 0.00199601

-1.05859 0.001996
-1.05829 0.00199282

-1.05829 0.00199281
-1.05798 0.00198964

-1.05798 0.00198964
-1.05768 0.00198649

-1.05768 0.00198648
-1.05737 0.00198336

-1.05737 0.00198337
-1.05707 0.00198027

-1.05707 0.00198027
-1.05676 0.00197719

-1.05676 0.00197719
-1.05646 0.00197412

-1.05646 0.00197412
-1.05615 0.00197105

-1.05615 0.00197105
-1.05585 0.00196798

-1.05585 0.00196798
-1.05554 0.00196492

-1.05554 0.00196492
-1.05524 0.00196187

-1.05524 0.00196187
-1.05493 0.00195881

-1.05493 0.00195881
-1.05463 0.00195575

-1.05463 0.00195575
-1.05432 0.00195269

-1.05432 0.00195269
-1.05402 0.00194963

-1.05402 0.00194963
-1.05371 0.00194655

-1.05371 0.00194655
-1.05341 0.00194347

-1.05341 0.00194347
-1.0531 0.00194037

-1.0531 0.00194037
-1.0528 0.00193726

-1.0528 0.00193726
-1.05249 0.00193413

-1.05249 0.00193413
-1.05219 0.00193097

-1.05219 0.00193097
-1.05188 0.0019278

-1.05188 0.0019278
-1.05157 0.00192459

-1.05157 0.00192459
-1.05127 0.00192136

-1.05127 0.00192136
-1.05096 0.0019181

-1.05096 0.0019181
-1.05066 0.00191481

-1.05066 0.00191481
-1.05035 0.00191149

-1.05035 0.00191149
-1.05005 0.00190813

-1.05005 0.00190813
-1.04974 0.00190475

-1.04974 0.00190475
-1.04944 0.00190133

-1.04944 0.00190133
-1.04913 0.00189788

-1.04913 0.00189788
-1.04883 0.0018944

-1.04883 0.0018944
-1.04852 0.0018909

-1.04852 0.0018909
-1.04822 0.00188738

-1.04822 0.00188738
-1.04791 0.00188384

-1.04791 0.00188384
-1.04761 0.0018803

-1.04761 0.0018803
-1.0473 0.00187675

-1.0473 0.00187675
-1.047 0.00187321

-1.047 0.0018732
-1.04669 0.00186968

-1.04669 0.00186967
-1.04639 0.00186617

-1.04639 0.00186617
-1.04608 0.00186269

-1.04608 0.00186269
-1.04578 0.00185925

-1.04578 0.00185925
-1.04547 0.00185586

-1.04547 0.00185586
-1.04517 0.00185252

-1.04517 0.00185252
-1.04486 0.00184925

-1.04486 0.00184925
-1.04456 0.00184605

-1.04456 0.00184605
-1.04425 0.00184293

-1.04425 0.00184293
-1.04395 0.00183988

-1.04395 0.00183989
-1.04364 0.0018369

-1.04364 0.0018369
-1.04333 0.00183395

-1.04303 0.00183102
-1.04272 0.00182814

-1.04333 0.00183396
-1.04303 0.00183105

-1.04272 0.00182815
-1.04242 0.00182534

-1.04242 0.00182534
-1.04211 0.0018226

-1.04211 0.0018226
-1.04181 0.00181991

-1.04181 0.00181991
-1.0415 0.00181727

-1.0415 0.00181727
-1.0412 0.00181467

-1.0412 0.00181467
-1.04089 0.00181211

-1.04089 0.00181211
-1.04059 0.00180959

-1.04059 0.00180959
-1.04028 0.0018071

-1.04028 0.0018071
-1.03998 0.00180465

-1.03998 0.00180465
-1.03967 0.00180223

-1.03967 0.00180223
-1.03937 0.00179984

-1.03937 0.00179984
-1.03906 0.00179748

-1.03906 0.00179748
-1.03876 0.00179515

-1.03876 0.00179515
-1.03845 0.00179285

-1.03845 0.00179285
-1.03815 0.00179057

-1.03815 0.00179057
-1.03784 0.00178833

-1.03784 0.00178833
-1.03754 0.00178612

-1.03754 0.00178612
-1.03723 0.00178393

-1.03723 0.00178393
-1.03693 0.00178178

-1.03693 0.00178178
-1.03662 0.00177965

-1.03662 0.00177965
-1.03632 0.00177755

-1.03632 0.00177755
-1.03601 0.00177549

-1.03601 0.00177549
-1.03571 0.00177345

-1.03571 0.00177345
-1.0354 0.00177145

-1.0354 0.00177145
-1.0351 0.00176948

-1.0351 0.00176948
-1.03479 0.00176755

-1.03479 0.00176755
-1.03448 0.00176565

-1.03448 0.00176565
-1.03418 0.00176378

-1.03418 0.00176378
-1.03387 0.00176196

-1.03387 0.00176195
-1.03357 0.00176017

-1.03357 0.00176017
-1.03326 0.00175842

-1.03326 0.00175842
-1.03296 0.00175671

-1.03296 0.00175671
-1.03265 0.00175504

-1.03265 0.00175504
-1.03235 0.00175341

-1.03235 0.00175341
-1.03204 0.00175183

-1.03204 0.00175183
-1.03174 0.00175029

-1.03174 0.00175029
-1.03143 0.00174879

-1.03143 0.00174879
-1.03113 0.00174734

-1.03113 0.00174734
-1.03082 0.00174594

-1.03082 0.00174594
-1.03052 0.00174458

-1.03052 0.00174458
-1.03021 0.00174327

-1.03021 0.00174327
-1.02991 0.00174201

-1.02991 0.00174201
-1.0296 0.00174079

-1.0296 0.00174079
-1.0293 0.00173962

-1.0293 0.00173962
-1.02899 0.0017385

-1.02899 0.0017385
-1.02869 0.00173743

-1.02869 0.00173743
-1.02838 0.0017364

-1.02838 0.0017364
-1.02808 0.00173542

-1.02808 0.00173542
-1.02777 0.00173448

-1.02777 0.00173448
-1.02747 0.00173359

-1.02747 0.00173359
-1.02716 0.00173275

-1.02716 0.00173275
-1.02686 0.00173196

-1.02686 0.00173196
-1.02655 0.00173121

-1.02655 0.00173121
-1.02625 0.00173051

-1.02625 0.00173051
-1.02594 0.00172987

-1.02594 0.00172987
-1.02563 0.00172927

-1.02563 0.00172927
-1.02533 0.00172873

-1.02533 0.00172873
-1.02502 0.00172824

-1.02502 0.00172824
-1.02472 0.00172782

-1.02472 0.00172782
-1.02441 0.00172747

-1.02441 0.00172747
-1.02411 0.00172719

-1.02411 0.00172719
-1.0238 0.00172699

-1.0238 0.00172699
-1.0235 0.00172688

-1.0235 0.00172688
-1.02319 0.00172687

-1.02319 0.00172687
-1.02289 0.00172698

-1.02289 0.00172697
-1.02258 0.00172721

-1.02258 0.00172721
-1.02228 0.00172759

-1.02228 0.00172758
-1.02197 0.00172813

-1.02197 0.00172812
-1.02167 0.00172885

-1.02167 0.00172884
-1.02136 0.00172978

-1.02136 0.00172978
-1.02106 0.00173096

-1.02106 0.00173095
-1.02075 0.00173241

-1.02075 0.00173239
-1.02045 0.00173418

-1.02045 0.00173416
-1.02014 0.00173633

-1.02014 0.00173631
-1.01984 0.00173894

-1.01984 0.00173891
-1.01953 0.00174211

-1.01953 0.00174206
-1.01923 0.00174599

-1.01923 0.00174592
-1.01892 0.00175078

-1.01892 0.00175069
-1.01862 0.00175678

-1.01862 0.00175667
-1.01831 0.00176438

-1.01831 0.00176423
-1.01801 0.00177409

-1.01801 0.00177387
-1.0177 0.00178661

-1.0177 0.00178637
-1.0174 0.00180287

-1.0174 0.00180283
-1.01709 0.00182364

-1.01709 0.0018238
-1.01701 0.00183105

-1.01699 0.00183105
-1.01678 0.00184921

-1.01678 0.00184883
-1.01648 0.0018844

-1.01648 0.00188385
-1.01617 0.00193094

-1.01617 0.00192948
-1.01587 0.00199212

-1.01587 0.00199176
-1.01556 0.00207358

-1.01556 0.00207305
-1.01538 0.00213623

-1.01538 0.00213623
-1.01526 0.00217605

-1.01526 0.00217495
-1.01495 0.00229882

-1.01495 0.00229808
-1.01466 0.00244141

-1.01467 0.00244141
-1.01465 0.00245104

-1.01465 0.0024483
-1.01434 0.00261624

-1.01434 0.00261615
-1.01412 0.00274658

-1.01413 0.00274658
-1.01404 0.0028014

-1.01404 0.00280106
-1.01373 0.00299052

-1.01373 0.00299124
-1.01364 0.00305176

-1.01364 0.00305176
-1.01343 0.00318206

-1.01343 0.00318263
-1.01314 0.00335693

-1.01314 0.00335693
-1.01312 0.00336498

-1.01312 0.00336659
-1.01282 0.00353827

-1.01282 0.003539
-1.01258 0.00366211

-1.01258 0.00366211
-1.01251 0.00369493

-1.01251 0.00369622
-1.01221 0.00383768

-1.01221 0.0038382
-1.0119 0.00396232

-1.0119 0.00396076
-1.01188 0.00396729

-1.01189 0.00396729
-1.0116 0.00406859

-1.0116 0.00406887
-1.01129 0.00415853

-1.01129 0.00415881
-1.01099 0.00423015

-1.01099 0.00423066
-1.01074 0.00427246

-1.01073 0.00427246
-1.01068 0.00428042

-1.01068 0.00428219
-1.01038 0.0043164

-1.01038 0.00431664
-1.01007 0.004333

-1.01007 0.00433319
-1.00977 0.00433087

-1.00916 0.00426576
-1.0092 0.00427246

-1.00977 0.00433107
-1.00946 0.00430929

-1.00946 0.00430966
-1.00919 0.00427246

-1.00916 0.00426781
-1.00885 0.00420531

-1.00885 0.00420578
-1.00854 0.0041212

-1.00732 0.00352275
-1.00754 0.00366211

-1.00854 0.00412168
-1.00824 0.0040131

-1.00793 0.0038795
-1.00813 0.00396729

-1.00824 0.00401286
-1.00814 0.00396729

-1.00793 0.00388032
-1.00763 0.00371727

-1.00763 0.00371599
-1.00754 0.00366211

-1.0061 0.00222123
-1.00624 0.00244141

-1.00549 0.000323377
-1.00552 0.000610352

-1.00552 0.000610352
-1.00558 0.000915527

-1.00558 0.000915527
-1.00566 0.0012207

-1.00548 0.0
-1.00549 0.000305176

-1.00549 0.000323808
-1.00549 0.000305176

-1.0058 0.00161593
-1.00589 0.00183105

-1.00566 0.0012207
-1.00576 0.00152588

-1.0058 0.0016159
-1.00576 0.00152588

-1.00589 0.00183105
-1.00605 0.00213623

-1.0061 0.00222185
-1.00605 0.00213623

-1.00671 0.00300471
-1.00676 0.00305176

-1.00702 0.00328688
-1.00711 0.00335693

-1.00732 0.00352363
-1.00711 0.00335693

-1.00702 0.00329041
-1.00676 0.00305176

-1.00641 0.00265874
-1.00648 0.00274658

-1.00671 0.00300681
-1.00648 0.00274658

-1.00641 0.00265846
-1.00624 0.00244141

-1.16822 0.3125
-1.16815 0.312571

-1.16815 0.312571
-1.16791 0.312805

-1.16791 0.312805
-1.16785 0.312868

-1.16785 0.312869
-1.1676 0.31311

-1.1676 0.31311
-1.16754 0.313165

-1.16754 0.313166
-1.16728 0.313416

-1.16728 0.313416
-1.16724 0.313462

-1.16724 0.313463
-1.16697 0.313721

-1.16697 0.313721
-1.16693 0.313759

-1.16693 0.31376
-1.16666 0.314026

-1.16666 0.314026
-1.16663 0.314056

-1.16663 0.314056
-1.16634 0.314331

-1.16634 0.314331
-1.16632 0.314353

-1.16632 0.314353
-1.16603 0.314636

-1.16603 0.314636
-1.16602 0.31465

-1.16602 0.31465
-1.16572 0.314941

-1.16572 0.314941
-1.16571 0.314946

-1.16571 0.314946
-1.16541 0.315243

-1.16541 0.315243
-1.1654 0.315247

-1.1654 0.315247
-1.1651 0.315539

-1.1651 0.315539
-1.16509 0.315552

-1.16509 0.315552
-1.16479 0.315835

-1.16479 0.315835
-1.16477 0.315857

-1.16477 0.315857
-1.16449 0.316131

-1.16449 0.316131
-1.16446 0.316162

-1.16446 0.316162
-1.16418 0.316427

-1.16418 0.316427
-1.16414 0.316467

-1.16414 0.316467
-1.16388 0.316722

-1.16388 0.316723
-1.16383 0.316772

-1.16383 0.316772
-1.16357 0.317017

-1.16357 0.317018
-1.16351 0.317078

-1.16351 0.317078
-1.16327 0.317313

-1.16327 0.317314
-1.1632 0.317383

-1.1632 0.317383
-1.16296 0.317608

-1.16296 0.317609
-1.16288 0.317688

-1.16288 0.317688
-1.16266 0.317903

-1.16266 0.317904
-1.16257 0.317993

-1.16257 0.317993
-1.16235 0.318199

-1.16235 0.3182
-1.16225 0.318298

-1.16225 0.318298
-1.16205 0.318494

-1.16205 0.318495
-1.16194 0.318604

-1.16194 0.318604
-1.16174 0.318789

-1.16174 0.318789
-1.16162 0.318909

-1.16162 0.318909
-1.16144 0.319083

-1.16144 0.319084
-1.1613 0.319214

-1.1613 0.319214
-1.16113 0.319378

-1.16113 0.319379
-1.16099 0.319519

-1.16099 0.319519
-1.16083 0.319673

-1.16083 0.319673
-1.16067 0.319824

-1.16067 0.319824
-1.16052 0.319967

-1.16052 0.319968
-1.16035 0.320129

-1.16035 0.320129
-1.16022 0.320261

-1.16022 0.320262
-1.16004 0.320435

-1.16004 0.320435
-1.15991 0.320555

-1.15991 0.320556
-1.15972 0.32074

-1.15972 0.32074
-1.15961 0.320849

-1.15961 0.32085
-1.1594 0.321045

-1.1594 0.321045
-1.1593 0.321143

-1.1593 0.321144
-1.15909 0.32135

-1.15909 0.32135
-1.159 0.321437

-1.159 0.321438
-1.15877 0.321655

-1.15877 0.321655
-1.15869 0.321731

-1.15869 0.321732
-1.15845 0.32196

-1.15845 0.32196
-1.15839 0.322024

-1.15839 0.322025
-1.15813 0.322266

-1.15814 0.322266
-1.15808 0.322318

-1.15808 0.322318
-1.15782 0.322571

-1.15782 0.322571
-1.15778 0.322611

-1.15778 0.322611
-1.1575 0.322876

-1.1575 0.322876
-1.15747 0.322904

-1.15747 0.322904
-1.15718 0.323181

-1.15718 0.323181
-1.15717 0.323197

-1.15717 0.323197
-1.15686 0.323486

-1.15686 0.323486
-1.15686 0.32349

-1.15686 0.32349
-1.15656 0.323783

-1.15656 0.323783
-1.15655 0.323792

-1.15655 0.323792
-1.15625 0.324076

-1.15625 0.324076
-1.15623 0.324097

-1.15623 0.324097
-1.15594 0.324368

-1.15594 0.324368
-1.15591 0.324402

-1.15591 0.324402
-1.15564 0.32466

-1.15564 0.324661
-1.15559 0.324707

-1.15559 0.324707
-1.15533 0.324952

-1.15533 0.324953
-1.15527 0.325012

-1.15527 0.325012
-1.15503 0.325244

-1.15503 0.325245
-1.15495 0.325317

-1.15495 0.325317
-1.15472 0.325536

-1.15472 0.325537
-1.15463 0.325623

-1.15464 0.325623
-1.15442 0.325828

-1.15442 0.325829
-1.15432 0.325928

-1.15432 0.325928
-1.15411 0.32612

-1.15411 0.326121
-1.154 0.326233

-1.154 0.326233
-1.15381 0.326412

-1.15381 0.326413
-1.15368 0.326538

-1.15368 0.326538
-1.1535 0.326704

-1.1535 0.326705
-1.15336 0.326843

-1.15336 0.326843
-1.1532 0.326995

-1.1532 0.326996
-1.15304 0.327148

-1.15304 0.327148
-1.15289 0.327286

-1.15289 0.327287
-1.15272 0.327454

-1.15272 0.327454
-1.15259 0.327578

-1.15259 0.327579
-1.1524 0.327759

-1.1524 0.327759
-1.15228 0.327869

-1.15228 0.32787
-1.15208 0.328064

-1.15208 0.328064
-1.15198 0.32816

-1.15198 0.328161
-1.15176 0.328369

-1.15176 0.328369
-1.15167 0.328451

-1.15167 0.328452
-1.15144 0.328674

-1.15144 0.328674
-1.15137 0.328741

-1.15137 0.328742
-1.15112 0.328979

-1.15112 0.328979
-1.15106 0.329032

-1.15106 0.329033
-1.1508 0.329285

-1.1508 0.329285
-1.15076 0.329323

-1.15076 0.329323
-1.15048 0.32959

-1.15048 0.32959
-1.15045 0.329613

-1.15045 0.329613
-1.15016 0.329895

-1.15016 0.329895
-1.15015 0.329903

-1.15015 0.329903
-1.14984 0.330194

-1.14984 0.330194
-1.14983 0.3302

-1.14983 0.3302
-1.14954 0.330484

-1.14954 0.330484
-1.14951 0.330505

-1.14951 0.330505
-1.14923 0.330774

-1.14923 0.330774
-1.14919 0.330811

-1.14919 0.330811
-1.14893 0.331063

-1.14893 0.331063
-1.14887 0.331116

-1.14887 0.331116
-1.14862 0.331352

-1.14862 0.331353
-1.14855 0.331421

-1.14855 0.331421
-1.14832 0.331642

-1.14832 0.331643
-1.14823 0.331726

-1.14823 0.331726
-1.14801 0.331931

-1.14801 0.331932
-1.14791 0.332031

-1.14791 0.332031
-1.14771 0.33222

-1.14771 0.332222
-1.14758 0.332336

-1.14758 0.332336
-1.1474 0.33251

-1.1474 0.332511
-1.14726 0.332642

-1.14726 0.332642
-1.14709 0.332799

-1.14709 0.3328
-1.14694 0.332947

-1.14694 0.332947
-1.14679 0.333088

-1.14679 0.333089
-1.14662 0.333252

-1.14662 0.333252
-1.14648 0.333377

-1.14648 0.333378
-1.14629 0.333557

-1.14629 0.333557
-1.14618 0.333666

-1.14618 0.333667
-1.14597 0.333862

-1.14597 0.333862
-1.14587 0.333954

-1.14587 0.333956
-1.14565 0.334167

-1.14565 0.334167
-1.14557 0.334243

-1.14557 0.334244
-1.14533 0.334473

-1.14533 0.334473
-1.14526 0.334531

-1.14526 0.334532
-1.145 0.334778

-1.145 0.334778
-1.14496 0.334819

-1.14496 0.33482
-1.14468 0.335083

-1.14468 0.335083
-1.14465 0.335108

-1.14465 0.335108
-1.14436 0.335388

-1.14436 0.335388
-1.14435 0.335396

-1.14435 0.335396
-1.14404 0.335684

-1.14404 0.335684
-1.14403 0.335693

-1.14403 0.335693
-1.14374 0.335971

-1.14374 0.335971
-1.14371 0.335999

-1.14371 0.335999
-1.14343 0.336259

-1.14343 0.336259
-1.14339 0.336304

-1.14339 0.336304
-1.14313 0.336546

-1.14313 0.336547
-1.14306 0.336609

-1.14306 0.336609
-1.14282 0.336833

-1.14282 0.336834
-1.14274 0.336914

-1.14274 0.336914
-1.14252 0.33712

-1.14252 0.337122
-1.14241 0.337219

-1.14241 0.337219
-1.14221 0.337408

-1.14221 0.337409
-1.14209 0.337524

-1.14209 0.337524
-1.14191 0.337695

-1.14191 0.337696
-1.14176 0.33783

-1.14176 0.33783
-1.1416 0.337982

-1.1416 0.337983
-1.14144 0.338135

-1.14144 0.338135
-1.1413 0.338269

-1.1413 0.33827
-1.14111 0.33844

-1.14111 0.33844
-1.14099 0.338556

-1.14099 0.338557
-1.14079 0.338745

-1.14079 0.338745
-1.14069 0.338842

-1.14069 0.338844
-1.14046 0.33905

-1.14046 0.33905
-1.14038 0.339129

-1.14038 0.33913
-1.14014 0.339355

-1.14014 0.339355
-1.14008 0.339415

-1.14008 0.339416
-1.13981 0.339661

-1.13981 0.339661
-1.13977 0.339702

-1.13977 0.339702
-1.13949 0.339966

-1.13949 0.339966
-1.13947 0.339988

-1.13947 0.339988
-1.13916 0.340271

-1.13916 0.340271
-1.13916 0.340274

-1.13916 0.340274
-1.13885 0.34056

-1.13885 0.34056
-1.13884 0.340576

-1.13884 0.340576
-1.13855 0.340846

-1.13855 0.340846
-1.13851 0.340881

-1.13851 0.340881
-1.13824 0.341132

-1.13824 0.341132
-1.13819 0.341187

-1.13819 0.341187
-1.13794 0.341417

-1.13794 0.341418
-1.13786 0.341492

-1.13786 0.341492
-1.13763 0.341702

-1.13763 0.341703
-1.13753 0.341797

-1.13753 0.341797
-1.13733 0.341987

-1.13733 0.341989
-1.13721 0.342102

-1.13721 0.342102
-1.13702 0.342272

-1.13702 0.342274
-1.13688 0.342407

-1.13688 0.342407
-1.13672 0.342558

-1.13672 0.342559
-1.13655 0.342712

-1.13655 0.342712
-1.13641 0.342843

-1.13641 0.342844
-1.13623 0.343018

-1.13623 0.343018
-1.13611 0.343128

-1.13611 0.34313
-1.1359 0.343323

-1.1359 0.343323
-1.1358 0.343413

-1.1358 0.343414
-1.13557 0.343628

-1.13557 0.343628
-1.1355 0.343697

-1.1355 0.343698
-1.13525 0.343933

-1.13525 0.343933
-1.13519 0.343982

-1.13519 0.343982
-1.13492 0.344238

-1.13492 0.344238
-1.13489 0.344267

-1.13489 0.344267
-1.13459 0.344543

-1.13459 0.344543
-1.13458 0.344551

-1.13458 0.344551
-1.13428 0.344835

-1.13428 0.344835
-1.13426 0.344849

-1.13426 0.344849
-1.13397 0.34512

-1.13397 0.34512
-1.13394 0.345154

-1.13394 0.345154
-1.13367 0.345403

-1.13367 0.345404
-1.13361 0.345459

-1.13361 0.345459
-1.13336 0.345687

-1.13336 0.345688
-1.13328 0.345764

-1.13328 0.345764
-1.13306 0.34597

-1.13306 0.345972
-1.13295 0.346069

-1.13295 0.346069
-1.13275 0.346254

-1.13275 0.346255
-1.13262 0.346375

-1.13262 0.346375
-1.13245 0.346538

-1.13245 0.346539
-1.13229 0.34668

-1.13229 0.34668
-1.13214 0.346821

-1.13214 0.346823
-1.13196 0.346985

-1.13197 0.346985
-1.13184 0.347105

-1.13184 0.347106
-1.13164 0.34729

-1.13164 0.34729
-1.13153 0.347388

-1.13153 0.347389
-1.13131 0.347595

-1.13131 0.347595
-1.13123 0.347671

-1.13123 0.347672
-1.13098 0.3479

-1.13098 0.3479
-1.13092 0.347954

-1.13092 0.347954
-1.13065 0.348206

-1.13065 0.348206
-1.13062 0.348237

-1.13062 0.348237
-1.13032 0.348511

-1.13032 0.348511
-1.13031 0.34852

-1.13031 0.34852
-1.13 0.348803

-1.13 0.348803
-1.12999 0.348816

-1.12999 0.348816
-1.1297 0.349085

-1.1297 0.349085
-1.12966 0.349121

-1.12966 0.349121
-1.12939 0.349368

-1.12939 0.349368
-1.12933 0.349426

-1.12933 0.349426
-1.12909 0.34965

-1.12909 0.34965
-1.129 0.349731

-1.129 0.349731
-1.12878 0.349931

-1.12878 0.349933
-1.12867 0.350037

-1.12867 0.350037
-1.12848 0.350213

-1.12848 0.350215
-1.12834 0.350342

-1.12834 0.350342
-1.12817 0.350495

-1.12817 0.350497
-1.12801 0.350647

-1.12801 0.350647
-1.12787 0.350777

-1.12787 0.350779
-1.12768 0.350952

-1.12768 0.350952
-1.12756 0.351059

-1.12756 0.351061
-1.12735 0.351257

-1.12735 0.351257
-1.12726 0.351341

-1.12726 0.351342
-1.12702 0.351562

-1.12702 0.351562
-1.12695 0.351623

-1.12695 0.351623
-1.12669 0.351868

-1.12669 0.351868
-1.12665 0.351904

-1.12665 0.351905
-1.12636 0.352173

-1.12636 0.352173
-1.12634 0.352185

-1.12634 0.352186
-1.12604 0.352467

-1.12604 0.352467
-1.12603 0.352478

-1.12603 0.352478
-1.12573 0.352748

-1.12573 0.352748
-1.12569 0.352783

-1.12569 0.352783
-1.12543 0.353029

-1.12543 0.353029
-1.12536 0.353088

-1.12536 0.353088
-1.12512 0.35331

-1.12512 0.35331
-1.12503 0.353394

-1.12503 0.353394
-1.12482 0.35359

-1.12482 0.353591
-1.1247 0.353699

-1.1247 0.353699
-1.12451 0.35387

-1.12451 0.353872
-1.12437 0.354004

-1.12437 0.354004
-1.12421 0.354151

-1.12421 0.354153
-1.12404 0.354309

-1.12404 0.354309
-1.1239 0.354432

-1.1239 0.354434
-1.1237 0.354614

-1.1237 0.354614
-1.1236 0.354712

-1.1236 0.354714
-1.12337 0.354919

-1.12337 0.354919
-1.12329 0.354993

-1.12329 0.354993
-1.12304 0.355225

-1.12304 0.355225
-1.12299 0.355273

-1.12299 0.355273
-1.12271 0.35553

-1.12271 0.35553
-1.12268 0.355553

-1.12268 0.355553
-1.12238 0.355833

-1.12238 0.355833
-1.12237 0.355835

-1.12237 0.355835
-1.12207 0.356113

-1.12207 0.356113
-1.12204 0.35614

-1.12204 0.35614
-1.12177 0.356393

-1.12177 0.356393
-1.12171 0.356445

-1.12171 0.356445
-1.12146 0.356672

-1.12146 0.356672
-1.12137 0.35675

-1.12138 0.35675
-1.12115 0.356951

-1.12115 0.356952
-1.12104 0.357056

-1.12104 0.357056
-1.12085 0.35723

-1.12085 0.357232
-1.12071 0.357361

-1.12071 0.357361
-1.12054 0.357509

-1.12054 0.357511
-1.12037 0.357666

-1.12037 0.357666
-1.12024 0.357789

-1.12024 0.357791
-1.12004 0.357971

-1.12004 0.357971
-1.11993 0.358068

-1.11993 0.358069
-1.11971 0.358276

-1.11971 0.358276
-1.11963 0.358347

-1.11963 0.358348
-1.11937 0.358582

-1.11937 0.358582
-1.11932 0.358626

-1.11932 0.358626
-1.11904 0.358887

-1.11904 0.358887
-1.11902 0.358905

-1.11902 0.358905
-1.11871 0.359184

-1.11871 0.359184
-1.1187 0.359192

-1.1187 0.359192
-1.11841 0.359462

-1.11841 0.359462
-1.11837 0.359497

-1.11837 0.359497
-1.1181 0.35974

-1.1181 0.359741
-1.11804 0.359802

-1.11804 0.359802
-1.1178 0.360018

-1.1178 0.360019
-1.1177 0.360107

-1.1177 0.360107
-1.11749 0.360296

-1.11749 0.360298
-1.11737 0.360413

-1.11737 0.360413
-1.11719 0.360574

-1.11719 0.360576
-1.11703 0.360718

-1.11703 0.360718
-1.11688 0.360852

-1.11688 0.360854
-1.11669 0.361023

-1.1167 0.361023
-1.11658 0.36113

-1.11658 0.361132
-1.11636 0.361328

-1.11636 0.361328
-1.11627 0.361408

-1.11627 0.361409
-1.11602 0.361633

-1.11602 0.361633
-1.11597 0.361686

-1.11597 0.361686
-1.11569 0.361938

-1.11569 0.361938
-1.11566 0.361964

-1.11566 0.361964
-1.11536 0.362241

-1.11536 0.362241
-1.11535 0.362244

-1.11535 0.362244
-1.11505 0.362519

-1.11505 0.362519
-1.11502 0.362549

-1.11502 0.362549
-1.11475 0.362796

-1.11475 0.362796
-1.11468 0.362854

-1.11468 0.362854
-1.11444 0.363073

-1.11444 0.363073
-1.11435 0.363159

-1.11435 0.363159
-1.11414 0.363349

-1.11414 0.363351
-1.11401 0.363464

-1.11401 0.363464
-1.11383 0.363626

-1.11383 0.363628
-1.11367 0.36377

-1.11367 0.36377
-1.11353 0.363903

-1.11353 0.363905
-1.11334 0.364075

-1.11334 0.364075
-1.11322 0.36418

-1.11322 0.364182
-1.113 0.36438

-1.113 0.36438
-1.11292 0.364457

-1.11292 0.364458
-1.11266 0.364685

-1.11266 0.364685
-1.11261 0.364733

-1.11261 0.364734
-1.11233 0.36499

-1.11233 0.36499
-1.1123 0.36501

-1.1123 0.36501
-1.112 0.365287

-1.112 0.365287
-1.11199 0.365295

-1.11199 0.365295
-1.11169 0.365563

-1.11169 0.365563
-1.11165 0.365601

-1.11165 0.365601
-1.11139 0.365839

-1.11139 0.365839
-1.11132 0.365906

-1.11132 0.365906
-1.11108 0.366115

-1.11108 0.366116
-1.11098 0.366211

-1.11098 0.366211
-1.11078 0.36639

-1.11078 0.366392
-1.11064 0.366516

-1.11064 0.366516
-1.11047 0.366666

-1.11047 0.366668
-1.1103 0.366821

-1.1103 0.366821
-1.11017 0.366942

-1.11017 0.366944
-1.10996 0.367126

-1.10996 0.367126
-1.10986 0.367218

-1.10986 0.367219
-1.10963 0.367432

-1.10963 0.367432
-1.10956 0.367493

-1.10956 0.367494
-1.10929 0.367737

-1.10929 0.367737
-1.10925 0.367769

-1.10925 0.367769
-1.10895 0.368042

-1.10895 0.368042
-1.10895 0.368044

-1.10895 0.368044
-1.10864 0.36832

-1.10864 0.36832
-1.10861 0.368347

-1.10861 0.368347
-1.10834 0.368595

-1.10834 0.368595
-1.10827 0.368652

-1.10827 0.368652
-1.10803 0.368869

-1.10803 0.36887
-1.10793 0.368958

-1.10794 0.368958
-1.10773 0.369144

-1.10773 0.369145
-1.1076 0.369263

-1.1076 0.369263
-1.10742 0.369418

-1.10742 0.369421
-1.10726 0.369568

-1.10726 0.369568
-1.10712 0.369693

-1.10712 0.369696
-1.10692 0.369873

-1.10692 0.369873
-1.10681 0.369968

-1.10681 0.369969
-1.10658 0.370178

-1.10658 0.370178
-1.10651 0.370243

-1.10651 0.370243
-1.10624 0.370483

-1.10624 0.370483
-1.1062 0.370517

-1.1062 0.370518
-1.1059 0.370789

-1.1059 0.370789
-1.1059 0.370792

-1.1059 0.370792
-1.10559 0.371066

-1.10559 0.371066
-1.10556 0.371094

-1.10556 0.371094
-1.10529 0.37134

-1.10529 0.37134
-1.10522 0.371399

-1.10522 0.371399
-1.10498 0.371614

-1.10498 0.371615
-1.10488 0.371704

-1.10488 0.371704
-1.10468 0.371887

-1.10468 0.371889
-1.10454 0.372009

-1.10454 0.372009
-1.10437 0.372161

-1.10437 0.372163
-1.1042 0.372314

-1.1042 0.372314
-1.10406 0.372435

-1.10406 0.372437
-1.10386 0.37262

-1.10386 0.37262
-1.10376 0.372709

-1.10376 0.37271
-1.10352 0.372925

-1.10352 0.372925
-1.10345 0.372982

-1.10345 0.372983
-1.10318 0.37323

-1.10318 0.37323
-1.10315 0.373256

-1.10315 0.373256
-1.10284 0.37353

-1.10284 0.37353
-1.10284 0.373535

-1.10284 0.373535
-1.10254 0.373803

-1.10254 0.373803
-1.1025 0.37384

-1.1025 0.37384
-1.10223 0.374076

-1.10223 0.374076
-1.10216 0.374146

-1.10216 0.374146
-1.10193 0.374349

-1.10193 0.37435
-1.10182 0.374451

-1.10182 0.374451
-1.10162 0.374621

-1.10162 0.374623
-1.10147 0.374756

-1.10147 0.374756
-1.10132 0.374894

-1.10132 0.374896
-1.10113 0.375061

-1.10113 0.375061
-1.10101 0.375167

-1.10101 0.375168
-1.10079 0.375366

-1.10079 0.375366
-1.10071 0.37544

-1.10071 0.37544
-1.10045 0.375671

-1.10045 0.375671
-1.1004 0.375712

-1.1004 0.375713
-1.10011 0.375977

-1.10011 0.375977
-1.1001 0.375985

-1.1001 0.375985
-1.09979 0.376258

-1.09979 0.376258
-1.09977 0.376282

-1.09977 0.376282
-1.09949 0.37653

-1.09949 0.37653
-1.09942 0.376587

-1.09942 0.376587
-1.09918 0.376802

-1.09918 0.376802
-1.09908 0.376892

-1.09908 0.376892
-1.09888 0.377073

-1.09888 0.377075
-1.09874 0.377197

-1.09874 0.377197
-1.09857 0.377345

-1.09857 0.377347
-1.0984 0.377502

-1.0984 0.377502
-1.09827 0.377617

-1.09827 0.377619
-1.09805 0.377808

-1.09805 0.377808
-1.09796 0.377889

-1.09796 0.37789
-1.09771 0.378113

-1.09771 0.378113
-1.09766 0.378161

-1.09766 0.378161
-1.09737 0.378418

-1.09737 0.378418
-1.09735 0.378433

-1.09735 0.378433
-1.09705 0.378705

-1.09705 0.378705
-1.09702 0.378723

-1.09702 0.378723
-1.09674 0.378976

-1.09674 0.378976
-1.09668 0.379028

-1.09668 0.379028
-1.09644 0.379247

-1.09644 0.379248
-1.09634 0.379333

-1.09634 0.379333
-1.09613 0.379518

-1.09613 0.379519
-1.09599 0.379639

-1.096 0.379639
-1.09583 0.379788

-1.09583 0.379791
-1.09565 0.379944

-1.09565 0.379944
-1.09552 0.38006

-1.09552 0.380061
-1.09531 0.380249

-1.09531 0.380249
-1.09521 0.380331

-1.09521 0.380332
-1.09496 0.380554

-1.09496 0.380554
-1.09491 0.380602

-1.09491 0.380602
-1.09462 0.380859

-1.09462 0.380859
-1.0946 0.380873

-1.0946 0.380873
-1.0943 0.381144

-1.0943 0.381144
-1.09428 0.381165

-1.09428 0.381165
-1.09399 0.381414

-1.09399 0.381414
-1.09393 0.38147

-1.09393 0.38147
-1.09369 0.381685

-1.09369 0.381685
-1.09359 0.381775

-1.09359 0.381775
-1.09338 0.381954

-1.09338 0.381956
-1.09324 0.38208

-1.09324 0.38208
-1.09308 0.382224

-1.09308 0.382227
-1.0929 0.382385

-1.0929 0.382385
-1.09277 0.382495

-1.09277 0.382496
-1.09255 0.38269

-1.09255 0.38269
-1.09247 0.382765

-1.09247 0.382766
-1.09221 0.382996

-1.09221 0.382996
-1.09216 0.383035

-1.09216 0.383036
-1.09186 0.383301

-1.09186 0.383301
-1.09186 0.383305

-1.09186 0.383305
-1.09155 0.383575

-1.09155 0.383575
-1.09152 0.383606

-1.09152 0.383606
-1.09125 0.383845

-1.09125 0.383845
-1.09117 0.383911

-1.09117 0.383911
-1.09094 0.384114

-1.09094 0.384115
-1.09083 0.384216

-1.09083 0.384216
-1.09064 0.384383

-1.09064 0.384385
-1.09048 0.384521

-1.09048 0.384521
-1.09033 0.384652

-1.09033 0.384655
-1.09013 0.384827

-1.09014 0.384827
-1.09003 0.384922

-1.09003 0.384923
-1.08979 0.385132

-1.08979 0.385132
-1.08972 0.385192

-1.08972 0.385192
-1.08944 0.385437

-1.08944 0.385437
-1.08942 0.385461

-1.08942 0.385461
-1.08911 0.38573

-1.08911 0.38573
-1.0891 0.385742

-1.0891 0.385742
-1.08881 0.385999

-1.08881 0.385999
-1.08875 0.386047

-1.08875 0.386047
-1.0885 0.386268

-1.0885 0.386268
-1.08841 0.386353

-1.08841 0.386353
-1.0882 0.386536

-1.0882 0.386538
-1.08806 0.386658

-1.08806 0.386658
-1.08789 0.386804

-1.08789 0.386807
-1.08771 0.386963

-1.08771 0.386963
-1.08759 0.387073

-1.08759 0.387075
-1.08736 0.387268

-1.08736 0.387268
-1.08728 0.387342

-1.08728 0.387343
-1.08702 0.387573

-1.08702 0.387573
-1.08698 0.387611

-1.08698 0.387611
-1.08667 0.387878

-1.08667 0.387878
-1.08667 0.387879

-1.08667 0.387879
-1.08636 0.388148

-1.08636 0.388148
-1.08632 0.388184

-1.08632 0.388184
-1.08606 0.388416

-1.08606 0.388416
-1.08598 0.388489

-1.08598 0.388489
-1.08575 0.388684

-1.08575 0.388685
-1.08563 0.388794

-1.08563 0.388794
-1.08545 0.388951

-1.08545 0.388953
-1.08528 0.389099

-1.08528 0.389099
-1.08514 0.389219

-1.08514 0.389221
-1.08493 0.389404

-1.08493 0.389404
-1.08484 0.389487

-1.08484 0.389488
-1.08459 0.389709

-1.08459 0.389709
-1.08453 0.389755

-1.08453 0.389755
-1.08424 0.390015

-1.08424 0.390015
-1.08423 0.390022

-1.08423 0.390023
-1.08392 0.39029

-1.08392 0.39029
-1.08389 0.39032

-1.08389 0.39032
-1.08362 0.390558

-1.08362 0.390558
-1.08354 0.390625

-1.08354 0.390625
-1.08331 0.390825

-1.08331 0.390826
-1.08319 0.39093

-1.08319 0.39093
-1.08301 0.391091

-1.08301 0.391094
-1.08284 0.391235

-1.08285 0.391235
-1.0827 0.391359

-1.0827 0.391361
-1.0825 0.391541

-1.0825 0.391541
-1.0824 0.391626

-1.0824 0.391627
-1.08215 0.391846

-1.08215 0.391846
-1.08209 0.391893

-1.08209 0.391894
-1.0818 0.392151

-1.0818 0.392151
-1.08179 0.39216

-1.08179 0.392161
-1.08148 0.392428

-1.08148 0.392428
-1.08145 0.392456

-1.08145 0.392456
-1.08118 0.392694

-1.08118 0.392694
-1.0811 0.392761

-1.0811 0.392761
-1.08087 0.392961

-1.08087 0.392962
-1.08075 0.393066

-1.08075 0.393066
-1.08057 0.393226

-1.08057 0.393229
-1.0804 0.393372

-1.0804 0.393372
-1.08026 0.393493

-1.08026 0.393495
-1.08005 0.393677

-1.08005 0.393677
-1.07996 0.39376

-1.07996 0.39376
-1.0797 0.393982

-1.0797 0.393982
-1.07965 0.394026

-1.07965 0.394027
-1.07935 0.394287

-1.07935 0.394287
-1.07935 0.394292

-1.07935 0.394293
-1.07904 0.394559

-1.07904 0.394559
-1.079 0.394592

-1.079 0.394592
-1.07874 0.394825

-1.07874 0.394825
-1.07865 0.394897

-1.07865 0.394897
-1.07843 0.395091

-1.07843 0.395092
-1.0783 0.395203

-1.0783 0.395203
-1.07812 0.395355

-1.07812 0.395358
-1.07795 0.395508

-1.07795 0.395508
-1.07782 0.395622

-1.07782 0.395623
-1.0776 0.395813

-1.0776 0.395813
-1.07751 0.395888

-1.07751 0.395888
-1.07725 0.396118

-1.07725 0.396118
-1.07721 0.396153

-1.07721 0.396154
-1.0769 0.39642

-1.0769 0.39642
-1.0769 0.396423

-1.0769 0.396423
-1.0766 0.396685

-1.0766 0.396685
-1.07655 0.396729

-1.07655 0.396729
-1.07629 0.39695

-1.07629 0.396951
-1.0762 0.397034

-1.0762 0.397034
-1.07599 0.397215

-1.07599 0.397217
-1.07585 0.397339

-1.07585 0.397339
-1.07568 0.39748

-1.07568 0.397482
-1.07549 0.397644

-1.0755 0.397644
-1.07538 0.397745

-1.07538 0.397746
-1.07514 0.397949

-1.07514 0.397949
-1.07507 0.39801

-1.07507 0.398011
-1.07479 0.398254

-1.07479 0.398254
-1.07477 0.398275

-1.07477 0.398276
-1.07446 0.398541

-1.07446 0.398541
-1.07444 0.39856

-1.07444 0.39856
-1.07416 0.398806

-1.07416 0.398806
-1.07409 0.398865

-1.07409 0.398865
-1.07385 0.39907

-1.07385 0.399071
-1.07374 0.39917

-1.07374 0.39917
-1.07355 0.399334

-1.07355 0.399336
-1.07338 0.399475

-1.07339 0.399475
-1.07324 0.399598

-1.07324 0.3996
-1.07303 0.39978

-1.07303 0.39978
-1.07294 0.399863

-1.07294 0.399864
-1.07268 0.400085

-1.07268 0.400085
-1.07263 0.400128

-1.07263 0.400128
-1.07233 0.400391

-1.07233 0.400391
-1.07233 0.400392

-1.07233 0.400393
-1.07202 0.400657

-1.07202 0.400657
-1.07198 0.400696

-1.07198 0.400696
-1.07172 0.400921

-1.07172 0.400921
-1.07162 0.401001

-1.07162 0.401001
-1.07141 0.401184

-1.07141 0.401186
-1.07127 0.401306

-1.07127 0.401306
-1.07111 0.401448

-1.07111 0.40145
-1.07092 0.401611

-1.07092 0.401611
-1.0708 0.401712

-1.0708 0.401713
-1.07057 0.401917

-1.07056 0.401917
-1.0705 0.401976

-1.0705 0.401977
-1.07021 0.402222

-1.07021 0.402222
-1.07019 0.40224

-1.07019 0.40224
-1.06989 0.402504

-1.06989 0.402504
-1.06986 0.402527

-1.06986 0.402527
-1.06958 0.402768

-1.06958 0.402768
-1.06951 0.402832

-1.06951 0.402832
-1.06927 0.403031

-1.06927 0.403032
-1.06915 0.403137

-1.06915 0.403137
-1.06897 0.403293

-1.06897 0.403296
-1.0688 0.403442

-1.0688 0.403442
-1.06866 0.403557

-1.06866 0.403558
-1.06844 0.403748

-1.06844 0.403748
-1.06836 0.40382

-1.06836 0.403821
-1.06809 0.404053

-1.06809 0.404053
-1.06805 0.404084

-1.06805 0.404084
-1.06775 0.404347

-1.06775 0.404347
-1.06774 0.404358

-1.06774 0.404358
-1.06744 0.40461

-1.06744 0.40461
-1.06738 0.404663

-1.06738 0.404663
-1.06714 0.404873

-1.06714 0.404874
-1.06703 0.404968

-1.06703 0.404968
-1.06683 0.405135

-1.06683 0.405138
-1.06667 0.405273

-1.06667 0.405273
-1.06653 0.405398

-1.06653 0.4054
-1.06632 0.405579

-1.06632 0.405579
-1.06622 0.405661

-1.06622 0.405662
-1.06597 0.405884

-1.06596 0.405884
-1.06592 0.405924

-1.06592 0.405924
-1.06561 0.406187

-1.06561 0.406187
-1.06561 0.406189

-1.06561 0.406189
-1.06531 0.406449

-1.06531 0.406449
-1.06526 0.406494

-1.06526 0.406494
-1.065 0.406712

-1.065 0.406712
-1.0649 0.406799

-1.0649 0.406799
-1.0647 0.406973

-1.0647 0.406975
-1.06454 0.407104

-1.06455 0.407104
-1.06439 0.407235

-1.06439 0.407237
-1.06419 0.40741

-1.06419 0.40741
-1.06409 0.407498

-1.06409 0.407499
-1.06384 0.407715

-1.06383 0.407715
-1.06378 0.40776

-1.06378 0.407761
-1.06348 0.40802

-1.06348 0.40802
-1.06348 0.408022

-1.06348 0.408023
-1.06317 0.408285

-1.06317 0.408285
-1.06312 0.408325

-1.06312 0.408325
-1.06287 0.408547

-1.06287 0.408547
-1.06277 0.40863

-1.06277 0.40863
-1.06256 0.408808

-1.06256 0.408809
-1.06241 0.408936

-1.06241 0.408936
-1.06226 0.409069

-1.06226 0.409071
-1.06206 0.409241

-1.06206 0.409241
-1.06195 0.409331

-1.06195 0.409332
-1.0617 0.409546

-1.0617 0.409546
-1.06165 0.409593

-1.06165 0.409593
-1.06134 0.409851

-1.06134 0.409851
-1.06134 0.409854

-1.06134 0.409855
-1.06104 0.410116

-1.06104 0.410116
-1.06099 0.410156

-1.06099 0.410156
-1.06073 0.410378

-1.06073 0.410378
-1.06063 0.410461

-1.06063 0.410461
-1.06042 0.410638

-1.06042 0.41064
-1.06027 0.410767

-1.06028 0.410767
-1.06012 0.410899

-1.06012 0.410901
-1.05992 0.411072

-1.05992 0.411072
-1.05981 0.41116

-1.05981 0.411161
-1.05956 0.411377

-1.05956 0.411377
-1.05951 0.411422

-1.05951 0.411422
-1.05921 0.411682

-1.0592 0.411682
-1.0592 0.411683

-1.0592 0.411683
-1.0589 0.411944

-1.0589 0.411944
-1.05885 0.411987

-1.05885 0.411987
-1.05859 0.412205

-1.05859 0.412205
-1.05849 0.412292

-1.05849 0.412292
-1.05829 0.412465

-1.05829 0.412467
-1.05813 0.412598

-1.05813 0.412598
-1.05798 0.412725

-1.05798 0.412727
-1.05778 0.412903

-1.05778 0.412903
-1.05768 0.412986

-1.05768 0.412987
-1.05742 0.413208

-1.05742 0.413208
-1.05737 0.413247

-1.05737 0.413248
-1.05707 0.413508

-1.05707 0.413508
-1.05706 0.413513

-1.05706 0.413513
-1.05676 0.413768

-1.05676 0.413768
-1.0567 0.413818

-1.0567 0.413818
-1.05646 0.414029

-1.05646 0.414029
-1.05635 0.414124

-1.05635 0.414124
-1.05615 0.414288

-1.05615 0.41429
-1.05599 0.414429

-1.05599 0.414429
-1.05585 0.414548

-1.05585 0.41455
-1.05563 0.414734

-1.05563 0.414734
-1.05554 0.414809

-1.05554 0.414809
-1.05527 0.415039

-1.05527 0.415039
-1.05524 0.415069

-1.05524 0.415069
-1.05493 0.415329

-1.05493 0.415329
-1.05491 0.415344

-1.05491 0.415344
-1.05463 0.415589

-1.05463 0.415589
-1.05456 0.415649

-1.05456 0.415649
-1.05432 0.415849

-1.05432 0.41585
-1.0542 0.415955

-1.0542 0.415955
-1.05402 0.416108

-1.05402 0.41611
-1.05384 0.41626

-1.05384 0.41626
-1.05371 0.416367

-1.05371 0.416369
-1.05348 0.416565

-1.05348 0.416565
-1.05341 0.416627

-1.05341 0.416628
-1.05312 0.41687

-1.05312 0.41687
-1.0531 0.416887

-1.0531 0.416888
-1.0528 0.417147

-1.0528 0.417147
-1.05276 0.417175

-1.05276 0.417175
-1.05249 0.417407

-1.05249 0.417407
-1.0524 0.41748

-1.0524 0.41748
-1.05219 0.417666

-1.05219 0.417667
-1.05204 0.417786

-1.05205 0.417786
-1.05188 0.417924

-1.05188 0.417926
-1.05168 0.418091

-1.05168 0.418091
-1.05157 0.418183

-1.05157 0.418184
-1.05133 0.418396

-1.05132 0.418396
-1.05127 0.418443

-1.05127 0.418443
-1.05097 0.418701

-1.05097 0.418701
-1.05096 0.418702

-1.05096 0.418702
-1.05066 0.418961

-1.05066 0.418962
-1.05061 0.419006

-1.05061 0.419006
-1.05035 0.41922

-1.05035 0.419221
-1.05025 0.419312

-1.05025 0.419312
-1.05005 0.419479

-1.05005 0.419481
-1.04989 0.419617

-1.04989 0.419617
-1.04974 0.419737

-1.04974 0.419739
-1.04953 0.419922

-1.04953 0.419922
-1.04944 0.419996

-1.04944 0.419997
-1.04917 0.420227

-1.04917 0.420227
-1.04913 0.420255

-1.04913 0.420255
-1.04883 0.420514

-1.04883 0.420514
-1.04881 0.420532

-1.04881 0.420532
-1.04852 0.420772

-1.04852 0.420773
-1.04845 0.420837

-1.04845 0.420837
-1.04822 0.421031

-1.04822 0.421032
-1.04809 0.421143

-1.04809 0.421143
-1.04791 0.421288

-1.04791 0.42129
-1.04772 0.421448

-1.04773 0.421448
-1.04761 0.421547

-1.04761 0.421548
-1.04736 0.421753

-1.04736 0.421753
-1.0473 0.421805

-1.0473 0.421806
-1.047 0.422058

-1.047 0.422058
-1.047 0.422063

-1.047 0.422064
-1.04669 0.422322

-1.04669 0.422322
-1.04664 0.422363

-1.04664 0.422363
-1.04639 0.42258

-1.04639 0.422581
-1.04628 0.422668

-1.04628 0.422668
-1.04608 0.422838

-1.04608 0.422839
-1.04592 0.422974

-1.04592 0.422974
-1.04578 0.423095

-1.04578 0.423096
-1.04556 0.423279

-1.04556 0.423279
-1.04547 0.423353

-1.04547 0.423354
-1.0452 0.423584

-1.0452 0.423584
-1.04517 0.423611

-1.04517 0.423612
-1.04486 0.423869

-1.04486 0.423869
-1.04484 0.423889

-1.04484 0.423889
-1.04456 0.424127

-1.04456 0.424127
-1.04448 0.424194

-1.04448 0.424194
-1.04425 0.424384

-1.04425 0.424385
-1.04411 0.4245

-1.04412 0.4245
-1.04395 0.424641

-1.04395 0.424643
-1.04375 0.424805

-1.04375 0.424805
-1.04364 0.424898

-1.04364 0.4249
-1.04339 0.42511

-1.04339 0.42511
-1.04333 0.425156

-1.04333 0.425157
-1.04303 0.425414

-1.04303 0.425414
-1.04303 0.425415

-1.04303 0.425415
-1.04272 0.425671

-1.04272 0.425671
-1.04267 0.42572

-1.04267 0.42572
-1.04242 0.425928

-1.04242 0.425929
-1.0423 0.426025

-1.04231 0.426025
-1.04211 0.426185

-1.04211 0.426187
-1.04194 0.426331

-1.04194 0.426331
-1.04181 0.426442

-1.04181 0.426443
-1.04158 0.426636

-1.04158 0.426636
-1.0415 0.426699

-1.0415 0.4267
-1.04122 0.426941

-1.04122 0.426941
-1.0412 0.426956

-1.0412 0.426957
-1.04089 0.427213

-1.04089 0.427213
-1.04085 0.427246

-1.04085 0.427246
-1.04059 0.42747

-1.04059 0.42747
-1.04049 0.427551

-1.04049 0.427551
-1.04028 0.427726

-1.04028 0.427728
-1.04013 0.427856

-1.04013 0.427856
-1.03998 0.427982

-1.03998 0.427984
-1.03977 0.428162

-1.03977 0.428162
-1.03967 0.428239

-1.03967 0.42824
-1.0394 0.428467

-1.0394 0.428467
-1.03937 0.428496

-1.03937 0.428497
-1.03906 0.428753

-1.03906 0.428753
-1.03904 0.428772

-1.03904 0.428772
-1.03876 0.429009

-1.03876 0.42901
-1.03868 0.429077

-1.03868 0.429077
-1.03845 0.429266

-1.03845 0.429267
-1.03831 0.429382

-1.03831 0.429382
-1.03815 0.429521

-1.03815 0.429523
-1.03795 0.429688

-1.03795 0.429688
-1.03784 0.429777

-1.03784 0.429778
-1.03759 0.429993

-1.03759 0.429993
-1.03754 0.430034

-1.03754 0.430034
-1.03723 0.43029

-1.03723 0.43029
-1.03722 0.430298

-1.03722 0.430298
-1.03693 0.430547

-1.03693 0.430547
-1.03686 0.430603

-1.03686 0.430603
-1.03662 0.430802

-1.03662 0.430803
-1.03649 0.430908

-1.0365 0.430908
-1.03632 0.431057

-1.03632 0.431059
-1.03613 0.431213

-1.03613 0.431213
-1.03601 0.431313

-1.03601 0.431314
-1.03577 0.431519

-1.03577 0.431519
-1.03571 0.431569

-1.03571 0.43157
-1.0354 0.431824

-1.0354 0.431824
-1.0354 0.431825

-1.0354 0.431826
-1.0351 0.432081

-1.0351 0.432081
-1.03504 0.432129

-1.03504 0.432129
-1.03479 0.432337

-1.03479 0.432337
-1.03467 0.432434

-1.03467 0.432434
-1.03448 0.432592

-1.03448 0.432594
-1.03431 0.432739

-1.03431 0.432739
-1.03418 0.432847

-1.03418 0.432848
-1.03394 0.433044

-1.03394 0.433044
-1.03387 0.433102

-1.03387 0.433103
-1.03358 0.43335

-1.03358 0.43335
-1.03357 0.433358

-1.03357 0.433359
-1.03326 0.433614

-1.03326 0.433614
-1.03322 0.433655

-1.03322 0.433655
-1.03296 0.433869

-1.03296 0.43387
-1.03285 0.43396

-1.03285 0.43396
-1.03265 0.434124

-1.03265 0.434126
-1.03248 0.434265

-1.03249 0.434265
-1.03235 0.434378

-1.03235 0.43438
-1.03212 0.43457

-1.03212 0.43457
-1.03204 0.434633

-1.03204 0.434634
-1.03175 0.434875

-1.03175 0.434875
-1.03174 0.434889

-1.03174 0.434889
-1.03143 0.435144

-1.03143 0.435144
-1.03139 0.435181

-1.03139 0.435181
-1.03113 0.435399

-1.03113 0.435399
-1.03102 0.435486

-1.03102 0.435486
-1.03082 0.435653

-1.03082 0.435655
-1.03066 0.435791

-1.03066 0.435791
-1.03052 0.435907

-1.03052 0.435909
-1.03029 0.436096

-1.03029 0.436096
-1.03021 0.436162

-1.03021 0.436163
-1.02993 0.436401

-1.02993 0.436401
-1.02991 0.436417

-1.02991 0.436418
-1.0296 0.436672

-1.0296 0.436672
-1.02956 0.436707

-1.02956 0.436707
-1.0293 0.436927

-1.0293 0.436927
-1.02919 0.437012

-1.0292 0.437012
-1.02899 0.437181

-1.02899 0.437183
-1.02883 0.437317

-1.02883 0.437317
-1.02869 0.437434

-1.02869 0.437436
-1.02846 0.437622

-1.02846 0.437622
-1.02838 0.437689

-1.02838 0.43769
-1.0281 0.437927

-1.0281 0.437927
-1.02808 0.437943

-1.02808 0.437944
-1.02777 0.438198

-1.02777 0.438198
-1.02773 0.438232

-1.02773 0.438232
-1.02747 0.438452

-1.02747 0.438453
-1.02736 0.438538

-1.02736 0.438538
-1.02716 0.438706

-1.02716 0.438708
-1.027 0.438843

-1.027 0.438843
-1.02686 0.438959

-1.02686 0.438961
-1.02663 0.439148

-1.02663 0.439148
-1.02655 0.439214

-1.02655 0.439215
-1.02626 0.439453

-1.02626 0.439453
-1.02625 0.439468

-1.02625 0.439468
-1.02594 0.439722

-1.02594 0.439722
-1.0259 0.439758

-1.0259 0.439758
-1.02563 0.439976

-1.02563 0.439976
-1.02553 0.440063

-1.02553 0.440063
-1.02533 0.440229

-1.02533 0.440231
-1.02516 0.440369

-1.02516 0.440369
-1.02502 0.440482

-1.02502 0.440484
-1.0248 0.440674

-1.02479 0.440674
-1.02472 0.440736

-1.02472 0.440737
-1.02443 0.440979

-1.02443 0.440979
-1.02441 0.44099

-1.02441 0.440991
-1.02411 0.441244

-1.02411 0.441244
-1.02406 0.441284

-1.02406 0.441284
-1.0238 0.441497

-1.0238 0.441498
-1.02369 0.441589

-1.02369 0.441589
-1.0235 0.44175

-1.0235 0.441752
-1.02332 0.441895

-1.02333 0.441895
-1.02319 0.442003

-1.02319 0.442004
-1.02296 0.4422

-1.02296 0.4422
-1.02289 0.442257

-1.02289 0.442257
-1.02259 0.442505

-1.02259 0.442505
-1.02258 0.44251

-1.02258 0.442511
-1.02228 0.442764

-1.02228 0.442764
-1.02222 0.44281

-1.02222 0.44281
-1.02197 0.443017

-1.02197 0.443017
-1.02185 0.443115

-1.02185 0.443115
-1.02167 0.443269

-1.02167 0.443271
-1.02149 0.44342

-1.02149 0.44342
-1.02136 0.443522

-1.02136 0.443523
-1.02112 0.443726

-1.02112 0.443726
-1.02106 0.443775

-1.02106 0.443776
-1.02075 0.444029

-1.02075 0.444029
-1.02075 0.444031

-1.02075 0.444031
-1.02045 0.444281

-1.02045 0.444282
-1.02038 0.444336

-1.02038 0.444336
-1.02014 0.444534

-1.02014 0.444535
-1.02001 0.444641

-1.02001 0.444641
-1.01984 0.444786

-1.01984 0.444788
-1.01964 0.444946

-1.01964 0.444946
-1.01953 0.445039

-1.01953 0.44504
-1.01928 0.445251

-1.01927 0.445251
-1.01923 0.445291

-1.01923 0.445292
-1.01892 0.445545

-1.01892 0.445545
-1.01891 0.445557

-1.01891 0.445557
-1.01862 0.445797

-1.01862 0.445797
-1.01854 0.445862

-1.01854 0.445862
-1.01831 0.44605

-1.01831 0.446051
-1.01817 0.446167

-1.01817 0.446167
-1.01801 0.446301

-1.01801 0.446303
-1.0178 0.446472

-1.0178 0.446472
-1.0177 0.446553

-1.0177 0.446554
-1.01743 0.446777

-1.01743 0.446777
-1.0174 0.446806

-1.0174 0.446807
-1.01709 0.447059

-1.01709 0.447059
-1.01706 0.447083

-1.01706 0.447083
-1.01678 0.447311

-1.01678 0.447311
-1.01669 0.447388

-1.01669 0.447388
-1.01648 0.447563

-1.01648 0.447564
-1.01632 0.447693

-1.01632 0.447693
-1.01617 0.447814

-1.01617 0.447815
-1.01595 0.447998

-1.01595 0.447998
-1.01587 0.448066

-1.01587 0.448067
-1.01558 0.448303

-1.01558 0.448303
-1.01556 0.448318

-1.01556 0.448319
-1.01526 0.448571

-1.01526 0.448571
-1.01521 0.448608

-1.01521 0.448608
-1.01495 0.448823

-1.01495 0.448823
-1.01484 0.448914

-1.01484 0.448914
-1.01465 0.449074

-1.01465 0.449076
-1.01447 0.449219

-1.01447 0.449219
-1.01434 0.449325

-1.01434 0.449326
-1.0141 0.449524

-1.0141 0.449524
-1.01404 0.449577

-1.01404 0.449578
-1.01373 0.449829

-1.01373 0.44983
-1.01343 0.450081

-1.01343 0.450081
-1.01336 0.450134

-1.01336 0.450134
-1.01312 0.450333

-1.01312 0.450333
-1.01299 0.450439

-1.01299 0.450439
-1.01282 0.450583

-1.01282 0.450585
-1.01262 0.450745

-1.01262 0.450745
-1.01251 0.450835

-1.01251 0.450836
-1.01225 0.45105

-1.01225 0.45105
-1.01221 0.451086

-1.01221 0.451087
-1.0119 0.451338

-1.0119 0.451338
-1.01188 0.451355

-1.01188 0.451355
-1.0116 0.451589

-1.0116 0.45159
-1.01151 0.45166

-1.01151 0.45166
-1.01129 0.451841

-1.01129 0.451842
-1.01114 0.451965

-1.01114 0.451965
-1.01099 0.45209

-1.01099 0.452092
-1.01077 0.452271

-1.01077 0.452271
-1.01068 0.452342

-1.01068 0.452343
-1.0104 0.452576

-1.0104 0.452576
-1.01038 0.452593

-1.01038 0.452594
-1.01007 0.452845

-1.01007 0.452845
-1.01003 0.452881

-1.01003 0.452881
-1.00977 0.453096

-1.00977 0.453096
-1.00966 0.453186

-1.00966 0.453186
-1.00946 0.453346

-1.00946 0.453348
-1.00928 0.453491

-1.00929 0.453491
-1.00916 0.453596

-1.00916 0.453598
-1.00891 0.453796

-1.00891 0.453796
-1.00885 0.453848

-1.00885 0.453848
-1.00854 0.454099

-1.00854 0.454099
-1.00854 0.454102

-1.00854 0.454102
-1.00824 0.45435

-1.00824 0.45435
-1.00817 0.454407

-1.00817 0.454407
-1.00793 0.4546

-1.00793 0.454601
-1.0078 0.454712

-1.0078 0.454712
-1.00763 0.45485

-1.00763 0.454852
-1.00743 0.455017

-1.00743 0.455017
-1.00732 0.455101

-1.00732 0.455102
-1.00706 0.455322

-1.00705 0.455322
-1.00702 0.455351

-1.00702 0.455352
-1.00671 0.455602

-1.00671 0.455603
-1.00668 0.455627

-1.00668 0.455627
-1.00641 0.455853

-1.00641 0.455853
-1.00631 0.455933

-1.00631 0.455933
-1.0061 0.456103

-1.0061 0.456104
-1.00594 0.456238

-1.00594 0.456238
-1.0058 0.456352

-1.0058 0.456354
-1.00557 0.456543

-1.00557 0.456543
-1.00549 0.456603

-1.00549 0.456604
-1.0052 0.456848

-1.00519 0.456848
-1.00519 0.456853

-1.00519 0.456854
-1.00488 0.457104

-1.00488 0.457104
-1.00482 0.457153

-1.00482 0.457153
-1.00458 0.457354

-1.00458 0.457355
-1.00445 0.457458

-1.00445 0.457458
-1.00427 0.457603

-1.00427 0.457605
-1.00408 0.457764

-1.00408 0.457764
-1.00397 0.457853

-1.00397 0.457854
-1.00371 0.458069

-1.0037 0.458069
-1.00366 0.458103

-1.00366 0.458104
-1.00336 0.458354

-1.00336 0.458354
-1.00333 0.458374

-1.00333 0.458374
-1.00305 0.458604

-1.00305 0.458604
-1.00296 0.458679

-1.00296 0.458679
-1.00275 0.458854

-1.00275 0.458855
-1.00259 0.458984

-1.00259 0.458984
-1.00244 0.459102

-1.00244 0.459104
-1.00221 0.45929

-1.00221 0.45929
-1.00214 0.459352

-1.00214 0.459353
-1.00184 0.459595

-1.00184 0.459595
-1.00183 0.459602

-1.00183 0.459603
-1.00153 0.459852

-1.00153 0.459852
-1.00147 0.4599

-1.00147 0.4599
-1.00122 0.460102

-1.00122 0.460103
-1.00109 0.460205

-1.0011 0.460205
-1.00092 0.460351

-1.00092 0.460352
-1.00072 0.46051

-1.00072 0.46051
-1.00061 0.4606

-1.00061 0.460601
-1.00035 0.460815

-1.00035 0.460815
-1.00031 0.46085

-1.00031 0.46085
-1.0 0.4611

-1.0 0.4611
-0.999974 0.461121

-0.999974 0.461121
-0.999695 0.461349

-0.999695 0.461349
-0.9996 0.461426

-0.999601 0.461426
-0.99939 0.461598

-0.99939 0.461599
-0.999226 0.461731

-0.999228 0.461731
-0.999084 0.461846

-0.999084 0.461848
-0.998853 0.462036

-0.998853 0.462036
-0.998779 0.462096

-0.998779 0.462097
-0.998479 0.462341

-0.998479 0.462341
-0.998474 0.462345

-0.998474 0.462346
-0.998169 0.462595

-0.998169 0.462595
-0.998105 0.462646

-0.998106 0.462646
-0.997864 0.462844

-0.997864 0.462845
-0.997731 0.462952

-0.997732 0.462952
-0.997559 0.463092

-0.997559 0.463093
-0.997357 0.463257

-0.997357 0.463257
-0.997253 0.463341

-0.997253 0.463342
-0.996983 0.463562

-0.996983 0.463562
-0.996948 0.46359

-0.996948 0.463591
-0.996643 0.463839

-0.996643 0.463839
-0.996609 0.463867

-0.996609 0.463867
-0.996338 0.464088

-0.996338 0.464089
-0.996234 0.464172

-0.996235 0.464172
-0.996033 0.464337

-0.996033 0.464338
-0.99586 0.464478

-0.995861 0.464478
-0.995728 0.464584

-0.995728 0.464586
-0.995486 0.464783

-0.995485 0.464783
-0.995422 0.464833

-0.995422 0.464834
-0.995117 0.465083

-0.995117 0.465083
-0.995111 0.465088

-0.995111 0.465088
-0.994812 0.465331

-0.994812 0.465332
-0.994736 0.465393

-0.994736 0.465393
-0.994507 0.46558

-0.994507 0.465581
-0.99436 0.465698

-0.994363 0.465698
-0.994202 0.465827

-0.994202 0.465829
-0.993987 0.466003

-0.993986 0.466003
-0.993896 0.466076

-0.993896 0.466077
-0.993612 0.466309

-0.993611 0.466309
-0.993591 0.466325

-0.993591 0.466325
-0.993286 0.466574

-0.993286 0.466574
-0.993237 0.466614

-0.993237 0.466614
-0.992981 0.466822

-0.992981 0.466822
-0.992861 0.466919

-0.992862 0.466919
-0.992676 0.46707

-0.992676 0.467071
-0.992486 0.467224

-0.992487 0.467224
-0.992371 0.467317

-0.992371 0.467318
-0.992111 0.467529

-0.99211 0.467529
-0.992065 0.467566

-0.992065 0.467566
-0.99176 0.467814

-0.99176 0.467815
-0.991736 0.467834

-0.991736 0.467834
-0.991455 0.468063

-0.991455 0.468063
-0.99136 0.46814

-0.99136 0.46814
-0.99115 0.46831

-0.99115 0.468312
-0.990984 0.468445

-0.990986 0.468445
-0.990845 0.468557

-0.990845 0.468559
-0.990609 0.46875

-0.990609 0.46875
-0.99054 0.468806

-0.99054 0.468806
-0.990234 0.469054

-0.990234 0.469054
-0.990233 0.469055

-0.990233 0.469055
-0.989929 0.469302

-0.989929 0.469302
-0.989857 0.46936

-0.989858 0.46936
-0.989624 0.46955

-0.989624 0.469551
-0.989481 0.469666

-0.989483 0.469666
-0.989319 0.469797

-0.989319 0.469798
-0.989106 0.469971

-0.989106 0.469971
-0.989014 0.470044

-0.989014 0.470045
-0.98873 0.470276

-0.988729 0.470276
-0.988708 0.470292

-0.988708 0.470293
-0.988403 0.470541

-0.988403 0.470541
-0.988353 0.470581

-0.988354 0.470581
-0.988098 0.470788

-0.988098 0.470789
-0.987977 0.470886

-0.987978 0.470886
-0.987793 0.471035

-0.987793 0.471036
-0.987601 0.471191

-0.987601 0.471191
-0.987488 0.471282

-0.987488 0.471283
-0.987225 0.471497

-0.987224 0.471497
-0.987183 0.47153

-0.987183 0.471531
-0.986877 0.471778

-0.986877 0.471778
-0.986848 0.471802

-0.986848 0.471802
-0.986572 0.472025

-0.986572 0.472026
-0.986471 0.472107

-0.986472 0.472107
-0.986267 0.472273

-0.986267 0.472274
-0.986094 0.472412

-0.986096 0.472412
-0.985962 0.472519

-0.985962 0.47252
-0.985719 0.472717

-0.985718 0.472717
-0.985657 0.472766

-0.985657 0.472767
-0.985352 0.473014

-0.985352 0.473014
-0.985342 0.473022

-0.985342 0.473022
-0.985046 0.473262

-0.985046 0.473262
-0.984964 0.473328

-0.984965 0.473328
-0.984741 0.473509

-0.984741 0.47351
-0.984587 0.473633

-0.984589 0.473633
-0.984436 0.473754

-0.984436 0.473756
-0.984211 0.473938

-0.98421 0.473938
-0.984131 0.474002

-0.984131 0.474003
-0.983834 0.474243

-0.983833 0.474243
-0.983826 0.474249

-0.983826 0.47425
-0.983521 0.474497

-0.983521 0.474497
-0.983456 0.474548

-0.983456 0.474548
-0.983215 0.474743

-0.983215 0.474744
-0.983078 0.474854

-0.98308 0.474854
-0.98291 0.474989

-0.98291 0.474991
-0.982702 0.475159

-0.982702 0.475159
-0.982605 0.475236

-0.982605 0.475237
-0.982324 0.475464

-0.982324 0.475464
-0.9823 0.475483

-0.9823 0.475484
-0.981995 0.47573

-0.981995 0.475731
-0.981947 0.475769

-0.981947 0.475769
-0.981689 0.475977

-0.981689 0.475978
-0.981569 0.476074

-0.98157 0.476074
-0.981384 0.476223

-0.981384 0.476224
-0.981192 0.476379

-0.981192 0.476379
-0.981079 0.476469

-0.981079 0.47647
-0.980814 0.476685

-0.980813 0.476685
-0.980774 0.476716

-0.980774 0.476717
-0.980469 0.476963

-0.980469 0.476963
-0.980436 0.47699

-0.980436 0.47699
-0.980164 0.47721

-0.980164 0.47721
-0.980058 0.477295

-0.980059 0.477295
-0.979858 0.477456

-0.979858 0.477457
-0.97968 0.4776

-0.979681 0.4776
-0.979553 0.477701

-0.979553 0.477703
-0.979302 0.477905

-0.979302 0.477905
-0.979248 0.477948

-0.979248 0.477949
-0.978943 0.478195

-0.978943 0.478195
-0.978924 0.47821

-0.978924 0.47821
-0.978638 0.478441

-0.978638 0.478442
-0.978545 0.478516

-0.978546 0.478516
-0.978333 0.478688

-0.978333 0.478689
-0.978167 0.478821

-0.978168 0.478821
-0.978027 0.478933

-0.978027 0.478934
-0.977789 0.479126

-0.977789 0.479126
-0.977722 0.479179

-0.977722 0.47918
-0.977417 0.479426

-0.977417 0.479426
-0.977411 0.479431

-0.977411 0.479431
-0.977112 0.479672

-0.977112 0.479672
-0.977032 0.479736

-0.977032 0.479736
-0.976807 0.479918

-0.976807 0.479919
-0.976652 0.480042

-0.976655 0.480042
-0.976501 0.480163

-0.976501 0.480164
-0.976275 0.480347

-0.976275 0.480347
-0.976196 0.480409

-0.976196 0.48041
-0.975896 0.480652

-0.975895 0.480652
-0.975891 0.480655

-0.975891 0.480656
-0.975586 0.480902

-0.975586 0.480902
-0.975517 0.480957

-0.975517 0.480957
-0.975281 0.481148

-0.975281 0.481149
-0.975137 0.481262

-0.975139 0.481262
-0.974976 0.481392

-0.974976 0.481393
-0.974759 0.481567

-0.974759 0.481567
-0.97467 0.481638

-0.97467 0.481639
-0.97438 0.481873

-0.97438 0.481873
-0.974365 0.481884

-0.974365 0.481885
-0.97406 0.48213

-0.97406 0.48213
-0.974001 0.482178

-0.974001 0.482178
-0.973755 0.482376

-0.973755 0.482377
-0.973621 0.482483

-0.973623 0.482483
-0.97345 0.482621

-0.97345 0.482622
-0.973243 0.482788

-0.973243 0.482788
-0.973145 0.482866

-0.973145 0.482867
-0.972863 0.483093

-0.972862 0.483093
-0.972839 0.483112

-0.972839 0.483112
-0.972534 0.483358

-0.972534 0.483358
-0.972484 0.483398

-0.972484 0.483398
-0.972229 0.483603

-0.972229 0.483604
-0.972103 0.483704

-0.972105 0.483704
-0.971924 0.483848

-0.971924 0.483849
-0.971725 0.484009

-0.971725 0.484009
-0.971619 0.484093

-0.971619 0.484094
-0.971345 0.484314

-0.971344 0.484314
-0.971313 0.484339

-0.971313 0.484339
-0.971008 0.484584

-0.971008 0.484585
-0.970965 0.484619

-0.970965 0.484619
-0.970703 0.48483

-0.970703 0.48483
-0.970584 0.484924

-0.970586 0.484924
-0.970398 0.485074

-0.970398 0.485075
-0.970205 0.485229

-0.970206 0.485229
-0.970093 0.485319

-0.970093 0.48532
-0.969825 0.485535

-0.969825 0.485535
-0.969788 0.485564

-0.969788 0.485565
-0.969482 0.48581

-0.969482 0.48581
-0.969445 0.48584

-0.969445 0.48584
-0.969177 0.486055

-0.969177 0.486056
-0.969064 0.486145

-0.969066 0.486145
-0.968872 0.4863

-0.968872 0.486301
-0.968685 0.48645

-0.968685 0.48645
-0.968567 0.486544

-0.968567 0.486545
-0.968305 0.486755

-0.968304 0.486755
-0.968262 0.486789

-0.968262 0.48679
-0.967957 0.487035

-0.967957 0.487035
-0.967924 0.487061

-0.967924 0.487061
-0.967651 0.487279

-0.967651 0.48728
-0.967543 0.487366

-0.967544 0.487366
-0.967346 0.487524

-0.967346 0.487525
-0.967163 0.487671

-0.967164 0.487671
-0.967041 0.487768

-0.967041 0.487769
-0.966783 0.487976

-0.966782 0.487976
-0.966736 0.488013

-0.966736 0.488014
-0.966431 0.488258

-0.966431 0.488258
-0.966402 0.488281

-0.966402 0.488281
-0.966125 0.488503

-0.966125 0.488503
-0.966021 0.488586

-0.966021 0.488586
-0.96582 0.488747

-0.96582 0.488748
-0.96564 0.488892

-0.965641 0.488892
-0.965515 0.488991

-0.965515 0.488992
-0.96526 0.489197

-0.965259 0.489197
-0.96521 0.489236

-0.96521 0.489236
-0.964905 0.489481

-0.964905 0.489481
-0.964878 0.489502

-0.964879 0.489502
-0.9646 0.489725

-0.9646 0.489726
-0.964497 0.489807

-0.964498 0.489807
-0.964294 0.48997

-0.964294 0.48997
-0.964116 0.490112

-0.964117 0.490112
-0.963989 0.490213

-0.963989 0.490214
-0.963735 0.490417

-0.963735 0.490417
-0.963684 0.490458

-0.963684 0.490458
-0.963379 0.490703

-0.963379 0.490703
-0.963354 0.490723

-0.963354 0.490723
-0.963074 0.490947

-0.963074 0.490947
-0.962972 0.491028

-0.962973 0.491028
-0.962769 0.491191

-0.962769 0.491192
-0.962591 0.491333

-0.962592 0.491333
-0.962463 0.491434

-0.962463 0.491435
-0.96221 0.491638

-0.962209 0.491638
-0.962158 0.491679

-0.962158 0.491679
-0.961853 0.491923

-0.961853 0.491923
-0.961828 0.491943

-0.961828 0.491943
-0.961548 0.492167

-0.961548 0.492168
-0.961446 0.492249

-0.961447 0.492249
-0.961243 0.492411

-0.961243 0.492412
-0.961064 0.492554

-0.961065 0.492554
-0.960938 0.492654

-0.960938 0.492655
-0.960683 0.492859

-0.960682 0.492859
-0.960632 0.492899

-0.960632 0.492899
-0.960327 0.493143

-0.960327 0.493143
-0.960301 0.493164

-0.960301 0.493164
-0.960022 0.493387

-0.960022 0.493387
-0.959918 0.493469

-0.959919 0.493469
-0.959717 0.493631

-0.959717 0.493631
-0.959537 0.493774

-0.959538 0.493774
-0.959412 0.493873

-0.959412 0.493875
-0.959155 0.49408

-0.959154 0.49408
-0.959106 0.494118

-0.959106 0.494118
-0.958801 0.494362

-0.958801 0.494362
-0.958773 0.494385

-0.958773 0.494385
-0.958496 0.494606

-0.958496 0.494606
-0.95839 0.49469

-0.958391 0.49469
-0.958191 0.494849

-0.958191 0.49485
-0.958008 0.494995

-0.958009 0.494995
-0.957886 0.495092

-0.957886 0.495093
-0.957626 0.4953

-0.957625 0.4953
-0.957581 0.495336

-0.957581 0.495336
-0.957275 0.49558

-0.957275 0.49558
-0.957243 0.495605

-0.957243 0.495605
-0.95697 0.495823

-0.95697 0.495824
-0.95686 0.495911

-0.956861 0.495911
-0.956665 0.496067

-0.956665 0.496067
-0.956478 0.496216

-0.956479 0.496216
-0.95636 0.496309

-0.95636 0.49631
-0.956096 0.496521

-0.956095 0.496521
-0.956055 0.496553

-0.956055 0.496554
-0.95575 0.496797

-0.95575 0.496797
-0.955713 0.496826

-0.955713 0.496826
-0.955444 0.49704

-0.955444 0.497041
-0.955329 0.497131

-0.95533 0.497131
-0.955139 0.497283

-0.955139 0.497284
-0.954947 0.497437

-0.954947 0.497437
-0.954834 0.497526

-0.954834 0.497527
-0.954564 0.497742

-0.954563 0.497742
-0.954529 0.497769

-0.954529 0.49777
-0.954224 0.498013

-0.954224 0.498013
-0.954181 0.498047

-0.954181 0.498047
-0.953918 0.498256

-0.953918 0.498257
-0.953797 0.498352

-0.953798 0.498352
-0.953613 0.498499

-0.953613 0.498499
-0.953415 0.498657

-0.953415 0.498657
-0.953308 0.498741

-0.953308 0.498742
-0.953031 0.498962

-0.953031 0.498962
-0.953003 0.498984

-0.953003 0.498985
-0.952698 0.499228

-0.952698 0.499228
-0.952648 0.499268

-0.952648 0.499268
-0.952393 0.499471

-0.952393 0.499472
-0.952264 0.499573

-0.952265 0.499573
-0.952087 0.499713

-0.952087 0.499714
-0.951881 0.499878

-0.951881 0.499878
-0.951782 0.499956

-0.951782 0.499957
-0.951498 0.500183

-0.951497 0.500183
-0.951477 0.500199

-0.951477 0.500199
-0.951172 0.500442

-0.951172 0.500442
-0.951114 0.500488

-0.951114 0.500488
-0.950867 0.500685

-0.950867 0.500686
-0.950729 0.500793

-0.950731 0.500793
-0.950562 0.500927

-0.950562 0.500928
-0.950347 0.501099

-0.950346 0.501099
-0.950256 0.501169

-0.950256 0.50117
-0.949963 0.501404

-0.949962 0.501404
-0.949951 0.501412

-0.949951 0.501413
-0.949646 0.501656

-0.949646 0.501656
-0.949578 0.501709

-0.949579 0.501709
-0.949341 0.501898

-0.949341 0.501899
-0.949194 0.502014

-0.949196 0.502014
-0.949036 0.50214

-0.949036 0.502141
-0.948811 0.502319

-0.94881 0.502319
-0.94873 0.502382

-0.94873 0.502383
-0.948427 0.502625

-0.948426 0.502625
-0.948425 0.502625

-0.948425 0.502626
-0.94812 0.502868

-0.94812 0.502868
-0.948042 0.50293

-0.948042 0.50293
-0.947815 0.50311

-0.947815 0.503111
-0.947657 0.503235

-0.947659 0.503235
-0.94751 0.503352

-0.94751 0.503353
-0.947274 0.50354

-0.947273 0.50354
-0.947205 0.503594

-0.947205 0.503595
-0.946899 0.503837

-0.946899 0.503837
-0.946889 0.503845

-0.946889 0.503845
-0.946594 0.504079

-0.946594 0.50408
-0.946504 0.50415

-0.946505 0.50415
-0.946289 0.504322

-0.946289 0.504322
-0.94612 0.504456

-0.946121 0.504456
-0.945984 0.504563

-0.945984 0.504564
-0.945736 0.504761

-0.945735 0.504761
-0.945679 0.504805

-0.945679 0.504806
-0.945374 0.505048

-0.945374 0.505048
-0.945351 0.505066

-0.945351 0.505066
-0.945068 0.50529

-0.945068 0.505291
-0.944965 0.505371

-0.944966 0.505371
-0.944763 0.505532

-0.944763 0.505533
-0.944581 0.505676

-0.944582 0.505676
-0.944458 0.505773

-0.944458 0.505774
-0.944196 0.505981

-0.944196 0.505981
-0.944153 0.506015

-0.944153 0.506016
-0.943848 0.506258

-0.943848 0.506258
-0.943811 0.506287

-0.943811 0.506287
-0.943542 0.5065

-0.943542 0.5065
-0.943425 0.506592

-0.943427 0.506592
-0.943237 0.506741

-0.943237 0.506742
-0.943041 0.506897

-0.943041 0.506897
-0.942932 0.506982

-0.942932 0.506983
-0.942656 0.507202

-0.942655 0.507202
-0.942627 0.507224

-0.942627 0.507225
-0.942322 0.507467

-0.942322 0.507467
-0.94227 0.507507

-0.942271 0.507507
-0.942017 0.507709

-0.942017 0.507709
-0.941884 0.507812

-0.941886 0.507812
-0.941711 0.50795

-0.941711 0.50795
-0.9415 0.508118

-0.9415 0.508118
-0.941406 0.508191

-0.941406 0.508192
-0.941114 0.508423

-0.941114 0.508423
-0.941101 0.508433

-0.941101 0.508433
-0.940796 0.508675

-0.940796 0.508675
-0.940729 0.508728

-0.940729 0.508728
-0.940491 0.508917

-0.940491 0.508917
-0.940342 0.509033

-0.940344 0.509033
-0.940186 0.509157

-0.940186 0.509158
-0.939958 0.509338

-0.939957 0.509338
-0.93988 0.509399

-0.93988 0.509399
-0.939575 0.509641

-0.939575 0.509641
-0.939572 0.509644

-0.939572 0.509644
-0.93927 0.509882

-0.93927 0.509883
-0.939185 0.509949

-0.939186 0.509949
-0.938965 0.510124

-0.938965 0.510124
-0.938799 0.510254

-0.938801 0.510254
-0.93866 0.510364

-0.93866 0.510365
-0.938414 0.510559

-0.938414 0.510559
-0.938354 0.510605

-0.938354 0.510606
-0.938049 0.510847

-0.938049 0.510847
-0.938028 0.510864

-0.938028 0.510864
-0.937744 0.511089

-0.937744 0.511089
-0.937641 0.511169

-0.937642 0.511169
-0.937439 0.51133

-0.937439 0.51133
-0.937256 0.511475

-0.937256 0.511475
-0.937134 0.51157

-0.937134 0.511571
-0.93687 0.51178

-0.936869 0.51178
-0.936829 0.511811

-0.936829 0.511812
-0.936523 0.512053

-0.936523 0.512053
-0.936483 0.512085

-0.936483 0.512085
-0.936218 0.512294

-0.936218 0.512295
-0.936096 0.51239

-0.936097 0.51239
-0.935913 0.512535

-0.935913 0.512535
-0.93571 0.512695

-0.93571 0.512695
-0.935608 0.512775

-0.935608 0.512776
-0.935324 0.513

-0.935323 0.513
-0.935303 0.513016

-0.935303 0.513017
-0.934998 0.513258

-0.934998 0.513258
-0.934937 0.513306

-0.934937 0.513306
-0.934692 0.513499

-0.934692 0.5135
-0.934549 0.513611

-0.934551 0.513611
-0.934387 0.513739

-0.934387 0.51374
-0.934164 0.513916

-0.934164 0.513916
-0.934082 0.51398

-0.934082 0.51398
-0.933777 0.514221

-0.933777 0.514221
-0.933472 0.514462

-0.933472 0.514462
-0.93339 0.514526

-0.93339 0.514526
-0.933167 0.514703

-0.933167 0.514703
-0.933002 0.514832

-0.933004 0.514832
-0.932861 0.514942

-0.932861 0.514943
-0.932616 0.515137

-0.932616 0.515137
-0.932556 0.515183

-0.932556 0.515184
-0.932251 0.515425

-0.932251 0.515425
-0.932229 0.515442

-0.932229 0.515442
-0.931946 0.515665

-0.931946 0.515666
-0.931841 0.515747

-0.931842 0.515747
-0.931641 0.515906

-0.931641 0.515906
-0.931455 0.516052

-0.931455 0.516052
-0.931335 0.516145

-0.931335 0.516146
-0.931067 0.516357

-0.931067 0.516357
-0.93103 0.516386

-0.93103 0.516387
-0.930725 0.516627

-0.930725 0.516627
-0.93068 0.516663

-0.93068 0.516663
-0.93042 0.516868

-0.93042 0.516868
-0.930291 0.516968

-0.930293 0.516968
-0.930115 0.517108

-0.930115 0.517108
-0.929905 0.517273

-0.929905 0.517273
-0.92981 0.517347

-0.92981 0.517348
-0.929518 0.517578

-0.929517 0.517578
-0.929504 0.517588

-0.929504 0.517589
-0.929199 0.517829

-0.929199 0.517829
-0.92913 0.517883

-0.92913 0.517883
-0.928894 0.518069

-0.928894 0.51807
-0.928741 0.518188

-0.928743 0.518188
-0.928589 0.518308

-0.928589 0.518309
-0.928355 0.518494

-0.928354 0.518494
-0.928284 0.518549

-0.928284 0.518549
-0.927979 0.51879

-0.927979 0.51879
-0.927967 0.518799

-0.927967 0.518799
-0.927673 0.51903

-0.927673 0.51903
-0.927578 0.519104

-0.927579 0.519104
-0.927368 0.51927

-0.927368 0.51927
-0.927191 0.519409

-0.927192 0.519409
-0.927063 0.519509

-0.927063 0.51951
-0.926803 0.519714

-0.926802 0.519714
-0.926758 0.519749

-0.926758 0.51975
-0.926453 0.51999

-0.926453 0.51999
-0.926415 0.52002

-0.926415 0.52002
-0.926147 0.52023

-0.926147 0.52023
-0.926026 0.520325

-0.926027 0.520325
-0.925842 0.520469

-0.925842 0.52047
-0.925639 0.52063

-0.925639 0.52063
-0.925537 0.520709

-0.925537 0.52071
-0.92525 0.520935

-0.925249 0.520935
-0.925232 0.520949

-0.925232 0.520949
-0.924927 0.521189

-0.924927 0.521189
-0.924861 0.52124

-0.924862 0.52124
-0.924622 0.521429

-0.924622 0.52143
-0.924472 0.521545

-0.924474 0.521545
-0.924316 0.521668

-0.924316 0.521669
-0.924085 0.521851

-0.924085 0.521851
-0.924011 0.521908

-0.924011 0.521908
-0.923706 0.522148

-0.923706 0.522148
-0.923696 0.522156

-0.923696 0.522156
-0.923401 0.522388

-0.923401 0.522388
-0.923307 0.522461

-0.923308 0.522461
-0.923096 0.522627

-0.923096 0.522628
-0.922919 0.522766

-0.92292 0.522766
-0.922791 0.522866

-0.922791 0.522867
-0.92253 0.523071

-0.92253 0.523071
-0.922485 0.523106

-0.922485 0.523107
-0.92218 0.523346

-0.92218 0.523346
-0.922141 0.523376

-0.922142 0.523376
-0.921875 0.523586

-0.921875 0.523586
-0.921752 0.523682

-0.921753 0.523682
-0.92157 0.523825

-0.92157 0.523825
-0.921364 0.523987

-0.921364 0.523987
-0.921265 0.524064

-0.921265 0.524065
-0.920975 0.524292

-0.920974 0.524292
-0.920959 0.524303

-0.920959 0.524304
-0.920654 0.524543

-0.920654 0.524544
-0.920585 0.524597

-0.920586 0.524597
-0.920349 0.524783

-0.920349 0.524783
-0.920196 0.524902

-0.920197 0.524902
-0.920044 0.525021

-0.920044 0.525022
-0.919808 0.525208

-0.919807 0.525208
-0.919739 0.52526

-0.919739 0.525261
-0.919434 0.525501

-0.919434 0.525501
-0.919418 0.525513

-0.919418 0.525513
-0.919128 0.52574

-0.919128 0.52574
-0.919028 0.525818

-0.919029 0.525818
-0.918823 0.525979

-0.918823 0.525979
-0.918639 0.526123

-0.91864 0.526123
-0.918518 0.526217

-0.918518 0.526218
-0.91825 0.526428

-0.918249 0.526428
-0.918213 0.526457

-0.918213 0.526457
-0.917908 0.526696

-0.917908 0.526696
-0.91786 0.526733

-0.91786 0.526733
-0.917603 0.526935

-0.917603 0.526936
-0.917469 0.527039

-0.917471 0.527039
-0.917297 0.527174

-0.917297 0.527175
-0.917081 0.527344

-0.917081 0.527344
-0.916992 0.527412

-0.916992 0.527413
-0.916691 0.527649

-0.916691 0.527649
-0.916687 0.527652

-0.916687 0.527652
-0.916382 0.527891

-0.916382 0.527892
-0.916301 0.527954

-0.916302 0.527954
-0.916077 0.52813

-0.916077 0.528131
-0.915911 0.528259

-0.915913 0.528259
-0.915771 0.528368

-0.915771 0.528369
-0.915522 0.528564

-0.915521 0.528564
-0.915466 0.528607

-0.915466 0.528608
-0.915161 0.528847

-0.915161 0.528847
-0.915132 0.52887

-0.915132 0.52887
-0.914856 0.529086

-0.914856 0.529086
-0.914741 0.529175

-0.914742 0.529175
-0.914551 0.529324

-0.914551 0.529325
-0.914352 0.52948

-0.914352 0.52948
-0.914246 0.529562

-0.914246 0.529563
-0.913962 0.529785

-0.913961 0.529785
-0.91394 0.529801

-0.91394 0.529802
-0.913635 0.53004

-0.913635 0.530041
-0.913571 0.53009

-0.913571 0.53009
-0.91333 0.530279

-0.91333 0.53028
-0.91318 0.530396

-0.913182 0.530396
-0.913025 0.530517

-0.913025 0.530518
-0.912791 0.530701

-0.91279 0.530701
-0.91272 0.530755

-0.91272 0.530756
-0.912415 0.530995

-0.912415 0.530995
-0.9124 0.531006

-0.9124 0.531006
-0.912109 0.531233

-0.912109 0.531234
-0.912009 0.531311

-0.91201 0.531311
-0.911804 0.531472

-0.911804 0.531472
-0.911619 0.531616

-0.91162 0.531616
-0.911499 0.531709

-0.911499 0.53171
-0.911229 0.531921

-0.911228 0.531921
-0.911194 0.531948

-0.911194 0.531949
-0.910889 0.532187

-0.910889 0.532187
-0.910838 0.532227

-0.910838 0.532227
-0.910583 0.532425

-0.910583 0.532426
-0.910446 0.532532

-0.910448 0.532532
-0.910278 0.532663

-0.910278 0.532664
-0.910057 0.532837

-0.910056 0.532837
-0.909973 0.532901

-0.909973 0.532902
-0.909668 0.53314

-0.909668 0.53314
-0.909666 0.533142

-0.909666 0.533142
-0.909363 0.533379

-0.909363 0.533379
-0.909274 0.533447

-0.909275 0.533447
-0.909058 0.533617

-0.909058 0.533617
-0.908884 0.533752

-0.908885 0.533752
-0.908752 0.533854

-0.908752 0.533855
-0.908493 0.534058

-0.908492 0.534058
-0.908447 0.534092

-0.908447 0.534093
-0.908142 0.534331

-0.908142 0.534331
-0.908102 0.534363

-0.908102 0.534363
-0.907837 0.534569

-0.907837 0.53457
-0.907709 0.534668

-0.907711 0.534668
-0.907532 0.534807

-0.907532 0.534808
-0.90732 0.534973

-0.907319 0.534973
-0.907227 0.535045

-0.907227 0.535045
-0.906928 0.535278

-0.906928 0.535278
-0.906921 0.535283

-0.906921 0.535284
-0.906616 0.535522

-0.906616 0.535522
-0.906536 0.535583

-0.906537 0.535583
-0.906311 0.535759

-0.906311 0.53576
-0.906145 0.535889

-0.906146 0.535889
-0.906006 0.535996

-0.906006 0.535997
-0.905754 0.536194

-0.905753 0.536194
-0.905701 0.536234

-0.905701 0.536235
-0.905396 0.536473

-0.905396 0.536473
-0.905362 0.536499

-0.905362 0.536499
-0.90509 0.536711

-0.90509 0.536712
-0.90497 0.536804

-0.904971 0.536804
-0.904785 0.536949

-0.904785 0.536949
-0.904579 0.537109

-0.904579 0.537109
-0.90448 0.537186

-0.90448 0.537187
-0.904187 0.537415

-0.904187 0.537415
-0.904175 0.537424

-0.904175 0.537424
-0.90387 0.537662

-0.90387 0.537662
-0.903795 0.53772

-0.903796 0.53772
-0.903564 0.5379

-0.903564 0.5379
-0.903403 0.538025

-0.903405 0.538025
-0.903259 0.538136

-0.903259 0.538137
-0.903012 0.53833

-0.903011 0.53833
-0.902954 0.538374

-0.902954 0.538375
-0.902649 0.538613

-0.902649 0.538613
-0.90262 0.538635

-0.90262 0.538635
-0.902344 0.53885

-0.902344 0.538851
-0.902227 0.53894

-0.902228 0.53894
-0.902039 0.539088

-0.902039 0.539088
-0.901836 0.539246

-0.901836 0.539246
-0.901733 0.539324

-0.901733 0.539325
-0.901444 0.539551

-0.901443 0.539551
-0.901428 0.539562

-0.901428 0.539563
-0.901123 0.5398

-0.901123 0.5398
-0.901051 0.539856

-0.901051 0.539856
-0.900818 0.540038

-0.900818 0.540038
-0.900658 0.540161

-0.90066 0.540161
-0.900513 0.540274

-0.900513 0.540275
-0.900267 0.540466

-0.900266 0.540466
-0.900208 0.540512

-0.900208 0.540512
-0.899902 0.54075

-0.899902 0.54075
-0.899874 0.540771

-0.899874 0.540771
-0.899597 0.540987

-0.899597 0.540988
-0.899481 0.541077

-0.899482 0.541077
-0.899292 0.541224

-0.899292 0.541225
-0.89909 0.541382

-0.89909 0.541382
-0.898987 0.54146

-0.898987 0.541462
-0.898697 0.541687

-0.898696 0.541687
-0.898682 0.541698

-0.898682 0.541699
-0.898376 0.541936

-0.898376 0.541936
-0.898304 0.541992

-0.898304 0.541992
-0.898071 0.542173

-0.898071 0.542174
-0.897911 0.542297

-0.897912 0.542297
-0.897766 0.542409

-0.897766 0.54241
-0.897519 0.542603

-0.897518 0.542603
-0.897461 0.542647

-0.897461 0.542647
-0.897156 0.542884

-0.897156 0.542885
-0.897126 0.542908

-0.897126 0.542908
-0.896851 0.543122

-0.896851 0.543122
-0.896732 0.543213

-0.896733 0.543213
-0.896545 0.543358

-0.896545 0.543359
-0.89634 0.543518

-0.89634 0.543518
-0.89624 0.543595

-0.89624 0.543596
-0.895947 0.543823

-0.895946 0.543823
-0.895935 0.543832

-0.895935 0.543833
-0.89563 0.544069

-0.89563 0.54407
-0.895553 0.544128

-0.895554 0.544128
-0.895325 0.544306

-0.895325 0.544307
-0.89516 0.544434

-0.895162 0.544434
-0.89502 0.544542

-0.89502 0.544543
-0.894768 0.544739

-0.894767 0.544739
-0.894714 0.544779

-0.894714 0.54478
-0.894409 0.545017

-0.894409 0.545017
-0.894374 0.545044

-0.894374 0.545044
-0.894104 0.545254

-0.894104 0.545255
-0.89398 0.545349

-0.893981 0.545349
-0.893799 0.54549

-0.893799 0.545491
-0.893588 0.545654

-0.893588 0.545654
-0.893494 0.545726

-0.893494 0.545727
-0.893194 0.545959

-0.893194 0.545959
-0.893188 0.545964

-0.893188 0.545964
-0.892883 0.546201

-0.892883 0.546201
-0.8928 0.546265

-0.892801 0.546265
-0.892578 0.546437

-0.892578 0.546438
-0.892407 0.54657

-0.892408 0.54657
-0.892273 0.546673

-0.892273 0.546674
-0.892014 0.546875

-0.892013 0.546875
-0.891968 0.54691

-0.891968 0.546911
-0.891663 0.547147

-0.891663 0.547147
-0.89162 0.54718

-0.89162 0.54718
-0.891357 0.547384

-0.891357 0.547385
-0.891225 0.547485

-0.891227 0.547485
-0.891052 0.54762

-0.891052 0.547621
-0.890833 0.547791

-0.890833 0.547791
-0.890747 0.547856

-0.890747 0.547857
-0.890442 0.548093

-0.890442 0.548093
-0.890439 0.548096

-0.890439 0.548096
-0.890137 0.54833

-0.890137 0.54833
-0.890044 0.548401

-0.890045 0.548401
-0.889832 0.548566

-0.889832 0.548567
-0.889651 0.548706

-0.889652 0.548706
-0.889526 0.548801

-0.889526 0.548803
-0.889257 0.549011

-0.889256 0.549011
-0.889221 0.549038

-0.889221 0.549039
-0.888916 0.549275

-0.888916 0.549275
-0.888863 0.549316

-0.888863 0.549316
-0.888611 0.549512

-0.888611 0.549512
-0.888468 0.549622

-0.888469 0.549622
-0.888306 0.549747

-0.888306 0.549748
-0.888075 0.549927

-0.888074 0.549927
-0.888 0.549983

-0.888 0.549984
-0.887695 0.55022

-0.887695 0.55022
-0.88768 0.550232

-0.88768 0.550232
-0.88739 0.550457

-0.88739 0.550457
-0.887285 0.550537

-0.887286 0.550537
-0.887085 0.550693

-0.887085 0.550693
-0.886892 0.550842

-0.886892 0.550842
-0.88678 0.550928

-0.88678 0.550929
-0.886497 0.551147

-0.886497 0.551147
-0.886475 0.551164

-0.886475 0.551165
-0.886169 0.551401

-0.886169 0.551401
-0.886102 0.551453

-0.886103 0.551453
-0.885864 0.551637

-0.885864 0.551638
-0.885708 0.551758

-0.885709 0.551758
-0.885559 0.551873

-0.885559 0.551873
-0.885314 0.552063

-0.885313 0.552063
-0.885254 0.552108

-0.885254 0.552109
-0.884949 0.552345

-0.884949 0.552345
-0.884919 0.552368

-0.884919 0.552368
-0.884644 0.552581

-0.884644 0.552582
-0.884523 0.552673

-0.884525 0.552673
-0.884338 0.552817

-0.884338 0.552817
-0.88413 0.552979

-0.88413 0.552979
-0.884033 0.553052

-0.884033 0.553053
-0.883735 0.553284

-0.883734 0.553284
-0.883728 0.553289

-0.883728 0.553289
-0.883423 0.553525

-0.883423 0.553525
-0.883339 0.553589

-0.88334 0.553589
-0.883118 0.553761

-0.883118 0.553761
-0.882945 0.553894

-0.882946 0.553894
-0.882812 0.553995

-0.882812 0.553997
-0.88255 0.554199

-0.882549 0.554199
-0.882507 0.554232

-0.882507 0.554232
-0.882202 0.554468

-0.882202 0.554468
-0.882155 0.554504

-0.882155 0.554504
-0.881897 0.554704

-0.881897 0.554705
-0.881759 0.55481

-0.88176 0.55481
-0.881592 0.554939

-0.881592 0.55494
-0.881365 0.555115

-0.881365 0.555115
-0.881287 0.555174

-0.881287 0.555175
-0.880981 0.555411

-0.880981 0.555411
-0.88097 0.55542

-0.88097 0.55542
-0.880676 0.555646

-0.880676 0.555647
-0.880573 0.555725

-0.880574 0.555725
-0.880371 0.555882

-0.880371 0.555882
-0.880179 0.55603

-0.88018 0.55603
-0.880066 0.556116

-0.880066 0.556118
-0.879784 0.556335

-0.879783 0.556335
-0.879761 0.556353

-0.879761 0.556353
-0.879456 0.556589

-0.879456 0.556589
-0.879388 0.556641

-0.879388 0.556641
-0.87915 0.556824

-0.87915 0.556825
-0.878992 0.556946

-0.878994 0.556946
-0.878845 0.557059

-0.878845 0.55706
-0.878597 0.557251

-0.878597 0.557251
-0.87854 0.557294

-0.87854 0.557295
-0.878235 0.557531

-0.878235 0.557531
-0.878201 0.557556

-0.878202 0.557556
-0.87793 0.557766

-0.87793 0.557767
-0.877805 0.557861

-0.877806 0.557861
-0.877625 0.558001

-0.877625 0.558001
-0.877411 0.558167

-0.87741 0.558167
-0.877319 0.558236

-0.877319 0.558237
-0.877015 0.558472

-0.877014 0.558472
-0.876709 0.558707

-0.876709 0.558708
-0.876618 0.558777

-0.876619 0.558777
-0.876404 0.558943

-0.876404 0.558943
-0.876223 0.559082

-0.876224 0.559082
-0.876099 0.559177

-0.876099 0.559178
-0.875827 0.559387

-0.875826 0.559387
-0.875793 0.559412

-0.875793 0.559413
-0.875488 0.559648

-0.875488 0.559648
-0.875431 0.559692

-0.875431 0.559692
-0.875183 0.559883

-0.875183 0.559884
-0.875034 0.559998

-0.875036 0.559998
-0.874878 0.560118

-0.874878 0.560119
-0.874639 0.560303

-0.874638 0.560303
-0.874573 0.560353

-0.874573 0.560354
-0.874268 0.560589

-0.874268 0.560589
-0.874243 0.560608

-0.874243 0.560608
-0.873962 0.560824

-0.873962 0.560825
-0.873845 0.560913

-0.873847 0.560913
-0.873657 0.561059

-0.873657 0.561059
-0.87345 0.561218

-0.873451 0.561218
-0.873352 0.561293

-0.873352 0.561294
-0.873054 0.561523

-0.873054 0.561523
-0.873047 0.561529

-0.873047 0.561529
-0.872742 0.561764

-0.872742 0.561764
-0.872657 0.561829

-0.872658 0.561829
-0.872437 0.561999

-0.872437 0.561999
-0.872261 0.562134

-0.872262 0.562134
-0.872131 0.562233

-0.872131 0.562234
-0.871865 0.562439

-0.871864 0.562439
-0.871826 0.562468

-0.871826 0.562469
-0.871521 0.562704

-0.871521 0.562704
-0.871468 0.562744

-0.871468 0.562744
-0.871216 0.562938

-0.871216 0.562939
-0.871071 0.563049

-0.871072 0.563049
-0.870911 0.563173

-0.870911 0.563173
-0.870675 0.563354

-0.870675 0.563354
-0.870605 0.563407

-0.870605 0.563408
-0.8703 0.563643

-0.8703 0.563643
-0.870278 0.56366

-0.870278 0.56366
-0.869995 0.563878

-0.869995 0.563878
-0.86988 0.563965

-0.869882 0.563965
-0.86969 0.564112

-0.86969 0.564112
-0.869485 0.56427

-0.869485 0.56427
-0.869385 0.564346

-0.869385 0.564347
-0.869088 0.564575

-0.869088 0.564575
-0.86908 0.564581

-0.86908 0.564582
-0.868774 0.564816

-0.868774 0.564817
-0.86869 0.56488

-0.868691 0.56488
-0.868469 0.565051

-0.868469 0.565051
-0.868294 0.565186

-0.868295 0.565186
-0.868164 0.565285

-0.868164 0.565286
-0.867897 0.565491

-0.867897 0.565491
-0.867859 0.565519

-0.867859 0.56552
-0.867554 0.565755

-0.867554 0.565755
-0.8675 0.565796

-0.8675 0.565796
-0.867249 0.565989

-0.867249 0.56599
-0.867102 0.566101

-0.867104 0.566101
-0.866943 0.566223

-0.866943 0.566224
-0.866706 0.566406

-0.866706 0.566406
-0.866638 0.566457

-0.866638 0.566458
-0.866333 0.566693

-0.866333 0.566693
-0.866309 0.566711

-0.866309 0.566711
-0.866028 0.566927

-0.866028 0.566928
-0.86591 0.567017

-0.865912 0.567017
-0.865723 0.567162

-0.865723 0.567162
-0.865514 0.567322

-0.865514 0.567322
-0.865417 0.567395

-0.865417 0.567396
-0.865117 0.567627

-0.865117 0.567627
-0.865112 0.56763

-0.865112 0.56763
-0.864807 0.567865

-0.864807 0.567865
-0.864719 0.567932

-0.86472 0.567932
-0.864502 0.568099

-0.864502 0.568099
-0.864322 0.568237

-0.864323 0.568237
-0.864197 0.568332

-0.864197 0.568334
-0.863925 0.568542

-0.863924 0.568542
-0.863892 0.568567

-0.863892 0.568568
-0.863586 0.568802

-0.863586 0.568802
-0.863527 0.568848

-0.863527 0.568848
-0.863281 0.569036

-0.863281 0.569037
-0.863129 0.569153

-0.86313 0.569153
-0.862976 0.56927

-0.862976 0.569271
-0.862732 0.569458

-0.862731 0.569458
-0.862671 0.569504

-0.862671 0.569505
-0.862366 0.569739

-0.862366 0.569739
-0.862334 0.569763

-0.862334 0.569763
-0.862061 0.569973

-0.862061 0.569974
-0.861935 0.570068

-0.861937 0.570068
-0.861755 0.570207

-0.861755 0.570207
-0.861539 0.570374

-0.861538 0.570374
-0.86145 0.57044

-0.86145 0.570441
-0.861145 0.570675

-0.861145 0.570675
-0.861141 0.570679

-0.861141 0.570679
-0.86084 0.570909

-0.86084 0.57091
-0.860742 0.570984

-0.860743 0.570984
-0.860535 0.571143

-0.860535 0.571144
-0.860345 0.571289

-0.860345 0.571289
-0.860229 0.571376

-0.860229 0.571377
-0.859947 0.571594

-0.859946 0.571594
-0.859924 0.571611

-0.859924 0.571611
-0.859619 0.571845

-0.859619 0.571846
-0.859548 0.571899

-0.859549 0.571899
-0.859314 0.572079

-0.859314 0.57208
-0.85915 0.572205

-0.859151 0.572205
-0.859009 0.572312

-0.859009 0.572313
-0.858752 0.57251

-0.858752 0.57251
-0.858704 0.572546

-0.858704 0.572547
-0.858398 0.572781

-0.858398 0.572781
-0.858354 0.572815

-0.858354 0.572815
-0.858093 0.573015

-0.858093 0.573016
-0.857955 0.57312

-0.857956 0.57312
-0.857788 0.573248

-0.857788 0.573249
-0.857558 0.573425

-0.857557 0.573425
-0.857483 0.573482

-0.857483 0.573482
-0.857178 0.573716

-0.857178 0.573716
-0.857159 0.57373

-0.857159 0.57373
-0.856873 0.57395

-0.856873 0.573951
-0.85676 0.574036

-0.856761 0.574036
-0.856567 0.574184

-0.856567 0.574184
-0.856363 0.574341

-0.856363 0.574341
-0.856262 0.574416

-0.856262 0.574418
-0.855964 0.574646

-0.855963 0.574646
-0.855957 0.574651

-0.855957 0.574651
-0.855652 0.574885

-0.855652 0.574885
-0.855565 0.574951

-0.855565 0.574951
-0.855347 0.575119

-0.855347 0.575119
-0.855167 0.575256

-0.855168 0.575256
-0.855042 0.575351

-0.855042 0.575352
-0.854768 0.575562

-0.854767 0.575562
-0.854736 0.575585

-0.854736 0.575586
-0.854431 0.575819

-0.854431 0.57582
-0.854369 0.575867

-0.854369 0.575867
-0.854126 0.576053

-0.854126 0.576053
-0.85397 0.576172

-0.853971 0.576172
-0.853821 0.576286

-0.853821 0.576287
-0.853572 0.576477

-0.853571 0.576477
-0.853516 0.576519

-0.853516 0.57652
-0.85321 0.576754

-0.85321 0.576754
-0.853173 0.576782

-0.853173 0.576782
-0.852905 0.576987

-0.852905 0.576988
-0.852773 0.577087

-0.852774 0.577087
-0.8526 0.57722

-0.8526 0.577221
-0.852375 0.577393

-0.852375 0.577393
-0.852295 0.577453

-0.852295 0.577454
-0.85199 0.577687

-0.85199 0.577687
-0.851976 0.577698

-0.851976 0.577698
-0.851685 0.577921

-0.851685 0.577921
-0.851576 0.578003

-0.851577 0.578003
-0.851379 0.578154

-0.851379 0.578154
-0.851178 0.578308

-0.851178 0.578308
-0.851074 0.578386

-0.851074 0.578388
-0.850779 0.578613

-0.850778 0.578613
-0.850769 0.57862

-0.850769 0.578621
-0.850464 0.578854

-0.850464 0.578855
-0.850379 0.578918

-0.85038 0.578918
-0.850159 0.579087

-0.850159 0.579088
-0.84998 0.579224

-0.849982 0.579224
-0.849854 0.57932

-0.849854 0.579321
-0.849581 0.579529

-0.849581 0.579529
-0.849548 0.579553

-0.849548 0.579554
-0.849243 0.579787

-0.849243 0.579787
-0.849182 0.579834

-0.849182 0.579834
-0.848938 0.58002

-0.848938 0.580021
-0.848782 0.580139

-0.848783 0.580139
-0.848633 0.580253

-0.848633 0.580254
-0.848383 0.580444

-0.848383 0.580444
-0.848328 0.580486

-0.848328 0.580487
-0.848022 0.58072

-0.848022 0.58072
-0.847984 0.58075

-0.847984 0.58075
-0.847717 0.580953

-0.847717 0.580954
-0.847583 0.581055

-0.847585 0.581055
-0.847412 0.581186

-0.847412 0.581186
-0.847185 0.58136

-0.847185 0.58136
-0.847107 0.581418

-0.847107 0.581419
-0.846802 0.581652

-0.846802 0.581652
-0.846785 0.581665

-0.846785 0.581665
-0.846497 0.581885

-0.846497 0.581886
-0.846384 0.58197

-0.846386 0.58197
-0.846191 0.582118

-0.846191 0.582119
-0.845986 0.582275

-0.845986 0.582275
-0.845886 0.58235

-0.845886 0.582351
-0.845586 0.582581

-0.845586 0.582581
-0.845581 0.582584

-0.845581 0.582584
-0.845276 0.582817

-0.845276 0.582818
-0.845186 0.582886

-0.845186 0.582886
-0.844971 0.58305

-0.844971 0.583051
-0.844787 0.583191

-0.844788 0.583191
-0.844666 0.583282

-0.844666 0.583283
-0.844387 0.583496

-0.844386 0.583496
-0.84436 0.583516

-0.84436 0.583516
-0.844055 0.583749

-0.844055 0.583749
-0.843986 0.583801

-0.843987 0.583801
-0.84375 0.583982

-0.84375 0.583982
-0.843586 0.584106

-0.843588 0.584106
-0.843445 0.584214

-0.843445 0.584215
-0.843187 0.584412

-0.843186 0.584412
-0.84314 0.584447

-0.84314 0.584448
-0.842834 0.58468

-0.842834 0.584681
-0.842787 0.584717

-0.842787 0.584717
-0.842529 0.584913

-0.842529 0.584914
-0.842386 0.585022

-0.842387 0.585022
-0.842224 0.585146

-0.842224 0.585146
-0.841987 0.585327

-0.841986 0.585327
-0.841919 0.585378

-0.841919 0.585379
-0.841614 0.585612

-0.841614 0.585612
-0.841586 0.585632

-0.841587 0.585632
-0.841309 0.585844

-0.841309 0.585845
-0.841185 0.585938

-0.841187 0.585938
-0.841003 0.586077

-0.841003 0.586077
-0.840786 0.586243

-0.840786 0.586243
-0.840698 0.586309

-0.840698 0.58631
-0.840393 0.586542

-0.840393 0.586542
-0.840386 0.586548

-0.840386 0.586548
-0.840088 0.586775

-0.840088 0.586776
-0.839984 0.586853

-0.839986 0.586853
-0.839783 0.587008

-0.839783 0.587008
-0.839585 0.587158

-0.839586 0.587158
-0.839478 0.587239

-0.839478 0.58724
-0.839185 0.587463

-0.839184 0.587463
-0.839172 0.587472

-0.839172 0.587473
-0.838867 0.587705

-0.838867 0.587706
-0.838783 0.587769

-0.838784 0.587769
-0.838562 0.587938

-0.838562 0.587938
-0.838384 0.588074

-0.838385 0.588074
-0.838257 0.588169

-0.838257 0.58817
-0.837983 0.588379

-0.837983 0.588379
-0.837952 0.588402

-0.837952 0.588403
-0.837646 0.588635

-0.837646 0.588636
-0.837582 0.588684

-0.837583 0.588684
-0.837341 0.588868

-0.837341 0.588868
-0.837181 0.588989

-0.837183 0.588989
-0.837036 0.5891

-0.837036 0.589101
-0.836782 0.589294

-0.836781 0.589294
-0.836731 0.589332

-0.836731 0.589333
-0.836426 0.589565

-0.836426 0.589565
-0.83638 0.5896

-0.836381 0.5896
-0.836121 0.589798

-0.836121 0.589798
-0.835979 0.589905

-0.835981 0.589905
-0.835815 0.59003

-0.835815 0.59003
-0.835579 0.59021

-0.835579 0.59021
-0.83551 0.590262

-0.83551 0.590262
-0.835205 0.590495

-0.835205 0.590495
-0.835178 0.590515

-0.835178 0.590515
-0.8349 0.590727

-0.8349 0.590728
-0.834776 0.59082

-0.834778 0.59082
-0.834595 0.590959

-0.834595 0.59096
-0.834377 0.591125

-0.834377 0.591125
-0.83429 0.591191

-0.83429 0.591192
-0.833984 0.591424

-0.833984 0.591424
-0.833976 0.591431

-0.833976 0.591431
-0.833679 0.591656

-0.833679 0.591657
-0.833574 0.591736

-0.833575 0.591736
-0.833374 0.591889

-0.833374 0.591889
-0.833174 0.592041

-0.833174 0.592041
-0.833069 0.59212

-0.833069 0.592121
-0.832773 0.592346

-0.832772 0.592346
-0.832764 0.592353

-0.832764 0.592353
-0.832458 0.592585

-0.832458 0.592586
-0.832371 0.592651

-0.832372 0.592651
-0.832153 0.592818

-0.832153 0.592818
-0.831971 0.592957

-0.831972 0.592957
-0.831848 0.593049

-0.831848 0.59305
-0.83157 0.593262

-0.831569 0.593262
-0.831543 0.593281

-0.831543 0.593282
-0.831238 0.593514

-0.831238 0.593514
-0.831168 0.593567

-0.831168 0.593567
-0.830933 0.593746

-0.830933 0.593746
-0.830767 0.593872

-0.830768 0.593872
-0.830627 0.593978

-0.830627 0.593978
-0.830366 0.594177

-0.830365 0.594177
-0.830322 0.59421

-0.830322 0.59421
-0.830017 0.594442

-0.830017 0.594443
-0.829964 0.594482

-0.829965 0.594482
-0.829712 0.594675

-0.829712 0.594675
-0.829562 0.594788

-0.829564 0.594788
-0.829407 0.594906

-0.829407 0.594907
-0.829162 0.595093

-0.829161 0.595093
-0.829102 0.595138

-0.829102 0.595139
-0.828796 0.595371

-0.828796 0.595371
-0.82876 0.595398

-0.82876 0.595398
-0.828491 0.595603

-0.828491 0.595603
-0.828358 0.595703

-0.828359 0.595703
-0.828186 0.595834

-0.828186 0.595835
-0.827958 0.596008

-0.827957 0.596008
-0.827881 0.596066

-0.827881 0.596067
-0.827576 0.596299

-0.827576 0.596299
-0.827556 0.596313

-0.827556 0.596313
-0.827271 0.59653

-0.827271 0.596531
-0.827153 0.596619

-0.827155 0.596619
-0.826965 0.596762

-0.826965 0.596763
-0.826753 0.596924

-0.826753 0.596924
-0.82666 0.596993

-0.82666 0.596994
-0.826355 0.597226

-0.826355 0.597226
-0.826351 0.597229

-0.826351 0.597229
-0.82605 0.597458

-0.82605 0.597459
-0.825949 0.597534

-0.82595 0.597534
-0.825745 0.59769

-0.825745 0.59769
-0.825548 0.597839

-0.825549 0.597839
-0.825439 0.597921

-0.825439 0.597922
-0.825146 0.598145

-0.825146 0.598145
-0.825134 0.598153

-0.825134 0.598154
-0.824829 0.598385

-0.824829 0.598386
-0.824744 0.59845

-0.824745 0.59845
-0.824524 0.598617

-0.824524 0.598617
-0.824343 0.598755

-0.824344 0.598755
-0.824219 0.598848

-0.824219 0.598849
-0.823941 0.59906

-0.82394 0.59906
-0.823914 0.59908

-0.823914 0.599081
-0.823608 0.599313

-0.823608 0.599313
-0.823538 0.599365

-0.823539 0.599365
-0.823303 0.599544

-0.823303 0.599545
-0.823137 0.59967

-0.823138 0.59967
-0.822998 0.599775

-0.822998 0.599776
-0.822735 0.599976

