-1.66829 0.0
-1.66827 0.000610352

-1.66827 0.000610352
-1.66824 0.0012207

-1.66824 0.0012207
-1.66818 0.00183105

-1.66818 0.00183105
-1.6681 0.00244141

-1.6681 0.00244141
-1.66799 0.00305176

-1.66799 0.00305176
-1.66785 0.00366211

-1.66785 0.00366211
-1.66772 0.00415904

-1.66772 0.00416112
-1.6677 0.00427246

-1.6677 0.00427246
-1.66751 0.00488281

-1.66751 0.00488281
-1.66729 0.00549316

-1.66729 0.00549316
-1.66711 0.00593826

-1.66711 0.00594079
-1.66705 0.00610352

-1.66705 0.00610352
-1.66677 0.00671387

-1.66677 0.00671387
-1.6665 0.00723671

-1.6665 0.00723976
-1.66646 0.00732422

-1.66646 0.00732422
-1.66611 0.00793457

-1.66611 0.00793457
-1.66589 0.00827396

-1.66589 0.00827583
-1.66572 0.00854492

-1.66572 0.00854492
-1.66528 0.00915527

-1.66529 0.00915527
-1.66528 0.00915917

-1.66528 0.00915914
-1.6648 0.00976562

-1.66479 0.00976562
-1.66467 0.0099073

-1.66467 0.00990455
-1.66425 0.010376

-1.66425 0.010376
-1.66406 0.0105645

-1.66406 0.010564
-1.66362 0.0109863

-1.66362 0.0109863
-1.66345 0.0111395

-1.66345 0.0111397
-1.66291 0.0115967

-1.66291 0.0115967
-1.66284 0.0116483

-1.66284 0.011648
-1.66223 0.0120985

-1.66223 0.0120915
-1.66205 0.012207

-1.66207 0.012207
-1.66162 0.0124963

-1.66162 0.0124918
-1.66105 0.0128174

-1.66106 0.0128174
-1.66101 0.0128426

-1.66101 0.0128421
-1.6604 0.0131474

-1.6604 0.0131451
-1.65979 0.0134097

-1.65979 0.013401
-1.65972 0.0134277

-1.65975 0.0134277
-1.65918 0.0136383

-1.65918 0.0136359
-1.65857 0.0138248

-1.65857 0.0138245
-1.65796 0.0139793

-1.65796 0.0139762
-1.65765 0.0140381

-1.65768 0.0140381
-1.65735 0.0141035

-1.65735 0.0141
-1.65674 0.0141877

-1.65674 0.0141876
-1.65613 0.0142433

-1.65613 0.0142432
-1.65552 0.0142671

-1.65552 0.0142671
-1.65491 0.0142595

-1.65491 0.0142596
-1.6543 0.0142203

-1.64575 0.00964742
-1.64585 0.00976562

-1.64453 0.00796695
-1.64491 0.00854492

-1.64514 0.00886602
-1.64535 0.00915527

-1.64575 0.00964593
-1.64535 0.00915527

-1.64514 0.00886692
-1.64491 0.00854492

-1.6543 0.0142205
-1.65369 0.0141492

-1.65369 0.0141487
-1.65308 0.014046

-1.65247 0.0139121
-1.65303 0.0140381

-1.65308 0.0140391
-1.65307 0.0140381

-1.65247 0.013911
-1.65186 0.0137403

-1.65063 0.0132977
-1.65096 0.0134277

-1.65186 0.0137406
-1.65125 0.0135357

-1.65125 0.0135334
-1.65098 0.0134277

-1.65063 0.013295
-1.65002 0.0130143

-1.64941 0.0126971
-1.64964 0.0128174

-1.65002 0.0130133
-1.64965 0.0128174

-1.64819 0.0119199
-1.64862 0.012207

-1.64697 0.0109246
-1.64704 0.0109863

-1.64758 0.0114529
-1.64777 0.0115967

-1.64819 0.0119144
-1.64778 0.0115967

-1.64758 0.0114498
-1.64705 0.0109863

-1.64941 0.0126936
-1.6488 0.0123282

-1.6488 0.0123215
-1.64863 0.012207

-1.64636 0.0103268
-1.64641 0.010376

-1.64697 0.0109232
-1.64641 0.010376

-1.64636 0.010326
-1.64585 0.00976562

-1.64229 0.0
-1.6423 0.000610352

-1.6423 0.000610352
-1.64234 0.0012207

-1.64234 0.0012207
-1.6424 0.00183105

-1.6424 0.00183105
-1.64248 0.00244141

-1.6427 0.00353404
-1.64273 0.00366211

-1.64248 0.00244141
-1.64259 0.00305176

-1.6427 0.00353378
-1.64259 0.00305176

-1.64273 0.00366211
-1.64289 0.00427246

-1.64289 0.00427246
-1.64308 0.00488281

-1.64331 0.00551133
-1.64355 0.00610352

-1.64392 0.00687545
-1.64416 0.00732422

-1.64355 0.00610352
-1.64384 0.00671387

-1.64392 0.00687426
-1.64384 0.00671387

-1.64308 0.00488281
-1.6433 0.00549316

-1.64331 0.00550973
-1.6433 0.00549316

-1.64415 0.00732422
-1.64451 0.00793457

-1.64453 0.00796305
-1.64451 0.00793457

-1.62005 0.0
-1.61975 0.000610352

-1.61982 0.000610352
-1.61951 0.000889529

-1.61951 0.000824075
-1.6189 0.00104422

-1.6189 0.000968672
-1.61829 0.000839155

-1.61768 0.00059278
-1.61774 0.000610352

-1.61829 0.000755385
-1.61773 0.000610352

-1.61768 0.000598696
-1.61707 0.000567853

-1.61768 0.000614397
-1.6176 0.000610352

-1.61686 0.000610352
-1.61646 0.000616978

-1.61584 0.000589471
-1.61624 0.000610352

-1.61646 0.000611449
-1.61641 0.000610352

-1.61584 0.000577342
-1.61523 0.000581632

-1.61523 0.000598322
-1.61498 0.000610352

-1.61464 0.000610352
-1.61462 0.000610792

-1.61401 0.000600985
-1.61429 0.000610352

-1.61401 0.000597911
-1.6134 0.000576183

-1.6134 0.000583242
-1.61279 0.000589785

-1.61281 0.000610352
-1.61279 0.000610417

-1.61279 0.000595702
-1.61218 0.000591478

-1.61218 0.000583177
-1.61157 0.000581401

-1.61157 0.000577783
-1.61096 0.000605845

-1.61035 0.000598165
-1.60974 0.000571396

-1.60974 0.000579464
-1.60913 0.000587701

-1.60913 0.000597878
-1.60852 0.000588158

-1.60852 0.000577087
-1.60791 0.000570639

-1.60791 0.000568403
-1.6073 0.000604738

-1.60669 0.000608213
-1.60678 0.000610352

-1.60669 0.000589276
-1.60608 0.000554086

-1.60608 0.000562696
-1.60547 0.00058732

-1.60547 0.000588442
-1.60486 0.000604166

-1.60486 0.000602238
-1.60425 0.000579225

-1.60425 0.000583633
-1.60364 0.000562951

-1.60364 0.000561032
-1.60303 0.000579067

-1.60303 0.000579637
-1.60242 0.000603017

-1.60242 0.000599953
-1.60181 0.000586906

-1.60181 0.000582086
-1.6012 0.000574474

-1.6012 0.000582138
-1.60059 0.000589498

-1.60059 0.000547667
-1.6001 0.000610352

-1.60008 0.000610352
-1.59998 0.000621178

-1.59998 0.000635397
-1.59937 0.000799551

-1.59937 0.000827245
-1.59875 0.00100154

-1.59875 0.0010073
-1.59814 0.00112482

-1.59814 0.00112876
-1.59753 0.0011701

-1.59753 0.00117281
-1.59692 0.00112466

-1.59692 0.00115334
-1.59631 0.000952916

-1.5957 0.000387097
-1.59585 0.000610352

-1.59631 0.000992721
-1.59579 0.000610352

-1.5957 0.00047404
-1.59529 0.0

-1.5957 0.000632207
-1.59559 0.000610352

-1.59496 0.0
-1.59469 0.000610352

-1.59509 0.000693332
-1.59448 0.00103377

-1.59448 0.00029257
-1.59432 0.000610352

-1.59448 0.0011957
-1.59393 0.000610352

-1.5937 0.0
-1.59326 0.000544615

-1.59326 0.000315837
-1.59265 0.000367659

-1.59265 0.000331636
-1.59204 0.000122839

-1.59204 0.000295178
-1.59143 0.000155354

-1.59143 0.000337524
-1.59084 0.0

-1.59082 0.000284829
-1.59039 0.0

-1.59021 0.000262387
-1.58989 0.0

-1.5896 0.000235971
-1.58946 0.0

-1.58839 0.0
-1.58838 0.000137376

-1.58841 0.000610352
-1.58838 0.000766415

-1.58838 0.000154542
-1.58837 0.000610352

-1.58838 0.000716912
-1.58827 0.0012207

-1.58831 0.0012207
-1.58794 0.00183105

-1.58803 0.00183105
-1.58777 0.00210444

-1.58777 0.00199522
-1.58716 0.00244109

-1.58716 0.00241049
-1.58707 0.00244141

-1.5871 0.00244141
-1.58655 0.00263116

-1.58655 0.00261962
-1.58594 0.00264994

-1.58472 0.00223611
-1.58511 0.00244141

-1.58355 0.0
-1.58363 0.000610352

-1.58362 0.000610352
-1.58385 0.0012207

-1.58411 0.00168068
-1.58422 0.00183105

-1.58472 0.00221604
-1.58429 0.00183105

-1.58411 0.00155606
-1.58387 0.0012207

-1.58594 0.00264997
-1.58533 0.00252236

-1.58533 0.00249523
-1.58522 0.00244141

-1.57776 0.0
-1.57739 0.000392064

-1.57733 0.0
-1.57678 0.000290725

-1.57674 0.0
-1.57617 0.000482801

-1.57617 0.000289783
-1.57556 0.000535573

-1.57561 0.000610352
-1.57556 0.000617729

-1.57495 0.000226649
-1.57555 0.000610352

-1.57556 0.000618616
-1.57553 0.000610352

-1.57495 0.00030949
-1.57447 0.0

-1.57434 0.000123986
-1.57373 0.000333408

-1.57373 0.000361215
-1.57312 6.2855e-05

-1.57294 0.0
-1.57251 0.000297478

-1.57251 0.000273701
-1.5719 0.000528788

-1.5719 0.00057348
-1.57133 0.0

-1.57129 6.10923e-06
-1.57068 0.000125473

-1.57068 0.000174644
-1.57007 0.000457052

-1.57007 0.00042009
-1.56947 0.0

-1.56946 0.000376342
-1.56908 0.0

-1.56858 0.0
-1.56824 0.000161123

-1.5681 0.0
-1.56763 0.000454613

-1.56763 2.92377e-05
-1.56702 0.000476021

-1.56702 0.000455477
-1.56641 0.000456498

-1.56641 0.000541348
-1.56583 0.0

-1.56573 0.0
-1.56519 0.000260941

-1.56519 0.00033045
-1.56458 0.000459562

-1.56458 0.000388957
-1.56397 0.0

-1.56396 0.000125359
-1.56335 0.000249898

-1.56335 0.000189811
-1.56274 0.000307149

-1.56274 0.000115528
-1.56213 0.00037917

-1.56213 0.000532036
-1.56152 0.000298521

-1.56152 0.000333734
-1.56117 0.0

-1.56085 0.0
-1.5603 0.000382968

-1.5603 0.000109277
-1.55969 0.000413569

-1.55969 0.000407323
-1.55908 0.000280451

-1.55908 0.00047505
-1.55861 0.0

-1.55828 0.0
-1.55786 0.000229936

-1.55786 0.000109918
-1.55725 0.000491976

-1.55725 0.000598115
-1.55668 0.0

-1.55286 0.0
-1.55272 0.000610352

-1.55276 0.000610352
-1.55237 0.00113218

-1.55237 0.00112847
-1.55225 0.0012207

-1.55225 0.0012207
-1.55176 0.00151721

-1.55176 0.00149323
-1.55115 0.00154138

-1.55115 0.00158305
-1.55054 0.00127108

-1.55003 0.0
-1.55015 0.000610352

-1.55003 0.000610352
-1.55049 0.0012207

-1.54993 0.00032909
-1.5497 0.0

-1.55054 0.00129418
-1.55045 0.0012207

-1.54932 5.91871e-05
-1.54871 0.000482279

-1.54871 0.000221791
-1.5481 0.000301657

-1.5481 0.000288979
-1.54749 0.000349622

-1.54749 0.000288839
-1.54688 0.000314216

-1.54688 0.000296141
-1.54626 0.00037736

-1.54626 0.000323576
-1.54565 0.000397983

-1.54565 0.000375371
-1.54504 0.000416312

-1.54504 0.00039379
-1.54443 0.000396987

-1.54443 0.000397536
-1.54382 0.000399683

-1.54382 0.000397049
-1.54321 0.000397456

-1.54321 0.000398377
-1.5426 0.00039955

-1.5426 0.000396426
-1.54199 0.00040012

-1.54199 0.000401788
-1.54138 0.000402586

-1.54138 0.000399113
-1.54077 0.00039883

-1.54077 0.000402588
-1.54016 0.000401291

-1.54016 0.000397381
-1.53955 0.000398295

-1.53955 0.000404623
-1.53894 0.000400855

-1.53894 0.000395577
-1.53833 0.000393523

-1.53833 0.000401085
-1.53772 0.00040082

-1.53772 0.00039469
-1.53711 0.00039395

-1.53711 0.000401997
-1.5365 0.000398622

-1.5365 0.000392806
-1.53589 0.000389985

-1.53589 0.000404994
-1.53528 0.000390752

-1.53528 0.000387079
-1.53467 0.000371344

-1.53467 0.000385336
-1.53406 0.000383926

-1.53406 0.000443623
-1.53345 0.00031245

-1.53345 0.000263398
-1.53284 0.000301929

-1.53284 0.000481411
-1.53223 0.00033147

-1.53223 0.00058394
-1.53185 0.0

-1.53113 0.0
-1.53101 5.04424e-05

-1.53101 9.40181e-05
-1.5304 0.000374202

-1.5304 0.00017282
-1.52979 1.07098e-05

-1.52939 0.0
-1.52929 0.000610352

-1.52936 0.000610352
-1.52917 0.00104462

-1.52917 0.00103313
-1.52911 0.0012207

-1.52917 0.00122937
-1.52861 0.00183105

-1.52856 0.00183105
-1.52795 0.00210946

-1.52795 0.00209404
-1.52734 0.00213435

-1.52734 0.00213654
-1.52673 0.00196364

-1.52612 0.00153908
-1.5265 0.00183105

-1.52673 0.00197382
-1.5265 0.00183105

-1.52551 0.000210146
-1.52557 0.000610352

-1.52556 0.000610352
-1.52586 0.0012207

-1.52551 0.000208902
-1.52548 0.0

-1.52612 0.00155173
-1.52584 0.0012207

-1.49789 0.0
-1.49749 0.000610352

-1.49744 0.000404124
-1.49696 0.000610352

-1.49686 0.000610352
-1.49683 0.000618403

-1.49683 0.000520406
-1.49622 0.000517352

-1.49683 0.000611019
-1.49657 0.000610352

-1.49622 0.000527467
-1.49561 0.000526933

-1.49622 0.000610377
-1.49616 0.000610352

-1.49561 0.000518037
-1.495 0.000518793

-1.49503 0.000610352
-1.495 0.000610376

-1.49438 0.000393609
-1.49485 0.000610352

-1.49395 0.0
-1.49434 0.000610352

-1.49438 0.000622795
-1.49436 0.000610352

-1.49377 2.93705e-05
-1.49366 0.0

-1.49303 0.0
-1.49255 0.00051524

-1.49255 0.000506538
-1.49199 0.0

-1.32135 0.0389152
-1.32156 0.0390625

-1.32104 0.0387072
-1.32112 0.0387573

-1.32135 0.0389149
-1.32112 0.0387573

-1.32043 0.0382977
-1.32067 0.0384521

-1.32104 0.0387062
-1.32074 0.0385004

-1.32074 0.0384999
-1.32067 0.0384521

-1.32013 0.0380986
-1.3202 0.038147

-1.32043 0.0382974
-1.3202 0.038147

-1.32013 0.0380978
-1.31982 0.0379008

-1.31769 0.0365954
-1.31773 0.0366211

-1.31769 0.0365949
-1.31738 0.0364179

-1.31952 0.0377067
-1.31973 0.0378418

-1.31921 0.0375157
-1.31925 0.0375366

-1.31952 0.0377064
-1.31925 0.0375366

-1.3186 0.0371398
-1.31875 0.0372314

-1.31921 0.0375151
-1.31891 0.0373261

-1.31891 0.0373259
-1.31875 0.0372314

-1.31982 0.0379005
-1.31973 0.0378418

-1.3186 0.0371395
-1.3183 0.0369556

-1.31799 0.0367742
-1.31825 0.0369263

-1.3183 0.0369555
-1.31825 0.0369263

-1.31799 0.0367739
-1.31773 0.0366211

-1.31311 0.0341474
-1.31318 0.0341797

-1.31311 0.0341472
-1.31281 0.033998

-1.3125 0.0338506
-1.31255 0.0338745

-1.31281 0.0339978
-1.31255 0.0338745

-1.31708 0.0362433
-1.3172 0.0363159

-1.31738 0.0364176
-1.31721 0.0363159

-1.31708 0.036243
-1.31677 0.0360703

-1.31647 0.0358999
-1.31667 0.0360107

-1.31647 0.0358997
-1.31616 0.0357312

-1.31677 0.0360702
-1.31667 0.0360107

-1.31555 0.0354002
-1.31525 0.0352374

-1.31494 0.0350768
-1.31498 0.0350952

-1.31525 0.0352372
-1.31498 0.0350952

-1.31586 0.0355648
-1.31611 0.0357056

-1.31616 0.0357312
-1.31612 0.0357056

-1.31586 0.0355646
-1.31555 0.0354004

-1.31433 0.0347602
-1.31439 0.03479

-1.31494 0.0350765
-1.31464 0.0349174

-1.31464 0.0349171
-1.31439 0.03479

-1.31433 0.03476
-1.31403 0.0346043

-1.31372 0.0344506
-1.31379 0.0344849

-1.31403 0.0346041
-1.31379 0.0344849

-1.31372 0.0344503
-1.31342 0.034298

-1.31342 0.0342978
-1.31318 0.0341797

-1.33203 0.0496926
-1.33206 0.0497437

-1.33206 0.0497437
-1.33225 0.0500488

-1.33295 0.0512588
-1.33295 0.0512695

-1.33264 0.0507131
-1.33278 0.0509644

-1.33295 0.051259
-1.33278 0.0509644

-1.33234 0.0501922
-1.33243 0.050354

-1.33243 0.050354
-1.33261 0.0506592

-1.33234 0.0501923
-1.33225 0.0500488

-1.33264 0.0507129
-1.33261 0.0506592

-1.33325 0.0518339
-1.33328 0.0518799

-1.33356 0.0524407
-1.33358 0.0524902

-1.33328 0.0518799
-1.33343 0.0521851

-1.33356 0.0524408
-1.33343 0.0521851

-1.33386 0.0530836
-1.33387 0.0531006

-1.33387 0.0531006
-1.33401 0.0534058

-1.33401 0.0534058
-1.33414 0.0537109

-1.33358 0.0524902
-1.33373 0.0527954

-1.33386 0.0530837
-1.33373 0.0527954

-1.33295 0.0512695
-1.33312 0.0515747

-1.33325 0.0518341
-1.33312 0.0515747

-1.33447 0.0545056
-1.33452 0.0546265

-1.33452 0.0546265
-1.33464 0.0549316

-1.33478 0.0553006
-1.33487 0.055542

-1.33464 0.0549316
-1.33475 0.0552368

-1.33478 0.0553003
-1.33475 0.0552368

-1.33487 0.055542
-1.33497 0.0558472

-1.33497 0.0558472
-1.33508 0.0561523

-1.33569 0.0582185
-1.33571 0.0582886

-1.33571 0.0582886
-1.33579 0.0585938

-1.33508 0.0561689
-1.33518 0.0564575

-1.33518 0.0564575
-1.33528 0.0567627

-1.33539 0.0571318
-1.33546 0.057373

-1.33528 0.0567627
-1.33537 0.0570679

-1.33539 0.0571315
-1.33537 0.0570679

-1.33508 0.0561685
-1.33508 0.0561523

-1.33546 0.057373
-1.33555 0.0576782

-1.33555 0.0576782
-1.33563 0.0579834

-1.33569 0.0582183
-1.33563 0.0579834

-1.33417 0.0537698
-1.33427 0.0540161

-1.33427 0.0540161
-1.3344 0.0543213

-1.33417 0.0537695
-1.33414 0.0537109

-1.33447 0.0545056
-1.3344 0.0543213

-1.33579 0.0585938
-1.33586 0.0588989

-1.33586 0.0588989
-1.33594 0.0592041

-1.336 0.0594813
-1.336 0.0595093

-1.336 0.0595093
-1.33607 0.0598145

-1.336 0.0594811
-1.33594 0.0592041

-1.3363 0.0610259
-1.33631 0.0610352

-1.33607 0.0598145
-1.33613 0.0601196

-1.33613 0.0601196
-1.33619 0.0604248

-1.33619 0.0604248
-1.33625 0.06073

-1.3363 0.0610255
-1.33625 0.06073

-1.33631 0.0610352
-1.33636 0.0613403

-1.33636 0.0613403
-1.33641 0.0616455

-1.33641 0.0616455
-1.33645 0.0619507

-1.33645 0.0619507
-1.3365 0.0622559

-1.3365 0.0622559
-1.33654 0.062561

-1.33654 0.062561
-1.33658 0.0628662

-1.33661 0.0631382
-1.33661 0.0631714

-1.33661 0.0631714
-1.33665 0.0634766

-1.33661 0.0631374
-1.33658 0.0628662

-1.33665 0.0634766
-1.33668 0.0637817

-1.33668 0.0637817
-1.33671 0.0640869

-1.33671 0.0640869
-1.33673 0.0643921

-1.33673 0.0643921
-1.33676 0.0646973

-1.33676 0.0646973
-1.33678 0.0650024

-1.33678 0.0650024
-1.3368 0.0653076

-1.3368 0.0653076
-1.33682 0.0656128

-1.33682 0.0656128
-1.33683 0.065918

-1.33683 0.065918
-1.33685 0.0662231

-1.33685 0.0662231
-1.33686 0.0665283

-1.33686 0.0665283
-1.33686 0.0668335

-1.33686 0.0668335
-1.33687 0.0671387

-1.33687 0.0671387
-1.33688 0.0674438

-1.33688 0.0674438
-1.33688 0.067749

-1.33688 0.067749
-1.33688 0.0680542

-1.33688 0.0680542
-1.33688 0.0683594

-1.33688 0.0683594
-1.33687 0.0686646

-1.33687 0.0686646
-1.33687 0.0689697

-1.33687 0.0689697
-1.33686 0.0692749

-1.33686 0.0692749
-1.33685 0.0695801

-1.33685 0.0695801
-1.33684 0.0698853

-1.33684 0.0698853
-1.33683 0.0701904

-1.33683 0.0701904
-1.33681 0.0704956

-1.33681 0.0704956
-1.3368 0.0708008

-1.3368 0.0708008
-1.33678 0.071106

-1.33678 0.071106
-1.33676 0.0714111

-1.33676 0.0714111
-1.33673 0.0717163

-1.33673 0.0717163
-1.33671 0.0720215

-1.33671 0.0720215
-1.33669 0.0723267

-1.33669 0.0723267
-1.33666 0.0726318

-1.33666 0.0726318
-1.33663 0.072937

-1.33663 0.072937
-1.33661 0.0731374

-1.33661 0.0731364
-1.3366 0.0732422

-1.3366 0.0732422
-1.33657 0.0735474

-1.33657 0.0735474
-1.33653 0.0738525

-1.33653 0.0738525
-1.3365 0.0741577

-1.3365 0.0741577
-1.33646 0.0744629

-1.33646 0.0744629
-1.33642 0.0747681

-1.33642 0.0747681
-1.33638 0.0750732

-1.33638 0.0750732
-1.33634 0.0753784

-1.33634 0.0753784
-1.3363 0.0756225

-1.3363 0.0756218
-1.33629 0.0756836

-1.33629 0.0756836
-1.33625 0.0759888

-1.33625 0.0759888
-1.3362 0.0762939

-1.3362 0.0762939
-1.33616 0.0765991

-1.33616 0.0765991
-1.33611 0.0769043

-1.33611 0.0769043
-1.33606 0.0772095

-1.33606 0.0772095
-1.336 0.0775146

-1.336 0.0775146
-1.336 0.0775404

-1.336 0.0775399
-1.33595 0.0778198

-1.33595 0.0778198
-1.33589 0.078125

-1.32715 0.0436578
-1.32744 0.0439453

-1.32959 0.0463149
-1.32965 0.0463867

-1.33142 0.0487548
-1.33147 0.0488281

-1.33081 0.0478871
-1.33083 0.0479126

-1.33083 0.0479126
-1.33105 0.0482178

-1.33112 0.0483136
-1.33126 0.0485229

-1.33142 0.0487559
-1.33126 0.0485229

-1.33112 0.0483143
-1.33105 0.0482178

-1.33051 0.0474735
-1.3306 0.0476074

-1.3302 0.0470757
-1.33038 0.0473022

-1.33051 0.047475
-1.33038 0.0473022

-1.3299 0.0466897
-1.3299 0.0466919

-1.3299 0.0466919
-1.33014 0.0469971

-1.3299 0.0466887
-1.32965 0.0463867

-1.3302 0.0470759
-1.33014 0.0469971

-1.33081 0.0478863
-1.33061 0.0476074

-1.32837 0.0449173
-1.3286 0.045166

-1.32898 0.0455955
-1.32913 0.0457764

-1.32928 0.0459501
-1.32939 0.0460815

-1.32959 0.0463143
-1.3294 0.0460815

-1.32928 0.0459518
-1.32914 0.0457764

-1.32867 0.0452521
-1.32887 0.0454712

-1.32898 0.0455973
-1.32887 0.0454712

-1.32867 0.0452528
-1.3286 0.045166

-1.32776 0.0442723
-1.32803 0.0445557

-1.32806 0.0445909
-1.32832 0.0448608

-1.32837 0.0449174
-1.32832 0.0448608

-1.32806 0.0445908
-1.32803 0.0445557

-1.32745 0.0439614
-1.32774 0.0442505

-1.32776 0.0442722
-1.32774 0.0442505

-1.32745 0.0439612
-1.32744 0.0439453

-1.32471 0.0414536
-1.32477 0.0415039

-1.32593 0.0425102
-1.32616 0.0427246

-1.32654 0.0430712
-1.32682 0.043335

-1.32684 0.0433612
-1.32713 0.0436401

-1.32715 0.0436581
-1.32713 0.0436401

-1.32684 0.0433614
-1.32682 0.043335

-1.32623 0.0427876
-1.32649 0.0430298

-1.32654 0.0430712
-1.32649 0.0430298

-1.32623 0.0427874
-1.32616 0.0427246

-1.32532 0.0419723
-1.32548 0.0421143

-1.32562 0.0422388
-1.32583 0.0424194

-1.32593 0.0425095
-1.32583 0.0424194

-1.32562 0.042237
-1.32548 0.0421143

-1.32501 0.0417103
-1.32513 0.0418091

-1.32532 0.04197
-1.32513 0.0418091

-1.32501 0.0417096
-1.32477 0.0415039

-1.32471 0.0414534
-1.3244 0.0412019

-1.3241 0.040955
-1.3244 0.0411987

-1.3244 0.0412021
-1.3244 0.0411987

-1.32379 0.0407127
-1.32402 0.0408936

-1.32349 0.0404757
-1.32363 0.0405884

-1.32379 0.0407118
-1.32363 0.0405884

-1.3241 0.0409548
-1.32402 0.0408936

-1.32318 0.0402408
-1.32324 0.0402832

-1.32318 0.0402405
-1.32288 0.0400105

-1.32227 0.0395623
-1.32242 0.0396729

-1.32257 0.0397843
-1.32283 0.039978

-1.32288 0.0400103
-1.32283 0.039978

-1.32257 0.0397838
-1.32242 0.0396729

-1.32349 0.0404742
-1.32324 0.0402832

-1.33173 0.0492154
-1.33187 0.0494385

-1.33147 0.0488281
-1.33167 0.0491333

-1.33173 0.0492156
-1.33167 0.0491333

-1.33203 0.0496933
-1.33187 0.0494385

-1.32196 0.039343
-1.322 0.0393677

-1.32227 0.0395615
-1.322 0.0393677

-1.32196 0.0393428
-1.32166 0.0391274

-1.32166 0.0391266
-1.32156 0.0390625

-1.33589 0.078125
-1.33584 0.0784302

-1.33584 0.0784302
-1.33578 0.0787354

-1.33578 0.0787354
-1.33572 0.0790405

-1.33572 0.0790405
-1.33569 0.0791744

-1.33569 0.0791741
-1.33566 0.0793457

-1.33566 0.0793457
-1.3356 0.0796509

-1.3356 0.0796509
-1.33553 0.0799561

-1.33553 0.0799561
-1.33547 0.0802612

-1.33547 0.0802612
-1.3354 0.0805664

-1.3354 0.0805664
-1.33539 0.0806321

-1.33539 0.0806317
-1.33534 0.0808716

-1.33534 0.0808716
-1.33527 0.0811768

-1.33527 0.0811768
-1.3352 0.0814819

-1.3352 0.0814819
-1.33513 0.0817871

-1.33513 0.0817871
-1.33508 0.0819642

-1.33508 0.0819639
-1.33505 0.0820923

-1.33505 0.0820923
-1.33498 0.0823975

-1.33498 0.0823975
-1.3349 0.0827026

-1.3349 0.0827026
-1.33483 0.0830078

-1.33483 0.0830078
-1.33478 0.0832026

-1.33478 0.0832023
-1.33475 0.083313

-1.33475 0.083313
-1.33467 0.0836182

-1.33467 0.0836182
-1.33459 0.0839233

-1.33459 0.0839233
-1.33451 0.0842285

-1.33451 0.0842285
-1.33447 0.0843668

-1.33447 0.0843665
-1.33443 0.0845337

-1.33443 0.0845337
-1.33434 0.0848389

-1.33434 0.0848389
-1.33426 0.085144

-1.33426 0.085144
-1.33417 0.0854492

-1.33417 0.0854492
-1.33417 0.0854712

-1.33417 0.0854708
-1.33409 0.0857544

-1.33409 0.0857544
-1.334 0.0860596

-1.334 0.0860596
-1.33391 0.0863647

-1.33391 0.0863647
-1.33386 0.0865241

-1.33386 0.0865239
-1.33382 0.0866699

-1.33382 0.0866699
-1.33373 0.0869751

-1.33373 0.0869751
-1.33364 0.0872803

-1.33364 0.0872803
-1.33356 0.0875349

-1.33356 0.0875346
-1.33354 0.0875854

-1.33354 0.0875854
-1.33345 0.0878906

-1.33345 0.0878906
-1.33335 0.0881958

-1.33335 0.0881958
-1.33325 0.088501

-1.33325 0.088501
-1.33325 0.0885089

-1.33325 0.0885086
-1.33316 0.0888062

-1.33316 0.0888062
-1.33306 0.0891113

-1.33306 0.0891113
-1.33296 0.0894165

-1.33296 0.0894165
-1.33295 0.0894498

-1.33295 0.0894495
-1.33286 0.0897217

-1.33286 0.0897217
-1.33275 0.0900269

-1.33275 0.0900269
-1.33265 0.090332

-1.33265 0.090332
-1.33264 0.0903622

-1.33264 0.090362
-1.33255 0.0906372

-1.33255 0.0906372
-1.33244 0.0909424

-1.33244 0.0909424
-1.33234 0.0912476

-1.33234 0.0912476
-1.33234 0.0912492

-1.33234 0.0912489
-1.33223 0.0915527

-1.33223 0.0915527
-1.33212 0.0918579

-1.33212 0.0918579
-1.33203 0.0921124

-1.33203 0.0921122
-1.33201 0.0921631

-1.33201 0.0921631
-1.3319 0.0924683

-1.3319 0.0924683
-1.33179 0.0927734

-1.33179 0.0927734
-1.33173 0.0929551

-1.33173 0.0929549
-1.33168 0.0930786

-1.33168 0.0930786
-1.33157 0.0933838

-1.33157 0.0933838
-1.33145 0.093689

-1.33145 0.093689
-1.33142 0.0937789

-1.33142 0.0937787
-1.33134 0.0939941

-1.33134 0.0939941
-1.33122 0.0942993

-1.33122 0.0942993
-1.33112 0.0945852

-1.33112 0.094585
-1.33111 0.0946045

-1.33111 0.0946045
-1.33099 0.0949097

-1.33099 0.0949097
-1.33087 0.0952148

-1.33087 0.0952148
-1.33081 0.0953751

-1.33081 0.095375
-1.33075 0.09552

-1.33075 0.09552
-1.33063 0.0958252

-1.33063 0.0958252
-1.33051 0.0961304

-1.33051 0.0961304
-1.33051 0.0961508

-1.33051 0.0961505
-1.33039 0.0964355

-1.33039 0.0964355
-1.33027 0.0967407

-1.33027 0.0967407
-1.3302 0.0969118

-1.3302 0.0969117
-1.33015 0.0970459

-1.33015 0.0970459
-1.33002 0.0973511

-1.33002 0.0973511
-1.3299 0.0976562

-1.3299 0.0976562
-1.3299 0.0976609

-1.3299 0.0976606
-1.32977 0.0979614

-1.32977 0.0979614
-1.32964 0.0982666

-1.32964 0.0982666
-1.32959 0.098397

-1.32959 0.0983969
-1.32952 0.0985718

-1.32952 0.0985718
-1.32939 0.098877

-1.32939 0.098877
-1.32928 0.0991224

-1.32928 0.0991223
-1.32926 0.0991821

-1.32926 0.0991821
-1.32913 0.0994873

-1.32913 0.0994873
-1.329 0.0997925

-1.329 0.0997925
-1.32898 0.0998373

-1.32898 0.0998371
-1.32887 0.100098

-1.32887 0.100098
-1.32873 0.100403

-1.32873 0.100403
-1.32867 0.100542

-1.32867 0.100542
-1.3286 0.100708

-1.3286 0.100708
-1.32847 0.101013

-1.32847 0.101013
-1.32837 0.101237

-1.32837 0.101237
-1.32833 0.101318

-1.32833 0.101318
-1.3282 0.101624

-1.3282 0.101624
-1.32806 0.101924

-1.32806 0.101924
-1.32806 0.101929

-1.32806 0.101929
-1.32792 0.102234

-1.32792 0.102234
-1.32779 0.102539

-1.32779 0.102539
-1.32776 0.102602

-1.32776 0.102602
-1.32765 0.102844

-1.32765 0.102844
-1.32751 0.103149

-1.32751 0.103149
-1.32745 0.103272

-1.32745 0.103272
-1.32737 0.103455

-1.32737 0.103455
-1.32723 0.10376

-1.32723 0.10376
-1.32715 0.103934

-1.32715 0.103934
-1.32709 0.104065

-1.32709 0.104065
-1.32695 0.10437

-1.32695 0.10437
-1.32684 0.10459

-1.32684 0.104589
-1.3268 0.104675

-1.3268 0.104675
-1.32666 0.10498

-1.32666 0.10498
-1.32654 0.105238

-1.32654 0.105238
-1.32652 0.105286

-1.32652 0.105286
-1.32637 0.105591

-1.32637 0.105591
-1.32623 0.10588

-1.32623 0.10588
-1.32623 0.105896

-1.32623 0.105896
-1.32608 0.106201

-1.32608 0.106201
-1.32593 0.106506

-1.32593 0.106506
-1.32593 0.106515

-1.32593 0.106515
-1.32578 0.106812

-1.32578 0.106812
-1.32564 0.107117

-1.32564 0.107117
-1.32562 0.107145

-1.32562 0.107144
-1.32549 0.107422

-1.32549 0.107422
-1.32534 0.107727

-1.32534 0.107727
-1.32532 0.107768

-1.32532 0.107768
-1.32519 0.108032

-1.32519 0.108032
-1.32504 0.108337

-1.32504 0.108337
-1.32501 0.108386

-1.32501 0.108386
-1.32488 0.108643

-1.32488 0.108643
-1.32473 0.108948

-1.32473 0.108948
-1.32471 0.108999

-1.32471 0.108999
-1.32458 0.109253

-1.32458 0.109253
-1.32443 0.109558

-1.32443 0.109558
-1.3244 0.109606

-1.3244 0.109606
-1.32427 0.109863

-1.32427 0.109863
-1.32412 0.110168

-1.32412 0.110168
-1.3241 0.110209

-1.3241 0.110209
-1.32396 0.110474

-1.32396 0.110474
-1.32381 0.110779

-1.32381 0.110779
-1.32379 0.110807

-1.32379 0.110807
-1.32365 0.111084

-1.32365 0.111084
-1.32349 0.111389

-1.32349 0.111389
-1.32349 0.1114

-1.32349 0.1114
-1.32333 0.111694

-1.32333 0.111694
-1.32318 0.111989

-1.32318 0.111989
-1.32318 0.112

-1.32318 0.112
-1.32302 0.112305

-1.32302 0.112305
-1.32288 0.112573

-1.32288 0.112573
-1.32286 0.11261

-1.32286 0.11261
-1.3227 0.112915

-1.3227 0.112915
-1.32257 0.113154

-1.32257 0.113154
-1.32254 0.11322

-1.32254 0.11322
-1.32237 0.113525

-1.32237 0.113525
-1.32227 0.11373

-1.32227 0.11373
-1.32221 0.113831

-1.32221 0.113831
-1.32205 0.114136

-1.32205 0.114136
-1.32196 0.114302

-1.32196 0.114302
-1.32189 0.114441

-1.32189 0.114441
-1.32172 0.114746

-1.32172 0.114746
-1.32166 0.114871

-1.32166 0.114871
-1.32156 0.115051

-1.32156 0.115051
-1.32139 0.115356

-1.32139 0.115356
-1.32135 0.115437

-1.32135 0.115436
-1.32123 0.115662

-1.32123 0.115662
-1.32106 0.115967

-1.32106 0.115967
-1.32104 0.115998

-1.32104 0.115998
-1.3209 0.116272

-1.3209 0.116272
-1.32074 0.116556

-1.32074 0.116556
-1.32073 0.116577

-1.32073 0.116577
-1.32056 0.116882

-1.32056 0.116882
-1.32043 0.117111

-1.32043 0.117111
-1.32039 0.117188

-1.32039 0.117188
-1.32022 0.117493

-1.32022 0.117493
-1.32013 0.117663

-1.32013 0.117663
-1.32005 0.117798

-1.32005 0.117798
-1.31988 0.118103

-1.31988 0.118103
-1.31982 0.118211

-1.31982 0.118211
-1.31971 0.118408

-1.31971 0.118408
-1.31954 0.118713

-1.31954 0.118713
-1.31952 0.118757

-1.31952 0.118757
-1.31937 0.119019

-1.31937 0.119019
-1.31921 0.119299

-1.31921 0.119299
-1.3192 0.119324

-1.3192 0.119324
-1.31903 0.119629

-1.31903 0.119629
-1.31891 0.119839

-1.31891 0.119839
-1.31885 0.119934

-1.31885 0.119934
-1.31868 0.120239

-1.31868 0.120239
-1.3186 0.120376

-1.3186 0.120376
-1.31851 0.120544

-1.31851 0.120544
-1.31833 0.12085

-1.31833 0.12085
-1.3183 0.12091

-1.3183 0.12091
-1.31816 0.121155

-1.31816 0.121155
-1.31799 0.121442

-1.31799 0.121442
-1.31798 0.12146

-1.31798 0.12146
-1.31781 0.121765

-1.31781 0.121765
-1.31769 0.12197

-1.31769 0.12197
-1.31763 0.12207

-1.31763 0.12207
-1.31745 0.122375

-1.31745 0.122375
-1.31738 0.122497

-1.31738 0.122497
-1.31728 0.122681

-1.31728 0.122681
-1.3171 0.122986

-1.3171 0.122986
-1.31708 0.123021

-1.31708 0.123021
-1.31692 0.123291

-1.31692 0.123291
-1.31677 0.123542

-1.31677 0.123542
-1.31674 0.123596

-1.31674 0.123596
-1.31656 0.123901

-1.31656 0.123901
-1.31647 0.124061

-1.31647 0.124061
-1.31638 0.124207

-1.31638 0.124207
-1.3162 0.124512

-1.3162 0.124512
-1.31616 0.124578

-1.31616 0.124578
-1.31602 0.124817

-1.31602 0.124817
-1.31586 0.125093

-1.31586 0.125093
-1.31584 0.125122

-1.31584 0.125122
-1.31566 0.125427

-1.31566 0.125427
-1.31555 0.125605

-1.31555 0.125605
-1.31548 0.125732

-1.31548 0.125732
-1.31529 0.126038

-1.31529 0.126038
-1.31525 0.126115

-1.31525 0.126115
-1.31511 0.126343

-1.31511 0.126343
-1.31494 0.126624

-1.31494 0.126623
-1.31493 0.126648

-1.31493 0.126648
-1.31474 0.126953

-1.31474 0.126953
-1.31464 0.12713

-1.31464 0.12713
-1.31456 0.127258

-1.31456 0.127258
-1.31437 0.127563

-1.31437 0.127563
-1.31433 0.127634

-1.31433 0.127634
-1.31419 0.127869

-1.31419 0.127869
-1.31403 0.128136

-1.31403 0.128136
-1.314 0.128174

-1.314 0.128174
-1.31382 0.128479

-1.31382 0.128479
-1.31372 0.128636

-1.31372 0.128636
-1.31363 0.128784

-1.31363 0.128784
-1.31344 0.129089

-1.31344 0.129089
-1.31342 0.129135

-1.31342 0.129134
-1.31326 0.129395

-1.31326 0.129395
-1.31311 0.129631

-1.31311 0.129631
-1.31307 0.1297

-1.31307 0.1297
-1.31288 0.130005

-1.31288 0.130005
-1.31281 0.130126

-1.31281 0.130125
-1.31269 0.13031

-1.31269 0.13031
-1.3125 0.130615

-1.3125 0.130615
-1.3125 0.130619

-1.31189 0.0335597
-1.31191 0.0335693

-1.3125 0.0338503
-1.31219 0.0337041

-1.31219 0.0337039
-1.31191 0.0335693

-1.31189 0.0335594
-1.31158 0.0334161

-1.31158 0.0334159
-1.31128 0.033274

-1.31036 0.0328565
-1.31059 0.032959

-1.31036 0.0328564
-1.31006 0.0327197

-1.31097 0.0331336
-1.31126 0.0332642

-1.31128 0.0332741
-1.31126 0.0332642

-1.31097 0.0331335
-1.31067 0.0329943

-1.31067 0.0329942
-1.31059 0.032959

-1.30762 0.0316701
-1.30778 0.0317383

-1.30975 0.0325846
-1.30991 0.0326538

-1.31006 0.0327197
-1.30991 0.0326538

-1.30975 0.0325844
-1.30945 0.0324503

-1.30914 0.0323176
-1.30921 0.0323486

-1.30914 0.0323174
-1.30884 0.0321856

-1.30945 0.0324501
-1.30922 0.0323486

-1.30884 0.0321855
-1.30853 0.0320549

-1.30823 0.0319256
-1.30851 0.0320435

-1.30853 0.032055
-1.30851 0.0320435

-1.30823 0.0319255
-1.30792 0.0317972

-1.30792 0.0317971
-1.30778 0.0317383

-1.30762 0.03167
-1.30731 0.0315438

-1.30701 0.0314189
-1.30704 0.0314331

-1.30731 0.0315437
-1.30704 0.0314331

-1.30701 0.0314187
-1.3067 0.0312947

-1.3067 0.0312945
-1.3064 0.0311714

-1.30609 0.0310495
-1.30629 0.0311279

-1.30609 0.0310495
-1.30579 0.0309283

-1.3064 0.0311714
-1.30629 0.0311279

-1.30548 0.0308084
-1.30552 0.0308228

-1.30579 0.0309282
-1.30552 0.0308228

-1.30548 0.0308083
-1.30518 0.0306891

-1.30457 0.0304535
-1.30473 0.0305176

-1.30457 0.0304534
-1.30426 0.0303369

-1.30426 0.0303368
-1.30396 0.0302213

-1.30518 0.030689
-1.30487 0.0305707

-1.30487 0.0305706
-1.30473 0.0305176

-1.30365 0.0301067
-1.30393 0.0302124

-1.30396 0.0302213
-1.30393 0.0302124

-1.30365 0.0301066
-1.30334 0.0299927

-1.30304 0.0298799
-1.30311 0.0299072

-1.30304 0.0298798
-1.30273 0.0297676

-1.30334 0.0299926
-1.30311 0.0299072

-1.30121 0.0292185
-1.30143 0.0292969

-1.30121 0.0292184
-1.3009 0.0291109

-1.3009 0.0291108
-1.3006 0.029004

-1.30029 0.0288981
-1.30056 0.0289917

-1.3006 0.0290041
-1.30056 0.0289917

-1.30029 0.028898
-1.29999 0.0287926

-1.29999 0.0287926
-1.29968 0.028688

-1.29938 0.0285841
-1.29968 0.0286865

-1.29938 0.028584
-1.29907 0.0284807

-1.29968 0.028688
-1.29968 0.0286865

-1.29785 0.0280744
-1.29786 0.0280762

-1.29877 0.0283783
-1.29878 0.0283813

-1.29907 0.0284807
-1.29878 0.0283813

-1.29877 0.0283782
-1.29846 0.0282763

-1.29846 0.0282762
-1.29816 0.0281749

-1.29816 0.0281748
-1.29786 0.0280762

-1.29785 0.0280743
-1.29755 0.0279743

-1.29755 0.0279743
-1.29724 0.0278748

-1.29724 0.0278748
-1.29694 0.0277761

-1.29663 0.027678
-1.29692 0.027771

-1.29694 0.0277761
-1.29692 0.027771

-1.29663 0.027678
-1.29633 0.0275804

-1.29633 0.0275804
-1.29602 0.0274834

-1.29572 0.0273871
-1.29596 0.0274658

-1.29572 0.0273871
-1.29541 0.0272913

-1.29602 0.0274834
-1.29596 0.0274658

-1.29388 0.0268208
-1.294 0.0268555

-1.29388 0.0268207
-1.29358 0.0267282

-1.29358 0.0267282
-1.29327 0.0266362

-1.29297 0.0265449
-1.29299 0.0265503

-1.29327 0.0266362
-1.29299 0.0265503

-1.29541 0.0272912
-1.2951 0.027196

-1.2948 0.0271014
-1.29499 0.0271606

-1.2951 0.027196
-1.29499 0.0271606

-1.2948 0.0271014
-1.29449 0.0270073

-1.29449 0.0270072
-1.29419 0.0269137

-1.29419 0.0269137
-1.294 0.0268555

-1.30273 0.0297675
-1.30243 0.0296561

-1.30212 0.0295456
-1.30228 0.0296021

-1.30243 0.029656
-1.30228 0.0296021

-1.30212 0.0295456
-1.30182 0.0294357

-1.30182 0.0294357
-1.30151 0.0293266

-1.30151 0.0293266
-1.30143 0.0292969

-1.29297 0.0265448
-1.29266 0.0264539

-1.29266 0.0264539
-1.29236 0.0263634

-1.29175 0.0261842
-1.29196 0.0262451

-1.29236 0.0263634
-1.29205 0.0262735

-1.29205 0.0262735
-1.29196 0.0262451

-1.29175 0.0261842
-1.29144 0.0260952

-1.29144 0.0260952
-1.29114 0.0260067

-1.29083 0.0259189
-1.29091 0.0259399

-1.29114 0.0260067
-1.29091 0.0259399

-1.29083 0.0259189
-1.29053 0.0258313

-1.28961 0.0255717
-1.28984 0.0256348

-1.28961 0.0255717
-1.28931 0.025486

-1.29053 0.0258313
-1.29022 0.0257443

-1.29022 0.0257443
-1.28992 0.0256578

-1.28992 0.0256578
-1.28984 0.0256348

-1.28931 0.025486
-1.289 0.0254008

-1.2887 0.0253162
-1.28874 0.0253296

-1.289 0.0254008
-1.28874 0.0253296

-1.2887 0.0253161
-1.28839 0.0252318

-1.28839 0.0252318
-1.28809 0.0251479

-1.28534 0.024412
-1.28535 0.0244141

-1.28534 0.0244119
-1.28503 0.0243321

-1.28503 0.0243321
-1.28473 0.0242527

-1.28473 0.0242527
-1.28442 0.0241737

-1.28412 0.0240952
-1.28417 0.0241089

-1.28442 0.0241737
-1.28417 0.0241089

-1.28412 0.0240951
-1.28381 0.0240169

-1.28381 0.0240169
-1.28351 0.023939

-1.28351 0.023939
-1.2832 0.0238615

-1.28748 0.0249815
-1.28763 0.0250244

-1.28809 0.0251479
-1.28778 0.0250645

-1.28778 0.0250644
-1.28763 0.0250244

-1.28748 0.0249815
-1.28717 0.0248989

-1.28717 0.0248988
-1.28687 0.0248166

-1.28687 0.0248167
-1.28656 0.0247349

-1.28625 0.0246536
-1.2865 0.0247192

-1.28656 0.0247349
-1.2865 0.0247192

-1.28625 0.0246535
-1.28595 0.0245725

-1.28595 0.0245725
-1.28564 0.024492

-1.28564 0.024492
-1.28535 0.0244141

-1.2829 0.0237845
-1.28297 0.0238037

-1.2829 0.0237844
-1.28259 0.0237077

-1.2832 0.0238615
-1.28297 0.0238037

-1.28259 0.0237076
-1.28229 0.0236312

-1.28229 0.0236312
-1.28198 0.0235552

-1.28168 0.0234796
-1.28175 0.0234985

-1.28198 0.0235552
-1.28175 0.0234985

-1.28168 0.0234795
-1.28137 0.0234042

-1.28137 0.0234041
-1.28107 0.0233291

-1.28107 0.0233291
-1.28076 0.0232545

-1.28046 0.0231803
-1.28051 0.0231934

-1.28046 0.0231803
-1.28015 0.0231063

-1.28015 0.0231063
-1.27985 0.0230327

-1.27985 0.0230327
-1.27954 0.0229594

-1.28076 0.0232546
-1.28051 0.0231934

-1.27924 0.0228865
-1.27924 0.0228882

-1.27954 0.0229594
-1.27924 0.0228882

-1.27924 0.0228865
-1.27893 0.0228138

-1.27893 0.0228138
-1.27863 0.0227414

-1.27863 0.0227414
-1.27832 0.0226695

-1.27771 0.0225265
-1.27795 0.022583

-1.27832 0.0226695
-1.27802 0.0225979

-1.27802 0.0225979
-1.27795 0.022583

-1.27771 0.0225265
-1.2774 0.0224555

-1.2774 0.0224554
-1.2771 0.0223847

-1.2771 0.0223848
-1.27679 0.0223144

-1.27649 0.0222443
-1.27664 0.0222778

-1.27679 0.0223144
-1.27664 0.0222778

-1.27649 0.0222443
-1.27618 0.0221744

-1.27618 0.0221744
-1.27588 0.0221049

-1.27527 0.021967
-1.27529 0.0219727

-1.27527 0.021967
-1.27496 0.0218984

-1.27496 0.0218984
-1.27466 0.0218301

-1.27466 0.02183
-1.27435 0.0217621

-1.27435 0.0217621
-1.27405 0.0216944

-1.27374 0.021627
-1.27393 0.0216675

-1.27405 0.0216944
-1.27393 0.0216675

-1.27374 0.021627
-1.27344 0.0215598

-1.27588 0.0221049
-1.27557 0.0220358

-1.27557 0.0220359
-1.27529 0.0219727

-1.26337 0.0194932
-1.26356 0.0195312

-1.26337 0.0194932
-1.26306 0.0194347

-1.26306 0.0194347
-1.26276 0.0193765

-1.26276 0.0193765
-1.26245 0.0193186

-1.26245 0.0193186
-1.26215 0.0192609

-1.26184 0.0192033
-1.26196 0.0192261

-1.26215 0.0192609
-1.26196 0.0192261

-1.26184 0.0192033
-1.26154 0.0191459

-1.26154 0.0191459
-1.26123 0.0190887

-1.26123 0.0190887
-1.26093 0.0190319

-1.26093 0.019032
-1.26062 0.0189754

-1.26031 0.018919
-1.26033 0.0189209

-1.26031 0.018919
-1.26001 0.0188628

-1.26062 0.0189754
-1.26032 0.0189209

-1.26001 0.0188628
-1.2597 0.0188067

-1.2597 0.0188067
-1.2594 0.0187509

-1.2594 0.018751
-1.25909 0.0186955

-1.25909 0.0186955
-1.25879 0.0186402

-1.25848 0.018585
-1.25865 0.0186157

-1.25879 0.0186402
-1.25865 0.0186157

-1.25848 0.018585
-1.25818 0.0185299

-1.25818 0.0185299
-1.25787 0.0184752

-1.25787 0.0184752
-1.25757 0.0184207

-1.25665 0.0182586
-1.25695 0.0183105

-1.25665 0.0182586
-1.25635 0.0182049

-1.25757 0.0184208
-1.25726 0.0183666

-1.25726 0.0183666
-1.25696 0.0183126

-1.25696 0.0183126
-1.25695 0.0183105

-1.25635 0.0182049
-1.25604 0.0181515

-1.25604 0.0181515
-1.25574 0.0180983

-1.25574 0.0180983
-1.25543 0.0180453

-1.25513 0.0179924
-1.2552 0.0180054

-1.25543 0.0180454
-1.2552 0.0180054

-1.25513 0.0179924
-1.25482 0.0179396

-1.25482 0.0179396
-1.25452 0.017887

-1.25452 0.017887
-1.25421 0.0178347

-1.25421 0.0178348
-1.25391 0.0177828

-1.27344 0.0215597
-1.27313 0.0214929

-1.27313 0.0214929
-1.27283 0.0214264

-1.27252 0.0213602
-1.27253 0.0213623

-1.27252 0.0213602
-1.27222 0.0212941

-1.27283 0.0214264
-1.27253 0.0213623

-1.27222 0.0212941
-1.27191 0.0212283

-1.27191 0.0212283
-1.27161 0.0211629

-1.27161 0.0211629
-1.2713 0.0210978

-1.271 0.0210328
-1.27111 0.0210571

-1.2713 0.0210978
-1.27111 0.0210571

-1.271 0.0210328
-1.27069 0.0209681

-1.27069 0.0209681
-1.27039 0.0209037

-1.27039 0.0209037
-1.27008 0.0208396

-1.27008 0.0208397
-1.26978 0.0207759

-1.26947 0.0207123
-1.26966 0.020752

-1.26947 0.0207123
-1.26917 0.0206489

-1.26917 0.0206489
-1.26886 0.0205858

-1.26886 0.0205858
-1.26855 0.0205231

-1.26978 0.0207759
-1.26966 0.020752

-1.26855 0.0205231
-1.26825 0.0204606

-1.26794 0.0203982
-1.26818 0.0204468

-1.26825 0.0204606
-1.26818 0.0204468

-1.26794 0.0203982
-1.26764 0.0203361

-1.26764 0.020336
-1.26733 0.0202742

-1.26733 0.0202743
-1.26703 0.0202128

-1.26703 0.0202128
-1.26672 0.0201516

-1.26642 0.0200905
-1.26667 0.0201416

-1.26642 0.0200905
-1.26611 0.0200296

-1.26672 0.0201516
-1.26667 0.0201416

-1.26611 0.0200296
-1.26581 0.019969

-1.26581 0.0199691
-1.2655 0.0199088

-1.2655 0.0199088
-1.2652 0.0198488

-1.26489 0.0197888
-1.26514 0.0198364

-1.2652 0.0198488
-1.26513 0.0198364

-1.26489 0.0197888
-1.26459 0.0197291

-1.26459 0.0197291
-1.26428 0.0196697

-1.26428 0.0196697
-1.26398 0.0196107

-1.26398 0.0196107
-1.26367 0.0195519

-1.26367 0.0195519
-1.26356 0.0195312

-1.2533 0.0176793
-1.25342 0.0177002

-1.25391 0.0177828
-1.2536 0.017731

-1.2536 0.0177311
-1.25342 0.0177002

-1.2533 0.0176793
-1.25299 0.0176278

-1.25299 0.0176278
-1.25269 0.0175764

-1.25269 0.0175764
-1.25238 0.0175253

-1.25238 0.0175254
-1.25208 0.0174746

-1.25208 0.0174746
-1.25177 0.0174239

-1.25146 0.0173732
-1.2516 0.017395

-1.25177 0.0174239
-1.2516 0.017395

-1.24963 0.017074
-1.24973 0.0170898

-1.24963 0.017074
-1.24933 0.0170247

-1.24933 0.0170247
-1.24902 0.0169757

-1.25146 0.0173732
-1.25116 0.0173228

-1.25116 0.0173228
-1.25085 0.0172725

-1.25085 0.0172725
-1.25055 0.0172226

-1.25055 0.0172226
-1.25024 0.0171729

-1.25024 0.017173
-1.24994 0.0171235

-1.24994 0.0171235
-1.24973 0.0170898

-1.24902 0.0169757
-1.24872 0.0169268

-1.24872 0.0169268
-1.24841 0.0168782

-1.24841 0.0168783
-1.24811 0.0168299

-1.2478 0.0167814
-1.24782 0.0167847

-1.24811 0.0168299
-1.24782 0.0167847

-1.2478 0.0167814
-1.2475 0.0167331

-1.2475 0.0167331
-1.24719 0.016685

-1.24719 0.016685
-1.24689 0.0166372

-1.24689 0.0166372
-1.24658 0.0165896

-1.24658 0.0165897
-1.24628 0.0165423

-1.24628 0.0165424
-1.24597 0.0164951

-1.24567 0.0164479
-1.24587 0.0164795

-1.24567 0.0164479
-1.24536 0.0164009

-1.24597 0.0164951
-1.24587 0.0164795

-1.24536 0.0164009
-1.24506 0.0163541

-1.24506 0.0163541
-1.24475 0.0163076

-1.24475 0.0163076
-1.24445 0.0162613

-1.24445 0.0162613
-1.24414 0.0162151

-1.24384 0.0161689
-1.24387 0.0161743

-1.24414 0.0162151
-1.24387 0.0161743

-1.24384 0.0161689
-1.24353 0.0161228

-1.24353 0.0161228
-1.24323 0.016077

-1.24323 0.016077
-1.24292 0.0160313

-1.2417 0.015851
-1.24182 0.0158691

-1.24292 0.0160313
-1.24261 0.015986

-1.24261 0.015986
-1.24231 0.0159409

-1.24231 0.0159409
-1.242 0.0158959

-1.242 0.015896
-1.24182 0.0158691

-1.2417 0.015851
-1.24139 0.0158061

-1.24139 0.0158062
-1.24109 0.0157615

-1.24109 0.0157615
-1.24078 0.0157171

-1.24078 0.0157171
-1.24048 0.0156729

-1.24048 0.015673
-1.24017 0.015629

-1.24017 0.015629
-1.23987 0.015585

-1.23956 0.015541
-1.23972 0.015564

-1.23987 0.015585
-1.23972 0.015564

-1.23956 0.015541
-1.23926 0.0154972

-1.23926 0.0154972
-1.23895 0.0154536

-1.23895 0.0154536
-1.23865 0.0154102

-1.23865 0.0154102
-1.23834 0.0153671

-1.23834 0.0153672
-1.23804 0.0153243

-1.23743 0.0152387
-1.23757 0.0152588

-1.23804 0.0153243
-1.23773 0.0152815

-1.23773 0.0152816
-1.23757 0.0152588

-1.23743 0.0152387
-1.23712 0.0151961

-1.23712 0.0151961
-1.23682 0.0151536

-1.23682 0.0151536
-1.23651 0.0151114

-1.23651 0.0151114
-1.23621 0.0150693

-1.23621 0.0150694
-1.2359 0.0150275

-1.2359 0.0150275
-1.2356 0.0149858

-1.23529 0.0149439
-1.23536 0.0149536

-1.2356 0.0149858
-1.23536 0.0149536

-1.23529 0.0149439
-1.23499 0.0149023

-1.23499 0.0149023
-1.23468 0.0148608

-1.23468 0.0148608
-1.23438 0.0148195

-1.3125 0.130619
-1.31231 0.13092

-1.31231 0.13092
-1.31219 0.13111

-1.31219 0.13111
-1.31212 0.131226

-1.31212 0.131226
-1.31193 0.131531

-1.31193 0.131531
-1.31189 0.131599

-1.31189 0.131599
-1.31174 0.131836

-1.31174 0.131836
-1.31158 0.132087

-1.31158 0.132087
-1.31155 0.132141

-1.31155 0.132141
-1.31136 0.132446

-1.31136 0.132446
-1.31128 0.132573

-1.31128 0.132573
-1.31117 0.132751

-1.31117 0.132751
-1.31097 0.133057

-1.31097 0.133057
-1.31097 0.133058

-1.31097 0.133058
-1.31078 0.133362

-1.31078 0.133362
-1.31067 0.133541

-1.31067 0.133541
-1.31059 0.133667

-1.31059 0.133667
-1.3104 0.133972

-1.3104 0.133972
-1.31036 0.134023

-1.31036 0.134022
-1.3102 0.134277

-1.3102 0.134277
-1.31006 0.134502

-1.31006 0.134502
-1.31001 0.134583

-1.31001 0.134583
-1.30981 0.134888

-1.30981 0.134888
-1.30975 0.134981

-1.30975 0.13498
-1.30962 0.135193

-1.30962 0.135193
-1.30945 0.135458

-1.30945 0.135457
-1.30942 0.135498

-1.30942 0.135498
-1.30923 0.135803

-1.30923 0.135803
-1.30914 0.135933

-1.30914 0.135933
-1.30903 0.136108

-1.30903 0.136108
-1.30884 0.136407

-1.30884 0.136407
-1.30883 0.136414

-1.30883 0.136414
-1.30864 0.136719

-1.30864 0.136719
-1.30853 0.13688

-1.30853 0.13688
-1.30844 0.137024

-1.30844 0.137024
-1.30824 0.137329

-1.30824 0.137329
-1.30823 0.137352

-1.30823 0.137351
-1.30804 0.137634

-1.30804 0.137634
-1.30792 0.137821

-1.30792 0.137821
-1.30785 0.137939

-1.30785 0.137939
-1.30765 0.138245

-1.30765 0.138245
-1.30762 0.138291

-1.30762 0.13829
-1.30745 0.13855

-1.30745 0.13855
-1.30731 0.138758

-1.30731 0.138757
-1.30725 0.138855

-1.30725 0.138855
-1.30705 0.13916

-1.30705 0.13916
-1.30701 0.139224

-1.30701 0.139224
-1.30685 0.139465

-1.30685 0.139465
-1.3067 0.139689

-1.3067 0.139688
-1.30665 0.139771

-1.30665 0.139771
-1.30645 0.140076

-1.30645 0.140076
-1.3064 0.140153

-1.3064 0.140152
-1.30625 0.140381

-1.30625 0.140381
-1.30609 0.140615

-1.30609 0.140614
-1.30604 0.140686

-1.30604 0.140686
-1.30584 0.140991

-1.30584 0.140991
-1.30579 0.141077

-1.30579 0.141076
-1.30564 0.141296

-1.30564 0.141296
-1.30548 0.141536

-1.30548 0.141536
-1.30544 0.141602

-1.30544 0.141602
-1.30523 0.141907

-1.30523 0.141907
-1.30518 0.141996

-1.30518 0.141995
-1.30503 0.142212

-1.30503 0.142212
-1.30487 0.142453

-1.30487 0.142452
-1.30483 0.142517

-1.30483 0.142517
-1.30462 0.142822

-1.30462 0.142822
-1.30457 0.14291

-1.30457 0.14291
-1.30442 0.143127

-1.30442 0.143127
-1.30426 0.143365

-1.30426 0.143364
-1.30422 0.143433

-1.30422 0.143433
-1.30401 0.143738

-1.30401 0.143738
-1.30396 0.14382

-1.30396 0.14382
-1.3038 0.144043

-1.3038 0.144043
-1.30365 0.144273

-1.30365 0.144272
-1.3036 0.144348

-1.3036 0.144348
-1.30339 0.144653

-1.30339 0.144653
-1.30334 0.144726

-1.30334 0.144725
-1.30319 0.144958

-1.30319 0.144958
-1.30304 0.145177

-1.30304 0.145176
-1.30298 0.145264

-1.30298 0.145264
-1.30277 0.145569

-1.30277 0.145569
-1.30273 0.145628

-1.30273 0.145627
-1.30257 0.145874

-1.30257 0.145874
-1.30243 0.146076

-1.30243 0.146076
-1.30236 0.146179

-1.30236 0.146179
-1.30215 0.146484

-1.30215 0.146484
-1.30212 0.146525

-1.30212 0.146525
-1.30194 0.14679

-1.30194 0.14679
-1.30182 0.146972

-1.30182 0.146972
-1.30174 0.147095

-1.30173 0.147095
-1.30153 0.1474

-1.30153 0.1474
-1.30151 0.147419

-1.30151 0.147418
-1.30132 0.147705

-1.30132 0.147705
-1.30121 0.147864

-1.30121 0.147864
-1.30111 0.14801

-1.30111 0.14801
-1.3009 0.148308

-1.3009 0.148308
-1.3009 0.148315

-1.3009 0.148315
-1.30069 0.148621

-1.30069 0.148621
-1.3006 0.148752

-1.3006 0.148752
-1.30048 0.148926

-1.30048 0.148926
-1.30029 0.149194

-1.30029 0.149194
-1.30027 0.149231

-1.30027 0.149231
-1.30006 0.149536

-1.30006 0.149536
-1.29999 0.149637

-1.29999 0.149636
-1.29985 0.149841

-1.29985 0.149841
-1.29968 0.150077

-1.29968 0.150076
-1.29963 0.150146

-1.29963 0.150146
-1.29942 0.150452

-1.29942 0.150452
-1.29938 0.150518

-1.29938 0.150517
-1.29921 0.150757

-1.29921 0.150757
-1.29907 0.150956

-1.29907 0.150955
-1.299 0.151062

-1.299 0.151062
-1.29879 0.151367

-1.29879 0.151367
-1.29877 0.151394

-1.29877 0.151394
-1.29857 0.151672

-1.29857 0.151672
-1.29846 0.151831

-1.29846 0.151831
-1.29836 0.151978

-1.29836 0.151978
-1.29816 0.152268

-1.29816 0.152268
-1.29815 0.152283

-1.29815 0.152283
-1.29793 0.152588

-1.29793 0.152588
-1.29785 0.152704

-1.29785 0.152704
-1.29772 0.152893

-1.29772 0.152893
-1.29755 0.153138

-1.29755 0.153138
-1.2975 0.153198

-1.2975 0.153198
-1.29729 0.153503

-1.29729 0.153503
-1.29724 0.153573

-1.29724 0.153573
-1.29708 0.153809

-1.29708 0.153809
-1.29694 0.154006

-1.29694 0.154005
-1.29686 0.154114

-1.29686 0.154114
-1.29664 0.154419

-1.29664 0.154419
-1.29663 0.154439

-1.29663 0.154438
-1.29643 0.154724

-1.29643 0.154724
-1.29633 0.15487

-1.29633 0.15487
-1.29621 0.155029

-1.29621 0.155029
-1.29602 0.155301

-1.29602 0.155301
-1.296 0.155334

-1.296 0.155334
-1.29578 0.15564

-1.29578 0.15564
-1.29572 0.155732

-1.29572 0.155731
-1.29556 0.155945

-1.29556 0.155945
-1.29541 0.156161

-1.29541 0.15616
-1.29535 0.15625

-1.23285 0.0146159
-1.23309 0.0146484

-1.23285 0.0146159
-1.23254 0.0145756

-1.23254 0.0145756
-1.23224 0.0145354

-1.23224 0.0145354
-1.23193 0.0144953

-1.23193 0.0144953
-1.23163 0.0144555

-1.23163 0.0144556
-1.23132 0.0144159

-1.23132 0.0144159
-1.23102 0.0143763

-1.23071 0.0143367
-1.23076 0.0143433

-1.23102 0.0143764
-1.23076 0.0143433

-1.23071 0.0143367
-1.23041 0.0142971

-1.23041 0.0142971
-1.2301 0.0142578

-1.2301 0.0142578
-1.2298 0.0142186

-1.2298 0.0142186
-1.22949 0.0141796

-1.23438 0.0148195
-1.23407 0.0147784

-1.23407 0.0147785
-1.23376 0.0147377

-1.23376 0.0147377
-1.23346 0.0146971

-1.23346 0.0146971
-1.23315 0.0146565

-1.23315 0.0146565
-1.23309 0.0146484

-1.22949 0.0141797
-1.22919 0.0141409

-1.22919 0.014141
-1.22888 0.0141024

-1.22827 0.0140255
-1.22837 0.0140381

-1.22888 0.0141025
-1.22858 0.014064

-1.22858 0.014064
-1.22837 0.0140381

-1.22827 0.0140255
-1.22797 0.0139872

-1.22797 0.0139872
-1.22766 0.013949

-1.22766 0.013949
-1.22736 0.013911

-1.22736 0.013911
-1.22705 0.0138732

-1.22705 0.0138732
-1.22675 0.0138356

-1.22675 0.0138356
-1.22644 0.0137981

-1.22644 0.0137981
-1.22614 0.0137606

-1.22583 0.0137231
-1.22591 0.0137329

-1.22614 0.0137607
-1.22591 0.0137329

-1.22583 0.0137231
-1.22552 0.0136857

-1.22552 0.0136857
-1.22522 0.0136485

-1.22522 0.0136485
-1.22491 0.0136114

-1.22491 0.0136114
-1.22461 0.0135746

-1.22461 0.0135746
-1.2243 0.013538

-1.2243 0.013538
-1.224 0.0135016

-1.224 0.0135016
-1.22369 0.0134654

-1.22369 0.0134654
-1.22339 0.0134291

-1.22308 0.0133928
-1.22338 0.0134277

-1.22308 0.0133928
-1.22278 0.0133567

-1.22278 0.0133567
-1.22247 0.0133208

-1.22247 0.0133208
-1.22217 0.0132851

-1.22339 0.0134291
-1.22338 0.0134277

-1.22217 0.013285
-1.22186 0.0132494

-1.22186 0.0132495
-1.22156 0.0132141

-1.22156 0.0132141
-1.22125 0.0131787

-1.22125 0.0131788
-1.22095 0.0131435

-1.22064 0.013108
-1.22077 0.0131226

-1.22095 0.0131435
-1.22077 0.0131226

-1.22064 0.013108
-1.22034 0.0130728

-1.22034 0.0130728
-1.22003 0.0130377

-1.22003 0.0130377
-1.21973 0.0130027

-1.21973 0.0130027
-1.21942 0.012968

-1.21942 0.012968
-1.21912 0.0129335

-1.21912 0.0129335
-1.21881 0.0128992

-1.21881 0.0128992
-1.21851 0.012865

-1.2179 0.0127966
-1.21808 0.0128174

-1.21851 0.012865
-1.2182 0.0128308

-1.2182 0.0128308
-1.21808 0.0128174

-1.2179 0.0127966
-1.21759 0.0127625

-1.21759 0.0127625
-1.21729 0.0127286

-1.21729 0.0127286
-1.21698 0.0126949

-1.21698 0.0126948
-1.21667 0.0126612

-1.21667 0.0126612
-1.21637 0.0126278

-1.21637 0.0126278
-1.21606 0.0125945

-1.21606 0.0125945
-1.21576 0.0125613

-1.21576 0.0125613
-1.21545 0.0125281

-1.21515 0.0124947
-1.21531 0.0125122

-1.21545 0.0125281
-1.21531 0.0125122

-1.21515 0.0124947
-1.21484 0.0124616

-1.2124 0.0122022
-1.21245 0.012207

-1.21484 0.0124616
-1.21454 0.0124286

-1.21454 0.0124286
-1.21423 0.0123957

-1.21423 0.0123957
-1.21393 0.0123631

-1.21393 0.0123631
-1.21362 0.0123306

-1.21362 0.0123307
-1.21332 0.0122984

-1.21332 0.0122984
-1.21301 0.0122663

-1.21301 0.0122663
-1.21271 0.0122343

-1.21271 0.0122343
-1.21245 0.012207

-1.2124 0.0122022
-1.2121 0.0121702

-1.2121 0.0121702
-1.21179 0.0121383

-1.21179 0.0121383
-1.21149 0.0121066

-1.21149 0.0121066
-1.21118 0.012075

-1.21118 0.012075
-1.21088 0.0120436

-1.21088 0.0120436
-1.21057 0.0120123

-1.21057 0.0120123
-1.21027 0.0119811

-1.21027 0.0119812
-1.20996 0.0119501

-1.20996 0.0119501
-1.20966 0.0119189

-1.20935 0.0118877
-1.20949 0.0119019

-1.20966 0.011919
-1.20949 0.0119019

-1.20935 0.0118877
-1.20905 0.0118565

-1.20905 0.0118566
-1.20874 0.0118256

-1.20874 0.0118256
-1.20844 0.0117948

-1.20844 0.0117948
-1.20813 0.0117641

-1.20813 0.0117641
-1.20782 0.0117336

-1.20782 0.0117336
-1.20752 0.0117034

-1.20752 0.0117034
-1.20721 0.0116732

-1.20721 0.0116732
-1.20691 0.0116432

-1.2063 0.0115831
-1.20644 0.0115967

-1.20691 0.0116432
-1.2066 0.0116132

-1.2066 0.0116133
-1.20644 0.0115967

-1.2063 0.0115831
-1.20599 0.0115532

-1.20599 0.0115532
-1.20569 0.0115234

-1.20569 0.0115234
-1.20538 0.0114937

-1.20538 0.0114937
-1.20508 0.0114641

-1.20508 0.0114641
-1.20477 0.0114347

-1.20477 0.0114347
-1.20447 0.0114054

-1.20447 0.0114054
-1.20416 0.0113763

-1.20416 0.0113763
-1.20386 0.0113472

-1.20386 0.0113472
-1.20355 0.0113181

-1.20325 0.0112889
-1.20327 0.0112915

-1.20355 0.0113181
-1.20327 0.0112915

-1.20325 0.0112889
-1.20294 0.0112597

-1.20294 0.0112597
-1.20264 0.0112307

-1.20264 0.0112307
-1.20233 0.0112019

-1.20233 0.0112019
-1.20203 0.0111732

-1.20203 0.0111732
-1.20172 0.0111446

-1.20172 0.0111446
-1.20142 0.0111162

-1.20142 0.0111163
-1.20111 0.0110881

-1.20111 0.0110881
-1.20081 0.01106

-1.20081 0.01106
-1.2005 0.0110321

-1.2005 0.0110321
-1.2002 0.0110042

-1.19989 0.0109762
-1.2 0.0109863

-1.19989 0.0109762
-1.19958 0.0109483

-1.19958 0.0109483
-1.19928 0.0109206

-1.19928 0.0109206
-1.19897 0.010893

-1.2002 0.0110042
-1.2 0.0109863

-1.19897 0.010893
-1.19867 0.0108655

-1.19867 0.0108655
-1.19836 0.0108381

-1.19836 0.010838
-1.19806 0.0108108

-1.19806 0.0108108
-1.19775 0.0107837

-1.19775 0.0107837
-1.19745 0.0107566

-1.19745 0.0107566
-1.19714 0.0107296

-1.19714 0.0107296
-1.19684 0.0107026

-1.19653 0.0106754
-1.1966 0.0106812

-1.19684 0.0107026
-1.1966 0.0106812

-1.19653 0.0106754
-1.19623 0.0106483

-1.19623 0.0106483
-1.19592 0.0106213

-1.19592 0.0106213
-1.19562 0.0105945

-1.19562 0.0105945
-1.19531 0.0105678

-1.18555 0.00976193
-1.18559 0.00976562

-1.19531 0.0105678
-1.19501 0.0105412

-1.19501 0.0105412
-1.1947 0.0105147

-1.1947 0.0105148
-1.1944 0.0104885

-1.1944 0.0104885
-1.19409 0.0104624

-1.19409 0.0104624
-1.19379 0.0104364

-1.19379 0.0104364
-1.19348 0.0104105

-1.19287 0.0103586
-1.19308 0.010376

-1.19348 0.0104106
-1.19318 0.0103846

-1.19318 0.0103846
-1.19307 0.010376

-1.19287 0.0103585
-1.19257 0.0103327

-1.19257 0.0103327
-1.19226 0.0103069

-1.19226 0.0103069
-1.19196 0.0102813

-1.19196 0.0102813
-1.19165 0.0102558

-1.19165 0.0102558
-1.19135 0.0102304

-1.19135 0.0102303
-1.19104 0.010205

-1.19104 0.0102051
-1.19073 0.0101799

-1.19073 0.0101799
-1.19043 0.0101548

-1.19043 0.0101548
-1.19012 0.0101297

-1.19012 0.0101297
-1.18982 0.0101047

-1.18982 0.0101047
-1.18951 0.0100796

-1.18921 0.0100544
-1.18941 0.0100708

-1.18951 0.0100796
-1.18941 0.0100708

-1.18921 0.0100544
-1.1889 0.0100293

-1.1889 0.0100293
-1.1886 0.0100044

-1.1886 0.0100044
-1.18829 0.00997957

-1.18829 0.00997957
-1.18799 0.0099549

-1.18799 0.0099549
-1.18768 0.00993034

-1.18768 0.00993031
-1.18738 0.00990592

-1.18738 0.00990595
-1.18707 0.00988173

-1.18707 0.00988173
-1.18677 0.00985763

-1.18677 0.00985763
-1.18646 0.00983365

-1.18646 0.00983365
-1.18616 0.00980976

-1.18616 0.00980979
-1.18585 0.00978593

-1.18585 0.00978596
-1.18559 0.00976562

-1.18555 0.00976194
-1.18524 0.00973803

-1.18524 0.00973804
-1.18494 0.00971427

-1.18494 0.00971428
-1.18463 0.00969065

-1.18463 0.00969066
-1.18433 0.00966714

-1.18433 0.00966715
-1.18402 0.0096437

-1.18402 0.00964369
-1.18372 0.00962032

-1.18372 0.00962029
-1.18341 0.00959704

-1.18341 0.00959707
-1.18311 0.00957392

-1.18311 0.00957391
-1.1828 0.00955082

-1.1828 0.00955082
-1.1825 0.00952778

-1.1825 0.00952779
-1.18219 0.00950478

-1.18219 0.0095048
-1.18188 0.00948176

-1.18158 0.00945852
-1.1816 0.00946045

-1.18188 0.0094818
-1.1816 0.00946045

-1.18158 0.00945854
-1.18127 0.00943534

-1.18127 0.00943535
-1.18097 0.00941228

-1.18097 0.00941228
-1.18066 0.00938934

-1.18066 0.00938934
-1.18036 0.00936653

-1.18036 0.00936653
-1.18005 0.00934382

-1.18005 0.00934382
-1.17975 0.0093212

-1.17975 0.00932117
-1.17944 0.0092987

-1.17944 0.00929873
-1.17914 0.00927641

-1.17914 0.00927641
-1.17883 0.00925419

-1.17883 0.00925419
-1.17853 0.00923207

-1.17853 0.00923207
-1.17822 0.00921005

-1.17822 0.00921007
-1.17792 0.00918811

-1.17792 0.00918815
-1.17761 0.00916616

-1.17731 0.00914405
-1.17746 0.00915527

-1.17731 0.00914405
-1.177 0.00912205

-1.17761 0.00916619
-1.17746 0.00915527

-1.177 0.00912206
-1.1767 0.0091002

-1.1767 0.0091002
-1.17639 0.00907846

-1.17639 0.00907847
-1.17609 0.00905682

-1.17609 0.00905683
-1.17578 0.00903526

-1.17578 0.00903526
-1.17548 0.00901374

-1.17548 0.00901371
-1.17517 0.00899229

-1.17517 0.00899232
-1.17487 0.00897102

-1.17487 0.00897102
-1.17456 0.00894978

-1.17456 0.00894978
-1.17426 0.0089286

-1.17426 0.0089286
-1.17395 0.00890745

-1.17395 0.00890746
-1.17365 0.00888633

-1.17365 0.00888636
-1.17334 0.00886517

-1.17303 0.00884379
-1.17312 0.0088501

-1.17334 0.00886521
-1.17312 0.0088501

-1.17303 0.0088438
-1.17273 0.00882249

-1.17273 0.00882249
-1.17242 0.00880132

-1.17242 0.00880132
-1.17212 0.00878027

-1.17212 0.00878027
-1.17181 0.00875934

-1.17181 0.00875935
-1.17151 0.00873853

-1.17151 0.00873853
-1.1712 0.00871781

-1.1712 0.0087178
-1.1709 0.00869718

-1.1709 0.00869717
-1.17059 0.00867671

-1.17059 0.00867674
-1.17029 0.00865642

-1.17029 0.00865642
-1.16998 0.00863618

-1.16998 0.00863618
-1.16968 0.00861604

-1.16846 0.00853593
-1.16859 0.00854492

-1.16968 0.00861605
-1.16937 0.008596

-1.16937 0.00859602
-1.16907 0.00857604

-1.16907 0.00857607
-1.16876 0.00855607

-1.16876 0.0085561
-1.16859 0.00854492

-1.16846 0.00853593
-1.16815 0.0085159

-1.16815 0.0085159
-1.16785 0.00849601

-1.16785 0.00849602
-1.16754 0.00847624

-1.16754 0.00847624
-1.16724 0.00845656

-1.16724 0.00845657
-1.16693 0.00843697

-1.16693 0.00843698
-1.16663 0.00841743

-1.16663 0.00841742
-1.16632 0.00839792

-1.16632 0.0083979
-1.16602 0.0083785

-1.16602 0.00837853
-1.16571 0.00835922

-1.16571 0.00835922
-1.16541 0.00833996

-1.16541 0.00833996
-1.1651 0.00832073

-1.1651 0.00832074
-1.16479 0.00830154

-1.16479 0.00830155
-1.16449 0.00828237

-1.16449 0.00828239
-1.16418 0.00826319

-1.16418 0.00826322
-1.16388 0.00824389

-1.16357 0.00822439
-1.16382 0.00823975

-1.16388 0.00824389
-1.16381 0.00823975

-1.16357 0.00822437
-1.16327 0.00820502

-1.16327 0.00820503
-1.16296 0.0081858

-1.16296 0.0081858
-1.16266 0.00816668

-1.16266 0.00816668
-1.16235 0.00814766

-1.16235 0.00814767
-1.16205 0.00812874

-1.16205 0.00812874
-1.16174 0.00810989

-1.16174 0.00810988
-1.16144 0.00809112

-1.16144 0.0080911
-1.16113 0.00807248

-1.16113 0.00807251
-1.16083 0.00805401

-1.16083 0.008054
-1.16052 0.00803557

-1.16052 0.00803557
-1.16022 0.00801722

-1.16022 0.00801722
-1.15991 0.00799895

-1.15991 0.00799895
-1.15961 0.00798076

-1.15961 0.00798078
-1.1593 0.00796264

-1.15869 0.00792617
-1.15883 0.00793457

-1.1593 0.00796268
-1.159 0.0079445

-1.159 0.00794453
-1.15883 0.00793457

-1.15869 0.00792617
-1.15839 0.00790794

-1.15839 0.00790795
-1.15808 0.00788985

-1.15808 0.00788985
-1.15778 0.00787185

-1.15778 0.00787185
-1.15747 0.00785394

-1.15747 0.00785395
-1.15717 0.00783612

-1.15717 0.00783612
-1.15686 0.00781836

-1.15686 0.00781836
-1.15656 0.00780064

-1.15656 0.00780063
-1.15625 0.00778294

-1.29535 0.15625
-1.29513 0.156555

-1.29513 0.156555
-1.2951 0.15659

-1.2951 0.156589
-1.29491 0.15686

-1.29491 0.15686
-1.2948 0.157018

-1.2948 0.157017
-1.29469 0.157166

-1.29469 0.157166
-1.29449 0.157445

-1.29449 0.157444
-1.29448 0.157471

-1.29448 0.157471
-1.29426 0.157776

-1.29426 0.157776
-1.29419 0.157872

-1.29419 0.157871
-1.29404 0.158081

-1.29404 0.158081
-1.29388 0.158297

-1.29388 0.158296
-1.29382 0.158386

-1.29382 0.158386
-1.2936 0.158691

-1.2936 0.158691
-1.29358 0.158722

-1.29358 0.158722
-1.29338 0.158997

-1.29338 0.158997
-1.29327 0.159147

-1.29327 0.159146
-1.29316 0.159302

-1.29316 0.159302
-1.29297 0.15957

-1.29297 0.15957
-1.29294 0.159607

-1.29294 0.159607
-1.29272 0.159912

-1.29272 0.159912
-1.29266 0.159994

-1.29266 0.159994
-1.2925 0.160217

-1.2925 0.160217
-1.29236 0.160416

-1.29236 0.160415
-1.29228 0.160522

-1.29228 0.160522
-1.29206 0.160828

-1.29206 0.160828
-1.29205 0.160838

-1.29205 0.160838
-1.29184 0.161133

-1.29184 0.161133
-1.29175 0.161259

-1.29175 0.161259
-1.29162 0.161438

-1.29162 0.161438
-1.29144 0.161679

-1.29144 0.161679
-1.2914 0.161743

-1.2914 0.161743
-1.29117 0.162048

-1.29117 0.162048
-1.29114 0.162099

-1.29114 0.162099
-1.29095 0.162354

-1.29095 0.162354
-1.29083 0.162518

-1.29083 0.162518
-1.29073 0.162659

-1.29073 0.162659
-1.29053 0.162937

-1.29053 0.162937
-1.29051 0.162964

-1.29051 0.162964
-1.29028 0.163269

-1.29028 0.163269
-1.29022 0.163356

-1.29022 0.163355
-1.29006 0.163574

-1.29006 0.163574
-1.28992 0.163772

-1.28992 0.163771
-1.28984 0.163879

-1.28984 0.163879
-1.28961 0.164185

-1.28961 0.164185
-1.28961 0.164189

-1.28961 0.164189
-1.28939 0.16449

-1.28939 0.16449
-1.28931 0.164606

-1.28931 0.164605
-1.28917 0.164795

-1.28917 0.164795
-1.289 0.16502

-1.289 0.165019
-1.28894 0.1651

-1.28894 0.1651
-1.28872 0.165405

-1.28872 0.165405
-1.2887 0.165436

-1.2887 0.165435
-1.28849 0.16571

-1.28849 0.16571
-1.28839 0.16585

-1.28839 0.165849
-1.28827 0.166016

-1.28827 0.166016
-1.28809 0.166263

-1.28809 0.166263
-1.28804 0.166321

-1.28804 0.166321
-1.28782 0.166626

-1.28782 0.166626
-1.28778 0.166677

-1.28778 0.166676
-1.28759 0.166931

-1.28759 0.166931
-1.28748 0.167089

-1.28748 0.167088
-1.28737 0.167236

-1.28737 0.167236
-1.28717 0.167501

-1.28717 0.167501
-1.28714 0.167542

-1.28714 0.167542
-1.28691 0.167847

-1.28691 0.167847
-1.28687 0.167913

-1.28687 0.167913
-1.28669 0.168152

-1.28669 0.168152
-1.28656 0.168324

-1.28656 0.168323
-1.28646 0.168457

-1.28646 0.168457
-1.28625 0.168734

-1.28625 0.168734
-1.28623 0.168762

-1.28623 0.168762
-1.28601 0.169067

-1.28601 0.169067
-1.28595 0.169144

-1.28595 0.169144
-1.28578 0.169373

-1.28578 0.169373
-1.28564 0.169553

-1.28564 0.169552
-1.28555 0.169678

-1.28555 0.169678
-1.28534 0.169962

-1.28534 0.169962
-1.28532 0.169983

-1.28532 0.169983
-1.2851 0.170288

-1.28509 0.170288
-1.28503 0.170371

-1.28503 0.17037
-1.28487 0.170593

-1.28487 0.170593
-1.28473 0.170778

-1.28473 0.170776
-1.28464 0.170898

-1.28464 0.170898
-1.28442 0.171185

-1.28442 0.171185
-1.28441 0.171204

-1.28441 0.171204
-1.28418 0.171509

-1.28418 0.171509
-1.28412 0.171592

-1.28412 0.171591
-1.28395 0.171814

-1.28395 0.171814
-1.28381 0.171998

-1.28381 0.171996
-1.28372 0.172119

-1.28372 0.172119
-1.28351 0.172403

-1.28351 0.172403
-1.28349 0.172424

-1.28349 0.172424
-1.28326 0.172729

-1.28326 0.172729
-1.2832 0.172809

-1.2832 0.172808
-1.28303 0.173035

-1.28303 0.173035
-1.2829 0.173213

-1.2829 0.173212
-1.2828 0.17334

-1.2828 0.17334
-1.28259 0.173617

-1.28259 0.173617
-1.28257 0.173645

-1.28257 0.173645
-1.28234 0.17395

-1.28234 0.17395
-1.28229 0.174021

-1.28229 0.174021
-1.28211 0.174255

-1.28211 0.174255
-1.28198 0.174424

-1.28198 0.174423
-1.28188 0.174561

-1.28188 0.174561
-1.28168 0.174827

-1.28168 0.174826
-1.28165 0.174866

-1.28165 0.174866
-1.28142 0.175171

-1.28142 0.175171
-1.28137 0.175229

-1.28137 0.175229
-1.28118 0.175476

-1.28118 0.175476
-1.28107 0.175631

-1.28107 0.17563
-1.28095 0.175781

-1.28095 0.175781
-1.28076 0.176032

-1.28076 0.176031
-1.28072 0.176086

-1.28072 0.176086
-1.28049 0.176392

-1.28049 0.176392
-1.28046 0.176433

-1.28046 0.176433
-1.28026 0.176697

-1.28025 0.176697
-1.28015 0.176834

-1.28015 0.176832
-1.28002 0.177002

-1.28002 0.177002
-1.27985 0.177233

-1.27985 0.177232
-1.27979 0.177307

-1.27979 0.177307
-1.27956 0.177612

-1.27956 0.177612
-1.27954 0.177632

-1.27954 0.177632
-1.27932 0.177917

-1.27932 0.177917
-1.27924 0.178032

-1.27924 0.178031
-1.27909 0.178223

-1.27909 0.178223
-1.27893 0.178429

-1.27893 0.178429
-1.27886 0.178528

-1.27886 0.178528
-1.27863 0.178827

-1.27863 0.178827
-1.27862 0.178833

-1.27862 0.178833
-1.27839 0.179138

-1.27839 0.179138
-1.27832 0.179226

-1.27832 0.179225
-1.27815 0.179443

-1.27815 0.179443
-1.27802 0.179622

-1.27802 0.179621
-1.27792 0.179749

-1.27792 0.179749
-1.27771 0.180019

-1.27771 0.180019
-1.27768 0.180054

-1.27768 0.180054
-1.27745 0.180359

-1.27745 0.180359
-1.2774 0.180416

-1.2774 0.180415
-1.27721 0.180664

-1.27721 0.180664
-1.2771 0.180812

-1.2771 0.18081
-1.27698 0.180969

-1.27698 0.180969
-1.27679 0.181206

-1.27679 0.181206
-1.27674 0.181274

-1.27674 0.181274
-1.27651 0.18158

-1.27651 0.18158
-1.27649 0.181602

-1.27649 0.181601
-1.27627 0.181885

-1.27627 0.181885
-1.27618 0.181997

-1.27618 0.181996
-1.27603 0.18219

-1.27603 0.18219
-1.27588 0.18239

-1.27588 0.182389
-1.2758 0.182495

-1.2758 0.182495
-1.27557 0.182784

-1.27557 0.182784
-1.27556 0.1828

-1.27556 0.1828
-1.27532 0.183105

-1.27532 0.183105
-1.27527 0.183178

-1.27527 0.183177
-1.27509 0.183411

-1.27509 0.183411
-1.27496 0.183571

-1.27496 0.183569
-1.27485 0.183716

-1.27485 0.183716
-1.27466 0.183962

-1.27466 0.183962
-1.27461 0.184021

-1.27461 0.184021
-1.27437 0.184326

-1.27438 0.184326
-1.27435 0.184355

-1.27435 0.184354
-1.27414 0.184631

-1.27414 0.184631
-1.27405 0.184747

-1.27405 0.184746
-1.2739 0.184937

-1.2739 0.184937
-1.27374 0.185137

-1.27374 0.185136
-1.27366 0.185242

-1.27366 0.185242
-1.27344 0.185528

-1.27344 0.185528
-1.27342 0.185547

-1.27342 0.185547
-1.27318 0.185852

-1.27318 0.185852
-1.27313 0.185919

-1.27313 0.185919
-1.27295 0.186157

-1.27294 0.186157
-1.27283 0.18631

-1.27283 0.186308
-1.27271 0.186462

-1.27271 0.186462
-1.27252 0.186698

-1.27252 0.186698
-1.27247 0.186768

-1.27247 0.186768
-1.27223 0.187073

-1.27223 0.187073
-1.27222 0.187088

-1.27222 0.187087
-1.27199 0.187378

-1.27199 0.187378
-1.27191 0.187477

-1.27191 0.187476
-1.27175 0.187683

-1.27175 0.187683
-1.27161 0.187865

-1.27161 0.187864
-1.27151 0.187988

-1.27151 0.187988
-1.2713 0.188253

-1.2713 0.188253
-1.27127 0.188293

-1.27127 0.188293
-1.27103 0.188599

-1.27103 0.188599
-1.271 0.188641

-1.271 0.188641
-1.27079 0.188904

-1.27079 0.188904
-1.27069 0.189029

-1.27069 0.189028
-1.27055 0.189209

-1.27055 0.189209
-1.27039 0.189415

-1.27039 0.189414
-1.27031 0.189514

-1.27031 0.189514
-1.27008 0.189802

-1.27008 0.189801
-1.27007 0.189819

-1.27007 0.189819
-1.26983 0.190125

-1.26983 0.190125
-1.26978 0.190188

-1.26978 0.190188
-1.26958 0.19043

-1.26958 0.19043
-1.26947 0.190575

-1.26947 0.190573
-1.26934 0.190735

-1.26934 0.190735
-1.26917 0.190959

-1.26917 0.190959
-1.2691 0.19104

-1.2691 0.19104
-1.26886 0.191344

-1.26886 0.191344
-1.26886 0.191345

-1.26886 0.191345
-1.26862 0.19165

-1.26862 0.19165
-1.26855 0.19173

-1.26855 0.191729
-1.26837 0.191956

-1.26837 0.191956
-1.26825 0.192114

-1.26825 0.192112
-1.26813 0.192261

-1.26813 0.192261
-1.26794 0.192497

-1.26794 0.192497
-1.26789 0.192566

-1.26789 0.192566
-1.26765 0.192871

-1.26765 0.192871
-1.26764 0.192881

-1.26764 0.192881
-1.2674 0.193176

-1.2674 0.193176
-1.26733 0.193265

-1.26733 0.193264
-1.26716 0.193481

-1.26716 0.193481
-1.26703 0.193648

-1.26703 0.193646
-1.26692 0.193787

-1.26692 0.193787
-1.26672 0.19403

-1.26672 0.19403
-1.26667 0.194092

-1.26667 0.194092
-1.26643 0.194397

-1.26643 0.194397
-1.26642 0.194412

-1.26642 0.194412
-1.26619 0.194702

-1.26619 0.194702
-1.26611 0.194795

-1.26611 0.194794
-1.26594 0.195007

-1.26594 0.195007
-1.26581 0.195176

-1.26581 0.195174
-1.2657 0.195312

-1.2657 0.195312
-1.2655 0.195557

-1.2655 0.195556
-1.26545 0.195618

-1.26545 0.195618
-1.26521 0.195923

-1.26521 0.195923
-1.2652 0.195938

-1.2652 0.195938
-1.26496 0.196228

-1.26496 0.196228
-1.26489 0.196319

-1.26489 0.196318
-1.26472 0.196533

-1.26472 0.196533
-1.26459 0.196699

-1.26459 0.196697
-1.26448 0.196838

-1.26447 0.196838
-1.26428 0.197078

-1.26428 0.197078
-1.26423 0.197144

-1.26423 0.197144
-1.26398 0.197449

-1.26398 0.197449
-1.26398 0.197458

-1.26398 0.197458
-1.26374 0.197754

-1.26374 0.197754
-1.26367 0.197837

-1.26367 0.197837
-1.26349 0.198059

-1.26349 0.198059
-1.26337 0.198217

-1.26337 0.198214
-1.26325 0.198364

-1.26325 0.198364
-1.26306 0.198594

-1.26306 0.198594
-1.263 0.198669

-1.263 0.198669
-1.26276 0.198972

-1.26276 0.198972
-1.26275 0.198975

-1.26275 0.198975
-1.26251 0.19928

-1.26251 0.19928
-1.26245 0.199351

-1.26245 0.19935
-1.26226 0.199585

-1.26226 0.199585
-1.26215 0.199729

-1.26215 0.199727
-1.26202 0.19989

-1.26201 0.19989
-1.26184 0.200105

-1.26184 0.200104
-1.26177 0.200195

-1.26177 0.200195
-1.26154 0.200482

-1.26154 0.200481
-1.26152 0.2005

-1.26152 0.2005
-1.26127 0.200806

-1.26127 0.200806
-1.26123 0.200858

-1.26123 0.200858
-1.26103 0.201111

-1.26102 0.201111
-1.26093 0.201235

-1.26093 0.201234
-1.26078 0.201416

-1.26078 0.201416
-1.26062 0.201611

-1.26062 0.201609
-1.26053 0.201721

-1.26053 0.201721
-1.26031 0.201986

-1.26031 0.201986
-1.26028 0.202026

-1.26028 0.202026
-1.26003 0.202332

-1.26003 0.202332
-1.26001 0.202361

-1.26001 0.202361
-1.25979 0.202637

-1.25979 0.202637
-1.2597 0.202737

-1.2597 0.202736
-1.25954 0.202942

-1.25954 0.202942
-1.2594 0.203112

-1.2594 0.203109
-1.25929 0.203247

-1.25929 0.203247
-1.25909 0.203485

-1.25909 0.203485
-1.25904 0.203552

-1.25904 0.203552
-1.25879 0.203857

-1.25879 0.203857
-1.25879 0.203859

-1.25879 0.203859
-1.25854 0.204163

-1.25854 0.204163
-1.25848 0.204233

-1.25848 0.204232
-1.25829 0.204468

-1.25829 0.204468
-1.25818 0.204607

-1.25818 0.204605
-1.25804 0.204773

-1.25804 0.204773
-1.25787 0.204979

-1.25787 0.204978
-1.25779 0.205078

-1.25779 0.205078
-1.25757 0.205352

-1.25757 0.205352
-1.25754 0.205383

-1.25754 0.205383
-1.25729 0.205688

-1.25729 0.205688
-1.25726 0.205724

-1.25726 0.205724
-1.25704 0.205994

-1.25704 0.205994
-1.25696 0.206097

-1.25696 0.206096
-1.25679 0.206299

-1.25679 0.206299
-1.25665 0.206469

-1.25665 0.206467
-1.25654 0.206604

-1.25654 0.206604
-1.25635 0.20684

-1.25635 0.206839
-1.25629 0.206909

-1.25629 0.206909
-1.25604 0.207211

-1.25604 0.207211
-1.25604 0.207214

-1.25604 0.207214
-1.25579 0.20752

-1.25579 0.20752
-1.25574 0.207582

-1.25574 0.207582
-1.25554 0.207825

-1.25554 0.207825
-1.25543 0.207953

-1.25543 0.207952
-1.25529 0.20813

-1.25529 0.20813
-1.25513 0.208323

-1.25513 0.208322
-1.25503 0.208435

-1.25503 0.208435
-1.25482 0.208693

-1.25482 0.208693
-1.25478 0.20874

-1.25478 0.20874
-1.25453 0.209045

-1.25453 0.209045
-1.25452 0.209063

-1.25452 0.209062
-1.25428 0.209351

-1.25428 0.209351
-1.25421 0.209433

-1.25421 0.209432
-1.25403 0.209656

-1.25403 0.209656
-1.25391 0.209802

-1.25391 0.2098
-1.25378 0.209961

-1.25377 0.209961
-1.2536 0.21017

-1.2536 0.21017
-1.25352 0.210266

-1.25352 0.210266
-1.2533 0.210539

-1.2533 0.210539
-1.25327 0.210571

-1.25327 0.210571
-1.25302 0.210876

-1.25302 0.210876
-1.25299 0.210907

-1.25299 0.210907
-1.25276 0.211182

-1.25276 0.211182
-1.25269 0.211275

-1.25269 0.211275
-1.25251 0.211487

-1.25251 0.211487
-1.25238 0.211644

-1.25238 0.211641
-1.25226 0.211792

-1.25226 0.211792
-1.25208 0.21201

-1.25208 0.21201
-1.252 0.212097

-1.252 0.212097
-1.25177 0.212377

-1.25177 0.212377
-1.25175 0.212402

-1.25175 0.212402
-1.2515 0.212708

-1.2515 0.212708
-1.25146 0.212744

-1.25146 0.212744
-1.25124 0.213013

-1.25124 0.213013
-1.25116 0.213111

-1.25116 0.21311
-1.25099 0.213318

-1.25099 0.213318
-1.25085 0.213478

-1.25085 0.213476
-1.25073 0.213623

-1.25073 0.213623
-1.25055 0.213843

-1.25055 0.213843
-1.25048 0.213928

-1.25048 0.213928
-1.25024 0.214209

-1.25024 0.214209
-1.25022 0.214233

-1.25022 0.214233
-1.24997 0.214539

-1.24997 0.214539
-1.24994 0.214574

-1.24994 0.214574
-1.24971 0.214844

-1.24971 0.214844
-1.24963 0.21494

-1.24963 0.214939
-1.24946 0.215149

-1.24946 0.215149
-1.24933 0.215306

-1.24933 0.215303
-1.2492 0.215454

-1.2492 0.215454
-1.24902 0.215669

-1.24902 0.215668
-1.24895 0.215759

-1.24895 0.215759
-1.24872 0.216033

-1.24872 0.216033
-1.24869 0.216064

-1.24869 0.216064
-1.24844 0.21637

-1.24844 0.21637
-1.24841 0.216398

-1.24841 0.216397
-1.24818 0.216675

-1.24818 0.216675
-1.24811 0.216762

-1.24811 0.216761
-1.24792 0.21698

-1.24792 0.21698
-1.2478 0.217126

-1.2478 0.217123
-1.24767 0.217285

-1.24767 0.217285
-1.2475 0.217488

-1.2475 0.217487
-1.24741 0.21759

-1.24741 0.21759
-1.24719 0.217851

-1.24719 0.217851
-1.24715 0.217896

-1.24715 0.217896
-1.2469 0.218201

-1.2469 0.218201
-1.24689 0.218214

-1.24689 0.218214
-1.24664 0.218506

-1.24664 0.218506
-1.24658 0.218576

-1.24658 0.218576
-1.24638 0.218811

-1.24638 0.218811
-1.24628 0.218939

-1.24628 0.218937
-1.24613 0.219116

-1.24613 0.219116
-1.24597 0.219301

-1.24597 0.2193
-1.24587 0.219421

-1.24587 0.219421
-1.24567 0.219662

-1.24567 0.219662
-1.24561 0.219727

-1.24561 0.219727
-1.24536 0.220023

-1.24536 0.220023
-1.24535 0.220032

-1.24535 0.220032
-1.2451 0.220337

-1.2451 0.220337
-1.24506 0.220385

-1.24506 0.220384
-1.24484 0.220642

-1.24484 0.220642
-1.24475 0.220746

-1.24475 0.220745
-1.24458 0.220947

-1.24458 0.220947
-1.24445 0.221107

-1.24445 0.221105
-1.24432 0.221252

-1.24432 0.221252
-1.24414 0.221467

-1.24414 0.221466
-1.24406 0.221558

-1.24406 0.221558
-1.24384 0.221826

-1.24384 0.221826
-1.2438 0.221863

-1.2438 0.221863
-1.24355 0.222168

-1.24355 0.222168
-1.24353 0.222186

-1.24353 0.222186
-1.24329 0.222473

-1.24329 0.222473
-1.24323 0.222546

-1.24323 0.222545
-1.24303 0.222778

-1.24303 0.222778
-1.24292 0.222906

-1.24292 0.222904
-1.24277 0.223083

-1.24277 0.223083
-1.24261 0.223265

-1.24261 0.223263
-1.24251 0.223389

-1.24251 0.223389
-1.24231 0.223623

-1.24231 0.223623
-1.24225 0.223694

-1.24225 0.223694
-1.242 0.223981

-1.242 0.223981
-1.24199 0.223999

-1.24199 0.223999
-1.24173 0.224304

-1.24173 0.224304
-1.2417 0.22434

-1.2417 0.22434
-1.24147 0.224609

-1.24147 0.224609
-1.24139 0.224698

-1.24139 0.224697
-1.24121 0.224915

-1.24121 0.224915
-1.24109 0.225056

-1.24109 0.225054
-1.24095 0.22522

-1.24095 0.22522
-1.24078 0.225414

-1.24078 0.225412
-1.24069 0.225525

-1.24069 0.225525
-1.24048 0.22577

-1.24048 0.22577
-1.24043 0.22583

-1.24043 0.22583
-1.24017 0.226127

-1.24017 0.226127
-1.24017 0.226135

-1.24017 0.226135
-1.23991 0.22644

-1.23991 0.22644
-1.23987 0.226484

-1.23987 0.226484
-1.23964 0.226746

-1.23964 0.226746
-1.23956 0.226841

-1.23956 0.22684
-1.23938 0.227051

-1.23938 0.227051
-1.23926 0.227198

-1.23926 0.227196
-1.23912 0.227356

-1.23912 0.227356
-1.23895 0.227554

-1.23895 0.227552
-1.23886 0.227661

-1.23886 0.227661
-1.23865 0.227909

-1.23865 0.227909
-1.2386 0.227966

-1.2386 0.227966
-1.23834 0.228264

-1.23834 0.228264
-1.23834 0.228271

-1.23834 0.228271
-1.23807 0.228577

-1.23807 0.228577
-1.23804 0.22862

-1.23804 0.228619
-1.23781 0.228882

-1.23781 0.228882
-1.23773 0.228975

-1.23773 0.228974
-1.23755 0.229187

-1.23755 0.229187
-1.23743 0.22933

-1.23743 0.229328
-1.23729 0.229492

-1.23729 0.229492
-1.23712 0.229685

-1.23712 0.229683
-1.23702 0.229797

-1.23702 0.229797
-1.23682 0.230038

-1.23682 0.230038
-1.23676 0.230103

-1.23676 0.230103
-1.23651 0.230392

-1.23651 0.230392
-1.2365 0.230408

-1.2365 0.230408
-1.23623 0.230713

-1.23623 0.230713
-1.23621 0.230746

-1.23621 0.230746
-1.23597 0.231018

-1.23597 0.231018
-1.2359 0.2311

-1.2359 0.231099
-1.23571 0.231323

-1.23571 0.231323
-1.2356 0.231454

-1.2356 0.231452
-1.23545 0.231628

-1.23544 0.231628
-1.23529 0.231808

-1.23529 0.231806
-1.23518 0.231934

-1.23518 0.231934
-1.23499 0.232159

-1.23499 0.232159
-1.23492 0.232239

-1.23492 0.232239
-1.23468 0.232512

-1.23468 0.232512
-1.23465 0.232544

-1.23465 0.232544
-1.23439 0.232849

-1.23439 0.232849
-1.23438 0.232865

-1.23438 0.232864
-1.23412 0.233154

-1.23412 0.233154
-1.23407 0.233217

-1.23407 0.233216
-1.23386 0.233459

-1.23386 0.233459
-1.23376 0.233569

-1.23376 0.233567
-1.2336 0.233765

-1.23359 0.233765
-1.23346 0.233921

-1.23346 0.233919
-1.23333 0.23407

-1.23333 0.23407
-1.23315 0.234272

-1.23315 0.234271
-1.23306 0.234375

-1.23306 0.234375
-1.23285 0.234623

-1.23285 0.234623
-1.2328 0.23468

-1.2328 0.23468
-1.23254 0.234974

-1.23254 0.234974
-1.23253 0.234985

-1.23253 0.234985
-1.23227 0.235291

-1.23227 0.235291
-1.23224 0.235325

-1.23224 0.235324
-1.232 0.235596

-1.232 0.235596
-1.23193 0.235675

-1.23193 0.235675
-1.23174 0.235901

-1.23174 0.235901
-1.23163 0.236026

-1.23163 0.236024
-1.23147 0.236206

-1.23147 0.236206
-1.23132 0.236377

-1.23132 0.236375
-1.23121 0.236511

-1.2312 0.236511
-1.23102 0.236726

-1.23102 0.236725
-1.23094 0.236816

-1.23094 0.236816
-1.23071 0.237075

-1.23071 0.237075
-1.23067 0.237122

-1.23067 0.237122
-1.23041 0.237424

-1.23041 0.237424
-1.23041 0.237427

-1.23041 0.237427
-1.23014 0.237732

-1.23014 0.237732
-1.2301 0.237774

-1.2301 0.237773
-1.22987 0.238037

-1.22987 0.238037
-1.2298 0.238123

-1.2298 0.238122
-1.22961 0.238342

-1.2296 0.238342
-1.22949 0.238472

-1.22949 0.23847
-1.22934 0.238647

-1.22934 0.238647
-1.22919 0.238821

-1.22919 0.238819
-1.22907 0.238953

-1.22907 0.238953
-1.22888 0.239169

-1.22888 0.239168
-1.2288 0.239258

-1.2288 0.239258
-1.22858 0.239516

-1.22858 0.239516
-1.22854 0.239563

-1.22854 0.239563
-1.22827 0.239864

-1.22827 0.239864
-1.22827 0.239868

-1.22827 0.239868
-1.228 0.240173

-1.228 0.240173
-1.22797 0.240212

-1.22797 0.240211
-1.22773 0.240479

-1.22773 0.240479
-1.22766 0.240559

-1.22766 0.240558
-1.22746 0.240784

-1.22746 0.240784
-1.22736 0.240907

-1.22736 0.240904
-1.2272 0.241089

-1.22719 0.241089
-1.22705 0.241254

-1.22705 0.241252
-1.22693 0.241394

-1.22693 0.241394
-1.22675 0.241601

-1.22675 0.241599
-1.22666 0.241699

-1.22666 0.241699
-1.22644 0.241946

-1.22644 0.241946
-1.22639 0.242004

-1.22639 0.242004
-1.22614 0.242292

-1.22614 0.242292
-1.22612 0.24231

-1.22612 0.24231
-1.22585 0.242615

-1.22585 0.242615
-1.22583 0.242639

-1.22583 0.242638
-1.22558 0.24292

-1.22558 0.24292
-1.22552 0.242985

-1.22552 0.242984
-1.22531 0.243225

-1.22531 0.243225
-1.22522 0.24333

-1.22522 0.243329
-1.22504 0.24353

-1.22504 0.24353
-1.22491 0.243676

-1.22491 0.243674
-1.22477 0.243835

-1.22477 0.243835
-1.22461 0.244022

-1.22461 0.24402
-1.2245 0.244141

-1.2245 0.244141
-1.2243 0.244366

-1.2243 0.244365
-1.22423 0.244446

-1.22423 0.244446
-1.224 0.24471

-1.224 0.24471
-1.22396 0.244751

-1.22396 0.244751
-1.22369 0.245055

-1.22369 0.245055
-1.22369 0.245056

-1.22369 0.245056
-1.22342 0.245361

-1.22342 0.245361
-1.22339 0.2454

-1.22339 0.245399
-1.22315 0.245667

-1.22315 0.245667
-1.22308 0.245744

-1.22308 0.245743
-1.22288 0.245972

-1.22288 0.245972
-1.22278 0.246088

-1.22278 0.246086
-1.22261 0.246277

-1.22261 0.246277
-1.22247 0.246432

-1.22247 0.24643
-1.22234 0.246582

-1.22234 0.246582
-1.22217 0.246776

-1.22217 0.246774
-1.22207 0.246887

-1.22207 0.246887
-1.22186 0.247118

-1.22186 0.247118
-1.2218 0.247192

-1.2218 0.247192
-1.22156 0.247461

-1.22156 0.247461
-1.22152 0.247498

-1.22152 0.247498
-1.22125 0.247803

-1.22125 0.247803
-1.22125 0.247804

-1.22125 0.247804
-1.22098 0.248108

-1.22098 0.248108
-1.22095 0.248147

-1.22095 0.248146
-1.22071 0.248413

-1.22071 0.248413
-1.22064 0.248489

-1.22064 0.248488
-1.22044 0.248718

-1.22044 0.248718
-1.22034 0.248832

-1.22034 0.248829
-1.22017 0.249023

-1.22016 0.249023
-1.22003 0.249174

-1.22003 0.249172
-1.21989 0.249329

-1.21989 0.249329
-1.21973 0.249516

-1.21973 0.249515
-1.21962 0.249634

-1.21962 0.249634
-1.21942 0.249857

-1.21942 0.249856
-1.21935 0.249939

-1.21935 0.249939
-1.21912 0.250198

-1.21912 0.250198
-1.21907 0.250244

-1.21907 0.250244
-1.21881 0.250539

-1.21881 0.250539
-1.2188 0.250549

-1.2188 0.250549
-1.21853 0.250854

-1.21853 0.250854
-1.21851 0.25088

-1.21851 0.25088
-1.21826 0.25116

-1.21826 0.25116
-1.2182 0.251221

-1.2182 0.251221
-1.21798 0.251465

-1.21798 0.251465
-1.2179 0.251562

-1.2179 0.25156
-1.21771 0.25177

-1.21771 0.25177
-1.21759 0.251903

-1.21759 0.251901
-1.21744 0.252075

-1.21743 0.252075
-1.21729 0.252243

-1.21729 0.252241
-1.21716 0.25238

-1.21716 0.25238
-1.21698 0.252583

-1.21698 0.252582
-1.21689 0.252686

-1.21689 0.252686
-1.21667 0.252922

-1.21667 0.252922
-1.21661 0.252991

-1.21661 0.252991
-1.21637 0.253261

-1.21637 0.253261
-1.21634 0.253296

-1.21634 0.253296
-1.21606 0.253601

-1.21606 0.253601
-1.21579 0.253906

-1.21579 0.253906
-1.21576 0.25394

-1.21576 0.25394
-1.21551 0.254211

-1.21552 0.254211
-1.21545 0.254279

-1.21545 0.254278
-1.21524 0.254517

-1.21524 0.254517
-1.21515 0.254618

-1.21515 0.254616
-1.21497 0.254822

-1.21496 0.254822
-1.21484 0.254957

-1.21484 0.254955
-1.21469 0.255127

-1.21469 0.255127
-1.21454 0.255296

-1.21454 0.255294
-1.21441 0.255432

-1.21441 0.255432
-1.21423 0.255634

-1.21423 0.255633
-1.21414 0.255737

-1.21414 0.255737
-1.21393 0.255971

-1.21393 0.255971
-1.21386 0.256042

-1.21386 0.256042
-1.21362 0.256309

-1.21362 0.256309
-1.21359 0.256348

-1.21359 0.256348
-1.21332 0.256646

-1.21332 0.256646
-1.21331 0.256653

-1.21331 0.256653
-1.21304 0.256958

-1.21304 0.256958
-1.21301 0.256984

-1.21301 0.256983
-1.21276 0.257263

-1.21276 0.257263
-1.21271 0.257321

-1.21271 0.25732
-1.21248 0.257568

-1.21248 0.257568
-1.2124 0.257658

-1.2124 0.257657
-1.21221 0.257874

-1.21221 0.257874
-1.2121 0.257995

-1.2121 0.257993
-1.21193 0.258179

-1.21193 0.258179
-1.21179 0.258332

-1.21179 0.25833
-1.21165 0.258484

-1.21165 0.258484
-1.21149 0.258669

-1.21149 0.258667
-1.21138 0.258789

-1.21138 0.258789
-1.21118 0.259005

-1.21118 0.259004
-1.2111 0.259094

-1.2111 0.259094
-1.21088 0.25934

-1.21088 0.25934
-1.21082 0.259399

-1.21082 0.259399
-1.21057 0.259676

-1.21057 0.259676
-1.21054 0.259705

-1.21054 0.259705
-1.21027 0.26001

-1.21027 0.26001
-1.21027 0.260012

-1.21027 0.260011
-1.20999 0.260315

-1.20999 0.260315
-1.20996 0.260347

-1.20996 0.260347
-1.20971 0.26062

-1.20971 0.26062
-1.20966 0.260682

-1.20966 0.260682
-1.20943 0.260925

-1.20943 0.260925
-1.20935 0.261017

-1.20935 0.261016
-1.20916 0.26123

-1.20916 0.26123
-1.20905 0.261352

-1.20905 0.261351
-1.20888 0.261536

-1.20888 0.261536
-1.20874 0.261687

-1.20874 0.261686
-1.2086 0.261841

-1.2086 0.261841
-1.20844 0.262022

-1.20844 0.262021
-1.20832 0.262146

-1.20832 0.262146
-1.20813 0.262357

-1.20813 0.262355
-1.20804 0.262451

-1.20804 0.262451
-1.20782 0.26269

-1.20782 0.262689
-1.20776 0.262756

-1.20776 0.262756
-1.20752 0.263023

-1.20752 0.263023
-1.20748 0.263062

-1.20748 0.263062
-1.20721 0.263357

-1.20721 0.263357
-1.20721 0.263367

-1.20721 0.263367
-1.20693 0.263672

-1.20693 0.263672
-1.20691 0.263691

-1.20691 0.263691
-1.20665 0.263977

-1.20665 0.263977
-1.2066 0.264024

-1.2066 0.264024
-1.20637 0.264282

-1.20637 0.264282
-1.2063 0.264358

-1.2063 0.264356
-1.20609 0.264587

-1.20609 0.264587
-1.20599 0.264691

-1.20599 0.264689
-1.20581 0.264893

-1.20581 0.264893
-1.20569 0.265024

-1.20569 0.265022
-1.20553 0.265198

-1.20553 0.265198
-1.20538 0.265356

-1.20538 0.265355
-1.20525 0.265503

-1.20525 0.265503
-1.20508 0.265689

-1.20508 0.265688
-1.20497 0.265808

-1.20497 0.265808
-1.20477 0.266021

-1.20477 0.26602
-1.20469 0.266113

-1.20469 0.266113
-1.20447 0.266353

-1.20447 0.266352
-1.20441 0.266418

-1.20441 0.266418
-1.20416 0.266684

-1.20416 0.266684
-1.20413 0.266724

-1.20413 0.266724
-1.20386 0.267016

-1.20386 0.267016
-1.20385 0.267029

-1.20385 0.267029
-1.20356 0.267334

-1.20356 0.267334
-1.20355 0.267348

-1.20355 0.267347
-1.20328 0.267639

-1.20328 0.267639
-1.20325 0.267679

-1.20325 0.267678
-1.203 0.267944

-1.203 0.267944
-1.20294 0.26801

-1.20294 0.268009
-1.20272 0.26825

-1.20272 0.26825
-1.20264 0.268341

-1.20264 0.268339
-1.20244 0.268555

-1.20244 0.268555
-1.20233 0.268672

-1.20233 0.26867
-1.20216 0.26886

-1.20216 0.26886
-1.20203 0.269002

-1.20203 0.269001
-1.20188 0.269165

-1.20188 0.269165
-1.20172 0.269333

-1.20172 0.269332
-1.20159 0.26947

-1.20159 0.26947
-1.20142 0.269663

-1.20142 0.269662
-1.20131 0.269775

-1.20131 0.269775
-1.20111 0.269994

-1.20111 0.269992
-1.20103 0.270081

-1.20103 0.270081
-1.20081 0.270323

-1.20081 0.270322
-1.20075 0.270386

-1.20075 0.270386
-1.2005 0.270652

-1.2005 0.270652
-1.20046 0.270691

-1.20046 0.270691
-1.2002 0.270981

-1.2002 0.270981
-1.20018 0.270996

-1.20018 0.270996
-1.1999 0.271301

-1.1999 0.271301
-1.19989 0.271311

-1.19989 0.27131
-1.19962 0.271606

-1.19962 0.271606
-1.19958 0.27164

-1.19958 0.27164
-1.19933 0.271912

-1.19933 0.271912
-1.19928 0.271969

-1.19928 0.271968
-1.19905 0.272217

-1.19905 0.272217
-1.19897 0.272298

-1.19897 0.272296
-1.19877 0.272522

-1.19877 0.272522
-1.19867 0.272626

-1.19867 0.272625
-1.19848 0.272827

-1.19848 0.272827
-1.19836 0.272955

-1.19836 0.272953
-1.1982 0.273132

-1.1982 0.273132
-1.19806 0.273283

-1.19806 0.273282
-1.19792 0.273438

-1.19791 0.273438
-1.19775 0.273611

-1.19775 0.27361
-1.19763 0.273743

-1.19763 0.273743
-1.19745 0.273939

-1.19745 0.273938
-1.19735 0.274048

-1.19735 0.274048
-1.19714 0.274267

-1.19714 0.274266
-1.19706 0.274353

-1.19706 0.274353
-1.19684 0.274594

-1.19684 0.274593
-1.19678 0.274658

-1.19678 0.274658
-1.19653 0.274921

-1.19653 0.274921
-1.19649 0.274963

-1.19649 0.274963
-1.19623 0.275248

-1.19623 0.275248
-1.19621 0.275269

-1.19621 0.275269
-1.19592 0.275574

-1.19592 0.275574
-1.19592 0.275575

-1.19592 0.275575
-1.19564 0.275879

-1.19564 0.275879
-1.19562 0.275902

-1.19562 0.275901
-1.19535 0.276184

-1.19535 0.276184
-1.19531 0.276228

-1.19531 0.276228
-1.19507 0.276489

-1.19507 0.276489
-1.19501 0.276555

-1.19501 0.276554
-1.19478 0.276794

-1.19478 0.276794
-1.1947 0.276881

-1.1947 0.276879
-1.1945 0.2771

-1.1945 0.2771
-1.1944 0.277207

-1.1944 0.277205
-1.19421 0.277405

-1.19421 0.277405
-1.19409 0.277533

-1.19409 0.277532
-1.19393 0.27771

-1.19393 0.27771
-1.19379 0.277859

-1.19379 0.277857
-1.19364 0.278015

-1.19364 0.278015
-1.19348 0.278184

-1.19348 0.278183
-1.19335 0.27832

-1.19335 0.27832
-1.19318 0.27851

-1.19318 0.278509
-1.19307 0.278625

-1.19307 0.278625
-1.19287 0.278835

-1.19287 0.278834
-1.19278 0.278931

-1.19278 0.278931
-1.19257 0.27916

-1.19257 0.279159
-1.19249 0.279236

-1.19249 0.279236
-1.19226 0.279484

-1.19226 0.279484
-1.19221 0.279541

-1.19221 0.279541
-1.19196 0.279809

-1.19196 0.279808
-1.19192 0.279846

-1.19192 0.279846
-1.19165 0.280133

-1.19165 0.280133
-1.19163 0.280151

-1.19163 0.280151
-1.19135 0.280457

-1.19135 0.280457
-1.19135 0.280457

-1.19135 0.280457
-1.19106 0.280762

-1.19106 0.280762
-1.19104 0.280782

-1.19104 0.280781
-1.19077 0.281067

-1.19077 0.281067
-1.19073 0.281105

-1.19073 0.281105
-1.19048 0.281372

-1.19048 0.281372
-1.19043 0.281429

-1.19043 0.281428
-1.1902 0.281677

-1.1902 0.281677
-1.19012 0.281753

-1.19012 0.281751
-1.18991 0.281982

-1.18991 0.281982
-1.18982 0.282076

-1.18982 0.282075
-1.18962 0.282288

-1.18962 0.282288
-1.18951 0.282399

-1.18951 0.282398
-1.18933 0.282593

-1.18933 0.282593
-1.18921 0.282723

-1.18921 0.282721
-1.18904 0.282898

-1.18904 0.282898
-1.1889 0.283046

-1.1889 0.283044
-1.18875 0.283203

-1.18875 0.283203
-1.1886 0.283368

-1.1886 0.283367
-1.18847 0.283508

-1.18847 0.283508
-1.18829 0.283691

-1.18829 0.28369
-1.18818 0.283813

-1.18818 0.283813
-1.18799 0.284013

-1.18799 0.284012
-1.18789 0.284119

-1.18789 0.284119
-1.18768 0.284336

-1.18768 0.284335
-1.1876 0.284424

-1.1876 0.284424
-1.18738 0.284658

-1.18738 0.284657
-1.18731 0.284729

-1.18731 0.284729
-1.18707 0.284979

-1.18707 0.284979
-1.18702 0.285034

-1.18702 0.285034
-1.18677 0.285301

-1.18677 0.2853
-1.18673 0.285339

-1.18673 0.285339
-1.18646 0.285622

-1.18646 0.285622
-1.18644 0.285645

-1.18644 0.285645
-1.18616 0.285943

-1.18616 0.285943
-1.18615 0.28595

-1.18615 0.28595
-1.18586 0.286255

-1.18586 0.286255
-1.18585 0.286265

-1.18585 0.286264
-1.18557 0.28656

-1.18557 0.28656
-1.18555 0.286586

-1.18555 0.286585
-1.18528 0.286865

-1.18528 0.286865
-1.18524 0.286906

-1.18524 0.286906
-1.18499 0.28717

-1.18499 0.28717
-1.18494 0.287227

-1.18494 0.287226
-1.1847 0.287476

-1.1847 0.287476
-1.18463 0.287548

-1.18463 0.287546
-1.18441 0.287781

-1.18441 0.287781
-1.18433 0.287868

-1.18433 0.287867
-1.18412 0.288086

-1.18412 0.288086
-1.18402 0.288188

-1.18402 0.288187
-1.18383 0.288391

-1.18383 0.288391
-1.18372 0.288508

-1.18372 0.288507
-1.18354 0.288696

-1.18354 0.288696
-1.18341 0.288828

-1.18341 0.288827
-1.18324 0.289001

-1.18324 0.289001
-1.18311 0.289148

-1.18311 0.289147
-1.18295 0.289307

-1.18295 0.289307
-1.1828 0.289467

-1.1828 0.289466
-1.18266 0.289612

-1.18266 0.289612
-1.1825 0.289786

-1.1825 0.289786
-1.18237 0.289917

-1.18237 0.289917
-1.18219 0.290106

-1.18219 0.290105
-1.18208 0.290222

-1.18208 0.290222
-1.18188 0.290425

-1.18188 0.290424
-1.18179 0.290527

-1.18179 0.290527
-1.18158 0.290744

-1.18158 0.290743
-1.18149 0.290833

-1.18149 0.290833
-1.18127 0.291062

-1.18127 0.291061
-1.1812 0.291138

-1.1812 0.291138
-1.18097 0.291381

-1.18097 0.29138
-1.18091 0.291443

-1.18091 0.291443
-1.18066 0.291699

-1.18066 0.291698
-1.18062 0.291748

-1.18062 0.291748
-1.18036 0.292016

-1.18036 0.292016
-1.18032 0.292053

-1.18032 0.292053
-1.18005 0.292334

-1.18005 0.292334
-1.18003 0.292358

-1.18003 0.292358
-1.17975 0.292652

-1.17975 0.292652
-1.17974 0.292664

-1.17974 0.292664
-1.17944 0.292969

-1.17944 0.292969
-1.17944 0.29297

-1.17944 0.29297
-1.17915 0.293274

-1.17915 0.293274
-1.17914 0.293287

-1.17914 0.293287
-1.17886 0.293579

-1.17886 0.293579
-1.17883 0.293605

-1.17883 0.293604
-1.17856 0.293884

-1.17856 0.293884
-1.17853 0.293922

-1.17853 0.293921
-1.17827 0.294189

-1.17827 0.294189
-1.17822 0.294239

-1.17822 0.294238
-1.17798 0.294495

-1.17798 0.294495
-1.17792 0.294556

-1.17792 0.294554
-1.17768 0.2948

-1.17768 0.2948
-1.17761 0.294872

-1.17761 0.294871
-1.17739 0.295105

-1.17739 0.295105
-1.17731 0.295189

-1.17731 0.295188
-1.17709 0.29541

-1.17709 0.29541
-1.177 0.295505

-1.177 0.295504
-1.1768 0.295715

-1.1768 0.295715
-1.1767 0.295821

-1.1767 0.29582
-1.1765 0.296021

-1.1765 0.296021
-1.17639 0.296137

-1.17639 0.296136
-1.17621 0.296326

-1.17621 0.296326
-1.17609 0.296453

-1.17609 0.296452
-1.17591 0.296631

-1.17591 0.296631
-1.17578 0.296769

-1.17578 0.296768
-1.17562 0.296936

-1.17562 0.296936
-1.17548 0.297084

-1.17548 0.297083
-1.17532 0.297241

-1.17532 0.297241
-1.17517 0.297399

-1.17517 0.297399
-1.17503 0.297546

-1.17503 0.297546
-1.17487 0.297715

-1.17487 0.297714
-1.17473 0.297852

-1.17473 0.297852
-1.17456 0.29803

-1.17456 0.298029
-1.17444 0.298157

-1.17444 0.298157
-1.17426 0.298345

-1.17426 0.298344
-1.17414 0.298462

-1.17414 0.298462
-1.17395 0.298659

-1.17395 0.298659
-1.17385 0.298767

-1.17384 0.298767
-1.17365 0.298974

-1.17365 0.298973
-1.17355 0.299072

-1.17355 0.299072
-1.17334 0.299288

-1.17334 0.299287
-1.17325 0.299377

-1.17325 0.299377
-1.17303 0.299602

-1.17303 0.299602
-1.17296 0.299683

-1.17296 0.299683
-1.17273 0.299917

-1.17273 0.299916
-1.17266 0.299988

-1.17266 0.299988
-1.17242 0.30023

-1.17242 0.30023
-1.17236 0.300293

-1.17236 0.300293
-1.17212 0.300544

-1.17212 0.300543
-1.17207 0.300598

-1.17207 0.300598
-1.17181 0.300857

-1.17181 0.300857
-1.17177 0.300903

-1.17177 0.300903
-1.17151 0.301171

-1.17151 0.30117
-1.17147 0.301208

-1.17147 0.301208
-1.1712 0.301484

-1.1712 0.301484
-1.17117 0.301514

-1.17117 0.301514
-1.1709 0.301797

-1.1709 0.301797
-1.17088 0.301819

-1.17088 0.301819
-1.17059 0.30211

-1.17059 0.30211
-1.17058 0.302124

-1.17058 0.302124
-1.17029 0.302422

-1.17029 0.302422
-1.17028 0.302429

-1.17028 0.302429
-1.16998 0.302734

-1.16998 0.302734
-1.16998 0.302735

-1.16998 0.302735
-1.16969 0.30304

-1.16969 0.30304
-1.16968 0.303048

-1.16968 0.303047
-1.16939 0.303345

-1.16939 0.303345
-1.16937 0.30336

-1.16937 0.30336
-1.16909 0.30365

-1.16909 0.30365
-1.16907 0.303672

-1.16907 0.303672
-1.16879 0.303955

-1.16879 0.303955
-1.16876 0.303984

-1.16876 0.303983
-1.16849 0.30426

-1.16849 0.30426
-1.16846 0.304296

-1.16846 0.304295
-1.16819 0.304565

-1.16819 0.304565
-1.16815 0.304607

-1.16815 0.304607
-1.16789 0.304871

-1.16789 0.304871
-1.16785 0.304919

-1.16785 0.304918
-1.1676 0.305176

-1.16759 0.305176
-1.16754 0.30523

-1.16754 0.305229
-1.1673 0.305481

-1.1673 0.305481
-1.16724 0.305541

-1.16724 0.30554
-1.167 0.305786

-1.167 0.305786
-1.16693 0.305852

-1.16693 0.305851
-1.1667 0.306091

-1.1667 0.306091
-1.16663 0.306163

-1.16663 0.306162
-1.1664 0.306396

-1.1664 0.306396
-1.16632 0.306474

-1.16632 0.306473
-1.1661 0.306702

-1.1661 0.306702
-1.16602 0.306784

-1.16602 0.306784
-1.1658 0.307007

-1.1658 0.307007
-1.16571 0.307095

-1.16571 0.307094
-1.1655 0.307312

-1.1655 0.307312
-1.16541 0.307405

-1.16541 0.307404
-1.1652 0.307617

-1.1652 0.307617
-1.1651 0.307715

-1.1651 0.307714
-1.1649 0.307922

-1.1649 0.307922
-1.16479 0.308025

-1.16479 0.308024
-1.1646 0.308228

-1.1646 0.308228
-1.16449 0.308335

-1.16449 0.308334
-1.16429 0.308533

-1.16429 0.308533
-1.16418 0.308644

-1.16418 0.308644
-1.16399 0.308838

-1.16399 0.308838
-1.16388 0.308954

-1.16388 0.308953
-1.16369 0.309143

-1.16369 0.309143
-1.16357 0.309263

-1.16357 0.309262
-1.16339 0.309448

-1.16339 0.309448
-1.16327 0.309572

-1.16327 0.309572
-1.16309 0.309753

-1.16309 0.309753
-1.16296 0.309881

-1.16296 0.309881
-1.16279 0.310059

-1.16279 0.310059
-1.16266 0.31019

-1.16266 0.310189
-1.16249 0.310364

-1.16249 0.310364
-1.16235 0.310498

-1.16235 0.310498
-1.16218 0.310669

-1.16218 0.310669
-1.16205 0.310807

-1.16205 0.310807
-1.16188 0.310974

-1.16188 0.310974
-1.16174 0.311115

-1.16174 0.311115
-1.16158 0.311279

-1.16158 0.311279
-1.16144 0.311424

-1.16144 0.311423
-1.16128 0.311584

-1.16128 0.311584
-1.16113 0.311732

-1.16113 0.311731
-1.16098 0.31189

-1.16098 0.31189
-1.16083 0.312039

-1.16083 0.312039
-1.16067 0.312195

-1.16067 0.312195
-1.16052 0.312347

-1.16052 0.312347
-1.16037 0.3125

-1.15625 0.00778292
-1.15594 0.00776534

-1.15594 0.00776538
-1.15564 0.00774789

-1.15564 0.00774788
-1.15533 0.00773043

-1.15533 0.00773043
-1.15503 0.00771301

-1.15503 0.00771301
-1.15472 0.00769562

-1.15472 0.00769562
-1.15442 0.00767825

-1.15442 0.00767826
-1.15411 0.00766089

-1.15411 0.00766091
-1.15381 0.00764347

-1.1535 0.00762581
-1.15357 0.00762939

-1.15381 0.00764351
-1.15356 0.00762939

-1.1535 0.00762582
-1.1532 0.0076082

-1.1532 0.0076082
-1.15289 0.00759069

-1.15289 0.00759069
-1.15259 0.00757329

-1.15259 0.00757329
-1.15228 0.007556

-1.15228 0.007556
-1.15198 0.0075388

-1.15198 0.00753881
-1.15167 0.0075217

-1.15167 0.00752171
-1.15137 0.00750468

-1.15137 0.00750469
-1.15106 0.00748773

-1.15106 0.0074877
-1.15076 0.00747088

-1.15076 0.0074709
-1.15045 0.00745422

-1.15045 0.00745422
-1.15015 0.00743761

-1.15015 0.00743762
-1.14984 0.00742109

-1.14984 0.00742109
-1.14954 0.00740464

-1.14954 0.00740463
-1.14923 0.00738826

-1.14923 0.00738827
-1.14893 0.00737198

-1.14801 0.00732319
-1.14803 0.00732422

-1.14801 0.00732321
-1.14771 0.00730687

-1.14771 0.00730688
-1.1474 0.00729066

-1.1474 0.00729066
-1.14709 0.00727456

-1.14709 0.00727456
-1.14679 0.00725855

-1.14679 0.00725855
-1.14648 0.00724263

-1.14893 0.00737199
-1.14862 0.00735577

-1.14862 0.00735579
-1.14832 0.00733957

-1.14832 0.00733961
-1.14803 0.00732422

-1.14648 0.00724263
-1.14618 0.00722677

-1.14618 0.00722678
-1.14587 0.00721098

-1.14587 0.00721099
-1.14557 0.00719523

-1.14557 0.00719523
-1.14526 0.00717949

-1.14526 0.00717946
-1.14496 0.0071638

-1.14496 0.00716382
-1.14465 0.00714825

-1.14465 0.00714825
-1.14435 0.00713272

-1.14435 0.00713273
-1.14404 0.00711722

-1.14404 0.00711722
-1.14374 0.00710174

-1.14374 0.00710174
-1.14343 0.00708627

-1.14343 0.00708628
-1.14313 0.00707082

-1.14313 0.00707082
-1.14282 0.00705536

-1.14282 0.00705538
-1.14252 0.00703988

-1.14252 0.00703991
-1.14221 0.00702427

-1.14191 0.00700843
-1.14211 0.00701904

-1.14221 0.00702427
-1.14211 0.00701904

-1.14191 0.00700842
-1.1416 0.00699269

-1.1416 0.00699269
-1.1413 0.00697707

-1.1413 0.00697707
-1.14099 0.00696154

-1.14099 0.00696154
-1.14069 0.0069461

-1.14069 0.0069461
-1.14038 0.00693074

-1.14038 0.00693074
-1.14008 0.00691545

-1.14008 0.00691546
-1.13977 0.00690024

-1.13977 0.00690025
-1.13947 0.00688509

-1.13947 0.00688508
-1.13916 0.00686999

-1.13916 0.00686996
-1.13885 0.006855

-1.13885 0.00685503
-1.13855 0.00684017

-1.13855 0.00684017
-1.13824 0.00682536

-1.13824 0.00682536
-1.13794 0.00681061

-1.13794 0.00681061
-1.13763 0.00679593

-1.13763 0.00679592
-1.13733 0.0067813

-1.13733 0.0067813
-1.13702 0.00676674

-1.13702 0.00676674
-1.13672 0.00675225

-1.13672 0.00675226
-1.13641 0.00673781

-1.13641 0.00673784
-1.13611 0.00672335

-1.1358 0.00670869
-1.13591 0.00671387

-1.1358 0.00670869
-1.1355 0.0066941

-1.13611 0.00672338
-1.13591 0.00671387

-1.1355 0.0066941
-1.13519 0.00667962

-1.13519 0.00667963
-1.13489 0.00666524

-1.13489 0.00666524
-1.13458 0.00665094

-1.13458 0.00665094
-1.13428 0.00663671

-1.13428 0.00663671
-1.13397 0.00662254

-1.13397 0.00662254
-1.13367 0.00660843

-1.13367 0.00660843
-1.13336 0.00659437

-1.13336 0.00659437
-1.13306 0.00658033

-1.13306 0.00658033
-1.13275 0.0065663

-1.13275 0.00656627
-1.13245 0.00655234

-1.13245 0.00655237
-1.13214 0.00653851

-1.13214 0.0065385
-1.13184 0.00652467

-1.13184 0.00652467
-1.13153 0.00651087

-1.13153 0.00651087
-1.13123 0.00649709

-1.13123 0.00649709
-1.13092 0.00648332

-1.13092 0.00648332
-1.13062 0.00646956

-1.13062 0.00646957
-1.13031 0.00645581

-1.13031 0.00645581
-1.13 0.00644205

-1.13 0.00644206
-1.1297 0.00642825

-1.1297 0.00642829
-1.12939 0.00641433

-1.12909 0.00640017
-1.12927 0.00640869

-1.12939 0.00641434
-1.12927 0.00640869

-1.12909 0.00640016
-1.12878 0.00638608

-1.12878 0.00638609
-1.12848 0.00637211

-1.12848 0.00637211
-1.12817 0.00635822

-1.12817 0.00635822
-1.12787 0.00634441

-1.12787 0.00634441
-1.12756 0.00633068

-1.12756 0.00633068
-1.12726 0.00631702

-1.12726 0.00631702
-1.12695 0.00630344

-1.12695 0.00630344
-1.12665 0.00628992

-1.12665 0.00628992
-1.12634 0.00627646

-1.12634 0.00627645
-1.12604 0.00626304

-1.12604 0.00626301
-1.12573 0.00624971

-1.12573 0.00624973
-1.12543 0.00623654

-1.12543 0.00623654
-1.12512 0.00622342

-1.12512 0.00622342
-1.12482 0.00621035

-1.12482 0.00621035
-1.12451 0.00619733

-1.12451 0.00619733
-1.12421 0.00618438

-1.12421 0.00618438
-1.1239 0.00617148

-1.1239 0.00617148
-1.1236 0.00615866

-1.1236 0.00615865
-1.12329 0.0061459

-1.12207 0.00609492
-1.12227 0.00610352

-1.12329 0.0061459
-1.12299 0.0061332

-1.12299 0.00613322
-1.12268 0.00612054

-1.12268 0.00612058
-1.12238 0.00610782

-1.12238 0.00610782
-1.12227 0.00610352

-1.12207 0.00609491
-1.12177 0.00608213

-1.12177 0.00608214
-1.12146 0.00606948

-1.12146 0.00606948
-1.12115 0.0060569

-1.12115 0.00605691
-1.12085 0.00604441

-1.12085 0.00604441
-1.12054 0.00603198

-1.12054 0.00603199
-1.12024 0.00601962

-1.12024 0.00601962
-1.11993 0.00600731

-1.11993 0.00600731
-1.11963 0.00599506

-1.11963 0.00599506
-1.11932 0.00598285

-1.11932 0.00598285
-1.11902 0.00597066

-1.11902 0.00597067
-1.11871 0.00595849

-1.11871 0.00595845
-1.11841 0.00594634

-1.11841 0.00594636
-1.1181 0.00593433

-1.1181 0.00593433
-1.1178 0.00592233

-1.1178 0.00592234
-1.11749 0.00591036

-1.11749 0.00591036
-1.11719 0.00589841

-1.11719 0.00589841
-1.11688 0.00588647

-1.11688 0.00588648
-1.11658 0.00587455

-1.11658 0.00587455
-1.11627 0.00586263

-1.11627 0.00586263
-1.11597 0.00585071

-1.11597 0.00585071
-1.11566 0.00583877

-1.11566 0.00583878
-1.11536 0.00582682

-1.11536 0.00582683
-1.11505 0.00581481

-1.11505 0.00581485
-1.11475 0.00580266

-1.11444 0.00579028
-1.11464 0.00579834

-1.11475 0.00580267
-1.11464 0.00579834

-1.11444 0.00579026
-1.11414 0.00577796

-1.11414 0.00577796
-1.11383 0.00576575

-1.11383 0.00576575
-1.11353 0.0057536

-1.11353 0.0057536
-1.11322 0.00574153

-1.11322 0.00574153
-1.11292 0.00572951

-1.11292 0.00572951
-1.11261 0.00571756

-1.11261 0.00571756
-1.1123 0.00570567

-1.1123 0.00570567
-1.112 0.00569384

-1.112 0.00569384
-1.11169 0.00568206

-1.11169 0.00568206
-1.11139 0.00567032

-1.11139 0.00567033
-1.11108 0.00565863

-1.11108 0.00565862
-1.11078 0.00564698

-1.11078 0.00564696
-1.11047 0.00563542

-1.11047 0.00563546
-1.11017 0.005624

-1.11017 0.005624
-1.10986 0.00561258

-1.10986 0.00561258
-1.10956 0.0056012

-1.10956 0.0056012
-1.10925 0.00558986

-1.10925 0.00558986
-1.10895 0.00557857

-1.10895 0.00557857
-1.10864 0.00556732

-1.10864 0.00556732
-1.10834 0.00555612

-1.10834 0.00555612
-1.10803 0.00554497

-1.10803 0.00554497
-1.10773 0.00553387

-1.10773 0.00553387
-1.10742 0.00552282

-1.10742 0.00552283
-1.10712 0.0055118

-1.10712 0.00551183
-1.10681 0.00550075

-1.10651 0.0054895
-1.10661 0.00549316

-1.10651 0.0054895
-1.1062 0.0054783

-1.10681 0.00550079
-1.1066 0.00549316

-1.1062 0.00547831
-1.1059 0.00546721

-1.1059 0.00546721
-1.10559 0.00545619

-1.10559 0.00545619
-1.10529 0.00544525

-1.10529 0.00544525
-1.10498 0.00543437

-1.10498 0.00543437
-1.10468 0.00542355

-1.10468 0.00542355
-1.10437 0.00541278

-1.10437 0.00541278
-1.10406 0.00540206

-1.10406 0.00540206
-1.10376 0.00539139

-1.10376 0.00539139
-1.10345 0.00538076

-1.10345 0.00538076
-1.10315 0.00537018

-1.10315 0.00537018
-1.10284 0.00535962

-1.10284 0.00535962
-1.10254 0.00534906

-1.10254 0.00534903
-1.10223 0.00533852

-1.10223 0.00533855
-1.10193 0.00532813

-1.10193 0.00532813
-1.10162 0.00531774

-1.10162 0.00531775
-1.10132 0.0053074

-1.10132 0.0053074
-1.10101 0.00529706

-1.10101 0.00529706
-1.10071 0.00528675

-1.10071 0.00528675
-1.1004 0.00527646

-1.1004 0.00527646
-1.1001 0.00526618

-1.1001 0.00526618
-1.09979 0.0052559

-1.09979 0.0052559
-1.09949 0.00524562

-1.09949 0.00524563
-1.09918 0.00523534

-1.09918 0.00523534
-1.09888 0.00522504

-1.09888 0.00522504
-1.09857 0.00521471

-1.09857 0.00521473
-1.09827 0.00520434

-1.09827 0.00520437
-1.09796 0.00519383

-1.09766 0.00518306
-1.0978 0.00518799

-1.09796 0.00519386
-1.09779 0.00518799

-1.09766 0.00518306
-1.09735 0.00517233

-1.09735 0.00517234
-1.09705 0.00516168

-1.09705 0.00516168
-1.09674 0.0051511

-1.09674 0.0051511
-1.09644 0.00514057

-1.09644 0.00514057
-1.09613 0.0051301

-1.09613 0.0051301
-1.09583 0.00511968

-1.09583 0.00511968
-1.09552 0.00510931

-1.09552 0.00510931
-1.09521 0.005099

-1.09521 0.005099
-1.09491 0.00508873

-1.09491 0.00508873
-1.0946 0.00507851

-1.0946 0.00507851
-1.0943 0.00506834

-1.0943 0.00506834
-1.09399 0.00505821

-1.09399 0.00505821
-1.09369 0.00504811

-1.09369 0.00504811
-1.09338 0.00503804

-1.09338 0.00503802
-1.09308 0.00502805

-1.09308 0.00502809
-1.09277 0.00501821

-1.0882 0.00487426
-1.08847 0.00488281

-1.0882 0.00487426
-1.08789 0.00486477

-1.09277 0.0050182
-1.09247 0.00500836

-1.09247 0.00500836
-1.09216 0.00499855

-1.09216 0.00499855
-1.09186 0.00498877

-1.09186 0.00498877
-1.09155 0.00497904

-1.09155 0.00497904
-1.09125 0.00496935

-1.09125 0.00496935
-1.09094 0.0049597

-1.09094 0.0049597
-1.09064 0.00495009

-1.09064 0.00495009
-1.09033 0.00494053

-1.09033 0.00494053
-1.09003 0.00493102

-1.09003 0.00493101
-1.08972 0.00492155

-1.08972 0.00492155
-1.08942 0.00491213

-1.08942 0.00491214
-1.08911 0.00490276

-1.08911 0.00490278
-1.08881 0.00489338

-1.08881 0.00489341
-1.0885 0.0048839

-1.0885 0.0048839
-1.08847 0.00488281

-1.08789 0.00486477
-1.08759 0.00485537

-1.08759 0.00485538
-1.08728 0.00484605

-1.08728 0.00484606
-1.08698 0.0048368

-1.08698 0.0048368
-1.08667 0.0048276

-1.08667 0.0048276
-1.08636 0.00481845

-1.08636 0.00481845
-1.08606 0.00480935

-1.08606 0.00480935
-1.08575 0.00480031

-1.08575 0.00480031
-1.08545 0.0047913

-1.08545 0.0047913
-1.08514 0.00478234

-1.08514 0.00478235
-1.08484 0.00477343

-1.08484 0.00477343
-1.08453 0.00476455

-1.08453 0.00476456
-1.08423 0.00475572

-1.08423 0.00475572
-1.08392 0.00474691

-1.08392 0.00474691
-1.08362 0.0047381

-1.08362 0.00473809
-1.08331 0.00472931

-1.08331 0.00472929
-1.08301 0.00472059

-1.08301 0.00472063
-1.0827 0.004712

-1.0827 0.004712
-1.0824 0.00470338

-1.0824 0.00470338
-1.08209 0.0046948

-1.08209 0.0046948
-1.08179 0.00468624

-1.08179 0.00468624
-1.08148 0.0046777

-1.08148 0.0046777
-1.08118 0.00466918

-1.08118 0.00466918
-1.08087 0.00466068

-1.08087 0.00466068
-1.08057 0.00465218

-1.08057 0.00465218
-1.08026 0.00464369

-1.08026 0.00464369
-1.07996 0.0046352

-1.07996 0.0046352
-1.07965 0.00462669

-1.07965 0.00462669
-1.07935 0.00461817

-1.07935 0.00461817
-1.07904 0.00460962

-1.07904 0.00460963
-1.07874 0.00460104

-1.07874 0.00460105
-1.07843 0.0045924

-1.07843 0.00459242
-1.07812 0.00458363

-1.07782 0.00457459
-1.07792 0.00457764

-1.07812 0.00458366
-1.07792 0.00457764

-1.07782 0.00457459
-1.07751 0.00456557

-1.07751 0.00456557
-1.07721 0.00455661

-1.07721 0.00455661
-1.0769 0.0045477

-1.0769 0.00454771
-1.0766 0.00453885

-1.0766 0.00453885
-1.07629 0.00453004

-1.07629 0.00453004
-1.07599 0.00452127

-1.07599 0.00452127
-1.07568 0.00451254

-1.07568 0.00451254
-1.07538 0.00450385

-1.07538 0.00450385
-1.07507 0.0044952

-1.07507 0.0044952
-1.07477 0.00448658

-1.07477 0.00448658
-1.07446 0.00447801

-1.07446 0.00447801
-1.07416 0.00446946

-1.07416 0.00446946
-1.07385 0.00446096

-1.07385 0.00446096
-1.07355 0.00445249

-1.07355 0.00445249
-1.07324 0.00444405

-1.07324 0.00444405
-1.07294 0.00443562

-1.07294 0.00443561
-1.07263 0.00442721

-1.07263 0.00442719
-1.07233 0.00441888

-1.07233 0.00441892
-1.07202 0.00441068

-1.07202 0.00441067
-1.07172 0.00440245

-1.07172 0.00440245
-1.07141 0.00439425

-1.07141 0.00439425
-1.07111 0.00438608

-1.07111 0.00438608
-1.0708 0.00437794

-1.0708 0.00437794
-1.0705 0.00436982

-1.0705 0.00436982
-1.07019 0.00436174

-1.07019 0.00436174
-1.06989 0.00435368

-1.06989 0.00435368
-1.06958 0.00434565

-1.06958 0.00434565
-1.06927 0.00433764

-1.06927 0.00433764
-1.06897 0.00432967

-1.06897 0.00432967
-1.06866 0.00432172

-1.06866 0.00432172
-1.06836 0.0043138

-1.06836 0.0043138
-1.06805 0.00430591

-1.06805 0.00430591
-1.06775 0.00429805

-1.06775 0.00429806
-1.06744 0.00429023

-1.06744 0.00429024
-1.06714 0.0042824

-1.06653 0.00426635
-1.06676 0.00427246

-1.06714 0.00428243
-1.06683 0.00427446

-1.06683 0.00427447
-1.06676 0.00427246

-1.06653 0.00426634
-1.06622 0.00425833

-1.06622 0.00425833
-1.06592 0.0042504

-1.06592 0.0042504
-1.06561 0.00424252

-1.06561 0.00424252
-1.06531 0.0042347

-1.06531 0.0042347
-1.065 0.00422692

-1.065 0.00422692
-1.0647 0.00421918

-1.0647 0.00421918
-1.06439 0.00421148

-1.06439 0.00421148
-1.06409 0.00420382

-1.06409 0.00420382
-1.06378 0.00419619

-1.06378 0.00419619
-1.06348 0.0041886

-1.06348 0.0041886
-1.06317 0.00418105

-1.06317 0.00418105
-1.06287 0.00417354

-1.06287 0.00417354
-1.06256 0.00416606

-1.06256 0.00416606
-1.06226 0.00415861

-1.06226 0.00415861
-1.06195 0.0041512

-1.06195 0.0041512
-1.06165 0.00414383

-1.06165 0.00414383
-1.06134 0.00413648

-1.06134 0.00413648
-1.06104 0.00412913

-1.06104 0.00412913
-1.06073 0.0041218

-1.06073 0.00412177
-1.06042 0.00411452

-1.06042 0.00411455
-1.06012 0.00410737

-1.06012 0.00410737
-1.05981 0.00410021

-1.05981 0.00410021
-1.05951 0.00409308

-1.05951 0.00409308
-1.0592 0.00408598

-1.0592 0.00408598
-1.0589 0.00407891

-1.0589 0.00407891
-1.05859 0.00407186

-1.05859 0.00407186
-1.05829 0.00406484

-1.05829 0.00406484
-1.05798 0.00405784

-1.05798 0.00405784
-1.05768 0.00405086

-1.05768 0.00405086
-1.05737 0.00404389

-1.05737 0.00404389
-1.05707 0.00403694

-1.05707 0.00403694
-1.05676 0.00403

-1.05676 0.00403
-1.05646 0.00402305

-1.05646 0.00402306
-1.05615 0.00401611

-1.05615 0.00401611
-1.05585 0.00400916

-1.05585 0.00400916
-1.05554 0.00400218

-1.05554 0.00400219
-1.05524 0.00399518

-1.05524 0.00399519
-1.05493 0.00398814

-1.05493 0.00398815
-1.05463 0.00398105

-1.05463 0.00398106
-1.05432 0.00397384

-1.05402 0.00396635
-1.05405 0.00396729

-1.05432 0.00397387
-1.05405 0.00396729

-1.05402 0.00396637
-1.05371 0.00395886

-1.05371 0.00395887
-1.05341 0.00395141

-1.05341 0.00395141
-1.0531 0.00394399

-1.0531 0.003944
-1.0528 0.00393662

-1.0528 0.00393662
-1.05249 0.00392929

-1.05249 0.00392929
-1.05219 0.00392198

-1.05219 0.00392198
-1.05188 0.00391471

-1.05188 0.00391471
-1.05157 0.00390747

-1.05157 0.00390747
-1.05127 0.00390026

-1.05127 0.00390026
-1.05096 0.00389308

-1.05096 0.00389308
-1.05066 0.00388592

-1.05066 0.00388592
-1.05035 0.00387879

-1.05035 0.00387879
-1.05005 0.00387169

-1.05005 0.00387169
-1.04974 0.00386462

-1.04974 0.00386462
-1.04944 0.00385757

-1.04944 0.00385757
-1.04913 0.00385055

-1.04913 0.00385055
-1.04883 0.00384356

-1.04883 0.00384356
-1.04852 0.00383659

-1.04852 0.00383659
-1.04822 0.00382964

-1.04822 0.00382964
-1.04791 0.0038227

-1.04791 0.0038227
-1.04761 0.00381579

-1.04761 0.00381577
-1.0473 0.00380894

-1.0473 0.00380897
-1.047 0.0038022

-1.047 0.00380219
-1.04669 0.00379543

-1.04669 0.00379543
-1.04639 0.00378868

-1.04639 0.00378868
-1.04608 0.00378196

-1.04608 0.00378196
-1.04578 0.00377526

-1.04578 0.00377525
-1.04547 0.00376857

-1.04547 0.00376857
-1.04517 0.00376192

-1.04517 0.00376192
-1.04486 0.00375528

-1.04486 0.00375528
-1.04456 0.00374867

-1.04456 0.00374867
-1.04425 0.00374209

-1.04425 0.00374209
-1.04395 0.00373553

-1.04395 0.00373553
-1.04364 0.00372899

-1.04364 0.00372899
-1.04333 0.00372249

-1.04333 0.00372249
-1.04303 0.00371601

-1.04303 0.00371601
-1.04272 0.00370956

-1.04272 0.00370956
-1.04242 0.00370313

-1.04242 0.00370313
-1.04211 0.00369674

-1.04211 0.00369674
-1.04181 0.00369037

-1.04181 0.00369037
-1.0415 0.00368404

-1.04028 0.0036585
-1.04045 0.00366211

-1.0415 0.00368404
-1.0412 0.00367774

-1.0412 0.00367775
-1.04089 0.00367143

-1.04089 0.00367146
-1.04059 0.00366505

-1.04059 0.00366506
-1.04045 0.00366211

-1.04028 0.00365849
-1.03998 0.00365201

-1.03998 0.00365201
-1.03967 0.0036456

-1.03967 0.0036456
-1.03937 0.00363925

-1.03937 0.00363925
-1.03906 0.00363294

-1.03906 0.00363294
-1.03876 0.00362667

-1.03876 0.00362667
-1.03845 0.00362044

-1.03845 0.00362044
-1.03815 0.00361423

-1.03815 0.00361423
-1.03784 0.00360806

-1.03784 0.00360806
-1.03754 0.00360192

-1.03754 0.00360192
-1.03723 0.0035958

-1.03723 0.0035958
-1.03693 0.00358972

-1.03693 0.00358972
-1.03662 0.00358366

-1.03662 0.00358366
-1.03632 0.00357763

-1.03632 0.00357763
-1.03601 0.00357163

-1.03601 0.00357163
-1.03571 0.00356565

-1.03571 0.00356565
-1.0354 0.00355971

-1.0354 0.00355971
-1.0351 0.00355379

-1.0351 0.00355379
-1.03479 0.00354789

-1.03479 0.00354789
-1.03448 0.00354203

-1.03448 0.00354203
-1.03418 0.00353618

-1.03418 0.00353619
-1.03387 0.00353037

-1.03387 0.00353037
-1.03357 0.00352458

-1.03357 0.00352458
-1.03326 0.00351879

-1.03326 0.00351879
-1.03296 0.003513

-1.03296 0.00351297
-1.03265 0.00350724

-1.03265 0.00350726
-1.03235 0.0035016

-1.03235 0.0035016
-1.03204 0.00349596

-1.03204 0.00349596
-1.03174 0.00349036

-1.03174 0.00349036
-1.03143 0.00348478

-1.03143 0.00348478
-1.03113 0.00347923

-1.03113 0.00347923
-1.03082 0.0034737

-1.03082 0.0034737
-1.03052 0.0034682

-1.03052 0.0034682
-1.03021 0.00346273

-1.03021 0.00346273
-1.02991 0.00345729

-1.02991 0.00345729
-1.0296 0.00345187

-1.0296 0.00345187
-1.0293 0.00344648

-1.0293 0.00344648
-1.02899 0.0034411

-1.02899 0.00344111
-1.02869 0.00343576

-1.02869 0.00343576
-1.02838 0.00343043

-1.02838 0.00343043
-1.02808 0.00342512

-1.02808 0.00342512
-1.02777 0.00341982

-1.02777 0.00341982
-1.02747 0.00341453

-1.02747 0.00341454
-1.02716 0.00340926

-1.02716 0.00340926
-1.02686 0.00340399

-1.02686 0.00340399
-1.02655 0.00339871

-1.02655 0.00339871
-1.02625 0.00339343

-1.02625 0.00339343
-1.02594 0.00338812

-1.02594 0.00338813
-1.02563 0.00338279

-1.02563 0.0033828
-1.02533 0.00337743

-1.02533 0.00337743
-1.02502 0.00337201

-1.02502 0.00337202
-1.02472 0.00336653

-1.02472 0.00336655
-1.02441 0.00336091

-1.02411 0.00335505
-1.02421 0.00335693

-1.02441 0.00336093
-1.0242 0.00335693

-1.02411 0.00335505
-1.0238 0.00334919

-1.0238 0.0033492
-1.0235 0.00334339

-1.0235 0.00334339
-1.02319 0.00333761

-1.02319 0.00333761
-1.02289 0.00333186

-1.02289 0.00333186
-1.02258 0.00332614

-1.02258 0.00332614
-1.02228 0.00332044

-1.02228 0.00332044
-1.02197 0.00331477

-1.02197 0.00331477
-1.02167 0.00330911

-1.02167 0.00330911
-1.02136 0.00330348

-1.02136 0.00330348
-1.02106 0.00329788

-1.02106 0.00329788
-1.02075 0.00329229

-1.02075 0.00329229
-1.02045 0.00328672

-1.02045 0.00328672
-1.02014 0.00328117

-1.02014 0.00328117
-1.01984 0.00327564

-1.01984 0.00327564
-1.01953 0.00327013

-1.01953 0.00327013
-1.01923 0.00326464

-1.01923 0.00326464
-1.01892 0.00325917

-1.01892 0.00325917
-1.01862 0.00325371

-1.01862 0.00325371
-1.01831 0.00324827

-1.01831 0.00324827
-1.01801 0.00324285

-1.01801 0.00324285
-1.0177 0.00323745

-1.0177 0.00323745
-1.0174 0.00323206

-1.0174 0.00323206
-1.01709 0.0032267

-1.01709 0.0032267
-1.01678 0.00322135

-1.01678 0.00322135
-1.01648 0.00321601

-1.01648 0.00321602
-1.01617 0.00321068

-1.01617 0.00321068
-1.01587 0.00320536

-1.01587 0.00320535
-1.01556 0.0032001

-1.01556 0.00320012
-1.01526 0.00319492

-1.01526 0.00319492
-1.01495 0.00318972

-1.01495 0.00318972
-1.01465 0.00318453

-1.01465 0.00318453
-1.01434 0.00317935

-1.01434 0.00317935
-1.01404 0.00317419

-1.01404 0.00317419
-1.01373 0.00316903

-1.01373 0.00316903
-1.01343 0.00316389

-1.01343 0.00316389
-1.01312 0.00315876

-1.01312 0.00315876
-1.01282 0.00315364

-1.01282 0.00315364
-1.01251 0.00314853

-1.01251 0.00314853
-1.01221 0.00314344

-1.01221 0.00314344
-1.0119 0.00313836

-1.0119 0.00313836
-1.0116 0.00313329

-1.0116 0.00313329
-1.01129 0.00312823

-1.01129 0.00312823
-1.01099 0.00312318

-1.01099 0.00312318
-1.01068 0.00311815

-1.01068 0.00311815
-1.01038 0.00311313

-1.01038 0.00311313
-1.01007 0.00310813

-1.01007 0.00310813
-1.00977 0.00310314

-1.00977 0.00310314
-1.00946 0.00309816

-1.00946 0.00309816
-1.00916 0.0030932

-1.00916 0.0030932
-1.00885 0.00308826

-1.00885 0.00308826
-1.00854 0.00308334

-1.00854 0.00308334
-1.00824 0.00307843

-1.00824 0.00307843
-1.00793 0.00307355

-1.00793 0.00307355
-1.00763 0.00306868

-1.00763 0.00306869
-1.00732 0.00306384

-1.00732 0.00306385
-1.00702 0.00305899

-1.00702 0.00305901
-1.00671 0.00305406

-1.00641 0.00304897
-1.00658 0.00305176

-1.00641 0.00304896
-1.0061 0.00304393

-1.00671 0.00305406
-1.00657 0.00305176

-1.0061 0.00304394
-1.0058 0.00303896

-1.0058 0.00303897
-1.00549 0.00303404

-1.00549 0.00303404
-1.00519 0.00302914

-1.00519 0.00302914
-1.00488 0.00302427

-1.00488 0.00302427
-1.00458 0.00301942

-1.00458 0.00301942
-1.00427 0.00301459

-1.00427 0.00301459
-1.00397 0.00300979

-1.00397 0.00300979
-1.00366 0.00300501

-1.00366 0.00300501
-1.00336 0.00300025

-1.00336 0.00300025
-1.00305 0.00299551

-1.00305 0.00299551
-1.00275 0.00299079

-1.00275 0.00299079
-1.00244 0.00298609

-1.00244 0.00298609
-1.00214 0.00298142

-1.00214 0.00298142
-1.00183 0.00297676

-1.00183 0.00297676
-1.00153 0.00297212

-1.00153 0.00297212
-1.00122 0.00296751

-1.00122 0.00296751
-1.00092 0.00296291

-1.00092 0.00296291
-1.00061 0.00295833

-1.00061 0.00295833
-1.00031 0.00295377

-1.00031 0.00295377
-1.0 0.00294923

-1.16037 0.3125
-1.16022 0.312655

-1.16022 0.312655
-1.16007 0.312805

-1.16007 0.312805
-1.15991 0.312962

-1.15991 0.312962
-1.15976 0.31311

-1.15976 0.31311
-1.15961 0.313269

-1.15961 0.313269
-1.15946 0.313416

-1.15946 0.313416
-1.1593 0.313577

-1.1593 0.313576
-1.15916 0.313721

-1.15916 0.313721
-1.159 0.313884

-1.159 0.313883
-1.15885 0.314026

-1.15885 0.314026
-1.15869 0.31419

-1.15869 0.31419
-1.15855 0.314331

-1.15855 0.314331
-1.15839 0.314497

-1.15839 0.314497
-1.15825 0.314636

-1.15825 0.314636
-1.15808 0.314804

-1.15808 0.314803
-1.15794 0.314941

-1.15794 0.314941
-1.15778 0.31511

-1.15778 0.31511
-1.15764 0.315247

-1.15764 0.315247
-1.15747 0.315416

-1.15747 0.315416
-1.15734 0.315552

-1.15734 0.315552
-1.15717 0.315722

-1.15717 0.315722
-1.15703 0.315857

-1.15703 0.315857
-1.15686 0.316028

-1.15686 0.316028
-1.15673 0.316162

-1.15673 0.316162
-1.15656 0.316334

-1.15656 0.316334
-1.15642 0.316467

-1.15642 0.316467
-1.15625 0.31664

-1.15625 0.316639
-1.15612 0.316772

-1.15612 0.316772
-1.15594 0.316945

-1.15594 0.316945
-1.15581 0.317078

-1.15581 0.317078
-1.15564 0.31725

-1.15564 0.31725
-1.15551 0.317383

-1.15551 0.317383
-1.15533 0.317555

-1.15533 0.317555
-1.1552 0.317688

-1.1552 0.317688
-1.15503 0.31786

-1.15503 0.31786
-1.1549 0.317993

-1.1549 0.317993
-1.15472 0.318165

-1.15472 0.318165
-1.15459 0.318298

-1.15459 0.318298
-1.15442 0.31847

-1.15442 0.31847
-1.15429 0.318604

-1.15429 0.318604
-1.15411 0.318775

-1.15411 0.318775
-1.15398 0.318909

-1.15398 0.318909
-1.15381 0.319079

-1.15381 0.319079
-1.15367 0.319214

-1.15367 0.319214
-1.1535 0.319383

-1.1535 0.319383
-1.15337 0.319519

-1.15337 0.319519
-1.1532 0.319687

-1.1532 0.319687
-1.15306 0.319824

-1.15306 0.319824
-1.15289 0.319991

-1.15289 0.319991
-1.15275 0.320129

-1.15275 0.320129
-1.15259 0.320295

-1.15259 0.320295
-1.15245 0.320435

-1.15245 0.320435
-1.15228 0.320599

-1.15228 0.320599
-1.15214 0.32074

-1.15214 0.32074
-1.15198 0.320902

-1.15198 0.320903
-1.15183 0.321045

-1.15183 0.321045
-1.15167 0.321206

-1.15167 0.321206
-1.15153 0.32135

-1.15153 0.32135
-1.15137 0.321509

-1.15137 0.321509
-1.15122 0.321655

-1.15122 0.321655
-1.15106 0.321812

-1.15106 0.321812
-1.15091 0.32196

-1.15091 0.32196
-1.15076 0.322115

-1.15076 0.322115
-1.15061 0.322266

-1.15061 0.322266
-1.15045 0.322418

-1.15045 0.322418
-1.1503 0.322571

-1.1503 0.322571
-1.15015 0.32272

-1.15015 0.322721
-1.14999 0.322876

-1.14999 0.322876
-1.14984 0.323023

-1.14984 0.323023
-1.14968 0.323181

-1.14968 0.323181
-1.14954 0.323325

-1.14954 0.323326
-1.14937 0.323486

-1.14937 0.323486
-1.14923 0.323628

-1.14923 0.323628
-1.14907 0.323792

-1.14907 0.323792
-1.14893 0.32393

-1.14893 0.32393
-1.14876 0.324097

-1.14876 0.324097
-1.14862 0.324231

-1.14862 0.324232
-1.14845 0.324402

-1.14845 0.324402
-1.14832 0.324533

-1.14832 0.324534
-1.14814 0.324707

-1.14814 0.324707
-1.14801 0.324835

-1.14801 0.324835
-1.14783 0.325012

-1.14783 0.325012
-1.14771 0.325136

-1.14771 0.325137
-1.14752 0.325317

-1.14752 0.325317
-1.1474 0.325438

-1.1474 0.325438
-1.14721 0.325623

-1.14721 0.325623
-1.14709 0.325739

-1.14709 0.325739
-1.1469 0.325928

-1.1469 0.325928
-1.14679 0.32604

-1.14679 0.32604
-1.14659 0.326233

-1.14659 0.326233
-1.14648 0.326341

-1.14648 0.326341
-1.14628 0.326538

-1.14628 0.326538
-1.14618 0.326642

-1.14618 0.326642
-1.14597 0.326843

-1.14597 0.326843
-1.14587 0.326942

-1.14587 0.326943
-1.14566 0.327148

-1.14566 0.327148
-1.14557 0.327243

-1.14557 0.327243
-1.14535 0.327454

-1.14535 0.327454
-1.14526 0.327543

-1.14526 0.327543
-1.14504 0.327759

-1.14504 0.327759
-1.14496 0.327843

-1.14496 0.327844
-1.14473 0.328064

-1.14473 0.328064
-1.14465 0.328143

-1.14465 0.328144
-1.14442 0.328369

-1.14442 0.328369
-1.14435 0.328443

-1.14435 0.328444
-1.14411 0.328674

-1.14411 0.328674
-1.14404 0.328743

-1.14404 0.328743
-1.1438 0.328979

-1.1438 0.328979
-1.14374 0.329043

-1.14374 0.329043
-1.14349 0.329285

-1.14349 0.329285
-1.14343 0.329342

-1.14343 0.329343
-1.14318 0.32959

-1.14318 0.32959
-1.14313 0.329641

-1.14313 0.329642
-1.14287 0.329895

-1.14287 0.329895
-1.14282 0.32994

-1.14282 0.329941
-1.14256 0.3302

-1.14256 0.3302
-1.14252 0.33024

-1.14252 0.33024
-1.14225 0.330505

-1.14225 0.330505
-1.14221 0.330538

-1.14221 0.330539
-1.14193 0.330811

-1.14193 0.330811
-1.14191 0.330837

-1.14191 0.330837
-1.14162 0.331116

-1.14162 0.331116
-1.1416 0.331136

-1.1416 0.331136
-1.14131 0.331421

-1.14131 0.331421
-1.1413 0.331434

-1.1413 0.331434
-1.141 0.331726

-1.141 0.331726
-1.14099 0.331733

-1.14099 0.331733
-1.14069 0.332031

-1.14069 0.332031
-1.14038 0.332329

-1.14038 0.332329
-1.14037 0.332336

-1.14037 0.332336
-1.14008 0.332627

-1.14008 0.332627
-1.14006 0.332642

-1.14006 0.332642
-1.13977 0.332925

-1.13977 0.332925
-1.13975 0.332947

-1.13975 0.332947
-1.13947 0.333222

-1.13947 0.333222
-1.13943 0.333252

-1.13944 0.333252
-1.13916 0.33352

-1.13916 0.33352
-1.13912 0.333557

-1.13912 0.333557
-1.13885 0.333817

-1.13885 0.333817
-1.13881 0.333862

-1.13881 0.333862
-1.13855 0.334114

-1.13855 0.334114
-1.1385 0.334167

-1.1385 0.334167
-1.13824 0.334411

-1.13824 0.334412
-1.13818 0.334473

-1.13818 0.334473
-1.13794 0.334708

-1.13794 0.334709
-1.13787 0.334778

-1.13787 0.334778
-1.13763 0.335005

-1.13763 0.335005
-1.13755 0.335083

-1.13755 0.335083
-1.13733 0.335301

-1.13733 0.335302
-1.13724 0.335388

-1.13724 0.335388
-1.13702 0.335598

-1.13702 0.335599
-1.13693 0.335693

-1.13693 0.335693
-1.13672 0.335894

-1.13672 0.335895
-1.13661 0.335999

-1.13661 0.335999
-1.13641 0.33619

-1.13641 0.336191
-1.1363 0.336304

-1.1363 0.336304
-1.13611 0.336487

-1.13611 0.336487
-1.13598 0.336609

-1.13598 0.336609
-1.1358 0.336783

-1.1358 0.336783
-1.13567 0.336914

-1.13567 0.336914
-1.1355 0.337079

-1.1355 0.337079
-1.13535 0.337219

-1.13535 0.337219
-1.13519 0.337374

-1.13519 0.337375
-1.13504 0.337524

-1.13504 0.337524
-1.13489 0.33767

-1.13489 0.337671
-1.13472 0.33783

-1.13472 0.33783
-1.13458 0.337965

-1.13458 0.337966
-1.13441 0.338135

-1.13441 0.338135
-1.13428 0.338261

-1.13428 0.338261
-1.13409 0.33844

-1.13409 0.33844
-1.13397 0.338556

-1.13397 0.338557
-1.13378 0.338745

-1.13378 0.338745
-1.13367 0.338851

-1.13367 0.338852
-1.13346 0.33905

-1.13346 0.33905
-1.13336 0.339146

-1.13336 0.339147
-1.13314 0.339355

-1.13314 0.339355
-1.13306 0.33944

-1.13306 0.339441
-1.13283 0.339661

-1.13283 0.339661
-1.13275 0.339735

-1.13275 0.339736
-1.13251 0.339966

-1.13251 0.339966
-1.13245 0.34003

-1.13245 0.34003
-1.1322 0.340271

-1.1322 0.340271
-1.13214 0.340324

-1.13214 0.340324
-1.13188 0.340576

-1.13188 0.340576
-1.13184 0.340618

-1.13184 0.340618
-1.13156 0.340881

-1.13156 0.340881
-1.13153 0.340912

-1.13153 0.340912
-1.13125 0.341187

-1.13125 0.341187
-1.13123 0.341206

-1.13123 0.341206
-1.13093 0.341492

-1.13093 0.341492
-1.13092 0.3415

-1.13092 0.3415
-1.13062 0.341794

-1.13062 0.341794
-1.13061 0.341797

-1.13061 0.341797
-1.13031 0.342087

-1.13031 0.342087
-1.13029 0.342102

-1.13029 0.342102
-1.13 0.342381

-1.13 0.342381
-1.12998 0.342407

-1.12998 0.342407
-1.1297 0.342674

-1.1297 0.342674
-1.12966 0.342712

-1.12966 0.342712
-1.12939 0.342967

-1.12939 0.342967
-1.12934 0.343018

-1.12934 0.343018
-1.12909 0.34326

-1.12909 0.34326
-1.12902 0.343323

-1.12902 0.343323
-1.12878 0.343552

-1.12878 0.343553
-1.12871 0.343628

-1.12871 0.343628
-1.12848 0.343845

-1.12848 0.343846
-1.12839 0.343933

-1.12839 0.343933
-1.12817 0.344138

-1.12817 0.344139
-1.12807 0.344238

-1.12807 0.344238
-1.12787 0.34443

-1.12787 0.344431
-1.12775 0.344543

-1.12775 0.344543
-1.12756 0.344722

-1.12756 0.344724
-1.12743 0.344849

-1.12743 0.344849
-1.12726 0.345015

-1.12726 0.345016
-1.12711 0.345154

-1.12711 0.345154
-1.12695 0.345307

-1.12695 0.345308
-1.12679 0.345459

-1.12679 0.345459
-1.12665 0.345599

-1.12665 0.3456
-1.12648 0.345764

-1.12648 0.345764
-1.12634 0.345891

-1.12634 0.345892
-1.12616 0.346069

-1.12616 0.346069
-1.12604 0.346182

-1.12604 0.346184
-1.12584 0.346375

-1.12584 0.346375
-1.12573 0.346474

-1.12573 0.346475
-1.12552 0.34668

-1.12552 0.34668
-1.12543 0.346765

-1.12543 0.346767
-1.1252 0.346985

-1.1252 0.346985
-1.12512 0.347057

-1.12512 0.347058
-1.12488 0.34729

-1.12488 0.34729
-1.12482 0.347348

-1.12482 0.347349
-1.12456 0.347595

-1.12456 0.347595
-1.12451 0.347639

-1.12451 0.347639
-1.12424 0.3479

-1.12424 0.3479
-1.12421 0.34793

-1.12421 0.34793
-1.12392 0.348206

-1.12392 0.348206
-1.1239 0.348221

-1.1239 0.348221
-1.1236 0.348511

-1.1236 0.348511
-1.1236 0.348511

-1.1236 0.348512
-1.12329 0.348802

-1.12329 0.348802
-1.12328 0.348816

-1.12328 0.348816
-1.12299 0.349092

-1.12299 0.349092
-1.12296 0.349121

-1.12296 0.349121
-1.12268 0.349383

-1.12268 0.349383
-1.12263 0.349426

-1.12264 0.349426
-1.12238 0.349673

-1.12238 0.349673
-1.12231 0.349731

-1.12231 0.349731
-1.12207 0.349962

-1.12207 0.349963
-1.12199 0.350037

-1.12199 0.350037
-1.12177 0.350252

-1.12177 0.350253
-1.12167 0.350342

-1.12167 0.350342
-1.12146 0.350542

-1.12146 0.350543
-1.12135 0.350647

-1.12135 0.350647
-1.12115 0.350831

-1.12115 0.350833
-1.12103 0.350952

-1.12103 0.350952
-1.12085 0.351121

-1.12085 0.351122
-1.12071 0.351257

-1.12071 0.351257
-1.12054 0.35141

-1.12054 0.351412
-1.12038 0.351562

-1.12038 0.351562
-1.12024 0.3517

-1.12024 0.351701
-1.12006 0.351868

-1.12006 0.351868
-1.11993 0.351989

-1.11993 0.35199
-1.11974 0.352173

-1.11974 0.352173
-1.11963 0.352278

-1.11963 0.352279
-1.11942 0.352478

-1.11942 0.352478
-1.11932 0.352567

-1.11932 0.352568
-1.11909 0.352783

-1.1191 0.352783
-1.11902 0.352855

-1.11902 0.352856
-1.11877 0.353088

-1.11877 0.353088
-1.11871 0.353144

-1.11871 0.353145
-1.11845 0.353394

-1.11845 0.353394
-1.11841 0.353433

-1.11841 0.353433
-1.11813 0.353699

-1.11813 0.353699
-1.1181 0.353721

-1.1181 0.353721
-1.1178 0.354004

-1.1178 0.354004
-1.1178 0.354009

-1.1178 0.354009
-1.11749 0.354298

-1.11749 0.354298
-1.11748 0.354309

-1.11748 0.354309
-1.11719 0.354586

-1.11719 0.354586
-1.11716 0.354614

-1.11716 0.354614
-1.11688 0.354873

-1.11688 0.354873
-1.11683 0.354919

-1.11683 0.354919
-1.11658 0.355161

-1.11658 0.355161
-1.11651 0.355225

-1.11651 0.355225
-1.11627 0.355448

-1.11627 0.355449
-1.11619 0.35553

-1.11619 0.35553
-1.11597 0.355735

-1.11597 0.355737
-1.11586 0.355835

-1.11586 0.355835
-1.11566 0.356023

-1.11566 0.356024
-1.11554 0.35614

-1.11554 0.35614
-1.11536 0.35631

-1.11536 0.356311
-1.11521 0.356445

-1.11521 0.356445
-1.11505 0.356597

-1.11505 0.356599
-1.11489 0.35675

-1.11489 0.35675
-1.11475 0.356884

-1.11475 0.356886
-1.11456 0.357056

-1.11456 0.357056
-1.11444 0.357171

-1.11444 0.357173
-1.11424 0.357361

-1.11424 0.357361
-1.11414 0.357458

-1.11414 0.35746
-1.11391 0.357666

-1.11391 0.357666
-1.11383 0.357745

-1.11383 0.357746
-1.11359 0.357971

-1.11359 0.357971
-1.11353 0.358031

-1.11353 0.358032
-1.11326 0.358276

-1.11326 0.358276
-1.11322 0.358318

-1.11322 0.358318
-1.11294 0.358582

-1.11294 0.358582
-1.11292 0.358604

-1.11292 0.358604
-1.11261 0.358887

-1.11261 0.358887
-1.11261 0.35889

-1.11261 0.35889
-1.1123 0.359176

-1.1123 0.359176
-1.11229 0.359192

-1.11229 0.359192
-1.112 0.359462

-1.112 0.359462
-1.11196 0.359497

-1.11196 0.359497
-1.11169 0.359748

-1.11169 0.359748
-1.11164 0.359802

-1.11164 0.359802
-1.11139 0.360033

-1.11139 0.360034
-1.11131 0.360107

-1.11131 0.360107
-1.11108 0.360318

-1.11108 0.36032
-1.11098 0.360413

-1.11099 0.360413
-1.11078 0.360604

-1.11078 0.360605
-1.11066 0.360718

-1.11066 0.360718
-1.11047 0.360889

-1.11047 0.360891
-1.11033 0.361023

-1.11033 0.361023
-1.11017 0.361174

-1.11017 0.361176
-1.11 0.361328

-1.11 0.361328
-1.10986 0.36146

-1.10986 0.361461
-1.10968 0.361633

-1.10968 0.361633
-1.10956 0.361745

-1.10956 0.361746
-1.10935 0.361938

-1.10935 0.361938
-1.10925 0.362029

-1.10925 0.362031
-1.10902 0.362244

-1.10902 0.362244
-1.10895 0.362314

-1.10895 0.362315
-1.1087 0.362549

-1.1087 0.362549
-1.10864 0.362599

-1.10864 0.362599
-1.10837 0.362854

-1.10837 0.362854
-1.10834 0.362883

-1.10834 0.362884
-1.10804 0.363159

-1.10804 0.363159
-1.10803 0.363168

-1.10803 0.363168
-1.10773 0.363452

-1.10773 0.363452
-1.10771 0.363464

-1.10771 0.363464
-1.10742 0.363736

-1.10742 0.363736
-1.10739 0.36377

-1.10739 0.36377
-1.10712 0.36402

-1.10712 0.36402
-1.10706 0.364075

-1.10706 0.364075
-1.10681 0.364304

-1.10681 0.364304
-1.10673 0.36438

-1.10673 0.36438
-1.10651 0.364587

-1.10651 0.364588
-1.1064 0.364685

-1.1064 0.364685
-1.1062 0.36487

-1.1062 0.364872
-1.10607 0.36499

-1.10607 0.36499
-1.1059 0.365154

-1.1059 0.365156
-1.10574 0.365295

-1.10575 0.365295
-1.10559 0.365438

-1.10559 0.365439
-1.10542 0.365601

-1.10542 0.365601
-1.10529 0.365721

-1.10529 0.365723
-1.10509 0.365906

-1.10509 0.365906
-1.10498 0.366004

-1.10498 0.366006
-1.10476 0.366211

-1.10476 0.366211
-1.10468 0.366288

-1.10468 0.366288
-1.10443 0.366516

-1.10443 0.366516
-1.10437 0.366571

-1.10437 0.366571
-1.1041 0.366821

-1.1041 0.366821
-1.10406 0.366853

-1.10406 0.366854
-1.10377 0.367126

-1.10377 0.367126
-1.10376 0.367136

-1.10376 0.367136
-1.10345 0.367419

-1.10345 0.367419
-1.10344 0.367432

-1.10344 0.367432
-1.10315 0.367702

-1.10315 0.367702
-1.10311 0.367737

-1.10311 0.367737
-1.10284 0.367984

-1.10284 0.367984
-1.10278 0.368042

-1.10278 0.368042
-1.10254 0.368266

-1.10254 0.368266
-1.10245 0.368347

-1.10245 0.368347
-1.10223 0.368547

-1.10223 0.368549
-1.10212 0.368652

-1.10212 0.368652
-1.10193 0.368829

-1.10193 0.368831
-1.10179 0.368958

-1.10179 0.368958
-1.10162 0.369111

-1.10162 0.369113
-1.10146 0.369263

-1.10146 0.369263
-1.10132 0.369393

-1.10132 0.369395
-1.10113 0.369568

-1.10113 0.369568
-1.10101 0.369675

-1.10101 0.369677
-1.1008 0.369873

-1.1008 0.369873
-1.10071 0.369957

-1.10071 0.369958
-1.10047 0.370178

-1.10047 0.370178
-1.1004 0.370238

-1.1004 0.370239
-1.10014 0.370483

-1.10014 0.370483
-1.1001 0.37052

-1.1001 0.37052
-1.09981 0.370789

-1.09981 0.370789
-1.09979 0.370801

-1.09979 0.370801
-1.09949 0.371082

-1.09949 0.371082
-1.09947 0.371094

-1.09947 0.371094
-1.09918 0.371363

-1.09918 0.371363
-1.09914 0.371399

-1.09914 0.371399
-1.09888 0.371644

-1.09888 0.371644
-1.09881 0.371704

-1.09881 0.371704
-1.09857 0.371925

-1.09857 0.371925
-1.09848 0.372009

-1.09848 0.372009
-1.09827 0.372205

-1.09827 0.372206
-1.09815 0.372314

-1.09815 0.372314
-1.09796 0.372485

-1.09796 0.372487
-1.09782 0.37262

-1.09782 0.37262
-1.09766 0.372766

-1.09766 0.372768
-1.09748 0.372925

-1.09748 0.372925
-1.09735 0.373046

-1.09735 0.373048
-1.09715 0.37323

-1.09715 0.37323
-1.09705 0.373327

-1.09705 0.373328
-1.09682 0.373535

-1.09682 0.373535
-1.09674 0.373607

-1.09674 0.373608
-1.09649 0.37384

-1.09649 0.37384
-1.09644 0.373887

-1.09644 0.373887
-1.09615 0.374146

-1.09615 0.374146
-1.09613 0.374167

-1.09613 0.374167
-1.09583 0.374447

-1.09583 0.374447
-1.09582 0.374451

-1.09582 0.374451
-1.09552 0.374727

-1.09552 0.374727
-1.09549 0.374756

-1.09549 0.374756
-1.09521 0.375006

-1.09521 0.375006
-1.09515 0.375061

-1.09516 0.375061
-1.09491 0.375285

-1.09491 0.375286
-1.09482 0.375366

-1.09482 0.375366
-1.0946 0.375564

-1.0946 0.375566
-1.09449 0.375671

-1.09449 0.375671
-1.0943 0.375843

-1.0943 0.375845
-1.09415 0.375977

-1.09416 0.375977
-1.09399 0.376122

-1.09399 0.376124
-1.09382 0.376282

-1.09382 0.376282
-1.09369 0.376402

-1.09369 0.376404
-1.09349 0.376587

-1.09349 0.376587
-1.09338 0.376681

-1.09338 0.376682
-1.09315 0.376892

-1.09315 0.376892
-1.09308 0.37696

-1.09308 0.37696
-1.09282 0.377197

-1.09282 0.377197
-1.09277 0.377238

-1.09277 0.377239
-1.09248 0.377502

-1.09248 0.377502
-1.09247 0.377517

-1.09247 0.377517
-1.09216 0.377796

-1.09216 0.377796
-1.09215 0.377808

-1.09215 0.377808
-1.09186 0.378074

-1.09186 0.378074
-1.09182 0.378113

-1.09182 0.378113
-1.09155 0.378352

-1.09155 0.378353
-1.09148 0.378418

-1.09148 0.378418
-1.09125 0.37863

-1.09125 0.378631
-1.09115 0.378723

-1.09115 0.378723
-1.09094 0.378907

-1.09094 0.378909
-1.09081 0.379028

-1.09081 0.379028
-1.09064 0.379186

-1.09064 0.379188
-1.09048 0.379333

-1.09048 0.379333
-1.09033 0.379464

-1.09033 0.379466
-1.09014 0.379639

-1.09014 0.379639
-1.09003 0.379741

-1.09003 0.379743
-1.0898 0.379944

-1.0898 0.379944
-1.08972 0.380019

-1.08972 0.38002
-1.08947 0.380249

-1.08947 0.380249
-1.08942 0.380297

-1.08942 0.380297
-1.08913 0.380554

-1.08913 0.380554
-1.08911 0.380574

-1.08911 0.380575
-1.08881 0.380852

-1.08881 0.380852
-1.0888 0.380859

-1.0888 0.380859
-1.0885 0.381129

-1.0885 0.381129
-1.08846 0.381165

-1.08846 0.381165
-1.0882 0.381406

-1.0882 0.381406
-1.08813 0.38147

-1.08813 0.38147
-1.08789 0.381683

-1.08789 0.381684
-1.08779 0.381775

-1.08779 0.381775
-1.08759 0.381959

-1.08759 0.381961
-1.08745 0.38208

-1.08745 0.38208
-1.08728 0.382236

-1.08728 0.382238
-1.08712 0.382385

-1.08712 0.382385
-1.08698 0.382513

-1.08698 0.382515
-1.08678 0.38269

-1.08678 0.38269
-1.08667 0.382789

-1.08667 0.382791
-1.08644 0.382996

-1.08644 0.382996
-1.08636 0.383066

-1.08636 0.383067
-1.08611 0.383301

-1.08611 0.383301
-1.08606 0.383342

-1.08606 0.383343
-1.08577 0.383606

-1.08577 0.383606
-1.08575 0.383619

-1.08575 0.383619
-1.08545 0.383895

-1.08545 0.383895
-1.08543 0.383911

-1.08543 0.383911
-1.08514 0.384171

-1.08514 0.384171
-1.08509 0.384216

-1.08509 0.384216
-1.08484 0.384447

-1.08484 0.384447
-1.08476 0.384521

-1.08476 0.384521
-1.08453 0.384722

-1.08453 0.384724
-1.08442 0.384827

-1.08442 0.384827
-1.08423 0.384997

-1.08423 0.385
-1.08408 0.385132

-1.08408 0.385132
-1.08392 0.385273

-1.08392 0.385276
-1.08374 0.385437

-1.08374 0.385437
-1.08362 0.385549

-1.08362 0.385551
-1.0834 0.385742

-1.0834 0.385742
-1.08331 0.385825

-1.08331 0.385826
-1.08307 0.386047

-1.08307 0.386047
-1.08301 0.3861

-1.08301 0.386101
-1.08273 0.386353

-1.08273 0.386353
-1.0827 0.386375

-1.0827 0.386376
-1.0824 0.386651

-1.0824 0.386651
-1.08239 0.386658

-1.08239 0.386658
-1.08209 0.386926

-1.08209 0.386926
-1.08205 0.386963

-1.08205 0.386963
-1.08179 0.387201

-1.08179 0.387201
-1.08171 0.387268

-1.08171 0.387268
-1.08148 0.387475

-1.08148 0.387476
-1.08137 0.387573

-1.08137 0.387573
-1.08118 0.387749

-1.08118 0.387751
-1.08103 0.387878

-1.08104 0.387878
-1.08087 0.388024

-1.08087 0.388026
-1.08069 0.388184

-1.0807 0.388184
-1.08057 0.388299

-1.08057 0.388301
-1.08036 0.388489

-1.08036 0.388489
-1.08026 0.388573

-1.08026 0.388574
-1.08002 0.388794

-1.08002 0.388794
-1.07996 0.388848

-1.07996 0.388848
-1.07968 0.389099

-1.07968 0.389099
-1.07965 0.389122

-1.07965 0.389122
-1.07935 0.389396

-1.07935 0.389396
-1.07934 0.389404

-1.07934 0.389404
-1.07904 0.38967

-1.07904 0.38967
-1.079 0.389709

-1.079 0.389709
-1.07874 0.389944

-1.07874 0.389945
-1.07866 0.390015

-1.07866 0.390015
-1.07843 0.390218

-1.07843 0.390219
-1.07832 0.39032

-1.07832 0.39032
-1.07812 0.390491

-1.07812 0.390493
-1.07798 0.390625

-1.07798 0.390625
-1.07782 0.390764

-1.07782 0.390767
-1.07764 0.39093

-1.07764 0.39093
-1.07751 0.391038

-1.07751 0.39104
-1.07729 0.391235

-1.0773 0.391235
-1.07721 0.391312

-1.07721 0.391313
-1.07695 0.391541

-1.07695 0.391541
-1.0769 0.391585

-1.0769 0.391586
-1.07661 0.391846

-1.07661 0.391846
-1.0766 0.391858

-1.0766 0.391859
-1.07629 0.392132

-1.07629 0.392132
-1.07627 0.392151

-1.07627 0.392151
-1.07599 0.392405

-1.07599 0.392405
-1.07593 0.392456

-1.07593 0.392456
-1.07568 0.392678

-1.07568 0.392678
-1.07559 0.392761

-1.07559 0.392761
-1.07538 0.39295

-1.07538 0.392951
-1.07525 0.393066

-1.07525 0.393066
-1.07507 0.393222

-1.07507 0.393225
-1.07491 0.393372

-1.07491 0.393372
-1.07477 0.393495

-1.07477 0.393497
-1.07456 0.393677

-1.07457 0.393677
-1.07446 0.393768

-1.07446 0.393769
-1.07422 0.393982

-1.07422 0.393982
-1.07416 0.394041

-1.07416 0.394041
-1.07388 0.394287

-1.07388 0.394287
-1.07385 0.394313

-1.07385 0.394313
-1.07355 0.394586

-1.07355 0.394586
-1.07354 0.394592

-1.07354 0.394592
-1.07324 0.394858

-1.07324 0.394858
-1.0732 0.394897

-1.0732 0.394897
-1.07294 0.39513

-1.07294 0.39513
-1.07286 0.395203

-1.07286 0.395203
-1.07263 0.395401

-1.07263 0.395402
-1.07251 0.395508

-1.07251 0.395508
-1.07233 0.395672

-1.07233 0.395675
-1.07217 0.395813

-1.07217 0.395813
-1.07202 0.395944

-1.07202 0.395947
-1.07183 0.396118

-1.07183 0.396118
-1.07172 0.396216

-1.07172 0.396218
-1.07148 0.396423

-1.07148 0.396423
-1.07141 0.396488

-1.07141 0.396489
-1.07114 0.396729

-1.07114 0.396729
-1.07111 0.39676

-1.07111 0.39676
-1.0708 0.397032

-1.0708 0.397031
-1.0708 0.397034

-1.0708 0.397034
-1.0705 0.397303

-1.0705 0.397303
-1.07045 0.397339

-1.07046 0.397339
-1.07019 0.397574

-1.07019 0.397574
-1.07011 0.397644

-1.07011 0.397644
-1.06989 0.397845

-1.06989 0.397846
-1.06977 0.397949

-1.06977 0.397949
-1.06958 0.398115

-1.06958 0.398117
-1.06942 0.398254

-1.06942 0.398254
-1.06927 0.398386

-1.06927 0.398388
-1.06908 0.39856

-1.06908 0.39856
-1.06897 0.398657

-1.06897 0.398658
-1.06874 0.398865

-1.06874 0.398865
-1.06866 0.398928

-1.06866 0.398929
-1.06839 0.39917

-1.06839 0.39917
-1.06836 0.399199

-1.06836 0.399199
-1.06805 0.39947

-1.06805 0.39947
-1.06805 0.399475

-1.06805 0.399475
-1.06775 0.39974

-1.06775 0.39974
-1.0677 0.39978

-1.0677 0.39978
-1.06744 0.400011

-1.06744 0.400011
-1.06736 0.400085

-1.06736 0.400085
-1.06714 0.40028

-1.06714 0.400282
-1.06701 0.400391

-1.06702 0.400391
-1.06683 0.40055

-1.06683 0.400552
-1.06667 0.400696

-1.06667 0.400696
-1.06653 0.40082

-1.06653 0.400822
-1.06632 0.401001

-1.06632 0.401001
-1.06622 0.40109

-1.06622 0.401091
-1.06598 0.401306

-1.06598 0.401306
-1.06592 0.40136

-1.06592 0.401361
-1.06563 0.401611

-1.06563 0.401611
-1.06561 0.40163

-1.06561 0.401631
-1.06531 0.401901

-1.06531 0.401901
-1.06529 0.401917

-1.06529 0.401917
-1.065 0.40217

-1.065 0.40217
-1.06494 0.402222

-1.06494 0.402222
-1.0647 0.40244

-1.0647 0.40244
-1.0646 0.402527

-1.0646 0.402527
-1.06439 0.402708

-1.06439 0.40271
-1.06425 0.402832

-1.06425 0.402832
-1.06409 0.402977

-1.06409 0.40298
-1.06391 0.403137

-1.06391 0.403137
-1.06378 0.403247

-1.06378 0.403249
-1.06356 0.403442

-1.06356 0.403442
-1.06348 0.403516

-1.06348 0.403517
-1.06322 0.403748

-1.06321 0.403748
-1.06317 0.403786

-1.06317 0.403786
-1.06287 0.404053

-1.06287 0.404053
-1.06287 0.404055

-1.06287 0.404055
-1.06256 0.404324

-1.06256 0.404324
-1.06252 0.404358

-1.06252 0.404358
-1.06226 0.404593

-1.06226 0.404593
-1.06218 0.404663

-1.06218 0.404663
-1.06195 0.404861

-1.06195 0.404862
-1.06183 0.404968

-1.06183 0.404968
-1.06165 0.405129

-1.06165 0.405131
-1.06148 0.405273

-1.06148 0.405273
-1.06134 0.405398

-1.06134 0.4054
-1.06114 0.405579

-1.06114 0.405579
-1.06104 0.405667

-1.06104 0.405668
-1.06079 0.405884

-1.06079 0.405884
-1.06073 0.405935

-1.06073 0.405936
-1.06044 0.406189

-1.06044 0.406189
-1.06042 0.406204

-1.06042 0.406204
-1.06012 0.406472

-1.06012 0.406472
-1.06009 0.406494

-1.06009 0.406494
-1.05981 0.40674

-1.05981 0.406741
-1.05975 0.406799

-1.05975 0.406799
-1.05951 0.407008

-1.05951 0.407009
-1.0594 0.407104

-1.0594 0.407104
-1.0592 0.407275

-1.0592 0.407278
-1.05905 0.40741

-1.05905 0.40741
-1.0589 0.407543

-1.0589 0.407546
-1.0587 0.407715

-1.0587 0.407715
-1.05859 0.407811

-1.05859 0.407812
-1.05836 0.40802

-1.05836 0.40802
-1.05829 0.408079

-1.05829 0.40808
-1.05801 0.408325

-1.05801 0.408325
-1.05798 0.408347

-1.05798 0.408347
-1.05768 0.408615

-1.05768 0.408615
-1.05766 0.40863

-1.05766 0.40863
-1.05737 0.408882

-1.05737 0.408882
-1.05731 0.408936

-1.05731 0.408936
-1.05707 0.40915

-1.05707 0.40915
-1.05696 0.409241

-1.05697 0.409241
-1.05676 0.409416

-1.05676 0.409418
-1.05662 0.409546

-1.05662 0.409546
-1.05646 0.409683

-1.05646 0.409686
-1.05627 0.409851

-1.05627 0.409851
-1.05615 0.409951

-1.05615 0.409952
-1.05592 0.410156

-1.05592 0.410156
-1.05585 0.410218

-1.05585 0.410219
-1.05557 0.410461

-1.05557 0.410461
-1.05554 0.410485

-1.05554 0.410485
-1.05524 0.410752

-1.05524 0.410752
-1.05522 0.410767

-1.05522 0.410767
-1.05493 0.411019

-1.05493 0.411019
-1.05487 0.411072

-1.05487 0.411072
-1.05463 0.411286

-1.05463 0.411286
-1.05452 0.411377

-1.05452 0.411377
-1.05432 0.411551

-1.05432 0.411553
-1.05417 0.411682

-1.05417 0.411682
-1.05402 0.411818

-1.05402 0.41182
-1.05382 0.411987

-1.05382 0.411987
-1.05371 0.412085

-1.05371 0.412086
-1.05347 0.412292

-1.05347 0.412292
-1.05341 0.412351

-1.05341 0.412352
-1.05312 0.412598

-1.05312 0.412598
-1.0531 0.412617

-1.0531 0.412618
-1.0528 0.412884

-1.0528 0.412884
-1.05277 0.412903

-1.05277 0.412903
-1.05249 0.41315

-1.05249 0.41315
-1.05242 0.413208

-1.05242 0.413208
-1.05219 0.413416

-1.05219 0.413417
-1.05207 0.413513

-1.05208 0.413513
-1.05188 0.413681

-1.05188 0.413684
-1.05172 0.413818

-1.05172 0.413818
-1.05157 0.413947

-1.05157 0.413949
-1.05137 0.414124

-1.05137 0.414124
-1.05127 0.414213

-1.05127 0.414214
-1.05102 0.414429

-1.05102 0.414429
-1.05096 0.414479

-1.05096 0.41448
-1.05067 0.414734

-1.05067 0.414734
-1.05066 0.414745

-1.05066 0.414745
-1.05035 0.415011

-1.05035 0.415011
-1.05032 0.415039

-1.05032 0.415039
-1.05005 0.415276

-1.05005 0.415277
-1.04997 0.415344

-1.04997 0.415344
-1.04974 0.415542

-1.04974 0.415543
-1.04962 0.415649

-1.04962 0.415649
-1.04944 0.415806

-1.04944 0.415809
-1.04927 0.415955

-1.04927 0.415955
-1.04913 0.416071

-1.04913 0.416073
-1.04892 0.41626

-1.04892 0.41626
-1.04883 0.416337

-1.04883 0.416338
-1.04857 0.416565

-1.04857 0.416565
-1.04852 0.416602

-1.04852 0.416603
-1.04822 0.416868

-1.04822 0.416868
-1.04821 0.41687

-1.04821 0.41687
-1.04791 0.417133

-1.04791 0.417133
-1.04786 0.417175

-1.04786 0.417175
-1.04761 0.417397

-1.04761 0.417398
-1.04751 0.41748

-1.04751 0.41748
-1.0473 0.417662

-1.0473 0.417663
-1.04716 0.417786

-1.04716 0.417786
-1.047 0.417926

-1.047 0.417928
-1.04681 0.418091

-1.04681 0.418091
-1.04669 0.418191

-1.04669 0.418192
-1.04646 0.418396

-1.04646 0.418396
-1.04639 0.418455

-1.04639 0.418456
-1.0461 0.418701

-1.0461 0.418701
-1.04608 0.41872

-1.04608 0.41872
-1.04578 0.418985

-1.04578 0.418985
-1.04575 0.419006

-1.04575 0.419006
-1.04547 0.419249

-1.04547 0.419249
-1.0454 0.419312

-1.0454 0.419312
-1.04517 0.419513

-1.04517 0.419514
-1.04505 0.419617

-1.04505 0.419617
-1.04486 0.419776

-1.04486 0.419779
-1.04469 0.419922

-1.04469 0.419922
-1.04456 0.420041

-1.04456 0.420042
-1.04434 0.420227

-1.04434 0.420227
-1.04425 0.420305

-1.04425 0.420306
-1.04399 0.420532

-1.04399 0.420532
-1.04395 0.420569

-1.04395 0.420569
-1.04364 0.420833

-1.04364 0.420833
-1.04364 0.420837

-1.04364 0.420837
-1.04333 0.421097

-1.04333 0.421097
-1.04328 0.421143

-1.04328 0.421143
-1.04303 0.421361

-1.04303 0.421361
-1.04293 0.421448

-1.04293 0.421448
-1.04272 0.421624

-1.04272 0.421625
-1.04258 0.421753

-1.04258 0.421753
-1.04242 0.421887

-1.04242 0.421889
-1.04222 0.422058

-1.04222 0.422058
-1.04211 0.422151

-1.04211 0.422152
-1.04187 0.422363

-1.04187 0.422363
-1.04181 0.422414

-1.04181 0.422415
-1.04152 0.422668

-1.04151 0.422668
-1.0415 0.422677

-1.0415 0.422678
-1.0412 0.422941

-1.0412 0.422941
-1.04116 0.422974

-1.04116 0.422974
-1.04089 0.423204

-1.04089 0.423205
-1.04081 0.423279

-1.04081 0.423279
-1.04059 0.423467

-1.04059 0.423468
-1.04045 0.423584

-1.04045 0.423584
-1.04028 0.423729

-1.04028 0.423732
-1.0401 0.423889

-1.0401 0.423889
-1.03998 0.423992

-1.03998 0.423994
-1.03974 0.424194

-1.03974 0.424194
-1.03967 0.424256

-1.03967 0.424256
-1.03939 0.4245

-1.03939 0.4245
-1.03937 0.424518

-1.03937 0.424519
-1.03906 0.424782

-1.03906 0.424782
-1.03904 0.424805

-1.03904 0.424805
-1.03876 0.425044

-1.03876 0.425044
-1.03868 0.42511

-1.03868 0.42511
-1.03845 0.425307

-1.03845 0.425308
-1.03833 0.425415

-1.03833 0.425415
-1.03815 0.425568

-1.03815 0.425571
-1.03797 0.42572

-1.03797 0.42572
-1.03784 0.425831

-1.03784 0.425832
-1.03762 0.426025

-1.03762 0.426025
-1.03754 0.426093

-1.03754 0.426094
-1.03726 0.426331

-1.03726 0.426331
-1.03723 0.426356

-1.03723 0.426356
-1.03693 0.426619

-1.03693 0.426619
-1.03691 0.426636

-1.03691 0.426636
-1.03662 0.426881

-1.03662 0.426881
-1.03655 0.426941

-1.03655 0.426941
-1.03632 0.427143

-1.03632 0.427143
-1.0362 0.427246

-1.0362 0.427246
-1.03601 0.427404

-1.03601 0.427406
-1.03584 0.427551

-1.03584 0.427551
-1.03571 0.427666

-1.03571 0.427667
-1.03548 0.427856

-1.03548 0.427856
-1.0354 0.427928

-1.0354 0.427928
-1.03513 0.428162

-1.03513 0.428162
-1.0351 0.428189

-1.0351 0.42819
-1.03479 0.428452

-1.03479 0.428452
-1.03477 0.428467

-1.03477 0.428467
-1.03448 0.428713

-1.03448 0.428714
-1.03442 0.428772

-1.03442 0.428772
-1.03418 0.428975

-1.03418 0.428976
-1.03406 0.429077

-1.03406 0.429077
-1.03387 0.429235

-1.03387 0.429238
-1.0337 0.429382

-1.0337 0.429382
-1.03357 0.429497

-1.03357 0.429498
-1.03335 0.429688

-1.03335 0.429688
-1.03326 0.429758

-1.03326 0.429759
-1.03299 0.429993

-1.03299 0.429993
-1.03296 0.43002

-1.03296 0.43002
-1.03265 0.430281

-1.03265 0.430282
-1.03263 0.430298

-1.03263 0.430298
-1.03235 0.430543

-1.03235 0.430543
-1.03228 0.430603

-1.03228 0.430603
-1.03204 0.430804

-1.03204 0.430804
-1.03192 0.430908

-1.03192 0.430908
-1.03174 0.431063

-1.03174 0.431066
-1.03156 0.431213

-1.03156 0.431213
-1.03143 0.431324

-1.03143 0.431326
-1.03121 0.431519

-1.03121 0.431519
-1.03113 0.431586

-1.03113 0.431586
-1.03085 0.431824

-1.03085 0.431824
-1.03082 0.431846

-1.03082 0.431847
-1.03052 0.432108

-1.03052 0.432108
-1.03049 0.432129

-1.03049 0.432129
-1.03021 0.432368

-1.03021 0.432368
-1.03014 0.432434

-1.03014 0.432434
-1.02991 0.432629

-1.02991 0.43263
-1.02978 0.432739

-1.02978 0.432739
-1.0296 0.432888

-1.0296 0.432891
-1.02942 0.433044

-1.02942 0.433044
-1.0293 0.433149

-1.0293 0.43315
-1.02906 0.43335

-1.02906 0.43335
-1.02899 0.433409

-1.02899 0.43341
-1.0287 0.433655

-1.0287 0.433655
-1.02869 0.43367

-1.02869 0.43367
-1.02838 0.43393

-1.02838 0.433931
-1.02835 0.43396

-1.02835 0.43396
-1.02808 0.434191

-1.02808 0.434191
-1.02799 0.434265

-1.02799 0.434265
-1.02777 0.43445

-1.02777 0.434452
-1.02763 0.43457

-1.02763 0.43457
-1.02747 0.434709

-1.02747 0.434712
-1.02727 0.434875

-1.02727 0.434875
-1.02716 0.43497

-1.02716 0.434971
-1.02691 0.435181

-1.02691 0.435181
-1.02686 0.43523

-1.02686 0.43523
-1.02656 0.435486

-1.02655 0.435486
-1.02655 0.43549

-1.02655 0.43549
-1.02625 0.43575

-1.02625 0.43575
-1.0262 0.435791

-1.0262 0.435791
-1.02594 0.43601

-1.02594 0.43601
-1.02584 0.436096

-1.02584 0.436096
-1.02563 0.436269

-1.02563 0.43627
-1.02548 0.436401

-1.02548 0.436401
-1.02533 0.436527

-1.02533 0.436529
-1.02512 0.436707

-1.02512 0.436707
-1.02502 0.436787

-1.02502 0.436788
-1.02476 0.437012

-1.02476 0.437012
-1.02472 0.437047

-1.02472 0.437047
-1.02441 0.437307

-1.02441 0.437307
-1.0244 0.437317

-1.0244 0.437317
-1.02411 0.437566

-1.02411 0.437566
-1.02404 0.437622

-1.02404 0.437622
-1.0238 0.437825

-1.0238 0.437826
-1.02368 0.437927

-1.02368 0.437927
-1.0235 0.438083

-1.0235 0.438086
-1.02332 0.438232

-1.02332 0.438232
-1.02319 0.438342

-1.02319 0.438344
-1.02296 0.438538

-1.02296 0.438538
-1.02289 0.438602

-1.02289 0.438602
-1.0226 0.438843

-1.0226 0.438843
-1.02258 0.438861

-1.02258 0.438861
-1.02228 0.43912

-1.02228 0.43912
-1.02224 0.439148

-1.02224 0.439148
-1.02197 0.439379

-1.02197 0.439379
-1.02188 0.439453

-1.02189 0.439453
-1.02167 0.439637

-1.02167 0.439639
-1.02152 0.439758

-1.02153 0.439758
-1.02136 0.439895

-1.02136 0.439897
-1.02116 0.440063

-1.02116 0.440063
-1.02106 0.440154

-1.02106 0.440155
-1.0208 0.440369

-1.0208 0.440369
-1.02075 0.440413

-1.02075 0.440413
-1.02045 0.440672

-1.02045 0.440672
-1.02044 0.440674

-1.02044 0.440674
-1.02014 0.44093

-1.02014 0.44093
-1.02008 0.440979

-1.02008 0.440979
-1.01984 0.441188

-1.01984 0.441189
-1.01972 0.441284

-1.01972 0.441284
-1.01953 0.441446

-1.01953 0.441448
-1.01936 0.441589

-1.01936 0.441589
-1.01923 0.441704

-1.01923 0.441705
-1.019 0.441895

-1.019 0.441895
-1.01892 0.441962

-1.01892 0.441963
-1.01864 0.4422

-1.01864 0.4422
-1.01862 0.44222

-1.01862 0.442221
-1.01831 0.442479

-1.01831 0.442479
-1.01828 0.442505

-1.01828 0.442505
-1.01801 0.442737

-1.01801 0.442737
-1.01792 0.44281

-1.01792 0.44281
-1.0177 0.442995

-1.0177 0.442996
-1.01756 0.443115

-1.01756 0.443115
-1.0174 0.443251

-1.0174 0.443254
-1.0172 0.44342

-1.0172 0.44342
-1.01709 0.44351

-1.01709 0.443511
-1.01684 0.443726

-1.01683 0.443726
-1.01678 0.443767

-1.01678 0.443768
-1.01648 0.444026

-1.01648 0.444026
-1.01647 0.444031

-1.01647 0.444031
-1.01617 0.444283

-1.01617 0.444283
-1.01611 0.444336

-1.01611 0.444336
-1.01587 0.444541

-1.01587 0.444541
-1.01575 0.444641

-1.01575 0.444641
-1.01556 0.444797

-1.01556 0.4448
-1.01539 0.444946

-1.01539 0.444946
-1.01526 0.445055

-1.01526 0.445056
-1.01503 0.445251

-1.01503 0.445251
-1.01495 0.445312

-1.01495 0.445313
-1.01466 0.445557

-1.01466 0.445557
-1.01465 0.44557

-1.01465 0.44557
-1.01434 0.445827

-1.01434 0.445827
-1.0143 0.445862

-1.0143 0.445862
-1.01404 0.446085

-1.01404 0.446085
-1.01394 0.446167

-1.01394 0.446167
-1.01373 0.446341

-1.01373 0.446343
-1.01358 0.446472

-1.01358 0.446472
-1.01343 0.446597

-1.01343 0.446599
-1.01322 0.446777

-1.01322 0.446777
-1.01312 0.446855

-1.01312 0.446856
-1.01285 0.447083

-1.01285 0.447083
-1.01282 0.447112

-1.01282 0.447112
-1.01251 0.447369

-1.01251 0.447369
-1.01249 0.447388

-1.01249 0.447388
-1.01221 0.447626

-1.01221 0.447626
-1.01213 0.447693

-1.01213 0.447693
-1.0119 0.447883

-1.0119 0.447884
-1.01176 0.447998

-1.01177 0.447998
-1.0116 0.448138

-1.0116 0.44814
-1.0114 0.448303

-1.0114 0.448303
-1.01129 0.448395

-1.01129 0.448396
-1.01104 0.448608

-1.01104 0.448608
-1.01099 0.448652

-1.01099 0.448653
-1.01068 0.448909

-1.01068 0.448909
-1.01068 0.448914

-1.01068 0.448914
-1.01038 0.449165

-1.01038 0.449166
-1.01031 0.449219

-1.01031 0.449219
-1.01007 0.449422

-1.01007 0.449422
-1.00995 0.449524

-1.00995 0.449524
-1.00977 0.449677

-1.00977 0.449679
-1.00958 0.449829

-1.00959 0.449829
-1.00946 0.449933

-1.00946 0.449934
-1.00922 0.450134

-1.00922 0.450134
-1.00916 0.45019

-1.00916 0.45019
-1.00886 0.450439

-1.00886 0.450439
-1.00885 0.450446

-1.00885 0.450447
-1.00854 0.450703

-1.00854 0.450703
-1.00849 0.450745

-1.00849 0.450745
-1.00824 0.450959

-1.00824 0.450959
-1.00813 0.45105

-1.00813 0.45105
-1.00793 0.451214

-1.00793 0.451216
-1.00777 0.451355

-1.00777 0.451355
-1.00763 0.451469

-1.00763 0.451471
-1.0074 0.45166

-1.0074 0.45166
-1.00732 0.451725

-1.00732 0.451726
-1.00704 0.451965

-1.00704 0.451965
-1.00702 0.451981

-1.00702 0.451982
-1.00671 0.452238

-1.00671 0.452238
-1.00667 0.452271

-1.00667 0.452271
-1.00641 0.452493

-1.00641 0.452494
-1.00631 0.452576

-1.00631 0.452576
-1.0061 0.452749

-1.0061 0.45275
-1.00595 0.452881

-1.00595 0.452881
-1.0058 0.453003

-1.0058 0.453005
-1.00558 0.453186

-1.00558 0.453186
-1.00549 0.453259

-1.00549 0.45326
-1.00522 0.453491

-1.00522 0.453491
-1.00519 0.453515

-1.00519 0.453515
-1.00488 0.453771

-1.00488 0.453771
-1.00485 0.453796

-1.00485 0.453796
-1.00458 0.454026

-1.00458 0.454026
-1.00449 0.454102

-1.00449 0.454102
-1.00427 0.454281

-1.00427 0.454283
-1.00412 0.454407

-1.00412 0.454407
-1.00397 0.454535

-1.00397 0.454537
-1.00376 0.454712

-1.00376 0.454712
-1.00366 0.454791

-1.00366 0.454792
-1.00339 0.455017

-1.00339 0.455017
-1.00336 0.455046

-1.00336 0.455047
-1.00305 0.455302

-1.00305 0.455302
-1.00303 0.455322

-1.00303 0.455322
-1.00275 0.455557

-1.00275 0.455557
-1.00266 0.455627

-1.00266 0.455627
-1.00244 0.455812

-1.00244 0.455813
-1.0023 0.455933

-1.0023 0.455933
-1.00214 0.456065

-1.00214 0.456067
-1.00193 0.456238

-1.00193 0.456238
-1.00183 0.45632

-1.00183 0.456321
-1.00157 0.456543

-1.00156 0.456543
-1.00153 0.456575

-1.00153 0.456576
-1.00122 0.456831

-1.00122 0.456831
-1.0012 0.456848

-1.0012 0.456848
-1.00092 0.457085

-1.00092 0.457086
-1.00083 0.457153

-1.00083 0.457153
-1.00061 0.45734

-1.00061 0.457341
-1.00047 0.457458

-1.00047 0.457458
-1.00031 0.457593

-1.00031 0.457595
-1.0001 0.457764

-1.0001 0.457764
-1.0 0.457848

-1.0 0.00294923
-0.999695 0.00294471

-0.999695 0.00294471
-0.99939 0.00294021

-0.99939 0.00294021
-0.999084 0.00293572

-0.999084 0.00293572
-0.998779 0.00293125

-0.998779 0.00293125
-0.998474 0.0029268

-0.998474 0.0029268
-0.998169 0.00292237

-0.998169 0.00292237
-0.997864 0.00291795

-0.997864 0.00291795
-0.997559 0.00291354

-0.997559 0.00291354
-0.997253 0.00290915

-0.997253 0.00290915
-0.996948 0.00290474

-0.996948 0.00290474
-0.996643 0.00290034

-0.996643 0.00290032
-0.996338 0.00289598

-0.996338 0.002896
-0.996033 0.0028917

-0.996033 0.0028917
-0.995728 0.00288742

-0.995728 0.00288741
-0.995422 0.00288315

-0.995422 0.00288315
-0.995117 0.0028789

-0.995117 0.0028789
-0.994812 0.00287466

-0.994812 0.00287466
-0.994507 0.00287045

-0.994507 0.00287045
-0.994202 0.00286626

-0.994202 0.00286626
-0.993896 0.00286208

-0.993896 0.00286208
-0.993591 0.00285793

-0.993591 0.00285793
-0.993286 0.00285379

-0.993286 0.00285379
-0.992981 0.00284968

-0.992981 0.00284967
-0.992676 0.00284558

-0.992676 0.00284558
-0.992371 0.0028415

-0.992371 0.0028415
-0.992065 0.00283744

-0.992065 0.00283744
-0.99176 0.00283341

-0.99176 0.00283341
-0.991455 0.00282939

-0.991455 0.00282939
-0.99115 0.00282539

-0.99115 0.00282539
-0.990845 0.00282142

-0.990845 0.00282142
-0.99054 0.00281746

-0.99054 0.00281746
-0.990234 0.00281352

-0.990234 0.00281352
-0.989929 0.0028096

-0.989929 0.0028096
-0.989624 0.00280569

-0.989624 0.00280569
-0.989319 0.00280181

-0.989319 0.00280181
-0.989014 0.00279793

-0.989014 0.00279793
-0.988708 0.00279407

-0.988708 0.00279407
-0.988403 0.00279022

-0.988403 0.00279022
-0.988098 0.00278638

-0.988098 0.00278638
-0.987793 0.00278254

-0.987793 0.00278254
-0.987488 0.0027787

-0.987488 0.0027787
-0.987183 0.00277485

-0.987183 0.00277485
-0.986877 0.00277098

-0.986877 0.00277098
-0.986572 0.00276709

-0.986572 0.00276709
-0.986267 0.00276316

-0.986267 0.00276316
-0.985962 0.00275918

-0.985962 0.00275919
-0.985657 0.00275514

-0.985657 0.00275515
-0.985352 0.002751

-0.985352 0.00275102
-0.985046 0.00274672

-0.984741 0.00274229
-0.985041 0.00274658

-0.985046 0.00274672
-0.985037 0.00274658

-0.984741 0.00274229
-0.984436 0.00273794

-0.984436 0.00273794
-0.984131 0.00273362

-0.984131 0.00273362
-0.983826 0.00272932

-0.983826 0.00272932
-0.983521 0.00272505

-0.983521 0.00272505
-0.983215 0.00272079

-0.983215 0.00272079
-0.98291 0.00271656

-0.98291 0.00271656
-0.982605 0.00271234

-0.982605 0.00271234
-0.9823 0.00270814

-0.9823 0.00270814
-0.981995 0.00270395

-0.981995 0.00270395
-0.981689 0.00269979

-0.981689 0.00269979
-0.981384 0.00269563

-0.981384 0.00269563
-0.981079 0.00269149

-0.981079 0.00269149
-0.980774 0.00268737

-0.980774 0.00268737
-0.980469 0.00268326

-0.980469 0.00268326
-0.980164 0.00267916

-0.980164 0.00267916
-0.979858 0.00267508

-0.979858 0.00267508
-0.979553 0.00267101

-0.979553 0.00267101
-0.979248 0.00266695

-0.979248 0.00266695
-0.978943 0.0026629

-0.978943 0.0026629
-0.978638 0.00265886

-0.978638 0.00265886
-0.978333 0.00265484

-0.978333 0.00265484
-0.978027 0.00265082

-0.978027 0.00265082
-0.977722 0.00264682

-0.977722 0.00264682
-0.977417 0.00264283

-0.977417 0.00264283
-0.977112 0.00263884

-0.977112 0.00263884
-0.976807 0.00263487

-0.976807 0.00263487
-0.976501 0.00263091

-0.976501 0.00263091
-0.976196 0.00262696

-0.976196 0.00262696
-0.975891 0.00262303

-0.975891 0.00262303
-0.975586 0.0026191

-0.975586 0.0026191
-0.975281 0.00261519

-0.975281 0.00261519
-0.974976 0.00261128

-0.974976 0.00261128
-0.97467 0.00260739

-0.97467 0.00260739
-0.974365 0.00260351

-0.974365 0.00260351
-0.97406 0.00259964

-0.97406 0.00259964
-0.973755 0.00259578

-0.973755 0.00259577
-0.97345 0.00259196

-0.97345 0.00259197
-0.973145 0.00258819

-0.973145 0.00258819
-0.972839 0.0025844

-0.972839 0.0025844
-0.972534 0.00258062

-0.972534 0.00258062
-0.972229 0.00257684

-0.972229 0.00257684
-0.971924 0.00257306

-0.971924 0.00257306
-0.971619 0.00256929

-0.971619 0.00256929
-0.971313 0.00256552

-0.971313 0.00256552
-0.971008 0.00256175

-0.971008 0.00256175
-0.970703 0.00255798

-0.970703 0.00255798
-0.970398 0.00255422

-0.970398 0.00255422
-0.970093 0.00255045

-0.970093 0.00255045
-0.969788 0.00254668

-0.969788 0.00254668
-0.969482 0.0025429

-0.969482 0.0025429
-0.969177 0.00253913

-0.969177 0.00253913
-0.968872 0.00253535

-0.968872 0.00253535
-0.968567 0.00253157

-0.968567 0.00253157
-0.968262 0.00252778

-0.968262 0.00252778
-0.967957 0.00252399

-0.967957 0.00252399
-0.967651 0.0025202

-0.967651 0.0025202
-0.967346 0.0025164

-0.967346 0.0025164
-0.967041 0.0025126

-0.967041 0.0025126
-0.966736 0.0025088

-0.966736 0.0025088
-0.966431 0.00250499

-0.966431 0.00250499
-0.966125 0.00250119

-0.966125 0.00250119
-0.96582 0.00249739

-0.96582 0.00249739
-0.965515 0.0024936

-0.965515 0.0024936
-0.96521 0.00248981

-0.96521 0.00248981
-0.964905 0.00248604

-0.964905 0.00248604
-0.9646 0.00248227

-0.9646 0.00248227
-0.964294 0.00247853

-0.964294 0.00247852
-0.963989 0.0024748

-0.963989 0.0024748
-0.963684 0.00247109

-0.963684 0.00247109
-0.963379 0.00246741

-0.960938 0.00243883
-0.961157 0.00244141

-0.963379 0.00246741
-0.963074 0.00246376

-0.963074 0.00246376
-0.962769 0.00246015

-0.962769 0.00246015
-0.962463 0.00245657

-0.962463 0.00245657
-0.962158 0.00245303

-0.962158 0.00245303
-0.961853 0.00244951

-0.961853 0.00244952
-0.961548 0.002446

-0.961548 0.00244601
-0.961243 0.00244244

-0.961243 0.00244244
-0.961155 0.00244141

-0.960938 0.00243883
-0.960632 0.00243529

-0.960632 0.00243529
-0.960327 0.0024318

-0.960327 0.0024318
-0.960022 0.00242835

-0.960022 0.00242835
-0.959717 0.00242494

-0.959717 0.00242494
-0.959412 0.00242155

-0.959412 0.00242155
-0.959106 0.00241819

-0.959106 0.00241819
-0.958801 0.00241485

-0.958801 0.00241485
-0.958496 0.00241154

-0.958496 0.00241154
-0.958191 0.00240826

-0.958191 0.00240826
-0.957886 0.002405

-0.957886 0.002405
-0.957581 0.00240176

-0.957581 0.00240176
-0.957275 0.00239855

-0.957275 0.00239855
-0.95697 0.00239536

-0.95697 0.00239536
-0.956665 0.00239219

-0.956665 0.00239219
-0.95636 0.00238905

-0.95636 0.00238905
-0.956055 0.00238593

-0.956055 0.00238593
-0.95575 0.00238283

-0.95575 0.00238283
-0.955444 0.00237975

-0.955444 0.00237975
-0.955139 0.0023767

-0.955139 0.0023767
-0.954834 0.00237367

-0.954834 0.00237367
-0.954529 0.00237066

-0.954529 0.00237066
-0.954224 0.00236767

-0.954224 0.00236767
-0.953918 0.00236471

-0.953918 0.00236471
-0.953613 0.00236176

-0.953613 0.00236176
-0.953308 0.00235883

-0.953308 0.00235883
-0.953003 0.00235593

-0.953003 0.00235593
-0.952698 0.00235305

-0.952698 0.00235305
-0.952393 0.00235018

-0.952393 0.00235018
-0.952087 0.00234733

-0.952087 0.00234733
-0.951782 0.00234451

-0.951782 0.00234451
-0.951477 0.0023417

-0.951477 0.0023417
-0.951172 0.00233891

-0.951172 0.00233891
-0.950867 0.00233613

-0.950867 0.00233613
-0.950562 0.00233338

-0.950562 0.00233338
-0.950256 0.00233064

-0.950256 0.00233064
-0.949951 0.00232791

-0.949951 0.00232791
-0.949646 0.0023252

-0.949646 0.0023252
-0.949341 0.0023225

-0.949341 0.0023225
-0.949036 0.00231981

-0.949036 0.00231981
-0.94873 0.00231713

-0.94873 0.00231713
-0.948425 0.00231447

-0.948425 0.00231447
-0.94812 0.00231181

-0.94812 0.00231181
-0.947815 0.00230915

-0.947815 0.00230916
-0.94751 0.00230651

-0.94751 0.00230651
-0.947205 0.00230387

-0.947205 0.00230387
-0.946899 0.00230123

-0.946899 0.00230123
-0.946594 0.0022986

-0.946594 0.0022986
-0.946289 0.00229596

-0.946289 0.00229596
-0.945984 0.00229332

-0.945984 0.00229332
-0.945679 0.00229067

-0.945679 0.00229066
-0.945374 0.00228802

-0.945374 0.00228803
-0.945068 0.0022854

-0.945068 0.0022854
-0.944763 0.00228278

-0.944763 0.00228278
-0.944458 0.00228016

-0.944458 0.00228017
-0.944153 0.00227755

-0.944153 0.00227755
-0.943848 0.00227495

-0.943848 0.00227495
-0.943542 0.00227234

-0.943542 0.00227234
-0.943237 0.00226974

-0.943237 0.00226974
-0.942932 0.00226715

-0.942932 0.00226715
-0.942627 0.00226455

-0.942627 0.00226455
-0.942322 0.00226196

-0.942322 0.00226196
-0.942017 0.00225937

-0.942017 0.00225937
-0.941711 0.00225678

-0.941711 0.00225678
-0.941406 0.00225419

-0.941406 0.00225419
-0.941101 0.00225161

-0.941101 0.00225161
-0.940796 0.00224902

-0.940796 0.00224902
-0.940491 0.00224644

-0.940491 0.00224644
-0.940186 0.00224386

-0.940186 0.00224386
-0.93988 0.00224128

-0.93988 0.00224128
-0.939575 0.0022387

-0.939575 0.0022387
-0.93927 0.00223612

-0.93927 0.00223612
-0.938965 0.00223355

-0.938965 0.00223355
-0.93866 0.00223098

-0.93866 0.00223098
-0.938354 0.00222842

-0.938354 0.00222842
-0.938049 0.00222585

-0.938049 0.00222585
-0.937744 0.0022233

-0.937744 0.0022233
-0.937439 0.00222074

-0.937439 0.00222074
-0.937134 0.0022182

-0.937134 0.0022182
-0.936829 0.00221566

-0.936829 0.00221566
-0.936523 0.00221312

-0.936523 0.00221312
-0.936218 0.0022106

-0.936218 0.0022106
-0.935913 0.00220808

-0.935913 0.00220808
-0.935608 0.00220557

-0.935608 0.00220557
-0.935303 0.00220307

-0.935303 0.00220307
-0.934998 0.00220058

-0.934998 0.00220058
-0.934692 0.0021981

-0.934692 0.0021981
-0.934387 0.00219562

-0.934387 0.00219562
-0.934082 0.00219316

-0.934082 0.00219316
-0.933777 0.0021907

-0.933777 0.0021907
-0.933472 0.00218825

-0.933472 0.00218825
-0.933167 0.00218581

-0.933167 0.00218581
-0.932861 0.00218337

-0.932861 0.00218337
-0.932556 0.00218094

-0.932556 0.00218094
-0.932251 0.00217851

-0.932251 0.00217851
-0.931946 0.00217608

-0.931946 0.00217608
-0.931641 0.00217364

-0.931641 0.00217364
-0.931335 0.00217121

-0.931335 0.00217121
-0.93103 0.00216876

-0.93103 0.00216876
-0.930725 0.00216631

-0.930725 0.00216631
-0.93042 0.00216385

-0.93042 0.00216385
-0.930115 0.00216137

-0.930115 0.00216137
-0.92981 0.00215887

-0.92981 0.00215887
-0.929504 0.00215635

-0.929504 0.00215635
-0.929199 0.00215381

-0.929199 0.00215381
-0.928894 0.00215123

-0.928894 0.00215123
-0.928589 0.00214863

-0.928589 0.00214863
-0.928284 0.00214598

-0.928284 0.00214598
-0.927979 0.00214331

-0.927979 0.0021433
-0.927673 0.0021406

-0.927673 0.0021406
-0.927368 0.00213789

-0.927063 0.00213519
-0.927181 0.00213623

-0.927368 0.00213789
-0.927181 0.00213623

-0.927063 0.00213518
-0.926758 0.0021325

-0.926758 0.0021325
-0.926453 0.00212985

-0.926453 0.00212985
-0.926147 0.00212724

-0.926147 0.00212724
-0.925842 0.00212466

-0.925842 0.00212466
-0.925537 0.00212213

-0.925537 0.00212213
-0.925232 0.00211964

-0.925232 0.00211964
-0.924927 0.00211719

-0.924927 0.00211719
-0.924622 0.00211478

-0.924622 0.00211478
-0.924316 0.00211241

-0.924316 0.00211241
-0.924011 0.00211007

-0.924011 0.00211007
-0.923706 0.00210778

-0.923706 0.00210778
-0.923401 0.00210552

-0.923401 0.00210552
-0.923096 0.00210331

-0.923096 0.0021033
-0.922791 0.00210113

-0.922791 0.00210113
-0.922485 0.00209899

-0.922485 0.00209899
-0.92218 0.0020969

-0.92218 0.0020969
-0.921875 0.00209485

-0.921875 0.00209485
-0.92157 0.00209285

-0.92157 0.00209285
-0.921265 0.00209089

-0.921265 0.00209089
-0.920959 0.00208898

-0.920959 0.00208898
-0.920654 0.00208713

-0.920654 0.00208713
-0.920349 0.00208533

-0.920349 0.00208533
-0.920044 0.00208358

-0.920044 0.00208358
-0.919739 0.0020819

-0.919739 0.0020819
-0.919434 0.00208028

-0.919434 0.00208028
-0.919128 0.00207872

-0.919128 0.00207872
-0.918823 0.00207724

-0.918823 0.00207724
-0.918518 0.00207583

-0.918518 0.00207583
-0.918213 0.00207449

-0.918213 0.00207449
-0.917908 0.00207324

-0.917908 0.00207324
-0.917603 0.00207207

-0.917603 0.00207207
-0.917297 0.00207099

-0.917297 0.00207099
-0.916992 0.00207

-0.916992 0.00207
-0.916687 0.0020691

-0.916687 0.0020691
-0.916382 0.00206831

-0.916382 0.00206831
-0.916077 0.00206761

-0.916077 0.00206761
-0.915771 0.00206701

-0.915771 0.00206701
-0.915466 0.00206652

-0.915466 0.00206652
-0.915161 0.00206613

-0.915161 0.00206613
-0.914856 0.00206584

-0.914856 0.00206584
-0.914551 0.00206566

-0.914551 0.00206566
-0.914246 0.00206558

-0.914246 0.00206558
-0.91394 0.00206559

-0.91394 0.00206559
-0.913635 0.00206569

-0.913635 0.00206569
-0.91333 0.00206588

-0.91333 0.00206588
-0.913025 0.00206614

-0.913025 0.00206614
-0.91272 0.00206647

-0.91272 0.00206648
-0.912415 0.00206686

-0.912415 0.00206686
-0.912109 0.00206729

-0.912109 0.00206729
-0.911804 0.00206774

-0.911804 0.00206774
-0.911499 0.0020682

-0.911499 0.00206821
-0.911194 0.00206866

-0.911194 0.00206866
-0.910889 0.00206908

-0.910889 0.00206909
-0.910583 0.00206946

-0.910583 0.00206947
-0.910278 0.00206976

-0.910278 0.00206977
-0.909973 0.00206997

-0.909973 0.00206997
-0.909668 0.00207005

-0.909668 0.00207005
-0.909363 0.00206998

-0.909363 0.00206999
-0.909058 0.00206974

-0.909058 0.00206974
-0.908752 0.0020693

-0.908752 0.0020693
-0.908447 0.00206863

-0.908447 0.00206864
-0.908142 0.00206771

-0.908142 0.00206772
-0.907837 0.00206653

-0.907837 0.00206653
-0.907532 0.00206505

-0.907532 0.00206505
-0.907227 0.00206326

-0.907227 0.00206326
-0.906921 0.00206114

-0.906921 0.00206115
-0.906616 0.00205869

-0.906616 0.00205869
-0.906311 0.00205589

-0.906311 0.00205589
-0.906006 0.00205274

-0.906006 0.00205274
-0.905701 0.00204925

-0.905701 0.00204924
-0.905396 0.00204541

-0.905396 0.0020454
-0.90509 0.00204124

-0.90509 0.00204123
-0.904785 0.00203676

-0.904785 0.00203675
-0.90448 0.00203199

-0.90448 0.00203198
-0.904175 0.00202697

-0.904175 0.00202696
-0.90387 0.00202173

-0.90387 0.00202172
-0.903564 0.00201633

-0.903564 0.00201632
-0.903259 0.00201083

-0.903259 0.00201081
-0.902954 0.00200529

-0.902954 0.00200526
-0.902649 0.00199982

-0.902649 0.00199979
-0.902344 0.00199452

-0.902344 0.00199451
-0.902039 0.00198949

-0.902039 0.00198944
-0.901733 0.00198482

-0.901733 0.0019848
-0.901428 0.00198071

-0.901428 0.00198052
-0.901123 0.00197739

-0.901123 0.00197733
-0.900818 0.00197566

-0.900818 0.00197553
-0.900513 0.00197569

-0.900513 0.00197557
-0.900208 0.00197804

-0.900208 0.00197781
-0.899902 0.00198328

-0.899902 0.00198264
-0.899597 0.00199286

-0.899597 0.00199271
-0.899292 0.00200925

-0.899292 0.00200865
-0.898987 0.00203302

-0.898987 0.00203238
-0.898682 0.00206708

-0.898682 0.00206661
-0.898376 0.00211384

-0.898376 0.00211378
-0.898266 0.00213623

-0.898261 0.00213623
-0.898071 0.00217489

-0.898071 0.00217422
-0.897766 0.00225538

-0.897766 0.00225419
-0.897461 0.00235878

-0.897461 0.00235889
-0.897266 0.00244141

-0.89727 0.00244141
-0.897156 0.00248956

-0.897156 0.00248771
-0.896851 0.00264079

-0.896851 0.00264072
-0.896667 0.00274658

-0.896673 0.00274658
-0.896545 0.00282012

-0.896545 0.00281922
-0.89624 0.00301484

-0.89624 0.00301677
-0.896187 0.00305176

-0.89619 0.00305176
-0.895935 0.00322563

-0.895935 0.00322551
-0.895747 0.00335693

-0.895751 0.00335693
-0.89563 0.00344083

-0.89563 0.00344137
-0.895325 0.00365427

-0.895325 0.0036539
-0.895313 0.00366211

-0.895315 0.00366211
-0.89502 0.00386217

-0.89502 0.00386256
-0.894857 0.00396729

-0.894857 0.00396729
-0.894714 0.00405903

-0.894714 0.00405968
-0.894409 0.00424332

-0.894409 0.0042427
-0.894356 0.00427246

-0.894357 0.00427246
-0.894104 0.00441296

-0.894104 0.00441326
-0.893799 0.00456767

-0.893799 0.00456646
-0.893774 0.00457764

-0.893777 0.00457764
-0.893494 0.00470647

-0.893494 0.00470685
-0.893188 0.00482992

-0.893188 0.0048301
-0.893038 0.00488281

-0.893035 0.00488281
-0.892883 0.00493599

-0.892883 0.00493633
-0.892578 0.00502752

-0.888916 0.00486835
-0.888957 0.00488281

-0.888916 0.00487068
-0.888611 0.00474157

-0.888611 0.0047423
-0.888306 0.00458995

-0.887695 0.00420591
-0.887794 0.00427246

-0.888 0.00441262
-0.888283 0.00457764

-0.888306 0.00458747
-0.888288 0.00457764

-0.888 0.00441384
-0.887792 0.00427246

-0.892578 0.00502763
-0.892273 0.00510321

-0.892273 0.00510339
-0.891968 0.00516276

-0.891968 0.00516301
-0.891792 0.00518799

-0.891783 0.00518799
-0.891663 0.0052051

-0.891663 0.00520571
-0.891357 0.00523367

-0.891357 0.00523379
-0.891052 0.00524639

-0.891052 0.00524649
-0.890747 0.00524329

-0.890747 0.00524337
-0.890442 0.00522402

-0.890137 0.00518607
-0.890153 0.00518799

-0.890442 0.00522417
-0.890137 0.0051883

-0.889832 0.00513573
-0.890136 0.00518799

-0.889832 0.00513612
-0.889526 0.00506639

-0.889526 0.00506672
-0.889221 0.00497825

-0.889221 0.00497869
-0.888951 0.00488281

-0.885559 0.000356093
-0.885581 0.000610352

-0.885547 0.0
-0.885556 0.000305176

-0.885559 0.000356923
-0.885555 0.000305176

-0.885581 0.000610352
-0.885626 0.000915527

-0.885626 0.000915527
-0.88569 0.0012207

-0.885864 0.00179099
-0.885878 0.00183105

-0.885878 0.00183105
-0.886004 0.00213623

-0.886004 0.00213623
-0.886155 0.00244141

-0.88569 0.0012207
-0.885774 0.00152588

-0.885864 0.001791
-0.885773 0.00152588

-0.886475 0.00295837
-0.886538 0.00305176

-0.88678 0.00336085
-0.887059 0.00366211

-0.886537 0.00305176
-0.886778 0.00335693

-0.88739 0.00396403
-0.887394 0.00396729

-0.887695 0.00420838
-0.88739 0.0039678

-0.887085 0.00368832
-0.887388 0.00396729

-0.887085 0.00368739
-0.88706 0.00366211

-0.886169 0.00246755
-0.886332 0.00274658

-0.886475 0.0029584
-0.886331 0.00274658

-0.886169 0.00246758
-0.886155 0.00244141

-1.0 0.457849
-0.999736 0.458069

-0.999736 0.458069
-0.999695 0.458103

-0.999695 0.458103
-0.99939 0.458358

-0.99939 0.458358
-0.99937 0.458374

-0.99937 0.458374
-0.999084 0.458612

-0.999084 0.458612
-0.999004 0.458679

-0.999004 0.458679
-0.998779 0.458866

-0.998779 0.458867
-0.998637 0.458984

-0.998639 0.458984
-0.998474 0.459119

-0.998474 0.459121
-0.998271 0.45929

-0.998271 0.45929
-0.998169 0.459374

-0.998169 0.459375
-0.997905 0.459595

-0.997904 0.459595
-0.997864 0.459628

-0.997864 0.459629
-0.997559 0.459883

-0.997559 0.459883
-0.997538 0.4599

-0.997538 0.4599
-0.997253 0.460137

-0.997253 0.460137
-0.997171 0.460205

-0.997171 0.460205
-0.996948 0.460391

-0.996948 0.460392
-0.996804 0.46051

-0.996806 0.46051
-0.996643 0.460643

-0.996643 0.460645
-0.996438 0.460815

-0.996437 0.460815
-0.996338 0.460897

-0.996338 0.460898
-0.996071 0.461121

-0.99607 0.461121
-0.996033 0.461151

-0.996033 0.461152
-0.995728 0.461406

-0.995728 0.461406
-0.995704 0.461426

-0.995704 0.461426
-0.995422 0.46166

-0.995422 0.46166
-0.995336 0.461731

-0.995337 0.461731
-0.995117 0.461913

-0.995117 0.461914
-0.994968 0.462036

-0.99497 0.462036
-0.994812 0.462165

-0.994812 0.462167
-0.994602 0.462341

-0.994602 0.462341
-0.994507 0.462419

-0.994507 0.46242
-0.994234 0.462646

-0.994234 0.462646
-0.994202 0.462673

-0.994202 0.462674
-0.993896 0.462927

-0.993896 0.462927
-0.993867 0.462952

-0.993867 0.462952
-0.993591 0.46318

-0.993591 0.463181
-0.993499 0.463257

-0.993499 0.463257
-0.993286 0.463434

-0.993286 0.463435
-0.99313 0.463562

-0.993133 0.463562
-0.992981 0.463686

-0.992981 0.463687
-0.992764 0.463867

-0.992763 0.463867
-0.992676 0.463939

-0.992676 0.46394
-0.992396 0.464172

-0.992395 0.464172
-0.992371 0.464193

-0.992371 0.464193
-0.992065 0.464446

-0.992065 0.464446
-0.992028 0.464478

-0.992028 0.464478
-0.99176 0.464699

-0.99176 0.4647
-0.991659 0.464783

-0.99166 0.464783
-0.991455 0.464952

-0.991455 0.464954
-0.991291 0.465088

-0.991292 0.465088
-0.99115 0.465204

-0.99115 0.465206
-0.990923 0.465393

-0.990923 0.465393
-0.990845 0.465457

-0.990845 0.465458
-0.990555 0.465698

-0.990554 0.465698
-0.99054 0.46571

-0.99054 0.465711
-0.990234 0.465964

-0.990234 0.465964
-0.990186 0.466003

-0.990187 0.466003
-0.989929 0.466217

-0.989929 0.466217
-0.989817 0.466309

-0.989819 0.466309
-0.989624 0.466469

-0.989624 0.46647
-0.989449 0.466614

-0.98945 0.466614
-0.989319 0.466721

-0.989319 0.466722
-0.989081 0.466919

-0.98908 0.466919
-0.989014 0.466974

-0.989014 0.466974
-0.988712 0.467224

-0.988711 0.467224
-0.988708 0.467226

-0.988708 0.467227
-0.988403 0.467479

-0.988403 0.46748
-0.988343 0.467529

-0.988343 0.467529
-0.988098 0.467732

-0.988098 0.467733
-0.987973 0.467834

-0.987975 0.467834
-0.987793 0.467983

-0.987793 0.467985
-0.987605 0.46814

-0.987605 0.46814
-0.987488 0.468236

-0.987488 0.468237
-0.987236 0.468445

-0.987235 0.468445
-0.987183 0.468488

-0.987183 0.468489
-0.986877 0.468741

-0.986877 0.468741
-0.986867 0.46875

-0.986867 0.46875
-0.986572 0.468993

-0.986572 0.468993
-0.986497 0.469055

-0.986497 0.469055
-0.986267 0.469245

-0.986267 0.469246
-0.986127 0.46936

-0.986129 0.46936
-0.985962 0.469496

-0.985962 0.469498
-0.985758 0.469666

-0.985758 0.469666
-0.985657 0.469748

-0.985657 0.469749
-0.985389 0.469971

-0.985388 0.469971
-0.985352 0.470001

-0.985352 0.470001
-0.985046 0.470253

-0.985046 0.470253
-0.985019 0.470276

-0.985019 0.470276
-0.984741 0.470505

-0.984741 0.470506
-0.984649 0.470581

-0.98465 0.470581
-0.984436 0.470757

-0.984436 0.470758
-0.984278 0.470886

-0.98428 0.470886
-0.984131 0.471008

-0.984131 0.471009
-0.98391 0.471191

-0.983909 0.471191
-0.983826 0.47126

-0.983826 0.471261
-0.983539 0.471497

-0.983539 0.471497
-0.983521 0.471512

-0.983521 0.471512
-0.983215 0.471764

-0.983215 0.471764
-0.983169 0.471802

-0.983169 0.471802
-0.98291 0.472015

-0.98291 0.472016
-0.982799 0.472107

-0.9828 0.472107
-0.982605 0.472266

-0.982605 0.472268
-0.982428 0.472412

-0.982429 0.472412
-0.9823 0.472517

-0.9823 0.472519
-0.982059 0.472717

-0.982058 0.472717
-0.981995 0.472769

-0.981995 0.47277
-0.981689 0.473021

-0.981689 0.473021
-0.981688 0.473022

-0.981688 0.473022
-0.981384 0.473273

-0.981384 0.473273
-0.981317 0.473328

-0.981317 0.473328
-0.981079 0.473524

-0.981079 0.473525
-0.980946 0.473633

-0.980948 0.473633
-0.980774 0.473774

-0.980774 0.473776
-0.980576 0.473938

-0.980576 0.473938
-0.980469 0.474025

-0.980469 0.474026
-0.980205 0.474243

-0.980205 0.474243
-0.980164 0.474277

-0.980164 0.474277
-0.979858 0.474529

-0.979858 0.474529
-0.979834 0.474548

-0.979834 0.474548
-0.979553 0.47478

-0.979553 0.47478
-0.979463 0.474854

-0.979464 0.474854
-0.979248 0.47503

-0.979248 0.475032
-0.979091 0.475159

-0.979093 0.475159
-0.978943 0.47528

-0.978943 0.475282
-0.978721 0.475464

-0.978721 0.475464
-0.978638 0.475532

-0.978638 0.475532
-0.97835 0.475769

-0.978349 0.475769
-0.978333 0.475783

-0.978333 0.475783
-0.978027 0.476034

-0.978027 0.476034
-0.977978 0.476074

-0.977979 0.476074
-0.977722 0.476285

-0.977722 0.476285
-0.977606 0.476379

-0.977608 0.476379
-0.977417 0.476535

-0.977417 0.476536
-0.977235 0.476685

-0.977236 0.476685
-0.977112 0.476785

-0.977112 0.476786
-0.976864 0.47699

-0.976863 0.47699
-0.976807 0.477036

-0.976807 0.477037
-0.976501 0.477287

-0.976501 0.477287
-0.976492 0.477295

-0.976492 0.477295
-0.976196 0.477538

-0.976196 0.477538
-0.97612 0.4776

-0.976121 0.4776
-0.975891 0.477788

-0.975891 0.47779
-0.975748 0.477905

-0.97575 0.477905
-0.975586 0.478038

-0.975586 0.478039
-0.975377 0.47821

-0.975377 0.47821
-0.975281 0.478288

-0.975281 0.478289
-0.975005 0.478516

-0.975004 0.478516
-0.974976 0.478539

-0.974976 0.47854
-0.97467 0.47879

-0.97467 0.47879
-0.974633 0.478821

-0.974633 0.478821
-0.974365 0.47904

-0.974365 0.479041
-0.97426 0.479126

-0.974261 0.479126
-0.97406 0.47929

-0.97406 0.479291
-0.973888 0.479431

-0.973889 0.479431
-0.973755 0.479539

-0.973755 0.479541
-0.973516 0.479736

-0.973515 0.479736
-0.97345 0.47979

-0.97345 0.479791
-0.973145 0.480041

-0.973145 0.480041
-0.973144 0.480042

-0.973144 0.480042
-0.972839 0.480291

-0.972839 0.480291
-0.972771 0.480347

-0.972771 0.480347
-0.972534 0.480541

-0.972534 0.480542
-0.972398 0.480652

-0.972399 0.480652
-0.972229 0.48079

-0.972229 0.480791
-0.972026 0.480957

-0.972026 0.480957
-0.971924 0.48104

-0.971924 0.481041
-0.971653 0.481262

-0.971652 0.481262
-0.971619 0.48129

-0.971619 0.48129
-0.971313 0.48154

-0.971313 0.48154
-0.97128 0.481567

-0.97128 0.481567
-0.971008 0.48179

-0.971008 0.48179
-0.970907 0.481873

-0.970908 0.481873
-0.970703 0.482039

-0.970703 0.482041
-0.970533 0.482178

-0.970535 0.482178
-0.970398 0.482288

-0.970398 0.482289
-0.970161 0.482483

-0.970161 0.482483
-0.970093 0.482538

-0.970093 0.482539
-0.969788 0.482788

-0.969788 0.482788
-0.969482 0.483038

-0.969482 0.483038
-0.969414 0.483093

-0.969415 0.483093
-0.969177 0.483287

-0.969177 0.483288
-0.96904 0.483398

-0.969042 0.483398
-0.968872 0.483536

-0.968872 0.483537
-0.968668 0.483704

-0.968668 0.483704
-0.968567 0.483785

-0.968567 0.483786
-0.968294 0.484009

-0.968294 0.484009
-0.968262 0.484035

-0.968262 0.484035
-0.967957 0.484285

-0.967957 0.484285
-0.967921 0.484314

-0.967921 0.484314
-0.967651 0.484534

-0.967651 0.484534
-0.967547 0.484619

-0.967547 0.484619
-0.967346 0.484783

-0.967346 0.484784
-0.967173 0.484924

-0.967174 0.484924
-0.967041 0.485031

-0.967041 0.485033
-0.9668 0.485229

-0.966799 0.485229
-0.966736 0.485281

-0.966736 0.485281
-0.966431 0.485531

-0.966431 0.485531
-0.966426 0.485535

-0.966426 0.485535
-0.966125 0.48578

-0.966125 0.48578
-0.966051 0.48584

-0.966052 0.48584
-0.96582 0.486029

-0.96582 0.48603
-0.965676 0.486145

-0.965679 0.486145
-0.965515 0.486276

-0.965515 0.486278
-0.965303 0.48645

-0.965303 0.48645
-0.96521 0.486525

-0.96521 0.486526
-0.964929 0.486755

-0.964928 0.486755
-0.964905 0.486775

-0.964905 0.486775
-0.9646 0.487024

-0.9646 0.487024
-0.964555 0.487061

-0.964555 0.487061
-0.964294 0.487273

-0.964294 0.487273
-0.96418 0.487366

-0.964181 0.487366
-0.963989 0.487521

-0.963989 0.487522
-0.963806 0.487671

-0.963806 0.487671
-0.963684 0.487769

-0.963684 0.48777
-0.963431 0.487976

-0.963431 0.487976
-0.963379 0.488018

-0.963379 0.488019
-0.963074 0.488267

-0.963074 0.488267
-0.963057 0.488281

-0.963057 0.488281
-0.962769 0.488516

-0.962769 0.488516
-0.962682 0.488586

-0.962682 0.488586
-0.962463 0.488764

-0.962463 0.488766
-0.962306 0.488892

-0.962308 0.488892
-0.962158 0.489012

-0.962158 0.489013
-0.961932 0.489197

-0.961932 0.489197
-0.961853 0.48926

-0.961853 0.489261
-0.961557 0.489502

-0.961557 0.489502
-0.961548 0.489509

-0.961548 0.48951
-0.961243 0.489758

-0.961243 0.489758
-0.961182 0.489807

-0.961182 0.489807
-0.960938 0.490006

-0.960938 0.490007
-0.960806 0.490112

-0.960808 0.490112
-0.960632 0.490254

-0.960632 0.490255
-0.960432 0.490417

-0.960432 0.490417
-0.960327 0.490502

-0.960327 0.490503
-0.960057 0.490723

-0.960056 0.490723
-0.960022 0.49075

-0.960022 0.490751
-0.959717 0.490999

-0.959717 0.490999
-0.959681 0.491028

-0.959681 0.491028
-0.959412 0.491247

-0.959412 0.491247
-0.959305 0.491333

-0.959306 0.491333
-0.959106 0.491495

-0.959106 0.491496
-0.95893 0.491638

-0.958931 0.491638
-0.958801 0.491742

-0.958801 0.491743
-0.958555 0.491943

-0.958554 0.491943
-0.958496 0.49199

-0.958496 0.491991
-0.958191 0.492239

-0.958191 0.492239
-0.958179 0.492249

-0.958179 0.492249
-0.957886 0.492487

-0.957886 0.492487
-0.957803 0.492554

-0.957803 0.492554
-0.957581 0.492734

-0.957581 0.492736
-0.957426 0.492859

-0.957429 0.492859
-0.957275 0.492981

-0.957275 0.492982
-0.957052 0.493164

-0.957051 0.493164
-0.95697 0.493229

-0.95697 0.49323
-0.956675 0.493469

-0.956675 0.493469
-0.956665 0.493477

-0.956665 0.493478
-0.95636 0.493725

-0.95636 0.493725
-0.956299 0.493774

-0.956299 0.493774
-0.956055 0.493973

-0.956055 0.493974
-0.955922 0.49408

-0.955924 0.49408
-0.95575 0.49422

-0.95575 0.494221
-0.955547 0.494385

-0.955547 0.494385
-0.955444 0.494467

-0.955444 0.494468
-0.955171 0.49469

-0.95517 0.49469
-0.955139 0.494715

-0.955139 0.494715
-0.954834 0.494963

-0.954834 0.494963
-0.954794 0.494995

-0.954794 0.494995
-0.954529 0.49521

-0.954529 0.495211
-0.954417 0.4953

-0.954418 0.4953
-0.954224 0.495457

-0.954224 0.495458
-0.954041 0.495605

-0.954042 0.495605
-0.953918 0.495704

-0.953918 0.495705
-0.953665 0.495911

-0.953664 0.495911
-0.953613 0.495951

-0.953613 0.495952
-0.953308 0.496199

-0.953308 0.496199
-0.953288 0.496216

-0.953288 0.496216
-0.953003 0.496447

-0.953003 0.496447
-0.952911 0.496521

-0.952911 0.496521
-0.952698 0.496694

-0.952698 0.496695
-0.952533 0.496826

-0.952535 0.496826
-0.952393 0.49694

-0.952393 0.496941
-0.952157 0.497131

-0.952157 0.497131
-0.952087 0.497187

-0.952087 0.497188
-0.951782 0.497435

-0.951782 0.497435
-0.95178 0.497437

-0.95178 0.497437
-0.951477 0.497682

-0.951477 0.497682
-0.951403 0.497742

-0.951403 0.497742
-0.951172 0.497929

-0.951172 0.49793
-0.951025 0.498047

-0.951027 0.498047
-0.950867 0.498175

-0.950867 0.498176
-0.950649 0.498352

-0.950648 0.498352
-0.950562 0.498422

-0.950562 0.498422
-0.950271 0.498657

-0.950271 0.498657
-0.950256 0.498669

-0.950256 0.498669
-0.949951 0.498916

-0.949951 0.498916
-0.949894 0.498962

-0.949894 0.498962
-0.949646 0.499163

-0.949646 0.499164
-0.949515 0.499268

-0.949517 0.499268
-0.949341 0.499409

-0.949341 0.49941
-0.949139 0.499573

-0.949139 0.499573
-0.949036 0.499655

-0.949036 0.499656
-0.948761 0.499878

-0.94876 0.499878
-0.94873 0.499902

-0.94873 0.499903
-0.948425 0.500149

-0.948425 0.500149
-0.948383 0.500183

-0.948383 0.500183
-0.94812 0.500396

-0.94812 0.500396
-0.948005 0.500488

-0.948006 0.500488
-0.947815 0.500642

-0.947815 0.500643
-0.947628 0.500793

-0.947628 0.500793
-0.94751 0.500888

-0.94751 0.500889
-0.94725 0.501099

-0.947249 0.501099
-0.947205 0.501134

-0.947205 0.501135
-0.946899 0.501381

-0.946899 0.501382
-0.946872 0.501404

-0.946872 0.501404
-0.946594 0.501628

-0.946594 0.501628
-0.946493 0.501709

-0.946494 0.501709
-0.946289 0.501874

-0.946289 0.501875
-0.946115 0.502014

-0.946116 0.502014
-0.945984 0.502119

-0.945984 0.50212
-0.945737 0.502319

-0.945737 0.502319
-0.945679 0.502366

-0.945679 0.502367
-0.945374 0.502613

-0.945374 0.502613
-0.945359 0.502625

-0.945359 0.502625
-0.945068 0.502859

-0.945068 0.502859
-0.94498 0.50293

-0.944981 0.50293
-0.944763 0.503105

-0.944763 0.503106
-0.944601 0.503235

-0.944603 0.503235
-0.944458 0.50335

-0.944458 0.503351
-0.944224 0.50354

-0.944223 0.50354
-0.944153 0.503596

-0.944153 0.503597
-0.943848 0.503843

-0.943848 0.503843
-0.943845 0.503845

-0.943845 0.503845
-0.943542 0.504089

-0.943542 0.504089
-0.943466 0.50415

-0.943466 0.50415
-0.943237 0.504335

-0.943237 0.504336
-0.943086 0.504456

-0.943088 0.504456
-0.942932 0.504579

-0.942932 0.504581
-0.942709 0.504761

-0.942708 0.504761
-0.942627 0.504826

-0.942627 0.504826
-0.942329 0.505066

-0.942329 0.505066
-0.942322 0.505072

-0.942322 0.505072
-0.942017 0.505318

-0.942017 0.505318
-0.94195 0.505371

-0.94195 0.505371
-0.941711 0.505564

-0.941711 0.505565
-0.94157 0.505676

-0.941572 0.505676
-0.941406 0.505808

-0.941406 0.505809
-0.941192 0.505981

-0.941192 0.505981
-0.941101 0.506054

-0.941101 0.506055
-0.940813 0.506287

-0.940812 0.506287
-0.940796 0.5063

-0.940796 0.5063
-0.940491 0.506546

-0.940491 0.506546
-0.940433 0.506592

-0.940434 0.506592
-0.940186 0.506791

-0.940186 0.506792
-0.940053 0.506897

-0.940055 0.506897
-0.93988 0.507036

-0.93988 0.507037
-0.939675 0.507202

-0.939675 0.507202
-0.939575 0.507281

-0.939575 0.507282
-0.939295 0.507507

-0.939295 0.507507
-0.93927 0.507527

-0.93927 0.507528
-0.938965 0.507773

-0.938965 0.507773
-0.938915 0.507812

-0.938916 0.507812
-0.93866 0.508018

-0.93866 0.508019
-0.938535 0.508118

-0.938537 0.508118
-0.938354 0.508263

-0.938354 0.508264
-0.938156 0.508423

-0.938156 0.508423
-0.938049 0.508508

-0.938049 0.508509
-0.937776 0.508728

-0.937776 0.508728
-0.937744 0.508753

-0.937744 0.508754
-0.937439 0.508999

-0.937439 0.508999
-0.937396 0.509033

-0.937396 0.509033
-0.937134 0.509244

-0.937134 0.509245
-0.937016 0.509338

-0.937017 0.509338
-0.936829 0.509489

-0.936829 0.50949
-0.936636 0.509644

-0.936637 0.509644
-0.936523 0.509733

-0.936523 0.509734
-0.936256 0.509949

-0.936256 0.509949
-0.936218 0.509979

-0.936218 0.509979
-0.935913 0.510224

-0.935913 0.510224
-0.935876 0.510254

-0.935876 0.510254
-0.935608 0.510469

-0.935608 0.51047
-0.935495 0.510559

-0.935496 0.510559
-0.935303 0.510714

-0.935303 0.510715
-0.935115 0.510864

-0.935116 0.510864
-0.934998 0.510958

-0.934998 0.510959
-0.934735 0.511169

-0.934734 0.511169
-0.934692 0.511203

-0.934692 0.511204
-0.934387 0.511448

-0.934387 0.511448
-0.934354 0.511475

-0.934355 0.511475
-0.934082 0.511693

-0.934082 0.511694
-0.933973 0.51178

-0.933974 0.51178
-0.933777 0.511938

-0.933777 0.511938
-0.933593 0.512085

-0.933594 0.512085
-0.933472 0.512181

-0.933472 0.512183
-0.933213 0.51239

-0.933212 0.51239
-0.933167 0.512426

-0.933167 0.512427
-0.932861 0.512672

-0.932861 0.512672
-0.932832 0.512695

-0.932832 0.512695
-0.932556 0.512916

-0.932556 0.512917
-0.93245 0.513

-0.932451 0.513
-0.932251 0.513161

-0.932251 0.513161
-0.93207 0.513306

-0.932071 0.513306
-0.931946 0.513404

-0.931946 0.513405
-0.931689 0.513611

-0.931688 0.513611
-0.931641 0.513649

-0.931641 0.51365
-0.931335 0.513894

-0.931335 0.513894
-0.931308 0.513916

-0.931308 0.513916
-0.93103 0.514138

-0.93103 0.514139
-0.930926 0.514221

-0.930927 0.514221
-0.930725 0.514383

-0.930725 0.514383
-0.930545 0.514526

-0.930546 0.514526
-0.93042 0.514626

-0.93042 0.514627
-0.930164 0.514832

-0.930164 0.514832
-0.930115 0.51487

-0.930115 0.514871
-0.92981 0.515115

-0.92981 0.515115
-0.929783 0.515137

-0.929783 0.515137
-0.929504 0.51536

-0.929504 0.51536
-0.929401 0.515442

-0.929402 0.515442
-0.929199 0.515604

-0.929199 0.515604
-0.92902 0.515747

-0.929021 0.515747
-0.928894 0.515847

-0.928894 0.515848
-0.928639 0.516052

-0.928638 0.516052
-0.928589 0.516091

-0.928589 0.516092
-0.928284 0.516336

-0.928284 0.516336
-0.928257 0.516357

-0.928257 0.516357
-0.927979 0.51658

-0.927979 0.51658
-0.927874 0.516663

-0.927875 0.516663
-0.927673 0.516824

-0.927673 0.516824
-0.927493 0.516968

-0.927494 0.516968
-0.927368 0.517067

-0.927368 0.517068
-0.927112 0.517273

-0.927111 0.517273
-0.927063 0.517311

-0.927063 0.517312
-0.926758 0.517555

-0.926758 0.517556
-0.926729 0.517578

-0.926729 0.517578
-0.926453 0.517799

-0.926453 0.5178
-0.926347 0.517883

-0.926348 0.517883
-0.926147 0.518043

-0.926147 0.518044
-0.925965 0.518188

-0.925966 0.518188
-0.925842 0.518286

-0.925842 0.518287
-0.925583 0.518494

-0.925583 0.518494
-0.925537 0.51853

-0.925537 0.51853
-0.925232 0.518774

-0.925232 0.518774
-0.925201 0.518799

-0.925201 0.518799
-0.924927 0.519018

-0.924927 0.519018
-0.924818 0.519104

-0.924819 0.519104
-0.924622 0.519261

-0.924622 0.519262
-0.924436 0.519409

-0.924437 0.519409
-0.924316 0.519504

-0.924316 0.519505
-0.924054 0.519714

-0.924053 0.519714
-0.924011 0.519748

-0.924011 0.519748
-0.923706 0.519992

-0.923706 0.519992
-0.923671 0.52002

-0.923671 0.52002
-0.923401 0.520235

-0.923401 0.520236
-0.923288 0.520325

-0.923289 0.520325
-0.923096 0.520478

-0.923096 0.520479
-0.922906 0.52063

-0.922907 0.52063
-0.922791 0.520721

-0.922791 0.520722
-0.922524 0.520935

-0.922523 0.520935
-0.922485 0.520965

-0.922485 0.520965
-0.92218 0.521209

-0.92218 0.521209
-0.922141 0.52124

-0.922141 0.52124
-0.921875 0.521452

-0.921875 0.521453
-0.921757 0.521545

-0.921758 0.521545
-0.92157 0.521695

-0.92157 0.521696
-0.921375 0.521851

-0.921375 0.521851
-0.921265 0.521937

-0.921265 0.521938
-0.920992 0.522156

-0.920991 0.522156
-0.920959 0.522181

-0.920959 0.522182
-0.920654 0.522425

-0.920654 0.522425
-0.920609 0.522461

-0.920609 0.522461
-0.920349 0.522668

-0.920349 0.522669
-0.920225 0.522766

-0.920226 0.522766
-0.920044 0.52291

-0.920044 0.522911
-0.919843 0.523071

-0.919843 0.523071
-0.919739 0.523153

-0.919739 0.523154
-0.919459 0.523376

-0.919458 0.523376
-0.919434 0.523396

-0.919434 0.523397
-0.919128 0.52364

-0.919128 0.52364
-0.919076 0.523682

-0.919076 0.523682
-0.918823 0.523883

-0.918823 0.523884
-0.918691 0.523987

-0.918693 0.523987
-0.918518 0.524125

-0.918518 0.524126
-0.918309 0.524292

-0.918309 0.524292
-0.918213 0.524367

-0.918213 0.524368
-0.917925 0.524597

-0.917925 0.524597
-0.917908 0.524611

-0.917908 0.524611
-0.917603 0.524854

-0.917603 0.524854
-0.917541 0.524902

-0.917542 0.524902
-0.917297 0.525097

-0.917297 0.525098
-0.917157 0.525208

-0.917159 0.525208
-0.916992 0.525339

-0.916992 0.52534
-0.916774 0.525513

-0.916774 0.525513
-0.916687 0.525581

-0.916687 0.525582
-0.91639 0.525818

-0.91639 0.525818
-0.916382 0.525824

-0.916382 0.525825
-0.916077 0.526067

-0.916077 0.526068
-0.916006 0.526123

-0.916007 0.526123
-0.915771 0.52631

-0.915771 0.526311
-0.915621 0.526428

-0.915624 0.526428
-0.915466 0.526551

-0.915466 0.526553
-0.915239 0.526733

-0.915238 0.526733
-0.915161 0.526794

-0.915161 0.526795
-0.914856 0.527037

-0.914856 0.527037
-0.914854 0.527039

-0.914854 0.527039
-0.914551 0.52728

-0.914551 0.52728
-0.91447 0.527344

-0.91447 0.527344
-0.914246 0.527522

-0.914246 0.527523
-0.914085 0.527649

-0.914087 0.527649
-0.91394 0.527763

-0.91394 0.527765
-0.913702 0.527954

-0.913701 0.527954
-0.913635 0.528006

-0.913635 0.528007
-0.91333 0.528249

-0.91333 0.528249
-0.913317 0.528259

-0.913317 0.528259
-0.913025 0.528491

-0.913025 0.528492
-0.912932 0.528564

-0.912933 0.528564
-0.91272 0.528734

-0.91272 0.528734
-0.912548 0.52887

-0.912549 0.52887
-0.912415 0.528975

-0.912415 0.528976
-0.912164 0.529175

-0.912163 0.529175
-0.912109 0.529217

-0.912109 0.529218
-0.911804 0.52946

-0.911804 0.52946
-0.911779 0.52948

-0.911779 0.52948
-0.911499 0.529702

-0.911499 0.529703
-0.911394 0.529785

-0.911395 0.529785
-0.911194 0.529944

-0.911194 0.529945
-0.911009 0.53009

-0.91101 0.53009
-0.910889 0.530185

-0.910889 0.530186
-0.910625 0.530396

-0.910624 0.530396
-0.910583 0.530428

-0.910583 0.530428
-0.910278 0.53067

-0.910278 0.53067
-0.91024 0.530701

-0.91024 0.530701
-0.909973 0.530912

-0.909973 0.530913
-0.909854 0.531006

-0.909855 0.531006
-0.909668 0.531154

-0.909668 0.531154
-0.90947 0.531311

-0.90947 0.531311
-0.909363 0.531395

-0.909363 0.531396
-0.909085 0.531616

-0.909084 0.531616
-0.909058 0.531637

-0.909058 0.531638
-0.908752 0.531879

-0.908752 0.53188
-0.908699 0.531921

-0.9087 0.531921
-0.908447 0.532121

-0.908447 0.532122
-0.908313 0.532227

-0.908315 0.532227
-0.908142 0.532362

-0.908142 0.532363
-0.907929 0.532532

-0.907929 0.532532
-0.907837 0.532604

-0.907837 0.532605
-0.907544 0.532837

-0.907543 0.532837
-0.907532 0.532846

-0.907532 0.532846
-0.907227 0.533088

-0.907227 0.533088
-0.907158 0.533142

-0.907158 0.533142
-0.906921 0.533329

-0.906921 0.53333
-0.906771 0.533447

-0.906773 0.533447
-0.906616 0.53357

-0.906616 0.533571
-0.906387 0.533752

-0.906387 0.533752
-0.906311 0.533812

-0.906311 0.533813
-0.906006 0.534054

-0.906006 0.534054
-0.906001 0.534058

-0.906001 0.534058
-0.905701 0.534295

-0.905701 0.534296
-0.905615 0.534363

-0.905616 0.534363
-0.905396 0.534537

-0.905396 0.534538
-0.905229 0.534668

-0.905231 0.534668
-0.90509 0.534777

-0.90509 0.534778
-0.904844 0.534973

-0.904843 0.534973
-0.904785 0.535019

-0.904785 0.53502
-0.90448 0.535261

-0.90448 0.535261
-0.904458 0.535278

-0.904458 0.535278
-0.904175 0.535502

-0.904175 0.535503
-0.904071 0.535583

-0.904072 0.535583
-0.90387 0.535743

-0.90387 0.535744
-0.903686 0.535889

-0.903687 0.535889
-0.903564 0.535984

-0.903564 0.535985
-0.9033 0.536194

-0.903299 0.536194
-0.903259 0.536225

-0.903259 0.536226
-0.902954 0.536467

-0.902954 0.536467
-0.902914 0.536499

-0.902914 0.536499
-0.902649 0.536708

-0.902649 0.536709
-0.902526 0.536804

-0.902528 0.536804
-0.902344 0.536949

-0.902344 0.53695
-0.902141 0.537109

-0.902141 0.537109
-0.902039 0.537189

-0.902039 0.53719
-0.901755 0.537415

-0.901754 0.537415
-0.901733 0.537431

-0.901733 0.537431
-0.901428 0.537672

-0.901428 0.537673
-0.901368 0.53772

-0.901368 0.53772
-0.901123 0.537913

-0.901123 0.537914
-0.900981 0.538025

-0.900983 0.538025
-0.900818 0.538154

-0.900818 0.538154
-0.900595 0.53833

-0.900595 0.53833
-0.900513 0.538394

-0.900513 0.538395
-0.900209 0.538635

-0.900209 0.538635
-0.900208 0.538636

-0.900208 0.538636
-0.899902 0.538877

-0.899902 0.538877
-0.899821 0.53894

-0.899822 0.53894
-0.899597 0.539118

-0.899597 0.539118
-0.899434 0.539246

-0.899436 0.539246
-0.899292 0.539357

-0.899292 0.539359
-0.899048 0.539551

-0.899048 0.539551
-0.898987 0.539598

-0.898987 0.539599
-0.898682 0.53984

-0.898682 0.53984
-0.898661 0.539856

-0.898661 0.539856
-0.898376 0.540081

-0.898376 0.540081
-0.898274 0.540161

-0.898275 0.540161
-0.898071 0.540321

-0.898071 0.540322
-0.897887 0.540466

-0.897888 0.540466
-0.897766 0.540561

-0.897766 0.540562
-0.8975 0.540771

-0.8975 0.540771
-0.897461 0.540802

-0.897461 0.540803
-0.897156 0.541043

-0.897156 0.541043
-0.897113 0.541077

-0.897113 0.541077
-0.896851 0.541284

-0.896851 0.541284
-0.896725 0.541382

-0.896726 0.541382
-0.896545 0.541524

-0.896545 0.541524
-0.896339 0.541687

-0.896339 0.541687
-0.89624 0.541764

-0.89624 0.541765
-0.895951 0.541992

-0.895951 0.541992
-0.895935 0.542004

-0.895935 0.542005
-0.89563 0.542245

-0.89563 0.542246
-0.895564 0.542297

-0.895564 0.542297
-0.895325 0.542486

-0.895325 0.542487
-0.895175 0.542603

-0.895177 0.542603
-0.89502 0.542725

-0.89502 0.542726
-0.894789 0.542908

-0.894789 0.542908
-0.894714 0.542966

-0.894714 0.542966
-0.894409 0.543207

-0.894409 0.543207
-0.894401 0.543213

-0.894401 0.543213
-0.894104 0.543447

-0.894104 0.543447
-0.894013 0.543518

-0.894014 0.543518
-0.893799 0.543687

-0.893799 0.543688
-0.893625 0.543823

-0.893627 0.543823
-0.893494 0.543926

-0.893494 0.543927
-0.893238 0.544128

-0.893237 0.544128
-0.893188 0.544167

-0.893188 0.544167
-0.892883 0.544408

-0.892883 0.544408
-0.89285 0.544434

-0.89285 0.544434
-0.892578 0.544648

-0.892578 0.544648
-0.892461 0.544739

-0.892463 0.544739
-0.892273 0.544888

-0.892273 0.544888
-0.892074 0.545044

-0.892075 0.545044
-0.891968 0.545127

-0.891968 0.545128
-0.891686 0.545349

-0.891686 0.545349
-0.891663 0.545367

-0.891663 0.545368
-0.891357 0.545608

-0.891357 0.545608
-0.891298 0.545654

-0.891298 0.545654
-0.891052 0.545848

-0.891052 0.545849
-0.890909 0.545959

-0.890911 0.545959
-0.890747 0.546087

-0.890747 0.546088
-0.890522 0.546265

-0.890521 0.546265
-0.890442 0.546326

-0.890442 0.546327
-0.890137 0.546567

-0.890137 0.546567
-0.890133 0.54657

-0.890133 0.54657
-0.889832 0.546807

-0.889832 0.546807
-0.889744 0.546875

-0.889745 0.546875
-0.889526 0.547047

-0.889526 0.547047
-0.889356 0.54718

-0.889358 0.54718
-0.889221 0.547285

-0.889221 0.547287
-0.888968 0.547485

-0.888968 0.547485
-0.888916 0.547526

-0.888916 0.547526
-0.888611 0.547766

-0.888611 0.547766
-0.888579 0.547791

-0.88858 0.547791
-0.888306 0.548006

-0.888306 0.548006
-0.88819 0.548096

-0.888191 0.548096
-0.888 0.548245

-0.888 0.548246
-0.887802 0.548401

-0.887803 0.548401
-0.887695 0.548484

-0.887695 0.548485
-0.887414 0.548706

-0.887413 0.548706
-0.88739 0.548724

-0.88739 0.548724
-0.887085 0.548964

-0.887085 0.548964
-0.887024 0.549011

-0.887025 0.549011
-0.88678 0.549204

-0.88678 0.549204
-0.886635 0.549316

-0.886637 0.549316
-0.886475 0.549442

-0.886475 0.549443
-0.886247 0.549622

-0.886247 0.549622
-0.886169 0.549682

-0.886169 0.549682
-0.885864 0.549922

-0.885864 0.549922
-0.885858 0.549927

-0.885858 0.549927
-0.885559 0.550161

-0.885559 0.550162
-0.885468 0.550232

-0.885469 0.550232
-0.885254 0.550401

-0.885254 0.550401
-0.88508 0.550537

-0.885081 0.550537
-0.884949 0.550639

-0.884949 0.55064
-0.884691 0.550842

-0.88469 0.550842
-0.884644 0.550879

-0.884644 0.550879
-0.884338 0.551119

-0.884338 0.551119
-0.884301 0.551147

-0.884301 0.551147
-0.884033 0.551358

-0.884033 0.551359
-0.883911 0.551453

-0.883913 0.551453
-0.883728 0.551597

-0.883728 0.551597
-0.883523 0.551758

-0.883523 0.551758
-0.883423 0.551835

-0.883423 0.551836
-0.883133 0.552063

-0.883133 0.552063
-0.883118 0.552075

-0.883118 0.552075
-0.882812 0.552314

-0.882812 0.552315
-0.882744 0.552368

-0.882744 0.552368
-0.882507 0.552554

-0.882507 0.552554
-0.882354 0.552673

-0.882355 0.552673
-0.882202 0.552792

-0.882202 0.552793
-0.881965 0.552979

-0.881964 0.552979
-0.881897 0.553031

-0.881897 0.553032
-0.881592 0.553271

-0.881592 0.553271
-0.881575 0.553284

-0.881575 0.553284
-0.881287 0.55351

-0.881287 0.55351
-0.881185 0.553589

-0.881186 0.553589
-0.880981 0.553749

-0.880981 0.553749
-0.880796 0.553894

-0.880796 0.553894
-0.880676 0.553986

-0.880676 0.553988
-0.880406 0.554199

-0.880405 0.554199
-0.880371 0.554226

-0.880371 0.554226
-0.880066 0.554465

-0.880066 0.554465
-0.880016 0.554504

-0.880016 0.554504
-0.879761 0.554704

-0.879761 0.554705
-0.879625 0.55481

-0.879627 0.55481
-0.879456 0.554943

-0.879456 0.554943
-0.879236 0.555115

-0.879236 0.555115
-0.87915 0.555181

-0.87915 0.555182
-0.878846 0.55542

-0.878846 0.55542
-0.878845 0.55542

-0.878845 0.55542
-0.87854 0.555659

-0.87854 0.55566
-0.878455 0.555725

-0.878456 0.555725
-0.878235 0.555898

-0.878235 0.555898
-0.878065 0.55603

-0.878067 0.55603
-0.87793 0.556135

-0.87793 0.556137
-0.877675 0.556335

-0.877675 0.556335
-0.877625 0.556374

-0.877625 0.556375
-0.877319 0.556614

-0.877319 0.556614
-0.877285 0.556641

-0.877285 0.556641
-0.877014 0.556852

-0.877014 0.556853
-0.876894 0.556946

-0.876895 0.556946
-0.876709 0.557091

-0.876709 0.557091
-0.876504 0.557251

-0.876504 0.557251
-0.876404 0.557328

-0.876404 0.557329
-0.876114 0.557556

-0.876113 0.557556
-0.876099 0.557567

-0.876099 0.557568
-0.875793 0.557806

-0.875793 0.557807
-0.875723 0.557861

-0.875723 0.557861
-0.875488 0.558045

-0.875488 0.558046
-0.875332 0.558167

-0.875333 0.558167
-0.875183 0.558282

-0.875183 0.558283
-0.874942 0.558472

-0.874941 0.558472
-0.874878 0.558521

-0.874878 0.558522
-0.874573 0.55876

-0.874573 0.55876
-0.874551 0.558777

-0.874551 0.558777
-0.874268 0.558998

-0.874268 0.558999
-0.874159 0.559082

-0.874161 0.559082
-0.873962 0.559237

-0.873962 0.559237
-0.87377 0.559387

-0.87377 0.559387
-0.873657 0.559474

-0.873657 0.559475
-0.873379 0.559692

-0.873378 0.559692
-0.873352 0.559713

-0.873352 0.559713
-0.873047 0.559951

-0.873047 0.559952
-0.872987 0.559998

-0.872988 0.559998
-0.872742 0.56019

-0.872742 0.56019
-0.872596 0.560303

-0.872597 0.560303
-0.872437 0.560427

-0.872437 0.560428
-0.872206 0.560608

-0.872205 0.560608
-0.872131 0.560665

-0.872131 0.560666
-0.871826 0.560904

-0.871826 0.560904
-0.871814 0.560913

-0.871814 0.560913
-0.871521 0.561142

-0.871521 0.561143
-0.871422 0.561218

-0.871423 0.561218
-0.871216 0.56138

-0.871216 0.56138
-0.871032 0.561523

-0.871033 0.561523
-0.870911 0.561617

-0.870911 0.561618
-0.870641 0.561829

-0.87064 0.561829
-0.870605 0.561855

-0.870605 0.561856
-0.8703 0.562094

-0.8703 0.562094
-0.870249 0.562134

-0.870249 0.562134
-0.869995 0.562332

-0.869995 0.562333
-0.869857 0.562439

-0.869859 0.562439
-0.86969 0.56257

-0.86969 0.56257
-0.869467 0.562744

-0.869466 0.562744
-0.869385 0.562807

-0.869385 0.562808
-0.86908 0.563046

-0.86908 0.563046
-0.869075 0.563049

-0.869075 0.563049
-0.868774 0.563284

-0.868774 0.563284
-0.868683 0.563354

-0.868683 0.563354
-0.868469 0.563521

-0.868469 0.563522
-0.868291 0.56366

-0.868293 0.56366
-0.868164 0.563758

-0.868164 0.563759
-0.8679 0.563965

-0.867899 0.563965
-0.867859 0.563996

-0.867859 0.563997
-0.867554 0.564235

-0.867554 0.564235
-0.867508 0.56427

-0.867508 0.56427
-0.867249 0.564472

-0.867249 0.564473
-0.867115 0.564575

-0.867117 0.564575
-0.866943 0.56471

-0.866943 0.56471
-0.866725 0.56488

-0.866724 0.56488
-0.866638 0.564947

-0.866638 0.564948
-0.866333 0.565185

-0.866333 0.565186
-0.866028 0.565423

-0.866028 0.565423
-0.86594 0.565491

-0.865941 0.565491
-0.865723 0.56566

-0.865723 0.565661
-0.865548 0.565796

-0.86555 0.565796
-0.865417 0.565897

-0.865417 0.565898
-0.865157 0.566101

-0.865156 0.566101
-0.865112 0.566135

-0.865112 0.566135
-0.864807 0.566373

-0.864807 0.566373
-0.864764 0.566406

-0.864764 0.566406
-0.864502 0.56661

-0.864502 0.566611
-0.864371 0.566711

-0.864373 0.566711
-0.864197 0.566848

-0.864197 0.566848
-0.86398 0.567017

-0.86398 0.567017
-0.863892 0.567084

-0.863892 0.567085
-0.863588 0.567322

-0.863588 0.567322
-0.863586 0.567323

-0.863586 0.567323
-0.863281 0.56756

-0.863281 0.56756
-0.863195 0.567627

-0.863195 0.567627
-0.862976 0.567797

-0.862976 0.567798
-0.862802 0.567932

-0.862804 0.567932
-0.862671 0.568033

-0.862671 0.568035
-0.86241 0.568237

-0.86241 0.568237
-0.862366 0.568271

-0.862366 0.568272
-0.862061 0.568509

-0.862061 0.568509
-0.862018 0.568542

-0.862018 0.568542
-0.861755 0.568746

-0.861755 0.568747
-0.861624 0.568848

-0.861626 0.568848
-0.86145 0.568983

-0.86145 0.568984
-0.861233 0.569153

-0.861232 0.569153
-0.861145 0.56922

-0.861145 0.569221
-0.86084 0.569458

-0.86084 0.569458
-0.860535 0.569695

-0.860535 0.569696
-0.860446 0.569763

-0.860447 0.569763
-0.860229 0.569932

-0.860229 0.569933
-0.860054 0.570068

-0.860055 0.570068
-0.859924 0.570168

-0.859924 0.570169
-0.859662 0.570374

-0.859661 0.570374
-0.859619 0.570406

-0.859619 0.570406
-0.859314 0.570643

-0.859314 0.570644
-0.859268 0.570679

-0.859269 0.570679
-0.859009 0.57088

-0.859009 0.570881
-0.858874 0.570984

-0.858876 0.570984
-0.858704 0.571117

-0.858704 0.571118
-0.858483 0.571289

-0.858482 0.571289
-0.858398 0.571353

-0.858398 0.571354
-0.858093 0.571591

-0.858093 0.571591
-0.858089 0.571594

-0.858089 0.571594
-0.857788 0.571828

-0.857788 0.571829
-0.857696 0.571899

-0.857696 0.571899
-0.857483 0.572065

-0.857483 0.572065
-0.857303 0.572205

-0.857304 0.572205
-0.857178 0.572301

-0.857178 0.572302
-0.85691 0.57251

-0.856909 0.57251
-0.856873 0.572538

-0.856873 0.572539
-0.856567 0.572776

-0.856567 0.572776
-0.856516 0.572815

-0.856517 0.572815
-0.856262 0.573012

-0.856262 0.573013
-0.856122 0.57312

-0.856124 0.57312
-0.855957 0.573249

-0.855957 0.573249
-0.85573 0.573425

-0.85573 0.573425
-0.855652 0.573485

-0.855652 0.573486
-0.855347 0.573722

-0.855347 0.573723
-0.855336 0.57373

-0.855336 0.57373
-0.855042 0.573959

-0.855042 0.57396
-0.854942 0.574036

-0.854943 0.574036
-0.854736 0.574196

-0.854736 0.574196
-0.854549 0.574341

-0.85455 0.574341
-0.854431 0.574431

-0.854431 0.574433
-0.854156 0.574646

-0.854155 0.574646
-0.854126 0.574668

-0.854126 0.574669
-0.853821 0.574906

-0.853821 0.574906
-0.853762 0.574951

-0.853762 0.574951
-0.853516 0.575142

-0.853516 0.575143
-0.853367 0.575256

-0.853369 0.575256
-0.85321 0.575378

-0.85321 0.575379
-0.852975 0.575562

-0.852974 0.575562
-0.852905 0.575614

-0.852905 0.575615
-0.8526 0.575852

-0.8526 0.575852
-0.852581 0.575867

-0.852581 0.575867
-0.852295 0.576088

-0.852295 0.576089
-0.852186 0.576172

-0.852187 0.576172
-0.85199 0.576325

-0.85199 0.576325
-0.851793 0.576477

-0.851793 0.576477
-0.851685 0.57656

-0.851685 0.576561
-0.851399 0.576782

-0.851399 0.576782
-0.851379 0.576797

-0.851379 0.576797
-0.851074 0.577034

-0.851074 0.577034
-0.851005 0.577087

-0.851005 0.577087
-0.850769 0.57727

-0.850769 0.577271
-0.85061 0.577393

-0.850612 0.577393
-0.850464 0.577506

-0.850464 0.577507
-0.850217 0.577698

-0.850216 0.577698
-0.850159 0.577742

-0.850159 0.577743
-0.849854 0.577979

-0.849854 0.577979
-0.849823 0.578003

-0.849823 0.578003
-0.849548 0.578215

-0.849548 0.578216
-0.849427 0.578308

-0.849429 0.578308
-0.849243 0.578451

-0.849243 0.578452
-0.849034 0.578613

-0.849034 0.578613
-0.848938 0.578687

-0.848938 0.578688
-0.84864 0.578918

-0.84864 0.578918
-0.848633 0.578924

-0.848633 0.578924
-0.848328 0.57916

-0.848328 0.57916
-0.848245 0.579224

-0.848246 0.579224
-0.848022 0.579396

-0.848022 0.579397
-0.847851 0.579529

-0.847852 0.579529
-0.847717 0.579631

-0.847717 0.579632
-0.847457 0.579834

-0.847456 0.579834
-0.847412 0.579868

-0.847412 0.579868
-0.847107 0.580105

-0.847107 0.580105
-0.847062 0.580139

-0.847062 0.580139
-0.846802 0.580341

-0.846802 0.580341
-0.846666 0.580444

-0.846668 0.580444
-0.846497 0.580576

-0.846497 0.580577
-0.846273 0.58075

-0.846273 0.58075
-0.846191 0.580812

-0.846191 0.580813
-0.845886 0.581049

-0.845886 0.581049
-0.845878 0.581055

-0.845878 0.581055
-0.845581 0.581285

-0.845581 0.581285
-0.845483 0.58136

-0.845484 0.58136
-0.845276 0.58152

-0.845276 0.581521
-0.845089 0.581665

-0.84509 0.581665
-0.844971 0.581755

-0.844971 0.581756
-0.844694 0.58197

-0.844693 0.58197
-0.844666 0.581992

-0.844666 0.581992
-0.84436 0.582228

-0.84436 0.582228
-0.844299 0.582275

-0.844299 0.582275
-0.844055 0.582464

-0.844055 0.582465
-0.843903 0.582581

-0.843905 0.582581
-0.84375 0.582699

-0.84375 0.5827
-0.843509 0.582886

-0.843509 0.582886
-0.843445 0.582935

-0.843445 0.582936
-0.84314 0.583171

-0.84314 0.583171
-0.843114 0.583191

-0.843114 0.583191
-0.842834 0.583407

-0.842834 0.583408
-0.842718 0.583496

-0.84272 0.583496
-0.842529 0.583643

-0.842529 0.583643
-0.842324 0.583801

-0.842324 0.583801
-0.842224 0.583877

-0.842224 0.583879
-0.841929 0.584106

-0.841929 0.584106
-0.841919 0.584114

-0.841919 0.584114
-0.841614 0.58435

-0.841614 0.58435
-0.841533 0.584412

-0.841534 0.584412
-0.841309 0.584586

-0.841309 0.584586
-0.841138 0.584717

-0.84114 0.584717
-0.841003 0.58482

-0.841003 0.584821
-0.840743 0.585022

-0.840743 0.585022
-0.840698 0.585056

-0.840698 0.585057
-0.840393 0.585292

-0.840393 0.585293
-0.840348 0.585327

-0.840348 0.585327
-0.840088 0.585528

-0.840088 0.585529
-0.839951 0.585632

-0.839953 0.585632
-0.839783 0.585763

-0.839783 0.585764
-0.839557 0.585938

-0.839557 0.585938
-0.839478 0.585998

-0.839478 0.585999
-0.839172 0.586234

-0.839172 0.586235
-0.839162 0.586243

-0.839162 0.586243
-0.838867 0.58647

-0.838867 0.58647
-0.838765 0.586548

-0.838766 0.586548
-0.838562 0.586705

-0.838562 0.586706
-0.838371 0.586853

-0.838371 0.586853
-0.838257 0.58694

-0.838257 0.586941
-0.837975 0.587158

-0.837975 0.587158
-0.837952 0.587176

-0.837952 0.587176
-0.837646 0.587412

-0.837646 0.587412
-0.837579 0.587463

-0.83758 0.587463
-0.837341 0.587647

-0.837341 0.587648
-0.837183 0.587769

-0.837185 0.587769
-0.837036 0.587882

-0.837036 0.587883
-0.836788 0.588074

-0.836788 0.588074
-0.836731 0.588117

-0.836731 0.588118
-0.836426 0.588353

-0.836426 0.588353
-0.836392 0.588379

-0.836392 0.588379
-0.836121 0.588588

-0.836121 0.588589
-0.835995 0.588684

-0.835997 0.588684
-0.835815 0.588823

-0.835815 0.588824
-0.835601 0.588989

-0.835601 0.588989
-0.83551 0.589058

-0.83551 0.589059
-0.835205 0.589294

-0.835205 0.589294
-0.8349 0.589529

-0.8349 0.58953
-0.834808 0.5896

-0.834809 0.5896
-0.834595 0.589765

-0.834595 0.589765
-0.834413 0.589905

-0.834414 0.589905
-0.83429 0.589999

-0.83429 0.59
-0.834017 0.59021

-0.834016 0.59021
-0.833984 0.590234

-0.833984 0.590235
-0.833679 0.59047

-0.833679 0.59047
-0.83362 0.590515

-0.833621 0.590515
-0.833374 0.590705

-0.833374 0.590706
-0.833224 0.59082

-0.833225 0.59082
-0.833069 0.59094

-0.833069 0.59094
-0.832828 0.591125

-0.832828 0.591125
-0.832764 0.591174

-0.832764 0.591175
-0.832458 0.59141

-0.832458 0.59141
-0.832432 0.591431

-0.832432 0.591431
-0.832153 0.591645

-0.832153 0.591646
-0.832035 0.591736

-0.832036 0.591736
-0.831848 0.59188

-0.831848 0.591881
-0.83164 0.592041

-0.83164 0.592041
-0.831543 0.592114

-0.831543 0.592115
-0.831243 0.592346

-0.831243 0.592346
-0.831238 0.59235

-0.831238 0.59235
-0.830933 0.592585

-0.830933 0.592586
-0.830846 0.592651

-0.830847 0.592651
-0.830627 0.59282

-0.830627 0.592821
-0.83045 0.592957

-0.830451 0.592957
-0.830322 0.593054

-0.830322 0.593055
-0.830054 0.593262

-0.830053 0.593262
-0.830017 0.593289

-0.830017 0.59329
-0.829712 0.593525

-0.829712 0.593525
-0.829657 0.593567

-0.829658 0.593567
-0.829407 0.59376

-0.829407 0.59376
-0.82926 0.593872

-0.829262 0.593872
-0.829102 0.593994

-0.829102 0.593995
-0.828865 0.594177

-0.828864 0.594177
-0.828796 0.594229

-0.828796 0.59423
-0.828491 0.594464

-0.828491 0.594464
-0.828468 0.594482

-0.828468 0.594482
-0.828186 0.594699

-0.828186 0.5947
-0.82807 0.594788

-0.828071 0.594788
-0.827881 0.594934

-0.827881 0.594934
-0.827675 0.595093

-0.827675 0.595093
-0.827576 0.595168

-0.827576 0.595169
-0.827278 0.595398

-0.827277 0.595398
-0.827271 0.595403

-0.827271 0.595403
-0.826965 0.595638

-0.826965 0.595638
-0.82688 0.595703

-0.826881 0.595703
-0.82666 0.595873

-0.82666 0.595873
-0.826484 0.596008

-0.826485 0.596008
-0.826355 0.596106

-0.826355 0.596108
-0.826087 0.596313

-0.826087 0.596313
-0.82605 0.596342

-0.82605 0.596342
-0.825745 0.596577

-0.825745 0.596577
-0.82569 0.596619

-0.82569 0.596619
-0.825439 0.596812

-0.825439 0.596812
-0.825292 0.596924

-0.825294 0.596924
-0.825134 0.597046

-0.825134 0.597046
-0.824897 0.597229

-0.824896 0.597229
-0.824829 0.59728

-0.824829 0.597281
-0.824524 0.597515

-0.824524 0.597515
-0.824499 0.597534

-0.824499 0.597534
-0.824219 0.59775

-0.824219 0.597751
-0.824101 0.597839

-0.824103 0.597839
-0.823914 0.597984

-0.823914 0.597985
-0.823705 0.598145

-0.823705 0.598145
-0.823608 0.598218

-0.823608 0.598219
-0.823308 0.59845

-0.823308 0.59845
-0.823303 0.598453

-0.823303 0.598453
-0.822998 0.598688

-0.822998 0.598688
-0.82291 0.598755

-0.822911 0.598755
-0.822693 0.598922

-0.822693 0.598923
-0.822514 0.59906

-0.822515 0.59906
-0.822388 0.599156

-0.822388 0.599157
-0.822117 0.599365

-0.822116 0.599365
-0.822083 0.599391

-0.822083 0.599391
-0.821777 0.599626

-0.821777 0.599626
-0.821719 0.59967

-0.821719 0.59967
-0.821472 0.59986

-0.821472 0.599861
-0.821321 0.599976

