-1.67169 0.0
-1.67168 0.000610352

-1.67168 0.000610352
-1.67164 0.0012207

-1.67164 0.0012207
-1.67158 0.00183105

-1.67158 0.00183105
-1.6715 0.00244141

-1.6715 0.00244141
-1.67139 0.00305176

-1.67139 0.00305176
-1.67139 0.0030558

-1.67139 0.00305599
-1.67125 0.00366211

-1.67125 0.00366211
-1.67109 0.00427246

-1.67109 0.00427246
-1.6709 0.00488281

-1.6709 0.00488281
-1.67078 0.00523211

-1.67078 0.00523396
-1.67068 0.00549316

-1.67068 0.00549316
-1.67043 0.00610352

-1.67044 0.00610352
-1.67017 0.00668728

-1.67017 0.00669058
-1.67016 0.00671387

-1.67015 0.00671387
-1.66984 0.00732422

-1.66984 0.00732422
-1.66956 0.00781125

-1.66956 0.0078139
-1.66949 0.00793457

-1.66949 0.00793457
-1.66909 0.00854492

-1.66909 0.00854492
-1.66895 0.0087475

-1.66895 0.00874463
-1.66865 0.00915527

-1.66865 0.00915527
-1.66833 0.00954237

-1.66833 0.00954193
-1.66815 0.00976562

-1.66815 0.00976562
-1.66772 0.0102375

-1.66772 0.0102342
-1.66759 0.010376

-1.66759 0.010376
-1.66711 0.0108449

-1.66711 0.0108383
-1.66695 0.0109863

-1.66696 0.0109863
-1.6665 0.0113808

-1.6665 0.011377
-1.66622 0.0115967

-1.66623 0.0115967
-1.66589 0.0118526

-1.66589 0.0118508
-1.66537 0.012207

-1.66538 0.012207
-1.66528 0.0122694

-1.66528 0.0122693
-1.66467 0.0126392

-1.66467 0.0126359
-1.66433 0.0128174

-1.66434 0.0128174
-1.66406 0.0129653

-1.66406 0.0129616
-1.66345 0.0132443

-1.66345 0.0132431
-1.66299 0.0134277

-1.663 0.0134277
-1.66284 0.01349

-1.66284 0.0134875
-1.66223 0.0136943

-1.66223 0.0136938
-1.66162 0.0138652

-1.66162 0.0138646
-1.66101 0.0140027

-1.66101 0.0139981
-1.66078 0.0140381

-1.66082 0.0140381
-1.6604 0.014111

-1.6604 0.0141077
-1.65979 0.0141803

-1.65979 0.0141802
-1.65918 0.0142214

-1.65918 0.0142214
-1.65857 0.0142314

-1.65857 0.0142314
-1.65796 0.0142102

-1.65796 0.0142103
-1.65735 0.0141578

-1.65735 0.0141576
-1.65674 0.0140739

-1.65613 0.0139604
-1.65654 0.0140381

-1.65674 0.0140704
-1.65657 0.0140381

-1.65613 0.0139584
-1.65552 0.0138089

-1.6543 0.0134103
-1.65435 0.0134277

-1.65552 0.0138092
-1.65491 0.0136259

-1.65491 0.0136258
-1.65435 0.0134277

-1.64556 0.0
-1.64557 0.000610352

-1.64557 0.000610352
-1.6456 0.0012207

-1.6456 0.0012207
-1.64567 0.00183105

-1.64567 0.00183105
-1.64575 0.00244141

-1.64575 0.0024424
-1.64586 0.00305176

-1.64586 0.00305176
-1.646 0.00366211

-1.646 0.00366211
-1.64617 0.00427246

-1.64617 0.00427246
-1.64636 0.00488281

-1.64697 0.0064016
-1.64712 0.00671387

-1.64712 0.00671387
-1.64744 0.00732422

-1.64819 0.00853381
-1.6482 0.00854492

-1.6488 0.00934643
-1.64915 0.00976562

-1.6482 0.00854492
-1.64865 0.00915527

-1.6488 0.00934424
-1.64865 0.00915527

-1.64758 0.00756817
-1.6478 0.00793457

-1.64819 0.0085337
-1.6478 0.00793457

-1.64758 0.0075672
-1.64744 0.00732422

-1.64636 0.0048933
-1.64658 0.00549316

-1.64658 0.00549316
-1.64683 0.00610352

-1.64636 0.00489163
-1.64636 0.00488281

-1.64697 0.00640066
-1.64683 0.00610352

-1.65186 0.0121455
-1.65195 0.012207

-1.6543 0.0134096
-1.65369 0.0131539

-1.65369 0.0131529
-1.65308 0.0128585

-1.65247 0.0125263
-1.65299 0.0128174

-1.65308 0.0128516
-1.65301 0.0128174

-1.65247 0.0125238
-1.65196 0.012207

-1.65186 0.0121432
-1.65125 0.0117124

-1.65063 0.0112307
-1.65109 0.0115967

-1.65125 0.0117048
-1.6511 0.0115967

-1.65002 0.0106815
-1.65036 0.0109863

-1.64941 0.0100566
-1.64972 0.010376

-1.65002 0.0106744
-1.64972 0.010376

-1.65063 0.0112214
-1.65036 0.0109863

-1.64941 0.0100529
-1.64916 0.00976562

-1.61956 0.0
-1.61951 0.000256921

-1.61968 0.000610352
-1.61951 0.000854837

-1.61936 0.0
-1.61914 0.000610352

-1.61923 0.000610352
-1.6189 0.000941527

-1.6189 0.000824577
-1.61829 0.00119752

-1.61829 0.00115528
-1.61768 0.00121594

-1.61787 0.0012207
-1.61768 0.00123998

-1.61768 0.00120085
-1.61707 0.0010565

-1.61646 0.0
-1.6166 0.000610352

-1.61646 0.000688371
-1.61702 0.0012207

-1.61768 0.00124889
-1.61752 0.0012207

-1.61707 0.00122642
-1.61705 0.0012207

-1.61646 0.000252728
-1.6163 0.0

-1.61646 0.0006916
-1.61637 0.000610352

-1.61584 7.85622e-05
-1.61523 0.000608414

-1.61523 0.000225942
-1.61462 0.000448799

-1.61462 0.00044248
-1.61405 0.000610352

-1.61405 0.000610352
-1.61401 0.000616205

-1.61401 0.000516075
-1.6134 0.000518751

-1.6134 0.000530594
-1.61279 0.000539128

-1.61279 0.000522833
-1.61218 0.000529062

-1.61218 0.000537577
-1.61157 0.000544602

-1.61157 0.00052513
-1.61096 0.000540815

-1.61096 0.000557876
-1.61035 0.000555671

-1.61035 0.00052501
-1.60974 0.000536526

-1.60974 0.00056687
-1.60913 0.000569709

-1.60913 0.000548355
-1.60852 0.00051886

-1.60852 0.000526494
-1.60791 0.000551095

-1.60791 0.000566897
-1.6073 0.00054952

-1.6073 0.000526835
-1.60669 0.000516001

-1.60669 0.000545322
-1.60608 0.000549427

-1.60608 0.000523421
-1.60547 0.000527624

-1.60547 0.000563295
-1.60486 0.000539859

-1.60486 0.000509178
-1.60425 0.000494995

-1.60425 0.000571775
-1.60364 0.000503013

-1.60364 0.000438099
-1.60303 0.000428549

-1.60303 0.000581209
-1.60242 0.000474478

-1.60242 0.000250319
-1.60181 0.000404569

-1.60181 0.000279202
-1.6016 0.000610352

-1.60176 0.000610352
-1.6012 0.00116196

-1.6012 0.00121476
-1.60119 0.0012207

-1.60128 0.0012207
-1.6012 0.0013027

-1.6012 0.00128956
-1.60059 0.00162862

-1.59937 0.00118099
-1.59941 0.0012207

-1.60059 0.00157871
-1.59998 0.00152342

-1.59998 0.0015341
-1.59947 0.0012207

-1.59887 0.0
-1.599 0.000610352

-1.59937 0.00115432
-1.59896 0.000610352

-1.59571 0.000610352
-1.5957 0.000616089

-1.59544 0.0
-1.59509 0.000585528

-1.59509 0.000378958
-1.59448 0.000491976

-1.59448 0.000459684
-1.59387 2.65777e-05

-1.59387 0.000229745
-1.59326 0.000121958

-1.59326 0.000244918
-1.59265 0.000148173

-1.59265 0.000275331
-1.59204 1.61871e-06

-1.59204 0.000229708
-1.59146 0.0

-1.59143 0.000330324
-1.59113 0.0

-1.59082 0.000147048
-1.59076 0.0

-1.58876 0.0
-1.58869 0.000610352

-1.5887 0.000610352
-1.58848 0.0012207

-1.58849 0.0012207
-1.58838 0.00140784

-1.58838 0.00139606
-1.58807 0.00183105

-1.58814 0.00183105
-1.58777 0.00217338

-1.58777 0.0021088
-1.58719 0.00244141

-1.58718 0.00244141
-1.58716 0.00245052

-1.58716 0.00244832
-1.58655 0.00260878

-1.58655 0.00260436
-1.58594 0.0026066

-1.58472 0.00212671
-1.58526 0.00244141

-1.58366 0.0
-1.58373 0.000610352

-1.58372 0.000610352
-1.58396 0.0012207

-1.58411 0.0014873
-1.58437 0.00183105

-1.58472 0.00211421
-1.5844 0.00183105

-1.58411 0.0013863
-1.584 0.0012207

-1.58594 0.00260921
-1.58533 0.00245685

-1.57786 0.0
-1.57739 0.000535324

-1.57739 0.000260349
-1.57678 0.00024708

-1.57678 0.000247881
-1.57617 0.000147424

-1.57615 0.0
-1.57556 0.000426736

-1.57556 0.000452316
-1.57495 0.000455227

-1.57495 0.000459732
-1.5744 0.0

-1.57434 0.000233263
-1.57373 0.000100446

-1.57373 0.00037579
-1.57322 0.0

-1.57275 0.0
-1.57251 0.000199502

-1.57251 5.65702e-06
-1.5719 0.000610352

-1.57192 0.000610352
-1.5719 0.000615757

-1.5719 0.000521517
-1.57129 0.000244403

-1.5719 0.000610952
-1.5719 0.000610352

-1.57129 0.000382801
-1.57089 0.0

-1.57058 0.0
-1.57007 0.000329491

-1.57007 0.000178009
-1.56946 0.000364537

-1.56946 0.000550309
-1.56895 0.0

-1.56878 0.0
-1.56824 1.47299e-05

-1.56817 0.0
-1.56763 0.000533778

-1.56763 0.000173671
-1.56702 0.000316913

-1.56702 0.000234271
-1.56641 0.000400041

-1.56641 0.000556977
-1.5658 0.000157561

-1.5658 1.54158e-05
-1.56519 0.000135812

-1.56519 0.000286662
-1.56458 0.000549741

-1.56458 0.000512298
-1.564 0.0

-1.56396 0.000419939
-1.56363 0.0

-1.56301 0.0
-1.56274 0.000144218

-1.56262 0.0
-1.56213 0.000452527

-1.56213 0.000179261
-1.56152 0.000265475

-1.56152 4.81825e-05
-1.56091 0.000392493

-1.56091 0.000514705
-1.5603 0.000340131

-1.5603 0.000205619
-1.55969 9.52849e-06

-1.55969 0.000104396
-1.55908 0.000543436

-1.55908 0.000487592
-1.55847 0.000271922

-1.55847 0.000482118
-1.55803 0.0

-1.55769 0.0
-1.55725 0.000234491

-1.55725 0.000123497
-1.55664 0.000451662

-1.55664 0.000577143
-1.55612 0.0

-1.54947 0.0
-1.54933 0.000610352

-1.54935 0.000610352
-1.54932 0.000673631

-1.54932 0.0007011
-1.54885 0.0012207

-1.5488 0.0012207
-1.54871 0.00128856

-1.54871 0.00129754
-1.5481 0.00154386

-1.5481 0.00152615
-1.54749 0.00151391

-1.54749 0.00156097
-1.54688 0.00123147

-1.54653 0.0
-1.54664 0.000610352

-1.5464 0.000610352
-1.54685 0.0012207

-1.54626 0.00034574
-1.54565 1.08655e-05

-1.54688 0.00123895
-1.54685 0.0012207

-1.54565 0.000121094
-1.54504 0.000382857

-1.54504 0.000243338
-1.54443 0.000400355

-1.54443 0.00033419
-1.54382 0.000385048

-1.54382 0.000355973
-1.54321 0.000365594

-1.54321 0.000363749
-1.5426 0.00037071

-1.5426 0.000364589
-1.54199 0.000368091

-1.54199 0.000368738
-1.54138 0.000371345

-1.54138 0.00036808
-1.54077 0.000368801

-1.54077 0.000370328
-1.54016 0.000370919

-1.54016 0.000369469
-1.53955 0.000368366

-1.53955 0.000368805
-1.53894 0.000370661

-1.53894 0.000369761
-1.53833 0.000371071

-1.53833 0.000372566
-1.53772 0.000369018

-1.53772 0.000368283
-1.53711 0.000366815

-1.53711 0.000369785
-1.5365 0.000369433

-1.5365 0.00036897
-1.53589 0.00036556

-1.53589 0.000368096
-1.53528 0.000365643

-1.53528 0.000367963
-1.53467 0.00036264

-1.53467 0.000398824
-1.53406 0.000326425

-1.53406 0.000310398
-1.53345 0.000309457

-1.53345 0.000401929
-1.53284 0.000321939

-1.53284 0.000547433
-1.53227 0.0

-1.5321 0.0
-1.53162 0.000155504

-1.53162 0.000200762
-1.53101 0.000457947

-1.53101 0.000567978
-1.5306 0.0

-1.52658 0.0
-1.52649 0.000610352

-1.52651 0.000610352
-1.52619 0.0012207

-1.52618 0.0012207
-1.52612 0.00129837

-1.52612 0.00133576
-1.52558 0.00183105

-1.52551 0.00183815
-1.5249 0.00207358

-1.5249 0.00206684
-1.52429 0.00209743

-1.52429 0.00210339
-1.52368 0.00193069

-1.52246 0.000169538
-1.52253 0.000610352

-1.52251 0.000610352
-1.52283 0.0012207

-1.52307 0.00150787
-1.52349 0.00183105

-1.52368 0.00194185
-1.5235 0.00183105

-1.52307 0.00152648
-1.52281 0.0012207

-1.52246 0.000169501
-1.52243 0.0

-1.49318 0.0
-1.49316 4.05545e-05

-1.49316 3.09699e-05
-1.49268 0.000610352

-1.49255 0.000452333
-1.49194 0.000551542

-1.49194 0.000473131
-1.49133 0.000484711

-1.49133 0.000517007
-1.49072 0.000510025

-1.49133 0.000610457
-1.49131 0.000610352

-1.49072 0.000474135
-1.49011 0.000469743

-1.49011 0.000609544
-1.4895 0.000408704

-1.49011 0.000610864
-1.49011 0.000610352

-1.48901 0.0
-1.48944 0.000610352

-1.4895 0.000626492
-1.48947 0.000610352

-1.48889 4.46092e-05
-1.48883 0.0

-1.48807 0.0
-1.48767 0.000506325

-1.48767 0.000477357
-1.48706 1.72716e-05

-1.48706 1.73905e-05
-1.48705 0.0

-1.31738 0.0556781
-1.31748 0.0558472

-1.31748 0.0558472
-1.31764 0.0561523

-1.3186 0.0580824
-1.3187 0.0582886

-1.3187 0.0582886
-1.31883 0.0585938

-1.31799 0.0568193
-1.31812 0.0570679

-1.31812 0.0570679
-1.31827 0.057373

-1.31769 0.0562353
-1.31781 0.0564575

-1.31781 0.0564575
-1.31796 0.0567627

-1.31769 0.0562351
-1.31764 0.0561523

-1.31799 0.0568191
-1.31796 0.0567627

-1.3183 0.0574337
-1.31842 0.0576782

-1.31842 0.0576782
-1.31856 0.0579834

-1.3183 0.0574334
-1.31827 0.057373

-1.3186 0.0580822
-1.31856 0.0579834

-1.31616 0.0536676
-1.31619 0.0537109

-1.31525 0.0523432
-1.31535 0.0524902

-1.31494 0.0519295
-1.31513 0.0521851

-1.31525 0.0523439
-1.31513 0.0521851

-1.31555 0.0527707
-1.31557 0.0527954

-1.31557 0.0527954
-1.31578 0.0531006

-1.31586 0.053212
-1.31599 0.0534058

-1.31616 0.0536683
-1.31599 0.0534058

-1.31586 0.0532124
-1.31578 0.0531006

-1.31555 0.0527701
-1.31535 0.0524902

-1.31433 0.0511371
-1.31443 0.0512695

-1.31372 0.0503902
-1.31394 0.0506592

-1.31403 0.050759
-1.31419 0.0509644

-1.31433 0.051139
-1.31419 0.0509644

-1.31403 0.0507597
-1.31394 0.0506592

-1.31342 0.0500315
-1.31343 0.0500488

-1.31311 0.0496812
-1.31317 0.0497437

-1.31342 0.0500306
-1.31317 0.0497437

-1.31281 0.0493393
-1.31289 0.0494385

-1.3125 0.0490056
-1.31262 0.0491333

-1.31281 0.0493399
-1.31262 0.0491333

-1.31311 0.0496807
-1.3129 0.0494385

-1.31343 0.0500488
-1.31369 0.050354

-1.31372 0.05039
-1.31369 0.050354

-1.31464 0.0515285
-1.31467 0.0515747

-1.31467 0.0515747
-1.3149 0.0518799

-1.31464 0.0515279
-1.31444 0.0512695

-1.31494 0.0519295
-1.3149 0.0518799

-1.31677 0.0546329
-1.31695 0.0549316

-1.31647 0.0541421
-1.31658 0.0543213

-1.31619 0.0537109
-1.31639 0.0540161

-1.31647 0.0541422
-1.31639 0.0540161

-1.31658 0.0543213
-1.31677 0.0546265

-1.31677 0.0546328
-1.31677 0.0546265

-1.31708 0.0551448
-1.31713 0.0552368

-1.31713 0.0552368
-1.31731 0.055542

-1.31708 0.0551449
-1.31695 0.0549316

-1.31738 0.0556782
-1.31731 0.055542

-1.31982 0.0611413
-1.31989 0.0613403

-1.31989 0.0613403
-1.31999 0.0616455

-1.32013 0.0620723
-1.32019 0.0622559

-1.31999 0.0616455
-1.32009 0.0619507

-1.32013 0.062072
-1.32009 0.0619507

-1.32043 0.0631045
-1.32045 0.0631714

-1.32045 0.0631714
-1.32054 0.0634766

-1.32019 0.0622559
-1.32028 0.062561

-1.32028 0.062561
-1.32037 0.0628662

-1.32043 0.0631044
-1.32037 0.0628662

-1.31921 0.0595024
-1.31922 0.0595093

-1.31922 0.0595093
-1.31934 0.0598145

-1.31891 0.0587702
-1.31896 0.0588989

-1.31896 0.0588989
-1.31909 0.0592041

-1.31891 0.0587702
-1.31883 0.0585938

-1.31921 0.0595024
-1.31909 0.0592041

-1.31952 0.0602901
-1.31957 0.0604248

-1.31934 0.0598145
-1.31946 0.0601196

-1.31952 0.0602901
-1.31946 0.0601196

-1.31957 0.0604248
-1.31968 0.06073

-1.31968 0.06073
-1.31979 0.0610352

-1.31982 0.061141
-1.31979 0.0610352

-1.32104 0.0656381
-1.3211 0.065918

-1.32054 0.0634766
-1.32062 0.0637817

-1.32062 0.0637817
-1.32069 0.0640869

-1.32074 0.0642738
-1.32077 0.0643921

-1.32077 0.0643921
-1.32084 0.0646973

-1.32074 0.0642736
-1.32069 0.0640869

-1.32084 0.0646973
-1.32091 0.0650024

-1.32091 0.0650024
-1.32098 0.0653076

-1.32098 0.0653076
-1.32104 0.0656128

-1.32104 0.0656376
-1.32104 0.0656128

-1.3211 0.065918
-1.32116 0.0662231

-1.32116 0.0662231
-1.32122 0.0665283

-1.32122 0.0665283
-1.32127 0.0668335

-1.32127 0.0668335
-1.32132 0.0671387

-1.32135 0.0673254
-1.32137 0.0674438

-1.32137 0.0674438
-1.32142 0.067749

-1.32135 0.0673248
-1.32132 0.0671387

-1.32142 0.067749
-1.32146 0.0680542

-1.32146 0.0680542
-1.3215 0.0683594

-1.3215 0.0683594
-1.32154 0.0686646

-1.32154 0.0686646
-1.32158 0.0689697

-1.32158 0.0689697
-1.32161 0.0692749

-1.32161 0.0692749
-1.32164 0.0695801

-1.32166 0.069694
-1.32167 0.0698853

-1.32167 0.0698853
-1.3217 0.0701904

-1.3217 0.0701904
-1.32173 0.0704956

-1.32173 0.0704956
-1.32175 0.0708008

-1.32166 0.0696931
-1.32164 0.0695801

-1.32175 0.0708008
-1.32177 0.071106

-1.32177 0.071106
-1.32179 0.0714111

-1.32179 0.0714111
-1.32181 0.0717163

-1.32181 0.0717163
-1.32183 0.0720215

-1.32183 0.0720215
-1.32184 0.0723267

-1.32184 0.0723267
-1.32185 0.0726318

-1.32185 0.0726318
-1.32186 0.072937

-1.32186 0.072937
-1.32187 0.0732422

-1.32187 0.0732422
-1.32187 0.0735474

-1.32187 0.0735474
-1.32188 0.0738525

-1.32188 0.0738525
-1.32188 0.0741577

-1.32188 0.0741577
-1.32188 0.0744629

-1.32188 0.0744629
-1.32188 0.0747681

-1.32188 0.0747681
-1.32188 0.0750732

-1.32188 0.0750732
-1.32187 0.0753784

-1.32187 0.0753784
-1.32186 0.0756836

-1.32186 0.0756836
-1.32186 0.0759888

-1.32186 0.0759888
-1.32184 0.0762939

-1.32184 0.0762939
-1.32183 0.0765991

-1.32183 0.0765991
-1.32182 0.0769043

-1.32182 0.0769043
-1.3218 0.0772095

-1.3218 0.0772095
-1.32179 0.0775146

-1.32179 0.0775146
-1.32177 0.0778198

-1.32177 0.0778198
-1.32175 0.078125

-1.32175 0.078125
-1.32173 0.0784302

-1.32173 0.0784302
-1.3217 0.0787354

-1.3217 0.0787354
-1.32168 0.0790405

-1.32168 0.0790405
-1.32166 0.0792816

-1.32166 0.0792806
-1.32165 0.0793457

-1.32165 0.0793457
-1.32162 0.0796509

-1.32162 0.0796509
-1.32159 0.0799561

-1.32159 0.0799561
-1.32156 0.0802612

-1.32156 0.0802612
-1.32153 0.0805664

-1.32153 0.0805664
-1.32149 0.0808716

-1.32149 0.0808716
-1.32146 0.0811768

-1.32146 0.0811768
-1.32142 0.0814819

-1.32142 0.0814819
-1.32138 0.0817871

-1.32138 0.0817871
-1.32135 0.0820265

-1.32135 0.0820259
-1.32134 0.0820923

-1.32134 0.0820923
-1.3213 0.0823975

-1.3213 0.0823975
-1.32126 0.0827026

-1.32126 0.0827026
-1.32121 0.0830078

-1.32121 0.0830078
-1.32117 0.083313

-1.32117 0.083313
-1.32112 0.0836182

-1.32112 0.0836182
-1.32107 0.0839233

-1.32107 0.0839233
-1.32104 0.0840882

-1.32104 0.0840877
-1.32102 0.0842285

-1.32102 0.0842285
-1.32097 0.0845337

-1.32097 0.0845337
-1.32092 0.0848389

-1.32092 0.0848389
-1.32086 0.085144

-1.32086 0.085144
-1.32081 0.0854492

-1.32081 0.0854492
-1.32075 0.0857544

-1.32075 0.0857544
-1.32074 0.085829

-1.32074 0.0858286
-1.3207 0.0860596

-1.3207 0.0860596
-1.32064 0.0863647

-1.32064 0.0863647
-1.32058 0.0866699

-1.32058 0.0866699
-1.32052 0.0869751

-1.32052 0.0869751
-1.32045 0.0872803

-1.32045 0.0872803
-1.32043 0.0873722

-1.32043 0.0873719
-1.32039 0.0875854

-1.32039 0.0875854
-1.32033 0.0878906

-1.32033 0.0878906
-1.32026 0.0881958

-1.32026 0.0881958
-1.32019 0.088501

-1.32019 0.088501
-1.32013 0.0887786

-1.32013 0.0887783
-1.32012 0.0888062

-1.32012 0.0888062
-1.32005 0.0891113

-1.32005 0.0891113
-1.31998 0.0894165

-1.31998 0.0894165
-1.31991 0.0897217

-1.31991 0.0897217
-1.31984 0.0900269

-1.31984 0.0900269
-1.31982 0.0900826

-1.31982 0.0900823
-1.31976 0.090332

-1.31976 0.090332
-1.31969 0.0906372

-1.31969 0.0906372
-1.31961 0.0909424

-1.31961 0.0909424
-1.31953 0.0912476

-1.31953 0.0912476
-1.31952 0.0913063

-1.31952 0.091306
-1.31946 0.0915527

-1.31946 0.0915527
-1.31938 0.0918579

-1.31938 0.0918579
-1.31929 0.0921631

-1.31929 0.0921631
-1.31921 0.092465

-1.31921 0.0924647
-1.31921 0.0924683

-1.31921 0.0924683
-1.31913 0.0927734

-1.31913 0.0927734
-1.31905 0.0930786

-1.31905 0.0930786
-1.31896 0.0933838

-1.31896 0.0933838
-1.31891 0.0935692

-1.31891 0.093569
-1.31887 0.093689

-1.31887 0.093689
-1.31879 0.0939941

-1.31879 0.0939941
-1.3187 0.0942993

-1.3187 0.0942993
-1.31861 0.0946045

-1.31861 0.0946045
-1.3186 0.0946283

-1.3186 0.094628
-1.31852 0.0949097

-1.31852 0.0949097
-1.31843 0.0952148

-1.31843 0.0952148
-1.31834 0.09552

-1.31834 0.09552
-1.3183 0.0956468

-1.3183 0.0956467
-1.31824 0.0958252

-1.31824 0.0958252
-1.31815 0.0961304

-1.31815 0.0961304
-1.31805 0.0964355

-1.31805 0.0964355
-1.31799 0.0966311

-1.31799 0.096631
-1.31796 0.0967407

-1.31796 0.0967407
-1.31786 0.0970459

-1.31786 0.0970459
-1.31776 0.0973511

-1.31776 0.0973511
-1.31769 0.0975849

-1.31769 0.0975847
-1.31766 0.0976562

-1.31766 0.0976562
-1.31757 0.0979614

-1.31757 0.0979614
-1.31746 0.0982666

-1.31746 0.0982666
-1.31738 0.0985113

-1.31738 0.0985112
-1.31736 0.0985718

-1.31736 0.0985718
-1.31726 0.098877

-1.31726 0.098877
-1.31716 0.0991821

-1.31716 0.0991821
-1.31708 0.0994131

-1.31708 0.0994129
-1.31705 0.0994873

-1.31705 0.0994873
-1.31695 0.0997925

-1.31695 0.0997925
-1.31684 0.100098

-1.31684 0.100098
-1.31677 0.100293

-1.31677 0.100293
-1.31673 0.100403

-1.31673 0.100403
-1.31663 0.100708

-1.31663 0.100708
-1.31652 0.101013

-1.31652 0.101013
-1.31647 0.101152

-1.31647 0.101152
-1.31641 0.101318

-1.31641 0.101318
-1.3163 0.101624

-1.3163 0.101624
-1.31619 0.101929

-1.31619 0.101929
-1.31616 0.101993

-1.31616 0.101993
-1.31607 0.102234

-1.31607 0.102234
-1.31596 0.102539

-1.31596 0.102539
-1.31586 0.102817

-1.31586 0.102816
-1.31585 0.102844

-1.31585 0.102844
-1.31573 0.103149

-1.31573 0.103149
-1.31562 0.103455

-1.31562 0.103455
-1.31555 0.103624

-1.31555 0.103624
-1.3155 0.10376

-1.3155 0.10376
-1.31538 0.104065

-1.31538 0.104065
-1.31527 0.10437

-1.31527 0.10437
-1.31525 0.104418

-1.31525 0.104418
-1.31515 0.104675

-1.31515 0.104675
-1.31503 0.10498

-1.31503 0.10498
-1.31494 0.105197

-1.31494 0.105197
-1.31491 0.105286

-1.31491 0.105286
-1.31479 0.105591

-1.31479 0.105591
-1.31466 0.105896

-1.31466 0.105896
-1.31464 0.105964

-1.31464 0.105964
-1.31454 0.106201

-1.31454 0.106201
-1.31442 0.106506

-1.31442 0.106506
-1.31433 0.106719

-1.31433 0.106719
-1.31429 0.106812

-1.31429 0.106812
-1.31417 0.107117

-1.31417 0.107117
-1.31404 0.107422

-1.31404 0.107422
-1.31403 0.107463

-1.31403 0.107463
-1.31392 0.107727

-1.31392 0.107727
-1.31379 0.108032

-1.31379 0.108032
-1.31372 0.108196

-1.31372 0.108196
-1.31366 0.108337

-1.31366 0.108337
-1.31353 0.108643

-1.31353 0.108643
-1.31342 0.108919

-1.31342 0.108919
-1.3134 0.108948

-1.3134 0.108948
-1.31327 0.109253

-1.31327 0.109253
-1.31314 0.109558

-1.31314 0.109558
-1.31311 0.109633

-1.31311 0.109633
-1.31301 0.109863

-1.31301 0.109863
-1.31288 0.110168

-1.31288 0.110168
-1.31281 0.110338

-1.31281 0.110338
-1.31275 0.110474

-1.31275 0.110474
-1.31261 0.110779

-1.31261 0.110779
-1.3125 0.111034

-1.29907 0.0389248
-1.29932 0.0390625

-1.29907 0.0389247
-1.29877 0.0387583

-1.29846 0.0385939
-1.29876 0.0387573

-1.29877 0.0387584
-1.29877 0.0387573

-1.29816 0.0384313
-1.2982 0.0384521

-1.29816 0.038431
-1.29785 0.0382698

-1.29846 0.0385937
-1.2982 0.0384521

-1.29694 0.0377961
-1.29703 0.0378418

-1.29694 0.0377959
-1.29663 0.037641

-1.29755 0.0381105
-1.29762 0.038147

-1.29785 0.0382696
-1.29762 0.038147

-1.29755 0.0381102
-1.29724 0.0379523

-1.29724 0.0379521
-1.29703 0.0378418

-1.29633 0.0374879
-1.29642 0.0375366

-1.29663 0.0376408
-1.29642 0.0375366

-1.29633 0.0374877
-1.29602 0.0373358

-1.29572 0.0371856
-1.29581 0.0372314

-1.29572 0.0371854
-1.29541 0.0370364

-1.29602 0.0373356
-1.29581 0.0372314

-1.29449 0.0365977
-1.29454 0.0366211

-1.29449 0.0365975
-1.29419 0.0364539

-1.29388 0.0363118
-1.29389 0.0363159

-1.29419 0.0364537
-1.29389 0.0363159

-1.29388 0.0363115
-1.29358 0.0361704

-1.29297 0.0358918
-1.29323 0.0360107

-1.29358 0.0361703
-1.29327 0.0360304

-1.29327 0.0360304
-1.29323 0.0360107

-1.2951 0.0368889
-1.29518 0.0369263

-1.29541 0.0370362
-1.29518 0.0369263

-1.2951 0.0368887
-1.2948 0.0367424

-1.2948 0.0367423
-1.29454 0.0366211

-1.2887 0.0340654
-1.28898 0.0341797

-1.2887 0.0340653
-1.28839 0.0339423

-1.28809 0.0338204
-1.28822 0.0338745

-1.28839 0.0339423
-1.28822 0.0338745

-1.29175 0.0353489
-1.29187 0.0354004

-1.29297 0.0358918
-1.29266 0.0357542

-1.29236 0.035618
-1.29255 0.0357056

-1.29266 0.0357542
-1.29255 0.0357056

-1.29236 0.035618
-1.29205 0.0354827

-1.29205 0.0354826
-1.29187 0.0354004

-1.29175 0.0353487
-1.29144 0.0352157

-1.29114 0.0350841
-1.29116 0.0350952

-1.29144 0.0352156
-1.29116 0.0350952

-1.29114 0.0350839
-1.29083 0.0349531

-1.29083 0.0349529
-1.29053 0.0348231

-1.29022 0.0346945
-1.29045 0.03479

-1.29022 0.0346944
-1.28992 0.0345666

-1.29053 0.0348231
-1.29045 0.03479

-1.28961 0.0344401
-1.28972 0.0344849

-1.28992 0.0345666
-1.28972 0.0344849

-1.28961 0.0344399
-1.28931 0.0343141

-1.28931 0.034314
-1.289 0.0341892

-1.289 0.0341892
-1.28898 0.0341797

-1.28809 0.0338203
-1.28778 0.0336991

-1.28778 0.033699
-1.28748 0.0335787

-1.28717 0.0334594
-1.28745 0.0335693

-1.28717 0.0334594
-1.28687 0.0333407

-1.28748 0.0335788
-1.28745 0.0335693

-1.28564 0.0328747
-1.28587 0.032959

-1.28656 0.0332231
-1.28667 0.0332642

-1.28687 0.0333407
-1.28667 0.0332642

-1.28656 0.0332231
-1.28625 0.0331061

-1.28625 0.033106
-1.28595 0.0329899

-1.28595 0.0329899
-1.28587 0.032959

-1.28564 0.0328747
-1.28534 0.0327601

-1.28503 0.0326466
-1.28505 0.0326538

-1.28534 0.03276
-1.28505 0.0326538

-1.28503 0.0326464
-1.28473 0.0325334

-1.28473 0.0325334
-1.28442 0.0324211

-1.28412 0.0323098
-1.28423 0.0323486

-1.28412 0.0323097
-1.28381 0.0321989

-1.28442 0.032421
-1.28423 0.0323486

-1.28381 0.0321988
-1.28351 0.0320888

-1.2832 0.0319796
-1.28338 0.0320435

-1.28351 0.0320888
-1.28338 0.0320435

-1.27496 0.0292632
-1.27507 0.0292969

-1.27496 0.0292632
-1.27466 0.0291703

-1.27466 0.0291702
-1.27435 0.0290778

-1.27405 0.028986
-1.27407 0.0289917

-1.27435 0.0290778
-1.27407 0.0289917

-1.27405 0.028986
-1.27374 0.0288945

-1.27374 0.0288945
-1.27344 0.0288035

-1.28229 0.0316557
-1.28252 0.0317383

-1.28229 0.0316556
-1.28198 0.031549

-1.28198 0.031549
-1.28168 0.0314431

-1.28137 0.0313378
-1.28165 0.0314331

-1.28168 0.0314431
-1.28165 0.0314331

-1.28137 0.0313378
-1.28107 0.0312331

-1.28107 0.0312331
-1.28076 0.0311291

-1.2832 0.0319795
-1.2829 0.0318708

-1.2829 0.0318708
-1.28259 0.0317628

-1.28259 0.0317629
-1.28252 0.0317383

-1.28046 0.0310258
-1.28076 0.0311279

-1.28046 0.0310258
-1.28015 0.0309229

-1.28076 0.0311291
-1.28076 0.0311279

-1.27985 0.030821
-1.27985 0.0308228

-1.28015 0.0309229
-1.27985 0.0308228

-1.27985 0.0308209
-1.27954 0.0307193

-1.27863 0.0304182
-1.27893 0.0305176

-1.27863 0.0304181
-1.27832 0.0303189

-1.27954 0.0307193
-1.27924 0.0306183

-1.27924 0.0306182
-1.27893 0.0305179

-1.27893 0.0305179
-1.27893 0.0305176

-1.27832 0.0303188
-1.27802 0.0302202

-1.27771 0.0301222
-1.27799 0.0302124

-1.27802 0.0302202
-1.27799 0.0302124

-1.27771 0.0301221
-1.2774 0.0300245

-1.2774 0.0300245
-1.2771 0.0299275

-1.27679 0.0298311
-1.27704 0.0299072

-1.27679 0.0298311
-1.27649 0.0297351

-1.2771 0.0299275
-1.27704 0.0299072

-1.27649 0.0297351
-1.27618 0.0296397

-1.27588 0.0295448
-1.27606 0.0296021

-1.27618 0.0296397
-1.27606 0.0296021

-1.27588 0.0295448
-1.27557 0.0294504

-1.27557 0.0294504
-1.27527 0.0293565

-1.27527 0.0293565
-1.27507 0.0292969

-1.31219 0.0486796
-1.31233 0.0488281

-1.31189 0.048361
-1.31205 0.0485229

-1.31219 0.0486794
-1.31205 0.0485229

-1.31158 0.0480494
-1.31175 0.0482178

-1.31128 0.0477444
-1.31145 0.0479126

-1.31158 0.048049
-1.31145 0.0479126

-1.31189 0.0483606
-1.31175 0.0482178

-1.31097 0.0474459
-1.31114 0.0476074

-1.31067 0.0471535
-1.31083 0.0473022

-1.31097 0.0474456
-1.31082 0.0473022

-1.31036 0.0468669
-1.3105 0.0469971

-1.31006 0.0465857
-1.31018 0.0466919

-1.31036 0.0468659
-1.31017 0.0466919

-1.31067 0.0471529
-1.3105 0.0469971

-1.31128 0.0477441
-1.31114 0.0476074

-1.30975 0.04631
-1.30984 0.0463867

-1.30945 0.0460393
-1.3095 0.0460815

-1.30975 0.0463097
-1.3095 0.0460815

-1.30914 0.0457736
-1.30915 0.0457764

-1.30914 0.0457736
-1.30884 0.0455126

-1.30945 0.0460392
-1.30915 0.0457764

-1.30823 0.045005
-1.30842 0.045166

-1.30762 0.0445132
-1.30767 0.0445557

-1.30792 0.0447578
-1.30805 0.0448608

-1.30823 0.0450035
-1.30805 0.0448608

-1.30792 0.0447565
-1.30767 0.0445557

-1.30853 0.0452563
-1.30879 0.0454712

-1.30884 0.0455127
-1.30879 0.0454712

-1.30853 0.0452558
-1.30842 0.045166

-1.31006 0.0465848
-1.30984 0.0463867

-1.3067 0.0438057
-1.30689 0.0439453

-1.3064 0.0435776
-1.30648 0.0436401

-1.3067 0.0438051
-1.30648 0.0436401

-1.30518 0.042696
-1.30522 0.0427246

-1.30579 0.0431298
-1.30607 0.043335

-1.3064 0.0435767
-1.30609 0.0433516

-1.30609 0.0433515
-1.30607 0.043335

-1.30548 0.0429114
-1.30565 0.0430298

-1.30579 0.0431293
-1.30565 0.0430298

-1.30548 0.0429109
-1.30522 0.0427246

-1.30334 0.0414644
-1.30341 0.0415039

-1.30334 0.0414636
-1.30304 0.0412677

-1.30273 0.0410743
-1.30293 0.0411987

-1.30304 0.0412675
-1.30293 0.0411987

-1.30518 0.0426957
-1.30487 0.0424833

-1.30457 0.0422738
-1.30478 0.0424194

-1.30487 0.0424826
-1.30478 0.0424194

-1.30426 0.042068
-1.30433 0.0421143

-1.30426 0.0420671
-1.30396 0.0418633

-1.30457 0.0422735
-1.30433 0.0421143

-1.30365 0.0416622
-1.30387 0.0418091

-1.30396 0.0418628
-1.30387 0.0418091

-1.30365 0.041662
-1.30341 0.0415039

-1.30762 0.0445131
-1.30731 0.0442735

-1.30701 0.0440375
-1.30728 0.0442505

-1.30731 0.0442735
-1.30728 0.0442505

-1.30701 0.0440365
-1.30688 0.0439453

-1.3125 0.0490057
-1.31234 0.0488281

-1.30243 0.0408837
-1.30245 0.0408936

-1.30243 0.0408832
-1.30212 0.0406946

-1.30273 0.0410741
-1.30245 0.0408936

-1.30182 0.0405083
-1.30195 0.0405884

-1.30212 0.0406943
-1.30195 0.0405884

-1.30182 0.040508
-1.30151 0.0403239

-1.30121 0.040142
-1.30145 0.0402832

-1.3009 0.0399626
-1.30093 0.039978

-1.30121 0.0401418
-1.30093 0.039978

-1.30029 0.0396088
-1.3004 0.0396729

-1.3009 0.0399621
-1.3006 0.0397844

-1.3006 0.0397841
-1.30041 0.0396729

-1.30151 0.0403237
-1.30145 0.0402832

-1.30029 0.0396085
-1.29999 0.0394347

-1.29968 0.039263
-1.29987 0.0393677

-1.29999 0.0394346
-1.29987 0.0393677

-1.29968 0.0392628
-1.29938 0.0390928

-1.29938 0.0390928
-1.29932 0.0390625

-1.27283 0.028623
-1.27304 0.0286865

-1.27344 0.0288035
-1.27313 0.028713

-1.27313 0.028713
-1.27304 0.0286865

-1.27283 0.028623
-1.27252 0.0285334

-1.27252 0.0285334
-1.27222 0.0284442

-1.27191 0.0283557
-1.272 0.0283813

-1.27222 0.0284442
-1.272 0.0283813

-1.27191 0.0283556
-1.27161 0.0282674

-1.27161 0.0282673
-1.2713 0.0281795

-1.2713 0.0281795
-1.271 0.0280922

-1.27069 0.0280053
-1.27094 0.0280762

-1.27069 0.0280053
-1.27039 0.0279188

-1.27039 0.0279187
-1.27008 0.0278327

-1.26978 0.0277471
-1.26986 0.027771

-1.27008 0.0278327
-1.26986 0.027771

-1.271 0.0280922
-1.27094 0.0280762

-1.26978 0.027747
-1.26947 0.0276618

-1.26947 0.0276617
-1.26917 0.0275768

-1.26855 0.0274085
-1.26876 0.0274658

-1.26917 0.0275769
-1.26886 0.0274925

-1.26886 0.0274924
-1.26876 0.0274658

-1.26642 0.0268311
-1.26651 0.0268555

-1.26642 0.026831
-1.26611 0.02675

-1.26855 0.0274084
-1.26825 0.0273248

-1.26825 0.0273247
-1.26794 0.0272415

-1.26764 0.0271587
-1.26765 0.0271606

-1.26794 0.0272415
-1.26765 0.0271606

-1.26764 0.0271587
-1.26733 0.0270762

-1.26733 0.0270761
-1.26703 0.026994

-1.26703 0.026994
-1.26672 0.0269123

-1.26672 0.0269123
-1.26651 0.0268555

-1.26611 0.02675
-1.26581 0.0266694

-1.26581 0.0266694
-1.2655 0.0265892

-1.2652 0.0265093
-1.26535 0.0265503

-1.2655 0.0265892
-1.26535 0.0265503

-1.2652 0.0265093
-1.26489 0.0264298

-1.26489 0.0264297
-1.26459 0.0263506

-1.26459 0.0263506
-1.26428 0.0262718

-1.26398 0.0261934
-1.26418 0.0262451

-1.26398 0.0261934
-1.26367 0.0261152

-1.26428 0.0262718
-1.26418 0.0262451

-1.26367 0.0261152
-1.26337 0.0260374

-1.26337 0.0260375
-1.26306 0.0259601

-1.26276 0.025883
-1.26298 0.0259399

-1.26306 0.0259601
-1.26298 0.0259399

-1.26276 0.0258829
-1.26245 0.0258062

-1.26154 0.0255779
-1.26176 0.0256348

-1.26154 0.0255779
-1.26123 0.0255025

-1.26245 0.0258061
-1.26215 0.0257297

-1.26215 0.0257298
-1.26184 0.0256537

-1.26184 0.0256537
-1.26176 0.0256348

-1.26123 0.0255024
-1.26093 0.0254273

-1.26093 0.0254274
-1.26062 0.0253526

-1.26031 0.0252781
-1.26053 0.0253296

-1.26062 0.0253526
-1.26053 0.0253296

-1.26031 0.0252781
-1.26001 0.0252038

-1.26001 0.0252038
-1.2597 0.02513

-1.2597 0.02513
-1.2594 0.0250565

-1.25909 0.0249833
-1.25927 0.0250244

-1.25909 0.0249833
-1.25879 0.0249103

-1.2594 0.0250565
-1.25927 0.0250244

-1.25665 0.0244082
-1.25668 0.0244141

-1.25665 0.0244081
-1.25635 0.0243375

-1.25635 0.0243375
-1.25604 0.0242672

-1.25604 0.0242672
-1.25574 0.0241972

-1.25574 0.0241973
-1.25543 0.0241275

-1.25513 0.024058
-1.25535 0.0241089

-1.25543 0.0241275
-1.25535 0.0241089

-1.25513 0.024058
-1.25482 0.0239888

-1.25482 0.0239888
-1.25452 0.0239199

-1.25391 0.0237831
-1.254 0.0238037

-1.25452 0.0239199
-1.25421 0.0238514

-1.25421 0.0238514
-1.254 0.0238037

-1.25879 0.0249103
-1.25848 0.0248376

-1.25848 0.0248377
-1.25818 0.0247654

-1.25787 0.0246933
-1.25798 0.0247192

-1.25818 0.0247653
-1.25798 0.0247192

-1.25787 0.0246933
-1.25757 0.0246215

-1.25757 0.0246215
-1.25726 0.02455

-1.25726 0.02455
-1.25696 0.0244789

-1.25696 0.024479
-1.25668 0.0244141

-1.25391 0.023783
-1.2536 0.0237149

-1.2536 0.0237149
-1.2533 0.0236471

-1.2533 0.0236471
-1.25299 0.0235796

-1.25299 0.0235796
-1.25269 0.0235124

-1.25238 0.0234453
-1.25262 0.0234985

-1.25269 0.0235124
-1.25262 0.0234985

-1.25238 0.0234453
-1.25208 0.0233785

-1.25208 0.0233784
-1.25177 0.023312

-1.25177 0.023312
-1.25146 0.0232458

-1.25116 0.0231799
-1.25122 0.0231934

-1.25116 0.0231799
-1.25085 0.0231141

-1.25085 0.0231141
-1.25055 0.0230486

-1.25055 0.0230486
-1.25024 0.0229834

-1.25146 0.0232458
-1.25122 0.0231934

-1.25024 0.0229835
-1.24994 0.0229185

-1.24963 0.0228538
-1.2498 0.0228882

-1.24994 0.0229186
-1.2498 0.0228882

-1.24963 0.0228538
-1.24933 0.0227892

-1.24933 0.0227892
-1.24902 0.022725

-1.24902 0.022725
-1.24872 0.0226611

-1.24872 0.0226611
-1.24841 0.0225974

-1.24811 0.0225339
-1.24834 0.022583

-1.24811 0.0225339
-1.2478 0.0224706

-1.24841 0.0225974
-1.24834 0.022583

-1.2478 0.0224705
-1.2475 0.0224075

-1.2475 0.0224076
-1.24719 0.0223448

-1.24719 0.0223449
-1.24689 0.0222823

-1.24658 0.0222199
-1.24687 0.0222778

-1.24689 0.0222823
-1.24687 0.0222778

-1.24506 0.0219119
-1.24536 0.0219727

-1.24506 0.0219119
-1.24475 0.0218509

-1.24475 0.0218509
-1.24445 0.0217902

-1.24445 0.0217903
-1.24414 0.0217298

-1.24658 0.0222199
-1.24628 0.0221578

-1.24628 0.0221577
-1.24597 0.0220959

-1.24597 0.022096
-1.24567 0.0220344

-1.24567 0.0220344
-1.24536 0.0219731

-1.24536 0.0219731
-1.24536 0.0219727

-1.24414 0.0217299
-1.24384 0.0216696

-1.24353 0.0216094
-1.24382 0.0216675

-1.24384 0.0216696
-1.24382 0.0216675

-1.24353 0.0216094
-1.24323 0.0215495

-1.24323 0.0215495
-1.24292 0.0214899

-1.24292 0.02149
-1.24261 0.0214307

-1.24261 0.0214307
-1.24231 0.0213715

-1.242 0.0213125
-1.24226 0.0213623

-1.242 0.0213125
-1.2417 0.0212538

-1.24231 0.0213716
-1.24226 0.0213623

-1.2417 0.0212538
-1.24139 0.0211952

-1.24139 0.0211952
-1.24109 0.021137

-1.24109 0.021137
-1.24078 0.0210789

-1.24048 0.0210209
-1.24067 0.0210571

-1.24078 0.0210789
-1.24067 0.0210571

-1.24048 0.0210209
-1.24017 0.0209632

-1.24017 0.0209632
-1.23987 0.0209057

-1.23987 0.0209057
-1.23956 0.0208485

-1.23956 0.0208485
-1.23926 0.0207915

-1.23895 0.0207347
-1.23905 0.020752

-1.23895 0.0207347
-1.23865 0.020678

-1.23865 0.020678
-1.23834 0.0206215

-1.23834 0.0206215
-1.23804 0.0205653

-1.23926 0.0207915
-1.23905 0.020752

-1.23804 0.0205653
-1.23773 0.0205093

-1.23773 0.0205094
-1.23743 0.0204535

-1.23712 0.0203977
-1.23739 0.0204468

-1.23743 0.0204535
-1.23739 0.0204468

-1.23712 0.0203977
-1.23682 0.0203422

-1.23682 0.0203422
-1.23651 0.0202869

-1.23651 0.0202869
-1.23621 0.0202319

-1.2356 0.0201224
-1.2357 0.0201416

-1.23621 0.0202319
-1.2359 0.0201771

-1.2359 0.0201772
-1.2357 0.0201416

-1.2356 0.0201224
-1.23529 0.0200679

-1.23529 0.0200679
-1.23499 0.0200136

-1.23499 0.0200136
-1.23468 0.0199595

-1.23468 0.0199595
-1.23438 0.0199057

-1.3125 0.111034
-1.31248 0.111084

-1.31248 0.111084
-1.31234 0.111389

-1.31234 0.111389
-1.31221 0.111694

-1.31221 0.111694
-1.31219 0.111723

-1.31219 0.111723
-1.31207 0.112

-1.31207 0.112
-1.31193 0.112305

-1.31193 0.112305
-1.31189 0.112403

-1.31189 0.112403
-1.3118 0.11261

-1.3118 0.11261
-1.31166 0.112915

-1.31166 0.112915
-1.31158 0.113077

-1.31158 0.113077
-1.31152 0.11322

-1.31152 0.11322
-1.31138 0.113525

-1.31138 0.113525
-1.31128 0.113743

-1.31128 0.113743
-1.31124 0.113831

-1.31124 0.113831
-1.3111 0.114136

-1.3111 0.114136
-1.31097 0.114403

-1.31097 0.114403
-1.31096 0.114441

-1.31096 0.114441
-1.31081 0.114746

-1.31081 0.114746
-1.31067 0.115051

-1.31067 0.115051
-1.31067 0.115056

-1.31067 0.115056
-1.31053 0.115356

-1.31053 0.115356
-1.31038 0.115662

-1.31038 0.115662
-1.31036 0.115703

-1.31036 0.115703
-1.31024 0.115967

-1.31024 0.115967
-1.31009 0.116272

-1.31009 0.116272
-1.31006 0.116345

-1.31006 0.116345
-1.30995 0.116577

-1.30995 0.116577
-1.3098 0.116882

-1.3098 0.116882
-1.30975 0.11698

-1.30975 0.11698
-1.30965 0.117188

-1.30965 0.117188
-1.30951 0.117493

-1.30951 0.117493
-1.30945 0.11761

-1.30945 0.11761
-1.30936 0.117798

-1.30936 0.117798
-1.30921 0.118103

-1.30921 0.118103
-1.30914 0.118235

-1.30914 0.118235
-1.30906 0.118408

-1.30906 0.118408
-1.30891 0.118713

-1.30891 0.118713
-1.30884 0.118855

-1.30884 0.118855
-1.30876 0.119019

-1.30876 0.119019
-1.30861 0.119324

-1.30861 0.119324
-1.30853 0.11947

-1.30853 0.11947
-1.30845 0.119629

-1.30845 0.119629
-1.3083 0.119934

-1.3083 0.119934
-1.30823 0.120081

-1.30823 0.120081
-1.30815 0.120239

-1.30815 0.120239
-1.30799 0.120544

-1.30799 0.120544
-1.30792 0.120687

-1.30792 0.120687
-1.30784 0.12085

-1.30784 0.12085
-1.30769 0.121155

-1.30769 0.121155
-1.30762 0.121288

-1.30762 0.121288
-1.30753 0.12146

-1.30753 0.12146
-1.30737 0.121765

-1.30737 0.121765
-1.30731 0.121885

-1.30731 0.121885
-1.30722 0.12207

-1.30722 0.12207
-1.30706 0.122375

-1.30706 0.122375
-1.30701 0.122479

-1.30701 0.122479
-1.3069 0.122681

-1.3069 0.122681
-1.30674 0.122986

-1.30674 0.122986
-1.3067 0.123068

-1.3067 0.123068
-1.30659 0.123291

-1.30659 0.123291
-1.30643 0.123596

-1.30643 0.123596
-1.3064 0.123653

-1.3064 0.123653
-1.30627 0.123901

-1.30627 0.123901
-1.30611 0.124207

-1.30611 0.124207
-1.30609 0.124235

-1.30609 0.124235
-1.30595 0.124512

-1.30595 0.124512
-1.30579 0.124813

-1.30579 0.124813
-1.30578 0.124817

-1.30578 0.124817
-1.30562 0.125122

-1.30562 0.125122
-1.30548 0.125387

-1.30548 0.125387
-1.30546 0.125427

-1.30546 0.125427
-1.3053 0.125732

-1.3053 0.125732
-1.30518 0.125958

-1.30518 0.125958
-1.30513 0.126038

-1.30513 0.126038
-1.30497 0.126343

-1.30497 0.126343
-1.30487 0.126526

-1.30487 0.126526
-1.3048 0.126648

-1.3048 0.126648
-1.30464 0.126953

-1.30464 0.126953
-1.30457 0.127091

-1.30457 0.127091
-1.30447 0.127258

-1.30447 0.127258
-1.30431 0.127563

-1.30431 0.127563
-1.30426 0.127652

-1.30426 0.127652
-1.30414 0.127869

-1.30414 0.127869
-1.30398 0.128174

-1.30398 0.128174
-1.30396 0.128211

-1.30396 0.12821
-1.30381 0.128479

-1.30381 0.128479
-1.30365 0.128766

-1.30365 0.128766
-1.30364 0.128784

-1.30364 0.128784
-1.30347 0.129089

-1.30347 0.129089
-1.30334 0.129318

-1.30334 0.129318
-1.3033 0.129395

-1.3033 0.129395
-1.30313 0.1297

-1.30313 0.1297
-1.30304 0.129868

-1.30304 0.129868
-1.30296 0.130005

-1.30296 0.130005
-1.30279 0.13031

-1.30279 0.13031
-1.30273 0.130415

-1.30273 0.130415
-1.30262 0.130615

-1.30262 0.130615
-1.30245 0.13092

-1.30245 0.13092
-1.30243 0.130959

-1.30243 0.130959
-1.30228 0.131226

-1.30228 0.131226
-1.30212 0.131501

-1.30212 0.131501
-1.30211 0.131531

-1.30211 0.131531
-1.30193 0.131836

-1.30193 0.131836
-1.30182 0.13204

-1.30182 0.13204
-1.30176 0.132141

-1.30176 0.132141
-1.30159 0.132446

-1.30159 0.132446
-1.30151 0.132577

-1.30151 0.132576
-1.30141 0.132751

-1.30141 0.132751
-1.30124 0.133057

-1.30124 0.133057
-1.30121 0.133111

-1.30121 0.133111
-1.30106 0.133362

-1.30106 0.133362
-1.3009 0.133643

-1.3009 0.133642
-1.30089 0.133667

-1.30089 0.133667
-1.30071 0.133972

-1.30071 0.133972
-1.3006 0.134172

-1.3006 0.134172
-1.30054 0.134277

-1.30054 0.134277
-1.30036 0.134583

-1.30036 0.134583
-1.30029 0.134699

-1.30029 0.134699
-1.30018 0.134888

-1.30018 0.134888
-1.30001 0.135193

-1.30001 0.135193
-1.29999 0.135224

-1.29999 0.135224
-1.29983 0.135498

-1.29983 0.135498
-1.29968 0.135747

-1.29968 0.135747
-1.29965 0.135803

-1.29965 0.135803
-1.29947 0.136108

-1.29947 0.136108
-1.29938 0.136268

-1.29938 0.136268
-1.29929 0.136414

-1.29929 0.136414
-1.29911 0.136719

-1.29911 0.136719
-1.29907 0.136786

-1.29907 0.136786
-1.29893 0.137024

-1.29893 0.137024
-1.29877 0.137303

-1.29877 0.137303
-1.29875 0.137329

-1.29875 0.137329
-1.29857 0.137634

-1.29857 0.137634
-1.29846 0.137817

-1.29846 0.137817
-1.29839 0.137939

-1.29839 0.137939
-1.29821 0.138245

-1.29821 0.138245
-1.29816 0.13833

-1.29816 0.13833
-1.29803 0.13855

-1.29803 0.13855
-1.29785 0.138841

-1.29785 0.138841
-1.29784 0.138855

-1.29784 0.138855
-1.29766 0.13916

-1.29766 0.13916
-1.29755 0.13935

-1.29755 0.13935
-1.29748 0.139465

-1.29748 0.139465
-1.29729 0.139771

-1.29729 0.139771
-1.29724 0.139857

-1.29724 0.139857
-1.29711 0.140076

-1.29711 0.140076
-1.29694 0.140362

-1.29694 0.140362
-1.29692 0.140381

-1.29692 0.140381
-1.29674 0.140686

-1.29674 0.140686
-1.29663 0.140865

-1.29663 0.140865
-1.29655 0.140991

-1.29655 0.140991
-1.29637 0.141296

-1.29637 0.141296
-1.29633 0.141367

-1.29633 0.141367
-1.29618 0.141602

-1.29618 0.141602
-1.29602 0.141867

-1.29602 0.141867
-1.296 0.141907

-1.296 0.141907
-1.29581 0.142212

-1.29581 0.142212
-1.29572 0.142365

-1.29572 0.142365
-1.29562 0.142517

-1.29562 0.142517
-1.29543 0.142822

-1.29543 0.142822
-1.29541 0.142862

-1.29541 0.142862
-1.29525 0.143127

-1.29525 0.143127
-1.2951 0.143357

-1.2951 0.143357
-1.29506 0.143433

-1.29506 0.143433
-1.29487 0.143738

-1.29487 0.143738
-1.2948 0.14385

-1.2948 0.14385
-1.29468 0.144043

-1.29468 0.144043
-1.29449 0.144342

-1.29449 0.144342
-1.29449 0.144348

-1.29449 0.144348
-1.2943 0.144653

-1.2943 0.144653
-1.29419 0.144833

-1.29419 0.144833
-1.29411 0.144958

-1.29411 0.144958
-1.29392 0.145264

-1.29392 0.145264
-1.29388 0.145322

-1.29388 0.145322
-1.29373 0.145569

-1.29373 0.145569
-1.29358 0.145809

-1.29358 0.145809
-1.29354 0.145874

-1.29354 0.145874
-1.29335 0.146179

-1.29335 0.146179
-1.29327 0.146295

-1.29327 0.146295
-1.29315 0.146484

-1.29315 0.146484
-1.29297 0.146779

-1.29297 0.146779
-1.29296 0.14679

-1.29296 0.14679
-1.29277 0.147095

-1.29277 0.147095
-1.29266 0.147263

-1.29266 0.147263
-1.29258 0.1474

-1.29258 0.1474
-1.29238 0.147705

-1.29238 0.147705
-1.29236 0.147745

-1.29236 0.147744
-1.29219 0.14801

-1.29219 0.14801
-1.29205 0.148225

-1.29205 0.148225
-1.292 0.148315

-1.292 0.148315
-1.2918 0.148621

-1.2918 0.148621
-1.29175 0.148704

-1.29175 0.148704
-1.29161 0.148926

-1.29161 0.148926
-1.29144 0.149182

-1.29144 0.149181
-1.29141 0.149231

-1.29141 0.149231
-1.29122 0.149536

-1.29122 0.149536
-1.29114 0.149658

-1.29114 0.149658
-1.29102 0.149841

-1.29102 0.149841
-1.29083 0.150133

-1.29083 0.150133
-1.29082 0.150146

-1.29082 0.150146
-1.29063 0.150452

-1.29063 0.150452
-1.29053 0.150607

-1.29053 0.150607
-1.29043 0.150757

-1.29043 0.150757
-1.29023 0.151062

-1.29023 0.151062
-1.29022 0.15108

-1.29022 0.15108
-1.29004 0.151367

-1.29004 0.151367
-1.28992 0.151551

-1.28992 0.151551
-1.28984 0.151672

-1.28984 0.151672
-1.28964 0.151978

-1.28964 0.151978
-1.28961 0.152022

-1.28961 0.152022
-1.28944 0.152283

-1.28944 0.152283
-1.28931 0.152491

-1.28931 0.15249
-1.28924 0.152588

-1.28924 0.152588
-1.28904 0.152893

-1.28904 0.152893
-1.289 0.152959

-1.289 0.152959
-1.28884 0.153198

-1.28884 0.153198
-1.2887 0.153425

-1.2887 0.153425
-1.28865 0.153503

-1.28865 0.153503
-1.28845 0.153809

-1.28845 0.153809
-1.28839 0.153892

-1.28839 0.153891
-1.28824 0.154114

-1.28824 0.154114
-1.28809 0.154356

-1.28809 0.154355
-1.28804 0.154419

-1.28804 0.154419
-1.28784 0.154724

-1.28784 0.154724
-1.28778 0.15482

-1.28778 0.154819
-1.28764 0.155029

-1.28764 0.155029
-1.28748 0.155282

-1.28748 0.155281
-1.28744 0.155334

-1.28744 0.155334
-1.28724 0.15564

-1.28724 0.15564
-1.28717 0.155743

-1.28717 0.155743
-1.28704 0.155945

-1.28704 0.155945
-1.28687 0.156203

-1.28687 0.156202
-1.28683 0.15625

-1.23193 0.0194811
-1.23223 0.0195312

-1.23193 0.0194811
-1.23163 0.0194288

-1.23163 0.0194288
-1.23132 0.0193767

-1.23132 0.0193767
-1.23102 0.0193249

-1.23102 0.019325
-1.23071 0.0192733

-1.23041 0.0192217
-1.23043 0.0192261

-1.23071 0.0192733
-1.23043 0.0192261

-1.23041 0.0192217
-1.2301 0.0191703

-1.2301 0.0191702
-1.2298 0.019119

-1.2298 0.019119
-1.22949 0.019068

-1.22949 0.019068
-1.22919 0.0190172

-1.22919 0.0190173
-1.22888 0.0189667

-1.22858 0.0189162
-1.2286 0.0189209

-1.22858 0.0189162
-1.22827 0.0188659

-1.22888 0.0189667
-1.2286 0.0189209

-1.22827 0.0188659
-1.22797 0.0188157

-1.22797 0.0188157
-1.22766 0.0187657

-1.22766 0.0187657
-1.22736 0.018716

-1.22736 0.0187161
-1.22705 0.0186665

-1.22705 0.0186665
-1.22675 0.018617

-1.22644 0.0185676
-1.22674 0.0186157

-1.22675 0.018617
-1.22674 0.0186157

-1.22644 0.0185676
-1.22614 0.0185184

-1.22614 0.0185184
-1.22583 0.0184694

-1.22461 0.0182755
-1.22483 0.0183105

-1.22583 0.0184694
-1.22552 0.0184207

-1.22552 0.0184207
-1.22522 0.0183722

-1.22522 0.0183722
-1.22491 0.0183238

-1.22491 0.0183238
-1.22483 0.0183105

-1.22461 0.0182755
-1.2243 0.0182273

-1.2243 0.0182273
-1.224 0.0181794

-1.224 0.0181793
-1.22369 0.0181316

-1.22369 0.0181316
-1.22339 0.0180841

-1.22339 0.0180841
-1.22308 0.0180367

-1.22278 0.0179892
-1.22288 0.0180054

-1.22308 0.0180367
-1.22288 0.0180054

-1.22278 0.0179892
-1.22247 0.0179419

-1.22247 0.0179419
-1.22217 0.0178948

-1.22217 0.0178948
-1.22186 0.017848

-1.22186 0.017848
-1.22156 0.0178013

-1.22156 0.0178014
-1.22125 0.017755

-1.22125 0.017755
-1.22095 0.0177087

-1.22064 0.0176623
-1.22089 0.0177002

-1.22064 0.0176623
-1.22034 0.0176162

-1.22095 0.0177087
-1.22089 0.0177002

-1.22034 0.0176162
-1.22003 0.0175703

-1.22003 0.0175703
-1.21973 0.0175246

-1.21973 0.0175246
-1.21942 0.0174791

-1.21942 0.0174791
-1.21912 0.0174337

-1.21881 0.0173882
-1.21886 0.017395

-1.21912 0.0174337
-1.21886 0.017395

-1.21881 0.0173882
-1.21851 0.017343

-1.21851 0.017343
-1.2182 0.0172979

-1.2182 0.0172978
-1.2179 0.017253

-1.2179 0.0172529
-1.21759 0.0172083

-1.21759 0.0172083
-1.21729 0.0171639

-1.21667 0.0170753
-1.21677 0.0170898

-1.21667 0.0170753
-1.21637 0.0170312

-1.21637 0.0170312
-1.21606 0.0169872

-1.21606 0.0169872
-1.21576 0.0169434

-1.21576 0.0169434
-1.21545 0.0168998

-1.21545 0.0168998
-1.21515 0.0168564

-1.21515 0.0168564
-1.21484 0.016813

-1.21729 0.0171639
-1.21698 0.0171196

-1.21698 0.0171196
-1.21677 0.0170898

-1.23438 0.0199057
-1.23407 0.019852

-1.23376 0.0197983
-1.23398 0.0198364

-1.23407 0.019852
-1.23398 0.0198364

-1.23376 0.0197983
-1.23346 0.0197449

-1.23346 0.0197449
-1.23315 0.0196917

-1.23315 0.0196917
-1.23285 0.0196388

-1.23285 0.0196388
-1.23254 0.0195861

-1.23254 0.0195861
-1.23224 0.0195336

-1.23224 0.0195336
-1.23223 0.0195312

-1.21454 0.0167696
-1.21464 0.0167847

-1.21484 0.016813
-1.21464 0.0167847

-1.21454 0.0167696
-1.21423 0.0167264

-1.21423 0.0167264
-1.21393 0.0166833

-1.21393 0.0166833
-1.21362 0.0166404

-1.21362 0.0166404
-1.21332 0.0165978

-1.21332 0.0165978
-1.21301 0.0165554

-1.2124 0.0164707
-1.21247 0.0164795

-1.21301 0.0165554
-1.21271 0.0165131

-1.21271 0.0165131
-1.21247 0.0164795

-1.2124 0.0164707
-1.2121 0.0164286

-1.2121 0.0164286
-1.21179 0.0163865

-1.21179 0.0163865
-1.21149 0.0163447

-1.21149 0.0163446
-1.21118 0.016303

-1.21118 0.016303
-1.21088 0.0162615

-1.21088 0.0162615
-1.21057 0.0162201

-1.21057 0.0162202
-1.21027 0.0161788

-1.20996 0.0161374
-1.21023 0.0161743

-1.21027 0.0161788
-1.21023 0.0161743

-1.20996 0.0161374
-1.20966 0.0160962

-1.20966 0.0160962
-1.20935 0.0160552

-1.20935 0.0160552
-1.20905 0.0160144

-1.20905 0.0160144
-1.20874 0.0159739

-1.20782 0.0158529
-1.20795 0.0158691

-1.20782 0.0158529
-1.20752 0.0158128

-1.20874 0.0159739
-1.20844 0.0159335

-1.20844 0.0159336
-1.20813 0.0158933

-1.20813 0.0158933
-1.20795 0.0158691

-1.20752 0.0158128
-1.20721 0.0157728

-1.20721 0.0157728
-1.20691 0.015733

-1.20691 0.0157329
-1.2066 0.0156933

-1.2066 0.0156933
-1.2063 0.0156538

-1.2063 0.0156538
-1.20599 0.0156144

-1.20599 0.0156145
-1.20569 0.0155751

-1.20538 0.0155356
-1.2056 0.015564

-1.20569 0.0155751
-1.2056 0.015564

-1.20538 0.0155356
-1.20508 0.0154964

-1.20508 0.0154964
-1.20477 0.0154573

-1.20477 0.0154573
-1.20447 0.0154184

-1.20447 0.0154184
-1.20416 0.0153797

-1.20416 0.0153797
-1.20386 0.0153412

-1.20386 0.0153413
-1.20355 0.0153029

-1.20355 0.0153029
-1.20325 0.0152646

-1.20294 0.0152262
-1.2032 0.0152588

-1.20294 0.0152262
-1.20264 0.0151881

-1.20325 0.0152646
-1.2032 0.0152588

-1.20264 0.0151881
-1.20233 0.0151501

-1.20233 0.0151501
-1.20203 0.0151122

-1.20203 0.0151122
-1.20172 0.0150746

-1.20172 0.0150746
-1.20142 0.0150371

-1.20142 0.0150371
-1.20111 0.0149996

-1.20111 0.0149997
-1.20081 0.0149622

-1.2005 0.0149247
-1.20074 0.0149536

-1.20081 0.0149622
-1.20074 0.0149536

-1.2005 0.0149247
-1.2002 0.0148874

-1.19806 0.0146309
-1.19821 0.0146484

-1.19806 0.0146309
-1.19775 0.0145947

-1.19775 0.0145947
-1.19745 0.0145586

-1.19745 0.0145586
-1.19714 0.0145227

-1.19714 0.0145227
-1.19684 0.0144869

-1.19684 0.0144869
-1.19653 0.0144512

-1.19653 0.0144512
-1.19623 0.0144157

-1.19623 0.0144157
-1.19592 0.0143803

-1.19592 0.0143803
-1.19562 0.0143448

-1.19531 0.0143092
-1.19561 0.0143433

-1.19562 0.0143448
-1.1956 0.0143433

-1.2002 0.0148874
-1.19989 0.0148503

-1.19989 0.0148503
-1.19958 0.0148133

-1.19958 0.0148133
-1.19928 0.0147766

-1.19928 0.0147766
-1.19897 0.01474

-1.19897 0.0147401
-1.19867 0.0147036

-1.19867 0.0147037
-1.19836 0.0146673

-1.19836 0.0146673
-1.19821 0.0146484

-1.19531 0.0143092
-1.19501 0.0142739

-1.19501 0.0142739
-1.1947 0.0142387

-1.1947 0.0142387
-1.1944 0.0142036

-1.1944 0.0142036
-1.19409 0.0141688

-1.19409 0.0141688
-1.19379 0.0141341

-1.19379 0.0141341
-1.19348 0.0140996

-1.19287 0.0140307
-1.19294 0.0140381

-1.19348 0.0140997
-1.19318 0.0140652

-1.19318 0.0140652
-1.19294 0.0140381

-1.19287 0.0140307
-1.19257 0.0139963

-1.19257 0.0139963
-1.19226 0.0139621

-1.19226 0.0139621
-1.19196 0.013928

-1.19196 0.013928
-1.19165 0.013894

-1.19165 0.013894
-1.19135 0.0138601

-1.19135 0.0138602
-1.19104 0.0138265

-1.19104 0.0138265
-1.19073 0.0137929

-1.19073 0.0137929
-1.19043 0.0137593

-1.19012 0.0137257
-1.19019 0.0137329

-1.19043 0.0137594
-1.19019 0.0137329

-1.19012 0.0137257
-1.18982 0.0136921

-1.18982 0.0136921
-1.18951 0.0136587

-1.18951 0.0136587
-1.18921 0.0136254

-1.18921 0.0136254
-1.1889 0.0135923

-1.1889 0.0135923
-1.1886 0.0135594

-1.1886 0.0135594
-1.18829 0.0135267

-1.18829 0.0135267
-1.18799 0.0134941

-1.18707 0.0133966
-1.18737 0.0134277

-1.18707 0.0133966
-1.18677 0.0133643

-1.18799 0.0134941
-1.18768 0.0134616

-1.18768 0.0134617
-1.18738 0.0134291

-1.18738 0.0134291
-1.18736 0.0134277

-1.18677 0.0133643
-1.18646 0.0133321

-1.18646 0.0133321
-1.18616 0.0133

-1.18616 0.0133
-1.18585 0.013268

-1.18585 0.013268
-1.18555 0.0132362

-1.18555 0.0132362
-1.18524 0.0132045

-1.18524 0.0132045
-1.18494 0.0131729

-1.18494 0.0131729
-1.18463 0.0131412

-1.18433 0.0131094
-1.18445 0.0131226

-1.18463 0.0131412
-1.18445 0.0131226

-1.18433 0.0131094
-1.18402 0.0130778

-1.18402 0.0130778
-1.18372 0.0130463

-1.18372 0.0130463
-1.18341 0.0130149

-1.18341 0.0130149
-1.18311 0.0129837

-1.18311 0.0129837
-1.1828 0.0129526

-1.1828 0.0129527
-1.1825 0.0129218

-1.1825 0.0129218
-1.18219 0.0128911

-1.18219 0.0128911
-1.18188 0.0128604

-1.18127 0.0127992
-1.18146 0.0128174

-1.18188 0.0128605
-1.18158 0.0128298

-1.18158 0.0128299
-1.18146 0.0128174

-1.18127 0.0127992
-1.18097 0.0127686

-1.18097 0.0127686
-1.18066 0.0127382

-1.18066 0.0127382
-1.18036 0.0127079

-1.18036 0.012708
-1.18005 0.0126778

-1.18005 0.0126777
-1.17975 0.0126477

-1.17975 0.0126477
-1.17944 0.0126178

-1.17944 0.0126178
-1.17914 0.012588

-1.17914 0.012588
-1.17883 0.0125582

-1.17883 0.0125582
-1.17853 0.0125284

-1.17822 0.0124985
-1.17836 0.0125122

-1.17853 0.0125285
-1.17836 0.0125122

-1.17822 0.0124985
-1.17792 0.0124687

-1.17792 0.0124687
-1.17761 0.0124391

-1.17761 0.0124391
-1.17731 0.0124096

-1.17731 0.0124096
-1.177 0.0123803

-1.177 0.0123802
-1.1767 0.0123511

-1.1767 0.0123511
-1.17639 0.0123221

-1.17639 0.0123221
-1.17609 0.0122932

-1.17609 0.0122932
-1.17578 0.0122645

-1.17517 0.012207
-1.17487 0.0121783

-1.17487 0.0121783
-1.17456 0.0121497

-1.17456 0.0121497
-1.17426 0.0121213

-1.17426 0.0121213
-1.17395 0.012093

-1.17395 0.012093
-1.17365 0.0120647

-1.17365 0.0120647
-1.17334 0.0120366

-1.17578 0.0122645
-1.17548 0.0122358

-1.17548 0.0122358
-1.17517 0.0122071

-1.17334 0.0120366
-1.17303 0.0120086

-1.17303 0.0120086
-1.17273 0.0119807

-1.17273 0.0119807
-1.17242 0.0119528

-1.17242 0.0119528
-1.17212 0.0119249

-1.17181 0.0118969
-1.17187 0.0119019

-1.17212 0.0119249
-1.17187 0.0119019

-1.17181 0.0118969
-1.17151 0.0118689

-1.17151 0.0118689
-1.1712 0.0118411

-1.1712 0.0118411
-1.1709 0.0118134

-1.1709 0.0118134
-1.17059 0.0117858

-1.17059 0.0117858
-1.17029 0.0117583

-1.17029 0.0117583
-1.16998 0.011731

-1.16998 0.011731
-1.16968 0.0117039

-1.16968 0.0117039
-1.16937 0.0116768

-1.16937 0.0116768
-1.16907 0.0116499

-1.16846 0.0115961
-1.16846 0.0115967

-1.16907 0.0116499
-1.16876 0.011623

-1.16876 0.0116231
-1.16846 0.0115967

-1.16846 0.0115961
-1.16815 0.0115692

-1.16815 0.0115692
-1.16785 0.0115424

-1.16785 0.0115424
-1.16754 0.0115157

-1.16754 0.0115157
-1.16724 0.0114892

-1.16724 0.0114892
-1.16693 0.0114627

-1.16693 0.0114626
-1.16663 0.0114363

-1.16663 0.0114363
-1.16632 0.01141

-1.16632 0.01141
-1.16602 0.0113839

-1.16602 0.0113839
-1.16571 0.0113577

-1.16571 0.0113577
-1.16541 0.0113317

-1.16541 0.0113317
-1.1651 0.0113056

-1.16479 0.0112793
-1.16494 0.0112915

-1.1651 0.0113056
-1.16494 0.0112915

-1.16479 0.0112793
-1.16449 0.0112532

-1.16449 0.0112532
-1.16418 0.0112272

-1.16418 0.0112272
-1.16388 0.0112013

-1.16388 0.0112013
-1.16357 0.0111755

-1.16357 0.0111755
-1.16327 0.0111499

-1.16327 0.0111499
-1.16296 0.0111244

-1.16296 0.0111244
-1.16266 0.0110991

-1.16266 0.0110991
-1.16235 0.0110739

-1.16113 0.0109737
-1.16129 0.0109863

-1.16235 0.0110739
-1.16205 0.0110488

-1.16205 0.0110488
-1.16174 0.0110238

-1.16174 0.0110238
-1.16144 0.0109988

-1.16144 0.0109988
-1.16129 0.0109863

-1.16113 0.0109737
-1.16083 0.0109487

-1.16083 0.0109487
-1.16052 0.0109238

-1.16052 0.0109238
-1.16022 0.0108991

-1.16022 0.0108991
-1.15991 0.0108744

-1.15991 0.0108744
-1.15961 0.0108498

-1.15961 0.0108498
-1.1593 0.0108253

-1.1593 0.0108253
-1.159 0.010801

-1.159 0.010801
-1.15869 0.0107766

-1.15869 0.0107766
-1.15839 0.0107524

-1.15839 0.0107524
-1.15808 0.0107281

-1.15808 0.0107282
-1.15778 0.0107039

-1.15747 0.0106795
-1.15749 0.0106812

-1.15778 0.0107039
-1.15749 0.0106812

-1.15747 0.0106795
-1.15717 0.0106551

-1.15717 0.0106551
-1.15686 0.0106309

-1.15686 0.0106309
-1.15656 0.0106067

-1.15656 0.0106067
-1.15625 0.0105827

-1.28683 0.15625
-1.28663 0.156555

-1.28663 0.156555
-1.28656 0.156663

-1.28656 0.156662
-1.28643 0.15686

-1.28643 0.15686
-1.28625 0.157121

-1.28625 0.15712
-1.28623 0.157166

-1.28622 0.157166
-1.28602 0.157471

-1.28602 0.157471
-1.28595 0.157578

-1.28595 0.157578
-1.28582 0.157776

-1.28582 0.157776
-1.28564 0.158034

-1.28564 0.158033
-1.28561 0.158081

-1.28561 0.158081
-1.28541 0.158386

-1.28541 0.158386
-1.28534 0.15849

-1.28534 0.158489
-1.2852 0.158691

-1.2852 0.158691
-1.28503 0.158943

-1.28503 0.158943
-1.285 0.158997

-1.285 0.158997
-1.28479 0.159302

-1.28479 0.159302
-1.28473 0.159397

-1.28473 0.159397
-1.28459 0.159607

-1.28459 0.159607
-1.28442 0.159849

-1.28442 0.159848
-1.28438 0.159912

-1.28438 0.159912
-1.28417 0.160217

-1.28417 0.160217
-1.28412 0.160301

-1.28412 0.1603
-1.28397 0.160522

-1.28397 0.160522
-1.28381 0.160751

-1.28381 0.16075
-1.28376 0.160828

-1.28376 0.160828
-1.28355 0.161133

-1.28355 0.161133
-1.28351 0.161201

-1.28351 0.1612
-1.28335 0.161438

-1.28335 0.161438
-1.2832 0.161649

-1.2832 0.161648
-1.28314 0.161743

-1.28314 0.161743
-1.28293 0.162048

-1.28293 0.162048
-1.2829 0.162097

-1.2829 0.162097
-1.28272 0.162354

-1.28272 0.162354
-1.28259 0.162544

-1.28259 0.162543
-1.28251 0.162659

-1.28251 0.162659
-1.28231 0.162964

-1.28231 0.162964
-1.28229 0.16299

-1.28229 0.16299
-1.2821 0.163269

-1.2821 0.163269
-1.28198 0.163435

-1.28198 0.163435
-1.28189 0.163574

-1.28189 0.163574
-1.28168 0.163879

-1.28168 0.163879
-1.28147 0.164185

-1.28147 0.164185
-1.28137 0.164323

-1.28137 0.164322
-1.28126 0.16449

-1.28126 0.16449
-1.28107 0.164765

-1.28107 0.164765
-1.28105 0.164795

-1.28105 0.164795
-1.28084 0.1651

-1.28084 0.1651
-1.28076 0.165207

-1.28076 0.165207
-1.28062 0.165405

-1.28062 0.165405
-1.28046 0.165648

-1.28046 0.165647
-1.28041 0.16571

-1.28041 0.16571
-1.2802 0.166016

-1.2802 0.166016
-1.28015 0.166089

-1.28015 0.166088
-1.27999 0.166321

-1.27999 0.166321
-1.27985 0.166527

-1.27985 0.166527
-1.27978 0.166626

-1.27978 0.166626
-1.27957 0.166931

-1.27957 0.166931
-1.27954 0.166966

-1.27954 0.166966
-1.27935 0.167236

-1.27935 0.167236
-1.27924 0.167404

-1.27924 0.167403
-1.27914 0.167542

-1.27914 0.167542
-1.27893 0.167841

-1.27893 0.167841
-1.27893 0.167847

-1.27893 0.167847
-1.27871 0.168152

-1.27871 0.168152
-1.27863 0.168277

-1.27863 0.168277
-1.2785 0.168457

-1.2785 0.168457
-1.27832 0.168712

-1.27832 0.168712
-1.27829 0.168762

-1.27829 0.168762
-1.27807 0.169067

-1.27807 0.169067
-1.27802 0.169148

-1.27802 0.169147
-1.27786 0.169373

-1.27786 0.169373
-1.27771 0.169581

-1.27771 0.16958
-1.27764 0.169678

-1.27764 0.169678
-1.27743 0.169983

-1.27743 0.169983
-1.2774 0.170015

-1.2774 0.170015
-1.27721 0.170288

-1.27721 0.170288
-1.2771 0.170447

-1.2771 0.170447
-1.277 0.170593

-1.277 0.170593
-1.27679 0.170879

-1.27679 0.170879
-1.27678 0.170898

-1.27678 0.170898
-1.27656 0.171204

-1.27656 0.171204
-1.27649 0.171311

-1.27649 0.17131
-1.27635 0.171509

-1.27635 0.171509
-1.27618 0.171741

-1.27618 0.17174
-1.27613 0.171814

-1.27613 0.171814
-1.27592 0.172119

-1.27592 0.172119
-1.27588 0.172171

-1.27588 0.17217
-1.2757 0.172424

-1.2757 0.172424
-1.27557 0.172599

-1.27557 0.172599
-1.27548 0.172729

-1.27548 0.172729
-1.27527 0.173028

-1.27527 0.173028
-1.27526 0.173035

-1.27526 0.173035
-1.27505 0.17334

-1.27505 0.17334
-1.27496 0.173456

-1.27496 0.173455
-1.27483 0.173645

-1.27483 0.173645
-1.27466 0.173882

-1.27466 0.173882
-1.27461 0.17395

-1.27461 0.17395
-1.27439 0.174255

-1.27439 0.174255
-1.27435 0.174309

-1.27435 0.174309
-1.27417 0.174561

-1.27417 0.174561
-1.27405 0.174734

-1.27405 0.174734
-1.27395 0.174866

-1.27395 0.174866
-1.27374 0.175159

-1.27374 0.175159
-1.27373 0.175171

-1.27373 0.175171
-1.27352 0.175476

-1.27351 0.175476
-1.27344 0.175585

-1.27344 0.175584
-1.2733 0.175781

-1.2733 0.175781
-1.27313 0.176008

-1.27313 0.176007
-1.27308 0.176086

-1.27308 0.176086
-1.27286 0.176392

-1.27286 0.176392
-1.27283 0.176431

-1.27283 0.176431
-1.27264 0.176697

-1.27263 0.176697
-1.27252 0.176853

-1.27252 0.176853
-1.27241 0.177002

-1.27241 0.177002
-1.27222 0.177275

-1.27222 0.177275
-1.27219 0.177307

-1.27219 0.177307
-1.27197 0.177612

-1.27197 0.177612
-1.27191 0.177697

-1.27191 0.177696
-1.27175 0.177917

-1.27175 0.177917
-1.27161 0.178117

-1.27161 0.178116
-1.27153 0.178223

-1.27153 0.178223
-1.27131 0.178528

-1.27131 0.178528
-1.2713 0.178537

-1.2713 0.178537
-1.27109 0.178833

-1.27109 0.178833
-1.271 0.178957

-1.271 0.178956
-1.27086 0.179138

-1.27086 0.179138
-1.27069 0.179375

-1.27069 0.179374
-1.27064 0.179443

-1.27064 0.179443
-1.27042 0.179749

-1.27042 0.179749
-1.27039 0.179794

-1.27039 0.179793
-1.2702 0.180054

-1.2702 0.180054
-1.27008 0.180211

-1.27008 0.18021
-1.26997 0.180359

-1.26997 0.180359
-1.26978 0.180628

-1.26978 0.180628
-1.26975 0.180664

-1.26975 0.180664
-1.26953 0.180969

-1.26952 0.180969
-1.26947 0.181045

-1.26947 0.181044
-1.2693 0.181274

-1.2693 0.181274
-1.26917 0.18146

-1.26917 0.181459
-1.26908 0.18158

-1.26908 0.18158
-1.26886 0.181876

-1.26886 0.181876
-1.26885 0.181885

-1.26885 0.181885
-1.26863 0.18219

-1.26863 0.18219
-1.26855 0.182291

-1.26855 0.18229
-1.2684 0.182495

-1.2684 0.182495
-1.26825 0.182704

-1.26825 0.182703
-1.26818 0.1828

-1.26818 0.1828
-1.26795 0.183105

-1.26795 0.183105
-1.26794 0.183118

-1.26794 0.183118
-1.26773 0.183411

-1.26773 0.183411
-1.26764 0.183532

-1.26764 0.183531
-1.2675 0.183716

-1.2675 0.183716
-1.26733 0.183944

-1.26733 0.183943
-1.26728 0.184021

-1.26728 0.184021
-1.26705 0.184326

-1.26705 0.184326
-1.26703 0.184356

-1.26703 0.184356
-1.26682 0.184631

-1.26682 0.184631
-1.26672 0.184768

-1.26672 0.184767
-1.2666 0.184937

-1.2666 0.184937
-1.26642 0.185178

-1.26642 0.185177
-1.26637 0.185242

-1.26637 0.185242
-1.26614 0.185547

-1.26614 0.185547
-1.26611 0.185589

-1.26611 0.185588
-1.26592 0.185852

-1.26592 0.185852
-1.26581 0.185999

-1.26581 0.185998
-1.26569 0.186157

-1.26569 0.186157
-1.2655 0.186407

-1.2655 0.186407
-1.26546 0.186462

-1.26546 0.186462
-1.26523 0.186768

-1.26523 0.186768
-1.2652 0.186817

-1.2652 0.186816
-1.26501 0.187073

-1.26501 0.187073
-1.26489 0.187225

-1.26489 0.187224
-1.26478 0.187378

-1.26478 0.187378
-1.26459 0.187632

-1.26459 0.187632
-1.26455 0.187683

-1.26455 0.187683
-1.26432 0.187988

-1.26432 0.187988
-1.26428 0.18804

-1.26428 0.18804
-1.26409 0.188293

-1.26409 0.188293
-1.26398 0.188447

-1.26398 0.188446
-1.26386 0.188599

-1.26386 0.188599
-1.26367 0.188852

-1.26367 0.188852
-1.26363 0.188904

-1.26363 0.188904
-1.2634 0.189209

-1.2634 0.189209
-1.26337 0.189259

-1.26337 0.189258
-1.26317 0.189514

-1.26317 0.189514
-1.26306 0.189664

-1.26306 0.189663
-1.26294 0.189819

-1.26294 0.189819
-1.26276 0.190068

-1.26276 0.190068
-1.26271 0.190125

-1.26271 0.190125
-1.26248 0.19043

-1.26248 0.19043
-1.26245 0.190473

-1.26245 0.190472
-1.26225 0.190735

-1.26225 0.190735
-1.26215 0.190877

-1.26215 0.190876
-1.26202 0.19104

-1.26202 0.19104
-1.26184 0.191279

-1.26184 0.191279
-1.26179 0.191345

-1.26179 0.191345
-1.26156 0.19165

-1.26156 0.19165
-1.26154 0.191683

-1.26154 0.191682
-1.26133 0.191956

-1.26133 0.191956
-1.26123 0.192086

-1.26123 0.192084
-1.2611 0.192261

-1.2611 0.192261
-1.26093 0.192486

-1.26093 0.192486
-1.26087 0.192566

-1.26086 0.192566
-1.26063 0.192871

-1.26063 0.192871
-1.26062 0.192888

-1.26062 0.192888
-1.2604 0.193176

-1.2604 0.193176
-1.26031 0.19329

-1.26031 0.193289
-1.26017 0.193481

-1.26017 0.193481
-1.26001 0.193689

-1.26001 0.193688
-1.25994 0.193787

-1.25994 0.193787
-1.2597 0.194089

-1.2597 0.194089
-1.2597 0.194092

-1.2597 0.194092
-1.25947 0.194397

-1.25947 0.194397
-1.2594 0.194489

-1.2594 0.194489
-1.25924 0.194702

-1.25924 0.194702
-1.25909 0.194888

-1.25909 0.194886
-1.259 0.195007

-1.259 0.195007
-1.25879 0.195286

-1.25879 0.195286
-1.25877 0.195312

-1.25877 0.195312
-1.25854 0.195618

-1.25853 0.195618
-1.25848 0.195685

-1.25848 0.195685
-1.2583 0.195923

-1.2583 0.195923
-1.25818 0.196083

-1.25818 0.196081
-1.25807 0.196228

-1.25807 0.196228
-1.25787 0.196479

-1.25787 0.196479
-1.25783 0.196533

-1.25783 0.196533
-1.2576 0.196838

-1.2576 0.196838
-1.25757 0.196877

-1.25757 0.196876
-1.25736 0.197144

-1.25736 0.197144
-1.25726 0.197274

-1.25726 0.197272
-1.25713 0.197449

-1.25713 0.197449
-1.25696 0.197669

-1.25696 0.197668
-1.25689 0.197754

-1.25689 0.197754
-1.25666 0.198059

-1.25666 0.198059
-1.25665 0.198064

-1.25665 0.198064
-1.25642 0.198364

-1.25642 0.198364
-1.25635 0.19846

-1.25635 0.198459
-1.25619 0.198669

-1.25619 0.198669
-1.25604 0.198854

-1.25604 0.198853
-1.25595 0.198975

-1.25595 0.198975
-1.25574 0.199248

-1.25574 0.199248
-1.25571 0.19928

-1.25571 0.19928
-1.25548 0.199585

-1.25548 0.199585
-1.25543 0.199642

-1.25543 0.199642
-1.25524 0.19989

-1.25524 0.19989
-1.25513 0.200036

-1.25513 0.200035
-1.255 0.200195

-1.255 0.200195
-1.25482 0.200428

-1.25482 0.200428
-1.25477 0.2005

-1.25477 0.2005
-1.25453 0.200806

-1.25453 0.200806
-1.25452 0.200821

-1.25452 0.200821
-1.25429 0.201111

-1.25429 0.201111
-1.25421 0.201214

-1.25421 0.201213
-1.25405 0.201416

-1.25405 0.201416
-1.25391 0.201605

-1.25391 0.201604
-1.25382 0.201721

-1.25382 0.201721
-1.2536 0.201996

-1.2536 0.201996
-1.25358 0.202026

-1.25358 0.202026
-1.25334 0.202332

-1.25334 0.202332
-1.2533 0.202387

-1.2533 0.202387
-1.2531 0.202637

-1.2531 0.202637
-1.25299 0.202779

-1.25299 0.202777
-1.25286 0.202942

-1.25286 0.202942
-1.25269 0.203168

-1.25269 0.203167
-1.25262 0.203247

-1.25262 0.203247
-1.25238 0.203552

-1.25238 0.203552
-1.25238 0.203558

-1.25238 0.203557
-1.25215 0.203857

-1.25214 0.203857
-1.25208 0.203947

-1.25208 0.203947
-1.25191 0.204163

-1.25191 0.204163
-1.25177 0.204336

-1.25177 0.204334
-1.25167 0.204468

-1.25167 0.204468
-1.25146 0.204724

-1.25146 0.204724
-1.25143 0.204773

-1.25143 0.204773
-1.25119 0.205078

-1.25119 0.205078
-1.25116 0.205113

-1.25116 0.205112
-1.25095 0.205383

-1.25095 0.205383
-1.25085 0.205501

-1.25085 0.2055
-1.25071 0.205688

-1.25071 0.205688
-1.25055 0.205887

-1.25055 0.205886
-1.25047 0.205994

-1.25047 0.205994
-1.25024 0.206274

-1.25024 0.206274
-1.25022 0.206299

-1.25022 0.206299
-1.24998 0.206604

-1.24998 0.206604
-1.24994 0.206661

-1.24994 0.206661
-1.24974 0.206909

-1.24974 0.206909
-1.24963 0.207048

-1.24963 0.207046
-1.2495 0.207214

-1.2495 0.207214
-1.24933 0.207433

-1.24933 0.207432
-1.24926 0.20752

-1.24926 0.20752
-1.24902 0.207818

-1.24902 0.207818
-1.24902 0.207825

-1.24902 0.207825
-1.24878 0.20813

-1.24878 0.20813
-1.24872 0.208204

-1.24872 0.208203
-1.24853 0.208435

-1.24853 0.208435
-1.24841 0.208589

-1.24841 0.208587
-1.24829 0.20874

-1.24829 0.20874
-1.24811 0.208972

-1.24811 0.208972
-1.24805 0.209045

-1.24805 0.209045
-1.24781 0.209351

-1.24781 0.209351
-1.2478 0.209357

-1.2478 0.209356
-1.24756 0.209656

-1.24756 0.209656
-1.2475 0.20974

-1.2475 0.20974
-1.24732 0.209961

-1.24732 0.209961
-1.24719 0.210124

-1.24719 0.210122
-1.24708 0.210266

-1.24708 0.210266
-1.24689 0.210506

-1.24689 0.210506
-1.24684 0.210571

-1.24684 0.210571
-1.24659 0.210876

-1.24659 0.210876
-1.24658 0.210889

-1.24658 0.210888
-1.24635 0.211182

-1.24635 0.211182
-1.24628 0.211271

-1.24628 0.211271
-1.2461 0.211487

-1.2461 0.211487
-1.24597 0.211653

-1.24597 0.211651
-1.24586 0.211792

-1.24586 0.211792
-1.24567 0.212034

-1.24567 0.212033
-1.24562 0.212097

-1.24562 0.212097
-1.24537 0.212402

-1.24537 0.212402
-1.24536 0.212415

-1.24536 0.212415
-1.24513 0.212708

-1.24513 0.212708
-1.24506 0.212796

-1.24506 0.212795
-1.24488 0.213013

-1.24488 0.213013
-1.24475 0.213177

-1.24475 0.213174
-1.24464 0.213318

-1.24464 0.213318
-1.24445 0.213556

-1.24445 0.213555
-1.24439 0.213623

-1.24439 0.213623
-1.24415 0.213928

-1.24415 0.213928
-1.24414 0.213936

-1.24414 0.213935
-1.2439 0.214233

-1.2439 0.214233
-1.24384 0.214315

-1.24384 0.214315
-1.24366 0.214539

-1.24365 0.214539
-1.24353 0.214695

-1.24353 0.214692
-1.24341 0.214844

-1.24341 0.214844
-1.24323 0.215072

-1.24323 0.215072
-1.24316 0.215149

-1.24316 0.215149
-1.24292 0.21545

-1.24292 0.21545
-1.24292 0.215454

-1.24292 0.215454
-1.24267 0.215759

-1.24267 0.215759
-1.24261 0.215829

-1.24261 0.215828
-1.24242 0.216064

-1.24242 0.216064
-1.24231 0.216207

-1.24231 0.216205
-1.24218 0.21637

-1.24218 0.21637
-1.242 0.216583

-1.242 0.216583
-1.24193 0.216675

-1.24193 0.216675
-1.2417 0.21696

-1.2417 0.21696
-1.24168 0.21698

-1.24168 0.21698
-1.24144 0.217285

-1.24144 0.217285
-1.24139 0.217337

-1.24139 0.217337
-1.24119 0.21759

-1.24119 0.21759
-1.24109 0.217714

-1.24109 0.217712
-1.24094 0.217896

-1.24094 0.217896
-1.24078 0.218089

-1.24078 0.218088
-1.24069 0.218201

-1.24069 0.218201
-1.24048 0.218464

-1.24048 0.218464
-1.24044 0.218506

-1.24044 0.218506
-1.2402 0.218811

-1.2402 0.218811
-1.24017 0.21884

-1.24017 0.218839
-1.23995 0.219116

-1.23995 0.219116
-1.23987 0.219215

-1.23987 0.219214
-1.2397 0.219421

-1.2397 0.219421
-1.23956 0.21959

-1.23956 0.219588
-1.23945 0.219727

-1.23945 0.219727
-1.23926 0.219963

-1.23926 0.219963
-1.2392 0.220032

-1.2392 0.220032
-1.23895 0.220337

-1.23895 0.220337
-1.23895 0.220337

-1.23895 0.220337
-1.2387 0.220642

-1.2387 0.220642
-1.23865 0.220711

-1.23865 0.220711
-1.23845 0.220947

-1.23845 0.220947
-1.23834 0.221085

-1.23834 0.221083
-1.23821 0.221252

-1.2382 0.221252
-1.23804 0.221457

-1.23804 0.221456
-1.23796 0.221558

-1.23795 0.221558
-1.23773 0.221829

-1.23773 0.221829
-1.2377 0.221863

-1.2377 0.221863
-1.23745 0.222168

-1.23745 0.222168
-1.23743 0.222202

-1.23743 0.222202
-1.2372 0.222473

-1.2372 0.222473
-1.23712 0.222574

-1.23712 0.222573
-1.23695 0.222778

-1.23695 0.222778
-1.23682 0.222947

-1.23682 0.222944
-1.2367 0.223083

-1.2367 0.223083
-1.23651 0.223317

-1.23651 0.223316
-1.23645 0.223389

-1.23645 0.223389
-1.23621 0.223688

-1.23621 0.223688
-1.2362 0.223694

-1.2362 0.223694
-1.23595 0.223999

-1.23595 0.223999
-1.2359 0.224059

-1.2359 0.224058
-1.2357 0.224304

-1.2357 0.224304
-1.2356 0.22443

-1.2356 0.224428
-1.23545 0.224609

-1.23545 0.224609
-1.23529 0.2248

-1.23529 0.224798
-1.2352 0.224915

-1.2352 0.224915
-1.23499 0.225169

-1.23499 0.225169
-1.23494 0.22522

-1.23494 0.22522
-1.23469 0.225525

-1.23469 0.225525
-1.23468 0.225539

-1.23468 0.225538
-1.23444 0.22583

-1.23444 0.22583
-1.23438 0.225908

-1.23438 0.225907
-1.23419 0.226135

-1.23419 0.226135
-1.23407 0.226278

-1.23407 0.226275
-1.23394 0.22644

-1.23393 0.22644
-1.23376 0.226645

-1.23376 0.226645
-1.23368 0.226746

-1.23368 0.226746
-1.23346 0.227013

-1.23346 0.227013
-1.23343 0.227051

-1.23343 0.227051
-1.23318 0.227356

-1.23318 0.227356
-1.23315 0.227382

-1.23315 0.227381
-1.23292 0.227661

-1.23292 0.227661
-1.23285 0.22775

-1.23285 0.227749
-1.23267 0.227966

-1.23267 0.227966
-1.23254 0.228118

-1.23254 0.228115
-1.23242 0.228271

-1.23241 0.228271
-1.23224 0.228484

-1.23224 0.228483
-1.23216 0.228577

-1.23216 0.228577
-1.23193 0.22885

-1.23193 0.22885
-1.23191 0.228882

-1.23191 0.228882
-1.23165 0.229187

-1.23165 0.229187
-1.23163 0.229217

-1.23163 0.229217
-1.2314 0.229492

-1.2314 0.229492
-1.23132 0.229583

-1.23132 0.229583
-1.23114 0.229797

-1.23114 0.229797
-1.23102 0.22995

-1.23102 0.229948
-1.23089 0.230103

-1.23089 0.230103
-1.23071 0.230315

-1.23071 0.230314
-1.23064 0.230408

-1.23063 0.230408
-1.23041 0.23068

-1.23041 0.23068
-1.23038 0.230713

-1.23038 0.230713
-1.23012 0.231018

-1.23012 0.231018
-1.2301 0.231045

-1.2301 0.231045
-1.22987 0.231323

-1.22987 0.231323
-1.2298 0.23141

-1.2298 0.231409
-1.22961 0.231628

-1.22961 0.231628
-1.22949 0.231775

-1.22949 0.231773
-1.22936 0.231934

-1.22936 0.231934
-1.22919 0.232138

-1.22919 0.232138
-1.2291 0.232239

-1.2291 0.232239
-1.22888 0.232502

-1.22888 0.232502
-1.22885 0.232544

-1.22885 0.232544
-1.22859 0.232849

-1.22859 0.232849
-1.22858 0.232866

-1.22858 0.232865
-1.22833 0.233154

-1.22833 0.233154
-1.22827 0.233229

-1.22827 0.233229
-1.22808 0.233459

-1.22808 0.233459
-1.22797 0.233593

-1.22797 0.23359
-1.22782 0.233765

-1.22782 0.233765
-1.22766 0.233955

-1.22766 0.233954
-1.22756 0.23407

-1.22756 0.23407
-1.22736 0.234317

-1.22736 0.234317
-1.22731 0.234375

-1.22731 0.234375
-1.22705 0.234679

-1.22705 0.234679
-1.22705 0.23468

-1.22705 0.23468
-1.22679 0.234985

-1.22679 0.234985
-1.22675 0.235041

-1.22675 0.235041
-1.22653 0.235291

-1.22653 0.235291
-1.22644 0.235403

-1.22644 0.235402
-1.22628 0.235596

-1.22628 0.235596
-1.22614 0.235765

-1.22614 0.235763
-1.22602 0.235901

-1.22602 0.235901
-1.22583 0.236125

-1.22583 0.236125
-1.22576 0.236206

-1.22576 0.236206
-1.22552 0.236486

-1.22552 0.236486
-1.2255 0.236511

-1.2255 0.236511
-1.22524 0.236816

-1.22525 0.236816
-1.22522 0.236847

-1.22522 0.236846
-1.22499 0.237122

-1.22499 0.237122
-1.22491 0.237207

-1.22491 0.237206
-1.22473 0.237427

-1.22473 0.237427
-1.22461 0.237567

-1.22461 0.237565
-1.22447 0.237732

-1.22447 0.237732
-1.2243 0.237927

-1.2243 0.237926
-1.22421 0.238037

-1.22421 0.238037
-1.224 0.238285

-1.224 0.238285
-1.22395 0.238342

-1.22395 0.238342
-1.22369 0.238645

-1.22369 0.238645
-1.22369 0.238647

-1.22369 0.238647
-1.22343 0.238953

-1.22343 0.238953
-1.22339 0.239004

-1.22339 0.239003
-1.22317 0.239258

-1.22317 0.239258
-1.22308 0.239363

-1.22308 0.239361
-1.22291 0.239563

-1.22291 0.239563
-1.22278 0.239722

-1.22278 0.23972
-1.22265 0.239868

-1.22265 0.239868
-1.22247 0.240079

-1.22247 0.240078
-1.22239 0.240173

-1.22239 0.240173
-1.22217 0.240436

-1.22217 0.240436
-1.22213 0.240479

-1.22213 0.240479
-1.22187 0.240784

-1.22187 0.240784
-1.22186 0.240794

-1.22186 0.240794
-1.22161 0.241089

-1.22161 0.241089
-1.22156 0.241152

-1.22156 0.241151
-1.22135 0.241394

-1.22135 0.241394
-1.22125 0.241509

-1.22125 0.241507
-1.22109 0.241699

-1.22109 0.241699
-1.22095 0.241866

-1.22095 0.241864
-1.22083 0.242004

-1.22083 0.242004
-1.22064 0.242222

-1.22064 0.242221
-1.22057 0.24231

-1.22057 0.24231
-1.22034 0.242578

-1.22034 0.242578
-1.22031 0.242615

-1.22031 0.242615
-1.22004 0.24292

-1.22004 0.24292
-1.22003 0.242934

-1.22003 0.242934
-1.21978 0.243225

-1.21978 0.243225
-1.21973 0.24329

-1.21973 0.243289
-1.21952 0.24353

-1.21952 0.24353
-1.21942 0.243646

-1.21942 0.243644
-1.21926 0.243835

-1.21926 0.243835
-1.21912 0.244001

-1.21912 0.243999
-1.219 0.244141

-1.21899 0.244141
-1.21881 0.244355

-1.21881 0.244355
-1.21873 0.244446

-1.21873 0.244446
-1.21851 0.24471

-1.21851 0.24471
-1.21847 0.244751

-1.21847 0.244751
-1.21821 0.245056

-1.21821 0.245056
-1.2182 0.245064

-1.2182 0.245064
-1.21794 0.245361

-1.21794 0.245361
-1.2179 0.245419

-1.2179 0.245418
-1.21768 0.245667

-1.21768 0.245667
-1.21759 0.245773

-1.21759 0.245771
-1.21742 0.245972

-1.21742 0.245972
-1.21729 0.246127

-1.21729 0.246125
-1.21716 0.246277

-1.21715 0.246277
-1.21698 0.24648

-1.21698 0.246479
-1.21689 0.246582

-1.21689 0.246582
-1.21667 0.246833

-1.21667 0.246832
-1.21663 0.246887

-1.21663 0.246887
-1.21637 0.247185

-1.21637 0.247185
-1.21636 0.247192

-1.21636 0.247192
-1.2161 0.247498

-1.2161 0.247498
-1.21606 0.247538

-1.21606 0.247538
-1.21584 0.247803

-1.21584 0.247803
-1.21576 0.247891

-1.21576 0.24789
-1.21557 0.248108

-1.21557 0.248108
-1.21545 0.248244

-1.21545 0.248241
-1.21531 0.248413

-1.21531 0.248413
-1.21515 0.248596

-1.21515 0.248594
-1.21504 0.248718

-1.21504 0.248718
-1.21484 0.248947

-1.21484 0.248946
-1.21478 0.249023

-1.21478 0.249023
-1.21454 0.249298

-1.21454 0.249298
-1.21451 0.249329

-1.21451 0.249329
-1.21425 0.249634

-1.21425 0.249634
-1.21423 0.249649

-1.21423 0.249649
-1.21398 0.249939

-1.21398 0.249939
-1.21393 0.25

-1.21393 0.25
-1.21372 0.250244

-1.21372 0.250244
-1.21362 0.250351

-1.21362 0.25035
-1.21345 0.250549

-1.21345 0.250549
-1.21332 0.250702

-1.21332 0.2507
-1.21319 0.250854

-1.21318 0.250854
-1.21301 0.251052

-1.21301 0.251051
-1.21292 0.25116

-1.21292 0.25116
-1.21271 0.251401

-1.21271 0.251401
-1.21265 0.251465

-1.21265 0.251465
-1.2124 0.251751

-1.2124 0.251751
-1.21239 0.25177

-1.21239 0.25177
-1.21212 0.252075

-1.21212 0.252075
-1.2121 0.252101

-1.2121 0.2521
-1.21185 0.25238

-1.21185 0.25238
-1.21179 0.25245

-1.21179 0.252449
-1.21159 0.252686

-1.21159 0.252686
-1.21149 0.252799

-1.21149 0.252797
-1.21132 0.252991

-1.21132 0.252991
-1.21118 0.253149

-1.21118 0.253147
-1.21105 0.253296

-1.21105 0.253296
-1.21088 0.253497

-1.21088 0.253496
-1.21078 0.253601

-1.21078 0.253601
-1.21057 0.253845

-1.21057 0.253844
-1.21052 0.253906

-1.21052 0.253906
-1.21027 0.254193

-1.21027 0.254193
-1.21025 0.254211

-1.21025 0.254211
-1.20998 0.254517

-1.20998 0.254517
-1.20996 0.254541

-1.20996 0.25454
-1.20971 0.254822

-1.20971 0.254822
-1.20966 0.254888

-1.20966 0.254888
-1.20945 0.255127

-1.20945 0.255127
-1.20935 0.255236

-1.20935 0.255234
-1.20918 0.255432

-1.20918 0.255432
-1.20905 0.255584

-1.20905 0.255582
-1.20891 0.255737

-1.20891 0.255737
-1.20874 0.255931

-1.20874 0.255929
-1.20864 0.256042

-1.20864 0.256042
-1.20844 0.256276

-1.20844 0.256276
-1.20837 0.256348

-1.20837 0.256348
-1.20813 0.256623

-1.20813 0.256622
-1.2081 0.256653

-1.2081 0.256653
-1.20783 0.256958

-1.20783 0.256958
-1.20782 0.256969

-1.20782 0.256969
-1.20756 0.257263

-1.20757 0.257263
-1.20752 0.257315

-1.20752 0.257315
-1.2073 0.257568

-1.2073 0.257568
-1.20721 0.257661

-1.20721 0.25766
-1.20703 0.257874

-1.20703 0.257874
-1.20691 0.258007

-1.20691 0.258005
-1.20676 0.258179

-1.20676 0.258179
-1.2066 0.258353

-1.2066 0.258351
-1.20649 0.258484

-1.20649 0.258484
-1.2063 0.258697

-1.2063 0.258696
-1.20622 0.258789

-1.20622 0.258789
-1.20599 0.259041

-1.20599 0.259041
-1.20595 0.259094

-1.20595 0.259094
-1.20569 0.259386

-1.20569 0.259386
-1.20568 0.259399

-1.20568 0.259399
-1.20541 0.259705

-1.20541 0.259705
-1.20538 0.259731

-1.20538 0.25973
-1.20514 0.26001

-1.20514 0.26001
-1.20508 0.260075

-1.20508 0.260074
-1.20486 0.260315

-1.20486 0.260315
-1.20477 0.260419

-1.20477 0.260417
-1.20459 0.26062

-1.20459 0.26062
-1.20447 0.260763

-1.20447 0.260761
-1.20432 0.260925

-1.20432 0.260925
-1.20416 0.261107

-1.20416 0.261105
-1.20405 0.26123

-1.20405 0.26123
-1.20386 0.261449

-1.20386 0.261449
-1.20378 0.261536

-1.20378 0.261536
-1.20355 0.261792

-1.20355 0.261792
-1.20351 0.261841

-1.20351 0.261841
-1.20325 0.262135

-1.20325 0.262135
-1.20324 0.262146

-1.20324 0.262146
-1.20297 0.262451

-1.20297 0.262451
-1.20294 0.262478

-1.20294 0.262477
-1.20269 0.262756

-1.20269 0.262756
-1.20264 0.26282

-1.20264 0.262819
-1.20242 0.263062

-1.20242 0.263062
-1.20233 0.263162

-1.20233 0.26316
-1.20215 0.263367

-1.20215 0.263367
-1.20203 0.263504

-1.20203 0.263503
-1.20188 0.263672

-1.20188 0.263672
-1.20172 0.263847

-1.20172 0.263845
-1.2016 0.263977

-1.2016 0.263977
-1.20142 0.264188

-1.20142 0.264187
-1.20133 0.264282

-1.20133 0.264282
-1.20111 0.264528

-1.20111 0.264528
-1.20106 0.264587

-1.20106 0.264587
-1.20081 0.264869

-1.20081 0.264869
-1.20078 0.264893

-1.20078 0.264893
-1.20051 0.265198

-1.20051 0.265198
-1.2005 0.26521

-1.2005 0.26521
-1.20024 0.265503

-1.20024 0.265503
-1.2002 0.265551

-1.2002 0.265551
-1.19996 0.265808

-1.19996 0.265808
-1.19989 0.265892

-1.19989 0.26589
-1.19969 0.266113

-1.19969 0.266113
-1.19958 0.266232

-1.19958 0.26623
-1.19942 0.266418

-1.19942 0.266418
-1.19928 0.266572

-1.19928 0.26657
-1.19914 0.266724

-1.19914 0.266724
-1.19897 0.266912

-1.19897 0.266911
-1.19887 0.267029

-1.19887 0.267029
-1.19867 0.267251

-1.19867 0.26725
-1.19859 0.267334

-1.19859 0.267334
-1.19836 0.26759

-1.19836 0.26759
-1.19832 0.267639

-1.19832 0.267639
-1.19806 0.267929

-1.19806 0.267929
-1.19805 0.267944

-1.19805 0.267944
-1.19777 0.26825

-1.19777 0.26825
-1.19775 0.268268

-1.19775 0.268268
-1.1975 0.268555

-1.1975 0.268555
-1.19745 0.268607

-1.19745 0.268606
-1.19722 0.26886

-1.19722 0.26886
-1.19714 0.268946

-1.19714 0.268944
-1.19695 0.269165

-1.19695 0.269165
-1.19684 0.269284

-1.19684 0.269282
-1.19667 0.26947

-1.19667 0.26947
-1.19653 0.269622

-1.19653 0.269621
-1.19639 0.269775

-1.19639 0.269775
-1.19623 0.26996

-1.19623 0.269959
-1.19612 0.270081

-1.19612 0.270081
-1.19592 0.270298

-1.19592 0.270297
-1.19584 0.270386

-1.19584 0.270386
-1.19562 0.270635

-1.19562 0.270634
-1.19557 0.270691

-1.19557 0.270691
-1.19531 0.270972

-1.19531 0.270971
-1.19529 0.270996

-1.19529 0.270996
-1.19501 0.271301

-1.19501 0.271301
-1.19501 0.271309

-1.19501 0.271308
-1.19474 0.271606

-1.19474 0.271606
-1.1947 0.271646

-1.1947 0.271645
-1.19446 0.271912

-1.19446 0.271912
-1.1944 0.271982

-1.1944 0.271981
-1.19418 0.272217

-1.19418 0.272217
-1.19409 0.272319

-1.19409 0.272317
-1.19391 0.272522

-1.19391 0.272522
-1.19379 0.272655

-1.19379 0.272653
-1.19363 0.272827

-1.19363 0.272827
-1.19348 0.272991

-1.19348 0.27299
-1.19335 0.273132

-1.19335 0.273132
-1.19318 0.273327

-1.19318 0.273326
-1.19308 0.273438

-1.19307 0.273438
-1.19287 0.273662

-1.19287 0.273662
-1.1928 0.273743

-1.1928 0.273743
-1.19257 0.273997

-1.19257 0.273997
-1.19252 0.274048

-1.19252 0.274048
-1.19226 0.274332

-1.19226 0.274332
-1.19224 0.274353

-1.19224 0.274353
-1.19196 0.274658

-1.19196 0.274658
-1.19196 0.274667

-1.19196 0.274667
-1.19169 0.274963

-1.19169 0.274963
-1.19165 0.275002

-1.19165 0.275002
-1.19141 0.275269

-1.19141 0.275269
-1.19135 0.275337

-1.19135 0.275336
-1.19113 0.275574

-1.19113 0.275574
-1.19104 0.275671

-1.19104 0.275669
-1.19085 0.275879

-1.19085 0.275879
-1.19073 0.276005

-1.19073 0.276004
-1.19057 0.276184

-1.19057 0.276184
-1.19043 0.276339

-1.19043 0.276338
-1.19029 0.276489

-1.19029 0.276489
-1.19012 0.276673

-1.19012 0.276672
-1.19001 0.276794

-1.19001 0.276794
-1.18982 0.277007

-1.18982 0.277006
-1.18973 0.2771

-1.18973 0.2771
-1.18951 0.27734

-1.18951 0.277339
-1.18945 0.277405

-1.18945 0.277405
-1.18921 0.277672

-1.18921 0.277672
-1.18917 0.27771

-1.18917 0.27771
-1.1889 0.278005

-1.1889 0.278005
-1.18889 0.278015

-1.18889 0.278015
-1.18861 0.27832

-1.18862 0.27832
-1.1886 0.278338

-1.1886 0.278338
-1.18833 0.278625

-1.18833 0.278625
-1.18829 0.278671

-1.18829 0.27867
-1.18805 0.278931

-1.18805 0.278931
-1.18799 0.279003

-1.18799 0.279002
-1.18777 0.279236

-1.18777 0.279236
-1.18768 0.279335

-1.18768 0.279333
-1.18749 0.279541

-1.18749 0.279541
-1.18738 0.279667

-1.18738 0.279666
-1.18721 0.279846

-1.18721 0.279846
-1.18707 0.279999

-1.18707 0.279998
-1.18693 0.280151

-1.18693 0.280151
-1.18677 0.280331

-1.18677 0.280329
-1.18665 0.280457

-1.18665 0.280457
-1.18646 0.280662

-1.18646 0.280661
-1.18637 0.280762

-1.18637 0.280762
-1.18616 0.280993

-1.18616 0.280992
-1.18609 0.281067

-1.18609 0.281067
-1.18585 0.281323

-1.18585 0.281323
-1.18581 0.281372

-1.18581 0.281372
-1.18555 0.281654

-1.18555 0.281654
-1.18553 0.281677

-1.18553 0.281677
-1.18524 0.281982

-1.18524 0.281982
-1.18524 0.281985

-1.18524 0.281984
-1.18496 0.282288

-1.18496 0.282288
-1.18494 0.282315

-1.18494 0.282314
-1.18468 0.282593

-1.18468 0.282593
-1.18463 0.282645

-1.18463 0.282644
-1.1844 0.282898

-1.1844 0.282898
-1.18433 0.282975

-1.18433 0.282974
-1.18412 0.283203

-1.18411 0.283203
-1.18402 0.283305

-1.18402 0.283303
-1.18383 0.283508

-1.18383 0.283508
-1.18372 0.283634

-1.18372 0.283633
-1.18355 0.283813

-1.18355 0.283813
-1.18341 0.283964

-1.18341 0.283962
-1.18327 0.284119

-1.18327 0.284119
-1.18311 0.284293

-1.18311 0.284292
-1.18298 0.284424

-1.18298 0.284424
-1.1828 0.284622

-1.1828 0.284621
-1.1827 0.284729

-1.1827 0.284729
-1.1825 0.284951

-1.1825 0.28495
-1.18242 0.285034

-1.18242 0.285034
-1.18219 0.285279

-1.18219 0.285278
-1.18213 0.285339

-1.18213 0.285339
-1.18188 0.285607

-1.18188 0.285607
-1.18185 0.285645

-1.18185 0.285645
-1.18158 0.285935

-1.18158 0.285935
-1.18157 0.28595

-1.18157 0.28595
-1.18128 0.286255

-1.18128 0.286255
-1.18127 0.286263

-1.18127 0.286263
-1.181 0.28656

-1.181 0.28656
-1.18097 0.286591

-1.18097 0.286591
-1.18071 0.286865

-1.18071 0.286865
-1.18066 0.286919

-1.18066 0.286918
-1.18043 0.28717

-1.18043 0.28717
-1.18036 0.287246

-1.18036 0.287245
-1.18015 0.287476

-1.18014 0.287476
-1.18005 0.287573

-1.18005 0.287572
-1.17986 0.287781

-1.17986 0.287781
-1.17975 0.2879

-1.17975 0.287899
-1.17958 0.288086

-1.17957 0.288086
-1.17944 0.288227

-1.17944 0.288226
-1.17929 0.288391

-1.17929 0.288391
-1.17914 0.288554

-1.17914 0.288553
-1.179 0.288696

-1.179 0.288696
-1.17883 0.288881

-1.17883 0.288879
-1.17872 0.289001

-1.17872 0.289001
-1.17853 0.289207

-1.17853 0.289206
-1.17843 0.289307

-1.17843 0.289307
-1.17822 0.289533

-1.17822 0.289532
-1.17815 0.289612

-1.17815 0.289612
-1.17792 0.289858

-1.17792 0.289858
-1.17786 0.289917

-1.17786 0.289917
-1.17761 0.290184

-1.17761 0.290183
-1.17758 0.290222

-1.17758 0.290222
-1.17731 0.290509

-1.17731 0.290509
-1.17729 0.290527

-1.17729 0.290527
-1.177 0.290833

-1.177 0.290833
-1.177 0.290835

-1.177 0.290834
-1.17672 0.291138

-1.17672 0.291138
-1.1767 0.29116

-1.1767 0.291159
-1.17643 0.291443

-1.17643 0.291443
-1.17639 0.291485

-1.17639 0.291484
-1.17614 0.291748

-1.17614 0.291748
-1.17609 0.291809

-1.17609 0.291808
-1.17586 0.292053

-1.17586 0.292053
-1.17578 0.292134

-1.17578 0.292132
-1.17557 0.292358

-1.17557 0.292358
-1.17548 0.292458

-1.17548 0.292457
-1.17528 0.292664

-1.17528 0.292664
-1.17517 0.292783

-1.17517 0.292781
-1.175 0.292969

-1.175 0.292969
-1.17487 0.293107

-1.17487 0.293105
-1.17471 0.293274

-1.17471 0.293274
-1.17456 0.293431

-1.17456 0.293429
-1.17442 0.293579

-1.17442 0.293579
-1.17426 0.293754

-1.17426 0.293753
-1.17413 0.293884

-1.17413 0.293884
-1.17395 0.294078

-1.17395 0.294077
-1.17384 0.294189

-1.17384 0.294189
-1.17365 0.294401

-1.17365 0.2944
-1.17356 0.294495

-1.17355 0.294495
-1.17334 0.294724

-1.17334 0.294723
-1.17327 0.2948

-1.17327 0.2948
-1.17303 0.295047

-1.17303 0.295046
-1.17298 0.295105

-1.17298 0.295105
-1.17273 0.295369

-1.17273 0.295369
-1.17269 0.29541

-1.17269 0.29541
-1.17242 0.295691

-1.17242 0.295691
-1.1724 0.295715

-1.1724 0.295715
-1.17212 0.296014

-1.17212 0.296014
-1.17211 0.296021

-1.17211 0.296021
-1.17182 0.296326

-1.17182 0.296326
-1.17181 0.296336

-1.17181 0.296336
-1.17153 0.296631

-1.17153 0.296631
-1.17151 0.296658

-1.17151 0.296658
-1.17124 0.296936

-1.17125 0.296936
-1.1712 0.29698

-1.1712 0.296979
-1.17096 0.297241

-1.17096 0.297241
-1.1709 0.297301

-1.1709 0.2973
-1.17067 0.297546

-1.17067 0.297546
-1.17059 0.297623

-1.17059 0.297621
-1.17038 0.297852

-1.17038 0.297852
-1.17029 0.297944

-1.17029 0.297943
-1.17009 0.298157

-1.17009 0.298157
-1.16998 0.298265

-1.16998 0.298264
-1.1698 0.298462

-1.1698 0.298462
-1.16968 0.298586

-1.16968 0.298585
-1.16951 0.298767

-1.16951 0.298767
-1.16937 0.298907

-1.16937 0.298906
-1.16921 0.299072

-1.16921 0.299072
-1.16907 0.299227

-1.16907 0.299226
-1.16892 0.299377

-1.16892 0.299377
-1.16876 0.299548

-1.16876 0.299547
-1.16863 0.299683

-1.16863 0.299683
-1.16846 0.299868

-1.16846 0.299867
-1.16834 0.299988

-1.16834 0.299988
-1.16815 0.300188

-1.16815 0.300187
-1.16805 0.300293

-1.16805 0.300293
-1.16785 0.300508

-1.16785 0.300507
-1.16776 0.300598

-1.16776 0.300598
-1.16754 0.300828

-1.16754 0.300827
-1.16747 0.300903

-1.16747 0.300903
-1.16724 0.301147

-1.16724 0.301146
-1.16718 0.301208

-1.16718 0.301208
-1.16693 0.301466

-1.16693 0.301465
-1.16688 0.301514

-1.16688 0.301514
-1.16663 0.301785

-1.16663 0.301784
-1.16659 0.301819

-1.16659 0.301819
-1.16632 0.302103

-1.16632 0.302103
-1.1663 0.302124

-1.1663 0.302124
-1.16602 0.302422

-1.16602 0.302422
-1.16601 0.302429

-1.16601 0.302429
-1.16572 0.302734

-1.16572 0.302734
-1.16571 0.302741

-1.16571 0.30274
-1.16542 0.30304

-1.16542 0.30304
-1.16541 0.303059

-1.16541 0.303059
-1.16513 0.303345

-1.16513 0.303345
-1.1651 0.303377

-1.1651 0.303377
-1.16484 0.30365

-1.16484 0.30365
-1.16479 0.303695

-1.16479 0.303695
-1.16455 0.303955

-1.16455 0.303955
-1.16449 0.304013

-1.16449 0.304012
-1.16425 0.30426

-1.16425 0.30426
-1.16418 0.304331

-1.16418 0.30433
-1.16396 0.304565

-1.16396 0.304565
-1.16388 0.304648

-1.16388 0.304647
-1.16367 0.304871

-1.16367 0.304871
-1.16357 0.304966

-1.16357 0.304965
-1.16337 0.305176

-1.16337 0.305176
-1.16327 0.305283

-1.16327 0.305282
-1.16308 0.305481

-1.16308 0.305481
-1.16296 0.3056

-1.16296 0.305599
-1.16278 0.305786

-1.16278 0.305786
-1.16266 0.305916

-1.16266 0.305916
-1.16249 0.306091

-1.16249 0.306091
-1.16235 0.306233

-1.16235 0.306232
-1.1622 0.306396

-1.1622 0.306396
-1.16205 0.30655

-1.16205 0.306549
-1.1619 0.306702

-1.1619 0.306702
-1.16174 0.306866

-1.16174 0.306865
-1.16161 0.307007

-1.16161 0.307007
-1.16144 0.307182

-1.16144 0.307181
-1.16131 0.307312

-1.16131 0.307312
-1.16113 0.307498

-1.16113 0.307497
-1.16102 0.307617

-1.16102 0.307617
-1.16083 0.307814

-1.16083 0.307813
-1.16072 0.307922

-1.16072 0.307922
-1.16052 0.308129

-1.16052 0.308128
-1.16043 0.308228

-1.16043 0.308228
-1.16022 0.308445

-1.16022 0.308444
-1.16013 0.308533

-1.16013 0.308533
-1.15991 0.30876

-1.15991 0.308759
-1.15984 0.308838

-1.15984 0.308838
-1.15961 0.309075

-1.15961 0.309074
-1.15954 0.309143

-1.15954 0.309143
-1.1593 0.30939

-1.1593 0.309389
-1.15924 0.309448

-1.15924 0.309448
-1.159 0.309704

-1.159 0.309704
-1.15895 0.309753

-1.15895 0.309753
-1.15869 0.310019

-1.15869 0.310018
-1.15865 0.310059

-1.15865 0.310059
-1.15839 0.310333

-1.15839 0.310333
-1.15836 0.310364

-1.15836 0.310364
-1.15808 0.310647

-1.15808 0.310647
-1.15806 0.310669

-1.15806 0.310669
-1.15778 0.310961

-1.15778 0.310961
-1.15776 0.310974

-1.15776 0.310974
-1.15747 0.311275

-1.15747 0.311275
-1.15747 0.311279

-1.15747 0.311279
-1.15717 0.311584

-1.15717 0.311584
-1.15717 0.311589

-1.15717 0.311588
-1.15687 0.31189

-1.15687 0.31189
-1.15686 0.311902

-1.15686 0.311902
-1.15658 0.312195

-1.15658 0.312195
-1.15656 0.312216

-1.15656 0.312215
-1.15628 0.3125

-1.15625 0.0105827
-1.15594 0.0105588

-1.15594 0.0105588
-1.15564 0.010535

-1.15564 0.0105349
-1.15533 0.0105113

-1.15533 0.0105113
-1.15503 0.0104878

-1.15503 0.0104878
-1.15472 0.0104643

-1.15472 0.0104643
-1.15442 0.010441

-1.15442 0.010441
-1.15411 0.0104178

-1.15411 0.0104178
-1.15381 0.0103945

-1.1535 0.0103712
-1.15357 0.010376

-1.1535 0.0103712
-1.1532 0.0103479

-1.15381 0.0103946
-1.15357 0.010376

-1.1532 0.0103479
-1.15289 0.0103248

-1.15289 0.0103248
-1.15259 0.0103017

-1.15259 0.0103017
-1.15228 0.0102788

-1.15228 0.0102788
-1.15198 0.0102559

-1.15198 0.0102559
-1.15167 0.0102331

-1.15167 0.0102331
-1.15137 0.0102104

-1.15137 0.0102104
-1.15106 0.0101878

-1.15106 0.0101878
-1.15076 0.0101652

-1.15076 0.0101652
-1.15045 0.0101427

-1.15045 0.0101427
-1.15015 0.0101203

-1.15015 0.0101203
-1.14984 0.0100978

-1.14984 0.0100979
-1.14954 0.0100753

-1.14923 0.0100526
-1.14948 0.0100708

-1.14954 0.0100753
-1.14948 0.0100708

-1.14923 0.0100526
-1.14893 0.0100301

-1.14893 0.0100301
-1.14862 0.0100077

-1.14862 0.0100077
-1.14832 0.00998544

-1.14832 0.00998544
-1.14801 0.00996328

-1.14801 0.00996328
-1.14771 0.00994122

-1.14771 0.00994121
-1.1474 0.00991925

-1.1474 0.00991923
-1.14709 0.00989743

-1.14709 0.00989746
-1.14679 0.00987578

-1.14679 0.00987577
-1.14648 0.00985418

-1.14496 0.00974703
-1.14522 0.00976562

-1.14496 0.00974703
-1.14465 0.0097257

-1.14465 0.0097257
-1.14435 0.00970449

-1.14435 0.00970449
-1.14404 0.00968338

-1.14404 0.00968338
-1.14374 0.00966235

-1.14374 0.00966235
-1.14343 0.00964137

-1.14343 0.00964138
-1.14313 0.00962043

-1.14313 0.00962041
-1.14282 0.00959955

-1.14282 0.00959958
-1.14252 0.00957882

-1.14252 0.00957882
-1.14221 0.0095581

-1.14221 0.00955811
-1.14191 0.00953742

-1.14191 0.00953743
-1.1416 0.00951677

-1.1416 0.00951678
-1.1413 0.00949613

-1.1413 0.00949616
-1.14099 0.00947544

-1.14069 0.00945455
-1.14077 0.00946045

-1.14099 0.00947547
-1.14077 0.00946045

-1.14069 0.00945456
-1.14038 0.00943373

-1.14038 0.00943374
-1.14008 0.00941303

-1.14008 0.00941303
-1.13977 0.00939243

-1.13977 0.00939243
-1.13947 0.00937193

-1.13947 0.00937194
-1.13916 0.00935153

-1.13916 0.00935153
-1.13885 0.0093312

-1.13885 0.00933119
-1.13855 0.00931095

-1.13855 0.00931093
-1.13824 0.00929083

-1.13824 0.00929086
-1.13794 0.00927087

-1.13794 0.00927086
-1.13763 0.00925094

-1.13763 0.00925094
-1.13733 0.0092311

-1.13733 0.0092311
-1.13702 0.00921134

-1.13702 0.00921135
-1.13672 0.00919165

-1.14648 0.00985418
-1.14618 0.00983269

-1.14618 0.0098327
-1.14587 0.00981129

-1.14587 0.00981131
-1.14557 0.00978994

-1.14557 0.00978997
-1.14526 0.00976854

-1.14526 0.00976855
-1.14522 0.00976562

-1.13611 0.00915217
-1.13616 0.00915527

-1.13672 0.00919168
-1.13641 0.00917199

-1.13641 0.00917202
-1.13616 0.00915527

-1.13611 0.00915218
-1.1358 0.00913242

-1.1358 0.00913242
-1.1355 0.00911277

-1.1355 0.00911277
-1.13519 0.00909322

-1.13519 0.00909323
-1.13489 0.00907377

-1.13489 0.00907377
-1.13458 0.00905438

-1.13458 0.00905439
-1.13428 0.00903505

-1.13428 0.00903506
-1.13397 0.00901575

-1.13397 0.00901573
-1.13367 0.0089965

-1.13367 0.00899653
-1.13336 0.0089774

-1.13336 0.0089774
-1.13306 0.00895832

-1.13306 0.00895832
-1.13275 0.00893928

-1.13275 0.00893928
-1.13245 0.00892027

-1.13245 0.00892027
-1.13214 0.00890129

-1.13214 0.0089013
-1.13184 0.00888232

-1.13184 0.00888234
-1.13153 0.00886329

-1.13123 0.00884405
-1.13132 0.0088501

-1.13153 0.00886332
-1.13132 0.0088501

-1.13123 0.00884406
-1.13092 0.0088249

-1.13092 0.0088249
-1.13062 0.00880586

-1.13062 0.00880586
-1.13031 0.00878692

-1.13031 0.00878692
-1.13 0.00876808

-1.13 0.00876808
-1.1297 0.00874934

-1.1297 0.00874935
-1.12939 0.00873069

-1.12939 0.00873069
-1.12909 0.0087121

-1.12909 0.00871208
-1.12878 0.00869361

-1.12878 0.00869364
-1.12848 0.0086753

-1.12848 0.0086753
-1.12817 0.00865706

-1.12817 0.00865706
-1.12787 0.00863889

-1.12787 0.00863889
-1.12756 0.0086208

-1.12756 0.0086208
-1.12726 0.00860279

-1.12726 0.0086028
-1.12695 0.00858487

-1.12604 0.008531
-1.12627 0.00854492

-1.12604 0.00853099
-1.12573 0.00851308

-1.12695 0.00858488
-1.12665 0.00856699

-1.12665 0.00856702
-1.12634 0.00854906

-1.12634 0.00854906
-1.12627 0.00854492

-1.12573 0.00851309
-1.12543 0.00849528

-1.12543 0.00849529
-1.12512 0.00847758

-1.12512 0.00847758
-1.12482 0.00845995

-1.12482 0.00845995
-1.12451 0.00844238

-1.12451 0.00844239
-1.12421 0.00842487

-1.12421 0.00842487
-1.1239 0.00840738

-1.1239 0.00840738
-1.1236 0.00838993

-1.1236 0.00838991
-1.12329 0.00837255

-1.12329 0.00837258
-1.12299 0.00835529

-1.12299 0.00835528
-1.12268 0.00833801

-1.12268 0.00833801
-1.12238 0.00832076

-1.12238 0.00832076
-1.12207 0.00830353

-1.12207 0.00830353
-1.12177 0.00828631

-1.12177 0.00828632
-1.12146 0.00826908

-1.12146 0.00826911
-1.12115 0.00825179

-1.12085 0.00823427
-1.12095 0.00823975

-1.12115 0.00825182
-1.12094 0.00823975

-1.12085 0.00823428
-1.12054 0.00821683

-1.12054 0.00821683
-1.12024 0.00819948

-1.12024 0.00819948
-1.11993 0.00818223

-1.11993 0.00818223
-1.11963 0.00816506

-1.11963 0.00816506
-1.11932 0.00814798

-1.11932 0.00814798
-1.11902 0.00813097

-1.11902 0.00813097
-1.11871 0.00811403

-1.11871 0.00811403
-1.11841 0.00809715

-1.11841 0.00809713
-1.1181 0.00808036

-1.1181 0.00808038
-1.1178 0.00806373

-1.1178 0.00806373
-1.11749 0.00804714

-1.11749 0.00804714
-1.11719 0.00803061

-1.11719 0.00803061
-1.11688 0.00801414

-1.11688 0.00801414
-1.11658 0.00799774

-1.11658 0.00799774
-1.11627 0.00798142

-1.11627 0.00798142
-1.11597 0.00796515

-1.11536 0.00793247
-1.1154 0.00793457

-1.11597 0.00796517
-1.11566 0.00794889

-1.11566 0.00794892
-1.11539 0.00793457

-1.11536 0.00793248
-1.11505 0.0079161

-1.11505 0.0079161
-1.11475 0.00789982

-1.11475 0.00789983
-1.11444 0.00788364

-1.11444 0.00788364
-1.11414 0.00786753

-1.11414 0.00786754
-1.11383 0.0078515

-1.11383 0.0078515
-1.11353 0.00783552

-1.11353 0.00783552
-1.11322 0.00781959

-1.11322 0.0078196
-1.11292 0.00780369

-1.11292 0.00780369
-1.11261 0.00778781

-1.11261 0.00778779
-1.1123 0.00777199

-1.1123 0.00777202
-1.112 0.0077563

-1.112 0.00775629
-1.11169 0.0077406

-1.11169 0.0077406
-1.11139 0.00772493

-1.11139 0.00772493
-1.11108 0.00770929

-1.11108 0.00770929
-1.11078 0.00769366

-1.11078 0.00769366
-1.11047 0.00767805

-1.11047 0.00767805
-1.11017 0.00766243

-1.11017 0.00766245
-1.10986 0.00764678

-1.10986 0.00764681
-1.10956 0.00763101

-1.10925 0.00761505
-1.10953 0.00762939

-1.10956 0.00763101
-1.10953 0.00762939

-1.10925 0.00761505
-1.10895 0.00759926

-1.10895 0.00759926
-1.10864 0.00758355

-1.10864 0.00758355
-1.10834 0.00756794

-1.10834 0.00756794
-1.10803 0.00755241

-1.10803 0.00755241
-1.10773 0.00753697

-1.10773 0.00753697
-1.10742 0.0075216

-1.10742 0.0075216
-1.10712 0.0075063

-1.10712 0.0075063
-1.10681 0.00749107

-1.10681 0.00749106
-1.10651 0.0074759

-1.10651 0.00747589
-1.1062 0.00746086

-1.1062 0.00746089
-1.1059 0.00744595

-1.1059 0.00744594
-1.10559 0.00743106

-1.10559 0.00743106
-1.10529 0.00741624

-1.10529 0.00741624
-1.10498 0.00740149

-1.10315 0.00731389
-1.10336 0.00732422

-1.10315 0.00731388
-1.10284 0.00729931

-1.10284 0.00729932
-1.10254 0.00728486

-1.10498 0.00740149
-1.10468 0.0073868

-1.10468 0.0073868
-1.10437 0.0073722

-1.10437 0.0073722
-1.10406 0.00735765

-1.10406 0.00735767
-1.10376 0.00734315

-1.10376 0.00734318
-1.10345 0.00732859

-1.10345 0.00732859
-1.10336 0.00732422

-1.10254 0.00728486
-1.10223 0.00727048

-1.10223 0.00727049
-1.10193 0.00725618

-1.10193 0.00725618
-1.10162 0.00724194

-1.10162 0.00724194
-1.10132 0.00722775

-1.10132 0.00722776
-1.10101 0.00721362

-1.10101 0.00721362
-1.10071 0.00719951

-1.10071 0.00719952
-1.1004 0.00718543

-1.1004 0.00718542
-1.1001 0.00717135

-1.1001 0.00717133
-1.09979 0.00715734

-1.09979 0.00715737
-1.09949 0.00714344

-1.09949 0.00714344
-1.09918 0.00712952

-1.09918 0.00712952
-1.09888 0.00711562

-1.09888 0.00711563
-1.09857 0.00710174

-1.09857 0.00710174
-1.09827 0.00708786

-1.09827 0.00708787
-1.09796 0.00707399

-1.09796 0.00707399
-1.09766 0.00706011

-1.09766 0.00706011
-1.09735 0.0070462

-1.09735 0.00704622
-1.09705 0.00703224

-1.09674 0.00701803
-1.09676 0.00701904

-1.09705 0.00703227
-1.09676 0.00701904

-1.09674 0.00701804
-1.09644 0.00700385

-1.09644 0.00700385
-1.09613 0.00698974

-1.09613 0.00698973
-1.09583 0.0069757

-1.09583 0.0069757
-1.09552 0.00696174

-1.09552 0.00696174
-1.09521 0.00694785

-1.09521 0.00694785
-1.09491 0.00693403

-1.09491 0.00693403
-1.0946 0.00692028

-1.0946 0.00692028
-1.0943 0.00690658

-1.0943 0.00690659
-1.09399 0.00689295

-1.09399 0.00689295
-1.09369 0.00687935

-1.09369 0.00687934
-1.09338 0.00686581

-1.09338 0.0068658
-1.09308 0.00685237

-1.09308 0.00685241
-1.09277 0.00683907

-1.09277 0.00683906
-1.09247 0.00682576

-1.09247 0.00682576
-1.09216 0.0068125

-1.09216 0.0068125
-1.09186 0.0067993

-1.09186 0.0067993
-1.09155 0.00678615

-1.09155 0.00678615
-1.09125 0.00677305

-1.09125 0.00677305
-1.09094 0.00676001

-1.09094 0.00676001
-1.09064 0.00674702

-1.09064 0.00674704
-1.09033 0.00673408

-1.08972 0.00670795
-1.08986 0.00671387

-1.09033 0.00673411
-1.09003 0.0067211

-1.09003 0.00672112
-1.08986 0.00671387

-1.08972 0.00670795
-1.08942 0.00669488

-1.08942 0.00669489
-1.08911 0.00668192

-1.08911 0.00668192
-1.08881 0.00666902

-1.08881 0.00666903
-1.0885 0.0066562

-1.0885 0.0066562
-1.0882 0.00664343

-1.0882 0.00664343
-1.08789 0.00663072

-1.08789 0.00663072
-1.08759 0.00661805

-1.08759 0.00661805
-1.08728 0.00660543

-1.08728 0.00660543
-1.08698 0.00659284

-1.08698 0.00659284
-1.08667 0.00658027

-1.08667 0.00658028
-1.08636 0.00656771

-1.08636 0.00656768
-1.08606 0.00655517

-1.08606 0.00655519
-1.08575 0.00654275

-1.08575 0.00654275
-1.08545 0.00653034

-1.08545 0.00653035
-1.08514 0.00651796

-1.08514 0.00651796
-1.08484 0.00650558

-1.08484 0.00650558
-1.08453 0.00649322

-1.08453 0.00649322
-1.08423 0.00648086

-1.08423 0.00648086
-1.08392 0.0064685

-1.08392 0.0064685
-1.08362 0.00645614

-1.08362 0.00645614
-1.08331 0.00644377

-1.08331 0.00644378
-1.08301 0.00643136

-1.08301 0.00643138
-1.0827 0.00641888

-1.0824 0.00640614
-1.08246 0.00640869

-1.0827 0.00641891
-1.08246 0.00640869

-1.0824 0.00640615
-1.08209 0.00639344

-1.08209 0.00639345
-1.08179 0.00638082

-1.08179 0.00638082
-1.08148 0.00636826

-1.08148 0.00636827
-1.08118 0.00635578

-1.08118 0.00635578
-1.08087 0.00634336

-1.08087 0.00634336
-1.08057 0.006331

-1.08057 0.006331
-1.08026 0.0063187

-1.08026 0.0063187
-1.07996 0.00630646

-1.07996 0.00630646
-1.07965 0.00629428

-1.07965 0.00629429
-1.07935 0.00628216

-1.07935 0.00628216
-1.07904 0.00627007

-1.07904 0.00627006
-1.07874 0.00625803

-1.07874 0.006258
-1.07843 0.00624607

-1.07843 0.0062461
-1.07812 0.00623425

-1.07812 0.00623425
-1.07782 0.00622245

-1.07782 0.00622245
-1.07751 0.00621069

-1.07751 0.00621069
-1.07721 0.00619898

-1.07721 0.00619898
-1.0769 0.00618732

-1.0769 0.00618732
-1.0766 0.00617572

-1.0766 0.00617572
-1.07629 0.00616417

-1.07629 0.00616416
-1.07599 0.00615267

-1.07599 0.00615267
-1.07568 0.00614124

-1.07446 0.00609554
-1.07467 0.00610352

-1.07568 0.00614124
-1.07538 0.00612986

-1.07538 0.00612988
-1.07507 0.00611851

-1.07507 0.00611854
-1.07477 0.0061071

-1.07477 0.0061071
-1.07467 0.00610352

-1.07446 0.00609553
-1.07416 0.00608409

-1.07416 0.0060841
-1.07385 0.00607276

-1.07385 0.00607276
-1.07355 0.00606149

-1.07355 0.00606149
-1.07324 0.00605029

-1.07324 0.00605029
-1.07294 0.00603915

-1.07294 0.00603915
-1.07263 0.00602806

-1.07263 0.00602806
-1.07233 0.00601702

-1.07233 0.00601702
-1.07202 0.00600602

-1.07202 0.00600602
-1.07172 0.00599506

-1.07172 0.00599506
-1.07141 0.00598414

-1.07141 0.00598415
-1.07111 0.00597325

-1.07111 0.00597325
-1.0708 0.00596236

-1.0708 0.00596236
-1.0705 0.00595148

-1.0705 0.00595146
-1.07019 0.00594066

-1.07019 0.00594069
-1.06989 0.00592994

-1.06989 0.00592994
-1.06958 0.00591921

-1.06958 0.00591921
-1.06927 0.00590849

-1.06927 0.00590849
-1.06897 0.00589779

-1.06897 0.00589779
-1.06866 0.0058871

-1.06866 0.00588711
-1.06836 0.00587642

-1.06836 0.00587642
-1.06805 0.00586574

-1.06805 0.00586574
-1.06775 0.00585505

-1.06775 0.00585505
-1.06744 0.00584435

-1.06744 0.00584435
-1.06714 0.00583363

-1.06714 0.00583363
-1.06683 0.00582287

-1.06683 0.00582289
-1.06653 0.00581206

-1.06653 0.00581208
-1.06622 0.0058011

-1.06592 0.00578994
-1.06615 0.00579834

-1.06622 0.0058011
-1.06615 0.00579834

-1.06592 0.00578993
-1.06561 0.00577886

-1.06561 0.00577886
-1.06531 0.00576787

-1.06531 0.00576787
-1.065 0.00575693

-1.065 0.00575693
-1.0647 0.00574605

-1.0647 0.00574605
-1.06439 0.00573522

-1.06439 0.00573523
-1.06409 0.00572445

-1.06409 0.00572445
-1.06378 0.00571372

-1.06378 0.00571372
-1.06348 0.00570304

-1.06348 0.00570304
-1.06317 0.0056924

-1.06317 0.0056924
-1.06287 0.00568181

-1.06287 0.00568181
-1.06256 0.00567126

-1.06256 0.00567127
-1.06226 0.00566074

-1.06226 0.00566074
-1.06195 0.00565025

-1.06195 0.00565022
-1.06165 0.00563982

-1.06165 0.00563985
-1.06134 0.00562953

-1.06134 0.00562953
-1.06104 0.00561923

-1.06104 0.00561923
-1.06073 0.00560898

-1.06073 0.00560898
-1.06042 0.00559875

-1.06042 0.00559875
-1.06012 0.00558856

-1.06012 0.00558856
-1.05981 0.00557841

-1.05981 0.00557841
-1.05951 0.0055683

-1.05951 0.00556829
-1.0592 0.00555822

-1.0592 0.00555822
-1.0589 0.00554818

-1.0589 0.00554818
-1.05859 0.00553819

-1.05859 0.00553819
-1.05829 0.00552824

-1.05829 0.00552824
-1.05798 0.00551833

-1.05798 0.00551834
-1.05768 0.00550845

-1.05768 0.00550848
-1.05737 0.00549852

-1.05707 0.00548842
-1.05721 0.00549316

-1.05707 0.00548842
-1.05676 0.00547839

-1.05737 0.00549854
-1.05721 0.00549316

-1.05676 0.0054784
-1.05646 0.00546846

-1.05646 0.00546846
-1.05615 0.00545859

-1.05615 0.00545859
-1.05585 0.00544878

-1.05585 0.00544879
-1.05554 0.00543903

-1.05554 0.00543903
-1.05524 0.00542932

-1.05524 0.00542932
-1.05493 0.00541966

-1.05493 0.00541966
-1.05463 0.00541004

-1.05463 0.00541004
-1.05432 0.00540046

-1.05432 0.00540046
-1.05402 0.00539092

-1.05402 0.00539092
-1.05371 0.00538141

-1.05371 0.00538141
-1.05341 0.00537194

-1.05341 0.00537194
-1.0531 0.0053625

-1.0531 0.0053625
-1.0528 0.00535307

-1.0528 0.00535306
-1.05249 0.00534363

-1.05249 0.00534361
-1.05219 0.00533425

-1.05219 0.00533427
-1.05188 0.00532498

-1.05188 0.00532497
-1.05157 0.00531569

-1.05157 0.00531569
-1.05127 0.00530643

-1.05127 0.00530643
-1.05096 0.00529719

-1.05096 0.00529719
-1.05066 0.00528796

-1.05066 0.00528797
-1.05035 0.00527875

-1.05035 0.00527875
-1.05005 0.00526954

-1.05005 0.00526954
-1.04974 0.00526034

-1.04974 0.00526034
-1.04944 0.00525114

-1.04944 0.00525114
-1.04913 0.00524193

-1.04913 0.00524193
-1.04883 0.00523271

-1.04883 0.00523271
-1.04852 0.00522346

-1.04852 0.00522346
-1.04822 0.00521418

-1.04822 0.00521419
-1.04791 0.00520486

-1.04791 0.00520488
-1.04761 0.00519543

-1.0473 0.00518575
-1.04737 0.00518799

-1.04761 0.00519546
-1.04737 0.00518799

-1.0473 0.00518576
-1.047 0.0051761

-1.047 0.0051761
-1.04669 0.0051665

-1.04669 0.0051665
-1.04639 0.00515694

-1.04639 0.00515694
-1.04608 0.00514744

-1.04608 0.00514744
-1.04578 0.00513799

-1.04578 0.00513799
-1.04547 0.00512858

-1.04547 0.00512858
-1.04517 0.00511921

-1.04517 0.00511921
-1.04486 0.00510989

-1.04486 0.00510989
-1.04456 0.0051006

-1.04456 0.0051006
-1.04425 0.00509135

-1.04425 0.00509135
-1.04395 0.00508214

-1.04395 0.00508214
-1.04364 0.00507297

-1.04364 0.00507297
-1.04333 0.00506384

-1.04333 0.00506384
-1.04303 0.00505474

-1.04303 0.00505474
-1.04272 0.00504566

-1.04272 0.00504565
-1.04242 0.00503661

-1.04242 0.00503659
-1.04211 0.00502764

-1.04211 0.00502767
-1.04181 0.00501878

-1.04181 0.00501877
-1.0415 0.0050099

-1.0415 0.0050099
-1.0412 0.00500106

-1.0412 0.00500106
-1.04089 0.00499225

-1.04089 0.00499225
-1.04059 0.00498347

-1.04059 0.00498347
-1.04028 0.00497473

-1.04028 0.00497473
-1.03998 0.00496602

-1.03998 0.00496602
-1.03967 0.00495734

-1.03967 0.00495734
-1.03937 0.0049487

-1.03937 0.0049487
-1.03906 0.0049401

-1.03693 0.00488067
-1.037 0.00488281

-1.03693 0.00488067
-1.03662 0.00487212

-1.03662 0.00487212
-1.03632 0.00486365

-1.03632 0.00486366
-1.03601 0.00485526

-1.03601 0.00485526
-1.03571 0.00484692

-1.03571 0.00484692
-1.0354 0.00483864

-1.0354 0.00483864
-1.0351 0.0048304

-1.0351 0.0048304
-1.03479 0.00482221

-1.03479 0.00482221
-1.03448 0.00481406

-1.03448 0.00481406
-1.03418 0.00480594

-1.03906 0.0049401
-1.03876 0.00493154

-1.03876 0.00493154
-1.03845 0.00492302

-1.03845 0.00492302
-1.03815 0.00491455

-1.03815 0.00491455
-1.03784 0.00490612

-1.03784 0.00490613
-1.03754 0.00489771

-1.03754 0.00489773
-1.03723 0.00488928

-1.03723 0.0048893
-1.037 0.00488281

-1.03418 0.00480594
-1.03387 0.00479787

-1.03387 0.00479787
-1.03357 0.00478983

-1.03357 0.00478983
-1.03326 0.00478183

-1.03326 0.00478183
-1.03296 0.00477386

-1.03296 0.00477386
-1.03265 0.00476592

-1.03265 0.00476592
-1.03235 0.00475802

-1.03235 0.00475802
-1.03204 0.00475014

-1.03204 0.00475015
-1.03174 0.00474228

-1.03174 0.00474228
-1.03143 0.00473441

-1.03143 0.00473438
-1.03113 0.00472658

-1.03113 0.0047266
-1.03082 0.00471886

-1.03082 0.00471886
-1.03052 0.00471114

-1.03052 0.00471114
-1.03021 0.00470345

-1.03021 0.00470346
-1.02991 0.00469579

-1.02991 0.00469579
-1.0296 0.00468814

-1.0296 0.00468814
-1.0293 0.00468051

-1.0293 0.00468051
-1.02899 0.0046729

-1.02899 0.0046729
-1.02869 0.0046653

-1.02869 0.0046653
-1.02838 0.00465771

-1.02838 0.00465771
-1.02808 0.00465012

-1.02808 0.00465012
-1.02777 0.00464253

-1.02777 0.00464254
-1.02747 0.00463494

-1.02747 0.00463494
-1.02716 0.00462734

-1.02716 0.00462734
-1.02686 0.00461972

-1.02686 0.00461972
-1.02655 0.00461207

-1.02655 0.00461207
-1.02625 0.00460439

-1.02625 0.0046044
-1.02594 0.00459667

-1.02594 0.00459668
-1.02563 0.00458887

-1.02563 0.00458889
-1.02533 0.00458093

-1.02502 0.00457278
-1.02521 0.00457764

-1.02533 0.00458093
-1.02521 0.00457764

-1.02502 0.00457277
-1.02472 0.00456467

-1.02472 0.00456467
-1.02441 0.00455663

-1.02441 0.00455663
-1.02411 0.00454863

-1.02411 0.00454863
-1.0238 0.00454067

-1.0238 0.00454067
-1.0235 0.00453275

-1.0235 0.00453275
-1.02319 0.00452486

-1.02319 0.00452486
-1.02289 0.00451701

-1.02289 0.00451701
-1.02258 0.00450918

-1.02258 0.00450918
-1.02228 0.00450139

-1.02228 0.00450139
-1.02197 0.00449363

-1.02197 0.00449363
-1.02167 0.0044859

-1.02167 0.0044859
-1.02136 0.0044782

-1.02136 0.0044782
-1.02106 0.00447053

-1.02106 0.00447053
-1.02075 0.00446288

-1.02075 0.00446288
-1.02045 0.00445527

-1.02045 0.00445527
-1.02014 0.00444768

-1.02014 0.00444768
-1.01984 0.00444011

-1.01984 0.00444011
-1.01953 0.00443255

-1.01953 0.00443255
-1.01923 0.00442502

-1.01923 0.00442501
-1.01892 0.00441756

-1.01892 0.00441759
-1.01862 0.0044102

-1.01862 0.00441019
-1.01831 0.00440281

-1.01831 0.0044028
-1.01801 0.00439544

-1.01801 0.00439544
-1.0177 0.00438809

-1.0177 0.00438809
-1.0174 0.00438077

-1.0174 0.00438077
-1.01709 0.00437346

-1.01709 0.00437346
-1.01678 0.00436618

-1.01678 0.00436618
-1.01648 0.00435892

-1.01648 0.00435892
-1.01617 0.00435168

-1.01617 0.00435168
-1.01587 0.00434447

-1.01587 0.00434447
-1.01556 0.00433728

-1.01556 0.00433728
-1.01526 0.00433011

-1.01526 0.00433011
-1.01495 0.00432296

-1.01495 0.00432296
-1.01465 0.00431584

-1.01465 0.00431584
-1.01434 0.00430874

-1.01434 0.00430874
-1.01404 0.00430167

-1.01404 0.00430167
-1.01373 0.00429462

-1.01373 0.00429463
-1.01343 0.00428761

-1.01343 0.00428762
-1.01312 0.00428057

-1.01312 0.0042806
-1.01282 0.00427345

-1.01251 0.00426618
-1.01278 0.00427246

-1.01251 0.00426618
-1.01221 0.00425901

-1.01282 0.00427345
-1.01278 0.00427246

-1.01221 0.00425901
-1.0119 0.00425191

-1.0119 0.00425191
-1.0116 0.00424486

-1.0116 0.00424486
-1.01129 0.00423785

-1.01129 0.00423785
-1.01099 0.00423087

-1.01099 0.00423087
-1.01068 0.00422393

-1.01068 0.00422393
-1.01038 0.00421702

-1.01038 0.00421702
-1.01007 0.00421014

-1.01007 0.00421014
-1.00977 0.00420329

-1.00977 0.00420329
-1.00946 0.00419646

-1.00946 0.00419646
-1.00916 0.00418967

-1.00916 0.00418967
-1.00885 0.00418291

-1.00885 0.00418291
-1.00854 0.00417617

-1.00854 0.00417617
-1.00824 0.00416947

-1.00824 0.00416947
-1.00793 0.00416279

-1.00793 0.00416279
-1.00763 0.00415614

-1.00763 0.00415614
-1.00732 0.00414952

-1.00732 0.00414952
-1.00702 0.00414293

-1.00702 0.00414293
-1.00671 0.00413636

-1.00671 0.00413636
-1.00641 0.0041298

-1.00641 0.0041298
-1.0061 0.00412323

-1.0061 0.00412321
-1.0058 0.00411671

-1.0058 0.00411673
-1.00549 0.00411029

-1.00549 0.00411029
-1.00519 0.00410388

-1.00519 0.00410388
-1.00488 0.00409749

-1.00488 0.00409749
-1.00458 0.00409113

-1.00458 0.00409113
-1.00427 0.00408479

-1.00427 0.00408479
-1.00397 0.00407848

-1.00397 0.00407848
-1.00366 0.00407218

-1.00366 0.00407218
-1.00336 0.00406591

-1.00336 0.00406591
-1.00305 0.00405966

-1.00305 0.00405966
-1.00275 0.00405342

-1.00275 0.00405342
-1.00244 0.0040472

-1.00244 0.0040472
-1.00214 0.00404098

-1.00214 0.00404098
-1.00183 0.00403478

-1.00183 0.00403478
-1.00153 0.00402858

-1.00153 0.00402858
-1.00122 0.00402238

-1.00122 0.00402239
-1.00092 0.00401618

-1.00092 0.00401619
-1.00061 0.00400997

-1.00061 0.00400997
-1.00031 0.00400374

-1.00031 0.00400375
-1.0 0.00399749

-1.15628 0.3125
-1.15625 0.312529

-1.15625 0.312528
-1.15598 0.312805

-1.15598 0.312805
-1.15594 0.312842

-1.15594 0.312841
-1.15568 0.31311

-1.15568 0.31311
-1.15564 0.313155

-1.15564 0.313154
-1.15539 0.313416

-1.15538 0.313416
-1.15533 0.313467

-1.15533 0.313466
-1.15509 0.313721

-1.15509 0.313721
-1.15503 0.31378

-1.15503 0.313779
-1.15479 0.314026

-1.15479 0.314026
-1.15472 0.314092

-1.15472 0.314091
-1.15449 0.314331

-1.15449 0.314331
-1.15442 0.314404

-1.15442 0.314403
-1.15419 0.314636

-1.15419 0.314636
-1.15411 0.314716

-1.15411 0.314715
-1.15389 0.314941

-1.15389 0.314941
-1.15381 0.315028

-1.15381 0.315027
-1.15359 0.315247

-1.15359 0.315247
-1.1535 0.31534

-1.1535 0.315339
-1.1533 0.315552

-1.1533 0.315552
-1.1532 0.315651

-1.1532 0.31565
-1.153 0.315857

-1.153 0.315857
-1.15289 0.315962

-1.15289 0.315962
-1.1527 0.316162

-1.1527 0.316162
-1.15259 0.316274

-1.15259 0.316273
-1.1524 0.316467

-1.1524 0.316467
-1.15228 0.316585

-1.15228 0.316584
-1.1521 0.316772

-1.1521 0.316772
-1.15198 0.316895

-1.15198 0.316895
-1.1518 0.317078

-1.1518 0.317078
-1.15167 0.317206

-1.15167 0.317206
-1.1515 0.317383

-1.1515 0.317383
-1.15137 0.317517

-1.15137 0.317516
-1.1512 0.317688

-1.1512 0.317688
-1.15106 0.317827

-1.15106 0.317826
-1.1509 0.317993

-1.1509 0.317993
-1.15076 0.318137

-1.15076 0.318137
-1.1506 0.318298

-1.1506 0.318298
-1.15045 0.318447

-1.15045 0.318447
-1.1503 0.318604

-1.1503 0.318604
-1.15015 0.318757

-1.15015 0.318756
-1.15 0.318909

-1.15 0.318909
-1.14984 0.319067

-1.14984 0.319066
-1.1497 0.319214

-1.1497 0.319214
-1.14954 0.319376

-1.14954 0.319376
-1.14939 0.319519

-1.14939 0.319519
-1.14923 0.319685

-1.14923 0.319685
-1.14909 0.319824

-1.14909 0.319824
-1.14893 0.319995

-1.14893 0.319994
-1.14879 0.320129

-1.14879 0.320129
-1.14862 0.320304

-1.14862 0.320303
-1.14849 0.320435

-1.14849 0.320435
-1.14832 0.320612

-1.14832 0.320612
-1.14819 0.32074

-1.14819 0.32074
-1.14801 0.320921

-1.14801 0.320921
-1.14789 0.321045

-1.14789 0.321045
-1.14771 0.32123

-1.14771 0.321229
-1.14759 0.32135

-1.14759 0.32135
-1.1474 0.321538

-1.1474 0.321538
-1.14728 0.321655

-1.14728 0.321655
-1.14709 0.321846

-1.14709 0.321846
-1.14698 0.32196

-1.14698 0.32196
-1.14679 0.322154

-1.14679 0.322154
-1.14668 0.322266

-1.14668 0.322266
-1.14648 0.322462

-1.14648 0.322462
-1.14638 0.322571

-1.14638 0.322571
-1.14618 0.32277

-1.14618 0.32277
-1.14607 0.322876

-1.14607 0.322876
-1.14587 0.323077

-1.14587 0.323077
-1.14577 0.323181

-1.14577 0.323181
-1.14557 0.323385

-1.14557 0.323385
-1.14547 0.323486

-1.14547 0.323486
-1.14526 0.323692

-1.14526 0.323692
-1.14516 0.323792

-1.14516 0.323792
-1.14496 0.323999

-1.14496 0.323999
-1.14486 0.324097

-1.14486 0.324097
-1.14465 0.324306

-1.14465 0.324306
-1.14456 0.324402

-1.14456 0.324402
-1.14435 0.324613

-1.14435 0.324613
-1.14425 0.324707

-1.14425 0.324707
-1.14404 0.324919

-1.14404 0.324919
-1.14395 0.325012

-1.14395 0.325012
-1.14374 0.325226

-1.14374 0.325226
-1.14365 0.325317

-1.14365 0.325317
-1.14343 0.325532

-1.14343 0.325532
-1.14334 0.325623

-1.14334 0.325623
-1.14313 0.325838

-1.14313 0.325838
-1.14304 0.325928

-1.14304 0.325928
-1.14282 0.326144

-1.14282 0.326144
-1.14273 0.326233

-1.14273 0.326233
-1.14252 0.32645

-1.14252 0.32645
-1.14243 0.326538

-1.14243 0.326538
-1.14221 0.326756

-1.14221 0.326755
-1.14212 0.326843

-1.14212 0.326843
-1.14191 0.327061

-1.14191 0.327061
-1.14182 0.327148

-1.14182 0.327148
-1.1416 0.327366

-1.1416 0.327366
-1.14151 0.327454

-1.14151 0.327454
-1.1413 0.327672

-1.1413 0.327672
-1.14121 0.327759

-1.14121 0.327759
-1.14099 0.327977

-1.14099 0.327977
-1.1409 0.328064

-1.1409 0.328064
-1.14069 0.328281

-1.14069 0.328281
-1.1406 0.328369

-1.1406 0.328369
-1.14038 0.328586

-1.14038 0.328586
-1.14029 0.328674

-1.14029 0.328674
-1.14008 0.328891

-1.14008 0.328891
-1.13999 0.328979

-1.13999 0.328979
-1.13977 0.329195

-1.13977 0.329195
-1.13968 0.329285

-1.13968 0.329285
-1.13947 0.329499

-1.13947 0.329499
-1.13937 0.32959

-1.13937 0.32959
-1.13916 0.329803

-1.13916 0.329803
-1.13907 0.329895

-1.13907 0.329895
-1.13885 0.330107

-1.13885 0.330107
-1.13876 0.3302

-1.13876 0.3302
-1.13855 0.330411

-1.13855 0.330411
-1.13846 0.330505

-1.13846 0.330505
-1.13824 0.330715

-1.13824 0.330715
-1.13815 0.330811

-1.13815 0.330811
-1.13794 0.331018

-1.13794 0.331018
-1.13784 0.331116

-1.13784 0.331116
-1.13763 0.331321

-1.13763 0.331322
-1.13753 0.331421

-1.13753 0.331421
-1.13733 0.331625

-1.13733 0.331625
-1.13723 0.331726

-1.13723 0.331726
-1.13702 0.331928

-1.13702 0.331928
-1.13692 0.332031

-1.13692 0.332031
-1.13672 0.33223

-1.13672 0.332231
-1.13661 0.332336

-1.13661 0.332336
-1.13641 0.332533

-1.13641 0.332533
-1.1363 0.332642

-1.1363 0.332642
-1.13611 0.332836

-1.13611 0.332836
-1.136 0.332947

-1.136 0.332947
-1.1358 0.333138

-1.1358 0.333138
-1.13569 0.333252

-1.13569 0.333252
-1.1355 0.33344

-1.1355 0.333441
-1.13538 0.333557

-1.13538 0.333557
-1.13519 0.333742

-1.13519 0.333743
-1.13507 0.333862

-1.13507 0.333862
-1.13489 0.334044

-1.13489 0.334045
-1.13476 0.334167

-1.13476 0.334167
-1.13458 0.334346

-1.13458 0.334346
-1.13445 0.334473

-1.13445 0.334473
-1.13428 0.334648

-1.13428 0.334648
-1.13415 0.334778

-1.13415 0.334778
-1.13397 0.334949

-1.13397 0.33495
-1.13384 0.335083

-1.13384 0.335083
-1.13367 0.335251

-1.13367 0.335251
-1.13353 0.335388

-1.13353 0.335388
-1.13336 0.335552

-1.13336 0.335552
-1.13322 0.335693

-1.13322 0.335693
-1.13306 0.335853

-1.13306 0.335853
-1.13291 0.335999

-1.13291 0.335999
-1.13275 0.336154

-1.13275 0.336154
-1.1326 0.336304

-1.1326 0.336304
-1.13245 0.336454

-1.13245 0.336455
-1.13229 0.336609

-1.13229 0.336609
-1.13214 0.336755

-1.13214 0.336755
-1.13198 0.336914

-1.13198 0.336914
-1.13184 0.337055

-1.13184 0.337056
-1.13167 0.337219

-1.13167 0.337219
-1.13153 0.337356

-1.13153 0.337356
-1.13136 0.337524

-1.13136 0.337524
-1.13123 0.337656

-1.13123 0.337656
-1.13105 0.33783

-1.13105 0.33783
-1.13092 0.337956

-1.13092 0.337956
-1.13074 0.338135

-1.13074 0.338135
-1.13062 0.338256

-1.13062 0.338256
-1.13043 0.33844

-1.13043 0.33844
-1.13031 0.338555

-1.13031 0.338556
-1.13012 0.338745

-1.13012 0.338745
-1.13 0.338855

-1.13 0.338856
-1.12981 0.33905

-1.12981 0.33905
-1.1297 0.339154

-1.1297 0.339155
-1.12949 0.339355

-1.12949 0.339355
-1.12939 0.339454

-1.12939 0.339454
-1.12918 0.339661

-1.12918 0.339661
-1.12909 0.339753

-1.12909 0.339753
-1.12887 0.339966

-1.12887 0.339966
-1.12878 0.340052

-1.12878 0.340052
-1.12856 0.340271

-1.12856 0.340271
-1.12848 0.340351

-1.12848 0.340351
-1.12825 0.340576

-1.12825 0.340576
-1.12817 0.340649

-1.12817 0.34065
-1.12794 0.340881

-1.12794 0.340881
-1.12787 0.340948

-1.12787 0.340949
-1.12762 0.341187

-1.12762 0.341187
-1.12756 0.341246

-1.12756 0.341247
-1.12731 0.341492

-1.12731 0.341492
-1.12726 0.341544

-1.12726 0.341545
-1.127 0.341797

-1.127 0.341797
-1.12695 0.341843

-1.12695 0.341843
-1.12669 0.342102

-1.12669 0.342102
-1.12665 0.34214

-1.12665 0.342141
-1.12637 0.342407

-1.12637 0.342407
-1.12634 0.342438

-1.12634 0.342439
-1.12606 0.342712

-1.12606 0.342712
-1.12604 0.342736

-1.12604 0.342736
-1.12575 0.343018

-1.12575 0.343018
-1.12573 0.343033

-1.12573 0.343034
-1.12544 0.343323

-1.12544 0.343323
-1.12543 0.343331

-1.12543 0.343331
-1.12512 0.343628

-1.12512 0.343628
-1.12482 0.343925

-1.12482 0.343925
-1.12481 0.343933

-1.12481 0.343933
-1.12451 0.344222

-1.12451 0.344222
-1.1245 0.344238

-1.1245 0.344238
-1.12421 0.344519

-1.12421 0.344519
-1.12418 0.344543

-1.12418 0.344543
-1.1239 0.344816

-1.1239 0.344816
-1.12387 0.344849

-1.12387 0.344849
-1.1236 0.345112

-1.1236 0.345112
-1.12355 0.345154

-1.12355 0.345154
-1.12329 0.345408

-1.12329 0.345409
-1.12324 0.345459

-1.12324 0.345459
-1.12299 0.345704

-1.12299 0.345705
-1.12292 0.345764

-1.12293 0.345764
-1.12268 0.346

-1.12268 0.346001
-1.12261 0.346069

-1.12261 0.346069
-1.12238 0.346296

-1.12238 0.346297
-1.1223 0.346375

-1.1223 0.346375
-1.12207 0.346592

-1.12207 0.346593
-1.12198 0.34668

-1.12198 0.34668
-1.12177 0.346888

-1.12177 0.346889
-1.12167 0.346985

-1.12167 0.346985
-1.12146 0.347183

-1.12146 0.347184
-1.12135 0.34729

-1.12135 0.34729
-1.12115 0.347479

-1.12115 0.34748
-1.12104 0.347595

-1.12104 0.347595
-1.12085 0.347774

-1.12085 0.347775
-1.12072 0.3479

-1.12072 0.3479
-1.12054 0.348069

-1.12054 0.34807
-1.1204 0.348206

-1.1204 0.348206
-1.12024 0.348364

-1.12024 0.348365
-1.12009 0.348511

-1.12009 0.348511
-1.11993 0.348659

-1.11993 0.34866
-1.11977 0.348816

-1.11977 0.348816
-1.11963 0.348954

-1.11963 0.348955
-1.11946 0.349121

-1.11946 0.349121
-1.11932 0.349248

-1.11932 0.349249
-1.11914 0.349426

-1.11914 0.349426
-1.11902 0.349543

-1.11902 0.349544
-1.11882 0.349731

-1.11882 0.349731
-1.11871 0.349837

-1.11871 0.349838
-1.11851 0.350037

-1.11851 0.350037
-1.11841 0.350131

-1.11841 0.350132
-1.11819 0.350342

-1.11819 0.350342
-1.1181 0.350425

-1.1181 0.350426
-1.11787 0.350647

-1.11787 0.350647
-1.1178 0.350719

-1.1178 0.35072
-1.11756 0.350952

-1.11756 0.350952
-1.11749 0.351013

-1.11749 0.351014
-1.11724 0.351257

-1.11724 0.351257
-1.11719 0.351307

-1.11719 0.351307
-1.11692 0.351562

-1.11692 0.351562
-1.11688 0.3516

-1.11688 0.3516
-1.1166 0.351868

-1.1166 0.351868
-1.11658 0.351893

-1.11658 0.351894
-1.11629 0.352173

-1.11629 0.352173
-1.11627 0.352187

-1.11627 0.352187
-1.11597 0.352478

-1.11597 0.352478
-1.11597 0.35248

-1.11597 0.35248
-1.11566 0.352773

-1.11566 0.352773
-1.11565 0.352783

-1.11565 0.352783
-1.11536 0.353065

-1.11536 0.353065
-1.11533 0.353088

-1.11533 0.353088
-1.11505 0.353358

-1.11505 0.353358
-1.11501 0.353394

-1.11501 0.353394
-1.11475 0.35365

-1.11475 0.353651
-1.1147 0.353699

-1.1147 0.353699
-1.11444 0.353943

-1.11444 0.353943
-1.11438 0.354004

-1.11438 0.354004
-1.11414 0.354234

-1.11414 0.354236
-1.11406 0.354309

-1.11406 0.354309
-1.11383 0.354526

-1.11383 0.354528
-1.11374 0.354614

-1.11374 0.354614
-1.11353 0.354819

-1.11353 0.35482
-1.11342 0.354919

-1.11342 0.354919
-1.11322 0.35511

-1.11322 0.355112
-1.1131 0.355225

-1.1131 0.355225
-1.11292 0.355402

-1.11292 0.355403
-1.11278 0.35553

-1.11278 0.35553
-1.11261 0.355694

-1.11261 0.355695
-1.11246 0.355835

-1.11246 0.355835
-1.1123 0.355985

-1.1123 0.355986
-1.11214 0.35614

-1.11214 0.35614
-1.112 0.356277

-1.112 0.356278
-1.11182 0.356445

-1.11182 0.356445
-1.11169 0.356568

-1.11169 0.356569
-1.1115 0.35675

-1.1115 0.35675
-1.11139 0.356859

-1.11139 0.35686
-1.11118 0.357056

-1.11118 0.357056
-1.11108 0.35715

-1.11108 0.357151
-1.11086 0.357361

-1.11086 0.357361
-1.11078 0.357441

-1.11078 0.357442
-1.11054 0.357666

-1.11054 0.357666
-1.11047 0.357732

-1.11047 0.357732
-1.11022 0.357971

-1.11022 0.357971
-1.11017 0.358022

-1.11017 0.358023
-1.1099 0.358276

-1.1099 0.358276
-1.10986 0.358313

-1.10986 0.358313
-1.10958 0.358582

-1.10958 0.358582
-1.10956 0.358603

-1.10956 0.358603
-1.10926 0.358887

-1.10926 0.358887
-1.10925 0.358893

-1.10925 0.358893
-1.10895 0.359183

-1.10895 0.359183
-1.10894 0.359192

-1.10894 0.359192
-1.10864 0.359473

-1.10864 0.359473
-1.10862 0.359497

-1.10862 0.359497
-1.10834 0.359763

-1.10834 0.359763
-1.1083 0.359802

-1.1083 0.359802
-1.10803 0.360052

-1.10803 0.360053
-1.10797 0.360107

-1.10797 0.360107
-1.10773 0.360341

-1.10773 0.360342
-1.10765 0.360413

-1.10765 0.360413
-1.10742 0.36063

-1.10742 0.360632
-1.10733 0.360718

-1.10733 0.360718
-1.10712 0.36092

-1.10712 0.360921
-1.10701 0.361023

-1.10701 0.361023
-1.10681 0.361209

-1.10681 0.36121
-1.10669 0.361328

-1.10669 0.361328
-1.10651 0.361498

-1.10651 0.361499
-1.10636 0.361633

-1.10636 0.361633
-1.1062 0.361787

-1.1062 0.361788
-1.10604 0.361938

-1.10604 0.361938
-1.1059 0.362076

-1.1059 0.362077
-1.10572 0.362244

-1.10572 0.362244
-1.10559 0.362364

-1.10559 0.362366
-1.1054 0.362549

-1.1054 0.362549
-1.10529 0.362653

-1.10529 0.362654
-1.10507 0.362854

-1.10507 0.362854
-1.10498 0.362941

-1.10498 0.362943
-1.10475 0.363159

-1.10475 0.363159
-1.10468 0.363229

-1.10468 0.36323
-1.10443 0.363464

-1.10443 0.363464
-1.10437 0.363518

-1.10437 0.363518
-1.1041 0.36377

-1.1041 0.36377
-1.10406 0.363806

-1.10406 0.363806
-1.10378 0.364075

-1.10378 0.364075
-1.10376 0.364093

-1.10376 0.364094
-1.10346 0.36438

-1.10346 0.36438
-1.10345 0.364381

-1.10345 0.364381
-1.10315 0.364669

-1.10315 0.364669
-1.10313 0.364685

-1.10313 0.364685
-1.10284 0.364956

-1.10284 0.364956
-1.10281 0.36499

-1.10281 0.36499
-1.10254 0.365244

-1.10254 0.365244
-1.10248 0.365295

-1.10248 0.365295
-1.10223 0.365531

-1.10223 0.365531
-1.10216 0.365601

-1.10216 0.365601
-1.10193 0.365817

-1.10193 0.365818
-1.10184 0.365906

-1.10184 0.365906
-1.10162 0.366104

-1.10162 0.366105
-1.10151 0.366211

-1.10151 0.366211
-1.10132 0.366391

-1.10132 0.366392
-1.10119 0.366516

-1.10119 0.366516
-1.10101 0.366678

-1.10101 0.366679
-1.10086 0.366821

-1.10086 0.366821
-1.10071 0.366965

-1.10071 0.366966
-1.10054 0.367126

-1.10054 0.367126
-1.1004 0.367251

-1.1004 0.367253
-1.10021 0.367432

-1.10021 0.367432
-1.1001 0.367537

-1.1001 0.367539
-1.09988 0.367737

-1.09989 0.367737
-1.09979 0.367824

-1.09979 0.367825
-1.09956 0.368042

-1.09956 0.368042
-1.09949 0.36811

-1.09949 0.368111
-1.09923 0.368347

-1.09923 0.368347
-1.09918 0.368396

-1.09918 0.368396
-1.09891 0.368652

-1.09891 0.368652
-1.09888 0.368682

-1.09888 0.368682
-1.09858 0.368958

-1.09858 0.368958
-1.09857 0.368968

-1.09857 0.368968
-1.09827 0.369253

-1.09827 0.369253
-1.09826 0.369263

-1.09826 0.369263
-1.09796 0.369539

-1.09796 0.369539
-1.09793 0.369568

-1.09793 0.369568
-1.09766 0.369824

-1.09766 0.369824
-1.0976 0.369873

-1.0976 0.369873
-1.09735 0.370109

-1.09735 0.37011
-1.09728 0.370178

-1.09728 0.370178
-1.09705 0.370394

-1.09705 0.370395
-1.09695 0.370483

-1.09695 0.370483
-1.09674 0.370679

-1.09674 0.37068
-1.09662 0.370789

-1.09662 0.370789
-1.09644 0.370964

-1.09644 0.370965
-1.0963 0.371094

-1.0963 0.371094
-1.09613 0.371249

-1.09613 0.37125
-1.09597 0.371399

-1.09597 0.371399
-1.09583 0.371533

-1.09583 0.371535
-1.09564 0.371704

-1.09564 0.371704
-1.09552 0.371818

-1.09552 0.37182
-1.09531 0.372009

-1.09532 0.372009
-1.09521 0.372102

-1.09521 0.372104
-1.09499 0.372314

-1.09499 0.372314
-1.09491 0.372387

-1.09491 0.372388
-1.09466 0.37262

-1.09466 0.37262
-1.0946 0.372671

-1.0946 0.372671
-1.09433 0.372925

-1.09433 0.372925
-1.0943 0.372955

-1.0943 0.372955
-1.094 0.37323

-1.094 0.37323
-1.09399 0.373239

-1.09399 0.373239
-1.09369 0.373523

-1.09369 0.373523
-1.09368 0.373535

-1.09368 0.373535
-1.09338 0.373807

-1.09338 0.373807
-1.09335 0.37384

-1.09335 0.37384
-1.09308 0.37409

-1.09308 0.374091
-1.09302 0.374146

-1.09302 0.374146
-1.09277 0.374374

-1.09277 0.374374
-1.09269 0.374451

-1.09269 0.374451
-1.09247 0.374656

-1.09247 0.374658
-1.09236 0.374756

-1.09236 0.374756
-1.09216 0.374939

-1.09216 0.374941
-1.09203 0.375061

-1.09203 0.375061
-1.09186 0.375223

-1.09186 0.375224
-1.0917 0.375366

-1.0917 0.375366
-1.09155 0.375506

-1.09155 0.375508
-1.09137 0.375671

-1.09137 0.375671
-1.09125 0.375789

-1.09125 0.375791
-1.09104 0.375977

-1.09105 0.375977
-1.09094 0.376072

-1.09094 0.376073
-1.09072 0.376282

-1.09072 0.376282
-1.09064 0.376354

-1.09064 0.376355
-1.09039 0.376587

-1.09039 0.376587
-1.09033 0.376637

-1.09033 0.376637
-1.09006 0.376892

-1.09006 0.376892
-1.09003 0.376919

-1.09003 0.37692
-1.08973 0.377197

-1.08973 0.377197
-1.08972 0.377202

-1.08972 0.377202
-1.08942 0.377484

-1.08942 0.377484
-1.0894 0.377502

-1.0894 0.377502
-1.08911 0.377766

-1.08911 0.377766
-1.08907 0.377808

-1.08907 0.377808
-1.08881 0.378048

-1.08881 0.378048
-1.08874 0.378113

-1.08874 0.378113
-1.0885 0.37833

-1.0885 0.378331
-1.08841 0.378418

-1.08841 0.378418
-1.0882 0.378611

-1.0882 0.378612
-1.08808 0.378723

-1.08808 0.378723
-1.08789 0.378893

-1.08789 0.378894
-1.08774 0.379028

-1.08774 0.379028
-1.08759 0.379174

-1.08759 0.379176
-1.08741 0.379333

-1.08741 0.379333
-1.08728 0.379456

-1.08728 0.379458
-1.08708 0.379639

-1.08708 0.379639
-1.08698 0.379737

-1.08698 0.379739
-1.08675 0.379944

-1.08675 0.379944
-1.08667 0.380018

-1.08667 0.380019
-1.08642 0.380249

-1.08642 0.380249
-1.08636 0.380299

-1.08636 0.3803
-1.08609 0.380554

-1.08609 0.380554
-1.08606 0.38058

-1.08606 0.380581
-1.08576 0.380859

-1.08576 0.380859
-1.08575 0.380861

-1.08575 0.380862
-1.08545 0.381142

-1.08545 0.381142
-1.08543 0.381165

-1.08543 0.381165
-1.08514 0.381423

-1.08514 0.381423
-1.08509 0.38147

-1.08509 0.38147
-1.08484 0.381703

-1.08484 0.381704
-1.08476 0.381775

-1.08476 0.381775
-1.08453 0.381983

-1.08453 0.381984
-1.08443 0.38208

-1.08443 0.38208
-1.08423 0.382263

-1.08423 0.382265
-1.0841 0.382385

-1.0841 0.382385
-1.08392 0.382543

-1.08392 0.382545
-1.08376 0.38269

-1.08376 0.38269
-1.08362 0.382823

-1.08362 0.382825
-1.08343 0.382996

-1.08343 0.382996
-1.08331 0.383104

-1.08331 0.383105
-1.0831 0.383301

-1.0831 0.383301
-1.08301 0.383383

-1.08301 0.383384
-1.08277 0.383606

-1.08277 0.383606
-1.0827 0.383663

-1.0827 0.383664
-1.08243 0.383911

-1.08243 0.383911
-1.0824 0.383943

-1.0824 0.383943
-1.0821 0.384216

-1.0821 0.384216
-1.08209 0.384222

-1.08209 0.384223
-1.08179 0.384502

-1.08179 0.384502
-1.08177 0.384521

-1.08177 0.384521
-1.08148 0.384781

-1.08148 0.384781
-1.08143 0.384827

-1.08143 0.384827
-1.08118 0.38506

-1.08118 0.385061
-1.0811 0.385132

-1.0811 0.385132
-1.08087 0.385339

-1.08087 0.38534
-1.08077 0.385437

-1.08077 0.385437
-1.08057 0.385617

-1.08057 0.385619
-1.08043 0.385742

-1.08043 0.385742
-1.08026 0.385896

-1.08026 0.385898
-1.0801 0.386047

-1.0801 0.386047
-1.07996 0.386175

-1.07996 0.386177
-1.07976 0.386353

-1.07976 0.386353
-1.07965 0.386454

-1.07965 0.386456
-1.07943 0.386658

-1.07943 0.386658
-1.07935 0.386733

-1.07935 0.386733
-1.07909 0.386963

-1.07909 0.386963
-1.07904 0.387011

-1.07904 0.387012
-1.07876 0.387268

-1.07876 0.387268
-1.07874 0.387289

-1.07874 0.38729
-1.07843 0.387568

-1.07843 0.387568
-1.07842 0.387573

-1.07842 0.387573
-1.07812 0.387846

-1.07812 0.387846
-1.07809 0.387878

-1.07809 0.387878
-1.07782 0.388124

-1.07782 0.388124
-1.07775 0.388184

-1.07775 0.388184
-1.07751 0.388401

-1.07751 0.388402
-1.07742 0.388489

-1.07742 0.388489
-1.07721 0.388678

-1.07721 0.38868
-1.07708 0.388794

-1.07708 0.388794
-1.0769 0.388956

-1.0769 0.388958
-1.07675 0.389099

-1.07675 0.389099
-1.0766 0.389234

-1.0766 0.389236
-1.07641 0.389404

-1.07641 0.389404
-1.07629 0.389512

-1.07629 0.389513
-1.07608 0.389709

-1.07608 0.389709
-1.07599 0.389789

-1.07599 0.38979
-1.07574 0.390015

-1.07574 0.390015
-1.07568 0.390066

-1.07568 0.390067
-1.0754 0.39032

-1.0754 0.39032
-1.07538 0.390343

-1.07538 0.390344
-1.07507 0.390621

-1.07507 0.390621
-1.07507 0.390625

-1.07507 0.390625
-1.07477 0.390898

-1.07477 0.390898
-1.07473 0.39093

-1.07473 0.39093
-1.07446 0.391175

-1.07446 0.391175
-1.0744 0.391235

-1.0744 0.391235
-1.07416 0.391451

-1.07416 0.391452
-1.07406 0.391541

-1.07406 0.391541
-1.07385 0.391727

-1.07385 0.391729
-1.07372 0.391846

-1.07372 0.391846
-1.07355 0.392003

-1.07355 0.392005
-1.07339 0.392151

-1.07339 0.392151
-1.07324 0.39228

-1.07324 0.392282
-1.07305 0.392456

-1.07305 0.392456
-1.07294 0.392556

-1.07294 0.392558
-1.07271 0.392761

-1.07271 0.392761
-1.07263 0.392833

-1.07263 0.392833
-1.07237 0.393066

-1.07237 0.393066
-1.07233 0.393109

-1.07233 0.393109
-1.07204 0.393372

-1.07204 0.393372
-1.07202 0.393385

-1.07202 0.393385
-1.07172 0.393661

-1.07172 0.393661
-1.0717 0.393677

-1.0717 0.393677
-1.07141 0.393937

-1.07141 0.393937
-1.07136 0.393982

-1.07136 0.393982
-1.07111 0.394212

-1.07111 0.394213
-1.07102 0.394287

-1.07102 0.394287
-1.0708 0.394487

-1.0708 0.394489
-1.07069 0.394592

-1.07069 0.394592
-1.0705 0.394762

-1.0705 0.394764
-1.07035 0.394897

-1.07035 0.394897
-1.07019 0.395038

-1.07019 0.39504
-1.07001 0.395203

-1.07001 0.395203
-1.06989 0.395313

-1.06989 0.395315
-1.06967 0.395508

-1.06967 0.395508
-1.06958 0.395589

-1.06958 0.39559
-1.06933 0.395813

-1.06933 0.395813
-1.06927 0.395864

-1.06927 0.395864
-1.06899 0.396118

-1.06899 0.396118
-1.06897 0.396139

-1.06897 0.396139
-1.06866 0.396414

-1.06866 0.396414
-1.06865 0.396423

-1.06865 0.396423
-1.06836 0.396689

-1.06836 0.396689
-1.06832 0.396729

-1.06832 0.396729
-1.06805 0.396964

-1.06805 0.396964
-1.06798 0.397034

-1.06798 0.397034
-1.06775 0.397238

-1.06775 0.397239
-1.06764 0.397339

-1.06764 0.397339
-1.06744 0.397511

-1.06744 0.397513
-1.0673 0.397644

-1.0673 0.397644
-1.06714 0.397786

-1.06714 0.397788
-1.06696 0.397949

-1.06696 0.397949
-1.06683 0.39806

-1.06683 0.398062
-1.06662 0.398254

-1.06662 0.398254
-1.06653 0.398335

-1.06653 0.398336
-1.06628 0.39856

-1.06628 0.39856
-1.06622 0.398609

-1.06622 0.398609
-1.06594 0.398865

-1.06594 0.398865
-1.06592 0.398883

-1.06592 0.398883
-1.06561 0.399157

-1.06561 0.399157
-1.0656 0.39917

-1.0656 0.39917
-1.06531 0.399431

-1.06531 0.399431
-1.06526 0.399475

-1.06526 0.399475
-1.065 0.399705

-1.065 0.399705
-1.06492 0.39978

-1.06492 0.39978
-1.0647 0.399978

-1.0647 0.399979
-1.06458 0.400085

-1.06458 0.400085
-1.06439 0.40025

-1.06439 0.400253
-1.06424 0.400391

-1.06424 0.400391
-1.06409 0.400524

-1.06409 0.400527
-1.0639 0.400696

-1.0639 0.400696
-1.06378 0.400798

-1.06378 0.400799
-1.06355 0.401001

-1.06355 0.401001
-1.06348 0.401071

-1.06348 0.401072
-1.06321 0.401306

-1.06321 0.401306
-1.06317 0.401344

-1.06317 0.401345
-1.06287 0.401611

-1.06287 0.401611
-1.06287 0.401617

-1.06287 0.401618
-1.06256 0.40189

-1.06256 0.40189
-1.06253 0.401917

-1.06253 0.401917
-1.06226 0.402163

-1.06226 0.402163
-1.06219 0.402222

-1.06219 0.402222
-1.06195 0.402436

-1.06195 0.402436
-1.06185 0.402527

-1.06185 0.402527
-1.06165 0.402707

-1.06165 0.402709
-1.06151 0.402832

-1.06151 0.402832
-1.06134 0.40298

-1.06134 0.402982
-1.06116 0.403137

-1.06117 0.403137
-1.06104 0.403253

-1.06104 0.403254
-1.06082 0.403442

-1.06082 0.403442
-1.06073 0.403525

-1.06073 0.403526
-1.06048 0.403748

-1.06048 0.403748
-1.06042 0.403797

-1.06042 0.403798
-1.06014 0.404053

-1.06014 0.404053
-1.06012 0.40407

-1.06012 0.40407
-1.05981 0.404342

-1.05981 0.404342
-1.0598 0.404358

-1.0598 0.404358
-1.05951 0.404614

-1.05951 0.404614
-1.05945 0.404663

-1.05945 0.404663
-1.0592 0.404886

-1.0592 0.404886
-1.05911 0.404968

-1.05911 0.404968
-1.0589 0.405157

-1.0589 0.405158
-1.05877 0.405273

-1.05877 0.405273
-1.05859 0.405428

-1.05859 0.405431
-1.05843 0.405579

-1.05843 0.405579
-1.05829 0.4057

-1.05829 0.405702
-1.05808 0.405884

-1.05808 0.405884
-1.05798 0.405972

-1.05798 0.405973
-1.05774 0.406189

-1.05774 0.406189
-1.05768 0.406243

-1.05768 0.406244
-1.0574 0.406494

-1.0574 0.406494
-1.05737 0.406515

-1.05737 0.406515
-1.05707 0.406786

-1.05707 0.406786
-1.05705 0.406799

-1.05705 0.406799
-1.05676 0.407057

-1.05676 0.407057
-1.05671 0.407104

-1.05671 0.407104
-1.05646 0.407328

-1.05646 0.407329
-1.05637 0.40741

-1.05637 0.40741
-1.05615 0.407599

-1.05615 0.4076
-1.05602 0.407715

-1.05602 0.407715
-1.05585 0.407869

-1.05585 0.407871
-1.05568 0.40802

-1.05568 0.40802
-1.05554 0.40814

-1.05554 0.408142
-1.05533 0.408325

-1.05533 0.408325
-1.05524 0.408411

-1.05524 0.408412
-1.05499 0.40863

-1.05499 0.40863
-1.05493 0.408682

-1.05493 0.408682
-1.05465 0.408936

-1.05465 0.408936
-1.05463 0.408952

-1.05463 0.408953
-1.05432 0.409223

-1.05432 0.409223
-1.0543 0.409241

-1.0543 0.409241
-1.05402 0.409493

-1.05402 0.409493
-1.05396 0.409546

-1.05396 0.409546
-1.05371 0.409763

-1.05371 0.409764
-1.05361 0.409851

-1.05361 0.409851
-1.05341 0.410033

-1.05341 0.410035
-1.05327 0.410156

-1.05327 0.410156
-1.0531 0.410303

-1.0531 0.410305
-1.05292 0.410461

-1.05292 0.410461
-1.0528 0.410573

-1.0528 0.410574
-1.05258 0.410767

-1.05258 0.410767
-1.05249 0.410843

-1.05249 0.410844
-1.05223 0.411072

-1.05223 0.411072
-1.05219 0.411113

-1.05219 0.411113
-1.05189 0.411377

-1.05189 0.411377
-1.05188 0.411382

-1.05188 0.411383
-1.05157 0.411653

-1.05157 0.411653
-1.05154 0.411682

-1.05154 0.411682
-1.05127 0.411922

-1.05127 0.411922
-1.0512 0.411987

-1.0512 0.411987
-1.05096 0.412191

-1.05096 0.412192
-1.05085 0.412292

-1.05085 0.412292
-1.05066 0.412459

-1.05066 0.412462
-1.0505 0.412598

-1.0505 0.412598
-1.05035 0.412729

-1.05035 0.412731
-1.05016 0.412903

-1.05016 0.412903
-1.05005 0.412998

-1.05005 0.413
-1.04981 0.413208

-1.04981 0.413208
-1.04974 0.413268

-1.04974 0.413268
-1.04947 0.413513

-1.04947 0.413513
-1.04944 0.413537

-1.04944 0.413537
-1.04913 0.413806

-1.04913 0.413806
-1.04912 0.413818

-1.04912 0.413818
-1.04883 0.414075

-1.04883 0.414075
-1.04877 0.414124

-1.04877 0.414124
-1.04852 0.414344

-1.04852 0.414344
-1.04843 0.414429

-1.04843 0.414429
-1.04822 0.414611

-1.04822 0.414613
-1.04808 0.414734

-1.04808 0.414734
-1.04791 0.41488

-1.04791 0.414882
-1.04773 0.415039

-1.04773 0.415039
-1.04761 0.415148

-1.04761 0.41515
-1.04739 0.415344

-1.04739 0.415344
-1.0473 0.415417

-1.0473 0.415418
-1.04704 0.415649

-1.04704 0.415649
-1.047 0.415685

-1.047 0.415686
-1.04669 0.415954

-1.04669 0.415954
-1.04669 0.415955

-1.04669 0.415955
-1.04639 0.416222

-1.04639 0.416222
-1.04634 0.41626

-1.04634 0.41626
-1.04608 0.41649

-1.04608 0.41649
-1.046 0.416565

-1.046 0.416565
-1.04578 0.416758

-1.04578 0.416759
-1.04565 0.41687

-1.04565 0.41687
-1.04547 0.417025

-1.04547 0.417027
-1.0453 0.417175

-1.0453 0.417175
-1.04517 0.417293

-1.04517 0.417295
-1.04495 0.41748

-1.04495 0.41748
-1.04486 0.417561

-1.04486 0.417562
-1.04461 0.417786

-1.0446 0.417786
-1.04456 0.417829

-1.04456 0.417829
-1.04426 0.418091

-1.04426 0.418091
-1.04425 0.418096

-1.04425 0.418097
-1.04395 0.418364

-1.04395 0.418364
-1.04391 0.418396

-1.04391 0.418396
-1.04364 0.418632

-1.04364 0.418632
-1.04356 0.418701

-1.04356 0.418701
-1.04333 0.418898

-1.04333 0.418899
-1.04321 0.419006

-1.04321 0.419006
-1.04303 0.419165

-1.04303 0.419167
-1.04286 0.419312

-1.04286 0.419312
-1.04272 0.419432

-1.04272 0.419434
-1.04251 0.419617

-1.04251 0.419617
-1.04242 0.419699

-1.04242 0.4197
-1.04217 0.419922

-1.04217 0.419922
-1.04211 0.419966

-1.04211 0.419967
-1.04182 0.420227

-1.04182 0.420227
-1.04181 0.420233

-1.04181 0.420234
-1.0415 0.420501

-1.0415 0.420501
-1.04147 0.420532

-1.04147 0.420532
-1.0412 0.420767

-1.0412 0.420768
-1.04112 0.420837

-1.04112 0.420837
-1.04089 0.421034

-1.04089 0.421035
-1.04077 0.421143

-1.04077 0.421143
-1.04059 0.421299

-1.04059 0.421302
-1.04042 0.421448

-1.04042 0.421448
-1.04028 0.421566

-1.04028 0.421568
-1.04007 0.421753

-1.04007 0.421753
-1.03998 0.421833

-1.03998 0.421834
-1.03972 0.422058

-1.03972 0.422058
-1.03967 0.422099

-1.03967 0.4221
-1.03937 0.422363

-1.03937 0.422363
-1.03937 0.422365

-1.03937 0.422366
-1.03906 0.422632

-1.03906 0.422632
-1.03902 0.422668

-1.03902 0.422668
-1.03876 0.422898

-1.03876 0.422898
-1.03867 0.422974

-1.03867 0.422974
-1.03845 0.423164

-1.03845 0.423165
-1.03832 0.423279

-1.03832 0.423279
-1.03815 0.423429

-1.03815 0.423432
-1.03797 0.423584

-1.03797 0.423584
-1.03784 0.423695

-1.03784 0.423696
-1.03762 0.423889

-1.03762 0.423889
-1.03754 0.423961

-1.03754 0.423962
-1.03727 0.424194

-1.03727 0.424194
-1.03723 0.424227

-1.03723 0.424227
-1.03693 0.424493

-1.03693 0.424493
-1.03692 0.4245

-1.03692 0.4245
-1.03662 0.424758

-1.03662 0.424758
-1.03657 0.424805

-1.03657 0.424805
-1.03632 0.425024

-1.03632 0.425024
-1.03622 0.42511

-1.03622 0.42511
-1.03601 0.425288

-1.03601 0.42529
-1.03587 0.425415

-1.03587 0.425415
-1.03571 0.425553

-1.03571 0.425556
-1.03551 0.42572

-1.03551 0.42572
-1.0354 0.425819

-1.0354 0.42582
-1.03516 0.426025

-1.03516 0.426025
-1.0351 0.426084

-1.0351 0.426085
-1.03481 0.426331

-1.03481 0.426331
-1.03479 0.426349

-1.03479 0.42635
-1.03448 0.426615

-1.03448 0.426615
-1.03446 0.426636

-1.03446 0.426636
-1.03418 0.42688

-1.03418 0.42688
-1.03411 0.426941

-1.03411 0.426941
-1.03387 0.427144

-1.03387 0.427145
-1.03376 0.427246

-1.03376 0.427246
-1.03357 0.427408

-1.03357 0.42741
-1.0334 0.427551

-1.03341 0.427551
-1.03326 0.427673

-1.03326 0.427674
-1.03305 0.427856

-1.03305 0.427856
-1.03296 0.427937

-1.03296 0.427938
-1.0327 0.428162

-1.0327 0.428162
-1.03265 0.428202

-1.03265 0.428203
-1.03235 0.428467

-1.03235 0.428467
-1.03204 0.428731

-1.03204 0.428732
-1.032 0.428772

-1.032 0.428772
-1.03174 0.428996

-1.03174 0.428996
-1.03164 0.429077

-1.03164 0.429077
-1.03143 0.429259

-1.03143 0.429261
-1.03129 0.429382

-1.03129 0.429382
-1.03113 0.429523

-1.03113 0.429525
-1.03094 0.429688

-1.03094 0.429688
-1.03082 0.429787

-1.03082 0.429788
-1.03059 0.429993

-1.03059 0.429993
-1.03052 0.430051

-1.03052 0.430052
-1.03023 0.430298

-1.03023 0.430298
-1.03021 0.430315

-1.03021 0.430316
-1.02991 0.43058

-1.02991 0.43058
-1.02988 0.430603

-1.02988 0.430603
-1.0296 0.430843

-1.0296 0.430844
-1.02953 0.430908

-1.02953 0.430908
-1.0293 0.431107

-1.0293 0.431108
-1.02917 0.431213

-1.02918 0.431213
-1.02899 0.431369

-1.02899 0.431372
-1.02882 0.431519

-1.02882 0.431519
-1.02869 0.431633

-1.02869 0.431635
-1.02847 0.431824

-1.02847 0.431824
-1.02838 0.431897

-1.02838 0.431898
-1.02811 0.432129

-1.02811 0.432129
-1.02808 0.43216

-1.02808 0.432161
-1.02777 0.432424

-1.02777 0.432424
-1.02776 0.432434

-1.02776 0.432434
-1.02747 0.432687

-1.02747 0.432688
-1.02741 0.432739

-1.02741 0.432739
-1.02716 0.432951

-1.02716 0.432951
-1.02705 0.433044

-1.02705 0.433044
-1.02686 0.433213

-1.02686 0.433215
-1.0267 0.43335

-1.0267 0.43335
-1.02655 0.433475

-1.02655 0.433477
-1.02634 0.433655

-1.02634 0.433655
-1.02625 0.433739

-1.02625 0.43374
-1.02599 0.43396

-1.02599 0.43396
-1.02594 0.434002

-1.02594 0.434002
-1.02563 0.434265

-1.02563 0.434265
-1.02533 0.434528

-1.02533 0.434528
-1.02528 0.43457

-1.02528 0.43457
-1.02502 0.43479

-1.02502 0.434791
-1.02493 0.434875

-1.02493 0.434875
-1.02472 0.435052

-1.02472 0.435054
-1.02457 0.435181

-1.02457 0.435181
-1.02441 0.435314

-1.02441 0.435316
-1.02422 0.435486

-1.02422 0.435486
-1.02411 0.435577

-1.02411 0.435578
-1.02386 0.435791

-1.02386 0.435791
-1.0238 0.43584

-1.0238 0.43584
-1.02351 0.436096

-1.02351 0.436096
-1.0235 0.436102

-1.0235 0.436102
-1.02319 0.436365

-1.02319 0.436365
-1.02315 0.436401

-1.02315 0.436401
-1.02289 0.436627

-1.02289 0.436627
-1.0228 0.436707

-1.0228 0.436707
-1.02258 0.436888

-1.02258 0.43689
-1.02244 0.437012

-1.02244 0.437012
-1.02228 0.43715

-1.02228 0.437152
-1.02208 0.437317

-1.02208 0.437317
-1.02197 0.437412

-1.02197 0.437413
-1.02173 0.437622

-1.02173 0.437622
-1.02167 0.437674

-1.02167 0.437675
-1.02137 0.437927

-1.02137 0.437927
-1.02136 0.437936

-1.02136 0.437936
-1.02106 0.438198

-1.02106 0.438198
-1.02102 0.438232

-1.02102 0.438232
-1.02075 0.43846

-1.02075 0.43846
-1.02066 0.438538

-1.02066 0.438538
-1.02045 0.438721

-1.02045 0.438722
-1.0203 0.438843

-1.02031 0.438843
-1.02014 0.438981

-1.02014 0.438984
-1.01995 0.439148

-1.01995 0.439148
-1.01984 0.439243

-1.01984 0.439244
-1.01959 0.439453

-1.01959 0.439453
-1.01953 0.439505

-1.01953 0.439506
-1.01924 0.439758

-1.01924 0.439758
-1.01923 0.439766

-1.01923 0.439767
-1.01892 0.440028

-1.01892 0.440028
-1.01888 0.440063

-1.01888 0.440063
-1.01862 0.440289

-1.01862 0.440289
-1.01852 0.440369

-1.01852 0.440369
-1.01831 0.44055

-1.01831 0.440551
-1.01817 0.440674

-1.01817 0.440674
-1.01801 0.44081

-1.01801 0.440812
-1.01781 0.440979

-1.01781 0.440979
-1.0177 0.441071

-1.0177 0.441072
-1.01745 0.441284

-1.01745 0.441284
-1.0174 0.441332

-1.0174 0.441333
-1.0171 0.441589

-1.01709 0.441589
-1.01709 0.441593

-1.01709 0.441594
-1.01678 0.441855

-1.01678 0.441855
-1.01674 0.441895

-1.01674 0.441895
-1.01648 0.442115

-1.01648 0.442116
-1.01638 0.4422

-1.01638 0.4422
-1.01617 0.442375

-1.01617 0.442377
-1.01602 0.442505

-1.01602 0.442505
-1.01587 0.442635

-1.01587 0.442637
-1.01567 0.44281

-1.01567 0.44281
-1.01556 0.442896

-1.01556 0.442897
-1.01531 0.443115

-1.01531 0.443115
-1.01526 0.443157

-1.01526 0.443157
-1.01495 0.443418

-1.01495 0.443418
-1.01495 0.44342

-1.01495 0.44342
-1.01465 0.443678

-1.01465 0.443678
-1.01459 0.443726

-1.01459 0.443726
-1.01434 0.443938

-1.01434 0.443938
-1.01423 0.444031

-1.01424 0.444031
-1.01404 0.444197

-1.01404 0.4442
-1.01388 0.444336

-1.01388 0.444336
-1.01373 0.444457

-1.01373 0.444459
-1.01352 0.444641

-1.01352 0.444641
-1.01343 0.444717

-1.01343 0.444718
-1.01316 0.444946

-1.01316 0.444946
-1.01312 0.444977

-1.01312 0.444978
-1.01282 0.445238

-1.01282 0.445238
-1.0128 0.445251

-1.0128 0.445251
-1.01251 0.445498

-1.01251 0.445498
-1.01244 0.445557

-1.01244 0.445557
-1.01221 0.445757

-1.01221 0.445758
-1.01208 0.445862

-1.01209 0.445862
-1.0119 0.446016

-1.0119 0.446019
-1.01172 0.446167

-1.01173 0.446167
-1.0116 0.446276

-1.0116 0.446277
-1.01137 0.446472

-1.01137 0.446472
-1.01129 0.446536

-1.01129 0.446536
-1.01101 0.446777

-1.01101 0.446777
-1.01099 0.446795

-1.01099 0.446796
-1.01068 0.447055

-1.01068 0.447055
-1.01065 0.447083

-1.01065 0.447083
-1.01038 0.447315

-1.01038 0.447315
-1.01029 0.447388

-1.01029 0.447388
-1.01007 0.447574

-1.01007 0.447575
-1.00993 0.447693

-1.00993 0.447693
-1.00977 0.447832

-1.00977 0.447834
-1.00957 0.447998

-1.00957 0.447998
-1.00946 0.448091

-1.00946 0.448092
-1.00921 0.448303

-1.00921 0.448303
-1.00916 0.448351

-1.00916 0.448351
-1.00885 0.448608

-1.00885 0.448608
-1.00885 0.44861

-1.00885 0.44861
-1.00854 0.448869

-1.00854 0.448869
-1.00849 0.448914

-1.00849 0.448914
-1.00824 0.449128

-1.00824 0.449129
-1.00813 0.449219

-1.00813 0.449219
-1.00793 0.449387

-1.00793 0.449389
-1.00777 0.449524

-1.00777 0.449524
-1.00763 0.449645

-1.00763 0.449646
-1.00741 0.449829

-1.00741 0.449829
-1.00732 0.449904

-1.00732 0.449905
-1.00705 0.450134

-1.00705 0.450134
-1.00702 0.450163

-1.00702 0.450163
-1.00671 0.450422

-1.00671 0.450422
-1.00669 0.450439

-1.00669 0.450439
-1.00641 0.45068

-1.00641 0.450681
-1.00633 0.450745

-1.00633 0.450745
-1.0061 0.450939

-1.0061 0.45094
-1.00597 0.45105

-1.00597 0.45105
-1.0058 0.451196

-1.0058 0.451198
-1.00561 0.451355

-1.00561 0.451355
-1.00549 0.451455

-1.00549 0.451456
-1.00525 0.45166

-1.00525 0.45166
-1.00519 0.451713

-1.00519 0.451714
-1.00489 0.451965

-1.00489 0.451965
-1.00488 0.451972

-1.00488 0.451972
-1.00458 0.45223

-1.00458 0.45223
-1.00453 0.452271

-1.00453 0.452271
-1.00427 0.452488

-1.00427 0.452489
-1.00417 0.452576

-1.00417 0.452576
-1.00397 0.452746

-1.00397 0.452748
-1.00381 0.452881

-1.00381 0.452881
-1.00366 0.453003

-1.00366 0.453005
-1.00345 0.453186

-1.00345 0.453186
-1.00336 0.453262

-1.00336 0.453262
-1.00309 0.453491

-1.00309 0.453491
-1.00305 0.45352

-1.00305 0.45352
-1.00275 0.453778

-1.00275 0.453778
-1.00272 0.453796

-1.00272 0.453796
-1.00244 0.454036

-1.00244 0.454036
-1.00236 0.454102

-1.00236 0.454102
-1.00214 0.454293

-1.00214 0.454294
-1.002 0.454407

-1.002 0.454407
-1.00183 0.45455

-1.00183 0.454552
-1.00164 0.454712

-1.00164 0.454712
-1.00153 0.454808

-1.00153 0.454809
-1.00128 0.455017

-1.00128 0.455017
-1.00122 0.455065

-1.00122 0.455066
-1.00092 0.455322

-1.00092 0.455322
-1.00092 0.455323

-1.00092 0.455324
-1.00061 0.455581

-1.00061 0.455581
-1.00056 0.455627

-1.00056 0.455627
-1.00031 0.455838

-1.00031 0.455839
-1.00019 0.455933

-1.00019 0.455933
-1.0 0.456095

-1.0 0.00399749
-0.999695 0.0039912

-0.999695 0.0039912
-0.99939 0.00398487

-0.99939 0.00398488
-0.999084 0.00397847

-0.999084 0.00397849
-0.998779 0.00397195

-0.998474 0.0039652
-0.998569 0.00396729

-0.998779 0.00397198
-0.998565 0.00396729

-0.998474 0.00396521
-0.998169 0.00395847

-0.998169 0.00395848
-0.997864 0.00395179

-0.997864 0.00395179
-0.997559 0.00394513

-0.997559 0.00394513
-0.997253 0.00393851

-0.997253 0.00393851
-0.996948 0.00393192

-0.996948 0.00393192
-0.996643 0.00392535

-0.996643 0.00392535
-0.996338 0.00391881

-0.996338 0.00391881
-0.996033 0.0039123

-0.996033 0.0039123
-0.995728 0.00390581

-0.995728 0.00390581
-0.995422 0.00389935

-0.995422 0.00389935
-0.995117 0.0038929

-0.995117 0.0038929
-0.994812 0.00388648

-0.994812 0.00388648
-0.994507 0.00388008

-0.994507 0.00388008
-0.994202 0.0038737

-0.994202 0.0038737
-0.993896 0.00386734

-0.993896 0.00386734
-0.993591 0.003861

-0.993591 0.003861
-0.993286 0.00385468

-0.993286 0.00385468
-0.992981 0.00384839

-0.992981 0.00384839
-0.992676 0.00384211

-0.992676 0.00384211
-0.992371 0.00383585

-0.992371 0.00383586
-0.992065 0.00382961

-0.992065 0.00382961
-0.99176 0.00382338

-0.99176 0.00382337
-0.991455 0.00381716

-0.991455 0.00381714
-0.99115 0.00381099

-0.99115 0.00381101
-0.990845 0.00380491

-0.990845 0.00380491
-0.99054 0.00379881

-0.99054 0.00379881
-0.990234 0.00379272

-0.990234 0.00379272
-0.989929 0.00378665

-0.989929 0.00378665
-0.989624 0.0037806

-0.989624 0.0037806
-0.989319 0.00377456

-0.989319 0.00377456
-0.989014 0.00376853

-0.989014 0.00376853
-0.988708 0.00376252

-0.988708 0.00376252
-0.988403 0.00375653

-0.988403 0.00375653
-0.988098 0.00375055

-0.988098 0.00375055
-0.987793 0.00374459

-0.987793 0.00374459
-0.987488 0.00373865

-0.987488 0.00373865
-0.987183 0.00373273

-0.987183 0.00373273
-0.986877 0.00372683

-0.986877 0.00372683
-0.986572 0.00372095

-0.986572 0.00372095
-0.986267 0.00371509

-0.986267 0.00371509
-0.985962 0.00370926

-0.985962 0.00370926
-0.985657 0.00370345

-0.985657 0.00370345
-0.985352 0.00369766

-0.985352 0.00369766
-0.985046 0.0036919

-0.985046 0.0036919
-0.984741 0.00368618

-0.984741 0.00368618
-0.984436 0.00368048

-0.984436 0.00368049
-0.984131 0.00367481

-0.983215 0.00365747
-0.983458 0.00366211

-0.983215 0.00365747
-0.98291 0.00365167

-0.984131 0.00367482
-0.983826 0.00366913

-0.983826 0.00366915
-0.983521 0.00366336

-0.983521 0.00366336
-0.983455 0.00366211

-0.98291 0.00365168
-0.982605 0.00364594

-0.982605 0.00364594
-0.9823 0.00364025

-0.9823 0.00364025
-0.981995 0.00363459

-0.981995 0.00363459
-0.981689 0.00362896

-0.981689 0.00362897
-0.981384 0.00362337

-0.981384 0.00362337
-0.981079 0.00361779

-0.981079 0.00361779
-0.980774 0.00361224

-0.980774 0.00361224
-0.980469 0.00360672

-0.980469 0.00360672
-0.980164 0.00360122

-0.980164 0.00360122
-0.979858 0.00359574

-0.979858 0.00359574
-0.979553 0.00359028

-0.979553 0.00359028
-0.979248 0.00358485

-0.979248 0.00358485
-0.978943 0.00357943

-0.978943 0.00357943
-0.978638 0.00357405

-0.978638 0.00357405
-0.978333 0.00356868

-0.978333 0.00356868
-0.978027 0.00356333

-0.978027 0.00356333
-0.977722 0.00355801

-0.977722 0.00355801
-0.977417 0.00355271

-0.977417 0.00355271
-0.977112 0.00354743

-0.977112 0.00354743
-0.976807 0.00354218

-0.976807 0.00354218
-0.976501 0.00353694

-0.976501 0.00353694
-0.976196 0.00353173

-0.976196 0.00353173
-0.975891 0.00352653

-0.975891 0.00352654
-0.975586 0.00352135

-0.975586 0.00352136
-0.975281 0.00351617

-0.975281 0.00351617
-0.974976 0.003511

-0.974976 0.00351097
-0.97467 0.00350586

-0.97467 0.00350588
-0.974365 0.00350082

-0.974365 0.00350082
-0.97406 0.00349577

-0.97406 0.00349577
-0.973755 0.00349075

-0.973755 0.00349075
-0.97345 0.00348576

-0.97345 0.00348576
-0.973145 0.00348079

-0.973145 0.00348079
-0.972839 0.00347585

-0.972839 0.00347585
-0.972534 0.00347093

-0.972534 0.00347093
-0.972229 0.00346603

-0.972229 0.00346603
-0.971924 0.00346116

-0.971924 0.00346116
-0.971619 0.00345631

-0.971619 0.00345631
-0.971313 0.00345149

-0.971313 0.00345149
-0.971008 0.00344669

-0.971008 0.00344669
-0.970703 0.00344191

-0.970703 0.00344191
-0.970398 0.00343715

-0.970398 0.00343715
-0.970093 0.00343241

-0.970093 0.00343241
-0.969788 0.00342769

-0.969788 0.00342769
-0.969482 0.00342298

-0.969482 0.00342298
-0.969177 0.00341829

-0.969177 0.00341829
-0.968872 0.00341361

-0.968872 0.00341361
-0.968567 0.00340893

-0.968567 0.00340893
-0.968262 0.00340426

-0.968262 0.00340426
-0.967957 0.00339959

-0.967957 0.00339959
-0.967651 0.00339492

-0.967651 0.00339492
-0.967346 0.00339023

-0.967346 0.00339023
-0.967041 0.00338552

-0.967041 0.00338552
-0.966736 0.00338078

-0.966736 0.00338079
-0.966431 0.00337601

-0.966431 0.00337602
-0.966125 0.00337119

-0.966125 0.0033712
-0.96582 0.0033663

-0.96582 0.00336631
-0.965515 0.00336131

-0.96521 0.0033561
-0.965259 0.00335693

-0.965515 0.00336133
-0.965255 0.00335693

-0.96521 0.00335611
-0.964905 0.00335091

-0.964905 0.00335091
-0.9646 0.00334574

-0.9646 0.00334574
-0.964294 0.0033406

-0.964294 0.0033406
-0.963989 0.00333548

-0.963989 0.00333548
-0.963684 0.00333039

-0.963684 0.00333039
-0.963379 0.00332532

-0.963379 0.00332532
-0.963074 0.00332027

-0.963074 0.00332027
-0.962769 0.00331525

-0.962769 0.00331525
-0.962463 0.00331024

-0.962463 0.00331024
-0.962158 0.00330525

-0.962158 0.00330525
-0.961853 0.00330028

-0.961853 0.00330028
-0.961548 0.00329532

-0.961548 0.00329532
-0.961243 0.00329039

-0.961243 0.00329039
-0.960938 0.00328547

-0.960938 0.00328547
-0.960632 0.00328056

-0.960632 0.00328056
-0.960327 0.00327567

-0.960327 0.00327567
-0.960022 0.0032708

-0.960022 0.0032708
-0.959717 0.00326594

-0.959717 0.00326594
-0.959412 0.0032611

-0.959412 0.0032611
-0.959106 0.00325627

-0.959106 0.00325627
-0.958801 0.00325146

-0.958801 0.00325146
-0.958496 0.00324666

-0.958496 0.00324666
-0.958191 0.00324187

-0.958191 0.00324187
-0.957886 0.0032371

-0.957886 0.0032371
-0.957581 0.00323234

-0.957581 0.00323234
-0.957275 0.0032276

-0.957275 0.0032276
-0.95697 0.00322287

-0.95697 0.00322287
-0.956665 0.00321816

-0.956665 0.00321816
-0.95636 0.00321345

-0.95636 0.00321345
-0.956055 0.00320875

-0.956055 0.00320874
-0.95575 0.00320406

-0.95575 0.00320404
-0.955444 0.00319941

-0.955444 0.00319943
-0.955139 0.00319483

-0.955139 0.00319483
-0.954834 0.00319022

-0.954834 0.00319022
-0.954529 0.00318562

-0.954529 0.00318562
-0.954224 0.00318102

-0.954224 0.00318102
-0.953918 0.00317643

-0.953918 0.00317643
-0.953613 0.00317185

-0.953613 0.00317185
-0.953308 0.00316727

-0.953308 0.00316727
-0.953003 0.0031627

-0.953003 0.0031627
-0.952698 0.00315813

-0.952698 0.00315813
-0.952393 0.00315357

-0.952393 0.00315357
-0.952087 0.00314901

-0.952087 0.00314901
-0.951782 0.00314446

-0.951782 0.00314446
-0.951477 0.00313991

-0.951477 0.00313991
-0.951172 0.00313537

-0.951172 0.00313537
-0.950867 0.00313083

-0.950867 0.00313083
-0.950562 0.0031263

-0.950562 0.0031263
-0.950256 0.00312177

-0.950256 0.00312177
-0.949951 0.00311725

-0.949951 0.00311725
-0.949646 0.00311274

-0.949646 0.00311274
-0.949341 0.00310823

-0.949341 0.00310823
-0.949036 0.00310373

-0.949036 0.00310373
-0.94873 0.00309925

-0.94873 0.00309925
-0.948425 0.00309477

-0.948425 0.00309477
-0.94812 0.00309031

-0.94812 0.00309031
-0.947815 0.00308586

-0.947815 0.00308586
-0.94751 0.00308142

-0.94751 0.00308142
-0.947205 0.00307701

-0.947205 0.003077
-0.946899 0.00307261

-0.946899 0.00307261
-0.946594 0.00306823

-0.946594 0.00306823
-0.946289 0.00306388

-0.946289 0.00306389
-0.945984 0.00305953

-0.945984 0.00305954
-0.945679 0.00305514

-0.945374 0.00305061
-0.945451 0.00305176

-0.945374 0.00305062
-0.945068 0.00304613

-0.945679 0.00305515
-0.945448 0.00305176

-0.945068 0.00304613
-0.944763 0.00304169

-0.944763 0.00304169
-0.944458 0.00303729

-0.944458 0.00303729
-0.944153 0.00303292

-0.944153 0.00303292
-0.943848 0.00302856

-0.943848 0.00302856
-0.943542 0.00302423

-0.943542 0.00302423
-0.943237 0.00301992

-0.943237 0.00301992
-0.942932 0.00301562

-0.942932 0.00301562
-0.942627 0.00301134

-0.942627 0.00301134
-0.942322 0.00300707

-0.942322 0.00300707
-0.942017 0.00300283

-0.942017 0.00300283
-0.941711 0.0029986

-0.941711 0.0029986
-0.941406 0.00299439

-0.941406 0.00299439
-0.941101 0.00299019

-0.941101 0.00299019
-0.940796 0.00298601

-0.940796 0.00298601
-0.940491 0.00298185

-0.940491 0.00298185
-0.940186 0.0029777

-0.940186 0.0029777
-0.93988 0.00297357

-0.93988 0.00297357
-0.939575 0.00296945

-0.939575 0.00296945
-0.93927 0.00296535

-0.93927 0.00296535
-0.938965 0.00296127

-0.938965 0.00296127
-0.93866 0.0029572

-0.93866 0.0029572
-0.938354 0.00295315

-0.938354 0.00295315
-0.938049 0.00294911

-0.938049 0.00294911
-0.937744 0.00294509

-0.937744 0.00294509
-0.937439 0.00294108

-0.937439 0.00294108
-0.937134 0.00293709

-0.937134 0.00293709
-0.936829 0.00293311

-0.936829 0.00293311
-0.936523 0.00292914

-0.936523 0.00292914
-0.936218 0.00292518

-0.936218 0.00292518
-0.935913 0.00292124

-0.935913 0.00292124
-0.935608 0.00291732

-0.935608 0.00291732
-0.935303 0.0029134

-0.935303 0.0029134
-0.934998 0.00290949

-0.934998 0.00290949
-0.934692 0.00290558

-0.934692 0.00290558
-0.934387 0.00290167

-0.934387 0.00290165
-0.934082 0.00289777

-0.934082 0.00289779
-0.933777 0.00289395

-0.933777 0.00289395
-0.933472 0.00289012

-0.933472 0.00289012
-0.933167 0.00288632

-0.933167 0.00288632
-0.932861 0.00288252

-0.932861 0.00288252
-0.932556 0.00287875

-0.932556 0.00287875
-0.932251 0.00287499

-0.932251 0.00287499
-0.931946 0.00287124

-0.931946 0.00287124
-0.931641 0.00286751

-0.931641 0.00286751
-0.931335 0.0028638

-0.931335 0.0028638
-0.93103 0.00286011

-0.93103 0.00286011
-0.930725 0.00285643

-0.930725 0.00285643
-0.93042 0.00285277

-0.93042 0.00285277
-0.930115 0.00284913

-0.930115 0.00284913
-0.92981 0.0028455

-0.92981 0.0028455
-0.929504 0.00284189

-0.929504 0.00284189
-0.929199 0.00283831

-0.929199 0.00283831
-0.928894 0.00283473

-0.928894 0.00283473
-0.928589 0.00283118

-0.928589 0.00283118
-0.928284 0.00282765

-0.928284 0.00282765
-0.927979 0.00282413

-0.927979 0.00282413
-0.927673 0.00282063

-0.927673 0.00282063
-0.927368 0.00281715

-0.927368 0.00281715
-0.927063 0.00281369

-0.927063 0.00281369
-0.926758 0.00281024

-0.926758 0.00281024
-0.926453 0.00280681

-0.926453 0.00280681
-0.926147 0.0028034

-0.926147 0.0028034
-0.925842 0.0028

-0.925842 0.0028
-0.925537 0.00279661

-0.925537 0.00279661
-0.925232 0.00279324

-0.925232 0.00279324
-0.924927 0.00278987

-0.924927 0.00278987
-0.924622 0.00278651

-0.924622 0.00278651
-0.924316 0.00278316

-0.924316 0.00278316
-0.924011 0.0027798

-0.924011 0.0027798
-0.923706 0.00277644

-0.923706 0.00277644
-0.923401 0.00277307

-0.923401 0.00277307
-0.923096 0.00276968

-0.923096 0.00276968
-0.922791 0.00276627

-0.922791 0.00276627
-0.922485 0.00276282

-0.922485 0.00276283
-0.92218 0.00275933

-0.92218 0.00275934
-0.921875 0.00275579

-0.921875 0.00275579
-0.92157 0.00275217

-0.92157 0.00275218
-0.921265 0.00274845

-0.920959 0.00274461
-0.921117 0.00274658

-0.921265 0.00274845
-0.921115 0.00274658

-0.920959 0.00274461
-0.920654 0.00274079

-0.920654 0.0027408
-0.920349 0.00273701

-0.920349 0.00273701
-0.920044 0.00273325

-0.920044 0.00273325
-0.919739 0.00272952

-0.919739 0.00272952
-0.919434 0.0027258

-0.919434 0.0027258
-0.919128 0.00272211

-0.919128 0.00272211
-0.918823 0.00271843

-0.918823 0.00271843
-0.918518 0.00271477

-0.918518 0.00271477
-0.918213 0.00271113

-0.918213 0.00271113
-0.917908 0.00270751

-0.917908 0.00270751
-0.917603 0.0027039

-0.917603 0.0027039
-0.917297 0.00270031

-0.917297 0.00270031
-0.916992 0.00269674

-0.916992 0.00269674
-0.916687 0.00269317

-0.916687 0.00269317
-0.916382 0.00268962

-0.916382 0.00268962
-0.916077 0.00268609

-0.916077 0.00268609
-0.915771 0.00268256

-0.915771 0.00268256
-0.915466 0.00267905

-0.915466 0.00267905
-0.915161 0.00267555

-0.915161 0.00267555
-0.914856 0.00267206

-0.914856 0.00267206
-0.914551 0.00266858

-0.914551 0.00266858
-0.914246 0.00266511

-0.914246 0.00266511
-0.91394 0.00266165

-0.91394 0.00266165
-0.913635 0.0026582

-0.913635 0.0026582
-0.91333 0.00265476

-0.91333 0.00265476
-0.913025 0.00265133

-0.913025 0.00265133
-0.91272 0.00264791

-0.91272 0.00264791
-0.912415 0.0026445

-0.912415 0.0026445
-0.912109 0.0026411

-0.912109 0.0026411
-0.911804 0.0026377

-0.911804 0.0026377
-0.911499 0.00263432

-0.911499 0.00263432
-0.911194 0.00263094

-0.911194 0.00263094
-0.910889 0.00262757

-0.910889 0.00262757
-0.910583 0.00262421

-0.910583 0.00262421
-0.910278 0.00262086

-0.910278 0.00262086
-0.909973 0.00261751

-0.909973 0.00261751
-0.909668 0.00261418

-0.909668 0.00261418
-0.909363 0.00261085

-0.909363 0.00261085
-0.909058 0.00260753

-0.909058 0.00260753
-0.908752 0.00260422

-0.908752 0.00260422
-0.908447 0.00260091

-0.908447 0.00260091
-0.908142 0.00259762

-0.908142 0.00259762
-0.907837 0.00259433

-0.907837 0.00259433
-0.907532 0.00259107

-0.907532 0.00259108
-0.907227 0.00258782

-0.907227 0.00258782
-0.906921 0.00258455

-0.906921 0.00258455
-0.906616 0.00258127

-0.906616 0.00258127
-0.906311 0.00257798

-0.906311 0.00257798
-0.906006 0.00257469

-0.906006 0.00257469
-0.905701 0.00257139

-0.905701 0.00257139
-0.905396 0.00256808

-0.905396 0.00256808
-0.90509 0.00256475

-0.90509 0.00256475
-0.904785 0.00256141

-0.904785 0.00256141
-0.90448 0.00255806

-0.90448 0.00255806
-0.904175 0.00255468

-0.904175 0.00255468
-0.90387 0.00255129

-0.90387 0.00255129
-0.903564 0.00254788

-0.903564 0.00254789
-0.903259 0.00254445

-0.903259 0.00254446
-0.902954 0.002541

-0.902954 0.002541
-0.902649 0.00253753

-0.902649 0.00253753
-0.902344 0.00253403

-0.902344 0.00253403
-0.902039 0.00253051

-0.902039 0.00253051
-0.901733 0.00252697

-0.901733 0.00252697
-0.901428 0.0025234

-0.901428 0.0025234
-0.901123 0.00251982

-0.901123 0.00251982
-0.900818 0.00251621

-0.900818 0.00251621
-0.900513 0.00251258

-0.900513 0.00251258
-0.900208 0.00250894

-0.900208 0.00250894
-0.899902 0.00250528

-0.899902 0.00250528
-0.899597 0.00250161

-0.899597 0.00250161
-0.899292 0.00249794

-0.899292 0.00249794
-0.898987 0.00249425

-0.898987 0.00249425
-0.898682 0.00249057

-0.898682 0.00249057
-0.898376 0.00248689

-0.898376 0.00248689
-0.898071 0.00248322

-0.898071 0.00248322
-0.897766 0.00247957

-0.897766 0.00247957
-0.897461 0.00247594

-0.897461 0.00247593
-0.897156 0.00247233

-0.897156 0.00247233
-0.896851 0.00246875

-0.896851 0.00246875
-0.896545 0.00246521

-0.896545 0.0024652
-0.89624 0.00246171

-0.89624 0.0024617
-0.895935 0.00245825

-0.895935 0.00245825
-0.89563 0.00245485

-0.89563 0.00245485
-0.895325 0.0024515

-0.895325 0.0024515
-0.89502 0.00244818

-0.894104 0.00243828
-0.894395 0.00244141

-0.894104 0.00243828
-0.893799 0.00243505

-0.893799 0.00243505
-0.893494 0.00243187

-0.893494 0.00243187
-0.893188 0.00242872

-0.893188 0.00242872
-0.892883 0.00242561

-0.892883 0.00242561
-0.892578 0.00242252

-0.89502 0.00244819
-0.894714 0.00244488

-0.894714 0.00244489
-0.894409 0.00244158

-0.894409 0.00244159
-0.894392 0.00244141

-0.892578 0.00242252
-0.892273 0.00241947

-0.892273 0.00241947
-0.891968 0.00241644

-0.891968 0.00241644
-0.891663 0.00241344

-0.891663 0.00241344
-0.891357 0.00241047

-0.891357 0.00241047
-0.891052 0.00240753

-0.891052 0.00240753
-0.890747 0.00240461

-0.890747 0.00240461
-0.890442 0.00240173

-0.890442 0.00240173
-0.890137 0.00239887

-0.890137 0.00239887
-0.889832 0.00239604

-0.889832 0.00239604
-0.889526 0.00239324

-0.889526 0.00239324
-0.889221 0.00239046

-0.889221 0.00239046
-0.888916 0.00238772

-0.888916 0.00238772
-0.888611 0.00238501

-0.888611 0.00238501
-0.888306 0.00238232

-0.888306 0.00238232
-0.888 0.00237966

-0.888 0.00237966
-0.887695 0.00237704

-0.887695 0.00237704
-0.88739 0.00237444

-0.88739 0.00237444
-0.887085 0.00237188

-0.887085 0.00237188
-0.88678 0.00236934

-0.88678 0.00236934
-0.886475 0.00236684

-0.886475 0.00236684
-0.886169 0.00236437

-0.886169 0.00236437
-0.885864 0.00236192

-0.885864 0.00236192
-0.885559 0.00235951

-0.885559 0.00235951
-0.885254 0.00235713

-0.885254 0.00235713
-0.884949 0.00235478

-0.884949 0.00235478
-0.884644 0.00235246

-0.884644 0.00235246
-0.884338 0.00235017

-0.884338 0.00235017
-0.884033 0.00234791

-0.884033 0.00234791
-0.883728 0.00234568

-0.883728 0.00234568
-0.883423 0.00234348

-0.883423 0.00234348
-0.883118 0.0023413

-0.883118 0.0023413
-0.882812 0.00233916

-0.882812 0.00233916
-0.882507 0.00233704

-0.882507 0.00233704
-0.882202 0.00233495

-0.882202 0.00233495
-0.881897 0.00233288

-0.881897 0.00233288
-0.881592 0.00233084

-0.881592 0.00233084
-0.881287 0.00232882

-0.881287 0.00232882
-0.880981 0.00232682

-0.880981 0.00232682
-0.880676 0.00232485

-0.880676 0.00232485
-0.880371 0.00232289

-0.880371 0.00232289
-0.880066 0.00232095

-0.880066 0.00232095
-0.879761 0.00231903

-0.879761 0.00231903
-0.879456 0.00231712

-0.879456 0.00231712
-0.87915 0.00231523

-0.87915 0.00231523
-0.878845 0.00231335

-0.878845 0.00231335
-0.87854 0.00231148

-0.87854 0.00231148
-0.878235 0.00230961

-0.878235 0.00230962
-0.87793 0.00230776

-0.87793 0.00230776
-0.877625 0.0023059

-0.877625 0.0023059
-0.877319 0.00230405

-0.877319 0.00230405
-0.877014 0.00230221

-0.877014 0.00230221
-0.876709 0.00230036

-0.876709 0.00230036
-0.876404 0.0022985

-0.876404 0.0022985
-0.876099 0.00229665

-0.876099 0.00229665
-0.875793 0.00229479

-0.875793 0.00229479
-0.875488 0.00229292

-0.875488 0.00229292
-0.875183 0.00229104

-0.875183 0.00229104
-0.874878 0.00228915

-0.874878 0.00228915
-0.874573 0.00228725

-0.874573 0.00228725
-0.874268 0.00228535

-0.874268 0.00228535
-0.873962 0.00228345

-0.873962 0.00228345
-0.873657 0.00228154

-0.873657 0.00228154
-0.873352 0.00227964

-0.873352 0.00227964
-0.873047 0.00227772

-0.873047 0.00227772
-0.872742 0.00227581

-0.872742 0.00227581
-0.872437 0.00227388

-0.872437 0.00227388
-0.872131 0.00227195

-0.872131 0.00227195
-0.871826 0.00227001

-0.871826 0.00227001
-0.871521 0.00226806

-0.871521 0.00226806
-0.871216 0.0022661

-0.871216 0.0022661
-0.870911 0.00226413

-0.870911 0.00226413
-0.870605 0.00226215

-0.870605 0.00226215
-0.8703 0.00226016

-0.8703 0.00226016
-0.869995 0.00225816

-0.869995 0.00225816
-0.86969 0.00225614

-0.86969 0.00225614
-0.869385 0.00225412

-0.869385 0.00225412
-0.86908 0.00225208

-0.86908 0.00225208
-0.868774 0.00225003

-0.868774 0.00225003
-0.868469 0.00224797

-0.868469 0.00224797
-0.868164 0.00224589

-0.868164 0.00224589
-0.867859 0.0022438

-0.867859 0.0022438
-0.867554 0.00224169

-0.867554 0.00224169
-0.867249 0.00223957

-0.867249 0.00223957
-0.866943 0.00223744

-0.866943 0.00223744
-0.866638 0.00223529

-0.866638 0.00223529
-0.866333 0.00223312

-0.866333 0.00223312
-0.866028 0.00223094

-0.866028 0.00223094
-0.865723 0.00222874

-0.865723 0.00222874
-0.865417 0.00222653

-0.865417 0.00222653
-0.865112 0.00222429

-0.865112 0.00222429
-0.864807 0.00222204

-0.864807 0.00222204
-0.864502 0.00221976

-0.864502 0.00221976
-0.864197 0.00221747

-0.864197 0.00221747
-0.863892 0.00221515

-0.863892 0.00221515
-0.863586 0.0022128

-0.863586 0.0022128
-0.863281 0.00221044

-0.863281 0.00221044
-0.862976 0.00220804

-0.862976 0.00220804
-0.862671 0.00220562

-0.862671 0.00220562
-0.862366 0.00220317

-0.862366 0.00220317
-0.862061 0.00220069

-0.862061 0.00220069
-0.861755 0.00219817

-0.861755 0.00219817
-0.86145 0.00219563

-0.86145 0.00219563
-0.861145 0.00219305

-0.861145 0.00219305
-0.86084 0.00219044

-0.86084 0.00219044
-0.860535 0.0021878

-0.860535 0.0021878
-0.860229 0.00218512

-0.860229 0.00218512
-0.859924 0.0021824

-0.859924 0.0021824
-0.859619 0.00217966

-0.859619 0.00217966
-0.859314 0.00217688

-0.859314 0.00217688
-0.859009 0.00217407

-0.859009 0.00217407
-0.858704 0.00217123

-0.858704 0.00217123
-0.858398 0.00216836

-0.858398 0.00216836
-0.858093 0.00216546

-0.858093 0.00216546
-0.857788 0.00216254

-0.857788 0.00216254
-0.857483 0.00215959

-0.857483 0.00215959
-0.857178 0.00215663

-0.857178 0.00215663
-0.856873 0.00215365

-0.856873 0.00215365
-0.856567 0.00215065

-0.856567 0.00215065
-0.856262 0.00214765

-0.856262 0.00214765
-0.855957 0.00214465

-0.855957 0.00214464
-0.855652 0.00214166

-0.855652 0.00214165
-0.855347 0.0021387

-0.855042 0.00213583
-0.855084 0.00213623

-0.855347 0.00213869
-0.855085 0.00213623

-0.855042 0.00213581
-0.854736 0.00213302

-0.854736 0.00213302
-0.854431 0.00213034

-0.854431 0.00213033
-0.854126 0.00212779

-0.854126 0.00212779
-0.853821 0.0021254

-0.853821 0.0021254
-0.853516 0.00212319

-0.853516 0.00212318
-0.85321 0.00212117

-0.85321 0.00212116
-0.852905 0.00211936

-0.852905 0.00211936
-0.8526 0.00211779

-0.8526 0.00211779
-0.852295 0.00211648

-0.852295 0.00211648
-0.85199 0.00211546

-0.85199 0.00211546
-0.851685 0.00211476

-0.851685 0.00211475
-0.851379 0.00211439

-0.851379 0.00211438
-0.851074 0.00211439

-0.851074 0.00211438
-0.850769 0.00211478

-0.850769 0.00211477
-0.850464 0.00211557

-0.850464 0.00211557
-0.850159 0.0021168

-0.850159 0.0021168
-0.849854 0.00211846

-0.849854 0.00211846
-0.849548 0.00212056

-0.849548 0.00212056
-0.849243 0.00212311

-0.849243 0.00212311
-0.848938 0.00212609

-0.848938 0.0021261
-0.848633 0.0021295

-0.848633 0.00212952
-0.848328 0.00213329

-0.848328 0.00213333
-0.848111 0.00213623

-0.848104 0.00213623
-0.848022 0.00213733

-0.848022 0.00213729
-0.847717 0.0021419

-0.847717 0.00214189
-0.847412 0.00214722

-0.847412 0.0021472
-0.847107 0.00215334

-0.847107 0.00215331
-0.846802 0.00216039

-0.846802 0.00216034
-0.846497 0.00216852

-0.846497 0.00216846
-0.846191 0.00217797

-0.846191 0.00217788
-0.845886 0.00218901

-0.845886 0.0021889
-0.845581 0.00220206

-0.845581 0.00220193
-0.845276 0.0022176

-0.845276 0.00221747
-0.844971 0.00223616

-0.844971 0.00223599
-0.844666 0.00225831

-0.844666 0.00225797
-0.84436 0.00228494

-0.84436 0.00228421
-0.844055 0.00231799

-0.844055 0.00231806
-0.84375 0.00235996

-0.84375 0.0023596
-0.843445 0.00241016

-0.843445 0.00240999
-0.843287 0.00244141

-0.843285 0.00244141
-0.84314 0.00247027

-0.84314 0.00246958
-0.842834 0.00254272

-0.842834 0.00254173
-0.842529 0.00263111

-0.842529 0.00263136
-0.842224 0.00273846

-0.842224 0.00274002
-0.842208 0.00274658

-0.842204 0.00274658
-0.841919 0.00286284

-0.841919 0.00286214
-0.841614 0.00300636

-0.841614 0.00300784
-0.841531 0.00305176

-0.841531 0.00305176
-0.841309 0.00317027

-0.841309 0.00317004
-0.841003 0.00334807

-0.841003 0.00335
-0.840992 0.00335693

-0.840992 0.00335693
-0.840698 0.00354023

-0.840698 0.00354027
-0.840509 0.00366211

-0.840512 0.00366211
-0.840393 0.00373907

-0.840393 0.00373914
-0.840088 0.0039385

-0.840088 0.00393903
-0.840043 0.00396729

-0.840046 0.00396729
-0.839783 0.00413671

-0.839783 0.00413684
-0.839566 0.00427246

-0.839566 0.00427246
-0.839478 0.00432763

-0.839478 0.0043285
-0.839172 0.00451044

-0.839172 0.00451066
-0.839053 0.00457764

-0.839053 0.00457764
-0.838867 0.00468159

-0.838867 0.00468193
-0.838562 0.00484034

-0.838562 0.00484026
-0.838473 0.00488281

-0.838473 0.00488281
-0.838257 0.00498562

-0.838257 0.00498575
-0.837952 0.00511746

-0.837952 0.00511789
-0.83777 0.00518799

-0.837767 0.00518799
-0.837646 0.00523466

-0.837646 0.00523527
-0.837341 0.00533949

-0.837341 0.00533968
-0.837036 0.00542997

-0.837036 0.00543046
-0.836783 0.00549316

-0.836775 0.00549316
-0.836731 0.00550398

-0.836731 0.00550542
-0.836426 0.005567

-0.836426 0.00556717
-0.836121 0.00561508

-0.836121 0.00561512
-0.835815 0.00564896

-0.835815 0.00564895
-0.83551 0.00566866

-0.83551 0.00566872
-0.835205 0.00567421

-0.835205 0.00567422
-0.8349 0.00566532

-0.8349 0.00566544
-0.834595 0.00564188

-0.834595 0.00564198
-0.83429 0.0056033

-0.83429 0.00560348
-0.833984 0.00554912

-0.832153 0.00484789
-0.832217 0.00488281

-0.832153 0.00485029
-0.831848 0.00465712

-0.831543 0.00443643
-0.831737 0.00457764

-0.831848 0.00465578
-0.831737 0.00457764

-0.829362 0.0
-0.829369 0.000305176

-0.829368 0.000305176
-0.829392 0.000610352

-0.829407 0.000717095
-0.829434 0.000915527

-0.829434 0.000915527
-0.829493 0.0012207

-0.829407 0.000717538
-0.829392 0.000610352

-0.829712 0.00195114
-0.829782 0.00213623

-0.829782 0.00213623
-0.82992 0.00244141

-0.829493 0.0012207
-0.82957 0.00152588

-0.82957 0.00152588
-0.829666 0.00183105

-0.829712 0.00195114
-0.829666 0.00183105

-0.830627 0.00354176
-0.830726 0.00366211

-0.830322 0.00313362
-0.830479 0.00335693

-0.830627 0.00354298
-0.83048 0.00335693

-0.831238 0.00418039
-0.831345 0.00427246

-0.830933 0.00388651
-0.831012 0.00396729

-0.831238 0.00418148
-0.831009 0.00396729

-0.831543 0.00443587
-0.831343 0.00427246

-0.830933 0.00388819
-0.830727 0.00366211

-0.830017 0.00262708
-0.83008 0.00274658

-0.830079 0.00274658
-0.830266 0.00305176

-0.830017 0.00262707
-0.829919 0.00244141

-0.830322 0.00313523
-0.830266 0.00305176

-0.833679 0.00547749
-0.833747 0.00549316

-0.833679 0.00547891
-0.833374 0.0053915

-0.833984 0.00554951
-0.833741 0.00549316

-0.833374 0.00539186
-0.833069 0.00528632

-0.832764 0.00516047
-0.832831 0.00518799

-0.833069 0.00528686
-0.832827 0.00518799

-0.832764 0.00516234
-0.832458 0.00501695

-0.832458 0.00501772
-0.832213 0.00488281

-1.0 0.456097
-0.99983 0.456238

-0.999832 0.456238
-0.999695 0.456352

-0.999695 0.456353
-0.999469 0.456543

-0.999469 0.456543
-0.99939 0.456609

-0.99939 0.45661
-0.999107 0.456848

-0.999106 0.456848
-0.999084 0.456866

-0.999084 0.456867
-0.998779 0.457124

-0.998779 0.457124
-0.998745 0.457153

-0.998745 0.457153
-0.998474 0.457381

-0.998474 0.457381
-0.998382 0.457458

-0.998383 0.457458
-0.998169 0.457638

-0.998169 0.457639
-0.998019 0.457764

-0.998021 0.457764
-0.997864 0.457894

-0.997864 0.457895
-0.997657 0.458069

-0.997657 0.458069
-0.997559 0.458151

-0.997559 0.458152
-0.997294 0.458374

-0.997294 0.458374
-0.997253 0.458408

-0.997253 0.458408
-0.996948 0.458665

-0.996948 0.458665
-0.996931 0.458679

-0.996931 0.458679
-0.996643 0.458922

-0.996643 0.458922
-0.996568 0.458984

-0.996569 0.458984
-0.996338 0.459178

-0.996338 0.459179
-0.996205 0.45929

-0.996207 0.45929
-0.996033 0.459434

-0.996033 0.459436
-0.995842 0.459595

-0.995842 0.459595
-0.995728 0.45969

-0.995728 0.459691
-0.995479 0.4599

-0.995479 0.4599
-0.995422 0.459947

-0.995422 0.459948
-0.995117 0.460204

-0.995117 0.460204
-0.995116 0.460205

-0.995116 0.460205
-0.994812 0.46046

-0.994812 0.46046
-0.994752 0.46051

-0.994753 0.46051
-0.994507 0.460717

-0.994507 0.460717
-0.994389 0.460815

-0.99439 0.460815
-0.994202 0.460972

-0.994202 0.460974
-0.994025 0.461121

-0.994026 0.461121
-0.993896 0.461228

-0.993896 0.461229
-0.993662 0.461426

-0.993661 0.461426
-0.993591 0.461484

-0.993591 0.461485
-0.993298 0.461731

-0.993297 0.461731
-0.993286 0.46174

-0.993286 0.461741
-0.992981 0.461997

-0.992981 0.461997
-0.992934 0.462036

-0.992934 0.462036
-0.992676 0.462253

-0.992676 0.462253
-0.99257 0.462341

-0.992571 0.462341
-0.992371 0.462508

-0.992371 0.46251
-0.992205 0.462646

-0.992207 0.462646
-0.992065 0.462763

-0.992065 0.462765
-0.991842 0.462952

-0.991841 0.462952
-0.99176 0.463019

-0.99176 0.46302
-0.991478 0.463257

-0.991477 0.463257
-0.991455 0.463275

-0.991455 0.463276
-0.99115 0.463531

-0.99115 0.463531
-0.991113 0.463562

-0.991113 0.463562
-0.990845 0.463787

-0.990845 0.463787
-0.990748 0.463867

-0.990749 0.463867
-0.99054 0.464042

-0.99054 0.464044
-0.990383 0.464172

-0.990385 0.464172
-0.990234 0.464297

-0.990234 0.464298
-0.99002 0.464478

-0.990019 0.464478
-0.989929 0.464552

-0.989929 0.464553
-0.989655 0.464783

-0.989654 0.464783
-0.989624 0.464808

-0.989624 0.464809
-0.989319 0.465064

-0.989319 0.465064
-0.98929 0.465088

-0.98929 0.465088
-0.989014 0.465319

-0.989014 0.465319
-0.988925 0.465393

-0.988925 0.465393
-0.988708 0.465574

-0.988708 0.465575
-0.988559 0.465698

-0.988561 0.465698
-0.988403 0.465828

-0.988403 0.46583
-0.988195 0.466003

-0.988195 0.466003
-0.988098 0.466084

-0.988098 0.466085
-0.98783 0.466309

-0.987829 0.466309
-0.987793 0.466339

-0.987793 0.466339
-0.987488 0.466594

-0.987488 0.466594
-0.987465 0.466614

-0.987465 0.466614
-0.987183 0.466849

-0.987183 0.46685
-0.987099 0.466919

-0.987099 0.466919
-0.986877 0.467104

-0.986877 0.467105
-0.986733 0.467224

-0.986735 0.467224
-0.986572 0.467358

-0.986572 0.46736
-0.986368 0.467529

-0.986368 0.467529
-0.986267 0.467613

-0.986267 0.467614
-0.986003 0.467834

-0.986002 0.467834
-0.985962 0.467868

-0.985962 0.467868
-0.985657 0.468123

-0.985657 0.468123
-0.985637 0.46814

-0.985637 0.46814
-0.985352 0.468378

-0.985352 0.468378
-0.985271 0.468445

-0.985271 0.468445
-0.985046 0.468632

-0.985046 0.468633
-0.984904 0.46875

-0.984906 0.46875
-0.984741 0.468885

-0.984741 0.468887
-0.984539 0.469055

-0.984539 0.469055
-0.984436 0.46914

-0.984436 0.469141
-0.984173 0.46936

-0.984172 0.46936
-0.984131 0.469395

-0.984131 0.469395
-0.983826 0.46965

-0.983826 0.46965
-0.983807 0.469666

-0.983807 0.469666
-0.983521 0.469904

-0.983521 0.469904
-0.98344 0.469971

-0.983441 0.469971
-0.983215 0.470158

-0.983215 0.470159
-0.983073 0.470276

-0.983075 0.470276
-0.98291 0.470411

-0.98291 0.470413
-0.982708 0.470581

-0.982708 0.470581
-0.982605 0.470666

-0.982605 0.470667
-0.982341 0.470886

-0.98234 0.470886
-0.9823 0.47092

-0.9823 0.470921
-0.981995 0.471175

-0.981995 0.471175
-0.981974 0.471191

-0.981974 0.471191
-0.981689 0.471429

-0.981689 0.471429
-0.981607 0.471497

-0.981608 0.471497
-0.981384 0.471682

-0.981384 0.471684
-0.98124 0.471802

-0.981242 0.471802
-0.981079 0.471935

-0.981079 0.471937
-0.980874 0.472107

-0.980874 0.472107
-0.980774 0.472189

-0.980774 0.47219
-0.980507 0.472412

-0.980506 0.472412
-0.980469 0.472443

-0.980469 0.472444
-0.980164 0.472698

-0.980164 0.472698
-0.98014 0.472717

-0.98014 0.472717
-0.979858 0.472951

-0.979858 0.472951
-0.979772 0.473022

-0.979773 0.473022
-0.979553 0.473205

-0.979553 0.473206
-0.979404 0.473328

-0.979407 0.473328
-0.979248 0.473457

-0.979248 0.473459
-0.979038 0.473633

-0.979038 0.473633
-0.978943 0.473711

-0.978943 0.473712
-0.978671 0.473938

-0.97867 0.473938
-0.978638 0.473965

-0.978638 0.473965
-0.978333 0.474219

-0.978333 0.474219
-0.978303 0.474243

-0.978303 0.474243
-0.978027 0.474472

-0.978027 0.474472
-0.977935 0.474548

-0.977936 0.474548
-0.977722 0.474725

-0.977722 0.474727
-0.977567 0.474854

-0.977569 0.474854
-0.977417 0.474977

-0.977417 0.474979
-0.9772 0.475159

-0.977199 0.475159
-0.977112 0.475231

-0.977112 0.475232
-0.976832 0.475464

-0.976831 0.475464
-0.976807 0.475484

-0.976807 0.475485
-0.976501 0.475738

-0.976501 0.475738
-0.976464 0.475769

-0.976464 0.475769
-0.976196 0.475991

-0.976196 0.475991
-0.976095 0.476074

-0.976096 0.476074
-0.975891 0.476244

-0.975891 0.476245
-0.975727 0.476379

-0.975728 0.476379
-0.975586 0.476496

-0.975586 0.476497
-0.97536 0.476685

-0.975359 0.476685
-0.975281 0.476749

-0.975281 0.47675
-0.974991 0.47699

-0.97499 0.47699
-0.974976 0.477002

-0.974976 0.477003
-0.97467 0.477255

-0.97467 0.477255
-0.974622 0.477295

-0.974623 0.477295
-0.974365 0.477508

-0.974365 0.477509
-0.974254 0.4776

-0.974255 0.4776
-0.97406 0.47776

-0.97406 0.477762
-0.973885 0.477905

-0.973886 0.477905
-0.973755 0.478012

-0.973755 0.478014
-0.973517 0.47821

-0.973516 0.47821
-0.97345 0.478265

-0.97345 0.478266
-0.973148 0.478516

-0.973147 0.478516
-0.973145 0.478518

-0.973145 0.478518
-0.972839 0.478771

-0.972839 0.478771
-0.972779 0.478821

-0.972779 0.478821
-0.972534 0.479023

-0.972534 0.479024
-0.972409 0.479126

-0.972411 0.479126
-0.972229 0.479275

-0.972229 0.479277
-0.972041 0.479431

-0.972041 0.479431
-0.971924 0.479527

-0.971924 0.479528
-0.971672 0.479736

-0.971671 0.479736
-0.971619 0.47978

-0.971619 0.47978
-0.971313 0.480033

-0.971313 0.480033
-0.971303 0.480042

-0.971303 0.480042
-0.971008 0.480285

-0.971008 0.480285
-0.970933 0.480347

-0.970934 0.480347
-0.970703 0.480537

-0.970703 0.480538
-0.970563 0.480652

-0.970565 0.480652
-0.970398 0.480788

-0.970398 0.48079
-0.970194 0.480957

-0.970195 0.480957
-0.970093 0.48104

-0.970093 0.481041
-0.969825 0.481262

-0.969824 0.481262
-0.969788 0.481292

-0.969788 0.481293
-0.969482 0.481545

-0.969482 0.481545
-0.969455 0.481567

-0.969455 0.481567
-0.969177 0.481797

-0.969177 0.481797
-0.969085 0.481873

-0.969086 0.481873
-0.968872 0.482049

-0.968872 0.48205
-0.968715 0.482178

-0.968717 0.482178
-0.968567 0.482299

-0.968567 0.482301
-0.968346 0.482483

-0.968346 0.482483
-0.968262 0.482552

-0.968262 0.482552
-0.967976 0.482788

-0.967975 0.482788
-0.967957 0.482803

-0.967957 0.482804
-0.967651 0.483056

-0.967651 0.483056
-0.967606 0.483093

-0.967606 0.483093
-0.967346 0.483307

-0.967346 0.483308
-0.967235 0.483398

-0.967236 0.483398
-0.967041 0.483558

-0.967041 0.48356
-0.966865 0.483704

-0.966866 0.483704
-0.966736 0.483809

-0.966736 0.483811
-0.966495 0.484009

-0.966495 0.484009
-0.966431 0.484061

-0.966431 0.484062
-0.966125 0.484313

-0.966125 0.484313
-0.966125 0.484314

-0.966125 0.484314
-0.96582 0.484565

-0.96582 0.484565
-0.965754 0.484619

-0.965754 0.484619
-0.965515 0.484816

-0.965515 0.484817
-0.965383 0.484924

-0.965385 0.484924
-0.96521 0.485066

-0.96521 0.485068
-0.965013 0.485229

-0.965013 0.485229
-0.964905 0.485318

-0.964905 0.485319
-0.964642 0.485535

-0.964641 0.485535
-0.9646 0.485569

-0.9646 0.48557
-0.964294 0.485821

-0.964294 0.485821
-0.964271 0.48584

-0.964271 0.48584
-0.963989 0.486072

-0.963989 0.486072
-0.9639 0.486145

-0.963901 0.486145
-0.963684 0.486323

-0.963684 0.486324
-0.963528 0.48645

-0.96353 0.48645
-0.963379 0.486573

-0.963379 0.486574
-0.963158 0.486755

-0.963158 0.486755
-0.963074 0.486824

-0.963074 0.486825
-0.962787 0.487061

-0.962786 0.487061
-0.962769 0.487075

-0.962769 0.487076
-0.962463 0.487327

-0.962463 0.487327
-0.962416 0.487366

-0.962416 0.487366
-0.962158 0.487577

-0.962158 0.487578
-0.962044 0.487671

-0.962045 0.487671
-0.961853 0.487828

-0.961853 0.487829
-0.961673 0.487976

-0.961673 0.487976
-0.961548 0.488078

-0.961548 0.488079
-0.961302 0.488281

-0.961301 0.488281
-0.961243 0.488329

-0.961243 0.48833
-0.960938 0.48858

-0.960938 0.48858
-0.96093 0.488586

-0.96093 0.488586
-0.960632 0.488831

-0.960632 0.488831
-0.960558 0.488892

-0.960558 0.488892
-0.960327 0.489081

-0.960327 0.489082
-0.960186 0.489197

-0.960188 0.489197
-0.960022 0.489331

-0.960022 0.489332
-0.959815 0.489502

-0.959815 0.489502
-0.959717 0.489581

-0.959717 0.489582
-0.959443 0.489807

-0.959442 0.489807
-0.959412 0.489832

-0.959412 0.489833
-0.959106 0.490083

-0.959106 0.490083
-0.959071 0.490112

-0.959071 0.490112
-0.958801 0.490333

-0.958801 0.490334
-0.958698 0.490417

-0.958699 0.490417
-0.958496 0.490583

-0.958496 0.490585
-0.958326 0.490723

-0.958327 0.490723
-0.958191 0.490833

-0.958191 0.490834
-0.957954 0.491028

-0.957954 0.491028
-0.957886 0.491083

-0.957886 0.491084
-0.957582 0.491333

-0.957582 0.491333
-0.957581 0.491334

-0.957581 0.491334
-0.957275 0.491584

-0.957275 0.491584
-0.957209 0.491638

-0.957209 0.491638
-0.95697 0.491834

-0.95697 0.491835
-0.956836 0.491943

-0.956838 0.491943
-0.956665 0.492083

-0.956665 0.492085
-0.956464 0.492249

-0.956464 0.492249
-0.95636 0.492333

-0.95636 0.492334
-0.956092 0.492554

-0.956091 0.492554
-0.956055 0.492583

-0.956055 0.492584
-0.95575 0.492834

-0.95575 0.492834
-0.955719 0.492859

-0.955719 0.492859
-0.955444 0.493084

-0.955444 0.493084
-0.955346 0.493164

-0.955346 0.493164
-0.955139 0.493333

-0.955139 0.493335
-0.954972 0.493469

-0.954974 0.493469
-0.954834 0.493582

-0.954834 0.493583
-0.9546 0.493774

-0.9546 0.493774
-0.954529 0.493832

-0.954529 0.493833
-0.954227 0.49408

-0.954227 0.49408
-0.954224 0.494082

-0.954224 0.494082
-0.953918 0.494332

-0.953918 0.494332
-0.953854 0.494385

-0.953854 0.494385
-0.953613 0.494582

-0.953613 0.494582
-0.95348 0.49469

-0.953482 0.49469
-0.953308 0.49483

-0.953308 0.494832
-0.953107 0.494995

-0.953107 0.494995
-0.953003 0.495079

-0.953003 0.495081
-0.952734 0.4953

-0.952733 0.4953
-0.952698 0.495329

-0.952698 0.49533
-0.952393 0.495579

-0.952393 0.495579
-0.95236 0.495605

-0.95236 0.495605
-0.952087 0.495829

-0.952087 0.495829
-0.951986 0.495911

-0.951987 0.495911
-0.951782 0.496078

-0.951782 0.496079
-0.951612 0.496216

-0.951614 0.496216
-0.951477 0.496326

-0.951477 0.496327
-0.95124 0.496521

-0.951239 0.496521
-0.951172 0.496575

-0.951172 0.496576
-0.950867 0.496825

-0.950867 0.496825
-0.950866 0.496826

-0.950866 0.496826
-0.950562 0.497074

-0.950562 0.497075
-0.950492 0.497131

-0.950492 0.497131
-0.950256 0.497324

-0.950256 0.497325
-0.950117 0.497437

-0.950119 0.497437
-0.949951 0.497572

-0.949951 0.497573
-0.949744 0.497742

-0.949744 0.497742
-0.949646 0.497821

-0.949646 0.497822
-0.94937 0.498047

-0.949369 0.498047
-0.949341 0.49807

-0.949341 0.49807
-0.949036 0.498319

-0.949036 0.498319
-0.948995 0.498352

-0.948995 0.498352
-0.94873 0.498568

-0.94873 0.498569
-0.948621 0.498657

-0.948622 0.498657
-0.948425 0.498817

-0.948425 0.498818
-0.948246 0.498962

-0.948247 0.498962
-0.94812 0.499065

-0.94812 0.499066
-0.947873 0.499268

-0.947872 0.499268
-0.947815 0.499314

-0.947815 0.499314
-0.94751 0.499563

-0.94751 0.499563
-0.947498 0.499573

-0.947498 0.499573
-0.947205 0.499812

-0.947205 0.499812
-0.947123 0.499878

-0.947123 0.499878
-0.946899 0.50006

-0.946899 0.500062
-0.946747 0.500183

-0.94675 0.500183
-0.946594 0.500308

-0.946594 0.500309
-0.946374 0.500488

-0.946374 0.500488
-0.946289 0.500556

-0.946289 0.500557
-0.945999 0.500793

-0.945998 0.500793
-0.945984 0.500805

-0.945984 0.500806
-0.945679 0.501054

-0.945679 0.501054
-0.945624 0.501099

-0.945624 0.501099
-0.945374 0.501303

-0.945374 0.501303
-0.945248 0.501404

-0.94525 0.501404
-0.945068 0.50155

-0.945068 0.501551
-0.944874 0.501709

-0.944874 0.501709
-0.944763 0.501798

-0.944763 0.501799
-0.944499 0.502014

-0.944498 0.502014
-0.944458 0.502047

-0.944458 0.502047
-0.944153 0.502296

-0.944153 0.502296
-0.944124 0.502319

-0.944124 0.502319
-0.943848 0.502544

-0.943848 0.502544
-0.943748 0.502625

-0.943749 0.502625
-0.943542 0.502792

-0.943542 0.502793
-0.943372 0.50293

-0.943374 0.50293
-0.943237 0.503039

-0.943237 0.50304
-0.942998 0.503235

-0.942997 0.503235
-0.942932 0.503287

-0.942932 0.503288
-0.942627 0.503536

-0.942627 0.503536
-0.942622 0.50354

-0.942622 0.50354
-0.942322 0.503784

-0.942322 0.503784
-0.942246 0.503845

-0.942246 0.503845
-0.942017 0.504032

-0.942017 0.504033
-0.941869 0.50415

-0.941872 0.50415
-0.941711 0.504279

-0.941711 0.50428
-0.941495 0.504456

-0.941495 0.504456
-0.941406 0.504527

-0.941406 0.504528
-0.941119 0.504761

-0.941118 0.504761
-0.941101 0.504775

-0.941101 0.504775
-0.940796 0.505023

-0.940796 0.505023
-0.940743 0.505066

-0.940743 0.505066
-0.940491 0.505271

-0.940491 0.505271
-0.940366 0.505371

-0.940368 0.505371
-0.940186 0.505518

-0.940186 0.505519
-0.939991 0.505676

-0.939991 0.505676
-0.93988 0.505765

-0.93988 0.505766
-0.939615 0.505981

-0.939614 0.505981
-0.939575 0.506013

-0.939575 0.506014
-0.93927 0.506261

-0.93927 0.506261
-0.939238 0.506287

-0.939239 0.506287
-0.938965 0.506509

-0.938965 0.506509
-0.938862 0.506592

-0.938863 0.506592
-0.93866 0.506756

-0.93866 0.506757
-0.938485 0.506897

-0.938487 0.506897
-0.938354 0.507002

-0.938354 0.507004
-0.93811 0.507202

-0.938109 0.507202
-0.938049 0.50725

-0.938049 0.507251
-0.937744 0.507498

-0.937744 0.507498
-0.937733 0.507507

-0.937733 0.507507
-0.937439 0.507745

-0.937439 0.507746
-0.937356 0.507812

-0.937356 0.507812
-0.937134 0.507993

-0.937134 0.507994
-0.936978 0.508118

-0.936981 0.508118
-0.936829 0.508239

-0.936829 0.50824
-0.936603 0.508423

-0.936602 0.508423
-0.936523 0.508486

-0.936523 0.508487
-0.936226 0.508728

-0.936225 0.508728
-0.936218 0.508734

-0.936218 0.508734
-0.935913 0.508981

-0.935913 0.508981
-0.935849 0.509033

-0.935849 0.509033
-0.935608 0.509228

-0.935608 0.509229
-0.935471 0.509338

-0.935473 0.509338
-0.935303 0.509475

-0.935303 0.509476
-0.935095 0.509644

-0.935095 0.509644
-0.934998 0.509721

-0.934998 0.509722
-0.934718 0.509949

-0.934717 0.509949
-0.934692 0.509969

-0.934692 0.509969
-0.934387 0.510216

-0.934387 0.510216
-0.93434 0.510254

-0.934341 0.510254
-0.934082 0.510463

-0.934082 0.510464
-0.933962 0.510559

-0.933964 0.510559
-0.933777 0.510709

-0.933777 0.51071
-0.933586 0.510864

-0.933586 0.510864
-0.933472 0.510956

-0.933472 0.510957
-0.933208 0.511169

-0.933208 0.511169
-0.933167 0.511203

-0.933167 0.511203
-0.932861 0.51145

-0.932861 0.51145
-0.932831 0.511475

-0.932831 0.511475
-0.932556 0.511697

-0.932556 0.511697
-0.932453 0.51178

-0.932454 0.51178
-0.932251 0.511943

-0.932251 0.511944
-0.932075 0.512085

-0.932076 0.512085
-0.931946 0.512189

-0.931946 0.51219
-0.931698 0.51239

-0.931697 0.51239
-0.931641 0.512436

-0.931641 0.512436
-0.931335 0.512683

-0.931335 0.512683
-0.93132 0.512695

-0.93132 0.512695
-0.93103 0.512929

-0.93103 0.51293
-0.930942 0.513

-0.930942 0.513
-0.930725 0.513176

-0.930725 0.513177
-0.930563 0.513306

-0.930565 0.513306
-0.93042 0.513421

-0.93042 0.513422
-0.930186 0.513611

-0.930186 0.513611
-0.930115 0.513668

-0.930115 0.513668
-0.92981 0.513915

-0.92981 0.513915
-0.929808 0.513916

-0.929808 0.513916
-0.929504 0.514161

-0.929504 0.514161
-0.929429 0.514221

-0.92943 0.514221
-0.929199 0.514407

-0.929199 0.514408
-0.92905 0.514526

-0.929052 0.514526
-0.928894 0.514652

-0.928894 0.514654
-0.928673 0.514832

-0.928673 0.514832
-0.928589 0.514899

-0.928589 0.514899
-0.928295 0.515137

-0.928294 0.515137
-0.928284 0.515145

-0.928284 0.515146
-0.927979 0.515392

-0.927979 0.515392
-0.927916 0.515442

-0.927916 0.515442
-0.927673 0.515638

-0.927673 0.515639
-0.927536 0.515747

-0.927538 0.515747
-0.927368 0.515883

-0.927368 0.515884
-0.927159 0.516052

-0.927159 0.516052
-0.927063 0.516129

-0.927063 0.51613
-0.92678 0.516357

-0.92678 0.516357
-0.926758 0.516375

-0.926758 0.516375
-0.926453 0.516621

-0.926453 0.516621
-0.926401 0.516663

-0.926401 0.516663
-0.926147 0.516867

-0.926147 0.516868
-0.926022 0.516968

-0.926023 0.516968
-0.925842 0.517112

-0.925842 0.517113
-0.925644 0.517273

-0.925644 0.517273
-0.925537 0.517358

-0.925537 0.517359
-0.925265 0.517578

-0.925264 0.517578
-0.925232 0.517604

-0.925232 0.517604
-0.924927 0.51785

-0.924927 0.51785
-0.924885 0.517883

-0.924885 0.517883
-0.924622 0.518096

-0.924622 0.518096
-0.924505 0.518188

-0.924507 0.518188
-0.924316 0.518341

-0.924316 0.518342
-0.924127 0.518494

-0.924127 0.518494
-0.924011 0.518586

-0.924011 0.518587
-0.923748 0.518799

-0.923747 0.518799
-0.923706 0.518832

-0.923706 0.518832
-0.923401 0.519078

-0.923401 0.519078
-0.923368 0.519104

-0.923368 0.519104
-0.923096 0.519323

-0.923096 0.519324
-0.922988 0.519409

-0.922989 0.519409
-0.922791 0.519568

-0.922791 0.519569
-0.922609 0.519714

-0.92261 0.519714
-0.922485 0.519813

-0.922485 0.519814
-0.92223 0.52002

-0.922229 0.52002
-0.92218 0.520059

-0.92218 0.520059
-0.921875 0.520305

-0.921875 0.520305
-0.92185 0.520325

-0.92185 0.520325
-0.92157 0.52055

-0.92157 0.52055
-0.92147 0.52063

-0.921471 0.52063
-0.921265 0.520795

-0.921265 0.520796
-0.92109 0.520935

-0.921091 0.520935
-0.920959 0.521039

-0.920959 0.52104
-0.920711 0.52124

-0.92071 0.52124
-0.920654 0.521285

-0.920654 0.521285
-0.920349 0.521531

-0.920349 0.521531
-0.920331 0.521545

-0.920331 0.521545
-0.920044 0.521776

-0.920044 0.521776
-0.91995 0.521851

-0.919951 0.521851
-0.919739 0.522021

-0.919739 0.522022
-0.91957 0.522156

-0.919571 0.522156
-0.919434 0.522264

-0.919434 0.522266
-0.91919 0.522461

-0.91919 0.522461
-0.919128 0.52251

-0.919128 0.522511
-0.918823 0.522756

-0.918823 0.522756
-0.91881 0.522766

-0.91881 0.522766
-0.918518 0.523

-0.918518 0.523001
-0.918429 0.523071

-0.91843 0.523071
-0.918213 0.523245

-0.918213 0.523246
-0.918049 0.523376

-0.91805 0.523376
-0.917908 0.523489

-0.917908 0.52349
-0.917669 0.523682

-0.917668 0.523682
-0.917603 0.523734

-0.917603 0.523735
-0.917297 0.52398

-0.917297 0.52398
-0.917288 0.523987

-0.917288 0.523987
-0.916992 0.524224

-0.916992 0.524225
-0.916907 0.524292

-0.916908 0.524292
-0.916687 0.524469

-0.916687 0.52447
-0.916526 0.524597

-0.916528 0.524597
-0.916382 0.524712

-0.916382 0.524714
-0.916146 0.524902

-0.916146 0.524902
-0.916077 0.524957

-0.916077 0.524958
-0.915771 0.525203

-0.915771 0.525203
-0.915765 0.525208

-0.915765 0.525208
-0.915466 0.525447

-0.915466 0.525447
-0.915384 0.525513

-0.915385 0.525513
-0.915161 0.525692

-0.915161 0.525693
-0.915003 0.525818

-0.915005 0.525818
-0.914856 0.525935

-0.914856 0.525936
-0.914623 0.526123

-0.914622 0.526123
-0.914551 0.52618

-0.914551 0.52618
-0.914246 0.526425

-0.914246 0.526425
-0.914241 0.526428

-0.914241 0.526428
-0.91394 0.526669

-0.91394 0.526669
-0.91386 0.526733

-0.91386 0.526733
-0.913635 0.526914

-0.913635 0.526914
-0.913478 0.527039

-0.91348 0.527039
-0.91333 0.527157

-0.91333 0.527158
-0.913098 0.527344

-0.913097 0.527344
-0.913025 0.527401

-0.913025 0.527402
-0.91272 0.527646

-0.91272 0.527646
-0.912716 0.527649

-0.912716 0.527649
-0.912415 0.52789

-0.912415 0.527891
-0.912334 0.527954

-0.912335 0.527954
-0.912109 0.528134

-0.912109 0.528135
-0.911952 0.528259

-0.911954 0.528259
-0.911804 0.528377

-0.911804 0.528379
-0.911572 0.528564

-0.911571 0.528564
-0.911499 0.528622

-0.911499 0.528623
-0.911194 0.528867

-0.911194 0.528867
-0.91119 0.52887

-0.91119 0.52887
-0.910889 0.529111

-0.910889 0.529111
-0.910808 0.529175

-0.910808 0.529175
-0.910583 0.529354

-0.910583 0.529355
-0.910425 0.52948

-0.910428 0.52948
-0.910278 0.529597

-0.910278 0.529599
-0.910045 0.529785

-0.910044 0.529785
-0.909973 0.529841

-0.909973 0.529842
-0.909668 0.530086

-0.909668 0.530086
-0.909663 0.53009

-0.909663 0.53009
-0.909363 0.53033

-0.909363 0.53033
-0.90928 0.530396

-0.909281 0.530396
-0.909058 0.530574

-0.909058 0.530575
-0.908898 0.530701

-0.9089 0.530701
-0.908752 0.530816

-0.908752 0.530817
-0.908517 0.531006

-0.908516 0.531006
-0.908447 0.53106

-0.908447 0.531061
-0.908142 0.531305

-0.908142 0.531305
-0.908134 0.531311

-0.908134 0.531311
-0.907837 0.531548

-0.907837 0.531549
-0.907751 0.531616

-0.907752 0.531616
-0.907532 0.531792

-0.907532 0.531793
-0.907369 0.531921

-0.907371 0.531921
-0.907227 0.532034

-0.907227 0.532036
-0.906987 0.532227

-0.906987 0.532227
-0.906921 0.532278

-0.906921 0.532279
-0.906616 0.532522

-0.906616 0.532522
-0.906604 0.532532

-0.906604 0.532532
-0.906311 0.532766

-0.906311 0.532766
-0.906221 0.532837

-0.906222 0.532837
-0.906006 0.533009

-0.906006 0.53301
-0.905839 0.533142

-0.90584 0.533142
-0.905701 0.533251

-0.905701 0.533253
-0.905457 0.533447

-0.905456 0.533447
-0.905396 0.533495

-0.905396 0.533496
-0.90509 0.533739

-0.90509 0.533739
-0.905074 0.533752

-0.905074 0.533752
-0.904785 0.533983

-0.904785 0.533983
-0.90469 0.534058

-0.904691 0.534058
-0.90448 0.534226

-0.90448 0.534226
-0.904308 0.534363

-0.904309 0.534363
-0.904175 0.534468

-0.904175 0.534469
-0.903925 0.534668

-0.903924 0.534668
-0.90387 0.534711

-0.90387 0.534712
-0.903564 0.534955

-0.903564 0.534955
-0.903542 0.534973

-0.903542 0.534973
-0.903259 0.535198

-0.903259 0.535199
-0.903158 0.535278

-0.903159 0.535278
-0.902954 0.535441

-0.902954 0.535442
-0.902775 0.535583

-0.902776 0.535583
-0.902649 0.535683

-0.902649 0.535685
-0.902393 0.535889

-0.902392 0.535889
-0.902344 0.535927

-0.902344 0.535927
-0.902039 0.53617

-0.902039 0.53617
-0.902009 0.536194

-0.902009 0.536194
-0.901733 0.536413

-0.901733 0.536414
-0.901625 0.536499

-0.901626 0.536499
-0.901428 0.536656

-0.901428 0.536657
-0.901242 0.536804

-0.901243 0.536804
-0.901123 0.536898

-0.901123 0.536899
-0.900859 0.537109

-0.900858 0.537109
-0.900818 0.537141

-0.900818 0.537142
-0.900513 0.537385

-0.900513 0.537385
-0.900475 0.537415

-0.900475 0.537415
-0.900208 0.537627

-0.900208 0.537628
-0.900091 0.53772

-0.900092 0.53772
-0.899902 0.53787

-0.899902 0.537871
-0.899708 0.538025

-0.899708 0.538025
-0.899597 0.538112

-0.899597 0.538113
-0.899324 0.53833

-0.899323 0.53833
-0.899292 0.538355

-0.899292 0.538355
-0.898987 0.538598

-0.898987 0.538598
-0.89894 0.538635

-0.89894 0.538635
-0.898682 0.538841

-0.898682 0.538841
-0.898555 0.53894

-0.898557 0.53894
-0.898376 0.539083

-0.898376 0.539084
-0.898172 0.539246

-0.898172 0.539246
-0.898071 0.539325

-0.898071 0.539326
-0.897788 0.539551

-0.897787 0.539551
-0.897766 0.539568

-0.897766 0.539568
-0.897461 0.539811

-0.897461 0.539811
-0.897404 0.539856

-0.897404 0.539856
-0.897156 0.540053

-0.897156 0.540054
-0.897018 0.540161

-0.89702 0.540161
-0.896851 0.540295

-0.896851 0.540296
-0.896636 0.540466

-0.896635 0.540466
-0.896545 0.540537

-0.896545 0.540538
-0.896251 0.540771

-0.896251 0.540771
-0.89624 0.54078

-0.89624 0.54078
-0.895935 0.541022

-0.895935 0.541023
-0.895866 0.541077

-0.895867 0.541077
-0.89563 0.541265

-0.89563 0.541266
-0.895481 0.541382

-0.895483 0.541382
-0.895325 0.541506

-0.895325 0.541507
-0.895098 0.541687

-0.895097 0.541687
-0.89502 0.541748

-0.89502 0.541749
-0.894714 0.541991

-0.894714 0.541991
-0.894713 0.541992

-0.894713 0.541992
-0.894409 0.542233

-0.894409 0.542234
-0.894328 0.542297

-0.894329 0.542297
-0.894104 0.542475

-0.894104 0.542476
-0.893943 0.542603

-0.893945 0.542603
-0.893799 0.542716

-0.893799 0.542718
-0.893559 0.542908

-0.893559 0.542908
-0.893494 0.542959

-0.893494 0.54296
-0.893188 0.543202

-0.893188 0.543202
-0.893174 0.543213

-0.893174 0.543213
-0.892883 0.543443

-0.892883 0.543444
-0.892789 0.543518

-0.892789 0.543518
-0.892578 0.543685

-0.892578 0.543686
-0.892404 0.543823

-0.892405 0.543823
-0.892273 0.543926

-0.892273 0.543927
-0.892019 0.544128

-0.892019 0.544128
-0.891968 0.544168

-0.891968 0.544169
-0.891663 0.544411

-0.891663 0.544411
-0.891634 0.544434

-0.891634 0.544434
-0.891357 0.544653

-0.891357 0.544653
-0.891248 0.544739

-0.891249 0.544739
-0.891052 0.544894

-0.891052 0.544895
-0.890864 0.545044

-0.890864 0.545044
-0.890747 0.545135

-0.890747 0.545136
-0.890478 0.545349

-0.890478 0.545349
-0.890442 0.545377

-0.890442 0.545378
-0.890137 0.54562

-0.890137 0.54562
-0.890093 0.545654

-0.890093 0.545654
-0.889832 0.545861

-0.889832 0.545862
-0.889706 0.545959

-0.889708 0.545959
-0.889526 0.546102

-0.889526 0.546103
-0.889322 0.546265

-0.889322 0.546265
-0.889221 0.546343

-0.889221 0.546344
-0.888936 0.54657

-0.888936 0.54657
-0.888916 0.546585

-0.888916 0.546586
-0.888611 0.546827

-0.888611 0.546828
-0.88855 0.546875

-0.888551 0.546875
-0.888306 0.547069

-0.888306 0.54707
-0.888164 0.54718

-0.888166 0.54718
-0.888 0.54731

-0.888 0.547311
-0.88778 0.547485

-0.887779 0.547485
-0.887695 0.547551

-0.887695 0.547552
-0.887393 0.547791

-0.887393 0.547791
-0.88739 0.547793

-0.88739 0.547793
-0.887085 0.548035

-0.887085 0.548035
-0.887007 0.548096

-0.887008 0.548096
-0.88678 0.548276

-0.88678 0.548277
-0.886621 0.548401

-0.886623 0.548401
-0.886475 0.548516

-0.886475 0.548517
-0.886236 0.548706

-0.886235 0.548706
-0.886169 0.548758

-0.886169 0.548758
-0.885864 0.549

-0.885864 0.549
-0.885849 0.549011

-0.88585 0.549011
-0.885559 0.549241

-0.885559 0.549241
-0.885463 0.549316

-0.885463 0.549316
-0.885254 0.549482

-0.885254 0.549482
-0.885077 0.549622

-0.885078 0.549622
-0.884949 0.549722

-0.884949 0.549723
-0.884691 0.549927

-0.88469 0.549927
-0.884644 0.549963

-0.884644 0.549964
-0.884338 0.550205

-0.884338 0.550205
-0.884304 0.550232

-0.884305 0.550232
-0.884033 0.550446

-0.884033 0.550447
-0.883917 0.550537

-0.883918 0.550537
-0.883728 0.550687

-0.883728 0.550688
-0.883532 0.550842

-0.883532 0.550842
-0.883423 0.550927

-0.883423 0.550928
-0.883145 0.551147

-0.883145 0.551147
-0.883118 0.551169

-0.883118 0.551169
-0.882812 0.55141

-0.882812 0.55141
-0.882758 0.551453

-0.882759 0.551453
-0.882507 0.551651

-0.882507 0.551652
-0.882371 0.551758

-0.882373 0.551758
-0.882202 0.551891

-0.882202 0.551892
-0.881985 0.552063

-0.881985 0.552063
-0.881897 0.552132

-0.881897 0.552133
-0.881598 0.552368

-0.881598 0.552368
-0.881592 0.552373

-0.881592 0.552373
-0.881287 0.552614

-0.881287 0.552614
-0.881211 0.552673

-0.881212 0.552673
-0.880981 0.552855

-0.880981 0.552856
-0.880824 0.552979

-0.880826 0.552979
-0.880676 0.553095

-0.880676 0.553096
-0.880438 0.553284

-0.880437 0.553284
-0.880371 0.553335

-0.880371 0.553336
-0.880066 0.553577

-0.880066 0.553577
-0.880051 0.553589

-0.880051 0.553589
-0.879761 0.553817

-0.879761 0.553818
-0.879663 0.553894

-0.879664 0.553894
-0.879456 0.554058

-0.879456 0.554059
-0.879276 0.554199

-0.879277 0.554199
-0.87915 0.554297

-0.87915 0.554299
-0.878889 0.554504

-0.878889 0.554504
-0.878845 0.554538

-0.878845 0.554539
-0.87854 0.55478

-0.87854 0.55478
-0.878502 0.55481

-0.878502 0.55481
-0.878235 0.55502

-0.878235 0.555021
-0.878113 0.555115

-0.878115 0.555115
-0.87793 0.55526

-0.87793 0.555261
-0.877727 0.55542

-0.877727 0.55542
-0.877625 0.5555

-0.877625 0.555501
-0.87734 0.555725

-0.877339 0.555725
-0.877319 0.555741

-0.877319 0.555741
-0.877014 0.555981

-0.877014 0.555982
-0.876952 0.55603

-0.876952 0.55603
-0.876709 0.556222

-0.876709 0.556223
-0.876563 0.556335

-0.876565 0.556335
-0.876404 0.556461

-0.876404 0.556462
-0.876177 0.556641

-0.876177 0.556641
-0.876099 0.556701

-0.876099 0.556702
-0.875793 0.556942

-0.875793 0.556942
-0.875789 0.556946

-0.875789 0.556946
-0.875488 0.557183

-0.875488 0.557183
-0.875401 0.557251

-0.875402 0.557251
-0.875183 0.557423

-0.875183 0.557423
-0.875013 0.557556

-0.875015 0.557556
-0.874878 0.557662

-0.874878 0.557663
-0.874626 0.557861

-0.874625 0.557861
-0.874573 0.557902

-0.874573 0.557903
-0.874268 0.558143

-0.874268 0.558143
-0.874238 0.558167

-0.874238 0.558167
-0.873962 0.558383

-0.873962 0.558384
-0.873849 0.558472

-0.87385 0.558472
-0.873657 0.558623

-0.873657 0.558623
-0.873462 0.558777

-0.873462 0.558777
-0.873352 0.558862

-0.873352 0.558863
-0.873074 0.559082

-0.873073 0.559082
-0.873047 0.559102

-0.873047 0.559103
-0.872742 0.559343

-0.872742 0.559343
-0.872685 0.559387

-0.872685 0.559387
-0.872437 0.559583

-0.872437 0.559584
-0.872296 0.559692

-0.872298 0.559692
-0.872131 0.559822

-0.872131 0.559823
-0.871909 0.559998

-0.871909 0.559998
-0.871826 0.560062

-0.871826 0.560062
-0.871521 0.560302

-0.871521 0.560302
-0.87152 0.560303

-0.87152 0.560303
-0.871216 0.560542

-0.871216 0.560542
-0.871131 0.560608

-0.871132 0.560608
-0.870911 0.560782

-0.870911 0.560782
-0.870743 0.560913

-0.870745 0.560913
-0.870605 0.56102

-0.870605 0.561022
-0.870355 0.561218

-0.870354 0.561218
-0.8703 0.56126

-0.8703 0.561261
-0.869995 0.561501

-0.869995 0.561501
-0.869966 0.561523

-0.869966 0.561523
-0.86969 0.56174

-0.86969 0.561741
-0.869577 0.561829

-0.869578 0.561829
-0.869385 0.56198

-0.869385 0.56198
-0.869189 0.562134

-0.869189 0.562134
-0.86908 0.562219

-0.86908 0.56222
-0.8688 0.562439

-0.8688 0.562439
-0.868774 0.562459

-0.868774 0.562459
-0.868469 0.562699

-0.868469 0.562699
-0.868411 0.562744

-0.868411 0.562744
-0.868164 0.562938

-0.868164 0.562939
-0.868021 0.563049

-0.868023 0.563049
-0.867859 0.563177

-0.867859 0.563178
-0.867634 0.563354

-0.867633 0.563354
-0.867554 0.563416

-0.867554 0.563417
-0.867249 0.563656

-0.867249 0.563656
-0.867244 0.56366

-0.867244 0.56366
-0.866943 0.563896

-0.866943 0.563896
-0.866855 0.563965

-0.866855 0.563965
-0.866638 0.564135

-0.866638 0.564136
-0.866466 0.56427

-0.866467 0.56427
-0.866333 0.564373

-0.866333 0.564375
-0.866077 0.564575

-0.866076 0.564575
-0.866028 0.564613

-0.866028 0.564614
-0.865723 0.564853

-0.865723 0.564853
-0.865688 0.56488

-0.865688 0.56488
-0.865417 0.565092

-0.865417 0.565093
-0.865297 0.565186

-0.865299 0.565186
-0.865112 0.565331

-0.865112 0.565332
-0.864909 0.565491

-0.864909 0.565491
-0.864807 0.56557

-0.864807 0.565571
-0.86452 0.565796

-0.864519 0.565796
-0.864502 0.565809

-0.864502 0.56581
-0.864197 0.566049

-0.864197 0.566049
-0.86413 0.566101

-0.86413 0.566101
-0.863892 0.566288

-0.863892 0.566289
-0.86374 0.566406

-0.863741 0.566406
-0.863586 0.566526

-0.863586 0.566527
-0.863351 0.566711

-0.863351 0.566711
-0.863281 0.566765

-0.863281 0.566766
-0.862976 0.567005

-0.862976 0.567005
-0.862961 0.567017

-0.862961 0.567017
-0.862671 0.567244

-0.862671 0.567244
-0.862571 0.567322

-0.862572 0.567322
-0.862366 0.567483

-0.862366 0.567483
-0.862182 0.567627

-0.862182 0.567627
-0.862061 0.567721

-0.862061 0.567722
-0.861792 0.567932

-0.861791 0.567932
-0.861755 0.56796

-0.861755 0.567961
-0.86145 0.5682

-0.86145 0.5682
-0.861402 0.568237

-0.861402 0.568237
-0.861145 0.568438

-0.861145 0.568439
-0.861011 0.568542

-0.861013 0.568542
-0.86084 0.568677

-0.86084 0.568677
-0.860622 0.568848

-0.860622 0.568848
-0.860535 0.568915

-0.860535 0.568916
-0.860232 0.569153

-0.860232 0.569153
-0.860229 0.569155

-0.860229 0.569155
-0.859924 0.569394

-0.859924 0.569394
-0.859841 0.569458

-0.859842 0.569458
-0.859619 0.569632

-0.859619 0.569633
-0.859451 0.569763

-0.859453 0.569763
-0.859314 0.56987

-0.859314 0.569871
-0.859062 0.570068

-0.859061 0.570068
-0.859009 0.570109

-0.859009 0.57011
-0.858704 0.570348

-0.858704 0.570348
-0.858671 0.570374

-0.858671 0.570374
-0.858398 0.570587

-0.858398 0.570588
-0.85828 0.570679

-0.858281 0.570679
-0.858093 0.570825

-0.858093 0.570826
-0.857891 0.570984

-0.857891 0.570984
-0.857788 0.571063

-0.857788 0.571064
-0.8575 0.571289

-0.8575 0.571289
-0.857483 0.571302

-0.857483 0.571302
-0.857178 0.571541

-0.857178 0.571541
-0.857109 0.571594

-0.85711 0.571594
-0.856873 0.571779

-0.856873 0.57178
-0.856718 0.571899

-0.85672 0.571899
-0.856567 0.572017

-0.856567 0.572018
-0.856329 0.572205

-0.856328 0.572205
-0.856262 0.572255

-0.856262 0.572256
-0.855957 0.572495

-0.855957 0.572495
-0.855938 0.57251

-0.855938 0.57251
-0.855652 0.572733

-0.855652 0.572734
-0.855546 0.572815

-0.855547 0.572815
-0.855347 0.572971

-0.855347 0.572972
-0.855156 0.57312

-0.855157 0.57312
-0.855042 0.573209

-0.855042 0.57321
-0.854765 0.573425

-0.854765 0.573425
-0.854736 0.573447

-0.854736 0.573448
-0.854431 0.573686

-0.854431 0.573686
-0.854374 0.57373

-0.854375 0.57373
-0.854126 0.573925

-0.854126 0.573925
-0.853982 0.574036

-0.853984 0.574036
-0.853821 0.574162

-0.853821 0.574163
-0.853593 0.574341

-0.853592 0.574341
-0.853516 0.5744

-0.853516 0.574401
-0.85321 0.574639

-0.85321 0.574639
-0.853201 0.574646

-0.853202 0.574646
-0.852905 0.574877

-0.852905 0.574878
-0.85281 0.574951

-0.852811 0.574951
-0.8526 0.575115

-0.8526 0.575116
-0.852419 0.575256

-0.85242 0.575256
-0.852295 0.575352

-0.852295 0.575353
-0.852028 0.575562

-0.852027 0.575562
-0.85199 0.575591

-0.85199 0.575591
-0.851685 0.575829

-0.851685 0.57583
-0.851637 0.575867

-0.851637 0.575867
-0.851379 0.576067

-0.851379 0.576068
-0.851244 0.576172

-0.851246 0.576172
-0.851074 0.576305

-0.851074 0.576306
-0.850854 0.576477

-0.850854 0.576477
-0.850769 0.576542

-0.850769 0.576543
-0.850464 0.576781

-0.850464 0.576781
-0.850463 0.576782

-0.850463 0.576782
-0.850159 0.577019

-0.850159 0.57702
-0.850071 0.577087

-0.850071 0.577087
-0.849854 0.577257

-0.849854 0.577258
-0.849679 0.577393

-0.849681 0.577393
-0.849548 0.577494

-0.849548 0.577495
-0.849288 0.577698

-0.849288 0.577698
-0.849243 0.577732

-0.849243 0.577733
-0.848938 0.577971

-0.848938 0.577971
-0.848896 0.578003

-0.848897 0.578003
-0.848633 0.578208

-0.848633 0.578209
-0.848503 0.578308

-0.848505 0.578308
-0.848328 0.578446

-0.848328 0.578446
-0.848113 0.578613

-0.848113 0.578613
-0.848022 0.578683

-0.848022 0.578684
-0.847721 0.578918

-0.847721 0.578918
-0.847717 0.578921

-0.847717 0.578922
-0.847412 0.579159

-0.847412 0.57916
-0.847329 0.579224

-0.84733 0.579224
-0.847107 0.579397

-0.847107 0.579397
-0.846937 0.579529

-0.846939 0.579529
-0.846802 0.579633

-0.846802 0.579635
-0.846546 0.579834

-0.846545 0.579834
-0.846497 0.579871

-0.846497 0.579872
-0.846191 0.58011

-0.846191 0.58011
-0.846153 0.580139

-0.846154 0.580139
-0.845886 0.580347

-0.845886 0.580348
-0.84576 0.580444

-0.845762 0.580444
-0.845581 0.580585

-0.845581 0.580585
-0.84537 0.58075

-0.84537 0.58075
-0.845276 0.580821

-0.845276 0.580822
-0.844977 0.581055

-0.844977 0.581055
-0.844971 0.58106

-0.844971 0.58106
-0.844666 0.581297

-0.844666 0.581298
-0.844585 0.58136

-0.844585 0.58136
-0.84436 0.581535

-0.84436 0.581535
-0.844192 0.581665

-0.844194 0.581665
-0.844055 0.581771

-0.844055 0.581772
-0.843801 0.58197

-0.8438 0.58197
-0.84375 0.582009

-0.84375 0.58201
-0.843445 0.582247

-0.843445 0.582247
-0.843408 0.582275

-0.843408 0.582275
-0.84314 0.582484

-0.84314 0.582485
-0.843015 0.582581

-0.843016 0.582581
-0.842834 0.582721

-0.842834 0.582722
-0.842624 0.582886

-0.842624 0.582886
-0.842529 0.582958

-0.842529 0.582959
-0.842231 0.583191

-0.842231 0.583191
-0.842224 0.583196

-0.842224 0.583196
-0.841919 0.583434

-0.841919 0.583434
-0.841838 0.583496

-0.841839 0.583496
-0.841614 0.583671

-0.841614 0.583671
-0.841445 0.583801

-0.841447 0.583801
-0.841309 0.583907

-0.841309 0.583908
-0.841053 0.584106

-0.841053 0.584106
-0.841003 0.584144

-0.841003 0.584145
-0.840698 0.584382

-0.840698 0.584382
-0.84066 0.584412

-0.840661 0.584412
-0.840393 0.58462

-0.840393 0.58462
-0.840267 0.584717

-0.840268 0.584717
-0.840088 0.584856

-0.840088 0.584857
-0.839875 0.585022

-0.839875 0.585022
-0.839783 0.585093

-0.839783 0.585094
-0.839482 0.585327

-0.839482 0.585327
-0.839478 0.585331

-0.839478 0.585331
-0.839172 0.585568

-0.839172 0.585568
-0.839089 0.585632

-0.839089 0.585632
-0.838867 0.585805

-0.838867 0.585805
-0.838696 0.585938

-0.838698 0.585938
-0.838562 0.586041

-0.838562 0.586042
-0.838304 0.586243

-0.838303 0.586243
-0.838257 0.586278

-0.838257 0.586279
-0.837952 0.586516

-0.837952 0.586516
-0.83791 0.586548

-0.837911 0.586548
-0.837646 0.586753

-0.837646 0.586754
-0.837516 0.586853

-0.837518 0.586853
-0.837341 0.586989

-0.837341 0.58699
-0.837125 0.587158

-0.837124 0.587158
-0.837036 0.587226

-0.837036 0.587227
-0.836731 0.587463

-0.836731 0.587464
-0.836426 0.5877

-0.836426 0.587701
-0.836337 0.587769

-0.836338 0.587769
-0.836121 0.587937

-0.836121 0.587938
-0.835944 0.588074

-0.835946 0.588074
-0.835815 0.588173

-0.835815 0.588174
-0.835551 0.588379

-0.835551 0.588379
-0.83551 0.58841

-0.83551 0.588411
-0.835205 0.588648

-0.835205 0.588648
-0.835158 0.588684

-0.835158 0.588684
-0.8349 0.588884

-0.8349 0.588885
-0.834763 0.588989

-0.834765 0.588989
-0.834595 0.589121

-0.834595 0.589121
-0.834371 0.589294

-0.834371 0.589294
-0.83429 0.589357

-0.83429 0.589358
-0.833984 0.589594

-0.833984 0.589594
-0.833978 0.5896

-0.833978 0.5896
-0.833679 0.589831

-0.833679 0.589832
-0.833583 0.589905

-0.833584 0.589905
-0.833374 0.590068

-0.833374 0.590068
-0.833191 0.59021

-0.833191 0.59021
-0.833069 0.590303

-0.833069 0.590304
-0.832797 0.590515

-0.832796 0.590515
-0.832764 0.59054

-0.832764 0.590541
-0.832458 0.590778

-0.832458 0.590778
-0.832403 0.59082

-0.832403 0.59082
-0.832153 0.591014

-0.832153 0.591015
-0.832009 0.591125

-0.83201 0.591125
-0.831848 0.59125

-0.831848 0.591251
-0.831616 0.591431

-0.831616 0.591431
-0.831543 0.591486

-0.831543 0.591487
-0.831238 0.591724

-0.831238 0.591724
-0.831222 0.591736

-0.831222 0.591736
-0.830933 0.59196

-0.830933 0.591961
-0.830827 0.592041

-0.830828 0.592041
-0.830627 0.592197

-0.830627 0.592197
-0.830435 0.592346

-0.830435 0.592346
-0.830322 0.592432

-0.830322 0.592433
-0.830041 0.592651

-0.83004 0.592651
-0.830017 0.592669

-0.830017 0.59267
-0.829712 0.592906

-0.829712 0.592906
-0.829646 0.592957

-0.829647 0.592957
-0.829407 0.593142

-0.829407 0.593143
-0.829252 0.593262

-0.829253 0.593262
-0.829102 0.593378

-0.829102 0.593379
-0.828859 0.593567

-0.828858 0.593567
-0.828796 0.593614

-0.828796 0.593615
-0.828491 0.593851

-0.828491 0.593851
-0.828464 0.593872

-0.828464 0.593872
-0.828186 0.594088

-0.828186 0.594088
-0.828069 0.594177

-0.828071 0.594177
-0.827881 0.594324

-0.827881 0.594324
-0.827676 0.594482

-0.827676 0.594482
-0.827576 0.594559

-0.827576 0.59456
-0.827282 0.594788

-0.827281 0.594788
-0.827271 0.594796

-0.827271 0.594796
-0.826965 0.595033

-0.826965 0.595033
-0.826887 0.595093

-0.826888 0.595093
-0.82666 0.595269

-0.82666 0.595269
-0.826493 0.595398

-0.826494 0.595398
-0.826355 0.595504

-0.826355 0.595505
-0.826099 0.595703

-0.826098 0.595703
-0.82605 0.59574

-0.82605 0.595741
-0.825745 0.595977

-0.825745 0.595977
-0.825704 0.596008

-0.825705 0.596008
-0.825439 0.596213

-0.825439 0.596214
-0.825309 0.596313

-0.825311 0.596313
-0.825134 0.596449

-0.825134 0.59645
-0.824916 0.596619

-0.824916 0.596619
-0.824829 0.596685

-0.824829 0.596686
-0.824524 0.596922

-0.824524 0.596922
-0.824521 0.596924

-0.824521 0.596924
-0.824219 0.597158

-0.824219 0.597158
-0.824126 0.597229

-0.824127 0.597229
-0.823914 0.597394

-0.823914 0.597394
-0.823732 0.597534

-0.823733 0.597534
-0.823608 0.597629

-0.823608 0.59763
-0.823337 0.597839

-0.823337 0.597839
-0.823303 0.597865

-0.823303 0.597866
-0.822998 0.598102

-0.822998 0.598102
-0.822942 0.598145

-0.822943 0.598145
-0.822693 0.598338

-0.822693 0.598338
-0.822547 0.59845

-0.822549 0.59845
-0.822388 0.598573

-0.822388 0.598574
-0.822153 0.598755

-0.822153 0.598755
-0.822083 0.598809

-0.822083 0.59881
-0.821777 0.599045

-0.821777 0.599046
-0.821758 0.59906

-0.821759 0.59906
-0.821472 0.599281

-0.821472 0.599282
-0.821363 0.599365

-0.821364 0.599365
-0.821167 0.599517

-0.821167 0.599517
-0.820969 0.59967

-0.820969 0.59967
-0.820862 0.599752

-0.820862 0.599753
-0.820574 0.599976

-0.820573 0.599976
-0.820557 0.599988

