-1.67136 0.0
-1.67135 0.000610352

-1.67135 0.000610352
-1.67131 0.0012207

-1.67131 0.0012207
-1.67125 0.00183105

-1.67125 0.00183105
-1.67117 0.00244141

-1.67117 0.00244141
-1.67106 0.00305176

-1.67106 0.00305176
-1.67092 0.00366211

-1.67092 0.00366211
-1.67078 0.00422177

-1.67078 0.00422407
-1.67076 0.00427246

-1.67076 0.00427246
-1.67057 0.00488281

-1.67057 0.00488281
-1.67036 0.00549316

-1.67036 0.00549316
-1.67017 0.00596062

-1.67017 0.00596322
-1.67011 0.00610352

-1.67011 0.00610352
-1.66983 0.00671387

-1.66983 0.00671387
-1.66956 0.00723958

-1.66956 0.00724256
-1.66951 0.00732422

-1.66951 0.00732422
-1.66916 0.00793457

-1.66916 0.00793457
-1.66895 0.00826435

-1.66895 0.00826608
-1.66876 0.00854492

-1.66877 0.00854492
-1.66833 0.00913735

-1.66833 0.00913925
-1.66832 0.00915527

-1.66832 0.00915527
-1.66783 0.00976562

-1.66783 0.00976562
-1.66772 0.00988255

-1.66772 0.0098802
-1.66727 0.010376

-1.66727 0.010376
-1.66711 0.0105338

-1.66711 0.0105341
-1.66663 0.0109863

-1.66664 0.0109863
-1.6665 0.011105

-1.6665 0.0111046
-1.66591 0.0115967

-1.66591 0.0115967
-1.66589 0.0116108

-1.66589 0.0116107
-1.66528 0.0120589

-1.66528 0.0120528
-1.66504 0.012207

-1.66506 0.012207
-1.66467 0.0124545

-1.66467 0.0124498
-1.66406 0.0127983

-1.66406 0.0127889
-1.66401 0.0128174

-1.66403 0.0128174
-1.66345 0.0131048

-1.66345 0.0131019
-1.66284 0.013366

-1.66284 0.0133606
-1.66266 0.0134277

-1.66268 0.0134277
-1.66223 0.0135954

-1.66223 0.0135921
-1.66162 0.0137819

-1.66162 0.0137816
-1.66101 0.0139372

-1.66101 0.0139363
-1.6605 0.0140381

-1.66052 0.0140381
-1.6604 0.014062

-1.6604 0.0140598
-1.65979 0.0141497

-1.65979 0.0141492
-1.65918 0.0142068

-1.65918 0.0142068
-1.65857 0.0142331

-1.65857 0.0142331
-1.65796 0.0142283

-1.65796 0.0142283
-1.65735 0.0141923

-1.65735 0.0141923
-1.65674 0.0141249

-1.65613 0.0140274
-1.65619 0.0140381

-1.65674 0.0141247
-1.6562 0.0140381

-1.65613 0.0140266
-1.65552 0.0138948

-1.65552 0.0138947
-1.65491 0.0137291

-1.65491 0.0137293
-1.6543 0.0135297

-1.64524 0.0
-1.64525 0.000610352

-1.64525 0.000610352
-1.64529 0.0012207

-1.64529 0.0012207
-1.64535 0.00183105

-1.64535 0.00183105
-1.64544 0.00244141

-1.64575 0.00391292
-1.64585 0.00427246

-1.64585 0.00427246
-1.64604 0.00488281

-1.64543 0.00244141
-1.64555 0.00305176

-1.64555 0.00305176
-1.64568 0.00366211

-1.64575 0.0039121
-1.64568 0.00366211

-1.64697 0.00704056
-1.64712 0.00732422

-1.6488 0.00973207
-1.64883 0.00976562

-1.64819 0.00896982
-1.64833 0.00915527

-1.6488 0.0097313
-1.64833 0.00915527

-1.64758 0.00809142
-1.64788 0.00854492

-1.64712 0.00732422
-1.64748 0.00793457

-1.64758 0.00809124
-1.64748 0.00793457

-1.64819 0.0089695
-1.64788 0.00854492

-1.64636 0.00573292
-1.64652 0.00610352

-1.64604 0.00488281
-1.64626 0.00549316

-1.64636 0.00573181
-1.64626 0.00549316

-1.64652 0.00610352
-1.6468 0.00671387

-1.64697 0.00703974
-1.6468 0.00671387

-1.65369 0.0132975
-1.65402 0.0134277

-1.65369 0.0132948
-1.65308 0.0130207

-1.6543 0.0135273
-1.65404 0.0134277

-1.65247 0.0127105
-1.65267 0.0128174

-1.65308 0.0130199
-1.65268 0.0128174

-1.65247 0.0127074
-1.65186 0.0123498

-1.65125 0.0119504
-1.65163 0.012207

-1.65063 0.0114928
-1.65077 0.0115967

-1.65125 0.011946
-1.65078 0.0115967

-1.65002 0.0109777
-1.65003 0.0109863

-1.65002 0.0109777
-1.64941 0.0103947

-1.65063 0.0114908
-1.65004 0.0109863

-1.65186 0.0123444
-1.65165 0.012207

-1.64883 0.00976562
-1.6494 0.010376

-1.64941 0.0103873
-1.6494 0.010376

-1.61956 0.0
-1.61951 0.000205983

-1.61971 0.000610352
-1.61951 0.000889589

-1.61951 1.78286e-05
-1.61922 0.000610352

-1.6193 0.000610352
-1.6189 0.000917419

-1.6189 0.000831059
-1.61829 0.00107092

-1.61829 0.00104346
-1.61768 0.00105605

-1.61768 0.000969287
-1.61707 0.000982769

-1.61646 0.000903202
-1.61701 0.0012207

-1.61715 0.0012207
-1.61707 0.00122262

-1.61707 0.00123281
-1.61701 0.0012207

-1.61609 0.0
-1.61645 0.000610352

-1.61646 0.000920968
-1.6161 0.000610352

-1.61584 0.000294472
-1.61523 0.000441079

-1.61584 0.000616312
-1.61572 0.000610352

-1.61523 0.000257916
-1.61462 0.000360374

-1.61462 0.00032908
-1.61401 0.000567309

-1.61401 0.000512832
-1.6134 0.000558516

-1.61343 0.000610352
-1.6134 0.000611392

-1.6134 0.000490946
-1.61279 0.000496812

-1.61279 0.000530631
-1.61218 0.000552474

-1.61218 0.000514842
-1.61157 0.0005166

-1.61157 0.000536766
-1.61096 0.000549854

-1.61096 0.00052161
-1.61035 0.00053601

-1.61035 0.000556196
-1.60974 0.000559225

-1.60974 0.000531274
-1.60913 0.000532404

-1.60913 0.000557145
-1.60852 0.000560535

-1.60852 0.00053009
-1.60791 0.000540368

-1.60791 0.000567658
-1.6073 0.000570578

-1.6073 0.000533763
-1.60669 0.000542535

-1.60669 0.000588601
-1.60608 0.000567177

-1.60608 0.000508326
-1.60547 0.000525124

-1.60547 0.000598391
-1.60486 0.000590981

-1.60486 0.000517127
-1.60425 0.000501503

-1.60425 0.000596287
-1.60364 0.000561839

-1.60364 0.000469443
-1.60303 0.000480292

-1.60303 0.000599549
-1.60242 0.000580275

-1.60242 0.000379364
-1.60181 0.000530275

-1.60189 0.000610352
-1.60181 0.000632686

-1.60181 0.000537131
-1.60173 0.000610352

-1.60181 0.000660498
-1.6012 0.00110049

-1.6012 0.00119894
-1.60115 0.0012207

-1.60113 0.0012207
-1.60059 0.00148342

-1.60059 0.00146549
-1.59998 0.00148101

-1.59998 0.00149579
-1.59937 0.00123901

-1.59875 0.000351251
-1.59881 0.000610352

-1.59875 0.00062176
-1.59929 0.0012207

-1.59875 0.000350793
-1.59868 0.0

-1.59571 0.000610352
-1.5957 0.000616101

-1.59511 0.0
-1.59509 5.02165e-05

-1.59509 3.20429e-05
-1.59454 0.000610352

-1.59452 0.000610352
-1.59448 0.000624792

-1.59448 0.000474582
-1.59387 0.000272996

-1.59387 0.000332977
-1.59326 7.7693e-05

-1.59326 0.00026063
-1.59265 0.000203503

-1.59265 0.00034463
-1.59204 1.31051e-05

-1.59204 0.000300959
-1.59161 0.0

-1.59143 0.000266164
-1.5911 0.0

-1.59082 0.000237492
-1.59066 0.0

-1.59021 9.23289e-05
-1.59017 0.0

-1.58855 0.0
-1.5885 0.000610352

-1.58851 0.000610352
-1.58838 0.00108884

-1.58838 0.00113412
-1.58835 0.0012207

-1.58837 0.0012207
-1.58799 0.00183105

-1.58808 0.00183105
-1.58777 0.00214869

-1.58777 0.00205418
-1.58719 0.00244141

-1.58716 0.00243847
-1.58715 0.00244141

-1.58716 0.00244141
-1.58716 0.00244379

-1.58716 0.00244239
-1.58655 0.0026268

-1.58655 0.00261944
-1.58594 0.00263494

-1.58472 0.00218803
-1.58518 0.00244141

-1.58361 0.0
-1.58368 0.000610352

-1.58367 0.000610352
-1.58391 0.0012207

-1.58411 0.00158391
-1.58429 0.00183105

-1.58472 0.00216508
-1.58434 0.00183105

-1.58411 0.00146642
-1.58394 0.0012207

-1.58594 0.00263585
-1.58533 0.00249529

-1.58533 0.00245759
-1.5853 0.00244141

-1.57776 0.0
-1.57739 0.00050708

-1.57739 0.000169639
-1.57678 0.000352278

-1.57678 0.000295154
-1.57617 0.000191907

-1.57617 5.42988e-05
-1.57556 0.000359906

-1.57556 0.000421556
-1.57495 0.000426624

-1.57495 0.0004479
-1.57438 0.0

-1.57434 0.00018869
-1.57373 0.000135436

-1.57373 0.000382154
-1.57313 0.0

-1.57279 0.0
-1.57251 0.000171012

-1.5725 0.0
-1.57191 0.000610352

-1.57192 0.000610352
-1.5719 0.000618881

-1.5719 0.000549444
-1.57129 0.000256947

-1.5719 0.00061145
-1.57189 0.000610352

-1.57129 0.000287426
-1.57082 0.0

-1.57068 4.54646e-05
-1.57007 0.000410809

-1.57007 0.000371175
-1.56946 0.000184773

-1.56946 0.000484252
-1.56912 0.0

-1.56838 0.0
-1.56824 0.000104879

-1.56816 0.0
-1.56763 0.000536879

-1.56763 0.00016165
-1.56702 0.000362514

-1.56702 0.000314638
-1.56641 0.000394697

-1.56641 0.000566476
-1.5658 7.04838e-05

-1.56571 0.0
-1.56519 0.000157905

-1.56519 0.000260616
-1.56458 0.000549032

-1.56458 0.000505813
-1.56399 0.0

-1.56396 0.000405252
-1.56361 0.0

-1.56303 0.0
-1.56274 0.000188063

-1.56267 0.0
-1.56213 0.000468799

-1.56213 0.000183654
-1.56152 0.000312441

-1.56152 0.000184307
-1.56091 0.00036783

-1.56091 0.000557758
-1.5603 0.000171867

-1.5603 4.83332e-05
-1.55969 5.7586e-05

-1.55969 0.000125915
-1.55908 0.000610352

-1.5591 0.000610352
-1.55908 0.000614243

-1.55908 0.000521127
-1.55847 0.000194921

-1.55908 0.000614977
-1.55906 0.000610352

-1.55847 0.000409959
-1.55803 0.0

-1.55772 0.0
-1.55725 0.000309738

-1.55725 0.000219604
-1.55664 0.000380724

-1.55664 0.000560596
-1.5562 0.0

-1.54981 0.0
-1.54966 0.000610352

-1.54969 0.000610352
-1.54932 0.00107666

-1.54932 0.00106697
-1.5491 0.0012207

-1.54907 0.0012207
-1.54871 0.00142606

-1.54871 0.00140683
-1.5481 0.00147716

-1.54688 0.000362341
-1.54692 0.000610352

-1.54688 0.00103492
-1.5471 0.0012207

-1.5481 0.00145025
-1.54749 0.00134111

-1.54749 0.00138005
-1.5472 0.0012207

-1.54643 0.0
-1.54674 0.000610352

-1.54688 0.000981047
-1.5465 0.000610352

-1.54626 0.000357359
-1.54565 0.000310062

-1.54565 0.000292556
-1.54504 0.000307796

-1.54504 0.000295129
-1.54443 0.000393572

-1.54443 0.000356159
-1.54382 0.000390675

-1.54382 0.000371483
-1.54321 0.000372379

-1.54321 0.000374434
-1.5426 0.000373859

-1.5426 0.000370937
-1.54199 0.000371988

-1.54199 0.000373236
-1.54138 0.000376768

-1.54138 0.000373951
-1.54077 0.000374744

-1.54077 0.000376381
-1.54016 0.000374923

-1.54016 0.00037341
-1.53955 0.000372897

-1.53955 0.00037565
-1.53894 0.000374815

-1.53894 0.000373132
-1.53833 0.000371811

-1.53833 0.000374573
-1.53772 0.000373736

-1.53772 0.00037239
-1.53711 0.000371188

-1.53711 0.000374383
-1.5365 0.000371968

-1.5365 0.000370381
-1.53589 0.000369272

-1.53589 0.000377058
-1.53528 0.000367493

-1.53528 0.000384494
-1.53467 0.000339732

-1.53467 0.000344196
-1.53406 0.000330257

-1.53406 0.000353352
-1.53345 0.000349741

-1.53345 0.000507166
-1.53284 0.000161864

-1.53284 0.000311538
-1.53231 0.0

-1.53213 0.0
-1.53162 0.000423238

-1.53162 0.000510583
-1.53101 0.000226194

-1.53101 0.000317359
-1.53088 0.0

-1.52681 0.0
-1.52673 0.000550584

-1.52674 0.000610352
-1.52673 0.000615925

-1.52673 0.000550894
-1.52672 0.000610352

-1.52673 0.000628593
-1.52644 0.0012207

-1.52644 0.0012207
-1.52612 0.00158111

-1.52612 0.00160537
-1.5258 0.00183105

-1.5257 0.00183105
-1.52551 0.00193969

-1.52551 0.00195973
-1.5249 0.00210497

-1.5249 0.00210251
-1.52429 0.00205522

-1.52368 0.00177145
-1.52382 0.00183105

-1.52429 0.0020768
-1.52373 0.00183105

-1.52307 0.00121177
-1.52308 0.0012207

-1.52268 0.0
-1.52278 0.000610352

-1.52307 0.00121402
-1.52276 0.000610352

-1.52307 0.00125281
-1.52367 0.00183105

-1.52307 0.00125844
-1.52304 0.0012207

-1.49373 0.0
-1.49326 0.000610352

-1.49316 0.000444119
-1.49255 0.000569819

-1.49255 0.000456213
-1.49194 0.000454832

-1.49194 0.00050416
-1.49133 0.000507016

-1.49133 0.000458229
-1.49072 0.000458527

-1.49072 0.000551401
-1.49011 0.00046037

-1.4895 9.10292e-06
-1.49 0.000610352

-1.49011 0.000626441
-1.49007 0.000610352

-1.4895 6.78484e-05
-1.48946 0.0

-1.48854 0.0
-1.48828 0.000462348

-1.48828 0.000391006
-1.48767 0.000195936

-1.48767 0.000271559
-1.48757 0.0

-1.31403 0.0485991
-1.31424 0.0488281

-1.31372 0.0482735
-1.31395 0.0485229

-1.31403 0.0485998
-1.31395 0.0485229

-1.31281 0.0473394
-1.31307 0.0476074

-1.3125 0.0470414
-1.31277 0.0473022

-1.31281 0.0473394
-1.31277 0.0473022

-1.31342 0.0479552
-1.31367 0.0482178

-1.31311 0.0476437
-1.31337 0.0479126

-1.31342 0.0479554
-1.31337 0.0479126

-1.31372 0.0482739
-1.31367 0.0482178

-1.31311 0.047644
-1.31307 0.0476074

-1.31738 0.0528114
-1.31758 0.0531006

-1.31769 0.0532701
-1.31778 0.0534058

-1.31778 0.0534058
-1.31797 0.0537109

-1.31769 0.0532702
-1.31758 0.0531006

-1.31982 0.0570565
-1.31983 0.0570679

-1.31983 0.0570679
-1.31997 0.057373

-1.32043 0.058407
-1.32051 0.0585938

-1.32013 0.0577114
-1.32025 0.0579834

-1.31997 0.057373
-1.32011 0.0576782

-1.32013 0.0577112
-1.32011 0.0576782

-1.32025 0.0579834
-1.32038 0.0582886

-1.32043 0.0584069
-1.32038 0.0582886

-1.3186 0.0547528
-1.31871 0.0549316

-1.31921 0.0558489
-1.31937 0.0561523

-1.31891 0.0552886
-1.31905 0.055542

-1.31871 0.0549316
-1.31888 0.0552368

-1.31891 0.0552884
-1.31888 0.0552368

-1.31905 0.055542
-1.31921 0.0558472

-1.31921 0.0558487
-1.31921 0.0558472

-1.3183 0.0542385
-1.31835 0.0543213

-1.31799 0.0537448
-1.31816 0.0540161

-1.3183 0.0542388
-1.31816 0.0540161

-1.31835 0.0543213
-1.31853 0.0546265

-1.3186 0.0547528
-1.31853 0.0546265

-1.31799 0.053745
-1.31797 0.0537109

-1.31952 0.0564373
-1.31953 0.0564575

-1.31953 0.0564575
-1.31968 0.0567627

-1.31952 0.0564374
-1.31937 0.0561523

-1.31982 0.0570567
-1.31968 0.0567627

-1.31616 0.0511234
-1.31627 0.0512695

-1.31525 0.0499856
-1.3153 0.0500488

-1.31494 0.0496255
-1.31504 0.0497437

-1.31525 0.0499849
-1.31504 0.0497437

-1.31555 0.050354
-1.3158 0.0506592

-1.31586 0.0507339
-1.31604 0.0509644

-1.31616 0.0511251
-1.31604 0.0509644

-1.31586 0.050734
-1.3158 0.0506592

-1.31555 0.0503538
-1.3153 0.0500488

-1.31708 0.0523687
-1.31716 0.0524902

-1.31677 0.0519411
-1.31695 0.0521851

-1.31708 0.0523695
-1.31695 0.0521851

-1.31647 0.0515267
-1.3165 0.0515747

-1.3165 0.0515747
-1.31673 0.0518799

-1.31647 0.0515262
-1.31627 0.0512695

-1.31677 0.0519414
-1.31673 0.0518799

-1.31716 0.0524902
-1.31737 0.0527954

-1.31738 0.0528113
-1.31737 0.0527954

-1.31464 0.0492743
-1.31478 0.0494385

-1.31433 0.0489321
-1.31451 0.0491333

-1.31464 0.0492756
-1.31451 0.0491333

-1.31494 0.0496264
-1.31478 0.0494385

-1.31433 0.0489336
-1.31424 0.0488281

-1.32227 0.064027
-1.32228 0.0640869

-1.32228 0.0640869
-1.32235 0.0643921

-1.32235 0.0643921
-1.32242 0.0646973

-1.32242 0.0646973
-1.32248 0.0650024

-1.32248 0.0650024
-1.32254 0.0653076

-1.32257 0.0654527
-1.3226 0.0656128

-1.3226 0.0656128
-1.32266 0.065918

-1.32257 0.0654522
-1.32254 0.0653076

-1.32266 0.065918
-1.32271 0.0662231

-1.32271 0.0662231
-1.32276 0.0665283

-1.32276 0.0665283
-1.32281 0.0668335

-1.32281 0.0668335
-1.32286 0.0671387

-1.32288 0.0672515
-1.3229 0.0674438

-1.3229 0.0674438
-1.32295 0.067749

-1.32295 0.067749
-1.32299 0.0680542

-1.32299 0.0680542
-1.32302 0.0683594

-1.32288 0.0672508
-1.32286 0.0671387

-1.32302 0.0683594
-1.32306 0.0686646

-1.32306 0.0686646
-1.32309 0.0689697

-1.32309 0.0689697
-1.32312 0.0692749

-1.32312 0.0692749
-1.32315 0.0695801

-1.32318 0.0699661
-1.3232 0.0701904

-1.32315 0.0695801
-1.32317 0.0698853

-1.32318 0.0699649
-1.32317 0.0698853

-1.3232 0.0701904
-1.32322 0.0704956

-1.32322 0.0704956
-1.32324 0.0708008

-1.32324 0.0708008
-1.32326 0.071106

-1.32326 0.071106
-1.32327 0.0714111

-1.32327 0.0714111
-1.32329 0.0717163

-1.32329 0.0717163
-1.3233 0.0720215

-1.3233 0.0720215
-1.32331 0.0723267

-1.32331 0.0723267
-1.32332 0.0726318

-1.32332 0.0726318
-1.32332 0.072937

-1.32332 0.072937
-1.32333 0.0732422

-1.32333 0.0732422
-1.32333 0.0735474

-1.32333 0.0735474
-1.32333 0.0738525

-1.32333 0.0738525
-1.32333 0.0741577

-1.32333 0.0741577
-1.32332 0.0744629

-1.32332 0.0744629
-1.32332 0.0747681

-1.32332 0.0747681
-1.32331 0.0750732

-1.32331 0.0750732
-1.3233 0.0753784

-1.3233 0.0753784
-1.32329 0.0756836

-1.32329 0.0756836
-1.32328 0.0759888

-1.32328 0.0759888
-1.32326 0.0762939

-1.32326 0.0762939
-1.32325 0.0765991

-1.32325 0.0765991
-1.32323 0.0769043

-1.32323 0.0769043
-1.32321 0.0772095

-1.32321 0.0772095
-1.32319 0.0775146

-1.32319 0.0775146
-1.32318 0.0776665

-1.32318 0.0776652
-1.32317 0.0778198

-1.32317 0.0778198
-1.32315 0.078125

-1.32104 0.0599473
-1.32111 0.0601196

-1.32111 0.0601196
-1.32122 0.0604248

-1.32135 0.0608127
-1.32142 0.0610352

-1.32122 0.0604248
-1.32132 0.06073

-1.32135 0.0608123
-1.32132 0.06073

-1.32074 0.0591487
-1.32076 0.0592041

-1.32051 0.0585938
-1.32064 0.0588989

-1.32074 0.0591487
-1.32064 0.0588989

-1.32076 0.0592041
-1.32088 0.0595093

-1.32088 0.0595093
-1.321 0.0598145

-1.32104 0.059947
-1.321 0.0598145

-1.32166 0.0617626
-1.32171 0.0619507

-1.32171 0.0619507
-1.3218 0.0622559

-1.32142 0.0610352
-1.32152 0.0613403

-1.32152 0.0613403
-1.32162 0.0616455

-1.32166 0.0617623
-1.32162 0.0616455

-1.32196 0.0628205
-1.32197 0.0628662

-1.3218 0.0622559
-1.32189 0.062561

-1.32196 0.0628203
-1.32189 0.062561

-1.32197 0.0628662
-1.32205 0.0631714

-1.32205 0.0631714
-1.32213 0.0634766

-1.32213 0.0634766
-1.32221 0.0637817

-1.32227 0.0640267
-1.32221 0.0637817

-1.32315 0.078125
-1.32312 0.0784302

-1.32312 0.0784302
-1.32309 0.0787354

-1.32309 0.0787354
-1.32307 0.0790405

-1.32307 0.0790405
-1.32303 0.0793457

-1.32303 0.0793457
-1.323 0.0796509

-1.323 0.0796509
-1.32297 0.0799561

-1.32297 0.0799561
-1.32294 0.0802612

-1.32294 0.0802612
-1.3229 0.0805664

-1.3229 0.0805664
-1.32288 0.0807574

-1.32288 0.0807567
-1.32286 0.0808716

-1.32286 0.0808716
-1.32282 0.0811768

-1.32282 0.0811768
-1.32278 0.0814819

-1.32278 0.0814819
-1.32274 0.0817871

-1.32274 0.0817871
-1.3227 0.0820923

-1.3227 0.0820923
-1.32265 0.0823975

-1.32265 0.0823975
-1.32261 0.0827026

-1.32261 0.0827026
-1.32257 0.0829322

-1.32257 0.0829317
-1.32256 0.0830078

-1.32256 0.0830078
-1.32251 0.083313

-1.32251 0.083313
-1.32246 0.0836182

-1.32246 0.0836182
-1.32241 0.0839233

-1.32241 0.0839233
-1.32236 0.0842285

-1.32236 0.0842285
-1.3223 0.0845337

-1.3223 0.0845337
-1.32227 0.0847323

-1.32227 0.0847319
-1.32225 0.0848389

-1.32225 0.0848389
-1.32219 0.085144

-1.32219 0.085144
-1.32213 0.0854492

-1.32213 0.0854492
-1.32207 0.0857544

-1.32207 0.0857544
-1.32201 0.0860596

-1.32201 0.0860596
-1.32196 0.0863131

-1.32196 0.0863127
-1.32195 0.0863647

-1.32195 0.0863647
-1.32189 0.0866699

-1.32189 0.0866699
-1.32182 0.0869751

-1.32182 0.0869751
-1.32176 0.0872803

-1.32176 0.0872803
-1.32169 0.0875854

-1.32169 0.0875854
-1.32166 0.0877448

-1.32166 0.0877445
-1.32162 0.0878906

-1.32162 0.0878906
-1.32155 0.0881958

-1.32155 0.0881958
-1.32148 0.088501

-1.32148 0.088501
-1.32141 0.0888062

-1.32141 0.0888062
-1.32135 0.0890677

-1.32135 0.0890674
-1.32134 0.0891113

-1.32134 0.0891113
-1.32127 0.0894165

-1.32127 0.0894165
-1.32119 0.0897217

-1.32119 0.0897217
-1.32112 0.0900269

-1.32112 0.0900269
-1.32104 0.0903056

-1.32104 0.0903053
-1.32104 0.090332

-1.32104 0.090332
-1.32096 0.0906372

-1.32096 0.0906372
-1.32088 0.0909424

-1.32088 0.0909424
-1.3208 0.0912476

-1.3208 0.0912476
-1.32074 0.0914751

-1.32074 0.0914749
-1.32072 0.0915527

-1.32072 0.0915527
-1.32064 0.0918579

-1.32064 0.0918579
-1.32055 0.0921631

-1.32055 0.0921631
-1.32047 0.0924683

-1.32047 0.0924683
-1.32043 0.0925885

-1.32043 0.0925883
-1.32038 0.0927734

-1.32038 0.0927734
-1.3203 0.0930786

-1.3203 0.0930786
-1.32021 0.0933838

-1.32021 0.0933838
-1.32013 0.0936543

-1.32013 0.0936541
-1.32012 0.093689

-1.32012 0.093689
-1.32003 0.0939941

-1.32003 0.0939941
-1.31994 0.0942993

-1.31994 0.0942993
-1.31985 0.0946045

-1.31985 0.0946045
-1.31982 0.0946792

-1.31982 0.0946789
-1.31975 0.0949097

-1.31975 0.0949097
-1.31966 0.0952148

-1.31966 0.0952148
-1.31957 0.09552

-1.31957 0.09552
-1.31952 0.0956681

-1.31952 0.0956679
-1.31947 0.0958252

-1.31947 0.0958252
-1.31937 0.0961304

-1.31937 0.0961304
-1.31928 0.0964355

-1.31928 0.0964355
-1.31921 0.0966257

-1.31921 0.0966256
-1.31918 0.0967407

-1.31918 0.0967407
-1.31908 0.0970459

-1.31908 0.0970459
-1.31898 0.0973511

-1.31898 0.0973511
-1.31891 0.0975554

-1.31891 0.0975553
-1.31888 0.0976562

-1.31888 0.0976562
-1.31877 0.0979614

-1.31877 0.0979614
-1.31867 0.0982666

-1.31867 0.0982666
-1.3186 0.09846

-1.3186 0.0984598
-1.31857 0.0985718

-1.31857 0.0985718
-1.31846 0.098877

-1.31846 0.098877
-1.31835 0.0991821

-1.31835 0.0991821
-1.3183 0.0993419

-1.3183 0.0993417
-1.31825 0.0994873

-1.31825 0.0994873
-1.31814 0.0997925

-1.31814 0.0997925
-1.31803 0.100098

-1.31803 0.100098
-1.31799 0.100203

-1.31799 0.100203
-1.31792 0.100403

-1.31792 0.100403
-1.31781 0.100708

-1.31781 0.100708
-1.3177 0.101013

-1.3177 0.101013
-1.31769 0.101046

-1.31769 0.101046
-1.31759 0.101318

-1.31759 0.101318
-1.31747 0.101624

-1.31747 0.101624
-1.31738 0.10187

-1.31738 0.10187
-1.31736 0.101929

-1.31736 0.101929
-1.31725 0.102234

-1.31725 0.102234
-1.31713 0.102539

-1.31713 0.102539
-1.31708 0.102679

-1.31708 0.102679
-1.31701 0.102844

-1.31701 0.102844
-1.3169 0.103149

-1.3169 0.103149
-1.31678 0.103455

-1.31678 0.103455
-1.31677 0.103474

-1.31677 0.103473
-1.31666 0.10376

-1.31666 0.10376
-1.31654 0.104065

-1.31654 0.104065
-1.31647 0.104254

-1.31647 0.104254
-1.31642 0.10437

-1.31642 0.10437
-1.3163 0.104675

-1.3163 0.104675
-1.31618 0.10498

-1.31618 0.10498
-1.31616 0.105021

-1.31616 0.105021
-1.31606 0.105286

-1.31606 0.105286
-1.31593 0.105591

-1.31593 0.105591
-1.31586 0.105776

-1.31586 0.105776
-1.31581 0.105896

-1.31581 0.105896
-1.31568 0.106201

-1.31568 0.106201
-1.31556 0.106506

-1.31556 0.106506
-1.31555 0.106521

-1.31555 0.10652
-1.31543 0.106812

-1.31543 0.106812
-1.3153 0.107117

-1.3153 0.107117
-1.31525 0.107253

-1.31525 0.107253
-1.31518 0.107422

-1.31518 0.107422
-1.31505 0.107727

-1.31505 0.107727
-1.31494 0.107977

-1.31494 0.107977
-1.31492 0.108032

-1.31492 0.108032
-1.31479 0.108337

-1.31479 0.108337
-1.31466 0.108643

-1.31466 0.108643
-1.31464 0.108691

-1.31464 0.10869
-1.31453 0.108948

-1.31453 0.108948
-1.31439 0.109253

-1.31439 0.109253
-1.31433 0.109395

-1.31433 0.109395
-1.31426 0.109558

-1.31426 0.109558
-1.31413 0.109863

-1.31413 0.109863
-1.31403 0.110091

-1.31403 0.110091
-1.31399 0.110168

-1.31399 0.110168
-1.31386 0.110474

-1.31386 0.110474
-1.31372 0.110779

-1.31372 0.110779
-1.31372 0.11078

-1.31372 0.110779
-1.31358 0.111084

-1.31358 0.111084
-1.31345 0.111389

-1.31345 0.111389
-1.31342 0.11146

-1.31342 0.111459
-1.31331 0.111694

-1.31331 0.111694
-1.31317 0.112

-1.31317 0.112
-1.31311 0.112132

-1.31311 0.112132
-1.31303 0.112305

-1.31303 0.112305
-1.31289 0.11261

-1.31289 0.11261
-1.31281 0.112798

-1.31281 0.112798
-1.31275 0.112915

-1.31275 0.112915
-1.31261 0.11322

-1.31261 0.11322
-1.3125 0.113458

-1.30151 0.0390531
-1.30153 0.0390625

-1.30151 0.0390527
-1.30121 0.0388816

-1.3009 0.0387126
-1.30098 0.0387573

-1.30121 0.0388814
-1.30098 0.0387573

-1.30029 0.0383794
-1.30043 0.0384521

-1.3009 0.0387123
-1.3006 0.0385449

-1.3006 0.0385447
-1.30043 0.0384521

-1.29907 0.0377339
-1.29928 0.0378418

-1.30029 0.0383792
-1.29999 0.0382153

-1.29968 0.0380533
-1.29986 0.038147

-1.29999 0.0382152
-1.29986 0.038147

-1.29968 0.0380531
-1.29938 0.0378926

-1.29938 0.0378925
-1.29928 0.0378418

-1.29907 0.0377338
-1.29877 0.0375765

-1.29846 0.037421
-1.29869 0.0375366

-1.29877 0.0375765
-1.29869 0.0375366

-1.29785 0.0371142
-1.29809 0.0372314

-1.29846 0.0374208
-1.29816 0.0372667

-1.29816 0.0372667
-1.29809 0.0372314

-1.29663 0.0365181
-1.29684 0.0366211

-1.29663 0.0365179
-1.29633 0.0363723

-1.29602 0.0362282
-1.29621 0.0363159

-1.29633 0.0363722
-1.29621 0.0363159

-1.29541 0.0359436
-1.29555 0.0360107

-1.29602 0.0362281
-1.29572 0.0360851

-1.29572 0.036085
-1.29556 0.0360107

-1.29785 0.0371141
-1.29755 0.0369629

-1.29724 0.0368133
-1.29747 0.0369263

-1.29755 0.0369628
-1.29747 0.0369263

-1.29724 0.0368132
-1.29694 0.0366648

-1.29694 0.0366648
-1.29685 0.0366211

-1.29419 0.0353893
-1.29421 0.0354004

-1.29541 0.0359435
-1.2951 0.035803

-1.2948 0.0356641
-1.29489 0.0357056

-1.2951 0.0358029
-1.29489 0.0357056

-1.2948 0.0356639
-1.29449 0.0355259

-1.29449 0.0355257
-1.29422 0.0354004

-1.29419 0.0353891
-1.29388 0.0352535

-1.29388 0.0352533
-1.29358 0.0351188

-1.29327 0.0349855
-1.29352 0.0350952

-1.29358 0.0351188
-1.29353 0.0350952

-1.29327 0.0349854
-1.29297 0.0348531

-1.29114 0.0340814
-1.29138 0.0341797

-1.29114 0.0340813
-1.29083 0.0339561

-1.29053 0.0338321
-1.29063 0.0338745

-1.29083 0.033956
-1.29063 0.0338745

-1.29053 0.033832
-1.29022 0.0337087

-1.29022 0.0337086
-1.28992 0.0335863

-1.28961 0.033465
-1.28987 0.0335693

-1.28961 0.0334649
-1.28931 0.0333443

-1.28992 0.0335863
-1.28987 0.0335693

-1.28809 0.0328708
-1.28832 0.032959

-1.289 0.0332248
-1.2891 0.0332642

-1.28931 0.0333442
-1.2891 0.0332642

-1.289 0.0332247
-1.2887 0.0331059

-1.2887 0.0331058
-1.28839 0.0329878

-1.28839 0.0329878
-1.28832 0.032959

-1.29266 0.034722
-1.29282 0.03479

-1.29266 0.034722
-1.29236 0.0345918

-1.29297 0.0348531
-1.29282 0.03479

-1.29205 0.0344629
-1.29211 0.0344849

-1.29236 0.0345917
-1.29211 0.0344849

-1.29205 0.0344627
-1.29175 0.0343346

-1.29175 0.0343345
-1.29144 0.0342074

-1.29144 0.0342074
-1.29138 0.0341797

-1.28809 0.0328708
-1.28778 0.0327544

-1.28748 0.0326391
-1.28751 0.0326538

-1.28778 0.0327544
-1.28752 0.0326538

-1.28748 0.032639
-1.28717 0.0325243

-1.28717 0.0325242
-1.28687 0.0324103

-1.28656 0.0322973
-1.2867 0.0323486

-1.28656 0.0322972
-1.28625 0.0321848

-1.28687 0.0324102
-1.2867 0.0323486

-1.28625 0.0321848
-1.28595 0.0320731

-1.28564 0.0319623
-1.28587 0.0320435

-1.28595 0.0320731
-1.28587 0.0320435

-1.28473 0.031634
-1.28502 0.0317383

-1.28473 0.0316339
-1.28442 0.0315258

-1.28412 0.0314187
-1.28416 0.0314331

-1.28442 0.0315258
-1.28416 0.0314331

-1.28412 0.0314185
-1.28381 0.0313119

-1.2832 0.0311006
-1.28328 0.0311279

-1.28381 0.0313118
-1.28351 0.0312057

-1.28351 0.0312057
-1.28328 0.0311279

-1.28564 0.0319623
-1.28534 0.0318521

-1.28534 0.031852
-1.28503 0.0317426

-1.28503 0.0317426
-1.28502 0.0317383

-1.2774 0.0292128
-1.27768 0.0292969

-1.2774 0.0292128
-1.2771 0.0291189

-1.2771 0.0291188
-1.27679 0.0290255

-1.27649 0.0289327
-1.27668 0.0289917

-1.27679 0.0290255
-1.27668 0.0289917

-1.27649 0.0289327
-1.27618 0.0288403

-1.27618 0.0288403
-1.27588 0.0287484

-1.27557 0.0286571
-1.27567 0.0286865

-1.27557 0.0286571
-1.27527 0.0285662

-1.27588 0.0287484
-1.27567 0.0286865

-1.27527 0.0285661
-1.27496 0.0284756

-1.27496 0.0284757
-1.27466 0.0283857

-1.27344 0.0280304
-1.2736 0.0280762

-1.27435 0.0282962
-1.27464 0.0283813

-1.27466 0.0283857
-1.27464 0.0283813

-1.27435 0.0282962
-1.27405 0.0282071

-1.27405 0.0282071
-1.27374 0.0281185

-1.27374 0.0281185
-1.2736 0.0280762

-1.2832 0.0311005
-1.2829 0.0309958

-1.2829 0.0309957
-1.28259 0.0308916

-1.28229 0.0307883
-1.28239 0.0308228

-1.28259 0.0308916
-1.28239 0.0308228

-1.28229 0.0307883
-1.28198 0.0306854

-1.28137 0.0304817
-1.28148 0.0305176

-1.28137 0.0304817
-1.28107 0.0303806

-1.28107 0.0303806
-1.28076 0.0302802

-1.28198 0.0306854
-1.28168 0.0305832

-1.28168 0.0305831
-1.28148 0.0305176

-1.28046 0.0301805
-1.28055 0.0302124

-1.28076 0.0302801
-1.28055 0.0302124

-1.28046 0.0301804
-1.28015 0.0300812

-1.27954 0.0298845
-1.27961 0.0299072

-1.28015 0.0300811
-1.27985 0.0299824

-1.27985 0.0299824
-1.27961 0.0299072

-1.27954 0.0298844
-1.27924 0.0297868

-1.27924 0.0297868
-1.27893 0.0296897

-1.27863 0.0295934
-1.27865 0.0296021

-1.27893 0.0296897
-1.27865 0.0296021

-1.27863 0.0295934
-1.27832 0.0294974

-1.27832 0.0294974
-1.27802 0.0294019

-1.27802 0.0294019
-1.27771 0.0293071

-1.27771 0.0293071
-1.27768 0.0292969

-1.30884 0.0438755
-1.30893 0.0439453

-1.30853 0.0436395
-1.30853 0.0436401

-1.30884 0.0438748
-1.30853 0.0436401

-1.30853 0.0436396
-1.30823 0.0434081

-1.30792 0.0431802
-1.30813 0.043335

-1.30762 0.0429568
-1.30772 0.0430298

-1.30792 0.0431798
-1.30772 0.0430298

-1.30823 0.0434074
-1.30813 0.043335

-1.31158 0.0461831
-1.31181 0.0463867

-1.31128 0.0459083
-1.31147 0.0460815

-1.31158 0.0461819
-1.31147 0.0460815

-1.31036 0.0451115
-1.31043 0.045166

-1.31006 0.0448555
-1.31007 0.0448608

-1.31036 0.0451113
-1.31007 0.0448608

-1.31097 0.0456377
-1.31113 0.0457764

-1.31067 0.0453721
-1.31078 0.0454712

-1.31097 0.0456357
-1.31078 0.0454712

-1.31128 0.0459062
-1.31113 0.0457764

-1.31067 0.0453716
-1.31043 0.045166

-1.31219 0.0467494
-1.31245 0.0469971

-1.31189 0.0464633
-1.31213 0.0466919

-1.31219 0.046749
-1.31213 0.0466919

-1.3125 0.0470411
-1.31245 0.0469971

-1.31189 0.0464627
-1.31181 0.0463867

-1.30945 0.044357
-1.30969 0.0445557

-1.31006 0.0448555
-1.30975 0.0446041

-1.30975 0.044604
-1.30969 0.0445557

-1.30914 0.0441147
-1.30932 0.0442505

-1.30945 0.0443559
-1.30931 0.0442505

-1.30914 0.0441136
-1.30893 0.0439453

-1.30548 0.0414728
-1.30553 0.0415039

-1.30548 0.041472
-1.30518 0.0412716

-1.30701 0.0425165
-1.3073 0.0427246

-1.3064 0.0420902
-1.30643 0.0421143

-1.3067 0.0423018
-1.30687 0.0424194

-1.30701 0.0425161
-1.30687 0.0424194

-1.3067 0.0423014
-1.30643 0.0421143

-1.30762 0.0429555
-1.30731 0.0427343

-1.30731 0.0427343
-1.3073 0.0427246

-1.3064 0.0420899
-1.30609 0.0418812

-1.30579 0.0416752
-1.30598 0.0418091

-1.30609 0.0418806
-1.30598 0.0418091

-1.30579 0.0416749
-1.30553 0.0415039

-1.30457 0.040879
-1.30459 0.0408936

-1.30487 0.0410738
-1.30506 0.0411987

-1.30518 0.0412713
-1.30506 0.0411987

-1.30487 0.0410736
-1.30459 0.0408936

-1.30457 0.0408785
-1.30426 0.0406858

-1.30396 0.0404956
-1.3041 0.0405884

-1.30426 0.0406855
-1.3041 0.0405884

-1.30334 0.0401218
-1.30361 0.0402832

-1.30304 0.0399387
-1.30311 0.039978

-1.30334 0.0401216
-1.30311 0.039978

-1.30304 0.0399383
-1.30273 0.039757

-1.30396 0.0404953
-1.30365 0.0403073

-1.30365 0.0403072
-1.30361 0.0402832

-1.30243 0.039578
-1.30259 0.0396729

-1.30243 0.0395778
-1.30212 0.0394007

-1.30273 0.0397568
-1.30259 0.0396729

-1.30182 0.0392258
-1.30207 0.0393677

-1.30212 0.0394007
-1.30207 0.0393677

-1.30182 0.0392256
-1.30153 0.0390625

-1.27344 0.0280304
-1.27313 0.0279426

-1.27313 0.0279426
-1.27283 0.0278553

-1.27252 0.0277686
-1.27253 0.027771

-1.27283 0.0278553
-1.27253 0.027771

-1.27252 0.0277685
-1.27222 0.0276821

-1.27222 0.027682
-1.27191 0.027596

-1.27191 0.027596
-1.27161 0.0275104

-1.2713 0.0274253
-1.27145 0.0274658

-1.2713 0.0274253
-1.271 0.0273405

-1.27161 0.0275104
-1.27145 0.0274658

-1.26917 0.0268404
-1.26922 0.0268555

-1.26917 0.0268404
-1.26886 0.0267584

-1.26886 0.0267584
-1.26855 0.0266767

-1.271 0.0273405
-1.27069 0.0272561

-1.27069 0.0272561
-1.27039 0.0271722

-1.27008 0.0270887
-1.27034 0.0271606

-1.27039 0.0271722
-1.27034 0.0271606

-1.27008 0.0270886
-1.26978 0.0270055

-1.26978 0.0270055
-1.26947 0.0269227

-1.26947 0.0269227
-1.26922 0.0268555

-1.26855 0.0266767
-1.26825 0.0265955

-1.26794 0.0265147
-1.26808 0.0265503

-1.26825 0.0265955
-1.26808 0.0265503

-1.26794 0.0265147
-1.26764 0.0264341

-1.26764 0.0264341
-1.26733 0.026354

-1.26672 0.0261949
-1.26692 0.0262451

-1.26733 0.026354
-1.26703 0.0262743

-1.26703 0.0262743
-1.26692 0.0262451

-1.26672 0.0261949
-1.26642 0.0261158

-1.26642 0.0261158
-1.26611 0.0260371

-1.26611 0.0260371
-1.26581 0.0259588

-1.2655 0.0258808
-1.26573 0.0259399

-1.26581 0.0259588
-1.26573 0.0259399

-1.2655 0.0258808
-1.2652 0.0258031

-1.2652 0.0258031
-1.26489 0.0257258

-1.26428 0.0255723
-1.26453 0.0256348

-1.26428 0.0255723
-1.26398 0.025496

-1.26398 0.025496
-1.26367 0.02542

-1.26489 0.0257259
-1.26459 0.0256489

-1.26459 0.0256489
-1.26453 0.0256348

-1.2594 0.02439
-1.2595 0.0244141

-1.2594 0.0243899
-1.25909 0.0243186

-1.25909 0.0243186
-1.25879 0.0242476

-1.26367 0.02542
-1.26337 0.0253444

-1.26306 0.0252691
-1.26331 0.0253296

-1.26337 0.0253444
-1.26331 0.0253296

-1.26306 0.0252691
-1.26276 0.0251941

-1.26276 0.025194
-1.26245 0.0251194

-1.26184 0.0249711
-1.26206 0.0250244

-1.26245 0.0251194
-1.26215 0.0250451

-1.26215 0.0250451
-1.26206 0.0250244

-1.26184 0.0249711
-1.26154 0.0248973

-1.26154 0.0248973
-1.26123 0.0248239

-1.26123 0.0248239
-1.26093 0.0247509

-1.26062 0.0246781
-1.26079 0.0247192

-1.26093 0.0247509
-1.26079 0.0247192

-1.26062 0.024678
-1.26031 0.0246055

-1.26031 0.0246055
-1.26001 0.0245333

-1.26001 0.0245333
-1.2597 0.0244615

-1.2597 0.0244615
-1.2595 0.0244141

-1.25879 0.0242476
-1.25848 0.0241769

-1.25818 0.0241065
-1.25819 0.0241089

-1.25848 0.0241769
-1.25819 0.0241089

-1.25818 0.0241065
-1.25787 0.0240363

-1.25787 0.0240363
-1.25757 0.0239664

-1.25757 0.0239664
-1.25726 0.0238969

-1.25726 0.0238969
-1.25696 0.0238277

-1.25665 0.0237587
-1.25685 0.0238037

-1.25665 0.0237587
-1.25635 0.0236899

-1.25696 0.0238277
-1.25685 0.0238037

-1.25635 0.0236899
-1.25604 0.0236214

-1.25604 0.0236214
-1.25574 0.0235533

-1.25543 0.0234854
-1.25549 0.0234985

-1.25574 0.0235533
-1.25549 0.0234985

-1.25543 0.0234854
-1.25513 0.0234177

-1.25391 0.0231498
-1.25411 0.0231934

-1.25513 0.0234176
-1.25482 0.0233502

-1.25482 0.0233502
-1.25452 0.0232832

-1.25452 0.0232832
-1.25421 0.0232164

-1.25421 0.0232164
-1.25411 0.0231934

-1.23529 0.0195279
-1.23531 0.0195312

-1.23529 0.0195279
-1.23499 0.0194749

-1.23499 0.0194749
-1.23468 0.0194221

-1.23468 0.0194221
-1.23438 0.0193696

-1.25391 0.0231498
-1.2536 0.0230835

-1.2536 0.0230834
-1.2533 0.0230174

-1.2533 0.0230174
-1.25299 0.0229517

-1.25269 0.0228861
-1.2527 0.0228882

-1.25299 0.0229517
-1.2527 0.0228882

-1.25269 0.0228861
-1.25238 0.0228207

-1.25238 0.0228207
-1.25208 0.0227556

-1.25208 0.0227556
-1.25177 0.0226909

-1.25177 0.0226909
-1.25146 0.0226264

-1.25116 0.0225621
-1.25126 0.022583

-1.25116 0.0225621
-1.25085 0.022498

-1.25146 0.0226264
-1.25126 0.022583

-1.25085 0.022498
-1.25055 0.0224342

-1.25055 0.0224342
-1.25024 0.0223707

-1.25024 0.0223707
-1.24994 0.0223074

-1.24963 0.0222443
-1.2498 0.0222778

-1.24994 0.0223074
-1.2498 0.0222778

-1.24963 0.0222443
-1.24933 0.0221814

-1.24933 0.0221814
-1.24902 0.0221187

-1.24811 0.0219325
-1.24831 0.0219727

-1.24811 0.0219325
-1.2478 0.0218708

-1.2478 0.0218708
-1.2475 0.0218094

-1.2475 0.0218094
-1.24719 0.0217482

-1.24719 0.0217483
-1.24689 0.0216873

-1.24658 0.0216265
-1.24679 0.0216675

-1.24689 0.0216873
-1.24679 0.0216675

-1.24902 0.0221187
-1.24872 0.0220565

-1.24872 0.0220565
-1.24841 0.0219944

-1.24841 0.0219944
-1.24831 0.0219727

-1.24658 0.0216265
-1.24628 0.0215659

-1.24628 0.0215659
-1.24597 0.0215056

-1.24597 0.0215056
-1.24567 0.0214455

-1.24567 0.0214456
-1.24536 0.0213858

-1.24506 0.0213261
-1.24524 0.0213623

-1.24506 0.0213261
-1.24475 0.0212667

-1.24536 0.0213858
-1.24524 0.0213623

-1.24475 0.0212667
-1.24445 0.0212075

-1.24445 0.0212075
-1.24414 0.0211485

-1.24414 0.0211486
-1.24384 0.0210899

-1.24353 0.0210312
-1.24367 0.0210571

-1.24384 0.0210899
-1.24366 0.0210571

-1.24353 0.0210312
-1.24323 0.0209728

-1.24323 0.0209728
-1.24292 0.0209147

-1.242 0.0207418
-1.24206 0.020752

-1.242 0.0207418
-1.2417 0.0206844

-1.24292 0.0209146
-1.24261 0.0208568

-1.24261 0.0208568
-1.24231 0.0207992

-1.24231 0.0207992
-1.24206 0.020752

-1.2417 0.0206844
-1.24139 0.0206273

-1.24139 0.0206273
-1.24109 0.0205705

-1.24109 0.0205705
-1.24078 0.0205139

-1.24078 0.020514
-1.24048 0.0204575

-1.24017 0.0204011
-1.24042 0.0204468

-1.24048 0.0204575
-1.24042 0.0204468

-1.24017 0.0204011
-1.23987 0.020345

-1.23987 0.020345
-1.23956 0.0202891

-1.23956 0.0202891
-1.23926 0.0202335

-1.23865 0.0201229
-1.23875 0.0201416

-1.23926 0.0202336
-1.23895 0.0201782

-1.23895 0.0201782
-1.23875 0.0201416

-1.23865 0.0201229
-1.23834 0.0200678

-1.23834 0.0200678
-1.23804 0.0200129

-1.23804 0.0200129
-1.23773 0.0199583

-1.23773 0.0199583
-1.23743 0.0199039

-1.23743 0.0199039
-1.23712 0.0198496

-1.23682 0.0197954
-1.23705 0.0198364

-1.23712 0.0198496
-1.23705 0.0198364

-1.23682 0.0197954
-1.23651 0.0197414

-1.23651 0.0197414
-1.23621 0.0196877

-1.23621 0.0196877
-1.2359 0.0196342

-1.2359 0.0196343
-1.2356 0.0195811

-1.2356 0.0195811
-1.23531 0.0195312

-1.3125 0.113457
-1.31247 0.113525

-1.31247 0.113525
-1.31233 0.113831

-1.31233 0.113831
-1.31219 0.11411

-1.31219 0.11411
-1.31218 0.114136

-1.31218 0.114136
-1.31204 0.114441

-1.31204 0.114441
-1.31189 0.114746

-1.31189 0.114746
-1.31189 0.114757

-1.31189 0.114757
-1.31175 0.115051

-1.31175 0.115051
-1.3116 0.115356

-1.3116 0.115356
-1.31158 0.115398

-1.31158 0.115397
-1.31146 0.115662

-1.31146 0.115662
-1.31131 0.115967

-1.31131 0.115967
-1.31128 0.116033

-1.31128 0.116032
-1.31116 0.116272

-1.31116 0.116272
-1.31102 0.116577

-1.31102 0.116577
-1.31097 0.116662

-1.31097 0.116662
-1.31087 0.116882

-1.31087 0.116882
-1.31072 0.117188

-1.31072 0.117188
-1.31067 0.117286

-1.31067 0.117286
-1.31057 0.117493

-1.31057 0.117493
-1.31042 0.117798

-1.31042 0.117798
-1.31036 0.117905

-1.31036 0.117905
-1.31027 0.118103

-1.31027 0.118103
-1.31011 0.118408

-1.31011 0.118408
-1.31006 0.11852

-1.31006 0.11852
-1.30996 0.118713

-1.30996 0.118713
-1.30981 0.119019

-1.30981 0.119019
-1.30975 0.119129

-1.30975 0.119129
-1.30966 0.119324

-1.30966 0.119324
-1.3095 0.119629

-1.3095 0.119629
-1.30945 0.119734

-1.30945 0.119734
-1.30935 0.119934

-1.30935 0.119934
-1.30919 0.120239

-1.30919 0.120239
-1.30914 0.120335

-1.30914 0.120335
-1.30904 0.120544

-1.30904 0.120544
-1.30888 0.12085

-1.30888 0.12085
-1.30884 0.120931

-1.30884 0.120931
-1.30872 0.121155

-1.30872 0.121155
-1.30857 0.12146

-1.30857 0.12146
-1.30853 0.121524

-1.30853 0.121524
-1.30841 0.121765

-1.30841 0.121765
-1.30825 0.12207

-1.30825 0.12207
-1.30823 0.122112

-1.30823 0.122112
-1.30809 0.122375

-1.30809 0.122375
-1.30793 0.122681

-1.30793 0.122681
-1.30792 0.122697

-1.30792 0.122696
-1.30777 0.122986

-1.30777 0.122986
-1.30762 0.123277

-1.30762 0.123277
-1.30761 0.123291

-1.30761 0.123291
-1.30745 0.123596

-1.30745 0.123596
-1.30731 0.123854

-1.30731 0.123854
-1.30729 0.123901

-1.30729 0.123901
-1.30712 0.124207

-1.30712 0.124207
-1.30701 0.124428

-1.30701 0.124428
-1.30696 0.124512

-1.30696 0.124512
-1.3068 0.124817

-1.3068 0.124817
-1.3067 0.124998

-1.3067 0.124998
-1.30663 0.125122

-1.30663 0.125122
-1.30647 0.125427

-1.30647 0.125427
-1.3064 0.125565

-1.3064 0.125565
-1.30631 0.125732

-1.30631 0.125732
-1.30614 0.126038

-1.30614 0.126038
-1.30609 0.126128

-1.30609 0.126128
-1.30597 0.126343

-1.30597 0.126343
-1.30581 0.126648

-1.30581 0.126648
-1.30579 0.126689

-1.30579 0.126689
-1.30564 0.126953

-1.30564 0.126953
-1.30548 0.127246

-1.30548 0.127246
-1.30547 0.127258

-1.30547 0.127258
-1.30531 0.127563

-1.30531 0.127563
-1.30518 0.1278

-1.30518 0.1278
-1.30514 0.127869

-1.30514 0.127869
-1.30497 0.128174

-1.30497 0.128174
-1.30487 0.128352

-1.30487 0.128352
-1.3048 0.128479

-1.3048 0.128479
-1.30463 0.128784

-1.30463 0.128784
-1.30457 0.128901

-1.30457 0.128901
-1.30446 0.129089

-1.30446 0.129089
-1.30429 0.129395

-1.30429 0.129395
-1.30426 0.129447

-1.30426 0.129447
-1.30412 0.1297

-1.30412 0.1297
-1.30396 0.12999

-1.30396 0.12999
-1.30395 0.130005

-1.30395 0.130005
-1.30377 0.13031

-1.30377 0.13031
-1.30365 0.13053

-1.30365 0.13053
-1.3036 0.130615

-1.3036 0.130615
-1.30343 0.13092

-1.30343 0.13092
-1.30334 0.131069

-1.30334 0.131068
-1.30326 0.131226

-1.30326 0.131226
-1.30308 0.131531

-1.30308 0.131531
-1.30304 0.131604

-1.30304 0.131604
-1.30291 0.131836

-1.30291 0.131836
-1.30273 0.132137

-1.30273 0.132137
-1.30273 0.132141

-1.30273 0.132141
-1.30256 0.132446

-1.30256 0.132446
-1.30243 0.132668

-1.30243 0.132668
-1.30238 0.132751

-1.30238 0.132751
-1.30221 0.133057

-1.30221 0.133057
-1.30212 0.133197

-1.30212 0.133197
-1.30203 0.133362

-1.30203 0.133362
-1.30185 0.133667

-1.30185 0.133667
-1.30182 0.133723

-1.30182 0.133723
-1.30167 0.133972

-1.30167 0.133972
-1.30151 0.134247

-1.30151 0.134247
-1.3015 0.134277

-1.3015 0.134277
-1.30132 0.134583

-1.30132 0.134583
-1.30121 0.134769

-1.30121 0.134768
-1.30114 0.134888

-1.30114 0.134888
-1.30096 0.135193

-1.30096 0.135193
-1.3009 0.135288

-1.3009 0.135288
-1.30078 0.135498

-1.30078 0.135498
-1.3006 0.135803

-1.3006 0.135803
-1.3006 0.135806

-1.3006 0.135806
-1.30042 0.136108

-1.30042 0.136108
-1.30029 0.136321

-1.30029 0.136321
-1.30024 0.136414

-1.30024 0.136414
-1.30006 0.136719

-1.30006 0.136719
-1.29999 0.136835

-1.29999 0.136835
-1.29988 0.137024

-1.29988 0.137024
-1.29969 0.137329

-1.29969 0.137329
-1.29968 0.137347

-1.29968 0.137346
-1.29951 0.137634

-1.29951 0.137634
-1.29938 0.137856

-1.29938 0.137856
-1.29933 0.137939

-1.29933 0.137939
-1.29914 0.138245

-1.29914 0.138245
-1.29907 0.138364

-1.29907 0.138364
-1.29896 0.13855

-1.29896 0.13855
-1.29878 0.138855

-1.29878 0.138855
-1.29877 0.13887

-1.29877 0.13887
-1.29859 0.13916

-1.29859 0.13916
-1.29846 0.139374

-1.29846 0.139374
-1.29841 0.139465

-1.29841 0.139465
-1.29822 0.139771

-1.29822 0.139771
-1.29816 0.139877

-1.29816 0.139876
-1.29804 0.140076

-1.29804 0.140076
-1.29785 0.140377

-1.29785 0.140377
-1.29785 0.140381

-1.29785 0.140381
-1.29766 0.140686

-1.29766 0.140686
-1.29755 0.140876

-1.29755 0.140876
-1.29748 0.140991

-1.29748 0.140991
-1.29729 0.141296

-1.29729 0.141296
-1.29724 0.141374

-1.29724 0.141373
-1.2971 0.141602

-1.2971 0.141602
-1.29694 0.141869

-1.29694 0.141869
-1.29691 0.141907

-1.29691 0.141907
-1.29672 0.142212

-1.29672 0.142212
-1.29663 0.142363

-1.29663 0.142363
-1.29654 0.142517

-1.29654 0.142517
-1.29635 0.142822

-1.29635 0.142822
-1.29633 0.142856

-1.29633 0.142856
-1.29616 0.143127

-1.29616 0.143127
-1.29602 0.143346

-1.29602 0.143346
-1.29597 0.143433

-1.29597 0.143433
-1.29578 0.143738

-1.29578 0.143738
-1.29572 0.143836

-1.29572 0.143836
-1.29559 0.144043

-1.29559 0.144043
-1.29541 0.144324

-1.29541 0.144323
-1.2954 0.144348

-1.29539 0.144348
-1.2952 0.144653

-1.2952 0.144653
-1.2951 0.14481

-1.2951 0.14481
-1.29501 0.144958

-1.29501 0.144958
-1.29482 0.145264

-1.29482 0.145264
-1.2948 0.145296

-1.2948 0.145295
-1.29463 0.145569

-1.29463 0.145569
-1.29449 0.145779

-1.29449 0.145778
-1.29443 0.145874

-1.29443 0.145874
-1.29424 0.146179

-1.29424 0.146179
-1.29419 0.146261

-1.29419 0.146261
-1.29405 0.146484

-1.29405 0.146484
-1.29388 0.146741

-1.29388 0.146741
-1.29385 0.14679

-1.29385 0.14679
-1.29366 0.147095

-1.29366 0.147095
-1.29358 0.147221

-1.29358 0.147221
-1.29346 0.1474

-1.29346 0.1474
-1.29327 0.147699

-1.29327 0.147699
-1.29327 0.147705

-1.29327 0.147705
-1.29307 0.14801

-1.29307 0.14801
-1.29297 0.148176

-1.29297 0.148176
-1.29288 0.148315

-1.29288 0.148315
-1.29268 0.148621

-1.29268 0.148621
-1.29266 0.148652

-1.29266 0.148651
-1.29249 0.148926

-1.29249 0.148926
-1.29236 0.149125

-1.29236 0.149125
-1.29229 0.149231

-1.29229 0.149231
-1.29209 0.149536

-1.29209 0.149536
-1.29205 0.149599

-1.29205 0.149598
-1.2919 0.149841

-1.2919 0.149841
-1.29175 0.15007

-1.29175 0.15007
-1.2917 0.150146

-1.2917 0.150146
-1.2915 0.150452

-1.2915 0.150452
-1.29144 0.150541

-1.29144 0.150541
-1.2913 0.150757

-1.2913 0.150757
-1.29114 0.15101

-1.29114 0.151009
-1.2911 0.151062

-1.2911 0.151062
-1.2909 0.151367

-1.2909 0.151367
-1.29083 0.151478

-1.29083 0.151478
-1.29071 0.151672

-1.29071 0.151672
-1.29053 0.151945

-1.29053 0.151945
-1.29051 0.151978

-1.29051 0.151978
-1.29031 0.152283

-1.29031 0.152283
-1.29022 0.152411

-1.29022 0.152411
-1.29011 0.152588

-1.29011 0.152588
-1.28992 0.152876

-1.28992 0.152875
-1.28991 0.152893

-1.28991 0.152893
-1.2897 0.153198

-1.2897 0.153198
-1.28961 0.153339

-1.28961 0.153339
-1.2895 0.153503

-1.2895 0.153503
-1.28931 0.153802

-1.28931 0.153802
-1.2893 0.153809

-1.2893 0.153809
-1.2891 0.154114

-1.2891 0.154114
-1.289 0.154263

-1.289 0.154263
-1.2889 0.154419

-1.2889 0.154419
-1.2887 0.154723

-1.2887 0.154723
-1.2887 0.154724

-1.2887 0.154724
-1.28849 0.155029

-1.28849 0.155029
-1.28839 0.155183

-1.28839 0.155183
-1.28829 0.155334

-1.28829 0.155334
-1.28809 0.15564

-1.28809 0.15564
-1.28809 0.155641

-1.28809 0.155641
-1.28788 0.155945

-1.28788 0.155945
-1.28778 0.156098

-1.28778 0.156098
-1.28768 0.15625

-1.23438 0.0193696
-1.23407 0.0193172

-1.23407 0.0193173
-1.23376 0.0192651

-1.23346 0.019213
-1.23354 0.0192261

-1.23376 0.0192651
-1.23354 0.0192261

-1.23346 0.019213
-1.23315 0.019161

-1.23315 0.019161
-1.23285 0.0191093

-1.23285 0.0191092
-1.23254 0.0190577

-1.23254 0.0190578
-1.23224 0.0190065

-1.23224 0.0190066
-1.23193 0.0189555

-1.23163 0.0189045
-1.23173 0.0189209

-1.23163 0.0189045
-1.23132 0.0188537

-1.23193 0.0189555
-1.23173 0.0189209

-1.23132 0.0188537
-1.23102 0.018803

-1.23102 0.018803
-1.23071 0.0187526

-1.23071 0.0187526
-1.23041 0.0187024

-1.23041 0.0187025
-1.2301 0.0186524

-1.2298 0.0186024
-1.22988 0.0186157

-1.2301 0.0186524
-1.22988 0.0186157

-1.2298 0.0186024
-1.22949 0.0185525

-1.22949 0.0185525
-1.22919 0.0185029

-1.22919 0.0185029
-1.22888 0.0184535

-1.22888 0.0184535
-1.22858 0.0184043

-1.22858 0.0184044
-1.22827 0.0183554

-1.22797 0.0183065
-1.22799 0.0183105

-1.22797 0.0183065
-1.22766 0.0182577

-1.22766 0.0182578
-1.22736 0.0182092

-1.22736 0.0182092
-1.22705 0.0181608

-1.22827 0.0183554
-1.22799 0.0183105

-1.22705 0.0181608
-1.22675 0.0181126

-1.22675 0.0181127
-1.22644 0.0180647

-1.22644 0.0180647
-1.22614 0.0180168

-1.22583 0.0179689
-1.22606 0.0180054

-1.22614 0.0180168
-1.22606 0.0180054

-1.22583 0.0179688
-1.22552 0.0179211

-1.22552 0.0179211
-1.22522 0.0178737

-1.22522 0.0178736
-1.22491 0.0178264

-1.22491 0.0178264
-1.22461 0.0177795

-1.224 0.0176858
-1.22409 0.0177002

-1.22461 0.0177795
-1.2243 0.0177326

-1.2243 0.0177326
-1.22409 0.0177002

-1.224 0.0176858
-1.22369 0.0176391

-1.22369 0.0176391
-1.22339 0.0175926

-1.22339 0.0175926
-1.22308 0.0175463

-1.22308 0.0175463
-1.22278 0.0175002

-1.22278 0.0175002
-1.22247 0.0174543

-1.22247 0.0174544
-1.22217 0.0174085

-1.21973 0.0170471
-1.22002 0.0170898

-1.22186 0.0173626
-1.22208 0.017395

-1.22217 0.0174085
-1.22208 0.017395

-1.22186 0.0173626
-1.22156 0.0173169

-1.22156 0.0173169
-1.22125 0.0172715

-1.22125 0.0172715
-1.22095 0.0172263

-1.22095 0.0172263
-1.22064 0.0171813

-1.22064 0.0171813
-1.22034 0.0171365

-1.22034 0.0171366
-1.22003 0.0170918

-1.22003 0.0170918
-1.22002 0.0170898

-1.21973 0.0170471
-1.21942 0.0170026

-1.21942 0.0170026
-1.21912 0.0169583

-1.21912 0.0169583
-1.21881 0.0169141

-1.21881 0.0169142
-1.21851 0.0168702

-1.21851 0.0168703
-1.2182 0.0168264

-1.2179 0.0167826
-1.21791 0.0167847

-1.2182 0.0168265
-1.21791 0.0167847

-1.2179 0.0167826
-1.21759 0.0167388

-1.21759 0.0167388
-1.21729 0.0166953

-1.21729 0.0166953
-1.21698 0.0166519

-1.21698 0.0166518
-1.21667 0.0166087

-1.21667 0.0166087
-1.21637 0.0165658

-1.21637 0.0165659
-1.21606 0.0165231

-1.21545 0.0164377
-1.21575 0.0164795

-1.21606 0.0165231
-1.21576 0.0164804

-1.21576 0.0164804
-1.21575 0.0164795

-1.21545 0.0164377
-1.21515 0.0163952

-1.21515 0.0163952
-1.21484 0.0163528

-1.21484 0.0163528
-1.21454 0.0163107

-1.21454 0.0163107
-1.21423 0.0162687

-1.21423 0.0162688
-1.21393 0.0162269

-1.21393 0.016227
-1.21362 0.0161851

-1.21332 0.0161433
-1.21354 0.0161743

-1.21362 0.0161851
-1.21354 0.0161743

-1.21332 0.0161433
-1.21301 0.0161017

-1.21301 0.0161017
-1.21271 0.0160602

-1.21271 0.0160602
-1.2124 0.016019

-1.21118 0.0158558
-1.21128 0.0158691

-1.2124 0.016019
-1.2121 0.015978

-1.2121 0.015978
-1.21179 0.0159372

-1.21179 0.0159372
-1.21149 0.0158965

-1.21149 0.0158965
-1.21128 0.0158691

-1.21118 0.0158558
-1.21088 0.0158152

-1.21088 0.0158152
-1.21057 0.0157748

-1.21057 0.0157748
-1.21027 0.0157345

-1.21027 0.0157345
-1.20996 0.0156944

-1.20996 0.0156945
-1.20966 0.0156546

-1.20966 0.0156546
-1.20935 0.0156148

-1.20935 0.0156148
-1.20905 0.015575

-1.20874 0.0155351
-1.20896 0.015564

-1.20905 0.015575
-1.20896 0.015564

-1.20874 0.0155351
-1.20844 0.0154955

-1.20844 0.0154955
-1.20813 0.015456

-1.20813 0.015456
-1.20782 0.0154167

-1.20782 0.0154167
-1.20752 0.0153776

-1.20752 0.0153777
-1.20721 0.0153388

-1.20721 0.0153388
-1.20691 0.0153

-1.2063 0.0152226
-1.20658 0.0152588

-1.20691 0.0153001
-1.2066 0.0152613

-1.2066 0.0152613
-1.20658 0.0152588

-1.2063 0.0152226
-1.20599 0.0151841

-1.20599 0.0151841
-1.20569 0.0151457

-1.20569 0.0151457
-1.20538 0.0151075

-1.20538 0.0151074
-1.20508 0.0150694

-1.20142 0.0146214
-1.20164 0.0146484

-1.20142 0.0146214
-1.20111 0.0145849

-1.20111 0.0145849
-1.20081 0.0145485

-1.20081 0.0145485
-1.2005 0.0145122

-1.2005 0.0145121
-1.2002 0.014476

-1.20508 0.0150694
-1.20477 0.0150315

-1.20477 0.0150316
-1.20447 0.0149937

-1.20447 0.0149938
-1.20416 0.0149559

-1.20386 0.014918
-1.20414 0.0149536

-1.20416 0.0149559
-1.20414 0.0149536

-1.20386 0.014918
-1.20355 0.0148804

-1.20355 0.0148804
-1.20325 0.0148429

-1.20325 0.0148429
-1.20294 0.0148056

-1.20294 0.0148056
-1.20264 0.0147685

-1.20264 0.0147685
-1.20233 0.0147317

-1.20233 0.0147317
-1.20203 0.0146949

-1.20203 0.0146949
-1.20172 0.0146582

-1.20172 0.0146582
-1.20164 0.0146484

-1.2002 0.014476
-1.19989 0.0144401

-1.19989 0.0144401
-1.19958 0.0144042

-1.19958 0.0144042
-1.19928 0.0143684

-1.19897 0.0143324
-1.19907 0.0143433

-1.19928 0.0143684
-1.19907 0.0143433

-1.19897 0.0143324
-1.19867 0.0142966

-1.19867 0.0142966
-1.19836 0.014261

-1.19836 0.014261
-1.19806 0.0142255

-1.19806 0.0142255
-1.19775 0.0141901

-1.19775 0.0141901
-1.19745 0.014155

-1.19745 0.014155
-1.19714 0.0141201

-1.19714 0.0141201
-1.19684 0.0140853

-1.19684 0.0140853
-1.19653 0.0140505

-1.19623 0.0140156
-1.19642 0.0140381

-1.19623 0.0140156
-1.19592 0.0139809

-1.19653 0.0140505
-1.19642 0.0140381

-1.19592 0.013981
-1.19562 0.0139464

-1.19562 0.0139464
-1.19531 0.013912

-1.19531 0.013912
-1.19501 0.0138777

-1.19501 0.0138777
-1.1947 0.0138436

-1.1947 0.0138436
-1.1944 0.0138097

-1.1944 0.0138097
-1.19409 0.0137757

-1.19409 0.0137758
-1.19379 0.0137418

-1.19348 0.0137078
-1.19371 0.0137329

-1.19379 0.0137418
-1.19371 0.0137329

-1.19348 0.0137078
-1.19318 0.013674

-1.19318 0.013674
-1.19287 0.0136403

-1.19287 0.0136403
-1.19257 0.0136068

-1.19257 0.0136068
-1.19226 0.0135734

-1.19226 0.0135734
-1.19196 0.0135403

-1.19196 0.0135403
-1.19165 0.0135073

-1.19073 0.0134088
-1.19091 0.0134277

-1.19073 0.0134088
-1.19043 0.013376

-1.19165 0.0135073
-1.19135 0.0134745

-1.19135 0.0134745
-1.19104 0.0134417

-1.19104 0.0134417
-1.19091 0.0134277

-1.19043 0.0133761
-1.19012 0.0133435

-1.19012 0.0133435
-1.18982 0.013311

-1.18982 0.013311
-1.18951 0.0132787

-1.18951 0.0132787
-1.18921 0.0132465

-1.18921 0.0132465
-1.1889 0.0132144

-1.1889 0.0132144
-1.1886 0.0131824

-1.1886 0.0131825
-1.18829 0.0131505

-1.18799 0.0131184
-1.18803 0.0131226

-1.18829 0.0131505
-1.18803 0.0131226

-1.18799 0.0131184
-1.18768 0.0130864

-1.18768 0.0130864
-1.18738 0.0130545

-1.18738 0.0130545
-1.18707 0.0130228

-1.18707 0.0130228
-1.18677 0.0129912

-1.18677 0.0129912
-1.18646 0.0129598

-1.18646 0.0129598
-1.18616 0.0129286

-1.18616 0.0129286
-1.18585 0.0128975

-1.18585 0.0128975
-1.18555 0.0128665

-1.18494 0.0128046
-1.18506 0.0128174

-1.18555 0.0128666
-1.18524 0.0128356

-1.18524 0.0128357
-1.18506 0.0128174

-1.18494 0.0128046
-1.18463 0.0127737

-1.18463 0.0127737
-1.18433 0.012743

-1.18433 0.012743
-1.18402 0.0127124

-1.18402 0.0127124
-1.18372 0.0126819

-1.18372 0.0126819
-1.18341 0.0126515

-1.18341 0.0126515
-1.18311 0.0126213

-1.18311 0.0126213
-1.1828 0.0125911

-1.1828 0.0125911
-1.1825 0.012561

-1.1825 0.0125611
-1.18219 0.012531

-1.18188 0.0125007
-1.182 0.0125122

-1.18219 0.012531
-1.182 0.0125122

-1.18188 0.0125007
-1.18158 0.0124706

-1.18158 0.0124706
-1.18127 0.0124407

-1.18127 0.0124407
-1.18097 0.0124109

-1.18097 0.0124109
-1.18066 0.0123812

-1.17883 0.0122062
-1.17884 0.012207

-1.17883 0.0122062
-1.17853 0.0121772

-1.17853 0.0121772
-1.17822 0.0121483

-1.18066 0.0123812
-1.18036 0.0123517

-1.18036 0.0123518
-1.18005 0.0123224

-1.18005 0.0123224
-1.17975 0.0122933

-1.17975 0.0122933
-1.17944 0.0122642

-1.17944 0.0122642
-1.17914 0.0122353

-1.17914 0.0122353
-1.17884 0.012207

-1.17822 0.0121483
-1.17792 0.0121196

-1.17792 0.0121196
-1.17761 0.012091

-1.17761 0.012091
-1.17731 0.0120625

-1.17731 0.0120624
-1.177 0.012034

-1.177 0.0120341
-1.1767 0.0120058

-1.1767 0.0120058
-1.17639 0.0119775

-1.17639 0.0119776
-1.17609 0.0119494

-1.17609 0.0119494
-1.17578 0.0119212

-1.17548 0.0118929
-1.17557 0.0119019

-1.17578 0.0119212
-1.17557 0.0119019

-1.17548 0.0118929
-1.17517 0.0118646

-1.17517 0.0118646
-1.17487 0.0118365

-1.17487 0.0118365
-1.17456 0.0118086

-1.17456 0.0118086
-1.17426 0.0117807

-1.17426 0.0117807
-1.17395 0.011753

-1.17395 0.011753
-1.17365 0.0117254

-1.17365 0.0117255
-1.17334 0.0116981

-1.17334 0.011698
-1.17303 0.0116708

-1.17303 0.0116708
-1.17273 0.0116436

-1.17212 0.0115892
-1.1722 0.0115967

-1.17273 0.0116436
-1.17242 0.0116164

-1.17242 0.0116165
-1.1722 0.0115967

-1.17212 0.0115892
-1.17181 0.011562

-1.17181 0.011562
-1.17151 0.011535

-1.17151 0.011535
-1.1712 0.0115081

-1.1712 0.0115081
-1.1709 0.0114813

-1.1709 0.0114813
-1.17059 0.0114545

-1.17059 0.0114545
-1.17029 0.0114279

-1.17029 0.0114279
-1.16998 0.0114014

-1.16998 0.0114014
-1.16968 0.011375

-1.16968 0.011375
-1.16937 0.0113486

-1.16937 0.0113486
-1.16907 0.0113223

-1.16907 0.0113223
-1.16876 0.0112959

-1.16846 0.0112693
-1.16871 0.0112915

-1.16876 0.0112959
-1.16871 0.0112915

-1.16846 0.0112693
-1.16815 0.011243

-1.16815 0.011243
-1.16785 0.0112168

-1.16785 0.0112168
-1.16754 0.0111907

-1.16754 0.0111907
-1.16724 0.0111647

-1.16724 0.0111647
-1.16693 0.0111389

-1.16693 0.0111389
-1.16663 0.0111132

-1.16663 0.0111132
-1.16632 0.0110877

-1.16632 0.0110877
-1.16602 0.0110623

-1.16479 0.0109611
-1.1651 0.0109863

-1.16602 0.0110623
-1.16571 0.011037

-1.16571 0.011037
-1.16541 0.0110117

-1.16541 0.0110118
-1.1651 0.0109864

-1.16479 0.0109611
-1.16449 0.0109359

-1.16449 0.0109359
-1.16418 0.0109108

-1.16418 0.0109108
-1.16388 0.0108859

-1.16388 0.0108859
-1.16357 0.010861

-1.16357 0.010861
-1.16327 0.0108362

-1.16327 0.0108362
-1.16296 0.0108115

-1.16296 0.0108115
-1.16266 0.0107869

-1.16266 0.0107869
-1.16235 0.0107624

-1.16235 0.0107624
-1.16205 0.0107379

-1.16205 0.0107379
-1.16174 0.0107134

-1.16174 0.0107135
-1.16144 0.0106889

-1.16113 0.0106642
-1.16134 0.0106812

-1.16144 0.0106889
-1.16134 0.0106812

-1.16113 0.0106642
-1.16083 0.0106396

-1.16083 0.0106396
-1.16052 0.0106152

-1.16052 0.0106152
-1.16022 0.0105909

-1.16022 0.0105909
-1.15991 0.0105667

-1.15991 0.0105667
-1.15961 0.0105426

-1.15961 0.0105426
-1.1593 0.0105186

-1.1593 0.0105187
-1.159 0.0104948

-1.159 0.0104948
-1.15869 0.0104711

-1.15869 0.0104711
-1.15839 0.0104475

-1.15839 0.0104475
-1.15808 0.010424

-1.15808 0.010424
-1.15778 0.0104006

-1.15778 0.0104006
-1.15747 0.0103771

-1.15717 0.0103535
-1.15746 0.010376

-1.15717 0.0103535
-1.15686 0.0103301

-1.15747 0.0103771
-1.15746 0.010376

-1.15686 0.0103301
-1.15656 0.0103068

-1.15656 0.0103068
-1.15625 0.0102836

-1.28768 0.15625
-1.28748 0.156554

-1.28748 0.156554
-1.28748 0.156555

-1.28748 0.156555
-1.28727 0.15686

-1.28727 0.15686
-1.28717 0.15701

-1.28717 0.15701
-1.28707 0.157166

-1.28707 0.157166
-1.28687 0.157464

-1.28687 0.157464
-1.28686 0.157471

-1.28686 0.157471
-1.28666 0.157776

-1.28666 0.157776
-1.28656 0.157917

-1.28656 0.157917
-1.28645 0.158081

-1.28645 0.158081
-1.28625 0.15837

-1.28625 0.158369
-1.28624 0.158386

-1.28624 0.158386
-1.28604 0.158691

-1.28604 0.158691
-1.28595 0.158821

-1.28595 0.158821
-1.28583 0.158997

-1.28583 0.158997
-1.28564 0.159272

-1.28564 0.159271
-1.28562 0.159302

-1.28562 0.159302
-1.28542 0.159607

-1.28542 0.159607
-1.28534 0.159721

-1.28534 0.159721
-1.28521 0.159912

-1.28521 0.159912
-1.28503 0.16017

-1.28503 0.160169
-1.285 0.160217

-1.285 0.160217
-1.28479 0.160522

-1.28479 0.160522
-1.28473 0.160618

-1.28473 0.160617
-1.28459 0.160828

-1.28459 0.160828
-1.28442 0.161064

-1.28442 0.161063
-1.28438 0.161133

-1.28438 0.161133
-1.28417 0.161438

-1.28417 0.161438
-1.28412 0.161511

-1.28412 0.16151
-1.28396 0.161743

-1.28396 0.161743
-1.28381 0.161955

-1.28381 0.161955
-1.28375 0.162048

-1.28375 0.162048
-1.28354 0.162354

-1.28354 0.162354
-1.28351 0.1624

-1.28351 0.1624
-1.28333 0.162659

-1.28333 0.162659
-1.2832 0.162843

-1.2832 0.162843
-1.28312 0.162964

-1.28312 0.162964
-1.28291 0.163269

-1.28291 0.163269
-1.2829 0.163286

-1.2829 0.163286
-1.2827 0.163574

-1.2827 0.163574
-1.28259 0.163727

-1.28259 0.163727
-1.28249 0.163879

-1.28249 0.163879
-1.28229 0.164168

-1.28229 0.164168
-1.28228 0.164185

-1.28228 0.164185
-1.28206 0.16449

-1.28206 0.16449
-1.28198 0.164609

-1.28198 0.164608
-1.28185 0.164795

-1.28185 0.164795
-1.28168 0.165048

-1.28168 0.165047
-1.28164 0.1651

-1.28164 0.1651
-1.28143 0.165405

-1.28143 0.165405
-1.28137 0.165487

-1.28137 0.165486
-1.28122 0.16571

-1.28122 0.16571
-1.28107 0.165924

-1.28107 0.165923
-1.281 0.166016

-1.281 0.166016
-1.28079 0.166321

-1.28079 0.166321
-1.28076 0.166361

-1.28076 0.166361
-1.28058 0.166626

-1.28058 0.166626
-1.28046 0.166797

-1.28046 0.166797
-1.28036 0.166931

-1.28036 0.166931
-1.28015 0.167232

-1.28015 0.167232
-1.28015 0.167236

-1.28015 0.167236
-1.27993 0.167542

-1.27993 0.167542
-1.27985 0.167668

-1.27985 0.167667
-1.27972 0.167847

-1.27972 0.167847
-1.27954 0.168101

-1.27954 0.168101
-1.27951 0.168152

-1.27951 0.168152
-1.27929 0.168457

-1.27929 0.168457
-1.27924 0.168535

-1.27924 0.168534
-1.27908 0.168762

-1.27908 0.168762
-1.27893 0.168967

-1.27893 0.168966
-1.27886 0.169067

-1.27886 0.169067
-1.27864 0.169373

-1.27864 0.169373
-1.27863 0.169399

-1.27863 0.169399
-1.27843 0.169678

-1.27843 0.169678
-1.27832 0.16983

-1.27832 0.169829
-1.27821 0.169983

-1.27821 0.169983
-1.27802 0.17026

-1.27802 0.17026
-1.278 0.170288

-1.278 0.170288
-1.27778 0.170593

-1.27778 0.170593
-1.27771 0.170691

-1.27771 0.17069
-1.27756 0.170898

-1.27756 0.170898
-1.2774 0.171118

-1.2774 0.171117
-1.27734 0.171204

-1.27734 0.171204
-1.27713 0.171509

-1.27713 0.171509
-1.2771 0.171547

-1.2771 0.171547
-1.27691 0.171814

-1.27691 0.171814
-1.27679 0.171974

-1.27679 0.171974
-1.27669 0.172119

-1.27669 0.172119
-1.27649 0.172401

-1.27649 0.172401
-1.27647 0.172424

-1.27647 0.172424
-1.27625 0.172729

-1.27625 0.172729
-1.27618 0.172829

-1.27618 0.172827
-1.27604 0.173035

-1.27604 0.173035
-1.27588 0.173253

-1.27588 0.173252
-1.27582 0.17334

-1.27582 0.17334
-1.2756 0.173645

-1.2756 0.173645
-1.27557 0.173678

-1.27557 0.173678
-1.27538 0.17395

-1.27538 0.17395
-1.27527 0.174102

-1.27527 0.174102
-1.27516 0.174255

-1.27516 0.174255
-1.27496 0.174526

-1.27496 0.174526
-1.27494 0.174561

-1.27494 0.174561
-1.27472 0.174866

-1.27472 0.174866
-1.27466 0.17495

-1.27466 0.174949
-1.2745 0.175171

-1.2745 0.175171
-1.27435 0.175371

-1.27435 0.17537
-1.27428 0.175476

-1.27428 0.175476
-1.27406 0.175781

-1.27406 0.175781
-1.27405 0.175793

-1.27405 0.175793
-1.27384 0.176086

-1.27383 0.176086
-1.27374 0.176215

-1.27374 0.176214
-1.27361 0.176392

-1.27361 0.176392
-1.27344 0.176635

-1.27344 0.176634
-1.27339 0.176697

-1.27339 0.176697
-1.27317 0.177002

-1.27317 0.177002
-1.27313 0.177055

-1.27313 0.177055
-1.27295 0.177307

-1.27295 0.177307
-1.27283 0.177474

-1.27283 0.177473
-1.27273 0.177612

-1.27273 0.177612
-1.27252 0.177892

-1.27252 0.177892
-1.2725 0.177917

-1.2725 0.177917
-1.27228 0.178223

-1.27228 0.178223
-1.27222 0.178312

-1.27222 0.178311
-1.27206 0.178528

-1.27206 0.178528
-1.27191 0.178728

-1.27191 0.178727
-1.27184 0.178833

-1.27183 0.178833
-1.27161 0.179138

-1.27161 0.179138
-1.27161 0.179145

-1.27161 0.179145
-1.27139 0.179443

-1.27139 0.179443
-1.2713 0.179562

-1.2713 0.179561
-1.27116 0.179749

-1.27116 0.179749
-1.271 0.179977

-1.271 0.179976
-1.27094 0.180054

-1.27094 0.180054
-1.27072 0.180359

-1.27072 0.180359
-1.27069 0.180393

-1.27069 0.180392
-1.27049 0.180664

-1.27049 0.180664
-1.27039 0.180807

-1.27039 0.180807
-1.27027 0.180969

-1.27027 0.180969
-1.27008 0.181221

-1.27008 0.18122
-1.27004 0.181274

-1.27004 0.181274
-1.26982 0.18158

-1.26982 0.18158
-1.26978 0.181635

-1.26978 0.181634
-1.26959 0.181885

-1.26959 0.181885
-1.26947 0.182048

-1.26947 0.182047
-1.26937 0.18219

-1.26936 0.18219
-1.26917 0.18246

-1.26917 0.18246
-1.26914 0.182495

-1.26914 0.182495
-1.26891 0.1828

-1.26891 0.1828
-1.26886 0.182872

-1.26886 0.182872
-1.26869 0.183105

-1.26869 0.183105
-1.26855 0.183283

-1.26855 0.183282
-1.26846 0.183411

-1.26846 0.183411
-1.26825 0.183694

-1.26825 0.183694
-1.26823 0.183716

-1.26823 0.183716
-1.26801 0.184021

-1.26801 0.184021
-1.26794 0.184105

-1.26794 0.184104
-1.26778 0.184326

-1.26778 0.184326
-1.26764 0.184514

-1.26764 0.184512
-1.26755 0.184631

-1.26755 0.184631
-1.26733 0.184923

-1.26733 0.184923
-1.26732 0.184937

-1.26732 0.184937
-1.2671 0.185242

-1.2671 0.185242
-1.26703 0.185332

-1.26703 0.185332
-1.26687 0.185547

-1.26687 0.185547
-1.26672 0.18574

-1.26672 0.185738
-1.26664 0.185852

-1.26664 0.185852
-1.26642 0.186147

-1.26642 0.186147
-1.26641 0.186157

-1.26641 0.186157
-1.26618 0.186462

-1.26618 0.186462
-1.26611 0.186555

-1.26611 0.186554
-1.26595 0.186768

-1.26595 0.186768
-1.26581 0.186961

-1.26581 0.18696
-1.26572 0.187073

-1.26572 0.187073
-1.2655 0.187367

-1.2655 0.187367
-1.26549 0.187378

-1.26549 0.187378
-1.26527 0.187683

-1.26526 0.187683
-1.2652 0.187774

-1.2652 0.187773
-1.26504 0.187988

-1.26504 0.187988
-1.26489 0.188178

-1.26489 0.188177
-1.26481 0.188293

-1.26481 0.188293
-1.26459 0.188582

-1.26459 0.188582
-1.26458 0.188599

-1.26458 0.188599
-1.26434 0.188904

-1.26434 0.188904
-1.26428 0.188987

-1.26428 0.188987
-1.26411 0.189209

-1.26411 0.189209
-1.26398 0.18939

-1.26398 0.189389
-1.26388 0.189514

-1.26388 0.189514
-1.26367 0.189793

-1.26367 0.189793
-1.26365 0.189819

-1.26365 0.189819
-1.26342 0.190125

-1.26342 0.190125
-1.26337 0.190197

-1.26337 0.190196
-1.26319 0.19043

-1.26319 0.19043
-1.26306 0.190599

-1.26306 0.190597
-1.26296 0.190735

-1.26296 0.190735
-1.26276 0.191

-1.26276 0.191
-1.26273 0.19104

-1.26273 0.19104
-1.26249 0.191345

-1.26249 0.191345
-1.26245 0.191402

-1.26245 0.191401
-1.26226 0.19165

-1.26226 0.19165
-1.26215 0.191803

-1.26215 0.191801
-1.26203 0.191956

-1.26203 0.191956
-1.26184 0.192202

-1.26184 0.192202
-1.2618 0.192261

-1.2618 0.192261
-1.26156 0.192566

-1.26156 0.192566
-1.26154 0.192603

-1.26154 0.192602
-1.26133 0.192871

-1.26133 0.192871
-1.26123 0.193003

-1.26123 0.193001
-1.2611 0.193176

-1.2611 0.193176
-1.26093 0.193401

-1.26093 0.1934
-1.26086 0.193481

-1.26086 0.193481
-1.26063 0.193787

-1.26063 0.193787
-1.26062 0.1938

-1.26062 0.193799
-1.2604 0.194092

-1.2604 0.194092
-1.26031 0.194198

-1.26031 0.194197
-1.26016 0.194397

-1.26016 0.194397
-1.26001 0.194595

-1.26001 0.194594
-1.25993 0.194702

-1.25993 0.194702
-1.2597 0.194992

-1.2597 0.194992
-1.25969 0.195007

-1.25969 0.195007
-1.25946 0.195312

-1.25946 0.195312
-1.2594 0.195389

-1.2594 0.195389
-1.25922 0.195618

-1.25922 0.195618
-1.25909 0.195786

-1.25909 0.195784
-1.25899 0.195923

-1.25899 0.195923
-1.25879 0.196181

-1.25879 0.196181
-1.25875 0.196228

-1.25875 0.196228
-1.25852 0.196533

-1.25852 0.196533
-1.25848 0.196577

-1.25848 0.196576
-1.25828 0.196838

-1.25828 0.196838
-1.25818 0.196973

-1.25818 0.196971
-1.25805 0.197144

-1.25805 0.197144
-1.25787 0.197366

-1.25787 0.197365
-1.25781 0.197449

-1.25781 0.197449
-1.25757 0.197754

-1.25757 0.197754
-1.25757 0.19776

-1.25757 0.19776
-1.25734 0.198059

-1.25734 0.198059
-1.25726 0.198155

-1.25726 0.198154
-1.2571 0.198364

-1.2571 0.198364
-1.25696 0.198547

-1.25696 0.198546
-1.25686 0.198669

-1.25686 0.198669
-1.25665 0.19894

-1.25665 0.19894
-1.25663 0.198975

-1.25663 0.198975
-1.25639 0.19928

-1.25639 0.19928
-1.25635 0.199333

-1.25635 0.199333
-1.25615 0.199585

-1.25615 0.199585
-1.25604 0.199726

-1.25604 0.199724
-1.25591 0.19989

-1.25591 0.19989
-1.25574 0.200116

-1.25574 0.200116
-1.25568 0.200195

-1.25568 0.200195
-1.25544 0.2005

-1.25544 0.2005
-1.25543 0.200508

-1.25543 0.200507
-1.2552 0.200806

-1.2552 0.200806
-1.25513 0.200899

-1.25513 0.200898
-1.25496 0.201111

-1.25496 0.201111
-1.25482 0.201289

-1.25482 0.201288
-1.25472 0.201416

-1.25472 0.201416
-1.25452 0.201679

-1.25452 0.201679
-1.25448 0.201721

-1.25448 0.201721
-1.25424 0.202026

-1.25424 0.202026
-1.25421 0.202069

-1.25421 0.202068
-1.25401 0.202332

-1.254 0.202332
-1.25391 0.202459

-1.25391 0.202457
-1.25377 0.202637

-1.25377 0.202637
-1.2536 0.202847

-1.2536 0.202846
-1.25353 0.202942

-1.25353 0.202942
-1.2533 0.203235

-1.2533 0.203235
-1.25329 0.203247

-1.25329 0.203247
-1.25305 0.203552

-1.25305 0.203552
-1.25299 0.203624

-1.25299 0.203623
-1.25281 0.203857

-1.25281 0.203857
-1.25269 0.204012

-1.25269 0.20401
-1.25257 0.204163

-1.25257 0.204163
-1.25238 0.204398

-1.25238 0.204398
-1.25233 0.204468

-1.25233 0.204468
-1.25208 0.204773

-1.25208 0.204773
-1.25208 0.204785

-1.25208 0.204785
-1.25184 0.205078

-1.25184 0.205078
-1.25177 0.205172

-1.25177 0.205171
-1.2516 0.205383

-1.2516 0.205383
-1.25146 0.205558

-1.25146 0.205556
-1.25136 0.205688

-1.25136 0.205688
-1.25116 0.205943

-1.25116 0.205943
-1.25112 0.205994

-1.25112 0.205994
-1.25088 0.206299

-1.25088 0.206299
-1.25085 0.206329

-1.25085 0.206329
-1.25064 0.206604

-1.25064 0.206604
-1.25055 0.206715

-1.25055 0.206713
-1.25039 0.206909

-1.25039 0.206909
-1.25024 0.207099

-1.25024 0.207097
-1.25015 0.207214

-1.25015 0.207214
-1.24994 0.207482

-1.24994 0.207482
-1.24991 0.20752

-1.24991 0.20752
-1.24967 0.207825

-1.24967 0.207825
-1.24963 0.207867

-1.24963 0.207866
-1.24942 0.20813

-1.24942 0.20813
-1.24933 0.208251

-1.24933 0.20825
-1.24918 0.208435

-1.24918 0.208435
-1.24902 0.208633

-1.24902 0.208632
-1.24894 0.20874

-1.24894 0.20874
-1.24872 0.209016

-1.24872 0.209016
-1.24869 0.209045

-1.24869 0.209045
-1.24845 0.209351

-1.24845 0.209351
-1.24841 0.209399

-1.24841 0.209398
-1.24821 0.209656

-1.24821 0.209656
-1.24811 0.209781

-1.24811 0.20978
-1.24796 0.209961

-1.24796 0.209961
-1.2478 0.210162

-1.2478 0.210161
-1.24772 0.210266

-1.24772 0.210266
-1.2475 0.210543

-1.2475 0.210543
-1.24748 0.210571

-1.24748 0.210571
-1.24723 0.210876

-1.24723 0.210876
-1.24719 0.210925

-1.24719 0.210924
-1.24699 0.211182

-1.24699 0.211182
-1.24689 0.211306

-1.24689 0.211305
-1.24674 0.211487

-1.24674 0.211487
-1.24658 0.211686

-1.24658 0.211685
-1.2465 0.211792

-1.2465 0.211792
-1.24628 0.212065

-1.24628 0.212065
-1.24625 0.212097

-1.24625 0.212097
-1.24601 0.212402

-1.24601 0.212402
-1.24597 0.212445

-1.24597 0.212445
-1.24576 0.212708

-1.24576 0.212708
-1.24567 0.212825

-1.24567 0.212824
-1.24552 0.213013

-1.24551 0.213013
-1.24536 0.213203

-1.24536 0.213202
-1.24527 0.213318

-1.24527 0.213318
-1.24506 0.213582

-1.24506 0.213581
-1.24502 0.213623

-1.24502 0.213623
-1.24478 0.213928

-1.24478 0.213928
-1.24475 0.21396

-1.24475 0.21396
-1.24453 0.214233

-1.24453 0.214233
-1.24445 0.214338

-1.24445 0.214337
-1.24428 0.214539

-1.24428 0.214539
-1.24414 0.214716

-1.24414 0.214714
-1.24404 0.214844

-1.24404 0.214844
-1.24384 0.215092

-1.24384 0.215092
-1.24379 0.215149

-1.24379 0.215149
-1.24354 0.215454

-1.24354 0.215454
-1.24353 0.21547

-1.24353 0.215469
-1.2433 0.215759

-1.2433 0.215759
-1.24323 0.215846

-1.24323 0.215846
-1.24305 0.216064

-1.24305 0.216064
-1.24292 0.216223

-1.24292 0.216221
-1.2428 0.21637

-1.2428 0.21637
-1.24261 0.216598

-1.24261 0.216597
-1.24255 0.216675

-1.24255 0.216675
-1.24231 0.216973

-1.24231 0.216973
-1.2423 0.21698

-1.2423 0.21698
-1.24206 0.217285

-1.24206 0.217285
-1.242 0.217349

-1.242 0.217348
-1.24181 0.21759

-1.24181 0.21759
-1.2417 0.217725

-1.2417 0.217723
-1.24156 0.217896

-1.24156 0.217896
-1.24139 0.218098

-1.24139 0.218097
-1.24131 0.218201

-1.24131 0.218201
-1.24109 0.218472

-1.24109 0.218472
-1.24106 0.218506

-1.24106 0.218506
-1.24081 0.218811

-1.24081 0.218811
-1.24078 0.218846

-1.24078 0.218846
-1.24056 0.219116

-1.24056 0.219116
-1.24048 0.21922

-1.24048 0.219219
-1.24031 0.219421

-1.24031 0.219421
-1.24017 0.219594

-1.24017 0.219592
-1.24006 0.219727

-1.24006 0.219727
-1.23987 0.219966

-1.23987 0.219966
-1.23981 0.220032

-1.23981 0.220032
-1.23956 0.220337

-1.23956 0.220337
-1.23956 0.220339

-1.23956 0.220338
-1.23931 0.220642

-1.23931 0.220642
-1.23926 0.220711

-1.23926 0.220711
-1.23906 0.220947

-1.23906 0.220947
-1.23895 0.221084

-1.23895 0.221082
-1.23881 0.221252

-1.23881 0.221252
-1.23865 0.221455

-1.23865 0.221454
-1.23856 0.221558

-1.23856 0.221558
-1.23834 0.221826

-1.23834 0.221826
-1.23831 0.221863

-1.23831 0.221863
-1.23806 0.222168

-1.23806 0.222168
-1.23804 0.222197

-1.23804 0.222197
-1.23781 0.222473

-1.23781 0.222473
-1.23773 0.222568

-1.23773 0.222567
-1.23756 0.222778

-1.23756 0.222778
-1.23743 0.222939

-1.23743 0.222937
-1.23731 0.223083

-1.23731 0.223083
-1.23712 0.223308

-1.23712 0.223308
-1.23706 0.223389

-1.23705 0.223389
-1.23682 0.223678

-1.23682 0.223678
-1.2368 0.223694

-1.2368 0.223694
-1.23655 0.223999

-1.23655 0.223999
-1.23651 0.224048

-1.23651 0.224047
-1.2363 0.224304

-1.2363 0.224304
-1.23621 0.224417

-1.23621 0.224416
-1.23605 0.224609

-1.23605 0.224609
-1.2359 0.224786

-1.2359 0.224784
-1.23579 0.224915

-1.23579 0.224915
-1.2356 0.225154

-1.2356 0.225154
-1.23554 0.22522

-1.23554 0.22522
-1.23529 0.225522

-1.23529 0.225522
-1.23529 0.225525

-1.23529 0.225525
-1.23504 0.22583

-1.23504 0.22583
-1.23499 0.22589

-1.23499 0.22589
-1.23478 0.226135

-1.23478 0.226135
-1.23468 0.226259

-1.23468 0.226257
-1.23453 0.22644

-1.23453 0.22644
-1.23438 0.226626

-1.23438 0.226624
-1.23428 0.226746

-1.23427 0.226746
-1.23407 0.226992

-1.23407 0.226992
-1.23402 0.227051

-1.23402 0.227051
-1.23377 0.227356

-1.23377 0.227356
-1.23376 0.227359

-1.23376 0.227359
-1.23351 0.227661

-1.23351 0.227661
-1.23346 0.227726

-1.23346 0.227725
-1.23326 0.227966

-1.23326 0.227966
-1.23315 0.228093

-1.23315 0.228091
-1.23301 0.228271

-1.233 0.228271
-1.23285 0.228458

-1.23285 0.228457
-1.23275 0.228577

-1.23275 0.228577
-1.23254 0.228823

-1.23254 0.228823
-1.2325 0.228882

-1.23249 0.228882
-1.23224 0.229187

-1.23224 0.229187
-1.23224 0.229189

-1.23224 0.229188
-1.23198 0.229492

-1.23198 0.229492
-1.23193 0.229554

-1.23193 0.229553
-1.23173 0.229797

-1.23173 0.229797
-1.23163 0.229919

-1.23163 0.229917
-1.23148 0.230103

-1.23147 0.230103
-1.23132 0.230284

-1.23132 0.230282
-1.23122 0.230408

-1.23122 0.230408
-1.23102 0.230647

-1.23102 0.230647
-1.23096 0.230713

-1.23096 0.230713
-1.23071 0.231011

-1.23071 0.231011
-1.23071 0.231018

-1.23071 0.231018
-1.23045 0.231323

-1.23045 0.231323
-1.23041 0.231375

-1.23041 0.231374
-1.23019 0.231628

-1.23019 0.231628
-1.2301 0.231738

-1.2301 0.231737
-1.22994 0.231934

-1.22994 0.231934
-1.2298 0.232102

-1.2298 0.2321
-1.22968 0.232239

-1.22968 0.232239
-1.22949 0.232464

-1.22949 0.232463
-1.22942 0.232544

-1.22942 0.232544
-1.22919 0.232826

-1.22919 0.232826
-1.22917 0.232849

-1.22917 0.232849
-1.22891 0.233154

-1.22891 0.233154
-1.22888 0.233189

-1.22888 0.233188
-1.22865 0.233459

-1.22865 0.233459
-1.22858 0.233551

-1.22858 0.23355
-1.2284 0.233765

-1.22839 0.233765
-1.22827 0.233913

-1.22827 0.233911
-1.22814 0.23407

-1.22814 0.23407
-1.22797 0.234274

-1.22797 0.234273
-1.22788 0.234375

-1.22788 0.234375
-1.22766 0.234634

-1.22766 0.234634
-1.22762 0.23468

-1.22762 0.23468
-1.22736 0.234985

-1.22736 0.234985
-1.22736 0.234995

-1.22736 0.234995
-1.22711 0.235291

-1.22711 0.235291
-1.22705 0.235356

-1.22705 0.235355
-1.22685 0.235596

-1.22685 0.235596
-1.22675 0.235717

-1.22675 0.235715
-1.22659 0.235901

-1.22659 0.235901
-1.22644 0.236077

-1.22644 0.236075
-1.22633 0.236206

-1.22633 0.236206
-1.22614 0.236436

-1.22614 0.236435
-1.22607 0.236511

-1.22607 0.236511
-1.22583 0.236795

-1.22583 0.236795
-1.22581 0.236816

-1.22581 0.236816
-1.22555 0.237122

-1.22555 0.237122
-1.22552 0.237154

-1.22552 0.237154
-1.22529 0.237427

-1.22529 0.237427
-1.22522 0.237514

-1.22522 0.237513
-1.22503 0.237732

-1.22503 0.237732
-1.22491 0.237873

-1.22491 0.23787
-1.22477 0.238037

-1.22477 0.238037
-1.22461 0.238231

-1.22461 0.23823
-1.22451 0.238342

-1.22451 0.238342
-1.2243 0.238588

-1.2243 0.238588
-1.22425 0.238647

-1.22425 0.238647
-1.224 0.238946

-1.224 0.238946
-1.22399 0.238953

-1.22399 0.238953
-1.22373 0.239258

-1.22373 0.239258
-1.22369 0.239304

-1.22369 0.239303
-1.22347 0.239563

-1.22347 0.239563
-1.22339 0.239662

-1.22339 0.23966
-1.22321 0.239868

-1.22321 0.239868
-1.22308 0.240019

-1.22308 0.240017
-1.22295 0.240173

-1.22295 0.240173
-1.22278 0.240376

-1.22278 0.240374
-1.22269 0.240479

-1.22269 0.240479
-1.22247 0.240731

-1.22247 0.240731
-1.22243 0.240784

-1.22243 0.240784
-1.22217 0.241088

-1.22217 0.241088
-1.22217 0.241089

-1.22217 0.241089
-1.22191 0.241394

-1.22191 0.241394
-1.22186 0.241444

-1.22186 0.241444
-1.22164 0.241699

-1.22164 0.241699
-1.22156 0.2418

-1.22156 0.241799
-1.22138 0.242004

-1.22138 0.242004
-1.22125 0.242156

-1.22125 0.242154
-1.22112 0.24231

-1.22112 0.24231
-1.22095 0.242511

-1.22095 0.24251
-1.22086 0.242615

-1.22086 0.242615
-1.22064 0.242865

-1.22064 0.242865
-1.2206 0.24292

-1.2206 0.24292
-1.22034 0.24322

-1.22034 0.24322
-1.22033 0.243225

-1.22033 0.243225
-1.22007 0.24353

-1.22007 0.24353
-1.22003 0.243575

-1.22003 0.243574
-1.21981 0.243835

-1.21981 0.243835
-1.21973 0.243929

-1.21973 0.243928
-1.21954 0.244141

-1.21954 0.244141
-1.21942 0.244284

-1.21942 0.244281
-1.21928 0.244446

-1.21928 0.244446
-1.21912 0.244638

-1.21912 0.244636
-1.21902 0.244751

-1.21902 0.244751
-1.21881 0.24499

-1.21881 0.24499
-1.21875 0.245056

-1.21875 0.245056
-1.21851 0.245343

-1.21851 0.245343
-1.21849 0.245361

-1.21849 0.245361
-1.21823 0.245667

-1.21823 0.245667
-1.2182 0.245696

-1.2182 0.245696
-1.21796 0.245972

-1.21796 0.245972
-1.2179 0.246049

-1.2179 0.246048
-1.2177 0.246277

-1.2177 0.246277
-1.21759 0.246402

-1.21759 0.2464
-1.21744 0.246582

-1.21743 0.246582
-1.21729 0.246755

-1.21729 0.246753
-1.21717 0.246887

-1.21717 0.246887
-1.21698 0.247106

-1.21698 0.247105
-1.2169 0.247192

-1.2169 0.247192
-1.21667 0.247457

-1.21667 0.247457
-1.21664 0.247498

-1.21664 0.247498
-1.21637 0.247803

-1.21638 0.247803
-1.21637 0.247809

-1.21637 0.247809
-1.21611 0.248108

-1.21611 0.248108
-1.21606 0.24816

-1.21606 0.24816
-1.21584 0.248413

-1.21584 0.248413
-1.21576 0.248512

-1.21576 0.24851
-1.21558 0.248718

-1.21558 0.248718
-1.21545 0.248863

-1.21545 0.248861
-1.21531 0.249023

-1.21531 0.249023
-1.21515 0.249214

-1.21515 0.249212
-1.21505 0.249329

-1.21505 0.249329
-1.21484 0.249563

-1.21484 0.249562
-1.21478 0.249634

-1.21478 0.249634
-1.21454 0.249913

-1.21454 0.249913
-1.21452 0.249939

-1.21452 0.249939
-1.21425 0.250244

-1.21425 0.250244
-1.21423 0.250263

-1.21423 0.250262
-1.21398 0.250549

-1.21398 0.250549
-1.21393 0.250613

-1.21393 0.250612
-1.21372 0.250854

-1.21372 0.250854
-1.21362 0.250962

-1.21362 0.25096
-1.21345 0.25116

-1.21345 0.25116
-1.21332 0.251312

-1.21332 0.25131
-1.21318 0.251465

-1.21318 0.251465
-1.21301 0.251661

-1.21301 0.251659
-1.21292 0.25177

-1.21292 0.25177
-1.21271 0.252008

-1.21271 0.252008
-1.21265 0.252075

-1.21265 0.252075
-1.2124 0.252356

-1.2124 0.252356
-1.21238 0.25238

-1.21238 0.25238
-1.21211 0.252686

-1.21211 0.252686
-1.2121 0.252705

-1.2121 0.252705
-1.21185 0.252991

-1.21185 0.252991
-1.21179 0.253053

-1.21179 0.253052
-1.21158 0.253296

-1.21158 0.253296
-1.21149 0.253401

-1.21149 0.253399
-1.21131 0.253601

-1.21131 0.253601
-1.21118 0.253749

-1.21118 0.253747
-1.21104 0.253906

-1.21104 0.253906
-1.21088 0.254096

-1.21088 0.254095
-1.21077 0.254211

-1.21077 0.254211
-1.21057 0.254442

-1.21057 0.254442
-1.21051 0.254517

-1.21051 0.254517
-1.21027 0.254789

-1.21027 0.254789
-1.21024 0.254822

-1.21024 0.254822
-1.20997 0.255127

-1.20997 0.255127
-1.20996 0.255136

-1.20996 0.255135
-1.2097 0.255432

-1.2097 0.255432
-1.20966 0.255482

-1.20966 0.255481
-1.20943 0.255737

-1.20943 0.255737
-1.20935 0.255828

-1.20935 0.255827
-1.20916 0.256042

-1.20916 0.256042
-1.20905 0.256174

-1.20905 0.256172
-1.20889 0.256348

-1.20889 0.256348
-1.20874 0.25652

-1.20874 0.256518
-1.20862 0.256653

-1.20862 0.256653
-1.20844 0.256865

-1.20844 0.256864
-1.20835 0.256958

-1.20835 0.256958
-1.20813 0.25721

-1.20813 0.257209
-1.20808 0.257263

-1.20808 0.257263
-1.20782 0.257554

-1.20782 0.257554
-1.20781 0.257568

-1.20781 0.257568
-1.20754 0.257874

-1.20754 0.257874
-1.20752 0.2579

-1.20752 0.257899
-1.20727 0.258179

-1.20727 0.258179
-1.20721 0.258244

-1.20721 0.258243
-1.207 0.258484

-1.207 0.258484
-1.20691 0.258588

-1.20691 0.258587
-1.20673 0.258789

-1.20673 0.258789
-1.2066 0.258933

-1.2066 0.258931
-1.20646 0.259094

-1.20646 0.259094
-1.2063 0.259277

-1.2063 0.259275
-1.20619 0.259399

-1.20619 0.259399
-1.20599 0.25962

-1.20599 0.259619
-1.20592 0.259705

-1.20592 0.259705
-1.20569 0.259963

-1.20569 0.259963
-1.20565 0.26001

-1.20565 0.26001
-1.20538 0.260306

-1.20538 0.260306
-1.20538 0.260315

-1.20538 0.260315
-1.2051 0.26062

-1.2051 0.26062
-1.20508 0.260649

-1.20508 0.260649
-1.20483 0.260925

-1.20483 0.260925
-1.20477 0.260992

-1.20477 0.260991
-1.20456 0.26123

-1.20456 0.26123
-1.20447 0.261334

-1.20447 0.261333
-1.20429 0.261536

-1.20429 0.261536
-1.20416 0.261677

-1.20416 0.261675
-1.20402 0.261841

-1.20401 0.261841
-1.20386 0.26202

-1.20386 0.262018
-1.20374 0.262146

-1.20374 0.262146
-1.20355 0.262361

-1.20355 0.26236
-1.20347 0.262451

-1.20347 0.262451
-1.20325 0.262702

-1.20325 0.262702
-1.2032 0.262756

-1.2032 0.262756
-1.20294 0.263043

-1.20294 0.263043
-1.20293 0.263062

-1.20293 0.263062
-1.20265 0.263367

-1.20265 0.263367
-1.20264 0.263385

-1.20264 0.263384
-1.20238 0.263672

-1.20238 0.263672
-1.20233 0.263726

-1.20233 0.263725
-1.20211 0.263977

-1.20211 0.263977
-1.20203 0.264066

-1.20203 0.264065
-1.20183 0.264282

-1.20183 0.264282
-1.20172 0.264407

-1.20172 0.264405
-1.20156 0.264587

-1.20156 0.264587
-1.20142 0.264748

-1.20142 0.264746
-1.20129 0.264893

-1.20128 0.264893
-1.20111 0.265088

-1.20111 0.265087
-1.20101 0.265198

-1.20101 0.265198
-1.20081 0.265427

-1.20081 0.265427
-1.20074 0.265503

-1.20074 0.265503
-1.2005 0.265766

-1.2005 0.265766
-1.20046 0.265808

-1.20046 0.265808
-1.2002 0.266106

-1.2002 0.266106
-1.20019 0.266113

-1.20019 0.266113
-1.19991 0.266418

-1.19991 0.266418
-1.19989 0.266445

-1.19989 0.266445
-1.19964 0.266724

-1.19964 0.266724
-1.19958 0.266784

-1.19958 0.266784
-1.19936 0.267029

-1.19936 0.267029
-1.19928 0.267123

-1.19928 0.267122
-1.19909 0.267334

-1.19909 0.267334
-1.19897 0.267462

-1.19897 0.26746
-1.19882 0.267639

-1.19881 0.267639
-1.19867 0.267801

-1.19867 0.267799
-1.19854 0.267944

-1.19854 0.267944
-1.19836 0.268139

-1.19836 0.268138
-1.19826 0.26825

-1.19826 0.26825
-1.19806 0.268477

-1.19806 0.268476
-1.19799 0.268555

-1.19799 0.268555
-1.19775 0.268814

-1.19775 0.268814
-1.19771 0.26886

-1.19771 0.26886
-1.19745 0.269151

-1.19745 0.269151
-1.19744 0.269165

-1.19744 0.269165
-1.19716 0.26947

-1.19716 0.26947
-1.19714 0.269489

-1.19714 0.269489
-1.19688 0.269775

-1.19688 0.269775
-1.19684 0.269826

-1.19684 0.269826
-1.19661 0.270081

-1.19661 0.270081
-1.19653 0.270163

-1.19653 0.270162
-1.19633 0.270386

-1.19633 0.270386
-1.19623 0.2705

-1.19623 0.270498
-1.19606 0.270691

-1.19605 0.270691
-1.19592 0.270837

-1.19592 0.270835
-1.19578 0.270996

-1.19578 0.270996
-1.19562 0.271173

-1.19562 0.271172
-1.1955 0.271301

-1.1955 0.271301
-1.19531 0.27151

-1.19531 0.271508
-1.19522 0.271606

-1.19522 0.271606
-1.19501 0.271845

-1.19501 0.271844
-1.19495 0.271912

-1.19495 0.271912
-1.1947 0.27218

-1.1947 0.27218
-1.19467 0.272217

-1.19467 0.272217
-1.1944 0.272515

-1.1944 0.272515
-1.19439 0.272522

-1.19439 0.272522
-1.19411 0.272827

-1.19411 0.272827
-1.19409 0.272851

-1.19409 0.272851
-1.19384 0.273132

-1.19384 0.273132
-1.19379 0.273186

-1.19379 0.273185
-1.19356 0.273438

-1.19356 0.273438
-1.19348 0.273521

-1.19348 0.27352
-1.19328 0.273743

-1.19328 0.273743
-1.19318 0.273856

-1.19318 0.273854
-1.193 0.274048

-1.193 0.274048
-1.19287 0.27419

-1.19287 0.274189
-1.19272 0.274353

-1.19272 0.274353
-1.19257 0.274525

-1.19257 0.274523
-1.19244 0.274658

-1.19244 0.274658
-1.19226 0.274859

-1.19226 0.274858
-1.19216 0.274963

-1.19216 0.274963
-1.19196 0.275193

-1.19196 0.275192
-1.19189 0.275269

-1.19189 0.275269
-1.19165 0.275526

-1.19165 0.275525
-1.19161 0.275574

-1.19161 0.275574
-1.19135 0.275859

-1.19135 0.275859
-1.19133 0.275879

-1.19133 0.275879
-1.19105 0.276184

-1.19105 0.276184
-1.19104 0.276193

-1.19104 0.276192
-1.19077 0.276489

-1.19077 0.276489
-1.19073 0.276526

-1.19073 0.276525
-1.19049 0.276794

-1.19049 0.276794
-1.19043 0.276858

-1.19043 0.276858
-1.19021 0.2771

-1.19021 0.2771
-1.19012 0.277191

-1.19012 0.277189
-1.18993 0.277405

-1.18993 0.277405
-1.18982 0.277524

-1.18982 0.277522
-1.18965 0.27771

-1.18965 0.27771
-1.18951 0.277856

-1.18951 0.277855
-1.18937 0.278015

-1.18937 0.278015
-1.18921 0.278188

-1.18921 0.278187
-1.18909 0.27832

-1.18909 0.27832
-1.1889 0.278521

-1.1889 0.278519
-1.18881 0.278625

-1.18881 0.278625
-1.1886 0.278852

-1.1886 0.278851
-1.18853 0.278931

-1.18853 0.278931
-1.18829 0.279183

-1.18829 0.279182
-1.18824 0.279236

-1.18824 0.279236
-1.18799 0.279514

-1.18799 0.279514
-1.18796 0.279541

-1.18796 0.279541
-1.18768 0.279845

-1.18768 0.279845
-1.18768 0.279846

-1.18768 0.279846
-1.1874 0.280151

-1.1874 0.280151
-1.18738 0.280176

-1.18738 0.280175
-1.18712 0.280457

-1.18712 0.280457
-1.18707 0.280507

-1.18707 0.280506
-1.18684 0.280762

-1.18684 0.280762
-1.18677 0.280837

-1.18677 0.280836
-1.18656 0.281067

-1.18655 0.281067
-1.18646 0.281167

-1.18646 0.281166
-1.18627 0.281372

-1.18627 0.281372
-1.18616 0.281498

-1.18616 0.281496
-1.18599 0.281677

-1.18599 0.281677
-1.18585 0.281828

-1.18585 0.281826
-1.18571 0.281982

-1.18571 0.281982
-1.18555 0.282157

-1.18555 0.282156
-1.18543 0.282288

-1.18542 0.282288
-1.18524 0.282487

-1.18524 0.282486
-1.18514 0.282593

-1.18514 0.282593
-1.18494 0.282816

-1.18494 0.282815
-1.18486 0.282898

-1.18486 0.282898
-1.18463 0.283145

-1.18463 0.283144
-1.18458 0.283203

-1.18458 0.283203
-1.18433 0.283473

-1.18433 0.283473
-1.18429 0.283508

-1.18429 0.283508
-1.18402 0.283802

-1.18402 0.283802
-1.18401 0.283813

-1.18401 0.283813
-1.18373 0.284119

-1.18373 0.284119
-1.18372 0.284131

-1.18372 0.284131
-1.18344 0.284424

-1.18344 0.284424
-1.18341 0.284459

-1.18341 0.284459
-1.18316 0.284729

-1.18316 0.284729
-1.18311 0.284787

-1.18311 0.284787
-1.18288 0.285034

-1.18288 0.285034
-1.1828 0.285115

-1.1828 0.285114
-1.18259 0.285339

-1.18259 0.285339
-1.1825 0.285443

-1.1825 0.285442
-1.18231 0.285645

-1.18231 0.285645
-1.18219 0.285771

-1.18219 0.285769
-1.18202 0.28595

-1.18202 0.28595
-1.18188 0.286098

-1.18188 0.286097
-1.18174 0.286255

-1.18174 0.286255
-1.18158 0.286426

-1.18158 0.286424
-1.18145 0.28656

-1.18145 0.28656
-1.18127 0.286753

-1.18127 0.286752
-1.18117 0.286865

-1.18117 0.286865
-1.18097 0.28708

-1.18097 0.287079
-1.18088 0.28717

-1.18088 0.28717
-1.18066 0.287406

-1.18066 0.287405
-1.1806 0.287476

-1.1806 0.287476
-1.18036 0.287732

-1.18036 0.287732
-1.18031 0.287781

-1.18031 0.287781
-1.18005 0.288058

-1.18005 0.288058
-1.18003 0.288086

-1.18003 0.288086
-1.17975 0.288384

-1.17975 0.288384
-1.17974 0.288391

-1.17974 0.288391
-1.17946 0.288696

-1.17946 0.288696
-1.17944 0.28871

-1.17944 0.28871
-1.17917 0.289001

-1.17917 0.289001
-1.17914 0.289036

-1.17914 0.289035
-1.17888 0.289307

-1.17888 0.289307
-1.17883 0.289361

-1.17883 0.28936
-1.1786 0.289612

-1.1786 0.289612
-1.17853 0.289687

-1.17853 0.289685
-1.17831 0.289917

-1.17831 0.289917
-1.17822 0.290012

-1.17822 0.29001
-1.17803 0.290222

-1.17802 0.290222
-1.17792 0.290337

-1.17792 0.290335
-1.17774 0.290527

-1.17774 0.290527
-1.17761 0.290662

-1.17761 0.29066
-1.17745 0.290833

-1.17745 0.290833
-1.17731 0.290986

-1.17731 0.290985
-1.17716 0.291138

-1.17716 0.291138
-1.177 0.291311

-1.177 0.291309
-1.17688 0.291443

-1.17688 0.291443
-1.1767 0.291635

-1.1767 0.291634
-1.17659 0.291748

-1.17659 0.291748
-1.17639 0.291959

-1.17639 0.291958
-1.1763 0.292053

-1.1763 0.292053
-1.17609 0.292283

-1.17609 0.292282
-1.17601 0.292358

-1.17601 0.292358
-1.17578 0.292606

-1.17578 0.292605
-1.17573 0.292664

-1.17573 0.292664
-1.17548 0.292929

-1.17548 0.292929
-1.17544 0.292969

-1.17544 0.292969
-1.17517 0.293252

-1.17517 0.293252
-1.17515 0.293274

-1.17515 0.293274
-1.17487 0.293575

-1.17487 0.293575
-1.17486 0.293579

-1.17486 0.293579
-1.17457 0.293884

-1.17457 0.293884
-1.17456 0.293898

-1.17456 0.293898
-1.17429 0.294189

-1.17429 0.294189
-1.17426 0.294221

-1.17426 0.294221
-1.174 0.294495

-1.174 0.294495
-1.17395 0.294544

-1.17395 0.294543
-1.17371 0.2948

-1.17371 0.2948
-1.17365 0.294866

-1.17365 0.294865
-1.17342 0.295105

-1.17342 0.295105
-1.17334 0.295188

-1.17334 0.295187
-1.17313 0.29541

-1.17313 0.29541
-1.17303 0.29551

-1.17303 0.295509
-1.17284 0.295715

-1.17284 0.295715
-1.17273 0.295832

-1.17273 0.295831
-1.17255 0.296021

-1.17255 0.296021
-1.17242 0.296154

-1.17242 0.296153
-1.17226 0.296326

-1.17226 0.296326
-1.17212 0.296475

-1.17212 0.296474
-1.17197 0.296631

-1.17197 0.296631
-1.17181 0.296796

-1.17181 0.296795
-1.17168 0.296936

-1.17168 0.296936
-1.17151 0.297118

-1.17151 0.297117
-1.17139 0.297241

-1.17139 0.297241
-1.1712 0.297439

-1.1712 0.297438
-1.1711 0.297546

-1.1711 0.297546
-1.1709 0.297759

-1.1709 0.297758
-1.17081 0.297852

-1.17081 0.297852
-1.17059 0.29808

-1.17059 0.298079
-1.17052 0.298157

-1.17052 0.298157
-1.17029 0.2984

-1.17029 0.298399
-1.17023 0.298462

-1.17023 0.298462
-1.16998 0.29872

-1.16998 0.29872
-1.16994 0.298767

-1.16994 0.298767
-1.16968 0.29904

-1.16968 0.29904
-1.16965 0.299072

-1.16965 0.299072
-1.16937 0.299359

-1.16937 0.299359
-1.16936 0.299377

-1.16936 0.299377
-1.16907 0.299679

-1.16907 0.299679
-1.16906 0.299683

-1.16906 0.299683
-1.16877 0.299988

-1.16877 0.299988
-1.16876 0.299999

-1.16876 0.299998
-1.16848 0.300293

-1.16848 0.300293
-1.16846 0.300318

-1.16846 0.300318
-1.16819 0.300598

-1.16819 0.300598
-1.16815 0.300637

-1.16815 0.300637
-1.1679 0.300903

-1.1679 0.300903
-1.16785 0.300956

-1.16785 0.300955
-1.16761 0.301208

-1.1676 0.301208
-1.16754 0.301275

-1.16754 0.301274
-1.16731 0.301514

-1.16731 0.301514
-1.16724 0.301593

-1.16724 0.301592
-1.16702 0.301819

-1.16702 0.301819
-1.16693 0.301912

-1.16693 0.301911
-1.16673 0.302124

-1.16673 0.302124
-1.16663 0.30223

-1.16663 0.302229
-1.16643 0.302429

-1.16643 0.302429
-1.16632 0.302548

-1.16632 0.302547
-1.16614 0.302734

-1.16614 0.302734
-1.16602 0.302866

-1.16602 0.302865
-1.16585 0.30304

-1.16585 0.30304
-1.16571 0.303184

-1.16571 0.303183
-1.16556 0.303345

-1.16556 0.303345
-1.16541 0.303501

-1.16541 0.3035
-1.16526 0.30365

-1.16526 0.30365
-1.1651 0.303819

-1.1651 0.303818
-1.16497 0.303955

-1.16497 0.303955
-1.16479 0.304136

-1.16479 0.304135
-1.16467 0.30426

-1.16467 0.30426
-1.16449 0.304453

-1.16449 0.304452
-1.16438 0.304565

-1.16438 0.304565
-1.16418 0.30477

-1.16418 0.304769
-1.16409 0.304871

-1.16409 0.304871
-1.16388 0.305086

-1.16388 0.305086
-1.16379 0.305176

-1.16379 0.305176
-1.16357 0.305403

-1.16357 0.305402
-1.1635 0.305481

-1.1635 0.305481
-1.16327 0.305719

-1.16327 0.305718
-1.1632 0.305786

-1.1632 0.305786
-1.16296 0.306035

-1.16296 0.306035
-1.16291 0.306091

-1.16291 0.306091
-1.16266 0.306351

-1.16266 0.306351
-1.16261 0.306396

-1.16261 0.306396
-1.16235 0.306667

-1.16235 0.306666
-1.16232 0.306702

-1.16232 0.306702
-1.16205 0.306982

-1.16205 0.306982
-1.16202 0.307007

-1.16202 0.307007
-1.16174 0.307297

-1.16174 0.307297
-1.16173 0.307312

-1.16173 0.307312
-1.16144 0.307613

-1.16144 0.307613
-1.16143 0.307617

-1.16143 0.307617
-1.16114 0.307922

-1.16114 0.307922
-1.16113 0.307928

-1.16113 0.307928
-1.16084 0.308228

-1.16084 0.308228
-1.16083 0.308243

-1.16083 0.308243
-1.16055 0.308533

-1.16055 0.308533
-1.16052 0.308558

-1.16052 0.308557
-1.16025 0.308838

-1.16025 0.308838
-1.16022 0.308872

-1.16022 0.308872
-1.15995 0.309143

-1.15995 0.309143
-1.15991 0.309187

-1.15991 0.309186
-1.15966 0.309448

-1.15966 0.309448
-1.15961 0.309501

-1.15961 0.3095
-1.15936 0.309753

-1.15936 0.309753
-1.1593 0.309815

-1.1593 0.309814
-1.15907 0.310059

-1.15906 0.310059
-1.159 0.310129

-1.159 0.310128
-1.15877 0.310364

-1.15877 0.310364
-1.15869 0.310443

-1.15869 0.310442
-1.15847 0.310669

-1.15847 0.310669
-1.15839 0.310756

-1.15839 0.310755
-1.15817 0.310974

-1.15817 0.310974
-1.15808 0.31107

-1.15808 0.311069
-1.15788 0.311279

-1.15788 0.311279
-1.15778 0.311383

-1.15778 0.311382
-1.15758 0.311584

-1.15758 0.311584
-1.15747 0.311696

-1.15747 0.311695
-1.15728 0.31189

-1.15728 0.31189
-1.15717 0.312009

-1.15717 0.312008
-1.15698 0.312195

-1.15698 0.312195
-1.15686 0.312321

-1.15686 0.312321
-1.15669 0.3125

-1.14893 0.00974622
-1.1492 0.00976562

-1.14893 0.00974622
-1.14862 0.00972467

-1.14862 0.00972468
-1.14832 0.00970324

-1.14832 0.00970325
-1.14801 0.00968192

-1.14801 0.00968192
-1.14771 0.00966067

-1.14771 0.00966068
-1.1474 0.00963948

-1.1474 0.00963948
-1.14709 0.00961832

-1.14709 0.0096183
-1.14679 0.00959724

-1.14679 0.00959727
-1.14648 0.00957631

-1.15625 0.0102836
-1.15594 0.0102605

-1.15594 0.0102605
-1.15564 0.0102374

-1.15564 0.0102374
-1.15533 0.0102144

-1.15533 0.0102144
-1.15503 0.0101916

-1.15503 0.0101916
-1.15472 0.0101688

-1.15472 0.0101688
-1.15442 0.010146

-1.15442 0.010146
-1.15411 0.0101233

-1.15411 0.0101234
-1.15381 0.0101007

-1.15381 0.0101007
-1.1535 0.0100779

-1.1532 0.010055
-1.15341 0.0100708

-1.1535 0.0100779
-1.15341 0.0100708

-1.1532 0.010055
-1.15289 0.0100322

-1.15289 0.0100323
-1.15259 0.0100096

-1.15259 0.0100096
-1.15228 0.00998712

-1.15228 0.00998712
-1.15198 0.00996472

-1.15198 0.00996472
-1.15167 0.00994243

-1.15167 0.00994242
-1.15137 0.00992023

-1.15137 0.00992021
-1.15106 0.00989818

-1.15106 0.00989821
-1.15076 0.0098763

-1.15076 0.0098763
-1.15045 0.00985448

-1.15045 0.00985448
-1.15015 0.00983277

-1.15015 0.00983277
-1.14984 0.00981115

-1.14984 0.00981116
-1.14954 0.00978958

-1.14954 0.00978961
-1.14923 0.00976796

-1.14923 0.00976796
-1.1492 0.00976562

-1.14648 0.0095763
-1.14618 0.00955537

-1.14618 0.00955537
-1.14587 0.00953448

-1.14587 0.00953449
-1.14557 0.00951362

-1.14557 0.00951363
-1.14526 0.00949277

-1.14526 0.0094928
-1.14496 0.00947185

-1.14465 0.00945073
-1.14479 0.00946045

-1.14496 0.00947187
-1.14479 0.00946045

-1.14465 0.00945073
-1.14435 0.00942971

-1.14435 0.00942972
-1.14404 0.00940882

-1.14404 0.00940882
-1.14374 0.00938803

-1.14374 0.00938804
-1.14343 0.00936735

-1.14343 0.00936735
-1.14313 0.00934675

-1.14313 0.00934675
-1.14282 0.00932623

-1.14282 0.00932623
-1.14252 0.00930581

-1.14252 0.00930579
-1.14221 0.00928552

-1.14221 0.00928555
-1.14191 0.00926537

-1.14191 0.00926537
-1.1416 0.00924526

-1.1416 0.00924526
-1.1413 0.00922524

-1.1413 0.00922524
-1.14099 0.0092053

-1.14099 0.00920532
-1.14069 0.00918543

-1.14069 0.00918546
-1.14038 0.00916555

-1.14008 0.00914552
-1.14022 0.00915527

-1.14008 0.00914552
-1.13977 0.00912558

-1.14038 0.00916557
-1.14022 0.00915527

-1.13977 0.00912559
-1.13947 0.00910577

-1.13947 0.00910577
-1.13916 0.00908606

-1.13916 0.00908606
-1.13885 0.00906643

-1.13885 0.00906643
-1.13855 0.00904687

-1.13855 0.00904687
-1.13824 0.00902735

-1.13824 0.00902735
-1.13794 0.00900787

-1.13794 0.00900785
-1.13763 0.00898847

-1.13763 0.0089885
-1.13733 0.0089692

-1.13733 0.0089692
-1.13702 0.00894994

-1.13702 0.00894994
-1.13672 0.00893072

-1.13672 0.00893072
-1.13641 0.00891153

-1.13641 0.00891154
-1.13611 0.00889237

-1.13611 0.00889238
-1.1358 0.00887319

-1.1358 0.00887322
-1.1355 0.00885391

-1.13519 0.00883446
-1.13544 0.0088501

-1.1355 0.00885391
-1.13544 0.0088501

-1.13519 0.00883446
-1.13489 0.00881516

-1.13489 0.00881516
-1.13458 0.00879598

-1.13458 0.00879598
-1.13428 0.00877691

-1.13428 0.00877691
-1.13397 0.00875793

-1.13397 0.00875793
-1.13367 0.00873905

-1.13367 0.00873905
-1.13336 0.00872025

-1.13336 0.00872024
-1.13306 0.00870152

-1.13306 0.00870151
-1.13275 0.00868293

-1.13275 0.00868296
-1.13245 0.0086645

-1.13245 0.0086645
-1.13214 0.00864611

-1.13214 0.00864611
-1.13184 0.00862781

-1.13184 0.0086278
-1.13153 0.00860958

-1.13153 0.00860958
-1.13123 0.00859145

-1.13123 0.00859146
-1.13092 0.00857337

-1.13092 0.0085734
-1.13062 0.00855529

-1.13031 0.00853705
-1.13044 0.00854492

-1.13031 0.00853705
-1.13 0.00851891

-1.13 0.00851892
-1.1297 0.0085009

-1.1297 0.0085009
-1.12939 0.00848298

-1.13062 0.00855531
-1.13044 0.00854492

-1.12939 0.00848298
-1.12909 0.00846514

-1.12909 0.00846514
-1.12878 0.00844738

-1.12878 0.00844738
-1.12848 0.00842967

-1.12848 0.00842967
-1.12817 0.00841199

-1.12817 0.00841199
-1.12787 0.00839434

-1.12787 0.00839432
-1.12756 0.00837676

-1.12756 0.00837679
-1.12726 0.00835931

-1.12726 0.0083593
-1.12695 0.00834184

-1.12695 0.00834184
-1.12665 0.00832441

-1.12665 0.00832441
-1.12634 0.008307

-1.12634 0.00830701
-1.12604 0.00828961

-1.12604 0.00828962
-1.12573 0.00827221

-1.12573 0.00827223
-1.12543 0.00825476

-1.12512 0.00823709
-1.12517 0.00823975

-1.12543 0.00825479
-1.12517 0.00823975

-1.12512 0.0082371
-1.12482 0.00821946

-1.12482 0.00821946
-1.12451 0.00820192

-1.12451 0.00820192
-1.12421 0.00818448

-1.12421 0.00818448
-1.1239 0.00816713

-1.1239 0.00816713
-1.1236 0.00814986

-1.1236 0.00814986
-1.12329 0.00813268

-1.12329 0.00813268
-1.12299 0.00811556

-1.12299 0.00811556
-1.12268 0.0080985

-1.12268 0.00809848
-1.12238 0.00808153

-1.12238 0.00808155
-1.12207 0.00806472

-1.12207 0.00806472
-1.12177 0.00804796

-1.12177 0.00804796
-1.12146 0.00803126

-1.12146 0.00803126
-1.12115 0.00801463

-1.12115 0.00801463
-1.12085 0.00799806

-1.12085 0.00799806
-1.12054 0.00798157

-1.12054 0.00798157
-1.12024 0.00796513

-1.11963 0.00793212
-1.11967 0.00793457

-1.12024 0.00796516
-1.11993 0.00794871

-1.11993 0.00794874
-1.11967 0.00793457

-1.11963 0.00793213
-1.11932 0.00791558

-1.11932 0.00791559
-1.11902 0.00789914

-1.11902 0.00789914
-1.11871 0.00788279

-1.11871 0.0078828
-1.11841 0.00786653

-1.11841 0.00786653
-1.1181 0.00785033

-1.1181 0.00785033
-1.1178 0.00783419

-1.1178 0.00783419
-1.11749 0.0078181

-1.11749 0.00781811
-1.11719 0.00780204

-1.11719 0.00780204
-1.11688 0.007786

-1.11688 0.00778597
-1.11658 0.00777002

-1.11658 0.00777005
-1.11627 0.00775418

-1.11627 0.00775418
-1.11597 0.00773833

-1.11597 0.00773833
-1.11566 0.00772251

-1.11566 0.00772251
-1.11536 0.00770671

-1.11536 0.00770671
-1.11505 0.00769093

-1.11505 0.00769093
-1.11475 0.00767516

-1.11475 0.00767516
-1.11444 0.00765938

-1.11444 0.0076594
-1.11414 0.00764356

-1.11383 0.0076275
-1.11387 0.00762939

-1.11414 0.00764359
-1.11386 0.00762939

-1.11383 0.00762752
-1.11353 0.00761149

-1.11353 0.00761149
-1.11322 0.00759556

-1.11322 0.00759556
-1.11292 0.00757972

-1.11292 0.00757972
-1.11261 0.00756397

-1.11261 0.00756397
-1.1123 0.00754831

-1.1123 0.00754831
-1.112 0.00753273

-1.112 0.00753274
-1.11169 0.00751723

-1.11169 0.00751724
-1.11139 0.0075018

-1.11139 0.0075018
-1.11108 0.00748643

-1.11108 0.0074864
-1.11078 0.00747114

-1.11078 0.00747117
-1.11047 0.00745602

-1.11047 0.00745602
-1.11017 0.00744095

-1.11017 0.00744095
-1.10986 0.00742594

-1.10773 0.00732241
-1.10776 0.00732422

-1.10773 0.00732242
-1.10742 0.00730764

-1.10986 0.00742594
-1.10956 0.00741099

-1.10956 0.00741099
-1.10925 0.00739611

-1.10925 0.00739611
-1.10895 0.00738131

-1.10895 0.00738131
-1.10864 0.00736658

-1.10864 0.00736659
-1.10834 0.00735191

-1.10834 0.00735193
-1.10803 0.00733724

-1.10803 0.00733728
-1.10776 0.00732422

-1.10742 0.00730765
-1.10712 0.00729298

-1.10712 0.00729298
-1.10681 0.0072784

-1.10681 0.00727841
-1.10651 0.00726391

-1.10651 0.00726391
-1.1062 0.00724949

-1.1062 0.00724949
-1.1059 0.00723512

-1.1059 0.00723513
-1.10559 0.00722081

-1.10559 0.00722082
-1.10529 0.00720655

-1.10529 0.00720655
-1.10498 0.00719231

-1.10498 0.00719231
-1.10468 0.00717807

-1.10468 0.00717804
-1.10437 0.00716387

-1.10437 0.00716389
-1.10406 0.00714979

-1.10406 0.00714979
-1.10376 0.00713573

-1.10376 0.00713573
-1.10345 0.00712169

-1.10345 0.00712169
-1.10315 0.00710765

-1.10315 0.00710765
-1.10284 0.00709363

-1.10284 0.00709363
-1.10254 0.00707961

-1.10254 0.00707961
-1.10223 0.00706559

-1.10223 0.0070656
-1.10193 0.00705156

-1.10193 0.00705157
-1.10162 0.00703749

-1.10162 0.00703751
-1.10132 0.00702329

-1.10101 0.00700889
-1.10123 0.00701904

-1.10132 0.00702328
-1.10123 0.00701904

-1.10101 0.00700888
-1.10071 0.00699458

-1.10071 0.00699459
-1.1004 0.00698039

-1.1004 0.00698039
-1.1001 0.00696626

-1.1001 0.00696626
-1.09979 0.00695221

-1.09979 0.00695221
-1.09949 0.00693823

-1.09949 0.00693823
-1.09918 0.00692432

-1.09918 0.00692432
-1.09888 0.00691047

-1.09888 0.00691047
-1.09857 0.00689668

-1.09857 0.00689668
-1.09827 0.00688294

-1.09827 0.00688293
-1.09796 0.00686924

-1.09796 0.00686922
-1.09766 0.00685564

-1.09766 0.00685567
-1.09735 0.00684218

-1.09735 0.00684218
-1.09705 0.00682873

-1.09705 0.00682873
-1.09674 0.00681533

-1.09674 0.00681533
-1.09644 0.00680198

-1.09644 0.00680198
-1.09613 0.00678868

-1.09613 0.00678868
-1.09583 0.00677544

-1.09583 0.00677544
-1.09552 0.00676226

-1.09552 0.00676226
-1.09521 0.00674914

-1.09521 0.00674915
-1.09491 0.00673606

-1.09491 0.00673608
-1.0946 0.00672295

-1.0943 0.00670968
-1.0944 0.00671387

-1.0943 0.00670968
-1.09399 0.00669647

-1.0946 0.00672298
-1.09439 0.00671387

-1.09399 0.00669647
-1.09369 0.00668335

-1.09369 0.00668336
-1.09338 0.00667032

-1.09338 0.00667032
-1.09308 0.00665735

-1.09308 0.00665736
-1.09277 0.00664445

-1.09277 0.00664445
-1.09247 0.0066316

-1.09247 0.0066316
-1.09216 0.00661879

-1.09216 0.00661879
-1.09186 0.00660603

-1.09186 0.00660604
-1.09155 0.00659331

-1.09155 0.00659332
-1.09125 0.00658062

-1.09125 0.00658062
-1.09094 0.00656792

-1.09094 0.00656789
-1.09064 0.00655525

-1.09064 0.00655527
-1.09033 0.0065427

-1.09033 0.0065427
-1.09003 0.00653017

-1.09003 0.00653017
-1.08972 0.00651766

-1.08972 0.00651766
-1.08942 0.00650515

-1.08942 0.00650516
-1.08911 0.00649267

-1.08911 0.00649267
-1.08881 0.00648018

-1.08881 0.00648018
-1.0885 0.0064677

-1.0885 0.0064677
-1.0882 0.00645522

-1.0882 0.00645522
-1.08789 0.00644272

-1.08789 0.00644273
-1.08759 0.00643018

-1.08759 0.00643021
-1.08728 0.00641756

-1.08698 0.00640469
-1.08707 0.00640869

-1.08728 0.00641759
-1.08707 0.00640869

-1.08698 0.0064047
-1.08667 0.00639187

-1.08667 0.00639187
-1.08636 0.00637913

-1.08636 0.00637913
-1.08606 0.00636646

-1.08606 0.00636646
-1.08575 0.00635386

-1.08575 0.00635386
-1.08545 0.00634133

-1.08545 0.00634133
-1.08514 0.00632886

-1.08514 0.00632886
-1.08484 0.00631645

-1.08484 0.00631645
-1.08453 0.0063041

-1.08453 0.0063041
-1.08423 0.00629181

-1.08423 0.00629181
-1.08392 0.00627957

-1.08392 0.00627957
-1.08362 0.00626737

-1.08362 0.00626737
-1.08331 0.00625523

-1.08331 0.00625521
-1.08301 0.00624318

-1.08301 0.00624321
-1.0827 0.00623127

-1.0827 0.00623126
-1.0824 0.00621935

-1.0824 0.00621935
-1.08209 0.00620749

-1.08209 0.00620749
-1.08179 0.00619568

-1.08179 0.00619568
-1.08148 0.00618392

-1.08148 0.00618392
-1.08118 0.00617221

-1.08118 0.00617221
-1.08087 0.00616056

-1.08087 0.00616056
-1.08057 0.00614897

-1.07935 0.00610284
-1.07936 0.00610352

-1.08057 0.00614897
-1.08026 0.00613744

-1.08026 0.00613745
-1.07996 0.00612597

-1.07996 0.00612599
-1.07965 0.00611449

-1.07965 0.00611452
-1.07936 0.00610352

-1.07935 0.00610286
-1.07904 0.00609124

-1.07904 0.00609125
-1.07874 0.00607973

-1.07874 0.00607973
-1.07843 0.00606829

-1.07843 0.0060683
-1.07812 0.00605694

-1.07812 0.00605694
-1.07782 0.00604565

-1.07782 0.00604565
-1.07751 0.00603441

-1.07751 0.00603441
-1.07721 0.00602322

-1.07721 0.00602322
-1.0769 0.00601208

-1.0769 0.00601208
-1.0766 0.00600099

-1.0766 0.00600099
-1.07629 0.00598993

-1.07629 0.00598993
-1.07599 0.00597891

-1.07599 0.00597891
-1.07568 0.0059679

-1.07568 0.00596791
-1.07538 0.0059569

-1.07538 0.00595687
-1.07507 0.00594592

-1.07507 0.00594594
-1.07477 0.00593506

-1.07477 0.00593506
-1.07446 0.00592421

-1.07446 0.00592421
-1.07416 0.00591338

-1.07416 0.00591338
-1.07385 0.00590256

-1.07385 0.00590256
-1.07355 0.00589175

-1.07355 0.00589176
-1.07324 0.00588096

-1.07324 0.00588096
-1.07294 0.00587016

-1.07294 0.00587017
-1.07263 0.00585937

-1.07263 0.00585937
-1.07233 0.00584856

-1.07233 0.00584856
-1.07202 0.00583774

-1.07202 0.00583774
-1.07172 0.00582689

-1.07172 0.0058269
-1.07141 0.00581599

-1.07141 0.00581601
-1.07111 0.00580498

-1.0708 0.00579373
-1.07093 0.00579834

-1.07111 0.005805
-1.07092 0.00579834

-1.0708 0.00579373
-1.0705 0.00578252

-1.0705 0.00578253
-1.07019 0.0057714

-1.07019 0.0057714
-1.06989 0.00576034

-1.06989 0.00576034
-1.06958 0.00574933

-1.06958 0.00574933
-1.06927 0.00573838

-1.06927 0.00573838
-1.06897 0.00572748

-1.06897 0.00572748
-1.06866 0.00571663

-1.06866 0.00571663
-1.06836 0.00570583

-1.06836 0.00570583
-1.06805 0.00569508

-1.06805 0.00569508
-1.06775 0.00568437

-1.06775 0.00568437
-1.06744 0.00567371

-1.06744 0.00567371
-1.06714 0.00566308

-1.06714 0.00566308
-1.06683 0.00565247

-1.06683 0.00565244
-1.06653 0.00564192

-1.06653 0.00564194
-1.06622 0.0056315

-1.06622 0.0056315
-1.06592 0.0056211

-1.06592 0.00562111
-1.06561 0.00561074

-1.06561 0.00561074
-1.06531 0.00560041

-1.06531 0.00560041
-1.065 0.00559011

-1.065 0.00559011
-1.0647 0.00557986

-1.0647 0.00557986
-1.06439 0.00556964

-1.06439 0.00556964
-1.06409 0.00555945

-1.06409 0.00555945
-1.06378 0.00554931

-1.06378 0.00554931
-1.06348 0.00553921

-1.06348 0.00553921
-1.06317 0.00552916

-1.06317 0.00552916
-1.06287 0.00551915

-1.06287 0.00551916
-1.06256 0.00550917

-1.06256 0.0055092
-1.06226 0.00549915

-1.06195 0.00548895
-1.06208 0.00549316

-1.06195 0.00548895
-1.06165 0.00547882

-1.06226 0.00549918
-1.06208 0.00549316

-1.06165 0.00547882
-1.06134 0.00546878

-1.06134 0.00546878
-1.06104 0.00545881

-1.06104 0.00545881
-1.06073 0.00544889

-1.06073 0.0054489
-1.06042 0.00543904

-1.06042 0.00543904
-1.06012 0.00542923

-1.06012 0.00542923
-1.05981 0.00541947

-1.05981 0.00541947
-1.05951 0.00540975

-1.05951 0.00540975
-1.0592 0.00540007

-1.0592 0.00540007
-1.0589 0.00539042

-1.0589 0.00539043
-1.05859 0.00538082

-1.05859 0.00538082
-1.05829 0.00537125

-1.05829 0.00537126
-1.05798 0.00536171

-1.05798 0.00536171
-1.05768 0.00535218

-1.05768 0.00535217
-1.05737 0.00534264

-1.05737 0.00534262
-1.05707 0.00533317

-1.05707 0.0053332
-1.05676 0.00532381

-1.05676 0.0053238
-1.05646 0.00531442

-1.05646 0.00531443
-1.05615 0.00530507

-1.05615 0.00530507
-1.05585 0.00529573

-1.05585 0.00529573
-1.05554 0.00528641

-1.05554 0.00528641
-1.05524 0.0052771

-1.05524 0.0052771
-1.05493 0.0052678

-1.05493 0.0052678
-1.05463 0.0052585

-1.05463 0.0052585
-1.05432 0.0052492

-1.05432 0.0052492
-1.05402 0.00523989

-1.05402 0.00523989
-1.05371 0.00523057

-1.05371 0.00523057
-1.05341 0.00522122

-1.05341 0.00522122
-1.0531 0.00521184

-1.0531 0.00521185
-1.0528 0.0052024

-1.0528 0.00520242
-1.05249 0.00519283

-1.05219 0.00518303
-1.05234 0.00518799

-1.05249 0.00519285
-1.05234 0.00518799

-1.05219 0.00518303
-1.05188 0.00517328

-1.05188 0.00517328
-1.05157 0.0051636

-1.05157 0.0051636
-1.05127 0.00515396

-1.05127 0.00515397
-1.05096 0.00514438

-1.05096 0.00514439
-1.05066 0.00513485

-1.05066 0.00513485
-1.05035 0.00512536

-1.05035 0.00512536
-1.05005 0.00511592

-1.05005 0.00511592
-1.04974 0.00510651

-1.04974 0.00510651
-1.04944 0.00509715

-1.04944 0.00509715
-1.04913 0.00508783

-1.04913 0.00508783
-1.04883 0.00507854

-1.04883 0.00507854
-1.04852 0.0050693

-1.04852 0.0050693
-1.04822 0.00506009

-1.04822 0.00506009
-1.04791 0.00505091

-1.04791 0.00505091
-1.04761 0.00504175

-1.04761 0.00504172
-1.0473 0.00503263

-1.0473 0.00503266
-1.047 0.00502365

-1.047 0.00502365
-1.04669 0.00501468

-1.04669 0.00501468
-1.04639 0.00500574

-1.04639 0.00500574
-1.04608 0.00499683

-1.04608 0.00499683
-1.04578 0.00498794

-1.04578 0.00498794
-1.04547 0.0049791

-1.04547 0.0049791
-1.04517 0.00497029

-1.04517 0.00497028
-1.04486 0.00496151

-1.04486 0.00496151
-1.04456 0.00495277

-1.04456 0.00495277
-1.04425 0.00494407

-1.04425 0.00494407
-1.04395 0.0049354

-1.04181 0.00487537
-1.04207 0.00488281

-1.04181 0.00487537
-1.0415 0.00486678

-1.0415 0.00486678
-1.0412 0.00485827

-1.0412 0.00485827
-1.04089 0.00484982

-1.04089 0.00484983
-1.04059 0.00484143

-1.04059 0.00484143
-1.04028 0.00483309

-1.04028 0.00483309
-1.03998 0.0048248

-1.03998 0.0048248
-1.03967 0.00481654

-1.03967 0.00481654
-1.03937 0.00480833

-1.03937 0.00480833
-1.03906 0.00480016

-1.04395 0.0049354
-1.04364 0.00492678

-1.04364 0.00492678
-1.04333 0.0049182

-1.04333 0.0049182
-1.04303 0.00490967

-1.04303 0.00490967
-1.04272 0.00490117

-1.04272 0.00490119
-1.04242 0.00489268

-1.04242 0.0048927
-1.04211 0.00488409

-1.04211 0.00488409
-1.04207 0.00488281

-1.03906 0.00480016
-1.03876 0.00479202

-1.03876 0.00479202
-1.03845 0.00478392

-1.03845 0.00478392
-1.03815 0.00477585

-1.03815 0.00477585
-1.03784 0.00476782

-1.03784 0.00476782
-1.03754 0.00475983

-1.03754 0.00475983
-1.03723 0.00475186

-1.03723 0.00475186
-1.03693 0.00474391

-1.03693 0.00474391
-1.03662 0.00473595

-1.03662 0.00473592
-1.03632 0.00472801

-1.03632 0.00472803
-1.03601 0.0047202

-1.03601 0.0047202
-1.03571 0.0047124

-1.03571 0.0047124
-1.0354 0.00470462

-1.0354 0.00470462
-1.0351 0.00469687

-1.0351 0.00469687
-1.03479 0.00468913

-1.03479 0.00468913
-1.03448 0.00468142

-1.03448 0.00468142
-1.03418 0.00467372

-1.03418 0.00467372
-1.03387 0.00466603

-1.03387 0.00466603
-1.03357 0.00465835

-1.03357 0.00465836
-1.03326 0.00465068

-1.03326 0.00465069
-1.03296 0.00464302

-1.03296 0.00464302
-1.03265 0.00463534

-1.03265 0.00463534
-1.03235 0.00462766

-1.03235 0.00462766
-1.03204 0.00461996

-1.03204 0.00461996
-1.03174 0.00461223

-1.03174 0.00461223
-1.03143 0.00460447

-1.03143 0.00460448
-1.03113 0.00459667

-1.03113 0.00459668
-1.03082 0.00458879

-1.03082 0.00458881
-1.03052 0.00458076

-1.03021 0.00457253
-1.0304 0.00457764

-1.03052 0.00458076
-1.0304 0.00457764

-1.03021 0.00457252
-1.02991 0.00456434

-1.02991 0.00456434
-1.0296 0.00455622

-1.0296 0.00455622
-1.0293 0.00454815

-1.0293 0.00454815
-1.02899 0.00454011

-1.02899 0.00454011
-1.02869 0.00453211

-1.02869 0.00453211
-1.02838 0.00452415

-1.02838 0.00452415
-1.02808 0.00451622

-1.02808 0.00451622
-1.02777 0.00450832

-1.02777 0.00450832
-1.02747 0.00450046

-1.02747 0.00450046
-1.02716 0.00449262

-1.02716 0.00449262
-1.02686 0.00448482

-1.02686 0.00448482
-1.02655 0.00447705

-1.02655 0.00447705
-1.02625 0.0044693

-1.02625 0.0044693
-1.02594 0.00446159

-1.02594 0.00446159
-1.02563 0.0044539

-1.02563 0.00445391
-1.02533 0.00444625

-1.02533 0.00444625
-1.02502 0.0044386

-1.02502 0.00443861
-1.02472 0.00443097

-1.02472 0.00443095
-1.02441 0.00442338

-1.02441 0.0044234
-1.02411 0.0044159

-1.02411 0.0044159
-1.0238 0.00440842

-1.0238 0.00440843
-1.0235 0.00440098

-1.0235 0.00440098
-1.02319 0.00439354

-1.02319 0.00439354
-1.02289 0.00438613

-1.02289 0.00438613
-1.02258 0.00437874

-1.02258 0.00437874
-1.02228 0.00437137

-1.02228 0.00437137
-1.02197 0.00436402

-1.02197 0.00436402
-1.02167 0.00435669

-1.02167 0.00435669
-1.02136 0.00434939

-1.02136 0.00434939
-1.02106 0.00434211

-1.02106 0.00434211
-1.02075 0.00433486

-1.02075 0.00433486
-1.02045 0.00432762

-1.02045 0.00432762
-1.02014 0.00432041

-1.02014 0.00432041
-1.01984 0.00431323

-1.01984 0.00431323
-1.01953 0.00430607

-1.01953 0.00430607
-1.01923 0.00429894

-1.01923 0.00429894
-1.01892 0.00429184

-1.01892 0.00429185
-1.01862 0.00428475

-1.01862 0.00428477
-1.01831 0.00427761

-1.01801 0.00427029
-1.0181 0.00427246

-1.01801 0.0042703
-1.0177 0.00426302

-1.01831 0.00427764
-1.01809 0.00427246

-1.0177 0.00426302
-1.0174 0.00425581

-1.0174 0.00425582
-1.01709 0.00424866

-1.01709 0.00424866
-1.01678 0.00424155

-1.01678 0.00424155
-1.01648 0.00423448

-1.01648 0.00423448
-1.01617 0.00422745

-1.01617 0.00422745
-1.01587 0.00422044

-1.01587 0.00422044
-1.01556 0.00421347

-1.01556 0.00421347
-1.01526 0.00420653

-1.01526 0.00420653
-1.01495 0.00419962

-1.01495 0.00419962
-1.01465 0.00419274

-1.01465 0.00419274
-1.01434 0.00418589

-1.01434 0.00418589
-1.01404 0.00417907

-1.01404 0.00417907
-1.01373 0.00417228

-1.01373 0.00417228
-1.01343 0.00416552

-1.01343 0.00416552
-1.01312 0.00415878

-1.01312 0.00415878
-1.01282 0.00415208

-1.01282 0.00415208
-1.01251 0.00414541

-1.01251 0.00414541
-1.01221 0.00413876

-1.01221 0.00413876
-1.0119 0.00413212

-1.0119 0.00413213
-1.0116 0.00412549

-1.0116 0.00412546
-1.01129 0.00411886

-1.01129 0.00411888
-1.01099 0.00411235

-1.01099 0.00411235
-1.01068 0.00410586

-1.01068 0.00410587
-1.01038 0.00409941

-1.01038 0.00409941
-1.01007 0.00409297

-1.01007 0.00409297
-1.00977 0.00408655

-1.00977 0.00408655
-1.00946 0.00408016

-1.00946 0.00408016
-1.00916 0.00407379

-1.00916 0.00407379
-1.00885 0.00406745

-1.00885 0.00406745
-1.00854 0.00406112

-1.00854 0.00406112
-1.00824 0.00405481

-1.00824 0.00405481
-1.00793 0.00404852

-1.00793 0.00404852
-1.00763 0.00404224

-1.00763 0.00404224
-1.00732 0.00403597

-1.00732 0.00403597
-1.00702 0.0040297

-1.00702 0.0040297
-1.00671 0.00402344

-1.00671 0.00402344
-1.00641 0.00401717

-1.00641 0.00401717
-1.0061 0.00401089

-1.0061 0.0040109
-1.0058 0.0040046

-1.0058 0.0040046
-1.00549 0.00399829

-1.00549 0.00399829
-1.00519 0.00399194

-1.00519 0.00399194
-1.00488 0.00398555

-1.00488 0.00398556
-1.00458 0.00397909

-1.00458 0.00397911
-1.00427 0.00397252

-1.00397 0.00396571
-1.00404 0.00396729

-1.00427 0.00397255
-1.00403 0.00396729

-1.00397 0.00396572
-1.00366 0.00395892

-1.00366 0.00395892
-1.00336 0.00395216

-1.00336 0.00395216
-1.00305 0.00394544

-1.00305 0.00394544
-1.00275 0.00393875

-1.00275 0.00393875
-1.00244 0.00393209

-1.00244 0.00393209
-1.00214 0.00392546

-1.00214 0.00392546
-1.00183 0.00391885

-1.00183 0.00391886
-1.00153 0.00391228

-1.00153 0.00391228
-1.00122 0.00390572

-1.00122 0.00390572
-1.00092 0.00389919

-1.00092 0.00389919
-1.00061 0.00389269

-1.00061 0.00389269
-1.00031 0.0038862

-1.00031 0.0038862
-1.0 0.00387974

-1.15669 0.3125
-1.15656 0.312634

-1.15656 0.312633
-1.15639 0.312805

-1.15639 0.312805
-1.15625 0.312946

-1.15625 0.312946
-1.15609 0.31311

-1.15609 0.31311
-1.15594 0.313259

-1.15594 0.313258
-1.15579 0.313416

-1.15579 0.313416
-1.15564 0.313571

-1.15564 0.31357
-1.15549 0.313721

-1.15549 0.313721
-1.15533 0.313883

-1.15533 0.313882
-1.15519 0.314026

-1.15519 0.314026
-1.15503 0.314194

-1.15503 0.314194
-1.1549 0.314331

-1.15489 0.314331
-1.15472 0.314506

-1.15472 0.314505
-1.1546 0.314636

-1.1546 0.314636
-1.15442 0.314817

-1.15442 0.314817
-1.1543 0.314941

-1.1543 0.314941
-1.15411 0.315128

-1.15411 0.315128
-1.154 0.315247

-1.154 0.315247
-1.15381 0.31544

-1.15381 0.315439
-1.1537 0.315552

-1.1537 0.315552
-1.1535 0.31575

-1.1535 0.31575
-1.1534 0.315857

-1.1534 0.315857
-1.1532 0.316061

-1.1532 0.316061
-1.1531 0.316162

-1.1531 0.316162
-1.15289 0.316372

-1.15289 0.316371
-1.1528 0.316467

-1.1528 0.316467
-1.15259 0.316682

-1.15259 0.316682
-1.1525 0.316772

-1.1525 0.316772
-1.15228 0.316992

-1.15228 0.316992
-1.1522 0.317078

-1.1522 0.317078
-1.15198 0.317302

-1.15198 0.317302
-1.1519 0.317383

-1.1519 0.317383
-1.15167 0.317612

-1.15167 0.317612
-1.1516 0.317688

-1.1516 0.317688
-1.15137 0.317922

-1.15137 0.317922
-1.1513 0.317993

-1.1513 0.317993
-1.15106 0.318232

-1.15106 0.318231
-1.151 0.318298

-1.151 0.318298
-1.15076 0.318541

-1.15076 0.318541
-1.15069 0.318604

-1.15069 0.318604
-1.15045 0.31885

-1.15045 0.31885
-1.15039 0.318909

-1.15039 0.318909
-1.15015 0.319159

-1.15015 0.319159
-1.15009 0.319214

-1.15009 0.319214
-1.14984 0.319468

-1.14984 0.319468
-1.14979 0.319519

-1.14979 0.319519
-1.14954 0.319777

-1.14954 0.319777
-1.14949 0.319824

-1.14949 0.319824
-1.14923 0.320086

-1.14923 0.320085
-1.14919 0.320129

-1.14919 0.320129
-1.14893 0.320394

-1.14893 0.320394
-1.14889 0.320435

-1.14889 0.320435
-1.14862 0.320702

-1.14862 0.320702
-1.14858 0.32074

-1.14858 0.32074
-1.14832 0.321011

-1.14832 0.32101
-1.14828 0.321045

-1.14828 0.321045
-1.14801 0.321319

-1.14801 0.321318
-1.14798 0.32135

-1.14798 0.32135
-1.14771 0.321626

-1.14771 0.321626
-1.14768 0.321655

-1.14768 0.321655
-1.1474 0.321934

-1.1474 0.321934
-1.14737 0.32196

-1.14737 0.32196
-1.14709 0.322241

-1.14709 0.322241
-1.14707 0.322266

-1.14707 0.322266
-1.14679 0.322549

-1.14679 0.322548
-1.14677 0.322571

-1.14677 0.322571
-1.14648 0.322856

-1.14648 0.322856
-1.14646 0.322876

-1.14646 0.322876
-1.14618 0.323163

-1.14618 0.323163
-1.14616 0.323181

-1.14616 0.323181
-1.14587 0.32347

-1.14587 0.323469
-1.14586 0.323486

-1.14586 0.323486
-1.14557 0.323776

-1.14557 0.323776
-1.14555 0.323792

-1.14555 0.323792
-1.14526 0.324083

-1.14526 0.324083
-1.14525 0.324097

-1.14525 0.324097
-1.14496 0.324389

-1.14496 0.324389
-1.14495 0.324402

-1.14495 0.324402
-1.14465 0.324695

-1.14465 0.324695
-1.14464 0.324707

-1.14464 0.324707
-1.14435 0.325001

-1.14435 0.325001
-1.14434 0.325012

-1.14434 0.325012
-1.14404 0.325307

-1.14404 0.325307
-1.14403 0.325317

-1.14403 0.325317
-1.14374 0.325613

-1.14374 0.325613
-1.14373 0.325623

-1.14373 0.325623
-1.14343 0.325919

-1.14343 0.325919
-1.14342 0.325928

-1.14342 0.325928
-1.14313 0.326224

-1.14313 0.326224
-1.14312 0.326233

-1.14312 0.326233
-1.14282 0.326529

-1.14282 0.326529
-1.14281 0.326538

-1.14281 0.326538
-1.14252 0.326834

-1.14252 0.326834
-1.14251 0.326843

-1.14251 0.326843
-1.14221 0.327139

-1.14221 0.327139
-1.1422 0.327148

-1.1422 0.327148
-1.14191 0.327444

-1.14191 0.327444
-1.1419 0.327454

-1.1419 0.327454
-1.1416 0.327749

-1.1416 0.327749
-1.14159 0.327759

-1.14159 0.327759
-1.1413 0.328053

-1.1413 0.328053
-1.14129 0.328064

-1.14129 0.328064
-1.14099 0.328358

-1.14099 0.328358
-1.14098 0.328369

-1.14098 0.328369
-1.14069 0.328662

-1.14069 0.328662
-1.14067 0.328674

-1.14067 0.328674
-1.14038 0.328966

-1.14038 0.328966
-1.14037 0.328979

-1.14037 0.328979
-1.14008 0.32927

-1.14008 0.32927
-1.14006 0.329285

-1.14006 0.329285
-1.13977 0.329573

-1.13977 0.329573
-1.13975 0.32959

-1.13975 0.32959
-1.13947 0.329877

-1.13947 0.329877
-1.13945 0.329895

-1.13945 0.329895
-1.13916 0.33018

-1.13916 0.33018
-1.13914 0.3302

-1.13914 0.3302
-1.13885 0.330483

-1.13885 0.330484
-1.13883 0.330505

-1.13883 0.330505
-1.13855 0.330787

-1.13855 0.330787
-1.13853 0.330811

-1.13853 0.330811
-1.13824 0.331089

-1.13824 0.33109
-1.13822 0.331116

-1.13822 0.331116
-1.13794 0.331392

-1.13794 0.331392
-1.13791 0.331421

-1.13791 0.331421
-1.13763 0.331695

-1.13763 0.331695
-1.1376 0.331726

-1.1376 0.331726
-1.13733 0.331997

-1.13733 0.331998
-1.1373 0.332031

-1.1373 0.332031
-1.13702 0.3323

-1.13702 0.3323
-1.13699 0.332336

-1.13699 0.332336
-1.13672 0.332602

-1.13672 0.332602
-1.13668 0.332642

-1.13668 0.332642
-1.13641 0.332904

-1.13641 0.332904
-1.13637 0.332947

-1.13637 0.332947
-1.13611 0.333206

-1.13611 0.333206
-1.13606 0.333252

-1.13606 0.333252
-1.1358 0.333507

-1.1358 0.333508
-1.13575 0.333557

-1.13575 0.333557
-1.1355 0.333809

-1.1355 0.333809
-1.13544 0.333862

-1.13544 0.333862
-1.13519 0.33411

-1.13519 0.334111
-1.13514 0.334167

-1.13514 0.334167
-1.13489 0.334412

-1.13489 0.334412
-1.13483 0.334473

-1.13483 0.334473
-1.13458 0.334713

-1.13458 0.334713
-1.13452 0.334778

-1.13452 0.334778
-1.13428 0.335014

-1.13428 0.335014
-1.13421 0.335083

-1.13421 0.335083
-1.13397 0.335315

-1.13397 0.335315
-1.1339 0.335388

-1.1339 0.335388
-1.13367 0.335615

-1.13367 0.335616
-1.13359 0.335693

-1.13359 0.335693
-1.13336 0.335916

-1.13336 0.335916
-1.13328 0.335999

-1.13328 0.335999
-1.13306 0.336216

-1.13306 0.336217
-1.13297 0.336304

-1.13297 0.336304
-1.13275 0.336517

-1.13275 0.336517
-1.13266 0.336609

-1.13266 0.336609
-1.13245 0.336817

-1.13245 0.336817
-1.13235 0.336914

-1.13235 0.336914
-1.13214 0.337117

-1.13214 0.337117
-1.13204 0.337219

-1.13204 0.337219
-1.13184 0.337416

-1.13184 0.337417
-1.13173 0.337524

-1.13173 0.337524
-1.13153 0.337716

-1.13153 0.337717
-1.13142 0.33783

-1.13142 0.33783
-1.13123 0.338016

-1.13123 0.338016
-1.1311 0.338135

-1.1311 0.338135
-1.13092 0.338315

-1.13092 0.338315
-1.13079 0.33844

-1.13079 0.33844
-1.13062 0.338614

-1.13062 0.338615
-1.13048 0.338745

-1.13048 0.338745
-1.13031 0.338913

-1.13031 0.338914
-1.13017 0.33905

-1.13017 0.33905
-1.13 0.339212

-1.13 0.339213
-1.12986 0.339355

-1.12986 0.339355
-1.1297 0.339511

-1.1297 0.339512
-1.12955 0.339661

-1.12955 0.339661
-1.12939 0.33981

-1.12939 0.33981
-1.12924 0.339966

-1.12924 0.339966
-1.12909 0.340108

-1.12909 0.340109
-1.12892 0.340271

-1.12892 0.340271
-1.12878 0.340406

-1.12878 0.340407
-1.12861 0.340576

-1.12861 0.340576
-1.12848 0.340705

-1.12848 0.340705
-1.1283 0.340881

-1.1283 0.340881
-1.12817 0.341003

-1.12817 0.341003
-1.12799 0.341187

-1.12799 0.341187
-1.12787 0.341301

-1.12787 0.341301
-1.12767 0.341492

-1.12767 0.341492
-1.12756 0.341598

-1.12756 0.341599
-1.12736 0.341797

-1.12736 0.341797
-1.12726 0.341896

-1.12726 0.341897
-1.12705 0.342102

-1.12705 0.342102
-1.12695 0.342194

-1.12695 0.342194
-1.12673 0.342407

-1.12673 0.342407
-1.12665 0.342491

-1.12665 0.342492
-1.12642 0.342712

-1.12642 0.342712
-1.12634 0.342788

-1.12634 0.342789
-1.12611 0.343018

-1.12611 0.343018
-1.12604 0.343085

-1.12604 0.343086
-1.12579 0.343323

-1.12579 0.343323
-1.12573 0.343382

-1.12573 0.343383
-1.12548 0.343628

-1.12548 0.343628
-1.12543 0.343679

-1.12543 0.343679
-1.12517 0.343933

-1.12517 0.343933
-1.12512 0.343975

-1.12512 0.343976
-1.12485 0.344238

-1.12485 0.344238
-1.12482 0.344272

-1.12482 0.344272
-1.12454 0.344543

-1.12454 0.344543
-1.12451 0.344568

-1.12451 0.344568
-1.12422 0.344849

-1.12422 0.344849
-1.12421 0.344864

-1.12421 0.344865
-1.12391 0.345154

-1.12391 0.345154
-1.1239 0.345161

-1.1239 0.345161
-1.1236 0.345457

-1.1236 0.345457
-1.12359 0.345459

-1.12359 0.345459
-1.12329 0.345752

-1.12329 0.345752
-1.12328 0.345764

-1.12328 0.345764
-1.12299 0.346048

-1.12299 0.346048
-1.12296 0.346069

-1.12296 0.346069
-1.12268 0.346343

-1.12268 0.346343
-1.12265 0.346375

-1.12265 0.346375
-1.12238 0.346639

-1.12238 0.346639
-1.12233 0.34668

-1.12233 0.34668
-1.12207 0.346934

-1.12207 0.346934
-1.12202 0.346985

-1.12202 0.346985
-1.12177 0.347229

-1.12177 0.347229
-1.1217 0.34729

-1.1217 0.34729
-1.12146 0.347523

-1.12146 0.347524
-1.12139 0.347595

-1.12139 0.347595
-1.12115 0.347818

-1.12115 0.347819
-1.12107 0.3479

-1.12107 0.3479
-1.12085 0.348113

-1.12085 0.348114
-1.12075 0.348206

-1.12075 0.348206
-1.12054 0.348407

-1.12054 0.348408
-1.12044 0.348511

-1.12044 0.348511
-1.12024 0.348702

-1.12024 0.348703
-1.12012 0.348816

-1.12012 0.348816
-1.11993 0.348996

-1.11993 0.348997
-1.11981 0.349121

-1.11981 0.349121
-1.11963 0.34929

-1.11963 0.349291
-1.11949 0.349426

-1.11949 0.349426
-1.11932 0.349584

-1.11932 0.349585
-1.11917 0.349731

-1.11917 0.349731
-1.11902 0.349878

-1.11902 0.349879
-1.11885 0.350037

-1.11885 0.350037
-1.11871 0.350172

-1.11871 0.350173
-1.11854 0.350342

-1.11854 0.350342
-1.11841 0.350465

-1.11841 0.350466
-1.11822 0.350647

-1.11822 0.350647
-1.1181 0.350759

-1.1181 0.35076
-1.1179 0.350952

-1.1179 0.350952
-1.1178 0.351052

-1.1178 0.351053
-1.11758 0.351257

-1.11758 0.351257
-1.11749 0.351345

-1.11749 0.351347
-1.11727 0.351562

-1.11727 0.351562
-1.11719 0.351638

-1.11719 0.35164
-1.11695 0.351868

-1.11695 0.351868
-1.11688 0.351931

-1.11688 0.351932
-1.11663 0.352173

-1.11663 0.352173
-1.11658 0.352224

-1.11658 0.352225
-1.11631 0.352478

-1.11631 0.352478
-1.11627 0.352517

-1.11627 0.352517
-1.11599 0.352783

-1.11599 0.352783
-1.11597 0.352809

-1.11597 0.352809
-1.11568 0.353088

-1.11568 0.353088
-1.11566 0.353102

-1.11566 0.353102
-1.11536 0.353394

-1.11536 0.353394
-1.11505 0.353686

-1.11505 0.353686
-1.11504 0.353699

-1.11504 0.353699
-1.11475 0.353978

-1.11475 0.353978
-1.11472 0.354004

-1.11472 0.354004
-1.11444 0.35427

-1.11444 0.35427
-1.1144 0.354309

-1.1144 0.354309
-1.11414 0.354561

-1.11414 0.354562
-1.11408 0.354614

-1.11408 0.354614
-1.11383 0.354853

-1.11383 0.354853
-1.11376 0.354919

-1.11376 0.354919
-1.11353 0.355144

-1.11353 0.355145
-1.11344 0.355225

-1.11344 0.355225
-1.11322 0.355435

-1.11322 0.355436
-1.11312 0.35553

-1.11312 0.35553
-1.11292 0.355726

-1.11292 0.355727
-1.1128 0.355835

-1.1128 0.355835
-1.11261 0.356017

-1.11261 0.356018
-1.11248 0.35614

-1.11248 0.35614
-1.1123 0.356308

-1.1123 0.356309
-1.11216 0.356445

-1.11216 0.356445
-1.112 0.356599

-1.112 0.3566
-1.11184 0.35675

-1.11184 0.35675
-1.11169 0.35689

-1.11169 0.356891
-1.11152 0.357056

-1.11152 0.357056
-1.11139 0.35718

-1.11139 0.357182
-1.1112 0.357361

-1.1112 0.357361
-1.11108 0.357471

-1.11108 0.357472
-1.11088 0.357666

-1.11088 0.357666
-1.11078 0.357761

-1.11078 0.357762
-1.11056 0.357971

-1.11056 0.357971
-1.11047 0.358051

-1.11047 0.358052
-1.11024 0.358276

-1.11024 0.358276
-1.11017 0.358341

-1.11017 0.358342
-1.10992 0.358582

-1.10992 0.358582
-1.10986 0.358631

-1.10986 0.358631
-1.10959 0.358887

-1.10959 0.358887
-1.10956 0.358921

-1.10956 0.358921
-1.10927 0.359192

-1.10927 0.359192
-1.10925 0.35921

-1.10925 0.359211
-1.10895 0.359497

-1.10895 0.359497
-1.10895 0.3595

-1.10895 0.3595
-1.10864 0.359789

-1.10864 0.359789
-1.10863 0.359802

-1.10863 0.359802
-1.10834 0.360079

-1.10834 0.360079
-1.10831 0.360107

-1.10831 0.360107
-1.10803 0.360368

-1.10803 0.360368
-1.10798 0.360413

-1.10799 0.360413
-1.10773 0.360656

-1.10773 0.360657
-1.10766 0.360718

-1.10766 0.360718
-1.10742 0.360945

-1.10742 0.360946
-1.10734 0.361023

-1.10734 0.361023
-1.10712 0.361233

-1.10712 0.361235
-1.10702 0.361328

-1.10702 0.361328
-1.10681 0.361522

-1.10681 0.361523
-1.10669 0.361633

-1.1067 0.361633
-1.10651 0.36181

-1.10651 0.361812
-1.10637 0.361938

-1.10637 0.361938
-1.1062 0.362099

-1.1062 0.3621
-1.10605 0.362244

-1.10605 0.362244
-1.1059 0.362387

-1.1059 0.362388
-1.10572 0.362549

-1.10573 0.362549
-1.10559 0.362675

-1.10559 0.362677
-1.1054 0.362854

-1.1054 0.362854
-1.10529 0.362963

-1.10529 0.362965
-1.10508 0.363159

-1.10508 0.363159
-1.10498 0.363251

-1.10498 0.363253
-1.10475 0.363464

-1.10475 0.363464
-1.10468 0.363539

-1.10468 0.36354
-1.10443 0.36377

-1.10443 0.36377
-1.10437 0.363826

-1.10437 0.363827
-1.10411 0.364075

-1.10411 0.364075
-1.10406 0.364114

-1.10406 0.364114
-1.10378 0.36438

-1.10378 0.36438
-1.10376 0.364401

-1.10376 0.364401
-1.10346 0.364685

-1.10346 0.364685
-1.10345 0.364688

-1.10345 0.364689
-1.10315 0.364976

-1.10315 0.364976
-1.10313 0.36499

-1.10313 0.36499
-1.10284 0.365263

-1.10284 0.365263
-1.10281 0.365295

-1.10281 0.365295
-1.10254 0.365549

-1.10254 0.36555
-1.10248 0.365601

-1.10249 0.365601
-1.10223 0.365836

-1.10223 0.365836
-1.10216 0.365906

-1.10216 0.365906
-1.10193 0.366122

-1.10193 0.366123
-1.10183 0.366211

-1.10184 0.366211
-1.10162 0.366408

-1.10162 0.36641
-1.10151 0.366516

-1.10151 0.366516
-1.10132 0.366695

-1.10132 0.366696
-1.10118 0.366821

-1.10118 0.366821
-1.10101 0.366981

-1.10101 0.366982
-1.10086 0.367126

-1.10086 0.367126
-1.10071 0.367267

-1.10071 0.367269
-1.10053 0.367432

-1.10053 0.367432
-1.1004 0.367553

-1.1004 0.367555
-1.10021 0.367737

-1.10021 0.367737
-1.1001 0.367839

-1.1001 0.367841
-1.09988 0.368042

-1.09988 0.368042
-1.09979 0.368125

-1.09979 0.368126
-1.09955 0.368347

-1.09956 0.368347
-1.09949 0.368411

-1.09949 0.368411
-1.09923 0.368652

-1.09923 0.368652
-1.09918 0.368696

-1.09918 0.368696
-1.0989 0.368958

-1.0989 0.368958
-1.09888 0.368981

-1.09888 0.368982
-1.09858 0.369263

-1.09858 0.369263
-1.09857 0.369267

-1.09857 0.369267
-1.09827 0.369552

-1.09827 0.369552
-1.09825 0.369568

-1.09825 0.369568
-1.09796 0.369837

-1.09796 0.369837
-1.09792 0.369873

-1.09792 0.369873
-1.09766 0.370122

-1.09766 0.370122
-1.0976 0.370178

-1.0976 0.370178
-1.09735 0.370406

-1.09735 0.370407
-1.09727 0.370483

-1.09727 0.370483
-1.09705 0.37069

-1.09705 0.370692
-1.09694 0.370789

-1.09694 0.370789
-1.09674 0.370975

-1.09674 0.370976
-1.09661 0.371094

-1.09661 0.371094
-1.09644 0.371259

-1.09644 0.371261
-1.09629 0.371399

-1.09629 0.371399
-1.09613 0.371544

-1.09613 0.371545
-1.09596 0.371704

-1.09596 0.371704
-1.09583 0.371828

-1.09583 0.37183
-1.09563 0.372009

-1.09563 0.372009
-1.09552 0.372112

-1.09552 0.372114
-1.0953 0.372314

-1.0953 0.372314
-1.09521 0.372396

-1.09521 0.372397
-1.09497 0.37262

-1.09497 0.37262
-1.09491 0.37268

-1.09491 0.37268
-1.09465 0.372925

-1.09465 0.372925
-1.0946 0.372964

-1.0946 0.372964
-1.09432 0.37323

-1.09432 0.37323
-1.0943 0.373247

-1.0943 0.373248
-1.09399 0.373531

-1.09399 0.373531
-1.09399 0.373535

-1.09399 0.373535
-1.09369 0.373814

-1.09369 0.373814
-1.09366 0.37384

-1.09366 0.37384
-1.09338 0.374098

-1.09338 0.374098
-1.09333 0.374146

-1.09333 0.374146
-1.09308 0.37438

-1.09308 0.374381
-1.093 0.374451

-1.093 0.374451
-1.09277 0.374663

-1.09277 0.374664
-1.09267 0.374756

-1.09267 0.374756
-1.09247 0.374945

-1.09247 0.374947
-1.09234 0.375061

-1.09235 0.375061
-1.09216 0.375228

-1.09216 0.37523
-1.09202 0.375366

-1.09202 0.375366
-1.09186 0.375511

-1.09186 0.375513
-1.09169 0.375671

-1.09169 0.375671
-1.09155 0.375794

-1.09155 0.375795
-1.09135 0.375977

-1.09136 0.375977
-1.09125 0.376076

-1.09125 0.376078
-1.09103 0.376282

-1.09103 0.376282
-1.09094 0.376359

-1.09094 0.376359
-1.0907 0.376587

-1.0907 0.376587
-1.09064 0.376641

-1.09064 0.376641
-1.09037 0.376892

-1.09037 0.376892
-1.09033 0.376923

-1.09033 0.376923
-1.09004 0.377197

-1.09004 0.377197
-1.09003 0.377205

-1.09003 0.377205
-1.08972 0.377487

-1.08972 0.377487
-1.0897 0.377502

-1.0897 0.377502
-1.08942 0.377769

-1.08942 0.377769
-1.08937 0.377808

-1.08937 0.377808
-1.08911 0.37805

-1.08911 0.37805
-1.08904 0.378113

-1.08904 0.378113
-1.08881 0.378331

-1.08881 0.378332
-1.08871 0.378418

-1.08871 0.378418
-1.0885 0.378612

-1.0885 0.378614
-1.08838 0.378723

-1.08838 0.378723
-1.0882 0.378893

-1.0882 0.378895
-1.08805 0.379028

-1.08805 0.379028
-1.08789 0.379175

-1.08789 0.379176
-1.08772 0.379333

-1.08772 0.379333
-1.08759 0.379456

-1.08759 0.379458
-1.08739 0.379639

-1.08739 0.379639
-1.08728 0.379737

-1.08728 0.379738
-1.08706 0.379944

-1.08706 0.379944
-1.08698 0.380018

-1.08698 0.380019
-1.08672 0.380249

-1.08672 0.380249
-1.08667 0.380299

-1.08667 0.380299
-1.08639 0.380554

-1.08639 0.380554
-1.08636 0.380579

-1.08636 0.38058
-1.08606 0.380859

-1.08606 0.38086
-1.08575 0.38114

-1.08575 0.38114
-1.08573 0.381165

-1.08573 0.381165
-1.08545 0.381421

-1.08545 0.381421
-1.0854 0.38147

-1.0854 0.38147
-1.08514 0.3817

-1.08514 0.381701
-1.08506 0.381775

-1.08506 0.381775
-1.08484 0.38198

-1.08484 0.381981
-1.08473 0.38208

-1.08473 0.38208
-1.08453 0.382259

-1.08453 0.382261
-1.0844 0.382385

-1.0844 0.382385
-1.08423 0.382539

-1.08423 0.382541
-1.08406 0.38269

-1.08406 0.38269
-1.08392 0.382819

-1.08392 0.382821
-1.08373 0.382996

-1.08373 0.382996
-1.08362 0.383099

-1.08362 0.383101
-1.0834 0.383301

-1.0834 0.383301
-1.08331 0.383379

-1.08331 0.383379
-1.08307 0.383606

-1.08306 0.383606
-1.08301 0.383658

-1.08301 0.383659
-1.08273 0.383911

-1.08273 0.383911
-1.0827 0.383937

-1.0827 0.383938
-1.0824 0.384216

-1.0824 0.384217
-1.08209 0.384496

-1.08209 0.384496
-1.08206 0.384521

-1.08206 0.384521
-1.08179 0.384775

-1.08179 0.384775
-1.08173 0.384827

-1.08173 0.384827
-1.08148 0.385053

-1.08148 0.385054
-1.0814 0.385132

-1.0814 0.385132
-1.08118 0.385331

-1.08118 0.385333
-1.08106 0.385437

-1.08106 0.385437
-1.08087 0.38561

-1.08087 0.385612
-1.08073 0.385742

-1.08073 0.385742
-1.08057 0.385888

-1.08057 0.38589
-1.08039 0.386047

-1.08039 0.386047
-1.08026 0.386167

-1.08026 0.386169
-1.08006 0.386353

-1.08006 0.386353
-1.07996 0.386445

-1.07996 0.386447
-1.07972 0.386658

-1.07972 0.386658
-1.07965 0.386724

-1.07965 0.386724
-1.07939 0.386963

-1.07939 0.386963
-1.07935 0.387002

-1.07935 0.387002
-1.07905 0.387268

-1.07905 0.387268
-1.07904 0.38728

-1.07904 0.38728
-1.07874 0.387558

-1.07874 0.387558
-1.07872 0.387573

-1.07872 0.387573
-1.07843 0.387836

-1.07843 0.387836
-1.07838 0.387878

-1.07838 0.387878
-1.07812 0.388113

-1.07812 0.388114
-1.07805 0.388184

-1.07805 0.388184
-1.07782 0.38839

-1.07782 0.388391
-1.07771 0.388489

-1.07771 0.388489
-1.07751 0.388667

-1.07751 0.388669
-1.07738 0.388794

-1.07738 0.388794
-1.07721 0.388945

-1.07721 0.388947
-1.07704 0.389099

-1.07704 0.389099
-1.0769 0.389222

-1.0769 0.389224
-1.0767 0.389404

-1.0767 0.389404
-1.0766 0.389499

-1.0766 0.389501
-1.07637 0.389709

-1.07637 0.389709
-1.07629 0.389776

-1.07629 0.389777
-1.07603 0.390015

-1.07603 0.390015
-1.07599 0.390053

-1.07599 0.390054
-1.0757 0.39032

-1.07569 0.39032
-1.07568 0.39033

-1.07568 0.390331
-1.07538 0.390607

-1.07538 0.390607
-1.07536 0.390625

-1.07536 0.390625
-1.07507 0.390884

-1.07507 0.390884
-1.07502 0.39093

-1.07502 0.39093
-1.07477 0.39116

-1.07477 0.39116
-1.07469 0.391235

-1.07469 0.391235
-1.07446 0.391436

-1.07446 0.391437
-1.07435 0.391541

-1.07435 0.391541
-1.07416 0.391712

-1.07416 0.391714
-1.07401 0.391846

-1.07401 0.391846
-1.07385 0.391988

-1.07385 0.39199
-1.07367 0.392151

-1.07367 0.392151
-1.07355 0.392264

-1.07355 0.392266
-1.07334 0.392456

-1.07334 0.392456
-1.07324 0.39254

-1.07324 0.392541
-1.073 0.392761

-1.073 0.392761
-1.07294 0.392816

-1.07294 0.392817
-1.07266 0.393066

-1.07266 0.393066
-1.07263 0.393092

-1.07263 0.393093
-1.07233 0.393368

-1.07233 0.393368
-1.07232 0.393372

-1.07232 0.393372
-1.07202 0.393644

-1.07202 0.393644
-1.07198 0.393677

-1.07198 0.393677
-1.07172 0.393919

-1.07172 0.393919
-1.07165 0.393982

-1.07165 0.393982
-1.07141 0.394194

-1.07141 0.394195
-1.07131 0.394287

-1.07131 0.394287
-1.07111 0.394469

-1.07111 0.394471
-1.07097 0.394592

-1.07097 0.394592
-1.0708 0.394744

-1.0708 0.394746
-1.07063 0.394897

-1.07063 0.394897
-1.0705 0.395019

-1.0705 0.395021
-1.07029 0.395203

-1.07029 0.395203
-1.07019 0.395294

-1.07019 0.395295
-1.06995 0.395508

-1.06995 0.395508
-1.06989 0.395569

-1.06989 0.39557
-1.06962 0.395813

-1.06961 0.395813
-1.06958 0.395844

-1.06958 0.395844
-1.06928 0.396118

-1.06928 0.396118
-1.06927 0.396119

-1.06927 0.396119
-1.06897 0.396394

-1.06897 0.396394
-1.06894 0.396423

-1.06894 0.396423
-1.06866 0.396668

-1.06866 0.396668
-1.0686 0.396729

-1.0686 0.396729
-1.06836 0.396942

-1.06836 0.396943
-1.06826 0.397034

-1.06826 0.397034
-1.06805 0.397215

-1.06805 0.397217
-1.06792 0.397339

-1.06792 0.397339
-1.06775 0.39749

-1.06775 0.397492
-1.06758 0.397644

-1.06758 0.397644
-1.06744 0.397764

-1.06744 0.397766
-1.06724 0.397949

-1.06724 0.397949
-1.06714 0.398038

-1.06714 0.398039
-1.0669 0.398254

-1.0669 0.398254
-1.06683 0.398312

-1.06683 0.398313
-1.06656 0.39856

-1.06656 0.39856
-1.06653 0.398586

-1.06653 0.398586
-1.06622 0.39886

-1.06622 0.39886
-1.06622 0.398865

-1.06622 0.398865
-1.06592 0.399134

-1.06592 0.399134
-1.06588 0.39917

-1.06588 0.39917
-1.06561 0.399407

-1.06561 0.399407
-1.06554 0.399475

-1.06554 0.399475
-1.06531 0.39968

-1.06531 0.399681
-1.0652 0.39978

-1.0652 0.39978
-1.065 0.399952

-1.065 0.399955
-1.06485 0.400085

-1.06486 0.400085
-1.0647 0.400226

-1.0647 0.400228
-1.06451 0.400391

-1.06451 0.400391
-1.06439 0.400499

-1.06439 0.400501
-1.06417 0.400696

-1.06417 0.400696
-1.06409 0.400772

-1.06409 0.400773
-1.06383 0.401001

-1.06383 0.401001
-1.06378 0.401045

-1.06378 0.401046
-1.06349 0.401306

-1.06349 0.401306
-1.06348 0.401318

-1.06348 0.401318
-1.06317 0.401591

-1.06317 0.401591
-1.06315 0.401611

-1.06315 0.401611
-1.06287 0.401864

-1.06287 0.401864
-1.06281 0.401917

-1.06281 0.401917
-1.06256 0.402136

-1.06256 0.402136
-1.06247 0.402222

-1.06247 0.402222
-1.06226 0.402408

-1.06226 0.402409
-1.06212 0.402527

-1.06212 0.402527
-1.06195 0.40268

-1.06195 0.402682
-1.06178 0.402832

-1.06178 0.402832
-1.06165 0.402952

-1.06165 0.402954
-1.06144 0.403137

-1.06144 0.403137
-1.06134 0.403224

-1.06134 0.403225
-1.0611 0.403442

-1.0611 0.403442
-1.06104 0.403497

-1.06104 0.403497
-1.06075 0.403748

-1.06075 0.403748
-1.06073 0.403769

-1.06073 0.403769
-1.06042 0.404041

-1.06042 0.404041
-1.06041 0.404053

-1.06041 0.404053
-1.06012 0.404313

-1.06012 0.404313
-1.06007 0.404358

-1.06007 0.404358
-1.05981 0.404584

-1.05981 0.404585
-1.05973 0.404663

-1.05973 0.404663
-1.05951 0.404855

-1.05951 0.404857
-1.05938 0.404968

-1.05938 0.404968
-1.0592 0.405126

-1.0592 0.405128
-1.05904 0.405273

-1.05904 0.405273
-1.0589 0.405398

-1.0589 0.4054
-1.0587 0.405579

-1.0587 0.405579
-1.05859 0.405669

-1.05859 0.40567
-1.05835 0.405884

-1.05835 0.405884
-1.05829 0.405941

-1.05829 0.405941
-1.05801 0.406189

-1.05801 0.406189
-1.05798 0.406212

-1.05798 0.406212
-1.05768 0.406483

-1.05768 0.406483
-1.05767 0.406494

-1.05767 0.406494
-1.05737 0.406754

-1.05737 0.406754
-1.05732 0.406799

-1.05732 0.406799
-1.05707 0.407025

-1.05707 0.407025
-1.05698 0.407104

-1.05698 0.407104
-1.05676 0.407295

-1.05676 0.407296
-1.05663 0.40741

-1.05664 0.40741
-1.05646 0.407565

-1.05646 0.407567
-1.05629 0.407715

-1.05629 0.407715
-1.05615 0.407836

-1.05615 0.407838
-1.05594 0.40802

-1.05595 0.40802
-1.05585 0.408107

-1.05585 0.408107
-1.0556 0.408325

-1.0556 0.408325
-1.05554 0.408377

-1.05554 0.408378
-1.05526 0.40863

-1.05526 0.40863
-1.05524 0.408647

-1.05524 0.408648
-1.05493 0.408918

-1.05493 0.408918
-1.05491 0.408936

-1.05491 0.408936
-1.05463 0.409188

-1.05463 0.409188
-1.05457 0.409241

-1.05457 0.409241
-1.05432 0.409458

-1.05432 0.409459
-1.05422 0.409546

-1.05422 0.409546
-1.05402 0.409727

-1.05402 0.409729
-1.05388 0.409851

-1.05388 0.409851
-1.05371 0.409997

-1.05371 0.409999
-1.05353 0.410156

-1.05353 0.410156
-1.05341 0.410267

-1.05341 0.410268
-1.05319 0.410461

-1.05319 0.410461
-1.0531 0.410537

-1.0531 0.410537
-1.05284 0.410767

-1.05284 0.410767
-1.0528 0.410806

-1.0528 0.410807
-1.0525 0.411072

-1.05249 0.411072
-1.05249 0.411076

-1.05249 0.411076
-1.05219 0.411346

-1.05219 0.411346
-1.05215 0.411377

-1.05215 0.411377
-1.05188 0.411615

-1.05188 0.411615
-1.0518 0.411682

-1.0518 0.411682
-1.05157 0.411884

-1.05157 0.411885
-1.05146 0.411987

-1.05146 0.411987
-1.05127 0.412152

-1.05127 0.412154
-1.05111 0.412292

-1.05111 0.412292
-1.05096 0.412421

-1.05096 0.412424
-1.05076 0.412598

-1.05077 0.412598
-1.05066 0.412691

-1.05066 0.412692
-1.05042 0.412903

-1.05042 0.412903
-1.05035 0.41296

-1.05035 0.41296
-1.05007 0.413208

-1.05007 0.413208
-1.05005 0.413228

-1.05005 0.413229
-1.04974 0.413498

-1.04974 0.413498
-1.04973 0.413513

-1.04973 0.413513
-1.04944 0.413766

-1.04944 0.413766
-1.04938 0.413818

-1.04938 0.413818
-1.04913 0.414035

-1.04913 0.414035
-1.04903 0.414124

-1.04903 0.414124
-1.04883 0.414302

-1.04883 0.414304
-1.04869 0.414429

-1.04869 0.414429
-1.04852 0.41457

-1.04852 0.414573
-1.04834 0.414734

-1.04834 0.414734
-1.04822 0.414839

-1.04822 0.41484
-1.04799 0.415039

-1.04799 0.415039
-1.04791 0.415107

-1.04791 0.415108
-1.04764 0.415344

-1.04764 0.415344
-1.04761 0.415376

-1.04761 0.415376
-1.0473 0.415644

-1.0473 0.415644
-1.0473 0.415649

-1.0473 0.415649
-1.047 0.415912

-1.047 0.415912
-1.04695 0.415955

-1.04695 0.415955
-1.04669 0.41618

-1.04669 0.41618
-1.0466 0.41626

-1.0466 0.41626
-1.04639 0.416447

-1.04639 0.416448
-1.04625 0.416565

-1.04625 0.416565
-1.04608 0.416714

-1.04608 0.416717
-1.0459 0.41687

-1.04591 0.41687
-1.04578 0.416982

-1.04578 0.416984
-1.04556 0.417175

-1.04556 0.417175
-1.04547 0.41725

-1.04547 0.41725
-1.04521 0.41748

-1.04521 0.41748
-1.04517 0.417517

-1.04517 0.417518
-1.04486 0.417785

-1.04486 0.417785
-1.04486 0.417786

-1.04486 0.417786
-1.04456 0.418052

-1.04456 0.418052
-1.04451 0.418091

-1.04451 0.418091
-1.04425 0.41832

-1.04425 0.41832
-1.04416 0.418396

-1.04416 0.418396
-1.04395 0.418586

-1.04395 0.418587
-1.04381 0.418701

-1.04382 0.418701
-1.04364 0.418852

-1.04364 0.418855
-1.04346 0.419006

-1.04347 0.419006
-1.04333 0.41912

-1.04333 0.419121
-1.04312 0.419312

-1.04312 0.419312
-1.04303 0.419387

-1.04303 0.419388
-1.04277 0.419617

-1.04277 0.419617
-1.04272 0.419654

-1.04272 0.419654
-1.04242 0.419921

-1.04242 0.419921
-1.04242 0.419922

-1.04242 0.419922
-1.04211 0.420187

-1.04211 0.420187
-1.04207 0.420227

-1.04207 0.420227
-1.04181 0.420454

-1.04181 0.420454
-1.04172 0.420532

-1.04172 0.420532
-1.0415 0.42072

-1.0415 0.420721
-1.04137 0.420837

-1.04137 0.420837
-1.0412 0.420985

-1.0412 0.420988
-1.04102 0.421143

-1.04102 0.421143
-1.04089 0.421252

-1.04089 0.421254
-1.04067 0.421448

-1.04067 0.421448
-1.04059 0.421519

-1.04059 0.421519
-1.04032 0.421753

-1.04032 0.421753
-1.04028 0.421785

-1.04028 0.421785
-1.03998 0.422051

-1.03998 0.422051
-1.03997 0.422058

-1.03997 0.422058
-1.03967 0.422317

-1.03967 0.422317
-1.03962 0.422363

-1.03962 0.422363
-1.03937 0.422583

-1.03937 0.422583
-1.03927 0.422668

-1.03927 0.422668
-1.03906 0.422848

-1.03906 0.42285
-1.03892 0.422974

-1.03892 0.422974
-1.03876 0.423113

-1.03876 0.423116
-1.03857 0.423279

-1.03857 0.423279
-1.03845 0.423379

-1.03845 0.423381
-1.03822 0.423584

-1.03822 0.423584
-1.03815 0.423645

-1.03815 0.423646
-1.03787 0.423889

-1.03787 0.423889
-1.03784 0.423911

-1.03784 0.423911
-1.03754 0.424177

-1.03754 0.424177
-1.03752 0.424194

-1.03752 0.424194
-1.03723 0.424442

-1.03723 0.424442
-1.03717 0.4245

-1.03717 0.4245
-1.03693 0.424707

-1.03693 0.424708
-1.03681 0.424805

-1.03682 0.424805
-1.03662 0.424971

-1.03662 0.424974
-1.03646 0.42511

-1.03646 0.42511
-1.03632 0.425236

-1.03632 0.425238
-1.03611 0.425415

-1.03611 0.425415
-1.03601 0.425502

-1.03601 0.425503
-1.03576 0.42572

-1.03576 0.42572
-1.03571 0.425767

-1.03571 0.425767
-1.03541 0.426025

-1.03541 0.426025
-1.0354 0.426032

-1.0354 0.426032
-1.0351 0.426297

-1.0351 0.426297
-1.03506 0.426331

-1.03506 0.426331
-1.03479 0.426562

-1.03479 0.426562
-1.0347 0.426636

-1.03471 0.426636
-1.03448 0.426826

-1.03448 0.426827
-1.03435 0.426941

-1.03435 0.426941
-1.03418 0.427089

-1.03418 0.427092
-1.034 0.427246

-1.034 0.427246
-1.03387 0.427354

-1.03387 0.427356
-1.03365 0.427551

-1.03365 0.427551
-1.03357 0.427619

-1.03357 0.42762
-1.0333 0.427856

-1.0333 0.427856
-1.03326 0.427883

-1.03326 0.427884
-1.03296 0.428148

-1.03296 0.428148
-1.03294 0.428162

-1.03294 0.428162
-1.03265 0.428412

-1.03265 0.428412
-1.03259 0.428467

-1.03259 0.428467
-1.03235 0.428676

-1.03235 0.428677
-1.03224 0.428772

-1.03224 0.428772
-1.03204 0.428939

-1.03204 0.428942
-1.03188 0.429077

-1.03189 0.429077
-1.03174 0.429203

-1.03174 0.429205
-1.03153 0.429382

-1.03153 0.429382
-1.03143 0.429467

-1.03143 0.429468
-1.03118 0.429688

-1.03118 0.429688
-1.03113 0.429731

-1.03113 0.429732
-1.03083 0.429993

-1.03083 0.429993
-1.03082 0.429995

-1.03082 0.429996
-1.03052 0.430259

-1.03052 0.430259
-1.03047 0.430298

-1.03047 0.430298
-1.03021 0.430523

-1.03021 0.430523
-1.03012 0.430603

-1.03012 0.430603
-1.02991 0.430786

-1.02991 0.430787
-1.02977 0.430908

-1.02977 0.430908
-1.0296 0.431048

-1.0296 0.431051
-1.02941 0.431213

-1.02941 0.431213
-1.0293 0.431312

-1.0293 0.431313
-1.02906 0.431519

-1.02906 0.431519
-1.02899 0.431576

-1.02899 0.431576
-1.0287 0.431824

-1.0287 0.431824
-1.02869 0.431839

-1.02869 0.431839
-1.02838 0.432103

-1.02838 0.432103
-1.02835 0.432129

-1.02835 0.432129
-1.02808 0.432366

-1.02808 0.432366
-1.028 0.432434

-1.028 0.432434
-1.02777 0.432628

-1.02777 0.432629
-1.02764 0.432739

-1.02764 0.432739
-1.02747 0.43289

-1.02747 0.432893
-1.02729 0.433044

-1.02729 0.433044
-1.02716 0.433153

-1.02716 0.433155
-1.02693 0.43335

-1.02693 0.43335
-1.02686 0.433416

-1.02686 0.433417
-1.02658 0.433655

-1.02658 0.433655
-1.02655 0.433679

-1.02655 0.43368
-1.02625 0.433942

-1.02625 0.433942
-1.02622 0.43396

-1.02622 0.43396
-1.02594 0.434205

-1.02594 0.434205
-1.02587 0.434265

-1.02587 0.434265
-1.02563 0.434467

-1.02563 0.434468
-1.02551 0.43457

-1.02552 0.43457
-1.02533 0.434728

-1.02533 0.434731
-1.02516 0.434875

-1.02516 0.434875
-1.02502 0.434991

-1.02502 0.434992
-1.0248 0.435181

-1.0248 0.435181
-1.02472 0.435253

-1.02472 0.435254
-1.02445 0.435486

-1.02445 0.435486
-1.02441 0.435516

-1.02441 0.435516
-1.02411 0.435778

-1.02411 0.435778
-1.02409 0.435791

-1.02409 0.435791
-1.0238 0.43604

-1.0238 0.43604
-1.02374 0.436096

-1.02374 0.436096
-1.0235 0.436302

-1.0235 0.436303
-1.02338 0.436401

-1.02338 0.436401
-1.02319 0.436563

-1.02319 0.436566
-1.02303 0.436707

-1.02303 0.436707
-1.02289 0.436825

-1.02289 0.436827
-1.02267 0.437012

-1.02267 0.437012
-1.02258 0.437087

-1.02258 0.437088
-1.02232 0.437317

-1.02232 0.437317
-1.02228 0.437349

-1.02228 0.437349
-1.02197 0.437611

-1.02197 0.437611
-1.02196 0.437622

-1.02196 0.437622
-1.02167 0.437872

-1.02167 0.437873
-1.0216 0.437927

-1.0216 0.437927
-1.02136 0.438134

-1.02136 0.438134
-1.02125 0.438232

-1.02125 0.438232
-1.02106 0.438394

-1.02106 0.438397
-1.02089 0.438538

-1.02089 0.438538
-1.02075 0.438656

-1.02075 0.438657
-1.02053 0.438843

-1.02053 0.438843
-1.02045 0.438917

-1.02045 0.438918
-1.02018 0.439148

-1.02018 0.439148
-1.02014 0.439178

-1.02014 0.439179
-1.01984 0.43944

-1.01984 0.43944
-1.01982 0.439453

-1.01982 0.439453
-1.01953 0.439701

-1.01953 0.439701
-1.01946 0.439758

-1.01946 0.439758
-1.01923 0.439962

-1.01923 0.439963
-1.01911 0.440063

-1.01911 0.440063
-1.01892 0.440222

-1.01892 0.440225
-1.01875 0.440369

-1.01875 0.440369
-1.01862 0.440483

-1.01862 0.440484
-1.01839 0.440674

-1.01839 0.440674
-1.01831 0.440744

-1.01831 0.440745
-1.01804 0.440979

-1.01804 0.440979
-1.01801 0.441005

-1.01801 0.441005
-1.0177 0.441266

-1.0177 0.441266
-1.01768 0.441284

-1.01768 0.441284
-1.0174 0.441527

-1.0174 0.441527
-1.01732 0.441589

-1.01732 0.441589
-1.01709 0.441787

-1.01709 0.441788
-1.01696 0.441895

-1.01697 0.441895
-1.01678 0.442046

-1.01678 0.442049
-1.01661 0.4422

-1.01661 0.4422
-1.01648 0.442307

-1.01648 0.442308
-1.01625 0.442505

-1.01625 0.442505
-1.01617 0.442567

-1.01617 0.442568
-1.01589 0.44281

-1.01589 0.44281
-1.01587 0.442828

-1.01587 0.442828
-1.01556 0.443088

-1.01556 0.443089
-1.01553 0.443115

-1.01553 0.443115
-1.01526 0.443349

-1.01526 0.443349
-1.01517 0.44342

-1.01517 0.44342
-1.01495 0.443608

-1.01495 0.44361
-1.01482 0.443726

-1.01482 0.443726
-1.01465 0.443867

-1.01465 0.44387
-1.01446 0.444031

-1.01446 0.444031
-1.01434 0.444128

-1.01434 0.444129
-1.0141 0.444336

-1.0141 0.444336
-1.01404 0.444388

-1.01404 0.444388
-1.01374 0.444641

-1.01374 0.444641
-1.01373 0.444647

-1.01373 0.444648
-1.01343 0.444908

-1.01343 0.444908
-1.01338 0.444946

-1.01338 0.444946
-1.01312 0.445167

-1.01312 0.445168
-1.01302 0.445251

-1.01302 0.445251
-1.01282 0.445426

-1.01282 0.445428
-1.01266 0.445557

-1.01267 0.445557
-1.01251 0.445685

-1.01251 0.445687
-1.01231 0.445862

-1.01231 0.445862
-1.01221 0.445945

-1.01221 0.445946
-1.01195 0.446167

-1.01195 0.446167
-1.0119 0.446205

-1.0119 0.446205
-1.0116 0.446465

-1.0116 0.446465
-1.01159 0.446472

-1.01159 0.446472
-1.01129 0.446724

-1.01129 0.446724
-1.01123 0.446777

-1.01123 0.446777
-1.01099 0.446983

-1.01099 0.446984
-1.01087 0.447083

-1.01087 0.447083
-1.01068 0.447241

-1.01068 0.447244
-1.01051 0.447388

-1.01051 0.447388
-1.01038 0.4475

-1.01038 0.447502
-1.01015 0.447693

-1.01015 0.447693
-1.01007 0.447759

-1.01007 0.44776
-1.00979 0.447998

-1.00979 0.447998
-1.00977 0.448018

-1.00977 0.448019
-1.00946 0.448278

-1.00946 0.448278
-1.00943 0.448303

-1.00943 0.448303
-1.00916 0.448537

-1.00916 0.448537
-1.00907 0.448608

-1.00907 0.448608
-1.00885 0.448795

-1.00885 0.448796
-1.00871 0.448914

-1.00871 0.448914
-1.00854 0.449053

-1.00854 0.449055
-1.00835 0.449219

-1.00835 0.449219
-1.00824 0.449312

-1.00824 0.449313
-1.00799 0.449524

-1.00799 0.449524
-1.00793 0.449571

-1.00793 0.449571
-1.00763 0.449829

-1.00763 0.44983
-1.00732 0.450088

-1.00732 0.450088
-1.00727 0.450134

-1.00727 0.450134
-1.00702 0.450347

-1.00702 0.450347
-1.00691 0.450439

-1.00691 0.450439
-1.00671 0.450604

-1.00671 0.450606
-1.00655 0.450745

-1.00655 0.450745
-1.00641 0.450862

-1.00641 0.450864
-1.00619 0.45105

-1.00619 0.45105
-1.0061 0.451121

-1.0061 0.451121
-1.00583 0.451355

-1.00583 0.451355
-1.0058 0.451379

-1.0058 0.451379
-1.00549 0.451638

-1.00549 0.451638
-1.00547 0.45166

-1.00547 0.45166
-1.00519 0.451896

-1.00519 0.451896
-1.00511 0.451965

-1.00511 0.451965
-1.00488 0.452153

-1.00488 0.452154
-1.00474 0.452271

-1.00475 0.452271
-1.00458 0.45241

-1.00458 0.452412
-1.00438 0.452576

-1.00438 0.452576
-1.00427 0.452668

-1.00427 0.452669
-1.00402 0.452881

-1.00402 0.452881
-1.00397 0.452926

-1.00397 0.452927
-1.00366 0.453185

-1.00366 0.453185
-1.00366 0.453186

-1.00366 0.453186
-1.00336 0.453442

-1.00336 0.453442
-1.0033 0.453491

-1.0033 0.453491
-1.00305 0.4537

-1.00305 0.4537
-1.00294 0.453796

-1.00294 0.453796
-1.00275 0.453957

-1.00275 0.453959
-1.00257 0.454102

-1.00258 0.454102
-1.00244 0.454214

-1.00244 0.454215
-1.00221 0.454407

-1.00221 0.454407
-1.00214 0.454471

-1.00214 0.454472
-1.00185 0.454712

-1.00185 0.454712
-1.00183 0.454729

-1.00183 0.45473
-1.00153 0.454987

-1.00153 0.454987
-1.00149 0.455017

-1.00149 0.455017
-1.00122 0.455244

-1.00122 0.455244
-1.00113 0.455322

-1.00113 0.455322
-1.00092 0.455501

-1.00092 0.455502
-1.00076 0.455627

-1.00077 0.455627
-1.00061 0.455757

-1.00061 0.455759
-1.0004 0.455933

-1.0004 0.455933
-1.00031 0.456014

-1.00031 0.456015
-1.00004 0.456238

-1.00004 0.456238
-1.0 0.456272

-1.0 0.00387974
-0.999695 0.0038733

-0.999695 0.0038733
-0.99939 0.00386688

-0.99939 0.00386688
-0.999084 0.00386048

-0.999084 0.00386048
-0.998779 0.0038541

-0.998779 0.0038541
-0.998474 0.00384774

-0.998474 0.00384774
-0.998169 0.0038414

-0.998169 0.0038414
-0.997864 0.00383509

-0.997864 0.00383509
-0.997559 0.00382879

-0.997559 0.00382879
-0.997253 0.00382249

-0.997253 0.00382249
-0.996948 0.00381621

-0.996948 0.0038162
-0.996643 0.00380999

-0.996643 0.00381002
-0.996338 0.00380386

-0.996338 0.00380385
-0.996033 0.0037977

-0.996033 0.0037977
-0.995728 0.00379156

-0.995728 0.00379156
-0.995422 0.00378543

-0.995422 0.00378543
-0.995117 0.00377932

-0.995117 0.00377932
-0.994812 0.00377322

-0.994812 0.00377322
-0.994507 0.00376714

-0.994507 0.00376714
-0.994202 0.00376108

-0.994202 0.00376108
-0.993896 0.00375503

-0.993896 0.00375503
-0.993591 0.003749

-0.993591 0.003749
-0.993286 0.00374299

-0.993286 0.00374299
-0.992981 0.003737

-0.992981 0.003737
-0.992676 0.00373103

-0.992676 0.00373103
-0.992371 0.00372508

-0.992371 0.00372508
-0.992065 0.00371915

-0.992065 0.00371915
-0.99176 0.00371324

-0.99176 0.00371324
-0.991455 0.00370736

-0.991455 0.00370736
-0.99115 0.0037015

-0.99115 0.0037015
-0.990845 0.00369567

-0.990845 0.00369567
-0.99054 0.00368987

-0.99054 0.00368987
-0.990234 0.0036841

-0.989014 0.00366093
-0.989075 0.00366211

-0.990234 0.0036841
-0.989929 0.00367836

-0.989929 0.00367836
-0.989624 0.00367263

-0.989624 0.00367264
-0.989319 0.00366686

-0.989319 0.00366689
-0.989071 0.00366211

-0.989014 0.00366094
-0.988708 0.00365504

-0.988708 0.00365505
-0.988403 0.00364922

-0.988403 0.00364922
-0.988098 0.00364344

-0.988098 0.00364344
-0.987793 0.0036377

-0.987793 0.0036377
-0.987488 0.003632

-0.987488 0.003632
-0.987183 0.00362632

-0.987183 0.00362633
-0.986877 0.00362068

-0.986877 0.00362068
-0.986572 0.00361506

-0.986572 0.00361506
-0.986267 0.00360946

-0.986267 0.00360946
-0.985962 0.00360388

-0.985962 0.00360388
-0.985657 0.00359833

-0.985657 0.00359833
-0.985352 0.00359281

-0.985352 0.00359281
-0.985046 0.0035873

-0.985046 0.00358731
-0.984741 0.00358183

-0.984741 0.00358183
-0.984436 0.00357637

-0.984436 0.00357637
-0.984131 0.00357093

-0.984131 0.00357093
-0.983826 0.00356552

-0.983826 0.00356552
-0.983521 0.00356013

-0.983521 0.00356013
-0.983215 0.00355477

-0.983215 0.00355477
-0.98291 0.00354943

-0.98291 0.00354943
-0.982605 0.0035441

-0.982605 0.0035441
-0.9823 0.0035388

-0.9823 0.0035388
-0.981995 0.00353353

-0.981995 0.00353353
-0.981689 0.00352827

-0.981689 0.00352827
-0.981384 0.00352303

-0.981384 0.00352304
-0.981079 0.0035178

-0.981079 0.0035178
-0.980774 0.00351256

-0.980774 0.00351254
-0.980469 0.00350735

-0.980469 0.00350737
-0.980164 0.00350224

-0.980164 0.00350224
-0.979858 0.00349714

-0.979858 0.00349714
-0.979553 0.00349207

-0.979553 0.00349207
-0.979248 0.00348702

-0.979248 0.00348701
-0.978943 0.00348199

-0.978943 0.00348199
-0.978638 0.00347698

-0.978638 0.00347698
-0.978333 0.00347201

-0.978333 0.00347201
-0.978027 0.00346705

-0.978027 0.00346705
-0.977722 0.00346213

-0.977722 0.00346213
-0.977417 0.00345722

-0.977417 0.00345722
-0.977112 0.00345234

-0.977112 0.00345234
-0.976807 0.00344749

-0.976807 0.00344749
-0.976501 0.00344265

-0.976501 0.00344265
-0.976196 0.00343784

-0.976196 0.00343784
-0.975891 0.00343305

-0.975891 0.00343305
-0.975586 0.00342827

-0.975586 0.00342827
-0.975281 0.00342351

-0.975281 0.00342351
-0.974976 0.00341877

-0.974976 0.00341877
-0.97467 0.00341403

-0.97467 0.00341403
-0.974365 0.00340931

-0.974365 0.00340931
-0.97406 0.00340459

-0.97406 0.00340459
-0.973755 0.00339986

-0.973755 0.00339986
-0.97345 0.00339514

-0.97345 0.00339514
-0.973145 0.0033904

-0.973145 0.0033904
-0.972839 0.00338564

-0.972839 0.00338564
-0.972534 0.00338085

-0.972534 0.00338085
-0.972229 0.00337603

-0.972229 0.00337603
-0.971924 0.00337115

-0.971924 0.00337116
-0.971619 0.00336621

-0.971619 0.00336622
-0.971313 0.00336116

-0.971008 0.00335589
-0.971069 0.00335693

-0.971313 0.00336118
-0.971065 0.00335693

-0.971008 0.0033559
-0.970703 0.00335064

-0.970703 0.00335064
-0.970398 0.00334542

-0.970398 0.00334542
-0.970093 0.00334022

-0.970093 0.00334022
-0.969788 0.00333505

-0.969788 0.00333505
-0.969482 0.0033299

-0.969482 0.0033299
-0.969177 0.00332478

-0.969177 0.00332478
-0.968872 0.00331968

-0.968872 0.00331968
-0.968567 0.0033146

-0.968567 0.0033146
-0.968262 0.00330954

-0.968262 0.00330954
-0.967957 0.00330449

-0.967957 0.00330449
-0.967651 0.00329947

-0.967651 0.00329947
-0.967346 0.00329446

-0.967346 0.00329446
-0.967041 0.00328947

-0.967041 0.00328947
-0.966736 0.0032845

-0.966736 0.0032845
-0.966431 0.00327954

-0.966431 0.00327954
-0.966125 0.0032746

-0.966125 0.0032746
-0.96582 0.00326967

-0.96582 0.00326967
-0.965515 0.00326476

-0.965515 0.00326476
-0.96521 0.00325987

-0.96521 0.00325987
-0.964905 0.00325499

-0.964905 0.00325499
-0.9646 0.00325012

-0.9646 0.00325012
-0.964294 0.00324527

-0.964294 0.00324527
-0.963989 0.00324043

-0.963989 0.00324043
-0.963684 0.0032356

-0.963684 0.0032356
-0.963379 0.0032308

-0.963379 0.0032308
-0.963074 0.003226

-0.963074 0.003226
-0.962769 0.00322122

-0.962769 0.00322122
-0.962463 0.00321645

-0.962463 0.00321645
-0.962158 0.00321168

-0.962158 0.00321168
-0.961853 0.00320692

-0.961853 0.0032069
-0.961548 0.0032022

-0.961548 0.00320222
-0.961243 0.00319755

-0.961243 0.00319755
-0.960938 0.00319288

-0.960938 0.00319288
-0.960632 0.00318823

-0.960632 0.00318823
-0.960327 0.00318357

-0.960327 0.00318357
-0.960022 0.00317892

-0.960022 0.00317892
-0.959717 0.00317428

-0.959717 0.00317428
-0.959412 0.00316965

-0.959412 0.00316965
-0.959106 0.00316502

-0.959106 0.00316502
-0.958801 0.0031604

-0.958801 0.0031604
-0.958496 0.00315578

-0.958496 0.00315578
-0.958191 0.00315117

-0.958191 0.00315117
-0.957886 0.00314656

-0.957886 0.00314656
-0.957581 0.00314196

-0.957581 0.00314196
-0.957275 0.00313737

-0.957275 0.00313737
-0.95697 0.00313278

-0.95697 0.00313278
-0.956665 0.0031282

-0.956665 0.0031282
-0.95636 0.00312362

-0.95636 0.00312362
-0.956055 0.00311905

-0.956055 0.00311905
-0.95575 0.00311448

-0.95575 0.00311448
-0.955444 0.00310993

-0.955444 0.00310993
-0.955139 0.00310538

-0.955139 0.00310538
-0.954834 0.00310085

-0.954834 0.00310084
-0.954529 0.00309632

-0.954529 0.00309632
-0.954224 0.00309181

-0.954224 0.00309181
-0.953918 0.00308731

-0.953918 0.00308731
-0.953613 0.00308282

-0.953613 0.00308282
-0.953308 0.00307836

-0.953308 0.00307836
-0.953003 0.00307391

-0.953003 0.00307391
-0.952698 0.00306948

-0.952698 0.00306948
-0.952393 0.00306508

-0.952393 0.00306508
-0.952087 0.00306068

-0.952087 0.00306069
-0.951782 0.00305626

-0.951477 0.0030517
-0.951481 0.00305176

-0.951477 0.00305171
-0.951172 0.00304716

-0.951782 0.00305628
-0.951477 0.00305176

-0.951172 0.00304717
-0.950867 0.00304267

-0.950867 0.00304267
-0.950562 0.00303821

-0.950562 0.00303821
-0.950256 0.00303377

-0.950256 0.00303378
-0.949951 0.00302937

-0.949951 0.00302937
-0.949646 0.00302498

-0.949646 0.00302498
-0.949341 0.00302061

-0.949341 0.00302061
-0.949036 0.00301626

-0.949036 0.00301626
-0.94873 0.00301193

-0.94873 0.00301193
-0.948425 0.00300761

-0.948425 0.00300761
-0.94812 0.00300331

-0.94812 0.00300331
-0.947815 0.00299903

-0.947815 0.00299903
-0.94751 0.00299477

-0.94751 0.00299477
-0.947205 0.00299052

-0.947205 0.00299052
-0.946899 0.00298629

-0.946899 0.00298629
-0.946594 0.00298208

-0.946594 0.00298208
-0.946289 0.00297788

-0.946289 0.00297788
-0.945984 0.0029737

-0.945984 0.0029737
-0.945679 0.00296954

-0.945679 0.00296954
-0.945374 0.0029654

-0.945374 0.0029654
-0.945068 0.00296126

-0.945068 0.00296126
-0.944763 0.00295715

-0.944763 0.00295715
-0.944458 0.00295305

-0.944458 0.00295305
-0.944153 0.00294897

-0.944153 0.00294897
-0.943848 0.0029449

-0.943848 0.0029449
-0.943542 0.00294085

-0.943542 0.00294085
-0.943237 0.00293681

-0.943237 0.00293681
-0.942932 0.00293279

-0.942932 0.00293279
-0.942627 0.00292878

-0.942627 0.00292878
-0.942322 0.00292478

-0.942322 0.00292478
-0.942017 0.0029208

-0.942017 0.0029208
-0.941711 0.00291683

-0.941711 0.00291683
-0.941406 0.00291287

-0.941406 0.00291287
-0.941101 0.00290892

-0.941101 0.00290892
-0.940796 0.00290497

-0.940796 0.00290496
-0.940491 0.00290101

-0.940491 0.00290099
-0.940186 0.00289708

-0.940186 0.00289709
-0.93988 0.00289322

-0.93988 0.00289322
-0.939575 0.00288936

-0.939575 0.00288936
-0.93927 0.00288551

-0.93927 0.00288551
-0.938965 0.00288168

-0.938965 0.00288168
-0.93866 0.00287787

-0.93866 0.00287787
-0.938354 0.00287407

-0.938354 0.00287407
-0.938049 0.00287029

-0.938049 0.00287029
-0.937744 0.00286652

-0.937744 0.00286652
-0.937439 0.00286277

-0.937439 0.00286277
-0.937134 0.00285904

-0.937134 0.00285904
-0.936829 0.00285533

-0.936829 0.00285533
-0.936523 0.00285163

-0.936523 0.00285163
-0.936218 0.00284796

-0.936218 0.00284796
-0.935913 0.0028443

-0.935913 0.0028443
-0.935608 0.00284065

-0.935608 0.00284065
-0.935303 0.00283703

-0.935303 0.00283703
-0.934998 0.00283342

-0.934998 0.00283342
-0.934692 0.00282983

-0.934692 0.00282983
-0.934387 0.00282626

-0.934387 0.00282626
-0.934082 0.00282271

-0.934082 0.00282271
-0.933777 0.00281918

-0.933777 0.00281918
-0.933472 0.00281566

-0.933472 0.00281566
-0.933167 0.00281217

-0.933167 0.00281217
-0.932861 0.00280868

-0.932861 0.00280868
-0.932556 0.00280522

-0.932556 0.00280522
-0.932251 0.00280177

-0.932251 0.00280177
-0.931946 0.00279833

-0.931946 0.00279833
-0.931641 0.00279491

-0.931641 0.00279491
-0.931335 0.0027915

-0.931335 0.0027915
-0.93103 0.00278809

-0.93103 0.00278809
-0.930725 0.00278469

-0.930725 0.00278469
-0.93042 0.00278129

-0.93042 0.00278129
-0.930115 0.00277789

-0.930115 0.00277789
-0.92981 0.00277448

-0.92981 0.00277448
-0.929504 0.00277106

-0.929504 0.00277106
-0.929199 0.00276762

-0.929199 0.00276762
-0.928894 0.00276414

-0.928894 0.00276414
-0.928589 0.00276062

-0.928589 0.00276063
-0.928284 0.00275706

-0.928284 0.00275706
-0.927979 0.00275342

-0.927979 0.00275343
-0.927673 0.0027497

-0.927368 0.00274582
-0.927429 0.00274658

-0.927673 0.00274971
-0.927425 0.00274658

-0.927368 0.00274582
-0.927063 0.00274195

-0.927063 0.00274196
-0.926758 0.00273812

-0.926758 0.00273812
-0.926453 0.0027343

-0.926453 0.00273431
-0.926147 0.00273051

-0.926147 0.00273051
-0.925842 0.00272674

-0.925842 0.00272674
-0.925537 0.00272299

-0.925537 0.00272299
-0.925232 0.00271926

-0.925232 0.00271926
-0.924927 0.00271555

-0.924927 0.00271555
-0.924622 0.00271186

-0.924622 0.00271186
-0.924316 0.00270818

-0.924316 0.00270818
-0.924011 0.00270452

-0.924011 0.00270452
-0.923706 0.00270087

-0.923706 0.00270087
-0.923401 0.00269724

-0.923401 0.00269724
-0.923096 0.00269362

-0.923096 0.00269362
-0.922791 0.00269002

-0.922791 0.00269002
-0.922485 0.00268642

-0.922485 0.00268642
-0.92218 0.00268284

-0.92218 0.00268284
-0.921875 0.00267928

-0.921875 0.00267928
-0.92157 0.00267572

-0.92157 0.00267572
-0.921265 0.00267217

-0.921265 0.00267217
-0.920959 0.00266864

-0.920959 0.00266864
-0.920654 0.00266511

-0.920654 0.00266511
-0.920349 0.0026616

-0.920349 0.0026616
-0.920044 0.00265809

-0.920044 0.00265809
-0.919739 0.0026546

-0.919739 0.0026546
-0.919434 0.00265111

-0.919434 0.00265111
-0.919128 0.00264763

-0.919128 0.00264763
-0.918823 0.00264416

-0.918823 0.00264416
-0.918518 0.0026407

-0.918518 0.0026407
-0.918213 0.00263725

-0.918213 0.00263725
-0.917908 0.0026338

-0.917908 0.0026338
-0.917603 0.00263037

-0.917603 0.00263037
-0.917297 0.00262694

-0.917297 0.00262694
-0.916992 0.00262352

-0.916992 0.00262352
-0.916687 0.00262011

-0.916687 0.00262011
-0.916382 0.00261671

-0.916382 0.00261671
-0.916077 0.00261332

-0.916077 0.00261332
-0.915771 0.00260993

-0.915771 0.00260993
-0.915466 0.00260656

-0.915466 0.00260656
-0.915161 0.00260319

-0.915161 0.00260319
-0.914856 0.00259983

-0.914856 0.00259983
-0.914551 0.00259648

-0.914551 0.00259647
-0.914246 0.00259315

-0.914246 0.00259316
-0.91394 0.00258984

-0.91394 0.00258984
-0.913635 0.00258652

-0.913635 0.00258652
-0.91333 0.0025832

-0.91333 0.0025832
-0.913025 0.00257987

-0.913025 0.00257987
-0.91272 0.00257654

-0.91272 0.00257654
-0.912415 0.00257319

-0.912415 0.00257319
-0.912109 0.00256984

-0.912109 0.00256984
-0.911804 0.00256648

-0.911804 0.00256648
-0.911499 0.00256311

-0.911499 0.00256311
-0.911194 0.00255973

-0.911194 0.00255973
-0.910889 0.00255633

-0.910889 0.00255633
-0.910583 0.00255292

-0.910583 0.00255292
-0.910278 0.00254949

-0.910278 0.00254949
-0.909973 0.00254604

-0.909973 0.00254604
-0.909668 0.00254258

-0.909668 0.00254258
-0.909363 0.00253909

-0.909363 0.00253909
-0.909058 0.00253559

-0.909058 0.00253559
-0.908752 0.00253206

-0.908752 0.00253206
-0.908447 0.00252852

-0.908447 0.00252852
-0.908142 0.00252495

-0.908142 0.00252495
-0.907837 0.00252137

-0.907837 0.00252137
-0.907532 0.00251776

-0.907532 0.00251776
-0.907227 0.00251414

-0.907227 0.00251414
-0.906921 0.0025105

-0.906921 0.0025105
-0.906616 0.00250685

-0.906616 0.00250684
-0.906311 0.00250318

-0.906311 0.00250318
-0.906006 0.00249951

-0.906006 0.00249951
-0.905701 0.00249583

-0.905701 0.00249583
-0.905396 0.00249215

-0.905396 0.00249215
-0.90509 0.00248847

-0.90509 0.00248847
-0.904785 0.0024848

-0.904785 0.0024848
-0.90448 0.00248114

-0.90448 0.00248114
-0.904175 0.0024775

-0.904175 0.0024775
-0.90387 0.00247388

-0.90387 0.00247388
-0.903564 0.00247029

-0.903564 0.00247029
-0.903259 0.00246673

-0.903259 0.00246673
-0.902954 0.00246321

-0.902954 0.00246321
-0.902649 0.00245973

-0.902649 0.00245973
-0.902344 0.0024563

-0.900818 0.00243962
-0.900982 0.00244141

-0.900818 0.00243962
-0.900513 0.00243634

-0.900513 0.00243634
-0.900208 0.00243312

-0.900208 0.00243312
-0.899902 0.00242993

-0.902344 0.0024563
-0.902039 0.00245292

-0.902039 0.00245292
-0.901733 0.00244958

-0.901733 0.00244959
-0.901428 0.00244627

-0.901428 0.00244627
-0.901123 0.00244295

-0.901123 0.00244295
-0.900981 0.00244141

-0.899902 0.00242993
-0.899597 0.00242678

-0.899597 0.00242679
-0.899292 0.00242367

-0.899292 0.00242367
-0.898987 0.00242058

-0.898987 0.00242058
-0.898682 0.00241752

-0.898682 0.00241752
-0.898376 0.00241448

-0.898376 0.00241448
-0.898071 0.00241148

-0.898071 0.00241148
-0.897766 0.0024085

-0.897766 0.0024085
-0.897461 0.00240555

-0.897461 0.00240555
-0.897156 0.00240262

-0.897156 0.00240262
-0.896851 0.00239973

-0.896851 0.00239973
-0.896545 0.00239686

-0.896545 0.00239686
-0.89624 0.00239402

-0.89624 0.00239402
-0.895935 0.00239121

-0.895935 0.00239121
-0.89563 0.00238843

-0.89563 0.00238843
-0.895325 0.00238567

-0.895325 0.00238567
-0.89502 0.00238295

-0.89502 0.00238295
-0.894714 0.00238025

-0.894714 0.00238025
-0.894409 0.00237758

-0.894409 0.00237758
-0.894104 0.00237495

-0.894104 0.00237495
-0.893799 0.00237234

-0.893799 0.00237234
-0.893494 0.00236976

-0.893494 0.00236976
-0.893188 0.00236721

-0.893188 0.00236721
-0.892883 0.00236469

-0.892883 0.00236469
-0.892578 0.00236219

-0.892578 0.00236219
-0.892273 0.00235973

-0.892273 0.00235973
-0.891968 0.0023573

-0.891968 0.0023573
-0.891663 0.0023549

-0.891663 0.0023549
-0.891357 0.00235252

-0.891357 0.00235252
-0.891052 0.00235017

-0.891052 0.00235017
-0.890747 0.00234786

-0.890747 0.00234786
-0.890442 0.00234557

-0.890442 0.00234557
-0.890137 0.0023433

-0.890137 0.0023433
-0.889832 0.00234107

-0.889832 0.00234107
-0.889526 0.00233886

-0.889526 0.00233886
-0.889221 0.00233667

-0.889221 0.00233667
-0.888916 0.00233452

-0.888916 0.00233452
-0.888611 0.00233238

-0.888611 0.00233238
-0.888306 0.00233027

-0.888306 0.00233027
-0.888 0.00232818

-0.888 0.00232818
-0.887695 0.00232611

-0.887695 0.00232611
-0.88739 0.00232405

-0.88739 0.00232406
-0.887085 0.00232202

-0.887085 0.00232202
-0.88678 0.00232001

-0.88678 0.00232001
-0.886475 0.002318

-0.886475 0.002318
-0.886169 0.00231602

-0.886169 0.00231602
-0.885864 0.00231404

-0.885864 0.00231404
-0.885559 0.00231208

-0.885559 0.00231208
-0.885254 0.00231012

-0.885254 0.00231012
-0.884949 0.00230817

-0.884949 0.00230817
-0.884644 0.00230622

-0.884644 0.00230622
-0.884338 0.00230428

-0.884338 0.00230428
-0.884033 0.00230234

-0.884033 0.00230234
-0.883728 0.0023004

-0.883728 0.0023004
-0.883423 0.00229846

-0.883423 0.00229846
-0.883118 0.00229652

-0.883118 0.00229652
-0.882812 0.00229457

-0.882812 0.00229457
-0.882507 0.00229262

-0.882507 0.00229262
-0.882202 0.00229065

-0.882202 0.00229065
-0.881897 0.00228868

-0.881897 0.00228867
-0.881592 0.00228669

-0.881592 0.00228669
-0.881287 0.00228472

-0.881287 0.00228472
-0.880981 0.00228274

-0.880981 0.00228274
-0.880676 0.00228076

-0.880676 0.00228076
-0.880371 0.00227878

-0.880371 0.00227878
-0.880066 0.00227679

-0.880066 0.00227679
-0.879761 0.0022748

-0.879761 0.0022748
-0.879456 0.00227281

-0.879456 0.00227281
-0.87915 0.0022708

-0.87915 0.0022708
-0.878845 0.00226879

-0.878845 0.00226879
-0.87854 0.00226678

-0.87854 0.00226678
-0.878235 0.00226475

-0.878235 0.00226475
-0.87793 0.00226272

-0.87793 0.00226272
-0.877625 0.00226068

-0.877625 0.00226068
-0.877319 0.00225863

-0.877319 0.00225863
-0.877014 0.00225657

-0.877014 0.00225657
-0.876709 0.0022545

-0.876709 0.0022545
-0.876404 0.00225242

-0.876404 0.00225242
-0.876099 0.00225033

-0.876099 0.00225033
-0.875793 0.00224822

-0.875793 0.00224822
-0.875488 0.00224611

-0.875488 0.00224611
-0.875183 0.00224399

-0.875183 0.00224399
-0.874878 0.00224186

-0.874878 0.00224186
-0.874573 0.00223972

-0.874573 0.00223972
-0.874268 0.00223757

-0.874268 0.00223757
-0.873962 0.0022354

-0.873962 0.0022354
-0.873657 0.00223322

-0.873657 0.00223322
-0.873352 0.00223104

-0.873352 0.00223104
-0.873047 0.00222884

-0.873047 0.00222884
-0.872742 0.00222662

-0.872742 0.00222662
-0.872437 0.0022244

-0.872437 0.0022244
-0.872131 0.00222216

-0.872131 0.00222216
-0.871826 0.00221991

-0.871826 0.00221991
-0.871521 0.00221764

-0.871521 0.00221764
-0.871216 0.00221536

-0.871216 0.00221536
-0.870911 0.00221306

-0.870911 0.00221306
-0.870605 0.00221074

-0.870605 0.00221074
-0.8703 0.0022084

-0.8703 0.0022084
-0.869995 0.00220604

-0.869995 0.00220604
-0.86969 0.00220367

-0.86969 0.00220367
-0.869385 0.00220126

-0.869385 0.00220127
-0.86908 0.00219884

-0.86908 0.00219884
-0.868774 0.00219639

-0.868774 0.00219639
-0.868469 0.00219392

-0.868469 0.00219392
-0.868164 0.00219142

-0.868164 0.00219142
-0.867859 0.00218889

-0.867859 0.00218889
-0.867554 0.00218633

-0.867554 0.00218633
-0.867249 0.00218375

-0.867249 0.00218375
-0.866943 0.00218114

-0.866943 0.00218114
-0.866638 0.0021785

-0.866638 0.0021785
-0.866333 0.00217583

-0.866333 0.00217583
-0.866028 0.00217313

-0.866028 0.00217313
-0.865723 0.00217041

-0.865723 0.00217041
-0.865417 0.00216767

-0.865417 0.00216767
-0.865112 0.0021649

-0.865112 0.0021649
-0.864807 0.00216211

-0.864807 0.00216211
-0.864502 0.00215929

-0.864502 0.00215929
-0.864197 0.00215646

-0.864197 0.00215646
-0.863892 0.00215361

-0.863892 0.00215361
-0.863586 0.00215075

-0.863586 0.00215075
-0.863281 0.00214787

-0.863281 0.00214787
-0.862976 0.00214498

-0.862976 0.00214498
-0.862671 0.0021421

-0.862671 0.0021421
-0.862366 0.00213924

-0.862366 0.00213923
-0.862061 0.00213642

-0.861755 0.00213368
-0.862039 0.00213623

-0.862061 0.00213642
-0.862039 0.00213623

-0.861755 0.00213367
-0.86145 0.002131

-0.86145 0.002131
-0.861145 0.00212842

-0.861145 0.00212842
-0.86084 0.00212595

-0.86084 0.00212595
-0.860535 0.0021236

-0.860535 0.0021236
-0.860229 0.00212139

-0.860229 0.00212138
-0.859924 0.00211931

-0.859924 0.00211931
-0.859619 0.00211739

-0.859619 0.00211739
-0.859314 0.00211565

-0.859314 0.00211564
-0.859009 0.0021141

-0.859009 0.00211409
-0.858704 0.00211275

-0.858704 0.00211275
-0.858398 0.00211165

-0.858398 0.00211164
-0.858093 0.0021108

-0.858093 0.00211079
-0.857788 0.00211024

-0.857788 0.00211023
-0.857483 0.00210999

-0.857483 0.00210998
-0.857178 0.00211007

-0.857178 0.00211007
-0.856873 0.00211052

-0.856873 0.00211051
-0.856567 0.00211134

-0.856567 0.00211134
-0.856262 0.00211257

-0.856262 0.00211257
-0.855957 0.00211421

-0.855957 0.00211421
-0.855652 0.00211628

-0.855652 0.00211628
-0.855347 0.00211877

-0.855347 0.00211877
-0.855042 0.00212167

-0.855042 0.00212168
-0.854736 0.00212499

-0.854736 0.002125
-0.854431 0.00212869

-0.854431 0.00212871
-0.854126 0.00213273

-0.854126 0.00213277
-0.853879 0.00213623

-0.853872 0.00213623
-0.853821 0.00213695

-0.853821 0.00213693
-0.853516 0.00214161

-0.853516 0.00214161
-0.85321 0.0021469

-0.85321 0.00214689
-0.852905 0.00215283

-0.852905 0.00215281
-0.8526 0.00215947

-0.8526 0.00215945
-0.852295 0.00216691

-0.852295 0.00216688
-0.85199 0.00217526

-0.85199 0.00217522
-0.851685 0.0021847

-0.851685 0.00218463
-0.851379 0.00219543

-0.851379 0.00219534
-0.851074 0.00220777

-0.851074 0.00220766
-0.850769 0.00222212

-0.850769 0.00222201
-0.850464 0.00223896

-0.850464 0.00223883
-0.850159 0.00225871

-0.850159 0.00225843
-0.849854 0.00228207

-0.849854 0.00228138
-0.849548 0.00231075

-0.849548 0.00231079
-0.849243 0.00234717

-0.849243 0.00234674
-0.848938 0.0023909

-0.848938 0.00239082
-0.848646 0.00244141

-0.848648 0.00244141
-0.848633 0.0024441

-0.848633 0.00244277
-0.848328 0.00250654

-0.848328 0.00250597
-0.848022 0.00258372

-0.848022 0.00258277
-0.847717 0.00267752

-0.847717 0.00267792
-0.847531 0.00274658

-0.847533 0.00274658
-0.847412 0.00279091

-0.847412 0.00278956
-0.847107 0.00292014

-0.847107 0.00292008
-0.846839 0.00305176

-0.846846 0.00305176
-0.846802 0.00307337

-0.846802 0.00307122
-0.846497 0.00323832

-0.846497 0.00323827
-0.846297 0.00335693

-0.846301 0.00335693
-0.846191 0.00342193

-0.846191 0.00342134
-0.845886 0.00361265

-0.845886 0.00361367
-0.84581 0.00366211

-0.845812 0.00366211
-0.845581 0.00381064

-0.845581 0.00381077
-0.845337 0.00396729

-0.84534 0.00396729
-0.845276 0.00400766

-0.845276 0.00400838
-0.844971 0.00420061

-0.844971 0.0042009
-0.844852 0.00427246

-0.844853 0.00427246
-0.844666 0.00438601

-0.844666 0.00438636
-0.84436 0.00456115

-0.84436 0.00456057
-0.844328 0.00457764

-0.84433 0.00457764
-0.844055 0.00472483

-0.844055 0.00472515
-0.84375 0.00487544

-0.84375 0.00487436
-0.843731 0.00488281

-0.843733 0.00488281
-0.843445 0.00501221

-0.843445 0.0050125
-0.84314 0.0051358

-0.84314 0.00513599
-0.842994 0.00518799

-0.842993 0.00518799
-0.842834 0.00524461

-0.842834 0.0052449
-0.842529 0.00534063

-0.842529 0.0053408
-0.842224 0.00542272

-0.842224 0.00542301
-0.841919 0.0054902

-0.841919 0.00548894
-0.841895 0.00549316

-0.841899 0.00549316
-0.841614 0.00554267

-0.841614 0.00554281
-0.841309 0.00558214

-0.841309 0.00558217
-0.841003 0.00560744

-0.841003 0.0056075
-0.840698 0.00561857

-0.840698 0.00561861
-0.840393 0.00561528

-0.840393 0.00561536
-0.840088 0.00559738

-0.840088 0.00559752
-0.839783 0.00556442

-0.839783 0.00556456
-0.839478 0.00551575

-0.839172 0.00545098
-0.839371 0.00549316

-0.839172 0.00545121
-0.838867 0.0053696

-0.839478 0.00551566
-0.839372 0.00549316

-0.837646 0.00485145
-0.837706 0.00488281

-0.837646 0.0048539
-0.837341 0.00466832

-0.837036 0.00445585
-0.83721 0.00457764

-0.837341 0.00466786
-0.83721 0.00457764

-0.836731 0.00420899
-0.836808 0.00427246

-0.836426 0.00392695
-0.836467 0.00396729

-0.836731 0.00421266
-0.836464 0.00396729

-0.837036 0.00445683
-0.836805 0.00427246

-0.835205 0.0021043
-0.835217 0.00213623

-0.835217 0.00213623
-0.835356 0.00244141

-0.834791 0.0
-0.834799 0.000305176

-0.834798 0.000305176
-0.834822 0.000610352

-0.8349 0.00109482
-0.834925 0.0012207

-0.834822 0.000610352
-0.834865 0.000915527

-0.8349 0.00109507
-0.834865 0.000915527

-0.834924 0.0012207
-0.835003 0.00152588

-0.835003 0.00152588
-0.8351 0.00183105

-0.835205 0.0021043
-0.8351 0.00183105

-0.836121 0.00359794
-0.836175 0.00366211

-0.835815 0.0032048
-0.835924 0.00335693

-0.836121 0.00359744
-0.835923 0.00335693

-0.83551 0.00273063
-0.835519 0.00274658

-0.835518 0.00274658
-0.835707 0.00305176

-0.83551 0.00273062
-0.835356 0.00244141

-0.835815 0.00320582
-0.835707 0.00305176

-0.836426 0.00392913
-0.836174 0.00366211

-0.838867 0.00536996
-0.838562 0.00527028

-0.838257 0.00515097
-0.838352 0.00518799

-0.838562 0.00527067
-0.838349 0.00518799

-0.838257 0.00515241
-0.837952 0.00501363

-0.837952 0.00501432
-0.837702 0.00488281

-1.0 0.456272
-0.999695 0.456529

-0.999695 0.456529
-0.999678 0.456543

-0.999678 0.456543
-0.99939 0.456786

-0.99939 0.456786
-0.999316 0.456848

-0.999316 0.456848
-0.999084 0.457043

-0.999084 0.457044
-0.998953 0.457153

-0.998954 0.457153
-0.998779 0.457298

-0.998779 0.457301
-0.99859 0.457458

-0.998591 0.457458
-0.998474 0.457555

-0.998474 0.457556
-0.998228 0.457764

-0.998227 0.457764
-0.998169 0.457812

-0.998169 0.457813
-0.997865 0.458069

-0.997864 0.458069
-0.997864 0.458069

-0.997864 0.45807
-0.997559 0.458326

-0.997559 0.458326
-0.997501 0.458374

-0.997502 0.458374
-0.997253 0.458583

-0.997253 0.458583
-0.997138 0.458679

-0.997139 0.458679
-0.996948 0.458838

-0.996948 0.45884
-0.996774 0.458984

-0.996776 0.458984
-0.996643 0.459094

-0.996643 0.459096
-0.996412 0.45929

-0.996411 0.45929
-0.996338 0.459351

-0.996338 0.459352
-0.996048 0.459595

-0.996048 0.459595
-0.996033 0.459607

-0.996033 0.459608
-0.995728 0.459864

-0.995728 0.459864
-0.995685 0.4599

-0.995685 0.4599
-0.995422 0.46012

-0.995422 0.460121
-0.995321 0.460205

-0.995322 0.460205
-0.995117 0.460376

-0.995117 0.460378
-0.994956 0.46051

-0.994958 0.46051
-0.994812 0.460631

-0.994812 0.460633
-0.994594 0.460815

-0.994593 0.460815
-0.994507 0.460887

-0.994507 0.460888
-0.99423 0.461121

-0.994229 0.461121
-0.994202 0.461143

-0.994202 0.461144
-0.993896 0.4614

-0.993896 0.4614
-0.993866 0.461426

-0.993866 0.461426
-0.993591 0.461656

-0.993591 0.461656
-0.993501 0.461731

-0.993502 0.461731
-0.993286 0.461911

-0.993286 0.461913
-0.993136 0.462036

-0.993138 0.462036
-0.992981 0.462166

-0.992981 0.462168
-0.992773 0.462341

-0.992773 0.462341
-0.992676 0.462422

-0.992676 0.462423
-0.992409 0.462646

-0.992408 0.462646
-0.992371 0.462678

-0.992371 0.462678
-0.992065 0.462934

-0.992065 0.462934
-0.992044 0.462952

-0.992044 0.462952
-0.99176 0.463189

-0.99176 0.463189
-0.991679 0.463257

-0.99168 0.463257
-0.991455 0.463445

-0.991455 0.463446
-0.991314 0.463562

-0.991316 0.463562
-0.99115 0.463699

-0.99115 0.463701
-0.99095 0.463867

-0.99095 0.463867
-0.990845 0.463954

-0.990845 0.463955
-0.990585 0.464172

-0.990585 0.464172
-0.99054 0.46421

-0.99054 0.46421
-0.990234 0.464466

-0.990234 0.464466
-0.99022 0.464478

-0.99022 0.464478
-0.989929 0.464721

-0.989929 0.464721
-0.989855 0.464783

-0.989855 0.464783
-0.989624 0.464976

-0.989624 0.464977
-0.989489 0.465088

-0.989491 0.465088
-0.989319 0.46523

-0.989319 0.465232
-0.989124 0.465393

-0.989125 0.465393
-0.989014 0.465485

-0.989014 0.465486
-0.98876 0.465698

-0.988759 0.465698
-0.988708 0.46574

-0.988708 0.465741
-0.988403 0.465996

-0.988403 0.465996
-0.988394 0.466003

-0.988394 0.466003
-0.988098 0.46625

-0.988098 0.466251
-0.988028 0.466309

-0.988029 0.466309
-0.987793 0.466505

-0.987793 0.466506
-0.987662 0.466614

-0.987664 0.466614
-0.987488 0.466759

-0.987488 0.466761
-0.987297 0.466919

-0.987297 0.466919
-0.987183 0.467014

-0.987183 0.467015
-0.986931 0.467224

-0.986931 0.467224
-0.986877 0.467268

-0.986877 0.467269
-0.986572 0.467524

-0.986572 0.467524
-0.986565 0.467529

-0.986565 0.467529
-0.986267 0.467778

-0.986267 0.467778
-0.986199 0.467834

-0.9862 0.467834
-0.985962 0.468033

-0.985962 0.468033
-0.985833 0.46814

-0.985834 0.46814
-0.985657 0.468286

-0.985657 0.468288
-0.985467 0.468445

-0.985467 0.468445
-0.985352 0.46854

-0.985352 0.468541
-0.985101 0.46875

-0.9851 0.46875
-0.985046 0.468795

-0.985046 0.468795
-0.984741 0.46905

-0.984741 0.46905
-0.984735 0.469055

-0.984735 0.469055
-0.984436 0.469304

-0.984436 0.469304
-0.984368 0.46936

-0.984368 0.46936
-0.984131 0.469558

-0.984131 0.469559
-0.984001 0.469666

-0.984003 0.469666
-0.983826 0.469811

-0.983826 0.469813
-0.983635 0.469971

-0.983635 0.469971
-0.983521 0.470065

-0.983521 0.470066
-0.983268 0.470276

-0.983268 0.470276
-0.983215 0.470319

-0.983215 0.47032
-0.98291 0.470574

-0.98291 0.470574
-0.982902 0.470581

-0.982902 0.470581
-0.982605 0.470828

-0.982605 0.470828
-0.982534 0.470886

-0.982535 0.470886
-0.9823 0.471082

-0.9823 0.471082
-0.982167 0.471191

-0.982169 0.471191
-0.981995 0.471334

-0.981995 0.471336
-0.9818 0.471497

-0.981801 0.471497
-0.981689 0.471588

-0.981689 0.471589
-0.981434 0.471802

-0.981433 0.471802
-0.981384 0.471842

-0.981384 0.471843
-0.981079 0.472096

-0.981079 0.472096
-0.981066 0.472107

-0.981066 0.472107
-0.980774 0.47235

-0.980774 0.47235
-0.980699 0.472412

-0.980699 0.472412
-0.980469 0.472603

-0.980469 0.472604
-0.980331 0.472717

-0.980333 0.472717
-0.980164 0.472856

-0.980164 0.472857
-0.979964 0.473022

-0.979964 0.473022
-0.979858 0.473109

-0.979858 0.47311
-0.979596 0.473328

-0.979596 0.473328
-0.979553 0.473363

-0.979553 0.473363
-0.979248 0.473617

-0.979248 0.473617
-0.979229 0.473633

-0.979229 0.473633
-0.978943 0.47387

-0.978943 0.47387
-0.978861 0.473938

-0.978861 0.473938
-0.978638 0.474123

-0.978638 0.474124
-0.978492 0.474243

-0.978494 0.474243
-0.978333 0.474375

-0.978333 0.474377
-0.978125 0.474548

-0.978125 0.474548
-0.978027 0.474628

-0.978027 0.474629
-0.977757 0.474854

-0.977756 0.474854
-0.977722 0.474882

-0.977722 0.474882
-0.977417 0.475135

-0.977417 0.475135
-0.977389 0.475159

-0.977389 0.475159
-0.977112 0.475388

-0.977112 0.475389
-0.97702 0.475464

-0.977021 0.475464
-0.976807 0.475641

-0.976807 0.475642
-0.976651 0.475769

-0.976653 0.475769
-0.976501 0.475893

-0.976501 0.475894
-0.976284 0.476074

-0.976284 0.476074
-0.976196 0.476146

-0.976196 0.476147
-0.975915 0.476379

-0.975915 0.476379
-0.975891 0.476399

-0.975891 0.476399
-0.975586 0.476652

-0.975586 0.476652
-0.975547 0.476685

-0.975547 0.476685
-0.975281 0.476905

-0.975281 0.476905
-0.975178 0.47699

-0.975179 0.47699
-0.974976 0.477157

-0.974976 0.477159
-0.974808 0.477295

-0.97481 0.477295
-0.97467 0.477409

-0.97467 0.47741
-0.974441 0.4776

-0.97444 0.4776
-0.974365 0.477662

-0.974365 0.477662
-0.974072 0.477905

-0.974071 0.477905
-0.97406 0.477914

-0.97406 0.477915
-0.973755 0.478167

-0.973755 0.478167
-0.973702 0.47821

-0.973703 0.47821
-0.97345 0.47842

-0.97345 0.47842
-0.973333 0.478516

-0.973334 0.478516
-0.973145 0.478671

-0.973145 0.478673
-0.972964 0.478821

-0.972965 0.478821
-0.972839 0.478923

-0.972839 0.478924
-0.972595 0.479126

-0.972594 0.479126
-0.972534 0.479175

-0.972534 0.479176
-0.972229 0.479428

-0.972229 0.479428
-0.972226 0.479431

-0.972226 0.479431
-0.971924 0.47968

-0.971924 0.479681
-0.971856 0.479736

-0.971856 0.479736
-0.971619 0.479932

-0.971619 0.479933
-0.971486 0.480042

-0.971488 0.480042
-0.971313 0.480184

-0.971313 0.480185
-0.971117 0.480347

-0.971117 0.480347
-0.971008 0.480435

-0.971008 0.480437
-0.970747 0.480652

-0.970747 0.480652
-0.970703 0.480688

-0.970703 0.480688
-0.970398 0.48094

-0.970398 0.48094
-0.970377 0.480957

-0.970377 0.480957
-0.970093 0.481192

-0.970093 0.481192
-0.970007 0.481262

-0.970008 0.481262
-0.969788 0.481444

-0.969788 0.481445
-0.969637 0.481567

-0.969639 0.481567
-0.969482 0.481694

-0.969482 0.481696
-0.969268 0.481873

-0.969267 0.481873
-0.969177 0.481946

-0.969177 0.481947
-0.968897 0.482178

-0.968897 0.482178
-0.968872 0.482198

-0.968872 0.482199
-0.968567 0.48245

-0.968567 0.48245
-0.968527 0.482483

-0.968527 0.482483
-0.968262 0.482702

-0.968262 0.482702
-0.968156 0.482788

-0.968157 0.482788
-0.967957 0.482953

-0.967957 0.482954
-0.967786 0.483093

-0.967787 0.483093
-0.967651 0.483203

-0.967651 0.483205
-0.967416 0.483398

-0.967416 0.483398
-0.967346 0.483455

-0.967346 0.483456
-0.967045 0.483704

-0.967045 0.483704
-0.967041 0.483707

-0.967041 0.483707
-0.966736 0.483959

-0.966736 0.483959
-0.966675 0.484009

-0.966675 0.484009
-0.966431 0.48421

-0.966431 0.484211
-0.966303 0.484314

-0.966305 0.484314
-0.966125 0.48446

-0.966125 0.484462
-0.965933 0.484619

-0.965933 0.484619
-0.96582 0.484711

-0.96582 0.484712
-0.965562 0.484924

-0.965562 0.484924
-0.965515 0.484962

-0.965515 0.484963
-0.96521 0.485214

-0.96521 0.485214
-0.965191 0.485229

-0.965191 0.485229
-0.964905 0.485465

-0.964905 0.485465
-0.96482 0.485535

-0.96482 0.485535
-0.9646 0.485716

-0.9646 0.485717
-0.964448 0.48584

-0.96445 0.48584
-0.964294 0.485966

-0.964294 0.485967
-0.964078 0.486145

-0.964078 0.486145
-0.963989 0.486217

-0.963989 0.486218
-0.963707 0.48645

-0.963706 0.48645
-0.963684 0.486468

-0.963684 0.486469
-0.963379 0.486719

-0.963379 0.486719
-0.963335 0.486755

-0.963335 0.486755
-0.963074 0.48697

-0.963074 0.486971
-0.962963 0.487061

-0.962964 0.487061
-0.962769 0.48722

-0.962769 0.487222
-0.962591 0.487366

-0.962593 0.487366
-0.962463 0.48747

-0.962463 0.487472
-0.962221 0.487671

-0.96222 0.487671
-0.962158 0.487721

-0.962158 0.487722
-0.961853 0.487972

-0.961853 0.487972
-0.961849 0.487976

-0.961849 0.487976
-0.961548 0.488223

-0.961548 0.488223
-0.961477 0.488281

-0.961477 0.488281
-0.961243 0.488473

-0.961243 0.488474
-0.961104 0.488586

-0.961106 0.488586
-0.960938 0.488723

-0.960938 0.488724
-0.960733 0.488892

-0.960733 0.488892
-0.960632 0.488973

-0.960632 0.488974
-0.960361 0.489197

-0.96036 0.489197
-0.960327 0.489224

-0.960327 0.489224
-0.960022 0.489475

-0.960022 0.489475
-0.959989 0.489502

-0.959989 0.489502
-0.959717 0.489725

-0.959717 0.489725
-0.959616 0.489807

-0.959617 0.489807
-0.959412 0.489975

-0.959412 0.489976
-0.959243 0.490112

-0.959245 0.490112
-0.959106 0.490224

-0.959106 0.490225
-0.958872 0.490417

-0.958871 0.490417
-0.958801 0.490474

-0.958801 0.490475
-0.958499 0.490723

-0.958499 0.490723
-0.958496 0.490725

-0.958496 0.490725
-0.958191 0.490975

-0.958191 0.490975
-0.958126 0.491028

-0.958127 0.491028
-0.957886 0.491225

-0.957886 0.491226
-0.957753 0.491333

-0.957755 0.491333
-0.957581 0.491474

-0.957581 0.491476
-0.957381 0.491638

-0.957381 0.491638
-0.957275 0.491724

-0.957275 0.491725
-0.957009 0.491943

-0.957008 0.491943
-0.95697 0.491974

-0.95697 0.491975
-0.956665 0.492224

-0.956665 0.492224
-0.956636 0.492249

-0.956636 0.492249
-0.95636 0.492474

-0.95636 0.492475
-0.956262 0.492554

-0.956263 0.492554
-0.956055 0.492724

-0.956055 0.492725
-0.955889 0.492859

-0.95589 0.492859
-0.95575 0.492972

-0.95575 0.492974
-0.955517 0.493164

-0.955516 0.493164
-0.955444 0.493222

-0.955444 0.493223
-0.955143 0.493469

-0.955143 0.493469
-0.955139 0.493472

-0.955139 0.493473
-0.954834 0.493722

-0.954834 0.493722
-0.95477 0.493774

-0.95477 0.493774
-0.954529 0.493971

-0.954529 0.493972
-0.954396 0.49408

-0.954397 0.49408
-0.954224 0.49422

-0.954224 0.494221
-0.954023 0.494385

-0.954023 0.494385
-0.953918 0.494469

-0.953918 0.49447
-0.95365 0.49469

-0.953649 0.49469
-0.953613 0.494719

-0.953613 0.494719
-0.953308 0.494969

-0.953308 0.494969
-0.953276 0.494995

-0.953276 0.494995
-0.953003 0.495218

-0.953003 0.495218
-0.952902 0.4953

-0.952902 0.4953
-0.952698 0.495467

-0.952698 0.495468
-0.952528 0.495605

-0.952529 0.495605
-0.952393 0.495715

-0.952393 0.495716
-0.952155 0.495911

-0.952154 0.495911
-0.952087 0.495965

-0.952087 0.495965
-0.951782 0.496214

-0.951782 0.496214
-0.951781 0.496216

-0.951781 0.496216
-0.951477 0.496463

-0.951477 0.496464
-0.951406 0.496521

-0.951407 0.496521
-0.951172 0.496712

-0.951172 0.496713
-0.951031 0.496826

-0.951033 0.496826
-0.950867 0.49696

-0.950867 0.496962
-0.950658 0.497131

-0.950658 0.497131
-0.950562 0.497209

-0.950562 0.49721
-0.950284 0.497437

-0.950283 0.497437
-0.950256 0.497458

-0.950256 0.497459
-0.949951 0.497708

-0.949951 0.497708
-0.949909 0.497742

-0.94991 0.497742
-0.949646 0.497957

-0.949646 0.497957
-0.949534 0.498047

-0.949536 0.498047
-0.949341 0.498205

-0.949341 0.498206
-0.94916 0.498352

-0.949161 0.498352
-0.949036 0.498453

-0.949036 0.498454
-0.948786 0.498657

-0.948785 0.498657
-0.94873 0.498702

-0.94873 0.498702
-0.948425 0.498951

-0.948425 0.498951
-0.948411 0.498962

-0.948411 0.498962
-0.94812 0.4992

-0.94812 0.4992
-0.948036 0.499268

-0.948037 0.499268
-0.947815 0.499448

-0.947815 0.499449
-0.947661 0.499573

-0.947663 0.499573
-0.94751 0.499695

-0.94751 0.499697
-0.947287 0.499878

-0.947287 0.499878
-0.947205 0.499944

-0.947205 0.499945
-0.946912 0.500183

-0.946911 0.500183
-0.946899 0.500193

-0.946899 0.500193
-0.946594 0.500442

-0.946594 0.500442
-0.946537 0.500488

-0.946537 0.500488
-0.946289 0.50069

-0.946289 0.500691
-0.946161 0.500793

-0.946162 0.500793
-0.945984 0.500937

-0.945984 0.500939
-0.945786 0.501099

-0.945787 0.501099
-0.945679 0.501185

-0.945679 0.501186
-0.945411 0.501404

-0.945411 0.501404
-0.945374 0.501434

-0.945374 0.501434
-0.945068 0.501683

-0.945068 0.501683
-0.945036 0.501709

-0.945036 0.501709
-0.944763 0.501931

-0.944763 0.501931
-0.94466 0.502014

-0.944661 0.502014
-0.944458 0.502178

-0.944458 0.50218
-0.944284 0.502319

-0.944286 0.502319
-0.944153 0.502425

-0.944153 0.502427
-0.943909 0.502625

-0.943909 0.502625
-0.943848 0.502674

-0.943848 0.502675
-0.943542 0.502922

-0.943542 0.502922
-0.943534 0.50293

-0.943534 0.50293
-0.943237 0.50317

-0.943237 0.503171
-0.943157 0.503235

-0.943158 0.503235
-0.942932 0.503418

-0.942932 0.503419
-0.942781 0.50354

-0.942783 0.50354
-0.942627 0.503665

-0.942627 0.503666
-0.942406 0.503845

-0.942406 0.503845
-0.942322 0.503913

-0.942322 0.503914
-0.94203 0.50415

-0.942029 0.50415
-0.942017 0.504161

-0.942017 0.504161
-0.941711 0.504409

-0.941711 0.504409
-0.941654 0.504456

-0.941654 0.504456
-0.941406 0.504657

-0.941406 0.504657
-0.941277 0.504761

-0.941279 0.504761
-0.941101 0.504903

-0.941101 0.504905
-0.940902 0.505066

-0.940902 0.505066
-0.940796 0.505151

-0.940796 0.505152
-0.940525 0.505371

-0.940525 0.505371
-0.940491 0.505398

-0.940491 0.505399
-0.940186 0.505647

-0.940186 0.505647
-0.940149 0.505676

-0.940149 0.505676
-0.93988 0.505894

-0.93988 0.505894
-0.939772 0.505981

-0.939773 0.505981
-0.939575 0.506141

-0.939575 0.506142
-0.939395 0.506287

-0.939396 0.506287
-0.93927 0.506387

-0.93927 0.506389
-0.939019 0.506592

-0.939019 0.506592
-0.938965 0.506635

-0.938965 0.506636
-0.93866 0.506883

-0.93866 0.506883
-0.938643 0.506897

-0.938643 0.506897
-0.938354 0.50713

-0.938354 0.507131
-0.938265 0.507202

-0.938266 0.507202
-0.938049 0.507377

-0.938049 0.507379
-0.937888 0.507507

-0.93789 0.507507
-0.937744 0.507623

-0.937744 0.507625
-0.937512 0.507812

-0.937512 0.507812
-0.937439 0.507871

-0.937439 0.507872
-0.937135 0.508118

-0.937135 0.508118
-0.937134 0.508119

-0.937134 0.508119
-0.936829 0.508366

-0.936829 0.508366
-0.936758 0.508423

-0.936758 0.508423
-0.936523 0.508613

-0.936523 0.508614
-0.93638 0.508728

-0.936382 0.508728
-0.936218 0.508859

-0.936218 0.50886
-0.936004 0.509033

-0.936003 0.509033
-0.935913 0.509106

-0.935913 0.509106
-0.935626 0.509338

-0.935626 0.509338
-0.935608 0.509353

-0.935608 0.509353
-0.935303 0.5096

-0.935303 0.5096
-0.935249 0.509644

-0.935249 0.509644
-0.934998 0.509847

-0.934998 0.509848
-0.934871 0.509949

-0.934872 0.509949
-0.934692 0.510093

-0.934692 0.510094
-0.934494 0.510254

-0.934494 0.510254
-0.934387 0.510339

-0.934387 0.51034
-0.934116 0.510559

-0.934116 0.510559
-0.934082 0.510586

-0.934082 0.510587
-0.933777 0.510833

-0.933777 0.510833
-0.933739 0.510864

-0.933739 0.510864
-0.933472 0.51108

-0.933472 0.511081
-0.93336 0.511169

-0.933361 0.511169
-0.933167 0.511326

-0.933167 0.511327
-0.932983 0.511475

-0.932984 0.511475
-0.932861 0.511572

-0.932861 0.511573
-0.932605 0.51178

-0.932605 0.51178
-0.932556 0.511819

-0.932556 0.511819
-0.932251 0.512066

-0.932251 0.512066
-0.932227 0.512085

-0.932227 0.512085
-0.931946 0.512312

-0.931946 0.512313
-0.931849 0.51239

-0.931849 0.51239
-0.931641 0.512558

-0.931641 0.512559
-0.93147 0.512695

-0.931472 0.512695
-0.931335 0.512804

-0.931335 0.512805
-0.931093 0.513

-0.931092 0.513
-0.93103 0.51305

-0.93103 0.513051
-0.930725 0.513297

-0.930725 0.513297
-0.930715 0.513306

-0.930715 0.513306
-0.93042 0.513543

-0.93042 0.513544
-0.930336 0.513611

-0.930336 0.513611
-0.930115 0.513789

-0.930115 0.513791
-0.929957 0.513916

-0.929959 0.513916
-0.92981 0.514034

-0.92981 0.514036
-0.929579 0.514221

-0.929579 0.514221
-0.929504 0.514281

-0.929504 0.514282
-0.929201 0.514526

-0.9292 0.514526
-0.929199 0.514527

-0.929199 0.514528
-0.928894 0.514774

-0.928894 0.514774
-0.928822 0.514832

-0.928822 0.514832
-0.928589 0.515019

-0.928589 0.515021
-0.928442 0.515137

-0.928444 0.515137
-0.928284 0.515264

-0.928284 0.515266
-0.928065 0.515442

-0.928064 0.515442
-0.927979 0.51551

-0.927979 0.515511
-0.927686 0.515747

-0.927685 0.515747
-0.927673 0.515756

-0.927673 0.515757
-0.927368 0.516003

-0.927368 0.516003
-0.927306 0.516052

-0.927307 0.516052
-0.927063 0.516249

-0.927063 0.516249
-0.926927 0.516357

-0.926929 0.516357
-0.926758 0.516493

-0.926758 0.516495
-0.926549 0.516663

-0.926549 0.516663
-0.926453 0.516739

-0.926453 0.51674
-0.92617 0.516968

-0.926169 0.516968
-0.926147 0.516985

-0.926147 0.516985
-0.925842 0.517231

-0.925842 0.517231
-0.92579 0.517273

-0.92579 0.517273
-0.925537 0.517477

-0.925537 0.517477
-0.92541 0.517578

-0.925412 0.517578
-0.925232 0.517722

-0.925232 0.517723
-0.925032 0.517883

-0.925032 0.517883
-0.924927 0.517967

-0.924927 0.517968
-0.924652 0.518188

-0.924651 0.518188
-0.924622 0.518212

-0.924622 0.518213
-0.924316 0.518458

-0.924316 0.518458
-0.924272 0.518494

-0.924273 0.518494
-0.924011 0.518704

-0.924011 0.518704
-0.923892 0.518799

-0.923893 0.518799
-0.923706 0.518949

-0.923706 0.51895
-0.923513 0.519104

-0.923514 0.519104
-0.923401 0.519193

-0.923401 0.519194
-0.923134 0.519409

-0.923133 0.519409
-0.923096 0.519439

-0.923096 0.51944
-0.922791 0.519685

-0.922791 0.519685
-0.922754 0.519714

-0.922754 0.519714
-0.922485 0.51993

-0.922485 0.51993
-0.922373 0.52002

-0.922374 0.52002
-0.92218 0.520175

-0.92218 0.520176
-0.921994 0.520325

-0.921994 0.520325
-0.921875 0.520419

-0.921875 0.52042
-0.921614 0.52063

-0.921613 0.52063
-0.92157 0.520664

-0.92157 0.520665
-0.921265 0.52091

-0.921265 0.52091
-0.921234 0.520935

-0.921234 0.520935
-0.920959 0.521155

-0.920959 0.521156
-0.920853 0.52124

-0.920854 0.52124
-0.920654 0.5214

-0.920654 0.521401
-0.920473 0.521545

-0.920474 0.521545
-0.920349 0.521644

-0.920349 0.521645
-0.920093 0.521851

-0.920092 0.521851
-0.920044 0.521889

-0.920044 0.52189
-0.919739 0.522135

-0.919739 0.522135
-0.919712 0.522156

-0.919713 0.522156
-0.919434 0.52238

-0.919434 0.52238
-0.919331 0.522461

-0.919332 0.522461
-0.919128 0.522624

-0.919128 0.522625
-0.918951 0.522766

-0.918952 0.522766
-0.918823 0.522868

-0.918823 0.522869
-0.918571 0.523071

-0.91857 0.523071
-0.918518 0.523113

-0.918518 0.523114
-0.918213 0.523358

-0.918213 0.523358
-0.91819 0.523376

-0.91819 0.523376
-0.917908 0.523603

-0.917908 0.523603
-0.917809 0.523682

-0.91781 0.523682
-0.917603 0.523847

-0.917603 0.523848
-0.917428 0.523987

-0.917429 0.523987
-0.917297 0.524091

-0.917297 0.524092
-0.917048 0.524292

-0.917047 0.524292
-0.916992 0.524336

-0.916992 0.524336
-0.916687 0.524581

-0.916687 0.524581
-0.916667 0.524597

-0.916667 0.524597
-0.916382 0.524825

-0.916382 0.524826
-0.916285 0.524902

-0.916286 0.524902
-0.916077 0.52507

-0.916077 0.525071
-0.915904 0.525208

-0.915905 0.525208
-0.915771 0.525313

-0.915771 0.525314
-0.915524 0.525513

-0.915523 0.525513
-0.915466 0.525558

-0.915466 0.525558
-0.915161 0.525803

-0.915161 0.525803
-0.915142 0.525818

-0.915142 0.525818
-0.914856 0.526047

-0.914856 0.526047
-0.91476 0.526123

-0.914761 0.526123
-0.914551 0.526291

-0.914551 0.526292
-0.914379 0.526428

-0.91438 0.526428
-0.914246 0.526534

-0.914246 0.526535
-0.913998 0.526733

-0.913997 0.526733
-0.91394 0.526779

-0.91394 0.526779
-0.913635 0.527024

-0.913635 0.527024
-0.913616 0.527039

-0.913616 0.527039
-0.91333 0.527268

-0.91333 0.527268
-0.913234 0.527344

-0.913235 0.527344
-0.913025 0.527512

-0.913025 0.527512
-0.912853 0.527649

-0.912854 0.527649
-0.91272 0.527754

-0.91272 0.527756
-0.912472 0.527954

-0.912471 0.527954
-0.912415 0.527999

-0.912415 0.528
-0.912109 0.528243

-0.912109 0.528244
-0.91209 0.528259

-0.91209 0.528259
-0.911804 0.528487

-0.911804 0.528488
-0.911707 0.528564

-0.911708 0.528564
-0.911499 0.528731

-0.911499 0.528732
-0.911325 0.52887

-0.911327 0.52887
-0.911194 0.528974

-0.911194 0.528975
-0.910944 0.529175

-0.910943 0.529175
-0.910889 0.529218

-0.910889 0.529219
-0.910583 0.529463

-0.910583 0.529463
-0.910562 0.52948

-0.910562 0.52948
-0.910278 0.529706

-0.910278 0.529707
-0.910179 0.529785

-0.91018 0.529785
-0.909973 0.52995

-0.909973 0.529951
-0.909797 0.53009

-0.909798 0.53009
-0.909668 0.530192

-0.909668 0.530194
-0.909415 0.530396

-0.909414 0.530396
-0.909363 0.530436

-0.909363 0.530437
-0.909058 0.530681

-0.909058 0.530681
-0.909032 0.530701

-0.909033 0.530701
-0.908752 0.530924

-0.908752 0.530925
-0.908649 0.531006

-0.90865 0.531006
-0.908447 0.531168

-0.908447 0.531168
-0.908267 0.531311

-0.908268 0.531311
-0.908142 0.53141

-0.908142 0.531411
-0.907885 0.531616

-0.907884 0.531616
-0.907837 0.531654

-0.907837 0.531655
-0.907532 0.531898

-0.907532 0.531898
-0.907502 0.531921

-0.907502 0.531921
-0.907227 0.532141

-0.907227 0.532142
-0.907119 0.532227

-0.90712 0.532227
-0.906921 0.532385

-0.906921 0.532385
-0.906737 0.532532

-0.906737 0.532532
-0.906616 0.532627

-0.906616 0.532628
-0.906354 0.532837

-0.906353 0.532837
-0.906311 0.53287

-0.906311 0.532871
-0.906006 0.533114

-0.906006 0.533114
-0.905971 0.533142

-0.905971 0.533142
-0.905701 0.533358

-0.905701 0.533358
-0.905587 0.533447

-0.905588 0.533447
-0.905396 0.5336

-0.905396 0.533601
-0.905205 0.533752

-0.905205 0.533752
-0.90509 0.533843

-0.90509 0.533844
-0.904822 0.534058

-0.904821 0.534058
-0.904785 0.534086

-0.904785 0.534087
-0.90448 0.53433

-0.90448 0.53433
-0.904439 0.534363

-0.904439 0.534363
-0.904175 0.534573

-0.904175 0.534574
-0.904055 0.534668

-0.904056 0.534668
-0.90387 0.534816

-0.90387 0.534816
-0.903672 0.534973

-0.903672 0.534973
-0.903564 0.535058

-0.903564 0.535059
-0.903289 0.535278

-0.903288 0.535278
-0.903259 0.535301

-0.903259 0.535302
-0.902954 0.535545

-0.902954 0.535545
-0.902905 0.535583

-0.902905 0.535583
-0.902649 0.535787

-0.902649 0.535788
-0.902521 0.535889

-0.902522 0.535889
-0.902344 0.53603

-0.902344 0.536031
-0.902138 0.536194

-0.902138 0.536194
-0.902039 0.536272

-0.902039 0.536273
-0.901754 0.536499

-0.901754 0.536499
-0.901733 0.536515

-0.901733 0.536516
-0.901428 0.536758

-0.901428 0.536759
-0.90137 0.536804

-0.901371 0.536804
-0.901123 0.537001

-0.901123 0.537002
-0.900986 0.537109

-0.900988 0.537109
-0.900818 0.537243

-0.900818 0.537244
-0.900603 0.537415

-0.900603 0.537415
-0.900513 0.537485

-0.900513 0.537486
-0.900219 0.53772

-0.900219 0.53772
-0.900208 0.537728

-0.900208 0.537729
-0.899902 0.537971

-0.899902 0.537972
-0.899835 0.538025

-0.899835 0.538025
-0.899597 0.538214

-0.899597 0.538215
-0.89945 0.53833

-0.899452 0.53833
-0.899292 0.538456

-0.899292 0.538457
-0.899067 0.538635

-0.899067 0.538635
-0.898987 0.538698

-0.898987 0.538699
-0.898683 0.53894

-0.898683 0.53894
-0.898682 0.538941

-0.898682 0.538941
-0.898376 0.539184

-0.898376 0.539184
-0.898298 0.539246

-0.898298 0.539246
-0.898071 0.539426

-0.898071 0.539427
-0.897913 0.539551

-0.897915 0.539551
-0.897766 0.539667

-0.897766 0.539668
-0.89753 0.539856

-0.897529 0.539856
-0.897461 0.53991

-0.897461 0.53991
-0.897156 0.540153

-0.897156 0.540153
-0.897145 0.540161

-0.897145 0.540161
-0.896851 0.540395

-0.896851 0.540395
-0.89676 0.540466

-0.896761 0.540466
-0.896545 0.540637

-0.896545 0.540638
-0.896375 0.540771

-0.896377 0.540771
-0.89624 0.540878

-0.89624 0.540879
-0.895991 0.541077

-0.895991 0.541077
-0.895935 0.541121

-0.895935 0.541121
-0.89563 0.541363

-0.89563 0.541363
-0.895607 0.541382

-0.895607 0.541382
-0.895325 0.541605

-0.895325 0.541606
-0.895221 0.541687

-0.895222 0.541687
-0.89502 0.541847

-0.89502 0.541848
-0.894837 0.541992

-0.894838 0.541992
-0.894714 0.542088

-0.894714 0.542089
-0.894452 0.542297

-0.894451 0.542297
-0.894409 0.542331

-0.894409 0.542331
-0.894104 0.542573

-0.894104 0.542573
-0.894067 0.542603

-0.894067 0.542603
-0.893799 0.542815

-0.893799 0.542816
-0.893681 0.542908

-0.893682 0.542908
-0.893494 0.543057

-0.893494 0.543057
-0.893297 0.543213

-0.893297 0.543213
-0.893188 0.543298

-0.893188 0.543299
-0.892912 0.543518

-0.892911 0.543518
-0.892883 0.54354

-0.892883 0.54354
-0.892578 0.543782

-0.892578 0.543782
-0.892526 0.543823

-0.892526 0.543823
-0.892273 0.544024

-0.892273 0.544025
-0.89214 0.544128

-0.892142 0.544128
-0.891968 0.544265

-0.891968 0.544266
-0.891756 0.544434

-0.891756 0.544434
-0.891663 0.544506

-0.891663 0.544507
-0.89137 0.544739

-0.89137 0.544739
-0.891357 0.544748

-0.891357 0.544749
-0.891052 0.54499

-0.891052 0.544991
-0.890984 0.545044

-0.890985 0.545044
-0.890747 0.545232

-0.890747 0.545233
-0.890598 0.545349

-0.8906 0.545349
-0.890442 0.545473

-0.890442 0.545474
-0.890214 0.545654

-0.890213 0.545654
-0.890137 0.545714

-0.890137 0.545715
-0.889832 0.545956

-0.889832 0.545956
-0.889828 0.545959

-0.889828 0.545959
-0.889526 0.546198

-0.889526 0.546198
-0.889441 0.546265

-0.889442 0.546265
-0.889221 0.546439

-0.889221 0.54644
-0.889055 0.54657

-0.889057 0.54657
-0.888916 0.546679

-0.888916 0.546681
-0.88867 0.546875

-0.88867 0.546875
-0.888611 0.546921

-0.888611 0.546922
-0.888306 0.547163

-0.888306 0.547163
-0.888284 0.54718

-0.888284 0.54718
-0.888 0.547404

-0.888 0.547405
-0.887897 0.547485

-0.887898 0.547485
-0.887695 0.547646

-0.887695 0.547646
-0.887512 0.547791

-0.887513 0.547791
-0.88739 0.547886

-0.88739 0.547887
-0.887126 0.548096

-0.887125 0.548096
-0.887085 0.548127

-0.887085 0.548128
-0.88678 0.548369

-0.88678 0.548369
-0.88674 0.548401

-0.88674 0.548401
-0.886475 0.54861

-0.886475 0.548611
-0.886352 0.548706

-0.886354 0.548706
-0.886169 0.548851

-0.886169 0.548852
-0.885967 0.549011

-0.885967 0.549011
-0.885864 0.549091

-0.885864 0.549092
-0.885581 0.549316

-0.88558 0.549316
-0.885559 0.549333

-0.885559 0.549333
-0.885254 0.549574

-0.885254 0.549575
-0.885194 0.549622

-0.885194 0.549622
-0.884949 0.549815

-0.884949 0.549816
-0.884806 0.549927

-0.884808 0.549927
-0.884644 0.550056

-0.884644 0.550056
-0.884421 0.550232

-0.884421 0.550232
-0.884338 0.550296

-0.884338 0.550297
-0.884034 0.550537

-0.884034 0.550537
-0.884033 0.550538

-0.884033 0.550538
-0.883728 0.550779

-0.883728 0.550779
-0.883647 0.550842

-0.883648 0.550842
-0.883423 0.55102

-0.883423 0.55102
-0.88326 0.551147

-0.883262 0.551147
-0.883118 0.551259

-0.883118 0.55126
-0.882874 0.551453

-0.882873 0.551453
-0.882812 0.5515

-0.882812 0.551501
-0.882507 0.551742

-0.882507 0.551742
-0.882487 0.551758

-0.882487 0.551758
-0.882202 0.551982

-0.882202 0.551983
-0.882099 0.552063

-0.8821 0.552063
-0.881897 0.552223

-0.881897 0.552224
-0.881713 0.552368

-0.881714 0.552368
-0.881592 0.552463

-0.881592 0.552464
-0.881326 0.552673

-0.881325 0.552673
-0.881287 0.552704

-0.881287 0.552704
-0.880981 0.552945

-0.880981 0.552945
-0.880938 0.552979

-0.880939 0.552979
-0.880676 0.553185

-0.880676 0.553186
-0.88055 0.553284

-0.880552 0.553284
-0.880371 0.553425

-0.880371 0.553426
-0.880164 0.553589

-0.880164 0.553589
-0.880066 0.553665

-0.880066 0.553666
-0.879777 0.553894

-0.879776 0.553894
-0.879761 0.553906

-0.879761 0.553907
-0.879456 0.554147

-0.879456 0.554147
-0.879389 0.554199

-0.879389 0.554199
-0.87915 0.554387

-0.87915 0.554388
-0.879001 0.554504

-0.879003 0.554504
-0.878845 0.554627

-0.878845 0.554628
-0.878615 0.55481

-0.878614 0.55481
-0.87854 0.554867

-0.87854 0.554868
-0.878235 0.555108

-0.878235 0.555108
-0.878227 0.555115

-0.878227 0.555115
-0.87793 0.555349

-0.87793 0.555349
-0.877838 0.55542

-0.877839 0.55542
-0.877625 0.555589

-0.877625 0.555589
-0.877451 0.555725

-0.877452 0.555725
-0.877319 0.555828

-0.877319 0.555829
-0.877064 0.55603

-0.877063 0.55603
-0.877014 0.556068

-0.877014 0.556069
-0.876709 0.556309

-0.876709 0.556309
-0.876676 0.556335

-0.876676 0.556335
-0.876404 0.556549

-0.876404 0.55655
-0.876287 0.556641

-0.876288 0.556641
-0.876099 0.556789

-0.876099 0.55679
-0.8759 0.556946

-0.8759 0.556946
-0.875793 0.557028

-0.875793 0.557029
-0.875512 0.557251

-0.875511 0.557251
-0.875488 0.557269

-0.875488 0.557269
-0.875183 0.557509

-0.875183 0.55751
-0.875123 0.557556

-0.875124 0.557556
-0.874878 0.557749

-0.874878 0.55775
-0.874734 0.557861

-0.874736 0.557861
-0.874573 0.557989

-0.874573 0.557989
-0.874347 0.558167

-0.874347 0.558167
-0.874268 0.558228

-0.874268 0.558229
-0.873962 0.558469

-0.873962 0.558469
-0.873959 0.558472

-0.873959 0.558472
-0.873657 0.558709

-0.873657 0.558709
-0.87357 0.558777

-0.873571 0.558777
-0.873352 0.558949

-0.873352 0.558949
-0.873182 0.559082

-0.873183 0.559082
-0.873047 0.559187

-0.873047 0.559188
-0.872794 0.559387

-0.872793 0.559387
-0.872742 0.559427

-0.872742 0.559428
-0.872437 0.559668

-0.872437 0.559668
-0.872405 0.559692

-0.872405 0.559692
-0.872131 0.559908

-0.872131 0.559908
-0.872016 0.559998

-0.872017 0.559998
-0.871826 0.560147

-0.871826 0.560147
-0.871628 0.560303

-0.871628 0.560303
-0.871521 0.560386

-0.871521 0.560387
-0.871239 0.560608

-0.871239 0.560608
-0.871216 0.560626

-0.871216 0.560626
-0.870911 0.560866

-0.870911 0.560866
-0.87085 0.560913

-0.870851 0.560913
-0.870605 0.561106

-0.870605 0.561106
-0.870461 0.561218

-0.870463 0.561218
-0.8703 0.561344

-0.8703 0.561345
-0.870073 0.561523

-0.870073 0.561523
-0.869995 0.561584

-0.869995 0.561584
-0.86969 0.561824

-0.86969 0.561824
-0.869684 0.561829

-0.869684 0.561829
-0.869385 0.562063

-0.869385 0.562064
-0.869294 0.562134

-0.869295 0.562134
-0.86908 0.562303

-0.86908 0.562303
-0.868906 0.562439

-0.868907 0.562439
-0.868774 0.562541

-0.868774 0.562542
-0.868517 0.562744

-0.868516 0.562744
-0.868469 0.562781

-0.868469 0.562781
-0.868164 0.563021

-0.868164 0.563021
-0.868128 0.563049

-0.868128 0.563049
-0.867859 0.56326

-0.867859 0.563261
-0.867737 0.563354

-0.867739 0.563354
-0.867554 0.563499

-0.867554 0.5635
-0.867349 0.56366

-0.867349 0.56366
-0.867249 0.563738

-0.867249 0.563739
-0.86696 0.563965

-0.866959 0.563965
-0.866943 0.563977

-0.866943 0.563978
-0.866638 0.564217

-0.866638 0.564217
-0.86657 0.56427

-0.86657 0.56427
-0.866333 0.564456

-0.866333 0.564457
-0.86618 0.564575

-0.866182 0.564575
-0.866028 0.564694

-0.866028 0.564695
-0.865792 0.56488

-0.865791 0.56488
-0.865723 0.564933

-0.865723 0.564934
-0.865417 0.565173

-0.865417 0.565173
-0.865402 0.565186

-0.865402 0.565186
-0.865112 0.565412

-0.865112 0.565413
-0.865011 0.565491

-0.865012 0.565491
-0.864807 0.565651

-0.864807 0.565652
-0.864622 0.565796

-0.864623 0.565796
-0.864502 0.565889

-0.864502 0.56589
-0.864233 0.566101

-0.864232 0.566101
-0.864197 0.566129

-0.864197 0.566129
-0.863892 0.566368

-0.863892 0.566368
-0.863843 0.566406

-0.863843 0.566406
-0.863586 0.566607

-0.863586 0.566608
-0.863452 0.566711

-0.863454 0.566711
-0.863281 0.566846

-0.863281 0.566846
-0.863063 0.567017

-0.863063 0.567017
-0.862976 0.567084

-0.862976 0.567085
-0.862673 0.567322

-0.862673 0.567322
-0.862671 0.567323

-0.862671 0.567324
-0.862366 0.567562

-0.862366 0.567563
-0.862283 0.567627

-0.862283 0.567627
-0.862061 0.567801

-0.862061 0.567802
-0.861893 0.567932

-0.861894 0.567932
-0.861755 0.568039

-0.861755 0.56804
-0.861503 0.568237

-0.861502 0.568237
-0.86145 0.568278

-0.86145 0.568279
-0.861145 0.568517

-0.861145 0.568517
-0.861113 0.568542

-0.861113 0.568542
-0.86084 0.568756

-0.86084 0.568757
-0.860721 0.568848

-0.860723 0.568848
-0.860535 0.568994

-0.860535 0.568995
-0.860332 0.569153

-0.860332 0.569153
-0.860229 0.569232

-0.860229 0.569233
-0.859942 0.569458

-0.859941 0.569458
-0.859924 0.569471

-0.859924 0.569472
-0.859619 0.56971

-0.859619 0.56971
-0.859551 0.569763

-0.859551 0.569763
-0.859314 0.569949

-0.859314 0.569949
-0.85916 0.570068

-0.859162 0.570068
-0.859009 0.570186

-0.859009 0.570187
-0.85877 0.570374

-0.85877 0.570374
-0.858704 0.570425

-0.858704 0.570426
-0.858398 0.570664

-0.858398 0.570664
-0.85838 0.570679

-0.85838 0.570679
-0.858093 0.570903

-0.858093 0.570903
-0.857988 0.570984

-0.857989 0.570984
-0.857788 0.571141

-0.857788 0.571141
-0.857598 0.571289

-0.857599 0.571289
-0.857483 0.571378

-0.857483 0.571379
-0.857208 0.571594

-0.857207 0.571594
-0.857178 0.571617

-0.857178 0.571618
-0.856873 0.571856

-0.856873 0.571856
-0.856816 0.571899

-0.856817 0.571899
-0.856567 0.572094

-0.856567 0.572095
-0.856425 0.572205

-0.856427 0.572205
-0.856262 0.572332

-0.856262 0.572333
-0.856035 0.57251

-0.856035 0.57251
-0.855957 0.57257

-0.855957 0.572571
-0.855652 0.572809

-0.855652 0.572809
-0.855644 0.572815

-0.855644 0.572815
-0.855347 0.573047

-0.855347 0.573047
-0.855252 0.57312

-0.855253 0.57312
-0.855042 0.573285

-0.855042 0.573286
-0.854862 0.573425

-0.854863 0.573425
-0.854736 0.573522

-0.854736 0.573523
-0.854471 0.57373

-0.85447 0.57373
-0.854431 0.573761

-0.854431 0.573761
-0.854126 0.573999

-0.854126 0.574
-0.854079 0.574036

-0.85408 0.574036
-0.853821 0.574238

-0.853821 0.574238
-0.853687 0.574341

-0.853689 0.574341
-0.853516 0.574475

-0.853516 0.574476
-0.853297 0.574646

-0.853297 0.574646
-0.85321 0.574713

-0.85321 0.574713
-0.852906 0.574951

-0.852905 0.574951
-0.8526 0.575189

-0.8526 0.57519
-0.852514 0.575256

-0.852514 0.575256
-0.852295 0.575427

-0.852295 0.575428
-0.852122 0.575562

-0.852124 0.575562
-0.85199 0.575664

-0.85199 0.575665
-0.851731 0.575867

-0.851731 0.575867
-0.851685 0.575902

-0.851685 0.575903
-0.851379 0.576141

-0.851379 0.576141
-0.85134 0.576172

-0.85134 0.576172
-0.851074 0.576379

-0.851074 0.57638
-0.850947 0.576477

-0.850949 0.576477
-0.850769 0.576616

-0.850769 0.576617
-0.850557 0.576782

-0.850556 0.576782
-0.850464 0.576853

-0.850464 0.576854
-0.850165 0.577087

-0.850164 0.577087
-0.850159 0.577092

-0.850159 0.577092
-0.849854 0.57733

-0.849854 0.57733
-0.849772 0.577393

-0.849773 0.577393
-0.849548 0.577568

-0.849548 0.577568
-0.849381 0.577698

-0.849382 0.577698
-0.849243 0.577804

-0.849243 0.577805
-0.848989 0.578003

-0.848989 0.578003
-0.848938 0.578042

-0.848938 0.578043
-0.848633 0.57828

-0.848633 0.578281
-0.848597 0.578308

-0.848597 0.578308
-0.848328 0.578518

-0.848328 0.578519
-0.848204 0.578613

-0.848206 0.578613
-0.848022 0.578755

-0.848022 0.578756
-0.847813 0.578918

-0.847813 0.578918
-0.847717 0.578992

-0.847717 0.578993
-0.847421 0.579224

-0.847421 0.579224
-0.847412 0.57923

-0.847412 0.579231
-0.847107 0.579468

-0.847107 0.579468
-0.847028 0.579529

-0.847029 0.579529
-0.846802 0.579706

-0.846802 0.579706
-0.846636 0.579834

-0.846638 0.579834
-0.846497 0.579942

-0.846497 0.579943
-0.846245 0.580139

-0.846244 0.580139
-0.846191 0.58018

-0.846191 0.580181
-0.845886 0.580418

-0.845886 0.580418
-0.845852 0.580444

-0.845852 0.580444
-0.845581 0.580655

-0.845581 0.580656
-0.845459 0.58075

-0.84546 0.58075
-0.845276 0.580893

-0.845276 0.580893
-0.845068 0.581055

-0.845068 0.581055
-0.844971 0.581129

-0.844971 0.58113
-0.844675 0.58136

-0.844675 0.58136
-0.844666 0.581367

-0.844666 0.581367
-0.84436 0.581605

-0.84436 0.581605
-0.844282 0.581665

-0.844283 0.581665
-0.844055 0.581842

-0.844055 0.581842
-0.84389 0.58197

-0.843891 0.58197
-0.84375 0.582078

-0.84375 0.582079
-0.843498 0.582275

-0.843497 0.582275
-0.843445 0.582316

-0.843445 0.582316
-0.84314 0.582554

-0.84314 0.582554
-0.843105 0.582581

-0.843105 0.582581
-0.842834 0.582791

-0.842834 0.582791
-0.842711 0.582886

-0.842713 0.582886
-0.842529 0.583028

-0.842529 0.583028
-0.84232 0.583191

-0.84232 0.583191
-0.842224 0.583264

-0.842224 0.583265
-0.841927 0.583496

-0.841926 0.583496
-0.841919 0.583502

-0.841919 0.583502
-0.841614 0.583739

-0.841614 0.583739
-0.841533 0.583801

-0.841534 0.583801
-0.841309 0.583976

-0.841309 0.583977
-0.84114 0.584106

-0.841142 0.584106
-0.841003 0.584212

-0.841003 0.584213
-0.840748 0.584412

-0.840747 0.584412
-0.840698 0.584449

-0.840698 0.58445
-0.840393 0.584687

-0.840393 0.584687
-0.840355 0.584717

-0.840355 0.584717
-0.840088 0.584924

-0.840088 0.584925
-0.839961 0.585022

-0.839962 0.585022
-0.839783 0.585161

-0.839783 0.585161
-0.839569 0.585327

-0.839569 0.585327
-0.839478 0.585397

-0.839478 0.585398
-0.839176 0.585632

-0.839176 0.585632
-0.839172 0.585635

-0.839172 0.585635
-0.838867 0.585872

-0.838867 0.585872
-0.838782 0.585938

-0.838783 0.585938
-0.838562 0.586109

-0.838562 0.586109
-0.838389 0.586243

-0.83839 0.586243
-0.838257 0.586344

-0.838257 0.586346
-0.837996 0.586548

-0.837996 0.586548
-0.837952 0.586582

-0.837952 0.586582
-0.837646 0.586819

-0.837646 0.586819
-0.837603 0.586853

-0.837603 0.586853
-0.837341 0.587056

-0.837341 0.587057
-0.837208 0.587158

-0.83721 0.587158
-0.837036 0.587292

-0.837036 0.587293
-0.836816 0.587463

-0.836816 0.587463
-0.836731 0.587528

-0.836731 0.587529
-0.836426 0.587766

-0.836426 0.587766
-0.836423 0.587769

-0.836423 0.587769
-0.836121 0.588003

-0.836121 0.588003
-0.836028 0.588074

-0.836029 0.588074
-0.835815 0.588239

-0.835815 0.58824
-0.835635 0.588379

-0.835637 0.588379
-0.83551 0.588475

-0.83551 0.588476
-0.835242 0.588684

-0.835241 0.588684
-0.835205 0.588712

-0.835205 0.588713
-0.8349 0.588949

-0.8349 0.588949
-0.834848 0.588989

-0.834848 0.588989
-0.834595 0.589186

-0.834595 0.589187
-0.834453 0.589294

-0.834455 0.589294
-0.83429 0.589422

-0.83429 0.589423
-0.834061 0.5896

-0.834061 0.5896
-0.833984 0.589658

-0.833984 0.589659
-0.833679 0.589895

-0.833679 0.589895
-0.833667 0.589905

-0.833667 0.589905
-0.833374 0.590132

-0.833374 0.590132
-0.833272 0.59021

-0.833273 0.59021
-0.833069 0.590368

-0.833069 0.590369
-0.83288 0.590515

-0.83288 0.590515
-0.832764 0.590604

-0.832764 0.590605
-0.832486 0.59082

-0.832485 0.59082
-0.832458 0.590841

-0.832458 0.590841
-0.832153 0.591078

-0.832153 0.591078
-0.832091 0.591125

-0.832092 0.591125
-0.831848 0.591314

-0.831848 0.591315
-0.831697 0.591431

-0.831698 0.591431
-0.831543 0.59155

-0.831543 0.591551
-0.831304 0.591736

-0.831303 0.591736
-0.831238 0.591786

-0.831238 0.591787
-0.830933 0.592023

-0.830933 0.592023
-0.830909 0.592041

-0.83091 0.592041
-0.830627 0.592259

-0.830627 0.59226
-0.830514 0.592346

-0.830516 0.592346
-0.830322 0.592496

-0.830322 0.592496
-0.830121 0.592651

-0.830122 0.592651
-0.830017 0.592731

-0.830017 0.592732
-0.829727 0.592957

-0.829727 0.592957
-0.829712 0.592968

-0.829712 0.592968
-0.829407 0.593204

-0.829407 0.593205
-0.829332 0.593262

-0.829333 0.593262
-0.829102 0.593441

-0.829102 0.593441
-0.828938 0.593567

-0.828939 0.593567
-0.828796 0.593676

-0.828796 0.593677
-0.828544 0.593872

-0.828544 0.593872
-0.828491 0.593912

-0.828491 0.593913
-0.828186 0.594149

-0.828186 0.594149
-0.82815 0.594177

-0.82815 0.594177
-0.827881 0.594385

-0.827881 0.594386
-0.827754 0.594482

-0.827756 0.594482
-0.827576 0.594621

-0.827576 0.594622
-0.827361 0.594788

-0.827361 0.594788
-0.827271 0.594857

-0.827271 0.594858
-0.826966 0.595093

-0.826966 0.595093
-0.826965 0.595094

-0.826965 0.595094
-0.82666 0.59533

-0.82666 0.59533
-0.826571 0.595398

-0.826572 0.595398
-0.826355 0.595566

-0.826355 0.595566
-0.826177 0.595703

-0.826178 0.595703
-0.82605 0.5958

-0.82605 0.595802
-0.825783 0.596008

-0.825782 0.596008
-0.825745 0.596037

-0.825745 0.596038
-0.825439 0.596274

-0.825439 0.596274
-0.825388 0.596313

-0.825388 0.596313
-0.825134 0.59651

-0.825134 0.59651
-0.824992 0.596619

-0.824994 0.596619
-0.824829 0.596745

-0.824829 0.596746
-0.824599 0.596924

-0.824598 0.596924
-0.824524 0.596981

-0.824524 0.596981
-0.824219 0.597217

-0.824219 0.597217
-0.824204 0.597229

-0.824204 0.597229
-0.823914 0.597453

-0.823914 0.597454
-0.823808 0.597534

-0.823809 0.597534
-0.823608 0.597689

-0.823608 0.597689
-0.823414 0.597839

-0.823415 0.597839
-0.823303 0.597924

-0.823303 0.597925
-0.823019 0.598145

-0.823019 0.598145
-0.822998 0.59816

-0.822998 0.598161
-0.822693 0.598397

-0.822693 0.598397
-0.822624 0.59845

-0.822624 0.59845
-0.822388 0.598632

-0.822388 0.598633
-0.822228 0.598755

-0.82223 0.598755
-0.822083 0.598867

-0.822083 0.598868
-0.821834 0.59906

-0.821834 0.59906
-0.821777 0.599103

-0.821777 0.599104
-0.821472 0.59934

-0.821472 0.59934
-0.821439 0.599365

-0.821439 0.599365
-0.821167 0.599575

-0.821167 0.599576
-0.821043 0.59967

-0.821044 0.59967
-0.820862 0.599811

-0.820862 0.599811
-0.820649 0.599976

