-1.64997 0.0
-1.64996 0.000610352

-1.64996 0.000610352
-1.64993 0.0012207

-1.64993 0.0012207
-1.64987 0.00183105

-1.64987 0.00183105
-1.64979 0.00244141

-1.64979 0.00244141
-1.64968 0.00305176

-1.64968 0.00305176
-1.64955 0.00366211

-1.64955 0.00366211
-1.64941 0.00418387

-1.64941 0.00418595
-1.64939 0.00427246

-1.64939 0.00427246
-1.64921 0.00488281

-1.64921 0.00488281
-1.649 0.00549316

-1.649 0.00549316
-1.6488 0.00598026

-1.6488 0.00598311
-1.64876 0.00610352

-1.64876 0.00610352
-1.64848 0.00671387

-1.64848 0.00671387
-1.64819 0.00728961

-1.64819 0.00729328
-1.64818 0.00732422

-1.64818 0.00732422
-1.64783 0.00793457

-1.64783 0.00793457
-1.64758 0.00833132

-1.64758 0.00833385
-1.64745 0.00854492

-1.64745 0.00854492
-1.64702 0.00915527

-1.64702 0.00915527
-1.64697 0.00921776

-1.64697 0.00921687
-1.64654 0.00976562

-1.64654 0.00976562
-1.64636 0.00996979

-1.64636 0.00996587
-1.646 0.010376

-1.646 0.010376
-1.64575 0.0106289

-1.64575 0.0106267
-1.64538 0.0109863

-1.64538 0.0109863
-1.64514 0.0112041

-1.64514 0.0112049
-1.64467 0.0115967

-1.64468 0.0115967
-1.64453 0.0117115

-1.64453 0.0117116
-1.64392 0.0121606

-1.64392 0.0121537
-1.64384 0.012207

-1.64385 0.012207
-1.64331 0.0125559

-1.64331 0.0125531
-1.64285 0.0128174

-1.64285 0.0128174
-1.6427 0.0129012

-1.6427 0.0128995
-1.64209 0.013202

-1.64209 0.013201
-1.64156 0.0134277

-1.64156 0.0134277
-1.64148 0.0134634

-1.64148 0.0134624
-1.64087 0.0136851

-1.64087 0.0136844
-1.64026 0.0138702

-1.64026 0.0138698
-1.63965 0.0140208

-1.63965 0.0140165
-1.63954 0.0140381

-1.63956 0.0140381
-1.63904 0.0141385

-1.63904 0.0141369
-1.63843 0.0142204

-1.63843 0.0142205
-1.63782 0.0142721

-1.63782 0.014272
-1.63721 0.0142918

-1.63721 0.0142918
-1.6366 0.0142799

-1.6366 0.01428
-1.63599 0.0142363

-1.63599 0.0142365
-1.63538 0.0141605

-1.63538 0.0141595
-1.63477 0.0140527

-1.62744 0.0095396
-1.62763 0.00976562

-1.625 0.00519537
-1.62511 0.00549316

-1.62511 0.00549316
-1.62536 0.00610352

-1.62561 0.00665904
-1.62564 0.00671387

-1.62563 0.00671387
-1.62595 0.00732422

-1.62561 0.00665912
-1.62535 0.00610352

-1.62622 0.0077937
-1.6263 0.00793457

-1.6263 0.00793457
-1.62669 0.00854492

-1.62683 0.00873594
-1.62713 0.00915527

-1.62744 0.0095408
-1.62713 0.00915527

-1.62683 0.00873851
-1.6267 0.00854492

-1.62622 0.00779396
-1.62595 0.00732422

-1.63416 0.0139155
-1.63469 0.0140381

-1.63477 0.0140444
-1.63474 0.0140381

-1.63416 0.0139133
-1.63354 0.0137372

-1.63232 0.0132841
-1.63268 0.0134277

-1.63354 0.0137378
-1.63293 0.0135277

-1.63293 0.0135249
-1.6327 0.0134277

-1.62988 0.0118749
-1.63036 0.012207

-1.63232 0.0132812
-1.63171 0.0129943

-1.6311 0.01267
-1.63138 0.0128174

-1.63171 0.0129931
-1.63139 0.0128174

-1.6311 0.0126666
-1.63049 0.0122932

-1.63049 0.0122865
-1.63037 0.012207

-1.62866 0.0108549
-1.6288 0.0109863

-1.62927 0.0113982
-1.62952 0.0115967

-1.62988 0.0118685
-1.62953 0.0115967

-1.62927 0.0113928
-1.62881 0.0109863

-1.62805 0.010241
-1.62818 0.010376

-1.62866 0.0108529
-1.62818 0.010376

-1.62805 0.0102407
-1.62763 0.00976562

-1.62409 0.0
-1.6241 0.000610352

-1.6241 0.000610352
-1.62414 0.0012207

-1.62414 0.0012207
-1.6242 0.00183105

-1.6242 0.00183105
-1.62429 0.00244141

-1.62439 0.00300234
-1.6244 0.00305176

-1.6244 0.00305176
-1.62454 0.00366211

-1.62439 0.0030024
-1.62429 0.00244141

-1.62453 0.00366211
-1.6247 0.00427246

-1.6247 0.00427246
-1.62489 0.00488281

-1.625 0.00519576
-1.62489 0.00488281

-1.61435 0.0
-1.61401 0.0004791

-1.61386 0.0
-1.61342 0.000610352

-1.61339 0.000610352
-1.61279 0.00085236

-1.61279 0.000744013
-1.61218 0.000725125

-1.61218 0.000714195
-1.61157 0.000666105

-1.61157 0.000657449
-1.61096 0.00061933

-1.61035 0.000602075
-1.61056 0.000610352

-1.61096 0.0006242
-1.61053 0.000610352

-1.61035 0.000599314
-1.60974 0.000599882

-1.60974 0.000610377
-1.60913 0.000616404

-1.60913 0.000612169
-1.60852 0.000611136

-1.60852 0.000611435
-1.60791 0.000611214

-1.60791 0.000611744
-1.6073 0.000610677

-1.6073 0.000609075
-1.60669 0.000609227

-1.60713 0.000610352
-1.60669 0.000610461

-1.60669 0.000611026
-1.60608 0.000612005

-1.60608 0.000611076
-1.60547 0.000611218

-1.60547 0.000610124
-1.60543 0.000610352

-1.60544 0.000610352
-1.60486 0.000613386

-1.60486 0.00061103
-1.60425 0.000623945

-1.60425 0.00062775
-1.60364 0.000647503

-1.60364 0.00064893
-1.60303 0.000665057

-1.60303 0.000665045
-1.60242 0.000674719

-1.60242 0.000674155
-1.60181 0.000678529

-1.60181 0.000677889
-1.6012 0.000679373

-1.6012 0.000678864
-1.60059 0.000679754

-1.60059 0.000679404
-1.59998 0.000681418

-1.59998 0.000681166
-1.59937 0.000685508

-1.59937 0.00068528
-1.59875 0.000692911

-1.59875 0.000692663
-1.59814 0.000704535

-1.59814 0.000704268
-1.59753 0.000721408

-1.59753 0.000721177
-1.59692 0.000744582

-1.59692 0.000744491
-1.59631 0.000774804

-1.59631 0.000774997
-1.5957 0.000812014

-1.5957 0.00081263
-1.59509 0.000854734

-1.59509 0.000855816
-1.59448 0.00089961

-1.59448 0.000901013
-1.59387 0.000941528

-1.59387 0.000942922
-1.59326 0.000974565

-1.59326 0.000975576
-1.59265 0.000993537

-1.59265 0.000993895
-1.59204 0.000995439

-1.59204 0.000995031
-1.59143 0.000980257

-1.59143 0.000979109
-1.59082 0.000951133

-1.59082 0.000949354
-1.59021 0.000914031

-1.59021 0.000911756
-1.5896 0.000877194

-1.5896 0.000874455
-1.58899 0.000850683

-1.58899 0.000847268
-1.58838 0.000846597

-1.58838 0.000842411
-1.58777 0.000880045

-1.58777 0.000876183
-1.58716 0.000968218

-1.58716 0.000968036
-1.58655 0.00112256

-1.58655 0.00112307
-1.58624 0.0012207

-1.5863 0.0012207
-1.58594 0.00133766

-1.58594 0.00133796
-1.58533 0.00153865

-1.58533 0.00154352
-1.58472 0.00172176

-1.58472 0.0017283
-1.58425 0.00183105

-1.58423 0.00183105
-1.58411 0.00185853

-1.58411 0.0018605
-1.5835 0.00194549

-1.5835 0.0019481
-1.58289 0.00198145

-1.58289 0.0019826
-1.58228 0.00195679

-1.58228 0.00195955
-1.58167 0.00186676

-1.58105 0.00170087
-1.58153 0.00183105

-1.58167 0.00186538
-1.58154 0.00183105

-1.57983 0.00103468
-1.58016 0.0012207

-1.58105 0.00170513
-1.58044 0.00144919

-1.58044 0.00148627
-1.57998 0.0012207

-1.57983 0.00103651
-1.57922 0.000722083

-1.57861 0.000500753
-1.57886 0.000610352

-1.57922 0.000759935
-1.57877 0.000610352

-1.57983 0.00124876
-1.57979 0.0012207

-1.57861 0.000540984
-1.578 0.000412729

-1.578 0.000486858
-1.57739 0.000487964

-1.57739 0.000479165
-1.57678 0.000476759

-1.57678 0.000485758
-1.57617 0.000484252

-1.57617 0.000475504
-1.57556 0.000477409

-1.57556 0.000484157
-1.57495 0.000489663

-1.57495 0.000480631
-1.57434 0.000483293

-1.57434 0.000489697
-1.57373 0.000489447

-1.57373 0.000480042
-1.57312 0.000483381

-1.57312 0.000489437
-1.57251 0.000496385

-1.57251 0.000486936
-1.5719 0.000490383

-1.5719 0.000488494
-1.57129 0.000504222

-1.57129 0.000503765
-1.57068 0.000505012

-1.57068 0.000496914
-1.57007 0.000498294

-1.57007 0.000500528
-1.56946 0.000511009

-1.56946 0.000505217
-1.56885 0.000510954

-1.56885 0.000511263
-1.56824 0.000511747

-1.56824 0.000506989
-1.56763 0.00051015

-1.56763 0.000513346
-1.56702 0.000515987

-1.56702 0.000510021
-1.56641 0.000512401

-1.56641 0.000512961
-1.5658 0.000521132

-1.5658 0.000518062
-1.56519 0.000520702

-1.56519 0.000499487
-1.56458 0.000539887

-1.56458 0.000510562
-1.56396 0.000609002

-1.56396 0.00058717
-1.56383 0.000610352

-1.5638 0.000610352
-1.56335 0.000667334

-1.56335 0.000681787
-1.56274 0.000750916

-1.56274 0.000749154
-1.56213 0.000784354

-1.56213 0.000783293
-1.56152 0.000790211

-1.56152 0.000788734
-1.56091 0.000772446

-1.56091 0.000770075
-1.5603 0.000738275

-1.5603 0.000735782
-1.55969 0.0006982

-1.55969 0.000696385
-1.55908 0.000661635

-1.55908 0.000660787
-1.55847 0.000634192

-1.55847 0.000634158
-1.55786 0.000617483

-1.55725 0.000610251
-1.55726 0.000610352

-1.55786 0.000617929
-1.55725 0.000610353

-1.55664 0.000610283
-1.55671 0.000610352

-1.55725 0.00061096
-1.55664 0.000610386

-1.55664 0.000610942
-1.55603 0.000615044

-1.55603 0.000615469
-1.55542 0.000622276

-1.55542 0.000622565
-1.55481 0.000630651

-1.55481 0.000630834
-1.5542 0.000639253

-1.5542 0.000639363
-1.55359 0.000647525

-1.55359 0.00064758
-1.55298 0.000655155

-1.55298 0.000655155
-1.55237 0.000662035

-1.55237 0.00066198
-1.55176 0.000668277

-1.55176 0.000668185
-1.55115 0.000674196

-1.55115 0.000674131
-1.55054 0.000680169

-1.55054 0.000680252
-1.54993 0.000686282

-1.54993 0.00068666
-1.54932 0.000691763

-1.54932 0.000692507
-1.54871 0.000694439

-1.54871 0.000695389
-1.5481 0.000690763

-1.5481 0.000691378
-1.54749 0.000677064

-1.54749 0.000675968
-1.54688 0.000652929

-1.54688 0.000650476
-1.54626 0.000625811

-1.54565 0.000607209
-1.54578 0.000610352

-1.54626 0.00062239
-1.54575 0.000610352

-1.54504 0.000604463
-1.54529 0.000610352

-1.54565 0.000613444
-1.54544 0.000610352

-1.54504 0.00059733
-1.54443 0.000598227

-1.54382 0.000602519
-1.54321 0.000588501

-1.54321 0.000593396
-1.5426 0.000599271

-1.5426 0.000599628
-1.54199 0.000603143

-1.54199 0.000600343
-1.54138 0.000599356

-1.54138 0.000601052
-1.54077 0.000599745

-1.54077 0.00059684
-1.54016 0.000600244

-1.54016 0.000597367
-1.53955 0.000610072

-1.53965 0.000610352
-1.53955 0.000612352

-1.53955 0.000557126
-1.53931 0.000610352

-1.53931 0.000610352
-1.53894 0.000687717

-1.53894 0.000720642
-1.53833 0.0010031

-1.53833 0.00103759
-1.53796 0.0012207

-1.53796 0.0012207
-1.53772 0.00133837

-1.53772 0.00135136
-1.53711 0.00156746

-1.53711 0.0015722
-1.5365 0.00166771

-1.5365 0.00166862
-1.53589 0.00163224

-1.53467 0.00102482
-1.53498 0.0012207

-1.53589 0.00164415
-1.53528 0.00145026

-1.53528 0.00148065
-1.53485 0.0012207

-1.53406 0.000430918
-1.53429 0.000610352

-1.53467 0.0010088
-1.53406 0.000612587

-1.53345 0.000311242
-1.53402 0.000610352

-1.53406 0.000617585
-1.53404 0.000610352

-1.53345 0.0004279
-1.53284 0.000286837

-1.53284 0.000351958
-1.53223 0.000351605

-1.53223 0.000360758
-1.53162 0.000353433

-1.53162 0.000269768
-1.53101 0.000422496

-1.5304 0.000351121
-1.53099 0.000610352

-1.5304 0.000561844
-1.5301 0.0

-1.52197 0.0
-1.52185 0.000255749

-1.52185 0.00028111
-1.52153 0.000610352

-1.52125 0.000610352
-1.52124 0.000616091

-1.52124 0.000569991
-1.52063 0.000609448

-1.52072 0.000610352
-1.52063 0.000613399

-1.52063 0.000562588
-1.52002 0.000563323

-1.52019 0.000610352
-1.52002 0.000610559

-1.51941 0.000531855
-1.51973 0.000610352

-1.52002 0.000626079
-1.51989 0.000610352

-1.5188 7.43749e-05
-1.51925 0.000610352

-1.51941 0.000635015
-1.51936 0.000610352

-1.5188 0.000154713
-1.51863 0.0

-1.51798 0.0
-1.51759 0.000610352

-1.51758 0.000610352
-1.51758 0.000613318

-1.51758 0.000566108
-1.51697 0.000434399

-1.51758 0.000613925
-1.51753 0.000610352

-1.51697 0.000522358
-1.51671 0.0

-1.41046 0.0194433
-1.41061 0.0195312

-1.41046 0.0194428
-1.41016 0.0192707

-1.41992 0.0308313
-1.41999 0.0311279

-1.41999 0.0311279
-1.42006 0.0314331

-1.42006 0.0314331
-1.42012 0.0317383

-1.42012 0.0317383
-1.42017 0.0320435

-1.42017 0.0320435
-1.42022 0.0323486

-1.42023 0.0323661
-1.42027 0.0326538

-1.42027 0.0326538
-1.42031 0.032959

-1.42023 0.0323661
-1.42022 0.0323486

-1.42031 0.032959
-1.42034 0.0332642

-1.42034 0.0332642
-1.42037 0.0335693

-1.42037 0.0335693
-1.4204 0.0338745

-1.4204 0.0338745
-1.42042 0.0341797

-1.42042 0.0341797
-1.42044 0.0344849

-1.42044 0.0344849
-1.42045 0.03479

-1.42045 0.03479
-1.42046 0.0350952

-1.42046 0.0350952
-1.42046 0.0354004

-1.42046 0.0354004
-1.42046 0.0357056

-1.42046 0.0357056
-1.42045 0.0360107

-1.42045 0.0360107
-1.42045 0.0363159

-1.42045 0.0363159
-1.42043 0.0366211

-1.42043 0.0366211
-1.42042 0.0369263

-1.42042 0.0369263
-1.4204 0.0372314

-1.4204 0.0372314
-1.42038 0.0375366

-1.42038 0.0375366
-1.42035 0.0378418

-1.42035 0.0378418
-1.42032 0.038147

-1.42032 0.038147
-1.42029 0.0384521

-1.42029 0.0384521
-1.42025 0.0387573

-1.42025 0.0387573
-1.42023 0.0389421

-1.42023 0.0389415
-1.42021 0.0390625

-1.41656 0.0242961
-1.41666 0.0244141

-1.41626 0.0239484
-1.4164 0.0241089

-1.41656 0.0242971
-1.4164 0.0241089

-1.41534 0.023006
-1.41554 0.0231934

-1.41504 0.02272
-1.41522 0.0228882

-1.41534 0.0230054
-1.41522 0.0228882

-1.41595 0.0236188
-1.41613 0.0238037

-1.41565 0.0233053
-1.41584 0.0234985

-1.41595 0.0236189
-1.41584 0.0234985

-1.41626 0.0239491
-1.41613 0.0238037

-1.41565 0.0233049
-1.41554 0.0231934

-1.41748 0.0254689
-1.4176 0.0256348

-1.41809 0.0263964
-1.41818 0.0265503

-1.41818 0.0265503
-1.41836 0.0268555

-1.41779 0.0259133
-1.4178 0.0259399

-1.4178 0.0259399
-1.418 0.0262451

-1.41779 0.0259136
-1.4176 0.0256348

-1.41809 0.0263965
-1.418 0.0262451

-1.4187 0.0274977
-1.41884 0.027771

-1.41884 0.027771
-1.41898 0.0280762

-1.41931 0.028882
-1.41935 0.0289917

-1.41935 0.0289917
-1.41947 0.0292969

-1.41901 0.0281442
-1.41911 0.0283813

-1.41911 0.0283813
-1.41924 0.0286865

-1.41901 0.0281445
-1.41898 0.0280762

-1.41931 0.028882
-1.41924 0.0286865

-1.4184 0.0269204
-1.41853 0.0271606

-1.41853 0.0271606
-1.41869 0.0274658

-1.4184 0.0269208
-1.41836 0.0268555

-1.4187 0.027498
-1.41869 0.0274658

-1.41687 0.0246634
-1.41691 0.0247192

-1.41692 0.0247192
-1.41715 0.0250244

-1.41718 0.0250524
-1.41738 0.0253296

-1.41748 0.0254694
-1.41738 0.0253296

-1.41718 0.0250526
-1.41715 0.0250244

-1.41687 0.024663
-1.41667 0.0244141

-1.41412 0.0219272
-1.41418 0.0219727

-1.41412 0.0219264
-1.41382 0.0216817

-1.41321 0.0212175
-1.4134 0.0213623

-1.41351 0.0214456
-1.4138 0.0216675

-1.41382 0.0216819
-1.4138 0.0216675

-1.41351 0.0214446
-1.4134 0.0213623

-1.4129 0.0209978
-1.41299 0.0210571

-1.41321 0.0212168
-1.41299 0.0210571

-1.4129 0.0209961
-1.4126 0.020782

-1.41473 0.0224454
-1.41489 0.022583

-1.41443 0.0221814
-1.41454 0.0222778

-1.41473 0.0224431
-1.41454 0.0222778

-1.41504 0.0227184
-1.41489 0.022583

-1.41443 0.0221801
-1.41418 0.0219727

-1.41229 0.0205745
-1.41255 0.020752

-1.41199 0.0203735
-1.4121 0.0204468

-1.41229 0.020574
-1.4121 0.0204468

-1.41138 0.0199861
-1.41163 0.0201416

-1.41199 0.0203726
-1.41168 0.0201765

-1.41168 0.0201762
-1.41163 0.0201416

-1.4126 0.0207815
-1.41255 0.020752

-1.41107 0.0198012
-1.41113 0.0198364

-1.41138 0.0199856
-1.41113 0.0198364

-1.41107 0.0198003
-1.41077 0.0196194

-1.41077 0.019619
-1.41062 0.0195312

-1.41962 0.0297511
-1.41967 0.0299072

-1.41947 0.0292969
-1.41957 0.0296021

-1.41962 0.0297512
-1.41957 0.0296021

-1.41967 0.0299072
-1.41976 0.0302124

-1.41976 0.0302124
-1.41984 0.0305176

-1.41984 0.0305176
-1.41992 0.0308228

-1.41992 0.0308315
-1.41992 0.0308228

-1.40985 0.0191029
-1.41007 0.0192261

-1.41016 0.0192705
-1.41008 0.0192261

-1.40985 0.0191025
-1.40955 0.0189383

-1.40924 0.0187781
-1.40951 0.0189209

-1.40924 0.0187777
-1.40894 0.0186206

-1.40955 0.0189382
-1.40951 0.0189209

-1.40802 0.0181692
-1.40831 0.0183105

-1.40802 0.0181688
-1.40771 0.0180241

-1.40863 0.0184673
-1.40892 0.0186157

-1.40894 0.0186206
-1.40893 0.0186157

-1.40863 0.0184669
-1.40833 0.0183162

-1.40833 0.0183163
-1.40831 0.0183105

-1.40558 0.0170838
-1.40559 0.0170898

-1.40558 0.0170839
-1.40527 0.0169587

-1.40741 0.0178827
-1.40767 0.0180054

-1.40771 0.0180241
-1.40767 0.0180054

-1.40741 0.0178824
-1.4071 0.0177431

-1.4068 0.0176069
-1.40701 0.0177002

-1.4068 0.0176067
-1.40649 0.0174724

-1.4071 0.017743
-1.40701 0.0177002

-1.40619 0.017341
-1.40631 0.017395

-1.40649 0.0174722
-1.40632 0.017395

-1.40619 0.0173408
-1.40588 0.0172111

-1.40588 0.0172109
-1.40559 0.0170898

-1.40527 0.0169584
-1.40497 0.0168351

-1.40466 0.0167142
-1.40484 0.0167847

-1.40497 0.016835
-1.40484 0.0167847

-1.40405 0.0164767
-1.40406 0.0164795

-1.40466 0.016714
-1.40436 0.0165945

-1.40436 0.0165943
-1.40406 0.0164795

-1.40405 0.0164771
-1.40375 0.0163613

-1.40375 0.0163611
-1.40344 0.0162468

-1.40314 0.0161346
-1.40324 0.0161743

-1.40344 0.0162466
-1.40325 0.0161743

-1.40314 0.0161345
-1.40283 0.0160235

-1.40222 0.0158063
-1.4024 0.0158691

-1.40222 0.0158062
-1.40192 0.0156997

-1.40192 0.0156995
-1.40161 0.0155944

-1.40283 0.0160234
-1.40253 0.0159139

-1.40253 0.0159138
-1.4024 0.0158691

-1.40131 0.015491
-1.40152 0.015564

-1.40161 0.0155944
-1.40152 0.015564

-1.40131 0.0154909
-1.401 0.0153884

-1.40039 0.0151876
-1.40061 0.0152588

-1.401 0.0153883
-1.4007 0.0152872

-1.4007 0.0152872
-1.40061 0.0152588

-1.39856 0.0146125
-1.39868 0.0146484

-1.39856 0.0146124
-1.39825 0.0145203

-1.39825 0.0145203
-1.39795 0.0144291

-1.39764 0.0143391
-1.39766 0.0143433

-1.39795 0.014429
-1.39766 0.0143433

-1.39764 0.0143392
-1.39734 0.0142501

-1.39734 0.01425
-1.39703 0.0141617

-1.39703 0.0141616
-1.39673 0.0140744

-1.39642 0.0139882
-1.3966 0.0140381

-1.39642 0.0139881
-1.39612 0.0139025

-1.39673 0.0140743
-1.3966 0.0140381

-1.39612 0.0139025
-1.39581 0.0138177

-1.39581 0.0138177
-1.39551 0.0137339

-1.40039 0.0151875
-1.40009 0.0150888

-1.40009 0.0150887
-1.39978 0.0149911

-1.39948 0.014895
-1.39966 0.0149536

-1.39978 0.0149911
-1.39966 0.0149536

-1.39948 0.014895
-1.39917 0.0147997

-1.39917 0.0147996
-1.39886 0.0147053

-1.39886 0.0147053
-1.39868 0.0146484

-1.39429 0.0134067
-1.39437 0.0134277

-1.3952 0.013651
-1.3955 0.0137329

-1.39551 0.013734
-1.3955 0.0137329

-1.3952 0.0136509
-1.3949 0.0135686

-1.3949 0.0135686
-1.39459 0.0134872

-1.39459 0.0134872
-1.39437 0.0134277

-1.39429 0.0134066
-1.39398 0.0133267

-1.39398 0.0133266
-1.39368 0.0132474

-1.39368 0.0132474
-1.39337 0.0131689

-1.39307 0.0130913
-1.39319 0.0131226

-1.39337 0.0131689
-1.39319 0.0131226

-1.39307 0.0130913
-1.39276 0.0130141

-1.39276 0.0130141
-1.39246 0.0129377

-1.39185 0.0127872
-1.39197 0.0128174

-1.39246 0.0129377
-1.39215 0.012862

-1.39215 0.0128621
-1.39197 0.0128174

-1.39185 0.0127871
-1.39154 0.0127127

-1.39154 0.0127126
-1.39124 0.0126388

-1.39124 0.0126388
-1.39093 0.0125658

-1.39062 0.0124934
-1.3907 0.0125122

-1.39093 0.0125658
-1.3907 0.0125122

-1.42021 0.0390625
-1.42017 0.0393677

-1.42017 0.0393677
-1.42012 0.0396729

-1.42012 0.0396729
-1.42007 0.039978

-1.42007 0.039978
-1.42002 0.0402832

-1.42002 0.0402832
-1.41997 0.0405884

-1.41997 0.0405884
-1.41992 0.0408339

-1.41992 0.0408336
-1.41991 0.0408936

-1.41991 0.0408936
-1.41985 0.0411987

-1.41985 0.0411987
-1.41979 0.0415039

-1.41979 0.0415039
-1.41972 0.0418091

-1.41972 0.0418091
-1.41965 0.0421143

-1.41965 0.0421143
-1.41962 0.0422704

-1.41962 0.04227
-1.41958 0.0424194

-1.41958 0.0424194
-1.41951 0.0427246

-1.41951 0.0427246
-1.41943 0.0430298

-1.41943 0.0430298
-1.41935 0.043335

-1.41935 0.043335
-1.41931 0.0434918

-1.41931 0.0434914
-1.41927 0.0436401

-1.41927 0.0436401
-1.41919 0.0439453

-1.41919 0.0439453
-1.4191 0.0442505

-1.4191 0.0442505
-1.41901 0.0445557

-1.41901 0.0445557
-1.41901 0.0445814

-1.41901 0.0445808
-1.41892 0.0448608

-1.41892 0.0448608
-1.41883 0.045166

-1.41883 0.045166
-1.41873 0.0454712

-1.41873 0.0454712
-1.4187 0.0455766

-1.4187 0.0455761
-1.41864 0.0457764

-1.41864 0.0457764
-1.41854 0.0460815

-1.41854 0.0460815
-1.41844 0.0463867

-1.41844 0.0463867
-1.4184 0.0465035

-1.4184 0.0465032
-1.41833 0.0466919

-1.41833 0.0466919
-1.41823 0.0469971

-1.41823 0.0469971
-1.41812 0.0473022

-1.41812 0.0473022
-1.41809 0.0473769

-1.41809 0.0473765
-1.41801 0.0476074

-1.41801 0.0476074
-1.4179 0.0479126

-1.4179 0.0479126
-1.41779 0.0482062

-1.41779 0.0482062
-1.41778 0.0482178

-1.41778 0.0482178
-1.41767 0.0485229

-1.41767 0.0485229
-1.41755 0.0488281

-1.41755 0.0488281
-1.41748 0.048999

-1.41748 0.0489987
-1.41743 0.0491333

-1.41743 0.0491333
-1.41731 0.0494385

-1.41731 0.0494385
-1.41718 0.0497437

-1.41718 0.0497437
-1.41718 0.0497621

-1.41718 0.0497615
-1.41706 0.0500488

-1.41706 0.0500488
-1.41693 0.050354

-1.41693 0.050354
-1.41687 0.0504969

-1.41687 0.0504967
-1.4168 0.0506592

-1.4168 0.0506592
-1.41667 0.0509644

-1.41667 0.0509644
-1.41656 0.0512092

-1.41656 0.0512091
-1.41654 0.0512695

-1.41654 0.0512695
-1.4164 0.0515747

-1.4164 0.0515747
-1.41627 0.0518799

-1.41627 0.0518799
-1.41626 0.0519017

-1.41626 0.0519012
-1.41613 0.0521851

-1.41613 0.0521851
-1.41599 0.0524902

-1.41599 0.0524902
-1.41595 0.0525747

-1.41595 0.0525744
-1.41585 0.0527954

-1.41585 0.0527954
-1.41571 0.0531006

-1.41571 0.0531006
-1.41565 0.0532317

-1.41565 0.0532314
-1.41557 0.0534058

-1.41557 0.0534058
-1.41542 0.0537109

-1.41542 0.0537109
-1.41534 0.0538738

-1.41534 0.0538736
-1.41528 0.0540161

-1.41528 0.0540161
-1.41513 0.0543213

-1.41513 0.0543213
-1.41504 0.0545025

-1.41504 0.0545023
-1.41498 0.0546265

-1.41498 0.0546265
-1.41483 0.0549316

-1.41483 0.0549316
-1.41473 0.0551189

-1.41473 0.0551187
-1.41467 0.0552368

-1.41467 0.0552368
-1.41452 0.055542

-1.41452 0.055542
-1.41443 0.0557238

-1.41443 0.0557236
-1.41437 0.0558472

-1.41437 0.0558472
-1.41421 0.0561523

-1.41421 0.0561523
-1.41412 0.0563183

-1.41412 0.0563181
-1.41405 0.0564575

-1.41405 0.0564575
-1.41389 0.0567627

-1.41389 0.0567627
-1.41382 0.056903

-1.41382 0.0569028
-1.41373 0.0570679

-1.41373 0.0570679
-1.41357 0.057373

-1.41357 0.057373
-1.41351 0.0574788

-1.41351 0.0574784
-1.41341 0.0576782

-1.41341 0.0576782
-1.41324 0.0579834

-1.41324 0.0579834
-1.41321 0.0580461

-1.41321 0.0580458
-1.41308 0.0582886

-1.41308 0.0582886
-1.41291 0.0585938

-1.41291 0.0585938
-1.4129 0.0586058

-1.4129 0.0586053
-1.41274 0.0588989

-1.41274 0.0588989
-1.4126 0.0591572

-1.4126 0.0591571
-1.41257 0.0592041

-1.41257 0.0592041
-1.4124 0.0595093

-1.4124 0.0595093
-1.41229 0.0597021

-1.41229 0.0597019
-1.41223 0.0598145

-1.41223 0.0598145
-1.41206 0.0601196

-1.41206 0.0601196
-1.41199 0.0602406

-1.41199 0.0602403
-1.41188 0.0604248

-1.41188 0.0604248
-1.41171 0.06073

-1.41171 0.06073
-1.41168 0.0607732

-1.41168 0.0607727
-1.41153 0.0610352

-1.41153 0.0610352
-1.41138 0.0612991

-1.41138 0.061299
-1.41135 0.0613403

-1.41135 0.0613403
-1.41117 0.0616455

-1.41117 0.0616455
-1.41107 0.0618199

-1.41107 0.0618197
-1.41099 0.0619507

-1.41099 0.0619507
-1.41081 0.0622559

-1.41081 0.0622559
-1.41077 0.0623356

-1.41077 0.0623352
-1.41063 0.062561

-1.41063 0.062561
-1.41046 0.0628459

-1.41046 0.0628458
-1.41045 0.0628662

-1.41045 0.0628662
-1.41027 0.0631714

-1.41027 0.0631714
-1.41016 0.0633516

-1.41016 0.0633514
-1.41008 0.0634766

-1.41008 0.0634766
-1.40989 0.0637817

-1.40989 0.0637817
-1.40985 0.0638531

-1.40985 0.0638526
-1.40971 0.0640869

-1.40971 0.0640869
-1.40955 0.0643495

-1.40955 0.0643492
-1.40952 0.0643921

-1.40952 0.0643921
-1.40933 0.0646973

-1.40933 0.0646973
-1.40924 0.0648421

-1.40924 0.0648419
-1.40914 0.0650024

-1.40914 0.0650024
-1.40895 0.0653076

-1.40895 0.0653076
-1.40894 0.0653315

-1.40894 0.0653308
-1.40876 0.0656128

-1.40876 0.0656128
-1.40863 0.0658156

-1.40863 0.0658154
-1.40857 0.065918

-1.40857 0.065918
-1.40837 0.0662231

-1.40837 0.0662231
-1.40833 0.0662973

-1.40833 0.0662966
-1.40818 0.0665283

-1.40818 0.0665283
-1.40802 0.0667743

-1.40802 0.0667738
-1.40798 0.0668335

-1.40798 0.0668335
-1.40779 0.0671387

-1.40779 0.0671387
-1.40771 0.0672488

-1.40771 0.0672484
-1.40759 0.0674438

-1.40759 0.0674438
-1.40741 0.0677195

-1.40741 0.0677191
-1.40739 0.067749

-1.40739 0.067749
-1.40719 0.0680542

-1.40719 0.0680542
-1.4071 0.0681874

-1.4071 0.0681872
-1.40699 0.0683594

-1.40699 0.0683594
-1.4068 0.0686522

-1.4068 0.0686521
-1.40679 0.0686646

-1.40679 0.0686646
-1.40659 0.0689697

-1.40659 0.0689697
-1.40649 0.0691141

-1.40649 0.0691139
-1.40639 0.0692749

-1.40639 0.0692749
-1.40619 0.0695732

-1.40619 0.0695731
-1.40618 0.0695801

-1.40618 0.0695801
-1.40598 0.0698853

-1.40598 0.0698853
-1.40588 0.0700295

-1.40588 0.0700293
-1.40578 0.0701904

-1.40578 0.0701904
-1.40558 0.0704832

-1.40558 0.0704832
-1.40557 0.0704956

-1.40557 0.0704956
-1.40536 0.0708008

-1.40536 0.0708008
-1.40527 0.0709345

-1.40527 0.0709342
-1.40516 0.071106

-1.40516 0.071106
-1.40497 0.071383

-1.40497 0.0713828
-1.40495 0.0714111

-1.40495 0.0714111
-1.40474 0.0717163

-1.40474 0.0717163
-1.40466 0.0718299

-1.40466 0.0718292
-1.40453 0.0720215

-1.40453 0.0720215
-1.40436 0.0722733

-1.40436 0.0722727
-1.40432 0.0723267

-1.40432 0.0723267
-1.40411 0.0726318

-1.40411 0.0726318
-1.40405 0.0727161

-1.40405 0.072715
-1.4039 0.072937

-1.4039 0.072937
-1.40375 0.0731546

-1.40375 0.0731537
-1.40369 0.0732422

-1.40369 0.0732422
-1.40347 0.0735474

-1.40347 0.0735474
-1.40344 0.0735927

-1.40344 0.0735922
-1.40326 0.0738525

-1.40326 0.0738525
-1.40314 0.0740275

-1.40314 0.074027
-1.40305 0.0741577

-1.40305 0.0741577
-1.40283 0.074461

-1.40283 0.0744629
-1.40283 0.0744635

-1.40283 0.074461
-1.40283 0.0744629

-1.40283 0.0744629
-1.40261 0.0747681

-1.40261 0.0747681
-1.40253 0.074893

-1.40253 0.0748922
-1.4024 0.0750732

-1.4024 0.0750732
-1.40222 0.0753219

-1.40222 0.0753213
-1.40218 0.0753784

-1.40218 0.0753784
-1.40196 0.0756836

-1.40196 0.0756836
-1.40192 0.0757505

-1.40192 0.0757497
-1.40175 0.0759888

-1.40175 0.0759888
-1.40161 0.0761756

-1.40161 0.0761747
-1.40153 0.0762939

-1.40153 0.0762939
-1.40131 0.0765991

-1.40131 0.0765991
-1.40131 0.0766002

-1.40131 0.0765999
-1.40109 0.0769043

-1.40109 0.0769043
-1.401 0.0770231

-1.401 0.0770222
-1.40087 0.0772095

-1.40087 0.0772095
-1.4007 0.0774431

-1.4007 0.0774423
-1.40064 0.0775146

-1.40064 0.0775146
-1.40042 0.0778198

-1.40042 0.0778198
-1.40039 0.0778628

-1.40039 0.0778624
-1.4002 0.078125

-1.4002 0.078125
-1.40009 0.0782803

-1.40009 0.0782795
-1.39998 0.0784302

-1.39998 0.0784302
-1.39978 0.0786961

-1.39978 0.0786958
-1.39975 0.0787354

-1.39975 0.0787354
-1.39953 0.0790405

-1.39953 0.0790405
-1.39948 0.0791114

-1.39948 0.0791107
-1.3993 0.0793457

-1.3993 0.0793457
-1.39917 0.0795239

-1.39917 0.0795228
-1.39908 0.0796509

-1.39908 0.0796509
-1.39886 0.0799355

-1.39886 0.0799355
-1.39885 0.0799561

-1.39885 0.0799561
-1.39862 0.0802612

-1.39862 0.0802612
-1.39856 0.0803467

-1.39856 0.0803459
-1.3984 0.0805664

-1.3984 0.0805664
-1.39825 0.0807548

-1.39825 0.0807535
-1.39817 0.0808716

-1.39817 0.0808716
-1.39795 0.0811624

-1.39795 0.0811624
-1.39794 0.0811768

-1.39794 0.0811768
-1.39771 0.0814819

-1.39771 0.0814819
-1.39764 0.0815695

-1.39764 0.0815687
-1.39748 0.0817871

-1.39748 0.0817871
-1.39734 0.0819738

-1.39734 0.0819724
-1.39725 0.0820923

-1.39725 0.0820923
-1.39703 0.0823775

-1.39703 0.0823774
-1.39702 0.0823975

-1.39702 0.0823975
-1.39679 0.0827026

-1.39679 0.0827026
-1.39673 0.0827807

-1.39673 0.0827801
-1.39656 0.0830078

-1.39656 0.0830078
-1.39642 0.0831817

-1.39642 0.0831802
-1.39632 0.083313

-1.39632 0.083313
-1.39612 0.0835816

-1.39612 0.0835814
-1.39609 0.0836182

-1.39609 0.0836182
-1.39586 0.0839233

-1.39586 0.0839233
-1.39581 0.0839811

-1.39581 0.0839807
-1.39562 0.0842285

-1.39562 0.0842285
-1.39551 0.0843794

-1.39551 0.0843777
-1.39539 0.0845337

-1.39539 0.0845337
-1.3952 0.0847753

-1.3952 0.0847749
-1.39515 0.0848389

-1.39515 0.0848389
-1.39492 0.085144

-1.39492 0.085144
-1.3949 0.0851713

-1.3949 0.085171
-1.39468 0.0854492

-1.39468 0.0854492
-1.39459 0.0855669

-1.39459 0.0855655
-1.39445 0.0857544

-1.39445 0.0857544
-1.39429 0.0859593

-1.39429 0.0859584
-1.39421 0.0860596

-1.39421 0.0860596
-1.39398 0.0863519

-1.39398 0.0863519
-1.39397 0.0863647

-1.39397 0.0863647
-1.39373 0.0866699

-1.39373 0.0866699
-1.39368 0.0867441

-1.39368 0.0867436
-1.3935 0.0869751

-1.3935 0.0869751
-1.39337 0.087135

-1.39337 0.087133
-1.39326 0.0872803

-1.39326 0.0872803
-1.39307 0.0875238

-1.39307 0.0875234
-1.39302 0.0875854

-1.39302 0.0875854
-1.39278 0.0878906

-1.39278 0.0878906
-1.39276 0.0879129

-1.39276 0.0879125
-1.39254 0.0881958

-1.39254 0.0881958
-1.39246 0.0883012

-1.39246 0.0883003
-1.3923 0.088501

-1.3923 0.088501
-1.39215 0.0886876

-1.39215 0.0886862
-1.39206 0.0888062

-1.39206 0.0888062
-1.39185 0.0890732

-1.39185 0.0890731
-1.39182 0.0891113

-1.39182 0.0891113
-1.39157 0.0894165

-1.39157 0.0894165
-1.39154 0.0894587

-1.39154 0.0894583
-1.39133 0.0897217

-1.39133 0.0897217
-1.39124 0.0898437

-1.39124 0.0898422
-1.39109 0.0900269

-1.39109 0.0900269
-1.39093 0.0902262

-1.39093 0.0902252
-1.39085 0.090332

-1.39085 0.090332
-1.39062 0.0906086

-1.3891 0.0121397
-1.38939 0.012207

-1.3891 0.0121397
-1.38879 0.0120706

-1.38879 0.0120706
-1.38849 0.0120022

-1.38849 0.0120022
-1.38818 0.0119344

-1.39062 0.0124933
-1.39032 0.0124213

-1.39032 0.0124213
-1.39001 0.0123499

-1.39001 0.0123499
-1.38971 0.0122793

-1.38971 0.0122793
-1.3894 0.0122093

-1.3894 0.0122093
-1.38939 0.012207

-1.38788 0.0118671
-1.38804 0.0119019

-1.38818 0.0119345
-1.38804 0.0119019

-1.38788 0.011867
-1.38757 0.0118001

-1.38757 0.0118
-1.38727 0.0117337

-1.38727 0.0117337
-1.38696 0.011668

-1.38635 0.0115381
-1.38663 0.0115967

-1.38696 0.0116681
-1.38666 0.0116029

-1.38666 0.0116029
-1.38663 0.0115967

-1.38635 0.011538
-1.38605 0.0114737

-1.38605 0.0114736
-1.38574 0.0114099

-1.38574 0.0114099
-1.38544 0.0113467

-1.38513 0.011284
-1.38517 0.0112915

-1.38544 0.0113468
-1.38517 0.0112915

-1.38513 0.0112839
-1.38483 0.0112215

-1.38483 0.0112214
-1.38452 0.0111594

-1.38361 0.0109769
-1.38365 0.0109863

-1.38361 0.0109769
-1.3833 0.0109167

-1.38452 0.0111594
-1.38422 0.011098

-1.38422 0.0110981
-1.38391 0.0110373

-1.38391 0.0110374
-1.38365 0.0109863

-1.3833 0.0109167
-1.383 0.0108569

-1.383 0.0108569
-1.38269 0.0107978

-1.38269 0.0107979
-1.38239 0.0107393

-1.38239 0.0107394
-1.38208 0.0106812

-1.38208 0.010681
-1.38177 0.0106229

-1.38208 0.0106814
-1.38208 0.0106812

-1.38177 0.0106229
-1.38147 0.0105652

-1.38147 0.0105651
-1.38116 0.0105081

-1.38116 0.0105081
-1.38086 0.0104516

-1.37689 0.00975054
-1.37698 0.00976562

-1.37689 0.00975053
-1.37659 0.00969904

-1.37659 0.00969903
-1.37628 0.00964793

-1.37628 0.00964789
-1.37598 0.00959729

-1.37598 0.00959732
-1.37567 0.00954726

-1.37567 0.00954735
-1.37537 0.00949759

-1.37506 0.00944784
-1.37514 0.00946045

-1.37537 0.00949766
-1.37514 0.00946045

-1.37506 0.00944783
-1.37476 0.00939829

-1.37476 0.00939828
-1.37445 0.00934914

-1.37445 0.00934909
-1.37415 0.00930045

-1.37415 0.00930047
-1.37384 0.0092524

-1.37384 0.00925246
-1.37354 0.00920479

-1.37292 0.00910972
-1.37322 0.00915527

-1.37354 0.00920487
-1.37323 0.00915729

-1.37323 0.00915736
-1.37322 0.00915527

-1.37292 0.00910972
-1.37262 0.00906259

-1.37262 0.00906257
-1.37231 0.00901585

-1.37231 0.00901582
-1.37201 0.00896959

-1.37201 0.00896964
-1.3717 0.00892388

-1.3717 0.00892397
-1.3714 0.0088784

-1.37109 0.00883274
-1.37121 0.0088501

-1.3714 0.00887846
-1.37121 0.0088501

-1.38025 0.0103396
-1.38045 0.010376

-1.38086 0.0104517
-1.38055 0.0103956

-1.38055 0.0103956
-1.38045 0.010376

-1.38025 0.0103396
-1.37994 0.010284

-1.37994 0.0102839
-1.37964 0.0102288

-1.37964 0.0102288
-1.37933 0.0101742

-1.37933 0.0101743
-1.37903 0.0101202

-1.37872 0.0100663
-1.37875 0.0100708

-1.37903 0.0101203
-1.37875 0.0100708

-1.37872 0.0100662
-1.37842 0.0100125

-1.37842 0.0100125
-1.37811 0.0099591

-1.37811 0.00995905
-1.37781 0.00990624

-1.37781 0.00990627
-1.3775 0.00985405

-1.3775 0.00985414
-1.3772 0.00980229

-1.3772 0.00980235
-1.37698 0.00976562

-1.37109 0.00883273
-1.37079 0.00878732

-1.37079 0.00878732
-1.37048 0.0087423

-1.37048 0.00874229
-1.37018 0.00869769

-1.37018 0.00869766
-1.36987 0.0086536

-1.36896 0.00852322
-1.36911 0.00854492

-1.36896 0.00852321
-1.36865 0.00848

-1.36987 0.00865365
-1.36957 0.00861006

-1.36957 0.00861016
-1.36926 0.00856673

-1.36926 0.00856678
-1.36911 0.00854492

-1.36865 0.00848001
-1.36835 0.00843716

-1.36835 0.00843715
-1.36804 0.00839467

-1.36804 0.00839464
-1.36774 0.00835261

-1.36774 0.00835266
-1.36743 0.00831106

-1.36743 0.00831115
-1.36713 0.00826972

-1.36682 0.00822812
-1.36691 0.00823975

-1.36713 0.0082698
-1.36691 0.00823975

-1.36682 0.00822811
-1.36652 0.00818668

-1.36652 0.00818668
-1.36621 0.0081456

-1.36621 0.00814558
-1.36591 0.00810487

-1.36591 0.00810484
-1.3656 0.00806461

-1.3656 0.00806464
-1.3653 0.00802488

-1.3653 0.00802493
-1.36499 0.00798549

-1.36438 0.00790663
-1.3646 0.00793457

-1.36499 0.00798558
-1.36469 0.00794618

-1.36469 0.00794623
-1.36459 0.00793457

-1.36438 0.00790662
-1.36407 0.00786744

-1.36407 0.00786745
-1.36377 0.00782862

-1.36377 0.00782861
-1.36346 0.00779011

-1.36346 0.00779007
-1.36316 0.00775197

-1.36316 0.007752
-1.36285 0.00771432

-1.36285 0.00771438
-1.36255 0.00767695

-1.36255 0.00767704
-1.36224 0.00763955

-1.36194 0.00760185
-1.36216 0.00762939

-1.36224 0.00763961
-1.36216 0.00762939

-1.36194 0.00760183
-1.36163 0.00756448

-1.36163 0.0075645
-1.36133 0.00752749

-1.3595 0.00731259
-1.3596 0.00732422

-1.3595 0.00731258
-1.35919 0.00727724

-1.35919 0.00727724
-1.35889 0.00724224

-1.36133 0.00752748
-1.36102 0.00749082

-1.36102 0.00749079
-1.36072 0.00745456

-1.36072 0.00745459
-1.36041 0.00741881

-1.36041 0.00741885
-1.36011 0.0073834

-1.36011 0.00738347
-1.3598 0.00734812

-1.3598 0.0073482
-1.3596 0.00732422

-1.35889 0.00724225
-1.35858 0.00720754

-1.35858 0.00720753
-1.35828 0.00717312

-1.35828 0.0071731
-1.35797 0.00713907

-1.35797 0.0071391
-1.35767 0.00710543

-1.35767 0.00710547
-1.35736 0.00707202

-1.35736 0.0070721
-1.35706 0.00703863

-1.35675 0.00700489
-1.35688 0.00701904

-1.35706 0.0070387
-1.35688 0.00701904

-1.35675 0.00700487
-1.35645 0.0069713

-1.35645 0.0069713
-1.35614 0.00693805

-1.35614 0.00693806
-1.35583 0.00690511

-1.35583 0.0069051
-1.35553 0.00687244

-1.35553 0.00687241
-1.35522 0.00684014

-1.35522 0.00684016
-1.35492 0.00680829

-1.35492 0.00680832
-1.35461 0.00677675

-1.35461 0.0067768
-1.35431 0.00674538

-1.35431 0.00674548
-1.354 0.00671392

-1.354 0.00671376
-1.3537 0.00668215

-1.3537 0.00668213
-1.35339 0.00665081

-1.354 0.00671413
-1.354 0.00671387

-1.35339 0.00665082
-1.35309 0.00661979

-1.35309 0.00661981
-1.35278 0.00658902

-1.35278 0.00658898
-1.35248 0.00655848

-1.35248 0.00655848
-1.35217 0.00652832

-1.35217 0.00652835
-1.35187 0.00649847

-1.35187 0.00649848
-1.35156 0.00646883

-1.35156 0.00646888
-1.35126 0.00643932

-1.35126 0.00643942
-1.35095 0.00640964

-1.35065 0.00637957
-1.35094 0.00640869

-1.35095 0.00640972
-1.35094 0.00640869

-1.35065 0.00637955
-1.35034 0.0063499

-1.35034 0.0063499
-1.35004 0.00632054

-1.35004 0.00632055
-1.34973 0.00629145

-1.34973 0.00629144
-1.34943 0.0062626

-1.34943 0.00626257
-1.34912 0.00623408

-1.34912 0.0062341
-1.34882 0.00620598

-1.34882 0.006206
-1.34851 0.00617816

-1.34851 0.00617817
-1.34821 0.00615055

-1.34821 0.00615063
-1.3479 0.00612303

-1.3476 0.00609515
-1.34769 0.00610352

-1.3476 0.00609514
-1.34729 0.00606737

-1.34729 0.00606737
-1.34698 0.0060399

-1.34698 0.00603991
-1.34668 0.00601272

-1.3479 0.00612312
-1.34769 0.00610352

-1.34668 0.00601274
-1.34637 0.00598578

-1.34637 0.00598577
-1.34607 0.00595901

-1.34607 0.00595897
-1.34576 0.00593249

-1.34576 0.00593251
-1.34546 0.00590633

-1.34546 0.00590636
-1.34515 0.00588038

-1.34515 0.00588038
-1.34485 0.00585457

-1.34485 0.00585461
-1.34454 0.00582887

-1.34454 0.00582897
-1.34424 0.00580299

-1.34393 0.00577666
-1.34419 0.00579834

-1.34424 0.00580305
-1.34418 0.00579834

-1.34393 0.00577663
-1.34363 0.00575061

-1.34363 0.00575061
-1.34332 0.00572485

-1.34332 0.00572486
-1.34302 0.00569935

-1.34302 0.00569936
-1.34271 0.00567406

-1.34271 0.00567404
-1.34241 0.00564896

-1.34241 0.00564894
-1.3421 0.00562417

-1.3421 0.0056242
-1.3418 0.00559975

-1.3418 0.00559977
-1.34149 0.00557553

-1.34149 0.00557552
-1.34119 0.00555148

-1.34119 0.00555151
-1.34088 0.00552763

-1.34088 0.00552772
-1.34058 0.00550374

-1.34027 0.00547942
-1.34044 0.00549316

-1.34027 0.00547939
-1.33997 0.00545526

-1.34058 0.00550382
-1.34044 0.00549316

-1.33997 0.00545526
-1.33966 0.0054314

-1.33966 0.00543141
-1.33936 0.00540781

-1.33936 0.00540782
-1.33905 0.00538442

-1.33905 0.00538444
-1.33875 0.0053612

-1.33875 0.00536116
-1.33844 0.00533812

-1.33844 0.00533812
-1.33813 0.00531537

-1.33813 0.0053154
-1.33783 0.00529286

-1.33783 0.00529287
-1.33752 0.00527048

-1.33752 0.00527049
-1.33722 0.00524824

-1.33722 0.00524825
-1.33691 0.00522611

-1.33691 0.00522619
-1.33661 0.00520394

-1.3363 0.00518128
-1.33639 0.00518799

-1.33661 0.00520403
-1.33639 0.00518799

-1.3363 0.00518126
-1.336 0.00515861

-1.336 0.0051586
-1.33569 0.00513617

-1.33569 0.00513618
-1.33539 0.00511398

-1.33539 0.00511399
-1.33508 0.00509202

-1.33508 0.00509203
-1.33478 0.00507025

-1.33478 0.00507024
-1.33447 0.00504863

-1.33447 0.00504859
-1.33417 0.00502724

-1.33417 0.00502725
-1.33386 0.0050062

-1.33386 0.00500622
-1.33356 0.00498538

-1.33356 0.00498537
-1.33325 0.0049647

-1.33325 0.0049647
-1.33295 0.0049442

-1.33295 0.00494421
-1.33264 0.00492388

-1.33264 0.00492393
-1.33234 0.00490366

-1.33234 0.00490377
-1.33203 0.00488323

-1.33173 0.00486237
-1.33203 0.00488281

-1.33173 0.00486235
-1.33142 0.00484187

-1.33142 0.00484187
-1.33112 0.00482162

-1.33112 0.00482163
-1.33081 0.0048016

-1.33081 0.00480161
-1.33051 0.00478179

-1.33051 0.00478181
-1.3302 0.00476213

-1.3302 0.00476213
-1.3299 0.00474258

-1.3299 0.00474254
-1.32959 0.00472319

-1.32959 0.0047232
-1.32928 0.0047041

-1.32928 0.00470413
-1.32898 0.0046852

-1.32898 0.0046852
-1.32867 0.00466638

-1.32867 0.00466639
-1.32837 0.00464767

-1.32837 0.00464767
-1.32806 0.00462905

-1.32806 0.00462906
-1.32776 0.0046105

-1.32776 0.00461058
-1.32745 0.00459189

-1.32715 0.00457275
-1.32723 0.00457764

-1.32745 0.00459199
-1.32722 0.00457764

-1.33203 0.00488332
-1.33202 0.00488281

-1.32715 0.00457273
-1.32684 0.00455354

-1.32684 0.00455353
-1.32654 0.00453453

-1.32654 0.00453453
-1.32623 0.00451572

-1.32623 0.00451572
-1.32593 0.0044971

-1.32593 0.0044971
-1.32562 0.00447866

-1.32562 0.00447867
-1.32532 0.00446039

-1.32532 0.0044604
-1.32501 0.00444223

-1.32501 0.00444219
-1.32471 0.00442419

-1.32471 0.00442419
-1.3244 0.00440646

-1.3244 0.00440649
-1.3241 0.00438896

-1.3241 0.00438897
-1.32379 0.00437159

-1.32379 0.0043716
-1.32349 0.00435434

-1.32349 0.00435434
-1.32318 0.00433722

-1.32318 0.00433722
-1.32288 0.00432023

-1.32288 0.00432024
-1.32257 0.00430337

-1.32257 0.00430344
-1.32227 0.00428652

-1.32196 0.00426921
-1.32202 0.00427246

-1.32196 0.00426919
-1.32166 0.00425182

-1.32227 0.00428662
-1.32201 0.00427246

-1.32166 0.00425182
-1.32135 0.00423464

-1.32135 0.00423464
-1.32104 0.00421766

-1.32104 0.00421767
-1.32074 0.00420088

-1.32074 0.00420088
-1.32043 0.00418426

-1.32043 0.00418426
-1.32013 0.0041678

-1.32013 0.00416781
-1.31982 0.00415148

-1.31982 0.00415149
-1.31952 0.00413524

-1.31952 0.0041352
-1.31921 0.00411909

-1.31921 0.00411908
-1.31891 0.0041032

-1.31891 0.00410323
-1.3186 0.00408752

-1.3186 0.00408753
-1.3183 0.00407194

-1.3183 0.00407194
-1.31799 0.00405645

-1.31799 0.00405645
-1.31769 0.00404104

-1.31769 0.00404104
-1.31738 0.0040257

-1.31738 0.0040257
-1.31708 0.00401042

-1.31708 0.00401044
-1.31677 0.00399519

-1.31677 0.00399526
-1.31647 0.00397988

-1.31616 0.00396401
-1.31623 0.00396729

-1.31647 0.00397998
-1.31622 0.00396729

-1.31616 0.00396399
-1.31586 0.00394801

-1.31586 0.003948
-1.31555 0.00393216

-1.31555 0.00393216
-1.31525 0.00391649

-1.31525 0.00391649
-1.31494 0.00390098

-1.31494 0.00390098
-1.31464 0.00388561

-1.31464 0.00388561
-1.31433 0.00387039

-1.31433 0.00387039
-1.31403 0.0038553

-1.31403 0.00385532
-1.31372 0.00384034

-1.31372 0.00384034
-1.31342 0.00382545

-1.31342 0.00382541
-1.31311 0.00381069

-1.31311 0.0038107
-1.31281 0.00379622

-1.31281 0.00379625
-1.3125 0.00378193

-1.39062 0.0906085
-1.3906 0.0906372

-1.3906 0.0906372
-1.39036 0.0909424

-1.39036 0.0909424
-1.39032 0.0909907

-1.39032 0.0909904
-1.39011 0.0912476

-1.39011 0.0912476
-1.39001 0.0913724

-1.39001 0.0913708
-1.38987 0.0915527

-1.38987 0.0915527
-1.38971 0.0917518

-1.38971 0.0917508
-1.38962 0.0918579

-1.38962 0.0918579
-1.3894 0.0921309

-1.3894 0.0921308
-1.38938 0.0921631

-1.38938 0.0921631
-1.38913 0.0924683

-1.38913 0.0924683
-1.3891 0.0925099

-1.3891 0.0925095
-1.38889 0.0927734

-1.38889 0.0927734
-1.38879 0.0928883

-1.38879 0.0928871
-1.38864 0.0930786

-1.38864 0.0930786
-1.38849 0.0932652

-1.38849 0.0932637
-1.38839 0.0933838

-1.38839 0.0933838
-1.38818 0.0936411

-1.38818 0.0936409
-1.38814 0.093689

-1.38814 0.093689
-1.3879 0.0939941

-1.3879 0.0939941
-1.38788 0.0940171

-1.38788 0.0940168
-1.38765 0.0942993

-1.38765 0.0942993
-1.38757 0.0943925

-1.38757 0.0943917
-1.3874 0.0946045

-1.3874 0.0946045
-1.38727 0.0947674

-1.38727 0.0947649
-1.38715 0.0949097

-1.38715 0.0949097
-1.38696 0.0951398

-1.38696 0.0951395
-1.3869 0.0952148

-1.3869 0.0952148
-1.38666 0.0955128

-1.38666 0.0955128
-1.38665 0.09552

-1.38665 0.09552
-1.3864 0.0958252

-1.3864 0.0958252
-1.38635 0.0958856

-1.38635 0.0958851
-1.38615 0.0961304

-1.38615 0.0961304
-1.38605 0.0962578

-1.38605 0.0962561
-1.3859 0.0964355

-1.3859 0.0964355
-1.38574 0.0966285

-1.38574 0.0966272
-1.38565 0.0967407

-1.38565 0.0967407
-1.38544 0.0969984

-1.38544 0.0969982
-1.3854 0.0970459

-1.3854 0.0970459
-1.38515 0.0973511

-1.38515 0.0973511
-1.38513 0.0973685

-1.38513 0.0973682
-1.38489 0.0976562

-1.38489 0.0976562
-1.38483 0.0977379

-1.38483 0.0977373
-1.38464 0.0979614

-1.38464 0.0979614
-1.38452 0.0981073

-1.38452 0.0981046
-1.38439 0.0982666

-1.38439 0.0982666
-1.38422 0.0984744

-1.38422 0.0984736
-1.38414 0.0985718

-1.38414 0.0985718
-1.38391 0.0988415

-1.38391 0.0988414
-1.38388 0.098877

-1.38388 0.098877
-1.38363 0.0991821

-1.38363 0.0991821
-1.38361 0.0992087

-1.38361 0.0992084
-1.38337 0.0994873

-1.38337 0.0994873
-1.3833 0.0995752

-1.3833 0.0995745
-1.38312 0.0997925

-1.38312 0.0997925
-1.383 0.0999418

-1.383 0.0999393
-1.38287 0.100098

-1.38286 0.100098
-1.38269 0.100306

-1.38269 0.100305
-1.38261 0.100403

-1.38261 0.100403
-1.38239 0.10067

-1.38239 0.10067
-1.38235 0.100708

-1.38235 0.100708
-1.3821 0.101013

-1.3821 0.101013
-1.38208 0.101035

-1.38208 0.101035
-1.38184 0.101318

-1.38184 0.101318
-1.38177 0.101399

-1.38177 0.101398
-1.38159 0.101624

-1.38158 0.101624
-1.38147 0.101762

-1.38147 0.10176
-1.38133 0.101929

-1.38133 0.101929
-1.38116 0.102125

-1.38116 0.102123
-1.38107 0.102234

-1.38107 0.102234
-1.38086 0.102486

-1.38086 0.102486
-1.38081 0.102539

-1.38081 0.102539
-1.38056 0.102844

-1.38056 0.102844
-1.38055 0.102848

-1.38055 0.102848
-1.3803 0.103149

-1.3803 0.103149
-1.38025 0.103209

-1.38025 0.103209
-1.38004 0.103455

-1.38004 0.103455
-1.37994 0.10357

-1.37994 0.103569
-1.37978 0.10376

-1.37978 0.10376
-1.37964 0.103931

-1.37964 0.103929
-1.37952 0.104065

-1.37952 0.104065
-1.37933 0.10429

-1.37933 0.104289
-1.37927 0.10437

-1.37927 0.10437
-1.37903 0.104649

-1.37903 0.104649
-1.37901 0.104675

-1.37901 0.104675
-1.37875 0.10498

-1.37875 0.10498
-1.37872 0.105008

-1.37872 0.105008
-1.37849 0.105286

-1.37849 0.105286
-1.37842 0.105367

-1.37842 0.105366
-1.37823 0.105591

-1.37823 0.105591
-1.37811 0.105725

-1.37811 0.105723
-1.37797 0.105896

-1.37797 0.105896
-1.37781 0.106083

-1.37781 0.106081
-1.37771 0.106201

-1.37771 0.106201
-1.3775 0.106439

-1.3775 0.106439
-1.37744 0.106506

-1.37744 0.106506
-1.3772 0.106795

-1.3772 0.106795
-1.37718 0.106812

-1.37718 0.106812
-1.37692 0.107117

-1.37692 0.107117
-1.37689 0.107152

-1.37689 0.107152
-1.37666 0.107422

-1.37666 0.107422
-1.37659 0.107508

-1.37659 0.107507
-1.3764 0.107727

-1.3764 0.107727
-1.37628 0.107864

-1.37628 0.107862
-1.37614 0.108032

-1.37614 0.108032
-1.37598 0.108219

-1.37598 0.108218
-1.37587 0.108337

-1.37587 0.108337
-1.37567 0.108573

-1.37567 0.108573
-1.37561 0.108643

-1.37561 0.108643
-1.37537 0.108927

-1.37537 0.108927
-1.37535 0.108948

-1.37535 0.108948
-1.37509 0.109253

-1.37509 0.109253
-1.37506 0.109281

-1.37506 0.109281
-1.37482 0.109558

-1.37482 0.109558
-1.37476 0.109635

-1.37476 0.109634
-1.37456 0.109863

-1.37456 0.109863
-1.37445 0.109988

-1.37445 0.109986
-1.3743 0.110168

-1.37429 0.110168
-1.37415 0.110342

-1.37415 0.11034
-1.37403 0.110474

-1.37403 0.110474
-1.37384 0.110693

-1.37384 0.110693
-1.37377 0.110779

-1.37377 0.110779
-1.37354 0.111045

-1.37354 0.111045
-1.3735 0.111084

-1.3735 0.111084
-1.37324 0.111389

-1.37324 0.111389
-1.37323 0.111397

-1.37323 0.111397
-1.37297 0.111694

-1.37297 0.111694
-1.37292 0.111749

-1.37292 0.111748
-1.37271 0.112

-1.37271 0.112
-1.37262 0.1121

-1.37262 0.112098
-1.37244 0.112305

-1.37244 0.112305
-1.37231 0.112451

-1.37231 0.112449
-1.37218 0.11261

-1.37217 0.11261
-1.37201 0.112802

-1.37201 0.1128
-1.37191 0.112915

-1.37191 0.112915
-1.3717 0.113151

-1.3717 0.11315
-1.37164 0.11322

-1.37164 0.11322
-1.3714 0.1135

-1.3714 0.1135
-1.37138 0.113525

-1.37138 0.113525
-1.37111 0.113831

-1.37111 0.113831
-1.37109 0.11385

-1.37109 0.11385
-1.37084 0.114136

-1.37084 0.114136
-1.37079 0.114199

-1.37079 0.114199
-1.37058 0.114441

-1.37058 0.114441
-1.37048 0.114548

-1.37048 0.114546
-1.37031 0.114746

-1.37031 0.114746
-1.37018 0.114897

-1.37018 0.114895
-1.37004 0.115051

-1.37004 0.115051
-1.36987 0.115245

-1.36987 0.115244
-1.36977 0.115356

-1.36977 0.115356
-1.36957 0.115592

-1.36957 0.115592
-1.36951 0.115662

-1.36951 0.115662
-1.36926 0.11594

-1.36926 0.11594
-1.36924 0.115967

-1.36924 0.115967
-1.36897 0.116272

-1.36897 0.116272
-1.36896 0.116287

-1.36896 0.116287
-1.3687 0.116577

-1.3687 0.116577
-1.36865 0.116634

-1.36865 0.116634
-1.36843 0.116882

-1.36843 0.116882
-1.36835 0.116981

-1.36835 0.11698
-1.36817 0.117188

-1.36816 0.117188
-1.36804 0.117328

-1.36804 0.117326
-1.3679 0.117493

-1.3679 0.117493
-1.36774 0.117675

-1.36774 0.117673
-1.36763 0.117798

-1.36763 0.117798
-1.36743 0.11802

-1.36743 0.118019
-1.36736 0.118103

-1.36736 0.118103
-1.36713 0.118365

-1.36713 0.118365
-1.36709 0.118408

-1.36709 0.118408
-1.36682 0.11871

-1.36682 0.11871
-1.36682 0.118713

-1.36682 0.118713
-1.36655 0.119019

-1.36655 0.119019
-1.36652 0.119056

-1.36652 0.119055
-1.36628 0.119324

-1.36628 0.119324
-1.36621 0.119401

-1.36621 0.1194
-1.36601 0.119629

-1.36601 0.119629
-1.36591 0.119745

-1.36591 0.119743
-1.36574 0.119934

-1.36574 0.119934
-1.3656 0.12009

-1.3656 0.120088
-1.36547 0.120239

-1.36547 0.120239
-1.3653 0.120435

-1.3653 0.120433
-1.3652 0.120544

-1.3652 0.120544
-1.36499 0.120777

-1.36499 0.120777
-1.36493 0.12085

-1.36493 0.12085
-1.36469 0.121121

-1.36469 0.121121
-1.36465 0.121155

-1.36465 0.121155
-1.36438 0.12146

-1.36438 0.12146
-1.36438 0.121464

-1.36438 0.121464
-1.36411 0.121765

-1.36411 0.121765
-1.36407 0.121807

-1.36407 0.121807
-1.36384 0.12207

-1.36384 0.12207
-1.36377 0.12215

-1.36377 0.122149
-1.36357 0.122375

-1.36357 0.122375
-1.36346 0.122493

-1.36346 0.122491
-1.3633 0.122681

-1.3633 0.122681
-1.36316 0.122836

-1.36316 0.122834
-1.36303 0.122986

-1.36302 0.122986
-1.36285 0.123179

-1.36285 0.123177
-1.36275 0.123291

-1.36275 0.123291
-1.36255 0.12352

-1.36255 0.123519
-1.36248 0.123596

-1.36248 0.123596
-1.36224 0.123861

-1.36224 0.123861
-1.36221 0.123901

-1.36221 0.123901
-1.36194 0.124202

-1.36194 0.124202
-1.36193 0.124207

-1.36193 0.124207
-1.36166 0.124512

-1.36166 0.124512
-1.36163 0.124544

-1.36163 0.124543
-1.36139 0.124817

-1.36139 0.124817
-1.36133 0.124885

-1.36133 0.124884
-1.36112 0.125122

-1.36112 0.125122
-1.36102 0.125226

-1.36102 0.125224
-1.36084 0.125427

-1.36084 0.125427
-1.36072 0.125567

-1.36072 0.125565
-1.36057 0.125732

-1.36057 0.125732
-1.36041 0.125907

-1.36041 0.125906
-1.3603 0.126038

-1.36029 0.126038
-1.36011 0.126248

-1.36011 0.126246
-1.36002 0.126343

-1.36002 0.126343
-1.3598 0.126587

-1.3598 0.126586
-1.35975 0.126648

-1.35975 0.126648
-1.3595 0.126926

-1.3595 0.126926
-1.35947 0.126953

-1.35947 0.126953
-1.3592 0.127258

-1.3592 0.127258
-1.35919 0.127266

-1.35919 0.127266
-1.35892 0.127563

-1.35892 0.127563
-1.35889 0.127605

-1.35889 0.127605
-1.35865 0.127869

-1.35865 0.127869
-1.35858 0.127945

-1.35858 0.127944
-1.35838 0.128174

-1.35837 0.128174
-1.35828 0.128284

-1.35828 0.128282
-1.3581 0.128479

-1.3581 0.128479
-1.35797 0.128623

-1.35797 0.128621
-1.35783 0.128784

-1.35782 0.128784
-1.35767 0.128962

-1.35767 0.12896
-1.35755 0.129089

-1.35755 0.129089
-1.35736 0.1293

-1.35736 0.129299
-1.35727 0.129395

-1.35727 0.129395
-1.35706 0.129637

-1.35706 0.129637
-1.357 0.1297

-1.357 0.1297
-1.35675 0.129975

-1.35675 0.129975
-1.35672 0.130005

-1.35672 0.130005
-1.35645 0.13031

-1.35645 0.13031
-1.35645 0.130313

-1.35645 0.130313
-1.35617 0.130615

-1.35617 0.130615
-1.35614 0.130651

-1.35614 0.13065
-1.3559 0.13092

-1.3559 0.13092
-1.35583 0.130988

-1.35583 0.130987
-1.35562 0.131226

-1.35562 0.131226
-1.35553 0.131325

-1.35553 0.131324
-1.35534 0.131531

-1.35534 0.131531
-1.35522 0.131663

-1.35522 0.131661
-1.35507 0.131836

-1.35507 0.131836
-1.35492 0.132

-1.35492 0.131998
-1.35479 0.132141

-1.35479 0.132141
-1.35461 0.132337

-1.35461 0.132335
-1.35451 0.132446

-1.35451 0.132446
-1.35431 0.132673

-1.35431 0.132672
-1.35424 0.132751

-1.35424 0.132751
-1.354 0.133009

-1.354 0.133008
-1.35396 0.133057

-1.35396 0.133057
-1.3537 0.133345

-1.3537 0.133345
-1.35368 0.133362

-1.35368 0.133362
-1.35341 0.133667

-1.35341 0.133667
-1.35339 0.133681

-1.35339 0.133681
-1.35313 0.133972

-1.35313 0.133972
-1.35309 0.134017

-1.35309 0.134016
-1.35285 0.134277

-1.35285 0.134277
-1.35278 0.134352

-1.35278 0.134351
-1.35257 0.134583

-1.35257 0.134583
-1.35248 0.134688

-1.35248 0.134686
-1.3523 0.134888

-1.3523 0.134888
-1.35217 0.135023

-1.35217 0.135022
-1.35202 0.135193

-1.35202 0.135193
-1.35187 0.135359

-1.35187 0.135357
-1.35174 0.135498

-1.35174 0.135498
-1.35156 0.135694

-1.35156 0.135693
-1.35146 0.135803

-1.35146 0.135803
-1.35126 0.136029

-1.35126 0.136028
-1.35118 0.136108

-1.35118 0.136108
-1.35095 0.136363

-1.35095 0.136362
-1.35091 0.136414

-1.35091 0.136414
-1.35065 0.136697

-1.35065 0.136697
-1.35063 0.136719

-1.35063 0.136719
-1.35035 0.137024

-1.35035 0.137024
-1.35034 0.137032

-1.35034 0.137031
-1.35007 0.137329

-1.35007 0.137329
-1.35004 0.137366

-1.35004 0.137365
-1.34979 0.137634

-1.34979 0.137634
-1.34973 0.1377

-1.34973 0.137699
-1.34951 0.137939

-1.34951 0.137939
-1.34943 0.138034

-1.34943 0.138032
-1.34923 0.138245

-1.34923 0.138245
-1.34912 0.138368

-1.34912 0.138366
-1.34895 0.13855

-1.34895 0.13855
-1.34882 0.138701

-1.34882 0.1387
-1.34868 0.138855

-1.34867 0.138855
-1.34851 0.139035

-1.34851 0.139034
-1.3484 0.13916

-1.34839 0.13916
-1.34821 0.139369

-1.34821 0.139367
-1.34812 0.139465

-1.34812 0.139465
-1.3479 0.139701

-1.3479 0.139701
-1.34784 0.139771

-1.34784 0.139771
-1.3476 0.140034

-1.3476 0.140034
-1.34756 0.140076

-1.34756 0.140076
-1.34729 0.140367

-1.34729 0.140367
-1.34728 0.140381

-1.34728 0.140381
-1.347 0.140686

-1.347 0.140686
-1.34698 0.1407

-1.34698 0.140699
-1.34672 0.140991

-1.34672 0.140991
-1.34668 0.141032

-1.34668 0.141032
-1.34644 0.141296

-1.34644 0.141296
-1.34637 0.141365

-1.34637 0.141364
-1.34616 0.141602

-1.34616 0.141602
-1.34607 0.141697

-1.34607 0.141695
-1.34588 0.141907

-1.34588 0.141907
-1.34576 0.142029

-1.34576 0.142028
-1.3456 0.142212

-1.3456 0.142212
-1.34546 0.142362

-1.34546 0.14236
-1.34532 0.142517

-1.34531 0.142517
-1.34515 0.142694

-1.34515 0.142692
-1.34504 0.142822

-1.34503 0.142822
-1.34485 0.143026

-1.34485 0.143024
-1.34475 0.143127

-1.34475 0.143127
-1.34454 0.143357

-1.34454 0.143356
-1.34447 0.143433

-1.34447 0.143433
-1.34424 0.143688

-1.34424 0.143688
-1.34419 0.143738

-1.34419 0.143738
-1.34393 0.144019

-1.34393 0.144019
-1.34391 0.144043

-1.34391 0.144043
-1.34363 0.144348

-1.34363 0.144348
-1.34363 0.144351

-1.34363 0.14435
-1.34335 0.144653

-1.34335 0.144653
-1.34332 0.144682

-1.34332 0.144682
-1.34307 0.144958

-1.34307 0.144958
-1.34302 0.145013

-1.34302 0.145012
-1.34279 0.145264

-1.34279 0.145264
-1.34271 0.145344

-1.34271 0.145343
-1.34251 0.145569

-1.3425 0.145569
-1.34241 0.145675

-1.34241 0.145673
-1.34222 0.145874

-1.34222 0.145874
-1.3421 0.146006

-1.3421 0.146004
-1.34194 0.146179

-1.34194 0.146179
-1.3418 0.146336

-1.3418 0.146335
-1.34166 0.146484

-1.34166 0.146484
-1.34149 0.146667

-1.34149 0.146666
-1.34138 0.14679

-1.34138 0.14679
-1.34119 0.146998

-1.34119 0.146996
-1.3411 0.147095

-1.3411 0.147095
-1.34088 0.147328

-1.34088 0.147327
-1.34081 0.1474

-1.34081 0.1474
-1.34058 0.147657

-1.34058 0.147657
-1.34053 0.147705

-1.34053 0.147705
-1.34027 0.147987

-1.34027 0.147987
-1.34025 0.14801

-1.34025 0.14801
-1.33997 0.148315

-1.33997 0.148315
-1.33997 0.148317

-1.33997 0.148317
-1.33968 0.148621

-1.33969 0.148621
-1.33966 0.148647

-1.33966 0.148647
-1.3394 0.148926

-1.3394 0.148926
-1.33936 0.148977

-1.33936 0.148976
-1.33912 0.149231

-1.33912 0.149231
-1.33905 0.149306

-1.33905 0.149305
-1.33884 0.149536

-1.33884 0.149536
-1.33875 0.149636

-1.33875 0.149634
-1.33856 0.149841

-1.33855 0.149841
-1.33844 0.149965

-1.33844 0.149964
-1.33827 0.150146

-1.33827 0.150146
-1.33813 0.150295

-1.33813 0.150294
-1.33799 0.150452

-1.33799 0.150452
-1.33783 0.150624

-1.33783 0.150623
-1.33771 0.150757

-1.33771 0.150757
-1.33752 0.150954

-1.33752 0.150952
-1.33742 0.151062

-1.33742 0.151062
-1.33722 0.151283

-1.33722 0.151282
-1.33714 0.151367

-1.33714 0.151367
-1.33691 0.151611

-1.33691 0.15161
-1.33686 0.151672

-1.33686 0.151672
-1.33661 0.151939

-1.33661 0.151939
-1.33657 0.151978

-1.33657 0.151978
-1.3363 0.152268

-1.3363 0.152268
-1.33629 0.152283

-1.33629 0.152283
-1.33601 0.152588

-1.33601 0.152588
-1.336 0.152597

-1.336 0.152597
-1.33572 0.152893

-1.33572 0.152893
-1.33569 0.152926

-1.33569 0.152925
-1.33544 0.153198

-1.33544 0.153198
-1.33539 0.153254

-1.33539 0.153253
-1.33516 0.153503

-1.33516 0.153503
-1.33508 0.153582

-1.33508 0.153581
-1.33487 0.153809

-1.33487 0.153809
-1.33478 0.153911

-1.33478 0.153909
-1.33459 0.154114

-1.33459 0.154114
-1.33447 0.154239

-1.33447 0.154238
-1.33431 0.154419

-1.3343 0.154419
-1.33417 0.154567

-1.33417 0.154566
-1.33402 0.154724

-1.33402 0.154724
-1.33386 0.154896

-1.33386 0.154894
-1.33374 0.155029

-1.33374 0.155029
-1.33356 0.155224

-1.33356 0.155223
-1.33345 0.155334

-1.33345 0.155334
-1.33325 0.155552

-1.33325 0.155551
-1.33317 0.15564

-1.33317 0.15564
-1.33295 0.155879

-1.33295 0.155878
-1.33289 0.155945

-1.33288 0.155945
-1.33264 0.156206

-1.33264 0.156206
-1.3326 0.15625

-1.3326 0.15625
-1.33234 0.156534

-1.33234 0.156534
-1.33232 0.156555

-1.33232 0.156555
-1.33203 0.15686

-1.33203 0.15686
-1.33203 0.156862

-1.33203 0.156861
-1.33175 0.157166

-1.33175 0.157166
-1.33173 0.157189

-1.33173 0.157189
-1.33146 0.157471

-1.33146 0.157471
-1.33142 0.157517

-1.33142 0.157516
-1.33118 0.157776

-1.33118 0.157776
-1.33112 0.157844

-1.33112 0.157843
-1.33089 0.158081

-1.33089 0.158081
-1.33081 0.158171

-1.33081 0.15817
-1.33061 0.158386

-1.33061 0.158386
-1.33051 0.158499

-1.33051 0.158497
-1.33033 0.158691

-1.33032 0.158691
-1.3302 0.158826

-1.3302 0.158824
-1.33004 0.158997

-1.33004 0.158997
-1.3299 0.159153

-1.3299 0.159152
-1.32976 0.159302

-1.32975 0.159302
-1.32959 0.15948

-1.32959 0.159479
-1.32947 0.159607

-1.32947 0.159607
-1.32928 0.159807

-1.32928 0.159806
-1.32919 0.159912

-1.32918 0.159912
-1.32898 0.160134

-1.32898 0.160133
-1.3289 0.160217

-1.3289 0.160217
-1.32867 0.16046

-1.32867 0.16046
-1.32862 0.160522

-1.32862 0.160522
-1.32837 0.160787

-1.32837 0.160786
-1.32833 0.160828

-1.32833 0.160828
-1.32806 0.161113

-1.32806 0.161113
-1.32805 0.161133

-1.32805 0.161133
-1.32776 0.161438

-1.32776 0.161438
-1.32776 0.16144

-1.32776 0.16144
-1.32747 0.161743

-1.32748 0.161743
-1.32745 0.161766

-1.32745 0.161766
-1.32719 0.162048

-1.32719 0.162048
-1.32715 0.162093

-1.32715 0.162092
-1.3269 0.162354

-1.3269 0.162354
-1.32684 0.162419

-1.32684 0.162418
-1.32662 0.162659

-1.32662 0.162659
-1.32654 0.162745

-1.32654 0.162744
-1.32633 0.162964

-1.32633 0.162964
-1.32623 0.163072

-1.32623 0.16307
-1.32605 0.163269

-1.32605 0.163269
-1.32593 0.163398

-1.32593 0.163397
-1.32576 0.163574

-1.32576 0.163574
-1.32562 0.163724

-1.32562 0.163723
-1.32548 0.163879

-1.32548 0.163879
-1.32532 0.16405

-1.32532 0.164049
-1.32519 0.164185

-1.32519 0.164185
-1.32501 0.164376

-1.32501 0.164375
-1.32491 0.16449

-1.3249 0.16449
-1.32471 0.164702

-1.32471 0.164701
-1.32462 0.164795

-1.32462 0.164795
-1.3244 0.165028

-1.3244 0.165027
-1.32433 0.1651

-1.32433 0.1651
-1.3241 0.165353

-1.3241 0.165353
-1.32405 0.165405

-1.32405 0.165405
-1.32379 0.165678

-1.32379 0.165678
-1.32376 0.16571

-1.32376 0.16571
-1.32349 0.166004

-1.32349 0.166004
-1.32348 0.166016

-1.32348 0.166016
-1.32319 0.166321

-1.32319 0.166321
-1.32318 0.16633

-1.32318 0.166329
-1.3229 0.166626

-1.3229 0.166626
-1.32288 0.166655

-1.32288 0.166655
-1.32262 0.166931

-1.32262 0.166931
-1.32257 0.16698

-1.32257 0.16698
-1.32233 0.167236

-1.32233 0.167236
-1.32227 0.167306

-1.32227 0.167305
-1.32204 0.167542

-1.32204 0.167542
-1.32196 0.167631

-1.32196 0.167629
-1.32176 0.167847

-1.32176 0.167847
-1.32166 0.167956

-1.32166 0.167955
-1.32147 0.168152

-1.32147 0.168152
-1.32135 0.168281

-1.32135 0.16828
-1.32119 0.168457

-1.32118 0.168457
-1.32104 0.168606

-1.32104 0.168605
-1.3209 0.168762

-1.3209 0.168762
-1.32074 0.168931

-1.32074 0.16893
-1.32061 0.169067

-1.32061 0.169067
-1.32043 0.169257

-1.32043 0.169255
-1.32032 0.169373

-1.32032 0.169373
-1.32013 0.169582

-1.32013 0.16958
-1.32004 0.169678

-1.32004 0.169678
-1.31982 0.169906

-1.31982 0.169905
-1.31975 0.169983

-1.31975 0.169983
-1.31952 0.17023

-1.31952 0.17023
-1.31946 0.170288

-1.31946 0.170288
-1.31921 0.170555

-1.31921 0.170554
-1.31918 0.170593

-1.31918 0.170593
-1.31891 0.170879

-1.31891 0.170879
-1.31889 0.170898

-1.31889 0.170898
-1.3186 0.171203

-1.3186 0.171204
-1.31832 0.171509

-1.31832 0.171509
-1.3183 0.171528

-1.3183 0.171528
-1.31803 0.171814

-1.31803 0.171814
-1.31799 0.171852

-1.31799 0.171852
-1.31774 0.172119

-1.31774 0.172119
-1.31769 0.172177

-1.31769 0.172176
-1.31745 0.172424

-1.31745 0.172424
-1.31738 0.172501

-1.31738 0.172499
-1.31717 0.172729

-1.31717 0.172729
-1.31708 0.172825

-1.31708 0.172824
-1.31688 0.173035

-1.31688 0.173035
-1.31677 0.173149

-1.31677 0.173148
-1.31659 0.17334

-1.31659 0.17334
-1.31647 0.173473

-1.31647 0.173472
-1.31631 0.173645

-1.3163 0.173645
-1.31616 0.173797

-1.31616 0.173796
-1.31602 0.17395

-1.31602 0.17395
-1.31586 0.174121

-1.31586 0.17412
-1.31573 0.174255

-1.31573 0.174255
-1.31555 0.174445

-1.31555 0.174444
-1.31544 0.174561

-1.31544 0.174561
-1.31525 0.174769

-1.31525 0.174767
-1.31515 0.174866

-1.31515 0.174866
-1.31494 0.175092

-1.31494 0.175091
-1.31487 0.175171

-1.31487 0.175171
-1.31464 0.175415

-1.31464 0.175415
-1.31458 0.175476

-1.31458 0.175476
-1.31433 0.175738

-1.31433 0.175738
-1.31429 0.175781

-1.31429 0.175781
-1.31403 0.176061

-1.31403 0.176061
-1.314 0.176086

-1.314 0.176086
-1.31372 0.176385

-1.31372 0.176385
-1.31371 0.176392

-1.31371 0.176392
-1.31343 0.176697

-1.31343 0.176697
-1.31342 0.176708

-1.31342 0.176708
-1.31314 0.177002

-1.31314 0.177002
-1.31311 0.177031

-1.31311 0.177031
-1.31285 0.177307

-1.31285 0.177307
-1.31281 0.177354

-1.31281 0.177354
-1.31256 0.177612

-1.31256 0.177612
-1.3125 0.177677

-1.3125 0.00378193
-1.31219 0.00376773

-1.31219 0.00376774
-1.31189 0.00375365

-1.31189 0.00375365
-1.31158 0.00373966

-1.31158 0.00373966
-1.31128 0.00372578

-1.31128 0.00372578
-1.31097 0.00371201

-1.31097 0.00371201
-1.31067 0.00369834

-1.31067 0.00369836
-1.31036 0.00368477

-1.31036 0.00368485
-1.31006 0.00367111

-1.30975 0.00365695
-1.30987 0.00366211

-1.30975 0.00365693
-1.30945 0.00364277

-1.30945 0.00364276
-1.30914 0.00362878

-1.30914 0.00362878
-1.30884 0.00361497

-1.31006 0.00367119
-1.30986 0.00366211

-1.30884 0.00361498
-1.30853 0.00360132

-1.30853 0.00360132
-1.30823 0.0035878

-1.30823 0.0035878
-1.30792 0.00357442

-1.30792 0.00357442
-1.30762 0.00356117

-1.30762 0.00356117
-1.30731 0.00354803

-1.30731 0.00354804
-1.30701 0.003535

-1.30701 0.00353502
-1.3067 0.00352203

-1.3067 0.00352199
-1.3064 0.00350911

-1.3064 0.0035091
-1.30609 0.00349642

-1.30609 0.00349645
-1.30579 0.00348395

-1.30579 0.00348395
-1.30548 0.00347155

-1.30548 0.00347156
-1.30518 0.00345925

-1.30518 0.00345925
-1.30487 0.00344702

-1.30487 0.00344702
-1.30457 0.00343487

-1.30457 0.00343488
-1.30426 0.00342279

-1.30426 0.00342279
-1.30396 0.00341076

-1.30396 0.00341076
-1.30365 0.00339876

-1.30365 0.00339877
-1.30334 0.0033868

-1.30334 0.00338683
-1.30304 0.00337482

-1.30304 0.00337491
-1.30273 0.00336261

-1.30243 0.0033498
-1.3026 0.00335693

-1.30273 0.00336268
-1.3026 0.00335693

-1.30243 0.00334977
-1.30212 0.00333699

-1.30212 0.00333699
-1.30182 0.00332435

-1.30182 0.00332435
-1.30151 0.00331183

-1.30151 0.00331183
-1.30121 0.00329942

-1.30121 0.00329942
-1.3009 0.00328713

-1.3009 0.00328713
-1.3006 0.00327494

-1.3006 0.00327494
-1.30029 0.00326285

-1.30029 0.00326285
-1.29999 0.00325087

-1.29999 0.00325087
-1.29968 0.00323899

-1.29968 0.003239
-1.29938 0.00322719

-1.29938 0.0032272
-1.29907 0.00321544

-1.29907 0.00321541
-1.29877 0.00320376

-1.29877 0.00320375
-1.29846 0.00319231

-1.29846 0.00319233
-1.29816 0.00318105

-1.29816 0.00318106
-1.29785 0.00316987

-1.29785 0.00316987
-1.29755 0.00315876

-1.29755 0.00315876
-1.29724 0.00314773

-1.29724 0.00314773
-1.29694 0.00313679

-1.29694 0.00313679
-1.29663 0.00312593

-1.29663 0.00312593
-1.29633 0.00311514

-1.29633 0.00311514
-1.29602 0.00310443

-1.29602 0.00310443
-1.29572 0.00309379

-1.29572 0.00309379
-1.29541 0.00308323

-1.29541 0.00308324
-1.2951 0.00307273

-1.2951 0.00307278
-1.2948 0.0030622

-1.29449 0.00305131
-1.29451 0.00305176

-1.29449 0.00305118
-1.29419 0.00303999

-1.2948 0.0030623
-1.29451 0.00305176

-1.29419 0.00303998
-1.29388 0.0030289

-1.29388 0.0030289
-1.29358 0.00301795

-1.29358 0.00301795
-1.29327 0.00300711

-1.29327 0.00300711
-1.29297 0.00299637

-1.29297 0.00299638
-1.29266 0.00298573

-1.29266 0.00298574
-1.29236 0.00297519

-1.29236 0.00297519
-1.29205 0.00296472

-1.29205 0.00296472
-1.29175 0.00295435

-1.29175 0.00295435
-1.29144 0.00294405

-1.29144 0.00294406
-1.29114 0.00293385

-1.29114 0.00293385
-1.29083 0.00292372

-1.29083 0.00292373
-1.29053 0.00291363

-1.29053 0.00291362
-1.29022 0.00290356

-1.29022 0.00290352
-1.28992 0.00289358

-1.28992 0.00289359
-1.28961 0.00288385

-1.28961 0.00288388
-1.28931 0.00287425

-1.28931 0.00287424
-1.289 0.00286468

-1.289 0.00286468
-1.2887 0.00285519

-1.2887 0.00285519
-1.28839 0.00284579

-1.28839 0.00284579
-1.28809 0.00283645

-1.28809 0.00283645
-1.28778 0.00282719

-1.28778 0.0028272
-1.28748 0.00281801

-1.28748 0.00281801
-1.28717 0.00280888

-1.28717 0.00280888
-1.28687 0.00279981

-1.28687 0.00279981
-1.28656 0.00279077

-1.28656 0.00279078
-1.28625 0.00278176

-1.28625 0.00278177
-1.28595 0.00277277

-1.28595 0.00277278
-1.28564 0.00276376

-1.28564 0.00276382
-1.28534 0.00275461

-1.28503 0.0027449
-1.28509 0.00274658

-1.28534 0.0027547
-1.28508 0.00274658

-1.28503 0.00274487
-1.28473 0.00273498

-1.28473 0.00273497
-1.28442 0.00272516

-1.28442 0.00272516
-1.28412 0.00271543

-1.28412 0.00271543
-1.28381 0.00270579

-1.28381 0.00270579
-1.28351 0.00269623

-1.28351 0.00269623
-1.2832 0.00268675

-1.2832 0.00268675
-1.2829 0.00267734

-1.2829 0.00267734
-1.28259 0.002668

-1.28259 0.002668
-1.28229 0.00265873

-1.28229 0.00265873
-1.28198 0.00264953

-1.28198 0.00264953
-1.28168 0.0026404

-1.28168 0.0026404
-1.28137 0.00263133

-1.28137 0.00263133
-1.28107 0.00262233

-1.28107 0.00262234
-1.28076 0.00261339

-1.28076 0.0026134
-1.28046 0.00260447

-1.28046 0.00260444
-1.28015 0.00259558

-1.28015 0.00259557
-1.27985 0.00258688

-1.27985 0.0025869
-1.27954 0.00257835

-1.27954 0.00257835
-1.27924 0.00256987

-1.27924 0.00256988
-1.27893 0.00256146

-1.27893 0.00256145
-1.27863 0.0025531

-1.27863 0.0025531
-1.27832 0.00254481

-1.27832 0.0025448
-1.27802 0.00253658

-1.27802 0.00253658
-1.27771 0.00252841

-1.27771 0.00252841
-1.2774 0.00252031

-1.2774 0.00252031
-1.2771 0.00251228

-1.2771 0.00251228
-1.27679 0.00250432

-1.27679 0.00250432
-1.27649 0.00249642

-1.27649 0.00249642
-1.27618 0.00248859

-1.27618 0.00248859
-1.27588 0.00248082

-1.27405 0.00243383
-1.27433 0.00244141

-1.27405 0.00243382
-1.27374 0.00242558

-1.27374 0.00242558
-1.27344 0.00241745

-1.27588 0.00248082
-1.27557 0.0024731

-1.27557 0.0024731
-1.27527 0.00246544

-1.27527 0.00246545
-1.27496 0.00245783

-1.27496 0.00245788
-1.27466 0.00245019

-1.27466 0.00245028
-1.27435 0.00244226

-1.27435 0.00244231
-1.27432 0.00244141

-1.27344 0.00241745
-1.27313 0.00240941

-1.27313 0.00240941
-1.27283 0.00240144

-1.27283 0.00240144
-1.27252 0.00239354

-1.27252 0.00239354
-1.27222 0.00238571

-1.27222 0.00238571
-1.27191 0.00237793

-1.27191 0.00237793
-1.27161 0.00237022

-1.27161 0.00237022
-1.2713 0.00236256

-1.2713 0.00236256
-1.271 0.00235496

-1.271 0.00235496
-1.27069 0.00234742

-1.27069 0.00234742
-1.27039 0.00233993

-1.27039 0.00233993
-1.27008 0.00233249

-1.27008 0.00233249
-1.26978 0.00232511

-1.26978 0.00232511
-1.26947 0.00231777

-1.26947 0.00231778
-1.26917 0.00231049

-1.26917 0.0023105
-1.26886 0.00230324

-1.26886 0.00230324
-1.26855 0.00229597

-1.26855 0.00229594
-1.26825 0.00228872

-1.26825 0.00228871
-1.26794 0.00228164

-1.26794 0.00228167
-1.26764 0.0022747

-1.26764 0.0022747
-1.26733 0.0022678

-1.26733 0.0022678
-1.26703 0.00226095

-1.26703 0.00226094
-1.26672 0.00225414

-1.26672 0.00225414
-1.26642 0.00224738

-1.26642 0.00224738
-1.26611 0.00224068

-1.26611 0.00224068
-1.26581 0.00223403

-1.26581 0.00223403
-1.2655 0.00222743

-1.2655 0.00222743
-1.2652 0.00222089

-1.2652 0.00222089
-1.26489 0.0022144

-1.26489 0.0022144
-1.26459 0.00220797

-1.26459 0.00220797
-1.26428 0.00220159

-1.26428 0.00220159
-1.26398 0.00219527

-1.26398 0.00219527
-1.26367 0.002189

-1.26367 0.002189
-1.26337 0.00218278

-1.26337 0.00218278
-1.26306 0.0021766

-1.26306 0.0021766
-1.26276 0.00217045

-1.26276 0.00217046
-1.26245 0.00216433

-1.26245 0.00216433
-1.26215 0.0021582

-1.26215 0.00215821
-1.26184 0.00215207

-1.26184 0.0021521
-1.26154 0.00214587

-1.26154 0.00214594
-1.26123 0.00213941

-1.26093 0.0021324
-1.26109 0.00213623

-1.26123 0.00213947
-1.26109 0.00213623

-1.26093 0.00213238
-1.26062 0.00212536

-1.26062 0.00212536
-1.26031 0.00211842

-1.26031 0.00211842
-1.26001 0.00211154

-1.26001 0.00211154
-1.2597 0.00210472

-1.2597 0.00210472
-1.2594 0.00209795

-1.2594 0.00209795
-1.25909 0.00209123

-1.25909 0.00209123
-1.25879 0.00208456

-1.25879 0.00208456
-1.25848 0.00207793

-1.25848 0.00207793
-1.25818 0.00207135

-1.25818 0.00207135
-1.25787 0.00206482

-1.25787 0.00206482
-1.25757 0.00205833

-1.25757 0.00205833
-1.25726 0.00205188

-1.25726 0.00205189
-1.25696 0.00204548

-1.25696 0.00204548
-1.25665 0.00203912

-1.25665 0.00203912
-1.25635 0.00203279

-1.25635 0.00203279
-1.25604 0.00202651

-1.25604 0.00202651
-1.25574 0.00202026

-1.25574 0.00202026
-1.25543 0.00201405

-1.25543 0.00201405
-1.25513 0.00200788

-1.25513 0.00200788
-1.25482 0.00200174

-1.25482 0.00200175
-1.25452 0.00199562

-1.25452 0.00199562
-1.25421 0.0019895

-1.25421 0.00198946
-1.25391 0.0019834

-1.25391 0.00198339
-1.2536 0.00197746

-1.2536 0.00197749
-1.2533 0.00197165

-1.2533 0.00197165
-1.25299 0.00196584

-1.25299 0.00196585
-1.25269 0.00196008

-1.25269 0.00196007
-1.25238 0.00195433

-1.25238 0.00195433
-1.25208 0.00194862

-1.25208 0.00194862
-1.25177 0.00194294

-1.25177 0.00194294
-1.25146 0.00193729

-1.25146 0.00193729
-1.25116 0.00193167

-1.25116 0.00193167
-1.25085 0.00192607

-1.25085 0.00192607
-1.25055 0.00192051

-1.25055 0.00192051
-1.25024 0.00191498

-1.25024 0.00191498
-1.24994 0.00190948

-1.24994 0.00190948
-1.24963 0.00190401

-1.24963 0.00190401
-1.24933 0.00189857

-1.24933 0.00189857
-1.24902 0.00189316

-1.24902 0.00189316
-1.24872 0.00188779

-1.24872 0.00188779
-1.24841 0.00188246

-1.24841 0.00188246
-1.24811 0.00187717

-1.24811 0.00187717
-1.2478 0.00187192

-1.2478 0.00187192
-1.2475 0.00186671

-1.2475 0.00186671
-1.24719 0.00186155

-1.24719 0.00186155
-1.24689 0.00185643

-1.24689 0.00185643
-1.24658 0.00185136

-1.24658 0.00185136
-1.24628 0.00184634

-1.24628 0.00184635
-1.24597 0.00184133

-1.24536 0.00183083
-1.24537 0.00183105

-1.24597 0.00184138
-1.24567 0.00183625

-1.24567 0.00183631
-1.24537 0.00183105

-1.24536 0.00183074
-1.24506 0.00182511

-1.24506 0.0018251
-1.24475 0.00181954

-1.24475 0.00181954
-1.24445 0.00181405

-1.24445 0.00181405
-1.24414 0.00180862

-1.24414 0.00180862
-1.24384 0.00180323

-1.24384 0.00180323
-1.24353 0.00179789

-1.24353 0.00179789
-1.24323 0.0017926

-1.24323 0.0017926
-1.24292 0.00178734

-1.24292 0.00178734
-1.24261 0.00178212

-1.24261 0.00178212
-1.24231 0.00177695

-1.24231 0.00177695
-1.242 0.00177181

-1.242 0.00177181
-1.2417 0.00176671

-1.2417 0.00176671
-1.24139 0.00176165

-1.24139 0.00176165
-1.24109 0.00175663

-1.24109 0.00175663
-1.24078 0.00175164

-1.24078 0.00175164
-1.24048 0.00174669

-1.24048 0.00174669
-1.24017 0.00174177

-1.24017 0.00174177
-1.23987 0.00173689

-1.23987 0.00173689
-1.23956 0.00173204

-1.23956 0.00173204
-1.23926 0.00172723

-1.23926 0.00172723
-1.23895 0.00172245

-1.23895 0.00172245
-1.23865 0.0017177

-1.23865 0.0017177
-1.23834 0.00171298

-1.23834 0.00171298
-1.23804 0.00170828

-1.23804 0.00170828
-1.23773 0.00170362

-1.23773 0.00170362
-1.23743 0.00169898

-1.23743 0.00169898
-1.23712 0.00169436

-1.23712 0.00169437
-1.23682 0.00168976

-1.23682 0.00168976
-1.23651 0.00168515

-1.23651 0.00168514
-1.23621 0.00168053

-1.23621 0.00168051
-1.2359 0.00167596

-1.2359 0.00167596
-1.2356 0.00167153

-1.2356 0.00167155
-1.23529 0.00166717

-1.23529 0.00166716
-1.23499 0.00166279

-1.23499 0.00166279
-1.23468 0.00165845

-1.23468 0.00165845
-1.23438 0.00165413

-1.23438 0.00165413
-1.23407 0.00164984

-1.23407 0.00164984
-1.23376 0.00164557

-1.23376 0.00164557
-1.23346 0.00164133

-1.23346 0.00164133
-1.23315 0.00163711

-1.23315 0.00163711
-1.23285 0.00163292

-1.23285 0.00163292
-1.23254 0.00162875

-1.23254 0.00162875
-1.23224 0.0016246

-1.23224 0.0016246
-1.23193 0.00162047

-1.23193 0.00162047
-1.23163 0.00161636

-1.23163 0.00161636
-1.23132 0.00161227

-1.23132 0.00161227
-1.23102 0.0016082

-1.23102 0.0016082
-1.23071 0.00160415

-1.23071 0.00160415
-1.23041 0.00160012

-1.23041 0.00160012
-1.2301 0.00159611

-1.2301 0.00159611
-1.2298 0.00159212

-1.2298 0.00159212
-1.22949 0.00158816

-1.22949 0.00158816
-1.22919 0.00158422

-1.22919 0.00158422
-1.22888 0.0015803

-1.22888 0.0015803
-1.22858 0.00157642

-1.22858 0.00157642
-1.22827 0.00157256

-1.22827 0.00157256
-1.22797 0.00156875

-1.22797 0.00156875
-1.22766 0.00156497

-1.22766 0.00156497
-1.22736 0.00156123

-1.22736 0.00156123
-1.22705 0.00155754

-1.22705 0.00155754
-1.22675 0.00155389

-1.22675 0.00155389
-1.22644 0.00155028

-1.22644 0.00155028
-1.22614 0.00154669

-1.22614 0.0015467
-1.22583 0.00154312

-1.22583 0.00154312
-1.22552 0.00153954

-1.22552 0.00153955
-1.22522 0.00153591

-1.22522 0.00153593
-1.22491 0.00153218

-1.22491 0.00153222
-1.22461 0.00152825

-1.2243 0.00152395
-1.22444 0.00152588

-1.22461 0.00152827
-1.22444 0.00152588

-1.2243 0.00152394
-1.224 0.00151966

-1.224 0.00151967
-1.22369 0.00151544

-1.22369 0.00151544
-1.22339 0.00151126

-1.22339 0.00151126
-1.22308 0.00150712

-1.22308 0.00150712
-1.22278 0.00150302

-1.22278 0.00150302
-1.22247 0.00149897

-1.22247 0.00149897
-1.22217 0.00149495

-1.22217 0.00149495
-1.22186 0.00149098

-1.22186 0.00149098
-1.22156 0.00148704

-1.22156 0.00148704
-1.22125 0.00148314

-1.22125 0.00148314
-1.22095 0.00147928

-1.22095 0.00147928
-1.22064 0.00147545

-1.22064 0.00147545
-1.22034 0.00147166

-1.22034 0.00147166
-1.22003 0.00146791

-1.22003 0.00146791
-1.21973 0.00146419

-1.21973 0.00146419
-1.21942 0.00146051

-1.21942 0.00146051
-1.21912 0.00145685

-1.21912 0.00145685
-1.21881 0.00145324

-1.21881 0.00145324
-1.21851 0.00144965

-1.21851 0.00144965
-1.2182 0.0014461

-1.2182 0.0014461
-1.2179 0.00144258

-1.2179 0.00144258
-1.21759 0.00143909

-1.21759 0.00143909
-1.21729 0.00143563

-1.21729 0.00143563
-1.21698 0.0014322

-1.21698 0.0014322
-1.21667 0.0014288

-1.21667 0.0014288
-1.21637 0.00142543

-1.21637 0.00142543
-1.21606 0.00142208

-1.21606 0.00142208
-1.21576 0.00141877

-1.21576 0.00141877
-1.21545 0.00141548

-1.21545 0.00141548
-1.21515 0.00141221

-1.21515 0.00141221
-1.21484 0.00140897

-1.21484 0.00140897
-1.21454 0.00140576

-1.21454 0.00140576
-1.21423 0.00140257

-1.21423 0.00140257
-1.21393 0.00139941

-1.21393 0.00139941
-1.21362 0.00139628

-1.21362 0.00139628
-1.21332 0.00139317

-1.21332 0.00139317
-1.21301 0.0013901

-1.21301 0.0013901
-1.21271 0.00138706

-1.21271 0.00138706
-1.2124 0.00138406

-1.2124 0.00138406
-1.2121 0.0013811

-1.2121 0.0013811
-1.21179 0.00137819

-1.21179 0.00137819
-1.21149 0.00137534

-1.21149 0.00137534
-1.21118 0.00137253

-1.21118 0.00137254
-1.21088 0.00136977

-1.21088 0.00136977
-1.21057 0.00136704

-1.21057 0.00136704
-1.21027 0.00136434

-1.21027 0.00136434
-1.20996 0.00136167

-1.20996 0.00136167
-1.20966 0.00135903

-1.20966 0.00135903
-1.20935 0.00135642

-1.20935 0.00135642
-1.20905 0.00135384

-1.20905 0.00135384
-1.20874 0.00135129

-1.20874 0.00135129
-1.20844 0.00134875

-1.20844 0.00134875
-1.20813 0.00134623

-1.20813 0.00134623
-1.20782 0.00134373

-1.20782 0.00134373
-1.20752 0.00134123

-1.20752 0.00134123
-1.20721 0.00133874

-1.20721 0.00133875
-1.20691 0.00133626

-1.20691 0.00133626
-1.2066 0.00133376

-1.2066 0.00133377
-1.2063 0.00133126

-1.2063 0.00133126
-1.20599 0.00132875

-1.20599 0.00132875
-1.20569 0.00132621

-1.20569 0.00132621
-1.20538 0.00132365

-1.20538 0.00132365
-1.20508 0.00132106

-1.20508 0.00132106
-1.20477 0.00131844

-1.20477 0.00131844
-1.20447 0.00131578

-1.20447 0.00131578
-1.20416 0.0013131

-1.20416 0.00131309
-1.20386 0.00131038

-1.20386 0.00131038
-1.20355 0.00130763

-1.20355 0.00130763
-1.20325 0.00130487

-1.20325 0.00130487
-1.20294 0.0013021

-1.20294 0.0013021
-1.20264 0.00129934

-1.20264 0.00129934
-1.20233 0.00129661

-1.20233 0.00129661
-1.20203 0.00129394

-1.20203 0.00129393
-1.20172 0.00129136

-1.20172 0.00129135
-1.20142 0.0012889

-1.20142 0.00128889
-1.20111 0.00128662

-1.20111 0.0012866
-1.20081 0.00128456

-1.20081 0.00128454
-1.2005 0.00128277

-1.2005 0.00128276
-1.2002 0.00128134

-1.2002 0.00128132
-1.19989 0.00128033

-1.19989 0.00128031
-1.19958 0.00127983

-1.19958 0.00127981
-1.19928 0.00127994

-1.19928 0.00127991
-1.19897 0.00128078

-1.19897 0.00128075
-1.19867 0.00128249

-1.19867 0.00128244
-1.19836 0.00128522

-1.19836 0.00128516
-1.19806 0.0012892

-1.19806 0.00128911
-1.19775 0.0012947

-1.19775 0.00129458
-1.19745 0.00130216

-1.19745 0.001302
-1.19714 0.00131214

-1.19714 0.00131197
-1.19684 0.00132533

-1.19684 0.00132513
-1.19653 0.00134243

-1.19653 0.0013417
-1.19623 0.0013648

-1.19623 0.00136385
-1.19592 0.00139609

-1.19592 0.00139541
-1.19562 0.00144004

-1.19562 0.00143968
-1.19531 0.00149876

-1.19531 0.00149905
-1.1952 0.00152588

-1.1952 0.00152588
-1.19501 0.00157321

-1.19501 0.00157242
-1.1947 0.00167019

-1.1947 0.00166988
-1.1944 0.00179297

-1.1944 0.00179411
-1.19432 0.00183105

-1.19432 0.00183105
-1.19409 0.00194018

-1.19409 0.00194062
-1.19379 0.00210084

-1.19379 0.00210155
-1.19372 0.00213623

-1.19373 0.00213623
-1.19348 0.00227218

-1.19348 0.00227319
-1.19318 0.00243669

-1.19318 0.00243576
-1.19316 0.00244141

-1.19317 0.00244141
-1.19287 0.00259116

-1.19287 0.00259216
-1.19257 0.00272688

-1.19257 0.00272593
-1.19251 0.00274658

-1.19251 0.00274658
-1.19226 0.00284199

-1.19226 0.00284236
-1.19196 0.00293568

-1.19196 0.00293607
-1.19165 0.00300599

-1.19165 0.00300673
-1.19135 0.00305098

-1.19135 0.0030494
-1.19131 0.00305176

-1.19132 0.00305176
-1.19104 0.00306891

-1.19043 0.00302965
-1.19063 0.00305176

-1.19104 0.00306933
-1.19073 0.00306261

-1.19073 0.00306213
-1.19064 0.00305176

-1.18799 0.00110506
-1.18803 0.0012207

-1.1889 0.00235901
-1.18902 0.00244141

-1.1886 0.00207263
-1.18866 0.00213623

-1.1889 0.00236033
-1.18866 0.00213623

-1.18829 0.00168507
-1.18839 0.00183105

-1.18803 0.0012207
-1.18819 0.00152588

-1.18829 0.00168631
-1.18819 0.00152588

-1.1886 0.00207284
-1.18839 0.00183105

-1.19043 0.00303013
-1.19012 0.00296748

-1.19012 0.00296821
-1.18982 0.00287339

-1.18951 0.0027412
-1.18953 0.00274658

-1.18982 0.002874
-1.18952 0.00274658

-1.18921 0.00257668
-1.18951 0.00274658

-1.18951 0.00274712
-1.18951 0.00274658

-1.18921 0.00257758
-1.18902 0.00244141

-1.18778 0.0
-1.18779 0.000305176

-1.18779 0.000305176
-1.18784 0.000610352

-1.18784 0.000610352
-1.18792 0.000915527

-1.18799 0.00110483
-1.18792 0.000915527

-1.3125 0.177676
-1.31227 0.177917

-1.31227 0.177917
-1.31219 0.178

-1.31219 0.177999
-1.31199 0.178223

-1.31198 0.178223
-1.31189 0.178323

-1.31189 0.178322
-1.3117 0.178528

-1.3117 0.178528
-1.31158 0.178646

-1.31158 0.178645
-1.31141 0.178833

-1.31141 0.178833
-1.31128 0.178969

-1.31128 0.178968
-1.31112 0.179138

-1.31112 0.179138
-1.31097 0.179291

-1.31097 0.17929
-1.31083 0.179443

-1.31083 0.179443
-1.31067 0.179614

-1.31067 0.179613
-1.31054 0.179749

-1.31054 0.179749
-1.31036 0.179937

-1.31036 0.179936
-1.31025 0.180054

-1.31025 0.180054
-1.31006 0.180259

-1.31006 0.180258
-1.30996 0.180359

-1.30996 0.180359
-1.30975 0.180582

-1.30975 0.180581
-1.30967 0.180664

-1.30967 0.180664
-1.30945 0.180904

-1.30945 0.180903
-1.30939 0.180969

-1.30939 0.180969
-1.30914 0.181225

-1.30914 0.181225
-1.3091 0.181274

-1.3091 0.181274
-1.30884 0.181547

-1.30884 0.181547
-1.30881 0.18158

-1.30881 0.18158
-1.30853 0.181869

-1.30853 0.181869
-1.30852 0.181885

-1.30852 0.181885
-1.30823 0.18219

-1.30823 0.18219
-1.30823 0.182191

-1.30823 0.182191
-1.30794 0.182495

-1.30794 0.182495
-1.30792 0.182513

-1.30792 0.182513
-1.30765 0.1828

-1.30765 0.1828
-1.30762 0.182835

-1.30762 0.182835
-1.30736 0.183105

-1.30736 0.183105
-1.30731 0.183157

-1.30731 0.183156
-1.30707 0.183411

-1.30707 0.183411
-1.30701 0.183478

-1.30701 0.183477
-1.30678 0.183716

-1.30678 0.183716
-1.3067 0.1838

-1.3067 0.183799
-1.30649 0.184021

-1.30649 0.184021
-1.3064 0.184122

-1.3064 0.18412
-1.3062 0.184326

-1.3062 0.184326
-1.30609 0.184443

-1.30609 0.184442
-1.30591 0.184631

-1.30591 0.184631
-1.30579 0.184764

-1.30579 0.184763
-1.30562 0.184937

-1.30562 0.184937
-1.30548 0.185086

-1.30548 0.185085
-1.30533 0.185242

-1.30533 0.185242
-1.30518 0.185407

-1.30518 0.185406
-1.30504 0.185547

-1.30504 0.185547
-1.30487 0.185728

-1.30487 0.185727
-1.30475 0.185852

-1.30475 0.185852
-1.30457 0.186049

-1.30457 0.186049
-1.30446 0.186157

-1.30446 0.186157
-1.30426 0.186371

-1.30426 0.18637
-1.30417 0.186462

-1.30417 0.186462
-1.30396 0.186692

-1.30396 0.186691
-1.30388 0.186768

-1.30388 0.186768
-1.30365 0.187012

-1.30365 0.187011
-1.30359 0.187073

-1.30359 0.187073
-1.30334 0.187333

-1.30334 0.187332
-1.3033 0.187378

-1.3033 0.187378
-1.30304 0.187653

-1.30304 0.187653
-1.30301 0.187683

-1.30301 0.187683
-1.30273 0.187974

-1.30273 0.187974
-1.30272 0.187988

-1.30272 0.187988
-1.30243 0.188293

-1.30243 0.188293
-1.30243 0.188295

-1.30243 0.188294
-1.30214 0.188599

-1.30214 0.188599
-1.30212 0.188615

-1.30212 0.188615
-1.30185 0.188904

-1.30185 0.188904
-1.30182 0.188935

-1.30182 0.188935
-1.30156 0.189209

-1.30156 0.189209
-1.30151 0.189256

-1.30151 0.189255
-1.30127 0.189514

-1.30127 0.189514
-1.30121 0.189576

-1.30121 0.189575
-1.30098 0.189819

-1.30098 0.189819
-1.3009 0.189896

-1.3009 0.189895
-1.30069 0.190125

-1.30069 0.190125
-1.3006 0.190216

-1.3006 0.190215
-1.3004 0.19043

-1.30039 0.19043
-1.30029 0.190536

-1.30029 0.190535
-1.3001 0.190735

-1.3001 0.190735
-1.29999 0.190857

-1.29999 0.190856
-1.29981 0.19104

-1.29981 0.19104
-1.29968 0.191177

-1.29968 0.191176
-1.29952 0.191345

-1.29952 0.191345
-1.29938 0.191496

-1.29938 0.191496
-1.29923 0.19165

-1.29923 0.19165
-1.29907 0.191816

-1.29907 0.191815
-1.29894 0.191956

-1.29894 0.191956
-1.29877 0.192136

-1.29877 0.192135
-1.29865 0.192261

-1.29865 0.192261
-1.29846 0.192456

-1.29846 0.192455
-1.29836 0.192566

-1.29836 0.192566
-1.29816 0.192776

-1.29816 0.192775
-1.29806 0.192871

-1.29806 0.192871
-1.29785 0.193095

-1.29785 0.193094
-1.29777 0.193176

-1.29777 0.193176
-1.29755 0.193415

-1.29755 0.193414
-1.29748 0.193481

-1.29748 0.193481
-1.29724 0.193734

-1.29724 0.193733
-1.29719 0.193787

-1.29719 0.193787
-1.29694 0.194053

-1.29694 0.194052
-1.2969 0.194092

-1.2969 0.194092
-1.29663 0.194372

-1.29663 0.194372
-1.29661 0.194397

-1.29661 0.194397
-1.29633 0.194691

-1.29633 0.194691
-1.29631 0.194702

-1.29631 0.194702
-1.29602 0.195007

-1.29602 0.195007
-1.29602 0.19501

-1.29602 0.19501
-1.29573 0.195312

-1.29573 0.195312
-1.29572 0.195329

-1.29572 0.195329
-1.29544 0.195618

-1.29544 0.195618
-1.29541 0.195648

-1.29541 0.195648
-1.29515 0.195923

-1.29515 0.195923
-1.2951 0.195967

-1.2951 0.195966
-1.29486 0.196228

-1.29486 0.196228
-1.2948 0.196286

-1.2948 0.196285
-1.29456 0.196533

-1.29456 0.196533
-1.29449 0.196605

-1.29449 0.196603
-1.29427 0.196838

-1.29427 0.196838
-1.29419 0.196923

-1.29419 0.196922
-1.29398 0.197144

-1.29398 0.197144
-1.29388 0.197242

-1.29388 0.197241
-1.29369 0.197449

-1.29369 0.197449
-1.29358 0.197561

-1.29358 0.19756
-1.29339 0.197754

-1.29339 0.197754
-1.29327 0.197879

-1.29327 0.197878
-1.2931 0.198059

-1.2931 0.198059
-1.29297 0.198198

-1.29297 0.198197
-1.29281 0.198364

-1.29281 0.198364
-1.29266 0.198516

-1.29266 0.198515
-1.29252 0.198669

-1.29252 0.198669
-1.29236 0.198834

-1.29236 0.198834
-1.29222 0.198975

-1.29222 0.198975
-1.29205 0.199153

-1.29205 0.199152
-1.29193 0.19928

-1.29193 0.19928
-1.29175 0.199471

-1.29175 0.19947
-1.29164 0.199585

-1.29164 0.199585
-1.29144 0.199789

-1.29144 0.199788
-1.29135 0.19989

-1.29134 0.19989
-1.29114 0.200107

-1.29114 0.200106
-1.29105 0.200195

-1.29105 0.200195
-1.29083 0.200425

-1.29083 0.200424
-1.29076 0.2005

-1.29076 0.2005
-1.29053 0.200743

-1.29053 0.200742
-1.29047 0.200806

-1.29047 0.200806
-1.29022 0.201061

-1.29022 0.20106
-1.29017 0.201111

-1.29017 0.201111
-1.28992 0.201378

-1.28992 0.201378
-1.28988 0.201416

-1.28988 0.201416
-1.28961 0.201696

-1.28961 0.201696
-1.28959 0.201721

-1.28959 0.201721
-1.28931 0.202013

-1.28931 0.202013
-1.28929 0.202026

-1.28929 0.202026
-1.289 0.202331

-1.289 0.202331
-1.289 0.202332

-1.289 0.202332
-1.28871 0.202637

-1.28871 0.202637
-1.2887 0.202648

-1.2887 0.202648
-1.28841 0.202942

-1.28841 0.202942
-1.28839 0.202966

-1.28839 0.202966
-1.28812 0.203247

-1.28812 0.203247
-1.28809 0.203283

-1.28809 0.203283
-1.28783 0.203552

-1.28783 0.203552
-1.28778 0.203601

-1.28778 0.2036
-1.28753 0.203857

-1.28753 0.203857
-1.28748 0.203918

-1.28748 0.203917
-1.28724 0.204163

-1.28724 0.204163
-1.28717 0.204235

-1.28717 0.204234
-1.28695 0.204468

-1.28695 0.204468
-1.28687 0.204552

-1.28687 0.204551
-1.28665 0.204773

-1.28665 0.204773
-1.28656 0.204869

-1.28656 0.204868
-1.28636 0.205078

-1.28636 0.205078
-1.28625 0.205186

-1.28625 0.205185
-1.28607 0.205383

-1.28606 0.205383
-1.28595 0.205503

-1.28595 0.205502
-1.28577 0.205688

-1.28577 0.205688
-1.28564 0.20582

-1.28564 0.205819
-1.28548 0.205994

-1.28548 0.205994
-1.28534 0.206137

-1.28534 0.206136
-1.28518 0.206299

-1.28518 0.206299
-1.28503 0.206453

-1.28503 0.206452
-1.28489 0.206604

-1.28489 0.206604
-1.28473 0.20677

-1.28473 0.206769
-1.28459 0.206909

-1.28459 0.206909
-1.28442 0.207086

-1.28442 0.207086
-1.2843 0.207214

-1.2843 0.207214
-1.28412 0.207403

-1.28412 0.207402
-1.28401 0.20752

-1.28401 0.20752
-1.28381 0.207719

-1.28381 0.207719
-1.28371 0.207825

-1.28371 0.207825
-1.28351 0.208036

-1.28351 0.208035
-1.28342 0.20813

-1.28342 0.20813
-1.2832 0.208352

-1.2832 0.208351
-1.28312 0.208435

-1.28312 0.208435
-1.2829 0.208668

-1.2829 0.208668
-1.28283 0.20874

-1.28283 0.20874
-1.28259 0.208985

-1.28259 0.208984
-1.28253 0.209045

-1.28253 0.209045
-1.28229 0.2093

-1.28229 0.2093
-1.28224 0.209351

-1.28224 0.209351
-1.28198 0.209616

-1.28198 0.209616
-1.28194 0.209656

-1.28194 0.209656
-1.28168 0.209932

-1.28168 0.209932
-1.28165 0.209961

-1.28165 0.209961
-1.28137 0.210248

-1.28137 0.210248
-1.28135 0.210266

-1.28135 0.210266
-1.28107 0.210563

-1.28107 0.210563
-1.28106 0.210571

-1.28106 0.210571
-1.28076 0.210876

-1.28076 0.210876
-1.28076 0.210879

-1.28076 0.210879
-1.28047 0.211182

-1.28047 0.211182
-1.28046 0.211195

-1.28046 0.211195
-1.28017 0.211487

-1.28017 0.211487
-1.28015 0.211511

-1.28015 0.21151
-1.27988 0.211792

-1.27988 0.211792
-1.27985 0.211826

-1.27985 0.211826
-1.27958 0.212097

-1.27958 0.212097
-1.27954 0.212141

-1.27954 0.212141
-1.27929 0.212402

-1.27929 0.212402
-1.27924 0.212457

-1.27924 0.212456
-1.27899 0.212708

-1.27899 0.212708
-1.27893 0.212772

-1.27893 0.212771
-1.2787 0.213013

-1.2787 0.213013
-1.27863 0.213087

-1.27863 0.213086
-1.2784 0.213318

-1.2784 0.213318
-1.27832 0.213402

-1.27832 0.213402
-1.27811 0.213623

-1.27811 0.213623
-1.27802 0.213718

-1.27802 0.213717
-1.27781 0.213928

-1.27781 0.213928
-1.27771 0.214033

-1.27771 0.214032
-1.27752 0.214233

-1.27752 0.214233
-1.2774 0.214347

-1.2774 0.214347
-1.27722 0.214539

-1.27722 0.214539
-1.2771 0.214662

-1.2771 0.214662
-1.27692 0.214844

-1.27692 0.214844
-1.27679 0.214977

-1.27679 0.214976
-1.27663 0.215149

-1.27663 0.215149
-1.27649 0.215292

-1.27649 0.215291
-1.27633 0.215454

-1.27633 0.215454
-1.27618 0.215607

-1.27618 0.215606
-1.27604 0.215759

-1.27604 0.215759
-1.27588 0.215921

-1.27588 0.21592
-1.27574 0.216064

-1.27574 0.216064
-1.27557 0.216236

-1.27557 0.216235
-1.27544 0.21637

-1.27544 0.21637
-1.27527 0.21655

-1.27527 0.216549
-1.27515 0.216675

-1.27515 0.216675
-1.27496 0.216864

-1.27496 0.216864
-1.27485 0.21698

-1.27485 0.21698
-1.27466 0.217179

-1.27466 0.217178
-1.27455 0.217285

-1.27455 0.217285
-1.27435 0.217493

-1.27435 0.217492
-1.27426 0.21759

-1.27426 0.21759
-1.27405 0.217807

-1.27405 0.217806
-1.27396 0.217896

-1.27396 0.217896
-1.27374 0.218121

-1.27374 0.218121
-1.27366 0.218201

-1.27366 0.218201
-1.27344 0.218435

-1.27344 0.218435
-1.27337 0.218506

-1.27337 0.218506
-1.27313 0.218749

-1.27313 0.218748
-1.27307 0.218811

-1.27307 0.218811
-1.27283 0.219063

-1.27283 0.219062
-1.27277 0.219116

-1.27277 0.219116
-1.27252 0.219377

-1.27252 0.219376
-1.27248 0.219421

-1.27248 0.219421
-1.27222 0.21969

-1.27222 0.21969
-1.27218 0.219727

-1.27218 0.219727
-1.27191 0.220004

-1.27191 0.220003
-1.27188 0.220032

-1.27188 0.220032
-1.27161 0.220317

-1.27161 0.220317
-1.27159 0.220337

-1.27159 0.220337
-1.2713 0.22063

-1.2713 0.22063
-1.27129 0.220642

-1.27129 0.220642
-1.271 0.220944

-1.271 0.220944
-1.27099 0.220947

-1.27099 0.220947
-1.2707 0.221252

-1.2707 0.221252
-1.27069 0.221257

-1.27069 0.221257
-1.2704 0.221558

-1.2704 0.221558
-1.27039 0.22157

-1.27039 0.22157
-1.2701 0.221863

-1.2701 0.221863
-1.27008 0.221884

-1.27008 0.221883
-1.2698 0.222168

-1.2698 0.222168
-1.26978 0.222197

-1.26978 0.222196
-1.26951 0.222473

-1.26951 0.222473
-1.26947 0.22251

-1.26947 0.222509
-1.26921 0.222778

-1.26921 0.222778
-1.26917 0.222823

-1.26917 0.222822
-1.26891 0.223083

-1.26891 0.223083
-1.26886 0.223135

-1.26886 0.223134
-1.26861 0.223389

-1.26861 0.223389
-1.26855 0.223448

-1.26855 0.223447
-1.26832 0.223694

-1.26831 0.223694
-1.26825 0.223761

-1.26825 0.22376
-1.26802 0.223999

-1.26802 0.223999
-1.26794 0.224073

-1.26794 0.224073
-1.26772 0.224304

-1.26772 0.224304
-1.26764 0.224386

-1.26764 0.224385
-1.26742 0.224609

-1.26742 0.224609
-1.26733 0.224698

-1.26733 0.224698
-1.26712 0.224915

-1.26712 0.224915
-1.26703 0.225011

-1.26703 0.22501
-1.26682 0.22522

-1.26682 0.22522
-1.26672 0.225323

-1.26672 0.225323
-1.26653 0.225525

-1.26653 0.225525
-1.26642 0.225635

-1.26642 0.225635
-1.26623 0.22583

-1.26623 0.22583
-1.26611 0.225948

-1.26611 0.225947
-1.26593 0.226135

-1.26593 0.226135
-1.26581 0.22626

-1.26581 0.226259
-1.26563 0.22644

-1.26563 0.22644
-1.2655 0.226572

-1.2655 0.226571
-1.26533 0.226746

-1.26533 0.226746
-1.2652 0.226884

-1.2652 0.226883
-1.26503 0.227051

-1.26503 0.227051
-1.26489 0.227195

-1.26489 0.227195
-1.26474 0.227356

-1.26474 0.227356
-1.26459 0.227507

-1.26459 0.227507
-1.26444 0.227661

-1.26444 0.227661
-1.26428 0.227819

-1.26428 0.227818
-1.26414 0.227966

-1.26414 0.227966
-1.26398 0.22813

-1.26398 0.22813
-1.26384 0.228271

-1.26384 0.228271
-1.26367 0.228442

-1.26367 0.228441
-1.26354 0.228577

-1.26354 0.228577
-1.26337 0.228753

-1.26337 0.228753
-1.26324 0.228882

-1.26324 0.228882
-1.26306 0.229065

-1.26306 0.229064
-1.26294 0.229187

-1.26294 0.229187
-1.26276 0.229376

-1.26276 0.229375
-1.26264 0.229492

-1.26264 0.229492
-1.26245 0.229687

-1.26245 0.229687
-1.26234 0.229797

-1.26234 0.229797
-1.26215 0.229998

-1.26215 0.229998
-1.26204 0.230103

-1.26204 0.230103
-1.26184 0.230309

-1.26184 0.230309
-1.26174 0.230408

-1.26174 0.230408
-1.26154 0.23062

-1.26154 0.23062
-1.26144 0.230713

-1.26144 0.230713
-1.26123 0.230931

-1.26123 0.230931
-1.26114 0.231018

-1.26114 0.231018
-1.26093 0.231242

-1.26093 0.231241
-1.26084 0.231323

-1.26084 0.231323
-1.26062 0.231553

-1.26062 0.231552
-1.26055 0.231628

-1.26054 0.231628
-1.26031 0.231863

-1.26031 0.231863
-1.26025 0.231934

-1.26024 0.231934
-1.26001 0.232174

-1.26001 0.232173
-1.25995 0.232239

-1.25995 0.232239
-1.2597 0.232484

-1.2597 0.232484
-1.25965 0.232544

-1.25964 0.232544
-1.2594 0.232795

-1.2594 0.232794
-1.25935 0.232849

-1.25934 0.232849
-1.25909 0.233105

-1.25909 0.233104
-1.25905 0.233154

-1.25904 0.233154
-1.25879 0.233415

-1.25879 0.233415
-1.25874 0.233459

-1.25874 0.233459
-1.25848 0.233725

-1.25848 0.233725
-1.25844 0.233765

-1.25844 0.233765
-1.25818 0.234035

-1.25818 0.234035
-1.25814 0.23407

-1.25814 0.23407
-1.25787 0.234345

-1.25787 0.234345
-1.25784 0.234375

-1.25784 0.234375
-1.25757 0.234655

-1.25757 0.234654
-1.25754 0.23468

-1.25754 0.23468
-1.25726 0.234964

-1.25726 0.234964
-1.25724 0.234985

-1.25724 0.234985
-1.25696 0.235274

-1.25696 0.235274
-1.25694 0.235291

-1.25694 0.235291
-1.25665 0.235583

-1.25665 0.235583
-1.25664 0.235596

-1.25664 0.235596
-1.25635 0.235893

-1.25635 0.235893
-1.25634 0.235901

-1.25634 0.235901
-1.25604 0.236202

-1.25604 0.236202
-1.25604 0.236206

-1.25604 0.236206
-1.25574 0.236511

-1.25574 0.236511
-1.25574 0.236512

-1.25574 0.236512
-1.25544 0.236816

-1.25544 0.236816
-1.25543 0.236821

-1.25543 0.236821
-1.25514 0.237122

-1.25514 0.237122
-1.25513 0.23713

-1.25513 0.23713
-1.25483 0.237427

-1.25483 0.237427
-1.25482 0.237439

-1.25482 0.237439
-1.25453 0.237732

-1.25453 0.237732
-1.25452 0.237748

-1.25452 0.237748
-1.25423 0.238037

-1.25423 0.238037
-1.25421 0.238057

-1.25421 0.238057
-1.25393 0.238342

-1.25393 0.238342
-1.25391 0.238366

-1.25391 0.238366
-1.25363 0.238647

-1.25363 0.238647
-1.2536 0.238675

-1.2536 0.238674
-1.25333 0.238953

-1.25333 0.238953
-1.2533 0.238983

-1.2533 0.238983
-1.25302 0.239258

-1.25302 0.239258
-1.25299 0.239292

-1.25299 0.239291
-1.25272 0.239563

-1.25272 0.239563
-1.25269 0.2396

-1.25269 0.2396
-1.25242 0.239868

-1.25242 0.239868
-1.25238 0.239908

-1.25238 0.239908
-1.25212 0.240173

-1.25212 0.240173
-1.25208 0.240217

-1.25208 0.240216
-1.25182 0.240479

-1.25182 0.240479
-1.25177 0.240525

-1.25177 0.240524
-1.25151 0.240784

-1.25151 0.240784
-1.25146 0.240833

-1.25146 0.240833
-1.25121 0.241089

-1.25121 0.241089
-1.25116 0.241141

-1.25116 0.241141
-1.25091 0.241394

-1.25091 0.241394
-1.25085 0.241449

-1.25085 0.241448
-1.25061 0.241699

-1.25061 0.241699
-1.25055 0.241757

-1.25055 0.241756
-1.2503 0.242004

-1.2503 0.242004
-1.25024 0.242064

-1.25024 0.242064
-1.25 0.24231

-1.25 0.24231
-1.24994 0.242372

-1.24994 0.242372
-1.2497 0.242615

-1.2497 0.242615
-1.24963 0.24268

-1.24963 0.242679
-1.2494 0.24292

-1.2494 0.24292
-1.24933 0.242987

-1.24933 0.242987
-1.24909 0.243225

-1.24909 0.243225
-1.24902 0.243294

-1.24902 0.243294
-1.24879 0.24353

-1.24879 0.24353
-1.24872 0.243602

-1.24872 0.243601
-1.24849 0.243835

-1.24849 0.243835
-1.24841 0.243909

-1.24841 0.243909
-1.24818 0.244141

-1.24818 0.244141
-1.24811 0.244216

-1.24811 0.244216
-1.24788 0.244446

-1.24788 0.244446
-1.2478 0.244523

-1.2478 0.244523
-1.24758 0.244751

-1.24758 0.244751
-1.2475 0.24483

-1.2475 0.24483
-1.24727 0.245056

-1.24727 0.245056
-1.24719 0.245137

-1.24719 0.245136
-1.24697 0.245361

-1.24697 0.245361
-1.24689 0.245443

-1.24689 0.245443
-1.24667 0.245667

-1.24667 0.245667
-1.24658 0.24575

-1.24658 0.24575
-1.24636 0.245972

-1.24636 0.245972
-1.24628 0.246057

-1.24628 0.246056
-1.24606 0.246277

-1.24606 0.246277
-1.24597 0.246363

-1.24597 0.246363
-1.24575 0.246582

-1.24575 0.246582
-1.24567 0.24667

-1.24567 0.246669
-1.24545 0.246887

-1.24545 0.246887
-1.24536 0.246976

-1.24536 0.246976
-1.24515 0.247192

-1.24515 0.247192
-1.24506 0.247282

-1.24506 0.247282
-1.24484 0.247498

-1.24484 0.247498
-1.24475 0.247588

-1.24475 0.247588
-1.24454 0.247803

-1.24454 0.247803
-1.24445 0.247894

-1.24445 0.247894
-1.24423 0.248108

-1.24423 0.248108
-1.24414 0.2482

-1.24414 0.2482
-1.24393 0.248413

-1.24393 0.248413
-1.24384 0.248506

-1.24384 0.248506
-1.24362 0.248718

-1.24362 0.248718
-1.24353 0.248812

-1.24353 0.248812
-1.24332 0.249023

-1.24332 0.249023
-1.24323 0.249117

-1.24323 0.249117
-1.24301 0.249329

-1.24301 0.249329
-1.24292 0.249423

-1.24292 0.249423
-1.24271 0.249634

-1.24271 0.249634
-1.24261 0.249729

-1.24261 0.249728
-1.2424 0.249939

-1.2424 0.249939
-1.24231 0.250034

-1.24231 0.250034
-1.2421 0.250244

-1.2421 0.250244
-1.242 0.250339

-1.242 0.250339
-1.24179 0.250549

-1.24179 0.250549
-1.2417 0.250645

-1.2417 0.250644
-1.24149 0.250854

-1.24149 0.250854
-1.24139 0.25095

-1.24139 0.25095
-1.24118 0.25116

-1.24118 0.25116
-1.24109 0.251255

-1.24109 0.251255
-1.24088 0.251465

-1.24088 0.251465
-1.24078 0.25156

-1.24078 0.25156
-1.24057 0.25177

-1.24057 0.25177
-1.24048 0.251865

-1.24048 0.251865
-1.24027 0.252075

-1.24027 0.252075
-1.24017 0.252169

-1.24017 0.252169
-1.23996 0.25238

-1.23996 0.25238
-1.23987 0.252474

-1.23987 0.252474
-1.23966 0.252686

-1.23966 0.252686
-1.23956 0.252779

-1.23956 0.252779
-1.23935 0.252991

-1.23935 0.252991
-1.23926 0.253083

-1.23926 0.253083
-1.23904 0.253296

-1.23904 0.253296
-1.23895 0.253388

-1.23895 0.253388
-1.23874 0.253601

-1.23874 0.253601
-1.23865 0.253692

-1.23865 0.253692
-1.23843 0.253906

-1.23843 0.253906
-1.23834 0.253996

-1.23834 0.253996
-1.23813 0.254211

-1.23813 0.254211
-1.23804 0.254301

-1.23804 0.254301
-1.23782 0.254517

-1.23782 0.254517
-1.23773 0.254605

-1.23773 0.254605
-1.23751 0.254822

-1.23751 0.254822
-1.23743 0.254909

-1.23743 0.254909
-1.23721 0.255127

-1.23721 0.255127
-1.23712 0.255213

-1.23712 0.255213
-1.2369 0.255432

-1.2369 0.255432
-1.23682 0.255517

-1.23682 0.255517
-1.23659 0.255737

-1.23659 0.255737
-1.23651 0.25582

-1.23651 0.25582
-1.23629 0.256042

-1.23629 0.256042
-1.23621 0.256124

-1.23621 0.256124
-1.23598 0.256348

-1.23598 0.256348
-1.2359 0.256428

-1.2359 0.256428
-1.23567 0.256653

-1.23567 0.256653
-1.2356 0.256731

-1.2356 0.256731
-1.23537 0.256958

-1.23537 0.256958
-1.23529 0.257034

-1.23529 0.257035
-1.23506 0.257263

-1.23506 0.257263
-1.23499 0.257338

-1.23499 0.257338
-1.23475 0.257568

-1.23475 0.257568
-1.23468 0.257641

-1.23468 0.257641
-1.23445 0.257874

-1.23445 0.257874
-1.23438 0.257944

-1.23438 0.257944
-1.23414 0.258179

-1.23414 0.258179
-1.23407 0.258247

-1.23407 0.258247
-1.23383 0.258484

-1.23383 0.258484
-1.23376 0.25855

-1.23376 0.25855
-1.23352 0.258789

-1.23352 0.258789
-1.23346 0.258853

-1.23346 0.258853
-1.23322 0.259094

-1.23322 0.259094
-1.23315 0.259156

-1.23315 0.259156
-1.23291 0.259399

-1.23291 0.259399
-1.23285 0.259459

-1.23285 0.259459
-1.2326 0.259705

-1.2326 0.259705
-1.23254 0.259761

-1.23254 0.259761
-1.23229 0.26001

-1.23229 0.26001
-1.23224 0.260064

-1.23224 0.260064
-1.23199 0.260315

-1.23199 0.260315
-1.23193 0.260366

-1.23193 0.260366
-1.23168 0.26062

-1.23168 0.26062
-1.23163 0.260669

-1.23163 0.260669
-1.23137 0.260925

-1.23137 0.260925
-1.23132 0.260971

-1.23132 0.260971
-1.23106 0.26123

-1.23106 0.26123
-1.23102 0.261273

-1.23102 0.261273
-1.23075 0.261536

-1.23075 0.261536
-1.23071 0.261575

-1.23071 0.261575
-1.23044 0.261841

-1.23044 0.261841
-1.23041 0.261877

-1.23041 0.261877
-1.23014 0.262146

-1.23014 0.262146
-1.2301 0.262179

-1.2301 0.262179
-1.22983 0.262451

-1.22983 0.262451
-1.2298 0.262481

-1.2298 0.262481
-1.22952 0.262756

-1.22952 0.262756
-1.22949 0.262783

-1.22949 0.262783
-1.22921 0.263062

-1.22921 0.263062
-1.22919 0.263084

-1.22919 0.263084
-1.2289 0.263367

-1.2289 0.263367
-1.22888 0.263386

-1.22888 0.263386
-1.22859 0.263672

-1.22859 0.263672
-1.22858 0.263687

-1.22858 0.263687
-1.22828 0.263977

-1.22828 0.263977
-1.22827 0.263989

-1.22827 0.263989
-1.22797 0.264282

-1.22797 0.264282
-1.22797 0.26429

-1.22797 0.26429
-1.22766 0.264587

-1.22766 0.264587
-1.22766 0.264591

-1.22766 0.264591
-1.22736 0.264892

-1.22736 0.264893
-1.22705 0.265193

-1.22705 0.265193
-1.22705 0.265198

-1.22705 0.265198
-1.22675 0.265494

-1.22675 0.265494
-1.22674 0.265503

-1.22674 0.265503
-1.22644 0.265795

-1.22644 0.265795
-1.22643 0.265808

-1.22643 0.265808
-1.22614 0.266096

-1.22614 0.266096
-1.22612 0.266113

-1.22612 0.266113
-1.22583 0.266396

-1.22583 0.266396
-1.22581 0.266418

-1.22581 0.266418
-1.22552 0.266697

-1.22552 0.266697
-1.2255 0.266724

-1.2255 0.266724
-1.22522 0.266997

-1.22522 0.266998
-1.22519 0.267029

-1.22519 0.267029
-1.22491 0.267298

-1.22491 0.267298
-1.22488 0.267334

-1.22488 0.267334
-1.22461 0.267598

-1.22461 0.267598
-1.22457 0.267639

-1.22457 0.267639
-1.2243 0.267898

-1.2243 0.267899
-1.22426 0.267944

-1.22426 0.267944
-1.224 0.268198

-1.224 0.268199
-1.22395 0.26825

-1.22395 0.26825
-1.22369 0.268498

-1.22369 0.268499
-1.22364 0.268555

-1.22364 0.268555
-1.22339 0.268798

-1.22339 0.268799
-1.22333 0.26886

-1.22333 0.26886
-1.22308 0.269098

-1.22308 0.269099
-1.22302 0.269165

-1.22302 0.269165
-1.22278 0.269398

-1.22278 0.269398
-1.22271 0.26947

-1.22271 0.26947
-1.22247 0.269697

-1.22247 0.269698
-1.22239 0.269775

-1.22239 0.269775
-1.22217 0.269997

-1.22217 0.269998
-1.22208 0.270081

-1.22208 0.270081
-1.22186 0.270297

-1.22186 0.270297
-1.22177 0.270386

-1.22177 0.270386
-1.22156 0.270596

-1.22156 0.270597
-1.22146 0.270691

-1.22146 0.270691
-1.22125 0.270895

-1.22125 0.270896
-1.22115 0.270996

-1.22115 0.270996
-1.22095 0.271195

-1.22095 0.271195
-1.22084 0.271301

-1.22084 0.271301
-1.22064 0.271494

-1.22064 0.271494
-1.22053 0.271606

-1.22053 0.271606
-1.22034 0.271793

-1.22034 0.271793
-1.22022 0.271912

-1.22022 0.271912
-1.22003 0.272092

-1.22003 0.272092
-1.2199 0.272217

-1.2199 0.272217
-1.21973 0.272391

-1.21973 0.272391
-1.21959 0.272522

-1.21959 0.272522
-1.21942 0.272689

-1.21942 0.27269
-1.21928 0.272827

-1.21928 0.272827
-1.21912 0.272988

-1.21912 0.272989
-1.21897 0.273132

-1.21897 0.273132
-1.21881 0.273287

-1.21881 0.273287
-1.21866 0.273438

-1.21866 0.273438
-1.21851 0.273585

-1.21851 0.273586
-1.21835 0.273743

-1.21835 0.273743
-1.2182 0.273884

-1.2182 0.273884
-1.21803 0.274048

-1.21803 0.274048
-1.2179 0.274182

-1.2179 0.274183
-1.21772 0.274353

-1.21772 0.274353
-1.21759 0.27448

-1.21759 0.274481
-1.21741 0.274658

-1.21741 0.274658
-1.21729 0.274778

-1.21729 0.274779
-1.2171 0.274963

-1.2171 0.274963
-1.21698 0.275077

-1.21698 0.275077
-1.21678 0.275269

-1.21678 0.275269
-1.21667 0.275374

-1.21667 0.275375
-1.21647 0.275574

-1.21647 0.275574
-1.21637 0.275672

-1.21637 0.275673
-1.21616 0.275879

-1.21616 0.275879
-1.21606 0.27597

-1.21606 0.275971
-1.21584 0.276184

-1.21585 0.276184
-1.21576 0.276268

-1.21576 0.276268
-1.21553 0.276489

-1.21553 0.276489
-1.21545 0.276565

-1.21545 0.276566
-1.21522 0.276794

-1.21522 0.276794
-1.21515 0.276863

-1.21515 0.276864
-1.21491 0.2771

-1.21491 0.2771
-1.21484 0.27716

-1.21484 0.277161
-1.21459 0.277405

-1.21459 0.277405
-1.21454 0.277458

-1.21454 0.277458
-1.21428 0.27771

-1.21428 0.27771
-1.21423 0.277755

-1.21423 0.277755
-1.21397 0.278015

-1.21397 0.278015
-1.21393 0.278052

-1.21393 0.278052
-1.21365 0.27832

-1.21365 0.27832
-1.21362 0.278349

-1.21362 0.278349
-1.21334 0.278625

-1.21334 0.278625
-1.21332 0.278646

-1.21332 0.278646
-1.21303 0.278931

-1.21303 0.278931
-1.21301 0.278943

-1.21301 0.278943
-1.21271 0.279236

-1.21271 0.279236
-1.21271 0.279239

-1.21271 0.27924
-1.2124 0.279536

-1.2124 0.279536
-1.2124 0.279541

-1.2124 0.279541
-1.2121 0.279833

-1.2121 0.279833
-1.21208 0.279846

-1.21208 0.279846
-1.21179 0.280129

-1.21179 0.280129
-1.21177 0.280151

-1.21177 0.280151
-1.21149 0.280426

-1.21149 0.280426
-1.21145 0.280457

-1.21146 0.280457
-1.21118 0.280722

-1.21118 0.280722
-1.21114 0.280762

-1.21114 0.280762
-1.21088 0.281018

-1.21088 0.281018
-1.21083 0.281067

-1.21083 0.281067
-1.21057 0.281314

-1.21057 0.281314
-1.21051 0.281372

-1.21051 0.281372
-1.21027 0.281609

-1.21027 0.28161
-1.2102 0.281677

-1.2102 0.281677
-1.20996 0.281905

-1.20996 0.281906
-1.20988 0.281982

-1.20988 0.281982
-1.20966 0.282201

-1.20966 0.282202
-1.20957 0.282288

-1.20957 0.282288
-1.20935 0.282497

-1.20935 0.282498
-1.20925 0.282593

-1.20925 0.282593
-1.20905 0.282793

-1.20905 0.282793
-1.20894 0.282898

-1.20894 0.282898
-1.20874 0.283088

-1.20874 0.283089
-1.20862 0.283203

-1.20862 0.283203
-1.20844 0.283384

-1.20844 0.283384
-1.20831 0.283508

-1.20831 0.283508
-1.20813 0.283679

-1.20813 0.28368
-1.20799 0.283813

-1.20799 0.283813
-1.20782 0.283974

-1.20782 0.283975
-1.20768 0.284119

-1.20768 0.284119
-1.20752 0.284269

-1.20752 0.28427
-1.20736 0.284424

-1.20736 0.284424
-1.20721 0.284565

-1.20721 0.284565
-1.20704 0.284729

-1.20704 0.284729
-1.20691 0.28486

-1.20691 0.28486
-1.20673 0.285034

-1.20673 0.285034
-1.2066 0.285154

-1.2066 0.285155
-1.20641 0.285339

-1.20641 0.285339
-1.2063 0.285449

-1.2063 0.28545
-1.2061 0.285645

-1.2061 0.285645
-1.20599 0.285744

-1.20599 0.285745
-1.20578 0.28595

-1.20578 0.28595
-1.20569 0.286039

-1.20569 0.286039
-1.20546 0.286255

-1.20546 0.286255
-1.20538 0.286333

-1.20538 0.286334
-1.20515 0.28656

-1.20515 0.28656
-1.20508 0.286627

-1.20508 0.286628
-1.20483 0.286865

-1.20483 0.286865
-1.20477 0.286922

-1.20477 0.286922
-1.20451 0.28717

-1.20452 0.28717
-1.20447 0.287216

-1.20447 0.287216
-1.2042 0.287476

-1.2042 0.287476
-1.20416 0.28751

-1.20416 0.28751
-1.20388 0.287781

-1.20388 0.287781
-1.20386 0.287804

-1.20386 0.287804
-1.20356 0.288086

-1.20356 0.288086
-1.20355 0.288098

-1.20355 0.288098
-1.20325 0.288391

-1.20325 0.288391
-1.20325 0.288392

-1.20325 0.288392
-1.20294 0.288686

-1.20294 0.288686
-1.20293 0.288696

-1.20293 0.288696
-1.20264 0.288979

-1.20264 0.288979
-1.20261 0.289001

-1.20261 0.289001
-1.20233 0.289273

-1.20233 0.289273
-1.2023 0.289307

-1.2023 0.289307
-1.20203 0.289566

-1.20203 0.289566
-1.20198 0.289612

-1.20198 0.289612
-1.20172 0.289859

-1.20172 0.28986
-1.20166 0.289917

-1.20166 0.289917
-1.20142 0.290152

-1.20142 0.290153
-1.20134 0.290222

-1.20134 0.290222
-1.20111 0.290445

-1.20111 0.290446
-1.20103 0.290527

-1.20103 0.290527
-1.20081 0.290738

-1.20081 0.290739
-1.20071 0.290833

-1.20071 0.290833
-1.2005 0.291031

-1.2005 0.291032
-1.20039 0.291138

-1.20039 0.291138
-1.2002 0.291324

-1.2002 0.291325
-1.20007 0.291443

-1.20007 0.291443
-1.19989 0.291617

-1.19989 0.291618
-1.19975 0.291748

-1.19975 0.291748
-1.19958 0.29191

-1.19958 0.291911
-1.19944 0.292053

-1.19944 0.292053
-1.19928 0.292203

-1.19928 0.292203
-1.19912 0.292358

-1.19912 0.292358
-1.19897 0.292495

-1.19897 0.292496
-1.1988 0.292664

-1.1988 0.292664
-1.19867 0.292787

-1.19867 0.292788
-1.19848 0.292969

-1.19848 0.292969
-1.19836 0.29308

-1.19836 0.293081
-1.19816 0.293274

-1.19816 0.293274
-1.19806 0.293372

-1.19806 0.293373
-1.19784 0.293579

-1.19784 0.293579
-1.19775 0.293664

-1.19775 0.293665
-1.19752 0.293884

-1.19752 0.293884
-1.19745 0.293956

-1.19745 0.293957
-1.1972 0.294189

-1.1972 0.294189
-1.19714 0.294248

-1.19714 0.294249
-1.19689 0.294495

-1.19689 0.294495
-1.19684 0.29454

-1.19684 0.29454
-1.19657 0.2948

-1.19657 0.2948
-1.19653 0.294832

-1.19653 0.294832
-1.19625 0.295105

-1.19625 0.295105
-1.19623 0.295123

-1.19623 0.295124
-1.19593 0.29541

-1.19593 0.29541
-1.19592 0.295415

-1.19592 0.295415
-1.19562 0.295707

-1.19562 0.295707
-1.19561 0.295715

-1.19561 0.295715
-1.19531 0.295998

-1.19531 0.295998
-1.19529 0.296021

-1.19529 0.296021
-1.19501 0.296289

-1.19501 0.296289
-1.19497 0.296326

-1.19497 0.296326
-1.1947 0.29658

-1.1947 0.29658
-1.19465 0.296631

-1.19465 0.296631
-1.1944 0.296871

-1.1944 0.296871
-1.19433 0.296936

-1.19433 0.296936
-1.19409 0.297161

-1.19409 0.297163
-1.19401 0.297241

-1.19401 0.297241
-1.19379 0.297452

-1.19379 0.297453
-1.19369 0.297546

-1.19369 0.297546
-1.19348 0.297743

-1.19348 0.297744
-1.19337 0.297852

-1.19337 0.297852
-1.19318 0.298034

-1.19318 0.298035
-1.19305 0.298157

-1.19305 0.298157
-1.19287 0.298325

-1.19287 0.298326
-1.19273 0.298462

-1.19273 0.298462
-1.19257 0.298615

-1.19257 0.298616
-1.19241 0.298767

-1.19241 0.298767
-1.19226 0.298906

-1.19226 0.298907
-1.19209 0.299072

-1.19209 0.299072
-1.19196 0.299196

-1.19196 0.299197
-1.19176 0.299377

-1.19177 0.299377
-1.19165 0.299486

-1.19165 0.299487
-1.19144 0.299683

-1.19144 0.299683
-1.19135 0.299776

-1.19135 0.299778
-1.19112 0.299988

-1.19112 0.299988
-1.19104 0.300066

-1.19104 0.300067
-1.1908 0.300293

-1.1908 0.300293
-1.19073 0.300356

-1.19073 0.300357
-1.19048 0.300598

-1.19048 0.300598
-1.19043 0.300646

-1.19043 0.300646
-1.19016 0.300903

-1.19016 0.300903
-1.19012 0.300936

-1.19012 0.300936
-1.18984 0.301208

-1.18984 0.301208
-1.18982 0.301225

-1.18982 0.301226
-1.18952 0.301514

-1.18952 0.301514
-1.18951 0.301515

-1.18951 0.301515
-1.18921 0.301805

-1.18921 0.301805
-1.18919 0.301819

-1.18919 0.301819
-1.1889 0.302094

-1.1889 0.302094
-1.18887 0.302124

-1.18887 0.302124
-1.1886 0.302383

-1.1886 0.302383
-1.18855 0.302429

-1.18855 0.302429
-1.18829 0.302672

-1.18829 0.302672
-1.18823 0.302734

-1.18823 0.302734
-1.18799 0.30296

-1.18799 0.302961
-1.18791 0.30304

-1.18791 0.30304
-1.18768 0.303249

-1.18768 0.30325
-1.18758 0.303345

-1.18758 0.303345
-1.18738 0.303538

-1.18738 0.303539
-1.18726 0.30365

-1.18726 0.30365
-1.18707 0.303827

-1.18707 0.303828
-1.18694 0.303955

-1.18694 0.303955
-1.18677 0.304116

-1.18677 0.304117
-1.18662 0.30426

-1.18662 0.30426
-1.18646 0.304404

-1.18646 0.304406
-1.18629 0.304565

-1.18629 0.304565
-1.18616 0.304693

-1.18616 0.304694
-1.18597 0.304871

-1.18597 0.304871
-1.18585 0.304981

-1.18585 0.304983
-1.18565 0.305176

-1.18565 0.305176
-1.18555 0.30527

-1.18555 0.305271
-1.18532 0.305481

-1.18532 0.305481
-1.18524 0.305558

-1.18524 0.305559
-1.185 0.305786

-1.185 0.305786
-1.18494 0.305846

-1.18494 0.305846
-1.18468 0.306091

-1.18468 0.306091
-1.18463 0.306134

-1.18463 0.306134
-1.18435 0.306396

-1.18435 0.306396
-1.18433 0.306422

-1.18433 0.306422
-1.18403 0.306702

-1.18403 0.306702
-1.18402 0.306709

-1.18402 0.30671
-1.18372 0.306997

-1.18372 0.306997
-1.18371 0.307007

-1.18371 0.307007
-1.18341 0.307285

-1.18341 0.307285
-1.18338 0.307312

-1.18338 0.307312
-1.18311 0.307572

-1.18311 0.307572
-1.18306 0.307617

-1.18306 0.307617
-1.1828 0.307859

-1.1828 0.30786
-1.18273 0.307922

-1.18273 0.307922
-1.1825 0.308146

-1.1825 0.308147
-1.18241 0.308228

-1.18241 0.308228
-1.18219 0.308433

-1.18219 0.308435
-1.18209 0.308533

-1.18209 0.308533
-1.18188 0.30872

-1.18188 0.308722
-1.18176 0.308838

-1.18176 0.308838
-1.18158 0.309007

-1.18158 0.309009
-1.18144 0.309143

-1.18144 0.309143
-1.18127 0.309294

-1.18127 0.309296
-1.18111 0.309448

-1.18111 0.309448
-1.18097 0.309581

-1.18097 0.309583
-1.18079 0.309753

-1.18079 0.309753
-1.18066 0.309868

-1.18066 0.30987
-1.18046 0.310059

-1.18046 0.310059
-1.18036 0.310155

-1.18036 0.310156
-1.18014 0.310364

-1.18014 0.310364
-1.18005 0.310441

-1.18005 0.310442
-1.17981 0.310669

-1.17981 0.310669
-1.17975 0.310728

-1.17975 0.310728
-1.17949 0.310974

-1.17949 0.310974
-1.17944 0.311014

-1.17944 0.311014
-1.17916 0.311279

-1.17916 0.311279
-1.17914 0.3113

-1.17914 0.3113
-1.17884 0.311584

-1.17883 0.311584
-1.17883 0.311586

-1.17883 0.311587
-1.17853 0.311873

-1.17853 0.311873
-1.17851 0.31189

-1.17851 0.31189
-1.17822 0.312158

-1.17822 0.312158
-1.17818 0.312195

-1.17818 0.312195
-1.17792 0.312444

-1.17792 0.312444
-1.17786 0.3125

-1.17786 0.3125
-1.17761 0.312729

-1.17761 0.31273
-1.17753 0.312805

-1.17753 0.312805
-1.17731 0.313014

-1.17731 0.313016
-1.17721 0.31311

-1.17721 0.31311
-1.177 0.3133

-1.177 0.313301
-1.17688 0.313416

-1.17688 0.313416
-1.1767 0.313586

-1.1767 0.313587
-1.17655 0.313721

-1.17655 0.313721
-1.17639 0.313871

-1.17639 0.313872
-1.17623 0.314026

-1.17623 0.314026
-1.17609 0.314156

-1.17609 0.314158
-1.1759 0.314331

-1.1759 0.314331
-1.17578 0.314442

-1.17578 0.314443
-1.17557 0.314636

-1.17557 0.314636
-1.17548 0.314727

-1.17548 0.314728
-1.17525 0.314941

-1.17525 0.314941
-1.17517 0.315012

-1.17517 0.315012
-1.17492 0.315247

-1.17492 0.315247
-1.17487 0.315296

-1.17487 0.315297
-1.17459 0.315552

-1.17459 0.315552
-1.17456 0.315581

-1.17456 0.315581
-1.17427 0.315857

-1.17426 0.315857
-1.17426 0.315866

-1.17426 0.315866
-1.17395 0.316151

-1.17395 0.316151
-1.17394 0.316162

-1.17394 0.316162
-1.17365 0.316435

-1.17365 0.316435
-1.17361 0.316467

-1.17361 0.316467
-1.17334 0.316719

-1.17334 0.316719
-1.17328 0.316772

-1.17328 0.316772
-1.17303 0.317003

-1.17303 0.317004
-1.17296 0.317078

-1.17296 0.317078
-1.17273 0.317287

-1.17273 0.317288
-1.17263 0.317383

-1.17263 0.317383
-1.17242 0.317571

-1.17242 0.317572
-1.1723 0.317688

-1.1723 0.317688
-1.17212 0.317855

-1.17212 0.317856
-1.17197 0.317993

-1.17197 0.317993
-1.17181 0.318139

-1.17181 0.31814
-1.17164 0.318298

-1.17164 0.318298
-1.17151 0.318423

-1.17151 0.318424
-1.17131 0.318604

-1.17131 0.318604
-1.1712 0.318706

-1.1712 0.318708
-1.17099 0.318909

-1.17099 0.318909
-1.1709 0.31899

-1.1709 0.318991
-1.17066 0.319214

-1.17066 0.319214
-1.17059 0.319274

-1.17059 0.319274
-1.17033 0.319519

-1.17033 0.319519
-1.17029 0.319557

-1.17029 0.319557
-1.17 0.319824

-1.17 0.319824
-1.16998 0.31984

-1.16998 0.319841
-1.16968 0.320124

-1.16968 0.320124
-1.16967 0.320129

-1.16967 0.320129
-1.16937 0.320407

-1.16937 0.320407
-1.16934 0.320435

-1.16934 0.320435
-1.16907 0.32069

-1.16907 0.32069
-1.16901 0.32074

-1.16901 0.32074
-1.16876 0.320972

-1.16876 0.320973
-1.16868 0.321045

-1.16869 0.321045
-1.16846 0.321255

-1.16846 0.321256
-1.16835 0.32135

-1.16836 0.32135
-1.16815 0.321537

-1.16815 0.321539
-1.16803 0.321655

-1.16803 0.321655
-1.16785 0.32182

-1.16785 0.321821
-1.1677 0.32196

-1.1677 0.32196
-1.16754 0.322102

-1.16754 0.322104
-1.16737 0.322266

-1.16737 0.322266
-1.16724 0.322385

-1.16724 0.322387
-1.16704 0.322571

-1.16704 0.322571
-1.16693 0.322667

-1.16693 0.322669
-1.16671 0.322876

-1.16671 0.322876
-1.16663 0.32295

-1.16663 0.32295
-1.16638 0.323181

-1.16638 0.323181
-1.16632 0.323232

-1.16632 0.323232
-1.16605 0.323486

-1.16605 0.323486
-1.16602 0.323514

-1.16602 0.323514
-1.16572 0.323792

-1.16572 0.323792
-1.16571 0.323796

-1.16571 0.323796
-1.16541 0.324078

-1.16541 0.324078
-1.16538 0.324097

-1.16538 0.324097
-1.1651 0.32436

-1.1651 0.32436
-1.16505 0.324402

-1.16505 0.324402
-1.16479 0.324641

-1.16479 0.324641
-1.16472 0.324707

-1.16472 0.324707
-1.16449 0.324922

-1.16449 0.324923
-1.16439 0.325012

-1.16439 0.325012
-1.16418 0.325203

-1.16418 0.325205
-1.16406 0.325317

-1.16406 0.325317
-1.16388 0.325485

-1.16388 0.325486
-1.16373 0.325623

-1.16373 0.325623
-1.16357 0.325766

-1.16357 0.325768
-1.1634 0.325928

-1.1634 0.325928
-1.16327 0.326047

-1.16327 0.326049
-1.16307 0.326233

-1.16307 0.326233
-1.16296 0.326329

-1.16296 0.32633
-1.16274 0.326538

-1.16274 0.326538
-1.16266 0.32661

-1.16266 0.32661
-1.16241 0.326843

-1.1624 0.326843
-1.16235 0.32689

-1.16235 0.326891
-1.16207 0.327148

-1.16207 0.327148
-1.16205 0.327171

-1.16205 0.327172
-1.16174 0.327452

-1.16174 0.327452
-1.16174 0.327454

-1.16174 0.327454
-1.16144 0.327733

-1.16144 0.327733
-1.16141 0.327759

-1.16141 0.327759
-1.16113 0.328013

-1.16113 0.328013
-1.16108 0.328064

-1.16108 0.328064
-1.16083 0.328294

-1.16083 0.328294
-1.16075 0.328369

-1.16075 0.328369
-1.16052 0.328573

-1.16052 0.328575
-1.16041 0.328674

-1.16041 0.328674
-1.16022 0.328853

-1.16022 0.328855
-1.16008 0.328979

-1.16008 0.328979
-1.15991 0.329133

-1.15991 0.329135
-1.15975 0.329285

-1.15975 0.329285
-1.15961 0.329414

-1.15961 0.329416
-1.15941 0.32959

-1.15942 0.32959
-1.1593 0.329694

-1.1593 0.329695
-1.15908 0.329895

-1.15908 0.329895
-1.159 0.329974

-1.159 0.329974
-1.15875 0.3302

-1.15875 0.3302
-1.15869 0.330253

-1.15869 0.330254
-1.15842 0.330505

-1.15842 0.330505
-1.15839 0.330533

-1.15839 0.330533
-1.15808 0.330811

-1.15808 0.330811
-1.15808 0.330813

-1.15808 0.330813
-1.15778 0.331092

-1.15778 0.331092
-1.15775 0.331116

-1.15775 0.331116
-1.15747 0.331372

-1.15747 0.331372
-1.15742 0.331421

-1.15742 0.331421
-1.15717 0.331651

-1.15717 0.331651
-1.15708 0.331726

-1.15708 0.331726
-1.15686 0.331929

-1.15686 0.331931
-1.15675 0.332031

-1.15675 0.332031
-1.15656 0.332208

-1.15656 0.33221
-1.15642 0.332336

-1.15642 0.332336
-1.15625 0.332487

-1.15625 0.332489
-1.15608 0.332642

-1.15608 0.332642
-1.15594 0.332766

-1.15594 0.332768
-1.15575 0.332947

-1.15575 0.332947
-1.15564 0.333045

-1.15564 0.333047
-1.15541 0.333252

-1.15541 0.333252
-1.15533 0.333324

-1.15533 0.333325
-1.15508 0.333557

-1.15508 0.333557
-1.15503 0.333603

-1.15503 0.333603
-1.15475 0.333862

-1.15475 0.333862
-1.15472 0.333881

-1.15472 0.333882
-1.15442 0.33416

-1.15442 0.33416
-1.15441 0.334167

-1.15441 0.334167
-1.15411 0.334438

-1.15411 0.334438
-1.15408 0.334473

-1.15408 0.334473
-1.15381 0.334717

-1.15381 0.334717
-1.15374 0.334778

-1.15374 0.334778
-1.1535 0.334994

-1.1535 0.334995
-1.15341 0.335083

-1.15341 0.335083
-1.1532 0.335272

-1.1532 0.335273
-1.15307 0.335388

-1.15307 0.335388
-1.15289 0.33555

-1.15289 0.335552
-1.15274 0.335693

-1.15274 0.335693
-1.15259 0.335828

-1.15259 0.33583
-1.1524 0.335999

-1.1524 0.335999
-1.15228 0.336106

-1.15228 0.336107
-1.15207 0.336304

-1.15207 0.336304
-1.15198 0.336384

-1.15198 0.336384
-1.15173 0.336609

-1.15173 0.336609
-1.15167 0.336661

-1.15167 0.336662
-1.15139 0.336914

-1.15139 0.336914
-1.15137 0.336939

-1.15137 0.336939
-1.15106 0.337216

-1.15106 0.337216
-1.15106 0.337219

-1.15106 0.337219
-1.15076 0.337494

-1.15076 0.337494
-1.15072 0.337524

-1.15072 0.337524
-1.15045 0.337771

-1.15045 0.337771
-1.15039 0.33783

-1.15039 0.33783
-1.15015 0.338048

-1.15015 0.338048
-1.15005 0.338135

-1.15005 0.338135
-1.14984 0.338324

-1.14984 0.338326
-1.14971 0.33844

-1.14972 0.33844
-1.14954 0.338601

-1.14954 0.338603
-1.14938 0.338745

-1.14938 0.338745
-1.14923 0.338878

-1.14923 0.33888
-1.14904 0.33905

-1.14904 0.33905
-1.14893 0.339155

-1.14893 0.339156
-1.1487 0.339355

-1.1487 0.339355
-1.14862 0.339431

-1.14862 0.339432
-1.14837 0.339661

-1.14837 0.339661
-1.14832 0.339708

-1.14832 0.339709
-1.14803 0.339966

-1.14803 0.339966
-1.14801 0.339985

-1.14801 0.339985
-1.14771 0.340261

-1.14771 0.340261
-1.14769 0.340271

-1.14769 0.340271
-1.1474 0.340537

-1.1474 0.340538
-1.14736 0.340576

-1.14736 0.340576
-1.14709 0.340814

-1.14709 0.340814
-1.14702 0.340881

-1.14702 0.340881
-1.14679 0.341089

-1.14679 0.34109
-1.14668 0.341187

-1.14668 0.341187
-1.14648 0.341364

-1.14648 0.341366
-1.14634 0.341492

-1.14635 0.341492
-1.14618 0.341641

-1.14618 0.341643
-1.14601 0.341797

-1.14601 0.341797
-1.14587 0.341917

-1.14587 0.341919
-1.14567 0.342102

-1.14567 0.342102
-1.14557 0.342192

-1.14557 0.342193
-1.14533 0.342407

-1.14533 0.342407
-1.14526 0.342468

-1.14526 0.342469
-1.14499 0.342712

-1.14499 0.342712
-1.14496 0.342744

-1.14496 0.342744
-1.14466 0.343018

-1.14465 0.343018
-1.14465 0.343019

-1.14465 0.343019
-1.14435 0.343295

-1.14435 0.343295
-1.14432 0.343323

-1.14432 0.343323
-1.14404 0.34357

-1.14404 0.34357
-1.14398 0.343628

-1.14398 0.343628
-1.14374 0.343845

-1.14374 0.343845
-1.14364 0.343933

-1.14364 0.343933
-1.14343 0.344119

-1.14343 0.344121
-1.1433 0.344238

-1.1433 0.344238
-1.14313 0.344394

-1.14313 0.344396
-1.14296 0.344543

-1.14296 0.344543
-1.14282 0.344669

-1.14282 0.344671
-1.14262 0.344849

-1.14262 0.344849
-1.14252 0.344944

-1.14252 0.344945
-1.14228 0.345154

-1.14228 0.345154
-1.14221 0.345219

-1.14221 0.345219
-1.14195 0.345459

-1.14195 0.345459
-1.14191 0.345493

-1.14191 0.345494
-1.14161 0.345764

-1.14161 0.345764
-1.1416 0.345768

-1.1416 0.345768
-1.1413 0.346043

-1.1413 0.346043
-1.14127 0.346069

-1.14127 0.346069
-1.14099 0.346317

-1.14099 0.346317
-1.14093 0.346375

-1.14093 0.346375
-1.14069 0.346591

-1.14069 0.346592
-1.14059 0.34668

-1.14059 0.34668
-1.14038 0.346864

-1.14038 0.346866
-1.14025 0.346985

-1.14025 0.346985
-1.14008 0.347138

-1.14008 0.34714
-1.13991 0.34729

-1.13991 0.34729
-1.13977 0.347412

-1.13977 0.347415
-1.13957 0.347595

-1.13957 0.347595
-1.13947 0.347686

-1.13947 0.347687
-1.13923 0.3479

-1.13923 0.3479
-1.13916 0.34796

-1.13916 0.347961
-1.13889 0.348206

-1.13889 0.348206
-1.13885 0.348234

-1.13885 0.348234
-1.13855 0.348508

-1.13855 0.348508
-1.13855 0.348511

-1.13855 0.348511
-1.13824 0.348781

-1.13824 0.348781
-1.13821 0.348816

-1.13821 0.348816
-1.13794 0.349055

-1.13794 0.349055
-1.13787 0.349121

-1.13787 0.349121
-1.13763 0.349328

-1.13763 0.349329
-1.13752 0.349426

-1.13753 0.349426
-1.13733 0.3496

-1.13733 0.349602
-1.13718 0.349731

-1.13718 0.349731
-1.13702 0.349873

-1.13702 0.349876
-1.13684 0.350037

-1.13684 0.350037
-1.13672 0.350147

-1.13672 0.350148
-1.1365 0.350342

-1.1365 0.350342
-1.13641 0.35042

-1.13641 0.35042
-1.13616 0.350647

-1.13616 0.350647
-1.13611 0.350693

-1.13611 0.350693
-1.13582 0.350952

-1.13582 0.350952
-1.1358 0.350965

-1.1358 0.350966
-1.1355 0.351239

-1.1355 0.351239
-1.13548 0.351257

-1.13548 0.351257
-1.13519 0.351511

-1.13519 0.351511
-1.13514 0.351562

-1.13514 0.351562
-1.13489 0.351783

-1.13489 0.351784
-1.13479 0.351868

-1.13479 0.351868
-1.13458 0.352055

-1.13458 0.352057
-1.13445 0.352173

-1.13445 0.352173
-1.13428 0.352327

-1.13428 0.352329
-1.13411 0.352478

-1.13411 0.352478
-1.13397 0.3526

-1.13397 0.352602
-1.13377 0.352783

-1.13377 0.352783
-1.13367 0.352872

-1.13367 0.352873
-1.13342 0.353088

-1.13342 0.353088
-1.13336 0.353144

-1.13336 0.353145
-1.13308 0.353394

-1.13308 0.353394
-1.13306 0.353416

-1.13306 0.353416
-1.13275 0.353688

-1.13275 0.353688
-1.13274 0.353699

-1.13274 0.353699
-1.13245 0.35396

-1.13245 0.35396
-1.1324 0.354004

-1.1324 0.354004
-1.13214 0.354232

-1.13214 0.354232
-1.13205 0.354309

-1.13205 0.354309
-1.13184 0.354503

-1.13184 0.354504
-1.13171 0.354614

-1.13171 0.354614
-1.13153 0.354773

-1.13153 0.354776
-1.13137 0.354919

-1.13137 0.354919
-1.13123 0.355045

-1.13123 0.355047
-1.13102 0.355225

-1.13102 0.355225
-1.13092 0.355317

-1.13092 0.355318
-1.13068 0.35553

-1.13068 0.35553
-1.13062 0.355588

-1.13062 0.355589
-1.13034 0.355835

-1.13034 0.355835
-1.13031 0.355859

-1.13031 0.35586
-1.13 0.356131

-1.13 0.356131
-1.12999 0.35614

-1.12999 0.35614
-1.1297 0.356402

-1.1297 0.356402
-1.12965 0.356445

-1.12965 0.356445
-1.12939 0.356672

-1.12939 0.356673
-1.12931 0.35675

-1.12931 0.35675
-1.12909 0.356943

-1.12909 0.356944
-1.12896 0.357056

-1.12896 0.357056
-1.12878 0.357213

-1.12878 0.357215
-1.12862 0.357361

-1.12862 0.357361
-1.12848 0.357484

-1.12848 0.357486
-1.12827 0.357666

-1.12827 0.357666
-1.12817 0.357754

-1.12817 0.357755
-1.12793 0.357971

-1.12793 0.357971
-1.12787 0.358025

-1.12787 0.358025
-1.12759 0.358276

-1.12758 0.358276
-1.12756 0.358295

-1.12756 0.358296
-1.12726 0.358566

-1.12726 0.358566
-1.12724 0.358582

-1.12724 0.358582
-1.12695 0.358836

-1.12695 0.358836
-1.1269 0.358887

-1.1269 0.358887
-1.12665 0.359106

-1.12665 0.359106
-1.12655 0.359192

-1.12655 0.359192
-1.12634 0.359375

-1.12634 0.359377
-1.12621 0.359497

-1.12621 0.359497
-1.12604 0.359645

-1.12604 0.359647
-1.12586 0.359802

-1.12586 0.359802
-1.12573 0.359915

-1.12573 0.359917
-1.12552 0.360107

-1.12552 0.360107
-1.12543 0.360185

-1.12543 0.360186
-1.12517 0.360413

-1.12517 0.360413
-1.12512 0.360455

-1.12512 0.360455
-1.12482 0.360718

-1.12482 0.360718
-1.12482 0.360724

-1.12482 0.360725
-1.12451 0.360994

-1.12451 0.360994
-1.12448 0.361023

-1.12448 0.361023
-1.12421 0.361263

-1.12421 0.361264
-1.12413 0.361328

-1.12413 0.361328
-1.1239 0.361532

-1.1239 0.361533
-1.12379 0.361633

-1.12379 0.361633
-1.1236 0.361801

-1.1236 0.361803
-1.12344 0.361938

-1.12344 0.361938
-1.12329 0.36207

-1.12329 0.362072
-1.12309 0.362244

-1.1231 0.362244
-1.12299 0.362339

-1.12299 0.36234
-1.12275 0.362549

-1.12275 0.362549
-1.12268 0.362608

-1.12268 0.362609
-1.1224 0.362854

-1.1224 0.362854
-1.12238 0.362877

-1.12238 0.362878
-1.12207 0.363146

-1.12207 0.363146
-1.12206 0.363159

-1.12206 0.363159
-1.12177 0.363415

-1.12177 0.363415
-1.12171 0.363464

-1.12171 0.363464
-1.12146 0.363684

-1.12146 0.363684
-1.12136 0.36377

-1.12136 0.36377
-1.12115 0.363951

-1.12115 0.363953
-1.12102 0.364075

-1.12102 0.364075
-1.12085 0.364219

-1.12085 0.364222
-1.12067 0.36438

-1.12067 0.36438
-1.12054 0.364488

-1.12054 0.364489
-1.12032 0.364685

-1.12032 0.364685
-1.12024 0.364757

-1.12024 0.364757
-1.11997 0.36499

-1.11997 0.36499
-1.11993 0.365025

-1.11993 0.365025
-1.11963 0.365293

-1.11963 0.365293
-1.11963 0.365295

-1.11963 0.365295
-1.11932 0.365561

-1.11932 0.365561
-1.11928 0.365601

-1.11928 0.365601
-1.11902 0.365829

-1.11902 0.365829
-1.11893 0.365906

-1.11893 0.365906
-1.11871 0.366096

-1.11871 0.366098
-1.11858 0.366211

-1.11858 0.366211
-1.11841 0.366363

-1.11841 0.366366
-1.11823 0.366516

-1.11824 0.366516
-1.1181 0.366631

-1.1181 0.366633
-1.11789 0.366821

-1.11789 0.366821
-1.1178 0.366899

-1.1178 0.3669
-1.11754 0.367126

-1.11754 0.367126
-1.11749 0.367167

-1.11749 0.367167
-1.11719 0.367432

-1.11719 0.367432
-1.11719 0.367434

-1.11719 0.367435
-1.11688 0.367702

-1.11688 0.367702
-1.11684 0.367737

-1.11684 0.367737
-1.11658 0.367969

-1.11658 0.367969
-1.11649 0.368042

-1.11649 0.368042
-1.11627 0.368236

-1.11627 0.368237
-1.11614 0.368347

-1.11615 0.368347
-1.11597 0.368502

-1.11597 0.368504
-1.1158 0.368652

-1.1158 0.368652
-1.11566 0.368769

-1.11566 0.368771
-1.11545 0.368958

-1.11545 0.368958
-1.11536 0.369036

-1.11536 0.369037
-1.1151 0.369263

-1.1151 0.369263
-1.11505 0.369303

-1.11505 0.369304
-1.11475 0.369568

-1.11475 0.369568
-1.11475 0.36957

-1.11475 0.36957
-1.11444 0.369837

-1.11444 0.369837
-1.1144 0.369873

-1.1144 0.369873
-1.11414 0.370103

-1.11414 0.370104
-1.11405 0.370178

-1.11405 0.370178
-1.11383 0.370369

-1.11383 0.370371
-1.1137 0.370483

-1.1137 0.370483
-1.11353 0.370635

-1.11353 0.370638
-1.11335 0.370789

-1.11335 0.370789
-1.11322 0.370901

-1.11322 0.370903
-1.113 0.371094

-1.113 0.371094
-1.11292 0.371168

-1.11292 0.371169
-1.11265 0.371399

-1.11265 0.371399
-1.11261 0.371434

-1.11261 0.371435
-1.1123 0.371701

-1.1123 0.371701
-1.1123 0.371704

-1.1123 0.371704
-1.112 0.371966

-1.112 0.371967
-1.11195 0.372009

-1.11195 0.372009
-1.11169 0.372232

-1.11169 0.372233
-1.1116 0.372314

-1.1116 0.372314
-1.11139 0.372497

-1.11139 0.372499
-1.11125 0.37262

-1.11125 0.37262
-1.11108 0.372762

-1.11108 0.372765
-1.1109 0.372925

-1.1109 0.372925
-1.11078 0.373028

-1.11078 0.37303
-1.11055 0.37323

-1.11055 0.37323
-1.11047 0.373294

-1.11047 0.373295
-1.1102 0.373535

-1.1102 0.373535
-1.11017 0.37356

-1.11017 0.37356
-1.10986 0.373825

-1.10986 0.373825
-1.10985 0.37384

-1.10985 0.37384
-1.10956 0.374091

-1.10956 0.374091
-1.10949 0.374146

-1.10949 0.374146
-1.10925 0.374356

-1.10925 0.374356
-1.10914 0.374451

-1.10914 0.374451
-1.10895 0.37462

-1.10895 0.374622
-1.10879 0.374756

-1.10879 0.374756
-1.10864 0.374885

-1.10864 0.374887
-1.10844 0.375061

-1.10844 0.375061
-1.10834 0.37515

-1.10834 0.375151
-1.10809 0.375366

-1.10809 0.375366
-1.10803 0.375415

-1.10803 0.375415
-1.10774 0.375671

-1.10774 0.375671
-1.10773 0.37568

-1.10773 0.37568
-1.10742 0.375945

-1.10742 0.375945
-1.10739 0.375977

-1.10739 0.375977
-1.10712 0.376209

-1.10712 0.376209
-1.10703 0.376282

-1.10703 0.376282
-1.10681 0.376473

-1.10681 0.376474
-1.10668 0.376587

-1.10668 0.376587
-1.10651 0.376737

-1.10651 0.37674
-1.10633 0.376892

-1.10633 0.376892
-1.1062 0.377001

-1.1062 0.377003
-1.10598 0.377197

-1.10598 0.377197
-1.1059 0.377266

-1.1059 0.377267
-1.10562 0.377502

-1.10562 0.377502
-1.10559 0.37753

-1.10559 0.377531
-1.10529 0.377795

-1.10529 0.377795
-1.10527 0.377808

-1.10527 0.377808
-1.10498 0.378059

-1.10498 0.378059
-1.10492 0.378113

-1.10492 0.378113
-1.10468 0.378322

-1.10468 0.378323
-1.10456 0.378418

-1.10457 0.378418
-1.10437 0.378585

-1.10437 0.378588
-1.10421 0.378723

-1.10421 0.378723
-1.10406 0.378849

-1.10406 0.378851
-1.10386 0.379028

-1.10386 0.379028
-1.10376 0.379113

-1.10376 0.379114
-1.10351 0.379333

-1.1035 0.379333
-1.10345 0.379377

-1.10345 0.379377
-1.10315 0.379639

-1.10315 0.379639
-1.10315 0.37964

-1.10315 0.379641
-1.10284 0.379904

-1.10284 0.379904
-1.1028 0.379944

-1.1028 0.379944
-1.10254 0.380167

-1.10254 0.380168
-1.10244 0.380249

-1.10244 0.380249
-1.10223 0.38043

-1.10223 0.380431
-1.10209 0.380554

-1.10209 0.380554
-1.10193 0.380692

-1.10193 0.380695
-1.10174 0.380859

-1.10174 0.380859
-1.10162 0.380956

-1.10162 0.380957
-1.10138 0.381165

-1.10138 0.381165
-1.10132 0.381219

-1.10132 0.38122
-1.10103 0.38147

-1.10103 0.38147
-1.10101 0.381482

-1.10101 0.381482
-1.10071 0.381745

-1.10071 0.381745
-1.10067 0.381775

-1.10067 0.381775
-1.1004 0.382008

-1.1004 0.382008
-1.10032 0.38208

-1.10032 0.38208
-1.1001 0.38227

-1.1001 0.382271
-1.09996 0.382385

-1.09997 0.382385
-1.09979 0.382532

-1.09979 0.382534
-1.09961 0.38269

-1.09961 0.38269
-1.09949 0.382795

-1.09949 0.382796
-1.09925 0.382996

-1.09925 0.382996
-1.09918 0.383057

-1.09918 0.383058
-1.0989 0.383301

-1.0989 0.383301
-1.09888 0.38332

-1.09888 0.38332
-1.09857 0.383582

-1.09857 0.383582
-1.09854 0.383606

-1.09854 0.383606
-1.09827 0.383845

-1.09827 0.383845
-1.09819 0.383911

-1.09819 0.383911
-1.09796 0.384106

-1.09796 0.384107
-1.09783 0.384216

-1.09783 0.384216
-1.09766 0.384367

-1.09766 0.38437
-1.09748 0.384521

-1.09748 0.384521
-1.09735 0.38463

-1.09735 0.384631
-1.09712 0.384827

-1.09712 0.384827
-1.09705 0.384892

-1.09705 0.384892
-1.09677 0.385132

-1.09677 0.385132
-1.09674 0.385153

-1.09674 0.385154
-1.09644 0.385416

-1.09644 0.385416
-1.09641 0.385437

-1.09641 0.385437
-1.09613 0.385677

-1.09613 0.385677
-1.09605 0.385742

-1.09605 0.385742
-1.09583 0.385939

-1.09583 0.385939
-1.0957 0.386047

-1.0957 0.386047
-1.09552 0.386199

-1.09552 0.386202
-1.09534 0.386353

-1.09534 0.386353
-1.09521 0.386461

-1.09521 0.386462
-1.09499 0.386658

-1.09499 0.386658
-1.09491 0.386722

-1.09491 0.386723
-1.09463 0.386963

-1.09463 0.386963
-1.0946 0.386983

-1.0946 0.386984
-1.0943 0.387245

-1.0943 0.387245
-1.09427 0.387268

-1.09427 0.387268
-1.09399 0.387506

-1.09399 0.387506
-1.09392 0.387573

-1.09392 0.387573
-1.09369 0.387767

-1.09369 0.387768
-1.09356 0.387878

-1.09356 0.387878
-1.09338 0.388026

-1.09338 0.388029
-1.0932 0.388184

-1.0932 0.388184
-1.09308 0.388288

-1.09308 0.388289
-1.09284 0.388489

-1.09284 0.388489
-1.09277 0.388549

-1.09277 0.388549
-1.09249 0.388794

-1.09249 0.388794
-1.09247 0.388809

-1.09247 0.38881
-1.09216 0.38907

-1.09216 0.38907
-1.09213 0.389099

-1.09213 0.389099
-1.09186 0.389331

-1.09186 0.389331
-1.09177 0.389404

-1.09177 0.389404
-1.09155 0.389591

-1.09155 0.389592
-1.09141 0.389709

-1.09142 0.389709
-1.09125 0.38985

-1.09125 0.389853
-1.09106 0.390015

-1.09106 0.390015
-1.09094 0.390111

-1.09094 0.390112
-1.0907 0.39032

-1.0907 0.39032
-1.09064 0.390371

-1.09064 0.390372
-1.09034 0.390625

-1.09034 0.390625
-1.09033 0.390632

-1.09033 0.390632
-1.09003 0.390892

-1.09003 0.390892
-1.08998 0.39093

-1.08998 0.39093
-1.08972 0.391152

-1.08972 0.391152
-1.08962 0.391235

-1.08962 0.391235
-1.08942 0.391411

-1.08942 0.391413
-1.08926 0.391541

-1.08927 0.391541
-1.08911 0.39167

-1.08911 0.391672
-1.08891 0.391846

-1.08891 0.391846
-1.08881 0.391931

-1.08881 0.391931
-1.08855 0.392151

-1.08855 0.392151
-1.0885 0.39219

-1.0885 0.392191
-1.0882 0.392451

-1.0882 0.392451
-1.08819 0.392456

-1.08819 0.392456
-1.08789 0.39271

-1.08789 0.39271
-1.08783 0.392761

-1.08783 0.392761
-1.08759 0.392969

-1.08759 0.39297
-1.08747 0.393066

-1.08747 0.393066
-1.08728 0.393228

-1.08728 0.39323
-1.08711 0.393372

-1.08711 0.393372
-1.08698 0.393487

-1.08698 0.393488
-1.08675 0.393677

-1.08675 0.393677
-1.08667 0.393747

-1.08667 0.393747
-1.08639 0.393982

-1.08639 0.393982
-1.08636 0.394006

-1.08636 0.394006
-1.08606 0.394265

-1.08606 0.394265
-1.08603 0.394287

-1.08603 0.394287
-1.08575 0.394524

-1.08575 0.394525
-1.08567 0.394592

-1.08567 0.394592
-1.08545 0.394783

-1.08545 0.394784
-1.08531 0.394897

-1.08532 0.394897
-1.08514 0.395041

-1.08514 0.395043
-1.08495 0.395203

-1.08495 0.395203
-1.08484 0.3953

-1.08484 0.395301
-1.08459 0.395508

-1.08459 0.395508
-1.08453 0.395559

-1.08453 0.395559
-1.08423 0.395813

-1.08423 0.395813
-1.08423 0.395817

-1.08423 0.395818
-1.08392 0.396077

-1.08392 0.396077
-1.08387 0.396118

-1.08387 0.396118
-1.08362 0.396335

-1.08362 0.396335
-1.08351 0.396423

-1.08351 0.396423
-1.08331 0.396593

-1.08331 0.396595
-1.08315 0.396729

-1.08315 0.396729
-1.08301 0.396851

-1.08301 0.396852
-1.08279 0.397034

-1.08279 0.397034
-1.0827 0.397109

-1.0827 0.39711
-1.08243 0.397339

-1.08243 0.397339
-1.0824 0.397367

-1.0824 0.397368
-1.08209 0.397626

-1.08209 0.397626
-1.08207 0.397644

-1.08207 0.397644
-1.08179 0.397884

-1.08179 0.397884
-1.08171 0.397949

-1.08171 0.397949
-1.08148 0.398142

-1.08148 0.398143
-1.08135 0.398254

-1.08135 0.398254
-1.08118 0.398399

-1.08118 0.398401
-1.08099 0.39856

-1.08099 0.39856
-1.08087 0.398657

-1.08087 0.398658
-1.08063 0.398865

-1.08063 0.398865
-1.08057 0.398915

-1.08057 0.398916
-1.08027 0.39917

-1.08026 0.39917
-1.08026 0.399173

-1.08026 0.399173
-1.07996 0.399431

-1.07996 0.399431
-1.0799 0.399475

-1.0799 0.399475
-1.07965 0.399688

-1.07965 0.399689
-1.07954 0.39978

-1.07954 0.39978
-1.07935 0.399945

-1.07935 0.399947
-1.07918 0.400085

-1.07918 0.400085
-1.07904 0.400202

-1.07904 0.400204
-1.07882 0.400391

-1.07882 0.400391
-1.07874 0.40046

-1.07874 0.400461
-1.07846 0.400696

-1.07846 0.400696
-1.07843 0.400717

-1.07843 0.400718
-1.07812 0.400975

-1.07812 0.400975
-1.07809 0.401001

-1.07809 0.401001
-1.07782 0.401232

-1.07782 0.401232
-1.07773 0.401306

-1.07773 0.401306
-1.07751 0.401489

-1.07751 0.40149
-1.07737 0.401611

-1.07737 0.401611
-1.07721 0.401745

-1.07721 0.401747
-1.07701 0.401917

-1.07701 0.401917
-1.0769 0.402002

-1.0769 0.402003
-1.07664 0.402222

-1.07664 0.402222
-1.0766 0.402259

-1.0766 0.40226
-1.07629 0.402517

-1.07629 0.402517
-1.07628 0.402527

-1.07628 0.402527
-1.07599 0.402773

-1.07599 0.402773
-1.07592 0.402832

-1.07592 0.402832
-1.07568 0.40303

-1.07568 0.403031
-1.07556 0.403137

-1.07556 0.403137
-1.07538 0.403285

-1.07538 0.403288
-1.07519 0.403442

-1.07519 0.403442
-1.07507 0.403542

-1.07507 0.403543
-1.07483 0.403748

-1.07483 0.403748
-1.07477 0.403799

-1.07477 0.403799
-1.07447 0.404053

-1.07447 0.404053
-1.07446 0.404055

-1.07446 0.404056
-1.07416 0.404312

-1.07416 0.404312
-1.0741 0.404358

-1.0741 0.404358
-1.07385 0.404568

-1.07385 0.404569
-1.07374 0.404663

-1.07374 0.404663
-1.07355 0.404824

-1.07355 0.404826
-1.07338 0.404968

-1.07338 0.404968
-1.07324 0.405079

-1.07324 0.405081
-1.07301 0.405273

-1.07301 0.405273
-1.07294 0.405336

-1.07294 0.405337
-1.07265 0.405579

-1.07265 0.405579
-1.07263 0.405592

-1.07263 0.405593
-1.07233 0.405848

-1.07233 0.405849
-1.07228 0.405884

-1.07228 0.405884
-1.07202 0.406104

-1.07202 0.406105
-1.07192 0.406189

-1.07192 0.406189
-1.07172 0.40636

-1.07172 0.406361
-1.07156 0.406494

-1.07156 0.406494
-1.07141 0.406615

-1.07141 0.406616
-1.07119 0.406799

-1.07119 0.406799
-1.07111 0.406871

-1.07111 0.406871
-1.07083 0.407104

-1.07083 0.407104
-1.0708 0.407126

-1.0708 0.407127
-1.0705 0.407382

-1.0705 0.407382
-1.07046 0.40741

-1.07046 0.40741
-1.07019 0.407638

-1.07019 0.407638
-1.0701 0.407715

-1.0701 0.407715
-1.06989 0.407893

-1.06989 0.407894
-1.06973 0.40802

-1.06973 0.40802
-1.06958 0.408147

-1.06958 0.408149
-1.06937 0.408325

-1.06937 0.408325
-1.06927 0.408403

-1.06927 0.408404
-1.069 0.40863

-1.069 0.40863
-1.06897 0.408658

-1.06897 0.408659
-1.06866 0.408914

-1.06866 0.408914
-1.06864 0.408936

-1.06864 0.408936
-1.06836 0.409169

-1.06836 0.409169
-1.06827 0.409241

-1.06827 0.409241
-1.06805 0.409424

-1.06805 0.409425
-1.06791 0.409546

-1.06791 0.409546
-1.06775 0.409678

-1.06775 0.40968
-1.06754 0.409851

-1.06754 0.409851
-1.06744 0.409933

-1.06744 0.409934
-1.06718 0.410156

-1.06718 0.410156
-1.06714 0.410188

-1.06714 0.410189
-1.06683 0.410443

-1.06683 0.410443
-1.06681 0.410461

-1.06681 0.410461
-1.06653 0.410698

-1.06653 0.410698
-1.06645 0.410767

-1.06645 0.410767
-1.06622 0.410952

-1.06622 0.410954
-1.06608 0.411072

-1.06608 0.411072
-1.06592 0.411206

-1.06592 0.411208
-1.06571 0.411377

-1.06571 0.411377
-1.06561 0.411461

-1.06561 0.411462
-1.06535 0.411682

-1.06535 0.411682
-1.06531 0.411715

-1.06531 0.411716
-1.065 0.41197

-1.065 0.41197
-1.06498 0.411987

-1.06498 0.411987
-1.0647 0.412224

-1.0647 0.412225
-1.06462 0.412292

-1.06462 0.412292
-1.06439 0.412479

-1.06439 0.41248
-1.06425 0.412598

-1.06425 0.412598
-1.06409 0.412731

-1.06409 0.412733
-1.06388 0.412903

-1.06388 0.412903
-1.06378 0.412986

-1.06378 0.412987
-1.06352 0.413208

-1.06352 0.413208
-1.06348 0.41324

-1.06348 0.413241
-1.06317 0.413495

-1.06317 0.413495
-1.06315 0.413513

-1.06315 0.413513
-1.06287 0.413749

-1.06287 0.413749
-1.06278 0.413818

-1.06278 0.413818
-1.06256 0.414002

-1.06256 0.414004
-1.06241 0.414124

-1.06242 0.414124
-1.06226 0.414255

-1.06226 0.414257
-1.06205 0.414429

-1.06205 0.414429
-1.06195 0.414509

-1.06195 0.41451
-1.06168 0.414734

-1.06168 0.414734
-1.06165 0.414763

-1.06165 0.414764
-1.06134 0.415017

-1.06134 0.415017
-1.06131 0.415039

-1.06131 0.415039
-1.06104 0.415271

-1.06104 0.415271
-1.06095 0.415344

-1.06095 0.415344
-1.06073 0.415524

-1.06073 0.415525
-1.06058 0.415649

-1.06058 0.415649
-1.06042 0.415776

-1.06042 0.415778
-1.06021 0.415955

-1.06021 0.415955
-1.06012 0.41603

-1.06012 0.416031
-1.05984 0.41626

-1.05984 0.41626
-1.05981 0.416283

-1.05981 0.416284
-1.05951 0.416537

-1.05951 0.416537
-1.05948 0.416565

-1.05948 0.416565
-1.0592 0.41679

-1.0592 0.416791
-1.05911 0.41687

-1.05911 0.41687
-1.0589 0.417043

-1.0589 0.417045
-1.05874 0.417175

-1.05874 0.417175
-1.05859 0.417295

-1.05859 0.417297
-1.05837 0.41748

-1.05837 0.41748
-1.05829 0.417549

-1.05829 0.41755
-1.058 0.417786

-1.058 0.417786
-1.05798 0.417802

-1.05798 0.417802
-1.05768 0.418055

-1.05768 0.418055
-1.05764 0.418091

-1.05764 0.418091
-1.05737 0.418308

-1.05737 0.418308
-1.05727 0.418396

-1.05727 0.418396
-1.05707 0.41856

-1.05707 0.418562
-1.0569 0.418701

-1.0569 0.418701
-1.05676 0.418812

-1.05676 0.418814
-1.05653 0.419006

-1.05653 0.419006
-1.05646 0.419065

-1.05646 0.419066
-1.05616 0.419312

-1.05616 0.419312
-1.05615 0.419318

-1.05615 0.419318
-1.05585 0.419571

-1.05585 0.419571
-1.05579 0.419617

-1.05579 0.419617
-1.05554 0.419823

-1.05554 0.419824
-1.05542 0.419922

-1.05542 0.419922
-1.05524 0.420075

-1.05524 0.420077
-1.05505 0.420227

-1.05505 0.420227
-1.05493 0.420327

-1.05493 0.420328
-1.05468 0.420532

-1.05468 0.420532
-1.05463 0.42058

-1.05463 0.42058
-1.05432 0.420832

-1.05432 0.420832
-1.05432 0.420837

-1.05432 0.420837
-1.05402 0.421085

-1.05402 0.421085
-1.05395 0.421143

-1.05395 0.421143
-1.05371 0.421337

-1.05371 0.421338
-1.05358 0.421448

-1.05358 0.421448
-1.05341 0.421588

-1.05341 0.421589
-1.05321 0.421753

-1.05321 0.421753
-1.0531 0.42184

-1.0531 0.421841
-1.05284 0.422058

-1.05284 0.422058
-1.0528 0.422092

-1.0528 0.422092
-1.05249 0.422344

-1.05249 0.422344
-1.05247 0.422363

-1.05247 0.422363
-1.05219 0.422596

-1.05219 0.422596
-1.0521 0.422668

-1.0521 0.422668
-1.05188 0.422848

-1.05188 0.422849
-1.05173 0.422974

-1.05173 0.422974
-1.05157 0.423098

-1.05157 0.4231
-1.05136 0.423279

-1.05136 0.423279
-1.05127 0.42335

-1.05127 0.423351
-1.05099 0.423584

-1.05099 0.423584
-1.05096 0.423602

-1.05096 0.423602
-1.05066 0.423854

-1.05066 0.423854
-1.05062 0.423889

-1.05062 0.423889
-1.05035 0.424105

-1.05035 0.424106
-1.05025 0.424194

-1.05025 0.424194
-1.05005 0.424356

-1.05005 0.424358
-1.04987 0.4245

-1.04988 0.4245
-1.04974 0.424607

-1.04974 0.424608
-1.0495 0.424805

-1.0495 0.424805
-1.04944 0.424858

-1.04944 0.424859
-1.04913 0.42511

-1.04913 0.42511
-1.04883 0.425361

-1.04883 0.425362
-1.04876 0.425415

-1.04876 0.425415
-1.04852 0.425613

-1.04852 0.425613
-1.04839 0.42572

-1.04839 0.42572
-1.04822 0.425863

-1.04822 0.425864
-1.04802 0.426025

-1.04802 0.426025
-1.04791 0.426114

-1.04791 0.426115
-1.04765 0.426331

-1.04765 0.426331
-1.04761 0.426365

-1.04761 0.426365
-1.0473 0.426616

-1.0473 0.426616
-1.04728 0.426636

-1.04728 0.426636
-1.047 0.426867

-1.047 0.426867
-1.04691 0.426941

-1.04691 0.426941
-1.04669 0.427118

-1.04669 0.427119
-1.04653 0.427246

-1.04654 0.427246
-1.04639 0.427367

-1.04639 0.427369
-1.04616 0.427551

-1.04616 0.427551
-1.04608 0.427618

-1.04608 0.427619
-1.04579 0.427856

-1.04579 0.427856
-1.04578 0.427869

-1.04578 0.42787
-1.04547 0.42812

-1.04547 0.42812
-1.04542 0.428162

-1.04542 0.428162
-1.04517 0.428371

-1.04517 0.428371
-1.04505 0.428467

-1.04505 0.428467
-1.04486 0.42862

-1.04486 0.428622
-1.04468 0.428772

-1.04468 0.428772
-1.04456 0.42887

-1.04456 0.428871
-1.0443 0.429077

-1.0443 0.429077
-1.04425 0.429121

-1.04425 0.429121
-1.04395 0.429372

-1.04395 0.429372
-1.04393 0.429382

-1.04393 0.429382
-1.04364 0.429622

-1.04364 0.429622
-1.04356 0.429688

-1.04356 0.429688
-1.04333 0.429872

-1.04333 0.429873
-1.04319 0.429993

-1.04319 0.429993
-1.04303 0.430121

-1.04303 0.430122
-1.04282 0.430298

-1.04281 0.430298
-1.04272 0.430371

-1.04272 0.430372
-1.04244 0.430603

-1.04244 0.430603
-1.04242 0.430621

-1.04242 0.430622
-1.04211 0.430872

-1.04211 0.430872
-1.04207 0.430908

-1.04207 0.430908
-1.04181 0.431122

-1.04181 0.431122
-1.0417 0.431213

-1.0417 0.431213
-1.0415 0.431371

-1.0415 0.431372
-1.04132 0.431519

-1.04132 0.431519
-1.0412 0.43162

-1.0412 0.431621
-1.04095 0.431824

-1.04095 0.431824
-1.04089 0.43187

-1.04089 0.431871
-1.04059 0.432121

-1.04059 0.432121
-1.04058 0.432129

-1.04058 0.432129
-1.04028 0.43237

-1.04028 0.43237
-1.0402 0.432434

-1.04021 0.432434
-1.03998 0.43262

-1.03998 0.432621
-1.03983 0.432739

-1.03983 0.432739
-1.03967 0.432868

-1.03967 0.43287
-1.03946 0.433044

-1.03946 0.433044
-1.03937 0.433118

-1.03937 0.433119
-1.03909 0.43335

-1.03908 0.43335
-1.03906 0.433367

-1.03906 0.433368
-1.03876 0.433617

-1.03876 0.433617
-1.03871 0.433655

-1.03871 0.433655
-1.03845 0.433867

-1.03845 0.433867
-1.03834 0.43396

-1.03834 0.43396
-1.03815 0.434115

-1.03815 0.434117
-1.03796 0.434265

-1.03796 0.434265
-1.03784 0.434364

-1.03784 0.434365
-1.03759 0.43457

-1.03759 0.43457
-1.03754 0.434613

-1.03754 0.434614
-1.03723 0.434863

-1.03723 0.434863
-1.03722 0.434875

-1.03722 0.434875
-1.03693 0.435112

-1.03693 0.435112
-1.03684 0.435181

-1.03684 0.435181
-1.03662 0.435361

-1.03662 0.435362
-1.03647 0.435486

-1.03647 0.435486
-1.03632 0.435609

-1.03632 0.43561
-1.03609 0.435791

-1.03609 0.435791
-1.03601 0.435858

-1.03601 0.435859
-1.03572 0.436096

-1.03572 0.436096
-1.03571 0.436107

-1.03571 0.436108
-1.0354 0.436356

-1.0354 0.436357
-1.03535 0.436401

-1.03535 0.436401
-1.0351 0.436605

-1.0351 0.436606
-1.03497 0.436707

-1.03497 0.436707
-1.03479 0.436853

-1.03479 0.436854
-1.0346 0.437012

-1.0346 0.437012
-1.03448 0.437101

-1.03448 0.437102
-1.03422 0.437317

-1.03422 0.437317
-1.03418 0.43735

-1.03418 0.437351
-1.03387 0.437599

-1.03387 0.437599
-1.03385 0.437622

-1.03385 0.437622
-1.03357 0.437848

-1.03357 0.437848
-1.03347 0.437927

-1.03347 0.437927
-1.03326 0.438096

-1.03326 0.438097
-1.0331 0.438232

-1.0331 0.438232
-1.03296 0.438343

-1.03296 0.438345
-1.03272 0.438538

-1.03272 0.438538
-1.03265 0.438592

-1.03265 0.438593
-1.03235 0.438841

-1.03235 0.438841
-1.03235 0.438843

-1.03235 0.438843
-1.03204 0.439089

-1.03204 0.43909
-1.03197 0.439148

-1.03197 0.439148
-1.03174 0.439338

-1.03174 0.439339
-1.0316 0.439453

-1.0316 0.439453
-1.03143 0.439585

-1.03143 0.439586
-1.03122 0.439758

-1.03122 0.439758
-1.03113 0.439833

-1.03113 0.439834
-1.03085 0.440063

-1.03084 0.440063
-1.03082 0.440081

-1.03082 0.440082
-1.03052 0.44033

-1.03052 0.44033
-1.03047 0.440369

-1.03047 0.440369
-1.03021 0.440578

-1.03021 0.440578
-1.03009 0.440674

-1.03009 0.440674
-1.02991 0.440825

-1.02991 0.440826
-1.02972 0.440979

-1.02972 0.440979
-1.0296 0.441072

-1.0296 0.441073
-1.02934 0.441284

-1.02934 0.441284
-1.0293 0.44132

-1.0293 0.441321
-1.02899 0.441569

-1.02899 0.441569
-1.02897 0.441589

-1.02897 0.441589
-1.02869 0.441816

-1.02869 0.441817
-1.02859 0.441895

-1.02859 0.441895
-1.02838 0.442064

-1.02838 0.442065
-1.02821 0.4422

-1.02821 0.4422
-1.02808 0.44231

-1.02808 0.442312
-1.02784 0.442505

-1.02784 0.442505
-1.02777 0.442558

-1.02777 0.442559
-1.02747 0.442807

-1.02747 0.442807
-1.02746 0.44281

-1.02746 0.44281
-1.02716 0.443054

-1.02716 0.443054
-1.02708 0.443115

-1.02709 0.443115
-1.02686 0.443301

-1.02686 0.443303
-1.02671 0.44342

-1.02671 0.44342
-1.02655 0.443548

-1.02655 0.443549
-1.02633 0.443726

-1.02633 0.443726
-1.02625 0.443795

-1.02625 0.443796
-1.02596 0.444031

-1.02595 0.444031
-1.02594 0.444043

-1.02594 0.444043
-1.02563 0.444291

-1.02563 0.444291
-1.02558 0.444336

-1.02558 0.444336
-1.02533 0.444538

-1.02533 0.444539
-1.0252 0.444641

-1.0252 0.444641
-1.02502 0.444784

-1.02502 0.444785
-1.02482 0.444946

-1.02483 0.444946
-1.02472 0.445031

-1.02472 0.445032
-1.02445 0.445251

-1.02445 0.445251
-1.02441 0.445278

-1.02441 0.445279
-1.02411 0.445526

-1.02411 0.445526
-1.02407 0.445557

-1.02407 0.445557
-1.0238 0.445773

-1.0238 0.445773
-1.02369 0.445862

-1.02369 0.445862
-1.0235 0.446019

-1.0235 0.44602
-1.02332 0.446167

-1.02332 0.446167
-1.02319 0.446265

-1.02319 0.446267
-1.02294 0.446472

-1.02294 0.446472
-1.02289 0.446512

-1.02289 0.446513
-1.02258 0.44676

-1.02258 0.44676
-1.02256 0.446777

-1.02256 0.446777
-1.02228 0.447007

-1.02228 0.447007
-1.02218 0.447083

-1.02218 0.447083
-1.02197 0.447253

-1.02197 0.447254
-1.02181 0.447388

-1.02181 0.447388
-1.02167 0.447499

-1.02167 0.4475
-1.02143 0.447693

-1.02143 0.447693
-1.02136 0.447746

-1.02136 0.447746
-1.02106 0.447993

-1.02106 0.447993
-1.02105 0.447998

-1.02105 0.447998
-1.02075 0.448239

-1.02075 0.44824
-1.02067 0.448303

-1.02067 0.448303
-1.02045 0.448486

-1.02045 0.448487
-1.02029 0.448608

-1.0203 0.448608
-1.02014 0.448731

-1.02014 0.448732
-1.01992 0.448914

-1.01992 0.448914
-1.01984 0.448978

-1.01984 0.448979
-1.01954 0.449219

-1.01954 0.449219
-1.01953 0.449224

-1.01953 0.449225
-1.01923 0.449471

-1.01923 0.449471
-1.01916 0.449524

-1.01916 0.449524
-1.01892 0.449717

-1.01892 0.449718
-1.01878 0.449829

-1.01878 0.449829
-1.01862 0.449963

-1.01862 0.449964
-1.0184 0.450134

-1.0184 0.450134
-1.01831 0.450209

-1.01831 0.45021
-1.01803 0.450439

-1.01802 0.450439
-1.01801 0.450455

-1.01801 0.450456
-1.0177 0.450702

-1.0177 0.450702
-1.01765 0.450745

-1.01765 0.450745
-1.0174 0.450948

-1.0174 0.450948
-1.01727 0.45105

-1.01727 0.45105
-1.01709 0.451193

-1.01709 0.451194
-1.01689 0.451355

-1.01689 0.451355
-1.01678 0.451438

-1.01678 0.451439
-1.01651 0.45166

-1.01651 0.45166
-1.01648 0.451684

-1.01648 0.451685
-1.01617 0.451931

-1.01617 0.451931
-1.01613 0.451965

-1.01613 0.451965
-1.01587 0.452177

-1.01587 0.452177
-1.01575 0.452271

-1.01575 0.452271
-1.01556 0.452422

-1.01556 0.452423
-1.01537 0.452576

-1.01537 0.452576
-1.01526 0.452667

-1.01526 0.452668
-1.01499 0.452881

-1.01499 0.452881
-1.01495 0.452913

-1.01495 0.452914
-1.01465 0.453159

-1.01465 0.453159
-1.01461 0.453186

-1.01462 0.453186
-1.01434 0.453405

-1.01434 0.453405
-1.01424 0.453491

-1.01424 0.453491
-1.01404 0.45365

-1.01404 0.453651
-1.01386 0.453796

-1.01386 0.453796
-1.01373 0.453894

-1.01373 0.453896
-1.01348 0.454102

-1.01348 0.454102
-1.01343 0.45414

-1.01343 0.454141
-1.01312 0.454386

-1.01312 0.454386
-1.0131 0.454407

-1.0131 0.454407
-1.01282 0.454632

-1.01282 0.454632
-1.01272 0.454712

-1.01272 0.454712
-1.01251 0.454877

-1.01251 0.454878
-1.01234 0.455017

-1.01234 0.455017
-1.01221 0.455121

-1.01221 0.455122
-1.01196 0.455322

-1.01196 0.455322
-1.0119 0.455366

-1.0119 0.455367
-1.0116 0.455612

-1.0116 0.455612
-1.01158 0.455627

-1.01158 0.455627
-1.01129 0.455857

-1.01129 0.455858
-1.0112 0.455933

-1.0112 0.455933
-1.01099 0.456102

-1.01099 0.456103
-1.01082 0.456238

-1.01082 0.456238
-1.01068 0.456346

-1.01068 0.456348
-1.01044 0.456543

-1.01044 0.456543
-1.01038 0.456592

-1.01038 0.456592
-1.01007 0.456837

-1.01007 0.456837
-1.01006 0.456848

-1.01006 0.456848
-1.00977 0.457082

-1.00977 0.457082
-1.00968 0.457153

-1.00968 0.457153
-1.00946 0.457327

-1.00946 0.457328
-1.0093 0.457458

-1.0093 0.457458
-1.00916 0.45757

-1.00916 0.457572
-1.00892 0.457764

-1.00892 0.457764
-1.00885 0.457816

-1.00885 0.457816
-1.00854 0.458061

-1.00854 0.458061
-1.00854 0.458069

-1.00854 0.458069
-1.00824 0.458306

-1.00824 0.458306
-1.00815 0.458374

-1.00815 0.458374
-1.00793 0.45855

-1.00793 0.458551
-1.00777 0.458679

-1.00777 0.458679
-1.00763 0.458793

-1.00763 0.458795
-1.00739 0.458984

-1.00739 0.458984
-1.00732 0.459038

-1.00732 0.459039
-1.00702 0.459284

-1.00702 0.459284
-1.00701 0.45929

-1.00701 0.45929
-1.00671 0.459528

-1.00671 0.459528
-1.00663 0.459595

-1.00663 0.459595
-1.00641 0.459772

-1.00641 0.459773
-1.00625 0.4599

-1.00625 0.4599
-1.0061 0.460016

-1.0061 0.460017
-1.00587 0.460205

-1.00587 0.460205
-1.0058 0.46026

-1.0058 0.460261
-1.00549 0.460505

-1.00549 0.460505
-1.00549 0.46051

-1.00549 0.46051
-1.00519 0.46075

-1.00519 0.46075
-1.00511 0.460815

-1.00511 0.460815
-1.00488 0.460994

-1.00488 0.460995
-1.00472 0.461121

-1.00473 0.461121
-1.00458 0.461237

-1.00458 0.461238
-1.00434 0.461426

-1.00434 0.461426
-1.00427 0.461481

-1.00427 0.461482
-1.00397 0.461726

-1.00397 0.461726
-1.00396 0.461731

-1.00396 0.461731
-1.00366 0.46197

-1.00366 0.46197
-1.00358 0.462036

-1.00358 0.462036
-1.00336 0.462214

-1.00336 0.462215
-1.0032 0.462341

-1.0032 0.462341
-1.00305 0.462456

-1.00305 0.462458
-1.00282 0.462646

-1.00282 0.462646
-1.00275 0.462701

-1.00275 0.462702
-1.00244 0.462945

-1.00244 0.462945
-1.00243 0.462952

-1.00243 0.462952
-1.00214 0.463189

-1.00214 0.46319
-1.00205 0.463257

-1.00205 0.463257
-1.00183 0.463433

-1.00183 0.463434
-1.00167 0.463562

-1.00167 0.463562
-1.00153 0.463675

-1.00153 0.463677
-1.00129 0.463867

-1.00129 0.463867
-1.00122 0.463919

-1.00122 0.46392
-1.00092 0.464164

-1.00092 0.464164
-1.0009 0.464172

-1.0009 0.464172
-1.00061 0.464407

-1.00061 0.464408
-1.00052 0.464478

-1.00052 0.464478
-1.00031 0.464651

-1.00031 0.464652
-1.00014 0.464783

-1.00014 0.464783
-1.0 0.464893

-1.0 0.464895
-0.999758 0.465088

-0.999757 0.465088
-0.999695 0.465137

-0.999695 0.465138
-0.99939 0.465381

-0.99939 0.465381
-0.999375 0.465393

-0.999375 0.465393
-0.999084 0.465625

-0.999084 0.465625
-0.998992 0.465698

-0.998992 0.465698
-0.998779 0.465868

-0.998779 0.465869
-0.998609 0.466003

-0.99861 0.466003
-0.998474 0.46611

-0.998474 0.466111
-0.998227 0.466309

-0.998226 0.466309
-0.998169 0.466354

-0.998169 0.466355
-0.997864 0.466598

-0.997864 0.466598
-0.997844 0.466614

-0.997844 0.466614
-0.997559 0.466841

-0.997559 0.466841
-0.99746 0.466919

-0.997461 0.466919
-0.997253 0.467084

-0.997253 0.467085
-0.997077 0.467224

-0.997078 0.467224
-0.996948 0.467326

-0.996948 0.467327
-0.996695 0.467529

-0.996694 0.467529
-0.996643 0.467569

-0.996643 0.46757
-0.996338 0.467813

-0.996338 0.467813
-0.996311 0.467834

-0.996311 0.467834
-0.996033 0.468056

-0.996033 0.468057
-0.995927 0.46814

-0.995928 0.46814
-0.995728 0.468299

-0.995728 0.4683
-0.995544 0.468445

-0.995545 0.468445
-0.995422 0.468541

-0.995422 0.468542
-0.995161 0.46875

-0.99516 0.46875
-0.995117 0.468784

-0.995117 0.468785
-0.994812 0.469028

-0.994812 0.469028
-0.994777 0.469055

-0.994777 0.469055
-0.994507 0.46927

-0.994507 0.469271
-0.994393 0.46936

-0.994394 0.46936
-0.994202 0.469513

-0.994202 0.469514
-0.99401 0.469666

-0.994011 0.469666
-0.993896 0.469755

-0.993896 0.469756
-0.993626 0.469971

-0.993626 0.469971
-0.993591 0.469998

-0.993591 0.469999
-0.993286 0.470241

-0.993286 0.470241
-0.993242 0.470276

-0.993243 0.470276
-0.992981 0.470484

-0.992981 0.470485
-0.992858 0.470581

-0.992859 0.470581
-0.992676 0.470726

-0.992676 0.470727
-0.992475 0.470886

-0.992475 0.470886
-0.992371 0.470968

-0.992371 0.470969
-0.992091 0.471191

-0.99209 0.471191
-0.992065 0.471211

-0.992065 0.471211
-0.99176 0.471454

-0.99176 0.471454
-0.991706 0.471497

-0.991706 0.471497
-0.991455 0.471696

-0.991455 0.471697
-0.991321 0.471802

-0.991323 0.471802
-0.99115 0.471938

-0.99115 0.471939
-0.990938 0.472107

-0.990938 0.472107
-0.990845 0.47218

-0.990845 0.472181
-0.990553 0.472412

-0.990553 0.472412
-0.99054 0.472422

-0.99054 0.472423
-0.990234 0.472665

-0.990234 0.472666
-0.990169 0.472717

-0.990169 0.472717
-0.989929 0.472908

-0.989929 0.472909
-0.989783 0.473022

-0.989785 0.473022
-0.989624 0.473149

-0.989624 0.47315
-0.9894 0.473328

-0.989399 0.473328
-0.989319 0.473391

-0.989319 0.473392
-0.989015 0.473633

-0.989014 0.473633
-0.989014 0.473633

-0.989014 0.473634
-0.988708 0.473876

-0.988708 0.473876
-0.98863 0.473938

-0.98863 0.473938
-0.988403 0.474118

-0.988403 0.474119
-0.988245 0.474243

-0.988246 0.474243
-0.988098 0.474359

-0.988098 0.47436
-0.987861 0.474548

-0.98786 0.474548
-0.987793 0.474601

-0.987793 0.474602
-0.987488 0.474844

-0.987488 0.474844
-0.987476 0.474854

-0.987476 0.474854
-0.987183 0.475086

-0.987183 0.475086
-0.98709 0.475159

-0.987091 0.475159
-0.986877 0.475327

-0.986877 0.475328
-0.986705 0.475464

-0.986706 0.475464
-0.986572 0.475568

-0.986572 0.475569
-0.98632 0.475769

-0.98632 0.475769
-0.986267 0.47581

-0.986267 0.475811
-0.985962 0.476053

-0.985962 0.476053
-0.985935 0.476074

-0.985935 0.476074
-0.985657 0.476294

-0.985657 0.476295
-0.985549 0.476379

-0.98555 0.476379
-0.985352 0.476536

-0.985352 0.476537
-0.985164 0.476685

-0.985165 0.476685
-0.985046 0.476777

-0.985046 0.476778
-0.984779 0.47699

-0.984778 0.47699
-0.984741 0.477019

-0.984741 0.477019
-0.984436 0.477261

-0.984436 0.477261
-0.984393 0.477295

-0.984393 0.477295
-0.984131 0.477502

-0.984131 0.477503
-0.984006 0.4776

-0.984008 0.4776
-0.983826 0.477743

-0.983826 0.477744
-0.983622 0.477905

-0.983622 0.477905
-0.983521 0.477984

-0.983521 0.477985
-0.983236 0.47821

-0.983235 0.47821
-0.983215 0.478226

-0.983215 0.478227
-0.98291 0.478468

-0.98291 0.478468
-0.98285 0.478516

-0.98285 0.478516
-0.982605 0.478709

-0.982605 0.47871
-0.982463 0.478821

-0.982465 0.478821
-0.9823 0.47895

-0.9823 0.478951
-0.982078 0.479126

-0.982078 0.479126
-0.981995 0.479191

-0.981995 0.479192
-0.981692 0.479431

-0.981691 0.479431
-0.981689 0.479433

-0.981689 0.479433
-0.981384 0.479674

-0.981384 0.479675
-0.981305 0.479736

-0.981306 0.479736
-0.981079 0.479915

-0.981079 0.479916
-0.980919 0.480042

-0.980921 0.480042
-0.980774 0.480155

-0.980774 0.480157
-0.980533 0.480347

-0.980533 0.480347
-0.980469 0.480397

-0.980469 0.480398
-0.980164 0.480639

-0.980164 0.480639
-0.980147 0.480652

-0.980147 0.480652
-0.979858 0.48088

-0.979858 0.48088
-0.97976 0.480957

-0.979761 0.480957
-0.979553 0.481121

-0.979553 0.481121
-0.979374 0.481262

-0.979375 0.481262
-0.979248 0.48136

-0.979248 0.481362
-0.978988 0.481567

-0.978987 0.481567
-0.978943 0.481602

-0.978943 0.481603
-0.978638 0.481843

-0.978638 0.481843
-0.978601 0.481873

-0.978601 0.481873
-0.978333 0.482084

-0.978333 0.482085
-0.978213 0.482178

-0.978214 0.482178
-0.978027 0.482325

-0.978027 0.482325
-0.977827 0.482483

-0.977827 0.482483
-0.977722 0.482565

-0.977722 0.482566
-0.97744 0.482788

-0.97744 0.482788
-0.977417 0.482806

-0.977417 0.482807
-0.977112 0.483047

-0.977112 0.483047
-0.977053 0.483093

-0.977053 0.483093
-0.976807 0.483288

-0.976807 0.483289
-0.976665 0.483398

-0.976667 0.483398
-0.976501 0.483528

-0.976501 0.483529
-0.97628 0.483704

-0.976279 0.483704
-0.976196 0.483768

-0.976196 0.483769
-0.975892 0.484009

-0.975892 0.484009
-0.975891 0.484009

-0.975891 0.48401
-0.975586 0.48425

-0.975586 0.484251
-0.975505 0.484314

-0.975505 0.484314
-0.975281 0.484491

-0.975281 0.484491
-0.975117 0.484619

-0.975119 0.484619
-0.974976 0.48473

-0.974976 0.484731
-0.974731 0.484924

-0.97473 0.484924
-0.97467 0.484971

-0.97467 0.484972
-0.974365 0.485212

-0.974365 0.485212
-0.974343 0.485229

-0.974343 0.485229
-0.97406 0.485452

-0.97406 0.485453
-0.973955 0.485535

-0.973956 0.485535
-0.973755 0.485693

-0.973755 0.485693
-0.973568 0.48584

-0.973569 0.48584
-0.97345 0.485932

-0.97345 0.485933
-0.97318 0.486145

-0.97318 0.486145
-0.973145 0.486172

-0.973145 0.486173
-0.972839 0.486413

-0.972839 0.486414
-0.972792 0.48645

-0.972793 0.48645
-0.972534 0.486654

-0.972534 0.486654
-0.972404 0.486755

-0.972405 0.486755
-0.972229 0.486893

-0.972229 0.486894
-0.972017 0.487061

-0.972017 0.487061
-0.971924 0.487133

-0.971924 0.487134
-0.971629 0.487366

-0.971628 0.487366
-0.971619 0.487373

-0.971619 0.487374
-0.971313 0.487614

-0.971313 0.487614
-0.971241 0.487671

-0.971241 0.487671
-0.971008 0.487854

-0.971008 0.487855
-0.970852 0.487976

-0.970854 0.487976
-0.970703 0.488093

-0.970703 0.488094
-0.970465 0.488281

-0.970465 0.488281
-0.970398 0.488333

-0.970398 0.488334
-0.970093 0.488574

-0.970093 0.488574
-0.970077 0.488586

-0.970077 0.488586
-0.969788 0.488814

-0.969788 0.488814
-0.969688 0.488892

-0.969689 0.488892
-0.969482 0.489054

-0.969482 0.489054
-0.9693 0.489197

-0.969301 0.489197
-0.969177 0.489292

-0.969177 0.489293
-0.968912 0.489502

-0.968911 0.489502
-0.968872 0.489532

-0.968872 0.489533
-0.968567 0.489773

-0.968567 0.489773
-0.968523 0.489807

-0.968523 0.489807
-0.968262 0.490013

-0.968262 0.490014
-0.968134 0.490112

-0.968135 0.490112
-0.967957 0.490252

-0.967957 0.490253
-0.967746 0.490417

-0.967746 0.490417
-0.967651 0.490491

-0.967651 0.490492
-0.967358 0.490723

-0.967357 0.490723
-0.967346 0.490731

-0.967346 0.490732
-0.967041 0.490971

-0.967041 0.490971
-0.966968 0.491028

-0.966969 0.491028
-0.966736 0.491211

-0.966736 0.491211
-0.966579 0.491333

-0.966581 0.491333
-0.966431 0.491449

-0.966431 0.49145
-0.966191 0.491638

-0.966191 0.491638
-0.966125 0.491689

-0.966125 0.49169
-0.96582 0.491929

-0.96582 0.491929
-0.965802 0.491943

-0.965802 0.491943
-0.965515 0.492169

-0.965515 0.492169
-0.965412 0.492249

-0.965413 0.492249
-0.96521 0.492408

-0.96521 0.492408
-0.965024 0.492554

-0.965025 0.492554
-0.964905 0.492646

-0.964905 0.492647
-0.964635 0.492859

-0.964634 0.492859
-0.9646 0.492886

-0.9646 0.492887
-0.964294 0.493126

-0.964294 0.493126
-0.964246 0.493164

-0.964246 0.493164
-0.963989 0.493365

-0.963989 0.493366
-0.963855 0.493469

-0.963857 0.493469
-0.963684 0.493604

-0.963684 0.493605
-0.963467 0.493774

-0.963467 0.493774
-0.963379 0.493843

-0.963379 0.493844
-0.963078 0.49408

-0.963077 0.49408
-0.963074 0.494082

-0.963074 0.494083
-0.962769 0.494322

-0.962769 0.494322
-0.962688 0.494385

-0.962688 0.494385
-0.962463 0.494561

-0.962463 0.494562
-0.962298 0.49469

-0.9623 0.49469
-0.962158 0.494799

-0.962158 0.4948
-0.961909 0.494995

-0.961909 0.494995
-0.961853 0.495038

-0.961853 0.495039
-0.961548 0.495278

-0.961548 0.495278
-0.961519 0.4953

-0.96152 0.4953
-0.961243 0.495517

-0.961243 0.495518
-0.961129 0.495605

-0.96113 0.495605
-0.960938 0.495756

-0.960938 0.495756
-0.96074 0.495911

-0.96074 0.495911
-0.960632 0.495994

-0.960632 0.495995
-0.96035 0.496216

-0.960349 0.496216
-0.960327 0.496233

-0.960327 0.496234
-0.960022 0.496473

-0.960022 0.496473
-0.95996 0.496521

-0.95996 0.496521
-0.959717 0.496711

-0.959717 0.496712
-0.959569 0.496826

-0.959571 0.496826
-0.959412 0.49695

-0.959412 0.49695
-0.95918 0.497131

-0.95918 0.497131
-0.959106 0.497188

-0.959106 0.497189
-0.958801 0.497428

-0.958801 0.497428
-0.95879 0.497437

-0.95879 0.497437
-0.958496 0.497666

-0.958496 0.497667
-0.958399 0.497742

-0.9584 0.497742
-0.958191 0.497905

-0.958191 0.497905
-0.958009 0.498047

-0.95801 0.498047
-0.957886 0.498142

-0.957886 0.498144
-0.957619 0.498352

-0.957619 0.498352
-0.957581 0.498382

-0.957581 0.498382
-0.957275 0.498621

-0.957275 0.498621
-0.957229 0.498657

-0.957229 0.498657
-0.95697 0.498859

-0.95697 0.49886
-0.956837 0.498962

-0.956839 0.498962
-0.956665 0.499097

-0.956665 0.499098
-0.956448 0.499268

-0.956448 0.499268
-0.95636 0.499335

-0.95636 0.499336
-0.956057 0.499573

-0.956057 0.499573
-0.956055 0.499574

-0.956055 0.499575
-0.95575 0.499813

-0.95575 0.499813
-0.955666 0.499878

-0.955667 0.499878
-0.955444 0.500052

-0.955444 0.500052
-0.955275 0.500183

-0.955277 0.500183
-0.955139 0.500289

-0.955139 0.50029
-0.954885 0.500488

-0.954884 0.500488
-0.954834 0.500527

-0.954834 0.500528
-0.954529 0.500766

-0.954529 0.500766
-0.954494 0.500793

-0.954494 0.500793
-0.954224 0.501005

-0.954224 0.501005
-0.954102 0.501099

-0.954104 0.501099
-0.953918 0.501243

-0.953918 0.501243
-0.953712 0.501404

-0.953712 0.501404
-0.953613 0.50148

-0.953613 0.501481
-0.953321 0.501709

-0.95332 0.501709
-0.953308 0.501719

-0.953308 0.501719
-0.953003 0.501957

-0.953003 0.501958
-0.95293 0.502014

-0.95293 0.502014
-0.952698 0.502195

-0.952698 0.502196
-0.952538 0.502319

-0.95254 0.502319
-0.952393 0.502433

-0.952393 0.502434
-0.952148 0.502625

-0.952147 0.502625
-0.952087 0.502671

-0.952087 0.502671
-0.951782 0.502909

-0.951782 0.50291
-0.951756 0.50293

-0.951756 0.50293
-0.951477 0.503147

-0.951477 0.503148
-0.951364 0.503235

-0.951365 0.503235
-0.951172 0.503385

-0.951172 0.503386
-0.950974 0.50354

-0.950974 0.50354
-0.950867 0.503622

-0.950867 0.503623
-0.950582 0.503845

-0.950581 0.503845
-0.950562 0.50386

-0.950562 0.503861
-0.950256 0.504099

-0.950256 0.504099
-0.95019 0.50415

-0.95019 0.50415
-0.949951 0.504337

-0.949951 0.504337
-0.949798 0.504456

-0.949799 0.504456
-0.949646 0.504574

-0.949646 0.504575
-0.949407 0.504761

-0.949407 0.504761
-0.949341 0.504811

-0.949341 0.504812
-0.949036 0.50505

-0.949036 0.50505
-0.949015 0.505066

-0.949015 0.505066
-0.94873 0.505288

-0.94873 0.505288
-0.948622 0.505371

-0.948623 0.505371
-0.948425 0.505525

-0.948425 0.505526
-0.948231 0.505676

-0.948232 0.505676
-0.94812 0.505762

-0.94812 0.505763
-0.947839 0.505981

-0.947839 0.505981
-0.947815 0.506

-0.947815 0.506
-0.94751 0.506238

-0.94751 0.506238
-0.947447 0.506287

-0.947447 0.506287
-0.947205 0.506476

-0.947205 0.506476
-0.947054 0.506592

-0.947056 0.506592
-0.946899 0.506712

-0.946899 0.506713
-0.946663 0.506897

-0.946663 0.506897
-0.946594 0.50695

-0.946594 0.506951
-0.946289 0.507188

-0.946289 0.507188
-0.946271 0.507202

-0.946271 0.507202
-0.945984 0.507425

-0.945984 0.507426
-0.945878 0.507507

-0.945879 0.507507
-0.945679 0.507663

-0.945679 0.507663
-0.945486 0.507812

-0.945487 0.507812
-0.945374 0.507899

-0.945374 0.5079
-0.945094 0.508118

-0.945093 0.508118
-0.945068 0.508137

-0.945068 0.508137
-0.944763 0.508375

-0.944763 0.508375
-0.944701 0.508423

-0.944701 0.508423
-0.944458 0.508612

-0.944458 0.508613
-0.944308 0.508728

-0.944309 0.508728
-0.944153 0.508848

-0.944153 0.508849
-0.943916 0.509033

-0.943916 0.509033
-0.943848 0.509085

-0.943848 0.509086
-0.943542 0.509323

-0.943542 0.509324
-0.943523 0.509338

-0.943523 0.509338
-0.943237 0.509561

-0.943237 0.509561
-0.94313 0.509644

-0.943131 0.509644
-0.942932 0.509798

-0.942932 0.509798
-0.942738 0.509949

-0.942738 0.509949
-0.942627 0.510034

-0.942627 0.510035
-0.942345 0.510254

-0.942344 0.510254
-0.942322 0.510271

-0.942322 0.510272
-0.942017 0.510509

-0.942017 0.510509
-0.941951 0.510559

-0.941952 0.510559
-0.941711 0.510746

-0.941711 0.510746
-0.941558 0.510864

-0.94156 0.510864
-0.941406 0.510982

-0.941406 0.510983
-0.941166 0.511169

-0.941165 0.511169
-0.941101 0.511219

-0.941101 0.51122
-0.940796 0.511457

-0.940796 0.511457
-0.940773 0.511475

-0.940773 0.511475
-0.940491 0.511693

-0.940491 0.511694
-0.940378 0.51178

-0.94038 0.51178
-0.940186 0.51193

-0.940186 0.51193
-0.939986 0.512085

-0.939986 0.512085
-0.93988 0.512166

-0.93988 0.512167
-0.939593 0.51239

-0.939592 0.51239
-0.939575 0.512403

-0.939575 0.512404
-0.93927 0.51264

-0.93927 0.512641
-0.939199 0.512695

-0.939199 0.512695
-0.938965 0.512877

-0.938965 0.512878
-0.938805 0.513

-0.938807 0.513
-0.93866 0.513113

-0.93866 0.513114
-0.938412 0.513306

-0.938412 0.513306
-0.938354 0.51335

-0.938354 0.51335
-0.938049 0.513587

-0.938049 0.513587
-0.938019 0.513611

-0.938019 0.513611
-0.937744 0.513824

-0.937744 0.513824
-0.937624 0.513916

-0.937625 0.513916
-0.937439 0.51406

-0.937439 0.51406
-0.937232 0.514221

-0.937232 0.514221
-0.937134 0.514296

-0.937134 0.514297
-0.936838 0.514526

-0.936837 0.514526
-0.936829 0.514533

-0.936829 0.514533
-0.936523 0.51477

-0.936523 0.51477
-0.936443 0.514832

-0.936444 0.514832
-0.936218 0.515006

-0.936218 0.515007
-0.936049 0.515137

-0.936051 0.515137
-0.935913 0.515242

-0.935913 0.515243
-0.935656 0.515442

-0.935655 0.515442
-0.935608 0.515478

-0.935608 0.515479
-0.935303 0.515715

-0.935303 0.515715
-0.935262 0.515747

-0.935262 0.515747
-0.934998 0.515952

-0.934998 0.515953
-0.934866 0.516052

-0.934868 0.516052
-0.934692 0.516188

-0.934692 0.516188
-0.934474 0.516357

-0.934473 0.516357
-0.934387 0.516423

-0.934387 0.516424
-0.934082 0.51666

-0.934082 0.51666
-0.934079 0.516663

-0.934079 0.516663
-0.933777 0.516897

-0.933777 0.516897
-0.933684 0.516968

-0.933685 0.516968
-0.933472 0.517133

-0.933472 0.517133
-0.93329 0.517273

-0.933292 0.517273
-0.933167 0.517368

-0.933167 0.517369
-0.932896 0.517578

-0.932895 0.517578
-0.932861 0.517604

-0.932861 0.517605
-0.932556 0.517841

-0.932556 0.517841
-0.932501 0.517883

-0.932502 0.517883
-0.932251 0.518077

-0.932251 0.518078
-0.932106 0.518188

-0.932108 0.518188
-0.931946 0.518313

-0.931946 0.518313
-0.931713 0.518494

-0.931712 0.518494
-0.931641 0.518548

-0.931641 0.518549
-0.931335 0.518785

-0.931335 0.518785
-0.931318 0.518799

-0.931318 0.518799
-0.93103 0.519021

-0.93103 0.519022
-0.930922 0.519104

-0.930923 0.519104
-0.930725 0.519257

-0.930725 0.519257
-0.930528 0.519409

-0.930529 0.519409
-0.93042 0.519492

-0.93042 0.519493
-0.930133 0.519714

-0.930133 0.519714
-0.930115 0.519728

-0.930115 0.519729
-0.92981 0.519965

-0.92981 0.519965
-0.929738 0.52002

-0.929739 0.52002
-0.929504 0.5202

-0.929504 0.520201
-0.929343 0.520325

-0.929344 0.520325
-0.929199 0.520435

-0.929199 0.520436
-0.928949 0.52063

-0.928948 0.52063
-0.928894 0.520671

-0.928894 0.520672
-0.928589 0.520908

-0.928589 0.520908
-0.928553 0.520935

-0.928553 0.520935
-0.928284 0.521143

-0.928284 0.521144
-0.928157 0.52124

-0.928159 0.52124
-0.927979 0.521379

-0.927979 0.521379
-0.927763 0.521545

-0.927763 0.521545
-0.927673 0.521614

-0.927673 0.521615
-0.927368 0.52185

-0.927368 0.521851
-0.927063 0.522086

-0.927063 0.522086
-0.926972 0.522156

-0.926972 0.522156
-0.926758 0.522321

-0.926758 0.522322
-0.926577 0.522461

-0.926578 0.522461
-0.926453 0.522556

-0.926453 0.522557
-0.926182 0.522766

-0.926181 0.522766
-0.926147 0.522792

-0.926147 0.522792
-0.925842 0.523028

-0.925842 0.523028
-0.925786 0.523071

-0.925786 0.523071
-0.925537 0.523263

-0.925537 0.523264
-0.925389 0.523376

-0.925391 0.523376
-0.925232 0.523498

-0.925232 0.523499
-0.924995 0.523682

-0.924994 0.523682
-0.924927 0.523733

-0.924927 0.523734
-0.924622 0.523969

-0.924622 0.523969
-0.924599 0.523987

-0.924599 0.523987
-0.924316 0.524205

-0.924316 0.524205
-0.924202 0.524292

-0.924203 0.524292
-0.924011 0.52444

-0.924011 0.52444
-0.923808 0.524597

-0.923808 0.524597
-0.923706 0.524674

-0.923706 0.524675
-0.923411 0.524902

-0.923411 0.524902
-0.923401 0.52491

-0.923401 0.524911
-0.923096 0.525146

-0.923096 0.525146
-0.923015 0.525208

-0.923016 0.525208
-0.922791 0.525381

-0.922791 0.525381
-0.922619 0.525513

-0.92262 0.525513
-0.922485 0.525615

-0.922485 0.525616
-0.922224 0.525818

-0.922223 0.525818
-0.92218 0.52585

-0.92218 0.525851
-0.921875 0.526086

-0.921875 0.526086
-0.921827 0.526123

-0.921827 0.526123
-0.92157 0.526321

-0.92157 0.526322
-0.92143 0.526428

-0.921432 0.526428
-0.921265 0.526556

-0.921265 0.526557
-0.921035 0.526733

-0.921035 0.526733
-0.920959 0.526791

-0.920959 0.526791
-0.920654 0.527026

-0.920654 0.527026
-0.920638 0.527039

-0.920639 0.527039
-0.920349 0.527261

-0.920349 0.527262
-0.920241 0.527344

-0.920242 0.527344
-0.920044 0.527496

-0.920044 0.527497
-0.919846 0.527649

-0.919846 0.527649
-0.919739 0.52773

-0.919739 0.527731
-0.919449 0.527954

-0.919449 0.527954
-0.919434 0.527966

-0.919434 0.527966
-0.919128 0.528201

-0.919128 0.528201
-0.919052 0.528259

-0.919053 0.528259
-0.918823 0.528436

-0.918823 0.528436
-0.918656 0.528564

-0.918657 0.528564
-0.918518 0.52867

-0.918518 0.528671
-0.91826 0.52887

-0.918259 0.52887
-0.918213 0.528905

-0.918213 0.528905
-0.917908 0.52914

-0.917908 0.52914
-0.917862 0.529175

-0.917863 0.529175
-0.917603 0.529375

-0.917603 0.529376
-0.917465 0.52948

-0.917466 0.52948
-0.917297 0.529609

-0.917297 0.52961
-0.917069 0.529785

-0.917069 0.529785
-0.916992 0.529843

-0.916992 0.529844
-0.916687 0.530079

-0.916687 0.530079
-0.916672 0.53009

-0.916672 0.53009
-0.916382 0.530314

-0.916382 0.530314
-0.916274 0.530396

-0.916275 0.530396
-0.916077 0.530548

-0.916077 0.530548
-0.915878 0.530701

-0.915879 0.530701
-0.915771 0.530782

-0.915771 0.530783
-0.915481 0.531006

-0.91548 0.531006
-0.915466 0.531017

-0.915466 0.531017
-0.915161 0.531252

-0.915161 0.531252
-0.915083 0.531311

-0.915084 0.531311
-0.914856 0.531486

-0.914856 0.531487
-0.914686 0.531616

-0.914688 0.531616
-0.914551 0.53172

-0.914551 0.531721
-0.91429 0.531921

-0.914289 0.531921
-0.914246 0.531954

-0.914246 0.531955
-0.91394 0.53219

-0.91394 0.53219
-0.913892 0.532227

-0.913892 0.532227
-0.913635 0.532424

-0.913635 0.532425
-0.913494 0.532532

-0.913495 0.532532
-0.91333 0.532658

-0.91333 0.532658
-0.913098 0.532837

-0.913097 0.532837
-0.913025 0.532892

-0.913025 0.532893
-0.91272 0.533127

-0.91272 0.533127
-0.9127 0.533142

-0.9127 0.533142
-0.912415 0.533361

-0.912415 0.533362
-0.912301 0.533447

-0.912303 0.533447
-0.912109 0.533595

-0.912109 0.533596
-0.911905 0.533752

-0.911905 0.533752
-0.911804 0.533829

-0.911804 0.53383
-0.911507 0.534058

-0.911507 0.534058
-0.911499 0.534063

-0.911499 0.534064
-0.911194 0.534298

-0.911194 0.534298
-0.911109 0.534363

-0.91111 0.534363
-0.910889 0.534532

-0.910889 0.534533
-0.910712 0.534668

-0.910713 0.534668
-0.910583 0.534765

-0.910583 0.534766
-0.910314 0.534973

-0.910313 0.534973
-0.910278 0.535

-0.910278 0.535
-0.909973 0.535235

-0.909973 0.535235
-0.909916 0.535278

-0.909916 0.535278
-0.909668 0.535469

-0.909668 0.535469
-0.909517 0.535583

-0.909519 0.535583
-0.909363 0.535702

-0.909363 0.535703
-0.90912 0.535889

-0.90912 0.535889
-0.909058 0.535936

-0.909058 0.535937
-0.908752 0.536171

-0.908752 0.536171
-0.908722 0.536194

-0.908722 0.536194
-0.908447 0.536405

-0.908447 0.536405
-0.908323 0.536499

-0.908324 0.536499
-0.908142 0.536638

-0.908142 0.536639
-0.907926 0.536804

-0.907926 0.536804
-0.907837 0.536871

-0.907837 0.536872
-0.907532 0.537106

-0.907532 0.537106
-0.907528 0.537109

-0.907528 0.537109
-0.907227 0.53734

-0.907227 0.537341
-0.907128 0.537415

-0.907129 0.537415
-0.906921 0.537574

-0.906921 0.537574
-0.906731 0.53772

-0.906732 0.53772
-0.906616 0.537806

-0.906616 0.537808
-0.906333 0.538025

-0.906332 0.538025
-0.906311 0.538041

-0.906311 0.538041
-0.906006 0.538275

-0.906006 0.538275
-0.905934 0.53833

-0.905934 0.53833
-0.905701 0.538509

-0.905701 0.538509
-0.905535 0.538635

-0.905536 0.538635
-0.905396 0.538742

-0.905396 0.538743
-0.905137 0.53894

-0.905136 0.53894
-0.90509 0.538975

-0.90509 0.538976
-0.904785 0.53921

-0.904785 0.53921
-0.904738 0.539246

-0.904738 0.539246
-0.90448 0.539443

-0.90448 0.539444
-0.904339 0.539551

-0.90434 0.539551
-0.904175 0.539677

-0.904175 0.539677
-0.903941 0.539856

-0.903941 0.539856
-0.90387 0.53991

-0.90387 0.539911
-0.903564 0.540144

-0.903564 0.540144
-0.903542 0.540161

-0.903542 0.540161
-0.903259 0.540378

-0.903259 0.540378
-0.903142 0.540466

-0.903144 0.540466
-0.902954 0.540611

-0.902954 0.540611
-0.902745 0.540771

-0.902745 0.540771
-0.902649 0.540844

-0.902649 0.540845
-0.902345 0.541077

-0.902345 0.541077
-0.902344 0.541078

-0.902344 0.541078
-0.902039 0.541311

-0.902039 0.541312
-0.901946 0.541382

-0.901947 0.541382
-0.901733 0.541545

-0.901733 0.541545
-0.901547 0.541687

-0.901548 0.541687
-0.901428 0.541777

-0.901428 0.541778
-0.901148 0.541992

-0.901148 0.541992
-0.901123 0.542011

-0.901123 0.542011
-0.900818 0.542245

-0.900818 0.542245
-0.900749 0.542297

-0.900749 0.542297
-0.900513 0.542478

-0.900513 0.542478
-0.900349 0.542603

-0.900351 0.542603
-0.900208 0.542711

-0.900208 0.542711
-0.899951 0.542908

-0.89995 0.542908
-0.899902 0.542944

-0.899902 0.542945
-0.899597 0.543178

-0.899597 0.543178
-0.899551 0.543213

-0.899551 0.543213
-0.899292 0.543411

-0.899292 0.543412
-0.899151 0.543518

-0.899152 0.543518
-0.898987 0.543644

-0.898987 0.543644
-0.898753 0.543823

-0.898752 0.543823
-0.898682 0.543876

-0.898682 0.543877
-0.898376 0.54411

-0.898376 0.54411
-0.898353 0.544128

-0.898353 0.544128
-0.898071 0.544343

-0.898071 0.544344
-0.897952 0.544434

-0.897953 0.544434
-0.897766 0.544576

-0.897766 0.544577
-0.897554 0.544739

-0.897554 0.544739
-0.897461 0.544808

-0.897461 0.54481
-0.897156 0.545043

-0.897156 0.545043
-0.897154 0.545044

-0.897154 0.545044
-0.896851 0.545276

-0.896851 0.545276
-0.896753 0.545349

-0.896754 0.545349
-0.896545 0.545509

-0.896545 0.545509
-0.896354 0.545654

-0.896355 0.545654
-0.89624 0.54574

-0.89624 0.545741
-0.895955 0.545959

-0.895954 0.545959
-0.895935 0.545974

-0.895935 0.545974
-0.89563 0.546207

-0.89563 0.546208
-0.895554 0.546265

-0.895555 0.546265
-0.895325 0.54644

-0.895325 0.54644
-0.895154 0.54657

-0.895156 0.54657
-0.89502 0.546672

-0.89502 0.546673
-0.894755 0.546875

-0.894754 0.546875
-0.894714 0.546905

-0.894714 0.546906
-0.894409 0.547139

-0.894409 0.547139
-0.894354 0.54718

-0.894355 0.54718
-0.894104 0.547371

-0.894104 0.547372
-0.893954 0.547485

-0.893955 0.547485
-0.893799 0.547604

-0.893799 0.547604
-0.893554 0.547791

-0.893554 0.547791
-0.893494 0.547836

-0.893494 0.547837
-0.893188 0.548069

-0.893188 0.54807
-0.893154 0.548096

-0.893154 0.548096
-0.892883 0.548302

-0.892883 0.548303
-0.892752 0.548401

-0.892754 0.548401
-0.892578 0.548535

-0.892578 0.548535
-0.892354 0.548706

-0.892353 0.548706
-0.892273 0.548766

-0.892273 0.548767
-0.891968 0.549

-0.891968 0.549
-0.891953 0.549011

-0.891953 0.549011
-0.891663 0.549233

-0.891663 0.549233
-0.891551 0.549316

-0.891553 0.549316
-0.891357 0.549465

-0.891357 0.549465
-0.891152 0.549622

-0.891152 0.549622
-0.891052 0.549697

-0.891052 0.549698
-0.890752 0.549927

-0.890751 0.549927
-0.890747 0.54993

-0.890747 0.54993
-0.890442 0.550163

-0.890442 0.550163
-0.89035 0.550232

-0.890351 0.550232
-0.890137 0.550395

-0.890137 0.550395
-0.88995 0.550537

-0.889951 0.550537
-0.889832 0.550626

-0.889832 0.550628
-0.88955 0.550842

-0.889549 0.550842
-0.889526 0.550859

-0.889526 0.55086
-0.889221 0.551092

-0.889221 0.551093
-0.889148 0.551147

-0.889149 0.551147
-0.888916 0.551325

-0.888916 0.551325
-0.888748 0.551453

-0.888749 0.551453
-0.888611 0.551556

-0.888611 0.551557
-0.888347 0.551758

-0.888346 0.551758
-0.888306 0.551789

-0.888306 0.551789
-0.888 0.552022

-0.888 0.552022
-0.887946 0.552063

-0.887946 0.552063
-0.887695 0.552254

-0.887695 0.552254
-0.887544 0.552368

-0.887546 0.552368
-0.88739 0.552486

-0.88739 0.552486
-0.887144 0.552673

-0.887144 0.552673
-0.887085 0.552718

-0.887085 0.552718
-0.88678 0.552951

-0.88678 0.552951
-0.886743 0.552979

-0.886743 0.552979
-0.886475 0.553183

-0.886475 0.553183
-0.886341 0.553284

-0.886342 0.553284
-0.886169 0.553415

-0.886169 0.553415
-0.885941 0.553589

-0.885941 0.553589
-0.885864 0.553646

-0.885864 0.553647
-0.885559 0.553879

-0.885559 0.553879
-0.885539 0.553894

-0.88554 0.553894
-0.885254 0.554111

-0.885254 0.554112
-0.885137 0.554199

-0.885138 0.554199
-0.884949 0.554343

-0.884949 0.554343
-0.884737 0.554504

-0.884737 0.554504
-0.884644 0.554574

-0.884644 0.554575
-0.884338 0.554807

-0.884338 0.554807
-0.884336 0.55481

-0.884336 0.55481
-0.884033 0.555039

-0.884033 0.55504
-0.883933 0.555115

-0.883934 0.555115
-0.883728 0.555271

-0.883728 0.555272
-0.883533 0.55542

-0.883533 0.55542
-0.883423 0.555502

-0.883423 0.555503
-0.883131 0.555725

-0.88313 0.555725
-0.883118 0.555735

-0.883118 0.555735
-0.882812 0.555967

-0.882812 0.555968
-0.882729 0.55603

-0.882729 0.55603
-0.882507 0.556199

-0.882507 0.556199
-0.882328 0.556335

-0.882329 0.556335
-0.882202 0.55643

-0.882202 0.556431
-0.881926 0.556641

-0.881925 0.556641
-0.881897 0.556662

-0.881897 0.556663
-0.881592 0.556895

-0.881592 0.556895
-0.881524 0.556946

-0.881524 0.556946
-0.881287 0.557126

-0.881287 0.557127
-0.881122 0.557251

-0.881123 0.557251
-0.880981 0.557357

-0.880981 0.557358
-0.880721 0.557556

-0.88072 0.557556
-0.880676 0.557589

-0.880676 0.55759
-0.880371 0.557822

-0.880371 0.557822
-0.880318 0.557861

-0.880319 0.557861
-0.880066 0.558053

-0.880066 0.558054
-0.879916 0.558167

-0.879917 0.558167
-0.879761 0.558285

-0.879761 0.558285
-0.879515 0.558472

-0.879514 0.558472
-0.879456 0.558516

-0.879456 0.558517
-0.87915 0.558748

-0.87915 0.558748
-0.879113 0.558777

-0.879113 0.558777
-0.878845 0.55898

-0.878845 0.558981
-0.87871 0.559082

-0.878711 0.559082
-0.87854 0.559211

-0.87854 0.559212
-0.878309 0.559387

-0.878308 0.559387
-0.878235 0.559442

-0.878235 0.559443
-0.87793 0.559675

-0.87793 0.559675
-0.877906 0.559692

-0.877906 0.559692
-0.877625 0.559906

-0.877625 0.559907
-0.877503 0.559998

-0.877504 0.559998
-0.877319 0.560138

-0.877319 0.560138
-0.877102 0.560303

-0.877102 0.560303
-0.877014 0.560368

-0.877014 0.560369
-0.876709 0.560601

-0.876709 0.560601
-0.8767 0.560608

-0.8767 0.560608
-0.876404 0.560832

-0.876404 0.560833
-0.876296 0.560913

-0.876297 0.560913
-0.876099 0.561064

-0.876099 0.561064
-0.875895 0.561218

-0.875895 0.561218
-0.875793 0.561294

-0.875793 0.561295
-0.875492 0.561523

-0.875492 0.561523
-0.875488 0.561526

-0.875488 0.561526
-0.875183 0.561758

-0.875183 0.561758
-0.875089 0.561829

-0.87509 0.561829
-0.874878 0.561989

-0.874878 0.561989
-0.874687 0.562134

-0.874688 0.562134
-0.874573 0.562219

-0.874573 0.56222
-0.874284 0.562439

-0.874284 0.562439
-0.874268 0.562451

-0.874268 0.562452
-0.873962 0.562683

-0.873962 0.562683
-0.873881 0.562744

-0.873882 0.562744
-0.873657 0.562914

-0.873657 0.562914
-0.873479 0.563049

-0.87348 0.563049
-0.873352 0.563145

-0.873352 0.563146
-0.873076 0.563354

-0.873076 0.563354
-0.873047 0.563376

-0.873047 0.563377
-0.872742 0.563608

-0.872742 0.563608
-0.872673 0.56366

-0.872673 0.56366
-0.872437 0.563839

-0.872437 0.563839
-0.87227 0.563965

-0.872271 0.563965
-0.872131 0.56407

-0.872131 0.56407
-0.871868 0.56427

-0.871867 0.56427
-0.871826 0.564301

-0.871826 0.564301
-0.871521 0.564532

-0.871521 0.564533
-0.871464 0.564575

-0.871465 0.564575
-0.871216 0.564764

-0.871216 0.564764
-0.871061 0.56488

-0.871062 0.56488
-0.870911 0.564994

-0.870911 0.564995
-0.870659 0.565186

-0.870658 0.565186
-0.870605 0.565225

-0.870605 0.565226
-0.8703 0.565457

-0.8703 0.565457
-0.870255 0.565491

-0.870255 0.565491
-0.869995 0.565688

-0.869995 0.565688
-0.869851 0.565796

-0.869853 0.565796
-0.86969 0.565918

-0.86969 0.565919
-0.869449 0.566101

-0.869449 0.566101
-0.869385 0.566149

-0.869385 0.56615
-0.86908 0.566381

-0.86908 0.566381
-0.869046 0.566406

-0.869046 0.566406
-0.868774 0.566612

-0.868774 0.566612
-0.868641 0.566711

-0.868643 0.566711
-0.868469 0.566842

-0.868469 0.566843
-0.868239 0.567017

-0.868239 0.567017
-0.868164 0.567072

-0.868164 0.567073
-0.867859 0.567304

-0.867859 0.567304
-0.867835 0.567322

-0.867836 0.567322
-0.867554 0.567535

-0.867554 0.567536
-0.867431 0.567627

-0.867432 0.567627
-0.867249 0.567766

-0.867249 0.567766
-0.867029 0.567932

-0.867029 0.567932
-0.866943 0.567996

-0.866943 0.567997
-0.866638 0.568227

-0.866638 0.568227
-0.866625 0.568237

-0.866625 0.568237
-0.866333 0.568458

-0.866333 0.568459
-0.86622 0.568542

-0.866222 0.568542
-0.866028 0.568689

-0.866028 0.568689
-0.865818 0.568848

-0.865818 0.568848
-0.865723 0.568919

-0.865723 0.56892
-0.865417 0.56915

-0.865417 0.56915
-0.865414 0.569153

-0.865414 0.569153
-0.865112 0.569381

-0.865112 0.569382
-0.865009 0.569458

-0.86501 0.569458
-0.864807 0.569612

-0.864807 0.569612
-0.864607 0.569763

-0.864607 0.569763
-0.864502 0.569841

-0.864502 0.569842
-0.864203 0.570068

-0.864202 0.570068
-0.864197 0.570073

-0.864197 0.570073
-0.863892 0.570303

-0.863892 0.570304
-0.863798 0.570374

-0.863799 0.570374
-0.863586 0.570534

-0.863586 0.570534
-0.863395 0.570679

-0.863396 0.570679
-0.863281 0.570763

-0.863281 0.570765
-0.862991 0.570984

-0.86299 0.570984
-0.862976 0.570995

-0.862976 0.570995
-0.862671 0.571226

-0.862671 0.571226
-0.862586 0.571289

-0.862587 0.571289
-0.862366 0.571456

-0.862366 0.571456
-0.862183 0.571594

-0.862184 0.571594
-0.862061 0.571685

-0.862061 0.571687
-0.861779 0.571899

-0.861778 0.571899
-0.861755 0.571916

-0.861755 0.571917
-0.86145 0.572147

-0.86145 0.572148
-0.861374 0.572205

-0.861375 0.572205
-0.861145 0.572378

-0.861145 0.572378
-0.86097 0.57251

-0.860971 0.57251
-0.86084 0.572607

-0.86084 0.572608
-0.860566 0.572815

-0.860565 0.572815
-0.860535 0.572838

-0.860535 0.572839
-0.860229 0.573069

-0.860229 0.573069
-0.860161 0.57312

-0.860162 0.57312
-0.859924 0.573299

-0.859924 0.5733
-0.859757 0.573425

-0.859758 0.573425
-0.859619 0.573529

-0.859619 0.57353
-0.859353 0.57373

-0.859352 0.57373
-0.859314 0.573759

-0.859314 0.57376
-0.859009 0.57399

-0.859009 0.57399
-0.858948 0.574036

-0.858949 0.574036
-0.858704 0.57422

-0.858704 0.574221
-0.858544 0.574341

-0.858545 0.574341
-0.858398 0.57445

-0.858398 0.574451
-0.85814 0.574646

-0.858139 0.574646
-0.858093 0.57468

-0.858093 0.574681
-0.857788 0.574911

-0.857788 0.574911
-0.857735 0.574951

-0.857735 0.574951
-0.857483 0.575141

-0.857483 0.575142
-0.85733 0.575256

-0.857331 0.575256
-0.857178 0.575371

-0.857178 0.575372
-0.856926 0.575562

-0.856925 0.575562
-0.856873 0.575601

-0.856873 0.575602
-0.856567 0.575832

-0.856567 0.575832
-0.856521 0.575867

-0.856521 0.575867
-0.856262 0.576062

-0.856262 0.576062
-0.856115 0.576172

-0.856117 0.576172
-0.855957 0.576292

-0.855957 0.576292
-0.855712 0.576477

-0.855711 0.576477
-0.855652 0.576521

-0.855652 0.576522
-0.855347 0.576752

-0.855347 0.576752
-0.855306 0.576782

-0.855307 0.576782
-0.855042 0.576982

-0.855042 0.576982
-0.854901 0.577087

-0.854902 0.577087
-0.854736 0.577212

-0.854736 0.577212
-0.854497 0.577393

-0.854496 0.577393
-0.854431 0.577441

-0.854431 0.577442
-0.854126 0.577672

-0.854126 0.577672
-0.854092 0.577698

-0.854092 0.577698
-0.853821 0.577902

-0.853821 0.577903
-0.853686 0.578003

-0.853687 0.578003
-0.853516 0.578132

-0.853516 0.578132
-0.853282 0.578308

-0.853281 0.578308
-0.85321 0.578361

-0.85321 0.578362
-0.852905 0.578592

-0.852905 0.578592
-0.852876 0.578613

-0.852877 0.578613
-0.8526 0.578822

-0.8526 0.578822
-0.85247 0.578918

-0.852472 0.578918
-0.852295 0.579051

-0.852295 0.579052
-0.852067 0.579224

-0.852066 0.579224
-0.85199 0.57928

-0.85199 0.579281
-0.851685 0.579511

-0.851685 0.579511
-0.851661 0.579529

-0.851661 0.579529
-0.851379 0.579741

-0.851379 0.579742
-0.851255 0.579834

-0.851256 0.579834
-0.851074 0.579971

-0.851074 0.579971
-0.850851 0.580139

-0.850851 0.580139
-0.850769 0.5802

-0.850769 0.580201
-0.850464 0.58043

-0.850464 0.58043
-0.850445 0.580444

-0.850445 0.580444
-0.850159 0.58066

-0.850159 0.580661
-0.850039 0.58075

-0.85004 0.58075
-0.849854 0.58089

-0.849854 0.58089
-0.849635 0.581055

-0.849635 0.581055
-0.849548 0.581118

-0.849548 0.58112
-0.849243 0.581349

-0.849243 0.581349
-0.849229 0.58136

-0.849229 0.58136
-0.848938 0.581579

-0.848938 0.58158
-0.848822 0.581665

-0.848824 0.581665
-0.848633 0.581809

-0.848633 0.581809
-0.848418 0.58197

-0.848418 0.58197
-0.848328 0.582037

-0.848328 0.582038
-0.848022 0.582268

-0.848022 0.582268
-0.848012 0.582275

-0.848012 0.582275
-0.847717 0.582497

-0.847717 0.582498
-0.847606 0.582581

-0.847607 0.582581
-0.847412 0.582727

-0.847412 0.582727
-0.847201 0.582886

-0.847201 0.582886
-0.847107 0.582956

-0.847107 0.582957
-0.846802 0.583186

-0.846802 0.583186
-0.846795 0.583191

-0.846796 0.583191
-0.846497 0.583416

-0.846497 0.583416
-0.846389 0.583496

-0.84639 0.583496
-0.846191 0.583645

-0.846191 0.583645
-0.845984 0.583801

-0.845984 0.583801
-0.845886 0.583874

-0.845886 0.583875
-0.845581 0.584104

-0.845581 0.584104
-0.845578 0.584106

-0.845578 0.584106
-0.845276 0.584334

-0.845276 0.584334
-0.845171 0.584412

-0.845172 0.584412
-0.844971 0.584563

-0.844971 0.584563
-0.844767 0.584717

-0.844767 0.584717
-0.844666 0.584792

-0.844666 0.584793
-0.844361 0.585022

-0.84436 0.585022
-0.844055 0.585252

-0.844055 0.585252
-0.843954 0.585327

-0.843955 0.585327
-0.84375 0.585481

-0.84375 0.585481
-0.843549 0.585632

-0.843549 0.585632
-0.843445 0.585709

-0.843445 0.58571
-0.843143 0.585938

-0.843142 0.585938
-0.84314 0.58594

-0.84314 0.58594
-0.842834 0.586169

-0.842834 0.58617
-0.842736 0.586243

-0.842737 0.586243
-0.842529 0.586399

-0.842529 0.586399
-0.842331 0.586548

-0.842331 0.586548
-0.842224 0.586627

-0.842224 0.586628
-0.841924 0.586853

-0.841924 0.586853
-0.841919 0.586857

-0.841919 0.586857
-0.841614 0.587086

-0.841614 0.587087
-0.841517 0.587158

-0.841518 0.587158
-0.841309 0.587316

-0.841309 0.587316
-0.841112 0.587463

-0.841113 0.587463
-0.841003 0.587544

-0.841003 0.587545
-0.840706 0.587769

-0.840705 0.587769
-0.840698 0.587774

-0.840698 0.587774
-0.840393 0.588003

-0.840393 0.588004
-0.840299 0.588074

-0.8403 0.588074
-0.840088 0.588233

-0.840088 0.588233
-0.839893 0.588379

-0.839894 0.588379
-0.839783 0.588461

-0.839783 0.588462
-0.839487 0.588684

-0.839486 0.588684
-0.839478 0.588691

-0.839478 0.588691
-0.839172 0.58892

-0.839172 0.588921
-0.83908 0.588989

-0.839081 0.588989
-0.838867 0.589149

-0.838867 0.58915
-0.838674 0.589294

-0.838675 0.589294
-0.838562 0.589377

-0.838562 0.589379
-0.838268 0.5896

-0.838267 0.5896
-0.838257 0.589607

-0.838257 0.589608
-0.837952 0.589837

-0.837952 0.589837
-0.83786 0.589905

-0.837861 0.589905
-0.837646 0.590066

-0.837646 0.590066
-0.837455 0.59021

-0.837456 0.59021
-0.837341 0.590294

-0.837341 0.590295
-0.837048 0.590515

-0.837048 0.590515
-0.837036 0.590524

-0.837036 0.590524
-0.836731 0.590753

-0.836731 0.590754
-0.836641 0.59082

-0.836642 0.59082
-0.836426 0.590982

-0.836426 0.590982
-0.836235 0.591125

-0.836236 0.591125
-0.836121 0.59121

-0.836121 0.591211
-0.835828 0.591431

-0.835828 0.591431
-0.835815 0.59144

-0.835815 0.59144
-0.83551 0.591669

-0.83551 0.59167
-0.835421 0.591736

-0.835422 0.591736
-0.835205 0.591898

-0.835205 0.591898
-0.835015 0.592041

-0.835016 0.592041
-0.8349 0.592126

-0.8349 0.592127
-0.834608 0.592346

-0.834608 0.592346
-0.834595 0.592356

-0.834595 0.592356
-0.83429 0.592585

-0.83429 0.592586
-0.8342 0.592651

-0.834201 0.592651
-0.833984 0.592814

-0.833984 0.592814
-0.833794 0.592957

-0.833795 0.592957
-0.833679 0.593042

-0.833679 0.593043
-0.833388 0.593262

-0.833387 0.593262
-0.833374 0.593271

-0.833374 0.593272
-0.833069 0.593501

-0.833069 0.593501
-0.83298 0.593567

-0.832981 0.593567
-0.832764 0.59373

-0.832764 0.59373
-0.832574 0.593872

-0.832575 0.593872
-0.832458 0.593957

-0.832458 0.593958
-0.832167 0.594177

-0.832166 0.594177
-0.832153 0.594187

-0.832153 0.594187
-0.831848 0.594416

-0.831848 0.594417
-0.831759 0.594482

-0.83176 0.594482
-0.831543 0.594645

-0.831543 0.594645
-0.831353 0.594788

-0.831354 0.594788
-0.831238 0.594873

-0.831238 0.594874
-0.830946 0.595093

-0.830945 0.595093
-0.830933 0.595102

-0.830933 0.595103
-0.830627 0.595331

-0.830627 0.595332
-0.830538 0.595398

-0.830539 0.595398
-0.830322 0.59556

-0.830322 0.59556
-0.830132 0.595703

-0.830132 0.595703
-0.830017 0.595788

-0.830017 0.595789
-0.829724 0.596008

-0.829724 0.596008
-0.829712 0.596017

-0.829712 0.596018
-0.829407 0.596246

-0.829407 0.596247
-0.829316 0.596313

-0.829317 0.596313
-0.829102 0.596475

-0.829102 0.596475
-0.82891 0.596619

-0.828911 0.596619
-0.828796 0.596703

-0.828796 0.596704
-0.828503 0.596924

-0.828502 0.596924
-0.828491 0.596932

-0.828491 0.596932
-0.828186 0.597161

-0.828186 0.597162
-0.828094 0.597229

-0.828095 0.597229
-0.827881 0.59739

-0.827881 0.59739
-0.827688 0.597534

-0.827689 0.597534
-0.827576 0.597617

-0.827576 0.597618
-0.827281 0.597839

-0.82728 0.597839
-0.827271 0.597847

-0.827271 0.597847
-0.826965 0.598076

-0.826965 0.598076
-0.826872 0.598145

-0.826873 0.598145
-0.82666 0.598304

-0.82666 0.598304
-0.826466 0.59845

-0.826467 0.59845
-0.826355 0.598532

-0.826355 0.598533
-0.826058 0.598755

-0.826058 0.598755
-0.82605 0.598761

-0.82605 0.598761
-0.825745 0.59899

-0.825745 0.59899
-0.82565 0.59906

-0.825651 0.59906
-0.825439 0.599219

-0.825439 0.599219
-0.825244 0.599365

-0.825244 0.599365
-0.825134 0.599446

-0.825134 0.599447
-0.824836 0.59967

-0.824836 0.59967
-0.824829 0.599675

-0.824829 0.599676
-0.824524 0.599904

-0.824524 0.599905
-0.824427 0.599976

