-1.66721 0.0
-1.6672 0.000610352

-1.6672 0.000610352
-1.66716 0.0012207

-1.66716 0.0012207
-1.66711 0.00169905

-1.66711 0.00169983
-1.6671 0.00183105

-1.6671 0.00183105
-1.66702 0.00244141

-1.66702 0.00244141
-1.66691 0.00305176

-1.66691 0.00305176
-1.66678 0.00366211

-1.66678 0.00366211
-1.66662 0.00427246

-1.66662 0.00427246
-1.6665 0.00465089

-1.6665 0.00465275
-1.66643 0.00488281

-1.66643 0.00488281
-1.66622 0.00549316

-1.66622 0.00549316
-1.66598 0.00610352

-1.66598 0.00610352
-1.66589 0.00628484

-1.66589 0.00628597
-1.6657 0.00671387

-1.6657 0.00671387
-1.66539 0.00732422

-1.66539 0.00732422
-1.66528 0.00751185

-1.66528 0.00751299
-1.66504 0.00793457

-1.66504 0.00793457
-1.66467 0.00851607

-1.66467 0.00851937
-1.66466 0.00854492

-1.66466 0.00854492
-1.66422 0.00915527

-1.66422 0.00915527
-1.66406 0.00935948

-1.66406 0.00935595
-1.66374 0.00976562

-1.66373 0.00976562
-1.66345 0.0100887

-1.66345 0.0100852
-1.66319 0.010376

-1.66319 0.010376
-1.66284 0.0107272

-1.66284 0.0107225
-1.66256 0.0109863

-1.66257 0.0109863
-1.66223 0.0112858

-1.66223 0.0112856
-1.66185 0.0115967

-1.66186 0.0115967
-1.66162 0.0117793

-1.66162 0.0117788
-1.66102 0.012207

-1.66101 0.0122052
-1.66101 0.012207

-1.66103 0.012207
-1.66101 0.012217

-1.66101 0.0122171
-1.6604 0.0126033

-1.6604 0.0125998
-1.66001 0.0128174

-1.66002 0.0128174
-1.65979 0.0129421

-1.65979 0.0129387
-1.65918 0.0132338

-1.65918 0.0132324
-1.65871 0.0134277

-1.65872 0.0134277
-1.65857 0.0134904

-1.65857 0.0134879
-1.65796 0.0137045

-1.65796 0.013704
-1.65735 0.0138838

-1.65735 0.0138828
-1.65674 0.0140291

-1.65674 0.0140204
-1.65664 0.0140381

-1.6567 0.0140381
-1.65613 0.014144

-1.65613 0.0141416
-1.65552 0.0142201

-1.65552 0.0142202
-1.65491 0.014267

-1.65491 0.0142669
-1.6543 0.0142819

-1.64453 0.00942468
-1.64481 0.00976562

-1.6543 0.0142819
-1.65369 0.0142653

-1.65369 0.0142654
-1.65308 0.0142169

-1.65308 0.014217
-1.65247 0.0141365

-1.65186 0.0140254
-1.65192 0.0140381

-1.65247 0.0141363
-1.65193 0.0140381

-1.65186 0.0140246
-1.65125 0.0138782

-1.65125 0.0138781
-1.65063 0.0136968

-1.64941 0.0132307
-1.64989 0.0134277

-1.65063 0.0136967
-1.65002 0.0134808

-1.65002 0.0134756
-1.64991 0.0134277

-1.64697 0.011793
-1.64756 0.012207

-1.64941 0.0132281
-1.6488 0.0129347

-1.64819 0.0126038
-1.64858 0.0128174

-1.6488 0.0129312
-1.6486 0.0128174

-1.64819 0.0125997
-1.64758 0.0122191

-1.64758 0.0122129
-1.64757 0.012207

-1.64575 0.0107592
-1.646 0.0109863

-1.64636 0.0113103
-1.64672 0.0115967

-1.64697 0.0117835
-1.64673 0.0115967

-1.64636 0.0113004
-1.646 0.0109863

-1.64514 0.0101363
-1.64537 0.010376

-1.64575 0.0107547
-1.64537 0.010376

-1.64514 0.010135
-1.64481 0.00976562

-1.64126 0.0
-1.64127 0.000610352

-1.64127 0.000610352
-1.64131 0.0012207

-1.64131 0.0012207
-1.64137 0.00183105

-1.64137 0.00183105
-1.64145 0.00244141

-1.64148 0.00259024
-1.64156 0.00305176

-1.64156 0.00305176
-1.6417 0.00366211

-1.64148 0.0025896
-1.64145 0.00244141

-1.6417 0.00366211
-1.64186 0.00427246

-1.64186 0.00427246
-1.64205 0.00488281

-1.64209 0.00498678
-1.64227 0.00549316

-1.64227 0.00549316
-1.64252 0.00610352

-1.6427 0.00648942
-1.6428 0.00671387

-1.6428 0.00671387
-1.64312 0.00732422

-1.6427 0.00648882
-1.64252 0.00610352

-1.64331 0.00765079
-1.64348 0.00793457

-1.64347 0.00793457
-1.64387 0.00854492

-1.64392 0.00861432
-1.64431 0.00915527

-1.64453 0.0094266
-1.64432 0.00915527

-1.64392 0.0086097
-1.64388 0.00854492

-1.64331 0.00765012
-1.64312 0.00732422

-1.64209 0.0049855
-1.64205 0.00488281

-1.61957 0.0
-1.61951 0.000192158

-1.61951 0.00015867
-1.61927 0.000610352

-1.61935 0.000610352
-1.6189 0.000979183

-1.6189 0.00092696
-1.61829 0.00104457

-1.61829 0.000976885
-1.61768 0.000816542

-1.61707 0.000582366
-1.61717 0.000610352

-1.61768 0.000743881
-1.61715 0.000610352

-1.61707 0.000597221
-1.61646 0.000570893

-1.61707 0.000612002
-1.61703 0.000610352

-1.61646 0.000607796
-1.61614 0.000610352

-1.61642 0.000610352
-1.61584 0.000612658

-1.61584 0.000589243
-1.61523 0.000588712

-1.61523 0.0006064
-1.61495 0.000610352

-1.61492 0.000610352
-1.61462 0.000612462

-1.61462 0.000598979
-1.61401 0.000596099

-1.61401 0.000608236
-1.6134 0.000605404

-1.6134 0.000602762
-1.61279 0.000586652

-1.61279 0.000587514
-1.61218 0.000593905

-1.6122 0.000610352
-1.61218 0.000610454

-1.61218 0.000591285
-1.61159 0.000610352

-1.61096 0.000585823
-1.61035 0.000559912

-1.61035 0.000582883
-1.60974 0.000586

-1.60974 0.000571262
-1.60913 0.000580707

-1.60913 0.000594571
-1.60852 0.000593202

-1.60852 0.000583537
-1.60791 0.000565694

-1.60791 0.000571095
-1.6073 0.000580994

-1.6073 0.00057824
-1.60669 0.000590789

-1.60669 0.000592011
-1.60608 0.000585177

-1.60608 0.000581689
-1.60547 0.000573672

-1.60547 0.000572557
-1.60486 0.000588597

-1.60486 0.000589207
-1.60425 0.000598234

-1.60425 0.000600148
-1.60364 0.000579062

-1.60364 0.000583811
-1.60303 0.000561457

-1.60303 0.000559774
-1.60242 0.000574726

-1.60242 0.000574676
-1.60181 0.000600496

-1.60181 0.000610352
-1.60181 0.000610516

-1.60181 0.000591284
-1.6012 0.000594856

-1.6012 0.000589393
-1.60059 0.000592925

-1.60059 0.000571039
-1.60014 0.000610352

-1.60011 0.000610352
-1.59998 0.000620305

-1.59998 0.000598385
-1.59993 0.000610352

-1.59996 0.000610352
-1.59937 0.000754653

-1.59937 0.000818155
-1.59875 0.000966123

-1.59875 0.000941228
-1.59814 0.0010116

-1.59814 0.00101416
-1.59753 0.00105163

-1.59753 0.00105186
-1.59692 0.00105087

-1.59692 0.0010506
-1.59631 0.00101125

-1.59631 0.0010575
-1.5957 0.000887823

-1.59509 0.000285607
-1.59536 0.000610352

-1.5957 0.000873644
-1.59509 0.000652477

-1.59481 0.0
-1.5949 0.000610352

-1.59509 0.000968936
-1.59448 0.000827559

-1.59447 0.0
-1.59425 0.000610352

-1.59399 0.000610352
-1.5944 0.0012207

-1.59344 0.0
-1.59326 0.000278955

-1.59326 0.000162352
-1.59265 0.000591572

-1.59265 0.000377279
-1.59204 0.000212174

-1.59204 0.000385868
-1.59143 0.000145832

-1.59143 0.000365463
-1.59088 0.0

-1.59082 0.000289511
-1.59036 0.0

-1.59021 0.000274949
-1.5899 0.0

-1.5896 0.000238346
-1.58946 0.0

-1.58839 0.0
-1.58838 0.000145067

-1.58842 0.000610352
-1.58838 0.000783545

-1.58838 0.000218264
-1.58837 0.000610352

-1.58838 0.000728396
-1.58828 0.0012207

-1.58831 0.0012207
-1.58795 0.00183105

-1.58802 0.00183105
-1.58777 0.0021026

-1.58777 0.00201225
-1.58718 0.00244141

-1.58716 0.00243262
-1.58713 0.00244141

-1.58714 0.00244141
-1.58655 0.00263856

-1.58655 0.00262818
-1.58594 0.00265187

-1.58472 0.00222045
-1.58513 0.00244141

-1.58358 0.0
-1.58365 0.000610352

-1.58364 0.000610352
-1.58387 0.0012207

-1.58411 0.00162696
-1.58426 0.00183105

-1.58472 0.00220218
-1.5843 0.00183105

-1.58411 0.00153724
-1.58389 0.0012207

-1.58594 0.00265208
-1.58533 0.00251745

-1.58533 0.00249217
-1.58523 0.00244141

-1.57779 0.0
-1.57739 0.000424929

-1.57739 0.000135523
-1.57678 0.000171038

-1.57663 0.0
-1.57617 0.000402145

-1.57617 0.000228039
-1.57556 0.000584537

-1.57561 0.000610352
-1.57556 0.000621589

-1.57556 0.000609929
-1.57495 0.000225625

-1.57556 0.000627218
-1.57549 0.000610352

-1.57495 0.000266628
-1.5744 0.0

-1.57434 0.000166237
-1.57373 0.000372119

-1.57373 0.000387437
-1.57312 5.21266e-05

-1.57299 0.0
-1.57251 0.000301653

-1.57251 0.000299584
-1.5719 0.000500899

-1.5719 0.00055237
-1.57136 0.0

-1.57129 2.51902e-05
-1.57068 0.00012111

-1.57068 0.00011625
-1.57007 0.000445882

-1.57007 0.000398021
-1.56946 5.93463e-05

-1.56946 0.000350092
-1.56903 0.0

-1.56885 9.89233e-06
-1.56824 0.000145429

-1.5681 0.0
-1.56763 0.00039382

-1.56763 1.23301e-05
-1.56702 0.000494747

-1.56702 0.000444978
-1.56641 0.000445596

-1.56641 0.000562457
-1.56585 0.0

-1.5658 4.07666e-05
-1.56519 0.00013993

-1.56519 7.53995e-05
-1.56458 0.000511491

-1.56458 0.000335863
-1.56396 0.000324757

-1.56396 0.000257125
-1.56335 0.000314724

-1.56335 0.000344002
-1.56274 0.000396676

-1.56274 0.000457706
-1.56213 0.000191894

-1.56213 0.000548364
-1.5617 0.0

-1.56114 0.0
-1.56091 8.74192e-05

-1.56084 0.0
-1.5603 0.000581341

-1.5603 0.000282832
-1.55969 0.000363748

-1.55969 0.000543159
-1.55908 7.58581e-05

-1.55908 0.00027818
-1.55879 0.0

-1.55824 0.0
-1.55786 0.000415479

-1.55786 0.000187378
-1.55725 0.000399077

-1.55725 0.000576074
-1.55675 0.0

-1.55311 0.000610352
-1.55298 0.000856257

-1.55293 0.0
-1.55279 0.000610352

-1.55283 0.000610352
-1.55237 0.00115749

-1.55237 0.00116403
-1.55228 0.0012207

-1.55218 0.0012207
-1.55176 0.00143937

-1.55054 0.00120427
-1.55057 0.0012207

-1.55176 0.00143732
-1.55115 0.00147098

-1.55115 0.00151323
-1.55057 0.0012207

-1.54993 0.000506536
-1.55002 0.000610352

-1.55054 0.00107576
-1.54994 0.000610352

-1.54993 0.00054099
-1.54932 0.000258926

-1.54993 0.000637488
-1.54985 0.000610352

-1.54932 0.000439701
-1.54871 0.000426791

-1.54871 0.0004118
-1.5481 0.000365987

-1.5481 0.000392816
-1.54749 0.000393405

-1.54749 0.000390665
-1.54688 0.000388129

-1.54688 0.000390265
-1.54626 0.000391627

-1.54626 0.000388807
-1.54565 0.00039231

-1.54565 0.000393355
-1.54504 0.000394528

-1.54504 0.000383815
-1.54443 0.000399314

-1.54443 0.000396018
-1.54382 0.000418689

-1.54382 0.00041036
-1.54321 0.000412833

-1.54321 0.000406541
-1.5426 0.000412597

-1.5426 0.000416762
-1.54199 0.00041733

-1.54199 0.000408165
-1.54138 0.000411998

-1.54138 0.000418731
-1.54077 0.000422301

-1.54077 0.000412845
-1.54016 0.000413808

-1.54016 0.000421145
-1.53955 0.000421642

-1.53955 0.000413389
-1.53894 0.000414173

-1.53894 0.000424782
-1.53833 0.000419437

-1.53833 0.000406675
-1.53772 0.000411154

-1.53772 0.000426288
-1.53711 0.000426082

-1.53711 0.000411358
-1.5365 0.000406097

-1.5365 0.000424759
-1.53589 0.000418042

-1.53589 0.000403068
-1.53528 0.00040225

-1.53528 0.000438478
-1.53467 0.000402851

-1.53467 0.000372675
-1.53406 0.000369789

-1.53406 0.000467477
-1.53345 0.000368869

-1.53291 0.0
-1.5334 0.000610352

-1.53345 0.00061979
-1.53342 0.000610352

-1.53284 6.00457e-05
-1.53276 0.0

-1.532 0.0
-1.53162 0.000521032

-1.53162 0.00048562
-1.53101 7.62029e-05

-1.53042 0.0
-1.5304 6.24587e-05

-1.5303 0.0
-1.53027 0.000610352

-1.53032 0.000610352
-1.53013 0.0012207

-1.53015 0.0012207
-1.52979 0.00166667

-1.52979 0.00168531
-1.52959 0.00183105

-1.5295 0.00183105
-1.52917 0.00202721

-1.52917 0.0020264
-1.52856 0.0021429

-1.52856 0.00213883
-1.52795 0.00204744

-1.52734 0.00172875
-1.52753 0.00183105

-1.52795 0.00206667
-1.52751 0.00183105

-1.52673 0.000985778
-1.52685 0.0012207

-1.52647 0.0
-1.52656 0.000610352

-1.52673 0.00098559
-1.52655 0.000610352

-1.52734 0.00176326
-1.52682 0.0012207

-1.49929 0.0
-1.49927 6.57907e-05

-1.49927 9.18913e-05
-1.49883 0.000610352

-1.49866 0.000494826
-1.4981 0.000610352

-1.49805 0.000610352
-1.49805 0.00061085

-1.49805 0.000549329
-1.49744 0.000552285

-1.49756 0.000610352
-1.49744 0.000610661

-1.49744 0.000558656
-1.49683 0.00056224

-1.49687 0.000610352
-1.49683 0.000610485

-1.49622 0.000494921
-1.49681 0.000610352

-1.49683 0.000613658
-1.49679 0.000610352

-1.49561 0.000130595
-1.49604 0.000610352

-1.49622 0.000631814
-1.49617 0.000610352

-1.49561 0.000195889
-1.49551 0.0

-1.49462 0.0
-1.49438 0.00041852

-1.49438 0.000335486
-1.49377 0.000279566

-1.49377 0.00038786
-1.4936 0.0

-1.32806 0.0388837
-1.3283 0.0390625

-1.32776 0.0386583
-1.32789 0.0387573

-1.32806 0.0388833
-1.32789 0.0387573

-1.32745 0.038435
-1.32748 0.0384521

-1.32745 0.0384349
-1.32715 0.0382162

-1.32776 0.0386572
-1.32748 0.0384521

-1.32471 0.0365848
-1.32477 0.0366211

-1.32654 0.0377901
-1.32661 0.0378418

-1.32654 0.037789
-1.32623 0.0375805

-1.32593 0.0373753
-1.32617 0.0375366

-1.32623 0.0375799
-1.32617 0.0375366

-1.32684 0.0380009
-1.32705 0.038147

-1.32715 0.0382154
-1.32705 0.038147

-1.32684 0.0380006
-1.32661 0.0378418

-1.32562 0.0371738
-1.32571 0.0372314

-1.32562 0.037173
-1.32532 0.0369738

-1.32593 0.037375
-1.32571 0.0372314

-1.32501 0.0367777
-1.32524 0.0369263

-1.32532 0.0369734
-1.32524 0.0369263

-1.32501 0.0367774
-1.32477 0.0366211

-1.32471 0.0365841
-1.3244 0.0363934

-1.3241 0.0362055
-1.32428 0.0363159

-1.3244 0.0363932
-1.32428 0.0363159

-1.32349 0.035837
-1.32378 0.0360107

-1.3241 0.0362052
-1.32379 0.0360198

-1.32379 0.0360198
-1.32378 0.0360107

-1.32257 0.0353025
-1.32274 0.0354004

-1.32257 0.0353023
-1.32227 0.0351287

-1.32318 0.0356568
-1.32326 0.0357056

-1.32349 0.0358368
-1.32326 0.0357056

-1.32318 0.0356564
-1.32288 0.0354782

-1.32288 0.0354781
-1.32274 0.0354004

-1.32043 0.034131
-1.32053 0.0341797

-1.32043 0.0341307
-1.32013 0.0339712

-1.31982 0.0338137
-1.31994 0.0338745

-1.32013 0.033971
-1.31994 0.0338745

-1.31921 0.0335035
-1.31934 0.0335693

-1.31982 0.0338135
-1.31952 0.0336575

-1.31952 0.0336573
-1.31934 0.0335693

-1.31921 0.0335033
-1.31891 0.0333507

-1.3186 0.0332001
-1.31873 0.0332642

-1.31891 0.0333506
-1.31873 0.0332642

-1.31799 0.0329031
-1.31811 0.032959

-1.31799 0.0329029
-1.31769 0.0327567

-1.31738 0.0326123
-1.31747 0.0326538

-1.31769 0.0327565
-1.31747 0.0326538

-1.3186 0.0331999
-1.3183 0.0330506

-1.3183 0.0330504
-1.31811 0.032959

-1.32166 0.0347884
-1.32166 0.03479

-1.32196 0.0349574
-1.32221 0.0350952

-1.32227 0.0351286
-1.32221 0.0350952

-1.32196 0.0349572
-1.32166 0.03479

-1.32166 0.034788
-1.32135 0.0346208

-1.32104 0.0344558
-1.3211 0.0344849

-1.32135 0.0346205
-1.3211 0.0344849

-1.32104 0.0344555
-1.32074 0.0342922

-1.32074 0.0342919
-1.32053 0.0341797

-1.31525 0.0316388
-1.31547 0.0317383

-1.31525 0.0316387
-1.31494 0.0315048

-1.31677 0.0323273
-1.31682 0.0323486

-1.31738 0.0326121
-1.31708 0.0324688

-1.31708 0.0324687
-1.31682 0.0323486

-1.31677 0.0323271
-1.31647 0.0321867

-1.31647 0.0321866
-1.31616 0.0320476

-1.31586 0.0319101
-1.31615 0.0320435

-1.31616 0.0320477
-1.31615 0.0320435

-1.31586 0.03191
-1.31555 0.0317736

-1.31555 0.0317736
-1.31547 0.0317383

-1.31464 0.0313725
-1.31478 0.0314331

-1.31494 0.0315047
-1.31478 0.0314331

-1.31464 0.0313724
-1.31433 0.031241

-1.31403 0.0311111
-1.31407 0.0311279

-1.31403 0.0311109
-1.31372 0.0309819

-1.31433 0.0312408
-1.31407 0.0311279

-1.3125 0.0304773
-1.3126 0.0305176

-1.31372 0.0309818
-1.31342 0.0308539

-1.31311 0.0307274
-1.31334 0.0308228

-1.31342 0.0308539
-1.31334 0.0308228

-1.31311 0.0307273
-1.31281 0.0306016

-1.31281 0.0306015
-1.3126 0.0305176

-1.33722 0.0487402
-1.33727 0.0488281

-1.33691 0.0482418
-1.33709 0.0485229

-1.33722 0.0487404
-1.33709 0.0485229

-1.33356 0.0438294
-1.33366 0.0439453

-1.33325 0.0434976
-1.33338 0.0436401

-1.33356 0.0438299
-1.33339 0.0436401

-1.33234 0.0425525
-1.33251 0.0427246

-1.33203 0.0422526
-1.3322 0.0424194

-1.33234 0.0425521
-1.3322 0.0424194

-1.33295 0.0431746
-1.3331 0.043335

-1.33264 0.0428597
-1.33281 0.0430298

-1.33295 0.0431743
-1.33281 0.0430298

-1.33325 0.0434976
-1.3331 0.043335

-1.33264 0.0428593
-1.33251 0.0427246

-1.33447 0.0448807
-1.33471 0.045166

-1.33508 0.045635
-1.33519 0.0457764

-1.33539 0.0460326
-1.33542 0.0460815

-1.33543 0.0460815
-1.33565 0.0463867

-1.33539 0.0460321
-1.33519 0.0457764

-1.33478 0.0452528
-1.33495 0.0454712

-1.33508 0.0456371
-1.33495 0.0454712

-1.33478 0.045253
-1.33471 0.045166

-1.3363 0.0473066
-1.33651 0.0476074

-1.336 0.0468663
-1.33609 0.0469971

-1.33569 0.0464421
-1.33587 0.0466919

-1.336 0.046867
-1.33587 0.0466919

-1.33609 0.0469971
-1.3363 0.0473022

-1.3363 0.0473064
-1.3363 0.0473022

-1.33661 0.0477654
-1.33671 0.0479126

-1.33671 0.0479126
-1.3369 0.0482178

-1.33661 0.0477655
-1.33651 0.0476074

-1.33691 0.0482419
-1.3369 0.0482178

-1.33569 0.0464422
-1.33565 0.0463867

-1.33417 0.0445209
-1.3342 0.0445557

-1.33386 0.0441704
-1.33393 0.0442505

-1.33417 0.04452
-1.33393 0.0442505

-1.3342 0.0445557
-1.33446 0.0448608

-1.33447 0.0448805
-1.33446 0.0448608

-1.33386 0.0441702
-1.33366 0.0439453

-1.33936 0.0530841
-1.33936 0.0531006

-1.33936 0.0531006
-1.33948 0.0534058

-1.33948 0.0534058
-1.33959 0.0537109

-1.33813 0.0503858
-1.33827 0.0506592

-1.33844 0.0509961
-1.33857 0.0512695

-1.33827 0.0506592
-1.33842 0.0509644

-1.33844 0.0509958
-1.33842 0.0509644

-1.33752 0.049262
-1.33763 0.0494385

-1.33783 0.0498093
-1.33796 0.0500488

-1.33762 0.0494385
-1.33779 0.0497437

-1.33783 0.049809
-1.33779 0.0497437

-1.33727 0.0488281
-1.33745 0.0491333

-1.33752 0.049262
-1.33745 0.0491333

-1.33796 0.0500488
-1.33812 0.050354

-1.33813 0.0503856
-1.33812 0.050354

-1.33875 0.051645
-1.33885 0.0518799

-1.33905 0.0523387
-1.33911 0.0524902

-1.33885 0.0518799
-1.33898 0.0521851

-1.33905 0.0523387
-1.33899 0.0521851

-1.33857 0.0512695
-1.33871 0.0515747

-1.33875 0.0516448
-1.33871 0.0515747

-1.33911 0.0524902
-1.33924 0.0527954

-1.33936 0.0530842
-1.33924 0.0527954

-1.33997 0.0547869
-1.34001 0.0549316

-1.33966 0.0538959
-1.3397 0.0540161

-1.3397 0.0540161
-1.33981 0.0543213

-1.33966 0.0538958
-1.33959 0.0537109

-1.33981 0.0543213
-1.33991 0.0546265

-1.33997 0.0547867
-1.33991 0.0546265

-1.34001 0.0549316
-1.34011 0.0552368

-1.34011 0.0552368
-1.3402 0.055542

-1.34027 0.055781
-1.34029 0.0558472

-1.34029 0.0558472
-1.34038 0.0561523

-1.34027 0.0557809
-1.3402 0.055542

-1.34058 0.0569177
-1.34061 0.0570679

-1.34061 0.0570679
-1.34069 0.057373

-1.34069 0.057373
-1.34076 0.0576782

-1.34076 0.0576782
-1.34082 0.0579834

-1.34088 0.0582629
-1.34089 0.0582886

-1.34089 0.0582886
-1.34095 0.0585938

-1.34088 0.0582627
-1.34082 0.0579834

-1.34038 0.0561523
-1.34046 0.0564575

-1.34046 0.0564575
-1.34054 0.0567627

-1.34058 0.0569173
-1.34054 0.0567627

-1.34095 0.0585938
-1.34101 0.0588989

-1.34101 0.0588989
-1.34106 0.0592041

-1.34106 0.0592041
-1.34111 0.0595093

-1.34111 0.0595093
-1.34116 0.0598145

-1.34119 0.059973
-1.34121 0.0601196

-1.34121 0.0601196
-1.34125 0.0604248

-1.34125 0.0604248
-1.34129 0.06073

-1.34129 0.06073
-1.34133 0.0610352

-1.34119 0.0599723
-1.34116 0.0598145

-1.34133 0.0610352
-1.34137 0.0613403

-1.34137 0.0613403
-1.3414 0.0616455

-1.3414 0.0616455
-1.34143 0.0619507

-1.34143 0.0619507
-1.34146 0.0622559

-1.34149 0.0625924
-1.34151 0.0628662

-1.34146 0.0622559
-1.34149 0.062561

-1.34149 0.0625911
-1.34149 0.062561

-1.34151 0.0628662
-1.34153 0.0631714

-1.34153 0.0631714
-1.34155 0.0634766

-1.34155 0.0634766
-1.34157 0.0637817

-1.34157 0.0637817
-1.34159 0.0640869

-1.34159 0.0640869
-1.3416 0.0643921

-1.3416 0.0643921
-1.34161 0.0646973

-1.34161 0.0646973
-1.34162 0.0650024

-1.34162 0.0650024
-1.34162 0.0653076

-1.34162 0.0653076
-1.34162 0.0656128

-1.34162 0.0656128
-1.34163 0.065918

-1.34163 0.065918
-1.34163 0.0662231

-1.34163 0.0662231
-1.34162 0.0665283

-1.34162 0.0665283
-1.34162 0.0668335

-1.34162 0.0668335
-1.34161 0.0671387

-1.34161 0.0671387
-1.3416 0.0674438

-1.3416 0.0674438
-1.34159 0.067749

-1.34159 0.067749
-1.34158 0.0680542

-1.34158 0.0680542
-1.34157 0.0683594

-1.34157 0.0683594
-1.34155 0.0686646

-1.34155 0.0686646
-1.34153 0.0689697

-1.34153 0.0689697
-1.34151 0.0692749

-1.34151 0.0692749
-1.34149 0.0695472

-1.34149 0.0695458
-1.34149 0.0695801

-1.34149 0.0695801
-1.34147 0.0698853

-1.34147 0.0698853
-1.34144 0.0701904

-1.34144 0.0701904
-1.34141 0.0704956

-1.34141 0.0704956
-1.34138 0.0708008

-1.34138 0.0708008
-1.34135 0.071106

-1.34135 0.071106
-1.34132 0.0714111

-1.34132 0.0714111
-1.34129 0.0717163

-1.34129 0.0717163
-1.34125 0.0720215

-1.34125 0.0720215
-1.34121 0.0723267

-1.34121 0.0723267
-1.34119 0.0725398

-1.34119 0.072539
-1.34117 0.0726318

-1.34117 0.0726318
-1.34113 0.072937

-1.34113 0.072937
-1.34109 0.0732422

-1.34109 0.0732422
-1.34105 0.0735474

-1.34105 0.0735474
-1.341 0.0738525

-1.341 0.0738525
-1.34096 0.0741577

-1.34096 0.0741577
-1.34091 0.0744629

-1.34091 0.0744629
-1.34088 0.0746203

-1.34088 0.0746197
-1.34086 0.0747681

-1.34086 0.0747681
-1.34081 0.0750732

-1.34081 0.0750732
-1.34075 0.0753784

-1.34075 0.0753784
-1.3407 0.0756836

-1.3407 0.0756836
-1.34064 0.0759888

-1.34064 0.0759888
-1.34058 0.0762939

-1.34058 0.0762939
-1.34058 0.0763383

-1.34058 0.0763379
-1.34053 0.0765991

-1.34053 0.0765991
-1.34047 0.0769043

-1.34047 0.0769043
-1.3404 0.0772095

-1.3404 0.0772095
-1.34034 0.0775146

-1.34034 0.0775146
-1.34028 0.0778198

-1.34028 0.0778198
-1.34027 0.0778449

-1.34027 0.0778445
-1.34021 0.078125

-1.33112 0.0413934
-1.33124 0.0415039

-1.33081 0.0411194
-1.3309 0.0411987

-1.33112 0.0413923
-1.3309 0.0411987

-1.32959 0.0400778
-1.32984 0.0402832

-1.33051 0.0408509
-1.33055 0.0408936

-1.33051 0.0408507
-1.3302 0.0405884

-1.33081 0.041119
-1.33055 0.0408936

-1.3302 0.0405879
-1.3299 0.0403303

-1.3299 0.0403303
-1.32984 0.0402832

-1.33173 0.0419598
-1.33189 0.0421143

-1.33142 0.0416735
-1.33157 0.0418091

-1.33173 0.0419592
-1.33157 0.0418091

-1.33203 0.0422523
-1.33189 0.0421143

-1.33142 0.0416724
-1.33124 0.0415039

-1.32898 0.0395879
-1.32909 0.0396729

-1.32928 0.0398309
-1.32947 0.039978

-1.32959 0.0400771
-1.32947 0.039978

-1.32928 0.0398296
-1.32909 0.0396729

-1.32867 0.0393484
-1.3287 0.0393677

-1.32898 0.0395869
-1.3287 0.0393677

-1.32867 0.0393484
-1.32837 0.039114

-1.32837 0.0391137
-1.3283 0.0390625

-1.34021 0.078125
-1.34014 0.0784302

-1.34014 0.0784302
-1.34007 0.0787354

-1.34007 0.0787354
-1.34 0.0790405

-1.34 0.0790405
-1.33997 0.0792083

-1.33997 0.079208
-1.33993 0.0793457

-1.33993 0.0793457
-1.33986 0.0796509

-1.33986 0.0796509
-1.33979 0.0799561

-1.33979 0.0799561
-1.33971 0.0802612

-1.33971 0.0802612
-1.33966 0.0804682

-1.33966 0.0804678
-1.33964 0.0805664

-1.33964 0.0805664
-1.33956 0.0808716

-1.33956 0.0808716
-1.33948 0.0811768

-1.33948 0.0811768
-1.3394 0.0814819

-1.3394 0.0814819
-1.33936 0.0816472

-1.33936 0.0816469
-1.33932 0.0817871

-1.33932 0.0817871
-1.33924 0.0820923

-1.33924 0.0820923
-1.33915 0.0823975

-1.33915 0.0823975
-1.33907 0.0827026

-1.33907 0.0827026
-1.33905 0.0827617

-1.33905 0.0827614
-1.33898 0.0830078

-1.33898 0.0830078
-1.33889 0.083313

-1.33889 0.083313
-1.3388 0.0836182

-1.3388 0.0836182
-1.33875 0.0838219

-1.33875 0.0838216
-1.33872 0.0839233

-1.33872 0.0839233
-1.33862 0.0842285

-1.33862 0.0842285
-1.33853 0.0845337

-1.33853 0.0845337
-1.33844 0.0848375

-1.33844 0.0848373
-1.33844 0.0848389

-1.33844 0.0848389
-1.33835 0.085144

-1.33835 0.085144
-1.33825 0.0854492

-1.33825 0.0854492
-1.33815 0.0857544

-1.33815 0.0857544
-1.33813 0.0858138

-1.33813 0.0858135
-1.33806 0.0860596

-1.33806 0.0860596
-1.33796 0.0863647

-1.33796 0.0863647
-1.33786 0.0866699

-1.33786 0.0866699
-1.33783 0.0867563

-1.33783 0.086756
-1.33776 0.0869751

-1.33776 0.0869751
-1.33766 0.0872803

-1.33766 0.0872803
-1.33755 0.0875854

-1.33755 0.0875854
-1.33752 0.087669

-1.33752 0.0876688
-1.33745 0.0878906

-1.33745 0.0878906
-1.33734 0.0881958

-1.33734 0.0881958
-1.33724 0.088501

-1.33724 0.088501
-1.33722 0.0885554

-1.33722 0.0885551
-1.33713 0.0888062

-1.33713 0.0888062
-1.33702 0.0891113

-1.33702 0.0891113
-1.33691 0.0894165

-1.33691 0.0894165
-1.33691 0.0894181

-1.33691 0.0894178
-1.3368 0.0897217

-1.3368 0.0897217
-1.33669 0.0900269

-1.33669 0.0900269
-1.33661 0.0902585

-1.33661 0.0902583
-1.33658 0.090332

-1.33658 0.090332
-1.33647 0.0906372

-1.33647 0.0906372
-1.33636 0.0909424

-1.33636 0.0909424
-1.3363 0.0910799

-1.3363 0.0910797
-1.33624 0.0912476

-1.33624 0.0912476
-1.33612 0.0915527

-1.33612 0.0915527
-1.33601 0.0918579

-1.33601 0.0918579
-1.336 0.0918837

-1.336 0.0918835
-1.33589 0.0921631

-1.33589 0.0921631
-1.33577 0.0924683

-1.33577 0.0924683
-1.33569 0.0926704

-1.33569 0.0926703
-1.33565 0.0927734

-1.33565 0.0927734
-1.33553 0.0930786

-1.33553 0.0930786
-1.33541 0.0933838

-1.33541 0.0933838
-1.33539 0.0934426

-1.33539 0.0934424
-1.33529 0.093689

-1.33529 0.093689
-1.33517 0.0939941

-1.33517 0.0939941
-1.33508 0.0942002

-1.33508 0.0942001
-1.33504 0.0942993

-1.33504 0.0942993
-1.33492 0.0946045

-1.33492 0.0946045
-1.33479 0.0949097

-1.33479 0.0949097
-1.33478 0.0949453

-1.33478 0.0949451
-1.33467 0.0952148

-1.33467 0.0952148
-1.33454 0.09552

-1.33454 0.09552
-1.33447 0.0956776

-1.33447 0.0956775
-1.33441 0.0958252

-1.33441 0.0958252
-1.33428 0.0961304

-1.33428 0.0961304
-1.33417 0.0963989

-1.33417 0.0963988
-1.33415 0.0964355

-1.33415 0.0964355
-1.33402 0.0967407

-1.33402 0.0967407
-1.33389 0.0970459

-1.33389 0.0970459
-1.33386 0.0971095

-1.33386 0.0971093
-1.33376 0.0973511

-1.33376 0.0973511
-1.33362 0.0976562

-1.33362 0.0976562
-1.33356 0.0978098

-1.33356 0.0978096
-1.33349 0.0979614

-1.33349 0.0979614
-1.33336 0.0982666

-1.33336 0.0982666
-1.33325 0.0985007

-1.33325 0.0985006
-1.33322 0.0985718

-1.33322 0.0985718
-1.33308 0.098877

-1.33308 0.098877
-1.33295 0.0991821

-1.33295 0.0991821
-1.33295 0.0991831

-1.33295 0.0991828
-1.33281 0.0994873

-1.33281 0.0994873
-1.33267 0.0997925

-1.33267 0.0997925
-1.33264 0.0998563

-1.33264 0.0998561
-1.33253 0.100098

-1.33253 0.100098
-1.33239 0.100403

-1.33239 0.100403
-1.33234 0.100522

-1.33234 0.100521
-1.33225 0.100708

-1.33225 0.100708
-1.33211 0.101013

-1.33211 0.101013
-1.33203 0.101179

-1.33203 0.101179
-1.33197 0.101318

-1.33197 0.101318
-1.33182 0.101624

-1.33182 0.101624
-1.33173 0.10183

-1.33173 0.10183
-1.33168 0.101929

-1.33168 0.101929
-1.33153 0.102234

-1.33153 0.102234
-1.33142 0.102473

-1.33142 0.102473
-1.33139 0.102539

-1.33139 0.102539
-1.33124 0.102844

-1.33124 0.102844
-1.33112 0.10311

-1.33112 0.10311
-1.3311 0.103149

-1.3311 0.103149
-1.33095 0.103455

-1.33095 0.103455
-1.33081 0.103741

-1.33081 0.103741
-1.3308 0.10376

-1.3308 0.10376
-1.33065 0.104065

-1.33065 0.104065
-1.33051 0.104366

-1.33051 0.104365
-1.3305 0.10437

-1.3305 0.10437
-1.33035 0.104675

-1.33035 0.104675
-1.3302 0.10498

-1.3302 0.10498
-1.3302 0.104984

-1.3302 0.104984
-1.33005 0.105286

-1.33005 0.105286
-1.3299 0.105591

-1.3299 0.105591
-1.3299 0.105598

-1.3299 0.105597
-1.32975 0.105896

-1.32975 0.105896
-1.32959 0.106201

-1.32959 0.106201
-1.32959 0.106205

-1.32959 0.106205
-1.32944 0.106506

-1.32944 0.106506
-1.32928 0.106808

-1.32928 0.106808
-1.32928 0.106812

-1.32928 0.106812
-1.32913 0.107117

-1.32913 0.107117
-1.32898 0.107406

-1.32898 0.107406
-1.32897 0.107422

-1.32897 0.107422
-1.32881 0.107727

-1.32881 0.107727
-1.32867 0.107999

-1.32867 0.107998
-1.32866 0.108032

-1.32866 0.108032
-1.3285 0.108337

-1.3285 0.108337
-1.32837 0.108587

-1.32837 0.108587
-1.32834 0.108643

-1.32834 0.108643
-1.32818 0.108948

-1.32818 0.108948
-1.32806 0.109171

-1.32806 0.109171
-1.32802 0.109253

-1.32802 0.109253
-1.32786 0.109558

-1.32786 0.109558
-1.32776 0.109751

-1.32776 0.10975
-1.3277 0.109863

-1.3277 0.109863
-1.32754 0.110168

-1.32754 0.110168
-1.32745 0.110326

-1.32745 0.110326
-1.32738 0.110474

-1.32738 0.110474
-1.32721 0.110779

-1.32721 0.110779
-1.32715 0.110898

-1.32715 0.110898
-1.32705 0.111084

-1.32705 0.111084
-1.32688 0.111389

-1.32688 0.111389
-1.32684 0.111465

-1.32684 0.111465
-1.32672 0.111694

-1.32672 0.111694
-1.32655 0.112

-1.32655 0.112
-1.32654 0.11203

-1.32654 0.112029
-1.32639 0.112305

-1.32639 0.112305
-1.32623 0.11259

-1.32623 0.11259
-1.32622 0.11261

-1.32622 0.11261
-1.32605 0.112915

-1.32605 0.112915
-1.32593 0.113147

-1.32593 0.113147
-1.32589 0.11322

-1.32589 0.11322
-1.32572 0.113525

-1.32572 0.113525
-1.32562 0.1137

-1.32562 0.1137
-1.32555 0.113831

-1.32555 0.113831
-1.32538 0.114136

-1.32538 0.114136
-1.32532 0.11425

-1.32532 0.11425
-1.32521 0.114441

-1.32521 0.114441
-1.32504 0.114746

-1.32504 0.114746
-1.32501 0.114797

-1.32501 0.114797
-1.32487 0.115051

-1.32487 0.115051
-1.32471 0.115341

-1.32471 0.115341
-1.3247 0.115356

-1.3247 0.115356
-1.32453 0.115662

-1.32453 0.115662
-1.3244 0.115882

-1.3244 0.115882
-1.32435 0.115967

-1.32435 0.115967
-1.32418 0.116272

-1.32418 0.116272
-1.3241 0.11642

-1.3241 0.11642
-1.32401 0.116577

-1.32401 0.116577
-1.32383 0.116882

-1.32383 0.116882
-1.32379 0.116955

-1.32379 0.116955
-1.32366 0.117188

-1.32366 0.117188
-1.32349 0.117487

-1.32349 0.117487
-1.32348 0.117493

-1.32348 0.117493
-1.32331 0.117798

-1.32331 0.117798
-1.32318 0.118017

-1.32318 0.118016
-1.32313 0.118103

-1.32313 0.118103
-1.32295 0.118408

-1.32295 0.118408
-1.32288 0.118543

-1.32288 0.118543
-1.32278 0.118713

-1.32278 0.118713
-1.3226 0.119019

-1.3226 0.119019
-1.32257 0.119068

-1.32257 0.119068
-1.32242 0.119324

-1.32242 0.119324
-1.32227 0.11959

-1.32227 0.119589
-1.32224 0.119629

-1.32224 0.119629
-1.32206 0.119934

-1.32206 0.119934
-1.32196 0.120109

-1.32196 0.120109
-1.32188 0.120239

-1.32188 0.120239
-1.3217 0.120544

-1.3217 0.120544
-1.32166 0.120626

-1.32166 0.120626
-1.32152 0.12085

-1.32152 0.12085
-1.32135 0.121141

-1.32135 0.12114
-1.32134 0.121155

-1.32134 0.121155
-1.32116 0.12146

-1.32116 0.12146
-1.32104 0.121653

-1.32104 0.121653
-1.32098 0.121765

-1.32098 0.121765
-1.3208 0.12207

-1.3208 0.12207
-1.32074 0.122163

-1.32074 0.122163
-1.32061 0.122375

-1.32061 0.122375
-1.32043 0.122671

-1.32043 0.122671
-1.32043 0.122681

-1.32043 0.122681
-1.32024 0.122986

-1.32024 0.122986
-1.32013 0.123177

-1.32013 0.123177
-1.32006 0.123291

-1.32006 0.123291
-1.31988 0.123596

-1.31988 0.123596
-1.31982 0.123681

-1.31982 0.12368
-1.31969 0.123901

-1.31969 0.123901
-1.31952 0.124182

-1.31952 0.124182
-1.3195 0.124207

-1.3195 0.124207
-1.31932 0.124512

-1.31932 0.124512
-1.31921 0.124682

-1.31921 0.124682
-1.31913 0.124817

-1.31913 0.124817
-1.31894 0.125122

-1.31894 0.125122
-1.31891 0.12518

-1.31891 0.12518
-1.31876 0.125427

-1.31876 0.125427
-1.3186 0.125676

-1.3186 0.125675
-1.31857 0.125732

-1.31857 0.125732
-1.31838 0.126038

-1.31838 0.126038
-1.3183 0.12617

-1.3183 0.12617
-1.31819 0.126343

-1.31819 0.126343
-1.318 0.126648

-1.318 0.126648
-1.31799 0.126662

-1.31799 0.126662
-1.31781 0.126953

-1.31781 0.126953
-1.31769 0.127152

-1.31769 0.127152
-1.31762 0.127258

-1.31762 0.127258
-1.31743 0.127563

-1.31743 0.127563
-1.31738 0.127641

-1.31738 0.127641
-1.31724 0.127869

-1.31724 0.127869
-1.31708 0.128128

-1.31708 0.128127
-1.31705 0.128174

-1.31705 0.128174
-1.31686 0.128479

-1.31686 0.128479
-1.31677 0.128613

-1.31677 0.128613
-1.31666 0.128784

-1.31666 0.128784
-1.31647 0.129089

-1.31647 0.129089
-1.31647 0.129097

-1.31647 0.129097
-1.31628 0.129395

-1.31628 0.129395
-1.31616 0.129579

-1.31616 0.129579
-1.31609 0.1297

-1.31609 0.1297
-1.31589 0.130005

-1.31589 0.130005
-1.31586 0.13006

-1.31586 0.130059
-1.3157 0.13031

-1.3157 0.13031
-1.31555 0.130538

-1.31555 0.130538
-1.3155 0.130615

-1.3155 0.130615
-1.31531 0.13092

-1.31531 0.13092
-1.31525 0.131016

-1.31525 0.131015
-1.31511 0.131226

-1.31511 0.131226
-1.31494 0.131491

-1.31494 0.131491
-1.31492 0.131531

-1.31492 0.131531
-1.31472 0.131836

-1.31472 0.131836
-1.31464 0.131966

-1.31464 0.131965
-1.31452 0.132141

-1.31452 0.132141
-1.31433 0.132438

-1.31433 0.132438
-1.31433 0.132446

-1.31433 0.132446
-1.31413 0.132751

-1.31413 0.132751
-1.31403 0.13291

-1.31403 0.13291
-1.31393 0.133057

-1.31393 0.133057
-1.31373 0.133362

-1.31373 0.133362
-1.31372 0.13338

-1.31372 0.13338
-1.31353 0.133667

-1.31353 0.133667
-1.31342 0.133849

-1.31342 0.133849
-1.31334 0.133972

-1.31334 0.133972
-1.31314 0.134277

-1.31314 0.134277
-1.31311 0.134317

-1.31311 0.134316
-1.31294 0.134583

-1.31294 0.134583
-1.31281 0.134782

-1.31281 0.134782
-1.31274 0.134888

-1.31274 0.134888
-1.31254 0.135193

-1.31254 0.135193
-1.3125 0.135248

-1.30945 0.0292866
-1.30948 0.0292969

-1.30945 0.0292864
-1.30914 0.0291725

-1.30914 0.0291724
-1.30884 0.0290592

-1.30853 0.0289472
-1.30865 0.0289917

-1.30884 0.0290592
-1.30865 0.0289917

-1.30853 0.0289471
-1.30823 0.0288356

-1.30762 0.0286153
-1.30782 0.0286865

-1.30823 0.0288356
-1.30792 0.028725

-1.30792 0.0287249
-1.30782 0.0286865

-1.30762 0.0286153
-1.30731 0.0285062

-1.30731 0.0285062
-1.30701 0.0283979

-1.3067 0.0282906
-1.30696 0.0283813

-1.30701 0.028398
-1.30696 0.0283813

-1.3067 0.0282906
-1.3064 0.0281838

-1.30579 0.0279728
-1.30609 0.0280762

-1.30579 0.0279727
-1.30548 0.0278682

-1.30518 0.0277646
-1.30519 0.027771

-1.30548 0.0278681
-1.3052 0.027771

-1.3064 0.0281838
-1.30609 0.0280779

-1.30609 0.0280779
-1.30609 0.0280762

-1.30518 0.0277645
-1.30487 0.0276614

-1.30487 0.0276614
-1.30457 0.0275589

-1.30426 0.0274574
-1.30429 0.0274658

-1.30426 0.0274573
-1.30396 0.0273563

-1.30457 0.0275589
-1.30429 0.0274658

-1.30396 0.0273562
-1.30365 0.0272558

-1.30334 0.0271563
-1.30336 0.0271606

-1.30365 0.0272558
-1.30336 0.0271606

-1.30334 0.0271562
-1.30304 0.0270571

-1.30304 0.027057
-1.30273 0.0269585

-1.3125 0.0304771
-1.31219 0.0303536

-1.31219 0.0303535
-1.31189 0.030231

-1.31158 0.0301097
-1.31184 0.0302124

-1.31189 0.0302311
-1.31184 0.0302124

-1.31158 0.0301096
-1.31128 0.0299891

-1.31097 0.0298699
-1.31107 0.0299072

-1.31097 0.0298698
-1.31067 0.0297512

-1.31128 0.029989
-1.31107 0.0299072

-1.31067 0.0297511
-1.31036 0.0296335

-1.31006 0.029517
-1.31028 0.0296021

-1.31036 0.0296335
-1.31028 0.0296021

-1.31006 0.029517
-1.30975 0.0294012

-1.30975 0.0294011
-1.30948 0.0292969

-1.30212 0.0267636
-1.30241 0.0268555

-1.30212 0.0267635
-1.30182 0.0266669

-1.30182 0.0266669
-1.30151 0.0265709

-1.30121 0.0264755
-1.30145 0.0265503

-1.30151 0.0265709
-1.30145 0.0265503

-1.30121 0.0264755
-1.3009 0.0263806

-1.30029 0.0261927
-1.30046 0.0262451

-1.3009 0.0263806
-1.3006 0.0262863

-1.3006 0.0262863
-1.30046 0.0262451

-1.30273 0.0269585
-1.30243 0.0268607

-1.30243 0.0268607
-1.30241 0.0268555

-1.30029 0.0261927
-1.29999 0.0260995

-1.29999 0.0260995
-1.29968 0.0260068

-1.29938 0.0259149
-1.29946 0.0259399

-1.29968 0.0260068
-1.29946 0.0259399

-1.29938 0.0259149
-1.29907 0.0258233

-1.29816 0.025552
-1.29844 0.0256348

-1.29816 0.025552
-1.29785 0.0254625

-1.29907 0.0258233
-1.29877 0.0257323

-1.29877 0.0257323
-1.29846 0.0256419

-1.29846 0.0256419
-1.29844 0.0256348

-1.29388 0.0243439
-1.29414 0.0244141

-1.29388 0.0243439
-1.29358 0.024261

-1.29358 0.024261
-1.29327 0.0241785

-1.29297 0.0240966
-1.29301 0.0241089

-1.29327 0.0241785
-1.29301 0.0241089

-1.29785 0.0254625
-1.29755 0.0253736

-1.29724 0.0252852
-1.29739 0.0253296

-1.29755 0.0253736
-1.29739 0.0253296

-1.29724 0.0252852
-1.29694 0.0251972

-1.29694 0.0251972
-1.29663 0.0251097

-1.29633 0.025023
-1.29633 0.0250244

-1.29633 0.0250229
-1.29602 0.0249364

-1.29663 0.0251097
-1.29633 0.0250244

-1.29602 0.0249364
-1.29572 0.0248503

-1.29572 0.0248503
-1.29541 0.0247648

-1.2951 0.0246797
-1.29525 0.0247192

-1.29541 0.0247648
-1.29525 0.0247192

-1.2951 0.0246797
-1.2948 0.024595

-1.2948 0.024595
-1.29449 0.0245108

-1.29449 0.0245108
-1.29419 0.0244271

-1.29419 0.0244272
-1.29414 0.0244141

-1.29297 0.0240966
-1.29266 0.024015

-1.29266 0.0240149
-1.29236 0.0239337

-1.29175 0.0237728
-1.29187 0.0238037

-1.29236 0.0239337
-1.29205 0.023853

-1.29205 0.023853
-1.29187 0.0238037

-1.29175 0.0237727
-1.29144 0.0236928

-1.29144 0.0236927
-1.29114 0.0236132

-1.29114 0.0236132
-1.29083 0.0235341

-1.29053 0.0234554
-1.29069 0.0234985

-1.29083 0.0235341
-1.29069 0.0234985

-1.28931 0.0231443
-1.2895 0.0231934

-1.29053 0.0234553
-1.29022 0.0233769

-1.29022 0.0233769
-1.28992 0.0232989

-1.28992 0.023299
-1.28961 0.0232214

-1.28961 0.0232214
-1.2895 0.0231934

-1.28931 0.0231442
-1.289 0.0230674

-1.289 0.0230673
-1.2887 0.0229909

-1.2887 0.0229909
-1.28839 0.0229148

-1.28809 0.0228391
-1.28828 0.0228882

-1.28839 0.0229148
-1.28828 0.0228882

-1.28809 0.0228391
-1.28778 0.0227637

-1.28778 0.0227636
-1.28748 0.0226886

-1.28687 0.0225398
-1.28704 0.022583

-1.28748 0.0226887
-1.28717 0.0226141

-1.28717 0.0226141
-1.28704 0.022583

-1.28687 0.0225398
-1.28656 0.0224658

-1.28656 0.0224657
-1.28625 0.0223921

-1.28625 0.0223922
-1.28595 0.0223189

-1.28564 0.022246
-1.28578 0.0222778

-1.28595 0.0223189
-1.28578 0.0222778

-1.28442 0.0219577
-1.28449 0.0219727

-1.28442 0.0219577
-1.28412 0.0218864

-1.28412 0.0218864
-1.28381 0.0218154

-1.28381 0.0218154
-1.28351 0.0217448

-1.28351 0.0217448
-1.2832 0.0216745

-1.28564 0.022246
-1.28534 0.0221733

-1.28534 0.0221733
-1.28503 0.0221011

-1.28503 0.0221011
-1.28473 0.0220292

-1.28473 0.0220292
-1.28449 0.0219727

-1.2829 0.0216045
-1.28317 0.0216675

-1.2832 0.0216745
-1.28317 0.0216675

-1.2829 0.0216045
-1.28259 0.0215347

-1.28259 0.0215347
-1.28229 0.0214654

-1.28229 0.0214654
-1.28198 0.0213964

-1.28168 0.0213277
-1.28183 0.0213623

-1.28168 0.0213277
-1.28137 0.0212592

-1.28198 0.0213964
-1.28183 0.0213623

-1.28137 0.0212592
-1.28107 0.021191

-1.28107 0.021191
-1.28076 0.0211232

-1.28046 0.0210557
-1.28046 0.0210571

-1.28076 0.0211233
-1.28046 0.0210571

-1.28046 0.0210557
-1.28015 0.0209884

-1.28015 0.0209884
-1.27985 0.0209214

-1.27985 0.0209213
-1.27954 0.0208547

-1.27893 0.0207224
-1.27907 0.020752

-1.27893 0.0207223
-1.27863 0.0206565

-1.27863 0.0206565
-1.27832 0.0205909

-1.27954 0.0208547
-1.27924 0.0207884

-1.27924 0.0207884
-1.27907 0.020752

-1.27832 0.0205909
-1.27802 0.0205258

-1.27802 0.0205258
-1.27771 0.0204609

-1.2774 0.0203961
-1.27764 0.0204468

-1.27771 0.0204609
-1.27764 0.0204468

-1.2774 0.0203961
-1.2771 0.0203316

-1.2771 0.0203316
-1.27679 0.0202674

-1.27679 0.0202675
-1.27649 0.0202037

-1.27618 0.0201401
-1.27619 0.0201416

-1.27618 0.0201401
-1.27588 0.0200767

-1.27649 0.0202037
-1.27619 0.0201416

-1.27588 0.0200767
-1.27557 0.0200136

-1.27557 0.0200136
-1.27527 0.0199508

-1.27527 0.0199509
-1.27496 0.0198884

-1.27466 0.0198261
-1.27471 0.0198364

-1.27496 0.0198884
-1.27471 0.0198364

-1.27466 0.0198261
-1.27435 0.019764

-1.27435 0.0197639
-1.27405 0.0197021

-1.27405 0.0197021
-1.27374 0.0196407

-1.27374 0.0196407
-1.27344 0.0195796

-1.27313 0.0195186
-1.2732 0.0195312

-1.27313 0.0195186
-1.27283 0.0194578

-1.27283 0.0194578
-1.27252 0.0193972

-1.27252 0.0193972
-1.27222 0.019337

-1.27222 0.0193371
-1.27191 0.0192771

-1.27161 0.0192173
-1.27165 0.0192261

-1.27191 0.0192772
-1.27165 0.0192261

-1.27161 0.0192173
-1.2713 0.0191577

-1.2713 0.0191577
-1.271 0.0190984

-1.271 0.0190983
-1.27069 0.0190393

-1.27069 0.0190394
-1.27039 0.0189807

-1.26978 0.0188638
-1.27007 0.0189209

-1.27039 0.0189807
-1.27008 0.0189222

-1.27008 0.0189222
-1.27007 0.0189209

-1.26978 0.0188638
-1.26947 0.0188057

-1.26947 0.0188056
-1.26917 0.0187478

-1.26917 0.0187478
-1.26886 0.0186903

-1.26886 0.0186903
-1.26855 0.018633

-1.26825 0.0185757
-1.26846 0.0186157

-1.26855 0.018633
-1.26846 0.0186157

-1.26825 0.0185757
-1.26794 0.0185186

-1.26794 0.0185186
-1.26764 0.0184619

-1.26764 0.0184619
-1.26733 0.0184055

-1.26672 0.0182934
-1.26682 0.0183105

-1.26672 0.0182934
-1.26642 0.0182375

-1.26642 0.0182375
-1.26611 0.0181819

-1.26733 0.0184056
-1.26703 0.0183494

-1.26703 0.0183494
-1.26682 0.0183105

-1.26611 0.0181819
-1.26581 0.0181266

-1.26581 0.0181266
-1.2655 0.0180716

-1.2655 0.0180716
-1.2652 0.0180167

-1.26489 0.0179618
-1.26514 0.0180054

-1.2652 0.0180167
-1.26513 0.0180054

-1.26489 0.0179618
-1.26459 0.0179072

-1.26459 0.0179072
-1.26428 0.0178529

-1.26428 0.0178529
-1.26398 0.0177989

-1.26398 0.0177989
-1.26367 0.0177452

-1.26337 0.0176915
-1.26342 0.0177002

-1.26337 0.0176915
-1.26306 0.017638

-1.26367 0.0177452
-1.26342 0.0177002

-1.26306 0.017638
-1.26276 0.0175847

-1.26276 0.0175847
-1.26245 0.0175317

-1.26245 0.0175317
-1.26215 0.017479

-1.26215 0.017479
-1.26184 0.0174265

-1.26154 0.0173739
-1.26166 0.017395

-1.26184 0.0174265
-1.26166 0.017395

-1.26154 0.0173739
-1.26123 0.0173216

-1.2597 0.0170638
-1.25986 0.0170898

-1.2597 0.0170638
-1.2594 0.0170127

-1.2594 0.0170127
-1.25909 0.0169619

-1.25909 0.0169619
-1.25879 0.0169113

-1.26123 0.0173216
-1.26093 0.0172695

-1.26093 0.0172695
-1.26062 0.0172177

-1.26062 0.0172178
-1.26031 0.0171663

-1.26031 0.0171663
-1.26001 0.017115

-1.26001 0.017115
-1.25986 0.0170898

-1.25879 0.0169113
-1.25848 0.016861

-1.25848 0.0168611
-1.25818 0.0168109

-1.25787 0.0167607
-1.25802 0.0167847

-1.25818 0.0168109
-1.25802 0.0167847

-1.25787 0.0167607
-1.25757 0.0167107

-1.25757 0.0167107
-1.25726 0.0166609

-1.25726 0.0166609
-1.25696 0.0166115

-1.25696 0.0166115
-1.25665 0.0165623

-1.25665 0.0165624
-1.25635 0.0165134

-1.25604 0.0164644
-1.25614 0.0164795

-1.25604 0.0164644
-1.25574 0.0164156

-1.25635 0.0165134
-1.25614 0.0164795

-1.25574 0.0164156
-1.25543 0.0163671

-1.25543 0.0163671
-1.25513 0.0163187

-1.25513 0.0163187
-1.25482 0.0162706

-1.25482 0.0162707
-1.25452 0.0162228

-1.25452 0.0162228
-1.25421 0.0161749

-1.25391 0.0161271
-1.25421 0.0161743

-1.25421 0.016175
-1.25421 0.0161743

-1.27344 0.0195796
-1.2732 0.0195312

-1.25391 0.0161271
-1.2536 0.0160795

-1.2536 0.0160795
-1.2533 0.0160322

-1.2533 0.0160322
-1.25299 0.0159852

-1.25299 0.0159852
-1.25269 0.0159385

-1.25208 0.0158452
-1.25223 0.0158691

-1.25208 0.0158452
-1.25177 0.0157988

-1.25177 0.0157988
-1.25146 0.0157526

-1.25269 0.0159385
-1.25238 0.0158919

-1.25238 0.0158919
-1.25223 0.0158691

-1.25146 0.0157526
-1.25116 0.0157066

-1.25116 0.0157066
-1.25085 0.0156608

-1.25085 0.0156608
-1.25055 0.0156153

-1.25055 0.0156153
-1.25024 0.0155697

-1.24994 0.0155242
-1.25021 0.015564

-1.25024 0.0155697
-1.25021 0.015564

-1.24994 0.0155241
-1.24963 0.0154788

-1.24963 0.0154788
-1.24933 0.0154337

-1.24933 0.0154337
-1.24902 0.0153889

-1.24902 0.0153889
-1.24872 0.0153444

-1.24872 0.0153444
-1.24841 0.0153

-1.24811 0.0152556
-1.24813 0.0152588

-1.24811 0.0152556
-1.2478 0.0152113

-1.24841 0.0153
-1.24813 0.0152588

-1.2478 0.0152114
-1.2475 0.0151673

-1.2475 0.0151673
-1.24719 0.0151234

-1.24719 0.0151234
-1.24689 0.0150797

-1.24689 0.0150798
-1.24658 0.0150364

-1.24658 0.0150364
-1.24628 0.0149931

-1.24597 0.0149497
-1.246 0.0149536

-1.24628 0.0149931
-1.246 0.0149536

-1.24597 0.0149497
-1.24567 0.0149065

-1.24567 0.0149065
-1.24536 0.0148635

-1.24536 0.0148635
-1.24506 0.0148207

-1.24506 0.0148206
-1.24475 0.0147781

-1.24475 0.0147781
-1.24445 0.0147359

-1.24445 0.0147359
-1.24414 0.0146938

-1.24353 0.0146097
-1.24381 0.0146484

-1.24353 0.0146097
-1.24323 0.0145679

-1.24323 0.0145679
-1.24292 0.0145262

-1.24292 0.0145262
-1.24261 0.0144847

-1.24261 0.0144848
-1.24231 0.0144436

-1.24231 0.0144436
-1.242 0.0144025

-1.242 0.0144025
-1.2417 0.0143615

-1.24139 0.0143204
-1.24156 0.0143433

-1.2417 0.0143615
-1.24156 0.0143433

-1.24139 0.0143204
-1.24109 0.0142795

-1.24109 0.0142795
-1.24078 0.0142388

-1.24078 0.0142388
-1.24048 0.0141983

-1.24048 0.0141982
-1.24017 0.014158

-1.24017 0.014158
-1.23987 0.014118

-1.23987 0.014118
-1.23956 0.0140782

-1.23956 0.0140782
-1.23926 0.0140383

-1.24414 0.0146938
-1.24384 0.0146517

-1.24384 0.0146517
-1.24381 0.0146484

-1.23895 0.0139985
-1.23926 0.0140381

-1.23895 0.0139985
-1.23865 0.0139589

-1.23926 0.0140384
-1.23926 0.0140381

-1.23865 0.0139589
-1.23834 0.0139194

-1.23834 0.0139194
-1.23804 0.0138802

-1.23804 0.0138801
-1.23773 0.0138411

-1.23773 0.0138411
-1.23743 0.0138023

-1.23743 0.0138023
-1.23712 0.0137635

-1.23682 0.0137246
-1.23688 0.0137329

-1.23712 0.0137635
-1.23688 0.0137329

-1.23682 0.0137246
-1.23651 0.0136858

-1.23651 0.0136858
-1.23621 0.0136472

-1.23621 0.0136472
-1.2359 0.0136088

-1.2359 0.0136088
-1.2356 0.0135707

-1.23438 0.0134198
-1.23444 0.0134277

-1.2356 0.0135706
-1.23529 0.0135327

-1.23529 0.0135328
-1.23499 0.0134951

-1.23499 0.0134951
-1.23468 0.0134575

-1.23468 0.0134575
-1.23444 0.0134277

-1.3125 0.135247
-1.31233 0.135498

-1.31233 0.135498
-1.31219 0.13571

-1.31219 0.13571
-1.31213 0.135803

-1.31213 0.135803
-1.31193 0.136108

-1.31193 0.136108
-1.31189 0.136173

-1.31189 0.136173
-1.31173 0.136414

-1.31173 0.136414
-1.31158 0.136634

-1.31158 0.136633
-1.31153 0.136719

-1.31153 0.136719
-1.31133 0.137024

-1.31133 0.137024
-1.31128 0.137094

-1.31128 0.137093
-1.31112 0.137329

-1.31112 0.137329
-1.31097 0.137552

-1.31097 0.137551
-1.31092 0.137634

-1.31092 0.137634
-1.31072 0.137939

-1.31072 0.137939
-1.31067 0.13801

-1.31067 0.138009
-1.31051 0.138245

-1.31051 0.138245
-1.31036 0.138466

-1.31036 0.138465
-1.31031 0.13855

-1.31031 0.13855
-1.3101 0.138855

-1.3101 0.138855
-1.31006 0.138921

-1.31006 0.138921
-1.3099 0.13916

-1.3099 0.13916
-1.30975 0.139375

-1.30975 0.139374
-1.30969 0.139465

-1.30969 0.139465
-1.30949 0.139771

-1.30949 0.139771
-1.30945 0.139828

-1.30945 0.139828
-1.30928 0.140076

-1.30928 0.140076
-1.30914 0.140279

-1.30914 0.140279
-1.30907 0.140381

-1.30907 0.140381
-1.30887 0.140686

-1.30887 0.140686
-1.30884 0.140731

-1.30884 0.14073
-1.30866 0.140991

-1.30866 0.140991
-1.30853 0.14118

-1.30853 0.141179
-1.30845 0.141296

-1.30845 0.141296
-1.30825 0.141602

-1.30825 0.141602
-1.30823 0.141629

-1.30823 0.141628
-1.30804 0.141907

-1.30804 0.141907
-1.30792 0.142076

-1.30792 0.142076
-1.30783 0.142212

-1.30783 0.142212
-1.30762 0.142517

-1.30762 0.142517
-1.30762 0.142523

-1.30762 0.142522
-1.30741 0.142822

-1.30741 0.142822
-1.30731 0.142968

-1.30731 0.142968
-1.3072 0.143127

-1.3072 0.143127
-1.30701 0.143413

-1.30701 0.143412
-1.30699 0.143433

-1.30699 0.143433
-1.30678 0.143738

-1.30678 0.143738
-1.3067 0.143857

-1.3067 0.143856
-1.30657 0.144043

-1.30657 0.144043
-1.3064 0.144299

-1.3064 0.144298
-1.30636 0.144348

-1.30636 0.144348
-1.30615 0.144653

-1.30615 0.144653
-1.30609 0.144741

-1.30609 0.144741
-1.30594 0.144958

-1.30594 0.144958
-1.30579 0.145181

-1.30579 0.14518
-1.30573 0.145264

-1.30573 0.145264
-1.30552 0.145569

-1.30552 0.145569
-1.30548 0.145622

-1.30548 0.145621
-1.30531 0.145874

-1.30531 0.145874
-1.30518 0.14606

-1.30518 0.14606
-1.30509 0.146179

-1.30509 0.146179
-1.30488 0.146484

-1.30488 0.146484
-1.30487 0.146499

-1.30487 0.146498
-1.30467 0.14679

-1.30467 0.14679
-1.30457 0.146936

-1.30457 0.146935
-1.30445 0.147095

-1.30445 0.147095
-1.30426 0.147372

-1.30426 0.147372
-1.30424 0.1474

-1.30424 0.1474
-1.30403 0.147705

-1.30403 0.147705
-1.30396 0.147808

-1.30396 0.147807
-1.30381 0.14801

-1.30381 0.14801
-1.30365 0.148242

-1.30365 0.148241
-1.3036 0.148315

-1.3036 0.148315
-1.30338 0.148621

-1.30338 0.148621
-1.30334 0.148677

-1.30334 0.148676
-1.30317 0.148926

-1.30317 0.148926
-1.30304 0.149109

-1.30304 0.149108
-1.30295 0.149231

-1.30295 0.149231
-1.30274 0.149536

-1.30274 0.149536
-1.30273 0.149541

-1.30273 0.149541
-1.30252 0.149841

-1.30252 0.149841
-1.30243 0.149973

-1.30243 0.149972
-1.30231 0.150146

-1.30231 0.150146
-1.30212 0.150403

-1.30212 0.150403
-1.30209 0.150452

-1.30209 0.150452
-1.30187 0.150757

-1.30187 0.150757
-1.30182 0.150834

-1.30182 0.150833
-1.30166 0.151062

-1.30166 0.151062
-1.30151 0.151262

-1.30151 0.151261
-1.30144 0.151367

-1.30144 0.151367
-1.30122 0.151672

-1.30122 0.151672
-1.30121 0.15169

-1.30121 0.15169
-1.301 0.151978

-1.301 0.151978
-1.3009 0.152118

-1.3009 0.152118
-1.30079 0.152283

-1.30079 0.152283
-1.3006 0.152545

-1.3006 0.152544
-1.30057 0.152588

-1.30057 0.152588
-1.30035 0.152893

-1.30035 0.152893
-1.30029 0.152971

-1.30029 0.152971
-1.30013 0.153198

-1.30013 0.153198
-1.29999 0.153396

-1.29999 0.153395
-1.29991 0.153503

-1.29991 0.153503
-1.29969 0.153809

-1.29969 0.153809
-1.29968 0.153821

-1.29968 0.153821
-1.29947 0.154114

-1.29947 0.154114
-1.29938 0.154245

-1.29938 0.154244
-1.29925 0.154419

-1.29925 0.154419
-1.29907 0.154668

-1.29907 0.154667
-1.29903 0.154724

-1.29903 0.154724
-1.29881 0.155029

-1.29881 0.155029
-1.29877 0.155091

-1.29877 0.15509
-1.29859 0.155334

-1.29859 0.155334
-1.29846 0.155512

-1.29846 0.155511
-1.29837 0.15564

-1.29837 0.15564
-1.29816 0.155933

-1.29816 0.155933
-1.29815 0.155945

-1.29815 0.155945
-1.29793 0.15625

-1.23438 0.0134198
-1.23407 0.0133823

-1.23407 0.0133823
-1.23376 0.013345

-1.23376 0.013345
-1.23346 0.0133078

-1.23346 0.0133078
-1.23315 0.0132707

-1.23315 0.0132707
-1.23285 0.0132339

-1.23285 0.0132339
-1.23254 0.0131973

-1.23254 0.0131973
-1.23224 0.0131607

-1.23224 0.0131608
-1.23193 0.0131241

-1.23163 0.0130874
-1.23192 0.0131226

-1.23193 0.0131241
-1.23192 0.0131226

-1.23163 0.0130874
-1.23132 0.013051

-1.23132 0.013051
-1.23102 0.0130147

-1.23102 0.0130147
-1.23071 0.0129786

-1.23071 0.0129786
-1.23041 0.0129427

-1.23041 0.0129428
-1.2301 0.0129071

-1.2301 0.0129072
-1.2298 0.0128717

-1.2298 0.0128717
-1.22949 0.0128363

-1.22919 0.0128008
-1.22933 0.0128174

-1.22919 0.0128008
-1.22888 0.0127654

-1.22949 0.0128363
-1.22933 0.0128174

-1.22888 0.0127654
-1.22858 0.0127303

-1.22858 0.0127303
-1.22827 0.0126953

-1.22827 0.0126953
-1.22797 0.0126604

-1.22797 0.0126604
-1.22766 0.0126257

-1.22766 0.0126258
-1.22736 0.0125913

-1.22736 0.0125913
-1.22705 0.0125569

-1.22705 0.0125569
-1.22675 0.0125224

-1.22644 0.0124879
-1.22666 0.0125122

-1.22675 0.0125224
-1.22666 0.0125122

-1.22644 0.0124879
-1.22614 0.0124535

-1.22614 0.0124535
-1.22583 0.0124194

-1.22583 0.0124194
-1.22552 0.0123854

-1.22552 0.0123854
-1.22522 0.0123516

-1.22522 0.0123516
-1.22491 0.012318

-1.22491 0.0123181
-1.22461 0.0122847

-1.22369 0.012185
-1.2239 0.012207

-1.22369 0.012185
-1.22339 0.0121519

-1.22339 0.0121519
-1.22308 0.012119

-1.22308 0.012119
-1.22278 0.0120862

-1.22278 0.0120862
-1.22247 0.0120535

-1.22247 0.0120535
-1.22217 0.012021

-1.22461 0.0122847
-1.2243 0.0122515

-1.2243 0.0122515
-1.224 0.0122183

-1.224 0.0122183
-1.2239 0.012207

-1.22217 0.012021
-1.22186 0.0119887

-1.22186 0.0119887
-1.22156 0.0119564

-1.22156 0.0119565
-1.22125 0.0119242

-1.22095 0.0118918
-1.22104 0.0119019

-1.22125 0.0119243
-1.22104 0.0119019

-1.22095 0.0118918
-1.22064 0.0118596

-1.22064 0.0118596
-1.22034 0.0118275

-1.22034 0.0118275
-1.22003 0.0117955

-1.22003 0.0117955
-1.21973 0.0117637

-1.21973 0.0117637
-1.21942 0.0117321

-1.21942 0.0117321
-1.21912 0.0117008

-1.21912 0.0117008
-1.21881 0.0116695

-1.21881 0.0116696
-1.21851 0.0116384

-1.2179 0.0115762
-1.2181 0.0115967

-1.21851 0.0116385
-1.2182 0.0116074

-1.2182 0.0116074
-1.2181 0.0115967

-1.2179 0.0115762
-1.21759 0.0115451

-1.21759 0.0115451
-1.21729 0.0115143

-1.21729 0.0115143
-1.21698 0.0114836

-1.21698 0.0114836
-1.21667 0.011453

-1.21667 0.0114529
-1.21637 0.0114225

-1.21637 0.0114225
-1.21606 0.0113922

-1.21606 0.0113922
-1.21576 0.0113621

-1.21576 0.0113621
-1.21545 0.0113319

-1.21545 0.011332
-1.21515 0.0113018

-1.21484 0.0112715
-1.21505 0.0112915

-1.21515 0.0113018
-1.21505 0.0112915

-1.21484 0.0112715
-1.21454 0.0112413

-1.21454 0.0112414
-1.21423 0.0112114

-1.21423 0.0112114
-1.21393 0.0111816

-1.21393 0.0111816
-1.21362 0.011152

-1.21362 0.0111519
-1.21332 0.0111225

-1.21332 0.0111225
-1.21301 0.0110933

-1.21301 0.0110933
-1.21271 0.0110642

-1.21271 0.0110642
-1.2124 0.0110352

-1.21179 0.0109773
-1.21189 0.0109863

-1.21179 0.0109773
-1.21149 0.0109483

-1.21149 0.0109483
-1.21118 0.0109196

-1.2124 0.0110352
-1.2121 0.0110063

-1.2121 0.0110063
-1.21189 0.0109863

-1.21118 0.0109196
-1.21088 0.010891

-1.21088 0.010891
-1.21057 0.0108625

-1.21057 0.0108625
-1.21027 0.0108341

-1.21027 0.0108341
-1.20996 0.0108058

-1.20996 0.0108059
-1.20966 0.0107777

-1.20966 0.0107777
-1.20935 0.0107497

-1.20935 0.0107497
-1.20905 0.0107217

-1.20905 0.0107218
-1.20874 0.0106937

-1.20844 0.0106655
-1.2086 0.0106812

-1.20874 0.0106937
-1.2086 0.0106812

-1.20844 0.0106655
-1.20813 0.0106375

-1.20813 0.0106375
-1.20782 0.0106096

-1.20782 0.0106096
-1.20752 0.0105818

-1.20752 0.0105818
-1.20721 0.0105542

-1.20721 0.0105542
-1.20691 0.0105267

-1.20691 0.0105267
-1.2066 0.0104995

-1.2066 0.0104995
-1.2063 0.0104724

-1.2063 0.0104724
-1.20599 0.0104454

-1.20599 0.0104454
-1.20569 0.0104185

-1.20508 0.0103647
-1.20521 0.010376

-1.20569 0.0104185
-1.20538 0.0103917

-1.20538 0.0103917
-1.20521 0.010376

-1.19775 0.00974663
-1.19799 0.00976562

-1.19775 0.00974662
-1.19745 0.00972192

-1.19745 0.00972193
-1.19714 0.00969739

-1.19714 0.00969739
-1.19684 0.00967298

-1.19684 0.00967298
-1.19653 0.00964866

-1.19653 0.00964866
-1.19623 0.0096244

-1.19623 0.00962437
-1.19592 0.00960023

-1.19592 0.00960026
-1.19562 0.00957624

-1.19562 0.00957625
-1.19531 0.00955231

-1.20508 0.0103647
-1.20477 0.0103378

-1.20477 0.0103378
-1.20447 0.0103111

-1.20447 0.0103111
-1.20416 0.0102845

-1.20416 0.0102845
-1.20386 0.0102581

-1.20386 0.0102581
-1.20355 0.0102317

-1.20355 0.0102317
-1.20325 0.0102054

-1.20325 0.0102054
-1.20294 0.0101793

-1.20294 0.0101793
-1.20264 0.0101533

-1.20264 0.0101533
-1.20233 0.0101274

-1.20233 0.0101274
-1.20203 0.0101015

-1.20203 0.0101015
-1.20172 0.0100755

-1.20142 0.0100493
-1.20167 0.0100708

-1.20172 0.0100755
-1.20167 0.0100708

-1.20142 0.0100493
-1.20111 0.0100233

-1.20111 0.0100233
-1.20081 0.00999754

-1.20081 0.00999755
-1.2005 0.00997189

-1.2005 0.00997189
-1.2002 0.00994636

-1.2002 0.00994635
-1.19989 0.00992095

-1.19989 0.00992093
-1.19958 0.00989573

-1.19958 0.00989576
-1.19928 0.00987071

-1.19928 0.00987071
-1.19897 0.00984578

-1.19897 0.00984579
-1.19867 0.00982098

-1.19867 0.009821
-1.19836 0.00979626

-1.19836 0.0097963
-1.19806 0.00977152

-1.19806 0.00977152
-1.19799 0.00976562

-1.19531 0.00955231
-1.19501 0.00952843

-1.19501 0.00952843
-1.1947 0.00950459

-1.1947 0.00950461
-1.1944 0.00948073

-1.19409 0.00945665
-1.19414 0.00946045

-1.1944 0.00948077
-1.19414 0.00946045

-1.19409 0.00945666
-1.19379 0.00943264

-1.19379 0.00943264
-1.19348 0.00940875

-1.19348 0.00940875
-1.19318 0.00938501

-1.19318 0.00938501
-1.19287 0.00936139

-1.19287 0.00936139
-1.19257 0.00933787

-1.19257 0.00933786
-1.19226 0.00931446

-1.19226 0.00931444
-1.19196 0.00929121

-1.19196 0.00929124
-1.19165 0.00926816

-1.19165 0.00926815
-1.19135 0.00924516

-1.19135 0.00924516
-1.19104 0.00922229

-1.19104 0.00922229
-1.19073 0.00919951

-1.19073 0.00919953
-1.19043 0.00917678

-1.19012 0.00915388
-1.19014 0.00915527

-1.19012 0.0091539
-1.18982 0.00913105

-1.19043 0.00917682
-1.19014 0.00915527

-1.18982 0.00913106
-1.18951 0.00910835

-1.18951 0.00910835
-1.18921 0.00908577

-1.18921 0.00908577
-1.1889 0.0090633

-1.1889 0.00906331
-1.1886 0.00904093

-1.1886 0.00904094
-1.18829 0.00901861

-1.18829 0.00901858
-1.18799 0.00899636

-1.18799 0.00899639
-1.18768 0.00897429

-1.18768 0.00897429
-1.18738 0.00895227

-1.18738 0.00895228
-1.18707 0.00893032

-1.18707 0.00893032
-1.18677 0.00890841

-1.18677 0.00890842
-1.18646 0.00888653

-1.18646 0.00888656
-1.18616 0.00886461

-1.18585 0.00884246
-1.18596 0.0088501

-1.18616 0.00886464
-1.18596 0.0088501

-1.18585 0.00884246
-1.18555 0.0088204

-1.18555 0.0088204
-1.18524 0.00879848

-1.18524 0.00879848
-1.18494 0.0087767

-1.18494 0.0087767
-1.18463 0.00875504

-1.18463 0.00875504
-1.18433 0.00873349

-1.18433 0.00873349
-1.18402 0.00871204

-1.18402 0.00871201
-1.18372 0.00869071

-1.18372 0.00869073
-1.18341 0.0086696

-1.18341 0.0086696
-1.18311 0.00864857

-1.18311 0.00864857
-1.1828 0.00862764

-1.1828 0.00862764
-1.1825 0.00860682

-1.1825 0.00860682
-1.18219 0.00858609

-1.18219 0.00858611
-1.18188 0.00856541

-1.18158 0.00854456
-1.18158 0.00854492

-1.18158 0.00854458
-1.18127 0.00852377

-1.18127 0.00852377
-1.18097 0.0085031

-1.18097 0.0085031
-1.18066 0.00848255

-1.18188 0.00856545
-1.18158 0.00854492

-1.18066 0.00848256
-1.18036 0.00846212

-1.18036 0.00846213
-1.18005 0.00844178

-1.18005 0.00844179
-1.17975 0.00842151

-1.17975 0.00842152
-1.17944 0.00840128

-1.17944 0.00840125
-1.17914 0.00838112

-1.17914 0.00838115
-1.17883 0.00836113

-1.17883 0.00836113
-1.17853 0.00834116

-1.17853 0.00834116
-1.17822 0.00832124

-1.17822 0.00832124
-1.17792 0.00830135

-1.17792 0.00830136
-1.17761 0.00828149

-1.17761 0.00828151
-1.17731 0.00826161

-1.17731 0.00826165
-1.177 0.0082416

-1.1767 0.00822139
-1.17698 0.00823975

-1.177 0.0082416
-1.17697 0.00823975

-1.1767 0.00822139
-1.17639 0.00820137

-1.17639 0.00820137
-1.17609 0.00818147

-1.17609 0.00818147
-1.17578 0.00816169

-1.17578 0.00816169
-1.17548 0.00814202

-1.17548 0.00814202
-1.17517 0.00812243

-1.17517 0.00812243
-1.17487 0.00810293

-1.17487 0.00810293
-1.17456 0.00808353

-1.17456 0.00808352
-1.17426 0.00806428

-1.17426 0.00806431
-1.17395 0.00804519

-1.17395 0.00804518
-1.17365 0.00802612

-1.17365 0.00802612
-1.17334 0.00800715

-1.17334 0.00800715
-1.17303 0.00798827

-1.17303 0.00798828
-1.17273 0.00796947

-1.17212 0.00793172
-1.17217 0.00793457

-1.17273 0.0079695
-1.17242 0.00795069

-1.17242 0.00795073
-1.17216 0.00793457

-1.17212 0.00793173
-1.17181 0.00791281

-1.17181 0.00791281
-1.17151 0.00789402

-1.17151 0.00789402
-1.1712 0.00787534

-1.1712 0.00787534
-1.1709 0.00785676

-1.1709 0.00785676
-1.17059 0.00783827

-1.17059 0.00783827
-1.17029 0.00781985

-1.17029 0.00781986
-1.16998 0.00780148

-1.16998 0.00780147
-1.16968 0.00778314

-1.16968 0.00778312
-1.16937 0.0077649

-1.16937 0.00776494
-1.16907 0.00774681

-1.16907 0.00774681
-1.16876 0.00772872

-1.16876 0.00772873
-1.16846 0.00771068

-1.16846 0.00771068
-1.16815 0.00769267

-1.16815 0.00769267
-1.16785 0.00767468

-1.16785 0.00767469
-1.16754 0.00765669

-1.16754 0.00765673
-1.16724 0.00763862

-1.16693 0.00762031
-1.16708 0.00762939

-1.16724 0.00763864
-1.16708 0.00762939

-1.16693 0.0076203
-1.16663 0.00760209

-1.16663 0.00760209
-1.16632 0.007584

-1.16632 0.007584
-1.16602 0.00756602

-1.16602 0.00756602
-1.16571 0.00754816

-1.16571 0.00754816
-1.16541 0.00753039

-1.16541 0.00753039
-1.1651 0.00751272

-1.1651 0.00751272
-1.16479 0.00749513

-1.16479 0.00749513
-1.16449 0.00747763

-1.16449 0.00747761
-1.16418 0.00746026

-1.16418 0.00746029
-1.16388 0.00744307

-1.16388 0.00744307
-1.16357 0.00742592

-1.16144 0.00730747
-1.16174 0.00732422

-1.16144 0.00730748
-1.16113 0.00729066

-1.16357 0.00742592
-1.16327 0.00740885

-1.16327 0.00740885
-1.16296 0.00739186

-1.16296 0.00739186
-1.16266 0.00737497

-1.16266 0.00737498
-1.16235 0.00735816

-1.16235 0.00735818
-1.16205 0.00734137

-1.16205 0.00734141
-1.16174 0.0073245

-1.16174 0.00732451
-1.16174 0.00732422

-1.16113 0.00729066
-1.16083 0.00727396

-1.16083 0.00727396
-1.16052 0.00725736

-1.16052 0.00725737
-1.16022 0.00724085

-1.16022 0.00724086
-1.15991 0.00722442

-1.15991 0.00722442
-1.15961 0.00720805

-1.15961 0.00720805
-1.1593 0.00719171

-1.1593 0.00719171
-1.159 0.0071754

-1.159 0.00717537
-1.15869 0.00715916

-1.15869 0.00715919
-1.15839 0.00714307

-1.15839 0.00714307
-1.15808 0.00712698

-1.15808 0.00712698
-1.15778 0.00711092

-1.15778 0.00711092
-1.15747 0.00709488

-1.15747 0.00709488
-1.15717 0.00707886

-1.15717 0.00707886
-1.15686 0.00706285

-1.15686 0.00706286
-1.15656 0.00704683

-1.15656 0.00704685
-1.15625 0.00703072

-1.29793 0.15625
-1.29785 0.156355

-1.29785 0.156354
-1.29771 0.156555

-1.29771 0.156555
-1.29755 0.156773

-1.29755 0.156772
-1.29748 0.15686

-1.29748 0.15686
-1.29726 0.157166

-1.29726 0.157166
-1.29724 0.157193

-1.29724 0.157193
-1.29704 0.157471

-1.29704 0.157471
-1.29694 0.157612

-1.29694 0.157611
-1.29682 0.157776

-1.29682 0.157776
-1.29663 0.158029

-1.29663 0.158029
-1.29659 0.158081

-1.29659 0.158081
-1.29637 0.158386

-1.29637 0.158386
-1.29633 0.158447

-1.29633 0.158446
-1.29615 0.158691

-1.29615 0.158691
-1.29602 0.158863

-1.29602 0.158862
-1.29592 0.158997

-1.29592 0.158997
-1.29572 0.159279

-1.29572 0.159279
-1.2957 0.159302

-1.2957 0.159302
-1.29547 0.159607

-1.29547 0.159607
-1.29541 0.159695

-1.29541 0.159694
-1.29525 0.159912

-1.29525 0.159912
-1.2951 0.160109

-1.2951 0.160108
-1.29503 0.160217

-1.29503 0.160217
-1.2948 0.160522

-1.2948 0.160522
-1.2948 0.160523

-1.2948 0.160523
-1.29458 0.160828

-1.29457 0.160828
-1.29449 0.160938

-1.29449 0.160937
-1.29435 0.161133

-1.29435 0.161133
-1.29419 0.16135

-1.29419 0.161349
-1.29412 0.161438

-1.29412 0.161438
-1.2939 0.161743

-1.2939 0.161743
-1.29388 0.161762

-1.29388 0.161762
-1.29367 0.162048

-1.29367 0.162048
-1.29358 0.162175

-1.29358 0.162174
-1.29345 0.162354

-1.29345 0.162354
-1.29327 0.162585

-1.29327 0.162585
-1.29322 0.162659

-1.29322 0.162659
-1.29299 0.162964

-1.29299 0.162964
-1.29297 0.162996

-1.29297 0.162996
-1.29277 0.163269

-1.29277 0.163269
-1.29266 0.163407

-1.29266 0.163406
-1.29254 0.163574

-1.29254 0.163574
-1.29236 0.163816

-1.29236 0.163815
-1.29231 0.163879

-1.29231 0.163879
-1.29208 0.164185

-1.29208 0.164185
-1.29205 0.164225

-1.29205 0.164225
-1.29186 0.16449

-1.29185 0.16449
-1.29175 0.164634

-1.29175 0.164633
-1.29163 0.164795

-1.29163 0.164795
-1.29144 0.165041

-1.29144 0.165041
-1.2914 0.1651

-1.2914 0.1651
-1.29117 0.165405

-1.29117 0.165405
-1.29114 0.165449

-1.29114 0.165449
-1.29094 0.16571

-1.29094 0.16571
-1.29083 0.165856

-1.29083 0.165855
-1.29071 0.166016

-1.29071 0.166016
-1.29053 0.166262

-1.29053 0.166261
-1.29048 0.166321

-1.29048 0.166321
-1.29025 0.166626

-1.29025 0.166626
-1.29022 0.166668

-1.29022 0.166668
-1.29002 0.166931

-1.29002 0.166931
-1.28992 0.167074

-1.28992 0.167073
-1.28979 0.167236

-1.28979 0.167236
-1.28961 0.167478

-1.28961 0.167477
-1.28956 0.167542

-1.28956 0.167542
-1.28933 0.167847

-1.28933 0.167847
-1.28931 0.167882

-1.28931 0.167882
-1.2891 0.168152

-1.2891 0.168152
-1.289 0.168287

-1.289 0.168286
-1.28887 0.168457

-1.28887 0.168457
-1.2887 0.168689

-1.2887 0.168689
-1.28864 0.168762

-1.28864 0.168762
-1.28841 0.169067

-1.28841 0.169067
-1.28839 0.169092

-1.28839 0.169092
-1.28818 0.169373

-1.28818 0.169373
-1.28809 0.169496

-1.28809 0.169494
-1.28795 0.169678

-1.28795 0.169678
-1.28778 0.169896

-1.28778 0.169895
-1.28772 0.169983

-1.28771 0.169983
-1.28748 0.170288

-1.28748 0.170288
-1.28748 0.170298

-1.28748 0.170297
-1.28725 0.170593

-1.28725 0.170593
-1.28717 0.170699

-1.28717 0.170698
-1.28702 0.170898

-1.28702 0.170898
-1.28687 0.171099

-1.28687 0.171098
-1.28679 0.171204

-1.28679 0.171204
-1.28656 0.171499

-1.28656 0.171499
-1.28655 0.171509

-1.28655 0.171509
-1.28632 0.171814

-1.28632 0.171814
-1.28625 0.171899

-1.28625 0.171898
-1.28609 0.172119

-1.28609 0.172119
-1.28595 0.172297

-1.28595 0.172296
-1.28585 0.172424

-1.28585 0.172424
-1.28564 0.172696

-1.28564 0.172695
-1.28562 0.172729

-1.28562 0.172729
-1.28538 0.173035

-1.28538 0.173035
-1.28534 0.173094

-1.28534 0.173094
-1.28515 0.17334

-1.28515 0.17334
-1.28503 0.173492

-1.28503 0.173491
-1.28492 0.173645

-1.28492 0.173645
-1.28473 0.173889

-1.28473 0.173888
-1.28468 0.17395

-1.28468 0.17395
-1.28445 0.174255

-1.28445 0.174255
-1.28442 0.174286

-1.28442 0.174285
-1.28421 0.174561

-1.28421 0.174561
-1.28412 0.174683

-1.28412 0.174681
-1.28398 0.174866

-1.28398 0.174866
-1.28381 0.175078

-1.28381 0.175077
-1.28374 0.175171

-1.28374 0.175171
-1.28351 0.175473

-1.28351 0.175473
-1.28351 0.175476

-1.28351 0.175476
-1.28327 0.175781

-1.28327 0.175781
-1.2832 0.175869

-1.2832 0.175868
-1.28303 0.176086

-1.28303 0.176086
-1.2829 0.176263

-1.2829 0.176261
-1.2828 0.176392

-1.2828 0.176392
-1.28259 0.176657

-1.28259 0.176656
-1.28256 0.176697

-1.28256 0.176697
-1.28233 0.177002

-1.28233 0.177002
-1.28229 0.177051

-1.28229 0.17705
-1.28209 0.177307

-1.28209 0.177307
-1.28198 0.177445

-1.28198 0.177443
-1.28185 0.177612

-1.28185 0.177612
-1.28168 0.177837

-1.28168 0.177836
-1.28161 0.177917

-1.28161 0.177917
-1.28138 0.178223

-1.28138 0.178223
-1.28137 0.178229

-1.28137 0.178229
-1.28114 0.178528

-1.28114 0.178528
-1.28107 0.178622

-1.28107 0.178621
-1.2809 0.178833

-1.2809 0.178833
-1.28076 0.179013

-1.28076 0.179012
-1.28066 0.179138

-1.28066 0.179138
-1.28046 0.179404

-1.28046 0.179404
-1.28043 0.179443

-1.28043 0.179443
-1.28019 0.179749

-1.28019 0.179749
-1.28015 0.179795

-1.28015 0.179795
-1.27995 0.180054

-1.27995 0.180054
-1.27985 0.180187

-1.27985 0.180185
-1.27971 0.180359

-1.27971 0.180359
-1.27954 0.180576

-1.27954 0.180575
-1.27947 0.180664

-1.27947 0.180664
-1.27924 0.180965

-1.27924 0.180965
-1.27923 0.180969

-1.27923 0.180969
-1.27899 0.181274

-1.27899 0.181274
-1.27893 0.181355

-1.27893 0.181355
-1.27875 0.18158

-1.27875 0.18158
-1.27863 0.181744

-1.27863 0.181742
-1.27852 0.181885

-1.27851 0.181885
-1.27832 0.182132

-1.27832 0.182132
-1.27827 0.18219

-1.27827 0.18219
-1.27803 0.182495

-1.27803 0.182495
-1.27802 0.18252

-1.27802 0.18252
-1.27779 0.1828

-1.27779 0.1828
-1.27771 0.182909

-1.27771 0.182908
-1.27755 0.183105

-1.27755 0.183105
-1.2774 0.183295

-1.2774 0.183294
-1.27731 0.183411

-1.27731 0.183411
-1.2771 0.183682

-1.2771 0.183682
-1.27707 0.183716

-1.27707 0.183716
-1.27683 0.184021

-1.27683 0.184021
-1.27679 0.184069

-1.27679 0.184069
-1.27659 0.184326

-1.27659 0.184326
-1.27649 0.184456

-1.27649 0.184454
-1.27635 0.184631

-1.27635 0.184631
-1.27618 0.184841

-1.27618 0.18484
-1.27611 0.184937

-1.27611 0.184937
-1.27588 0.185226

-1.27588 0.185226
-1.27587 0.185242

-1.27587 0.185242
-1.27562 0.185547

-1.27562 0.185547
-1.27557 0.185612

-1.27557 0.185611
-1.27538 0.185852

-1.27538 0.185852
-1.27527 0.185998

-1.27527 0.185995
-1.27514 0.186157

-1.27514 0.186157
-1.27496 0.186381

-1.27496 0.18638
-1.2749 0.186462

-1.2749 0.186462
-1.27466 0.186765

-1.27466 0.186765
-1.27466 0.186768

-1.27466 0.186768
-1.27441 0.187073

-1.27441 0.187073
-1.27435 0.187149

-1.27435 0.187148
-1.27417 0.187378

-1.27417 0.187378
-1.27405 0.187533

-1.27405 0.18753
-1.27393 0.187683

-1.27393 0.187683
-1.27374 0.187915

-1.27374 0.187914
-1.27368 0.187988

-1.27368 0.187988
-1.27344 0.188293

-1.27344 0.188293
-1.27344 0.188298

-1.27344 0.188297
-1.2732 0.188599

-1.2732 0.188599
-1.27313 0.18868

-1.27313 0.18868
-1.27295 0.188904

-1.27295 0.188904
-1.27283 0.189063

-1.27283 0.18906
-1.27271 0.189209

-1.27271 0.189209
-1.27252 0.189443

-1.27252 0.189443
-1.27247 0.189514

-1.27247 0.189514
-1.27222 0.189819

-1.27222 0.189819
-1.27222 0.189825

-1.27222 0.189824
-1.27198 0.190125

-1.27198 0.190125
-1.27191 0.190206

-1.27191 0.190205
-1.27173 0.19043

-1.27173 0.19043
-1.27161 0.190587

-1.27161 0.190584
-1.27149 0.190735

-1.27149 0.190735
-1.2713 0.190966

-1.2713 0.190966
-1.27124 0.19104

-1.27124 0.19104
-1.271 0.191345

-1.271 0.191345
-1.271 0.191346

-1.271 0.191346
-1.27075 0.19165

-1.27075 0.19165
-1.27069 0.191726

-1.27069 0.191725
-1.27051 0.191956

-1.2705 0.191956
-1.27039 0.192106

-1.27039 0.192104
-1.27026 0.192261

-1.27026 0.192261
-1.27008 0.192484

-1.27008 0.192483
-1.27001 0.192566

-1.27001 0.192566
-1.26978 0.192862

-1.26978 0.192862
-1.26977 0.192871

-1.26977 0.192871
-1.26952 0.193176

-1.26952 0.193176
-1.26947 0.193241

-1.26947 0.19324
-1.26928 0.193481

-1.26927 0.193481
-1.26917 0.19362

-1.26917 0.193617
-1.26903 0.193787

-1.26903 0.193787
-1.26886 0.193996

-1.26886 0.193995
-1.26878 0.194092

-1.26878 0.194092
-1.26855 0.194373

-1.26855 0.194373
-1.26854 0.194397

-1.26854 0.194397
-1.26829 0.194702

-1.26829 0.194702
-1.26825 0.19475

-1.26825 0.19475
-1.26804 0.195007

-1.26804 0.195007
-1.26794 0.195128

-1.26794 0.195126
-1.26779 0.195312

-1.26779 0.195312
-1.26764 0.195503

-1.26764 0.195502
-1.26755 0.195618

-1.26755 0.195618
-1.26733 0.195879

-1.26733 0.195879
-1.2673 0.195923

-1.2673 0.195923
-1.26705 0.196228

-1.26705 0.196228
-1.26703 0.196255

-1.26703 0.196255
-1.2668 0.196533

-1.2668 0.196533
-1.26672 0.196631

-1.26672 0.19663
-1.26655 0.196838

-1.26655 0.196838
-1.26642 0.197006

-1.26642 0.197004
-1.26631 0.197144

-1.26631 0.197144
-1.26611 0.19738

-1.26611 0.197379
-1.26606 0.197449

-1.26606 0.197449
-1.26581 0.197754

-1.26581 0.197754
-1.26581 0.197755

-1.26581 0.197754
-1.26556 0.198059

-1.26556 0.198059
-1.2655 0.198129

-1.2655 0.198128
-1.26531 0.198364

-1.26531 0.198364
-1.2652 0.198503

-1.2652 0.198501
-1.26506 0.198669

-1.26506 0.198669
-1.26489 0.198876

-1.26489 0.198875
-1.26481 0.198975

-1.26481 0.198975
-1.26459 0.199249

-1.26459 0.199249
-1.26456 0.19928

-1.26456 0.19928
-1.26431 0.199585

-1.26431 0.199585
-1.26428 0.199622

-1.26428 0.199622
-1.26406 0.19989

-1.26406 0.19989
-1.26398 0.199995

-1.26398 0.199994
-1.26381 0.200195

-1.26381 0.200195
-1.26367 0.200368

-1.26367 0.200366
-1.26356 0.2005

-1.26356 0.2005
-1.26337 0.200739

-1.26337 0.200738
-1.26331 0.200806

-1.26331 0.200806
-1.26306 0.20111

-1.26306 0.20111
-1.26306 0.201111

-1.26306 0.201111
-1.26281 0.201416

-1.26281 0.201416
-1.26276 0.201482

-1.26276 0.201482
-1.26256 0.201721

-1.26256 0.201721
-1.26245 0.201854

-1.26245 0.201852
-1.26231 0.202026

-1.26231 0.202026
-1.26215 0.202224

-1.26215 0.202223
-1.26206 0.202332

-1.26206 0.202332
-1.26184 0.202594

-1.26184 0.202594
-1.26181 0.202637

-1.26181 0.202637
-1.26155 0.202942

-1.26155 0.202942
-1.26154 0.202965

-1.26154 0.202964
-1.2613 0.203247

-1.2613 0.203247
-1.26123 0.203335

-1.26123 0.203334
-1.26105 0.203552

-1.26105 0.203552
-1.26093 0.203705

-1.26093 0.203703
-1.2608 0.203857

-1.2608 0.203857
-1.26062 0.204074

-1.26062 0.204073
-1.26055 0.204163

-1.26055 0.204163
-1.26031 0.204442

-1.26031 0.204442
-1.26029 0.204468

-1.26029 0.204468
-1.26004 0.204773

-1.26004 0.204773
-1.26001 0.204812

-1.26001 0.204811
-1.25979 0.205078

-1.25979 0.205078
-1.2597 0.20518

-1.2597 0.205179
-1.25954 0.205383

-1.25953 0.205383
-1.2594 0.205549

-1.2594 0.205547
-1.25928 0.205688

-1.25928 0.205688
-1.25909 0.205916

-1.25909 0.205916
-1.25903 0.205994

-1.25903 0.205994
-1.25879 0.206283

-1.25879 0.206283
-1.25878 0.206299

-1.25878 0.206299
-1.25852 0.206604

-1.25852 0.206604
-1.25848 0.206651

-1.25848 0.206651
-1.25827 0.206909

-1.25827 0.206909
-1.25818 0.207019

-1.25818 0.207017
-1.25802 0.207214

-1.25801 0.207214
-1.25787 0.207386

-1.25787 0.207384
-1.25776 0.20752

-1.25776 0.20752
-1.25757 0.207751

-1.25757 0.207751
-1.25751 0.207825

-1.25751 0.207825
-1.25726 0.208118

-1.25726 0.208118
-1.25725 0.20813

-1.25725 0.20813
-1.257 0.208435

-1.257 0.208435
-1.25696 0.208484

-1.25696 0.208483
-1.25674 0.20874

-1.25674 0.20874
-1.25665 0.20885

-1.25665 0.208849
-1.25649 0.209045

-1.25649 0.209045
-1.25635 0.209216

-1.25635 0.209214
-1.25623 0.209351

-1.25623 0.209351
-1.25604 0.20958

-1.25604 0.20958
-1.25598 0.209656

-1.25598 0.209656
-1.25574 0.209945

-1.25574 0.209945
-1.25572 0.209961

-1.25572 0.209961
-1.25547 0.210266

-1.25547 0.210266
-1.25543 0.21031

-1.25543 0.210309
-1.25521 0.210571

-1.25521 0.210571
-1.25513 0.210674

-1.25513 0.210673
-1.25496 0.210876

-1.25496 0.210876
-1.25482 0.211039

-1.25482 0.211037
-1.2547 0.211182

-1.2547 0.211182
-1.25452 0.211402

-1.25452 0.211401
-1.25445 0.211487

-1.25445 0.211487
-1.25421 0.211765

-1.25421 0.211765
-1.25419 0.211792

-1.25419 0.211792
-1.25393 0.212097

-1.25393 0.212097
-1.25391 0.212129

-1.25391 0.212128
-1.25368 0.212402

-1.25368 0.212402
-1.2536 0.212492

-1.2536 0.212491
-1.25342 0.212708

-1.25342 0.212708
-1.2533 0.212855

-1.2533 0.212853
-1.25316 0.213013

-1.25316 0.213013
-1.25299 0.213217

-1.25299 0.213216
-1.25291 0.213318

-1.25291 0.213318
-1.25269 0.213579

-1.25269 0.213579
-1.25265 0.213623

-1.25265 0.213623
-1.25239 0.213928

-1.25239 0.213928
-1.25238 0.213941

-1.25238 0.213941
-1.25213 0.214233

-1.25213 0.214233
-1.25208 0.214303

-1.25208 0.214303
-1.25188 0.214539

-1.25188 0.214539
-1.25177 0.214665

-1.25177 0.214663
-1.25162 0.214844

-1.25162 0.214844
-1.25146 0.215026

-1.25146 0.215025
-1.25136 0.215149

-1.25136 0.215149
-1.25116 0.215386

-1.25116 0.215386
-1.2511 0.215454

-1.2511 0.215454
-1.25085 0.215747

-1.25085 0.215747
-1.25084 0.215759

-1.25084 0.215759
-1.25059 0.216064

-1.25059 0.216064
-1.25055 0.216108

-1.25055 0.216107
-1.25033 0.21637

-1.25033 0.21637
-1.25024 0.216468

-1.25024 0.216467
-1.25007 0.216675

-1.25007 0.216675
-1.24994 0.216829

-1.24994 0.216826
-1.24981 0.21698

-1.24981 0.21698
-1.24963 0.217188

-1.24963 0.217187
-1.24955 0.217285

-1.24955 0.217285
-1.24933 0.217546

-1.24933 0.217546
-1.24929 0.21759

-1.24929 0.21759
-1.24903 0.217896

-1.24903 0.217896
-1.24902 0.217906

-1.24902 0.217906
-1.24877 0.218201

-1.24877 0.218201
-1.24872 0.218265

-1.24872 0.218264
-1.24851 0.218506

-1.24851 0.218506
-1.24841 0.218624

-1.24841 0.218622
-1.24825 0.218811

-1.24825 0.218811
-1.24811 0.218983

-1.24811 0.218981
-1.24799 0.219116

-1.24799 0.219116
-1.2478 0.21934

-1.2478 0.219339
-1.24773 0.219421

-1.24773 0.219421
-1.2475 0.219698

-1.2475 0.219698
-1.24747 0.219727

-1.24747 0.219727
-1.24721 0.220032

-1.24721 0.220032
-1.24719 0.220056

-1.24719 0.220055
-1.24695 0.220337

-1.24695 0.220337
-1.24689 0.220413

-1.24689 0.220412
-1.24669 0.220642

-1.24669 0.220642
-1.24658 0.220771

-1.24658 0.220768
-1.24643 0.220947

-1.24643 0.220947
-1.24628 0.221128

-1.24628 0.221126
-1.24617 0.221252

-1.24617 0.221252
-1.24597 0.221484

-1.24597 0.221483
-1.24591 0.221558

-1.24591 0.221558
-1.24567 0.22184

-1.24567 0.22184
-1.24565 0.221863

-1.24565 0.221863
-1.24539 0.222168

-1.24539 0.222168
-1.24536 0.222196

-1.24536 0.222196
-1.24512 0.222473

-1.24512 0.222473
-1.24506 0.222552

-1.24506 0.222552
-1.24486 0.222778

-1.24486 0.222778
-1.24475 0.222908

-1.24475 0.222906
-1.2446 0.223083

-1.2446 0.223083
-1.24445 0.223265

-1.24445 0.223263
-1.24434 0.223389

-1.24434 0.223389
-1.24414 0.223618

-1.24414 0.223618
-1.24408 0.223694

-1.24408 0.223694
-1.24384 0.223973

-1.24384 0.223973
-1.24381 0.223999

-1.24381 0.223999
-1.24355 0.224304

-1.24355 0.224304
-1.24353 0.224328

-1.24353 0.224328
-1.24329 0.224609

-1.24329 0.224609
-1.24323 0.224683

-1.24323 0.224682
-1.24303 0.224915

-1.24302 0.224915
-1.24292 0.225038

-1.24292 0.225035
-1.24276 0.22522

-1.24276 0.22522
-1.24261 0.225392

-1.24261 0.22539
-1.2425 0.225525

-1.2425 0.225525
-1.24231 0.225745

-1.24231 0.225744
-1.24224 0.22583

-1.24224 0.22583
-1.242 0.226098

-1.242 0.226098
-1.24197 0.226135

-1.24197 0.226135
-1.24171 0.22644

-1.24171 0.22644
-1.2417 0.226452

-1.2417 0.226451
-1.24144 0.226746

-1.24145 0.226746
-1.24139 0.226805

-1.24139 0.226804
-1.24118 0.227051

-1.24118 0.227051
-1.24109 0.227158

-1.24109 0.227156
-1.24092 0.227356

-1.24092 0.227356
-1.24078 0.227511

-1.24078 0.227509
-1.24065 0.227661

-1.24065 0.227661
-1.24048 0.227863

-1.24048 0.227862
-1.24039 0.227966

-1.24039 0.227966
-1.24017 0.228215

-1.24017 0.228214
-1.24012 0.228271

-1.24012 0.228271
-1.23987 0.228566

-1.23987 0.228566
-1.23986 0.228577

-1.23986 0.228577
-1.23959 0.228882

-1.23959 0.228882
-1.23956 0.228919

-1.23956 0.228918
-1.23933 0.229187

-1.23933 0.229187
-1.23926 0.22927

-1.23926 0.229269
-1.23906 0.229492

-1.23906 0.229492
-1.23895 0.229622

-1.23895 0.229619
-1.2388 0.229797

-1.2388 0.229797
-1.23865 0.229973

-1.23865 0.229971
-1.23853 0.230103

-1.23853 0.230103
-1.23834 0.230323

-1.23834 0.230322
-1.23827 0.230408

-1.23827 0.230408
-1.23804 0.230673

-1.23804 0.230673
-1.238 0.230713

-1.238 0.230713
-1.23774 0.231018

-1.23774 0.231018
-1.23773 0.231024

-1.23773 0.231024
-1.23747 0.231323

-1.23747 0.231323
-1.23743 0.231374

-1.23743 0.231374
-1.2372 0.231628

-1.2372 0.231628
-1.23712 0.231724

-1.23712 0.231723
-1.23694 0.231934

-1.23694 0.231934
-1.23682 0.232074

-1.23682 0.232072
-1.23667 0.232239

-1.23667 0.232239
-1.23651 0.232424

-1.23651 0.232422
-1.23641 0.232544

-1.2364 0.232544
-1.23621 0.232772

-1.23621 0.232772
-1.23614 0.232849

-1.23614 0.232849
-1.2359 0.233121

-1.2359 0.233121
-1.23587 0.233154

-1.23587 0.233154
-1.2356 0.233459

-1.2356 0.233459
-1.2356 0.23347

-1.2356 0.23347
-1.23534 0.233765

-1.23534 0.233765
-1.23529 0.233819

-1.23529 0.233818
-1.23507 0.23407

-1.23507 0.23407
-1.23499 0.234167

-1.23499 0.234166
-1.2348 0.234375

-1.2348 0.234375
-1.23468 0.234515

-1.23468 0.234513
-1.23454 0.23468

-1.23453 0.23468
-1.23438 0.234864

-1.23438 0.234862
-1.23427 0.234985

-1.23427 0.234985
-1.23407 0.235211

-1.23407 0.23521
-1.234 0.235291

-1.234 0.235291
-1.23376 0.235558

-1.23376 0.235558
-1.23373 0.235596

-1.23373 0.235596
-1.23346 0.235901

-1.23346 0.235901
-1.23346 0.235905

-1.23346 0.235905
-1.23319 0.236206

-1.23319 0.236206
-1.23315 0.236252

-1.23315 0.236252
-1.23293 0.236511

-1.23293 0.236511
-1.23285 0.236599

-1.23285 0.236598
-1.23266 0.236816

-1.23266 0.236816
-1.23254 0.236946

-1.23254 0.236944
-1.23239 0.237122

-1.23239 0.237122
-1.23224 0.237293

-1.23224 0.237291
-1.23212 0.237427

-1.23212 0.237427
-1.23193 0.237639

-1.23193 0.237638
-1.23185 0.237732

-1.23185 0.237732
-1.23163 0.237984

-1.23163 0.237984
-1.23158 0.238037

-1.23158 0.238037
-1.23132 0.238329

-1.23132 0.238329
-1.23131 0.238342

-1.23131 0.238342
-1.23104 0.238647

-1.23104 0.238647
-1.23102 0.238675

-1.23102 0.238675
-1.23077 0.238953

-1.23077 0.238953
-1.23071 0.239021

-1.23071 0.23902
-1.2305 0.239258

-1.2305 0.239258
-1.23041 0.239366

-1.23041 0.239364
-1.23023 0.239563

-1.23023 0.239563
-1.2301 0.239711

-1.2301 0.239709
-1.22996 0.239868

-1.22996 0.239868
-1.2298 0.240056

-1.2298 0.240055
-1.22969 0.240173

-1.22969 0.240173
-1.22949 0.2404

-1.22949 0.240399
-1.22942 0.240479

-1.22942 0.240479
-1.22919 0.240744

-1.22919 0.240744
-1.22915 0.240784

-1.22915 0.240784
-1.22888 0.241088

-1.22888 0.241088
-1.22888 0.241089

-1.22888 0.241089
-1.22861 0.241394

-1.22861 0.241394
-1.22858 0.241432

-1.22858 0.241431
-1.22834 0.241699

-1.22834 0.241699
-1.22827 0.241775

-1.22827 0.241774
-1.22807 0.242004

-1.22807 0.242004
-1.22797 0.242119

-1.22797 0.242117
-1.2278 0.24231

-1.2278 0.24231
-1.22766 0.242463

-1.22766 0.242461
-1.22753 0.242615

-1.22752 0.242615
-1.22736 0.242806

-1.22736 0.242804
-1.22725 0.24292

-1.22725 0.24292
-1.22705 0.243148

-1.22705 0.243147
-1.22698 0.243225

-1.22698 0.243225
-1.22675 0.24349

-1.22675 0.24349
-1.22671 0.24353

-1.22671 0.24353
-1.22644 0.243832

-1.22644 0.243832
-1.22644 0.243835

-1.22644 0.243835
-1.22617 0.244141

-1.22617 0.244141
-1.22614 0.244175

-1.22614 0.244175
-1.22589 0.244446

-1.22589 0.244446
-1.22583 0.244517

-1.22583 0.244516
-1.22562 0.244751

-1.22562 0.244751
-1.22552 0.244859

-1.22552 0.244857
-1.22535 0.245056

-1.22535 0.245056
-1.22522 0.245201

-1.22522 0.245199
-1.22508 0.245361

-1.22507 0.245361
-1.22491 0.245543

-1.22491 0.245541
-1.2248 0.245667

-1.2248 0.245667
-1.22461 0.245883

-1.22461 0.245882
-1.22453 0.245972

-1.22453 0.245972
-1.2243 0.246224

-1.2243 0.246223
-1.22426 0.246277

-1.22426 0.246277
-1.224 0.246564

-1.224 0.246564
-1.22398 0.246582

-1.22398 0.246582
-1.22371 0.246887

-1.22371 0.246887
-1.22369 0.246905

-1.22369 0.246905
-1.22344 0.247192

-1.22344 0.247192
-1.22339 0.247246

-1.22339 0.247245
-1.22316 0.247498

-1.22316 0.247498
-1.22308 0.247586

-1.22308 0.247584
-1.22289 0.247803

-1.22289 0.247803
-1.22278 0.247926

-1.22278 0.247924
-1.22262 0.248108

-1.22261 0.248108
-1.22247 0.248266

-1.22247 0.248264
-1.22234 0.248413

-1.22234 0.248413
-1.22217 0.248606

-1.22217 0.248604
-1.22207 0.248718

-1.22207 0.248718
-1.22186 0.248945

-1.22186 0.248944
-1.22179 0.249023

-1.22179 0.249023
-1.22156 0.249283

-1.22156 0.249283
-1.22152 0.249329

-1.22152 0.249329
-1.22125 0.249622

-1.22125 0.249622
-1.22124 0.249634

-1.22124 0.249634
-1.22097 0.249939

-1.22097 0.249939
-1.22095 0.249961

-1.22095 0.249961
-1.22069 0.250244

-1.22069 0.250244
-1.22064 0.2503

-1.22064 0.250299
-1.22042 0.250549

-1.22042 0.250549
-1.22034 0.250638

-1.22034 0.250637
-1.22014 0.250854

-1.22014 0.250854
-1.22003 0.250977

-1.22003 0.250975
-1.21987 0.25116

-1.21987 0.25116
-1.21973 0.251315

-1.21973 0.251313
-1.21959 0.251465

-1.21959 0.251465
-1.21942 0.251653

-1.21942 0.251652
-1.21932 0.25177

-1.21931 0.25177
-1.21912 0.25199

-1.21912 0.25199
-1.21904 0.252075

-1.21904 0.252075
-1.21881 0.252327

-1.21881 0.252327
-1.21876 0.25238

-1.21876 0.25238
-1.21851 0.252664

-1.21851 0.252664
-1.21849 0.252686

-1.21849 0.252686
-1.21821 0.252991

-1.21821 0.252991
-1.2182 0.253002

-1.2182 0.253001
-1.21793 0.253296

-1.21793 0.253296
-1.2179 0.253339

-1.2179 0.253338
-1.21766 0.253601

-1.21766 0.253601
-1.21759 0.253675

-1.21759 0.253674
-1.21738 0.253906

-1.21738 0.253906
-1.21729 0.254012

-1.21729 0.25401
-1.2171 0.254211

-1.2171 0.254211
-1.21698 0.254348

-1.21698 0.254347
-1.21683 0.254517

-1.21683 0.254517
-1.21667 0.254685

-1.21667 0.254683
-1.21655 0.254822

-1.21655 0.254822
-1.21637 0.255021

-1.21637 0.255019
-1.21627 0.255127

-1.21627 0.255127
-1.21606 0.255356

-1.21606 0.255355
-1.21599 0.255432

-1.21599 0.255432
-1.21576 0.255691

-1.21576 0.255691
-1.21572 0.255737

-1.21572 0.255737
-1.21545 0.256026

-1.21545 0.256026
-1.21544 0.256042

-1.21544 0.256042
-1.21516 0.256348

-1.21516 0.256348
-1.21515 0.256362

-1.21515 0.256361
-1.21488 0.256653

-1.21488 0.256653
-1.21484 0.256697

-1.21484 0.256696
-1.21461 0.256958

-1.21461 0.256958
-1.21454 0.257032

-1.21454 0.25703
-1.21433 0.257263

-1.21433 0.257263
-1.21423 0.257366

-1.21423 0.257364
-1.21405 0.257568

-1.21405 0.257568
-1.21393 0.257701

-1.21393 0.257699
-1.21377 0.257874

-1.21377 0.257874
-1.21362 0.258035

-1.21362 0.258034
-1.21349 0.258179

-1.21349 0.258179
-1.21332 0.25837

-1.21332 0.258368
-1.21321 0.258484

-1.21321 0.258484
-1.21301 0.258703

-1.21301 0.258702
-1.21293 0.258789

-1.21293 0.258789
-1.21271 0.259036

-1.21271 0.259036
-1.21265 0.259094

-1.21265 0.259094
-1.2124 0.259369

-1.2124 0.259369
-1.21237 0.259399

-1.21237 0.259399
-1.2121 0.259703

-1.2121 0.259703
-1.2121 0.259705

-1.2121 0.259705
-1.21182 0.26001

-1.21182 0.26001
-1.21179 0.260036

-1.21179 0.260036
-1.21154 0.260315

-1.21154 0.260315
-1.21149 0.260369

-1.21149 0.260368
-1.21126 0.26062

-1.21126 0.26062
-1.21118 0.260702

-1.21118 0.2607
-1.21098 0.260925

-1.21098 0.260925
-1.21088 0.261034

-1.21088 0.261033
-1.2107 0.26123

-1.2107 0.26123
-1.21057 0.261367

-1.21057 0.261365
-1.21042 0.261536

-1.21042 0.261536
-1.21027 0.261699

-1.21027 0.261698
-1.21014 0.261841

-1.21013 0.261841
-1.20996 0.262032

-1.20996 0.26203
-1.20986 0.262146

-1.20985 0.262146
-1.20966 0.262364

-1.20966 0.262362
-1.20957 0.262451

-1.20957 0.262451
-1.20935 0.262694

-1.20935 0.262694
-1.20929 0.262756

-1.20929 0.262756
-1.20905 0.263026

-1.20905 0.263025
-1.20901 0.263062

-1.20901 0.263062
-1.20874 0.263357

-1.20874 0.263357
-1.20873 0.263367

-1.20873 0.263367
-1.20845 0.263672

-1.20845 0.263672
-1.20844 0.263688

-1.20844 0.263688
-1.20817 0.263977

-1.20817 0.263977
-1.20813 0.264019

-1.20813 0.264019
-1.20789 0.264282

-1.20789 0.264282
-1.20782 0.26435

-1.20782 0.264349
-1.20761 0.264587

-1.20761 0.264587
-1.20752 0.264681

-1.20752 0.264679
-1.20732 0.264893

-1.20732 0.264893
-1.20721 0.265011

-1.20721 0.265009
-1.20704 0.265198

-1.20704 0.265198
-1.20691 0.265341

-1.20691 0.26534
-1.20676 0.265503

-1.20676 0.265503
-1.2066 0.265672

-1.2066 0.26567
-1.20648 0.265808

-1.20648 0.265808
-1.2063 0.266002

-1.2063 0.266
-1.20619 0.266113

-1.20619 0.266113
-1.20599 0.266332

-1.20599 0.26633
-1.20591 0.266418

-1.20591 0.266418
-1.20569 0.26666

-1.20569 0.26666
-1.20563 0.266724

-1.20563 0.266724
-1.20538 0.266989

-1.20538 0.266989
-1.20535 0.267029

-1.20535 0.267029
-1.20508 0.267318

-1.20508 0.267318
-1.20506 0.267334

-1.20506 0.267334
-1.20478 0.267639

-1.20478 0.267639
-1.20477 0.267648

-1.20477 0.267647
-1.2045 0.267944

-1.2045 0.267944
-1.20447 0.267976

-1.20447 0.267976
-1.20421 0.26825

-1.20421 0.26825
-1.20416 0.268305

-1.20416 0.268304
-1.20393 0.268555

-1.20393 0.268555
-1.20386 0.268633

-1.20386 0.268632
-1.20365 0.26886

-1.20365 0.26886
-1.20355 0.268962

-1.20355 0.26896
-1.20336 0.269165

-1.20336 0.269165
-1.20325 0.26929

-1.20325 0.269288
-1.20308 0.26947

-1.20308 0.26947
-1.20294 0.269618

-1.20294 0.269617
-1.2028 0.269775

-1.20279 0.269775
-1.20264 0.269946

-1.20264 0.269944
-1.20251 0.270081

-1.20251 0.270081
-1.20233 0.270274

-1.20233 0.270272
-1.20223 0.270386

-1.20222 0.270386
-1.20203 0.270601

-1.20203 0.2706
-1.20194 0.270691

-1.20194 0.270691
-1.20172 0.270928

-1.20172 0.270927
-1.20166 0.270996

-1.20166 0.270996
-1.20142 0.271254

-1.20142 0.271254
-1.20137 0.271301

-1.20137 0.271301
-1.20111 0.271581

-1.20111 0.271581
-1.20109 0.271606

-1.20109 0.271606
-1.20081 0.271908

-1.20081 0.271908
-1.2008 0.271912

-1.2008 0.271912
-1.20052 0.272217

-1.20052 0.272217
-1.2005 0.272235

-1.2005 0.272234
-1.20023 0.272522

-1.20023 0.272522
-1.2002 0.272561

-1.2002 0.27256
-1.19995 0.272827

-1.19995 0.272827
-1.19989 0.272887

-1.19989 0.272886
-1.19966 0.273132

-1.19966 0.273132
-1.19958 0.273213

-1.19958 0.273211
-1.19938 0.273438

-1.19937 0.273438
-1.19928 0.273539

-1.19928 0.273537
-1.19909 0.273743

-1.19909 0.273743
-1.19897 0.273865

-1.19897 0.273863
-1.1988 0.274048

-1.1988 0.274048
-1.19867 0.27419

-1.19867 0.274189
-1.19852 0.274353

-1.19852 0.274353
-1.19836 0.274516

-1.19836 0.274514
-1.19823 0.274658

-1.19823 0.274658
-1.19806 0.274841

-1.19806 0.27484
-1.19794 0.274963

-1.19794 0.274963
-1.19775 0.275166

-1.19775 0.275165
-1.19766 0.275269

-1.19766 0.275269
-1.19745 0.275491

-1.19745 0.27549
-1.19737 0.275574

-1.19737 0.275574
-1.19714 0.275815

-1.19714 0.275814
-1.19708 0.275879

-1.19708 0.275879
-1.19684 0.276139

-1.19684 0.276139
-1.1968 0.276184

-1.1968 0.276184
-1.19653 0.276463

-1.19653 0.276463
-1.19651 0.276489

-1.19651 0.276489
-1.19623 0.276787

-1.19623 0.276787
-1.19622 0.276794

-1.19622 0.276794
-1.19593 0.2771

-1.19593 0.2771
-1.19592 0.277111

-1.19592 0.277111
-1.19565 0.277405

-1.19565 0.277405
-1.19562 0.277435

-1.19562 0.277435
-1.19536 0.27771

-1.19536 0.27771
-1.19531 0.277759

-1.19531 0.277758
-1.19507 0.278015

-1.19507 0.278015
-1.19501 0.278082

-1.19501 0.278081
-1.19478 0.27832

-1.19478 0.27832
-1.1947 0.278405

-1.1947 0.278404
-1.19449 0.278625

-1.19449 0.278625
-1.1944 0.278728

-1.1944 0.278727
-1.19421 0.278931

-1.19421 0.278931
-1.19409 0.279051

-1.19409 0.27905
-1.19392 0.279236

-1.19392 0.279236
-1.19379 0.279374

-1.19379 0.279373
-1.19363 0.279541

-1.19363 0.279541
-1.19348 0.279697

-1.19348 0.279696
-1.19334 0.279846

-1.19334 0.279846
-1.19318 0.280019

-1.19318 0.280018
-1.19305 0.280151

-1.19305 0.280151
-1.19287 0.280342

-1.19287 0.280341
-1.19276 0.280457

-1.19276 0.280457
-1.19257 0.280664

-1.19257 0.280663
-1.19247 0.280762

-1.19247 0.280762
-1.19226 0.280986

-1.19226 0.280985
-1.19218 0.281067

-1.19218 0.281067
-1.19196 0.281307

-1.19196 0.281307
-1.19189 0.281372

-1.19189 0.281372
-1.19165 0.281628

-1.19165 0.281628
-1.1916 0.281677

-1.1916 0.281677
-1.19135 0.28195

-1.19135 0.28195
-1.19131 0.281982

-1.19131 0.281982
-1.19104 0.282271

-1.19104 0.282271
-1.19102 0.282288

-1.19102 0.282288
-1.19073 0.282592

-1.19073 0.282592
-1.19073 0.282593

-1.19073 0.282593
-1.19044 0.282898

-1.19044 0.282898
-1.19043 0.282913

-1.19043 0.282913
-1.19015 0.283203

-1.19015 0.283203
-1.19012 0.283234

-1.19012 0.283233
-1.18986 0.283508

-1.18986 0.283508
-1.18982 0.283554

-1.18982 0.283554
-1.18957 0.283813

-1.18957 0.283813
-1.18951 0.283875

-1.18951 0.283874
-1.18928 0.284119

-1.18928 0.284119
-1.18921 0.284195

-1.18921 0.284193
-1.18899 0.284424

-1.18899 0.284424
-1.1889 0.284515

-1.1889 0.284514
-1.1887 0.284729

-1.1887 0.284729
-1.1886 0.284835

-1.1886 0.284834
-1.18841 0.285034

-1.18841 0.285034
-1.18829 0.285155

-1.18829 0.285154
-1.18812 0.285339

-1.18812 0.285339
-1.18799 0.285474

-1.18799 0.285473
-1.18783 0.285645

-1.18783 0.285645
-1.18768 0.285794

-1.18768 0.285793
-1.18753 0.28595

-1.18753 0.28595
-1.18738 0.286113

-1.18738 0.286112
-1.18724 0.286255

-1.18724 0.286255
-1.18707 0.286432

-1.18707 0.286431
-1.18695 0.28656

-1.18695 0.28656
-1.18677 0.286751

-1.18677 0.28675
-1.18666 0.286865

-1.18666 0.286865
-1.18646 0.28707

-1.18646 0.287069
-1.18637 0.28717

-1.18636 0.28717
-1.18616 0.287389

-1.18616 0.287388
-1.18607 0.287476

-1.18607 0.287476
-1.18585 0.287707

-1.18585 0.287706
-1.18578 0.287781

-1.18578 0.287781
-1.18555 0.288025

-1.18555 0.288024
-1.18549 0.288086

-1.18549 0.288086
-1.18524 0.288343

-1.18524 0.288342
-1.1852 0.288391

-1.18519 0.288391
-1.18494 0.288661

-1.18494 0.28866
-1.1849 0.288696

-1.1849 0.288696
-1.18463 0.288978

-1.18463 0.288978
-1.18461 0.289001

-1.18461 0.289001
-1.18433 0.289296

-1.18433 0.289296
-1.18432 0.289307

-1.18432 0.289307
-1.18402 0.289612

-1.18402 0.289612
-1.18402 0.289613

-1.18402 0.289613
-1.18373 0.289917

-1.18373 0.289917
-1.18372 0.289931

-1.18372 0.28993
-1.18344 0.290222

-1.18344 0.290222
-1.18341 0.290248

-1.18341 0.290247
-1.18314 0.290527

-1.18314 0.290527
-1.18311 0.290565

-1.18311 0.290564
-1.18285 0.290833

-1.18285 0.290833
-1.1828 0.290882

-1.1828 0.290881
-1.18255 0.291138

-1.18255 0.291138
-1.1825 0.291198

-1.1825 0.291197
-1.18226 0.291443

-1.18226 0.291443
-1.18219 0.291515

-1.18219 0.291514
-1.18197 0.291748

-1.18196 0.291748
-1.18188 0.291831

-1.18188 0.29183
-1.18167 0.292053

-1.18167 0.292053
-1.18158 0.292147

-1.18158 0.292146
-1.18138 0.292358

-1.18138 0.292358
-1.18127 0.292463

-1.18127 0.292462
-1.18108 0.292664

-1.18108 0.292664
-1.18097 0.292779

-1.18097 0.292778
-1.18079 0.292969

-1.18079 0.292969
-1.18066 0.293095

-1.18066 0.293094
-1.18049 0.293274

-1.18049 0.293274
-1.18036 0.29341

-1.18036 0.293409
-1.1802 0.293579

-1.1802 0.293579
-1.18005 0.293726

-1.18005 0.293725
-1.1799 0.293884

-1.1799 0.293884
-1.17975 0.294041

-1.17975 0.29404
-1.1796 0.294189

-1.1796 0.294189
-1.17944 0.294356

-1.17944 0.294355
-1.17931 0.294495

-1.17931 0.294495
-1.17914 0.294671

-1.17914 0.29467
-1.17901 0.2948

-1.17901 0.2948
-1.17883 0.294985

-1.17883 0.294985
-1.17872 0.295105

-1.17872 0.295105
-1.17853 0.2953

-1.17853 0.295299
-1.17842 0.29541

-1.17842 0.29541
-1.17822 0.295614

-1.17822 0.295614
-1.17812 0.295715

-1.17812 0.295715
-1.17792 0.295929

-1.17792 0.295928
-1.17783 0.296021

-1.17783 0.296021
-1.17761 0.296243

-1.17761 0.296242
-1.17753 0.296326

-1.17753 0.296326
-1.17731 0.296557

-1.17731 0.296556
-1.17723 0.296631

-1.17723 0.296631
-1.177 0.296871

-1.177 0.29687
-1.17694 0.296936

-1.17694 0.296936
-1.1767 0.297184

-1.1767 0.297183
-1.17664 0.297241

-1.17664 0.297241
-1.17639 0.297497

-1.17639 0.297497
-1.17634 0.297546

-1.17634 0.297546
-1.17609 0.297811

-1.17609 0.29781
-1.17605 0.297852

-1.17605 0.297852
-1.17578 0.298124

-1.17578 0.298123
-1.17575 0.298157

-1.17575 0.298157
-1.17548 0.298436

-1.17548 0.298436
-1.17545 0.298462

-1.17545 0.298462
-1.17517 0.298749

-1.17517 0.298749
-1.17515 0.298767

-1.17515 0.298767
-1.17487 0.299062

-1.17487 0.299062
-1.17486 0.299072

-1.17486 0.299072
-1.17456 0.299374

-1.17456 0.299374
-1.17456 0.299377

-1.17456 0.299377
-1.17426 0.299683

-1.17426 0.299683
-1.17426 0.299687

-1.17426 0.299687
-1.17396 0.299988

-1.17396 0.299988
-1.17395 0.299999

-1.17395 0.299999
-1.17366 0.300293

-1.17366 0.300293
-1.17365 0.300311

-1.17365 0.300311
-1.17336 0.300598

-1.17336 0.300598
-1.17334 0.300623

-1.17334 0.300623
-1.17307 0.300903

-1.17307 0.300903
-1.17303 0.300935

-1.17303 0.300934
-1.17277 0.301208

-1.17277 0.301208
-1.17273 0.301246

-1.17273 0.301246
-1.17247 0.301514

-1.17247 0.301514
-1.17242 0.301558

-1.17242 0.301557
-1.17217 0.301819

-1.17217 0.301819
-1.17212 0.301869

-1.17212 0.301868
-1.17187 0.302124

-1.17187 0.302124
-1.17181 0.30218

-1.17181 0.302179
-1.17157 0.302429

-1.17157 0.302429
-1.17151 0.302491

-1.17151 0.30249
-1.17127 0.302734

-1.17127 0.302734
-1.1712 0.302802

-1.1712 0.302801
-1.17097 0.30304

-1.17097 0.30304
-1.1709 0.303112

-1.1709 0.303112
-1.17067 0.303345

-1.17067 0.303345
-1.17059 0.303423

-1.17059 0.303422
-1.17037 0.30365

-1.17037 0.30365
-1.17029 0.303733

-1.17029 0.303733
-1.17007 0.303955

-1.17007 0.303955
-1.16998 0.304043

-1.16998 0.304043
-1.16977 0.30426

-1.16977 0.30426
-1.16968 0.304353

-1.16968 0.304353
-1.16947 0.304565

-1.16947 0.304565
-1.16937 0.304663

-1.16937 0.304663
-1.16917 0.304871

-1.16917 0.304871
-1.16907 0.304973

-1.16907 0.304972
-1.16887 0.305176

-1.16887 0.305176
-1.16876 0.305282

-1.16876 0.305282
-1.16857 0.305481

-1.16857 0.305481
-1.16846 0.305592

-1.16846 0.305591
-1.16827 0.305786

-1.16827 0.305786
-1.16815 0.305901

-1.16815 0.305901
-1.16796 0.306091

-1.16796 0.306091
-1.16785 0.30621

-1.16785 0.30621
-1.16766 0.306396

-1.16766 0.306396
-1.16754 0.306519

-1.16754 0.306519
-1.16736 0.306702

-1.16736 0.306702
-1.16724 0.306828

-1.16724 0.306828
-1.16706 0.307007

-1.16706 0.307007
-1.16693 0.307137

-1.16693 0.307136
-1.16676 0.307312

-1.16676 0.307312
-1.16663 0.307445

-1.16663 0.307445
-1.16646 0.307617

-1.16646 0.307617
-1.16632 0.307754

-1.16632 0.307753
-1.16615 0.307922

-1.16615 0.307922
-1.16602 0.308062

-1.16602 0.308061
-1.16585 0.308228

-1.16585 0.308228
-1.16571 0.30837

-1.16571 0.308369
-1.16555 0.308533

-1.16555 0.308533
-1.16541 0.308678

-1.16541 0.308677
-1.16525 0.308838

-1.16525 0.308838
-1.1651 0.308985

-1.1651 0.308985
-1.16494 0.309143

-1.16494 0.309143
-1.16479 0.309293

-1.16479 0.309293
-1.16464 0.309448

-1.16464 0.309448
-1.16449 0.3096

-1.16449 0.3096
-1.16434 0.309753

-1.16434 0.309753
-1.16418 0.309908

-1.16418 0.309908
-1.16403 0.310059

-1.16403 0.310059
-1.16388 0.310215

-1.16388 0.310215
-1.16373 0.310364

-1.16373 0.310364
-1.16357 0.310522

-1.16357 0.310522
-1.16343 0.310669

-1.16343 0.310669
-1.16327 0.310829

-1.16327 0.310829
-1.16312 0.310974

-1.16312 0.310974
-1.16296 0.311135

-1.16296 0.311135
-1.16282 0.311279

-1.16282 0.311279
-1.16266 0.311442

-1.16266 0.311442
-1.16252 0.311584

-1.16252 0.311584
-1.16235 0.311748

-1.16235 0.311748
-1.16221 0.31189

-1.16221 0.31189
-1.16205 0.312055

-1.16205 0.312054
-1.16191 0.312195

-1.16191 0.312195
-1.16174 0.312361

-1.16174 0.312361
-1.1616 0.3125

-1.15594 0.00701435
-1.15603 0.00701904

-1.15625 0.00703076
-1.15603 0.00701904

-1.15594 0.00701436
-1.15564 0.00699804

-1.15564 0.00699804
-1.15533 0.00698183

-1.15533 0.00698183
-1.15503 0.00696571

-1.15503 0.00696572
-1.15472 0.0069497

-1.15472 0.0069497
-1.15442 0.00693377

-1.15442 0.00693377
-1.15411 0.00691792

-1.15411 0.00691792
-1.15381 0.00690215

-1.15381 0.00690216
-1.1535 0.00688645

-1.1535 0.00688644
-1.1532 0.0068708

-1.1532 0.00687077
-1.15289 0.00685526

-1.15289 0.0068553
-1.15259 0.0068399

-1.15259 0.00683989
-1.15228 0.00682455

-1.15228 0.00682456
-1.15198 0.00680928

-1.15198 0.00680928
-1.15167 0.00679407

-1.15167 0.00679407
-1.15137 0.00677893

-1.15137 0.00677893
-1.15106 0.00676385

-1.15106 0.00676386
-1.15076 0.00674885

-1.15076 0.00674887
-1.15045 0.00673389

-1.15045 0.00673393
-1.15015 0.00671887

-1.14984 0.00670365
-1.15005 0.00671387

-1.14984 0.00670364
-1.14954 0.00668855

-1.15015 0.00671887
-1.15005 0.00671387

-1.14954 0.00668856
-1.14923 0.00667358

-1.14923 0.00667359
-1.14893 0.00665871

-1.14893 0.00665871
-1.14862 0.00664391

-1.14862 0.00664391
-1.14832 0.00662918

-1.14832 0.00662919
-1.14801 0.00661453

-1.14801 0.00661453
-1.14771 0.00659992

-1.14771 0.00659993
-1.1474 0.00658536

-1.1474 0.00658536
-1.14709 0.00657081

-1.14709 0.00657078
-1.14679 0.0065563

-1.14679 0.00655632
-1.14648 0.00654194

-1.14648 0.00654194
-1.14618 0.0065276

-1.14618 0.0065276
-1.14587 0.00651329

-1.14587 0.00651329
-1.14557 0.006499

-1.14557 0.006499
-1.14526 0.00648473

-1.14526 0.00648474
-1.14496 0.00647048

-1.14496 0.00647048
-1.14465 0.00645623

-1.14465 0.00645624
-1.14435 0.00644198

-1.14435 0.006442
-1.14404 0.00642769

-1.14404 0.00642773
-1.14374 0.00641327

-1.14343 0.0063986
-1.14364 0.00640869

-1.14374 0.00641327
-1.14364 0.00640869

-1.14343 0.00639859
-1.14313 0.00638403

-1.14313 0.00638403
-1.14282 0.00636958

-1.14282 0.00636958
-1.14252 0.00635522

-1.14252 0.00635522
-1.14221 0.00634094

-1.14221 0.00634094
-1.14191 0.00632674

-1.14191 0.00632674
-1.1416 0.00631262

-1.1416 0.00631262
-1.1413 0.00629858

-1.1413 0.00629858
-1.14099 0.0062846

-1.14099 0.0062846
-1.14069 0.00627068

-1.14069 0.00627067
-1.14038 0.00625682

-1.14038 0.0062568
-1.14008 0.00624309

-1.14008 0.00624312
-1.13977 0.0062295

-1.13977 0.0062295
-1.13947 0.00621593

-1.13947 0.00621593
-1.13916 0.00620243

-1.13916 0.00620243
-1.13885 0.00618899

-1.13885 0.00618899
-1.13855 0.00617561

-1.13855 0.00617561
-1.13824 0.0061623

-1.13824 0.0061623
-1.13794 0.00614907

-1.13672 0.00609624
-1.13689 0.00610352

-1.13794 0.00614907
-1.13763 0.0061359

-1.13763 0.00613592
-1.13733 0.00612278

-1.13733 0.00612282
-1.13702 0.0061096

-1.13702 0.00610962
-1.13688 0.00610352

-1.13672 0.00609623
-1.13641 0.00608297

-1.13641 0.00608298
-1.13611 0.00606983

-1.13611 0.00606984
-1.1358 0.00605679

-1.1358 0.00605679
-1.1355 0.00604383

-1.1355 0.00604383
-1.13519 0.00603094

-1.13519 0.00603095
-1.13489 0.00601812

-1.13489 0.00601812
-1.13458 0.00600536

-1.13458 0.00600536
-1.13428 0.00599266

-1.13428 0.00599266
-1.13397 0.00597999

-1.13397 0.00598
-1.13367 0.00596736

-1.13367 0.00596735
-1.13336 0.00595472

-1.13336 0.00595469
-1.13306 0.00594215

-1.13306 0.00594219
-1.13275 0.00592973

-1.13275 0.00592973
-1.13245 0.00591729

-1.13245 0.0059173
-1.13214 0.00590489

-1.13214 0.00590489
-1.13184 0.0058925

-1.13184 0.0058925
-1.13153 0.00588013

-1.13153 0.00588014
-1.13123 0.00586777

-1.13123 0.00586778
-1.13092 0.00585542

-1.13092 0.00585542
-1.13062 0.00584305

-1.13062 0.00584306
-1.13031 0.00583067

-1.13031 0.00583069
-1.13 0.00581826

-1.13 0.00581829
-1.1297 0.00580572

-1.12939 0.00579292
-1.12952 0.00579834

-1.1297 0.00580575
-1.12952 0.00579834

-1.12939 0.00579291
-1.12909 0.00578016

-1.12909 0.00578016
-1.12878 0.00576749

-1.12878 0.00576749
-1.12848 0.00575491

-1.12848 0.00575491
-1.12817 0.00574239

-1.12817 0.00574239
-1.12787 0.00572995

-1.12787 0.00572995
-1.12756 0.00571757

-1.12756 0.00571757
-1.12726 0.00570525

-1.12726 0.00570525
-1.12695 0.005693

-1.12695 0.005693
-1.12665 0.0056808

-1.12665 0.0056808
-1.12634 0.00566866

-1.12634 0.00566866
-1.12604 0.00565655

-1.12604 0.00565654
-1.12573 0.00564449

-1.12573 0.00564447
-1.12543 0.00563254

-1.12543 0.00563257
-1.12512 0.00562073

-1.12512 0.00562072
-1.12482 0.00560891

-1.12482 0.00560891
-1.12451 0.00559714

-1.12451 0.00559714
-1.12421 0.00558542

-1.12421 0.00558542
-1.1239 0.00557374

-1.1239 0.00557374
-1.1236 0.00556212

-1.1236 0.00556212
-1.12329 0.00555054

-1.12329 0.00555054
-1.12299 0.00553901

-1.12299 0.00553901
-1.12268 0.00552754

-1.12268 0.00552755
-1.12238 0.00551612

-1.12238 0.00551614
-1.12207 0.0055047

-1.12177 0.00549306
-1.12177 0.00549316

-1.12177 0.00549308
-1.12146 0.00548145

-1.12207 0.00550474
-1.12177 0.00549316

-1.12146 0.00548146
-1.12115 0.00546992

-1.12115 0.00546992
-1.12085 0.00545847

-1.12085 0.00545848
-1.12054 0.00544711

-1.12054 0.00544711
-1.12024 0.00543582

-1.12024 0.00543582
-1.11993 0.00542458

-1.11993 0.00542458
-1.11963 0.00541341

-1.11963 0.00541341
-1.11932 0.00540229

-1.11932 0.00540229
-1.11902 0.00539122

-1.11902 0.00539122
-1.11871 0.00538019

-1.11871 0.0053802
-1.11841 0.00536921

-1.11841 0.00536922
-1.1181 0.00535826

-1.1181 0.00535827
-1.1178 0.00534732

-1.1178 0.00534728
-1.11749 0.00533639

-1.11749 0.00533642
-1.11719 0.00532562

-1.11719 0.00532562
-1.11688 0.00531486

-1.11688 0.00531486
-1.11658 0.00530414

-1.11658 0.00530413
-1.11627 0.00529343

-1.11627 0.00529343
-1.11597 0.00528274

-1.11597 0.00528274
-1.11566 0.00527207

-1.11566 0.00527207
-1.11536 0.00526141

-1.11536 0.00526141
-1.11505 0.00525076

-1.11505 0.00525076
-1.11475 0.0052401

-1.11475 0.0052401
-1.11444 0.00522943

-1.11444 0.00522944
-1.11414 0.00521875

-1.11414 0.00521876
-1.11383 0.00520802

-1.11383 0.00520805
-1.11353 0.0051972

-1.11322 0.00518608
-1.11327 0.00518799

-1.11353 0.00519723
-1.11327 0.00518799

-1.11322 0.00518609
-1.11292 0.00517497

-1.11292 0.00517498
-1.11261 0.00516393

-1.11261 0.00516393
-1.1123 0.00515295

-1.1123 0.00515296
-1.112 0.00514205

-1.112 0.00514205
-1.11169 0.0051312

-1.11169 0.0051312
-1.11139 0.0051204

-1.11139 0.0051204
-1.11108 0.00510967

-1.11108 0.00510967
-1.11078 0.00509899

-1.11078 0.00509899
-1.11047 0.00508836

-1.11047 0.00508836
-1.11017 0.00507778

-1.11017 0.00507778
-1.10986 0.00506726

-1.10986 0.00506726
-1.10956 0.00505678

-1.10956 0.00505678
-1.10925 0.00504632

-1.10925 0.00504632
-1.10895 0.00503591

-1.10895 0.00503589
-1.10864 0.0050256

-1.10864 0.00502563
-1.10834 0.00501542

-1.10834 0.00501542
-1.10803 0.00500523

-1.10803 0.00500523
-1.10773 0.00499509

-1.10773 0.00499509
-1.10742 0.00498499

-1.10406 0.00487639
-1.10426 0.00488281

-1.10406 0.00487637
-1.10376 0.00486651

-1.10376 0.00486652
-1.10345 0.00485675

-1.10345 0.00485676
-1.10315 0.00484708

-1.10315 0.00484708
-1.10284 0.00483747

-1.10284 0.00483747
-1.10254 0.00482792

-1.10742 0.00498499
-1.10712 0.00497494

-1.10712 0.00497494
-1.10681 0.00496492

-1.10681 0.00496492
-1.10651 0.00495496

-1.10651 0.00495496
-1.1062 0.00494504

-1.1062 0.00494504
-1.1059 0.00493517

-1.1059 0.00493517
-1.10559 0.00492534

-1.10559 0.00492534
-1.10529 0.00491557

-1.10529 0.00491558
-1.10498 0.00490585

-1.10498 0.00490587
-1.10468 0.00489615

-1.10468 0.00489618
-1.10437 0.00488636

-1.10437 0.00488637
-1.10426 0.00488281

-1.10254 0.00482792
-1.10223 0.00481843

-1.10223 0.00481843
-1.10193 0.004809

-1.10193 0.004809
-1.10162 0.00479961

-1.10162 0.00479961
-1.10132 0.00479028

-1.10132 0.00479028
-1.10101 0.00478099

-1.10101 0.00478099
-1.10071 0.00477174

-1.10071 0.00477174
-1.1004 0.00476254

-1.1004 0.00476255
-1.1001 0.00475338

-1.1001 0.00475339
-1.09979 0.00474424

-1.09979 0.00474423
-1.09949 0.00473509

-1.09949 0.00473505
-1.09918 0.00472599

-1.09918 0.00472602
-1.09888 0.00471703

-1.09888 0.00471702
-1.09857 0.00470807

-1.09857 0.00470807
-1.09827 0.00469915

-1.09827 0.00469915
-1.09796 0.00469025

-1.09796 0.00469025
-1.09766 0.00468138

-1.09766 0.00468138
-1.09735 0.00467252

-1.09735 0.00467252
-1.09705 0.00466369

-1.09705 0.00466369
-1.09674 0.00465486

-1.09674 0.00465487
-1.09644 0.00464605

-1.09644 0.00464605
-1.09613 0.00463723

-1.09613 0.00463723
-1.09583 0.00462841

-1.09583 0.00462841
-1.09552 0.00461957

-1.09552 0.00461957
-1.09521 0.00461071

-1.09521 0.00461071
-1.09491 0.00460181

-1.09491 0.00460182
-1.0946 0.00459286

-1.0946 0.00459288
-1.0943 0.00458377

-1.09399 0.0045744
-1.0941 0.00457764

-1.0943 0.0045838
-1.0941 0.00457764

-1.09399 0.0045744
-1.09369 0.00456505

-1.09369 0.00456506
-1.09338 0.00455578

-1.09338 0.00455578
-1.09308 0.00454655

-1.09308 0.00454655
-1.09277 0.00453738

-1.09277 0.00453738
-1.09247 0.00452826

-1.09247 0.00452826
-1.09216 0.00451918

-1.09216 0.00451918
-1.09186 0.00451015

-1.09186 0.00451015
-1.09155 0.00450115

-1.09155 0.00450115
-1.09125 0.0044922

-1.09125 0.0044922
-1.09094 0.00448329

-1.09094 0.00448329
-1.09064 0.00447442

-1.09064 0.00447442
-1.09033 0.00446559

-1.09033 0.00446559
-1.09003 0.00445679

-1.09003 0.00445679
-1.08972 0.00444803

-1.08972 0.00444804
-1.08942 0.0044393

-1.08942 0.0044393
-1.08911 0.00443058

-1.08911 0.00443055
-1.08881 0.00442191

-1.08881 0.00442193
-1.0885 0.00441337

-1.0885 0.00441337
-1.0882 0.00440485

-1.0882 0.00440486
-1.08789 0.00439637

-1.08789 0.00439636
-1.08759 0.0043879

-1.08759 0.0043879
-1.08728 0.00437946

-1.08728 0.00437946
-1.08698 0.00437105

-1.08698 0.00437105
-1.08667 0.00436268

-1.08667 0.00436268
-1.08636 0.00435433

-1.08636 0.00435433
-1.08606 0.00434601

-1.08606 0.00434601
-1.08575 0.00433772

-1.08575 0.00433772
-1.08545 0.00432947

-1.08545 0.00432947
-1.08514 0.00432124

-1.08514 0.00432124
-1.08484 0.00431304

-1.08484 0.00431304
-1.08453 0.00430488

-1.08453 0.00430488
-1.08423 0.00429675

-1.08423 0.00429676
-1.08392 0.00428865

-1.08392 0.00428867
-1.08362 0.00428052

-1.08331 0.00427217
-1.08332 0.00427246

-1.08331 0.00427218
-1.08301 0.00426383

-1.08362 0.00428055
-1.08332 0.00427246

-1.08301 0.00426383
-1.0827 0.00425556

-1.0827 0.00425556
-1.0824 0.00424735

-1.0824 0.00424735
-1.08209 0.0042392

-1.08209 0.0042392
-1.08179 0.00423111

-1.08179 0.00423111
-1.08148 0.00422306

-1.08148 0.00422306
-1.08118 0.00421506

-1.08118 0.00421506
-1.08087 0.00420709

-1.08087 0.00420709
-1.08057 0.00419917

-1.08057 0.00419917
-1.08026 0.00419129

-1.08026 0.00419129
-1.07996 0.00418345

-1.07996 0.00418345
-1.07965 0.00417564

-1.07965 0.00417564
-1.07935 0.00416787

-1.07935 0.00416787
-1.07904 0.00416015

-1.07904 0.00416015
-1.07874 0.00415245

-1.07874 0.00415245
-1.07843 0.0041448

-1.07843 0.0041448
-1.07812 0.00413717

-1.07812 0.00413717
-1.07782 0.00412955

-1.07782 0.00412955
-1.07751 0.00412194

-1.07751 0.00412191
-1.07721 0.00411439

-1.07721 0.00411442
-1.0769 0.00410697

-1.0769 0.00410697
-1.0766 0.00409954

-1.0766 0.00409954
-1.07629 0.00409215

-1.07629 0.00409215
-1.07599 0.00408479

-1.07599 0.00408479
-1.07568 0.00407746

-1.07568 0.00407746
-1.07538 0.00407015

-1.07538 0.00407015
-1.07507 0.00406287

-1.07507 0.00406287
-1.07477 0.00405561

-1.07477 0.00405561
-1.07446 0.00404837

-1.07446 0.00404837
-1.07416 0.00404114

-1.07416 0.00404115
-1.07385 0.00403393

-1.07385 0.00403393
-1.07355 0.00402673

-1.07355 0.00402673
-1.07324 0.00401952

-1.07324 0.00401953
-1.07294 0.00401231

-1.07294 0.00401232
-1.07263 0.00400509

-1.07263 0.00400509
-1.07233 0.00399784

-1.07233 0.00399784
-1.07202 0.00399056

-1.07202 0.00399056
-1.07172 0.00398322

-1.07172 0.00398324
-1.07141 0.0039758

-1.07141 0.00397583
-1.07111 0.00396819

-1.0708 0.00396035
-1.07107 0.00396729

-1.07111 0.00396818
-1.07107 0.00396729

-1.0708 0.00396034
-1.0705 0.0039526

-1.0705 0.0039526
-1.07019 0.00394491

-1.07019 0.00394492
-1.06989 0.00393727

-1.06989 0.00393727
-1.06958 0.00392967

-1.06958 0.00392967
-1.06927 0.0039221

-1.06927 0.0039221
-1.06897 0.00391457

-1.06897 0.00391457
-1.06866 0.00390707

-1.06866 0.00390707
-1.06836 0.0038996

-1.06836 0.0038996
-1.06805 0.00389217

-1.06805 0.00389217
-1.06775 0.00388476

-1.06775 0.00388476
-1.06744 0.00387738

-1.06744 0.00387738
-1.06714 0.00387004

-1.06714 0.00387004
-1.06683 0.00386272

-1.06683 0.00386272
-1.06653 0.00385543

-1.06653 0.00385543
-1.06622 0.00384818

-1.06622 0.00384818
-1.06592 0.00384095

-1.06592 0.00384095
-1.06561 0.00383374

-1.06561 0.00383375
-1.06531 0.00382656

-1.06531 0.00382656
-1.065 0.00381938

-1.065 0.00381935
-1.0647 0.00381224

-1.0647 0.00381227
-1.06439 0.00380523

-1.06439 0.00380524
-1.06409 0.00379824

-1.06409 0.00379824
-1.06378 0.00379126

-1.06378 0.00379126
-1.06348 0.00378429

-1.06348 0.00378429
-1.06317 0.00377735

-1.06317 0.00377735
-1.06287 0.00377044

-1.06287 0.00377044
-1.06256 0.00376355

-1.06256 0.00376355
-1.06226 0.00375669

-1.06226 0.00375669
-1.06195 0.00374985

-1.06195 0.00374985
-1.06165 0.00374304

-1.06165 0.00374304
-1.06134 0.00373625

-1.06134 0.00373625
-1.06104 0.0037295

-1.06104 0.00372949
-1.06073 0.00372277

-1.06073 0.00372277
-1.06042 0.00371607

-1.06042 0.00371607
-1.06012 0.00370939

-1.06012 0.00370939
-1.05981 0.00370275

-1.05981 0.00370275
-1.05951 0.00369614

-1.05951 0.00369614
-1.0592 0.00368957

-1.0592 0.00368957
-1.0589 0.00368302

-1.0589 0.00368303
-1.05859 0.00367651

-1.05768 0.00365652
-1.05793 0.00366211

-1.05768 0.00365652
-1.05737 0.00364982

-1.05859 0.00367653
-1.05829 0.00366998

-1.05829 0.00367001
-1.05798 0.00366334

-1.05798 0.00366334
-1.05793 0.00366211

-1.05737 0.00364983
-1.05707 0.0036432

-1.05707 0.0036432
-1.05676 0.00363662

-1.05676 0.00363663
-1.05646 0.0036301

-1.05646 0.0036301
-1.05615 0.00362361

-1.05615 0.00362361
-1.05585 0.00361716

-1.05585 0.00361716
-1.05554 0.00361074

-1.05554 0.00361074
-1.05524 0.00360435

-1.05524 0.00360435
-1.05493 0.003598

-1.05493 0.003598
-1.05463 0.00359167

-1.05463 0.00359167
-1.05432 0.00358538

-1.05432 0.00358538
-1.05402 0.00357911

-1.05402 0.00357911
-1.05371 0.00357288

-1.05371 0.00357288
-1.05341 0.00356667

-1.05341 0.00356667
-1.0531 0.00356049

-1.0531 0.00356049
-1.0528 0.00355435

-1.0528 0.00355435
-1.05249 0.00354823

-1.05249 0.00354823
-1.05219 0.00354213

-1.05219 0.00354213
-1.05188 0.00353607

-1.05188 0.00353607
-1.05157 0.00353003

-1.05157 0.00353004
-1.05127 0.00352402

-1.05127 0.00352402
-1.05096 0.00351801

-1.05096 0.003518
-1.05066 0.00351199

-1.05066 0.00351196
-1.05035 0.00350602

-1.05035 0.00350605
-1.05005 0.00350018

-1.05005 0.00350018
-1.04974 0.00349433

-1.04974 0.00349433
-1.04944 0.00348852

-1.04944 0.00348852
-1.04913 0.00348273

-1.04913 0.00348273
-1.04883 0.00347697

-1.04883 0.00347697
-1.04852 0.00347124

-1.04852 0.00347124
-1.04822 0.00346554

-1.04822 0.00346554
-1.04791 0.00345987

-1.04791 0.00345987
-1.04761 0.00345422

-1.04761 0.00345422
-1.0473 0.0034486

-1.0473 0.0034486
-1.047 0.00344301

-1.047 0.00344301
-1.04669 0.00343744

-1.04669 0.00343744
-1.04639 0.00343188

-1.04639 0.00343189
-1.04608 0.00342635

-1.04608 0.00342635
-1.04578 0.00342084

-1.04578 0.00342084
-1.04547 0.00341534

-1.04547 0.00341534
-1.04517 0.00340984

-1.04517 0.00340984
-1.04486 0.00340435

-1.04486 0.00340435
-1.04456 0.00339886

-1.04456 0.00339886
-1.04425 0.00339336

-1.04425 0.00339336
-1.04395 0.00338784

-1.04395 0.00338784
-1.04364 0.00338229

-1.04364 0.00338229
-1.04333 0.0033767

-1.04333 0.00337671
-1.04303 0.00337106

-1.04303 0.00337108
-1.04272 0.00336534

-1.04272 0.00336537
-1.04242 0.00335947

-1.04211 0.00335335
-1.04229 0.00335693

-1.04242 0.00335947
-1.04229 0.00335693

-1.04211 0.00335334
-1.04181 0.00334727

-1.04181 0.00334727
-1.0415 0.00334124

-1.0415 0.00334124
-1.0412 0.00333525

-1.0412 0.00333525
-1.04089 0.00332929

-1.04089 0.00332929
-1.04059 0.00332335

-1.04059 0.00332335
-1.04028 0.00331744

-1.04028 0.00331744
-1.03998 0.00331156

-1.03998 0.00331156
-1.03967 0.0033057

-1.03967 0.0033057
-1.03937 0.00329986

-1.03937 0.00329986
-1.03906 0.00329404

-1.03906 0.00329405
-1.03876 0.00328825

-1.03876 0.00328825
-1.03845 0.00328248

-1.03845 0.00328248
-1.03815 0.00327673

-1.03815 0.00327673
-1.03784 0.003271

-1.03784 0.003271
-1.03754 0.00326529

-1.03754 0.00326529
-1.03723 0.0032596

-1.03723 0.0032596
-1.03693 0.00325393

-1.03693 0.00325393
-1.03662 0.00324827

-1.03662 0.00324827
-1.03632 0.00324264

-1.03632 0.00324264
-1.03601 0.00323703

-1.03601 0.00323703
-1.03571 0.00323144

-1.03571 0.00323144
-1.0354 0.00322586

-1.0354 0.00322587
-1.0351 0.00322031

-1.0351 0.00322031
-1.03479 0.00321477

-1.03479 0.00321477
-1.03448 0.00320922

-1.03448 0.0032092
-1.03418 0.00320371

-1.03418 0.00320372
-1.03387 0.00319829

-1.03387 0.00319829
-1.03357 0.00319289

-1.03357 0.0031929
-1.03326 0.00318751

-1.03326 0.0031875
-1.03296 0.00318212

-1.03296 0.00318212
-1.03265 0.00317675

-1.03265 0.00317675
-1.03235 0.0031714

-1.03235 0.0031714
-1.03204 0.00316606

-1.03204 0.00316606
-1.03174 0.00316074

-1.03174 0.00316074
-1.03143 0.00315542

-1.03143 0.00315542
-1.03113 0.00315013

-1.03113 0.00315013
-1.03082 0.00314485

-1.03082 0.00314484
-1.03052 0.00313958

-1.03052 0.00313958
-1.03021 0.00313432

-1.03021 0.00313432
-1.02991 0.00312908

-1.02991 0.00312908
-1.0296 0.00312386

-1.0296 0.00312386
-1.0293 0.00311865

-1.0293 0.00311865
-1.02899 0.00311345

-1.02899 0.00311345
-1.02869 0.00310828

-1.02869 0.00310828
-1.02838 0.00310311

-1.02838 0.00310311
-1.02808 0.00309797

-1.02808 0.00309797
-1.02777 0.00309284

-1.02777 0.00309284
-1.02747 0.00308773

-1.02747 0.00308773
-1.02716 0.00308264

-1.02716 0.00308264
-1.02686 0.00307757

-1.02686 0.00307757
-1.02655 0.00307252

-1.02655 0.00307252
-1.02625 0.0030675

-1.02625 0.0030675
-1.02594 0.00306248

-1.02594 0.0030625
-1.02563 0.00305744

-1.02502 0.00304699
-1.0253 0.00305176

-1.02563 0.00305747
-1.02533 0.00305229

-1.02533 0.00305229
-1.0253 0.00305176

-1.02502 0.00304699
-1.02472 0.00304179

-1.02472 0.00304179
-1.02441 0.00303665

-1.02441 0.00303665
-1.02411 0.00303154

-1.02411 0.00303155
-1.0238 0.00302647

-1.0238 0.00302647
-1.0235 0.00302143

-1.0235 0.00302143
-1.02319 0.00301641

-1.02319 0.00301641
-1.02289 0.00301141

-1.02289 0.00301141
-1.02258 0.00300644

-1.02258 0.00300644
-1.02228 0.00300149

-1.02228 0.00300149
-1.02197 0.00299656

-1.02197 0.00299656
-1.02167 0.00299165

-1.02167 0.00299165
-1.02136 0.00298677

-1.02136 0.00298677
-1.02106 0.00298191

-1.02106 0.00298191
-1.02075 0.00297706

-1.02075 0.00297706
-1.02045 0.00297225

-1.02045 0.00297225
-1.02014 0.00296745

-1.02014 0.00296745
-1.01984 0.00296267

-1.01984 0.00296267
-1.01953 0.00295791

-1.01953 0.00295791
-1.01923 0.00295318

-1.01923 0.00295318
-1.01892 0.00294846

-1.01892 0.00294846
-1.01862 0.00294376

-1.01862 0.00294376
-1.01831 0.00293909

-1.01831 0.00293909
-1.01801 0.00293443

-1.01801 0.00293443
-1.0177 0.00292979

-1.0177 0.00292979
-1.0174 0.00292516

-1.0174 0.00292516
-1.01709 0.00292056

-1.01709 0.00292056
-1.01678 0.00291597

-1.01678 0.00291597
-1.01648 0.00291139

-1.01648 0.0029114
-1.01617 0.00290682

-1.01617 0.00290682
-1.01587 0.00290224

-1.01587 0.00290221
-1.01556 0.00289767

-1.01556 0.00289769
-1.01526 0.00289321

-1.01526 0.00289321
-1.01495 0.00288874

-1.01495 0.00288875
-1.01465 0.00288431

-1.01465 0.00288431
-1.01434 0.00287988

-1.01434 0.00287988
-1.01404 0.00287548

-1.01404 0.00287548
-1.01373 0.00287109

-1.01373 0.00287109
-1.01343 0.00286673

-1.01343 0.00286673
-1.01312 0.00286238

-1.01312 0.00286238
-1.01282 0.00285806

-1.01282 0.00285806
-1.01251 0.00285375

-1.01251 0.00285375
-1.01221 0.00284947

-1.01221 0.00284947
-1.0119 0.0028452

-1.0119 0.0028452
-1.0116 0.00284096

-1.0116 0.00284096
-1.01129 0.00283674

-1.01129 0.00283674
-1.01099 0.00283254

-1.01099 0.00283254
-1.01068 0.00282836

-1.01068 0.00282836
-1.01038 0.0028242

-1.01038 0.0028242
-1.01007 0.00282006

-1.01007 0.00282006
-1.00977 0.00281594

-1.00977 0.00281594
-1.00946 0.00281184

-1.00946 0.00281184
-1.00916 0.00280775

-1.00916 0.00280776
-1.00885 0.00280369

-1.00885 0.00280369
-1.00854 0.00279964

-1.00854 0.00279964
-1.00824 0.00279561

-1.00824 0.00279561
-1.00793 0.00279158

-1.00793 0.00279158
-1.00763 0.00278757

-1.00763 0.00278757
-1.00732 0.00278356

-1.00732 0.00278356
-1.00702 0.00277954

-1.00702 0.00277955
-1.00671 0.00277553

-1.00671 0.00277553
-1.00641 0.00277149

-1.00641 0.00277149
-1.0061 0.00276743

-1.0061 0.00276743
-1.0058 0.00276333

-1.0058 0.00276334
-1.00549 0.00275919

-1.00549 0.00275919
-1.00519 0.00275497

-1.00519 0.00275498
-1.00488 0.00275064

-1.00458 0.00274609
-1.00461 0.00274658

-1.00488 0.00275066
-1.00461 0.00274658

-1.00458 0.0027461
-1.00427 0.00274154

-1.00427 0.00274154
-1.00397 0.00273701

-1.00397 0.00273701
-1.00366 0.0027325

-1.00366 0.0027325
-1.00336 0.00272802

-1.00336 0.00272802
-1.00305 0.00272357

-1.00305 0.00272357
-1.00275 0.00271913

-1.00275 0.00271913
-1.00244 0.00271471

-1.00244 0.00271471
-1.00214 0.00271031

-1.00214 0.00271031
-1.00183 0.00270593

-1.00183 0.00270593
-1.00153 0.00270157

-1.00153 0.00270157
-1.00122 0.00269722

-1.00122 0.00269722
-1.00092 0.00269289

-1.00092 0.00269289
-1.00061 0.00268858

-1.00061 0.00268858
-1.00031 0.00268428

-1.00031 0.00268428
-1.0 0.00267999

-1.1616 0.3125
-1.16144 0.312667

-1.16144 0.312667
-1.1613 0.312805

-1.1613 0.312805
-1.16113 0.312972

-1.16113 0.312972
-1.161 0.31311

-1.161 0.31311
-1.16083 0.313278

-1.16083 0.313278
-1.16069 0.313416

-1.16069 0.313416
-1.16052 0.313584

-1.16052 0.313584
-1.16039 0.313721

-1.16039 0.313721
-1.16022 0.313889

-1.16022 0.313889
-1.16008 0.314026

-1.16008 0.314026
-1.15991 0.314194

-1.15991 0.314194
-1.15978 0.314331

-1.15978 0.314331
-1.15961 0.314499

-1.15961 0.314499
-1.15947 0.314636

-1.15947 0.314636
-1.1593 0.314804

-1.1593 0.314804
-1.15916 0.314941

-1.15916 0.314941
-1.159 0.315109

-1.159 0.315109
-1.15886 0.315247

-1.15886 0.315247
-1.15869 0.315414

-1.15869 0.315414
-1.15855 0.315552

-1.15855 0.315552
-1.15839 0.315718

-1.15839 0.315718
-1.15825 0.315857

-1.15825 0.315857
-1.15808 0.316022

-1.15808 0.316022
-1.15794 0.316162

-1.15794 0.316162
-1.15778 0.316326

-1.15778 0.316327
-1.15763 0.316467

-1.15763 0.316467
-1.15747 0.316631

-1.15747 0.316631
-1.15733 0.316772

-1.15733 0.316772
-1.15717 0.316934

-1.15717 0.316935
-1.15702 0.317078

-1.15702 0.317078
-1.15686 0.317238

-1.15686 0.317238
-1.15672 0.317383

-1.15672 0.317383
-1.15656 0.317542

-1.15656 0.317542
-1.15641 0.317688

-1.15641 0.317688
-1.15625 0.317845

-1.15625 0.317845
-1.1561 0.317993

-1.1561 0.317993
-1.15594 0.318149

-1.15594 0.318149
-1.15579 0.318298

-1.15579 0.318298
-1.15564 0.318452

-1.15564 0.318452
-1.15549 0.318604

-1.15549 0.318604
-1.15533 0.318755

-1.15533 0.318755
-1.15518 0.318909

-1.15518 0.318909
-1.15503 0.319058

-1.15503 0.319058
-1.15487 0.319214

-1.15487 0.319214
-1.15472 0.31936

-1.15472 0.319361
-1.15456 0.319519

-1.15456 0.319519
-1.15442 0.319663

-1.15442 0.319663
-1.15426 0.319824

-1.15426 0.319824
-1.15411 0.319965

-1.15411 0.319966
-1.15395 0.320129

-1.15395 0.320129
-1.15381 0.320268

-1.15381 0.320268
-1.15364 0.320435

-1.15364 0.320435
-1.1535 0.32057

-1.1535 0.32057
-1.15333 0.32074

-1.15333 0.32074
-1.1532 0.320872

-1.1532 0.320872
-1.15302 0.321045

-1.15302 0.321045
-1.15289 0.321174

-1.15289 0.321174
-1.15271 0.32135

-1.15271 0.32135
-1.15259 0.321475

-1.15259 0.321476
-1.15241 0.321655

-1.15241 0.321655
-1.15228 0.321777

-1.15228 0.321777
-1.1521 0.32196

-1.1521 0.32196
-1.15198 0.322078

-1.15198 0.322079
-1.15179 0.322266

-1.15179 0.322266
-1.15167 0.32238

-1.15167 0.32238
-1.15148 0.322571

-1.15148 0.322571
-1.15137 0.322681

-1.15137 0.322681
-1.15117 0.322876

-1.15117 0.322876
-1.15106 0.322982

-1.15106 0.322982
-1.15086 0.323181

-1.15086 0.323181
-1.15076 0.323283

-1.15076 0.323283
-1.15055 0.323486

-1.15055 0.323486
-1.15045 0.323583

-1.15045 0.323584
-1.15024 0.323792

-1.15024 0.323792
-1.15015 0.323884

-1.15015 0.323884
-1.14993 0.324097

-1.14993 0.324097
-1.14984 0.324185

-1.14984 0.324185
-1.14962 0.324402

-1.14962 0.324402
-1.14954 0.324485

-1.14954 0.324485
-1.14931 0.324707

-1.14931 0.324707
-1.14923 0.324785

-1.14923 0.324785
-1.149 0.325012

-1.149 0.325012
-1.14893 0.325085

-1.14893 0.325086
-1.14869 0.325317

-1.14869 0.325317
-1.14862 0.325385

-1.14862 0.325385
-1.14838 0.325623

-1.14838 0.325623
-1.14832 0.325685

-1.14832 0.325685
-1.14807 0.325928

-1.14807 0.325928
-1.14801 0.325984

-1.14801 0.325985
-1.14776 0.326233

-1.14776 0.326233
-1.14771 0.326284

-1.14771 0.326284
-1.14745 0.326538

-1.14745 0.326538
-1.1474 0.326583

-1.1474 0.326584
-1.14713 0.326843

-1.14713 0.326843
-1.14709 0.326882

-1.14709 0.326883
-1.14682 0.327148

-1.14682 0.327148
-1.14679 0.327181

-1.14679 0.327181
-1.14651 0.327454

-1.14651 0.327454
-1.14648 0.32748

-1.14648 0.32748
-1.1462 0.327759

-1.1462 0.327759
-1.14618 0.327779

-1.14618 0.327779
-1.14589 0.328064

-1.14589 0.328064
-1.14587 0.328078

-1.14587 0.328078
-1.14558 0.328369

-1.14558 0.328369
-1.14557 0.328376

-1.14557 0.328376
-1.14526 0.328674

-1.14526 0.328674
-1.14496 0.328973

-1.14496 0.328973
-1.14495 0.328979

-1.14495 0.328979
-1.14465 0.329271

-1.14465 0.329271
-1.14464 0.329285

-1.14464 0.329285
-1.14435 0.329569

-1.14435 0.329569
-1.14433 0.32959

-1.14433 0.32959
-1.14404 0.329866

-1.14404 0.329866
-1.14401 0.329895

-1.14401 0.329895
-1.14374 0.330164

-1.14374 0.330164
-1.1437 0.3302

-1.1437 0.3302
-1.14343 0.330461

-1.14343 0.330462
-1.14339 0.330505

-1.14339 0.330505
-1.14313 0.330758

-1.14313 0.330759
-1.14307 0.330811

-1.14308 0.330811
-1.14282 0.331055

-1.14282 0.331056
-1.14276 0.331116

-1.14276 0.331116
-1.14252 0.331353

-1.14252 0.331353
-1.14245 0.331421

-1.14245 0.331421
-1.14221 0.33165

-1.14221 0.33165
-1.14213 0.331726

-1.14213 0.331726
-1.14191 0.331946

-1.14191 0.331947
-1.14182 0.332031

-1.14182 0.332031
-1.1416 0.332243

-1.1416 0.332244
-1.14151 0.332336

-1.14151 0.332336
-1.1413 0.33254

-1.1413 0.332541
-1.14119 0.332642

-1.14119 0.332642
-1.14099 0.332836

-1.14099 0.332837
-1.14088 0.332947

-1.14088 0.332947
-1.14069 0.333132

-1.14069 0.333133
-1.14056 0.333252

-1.14056 0.333252
-1.14038 0.333429

-1.14038 0.333429
-1.14025 0.333557

-1.14025 0.333557
-1.14008 0.333725

-1.14008 0.333725
-1.13993 0.333862

-1.13993 0.333862
-1.13977 0.334021

-1.13977 0.334021
-1.13962 0.334167

-1.13962 0.334167
-1.13947 0.334316

-1.13947 0.334317
-1.1393 0.334473

-1.1393 0.334473
-1.13916 0.334612

-1.13916 0.334613
-1.13899 0.334778

-1.13899 0.334778
-1.13885 0.334907

-1.13885 0.334908
-1.13867 0.335083

-1.13867 0.335083
-1.13855 0.335203

-1.13855 0.335204
-1.13836 0.335388

-1.13836 0.335388
-1.13824 0.335498

-1.13824 0.335499
-1.13804 0.335693

-1.13804 0.335693
-1.13794 0.335793

-1.13794 0.335794
-1.13773 0.335999

-1.13773 0.335999
-1.13763 0.336088

-1.13763 0.336089
-1.13741 0.336304

-1.13741 0.336304
-1.13733 0.336383

-1.13733 0.336384
-1.13709 0.336609

-1.1371 0.336609
-1.13702 0.336678

-1.13702 0.336679
-1.13678 0.336914

-1.13678 0.336914
-1.13672 0.336972

-1.13672 0.336973
-1.13646 0.337219

-1.13646 0.337219
-1.13641 0.337266

-1.13641 0.337267
-1.13615 0.337524

-1.13615 0.337524
-1.13611 0.337561

-1.13611 0.337561
-1.13583 0.33783

-1.13583 0.33783
-1.1358 0.337855

-1.1358 0.337855
-1.13551 0.338135

-1.13551 0.338135
-1.1355 0.338149

-1.1355 0.338149
-1.1352 0.33844

-1.1352 0.33844
-1.13519 0.338443

-1.13519 0.338443
-1.13489 0.338737

-1.13489 0.338737
-1.13488 0.338745

-1.13488 0.338745
-1.13458 0.33903

-1.13458 0.33903
-1.13456 0.33905

-1.13456 0.33905
-1.13428 0.339324

-1.13428 0.339324
-1.13424 0.339355

-1.13424 0.339355
-1.13397 0.339617

-1.13397 0.339617
-1.13393 0.339661

-1.13393 0.339661
-1.13367 0.33991

-1.13367 0.33991
-1.13361 0.339966

-1.13361 0.339966
-1.13336 0.340203

-1.13336 0.340203
-1.13329 0.340271

-1.13329 0.340271
-1.13306 0.340495

-1.13306 0.340496
-1.13297 0.340576

-1.13297 0.340576
-1.13275 0.340788

-1.13275 0.340789
-1.13266 0.340881

-1.13266 0.340881
-1.13245 0.341081

-1.13245 0.341082
-1.13234 0.341187

-1.13234 0.341187
-1.13214 0.341373

-1.13214 0.341375
-1.13202 0.341492

-1.13202 0.341492
-1.13184 0.341666

-1.13184 0.341667
-1.1317 0.341797

-1.1317 0.341797
-1.13153 0.341958

-1.13153 0.341959
-1.13138 0.342102

-1.13138 0.342102
-1.13123 0.34225

-1.13123 0.342251
-1.13106 0.342407

-1.13106 0.342407
-1.13092 0.342543

-1.13092 0.342544
-1.13074 0.342712

-1.13074 0.342712
-1.13062 0.342834

-1.13062 0.342836
-1.13042 0.343018

-1.13042 0.343018
-1.13031 0.343126

-1.13031 0.343127
-1.1301 0.343323

-1.1301 0.343323
-1.13 0.343418

-1.13 0.343419
-1.12978 0.343628

-1.12979 0.343628
-1.1297 0.343709

-1.1297 0.343711
-1.12946 0.343933

-1.12947 0.343933
-1.12939 0.344001

-1.12939 0.344002
-1.12915 0.344238

-1.12915 0.344238
-1.12909 0.344292

-1.12909 0.344293
-1.12883 0.344543

-1.12883 0.344543
-1.12878 0.344583

-1.12878 0.344583
-1.12851 0.344849

-1.12851 0.344849
-1.12848 0.344874

-1.12848 0.344874
-1.12819 0.345154

-1.12819 0.345154
-1.12817 0.345165

-1.12817 0.345165
-1.12787 0.345456

-1.12787 0.345456
-1.12787 0.345459

-1.12787 0.345459
-1.12756 0.345747

-1.12756 0.345747
-1.12754 0.345764

-1.12754 0.345764
-1.12726 0.346037

-1.12726 0.346037
-1.12722 0.346069

-1.12722 0.346069
-1.12695 0.346327

-1.12695 0.346327
-1.1269 0.346375

-1.1269 0.346375
-1.12665 0.346617

-1.12665 0.346618
-1.12658 0.34668

-1.12658 0.34668
-1.12634 0.346907

-1.12634 0.346908
-1.12626 0.346985

-1.12626 0.346985
-1.12604 0.347197

-1.12604 0.347198
-1.12594 0.34729

-1.12594 0.34729
-1.12573 0.347487

-1.12573 0.347488
-1.12562 0.347595

-1.12562 0.347595
-1.12543 0.347776

-1.12543 0.347778
-1.1253 0.3479

-1.1253 0.3479
-1.12512 0.348066

-1.12512 0.348067
-1.12498 0.348206

-1.12498 0.348206
-1.12482 0.348356

-1.12482 0.348357
-1.12465 0.348511

-1.12465 0.348511
-1.12451 0.348645

-1.12451 0.348646
-1.12433 0.348816

-1.12433 0.348816
-1.12421 0.348934

-1.12421 0.348935
-1.12401 0.349121

-1.12401 0.349121
-1.1239 0.349223

-1.1239 0.349225
-1.12369 0.349426

-1.12369 0.349426
-1.1236 0.349512

-1.1236 0.349514
-1.12336 0.349731

-1.12336 0.349731
-1.12329 0.349801

-1.12329 0.349802
-1.12304 0.350037

-1.12304 0.350037
-1.12299 0.35009

-1.12299 0.35009
-1.12272 0.350342

-1.12272 0.350342
-1.12268 0.350378

-1.12268 0.350379
-1.1224 0.350647

-1.1224 0.350647
-1.12238 0.350667

-1.12238 0.350667
-1.12207 0.350952

-1.12207 0.350952
-1.12207 0.350955

-1.12207 0.350955
-1.12177 0.351244

-1.12177 0.351244
-1.12175 0.351257

-1.12175 0.351257
-1.12146 0.351532

-1.12146 0.351532
-1.12143 0.351562

-1.12143 0.351562
-1.12115 0.35182

-1.12115 0.35182
-1.1211 0.351868

-1.1211 0.351868
-1.12085 0.352107

-1.12085 0.352108
-1.12078 0.352173

-1.12078 0.352173
-1.12054 0.352394

-1.12054 0.352395
-1.12046 0.352478

-1.12046 0.352478
-1.12024 0.352682

-1.12024 0.352683
-1.12013 0.352783

-1.12013 0.352783
-1.11993 0.352969

-1.11993 0.352971
-1.11981 0.353088

-1.11981 0.353088
-1.11963 0.353257

-1.11963 0.353258
-1.11948 0.353394

-1.11948 0.353394
-1.11932 0.353544

-1.11932 0.353545
-1.11916 0.353699

-1.11916 0.353699
-1.11902 0.353831

-1.11902 0.353833
-1.11884 0.354004

-1.11884 0.354004
-1.11871 0.354118

-1.11871 0.35412
-1.11851 0.354309

-1.11851 0.354309
-1.11841 0.354405

-1.11841 0.354407
-1.11819 0.354614

-1.11819 0.354614
-1.1181 0.354692

-1.1181 0.354693
-1.11786 0.354919

-1.11786 0.354919
-1.1178 0.354979

-1.1178 0.354979
-1.11754 0.355225

-1.11754 0.355225
-1.11749 0.355265

-1.11749 0.355265
-1.11721 0.35553

-1.11721 0.35553
-1.11719 0.355551

-1.11719 0.355552
-1.11689 0.355835

-1.11689 0.355835
-1.11688 0.355838

-1.11688 0.355838
-1.11658 0.356124

-1.11658 0.356124
-1.11656 0.35614

-1.11656 0.35614
-1.11627 0.35641

-1.11627 0.35641
-1.11623 0.356445

-1.11623 0.356445
-1.11597 0.356696

-1.11597 0.356696
-1.11591 0.35675

-1.11591 0.35675
-1.11566 0.356981

-1.11566 0.356982
-1.11558 0.357056

-1.11558 0.357056
-1.11536 0.357266

-1.11536 0.357268
-1.11526 0.357361

-1.11526 0.357361
-1.11505 0.357552

-1.11505 0.357553
-1.11493 0.357666

-1.11493 0.357666
-1.11475 0.357837

-1.11475 0.357839
-1.1146 0.357971

-1.1146 0.357971
-1.11444 0.358123

-1.11444 0.358124
-1.11428 0.358276

-1.11428 0.358276
-1.11414 0.358408

-1.11414 0.35841
-1.11395 0.358582

-1.11395 0.358582
-1.11383 0.358693

-1.11383 0.358695
-1.11362 0.358887

-1.11362 0.358887
-1.11353 0.358978

-1.11353 0.35898
-1.1133 0.359192

-1.1133 0.359192
-1.11322 0.359263

-1.11322 0.359264
-1.11297 0.359497

-1.11297 0.359497
-1.11292 0.359548

-1.11292 0.359548
-1.11264 0.359802

-1.11264 0.359802
-1.11261 0.359832

-1.11261 0.359833
-1.11231 0.360107

-1.11231 0.360107
-1.1123 0.360117

-1.1123 0.360117
-1.112 0.360401

-1.112 0.360401
-1.11199 0.360413

-1.11199 0.360413
-1.11169 0.360686

-1.11169 0.360686
-1.11166 0.360718

-1.11166 0.360718
-1.11139 0.36097

-1.11139 0.36097
-1.11133 0.361023

-1.11133 0.361023
-1.11108 0.361253

-1.11108 0.361254
-1.111 0.361328

-1.111 0.361328
-1.11078 0.361536

-1.11078 0.361538
-1.11068 0.361633

-1.11068 0.361633
-1.11047 0.36182

-1.11047 0.361822
-1.11035 0.361938

-1.11035 0.361938
-1.11017 0.362104

-1.11017 0.362105
-1.11002 0.362244

-1.11002 0.362244
-1.10986 0.362388

-1.10986 0.362389
-1.10969 0.362549

-1.10969 0.362549
-1.10956 0.362671

-1.10956 0.362673
-1.10936 0.362854

-1.10936 0.362854
-1.10925 0.362954

-1.10925 0.362956
-1.10903 0.363159

-1.10903 0.363159
-1.10895 0.363238

-1.10895 0.363239
-1.1087 0.363464

-1.1087 0.363464
-1.10864 0.363521

-1.10864 0.363521
-1.10837 0.36377

-1.10837 0.36377
-1.10834 0.363804

-1.10834 0.363804
-1.10805 0.364075

-1.10804 0.364075
-1.10803 0.364087

-1.10803 0.364087
-1.10773 0.36437

-1.10773 0.36437
-1.10772 0.36438

-1.10772 0.36438
-1.10742 0.364652

-1.10742 0.364652
-1.10739 0.364685

-1.10739 0.364685
-1.10712 0.364935

-1.10712 0.364935
-1.10706 0.36499

-1.10706 0.36499
-1.10681 0.365217

-1.10681 0.365217
-1.10673 0.365295

-1.10673 0.365295
-1.10651 0.365498

-1.10651 0.3655
-1.1064 0.365601

-1.1064 0.365601
-1.1062 0.36578

-1.1062 0.365782
-1.10607 0.365906

-1.10607 0.365906
-1.1059 0.366062

-1.1059 0.366064
-1.10574 0.366211

-1.10574 0.366211
-1.10559 0.366344

-1.10559 0.366346
-1.10541 0.366516

-1.10541 0.366516
-1.10529 0.366626

-1.10529 0.366628
-1.10507 0.366821

-1.10507 0.366821
-1.10498 0.366908

-1.10498 0.366909
-1.10474 0.367126

-1.10474 0.367126
-1.10468 0.36719

-1.10468 0.36719
-1.10441 0.367432

-1.10441 0.367432
-1.10437 0.367471

-1.10437 0.367472
-1.10408 0.367737

-1.10408 0.367737
-1.10406 0.367753

-1.10406 0.367753
-1.10376 0.368034

-1.10376 0.368034
-1.10375 0.368042

-1.10375 0.368042
-1.10345 0.368315

-1.10345 0.368315
-1.10342 0.368347

-1.10342 0.368347
-1.10315 0.368596

-1.10315 0.368596
-1.10309 0.368652

-1.10309 0.368652
-1.10284 0.368877

-1.10284 0.368877
-1.10276 0.368958

-1.10276 0.368958
-1.10254 0.369157

-1.10254 0.369158
-1.10243 0.369263

-1.10243 0.369263
-1.10223 0.369437

-1.10223 0.369439
-1.10209 0.369568

-1.10209 0.369568
-1.10193 0.369718

-1.10193 0.36972
-1.10176 0.369873

-1.10176 0.369873
-1.10162 0.369999

-1.10162 0.370001
-1.10143 0.370178

-1.10143 0.370178
-1.10132 0.370279

-1.10132 0.370281
-1.1011 0.370483

-1.1011 0.370483
-1.10101 0.37056

-1.10101 0.37056
-1.10076 0.370789

-1.10076 0.370789
-1.10071 0.37084

-1.10071 0.37084
-1.10043 0.371094

-1.10043 0.371094
-1.1004 0.37112

-1.1004 0.37112
-1.1001 0.371399

-1.1001 0.371399
-1.1001 0.3714

-1.1001 0.3714
-1.09979 0.37168

-1.09979 0.37168
-1.09977 0.371704

-1.09977 0.371704
-1.09949 0.37196

-1.09949 0.37196
-1.09943 0.372009

-1.09943 0.372009
-1.09918 0.372239

-1.09918 0.372239
-1.0991 0.372314

-1.0991 0.372314
-1.09888 0.372518

-1.09888 0.372519
-1.09877 0.37262

-1.09877 0.37262
-1.09857 0.372797

-1.09857 0.372799
-1.09843 0.372925

-1.09843 0.372925
-1.09827 0.373076

-1.09827 0.373078
-1.0981 0.37323

-1.0981 0.37323
-1.09796 0.373356

-1.09796 0.373358
-1.09776 0.373535

-1.09777 0.373535
-1.09766 0.373635

-1.09766 0.373636
-1.09743 0.37384

-1.09743 0.37384
-1.09735 0.373914

-1.09735 0.373914
-1.0971 0.374146

-1.0971 0.374146
-1.09705 0.374193

-1.09705 0.374193
-1.09676 0.374451

-1.09676 0.374451
-1.09674 0.374471

-1.09674 0.374472
-1.09644 0.37475

-1.09644 0.37475
-1.09643 0.374756

-1.09643 0.374756
-1.09613 0.375029

-1.09613 0.375029
-1.09609 0.375061

-1.09609 0.375061
-1.09583 0.375307

-1.09583 0.375307
-1.09576 0.375366

-1.09576 0.375366
-1.09552 0.375585

-1.09552 0.375586
-1.09543 0.375671

-1.09543 0.375671
-1.09521 0.375862

-1.09521 0.375864
-1.09509 0.375977

-1.09509 0.375977
-1.09491 0.37614

-1.09491 0.376142
-1.09476 0.376282

-1.09476 0.376282
-1.0946 0.376419

-1.0946 0.376421
-1.09442 0.376587

-1.09442 0.376587
-1.0943 0.376697

-1.0943 0.376698
-1.09408 0.376892

-1.09408 0.376892
-1.09399 0.376974

-1.09399 0.376975
-1.09375 0.377197

-1.09375 0.377197
-1.09369 0.377252

-1.09369 0.377253
-1.09341 0.377502

-1.09341 0.377502
-1.09338 0.37753

-1.09338 0.37753
-1.09308 0.377807

-1.09308 0.377808
-1.09277 0.378085

-1.09277 0.378085
-1.09274 0.378113

-1.09274 0.378113
-1.09247 0.378362

-1.09247 0.378362
-1.09241 0.378418

-1.09241 0.378418
-1.09216 0.378639

-1.09216 0.378639
-1.09207 0.378723

-1.09207 0.378723
-1.09186 0.378915

-1.09186 0.378917
-1.09173 0.379028

-1.09173 0.379028
-1.09155 0.379192

-1.09155 0.379194
-1.0914 0.379333

-1.0914 0.379333
-1.09125 0.379469

-1.09125 0.379471
-1.09106 0.379639

-1.09106 0.379639
-1.09094 0.379746

-1.09094 0.379747
-1.09072 0.379944

-1.09072 0.379944
-1.09064 0.380022

-1.09064 0.380023
-1.09039 0.380249

-1.09039 0.380249
-1.09033 0.380299

-1.09033 0.380299
-1.09005 0.380554

-1.09005 0.380554
-1.09003 0.380575

-1.09003 0.380576
-1.08972 0.380852

-1.08972 0.380852
-1.08971 0.380859

-1.08971 0.380859
-1.08942 0.381128

-1.08942 0.381128
-1.08938 0.381165

-1.08938 0.381165
-1.08911 0.381404

-1.08911 0.381404
-1.08904 0.38147

-1.08904 0.38147
-1.08881 0.38168

-1.08881 0.38168
-1.0887 0.381775

-1.0887 0.381775
-1.0885 0.381955

-1.0885 0.381957
-1.08836 0.38208

-1.08836 0.38208
-1.0882 0.382231

-1.0882 0.382233
-1.08803 0.382385

-1.08803 0.382385
-1.08789 0.382506

-1.08789 0.382509
-1.08769 0.38269

-1.08769 0.38269
-1.08759 0.382782

-1.08759 0.382783
-1.08735 0.382996

-1.08735 0.382996
-1.08728 0.383058

-1.08728 0.383058
-1.08701 0.383301

-1.08701 0.383301
-1.08698 0.383333

-1.08698 0.383334
-1.08667 0.383606

-1.08667 0.383606
-1.08667 0.383608

-1.08667 0.383609
-1.08636 0.383884

-1.08636 0.383884
-1.08633 0.383911

-1.08633 0.383911
-1.08606 0.384159

-1.08606 0.384159
-1.086 0.384216

-1.086 0.384216
-1.08575 0.384433

-1.08575 0.384434
-1.08566 0.384521

-1.08566 0.384521
-1.08545 0.384707

-1.08545 0.384709
-1.08532 0.384827

-1.08532 0.384827
-1.08514 0.384982

-1.08514 0.384984
-1.08498 0.385132

-1.08498 0.385132
-1.08484 0.385257

-1.08484 0.385259
-1.08464 0.385437

-1.08464 0.385437
-1.08453 0.385532

-1.08453 0.385533
-1.0843 0.385742

-1.0843 0.385742
-1.08423 0.385806

-1.08423 0.385807
-1.08396 0.386047

-1.08396 0.386047
-1.08392 0.386081

-1.08392 0.386081
-1.08362 0.386353

-1.08362 0.386353
-1.08362 0.386355

-1.08362 0.386355
-1.08331 0.386629

-1.08331 0.386629
-1.08328 0.386658

-1.08328 0.386658
-1.08301 0.386903

-1.08301 0.386903
-1.08294 0.386963

-1.08294 0.386963
-1.0827 0.387177

-1.0827 0.387178
-1.0826 0.387268

-1.0826 0.387268
-1.0824 0.38745

-1.0824 0.387452
-1.08226 0.387573

-1.08226 0.387573
-1.08209 0.387724

-1.08209 0.387726
-1.08192 0.387878

-1.08192 0.387878
-1.08179 0.387998

-1.08179 0.388
-1.08158 0.388184

-1.08158 0.388184
-1.08148 0.388271

-1.08148 0.388272
-1.08124 0.388489

-1.08124 0.388489
-1.08118 0.388545

-1.08118 0.388545
-1.0809 0.388794

-1.0809 0.388794
-1.08087 0.388818

-1.08087 0.388819
-1.08057 0.389092

-1.08057 0.389092
-1.08056 0.389099

-1.08056 0.389099
-1.08026 0.389365

-1.08026 0.389365
-1.08022 0.389404

-1.08022 0.389404
-1.07996 0.389638

-1.07996 0.389638
-1.07988 0.389709

-1.07988 0.389709
-1.07965 0.38991

-1.07965 0.389911
-1.07953 0.390015

-1.07954 0.390015
-1.07935 0.390182

-1.07935 0.390185
-1.07919 0.39032

-1.07919 0.39032
-1.07904 0.390455

-1.07904 0.390458
-1.07885 0.390625

-1.07885 0.390625
-1.07874 0.390728

-1.07874 0.39073
-1.07851 0.39093

-1.07851 0.39093
-1.07843 0.391001

-1.07843 0.391002
-1.07817 0.391235

-1.07817 0.391235
-1.07812 0.391273

-1.07812 0.391274
-1.07783 0.391541

-1.07783 0.391541
-1.07782 0.391546

-1.07782 0.391546
-1.07751 0.391819

-1.07751 0.391819
-1.07748 0.391846

-1.07748 0.391846
-1.07721 0.392091

-1.07721 0.392091
-1.07714 0.392151

-1.07714 0.392151
-1.0769 0.392362

-1.0769 0.392363
-1.0768 0.392456

-1.0768 0.392456
-1.0766 0.392633

-1.0766 0.392636
-1.07646 0.392761

-1.07646 0.392761
-1.07629 0.392905

-1.07629 0.392908
-1.07611 0.393066

-1.07611 0.393066
-1.07599 0.393177

-1.07599 0.393179
-1.07577 0.393372

-1.07577 0.393372
-1.07568 0.393449

-1.07568 0.39345
-1.07543 0.393677

-1.07543 0.393677
-1.07538 0.393721

-1.07538 0.393721
-1.07509 0.393982

-1.07509 0.393982
-1.07507 0.393992

-1.07507 0.393993
-1.07477 0.394264

-1.07477 0.394264
-1.07474 0.394287

-1.07474 0.394287
-1.07446 0.394536

-1.07446 0.394536
-1.0744 0.394592

-1.0744 0.394592
-1.07416 0.394807

-1.07416 0.394807
-1.07406 0.394897

-1.07406 0.394897
-1.07385 0.395077

-1.07385 0.395079
-1.07371 0.395203

-1.07371 0.395203
-1.07355 0.395348

-1.07355 0.39535
-1.07337 0.395508

-1.07337 0.395508
-1.07324 0.395619

-1.07324 0.395621
-1.07302 0.395813

-1.07302 0.395813
-1.07294 0.39589

-1.07294 0.395891
-1.07268 0.396118

-1.07268 0.396118
-1.07263 0.396161

-1.07263 0.396161
-1.07234 0.396423

-1.07234 0.396423
-1.07233 0.396431

-1.07233 0.396432
-1.07202 0.396702

-1.07202 0.396702
-1.07199 0.396729

-1.07199 0.396729
-1.07172 0.396973

-1.07172 0.396973
-1.07165 0.397034

-1.07165 0.397034
-1.07141 0.397243

-1.07141 0.397244
-1.0713 0.397339

-1.0713 0.397339
-1.07111 0.397512

-1.07111 0.397514
-1.07096 0.397644

-1.07096 0.397644
-1.0708 0.397783

-1.0708 0.397785
-1.07061 0.397949

-1.07061 0.397949
-1.0705 0.398053

-1.0705 0.398054
-1.07027 0.398254

-1.07027 0.398254
-1.07019 0.398323

-1.07019 0.398324
-1.06992 0.39856

-1.06992 0.39856
-1.06989 0.398593

-1.06989 0.398594
-1.06958 0.398863

-1.06958 0.398863
-1.06958 0.398865

-1.06958 0.398865
-1.06927 0.399133

-1.06927 0.399133
-1.06923 0.39917

-1.06923 0.39917
-1.06897 0.399403

-1.06897 0.399403
-1.06889 0.399475

-1.06889 0.399475
-1.06866 0.399672

-1.06866 0.399673
-1.06854 0.39978

-1.06854 0.39978
-1.06836 0.39994

-1.06836 0.399943
-1.0682 0.400085

-1.0682 0.400085
-1.06805 0.40021

-1.06805 0.400212
-1.06785 0.400391

-1.06785 0.400391
-1.06775 0.40048

-1.06775 0.400481
-1.0675 0.400696

-1.0675 0.400696
-1.06744 0.400749

-1.06744 0.400749
-1.06716 0.401001

-1.06716 0.401001
-1.06714 0.401018

-1.06714 0.401019
-1.06683 0.401287

-1.06683 0.401287
-1.06681 0.401306

-1.06681 0.401306
-1.06653 0.401556

-1.06653 0.401556
-1.06647 0.401611

-1.06647 0.401611
-1.06622 0.401825

-1.06622 0.401826
-1.06612 0.401917

-1.06612 0.401917
-1.06592 0.402093

-1.06592 0.402095
-1.06577 0.402222

-1.06577 0.402222
-1.06561 0.402361

-1.06561 0.402364
-1.06542 0.402527

-1.06543 0.402527
-1.06531 0.40263

-1.06531 0.402632
-1.06508 0.402832

-1.06508 0.402832
-1.065 0.402899

-1.065 0.4029
-1.06473 0.403137

-1.06473 0.403137
-1.0647 0.403167

-1.0647 0.403168
-1.06439 0.403436

-1.06439 0.403436
-1.06439 0.403442

-1.06439 0.403442
-1.06409 0.403704

-1.06409 0.403704
-1.06404 0.403748

-1.06404 0.403748
-1.06378 0.403973

-1.06378 0.403973
-1.06369 0.404053

-1.06369 0.404053
-1.06348 0.40424

-1.06348 0.404241
-1.06334 0.404358

-1.06334 0.404358
-1.06317 0.404507

-1.06317 0.40451
-1.06299 0.404663

-1.063 0.404663
-1.06287 0.404775

-1.06287 0.404777
-1.06265 0.404968

-1.06265 0.404968
-1.06256 0.405043

-1.06256 0.405044
-1.0623 0.405273

-1.0623 0.405273
-1.06226 0.405311

-1.06226 0.405312
-1.06195 0.405579

-1.06195 0.405579
-1.06165 0.405847

-1.06165 0.405847
-1.0616 0.405884

-1.0616 0.405884
-1.06134 0.406114

-1.06134 0.406114
-1.06125 0.406189

-1.06126 0.406189
-1.06104 0.406381

-1.06104 0.406382
-1.06091 0.406494

-1.06091 0.406494
-1.06073 0.406648

-1.06073 0.40665
-1.06056 0.406799

-1.06056 0.406799
-1.06042 0.406915

-1.06042 0.406917
-1.06021 0.407104

-1.06021 0.407104
-1.06012 0.407182

-1.06012 0.407183
-1.05986 0.40741

-1.05986 0.40741
-1.05981 0.40745

-1.05981 0.40745
-1.05951 0.407715

-1.05951 0.407715
-1.05951 0.407716

-1.05951 0.407717
-1.0592 0.407984

-1.0592 0.407984
-1.05916 0.40802

-1.05916 0.40802
-1.0589 0.408251

-1.0589 0.408251
-1.05881 0.408325

-1.05881 0.408325
-1.05859 0.408517

-1.05859 0.408518
-1.05846 0.40863

-1.05847 0.40863
-1.05829 0.408783

-1.05829 0.408785
-1.05811 0.408936

-1.05812 0.408936
-1.05798 0.409049

-1.05798 0.409051
-1.05777 0.409241

-1.05776 0.409241
-1.05768 0.409316

-1.05768 0.409317
-1.05742 0.409546

-1.05742 0.409546
-1.05737 0.409582

-1.05737 0.409583
-1.05707 0.409849

-1.05707 0.409849
-1.05707 0.409851

-1.05707 0.409851
-1.05676 0.410115

-1.05676 0.410116
-1.05672 0.410156

-1.05672 0.410156
-1.05646 0.410382

-1.05646 0.410382
-1.05637 0.410461

-1.05637 0.410461
-1.05615 0.410647

-1.05615 0.410648
-1.05602 0.410767

-1.05602 0.410767
-1.05585 0.410912

-1.05585 0.410915
-1.05566 0.411072

-1.05567 0.411072
-1.05554 0.411178

-1.05554 0.41118
-1.05531 0.411377

-1.05531 0.411377
-1.05524 0.411444

-1.05524 0.411445
-1.05496 0.411682

-1.05496 0.411682
-1.05493 0.41171

-1.05493 0.411711
-1.05463 0.411976

-1.05463 0.411976
-1.05461 0.411987

-1.05461 0.411987
-1.05432 0.412242

-1.05432 0.412242
-1.05426 0.412292

-1.05426 0.412292
-1.05402 0.412507

-1.05402 0.412508
-1.05391 0.412598

-1.05391 0.412598
-1.05371 0.412772

-1.05371 0.412774
-1.05356 0.412903

-1.05356 0.412903
-1.05341 0.413037

-1.05341 0.413039
-1.05321 0.413208

-1.05321 0.413208
-1.0531 0.413302

-1.0531 0.413303
-1.05286 0.413513

-1.05286 0.413513
-1.0528 0.413568

-1.0528 0.413568
-1.05251 0.413818

-1.05251 0.413818
-1.05249 0.413833

-1.05249 0.413833
-1.05219 0.414098

-1.05219 0.414098
-1.05216 0.414124

-1.05216 0.414124
-1.05188 0.414363

-1.05188 0.414363
-1.0518 0.414429

-1.0518 0.414429
-1.05157 0.414628

-1.05157 0.414629
-1.05145 0.414734

-1.05145 0.414734
-1.05127 0.414891

-1.05127 0.414894
-1.0511 0.415039

-1.0511 0.415039
-1.05096 0.415156

-1.05096 0.415158
-1.05075 0.415344

-1.05075 0.415344
-1.05066 0.415421

-1.05066 0.415422
-1.0504 0.415649

-1.0504 0.415649
-1.05035 0.415686

-1.05035 0.415686
-1.05005 0.415951

-1.05005 0.415951
-1.05004 0.415955

-1.05004 0.415955
-1.04974 0.416215

-1.04974 0.416215
-1.04969 0.41626

-1.04969 0.41626
-1.04944 0.416479

-1.04944 0.41648
-1.04934 0.416565

-1.04934 0.416565
-1.04913 0.416743

-1.04913 0.416745
-1.04899 0.41687

-1.04899 0.41687
-1.04883 0.417006

-1.04883 0.417009
-1.04863 0.417175

-1.04863 0.417175
-1.04852 0.417271

-1.04852 0.417272
-1.04828 0.41748

-1.04828 0.41748
-1.04822 0.417535

-1.04822 0.417536
-1.04793 0.417786

-1.04793 0.417786
-1.04791 0.417799

-1.04791 0.417799
-1.04761 0.418063

-1.04761 0.418063
-1.04758 0.418091

-1.04758 0.418091
-1.0473 0.418327

-1.0473 0.418327
-1.04722 0.418396

-1.04722 0.418396
-1.047 0.41859

-1.047 0.418591
-1.04687 0.418701

-1.04687 0.418701
-1.04669 0.418853

-1.04669 0.418856
-1.04651 0.419006

-1.04652 0.419006
-1.04639 0.419117

-1.04639 0.419118
-1.04616 0.419312

-1.04616 0.419312
-1.04608 0.41938

-1.04608 0.419381
-1.04581 0.419617

-1.04581 0.419617
-1.04578 0.419644

-1.04578 0.419644
-1.04547 0.419908

-1.04547 0.419908
-1.04545 0.419922

-1.04545 0.419922
-1.04517 0.420171

-1.04517 0.420171
-1.0451 0.420227

-1.0451 0.420227
-1.04486 0.420434

-1.04486 0.420434
-1.04475 0.420532

-1.04475 0.420532
-1.04456 0.420696

-1.04456 0.420698
-1.04439 0.420837

-1.04439 0.420837
-1.04425 0.420959

-1.04425 0.42096
-1.04404 0.421143

-1.04404 0.421143
-1.04395 0.421222

-1.04395 0.421223
-1.04368 0.421448

-1.04368 0.421448
-1.04364 0.421485

-1.04364 0.421485
-1.04333 0.421748

-1.04333 0.421748
-1.04333 0.421753

-1.04333 0.421753
-1.04303 0.422011

-1.04303 0.422011
-1.04297 0.422058

-1.04297 0.422058
-1.04272 0.422273

-1.04272 0.422274
-1.04262 0.422363

-1.04262 0.422363
-1.04242 0.422535

-1.04242 0.422537
-1.04226 0.422668

-1.04227 0.422668
-1.04211 0.422797

-1.04211 0.422799
-1.04191 0.422974

-1.04191 0.422974
-1.04181 0.42306

-1.04181 0.423061
-1.04156 0.423279

-1.04155 0.423279
-1.0415 0.423322

-1.0415 0.423323
-1.0412 0.423584

-1.0412 0.423584
-1.0412 0.423585

-1.0412 0.423585
-1.04089 0.423847

-1.04089 0.423847
-1.04084 0.423889

-1.04084 0.423889
-1.04059 0.424109

-1.04059 0.42411
-1.04049 0.424194

-1.04049 0.424194
-1.04028 0.424371

-1.04028 0.424372
-1.04013 0.4245

-1.04013 0.4245
-1.03998 0.424632

-1.03998 0.424634
-1.03978 0.424805

-1.03978 0.424805
-1.03967 0.424894

-1.03967 0.424895
-1.03942 0.42511

-1.03942 0.42511
-1.03937 0.425156

-1.03937 0.425157
-1.03907 0.425415

-1.03907 0.425415
-1.03906 0.425418

-1.03906 0.425419
-1.03876 0.42568

-1.03876 0.42568
-1.03871 0.42572

-1.03871 0.42572
-1.03845 0.425942

-1.03845 0.425942
-1.03835 0.426025

-1.03836 0.426025
-1.03815 0.426203

-1.03815 0.426204
-1.038 0.426331

-1.038 0.426331
-1.03784 0.426463

-1.03784 0.426465
-1.03764 0.426636

-1.03764 0.426636
-1.03754 0.426725

-1.03754 0.426726
-1.03729 0.426941

-1.03728 0.426941
-1.03723 0.426986

-1.03723 0.426987
-1.03693 0.427246

-1.03693 0.427246
-1.03693 0.427248

-1.03693 0.427248
-1.03662 0.427509

-1.03662 0.42751
-1.03657 0.427551

-1.03657 0.427551
-1.03632 0.427771

-1.03632 0.427771
-1.03622 0.427856

-1.03622 0.427856
-1.03601 0.428031

-1.03601 0.428033
-1.03586 0.428162

-1.03586 0.428162
-1.03571 0.428291

-1.03571 0.428293
-1.0355 0.428467

-1.0355 0.428467
-1.0354 0.428552

-1.0354 0.428553
-1.03514 0.428772

-1.03514 0.428772
-1.0351 0.428813

-1.0351 0.428814
-1.03479 0.429075

-1.03479 0.429075
-1.03479 0.429077

-1.03479 0.429077
-1.03448 0.429335

-1.03448 0.429335
-1.03443 0.429382

-1.03443 0.429382
-1.03418 0.429596

-1.03418 0.429596
-1.03407 0.429688

-1.03407 0.429688
-1.03387 0.429856

-1.03387 0.429858
-1.03371 0.429993

-1.03372 0.429993
-1.03357 0.430116

-1.03357 0.430117
-1.03336 0.430298

-1.03336 0.430298
-1.03326 0.430376

-1.03326 0.430377
-1.033 0.430603

-1.033 0.430603
-1.03296 0.430637

-1.03296 0.430637
-1.03265 0.430897

-1.03265 0.430897
-1.03264 0.430908

-1.03264 0.430908
-1.03235 0.431158

-1.03235 0.431158
-1.03228 0.431213

-1.03228 0.431213
-1.03204 0.431418

-1.03204 0.431418
-1.03192 0.431519

-1.03193 0.431519
-1.03174 0.431677

-1.03174 0.431679
-1.03157 0.431824

-1.03157 0.431824
-1.03143 0.431937

-1.03143 0.431938
-1.03121 0.432129

-1.03121 0.432129
-1.03113 0.432197

-1.03113 0.432197
-1.03085 0.432434

-1.03085 0.432434
-1.03082 0.432457

-1.03082 0.432457
-1.03052 0.432717

-1.03052 0.432717
-1.03049 0.432739

-1.03049 0.432739
-1.03021 0.432977

-1.03021 0.432977
-1.03013 0.433044

-1.03013 0.433044
-1.02991 0.433236

-1.02991 0.433237
-1.02977 0.43335

-1.02978 0.43335
-1.0296 0.433494

-1.0296 0.433497
-1.02941 0.433655

-1.02941 0.433655
-1.0293 0.433754

-1.0293 0.433755
-1.02906 0.43396

-1.02906 0.43396
-1.02899 0.434014

-1.02899 0.434014
-1.0287 0.434265

-1.0287 0.434265
-1.02869 0.434273

-1.02869 0.434274
-1.02838 0.434533

-1.02838 0.434533
-1.02834 0.43457

-1.02834 0.43457
-1.02808 0.434792

-1.02808 0.434793
-1.02798 0.434875

-1.02798 0.434875
-1.02777 0.435051

-1.02777 0.435053
-1.02762 0.435181

-1.02762 0.435181
-1.02747 0.435309

-1.02747 0.435311
-1.02726 0.435486

-1.02726 0.435486
-1.02716 0.435568

-1.02716 0.435569
-1.0269 0.435791

-1.0269 0.435791
-1.02686 0.435827

-1.02686 0.435828
-1.02655 0.436087

-1.02655 0.436087
-1.02654 0.436096

-1.02654 0.436096
-1.02625 0.436346

-1.02625 0.436346
-1.02618 0.436401

-1.02618 0.436401
-1.02594 0.436604

-1.02594 0.436605
-1.02582 0.436707

-1.02582 0.436707
-1.02563 0.436862

-1.02563 0.436865
-1.02546 0.437012

-1.02546 0.437012
-1.02533 0.437121

-1.02533 0.437122
-1.0251 0.437317

-1.0251 0.437317
-1.02502 0.437379

-1.02502 0.43738
-1.02474 0.437622

-1.02474 0.437622
-1.02472 0.437638

-1.02472 0.437639
-1.02441 0.437897

-1.02441 0.437897
-1.02438 0.437927

-1.02438 0.437927
-1.02411 0.438155

-1.02411 0.438156
-1.02402 0.438232

-1.02402 0.438232
-1.0238 0.438413

-1.0238 0.438415
-1.02366 0.438538

-1.02366 0.438538
-1.0235 0.43867

-1.0235 0.438673
-1.0233 0.438843

-1.0233 0.438843
-1.02319 0.438929

-1.02319 0.43893
-1.02294 0.439148

-1.02293 0.439148
-1.02289 0.439187

-1.02289 0.439188
-1.02258 0.439446

-1.02258 0.439446
-1.02257 0.439453

-1.02257 0.439453
-1.02228 0.439704

-1.02228 0.439704
-1.02221 0.439758

-1.02221 0.439758
-1.02197 0.439962

-1.02197 0.439962
-1.02185 0.440063

-1.02185 0.440063
-1.02167 0.440219

-1.02167 0.440221
-1.02149 0.440369

-1.02149 0.440369
-1.02136 0.440476

-1.02136 0.440477
-1.02113 0.440674

-1.02113 0.440674
-1.02106 0.440734

-1.02106 0.440735
-1.02077 0.440979

-1.02077 0.440979
-1.02075 0.440992

-1.02075 0.440992
-1.02045 0.44125

-1.02045 0.44125
-1.02041 0.441284

-1.02041 0.441284
-1.02014 0.441507

-1.02014 0.441508
-1.02004 0.441589

-1.02005 0.441589
-1.01984 0.441765

-1.01984 0.441766
-1.01968 0.441895

-1.01968 0.441895
-1.01953 0.442021

-1.01953 0.442023
-1.01932 0.4422

-1.01932 0.4422
-1.01923 0.442279

-1.01923 0.44228
-1.01896 0.442505

-1.01896 0.442505
-1.01892 0.442536

-1.01892 0.442537
-1.01862 0.442794

-1.01862 0.442794
-1.0186 0.44281

-1.0186 0.44281
-1.01831 0.443051

-1.01831 0.443051
-1.01823 0.443115

-1.01823 0.443115
-1.01801 0.443308

-1.01801 0.443309
-1.01787 0.44342

-1.01787 0.44342
-1.0177 0.443564

-1.0177 0.443566
-1.01751 0.443726

-1.01751 0.443726
-1.0174 0.443821

-1.0174 0.443822
-1.01715 0.444031

-1.01715 0.444031
-1.01709 0.444078

-1.01709 0.444079
-1.01678 0.444336

-1.01678 0.444336
-1.01648 0.444592

-1.01648 0.444592
-1.01642 0.444641

-1.01642 0.444641
-1.01617 0.444849

-1.01617 0.44485
-1.01606 0.444946

-1.01606 0.444946
-1.01587 0.445105

-1.01587 0.445107
-1.01569 0.445251

-1.0157 0.445251
-1.01556 0.445361

-1.01556 0.445362
-1.01533 0.445557

-1.01533 0.445557
-1.01526 0.445618

-1.01526 0.445619
-1.01497 0.445862

-1.01497 0.445862
-1.01495 0.445874

-1.01495 0.445875
-1.01465 0.446131

-1.01465 0.446132
-1.01461 0.446167

-1.01461 0.446167
-1.01434 0.446388

-1.01434 0.446388
-1.01424 0.446472

-1.01424 0.446472
-1.01404 0.446644

-1.01404 0.446645
-1.01388 0.446777

-1.01388 0.446777
-1.01373 0.446899

-1.01373 0.446901
-1.01352 0.447083

-1.01352 0.447083
-1.01343 0.447156

-1.01343 0.447156
-1.01315 0.447388

-1.01315 0.447388
-1.01312 0.447412

-1.01312 0.447412
-1.01282 0.447668

-1.01282 0.447668
-1.01279 0.447693

-1.01279 0.447693
-1.01251 0.447924

-1.01251 0.447925
-1.01242 0.447998

-1.01242 0.447998
-1.01221 0.44818

-1.01221 0.448181
-1.01206 0.448303

-1.01206 0.448303
-1.0119 0.448435

-1.0119 0.448437
-1.0117 0.448608

-1.0117 0.448608
-1.0116 0.448691

-1.0116 0.448692
-1.01133 0.448914

-1.01133 0.448914
-1.01129 0.448947

-1.01129 0.448948
-1.01099 0.449203

-1.01099 0.449203
-1.01097 0.449219

-1.01097 0.449219
-1.01068 0.449459

-1.01068 0.449459
-1.0106 0.449524

-1.0106 0.449524
-1.01038 0.449714

-1.01038 0.449715
-1.01024 0.449829

-1.01024 0.449829
-1.01007 0.449969

-1.01007 0.449971
-1.00987 0.450134

-1.00987 0.450134
-1.00977 0.450224

-1.00977 0.450225
-1.00951 0.450439

-1.00951 0.450439
-1.00946 0.45048

-1.00946 0.450481
-1.00916 0.450736

-1.00916 0.450736
-1.00914 0.450745

-1.00914 0.450745
-1.00885 0.450991

-1.00885 0.450991
-1.00878 0.45105

-1.00878 0.45105
-1.00854 0.451246

-1.00854 0.451247
-1.00841 0.451355

-1.00842 0.451355
-1.00824 0.4515

-1.00824 0.451502
-1.00805 0.45166

-1.00805 0.45166
-1.00793 0.451756

-1.00793 0.451757
-1.00768 0.451965

-1.00768 0.451965
-1.00763 0.452011

-1.00763 0.452012
-1.00732 0.452267

-1.00732 0.452267
-1.00732 0.452271

-1.00732 0.452271
-1.00702 0.452522

-1.00702 0.452522
-1.00695 0.452576

-1.00695 0.452576
-1.00671 0.452776

-1.00671 0.452777
-1.00659 0.452881

-1.00659 0.452881
-1.00641 0.45303

-1.00641 0.453032
-1.00622 0.453186

-1.00622 0.453186
-1.0061 0.453285

-1.0061 0.453286
-1.00586 0.453491

-1.00586 0.453491
-1.0058 0.45354

-1.0058 0.453541
-1.00549 0.453795

-1.00549 0.453795
-1.00549 0.453796

-1.00549 0.453796
-1.00519 0.45405

-1.00519 0.45405
-1.00513 0.454102

-1.00513 0.454102
-1.00488 0.454304

-1.00488 0.454305
-1.00476 0.454407

-1.00476 0.454407
-1.00458 0.454558

-1.00458 0.45456
-1.00439 0.454712

-1.00439 0.454712
-1.00427 0.454812

-1.00427 0.454813
-1.00403 0.455017

-1.00403 0.455017
-1.00397 0.455067

-1.00397 0.455068
-1.00366 0.455322

-1.00366 0.455322
-1.00366 0.455322

-1.00366 0.455322
-1.00336 0.455576

-1.00336 0.455576
-1.0033 0.455627

-1.0033 0.455627
-1.00305 0.45583

-1.00305 0.455831
-1.00293 0.455933

-1.00293 0.455933
-1.00275 0.456084

-1.00275 0.456085
-1.00256 0.456238

-1.00256 0.456238
-1.00244 0.456337

-1.00244 0.456339
-1.0022 0.456543

-1.0022 0.456543
-1.00214 0.456592

-1.00214 0.456593
-1.00183 0.456847

-1.00183 0.456847
-1.00183 0.456848

-1.00183 0.456848
-1.00153 0.4571

-1.00153 0.457101
-1.00146 0.457153

-1.00146 0.457153
-1.00122 0.457354

-1.00122 0.457355
-1.00109 0.457458

-1.0011 0.457458
-1.00092 0.457607

-1.00092 0.457609
-1.00073 0.457764

-1.00073 0.457764
-1.00061 0.457861

-1.00061 0.457862
-1.00036 0.458069

-1.00036 0.458069
-1.00031 0.458115

-1.00031 0.458116
-1.0 0.458369

-1.0 0.00267999
-0.999695 0.00267572

-0.999695 0.00267572
-0.99939 0.00267146

-0.99939 0.00267146
-0.999084 0.00266721

-0.999084 0.00266721
-0.998779 0.00266298

-0.998779 0.00266298
-0.998474 0.00265876

-0.998474 0.00265876
-0.998169 0.00265455

-0.998169 0.00265455
-0.997864 0.00265036

-0.997864 0.00265036
-0.997559 0.00264618

-0.997559 0.00264618
-0.997253 0.002642

-0.997253 0.002642
-0.996948 0.00263785

-0.996948 0.00263785
-0.996643 0.0026337

-0.996643 0.0026337
-0.996338 0.00262956

-0.996338 0.00262956
-0.996033 0.00262544

-0.996033 0.00262544
-0.995728 0.00262133

-0.995728 0.00262133
-0.995422 0.00261723

-0.995422 0.00261723
-0.995117 0.00261315

-0.995117 0.00261315
-0.994812 0.00260908

-0.994812 0.00260908
-0.994507 0.00260502

-0.994507 0.00260503
-0.994202 0.00260098

-0.994202 0.00260097
-0.993896 0.00259693

-0.993896 0.00259692
-0.993591 0.00259292

-0.993591 0.00259294
-0.993286 0.00258898

-0.993286 0.00258898
-0.992981 0.00258503

-0.992981 0.00258504
-0.992676 0.00258109

-0.992676 0.00258109
-0.992371 0.00257716

-0.992371 0.00257716
-0.992065 0.00257322

-0.992065 0.00257322
-0.99176 0.0025693

-0.99176 0.0025693
-0.991455 0.00256537

-0.991455 0.00256537
-0.99115 0.00256146

-0.99115 0.00256146
-0.990845 0.00255754

-0.990845 0.00255754
-0.99054 0.00255364

-0.99054 0.00255364
-0.990234 0.00254973

-0.990234 0.00254973
-0.989929 0.00254582

-0.989929 0.00254582
-0.989624 0.00254192

-0.989624 0.00254192
-0.989319 0.00253802

-0.989319 0.00253802
-0.989014 0.00253411

-0.989014 0.00253411
-0.988708 0.00253021

-0.988708 0.00253021
-0.988403 0.00252631

-0.988403 0.00252631
-0.988098 0.00252241

-0.988098 0.00252241
-0.987793 0.00251851

-0.987793 0.00251851
-0.987488 0.0025146

-0.987488 0.0025146
-0.987183 0.00251071

-0.987183 0.0025107
-0.986877 0.00250681

-0.986877 0.00250681
-0.986572 0.00250291

-0.986572 0.00250291
-0.986267 0.00249903

-0.986267 0.00249902
-0.985962 0.00249514

-0.985962 0.00249514
-0.985657 0.00249127

-0.985657 0.00249127
-0.985352 0.00248741

-0.985352 0.00248741
-0.985046 0.00248356

-0.985046 0.00248356
-0.984741 0.00247973

-0.984741 0.00247973
-0.984436 0.00247592

-0.984436 0.00247592
-0.984131 0.00247213

-0.984131 0.00247212
-0.983826 0.00246836

-0.983826 0.00246836
-0.983521 0.00246462

-0.983521 0.00246462
-0.983215 0.00246091

-0.983215 0.00246091
-0.98291 0.00245724

-0.981384 0.00243895
-0.981586 0.00244141

-0.981384 0.00243895
-0.981079 0.00243527

-0.981079 0.00243528
-0.980774 0.00243165

-0.980774 0.00243166
-0.980469 0.00242807

-0.98291 0.00245724
-0.982605 0.0024536

-0.982605 0.00245361
-0.9823 0.00244999

-0.9823 0.00245
-0.981995 0.00244637

-0.981995 0.00244638
-0.981689 0.0024427

-0.981689 0.0024427
-0.981583 0.00244141

-0.980469 0.00242807
-0.980164 0.00242452

-0.980164 0.00242453
-0.979858 0.002421

-0.979858 0.002421
-0.979553 0.00241751

-0.979553 0.00241751
-0.979248 0.00241404

-0.979248 0.00241404
-0.978943 0.00241059

-0.978943 0.00241059
-0.978638 0.00240717

-0.978638 0.00240717
-0.978333 0.00240377

-0.978333 0.00240377
-0.978027 0.0024004

-0.978027 0.0024004
-0.977722 0.00239704

-0.977722 0.00239704
-0.977417 0.00239371

-0.977417 0.00239371
-0.977112 0.0023904

-0.977112 0.0023904
-0.976807 0.00238712

-0.976807 0.00238712
-0.976501 0.00238385

-0.976501 0.00238385
-0.976196 0.00238061

-0.976196 0.00238061
-0.975891 0.00237738

-0.975891 0.00237738
-0.975586 0.00237418

-0.975586 0.00237418
-0.975281 0.002371

-0.975281 0.002371
-0.974976 0.00236784

-0.974976 0.00236784
-0.97467 0.0023647

-0.97467 0.0023647
-0.974365 0.00236158

-0.974365 0.00236158
-0.97406 0.00235848

-0.97406 0.00235848
-0.973755 0.00235539

-0.973755 0.00235539
-0.97345 0.00235233

-0.97345 0.00235233
-0.973145 0.00234929

-0.973145 0.00234929
-0.972839 0.00234626

-0.972839 0.00234626
-0.972534 0.00234325

-0.972534 0.00234325
-0.972229 0.00234025

-0.972229 0.00234025
-0.971924 0.00233728

-0.971924 0.00233728
-0.971619 0.00233431

-0.971619 0.00233431
-0.971313 0.00233137

-0.971313 0.00233137
-0.971008 0.00232843

-0.971008 0.00232843
-0.970703 0.00232551

-0.970703 0.00232551
-0.970398 0.00232261

-0.970398 0.00232261
-0.970093 0.00231971

-0.970093 0.00231971
-0.969788 0.00231682

-0.969788 0.00231682
-0.969482 0.00231395

-0.969482 0.00231395
-0.969177 0.00231108

-0.969177 0.00231108
-0.968872 0.00230822

-0.968872 0.00230822
-0.968567 0.00230536

-0.968567 0.00230536
-0.968262 0.00230251

-0.968262 0.00230251
-0.967957 0.00229967

-0.967957 0.00229967
-0.967651 0.00229682

-0.967651 0.00229683
-0.967346 0.00229397

-0.967346 0.00229397
-0.967041 0.00229111

-0.967041 0.0022911
-0.966736 0.00228825

-0.966736 0.00228826
-0.966431 0.00228543

-0.966431 0.00228543
-0.966125 0.00228261

-0.966125 0.00228261
-0.96582 0.0022798

-0.96582 0.0022798
-0.965515 0.00227699

-0.965515 0.00227699
-0.96521 0.00227419

-0.96521 0.00227419
-0.964905 0.0022714

-0.964905 0.0022714
-0.9646 0.00226861

-0.9646 0.00226861
-0.964294 0.00226582

-0.964294 0.00226582
-0.963989 0.00226304

-0.963989 0.00226304
-0.963684 0.00226026

-0.963684 0.00226026
-0.963379 0.00225749

-0.963379 0.00225749
-0.963074 0.00225472

-0.963074 0.00225472
-0.962769 0.00225196

-0.962769 0.00225196
-0.962463 0.0022492

-0.962463 0.0022492
-0.962158 0.00224644

-0.962158 0.00224644
-0.961853 0.00224369

-0.961853 0.00224369
-0.961548 0.00224094

-0.961548 0.00224094
-0.961243 0.0022382

-0.961243 0.0022382
-0.960938 0.00223546

-0.960938 0.00223546
-0.960632 0.00223273

-0.960632 0.00223273
-0.960327 0.00223

-0.960327 0.00223
-0.960022 0.00222728

-0.960022 0.00222728
-0.959717 0.00222456

-0.959717 0.00222456
-0.959412 0.00222186

-0.959412 0.00222186
-0.959106 0.00221915

-0.959106 0.00221915
-0.958801 0.00221646

-0.958801 0.00221646
-0.958496 0.00221378

-0.958496 0.00221378
-0.958191 0.0022111

-0.958191 0.0022111
-0.957886 0.00220844

-0.957886 0.00220844
-0.957581 0.00220579

-0.957581 0.00220579
-0.957275 0.00220315

-0.957275 0.00220315
-0.95697 0.00220052

-0.95697 0.00220052
-0.956665 0.0021979

-0.956665 0.0021979
-0.95636 0.0021953

-0.95636 0.0021953
-0.956055 0.0021927

-0.956055 0.0021927
-0.95575 0.00219012

-0.95575 0.00219012
-0.955444 0.00218756

-0.955444 0.00218756
-0.955139 0.002185

-0.955139 0.002185
-0.954834 0.00218246

-0.954834 0.00218246
-0.954529 0.00217992

-0.954529 0.00217992
-0.954224 0.00217739

-0.954224 0.00217739
-0.953918 0.00217487

-0.953918 0.00217487
-0.953613 0.00217235

-0.953613 0.00217235
-0.953308 0.00216984

-0.953308 0.00216984
-0.953003 0.00216732

-0.953003 0.00216732
-0.952698 0.00216479

-0.952698 0.00216479
-0.952393 0.00216225

-0.952393 0.00216225
-0.952087 0.0021597

-0.952087 0.00215971
-0.951782 0.00215713

-0.951782 0.00215714
-0.951477 0.00215454

-0.951477 0.00215454
-0.951172 0.00215192

-0.951172 0.00215192
-0.950867 0.00214925

-0.950867 0.00214925
-0.950562 0.00214655

-0.950562 0.00214655
-0.950256 0.0021438

-0.950256 0.0021438
-0.949951 0.002141

-0.949951 0.002141
-0.949646 0.00213817

-0.949341 0.00213532
-0.949438 0.00213623

-0.949646 0.00213817
-0.949438 0.00213623

-0.949341 0.00213532
-0.949036 0.00213249

-0.949036 0.00213249
-0.94873 0.00212969

-0.94873 0.00212969
-0.948425 0.00212693

-0.948425 0.00212693
-0.94812 0.0021242

-0.94812 0.0021242
-0.947815 0.0021215

-0.947815 0.0021215
-0.94751 0.00211885

-0.94751 0.00211885
-0.947205 0.00211622

-0.947205 0.00211622
-0.946899 0.00211363

-0.946899 0.00211363
-0.946594 0.00211108

-0.946594 0.00211108
-0.946289 0.00210855

-0.946289 0.00210855
-0.945984 0.00210606

-0.945984 0.00210606
-0.945679 0.0021036

-0.945679 0.0021036
-0.945374 0.00210117

-0.945374 0.00210117
-0.945068 0.00209877

-0.945068 0.00209877
-0.944763 0.0020964

-0.944763 0.0020964
-0.944458 0.00209406

-0.944458 0.00209406
-0.944153 0.00209175

-0.944153 0.00209175
-0.943848 0.00208948

-0.943848 0.00208948
-0.943542 0.00208724

-0.943542 0.00208724
-0.943237 0.00208503

-0.943237 0.00208503
-0.942932 0.00208285

-0.942932 0.00208285
-0.942627 0.00208071

-0.942627 0.00208071
-0.942322 0.0020786

-0.942322 0.0020786
-0.942017 0.00207653

-0.942017 0.00207653
-0.941711 0.0020745

-0.941711 0.0020745
-0.941406 0.00207251

-0.941406 0.00207251
-0.941101 0.00207056

-0.941101 0.00207055
-0.940796 0.00206864

-0.940796 0.00206864
-0.940491 0.00206678

-0.940491 0.00206678
-0.940186 0.00206495

-0.940186 0.00206495
-0.93988 0.00206318

-0.93988 0.00206318
-0.939575 0.00206145

-0.939575 0.00206145
-0.93927 0.00205978

-0.93927 0.00205978
-0.938965 0.00205815

-0.938965 0.00205815
-0.93866 0.00205659

-0.93866 0.00205659
-0.938354 0.00205508

-0.938354 0.00205508
-0.938049 0.00205362

-0.938049 0.00205362
-0.937744 0.00205223

-0.937744 0.00205223
-0.937439 0.0020509

-0.937439 0.0020509
-0.937134 0.00204963

-0.937134 0.00204963
-0.936829 0.00204842

-0.936829 0.00204842
-0.936523 0.00204728

-0.936523 0.00204728
-0.936218 0.00204619

-0.936218 0.0020462
-0.935913 0.00204517

-0.935913 0.00204517
-0.935608 0.00204421

-0.935608 0.00204421
-0.935303 0.0020433

-0.935303 0.0020433
-0.934998 0.00204244

-0.934998 0.00204244
-0.934692 0.00204162

-0.934692 0.00204162
-0.934387 0.00204085

-0.934387 0.00204085
-0.934082 0.00204011

-0.934082 0.00204011
-0.933777 0.00203939

-0.933777 0.0020394
-0.933472 0.00203869

-0.933472 0.0020387
-0.933167 0.002038

-0.933167 0.002038
-0.932861 0.00203729

-0.932861 0.00203729
-0.932556 0.00203656

-0.932556 0.00203657
-0.932251 0.0020358

-0.932251 0.00203581
-0.931946 0.00203499

-0.931946 0.00203499
-0.931641 0.00203411

-0.931641 0.00203411
-0.931335 0.00203314

-0.931335 0.00203314
-0.93103 0.00203207

-0.93103 0.00203207
-0.930725 0.00203088

-0.930725 0.00203088
-0.93042 0.00202955

-0.93042 0.00202955
-0.930115 0.00202806

-0.930115 0.00202806
-0.92981 0.00202639

-0.92981 0.00202639
-0.929504 0.00202452

-0.929504 0.00202453
-0.929199 0.00202245

-0.929199 0.00202245
-0.928894 0.00202014

-0.928894 0.00202014
-0.928589 0.00201759

-0.928589 0.0020176
-0.928284 0.00201479

-0.928284 0.00201479
-0.927979 0.00201172

-0.927979 0.00201172
-0.927673 0.00200838

-0.927673 0.00200838
-0.927368 0.00200476

-0.927368 0.00200476
-0.927063 0.00200086

-0.927063 0.00200086
-0.926758 0.00199669

-0.926758 0.00199669
-0.926453 0.00199227

-0.926453 0.00199227
-0.926147 0.00198758

-0.926147 0.00198761
-0.925842 0.00198261

-0.925842 0.00198256
-0.925537 0.00197727

-0.925537 0.00197727
-0.925232 0.00197178

-0.925232 0.00197178
-0.924927 0.00196612

-0.924927 0.00196612
-0.924622 0.00196031

-0.924622 0.0019603
-0.924316 0.00195438

-0.924316 0.00195437
-0.924011 0.00194836

-0.924011 0.00194835
-0.923706 0.0019423

-0.923706 0.00194229
-0.923401 0.00193624

-0.923401 0.00193622
-0.923096 0.00193022

-0.923096 0.00193021
-0.922791 0.00192431

-0.922791 0.00192429
-0.922485 0.00191854

-0.922485 0.00191853
-0.92218 0.00191298

-0.92218 0.00191297
-0.921875 0.00190768

-0.921875 0.00190767
-0.92157 0.0019027

-0.92157 0.00190269
-0.921265 0.00189809

-0.921265 0.00189808
-0.920959 0.00189392

-0.920959 0.00189391
-0.920654 0.00189025

-0.920654 0.00189023
-0.920349 0.00188714

-0.920349 0.00188712
-0.920044 0.00188468

-0.920044 0.00188465
-0.919739 0.00188293

-0.919739 0.0018829
-0.919434 0.00188202

-0.919434 0.00188198
-0.919128 0.00188207

-0.919128 0.00188202
-0.918823 0.00188326

-0.918823 0.00188319
-0.918518 0.00188583

-0.918518 0.00188573
-0.918213 0.00189011

-0.918213 0.00188997
-0.917908 0.00189656

-0.917908 0.00189638
-0.917603 0.00190583

-0.917603 0.00190561
-0.917297 0.00191871

-0.917297 0.00191849
-0.916992 0.00193608

-0.916992 0.00193579
-0.916687 0.00195889

-0.916687 0.00195789
-0.916382 0.00198907

-0.916382 0.00198859
-0.916077 0.00203081

-0.916077 0.00203025
-0.915771 0.00208562

-0.915771 0.00208522
-0.91555 0.00213623

-0.915551 0.00213623
-0.915466 0.0021558

-0.915466 0.00215426
-0.915161 0.00224286

-0.915161 0.00224179
-0.914856 0.00235352

-0.914856 0.00235359
-0.914658 0.00244141

-0.914663 0.00244141
-0.914551 0.002491

-0.914551 0.00248913
-0.914246 0.00264781

-0.914246 0.00264788
-0.914079 0.00274658

-0.914083 0.00274658
-0.91394 0.00283107

-0.91394 0.00283056
-0.913635 0.00302825

-0.913635 0.00303
-0.913602 0.00305176

-0.913604 0.00305176
-0.91333 0.00323895

-0.91333 0.00323929
-0.91316 0.00335693

-0.913163 0.00335693
-0.913025 0.00345232

-0.913025 0.00345275
-0.91272 0.00366171

-0.91272 0.00366117
-0.912718 0.00366211

-0.91272 0.00366309
-0.912415 0.0038643

-0.912415 0.00386473
-0.91225 0.00396729

-0.91225 0.00396729
-0.912109 0.00405458

-0.912109 0.00405523
-0.911804 0.00423144

-0.911804 0.00423108
-0.911726 0.00427246

-0.911727 0.00427246
-0.911499 0.00439284

-0.911499 0.00439309
-0.911194 0.00453889

-0.911194 0.00453862
-0.911102 0.00457764

-0.911102 0.00457764
-0.910889 0.00466867

-0.910889 0.00466876
-0.910583 0.00478295

-0.910583 0.00478335
-0.910278 0.00488074

-0.910278 0.00487915
-0.910265 0.00488281

-0.910268 0.00488281
-0.909973 0.00496124

-0.909973 0.00496148
-0.909668 0.00502706

-0.909668 0.00502705
-0.909363 0.00507658

-0.909363 0.00507664
-0.909058 0.00511004

-0.909058 0.00511002
-0.908752 0.00512721

-0.908752 0.00512722
-0.908447 0.00512824

-0.908447 0.00512828
-0.908142 0.00511303

-0.908142 0.00511314
-0.907837 0.00508133

-0.907837 0.00508152
-0.907532 0.00503259

-0.907532 0.00503287
-0.907227 0.00496586

-0.906921 0.00487772
-0.906939 0.00488281

-0.906921 0.00488031
-0.906616 0.00477457

-0.906616 0.00477525
-0.906311 0.00464786

-0.906006 0.00449729
-0.906168 0.00457764

-0.906311 0.00464805
-0.906169 0.00457764

-0.904785 0.00359261
-0.904856 0.00366211

-0.905396 0.00411597
-0.905627 0.00427246

-0.906006 0.00449832
-0.905701 0.00432138

-0.905701 0.00431941
-0.905628 0.00427246

-0.90509 0.00387485
-0.905206 0.00396729

-0.905396 0.00411586
-0.905204 0.00396729

-0.90509 0.00387618
-0.904854 0.00366211

-0.903564 0.00163651
-0.903633 0.00183105

-0.90387 0.0023477
-0.903917 0.00244141

-0.903632 0.00183105
-0.903763 0.00213623

-0.90387 0.00234767
-0.903762 0.00213623

-0.903295 0.0
-0.903303 0.000305176

-0.903302 0.000305176
-0.903328 0.000610352

-0.903328 0.000610352
-0.903375 0.000915527

-0.903374 0.000915527
-0.90344 0.0012207

-0.90344 0.0012207
-0.903526 0.00152588

-0.903564 0.0016365
-0.903526 0.00152588

-0.904175 0.00285578
-0.904312 0.00305176

-0.90448 0.00325928
-0.904562 0.00335693

-0.904785 0.00359527
-0.904562 0.00335693

-0.90448 0.00325967
-0.904312 0.00305176

-0.903916 0.00244141
-0.904099 0.00274658

-0.904175 0.00285746
-0.904099 0.00274658

-0.907227 0.00496612
-0.906931 0.00488281

-1.0 0.458369
-0.999994 0.458374

-0.999994 0.458374
-0.999695 0.458623

-0.999695 0.458623
-0.999627 0.458679

-0.999627 0.458679
-0.99939 0.458876

-0.99939 0.458877
-0.999259 0.458984

-0.999261 0.458984
-0.999084 0.459129

-0.999084 0.459131
-0.998892 0.45929

-0.998892 0.45929
-0.998779 0.459382

-0.998779 0.459383
-0.998525 0.459595

-0.998524 0.459595
-0.998474 0.459636

-0.998474 0.459637
-0.998169 0.45989

-0.998169 0.45989
-0.998157 0.4599

-0.998157 0.4599
-0.997864 0.460143

-0.997864 0.460143
-0.997789 0.460205

-0.997789 0.460205
-0.997559 0.460396

-0.997559 0.460397
-0.997421 0.46051

-0.997423 0.46051
-0.997253 0.460648

-0.997253 0.46065
-0.997053 0.460815

-0.997053 0.460815
-0.996948 0.460902

-0.996948 0.460903
-0.996686 0.461121

-0.996685 0.461121
-0.996643 0.461155

-0.996643 0.461156
-0.996338 0.461409

-0.996338 0.461409
-0.996317 0.461426

-0.996317 0.461426
-0.996033 0.461662

-0.996033 0.461662
-0.995949 0.461731

-0.995949 0.461731
-0.995728 0.461915

-0.995728 0.461916
-0.99558 0.462036

-0.995582 0.462036
-0.995422 0.462166

-0.995422 0.462168
-0.995213 0.462341

-0.995212 0.462341
-0.995117 0.462419

-0.995117 0.46242
-0.994844 0.462646

-0.994843 0.462646
-0.994812 0.462672

-0.994812 0.462673
-0.994507 0.462926

-0.994507 0.462926
-0.994476 0.462952

-0.994476 0.462952
-0.994202 0.463178

-0.994202 0.463179
-0.994107 0.463257

-0.994107 0.463257
-0.993896 0.463431

-0.993896 0.463432
-0.993737 0.463562

-0.993739 0.463562
-0.993591 0.463682

-0.993591 0.463684
-0.99337 0.463867

-0.993369 0.463867
-0.993286 0.463935

-0.993286 0.463936
-0.993001 0.464172

-0.993 0.464172
-0.992981 0.464188

-0.992981 0.464189
-0.992676 0.464441

-0.992676 0.464441
-0.992631 0.464478

-0.992632 0.464478
-0.992371 0.464693

-0.992371 0.464694
-0.992262 0.464783

-0.992263 0.464783
-0.992065 0.464945

-0.992065 0.464947
-0.991892 0.465088

-0.991894 0.465088
-0.99176 0.465197

-0.99176 0.465198
-0.991524 0.465393

-0.991523 0.465393
-0.991455 0.465449

-0.991455 0.46545
-0.991155 0.465698

-0.991154 0.465698
-0.99115 0.465702

-0.99115 0.465702
-0.990845 0.465954

-0.990845 0.465954
-0.990785 0.466003

-0.990785 0.466003
-0.99054 0.466206

-0.99054 0.466207
-0.990415 0.466309

-0.990416 0.466309
-0.990234 0.466458

-0.990234 0.466459
-0.990046 0.466614

-0.990046 0.466614
-0.989929 0.466709

-0.989929 0.46671
-0.989676 0.466919

-0.989676 0.466919
-0.989624 0.466961

-0.989624 0.466962
-0.989319 0.467214

-0.989319 0.467214
-0.989306 0.467224

-0.989307 0.467224
-0.989014 0.467466

-0.989014 0.467466
-0.988936 0.467529

-0.988937 0.467529
-0.988708 0.467717

-0.988708 0.467719
-0.988566 0.467834

-0.988568 0.467834
-0.988403 0.467968

-0.988403 0.46797
-0.988197 0.46814

-0.988196 0.46814
-0.988098 0.46822

-0.988098 0.468221
-0.987827 0.468445

-0.987826 0.468445
-0.987793 0.468472

-0.987793 0.468472
-0.987488 0.468724

-0.987488 0.468724
-0.987456 0.46875

-0.987456 0.46875
-0.987183 0.468975

-0.987183 0.468976
-0.987085 0.469055

-0.987086 0.469055
-0.986877 0.469227

-0.986877 0.469228
-0.986714 0.46936

-0.986716 0.46936
-0.986572 0.469477

-0.986572 0.469479
-0.986345 0.469666

-0.986345 0.469666
-0.986267 0.469729

-0.986267 0.46973
-0.985974 0.469971

-0.985974 0.469971
-0.985962 0.46998

-0.985962 0.469981
-0.985657 0.470232

-0.985657 0.470232
-0.985603 0.470276

-0.985604 0.470276
-0.985352 0.470483

-0.985352 0.470484
-0.985232 0.470581

-0.985234 0.470581
-0.985046 0.470734

-0.985046 0.470735
-0.984862 0.470886

-0.984862 0.470886
-0.984741 0.470985

-0.984741 0.470986
-0.984491 0.471191

-0.98449 0.471191
-0.984436 0.471236

-0.984436 0.471237
-0.984131 0.471488

-0.984131 0.471488
-0.98412 0.471497

-0.98412 0.471497
-0.983826 0.471739

-0.983826 0.471739
-0.983749 0.471802

-0.983749 0.471802
-0.983521 0.47199

-0.983521 0.471991
-0.983377 0.472107

-0.983379 0.472107
-0.983215 0.472239

-0.983215 0.472241
-0.983006 0.472412

-0.983006 0.472412
-0.98291 0.47249

-0.98291 0.472491
-0.982635 0.472717

-0.982634 0.472717
-0.982605 0.472741

-0.982605 0.472742
-0.9823 0.472993

-0.9823 0.472993
-0.982264 0.473022

-0.982264 0.473022
-0.981995 0.473243

-0.981995 0.473244
-0.981892 0.473328

-0.981892 0.473328
-0.981689 0.473494

-0.981689 0.473495
-0.98152 0.473633

-0.981521 0.473633
-0.981384 0.473743

-0.981384 0.473745
-0.981149 0.473938

-0.981148 0.473938
-0.981079 0.473994

-0.981079 0.473995
-0.980777 0.474243

-0.980776 0.474243
-0.980774 0.474245

-0.980774 0.474246
-0.980469 0.474496

-0.980469 0.474496
-0.980405 0.474548

-0.980405 0.474548
-0.980164 0.474746

-0.980164 0.474747
-0.980032 0.474854

-0.980034 0.474854
-0.979858 0.474996

-0.979858 0.474997
-0.979661 0.475159

-0.979661 0.475159
-0.979553 0.475246

-0.979553 0.475247
-0.979289 0.475464

-0.979288 0.475464
-0.979248 0.475497

-0.979248 0.475497
-0.978943 0.475748

-0.978943 0.475748
-0.978917 0.475769

-0.978917 0.475769
-0.978638 0.475998

-0.978638 0.475998
-0.978544 0.476074

-0.978545 0.476074
-0.978333 0.476248

-0.978333 0.476249
-0.978171 0.476379

-0.978173 0.476379
-0.978027 0.476497

-0.978027 0.476498
-0.9778 0.476685

-0.977799 0.476685
-0.977722 0.476747

-0.977722 0.476748
-0.977427 0.47699

-0.977426 0.47699
-0.977417 0.476997

-0.977417 0.476998
-0.977112 0.477248

-0.977112 0.477248
-0.977054 0.477295

-0.977054 0.477295
-0.976807 0.477498

-0.976807 0.477498
-0.976681 0.4776

-0.976682 0.4776
-0.976501 0.477747

-0.976501 0.477748
-0.976309 0.477905

-0.976309 0.477905
-0.976196 0.477996

-0.976196 0.477997
-0.975936 0.47821

-0.975935 0.47821
-0.975891 0.478246

-0.975891 0.478247
-0.975586 0.478497

-0.975586 0.478497
-0.975563 0.478516

-0.975563 0.478516
-0.975281 0.478746

-0.975281 0.478747
-0.975189 0.478821

-0.97519 0.478821
-0.974976 0.478996

-0.974976 0.478997
-0.974816 0.479126

-0.974818 0.479126
-0.97467 0.479244

-0.97467 0.479246
-0.974444 0.479431

-0.974443 0.479431
-0.974365 0.479494

-0.974365 0.479495
-0.97407 0.479736

-0.974069 0.479736
-0.97406 0.479744

-0.97406 0.479745
-0.973755 0.479994

-0.973755 0.479994
-0.973696 0.480042

-0.973697 0.480042
-0.97345 0.480243

-0.97345 0.480244
-0.973322 0.480347

-0.973324 0.480347
-0.973145 0.480492

-0.973145 0.480493
-0.972949 0.480652

-0.97295 0.480652
-0.972839 0.480741

-0.972839 0.480742
-0.972576 0.480957

-0.972575 0.480957
-0.972534 0.48099

-0.972534 0.480991
-0.972229 0.48124

-0.972229 0.48124
-0.972202 0.481262

-0.972202 0.481262
-0.971924 0.48149

-0.971924 0.48149
-0.971828 0.481567

-0.971829 0.481567
-0.971619 0.481739

-0.971619 0.48174
-0.971454 0.481873

-0.971455 0.481873
-0.971313 0.481986

-0.971313 0.481988
-0.971081 0.482178

-0.97108 0.482178
-0.971008 0.482236

-0.971008 0.482237
-0.970707 0.482483

-0.970706 0.482483
-0.970703 0.482485

-0.970703 0.482486
-0.970398 0.482735

-0.970398 0.482735
-0.970332 0.482788

-0.970332 0.482788
-0.970093 0.482984

-0.970093 0.482984
-0.969957 0.483093

-0.969959 0.483093
-0.969788 0.483231

-0.969788 0.483233
-0.969584 0.483398

-0.969584 0.483398
-0.969482 0.48348

-0.969482 0.483481
-0.96921 0.483704

-0.969209 0.483704
-0.969177 0.483729

-0.969177 0.48373
-0.968872 0.483979

-0.968872 0.483979
-0.968835 0.484009

-0.968835 0.484009
-0.968567 0.484227

-0.968567 0.484228
-0.96846 0.484314

-0.968461 0.484314
-0.968262 0.484476

-0.968262 0.484477
-0.968085 0.484619

-0.968086 0.484619
-0.967957 0.484723

-0.967957 0.484725
-0.967711 0.484924

-0.967711 0.484924
-0.967651 0.484972

-0.967651 0.484973
-0.967346 0.485221

-0.967346 0.485222
-0.967336 0.485229

-0.967336 0.485229
-0.967041 0.48547

-0.967041 0.48547
-0.966961 0.485535

-0.966962 0.485535
-0.966736 0.485718

-0.966736 0.48572
-0.966585 0.48584

-0.966588 0.48584
-0.966431 0.485965

-0.966431 0.485967
-0.966212 0.486145

-0.966211 0.486145
-0.966125 0.486214

-0.966125 0.486215
-0.965836 0.48645

-0.965836 0.48645
-0.96582 0.486463

-0.96582 0.486463
-0.965515 0.486712

-0.965515 0.486712
-0.965461 0.486755

-0.965461 0.486755
-0.96521 0.48696

-0.96521 0.48696
-0.965085 0.487061

-0.965087 0.487061
-0.964905 0.487207

-0.964905 0.487208
-0.96471 0.487366

-0.964711 0.487366
-0.9646 0.487455

-0.9646 0.487456
-0.964335 0.487671

-0.964334 0.487671
-0.964294 0.487703

-0.964294 0.487704
-0.963989 0.487952

-0.963989 0.487952
-0.96396 0.487976

-0.96396 0.487976
-0.963684 0.4882

-0.963684 0.4882
-0.963583 0.488281

-0.963584 0.488281
-0.963379 0.488448

-0.963379 0.488449
-0.963208 0.488586

-0.963209 0.488586
-0.963074 0.488695

-0.963074 0.488696
-0.962833 0.488892

-0.962832 0.488892
-0.962769 0.488943

-0.962769 0.488944
-0.962463 0.489191

-0.962463 0.489191
-0.962457 0.489197

-0.962457 0.489197
-0.962158 0.489439

-0.962158 0.489439
-0.962081 0.489502

-0.962081 0.489502
-0.961853 0.489687

-0.961853 0.489688
-0.961704 0.489807

-0.961706 0.489807
-0.961548 0.489933

-0.961548 0.489935
-0.961329 0.490112

-0.961329 0.490112
-0.961243 0.490181

-0.961243 0.490182
-0.960953 0.490417

-0.960952 0.490417
-0.960938 0.490429

-0.960938 0.49043
-0.960632 0.490677

-0.960632 0.490677
-0.960576 0.490723

-0.960576 0.490723
-0.960327 0.490925

-0.960327 0.490926
-0.960199 0.491028

-0.960201 0.491028
-0.960022 0.491172

-0.960022 0.491173
-0.959824 0.491333

-0.959824 0.491333
-0.959717 0.491419

-0.959717 0.49142
-0.959447 0.491638

-0.959447 0.491638
-0.959412 0.491666

-0.959412 0.491667
-0.959106 0.491914

-0.959106 0.491914
-0.959071 0.491943

-0.959071 0.491943
-0.958801 0.492162

-0.958801 0.492162
-0.958693 0.492249

-0.958694 0.492249
-0.958496 0.492409

-0.958496 0.49241
-0.958317 0.492554

-0.958318 0.492554
-0.958191 0.492655

-0.958191 0.492656
-0.957941 0.492859

-0.95794 0.492859
-0.957886 0.492903

-0.957886 0.492903
-0.957581 0.49315

-0.957581 0.49315
-0.957564 0.493164

-0.957564 0.493164
-0.957275 0.493398

-0.957275 0.493398
-0.957186 0.493469

-0.957187 0.493469
-0.95697 0.493645

-0.95697 0.493646
-0.956809 0.493774

-0.956811 0.493774
-0.956665 0.49389

-0.956665 0.493892
-0.956433 0.49408

-0.956432 0.49408
-0.95636 0.494138

-0.95636 0.494139
-0.956055 0.494385

-0.956055 0.494385
-0.956055 0.494385

-0.956055 0.494385
-0.95575 0.494632

-0.95575 0.494633
-0.955678 0.49469

-0.955678 0.49469
-0.955444 0.494879

-0.955444 0.49488
-0.9553 0.494995

-0.955302 0.494995
-0.955139 0.495125

-0.955139 0.495126
-0.954924 0.4953

-0.954923 0.4953
-0.954834 0.495372

-0.954834 0.495373
-0.954546 0.495605

-0.954545 0.495605
-0.954529 0.495619

-0.954529 0.495619
-0.954224 0.495866

-0.954224 0.495866
-0.954168 0.495911

-0.954168 0.495911
-0.953918 0.496113

-0.953918 0.496114
-0.95379 0.496216

-0.953792 0.496216
-0.953613 0.496359

-0.953613 0.49636
-0.953413 0.496521

-0.953413 0.496521
-0.953308 0.496605

-0.953308 0.496606
-0.953035 0.496826

-0.953035 0.496826
-0.953003 0.496852

-0.953003 0.496852
-0.952698 0.497099

-0.952698 0.497099
-0.952657 0.497131

-0.952657 0.497131
-0.952393 0.497345

-0.952393 0.497346
-0.952279 0.497437

-0.95228 0.497437
-0.952087 0.497591

-0.952087 0.497592
-0.951901 0.497742

-0.951902 0.497742
-0.951782 0.497837

-0.951782 0.497838
-0.951523 0.498047

-0.951523 0.498047
-0.951477 0.498084

-0.951477 0.498084
-0.951172 0.498331

-0.951172 0.498331
-0.951145 0.498352

-0.951145 0.498352
-0.950867 0.498577

-0.950867 0.498577
-0.950766 0.498657

-0.950767 0.498657
-0.950562 0.498823

-0.950562 0.498824
-0.950388 0.498962

-0.950389 0.498962
-0.950256 0.499068

-0.950256 0.499069
-0.95001 0.499268

-0.95001 0.499268
-0.949951 0.499314

-0.949951 0.499315
-0.949646 0.499561

-0.949646 0.499561
-0.949632 0.499573

-0.949632 0.499573
-0.949341 0.499807

-0.949341 0.499808
-0.949253 0.499878

-0.949253 0.499878
-0.949036 0.500053

-0.949036 0.500054
-0.948874 0.500183

-0.948876 0.500183
-0.94873 0.500298

-0.94873 0.500299
-0.948496 0.500488

-0.948495 0.500488
-0.948425 0.500544

-0.948425 0.500545
-0.94812 0.500791

-0.94812 0.500791
-0.948117 0.500793

-0.948117 0.500793
-0.947815 0.501037

-0.947815 0.501037
-0.947738 0.501099

-0.947738 0.501099
-0.94751 0.501283

-0.94751 0.501284
-0.947358 0.501404

-0.94736 0.501404
-0.947205 0.501527

-0.947205 0.501528
-0.94698 0.501709

-0.94698 0.501709
-0.946899 0.501773

-0.946899 0.501774
-0.946601 0.502014

-0.9466 0.502014
-0.946594 0.502019

-0.946594 0.50202
-0.946289 0.502265

-0.946289 0.502265
-0.946222 0.502319

-0.946222 0.502319
-0.945984 0.502511

-0.945984 0.502512
-0.945841 0.502625

-0.945844 0.502625
-0.945679 0.502756

-0.945679 0.502757
-0.945464 0.50293

-0.945463 0.50293
-0.945374 0.503001

-0.945374 0.503002
-0.945084 0.503235

-0.945083 0.503235
-0.945068 0.503247

-0.945068 0.503247
-0.944763 0.503493

-0.944763 0.503493
-0.944704 0.50354

-0.944704 0.50354
-0.944458 0.503738

-0.944458 0.503739
-0.944324 0.503845

-0.944326 0.503845
-0.944153 0.503983

-0.944153 0.503984
-0.943945 0.50415

-0.943945 0.50415
-0.943848 0.504228

-0.943848 0.504229
-0.943566 0.504456

-0.943565 0.504456
-0.943542 0.504474

-0.943542 0.504474
-0.943237 0.504719

-0.943237 0.50472
-0.943186 0.504761

-0.943186 0.504761
-0.942932 0.504965

-0.942932 0.504965
-0.942805 0.505066

-0.942807 0.505066
-0.942627 0.505209

-0.942627 0.50521
-0.942426 0.505371

-0.942426 0.505371
-0.942322 0.505454

-0.942322 0.505455
-0.942046 0.505676

-0.942045 0.505676
-0.942017 0.505699

-0.942017 0.5057
-0.941711 0.505945

-0.941711 0.505945
-0.941666 0.505981

-0.941666 0.505981
-0.941406 0.50619

-0.941406 0.506191
-0.941285 0.506287

-0.941286 0.506287
-0.941101 0.506435

-0.941101 0.506435
-0.940906 0.506592

-0.940906 0.506592
-0.940796 0.506679

-0.940796 0.50668
-0.940525 0.506897

-0.940525 0.506897
-0.940491 0.506924

-0.940491 0.506925
-0.940186 0.50717

-0.940186 0.50717
-0.940145 0.507202

-0.940145 0.507202
-0.93988 0.507414

-0.93988 0.507415
-0.939764 0.507507

-0.939765 0.507507
-0.939575 0.507659

-0.939575 0.50766
-0.939384 0.507812

-0.939384 0.507812
-0.93927 0.507903

-0.93927 0.507904
-0.939004 0.508118

-0.939003 0.508118
-0.938965 0.508148

-0.938965 0.508149
-0.93866 0.508393

-0.93866 0.508393
-0.938623 0.508423

-0.938623 0.508423
-0.938354 0.508638

-0.938354 0.508638
-0.938241 0.508728

-0.938242 0.508728
-0.938049 0.508882

-0.938049 0.508883
-0.937861 0.509033

-0.937862 0.509033
-0.937744 0.509126

-0.937744 0.509127
-0.93748 0.509338

-0.93748 0.509338
-0.937439 0.509371

-0.937439 0.509372
-0.937134 0.509616

-0.937134 0.509616
-0.937099 0.509644

-0.937099 0.509644
-0.936829 0.50986

-0.936829 0.509861
-0.936718 0.509949

-0.936719 0.509949
-0.936523 0.510105

-0.936523 0.510105
-0.936337 0.510254

-0.936338 0.510254
-0.936218 0.510348

-0.936218 0.510349
-0.935956 0.510559

-0.935955 0.510559
-0.935913 0.510593

-0.935913 0.510594
-0.935608 0.510838

-0.935608 0.510838
-0.935575 0.510864

-0.935575 0.510864
-0.935303 0.511082

-0.935303 0.511083
-0.935193 0.511169

-0.935194 0.511169
-0.934998 0.511326

-0.934998 0.511327
-0.934812 0.511475

-0.934813 0.511475
-0.934692 0.511569

-0.934692 0.511571
-0.934431 0.51178

-0.93443 0.51178
-0.934387 0.511814

-0.934387 0.511815
-0.934082 0.512059

-0.934082 0.512059
-0.934049 0.512085

-0.934049 0.512085
-0.933777 0.512303

-0.933777 0.512303
-0.933667 0.51239

-0.933668 0.51239
-0.933472 0.512547

-0.933472 0.512547
-0.933286 0.512695

-0.933286 0.512695
-0.933167 0.51279

-0.933167 0.512791
-0.932904 0.513

-0.932904 0.513
-0.932861 0.513034

-0.932861 0.513035
-0.932556 0.513279

-0.932556 0.513279
-0.932522 0.513306

-0.932522 0.513306
-0.932251 0.513523

-0.932251 0.513523
-0.93214 0.513611

-0.932141 0.513611
-0.931946 0.513766

-0.931946 0.513767
-0.931758 0.513916

-0.931759 0.513916
-0.931641 0.514009

-0.931641 0.51401
-0.931377 0.514221

-0.931376 0.514221
-0.931335 0.514253

-0.931335 0.514254
-0.93103 0.514498

-0.93103 0.514498
-0.930994 0.514526

-0.930994 0.514526
-0.930725 0.514741

-0.930725 0.514742
-0.930611 0.514832

-0.930613 0.514832
-0.93042 0.514985

-0.93042 0.514985
-0.93023 0.515137

-0.93023 0.515137
-0.930115 0.515228

-0.930115 0.515229
-0.929848 0.515442

-0.929847 0.515442
-0.92981 0.515472

-0.92981 0.515472
-0.929504 0.515716

-0.929504 0.515716
-0.929465 0.515747

-0.929465 0.515747
-0.929199 0.515959

-0.929199 0.51596
-0.929082 0.516052

-0.929083 0.516052
-0.928894 0.516202

-0.928894 0.516203
-0.9287 0.516357

-0.9287 0.516357
-0.928589 0.516445

-0.928589 0.516446
-0.928318 0.516663

-0.928317 0.516663
-0.928284 0.516689

-0.928284 0.51669
-0.927979 0.516933

-0.927979 0.516933
-0.927935 0.516968

-0.927935 0.516968
-0.927673 0.517176

-0.927673 0.517177
-0.927551 0.517273

-0.927553 0.517273
-0.927368 0.517419

-0.927368 0.51742
-0.927169 0.517578

-0.92717 0.517578
-0.927063 0.517662

-0.927063 0.517663
-0.926786 0.517883

-0.926786 0.517883
-0.926758 0.517905

-0.926758 0.517906
-0.926453 0.518149

-0.926453 0.518149
-0.926403 0.518188

-0.926403 0.518188
-0.926147 0.518392

-0.926147 0.518393
-0.926019 0.518494

-0.926021 0.518494
-0.925842 0.518635

-0.925842 0.518636
-0.925637 0.518799

-0.925637 0.518799
-0.925537 0.518878

-0.925537 0.518879
-0.925254 0.519104

-0.925253 0.519104
-0.925232 0.519121

-0.925232 0.519122
-0.924927 0.519365

-0.924927 0.519365
-0.924871 0.519409

-0.924871 0.519409
-0.924622 0.519608

-0.924622 0.519609
-0.924486 0.519714

-0.924488 0.519714
-0.924316 0.51985

-0.924316 0.519851
-0.924104 0.52002

-0.924104 0.52002
-0.924011 0.520093

-0.924011 0.520094
-0.923721 0.520325

-0.92372 0.520325
-0.923706 0.520336

-0.923706 0.520336
-0.923401 0.520579

-0.923401 0.520579
-0.923337 0.52063

-0.923337 0.52063
-0.923096 0.520822

-0.923096 0.520823
-0.922952 0.520935

-0.922954 0.520935
-0.922791 0.521064

-0.922791 0.521065
-0.92257 0.52124

-0.92257 0.52124
-0.922485 0.521307

-0.922485 0.521308
-0.922186 0.521545

-0.922186 0.521545
-0.92218 0.52155

-0.92218 0.52155
-0.921875 0.521793

-0.921875 0.521793
-0.921802 0.521851

-0.921802 0.521851
-0.92157 0.522036

-0.92157 0.522037
-0.921418 0.522156

-0.92142 0.522156
-0.921265 0.522277

-0.921265 0.522278
-0.921035 0.522461

-0.921034 0.522461
-0.920959 0.52252

-0.920959 0.522521
-0.920654 0.522763

-0.920654 0.522763
-0.920651 0.522766

-0.920651 0.522766
-0.920349 0.523006

-0.920349 0.523006
-0.920266 0.523071

-0.920267 0.523071
-0.920044 0.523248

-0.920044 0.523249
-0.919882 0.523376

-0.919884 0.523376
-0.919739 0.523489

-0.919739 0.523491
-0.919498 0.523682

-0.919498 0.523682
-0.919434 0.523732

-0.919434 0.523733
-0.919128 0.523975

-0.919128 0.523975
-0.919114 0.523987

-0.919114 0.523987
-0.918823 0.524218

-0.918823 0.524218
-0.918729 0.524292

-0.91873 0.524292
-0.918518 0.52446

-0.918518 0.524461
-0.918345 0.524597

-0.918346 0.524597
-0.918213 0.524701

-0.918213 0.524702
-0.917961 0.524902

-0.91796 0.524902
-0.917908 0.524944

-0.917908 0.524944
-0.917603 0.525187

-0.917603 0.525187
-0.917576 0.525208

-0.917576 0.525208
-0.917297 0.525429

-0.917297 0.525429
-0.917191 0.525513

-0.917192 0.525513
-0.916992 0.525671

-0.916992 0.525671
-0.916807 0.525818

-0.916807 0.525818
-0.916687 0.525912

-0.916687 0.525913
-0.916422 0.526123

-0.916421 0.526123
-0.916382 0.526154

-0.916382 0.526155
-0.916077 0.526397

-0.916077 0.526397
-0.916037 0.526428

-0.916037 0.526428
-0.915771 0.526639

-0.915771 0.52664
-0.915651 0.526733

-0.915653 0.526733
-0.915466 0.526881

-0.915466 0.526881
-0.915267 0.527039

-0.915268 0.527039
-0.915161 0.527122

-0.915161 0.527123
-0.914882 0.527344

-0.914882 0.527344
-0.914856 0.527364

-0.914856 0.527365
-0.914551 0.527606

-0.914551 0.527607
-0.914497 0.527649

-0.914497 0.527649
-0.914246 0.527848

-0.914246 0.527849
-0.914111 0.527954

-0.914113 0.527954
-0.91394 0.528089

-0.91394 0.52809
-0.913727 0.528259

-0.913727 0.528259
-0.913635 0.528331

-0.913635 0.528332
-0.913341 0.528564

-0.913341 0.528564
-0.91333 0.528573

-0.91333 0.528573
-0.913025 0.528815

-0.913025 0.528815
-0.912956 0.52887

-0.912956 0.52887
-0.91272 0.529057

-0.91272 0.529058
-0.91257 0.529175

-0.912572 0.529175
-0.912415 0.529298

-0.912415 0.529299
-0.912185 0.52948

-0.912185 0.52948
-0.912109 0.529539

-0.912109 0.52954
-0.911804 0.529781

-0.911804 0.529782
-0.9118 0.529785

-0.9118 0.529785
-0.911499 0.530023

-0.911499 0.530023
-0.911413 0.53009

-0.911414 0.53009
-0.911194 0.530265

-0.911194 0.530265
-0.911028 0.530396

-0.911029 0.530396
-0.910889 0.530505

-0.910889 0.530506
-0.910643 0.530701

-0.910642 0.530701
-0.910583 0.530747

-0.910583 0.530747
-0.910278 0.530989

-0.910278 0.530989
-0.910257 0.531006

-0.910257 0.531006
-0.909973 0.53123

-0.909973 0.531231
-0.90987 0.531311

-0.909871 0.531311
-0.909668 0.531471

-0.909668 0.531472
-0.909485 0.531616

-0.909485 0.531616
-0.909363 0.531711

-0.909363 0.531713
-0.909099 0.531921

-0.909098 0.531921
-0.909058 0.531953

-0.909058 0.531954
-0.908752 0.532195

-0.908752 0.532195
-0.908712 0.532227

-0.908713 0.532227
-0.908447 0.532436

-0.908447 0.532437
-0.908325 0.532532

-0.908327 0.532532
-0.908142 0.532677

-0.908142 0.532678
-0.90794 0.532837

-0.90794 0.532837
-0.907837 0.532917

-0.907837 0.532919
-0.907554 0.533142

-0.907553 0.533142
-0.907532 0.533159

-0.907532 0.53316
-0.907227 0.533401

-0.907227 0.533401
-0.907167 0.533447

-0.907168 0.533447
-0.906921 0.533642

-0.906921 0.533643
-0.90678 0.533752

-0.906782 0.533752
-0.906616 0.533882

-0.906616 0.533883
-0.906395 0.534058

-0.906394 0.534058
-0.906311 0.534123

-0.906311 0.534124
-0.906008 0.534363

-0.906008 0.534363
-0.906006 0.534364

-0.906006 0.534365
-0.905701 0.534605

-0.905701 0.534606
-0.905621 0.534668

-0.905621 0.534668
-0.905396 0.534846

-0.905396 0.534847
-0.905234 0.534973

-0.905236 0.534973
-0.90509 0.535086

-0.90509 0.535087
-0.904848 0.535278

-0.904847 0.535278
-0.904785 0.535327

-0.904785 0.535328
-0.90448 0.535569

-0.90448 0.535569
-0.904461 0.535583

-0.904461 0.535583
-0.904175 0.535809

-0.904175 0.53581
-0.904073 0.535889

-0.904074 0.535889
-0.90387 0.53605

-0.90387 0.536051
-0.903687 0.536194

-0.903688 0.536194
-0.903564 0.53629

-0.903564 0.536291
-0.9033 0.536499

-0.9033 0.536499
-0.903259 0.536531

-0.903259 0.536531
-0.902954 0.536772

-0.902954 0.536772
-0.902913 0.536804

-0.902913 0.536804
-0.902649 0.537012

-0.902649 0.537013
-0.902525 0.537109

-0.902526 0.537109
-0.902344 0.537253

-0.902344 0.537253
-0.902139 0.537415

-0.902139 0.537415
-0.902039 0.537493

-0.902039 0.537494
-0.901752 0.53772

-0.901751 0.53772
-0.901733 0.537733

-0.901733 0.537734
-0.901428 0.537974

-0.901428 0.537975
-0.901364 0.538025

-0.901364 0.538025
-0.901123 0.538215

-0.901123 0.538216
-0.900976 0.53833

-0.900978 0.53833
-0.900818 0.538454

-0.900818 0.538455
-0.900589 0.538635

-0.900589 0.538635
-0.900513 0.538695

-0.900513 0.538696
-0.900208 0.538936

-0.900208 0.538936
-0.900202 0.53894

-0.900202 0.53894
-0.899902 0.539176

-0.899902 0.539177
-0.899814 0.539246

-0.899814 0.539246
-0.899597 0.539416

-0.899597 0.539417
-0.899426 0.539551

-0.899428 0.539551
-0.899292 0.539655

-0.899292 0.539657
-0.899039 0.539856

-0.899038 0.539856
-0.898987 0.539896

-0.898987 0.539897
-0.898682 0.540137

-0.898682 0.540137
-0.898651 0.540161

-0.898651 0.540161
-0.898376 0.540377

-0.898376 0.540378
-0.898262 0.540466

-0.898263 0.540466
-0.898071 0.540617

-0.898071 0.540618
-0.897875 0.540771

-0.897875 0.540771
-0.897766 0.540856

-0.897766 0.540857
-0.897487 0.541077

-0.897486 0.541077
-0.897461 0.541097

-0.897461 0.541097
-0.897156 0.541337

-0.897156 0.541337
-0.897099 0.541382

-0.897099 0.541382
-0.896851 0.541577

-0.896851 0.541578
-0.89671 0.541687

-0.896712 0.541687
-0.896545 0.541817

-0.896545 0.541817
-0.896323 0.541992

-0.896323 0.541992
-0.89624 0.542056

-0.89624 0.542057
-0.895935 0.542297

-0.895935 0.542297
-0.895935 0.542297

-0.895935 0.542297
-0.89563 0.542537

-0.89563 0.542537
-0.895546 0.542603

-0.895546 0.542603
-0.895325 0.542777

-0.895325 0.542777
-0.895157 0.542908

-0.895159 0.542908
-0.89502 0.543015

-0.89502 0.543017
-0.89477 0.543213

-0.894769 0.543213
-0.894714 0.543255

-0.894714 0.543256
-0.894409 0.543496

-0.894409 0.543496
-0.894381 0.543518

-0.894381 0.543518
-0.894104 0.543736

-0.894104 0.543736
-0.893991 0.543823

-0.893993 0.543823
-0.893799 0.543975

-0.893799 0.543976
-0.893604 0.544128

-0.893604 0.544128
-0.893494 0.544214

-0.893494 0.544215
-0.893215 0.544434

-0.893214 0.544434
-0.893188 0.544454

-0.893188 0.544454
-0.892883 0.544694

-0.892883 0.544694
-0.892826 0.544739

-0.892826 0.544739
-0.892578 0.544934

-0.892578 0.544935
-0.892436 0.545044

-0.892438 0.545044
-0.892273 0.545173

-0.892273 0.545173
-0.892049 0.545349

-0.892048 0.545349
-0.891968 0.545412

-0.891968 0.545413
-0.891663 0.545652

-0.891663 0.545652
-0.89166 0.545654

-0.89166 0.545654
-0.891357 0.545891

-0.891357 0.545892
-0.89127 0.545959

-0.891271 0.545959
-0.891052 0.546131

-0.891052 0.546131
-0.890881 0.546265

-0.890883 0.546265
-0.890747 0.546369

-0.890747 0.54637
-0.890493 0.54657

-0.890492 0.54657
-0.890442 0.546609

-0.890442 0.54661
-0.890137 0.546849

-0.890137 0.546849
-0.890103 0.546875

-0.890103 0.546875
-0.889832 0.547088

-0.889832 0.547089
-0.889713 0.54718

-0.889714 0.54718
-0.889526 0.547327

-0.889526 0.547328
-0.889325 0.547485

-0.889325 0.547485
-0.889221 0.547566

-0.889221 0.547567
-0.888935 0.547791

-0.888935 0.547791
-0.888916 0.547805

-0.888916 0.547806
-0.888611 0.548045

-0.888611 0.548045
-0.888546 0.548096

-0.888546 0.548096
-0.888306 0.548284

-0.888306 0.548285
-0.888156 0.548401

-0.888157 0.548401
-0.888 0.548522

-0.888 0.548523
-0.887767 0.548706

-0.887767 0.548706
-0.887695 0.548761

-0.887695 0.548762
-0.88739 0.549001

-0.88739 0.549001
-0.887377 0.549011

-0.887377 0.549011
-0.887085 0.54924

-0.887085 0.549241
-0.886987 0.549316

-0.886988 0.549316
-0.88678 0.549479

-0.88678 0.54948
-0.886598 0.549622

-0.886599 0.549622
-0.886475 0.549717

-0.886475 0.549718
-0.886208 0.549927

-0.886208 0.549927
-0.886169 0.549956

-0.886169 0.549957
-0.885864 0.550196

-0.885864 0.550196
-0.885818 0.550232

-0.885818 0.550232
-0.885559 0.550435

-0.885559 0.550436
-0.885427 0.550537

-0.885429 0.550537
-0.885254 0.550673

-0.885254 0.550674
-0.885039 0.550842

-0.885038 0.550842
-0.884949 0.550911

-0.884949 0.550912
-0.884648 0.551147

-0.884648 0.551147
-0.884644 0.551151

-0.884644 0.551151
-0.884338 0.55139

-0.884338 0.55139
-0.884258 0.551453

-0.884258 0.551453
-0.884033 0.551629

-0.884033 0.551629
-0.883868 0.551758

-0.883869 0.551758
-0.883728 0.551866

-0.883728 0.551867
-0.883478 0.552063

-0.883477 0.552063
-0.883423 0.552105

-0.883423 0.552106
-0.883118 0.552345

-0.883118 0.552345
-0.883087 0.552368

-0.883088 0.552368
-0.882812 0.552583

-0.882812 0.552584
-0.882696 0.552673

-0.882698 0.552673
-0.882507 0.552822

-0.882507 0.552822
-0.882307 0.552979

-0.882307 0.552979
-0.882202 0.553059

-0.882202 0.55306
-0.881916 0.553284

-0.881916 0.553284
-0.881897 0.553298

-0.881897 0.553299
-0.881592 0.553537

-0.881592 0.553538
-0.881525 0.553589

-0.881526 0.553589
-0.881287 0.553776

-0.881287 0.553777
-0.881134 0.553894

-0.881136 0.553894
-0.880981 0.554013

-0.880981 0.554014
-0.880745 0.554199

-0.880744 0.554199
-0.880676 0.554252

-0.880676 0.554253
-0.880371 0.554491

-0.880371 0.554491
-0.880354 0.554504

-0.880354 0.554504
-0.880066 0.554729

-0.880066 0.55473
-0.879962 0.55481

-0.879963 0.55481
-0.879761 0.554968

-0.879761 0.554968
-0.879572 0.555115

-0.879573 0.555115
-0.879456 0.555205

-0.879456 0.555206
-0.879182 0.55542

-0.879181 0.55542
-0.87915 0.555444

-0.87915 0.555444
-0.878845 0.555682

-0.878845 0.555683
-0.87879 0.555725

-0.878791 0.555725
-0.87854 0.555921

-0.87854 0.555921
-0.878398 0.55603

-0.8784 0.55603
-0.878235 0.556158

-0.878235 0.556159
-0.878009 0.556335

-0.878008 0.556335
-0.87793 0.556396

-0.87793 0.556397
-0.877625 0.556635

-0.877625 0.556635
-0.877617 0.556641

-0.877617 0.556641
-0.877319 0.556873

-0.877319 0.556874
-0.877225 0.556946

-0.877226 0.556946
-0.877014 0.557111

-0.877014 0.557112
-0.876835 0.557251

-0.876836 0.557251
-0.876709 0.557348

-0.876709 0.557349
-0.876444 0.557556

-0.876443 0.557556
-0.876404 0.557587

-0.876404 0.557587
-0.876099 0.557825

-0.876099 0.557825
-0.876052 0.557861

-0.876052 0.557861
-0.875793 0.558063

-0.875793 0.558064
-0.875659 0.558167

-0.875661 0.558167
-0.875488 0.558301

-0.875488 0.558301
-0.87527 0.558472

-0.875269 0.558472
-0.875183 0.558538

-0.875183 0.558539
-0.874878 0.558777

-0.874878 0.558777
-0.874573 0.559015

-0.874573 0.559015
-0.874486 0.559082

-0.874486 0.559082
-0.874268 0.559253

-0.874268 0.559253
-0.874094 0.559387

-0.874096 0.559387
-0.873962 0.559489

-0.873962 0.55949
-0.873703 0.559692

-0.873702 0.559692
-0.873657 0.559727

-0.873657 0.559728
-0.873352 0.559966

-0.873352 0.559966
-0.873311 0.559998

-0.873311 0.559998
-0.873047 0.560203

-0.873047 0.560204
-0.872918 0.560303

-0.87292 0.560303
-0.872742 0.560441

-0.872742 0.560441
-0.872528 0.560608

-0.872528 0.560608
-0.872437 0.560678

-0.872437 0.560679
-0.872136 0.560913

-0.872135 0.560913
-0.872131 0.560916

-0.872131 0.560916
-0.871826 0.561154

-0.871826 0.561154
-0.871743 0.561218

-0.871744 0.561218
-0.871521 0.561392

-0.871521 0.561392
-0.871351 0.561523

-0.871353 0.561523
-0.871216 0.561628

-0.871216 0.561629
-0.87096 0.561829

-0.870959 0.561829
-0.870911 0.561866

-0.870911 0.561867
-0.870605 0.562104

-0.870605 0.562104
-0.870567 0.562134

-0.870567 0.562134
-0.8703 0.562342

-0.8703 0.562342
-0.870174 0.562439

-0.870176 0.562439
-0.869995 0.562579

-0.869995 0.562579
-0.869783 0.562744

-0.869783 0.562744
-0.86969 0.562815

-0.86969 0.562816
-0.869391 0.563049

-0.86939 0.563049
-0.869385 0.563053

-0.869385 0.563054
-0.86908 0.563291

-0.86908 0.563291
-0.868998 0.563354

-0.868998 0.563354
-0.868774 0.563529

-0.868774 0.563529
-0.868605 0.56366

-0.868607 0.56366
-0.868469 0.563765

-0.868469 0.563766
-0.868213 0.563965

-0.868213 0.563965
-0.868164 0.564002

-0.868164 0.564003
-0.867859 0.56424

-0.867859 0.56424
-0.867821 0.56427

-0.867821 0.56427
-0.867554 0.564478

-0.867554 0.564478
-0.867427 0.564575

-0.867428 0.564575
-0.867249 0.564715

-0.867249 0.564715
-0.867036 0.56488

-0.867035 0.56488
-0.866943 0.564951

-0.866943 0.564952
-0.866643 0.565186

-0.866642 0.565186
-0.866638 0.565189

-0.866638 0.565189
-0.866333 0.565426

-0.866333 0.565427
-0.866249 0.565491

-0.86625 0.565491
-0.866028 0.565663

-0.866028 0.565664
-0.865857 0.565796

-0.865858 0.565796
-0.865723 0.565899

-0.865723 0.5659
-0.865464 0.566101

-0.865464 0.566101
-0.865417 0.566137

-0.865417 0.566137
-0.865112 0.566374

-0.865112 0.566375
-0.865071 0.566406

-0.865071 0.566406
-0.864807 0.566611

-0.864807 0.566612
-0.864677 0.566711

-0.864679 0.566711
-0.864502 0.566848

-0.864502 0.566849
-0.864286 0.567017

-0.864285 0.567017
-0.864197 0.567084

-0.864197 0.567085
-0.863892 0.567322

-0.863892 0.567322
-0.863892 0.567322

-0.863892 0.567322
-0.863586 0.567559

-0.863586 0.567559
-0.863498 0.567627

-0.863499 0.567627
-0.863281 0.567796

-0.863281 0.567796
-0.863106 0.567932

-0.863107 0.567932
-0.862976 0.568032

-0.862976 0.568033
-0.862713 0.568237

-0.862712 0.568237
-0.862671 0.568269

-0.862671 0.56827
-0.862366 0.568506

-0.862366 0.568507
-0.862319 0.568542

-0.862319 0.568542
-0.862061 0.568743

-0.862061 0.568744
-0.861925 0.568848

-0.861926 0.568848
-0.861755 0.56898

-0.861755 0.56898
-0.861533 0.569153

-0.861532 0.569153
-0.86145 0.569216

-0.86145 0.569217
-0.861145 0.569453

-0.861145 0.569453
-0.861139 0.569458

-0.861139 0.569458
-0.86084 0.56969

-0.86084 0.56969
-0.860745 0.569763

-0.860746 0.569763
-0.860535 0.569927

-0.860535 0.569927
-0.860352 0.570068

-0.860353 0.570068
-0.860229 0.570162

-0.860229 0.570163
-0.859958 0.570374

-0.859958 0.570374
-0.859924 0.570399

-0.859924 0.5704
-0.859619 0.570636

-0.859619 0.570637
-0.859564 0.570679

-0.859565 0.570679
-0.859314 0.570873

-0.859314 0.570874
-0.85917 0.570984

-0.859171 0.570984
-0.859009 0.571109

-0.859009 0.57111
-0.858777 0.571289

-0.858777 0.571289
-0.858704 0.571345

-0.858704 0.571346
-0.858398 0.571582

-0.858398 0.571582
-0.858383 0.571594

-0.858383 0.571594
-0.858093 0.571819

-0.858093 0.571819
-0.857988 0.571899

-0.857989 0.571899
-0.857788 0.572055

-0.857788 0.572055
-0.857595 0.572205

-0.857596 0.572205
-0.857483 0.57229

-0.857483 0.572292
-0.857201 0.57251

-0.857201 0.57251
-0.857178 0.572527

-0.857178 0.572528
-0.856873 0.572764

-0.856873 0.572765
-0.856807 0.572815

-0.856807 0.572815
-0.856567 0.573001

-0.856567 0.573001
-0.856412 0.57312

-0.856414 0.57312
-0.856262 0.573236

-0.856262 0.573237
-0.856019 0.573425

-0.856018 0.573425
-0.855957 0.573472

-0.855957 0.573473
-0.855652 0.573709

-0.855652 0.573709
-0.855625 0.57373

-0.855625 0.57373
-0.855347 0.573946

-0.855347 0.573946
-0.855229 0.574036

-0.855231 0.574036
-0.855042 0.574182

-0.855042 0.574182
-0.854836 0.574341

-0.854836 0.574341
-0.854736 0.574417

-0.854736 0.574418
-0.854442 0.574646

-0.854441 0.574646
-0.854431 0.574654

-0.854431 0.574654
-0.854126 0.57489

-0.854126 0.574891
-0.854047 0.574951

-0.854047 0.574951
-0.853821 0.575126

-0.853821 0.575127
-0.853652 0.575256

-0.853654 0.575256
-0.853516 0.575361

-0.853516 0.575363
-0.853258 0.575562

-0.853258 0.575562
-0.85321 0.575598

-0.85321 0.575599
-0.852905 0.575835

-0.852905 0.575835
-0.852863 0.575867

-0.852864 0.575867
-0.8526 0.576071

-0.8526 0.576071
-0.852468 0.576172

-0.85247 0.576172
-0.852295 0.576306

-0.852295 0.576307
-0.852075 0.576477

-0.852074 0.576477
-0.85199 0.576542

-0.85199 0.576542
-0.851685 0.576778

-0.851685 0.576778
-0.85168 0.576782

-0.85168 0.576782
-0.851379 0.577014

-0.851379 0.577015
-0.851284 0.577087

-0.851285 0.577087
-0.851074 0.57725

-0.851074 0.577251
-0.85089 0.577393

-0.850891 0.577393
-0.850769 0.577485

-0.850769 0.577486
-0.850495 0.577698

-0.850495 0.577698
-0.850464 0.577721

-0.850464 0.577722
-0.850159 0.577958

-0.850159 0.577958
-0.8501 0.578003

-0.8501 0.578003
-0.849854 0.578194

-0.849854 0.578194
-0.849704 0.578308

-0.849706 0.578308
-0.849548 0.578429

-0.849548 0.578429
-0.84931 0.578613

-0.84931 0.578613
-0.849243 0.578664

-0.849243 0.578665
-0.848938 0.578901

-0.848938 0.578901
-0.848915 0.578918

-0.848915 0.578918
-0.848633 0.579137

-0.848633 0.579137
-0.848519 0.579224

-0.84852 0.579224
-0.848328 0.579372

-0.848328 0.579372
-0.848125 0.579529

-0.848125 0.579529
-0.848022 0.579607

-0.848022 0.579608
-0.84773 0.579834

-0.847729 0.579834
-0.847717 0.579843

-0.847717 0.579844
-0.847412 0.580079

-0.847412 0.580079
-0.847334 0.580139

-0.847334 0.580139
-0.847107 0.580315

-0.847107 0.580315
-0.846939 0.580444

-0.84694 0.580444
-0.846802 0.580549

-0.846802 0.58055
-0.846544 0.58075

-0.846543 0.58075
-0.846497 0.580785

-0.846497 0.580786
-0.846191 0.581021

-0.846191 0.581021
-0.846148 0.581055

-0.846148 0.581055
-0.845886 0.581257

-0.845886 0.581258
-0.845751 0.58136

-0.845753 0.58136
-0.845581 0.581492

-0.845581 0.581493
-0.845357 0.581665

-0.845357 0.581665
-0.845276 0.581727

-0.845276 0.581728
-0.844971 0.581963

-0.844971 0.581963
-0.844962 0.58197

-0.844962 0.58197
-0.844666 0.582199

-0.844666 0.582199
-0.844565 0.582275

-0.844566 0.582275
-0.84436 0.582434

-0.84436 0.582434
-0.84417 0.582581

-0.844171 0.582581
-0.844055 0.582668

-0.844055 0.582669
-0.843775 0.582886

-0.843774 0.582886
-0.84375 0.582904

-0.84375 0.582905
-0.843445 0.58314

-0.843445 0.58314
-0.843378 0.583191

-0.843379 0.583191
-0.84314 0.583375

-0.84314 0.583376
-0.842982 0.583496

-0.842984 0.583496
-0.842834 0.58361

-0.842834 0.583611
-0.842587 0.583801

-0.842587 0.583801
-0.842529 0.583845

-0.842529 0.583846
-0.842224 0.584081

-0.842224 0.584081
-0.842191 0.584106

-0.842191 0.584106
-0.841919 0.584316

-0.841919 0.584317
-0.841794 0.584412

-0.841796 0.584412
-0.841614 0.584551

-0.841614 0.584552
-0.8414 0.584717

-0.8414 0.584717
-0.841309 0.584786

-0.841309 0.584787
-0.841003 0.585022

-0.841003 0.585022
-0.840698 0.585257

-0.840698 0.585258
-0.840607 0.585327

-0.840607 0.585327
-0.840393 0.585492

-0.840393 0.585493
-0.840211 0.585632

-0.840212 0.585632
-0.840088 0.585726

-0.840088 0.585727
-0.839815 0.585938

-0.839814 0.585938
-0.839783 0.585962

-0.839783 0.585962
-0.839478 0.586197

-0.839478 0.586198
-0.839418 0.586243

-0.839419 0.586243
-0.839172 0.586433

-0.839172 0.586433
-0.839022 0.586548

-0.839023 0.586548
-0.838867 0.586667

-0.838867 0.586668
-0.838626 0.586853

-0.838626 0.586853
-0.838562 0.586902

-0.838562 0.586902
-0.838257 0.587137

-0.838257 0.587138
-0.83823 0.587158

-0.83823 0.587158
-0.837952 0.587372

-0.837952 0.587373
-0.837832 0.587463

-0.837834 0.587463
-0.837646 0.587607

-0.837646 0.587608
-0.837437 0.587769

-0.837437 0.587769
-0.837341 0.587841

-0.837341 0.587842
-0.837041 0.588074

-0.83704 0.588074
-0.837036 0.588077

-0.837036 0.588077
-0.836731 0.588312

-0.836731 0.588312
-0.836643 0.588379

-0.836644 0.588379
-0.836426 0.588547

-0.836426 0.588547
-0.836247 0.588684

-0.836249 0.588684
-0.836121 0.588781

-0.836121 0.588782
-0.835851 0.588989

-0.83585 0.588989
-0.835815 0.589016

-0.835815 0.589017
-0.83551 0.589251

-0.83551 0.589252
-0.835454 0.589294

-0.835454 0.589294
-0.835205 0.589486

-0.835205 0.589487
-0.835057 0.5896

-0.835058 0.5896
-0.8349 0.58972

-0.8349 0.589721
-0.834661 0.589905

-0.83466 0.589905
-0.834595 0.589955

-0.834595 0.589956
-0.83429 0.59019

-0.83429 0.59019
-0.834264 0.59021

-0.834264 0.59021
-0.833984 0.590425

-0.833984 0.590426
-0.833866 0.590515

-0.833867 0.590515
-0.833679 0.59066

-0.833679 0.59066
-0.833471 0.59082

-0.833471 0.59082
-0.833374 0.590893

-0.833374 0.590894
-0.833073 0.591125

-0.833073 0.591125
-0.833069 0.591129

-0.833069 0.591129
-0.832764 0.591364

-0.832764 0.591364
-0.832676 0.591431

-0.832677 0.591431
-0.832458 0.591598

-0.832458 0.591599
-0.832279 0.591736

-0.832281 0.591736
-0.832153 0.591832

-0.832153 0.591833
-0.831883 0.592041

-0.831882 0.592041
-0.831848 0.592067

-0.831848 0.592067
-0.831543 0.592302

-0.831543 0.592302
-0.831485 0.592346

-0.831485 0.592346
-0.831238 0.592536

-0.831238 0.592537
-0.831087 0.592651

-0.831089 0.592651
-0.830933 0.59277

-0.830933 0.592771
-0.830691 0.592957

-0.830691 0.592957
-0.830627 0.593005

-0.830627 0.593005
-0.830322 0.59324

-0.830322 0.59324
-0.830294 0.593262

-0.830294 0.593262
-0.830017 0.593474

-0.830017 0.593475
-0.829895 0.593567

-0.829897 0.593567
-0.829712 0.593709

-0.829712 0.593709
-0.8295 0.593872

-0.8295 0.593872
-0.829407 0.593942

-0.829407 0.593943
-0.829102 0.594177

-0.829102 0.594177
-0.829102 0.594178

-0.829102 0.594178
-0.828796 0.594412

-0.828796 0.594412
-0.828704 0.594482

-0.828705 0.594482
-0.828491 0.594646

-0.828491 0.594647
-0.828307 0.594788

-0.828308 0.594788
-0.828186 0.59488

-0.828186 0.594881
-0.82791 0.595093

-0.827909 0.595093
-0.827881 0.595114

-0.827881 0.595115
-0.827576 0.595349

-0.827576 0.59535
-0.827512 0.595398

-0.827512 0.595398
-0.827271 0.595584

-0.827271 0.595584
-0.827114 0.595703

-0.827116 0.595703
-0.826965 0.595817

-0.826965 0.595818
-0.826718 0.596008

-0.826717 0.596008
-0.82666 0.596051

-0.82666 0.596052
-0.826355 0.596286

-0.826355 0.596287
-0.82632 0.596313

-0.82632 0.596313
-0.82605 0.596521

-0.82605 0.596521
-0.825921 0.596619

-0.825923 0.596619
-0.825745 0.596755

-0.825745 0.596755
-0.825525 0.596924

-0.825524 0.596924
-0.825439 0.596988

-0.825439 0.596989
-0.825134 0.597223

-0.825134 0.597223
-0.825127 0.597229

-0.825127 0.597229
-0.824829 0.597457

-0.824829 0.597458
-0.824728 0.597534

-0.824729 0.597534
-0.824524 0.597692

-0.824524 0.597692
-0.824331 0.597839

-0.824332 0.597839
-0.824219 0.597925

-0.824219 0.597926
-0.823933 0.598145

-0.823933 0.598145
-0.823914 0.598159

-0.823914 0.59816
-0.823608 0.598394

-0.823608 0.598394
-0.823535 0.59845

-0.823536 0.59845
-0.823303 0.598628

-0.823303 0.598628
-0.823137 0.598755

-0.823139 0.598755
-0.822998 0.598861

-0.822998 0.598862
-0.82274 0.59906

-0.822739 0.59906
-0.822693 0.599095

-0.822693 0.599096
-0.822388 0.59933

-0.822388 0.59933
-0.822342 0.599365

-0.822342 0.599365
-0.822083 0.599564

-0.822083 0.599565
-0.821943 0.59967

-0.821944 0.59967
-0.821777 0.599798

-0.821777 0.599798
-0.821546 0.599976

