-1.62727 0.0
-1.62727 0.000610352

-1.62727 0.000610352
-1.62726 0.0012207

-1.62726 0.0012207
-1.62726 0.00183105

-1.62726 0.00183105
-1.62725 0.00244141

-1.62726 0.00244141
-1.62724 0.00305176

-1.62725 0.00305176
-1.62723 0.00366211

-1.62723 0.00366211
-1.6272 0.00427246

-1.6272 0.00427246
-1.62717 0.00488281

-1.62717 0.00488281
-1.62711 0.00549316

-1.62712 0.00549316
-1.62704 0.00610352

-1.62704 0.00610352
-1.62695 0.00671387

-1.62695 0.00671387
-1.62683 0.00726961

-1.62683 0.00727501
-1.62682 0.00732422

-1.62682 0.00732422
-1.62666 0.00793457

-1.62666 0.00793457
-1.62645 0.00854492

-1.62645 0.00854492
-1.62622 0.00907982

-1.62622 0.00908701
-1.62619 0.00915527

-1.62619 0.00915527
-1.62586 0.00976562

-1.62586 0.00976562
-1.62561 0.0101413

-1.62561 0.0101464
-1.62545 0.010376

-1.62546 0.010376
-1.625 0.0109117

-1.625 0.0109152
-1.62493 0.0109863

-1.62494 0.0109863
-1.62439 0.0114953

-1.62439 0.0114901
-1.62425 0.0115967

-1.62424 0.0115967
-1.62378 0.0119362

-1.62378 0.0119343
-1.6233 0.012207

-1.6233 0.012207
-1.62317 0.0122814

-1.62317 0.0122782
-1.62256 0.0125513

-1.62256 0.0125505
-1.62195 0.0127601

-1.62195 0.0127596
-1.62171 0.0128174

-1.62171 0.0128174
-1.62134 0.0129083

-1.62134 0.0129056
-1.62073 0.0130031

-1.62073 0.0130025
-1.62012 0.0130553

-1.62012 0.0130544
-1.61951 0.0130654

-1.61951 0.0130646
-1.6189 0.0130372

-1.6189 0.0130363
-1.61829 0.012974

-1.61829 0.0129731
-1.61768 0.0128796

-1.61707 0.0127579
-1.61736 0.0128174

-1.61768 0.0128786
-1.61737 0.0128174

-1.61707 0.0127552
-1.61646 0.0126046

-1.61646 0.0126032
-1.61584 0.0124305

-1.61584 0.0124298
-1.61523 0.0122391

-1.60852 0.00965016
-1.60882 0.00976562

-1.60852 0.00964577
-1.60791 0.00941883

-1.60791 0.00942325
-1.6073 0.00920352

-1.60669 0.00898201
-1.60717 0.00915527

-1.6073 0.00920569
-1.60716 0.00915527

-1.60669 0.00897895
-1.60608 0.00876738

-1.60608 0.00877172
-1.60547 0.0085677

-1.61462 0.0120318
-1.61514 0.012207

-1.61462 0.0120297
-1.61401 0.0118078

-1.6134 0.0115888
-1.61342 0.0115967

-1.61401 0.0118065
-1.61346 0.0115967

-1.6134 0.0115757
-1.61279 0.0113378

-1.61523 0.0122377
-1.61514 0.012207

-1.61157 0.0108513
-1.61191 0.0109863

-1.61279 0.0113376
-1.61218 0.0110941

-1.61218 0.011087
-1.61193 0.0109863

-1.61157 0.0108474
-1.61096 0.0106039

-1.61035 0.0103676
-1.61037 0.010376

-1.61096 0.010605
-1.61039 0.010376

-1.61035 0.0103563
-1.60974 0.0101155

-1.60974 0.0101185
-1.60913 0.0098842

-1.60913 0.0098844
-1.60882 0.00976562

-1.60486 0.00836231
-1.6054 0.00854492

-1.60486 0.00835979
-1.60425 0.00816188

-1.60547 0.00857167
-1.60539 0.00854492

-1.60425 0.0081642
-1.60364 0.00797441

-1.60303 0.00778536
-1.60351 0.00793457

-1.60364 0.00797975
-1.60349 0.00793457

-1.6012 0.00724474
-1.60147 0.00732422

-1.6012 0.00724311
-1.60059 0.00706759

-1.60303 0.00778306
-1.60242 0.00759703

-1.60242 0.00759798
-1.60181 0.00742039

-1.60181 0.00742463
-1.60146 0.00732422

-1.60059 0.00706774
-1.59998 0.0068999

-1.59998 0.00690173
-1.59937 0.00673764

-1.59875 0.0065719
-1.59928 0.00671387

-1.59937 0.00674349
-1.59926 0.00671387

-1.59875 0.00656991
-1.59814 0.0064074

-1.59692 0.00610265
-1.59693 0.00610352

-1.59814 0.00640797
-1.59753 0.00625325

-1.59753 0.00625568
-1.59693 0.00610352

-1.59692 0.00610244
-1.59631 0.00594682

-1.59631 0.00594442
-1.5957 0.00579154

-1.59692 0.00611007
-1.5969 0.00610352

-1.59143 0.00479093
-1.59183 0.00488281

-1.59143 0.00478932
-1.59082 0.00464539

-1.5957 0.00579192
-1.59509 0.00564609

-1.59509 0.00564813
-1.59448 0.00550449

-1.59387 0.0053572
-1.59443 0.00549316

-1.59448 0.00551213
-1.5944 0.00549316

-1.59387 0.00535489
-1.59326 0.00520783

-1.59326 0.005208
-1.59265 0.00506717

-1.59265 0.0050682
-1.59204 0.00493121

-1.59204 0.00493774
-1.5918 0.00488281

-1.59082 0.00464519
-1.59021 0.00450633

-1.59021 0.00450677
-1.5896 0.0043725

-1.58899 0.00423635
-1.58915 0.00427246

-1.5896 0.00437677
-1.58914 0.00427246

-1.58899 0.00423589
-1.58838 0.00409248

-1.58838 0.00409104
-1.58777 0.00394977

-1.58777 0.0039507
-1.58716 0.00381262

-1.58594 0.00353
-1.58649 0.00366211

-1.58716 0.00381372
-1.58655 0.00367477

-1.58655 0.00368572
-1.58645 0.00366211

-1.58594 0.00352914
-1.58533 0.00338042

-1.58533 0.00338035
-1.58472 0.00323224

-1.58472 0.00323155
-1.58411 0.00308559

-1.5835 0.00293283
-1.58396 0.00305176

-1.58411 0.00310132
-1.58391 0.00305176

-1.58105 0.00227299
-1.58165 0.00244141

-1.5835 0.00292859
-1.58289 0.00276309

-1.58289 0.00276091
-1.58228 0.00260587

-1.58228 0.00261623
-1.58167 0.0024553

-1.58167 0.00246705
-1.58157 0.00244141

-1.58105 0.00227813
-1.58075 0.00218165

-1.58044 0.00210292
-1.58056 0.00213623

-1.58075 0.00219197
-1.58055 0.00213623

-1.58044 0.00210248
-1.58014 0.00201289

-1.58014 0.00201212
-1.57983 0.00192519

-1.57922 0.0017521
-1.5795 0.00183105

-1.57983 0.00192662
-1.57953 0.00184099

-1.57953 0.00184789
-1.57947 0.00183105

-1.57922 0.00175082
-1.57892 0.00166322

-1.57892 0.00166295
-1.57861 0.00158145

-1.57831 0.00150147
-1.5784 0.00152588

-1.57861 0.00158522
-1.57839 0.00152588

-1.57831 0.00150152
-1.578 0.00142017

-1.578 0.00141908
-1.5777 0.00134352

-1.5777 0.00134322
-1.57739 0.00127622

-1.57709 0.00121489
-1.57712 0.0012207

-1.57709 0.00121515
-1.57678 0.00115481

-1.57678 0.00115371
-1.57648 0.00109957

-1.57648 0.00109971
-1.57617 0.00105403

-1.57739 0.00127856
-1.57711 0.0012207

-1.57709 0.00122512
-1.57707 0.0012207

-1.57617 0.00105422
-1.57587 0.00101634

-1.57587 0.00101659
-1.57556 0.000985623

-1.57556 0.000985855
-1.57526 0.00096083

-1.57526 0.000960984
-1.57495 0.000941131

-1.57495 0.000941354
-1.57465 0.000925918

-1.57434 0.000913129
-1.5744 0.000915527

-1.57465 0.000926816
-1.57438 0.000915527

-1.57434 0.000913442
-1.57404 0.000901511

-1.57434 0.000916398
-1.57432 0.000915527

-1.57404 0.000901212
-1.57373 0.000891432

-1.57373 0.000891608
-1.57343 0.000884289

-1.57343 0.000884434
-1.57312 0.000878935

-1.57312 0.000879048
-1.57281 0.000874852

-1.57281 0.000874902
-1.57251 0.000871682

-1.57251 0.000871747
-1.5722 0.000869273

-1.5722 0.000869319
-1.5719 0.000867371

-1.5719 0.000867404
-1.57159 0.000865824

-1.57159 0.000865834
-1.57129 0.000864535

-1.57129 0.000864545
-1.57098 0.000863487

-1.57098 0.000863502
-1.57068 0.000862632

-1.57068 0.000862644
-1.57037 0.000861909

-1.57037 0.000861911
-1.57007 0.000861282

-1.57007 0.000861277
-1.56976 0.000860761

-1.56976 0.000860756
-1.56946 0.000860373

-1.56946 0.000860372
-1.56915 0.000860134

-1.56915 0.000860132
-1.56885 0.000860045

-1.56885 0.00086004
-1.56854 0.000860117

-1.56854 0.000860112
-1.56824 0.000860375

-1.56824 0.000860373
-1.56793 0.000860836

-1.56793 0.000860836
-1.56763 0.000861504

-1.56763 0.000861503
-1.56732 0.000862378

-1.56732 0.000862375
-1.56702 0.000863466

-1.56702 0.000863464
-1.56671 0.000864782

-1.56671 0.000864782
-1.56641 0.000866334

-1.56641 0.000866338
-1.5661 0.000868114

-1.5661 0.000868122
-1.5658 0.000870096

-1.5658 0.000870104
-1.56549 0.000872244

-1.56549 0.000872245
-1.56519 0.000874533

-1.56519 0.000874522
-1.56488 0.000876976

-1.56488 0.000876952
-1.56458 0.000879641

-1.56458 0.00087961
-1.56427 0.000882643

-1.56427 0.000882615
-1.56396 0.00088611

-1.56396 0.000886088
-1.56366 0.000890145

-1.56366 0.00089013
-1.56335 0.000894824

-1.56335 0.000894824
-1.56305 0.000900184

-1.56305 0.000900198
-1.56274 0.000906193

-1.56274 0.000906244
-1.56244 0.000912742

-1.56244 0.000912957
-1.56231 0.000915527

-1.56233 0.000915527
-1.56213 0.000919359

-1.56213 0.000919086
-1.56183 0.000924218

-1.56183 0.000924087
-1.56152 0.000928822

-1.56152 0.000928805
-1.56122 0.00093344

-1.56122 0.000933431
-1.56091 0.000938017

-1.56091 0.000938004
-1.56061 0.000942586

-1.56061 0.000942575
-1.5603 0.000947202

-1.5603 0.000947198
-1.56 0.0009519

-1.56 0.000951904
-1.55969 0.000956683

-1.55969 0.000956697
-1.55939 0.000961517

-1.55939 0.000961541
-1.55908 0.000966328

-1.55908 0.000966362
-1.55878 0.000971003

-1.55878 0.000971046
-1.55847 0.000975388

-1.55847 0.00097544
-1.55817 0.000979294

-1.55817 0.000979354
-1.55786 0.000982496

-1.55786 0.000982563
-1.55756 0.000984739

-1.55756 0.000984813
-1.55725 0.00098574

-1.55725 0.000985821
-1.55695 0.00098519

-1.55695 0.000985274
-1.55664 0.000982755

-1.55664 0.000982829
-1.55634 0.000978108

-1.55634 0.000978165
-1.55603 0.000970983

-1.55603 0.000971054
-1.55573 0.000961154

-1.55573 0.000961104
-1.55542 0.000948443

-1.55542 0.000948552
-1.55511 0.000933012

-1.55481 0.000911371
-1.55487 0.000915527

-1.55511 0.000934405
-1.55484 0.000915527

-1.55481 0.000911747
-1.5545 0.00088678

-1.5545 0.000886718
-1.5542 0.000860805

-1.5542 0.000860641
-1.55389 0.000834235

-1.55389 0.00083412
-1.55359 0.000807781

-1.55359 0.000807739
-1.55328 0.000781782

-1.55328 0.000781758
-1.55298 0.000756312

-1.55298 0.000756355
-1.55267 0.000731381

-1.55267 0.000731471
-1.55237 0.000706706

-1.55237 0.00070664
-1.55206 0.000682034

-1.55206 0.000681829
-1.55176 0.000657924

-1.55115 0.000601748
-1.55123 0.000610352

-1.55176 0.000658886
-1.55145 0.000634169

-1.55145 0.000636654
-1.55119 0.000610352

-1.55115 0.000602179
-1.55084 0.000568421

-1.55084 0.000568449
-1.55054 0.000537407

-1.55054 0.000537357
-1.55023 0.000509075

-1.55023 0.000509059
-1.54993 0.000483671

-1.54993 0.000483669
-1.54962 0.000461211

-1.54962 0.000461179
-1.54932 0.000441718

-1.54932 0.00044188
-1.54901 0.000425159

-1.54901 0.000425342
-1.54871 0.00041067

-1.54871 0.000410849
-1.5484 0.000397501

-1.5484 0.000397642
-1.5481 0.000384976

-1.5481 0.000385074
-1.54779 0.000372609

-1.54779 0.000372655
-1.54749 0.000360106

-1.54749 0.000360056
-1.54718 0.000347428

-1.54718 0.000347241
-1.54688 0.000335011

-1.54688 0.000335184
-1.54657 0.000323377

-1.54657 0.000323554
-1.54626 0.00031147

-1.54596 0.000297135
-1.54609 0.000305176

-1.54626 0.00031161
-1.54611 0.000305176

-1.54565 0.000277251
-1.54593 0.000305176

-1.54565 0.000289735
-1.54535 0.000256775

-1.54535 0.000274152
-1.54504 0.000245148

-1.54504 0.000245423
-1.54474 0.000243079

-1.54474 0.000270666
-1.54443 0.000243946

-1.54413 9.97182e-05
-1.54439 0.000305176

-1.54413 0.000126577
-1.54384 0.0

-1.54382 3.143e-06
-1.54352 0.000289898

-1.54321 0.000168903
-1.54347 0.000305176

-1.54321 0.00019685
-1.54312 0.0

-1.5304 0.00329823
-1.53042 0.00335693

-1.53042 0.00335693
-1.53048 0.00366211

-1.53009 0.00277814
-1.5303 0.00305176

-1.52979 0.00249583
-1.53006 0.00274658

-1.53009 0.00278002
-1.53006 0.00274658

-1.5304 0.00329492
-1.53029 0.00305176

-1.53048 0.00366211
-1.53048 0.00396729

-1.53048 0.00396729
-1.53044 0.00427246

-1.53044 0.00427246
-1.5304 0.00445931

-1.5304 0.0044539
-1.53037 0.00457764

-1.53037 0.00457764
-1.53027 0.00488281

-1.52948 0.00230799
-1.52968 0.00244141

-1.52948 0.0023071
-1.52917 0.00215333

-1.52887 0.00203505
-1.52912 0.00213623

-1.52917 0.00215385
-1.52913 0.00213623

-1.52887 0.00203501
-1.52856 0.0019239

-1.52826 0.00182632
-1.52827 0.00183105

-1.52826 0.00182988
-1.52795 0.00174365

-1.52856 0.00192258
-1.52827 0.00183105

-1.52795 0.00174311
-1.52765 0.00166083

-1.52765 0.00166066
-1.52734 0.00158373

-1.52979 0.00249429
-1.52971 0.00244141

-1.53026 0.00488281
-1.53014 0.00518799

-1.53014 0.00518799
-1.53009 0.00528278

-1.53009 0.00527748
-1.52998 0.00549316

-1.52998 0.00549316
-1.52981 0.00579834

-1.52981 0.00579834
-1.52979 0.00584081

-1.52979 0.00583431
-1.52961 0.00610352

-1.52962 0.00610352
-1.52948 0.00629792

-1.52948 0.00629516
-1.5294 0.00640869

-1.5294 0.00640869
-1.52917 0.00671131

-1.52918 0.00671387
-1.52917 0.00671751

-1.52917 0.00671001
-1.52917 0.00671387

-1.52917 0.00671387
-1.52893 0.00701904

-1.52893 0.00701904
-1.52887 0.00708951

-1.52887 0.00708578
-1.52867 0.00732422

-1.52867 0.00732422
-1.52856 0.00744218

-1.52856 0.00743797
-1.52839 0.00762939

-1.52839 0.00762939
-1.52826 0.00777627

-1.52826 0.00777336
-1.52811 0.00793457

-1.52811 0.00793457
-1.52795 0.00809649

-1.52795 0.00809441
-1.52781 0.00823975

-1.52781 0.00823975
-1.52765 0.00840526

-1.52765 0.00840381
-1.52751 0.00854492

-1.52751 0.00854492
-1.52734 0.00870478

-1.52704 0.0015133
-1.52709 0.00152588

-1.52734 0.00158366
-1.5271 0.00152588

-1.52704 0.00151317
-1.52673 0.00144511

-1.52673 0.00144451
-1.52643 0.00137947

-1.52643 0.00137949
-1.52612 0.00131861

-1.52551 0.00120448
-1.5256 0.0012207

-1.52551 0.00120423
-1.52521 0.00114947

-1.52521 0.00114921
-1.5249 0.00109804

-1.52612 0.0013192
-1.52582 0.00126126

-1.52582 0.00126163
-1.5256 0.0012207

-1.5249 0.0010977
-1.5246 0.0010513

-1.5246 0.00105168
-1.52429 0.00100995

-1.52429 0.00101058
-1.52399 0.000971513

-1.52399 0.000972062
-1.52368 0.000933316

-1.52338 0.000893786
-1.52355 0.000915527

-1.52368 0.000933461
-1.52354 0.000915527

-1.52338 0.000893548
-1.52307 0.000858816

-1.52307 0.000858927
-1.52277 0.00082925

-1.52277 0.00082973
-1.52246 0.000803926

-1.52734 0.00870361
-1.52719 0.0088501

-1.52719 0.0088501
-1.52704 0.00899625

-1.52704 0.00899562
-1.52687 0.00915527

-1.52687 0.00915527
-1.52673 0.00928146

-1.52673 0.00928135
-1.52654 0.00946045

-1.52654 0.00946045
-1.52643 0.00956088

-1.52643 0.00955998
-1.5262 0.00976562

-1.52246 0.000805105
-1.52216 0.000779854

-1.52216 0.000782121
-1.52185 0.000750531

-1.52185 0.000753696
-1.52155 0.000704904

-1.52155 0.00070972
-1.52124 0.000627765

-1.52094 0.000461627
-1.52112 0.000610352

-1.52075 0.0
-1.52083 0.000305176

-1.52094 0.000465727
-1.52082 0.000305176

-1.52124 0.000621209
-1.52122 0.000610352

-1.5262 0.00976562
-1.52612 0.00983536

-1.52612 0.00983373
-1.52585 0.0100708

-1.52586 0.0100708
-1.52582 0.0101056

-1.52582 0.0101034
-1.52551 0.0103691

-1.52551 0.010376
-1.52551 0.0103776

-1.52551 0.0103693
-1.5255 0.010376

-1.5255 0.010376
-1.52521 0.0106315

-1.52521 0.0106308
-1.52515 0.0106812

-1.52515 0.0106812
-1.5249 0.0108906

-1.5249 0.0108903
-1.52479 0.0109863

-1.52479 0.0109863
-1.5246 0.0111463

-1.5246 0.0111471
-1.52442 0.0112915

-1.52442 0.0112915
-1.52429 0.0114003

-1.52429 0.0113999
-1.52405 0.0115967

-1.52406 0.0115967
-1.52399 0.0116526

-1.52399 0.0116513
-1.52368 0.0119006

-1.52368 0.0119019
-1.52368 0.0119039

-1.52368 0.0119006
-1.52368 0.0119019

-1.52368 0.0119019
-1.52338 0.0121482

-1.52338 0.0121478
-1.5233 0.012207

-1.5233 0.012207
-1.52307 0.0123941

-1.52307 0.0123944
-1.52292 0.0125122

-1.52293 0.0125122
-1.52277 0.0126376

-1.52277 0.0126376
-1.52254 0.0128174

-1.52254 0.0128174
-1.52246 0.0128812

-1.52246 0.0128802
-1.52216 0.0131214

-1.52216 0.0131226
-1.52216 0.0131244

-1.52216 0.0131214
-1.52215 0.0131226

-1.52215 0.0131226
-1.52185 0.0133617

-1.52185 0.0133616
-1.52177 0.0134277

-1.52177 0.0134277
-1.52155 0.013601

-1.52155 0.0136006
-1.52137 0.0137329

-1.52138 0.0137329
-1.52124 0.013838

-1.52124 0.0138382
-1.52098 0.0140381

-1.52098 0.0140381
-1.52094 0.0140763

-1.52094 0.0140751
-1.52063 0.014311

-1.52063 0.0143108
-1.52059 0.0143433

-1.52059 0.0143433
-1.52032 0.0145463

-1.52032 0.0145467
-1.52019 0.0146484

-1.52019 0.0146484
-1.52002 0.0147807

-1.52002 0.0147803
-1.51979 0.0149536

-1.5198 0.0149536
-1.51971 0.0150146

-1.51971 0.0150138
-1.51941 0.0152468

-1.51941 0.0152469
-1.51939 0.0152588

-1.51939 0.0152588
-1.5191 0.0154795

-1.5191 0.0154798
-1.51899 0.015564

-1.51899 0.015564
-1.5188 0.0157114

-1.5188 0.0157108
-1.51859 0.0158691

-1.51859 0.0158691
-1.51849 0.0159424

-1.51849 0.0159421
-1.51819 0.0161728

-1.51819 0.0161743
-1.51819 0.0161756

-1.51819 0.0161729
-1.51819 0.0161743

-1.51819 0.0161743
-1.51788 0.0164034

-1.51788 0.0164037
-1.51778 0.0164795

-1.51778 0.0164795
-1.51758 0.0166335

-1.51758 0.0166329
-1.51738 0.0167847

-1.51738 0.0167847
-1.51727 0.0168625

-1.51727 0.0168625
-1.51697 0.0170898

-1.51697 0.0170898
-1.51697 0.0170931

-1.51697 0.0170916
-1.51666 0.0173204

-1.51666 0.0173208
-1.51656 0.017395

-1.51656 0.017395
-1.51636 0.0175491

-1.51636 0.0175486
-1.51615 0.0177002

-1.51616 0.0177002
-1.51605 0.0177769

-1.51605 0.0177769
-1.51575 0.0180047

-1.51575 0.0180054
-1.51575 0.0180067

-1.51575 0.0180048
-1.51575 0.0180054

-1.51575 0.0180054
-1.51544 0.0182326

-1.51544 0.018233
-1.51534 0.0183105

-1.51534 0.0183105
-1.51514 0.0184603

-1.51514 0.0184598
-1.51493 0.0186157

-1.51493 0.0186157
-1.51483 0.0186872

-1.51483 0.0186871
-1.51453 0.0189142

-1.51453 0.0189209
-1.51453 0.0189214

-1.51453 0.0189143
-1.51452 0.0189209

-1.51452 0.0189209
-1.51422 0.0191414

-1.51422 0.0191419
-1.51411 0.0192261

-1.51411 0.0192261
-1.51392 0.0193685

-1.51392 0.019368
-1.5137 0.0195312

-1.5137 0.0195312
-1.51361 0.0195949

-1.51361 0.0195946
-1.51331 0.0198212

-1.51331 0.0198213
-1.51329 0.0198364

-1.51329 0.0198364
-1.513 0.020048

-1.513 0.0200483
-1.51287 0.0201416

-1.51287 0.0201416
-1.5127 0.0202746

-1.5127 0.0202742
-1.51246 0.0204468

-1.51246 0.0204468
-1.51239 0.020501

-1.51239 0.0205006
-1.51208 0.0207269

-1.51208 0.020727
-1.51205 0.020752

-1.51205 0.020752
-1.51178 0.0209535

-1.51178 0.0209536
-1.51164 0.0210571

-1.51164 0.0210571
-1.51147 0.0211799

-1.51147 0.0211796
-1.51123 0.0213623

-1.51123 0.0213623
-1.51117 0.0214064

-1.51117 0.0214059
-1.51086 0.0216322

-1.51086 0.0216324
-1.51082 0.0216675

-1.51082 0.0216675
-1.51056 0.0218589

-1.51056 0.0218588
-1.5104 0.0219727

-1.51041 0.0219727
-1.51025 0.0220852

-1.51025 0.0220851
-1.50999 0.0222778

-1.51 0.0222778
-1.50995 0.0223121

-1.50995 0.0223115
-1.50964 0.0225381

-1.50964 0.0225383
-1.50958 0.022583

-1.50958 0.022583
-1.50934 0.0227649

-1.50934 0.0227647
-1.50917 0.0228882

-1.50917 0.0228882
-1.50903 0.0229914

-1.50903 0.0229914
-1.50876 0.0231934

-1.50876 0.0231934
-1.50873 0.0232189

-1.50873 0.0232182
-1.50842 0.0234451

-1.50842 0.0234453
-1.50835 0.0234985

-1.50835 0.0234985
-1.50812 0.0236723

-1.50812 0.0236721
-1.50794 0.0238037

-1.50794 0.0238037
-1.50781 0.0238991

-1.50781 0.0238993
-1.50753 0.0241089

-1.50753 0.0241089
-1.50751 0.0241273

-1.50751 0.0241265
-1.5072 0.024354

-1.5072 0.0243543
-1.50712 0.0244141

-1.50712 0.0244141
-1.5069 0.0245818

-1.5069 0.0245815
-1.50671 0.0247192

-1.50671 0.0247192
-1.50659 0.024809

-1.50659 0.0248093
-1.5063 0.0250244

-1.5063 0.0250244
-1.50629 0.0250379

-1.50629 0.0250371
-1.50598 0.0252652

-1.50598 0.0252656
-1.50589 0.0253296

-1.5059 0.0253296
-1.50568 0.0254937

-1.50568 0.0254934
-1.50549 0.0256348

-1.50549 0.0256348
-1.50537 0.0257215

-1.50537 0.0257219
-1.50508 0.0259399

-1.50508 0.0259399
-1.50507 0.0259513

-1.50507 0.0259505
-1.50476 0.0261794

-1.50476 0.0261798
-1.50467 0.0262451

-1.50467 0.0262451
-1.50446 0.0264086

-1.50446 0.0264084
-1.50427 0.0265503

-1.50427 0.0265503
-1.50415 0.0266372

-1.50415 0.0266376
-1.50386 0.0268555

-1.50386 0.0268555
-1.50385 0.0268678

-1.50385 0.026867
-1.50354 0.0270968

-1.50354 0.0270971
-1.50345 0.0271606

-1.50346 0.0271606
-1.50323 0.0273269

-1.50323 0.0273267
-1.50305 0.0274658

-1.50305 0.0274658
-1.50293 0.0275563

-1.50293 0.0275568
-1.50265 0.027771

-1.50265 0.027771
-1.50262 0.0277877

-1.50262 0.0277871
-1.50232 0.0280177

-1.50232 0.028018
-1.50224 0.0280762

-1.50224 0.0280762
-1.50201 0.0282487

-1.50201 0.0282486
-1.50184 0.0283813

-1.50184 0.0283813
-1.50171 0.0284792

-1.50171 0.0284796
-1.50144 0.0286865

-1.50144 0.0286865
-1.5014 0.0287114

-1.5014 0.0287109
-1.5011 0.0289425

-1.5011 0.0289427
-1.50103 0.0289917

-1.50103 0.0289917
-1.50079 0.0291745

-1.50079 0.0291746
-1.50063 0.0292969

-1.50063 0.0292969
-1.50049 0.0294061

-1.50049 0.0294065
-1.50023 0.0296021

-1.50023 0.0296021
-1.50018 0.0296391

-1.50018 0.0296387
-1.49988 0.0298713

-1.49988 0.0298714
-1.49983 0.0299072

-1.49983 0.0299072
-1.49957 0.0301044

-1.49957 0.0301048
-1.49943 0.0302124

-1.49943 0.0302124
-1.49927 0.0303373

-1.49927 0.0303374
-1.49903 0.0305176

-1.49903 0.0305176
-1.49896 0.0305709

-1.49896 0.0305707
-1.49866 0.0308043

-1.49866 0.0308044
-1.49863 0.0308228

-1.49863 0.0308228
-1.49835 0.0310384

-1.49835 0.031039
-1.49823 0.0311279

-1.49824 0.0311279
-1.49805 0.0312726

-1.49805 0.0312725
-1.49784 0.0314331

-1.49784 0.0314331
-1.49774 0.0315067

-1.49774 0.031507
-1.49744 0.0317383

-1.49744 0.0317383
-1.49744 0.0317423

-1.49744 0.0317417
-1.49713 0.0319767

-1.49713 0.031977
-1.49704 0.0320435

-1.49704 0.0320435
-1.49683 0.0322121

-1.49683 0.0322121
-1.49665 0.0323486

-1.49665 0.0323486
-1.49652 0.0324468

-1.49652 0.0324475
-1.49625 0.0326538

-1.49625 0.0326538
-1.49622 0.0326836

-1.49622 0.0326832
-1.49591 0.0329193

-1.49591 0.0329194
-1.49586 0.032959

-1.49586 0.032959
-1.49561 0.0331557

-1.49561 0.0331564
-1.49546 0.0332642

-1.49547 0.0332642
-1.4953 0.033392

-1.4953 0.0333923
-1.49507 0.0335693

-1.49507 0.0335693
-1.495 0.0336291

-1.495 0.0336291
-1.49469 0.0338661

-1.49469 0.0338662
-1.49468 0.0338745

-1.49468 0.0338745
-1.49438 0.0341036

-1.49438 0.034104
-1.49429 0.0341797

-1.49429 0.0341797
-1.49408 0.0343414

-1.49408 0.0343415
-1.4939 0.0344849

-1.4939 0.0344849
-1.49377 0.0345786

-1.49377 0.0345792
-1.4935 0.03479

-1.4935 0.03479
-1.49347 0.0348177

-1.49347 0.0348173
-1.49316 0.0350557

-1.49316 0.0350558
-1.49311 0.0350952

-1.49311 0.0350952
-1.49286 0.0352946

-1.49286 0.0352954
-1.49272 0.0354004

-1.49272 0.0354004
-1.49255 0.0355332

-1.49255 0.0355335
-1.49233 0.0357056

-1.49234 0.0357056
-1.49225 0.0357726

-1.49225 0.0357726
-1.49195 0.0360107

-1.49195 0.0360107
-1.49194 0.0360127

-1.49194 0.0360121
-1.49164 0.0362519

-1.49164 0.0362521
-1.49156 0.0363159

-1.49156 0.0363159
-1.49133 0.036492

-1.49133 0.0364924
-1.49117 0.0366211

-1.49117 0.0366211
-1.49103 0.0367313

-1.49103 0.0367321
-1.49078 0.0369263

-1.49078 0.0369263
-1.49072 0.0369727

-1.49072 0.0369725
-1.49042 0.0372132

-1.49042 0.0372133
-1.49039 0.0372314

-1.49039 0.0372314
-1.49011 0.0374543

-1.49011 0.0374547
-1.49001 0.0375366

-1.49001 0.0375366
-1.48981 0.0376956

-1.48981 0.0376958
-1.48962 0.0378418

-1.48962 0.0378418
-1.4895 0.0379365

-1.4895 0.037937
-1.48924 0.038147

-1.48924 0.038147
-1.4892 0.038179

-1.4892 0.0381787
-1.48889 0.0384206

-1.48889 0.0384207
-1.48885 0.0384521

-1.48885 0.0384521
-1.48859 0.0386629

-1.48859 0.0386635
-1.48847 0.0387573

-1.48847 0.0387573
-1.48828 0.0389052

-1.48828 0.0389056
-1.48808 0.0390625

-1.48808 0.0390625
-1.48798 0.0391476

-1.48798 0.039148
-1.4877 0.0393677

-1.4877 0.0393677
-1.48767 0.0393912

-1.48767 0.0393909
-1.48737 0.039634

-1.48737 0.0396341
-1.48732 0.0396729

-1.48732 0.0396729
-1.48706 0.0398775

-1.48706 0.0398782
-1.48693 0.039978

-1.48694 0.039978
-1.48676 0.0401208

-1.48676 0.0401212
-1.48655 0.0402832

-1.48655 0.0402832
-1.48645 0.0403646

-1.48645 0.0403649
-1.48617 0.0405884

-1.48617 0.0405884
-1.48615 0.0406093

-1.48615 0.0406089
-1.48584 0.0408532

-1.48584 0.0408533
-1.48579 0.0408936

-1.48579 0.0408936
-1.48553 0.0410978

-1.48553 0.0410984
-1.48541 0.0411987

-1.48541 0.0411987
-1.48523 0.0413421

-1.48523 0.0413427
-1.48503 0.0415039

-1.48503 0.0415039
-1.48492 0.0415871

-1.48492 0.0415874
-1.48465 0.0418091

-1.48465 0.0418091
-1.48462 0.0418329

-1.48462 0.0418325
-1.48431 0.0420779

-1.48431 0.042078
-1.48427 0.0421143

-1.48427 0.0421143
-1.48401 0.0423236

-1.48401 0.0423241
-1.48389 0.0424194

-1.48389 0.0424194
-1.4837 0.0425691

-1.4837 0.0425697
-1.48351 0.0427246

-1.48351 0.0427246
-1.4834 0.0428149

-1.4834 0.0428154
-1.48313 0.0430298

-1.48313 0.0430298
-1.48309 0.0430618

-1.48309 0.0430615
-1.48279 0.043308

-1.48279 0.043308
-1.48275 0.043335

-1.48275 0.043335
-1.48248 0.0435547

-1.48248 0.0435551
-1.48238 0.0436401

-1.48238 0.0436401
-1.48218 0.0438014

-1.48218 0.0438022
-1.482 0.0439453

-1.482 0.0439453
-1.48187 0.0440479

-1.48187 0.0440486
-1.48162 0.0442505

-1.48162 0.0442505
-1.48157 0.0442959

-1.48157 0.0442958
-1.48126 0.0445433

-1.48126 0.0445433
-1.48125 0.0445557

-1.48125 0.0445557
-1.48096 0.044791

-1.48096 0.0447912
-1.48087 0.0448608

-1.48087 0.0448608
-1.48065 0.0450389

-1.48065 0.0450399
-1.48049 0.045166

-1.4805 0.045166
-1.48035 0.045286

-1.48035 0.045287
-1.48012 0.0454712

-1.48012 0.0454712
-1.48004 0.0455351

-1.48004 0.0455352
-1.47975 0.0457764

-1.47975 0.0457764
-1.47974 0.0457841

-1.47974 0.0457837
-1.47943 0.0460324

-1.47943 0.0460324
-1.47937 0.0460815

-1.47937 0.0460815
-1.47913 0.0462813

-1.47913 0.046282
-1.479 0.0463867

-1.479 0.0463867
-1.47882 0.0465298

-1.47882 0.0465308
-1.47862 0.0466919

-1.47862 0.0466919
-1.47852 0.0467793

-1.47852 0.0467796
-1.47825 0.0469971

-1.47825 0.0469971
-1.47821 0.0470293

-1.47821 0.0470291
-1.47791 0.0472787

-1.47791 0.0472788
-1.47788 0.0473022

-1.47788 0.0473022
-1.4776 0.0475287

-1.4776 0.0475289
-1.4775 0.0476074

-1.4775 0.0476074
-1.47729 0.0477786

-1.47729 0.0477798
-1.47713 0.0479126

-1.47713 0.0479126
-1.47699 0.0480282

-1.47699 0.048029
-1.47676 0.0482178

-1.47676 0.0482178
-1.47668 0.0482794

-1.47668 0.0482794
-1.47639 0.0485229

-1.47639 0.0485229
-1.47638 0.0485304

-1.47638 0.04853
-1.47607 0.0487809

-1.47607 0.0487809
-1.47602 0.0488281

-1.47602 0.0488281
-1.47577 0.0490319

-1.47577 0.0490325
-1.47564 0.0491333

-1.47565 0.0491333
-1.47546 0.0492826

-1.47546 0.0492837
-1.47527 0.0494385

-1.47528 0.0494385
-1.47516 0.049534

-1.47516 0.0495345
-1.4749 0.0497437

-1.47491 0.0497437
-1.47485 0.0497862

-1.47485 0.049786
-1.47455 0.0500378

-1.47455 0.0500378
-1.47453 0.0500488

-1.47453 0.0500488
-1.47424 0.0502898

-1.47424 0.0502899
-1.47416 0.050354

-1.47417 0.050354
-1.47394 0.0505419

-1.47394 0.0505428
-1.4738 0.0506592

-1.4738 0.0506592
-1.47363 0.0507932

-1.47363 0.0507945
-1.47343 0.0509644

-1.47343 0.0509644
-1.47333 0.0510464

-1.47333 0.0510467
-1.47306 0.0512695

-1.47306 0.0512695
-1.47302 0.0512995

-1.47302 0.0512993
-1.47272 0.0515521

-1.47272 0.0515521
-1.47269 0.0515747

-1.47269 0.0515747
-1.47241 0.0518051

-1.47241 0.0518053
-1.47232 0.0518799

-1.47232 0.0518799
-1.47211 0.0520582

-1.47211 0.0520594
-1.47195 0.0521851

-1.47196 0.0521851
-1.4718 0.0523107

-1.4718 0.0523119
-1.47159 0.0524902

-1.47159 0.0524902
-1.4715 0.052565

-1.4715 0.0525651
-1.47122 0.0527954

-1.47122 0.0527954
-1.47119 0.052819

-1.47119 0.0528188
-1.47089 0.0530726

-1.47089 0.0530726
-1.47085 0.0531006

-1.47085 0.0531006
-1.47058 0.0533267

-1.47058 0.0533269
-1.47049 0.0534058

-1.47049 0.0534058
-1.47028 0.0535806

-1.47028 0.053582
-1.47012 0.0537109

-1.47012 0.0537109
-1.46997 0.0538342

-1.46997 0.0538353
-1.46975 0.0540161

-1.46975 0.0540161
-1.46967 0.0540894

-1.46967 0.0540896
-1.46939 0.0543213

-1.46939 0.0543213
-1.46936 0.0543444

-1.46936 0.0543442
-1.46906 0.0545989

-1.46906 0.0545989
-1.46902 0.0546265

-1.46902 0.0546265
-1.46875 0.0548539

-1.46875 0.0548541
-1.46866 0.0549316

-1.46866 0.0549316
-1.46844 0.0551088

-1.46844 0.0551101
-1.46829 0.0552368

-1.46829 0.0552368
-1.46814 0.0553633

-1.46814 0.0553645
-1.46793 0.055542

-1.46793 0.055542
-1.46783 0.0556193

-1.46783 0.0556195
-1.46756 0.0558472

-1.46756 0.0558472
-1.46753 0.0558752

-1.46753 0.055875
-1.46722 0.0561307

-1.46722 0.0561307
-1.4672 0.0561523

-1.4672 0.0561523
-1.46692 0.0563865

-1.46692 0.0563867
-1.46683 0.0564575

-1.46683 0.0564575
-1.46661 0.0566423

-1.46661 0.0566433
-1.46647 0.0567627

-1.46647 0.0567627
-1.46631 0.0568974

-1.46631 0.0568991
-1.46611 0.0570679

-1.46611 0.0570679
-1.466 0.0571544

-1.466 0.0571547
-1.46574 0.057373

-1.46574 0.057373
-1.4657 0.0574112

-1.4657 0.057411
-1.46539 0.0576675

-1.46539 0.0576675
-1.46538 0.0576782

-1.46538 0.0576782
-1.46509 0.0579242

-1.46509 0.0579242
-1.46502 0.0579834

-1.46502 0.0579834
-1.46478 0.0581809

-1.46478 0.0581815
-1.46465 0.0582886

-1.46466 0.0582886
-1.46448 0.0584369

-1.46448 0.0584387
-1.46429 0.0585938

-1.46429 0.0585938
-1.46417 0.0586943

-1.46417 0.0586948
-1.46393 0.0588989

-1.46393 0.0588989
-1.46387 0.0589519

-1.46387 0.0589519
-1.46357 0.0592041

-1.46357 0.0592041
-1.46356 0.0592094

-1.46356 0.0592092
-1.46326 0.0594666

-1.46326 0.0594666
-1.46321 0.0595093

-1.46321 0.0595093
-1.46295 0.0597241

-1.46295 0.0597245
-1.46284 0.0598145

-1.46285 0.0598145
-1.46265 0.0599813

-1.46265 0.059983
-1.46248 0.0601196

-1.46248 0.0601196
-1.46234 0.0602388

-1.46234 0.0602398
-1.46212 0.0604248

-1.46212 0.0604248
-1.46204 0.0604973

-1.46204 0.0604974
-1.46176 0.06073

-1.46176 0.06073
-1.46173 0.0607556

-1.46173 0.0607554
-1.46143 0.0610136

-1.46143 0.0610136
-1.4614 0.0610352

-1.4614 0.0610352
-1.46112 0.0612719

-1.46112 0.061272
-1.46104 0.0613403

-1.46104 0.0613403
-1.46082 0.0615301

-1.46082 0.061531
-1.46068 0.0616455

-1.46068 0.0616455
-1.46051 0.0617876

-1.46051 0.0617896
-1.46032 0.0619507

-1.46032 0.0619507
-1.46021 0.062047

-1.46021 0.0620474
-1.45996 0.0622559

-1.45996 0.0622559
-1.4599 0.0623062

-1.4599 0.0623061
-1.4596 0.062561

-1.4596 0.062561
-1.45959 0.0625653

-1.45959 0.062565
-1.45929 0.062824

-1.45929 0.062824
-1.45924 0.0628662

-1.45924 0.0628662
-1.45898 0.0630832

-1.45898 0.0630835
-1.45888 0.0631714

-1.45888 0.0631714
-1.45868 0.0633419

-1.45868 0.0633435
-1.45852 0.0634766

-1.45852 0.0634766
-1.45837 0.0636009

-1.45837 0.0636022
-1.45816 0.0637817

-1.45816 0.0637817
-1.45807 0.063861

-1.45807 0.0638612
-1.4578 0.0640869

-1.4578 0.0640869
-1.45776 0.0641209

-1.45776 0.0641208
-1.45746 0.0643805

-1.45746 0.0643805
-1.45744 0.0643921

-1.45744 0.0643921
-1.45715 0.0646404

-1.45715 0.0646405
-1.45709 0.0646973

-1.45709 0.0646973
-1.45685 0.0649004

-1.45685 0.0649009
-1.45673 0.0650024

-1.45673 0.0650024
-1.45654 0.0651596

-1.45654 0.0651618
-1.45637 0.0653076

-1.45637 0.0653076
-1.45624 0.06542

-1.45624 0.0654209
-1.45601 0.0656128

-1.45601 0.0656128
-1.45593 0.0656808

-1.45593 0.065681
-1.45565 0.065918

-1.45566 0.065918
-1.45563 0.0659415

-1.45563 0.0659414
-1.45532 0.0662019

-1.45532 0.0662019
-1.4553 0.0662231

-1.4553 0.0662231
-1.45502 0.0664626

-1.45502 0.0664627
-1.45494 0.0665283

-1.45494 0.0665283
-1.45471 0.0667233

-1.45471 0.0667241
-1.45458 0.0668335

-1.45458 0.0668335
-1.45441 0.0669832

-1.45441 0.0669856
-1.45423 0.0671387

-1.45423 0.0671387
-1.4541 0.0672449

-1.4541 0.0672456
-1.45387 0.0674438

-1.45387 0.0674438
-1.4538 0.0675065

-1.4538 0.0675065
-1.45351 0.067749

-1.45351 0.067749
-1.45349 0.067768

-1.45349 0.0677678
-1.45319 0.0680292

-1.45319 0.0680292
-1.45316 0.0680542

-1.45316 0.0680542
-1.45288 0.0682907

-1.45288 0.0682908
-1.4528 0.0683594

-1.4528 0.0683594
-1.45258 0.0685522

-1.45258 0.068553
-1.45244 0.0686646

-1.45245 0.0686646
-1.45227 0.0688129

-1.45227 0.0688153
-1.45209 0.0689697

-1.45209 0.0689697
-1.45197 0.0690755

-1.45197 0.0690761
-1.45173 0.0692749

-1.45173 0.0692749
-1.45166 0.0693379

-1.45166 0.0693379
-1.45138 0.0695801

-1.45138 0.0695801
-1.45135 0.0696002

-1.45135 0.0696
-1.45105 0.0698622

-1.45105 0.0698622
-1.45102 0.0698853

-1.45102 0.0698853
-1.45074 0.0701246

-1.45074 0.0701247
-1.45067 0.0701904

-1.45067 0.0701904
-1.45044 0.0703869

-1.45044 0.0703876
-1.45031 0.0704956

-1.45031 0.0704956
-1.45013 0.0706485

-1.45013 0.070651
-1.44996 0.0708008

-1.44996 0.0708008
-1.44983 0.0709118

-1.44983 0.0709126
-1.4496 0.071106

-1.4496 0.071106
-1.44952 0.071175

-1.44952 0.0711751
-1.44925 0.0714111

-1.44925 0.0714111
-1.44922 0.0714381

-1.44922 0.071438
-1.44891 0.071701

-1.44891 0.071701
-1.4489 0.0717163

-1.4489 0.0717163
-1.44861 0.0719642

-1.44861 0.0719642
-1.44854 0.0720215

-1.44854 0.0720215
-1.4483 0.0722274

-1.4483 0.0722279
-1.44819 0.0723267

-1.44819 0.0723267
-1.448 0.0724899

-1.448 0.0724919
-1.44783 0.0726318

-1.44784 0.0726318
-1.44769 0.0727536

-1.44769 0.0727548
-1.44748 0.072937

-1.44748 0.072937
-1.44739 0.0730176

-1.44739 0.0730179
-1.44713 0.0732422

-1.44713 0.0732422
-1.44708 0.0732816

-1.44708 0.0732815
-1.44678 0.0735453

-1.44678 0.0735453
-1.44678 0.0735474

-1.44678 0.0735474
-1.44647 0.0738093

-1.44647 0.0738093
-1.44642 0.0738525

-1.44642 0.0738525
-1.44617 0.0740733

-1.44617 0.0740736
-1.44607 0.0741577

-1.44607 0.0741577
-1.44586 0.0743369

-1.44586 0.0743383
-1.44572 0.0744629

-1.44572 0.0744629
-1.44556 0.0746008

-1.44556 0.0746028
-1.44536 0.0747681

-1.44537 0.0747681
-1.44525 0.0748657

-1.44525 0.0748662
-1.44501 0.0750732

-1.44501 0.0750732
-1.44495 0.0751305

-1.44495 0.0751306
-1.44466 0.0753784

-1.44466 0.0753784
-1.44464 0.0753953

-1.44464 0.0753951
-1.44434 0.0756598

-1.44434 0.0756598
-1.44431 0.0756836

-1.44431 0.0756836
-1.44403 0.0759247

-1.44403 0.0759247
-1.44396 0.0759888

-1.44396 0.0759888
-1.44373 0.0761894

-1.44373 0.0761901
-1.4436 0.0762939

-1.44361 0.0762939
-1.44342 0.0764535

-1.44342 0.0764558
-1.44325 0.0765991

-1.44325 0.0765991
-1.44312 0.0767191

-1.44312 0.0767203
-1.4429 0.0769043

-1.4429 0.0769043
-1.44281 0.0769848

-1.44281 0.076985
-1.44255 0.0772095

-1.44255 0.0772095
-1.4425 0.0772504

-1.4425 0.0772503
-1.4422 0.0775146

-1.4422 0.0775146
-1.4422 0.077516

-1.4422 0.0775158
-1.44189 0.0777814

-1.44189 0.0777814
-1.44185 0.0778198

-1.44185 0.0778198
-1.44159 0.0780471

-1.44159 0.0780472
-1.4415 0.078125

-1.4415 0.078125
-1.44128 0.0783124

-1.44128 0.0783135
-1.44115 0.0784302

-1.44115 0.0784302
-1.44098 0.0785776

-1.44098 0.07858
-1.4408 0.0787354

-1.4408 0.0787354
-1.44067 0.0788442

-1.44067 0.0788451
-1.44045 0.0790405

-1.44045 0.0790405
-1.44037 0.0791107

-1.44037 0.0791108
-1.4401 0.0793457

-1.4401 0.0793457
-1.44006 0.079377

-1.44006 0.079377
-1.43976 0.0796433

-1.43976 0.0796433
-1.43975 0.0796509

-1.43975 0.0796509
-1.43945 0.0799097

-1.43945 0.0799097
-1.4394 0.0799561

-1.4394 0.0799561
-1.43915 0.0801762

-1.43915 0.0801765
-1.43905 0.0802612

-1.43905 0.0802612
-1.43884 0.0804422

-1.43884 0.0804436
-1.4387 0.0805664

-1.4387 0.0805664
-1.43854 0.0807086

-1.43854 0.0807109
-1.43835 0.0808716

-1.43835 0.0808716
-1.43823 0.0809759

-1.43823 0.0809766
-1.438 0.0811768

-1.438 0.0811768
-1.43793 0.0812431

-1.43793 0.0812432
-1.43765 0.0814819

-1.43765 0.0814819
-1.43762 0.0815103

-1.43762 0.0815102
-1.43732 0.0817773

-1.43732 0.0817773
-1.43731 0.0817871

-1.43731 0.0817871
-1.43701 0.0820445

-1.43701 0.0820445
-1.43696 0.0820923

-1.43696 0.0820923
-1.43671 0.0823117

-1.43671 0.082312
-1.43661 0.0823975

-1.43661 0.0823975
-1.4364 0.0825784

-1.4364 0.0825799
-1.43626 0.0827026

-1.43626 0.0827026
-1.4361 0.0828456

-1.4361 0.082848
-1.43591 0.0830078

-1.43591 0.0830078
-1.43579 0.0831137

-1.43579 0.0831145
-1.43556 0.083313

-1.43556 0.083313
-1.43549 0.0833816

-1.43549 0.0833818
-1.43522 0.0836182

-1.43522 0.0836182
-1.43518 0.0836495

-1.43518 0.0836495
-1.43488 0.0839173

-1.43488 0.0839173
-1.43487 0.0839233

-1.43487 0.0839233
-1.43457 0.0841852

-1.43457 0.0841852
-1.43452 0.0842285

-1.43452 0.0842285
-1.43427 0.0844532

-1.43427 0.0844534
-1.43417 0.0845337

-1.43417 0.0845337
-1.43396 0.0847207

-1.43396 0.0847219
-1.43383 0.0848389

-1.43383 0.0848389
-1.43365 0.0849883

-1.43365 0.0849906
-1.43348 0.085144

-1.43348 0.085144
-1.43335 0.0852571

-1.43335 0.0852582
-1.43313 0.0854492

-1.43313 0.0854492
-1.43304 0.0855257

-1.43304 0.0855259
-1.43278 0.0857544

-1.43278 0.0857544
-1.43274 0.0857943

-1.43274 0.0857943
-1.43244 0.0860596

-1.43244 0.0860596
-1.43243 0.0860629

-1.43243 0.0860628
-1.43213 0.0863313

-1.43213 0.0863313
-1.43209 0.0863647

-1.43209 0.0863647
-1.43182 0.0866

-1.43182 0.0866
-1.43174 0.0866699

-1.43174 0.0866699
-1.43152 0.0868683

-1.43152 0.0868692
-1.4314 0.0869751

-1.4314 0.0869751
-1.43121 0.0871362

-1.43121 0.0871384
-1.43105 0.0872803

-1.43105 0.0872803
-1.43091 0.0874056

-1.43091 0.0874072
-1.4307 0.0875854

-1.43071 0.0875854
-1.4306 0.0876749

-1.4306 0.0876754
-1.43036 0.0878906

-1.43036 0.0878906
-1.4303 0.0879442

-1.4303 0.0879442
-1.43001 0.0881958

-1.43001 0.0881958
-1.42999 0.0882134

-1.42999 0.0882133
-1.42969 0.0884824

-1.42969 0.0884824
-1.42967 0.088501

-1.42967 0.088501
-1.42938 0.0887517

-1.42938 0.0887517
-1.42932 0.0888062

-1.42932 0.0888062
-1.42908 0.0890209

-1.42908 0.0890213
-1.42897 0.0891113

-1.42898 0.0891113
-1.42877 0.0892895

-1.42877 0.0892911
-1.42863 0.0894165

-1.42863 0.0894165
-1.42847 0.0895589

-1.42847 0.0895611
-1.42828 0.0897217

-1.42828 0.0897217
-1.42816 0.0898289

-1.42816 0.0898298
-1.42794 0.0900269

-1.42794 0.0900269
-1.42786 0.0900987

-1.42786 0.0900989
-1.42759 0.090332

-1.42759 0.090332
-1.42755 0.0903685

-1.42755 0.0903685
-1.42725 0.0906372

-1.42725 0.0906372
-1.42725 0.0906383

-1.42725 0.0906382
-1.42694 0.090908

-1.42694 0.090908
-1.4269 0.0909424

-1.4269 0.0909424
-1.42664 0.0911778

-1.42664 0.0911779
-1.42656 0.0912476

-1.42656 0.0912476
-1.42633 0.0914473

-1.42633 0.0914482
-1.42621 0.0915527

-1.42621 0.0915527
-1.42603 0.0917165

-1.42603 0.0917186
-1.42587 0.0918579

-1.42587 0.0918579
-1.42572 0.091987

-1.42572 0.0919889
-1.42552 0.0921631

-1.42552 0.0921631
-1.42542 0.0922575

-1.42542 0.0922581
-1.42518 0.0924683

-1.42518 0.0924683
-1.42511 0.0925279

-1.42511 0.092528
-1.42483 0.0927734

-1.42483 0.0927734
-1.4248 0.0927982

-1.4248 0.0927982
-1.4245 0.0930685

-1.4245 0.0930684
-1.42449 0.0930786

-1.42449 0.0930786
-1.42419 0.0933388

-1.42419 0.0933388
-1.42414 0.0933838

-1.42414 0.0933838
-1.42389 0.0936092

-1.42389 0.0936094
-1.4238 0.093689

-1.4238 0.093689
-1.42358 0.0938791

-1.42358 0.0938803
-1.42345 0.0939941

-1.42346 0.0939941
-1.42328 0.0941492

-1.42328 0.0941513
-1.42311 0.0942993

-1.42311 0.0942993
-1.42297 0.0944203

-1.42297 0.0944218
-1.42277 0.0946045

-1.42277 0.0946045
-1.42267 0.0946912

-1.42267 0.0946916
-1.42242 0.0949097

-1.42242 0.0949097
-1.42236 0.0949621

-1.42236 0.0949622
-1.42208 0.0952148

-1.42208 0.0952148
-1.42206 0.095233

-1.42206 0.095233
-1.42175 0.0955038

-1.42175 0.0955038
-1.42173 0.09552

-1.42173 0.09552
-1.42145 0.0957747

-1.42145 0.0957748
-1.42139 0.0958252

-1.42139 0.0958252
-1.42114 0.0960456

-1.42114 0.096046
-1.42105 0.0961304

-1.42105 0.0961304
-1.42084 0.096316

-1.42084 0.0963174
-1.4207 0.0964355

-1.4207 0.0964355
-1.42053 0.0965869

-1.42053 0.0965889
-1.42036 0.0967407

-1.42036 0.0967407
-1.42023 0.0968585

-1.42023 0.0968599
-1.42002 0.0970459

-1.42002 0.0970459
-1.41992 0.09713

-1.41992 0.0971304
-1.41967 0.0973511

-1.41967 0.0973511
-1.41962 0.0974015

-1.41962 0.0974015
-1.41933 0.0976562

-1.41933 0.0976562
-1.41931 0.0976729

-1.41931 0.0976729
-1.41901 0.0979443

-1.41901 0.0979443
-1.41899 0.0979614

-1.41899 0.0979614
-1.4187 0.0982158

-1.4187 0.0982158
-1.41864 0.0982666

-1.41864 0.0982666
-1.4184 0.0984873

-1.4184 0.0984876
-1.4183 0.0985718

-1.4183 0.0985718
-1.41809 0.0987582

-1.41809 0.0987596
-1.41796 0.098877

-1.41796 0.098877
-1.41779 0.0990297

-1.41779 0.0990317
-1.41761 0.0991821

-1.41762 0.0991821
-1.41748 0.0993019

-1.41748 0.0993033
-1.41727 0.0994873

-1.41727 0.0994873
-1.41718 0.0995739

-1.41718 0.0995744
-1.41693 0.0997925

-1.41693 0.0997925
-1.41687 0.099846

-1.41687 0.0998461
-1.41659 0.100098

-1.41659 0.100098
-1.41656 0.100118

-1.41656 0.100118
-1.41626 0.10039

-1.41626 0.10039
-1.41625 0.100403

-1.41625 0.100403
-1.41595 0.100662

-1.41595 0.100662
-1.4159 0.100708

-1.4159 0.100708
-1.41565 0.100934

-1.41565 0.100934
-1.41556 0.101013

-1.41556 0.101013
-1.41534 0.101206

-1.41534 0.101207
-1.41522 0.101318

-1.41522 0.101318
-1.41504 0.101478

-1.41504 0.10148
-1.41488 0.101624

-1.41488 0.101624
-1.41473 0.10175

-1.41473 0.101752
-1.41453 0.101929

-1.41453 0.101929
-1.41443 0.102023

-1.41443 0.102024
-1.41419 0.102234

-1.41419 0.102234
-1.41412 0.102296

-1.41412 0.102296
-1.41385 0.102539

-1.41385 0.102539
-1.41382 0.102568

-1.41382 0.102568
-1.41351 0.102841

-1.41351 0.102841
-1.41351 0.102844

-1.41351 0.102844
-1.41321 0.103113

-1.41321 0.103113
-1.41317 0.103149

-1.41317 0.103149
-1.4129 0.103386

-1.4129 0.103386
-1.41283 0.103455

-1.41283 0.103455
-1.4126 0.103658

-1.4126 0.103659
-1.41248 0.10376

-1.41249 0.10376
-1.41229 0.10393

-1.41229 0.103932
-1.41214 0.104065

-1.41214 0.104065
-1.41199 0.104204

-1.41199 0.104206
-1.4118 0.10437

-1.4118 0.10437
-1.41168 0.104477

-1.41168 0.104478
-1.41146 0.104675

-1.41146 0.104675
-1.41138 0.10475

-1.41138 0.10475
-1.41112 0.10498

-1.41112 0.10498
-1.41107 0.105023

-1.41107 0.105023
-1.41078 0.105286

-1.41078 0.105286
-1.41077 0.105297

-1.41077 0.105297
-1.41046 0.10557

-1.41046 0.10557
-1.41044 0.105591

-1.41044 0.105591
-1.41016 0.105843

-1.41016 0.105843
-1.4101 0.105896

-1.4101 0.105896
-1.40985 0.106116

-1.40985 0.106117
-1.40976 0.106201

-1.40976 0.106201
-1.40955 0.106389

-1.40955 0.10639
-1.40942 0.106506

-1.40942 0.106506
-1.40924 0.106662

-1.40924 0.106664
-1.40907 0.106812

-1.40908 0.106812
-1.40894 0.106936

-1.40894 0.106938
-1.40873 0.107117

-1.40873 0.107117
-1.40863 0.10721

-1.40863 0.10721
-1.40839 0.107422

-1.40839 0.107422
-1.40833 0.107484

-1.40833 0.107484
-1.40805 0.107727

-1.40805 0.107727
-1.40802 0.107757

-1.40802 0.107757
-1.40771 0.108031

-1.40771 0.108031
-1.40771 0.108032

-1.40771 0.108032
-1.40741 0.108305

-1.40741 0.108305
-1.40737 0.108337

-1.40737 0.108337
-1.4071 0.108579

-1.4071 0.108579
-1.40703 0.108643

-1.40703 0.108643
-1.4068 0.108852

-1.4068 0.108853
-1.40669 0.108948

-1.40669 0.108948
-1.40649 0.109125

-1.40649 0.109127
-1.40635 0.109253

-1.40635 0.109253
-1.40619 0.1094

-1.40619 0.109402
-1.40601 0.109558

-1.40601 0.109558
-1.40588 0.109674

-1.40588 0.109676
-1.40567 0.109863

-1.40567 0.109863
-1.40558 0.109949

-1.40558 0.109949
-1.40533 0.110168

-1.40533 0.110168
-1.40527 0.110223

-1.40527 0.110223
-1.40499 0.110474

-1.40499 0.110474
-1.40497 0.110497

-1.40497 0.110497
-1.40466 0.110772

-1.40466 0.110772
-1.40466 0.110779

-1.40466 0.110779
-1.40436 0.111046

-1.40436 0.111046
-1.40432 0.111084

-1.40432 0.111084
-1.40405 0.111321

-1.40405 0.111321
-1.40398 0.111389

-1.40398 0.111389
-1.40375 0.111595

-1.40375 0.111596
-1.40364 0.111694

-1.40364 0.111694
-1.40344 0.111868

-1.40344 0.11187
-1.4033 0.112

-1.4033 0.112
-1.40314 0.112144

-1.40314 0.112145
-1.40296 0.112305

-1.40296 0.112305
-1.40283 0.112419

-1.40283 0.11242
-1.40262 0.11261

-1.40262 0.11261
-1.40253 0.112694

-1.40253 0.112694
-1.40228 0.112915

-1.40228 0.112915
-1.40222 0.112969

-1.40222 0.112969
-1.40194 0.11322

-1.40194 0.11322
-1.40192 0.113244

-1.40192 0.113244
-1.40161 0.113518

-1.40161 0.113518
-1.4016 0.113525

-1.4016 0.113525
-1.40131 0.113793

-1.40131 0.113793
-1.40126 0.113831

-1.40126 0.113831
-1.401 0.114068

-1.401 0.114069
-1.40093 0.114136

-1.40093 0.114136
-1.4007 0.114343

-1.4007 0.114344
-1.40059 0.114441

-1.40059 0.114441
-1.40039 0.114618

-1.40039 0.114619
-1.40025 0.114746

-1.40025 0.114746
-1.40009 0.114893

-1.40009 0.114895
-1.39991 0.115051

-1.39991 0.115051
-1.39978 0.115169

-1.39978 0.11517
-1.39957 0.115356

-1.39957 0.115356
-1.39948 0.115444

-1.39948 0.115445
-1.39923 0.115662

-1.39923 0.115662
-1.39917 0.11572

-1.39917 0.11572
-1.3989 0.115967

-1.3989 0.115967
-1.39886 0.115996

-1.39886 0.115996
-1.39856 0.116271

-1.39856 0.116271
-1.39856 0.116272

-1.39856 0.116272
-1.39825 0.116547

-1.39825 0.116547
-1.39822 0.116577

-1.39822 0.116577
-1.39795 0.116822

-1.39795 0.116822
-1.39788 0.116882

-1.39788 0.116882
-1.39764 0.117098

-1.39764 0.117098
-1.39754 0.117188

-1.39755 0.117188
-1.39734 0.117373

-1.39734 0.117374
-1.39721 0.117493

-1.39721 0.117493
-1.39703 0.117649

-1.39703 0.117651
-1.39687 0.117798

-1.39687 0.117798
-1.39673 0.117925

-1.39673 0.117927
-1.39653 0.118103

-1.39653 0.118103
-1.39642 0.118201

-1.39642 0.118202
-1.39619 0.118408

-1.39619 0.118408
-1.39612 0.118477

-1.39612 0.118478
-1.39586 0.118713

-1.39586 0.118713
-1.39581 0.118754

-1.39581 0.118754
-1.39552 0.119019

-1.39552 0.119019
-1.39551 0.11903

-1.39551 0.11903
-1.3952 0.119306

-1.3952 0.119306
-1.39518 0.119324

-1.39518 0.119324
-1.3949 0.119582

-1.3949 0.119582
-1.39485 0.119629

-1.39485 0.119629
-1.39459 0.119859

-1.39459 0.119859
-1.39451 0.119934

-1.39451 0.119934
-1.39429 0.120134

-1.39429 0.120135
-1.39417 0.120239

-1.39417 0.120239
-1.39398 0.12041

-1.39398 0.120412
-1.39383 0.120544

-1.39384 0.120544
-1.39368 0.120687

-1.39368 0.120689
-1.3935 0.12085

-1.3935 0.12085
-1.39337 0.120964

-1.39337 0.120966
-1.39316 0.121155

-1.39316 0.121155
-1.39307 0.121241

-1.39307 0.121242
-1.39282 0.12146

-1.39283 0.12146
-1.39276 0.121518

-1.39276 0.121518
-1.39249 0.121765

-1.39249 0.121765
-1.39246 0.121795

-1.39246 0.121795
-1.39215 0.12207

-1.39215 0.12207
-1.39215 0.122072

-1.39215 0.122072
-1.39185 0.122348

-1.39185 0.122348
-1.39182 0.122375

-1.39182 0.122375
-1.39154 0.122625

-1.39154 0.122625
-1.39148 0.122681

-1.39148 0.122681
-1.39124 0.122902

-1.39124 0.122903
-1.39114 0.122986

-1.39114 0.122986
-1.39093 0.123179

-1.39093 0.12318
-1.39081 0.123291

-1.39081 0.123291
-1.39062 0.123456

-1.39062 0.123457
-1.39047 0.123596

-1.39047 0.123596
-1.39032 0.123733

-1.39032 0.123735
-1.39013 0.123901

-1.39014 0.123901
-1.39001 0.124011

-1.39001 0.124012
-1.3898 0.124207

-1.3898 0.124207
-1.38971 0.124288

-1.38971 0.124289
-1.38946 0.124512

-1.38946 0.124512
-1.3894 0.124566

-1.3894 0.124566
-1.38913 0.124817

-1.38913 0.124817
-1.3891 0.124843

-1.3891 0.124843
-1.38879 0.125121

-1.38879 0.125121
-1.38879 0.125122

-1.38879 0.125122
-1.38849 0.125398

-1.38849 0.125398
-1.38846 0.125427

-1.38846 0.125427
-1.38818 0.125676

-1.38818 0.125676
-1.38812 0.125732

-1.38812 0.125732
-1.38788 0.125953

-1.38788 0.125954
-1.38779 0.126038

-1.38779 0.126038
-1.38757 0.12623

-1.38757 0.126232
-1.38745 0.126343

-1.38745 0.126343
-1.38727 0.126508

-1.38727 0.126509
-1.38711 0.126648

-1.38712 0.126648
-1.38696 0.126786

-1.38696 0.126788
-1.38678 0.126953

-1.38678 0.126953
-1.38666 0.127064

-1.38666 0.127066
-1.38644 0.127258

-1.38644 0.127258
-1.38635 0.127342

-1.38635 0.127343
-1.38611 0.127563

-1.38611 0.127563
-1.38605 0.12762

-1.38605 0.12762
-1.38577 0.127869

-1.38577 0.127869
-1.38574 0.127898

-1.38574 0.127898
-1.38544 0.128174

-1.38544 0.128174
-1.38544 0.128176

-1.38544 0.128176
-1.38513 0.128455

-1.38513 0.128455
-1.38511 0.128479

-1.38511 0.128479
-1.38483 0.128733

-1.38483 0.128733
-1.38477 0.128784

-1.38477 0.128784
-1.38452 0.129011

-1.38452 0.129011
-1.38444 0.129089

-1.38444 0.129089
-1.38422 0.129289

-1.38422 0.12929
-1.3841 0.129395

-1.3841 0.129395
-1.38391 0.129567

-1.38391 0.129568
-1.38377 0.1297

-1.38377 0.1297
-1.38361 0.129845

-1.38361 0.129847
-1.38343 0.130005

-1.38343 0.130005
-1.3833 0.130124

-1.3833 0.130126
-1.3831 0.13031

-1.3831 0.13031
-1.383 0.130403

-1.383 0.130404
-1.38276 0.130615

-1.38276 0.130615
-1.38269 0.130682

-1.38269 0.130682
-1.38243 0.13092

-1.38243 0.13092
-1.38239 0.13096

-1.38239 0.13096
-1.38209 0.131226

-1.38209 0.131226
-1.38208 0.131239

-1.38208 0.131239
-1.38177 0.131518

-1.38177 0.131518
-1.38176 0.131531

-1.38176 0.131531
-1.38147 0.131797

-1.38147 0.131797
-1.38143 0.131836

-1.38143 0.131836
-1.38116 0.132076

-1.38116 0.132076
-1.38109 0.132141

-1.38109 0.132141
-1.38086 0.132354

-1.38086 0.132355
-1.38076 0.132446

-1.38076 0.132446
-1.38055 0.132632

-1.38055 0.132634
-1.38043 0.132751

-1.38043 0.132751
-1.38025 0.132912

-1.38025 0.132913
-1.38009 0.133057

-1.38009 0.133057
-1.37994 0.133191

-1.37994 0.133193
-1.37976 0.133362

-1.37976 0.133362
-1.37964 0.133471

-1.37964 0.133472
-1.37942 0.133667

-1.37942 0.133667
-1.37933 0.13375

-1.37933 0.133751
-1.37909 0.133972

-1.37909 0.133972
-1.37903 0.13403

-1.37903 0.13403
-1.37876 0.134277

-1.37876 0.134277
-1.37872 0.134309

-1.37872 0.134309
-1.37842 0.134583

-1.37842 0.134583
-1.37842 0.134588

-1.37842 0.134588
-1.37811 0.134868

-1.37811 0.134868
-1.37809 0.134888

-1.37809 0.134888
-1.37781 0.135148

-1.37781 0.135148
-1.37776 0.135193

-1.37776 0.135193
-1.3775 0.135427

-1.3775 0.135427
-1.37743 0.135498

-1.37743 0.135498
-1.3772 0.135706

-1.3772 0.135707
-1.37709 0.135803

-1.37709 0.135803
-1.37689 0.135985

-1.37689 0.135987
-1.37676 0.136108

-1.37676 0.136108
-1.37659 0.136266

-1.37659 0.136267
-1.37643 0.136414

-1.37643 0.136414
-1.37628 0.136546

-1.37628 0.136547
-1.37609 0.136719

-1.37609 0.136719
-1.37598 0.136826

-1.37598 0.136827
-1.37576 0.137024

-1.37576 0.137024
-1.37567 0.137106

-1.37567 0.137107
-1.37543 0.137329

-1.37543 0.137329
-1.37537 0.137386

-1.37537 0.137386
-1.3751 0.137634

-1.3751 0.137634
-1.37506 0.137666

-1.37506 0.137666
-1.37476 0.137939

-1.37476 0.137939
-1.37476 0.137947

-1.37476 0.137947
-1.37445 0.138227

-1.37445 0.138227
-1.37443 0.138245

-1.37443 0.138245
-1.37415 0.138507

-1.37415 0.138507
-1.3741 0.13855

-1.3741 0.13855
-1.37384 0.138787

-1.37384 0.138787
-1.37377 0.138855

-1.37377 0.138855
-1.37354 0.139067

-1.37354 0.139068
-1.37343 0.13916

-1.37344 0.13916
-1.37323 0.139347

-1.37323 0.139349
-1.3731 0.139465

-1.3731 0.139465
-1.37292 0.139628

-1.37292 0.139629
-1.37277 0.139771

-1.37277 0.139771
-1.37262 0.139909

-1.37262 0.13991
-1.37244 0.140076

-1.37244 0.140076
-1.37231 0.14019

-1.37231 0.140191
-1.37211 0.140381

-1.37211 0.140381
-1.37201 0.14047

-1.37201 0.140471
-1.37177 0.140686

-1.37178 0.140686
-1.3717 0.140751

-1.3717 0.140751
-1.37144 0.140991

-1.37144 0.140991
-1.3714 0.141032

-1.3714 0.141032
-1.37111 0.141296

-1.37111 0.141296
-1.37109 0.141313

-1.37109 0.141313
-1.37079 0.141594

-1.37079 0.141594
-1.37078 0.141602

-1.37078 0.141602
-1.37048 0.141875

-1.37048 0.141875
-1.37045 0.141907

-1.37045 0.141907
-1.37018 0.142156

-1.37018 0.142156
-1.37012 0.142212

-1.37012 0.142212
-1.36987 0.142437

-1.36987 0.142437
-1.36979 0.142517

-1.36979 0.142517
-1.36957 0.142717

-1.36957 0.142718
-1.36945 0.142822

-1.36946 0.142822
-1.36926 0.142998

-1.36926 0.143
-1.36912 0.143127

-1.36912 0.143127
-1.36896 0.14328

-1.36896 0.143281
-1.36879 0.143433

-1.36879 0.143433
-1.36865 0.143561

-1.36865 0.143563
-1.36846 0.143738

-1.36846 0.143738
-1.36835 0.143843

-1.36835 0.143844
-1.36813 0.144043

-1.36813 0.144043
-1.36804 0.144124

-1.36804 0.144125
-1.3678 0.144348

-1.3678 0.144348
-1.36774 0.144406

-1.36774 0.144406
-1.36747 0.144653

-1.36747 0.144653
-1.36743 0.144688

-1.36743 0.144688
-1.36714 0.144958

-1.36714 0.144958
-1.36713 0.144969

-1.36713 0.144969
-1.36682 0.145251

-1.36682 0.145251
-1.36681 0.145264

-1.36681 0.145264
-1.36652 0.145533

-1.36652 0.145533
-1.36648 0.145569

-1.36648 0.145569
-1.36621 0.145815

-1.36621 0.145815
-1.36615 0.145874

-1.36615 0.145874
-1.36591 0.146096

-1.36591 0.146097
-1.36582 0.146179

-1.36582 0.146179
-1.3656 0.146377

-1.3656 0.146379
-1.36549 0.146484

-1.36549 0.146484
-1.3653 0.14666

-1.3653 0.146661
-1.36516 0.14679

-1.36516 0.14679
-1.36499 0.146942

-1.36499 0.146943
-1.36483 0.147095

-1.36483 0.147095
-1.36469 0.147224

-1.36469 0.147226
-1.36449 0.1474

-1.3645 0.1474
-1.36438 0.147507

-1.36438 0.147508
-1.36416 0.147705

-1.36417 0.147705
-1.36407 0.147789

-1.36407 0.14779
-1.36384 0.14801

-1.36384 0.14801
-1.36377 0.148072

-1.36377 0.148072
-1.36351 0.148315

-1.36351 0.148315
-1.36346 0.148354

-1.36346 0.148354
-1.36318 0.148621

-1.36318 0.148621
-1.36316 0.148637

-1.36316 0.148637
-1.36285 0.148919

-1.36285 0.148919
-1.36285 0.148926

-1.36285 0.148926
-1.36255 0.149202

-1.36255 0.149202
-1.36252 0.149231

-1.36252 0.149231
-1.36224 0.149485

-1.36224 0.149485
-1.36219 0.149536

-1.36219 0.149536
-1.36194 0.149767

-1.36194 0.149768
-1.36186 0.149841

-1.36186 0.149841
-1.36163 0.15005

-1.36163 0.150051
-1.36153 0.150146

-1.36153 0.150146
-1.36133 0.150333

-1.36133 0.150334
-1.3612 0.150452

-1.3612 0.150452
-1.36102 0.150616

-1.36102 0.150617
-1.36087 0.150757

-1.36087 0.150757
-1.36072 0.150899

-1.36072 0.150901
-1.36054 0.151062

-1.36054 0.151062
-1.36041 0.151183

-1.36041 0.151184
-1.36021 0.151367

-1.36021 0.151367
-1.36011 0.151466

-1.36011 0.151467
-1.35988 0.151672

-1.35989 0.151672
-1.3598 0.151749

-1.3598 0.15175
-1.35956 0.151978

-1.35956 0.151978
-1.3595 0.152033

-1.3595 0.152033
-1.35923 0.152283

-1.35923 0.152283
-1.35919 0.152316

-1.35919 0.152316
-1.3589 0.152588

-1.3589 0.152588
-1.35889 0.1526

-1.35889 0.1526
-1.35858 0.152884

-1.35858 0.152884
-1.35857 0.152893

-1.35857 0.152893
-1.35828 0.153167

-1.35828 0.153167
-1.35824 0.153198

-1.35824 0.153198
-1.35797 0.153451

-1.35797 0.153451
-1.35791 0.153503

-1.35792 0.153503
-1.35767 0.153734

-1.35767 0.153735
-1.35759 0.153809

-1.35759 0.153809
-1.35736 0.154018

-1.35736 0.154019
-1.35726 0.154114

-1.35726 0.154114
-1.35706 0.154301

-1.35706 0.154303
-1.35693 0.154419

-1.35693 0.154419
-1.35675 0.154586

-1.35675 0.154587
-1.3566 0.154724

-1.3566 0.154724
-1.35645 0.15487

-1.35645 0.154871
-1.35627 0.155029

-1.35627 0.155029
-1.35614 0.155154

-1.35614 0.155156
-1.35595 0.155334

-1.35595 0.155334
-1.35583 0.155438

-1.35583 0.15544
-1.35562 0.15564

-1.35562 0.15564
-1.35553 0.155723

-1.35553 0.155724
-1.35529 0.155945

-1.35529 0.155945
-1.35522 0.156007

-1.35522 0.156007
-1.35496 0.15625

-1.35496 0.15625
-1.35492 0.156291

-1.35492 0.156291
-1.35464 0.156555

-1.35464 0.156555
-1.35461 0.156576

-1.35461 0.156576
-1.35431 0.15686

-1.35431 0.15686
-1.354 0.157145

-1.354 0.157145
-1.35398 0.157166

-1.35398 0.157166
-1.3537 0.157429

-1.3537 0.157429
-1.35365 0.157471

-1.35365 0.157471
-1.35339 0.157714

-1.35339 0.157714
-1.35333 0.157776

-1.35333 0.157776
-1.35309 0.157998

-1.35309 0.157999
-1.353 0.158081

-1.353 0.158081
-1.35278 0.158282

-1.35278 0.158284
-1.35267 0.158386

-1.35267 0.158386
-1.35248 0.158567

-1.35248 0.158568
-1.35235 0.158691

-1.35235 0.158691
-1.35217 0.158852

-1.35217 0.158853
-1.35202 0.158997

-1.35202 0.158997
-1.35187 0.159137

-1.35187 0.159138
-1.35169 0.159302

-1.35169 0.159302
-1.35156 0.159422

-1.35156 0.159423
-1.35136 0.159607

-1.35137 0.159607
-1.35126 0.159707

-1.35126 0.159709
-1.35104 0.159912

-1.35104 0.159912
-1.35095 0.159992

-1.35095 0.159993
-1.35071 0.160217

-1.35071 0.160217
-1.35065 0.160277

-1.35065 0.160278
-1.35038 0.160522

-1.35038 0.160522
-1.35034 0.160563

-1.35034 0.160563
-1.35006 0.160828

-1.35006 0.160828
-1.35004 0.160848

-1.35004 0.160848
-1.34973 0.161133

-1.34973 0.161133
-1.34943 0.161418

-1.34943 0.161418
-1.34941 0.161438

-1.34941 0.161438
-1.34912 0.161704

-1.34912 0.161704
-1.34908 0.161743

-1.34908 0.161743
-1.34882 0.161989

-1.34882 0.161989
-1.34875 0.162048

-1.34875 0.162048
-1.34851 0.162274

-1.34851 0.162274
-1.34843 0.162354

-1.34843 0.162354
-1.34821 0.162559

-1.34821 0.16256
-1.3481 0.162659

-1.3481 0.162659
-1.3479 0.162844

-1.3479 0.162846
-1.34777 0.162964

-1.34777 0.162964
-1.3476 0.16313

-1.3476 0.163131
-1.34745 0.163269

-1.34745 0.163269
-1.34729 0.163416

-1.34729 0.163417
-1.34712 0.163574

-1.34712 0.163574
-1.34698 0.163702

-1.34698 0.163703
-1.34679 0.163879

-1.3468 0.163879
-1.34668 0.163987

-1.34668 0.163989
-1.34647 0.164185

-1.34647 0.164185
-1.34637 0.164273

-1.34637 0.164274
-1.34614 0.16449

-1.34614 0.16449
-1.34607 0.164559

-1.34607 0.16456
-1.34582 0.164795

-1.34582 0.164795
-1.34576 0.164845

-1.34576 0.164845
-1.34549 0.1651

-1.34549 0.1651
-1.34546 0.165131

-1.34546 0.165131
-1.34517 0.165405

-1.34517 0.165405
-1.34515 0.165417

-1.34515 0.165417
-1.34485 0.165703

-1.34485 0.165703
-1.34484 0.16571

-1.34484 0.16571
-1.34454 0.165989

-1.34454 0.165989
-1.34451 0.166016

-1.34451 0.166016
-1.34424 0.166275

-1.34424 0.166275
-1.34419 0.166321

-1.34419 0.166321
-1.34393 0.166561

-1.34393 0.166561
-1.34386 0.166626

-1.34386 0.166626
-1.34363 0.166846

-1.34363 0.166847
-1.34354 0.166931

-1.34354 0.166931
-1.34332 0.167132

-1.34332 0.167134
-1.34321 0.167236

-1.34321 0.167236
-1.34302 0.167419

-1.34302 0.16742
-1.34289 0.167542

-1.34289 0.167542
-1.34271 0.167705

-1.34271 0.167706
-1.34256 0.167847

-1.34256 0.167847
-1.34241 0.167992

-1.34241 0.167993
-1.34224 0.168152

-1.34224 0.168152
-1.3421 0.168278

-1.3421 0.16828
-1.34191 0.168457

-1.34191 0.168457
-1.3418 0.168565

-1.3418 0.168566
-1.34159 0.168762

-1.34159 0.168762
-1.34149 0.168852

-1.34149 0.168853
-1.34126 0.169067

-1.34126 0.169067
-1.34119 0.169138

-1.34119 0.169139
-1.34094 0.169373

-1.34094 0.169373
-1.34088 0.169425

-1.34088 0.169425
-1.34061 0.169678

-1.34061 0.169678
-1.34058 0.169712

-1.34058 0.169712
-1.34029 0.169983

-1.34029 0.169983
-1.34027 0.169998

-1.34027 0.169998
-1.33997 0.170285

-1.33997 0.170285
-1.33996 0.170288

-1.33996 0.170288
-1.33966 0.170572

-1.33966 0.170572
-1.33964 0.170593

-1.33964 0.170593
-1.33936 0.170859

-1.33936 0.170859
-1.33931 0.170898

-1.33931 0.170898
-1.33905 0.171146

-1.33905 0.171146
-1.33899 0.171204

-1.33899 0.171204
-1.33875 0.171432

-1.33875 0.171433
-1.33866 0.171509

-1.33867 0.171509
-1.33844 0.171719

-1.33844 0.17172
-1.33834 0.171814

-1.33834 0.171814
-1.33813 0.172006

-1.33813 0.172007
-1.33802 0.172119

-1.33802 0.172119
-1.33783 0.172293

-1.33783 0.172294
-1.33769 0.172424

-1.33769 0.172424
-1.33752 0.17258

-1.33752 0.172582
-1.33737 0.172729

-1.33737 0.172729
-1.33722 0.172868

-1.33722 0.172869
-1.33704 0.173035

-1.33704 0.173035
-1.33691 0.173155

-1.33691 0.173156
-1.33672 0.17334

-1.33672 0.17334
-1.33661 0.173443

-1.33661 0.173444
-1.33639 0.173645

-1.33639 0.173645
-1.3363 0.17373

-1.3363 0.173731
-1.33607 0.17395

-1.33607 0.17395
-1.336 0.174017

-1.336 0.174018
-1.33575 0.174255

-1.33575 0.174255
-1.33569 0.174305

-1.33569 0.174305
-1.33542 0.174561

-1.33542 0.174561
-1.33539 0.174592

-1.33539 0.174592
-1.3351 0.174866

-1.3351 0.174866
-1.33508 0.17488

-1.33508 0.17488
-1.33478 0.175168

-1.33478 0.175168
-1.33477 0.175171

-1.33477 0.175171
-1.33447 0.175455

-1.33447 0.175455
-1.33445 0.175476

-1.33445 0.175476
-1.33417 0.175743

-1.33417 0.175743
-1.33413 0.175781

-1.33413 0.175781
-1.33386 0.17603

-1.33386 0.176031
-1.3338 0.176086

-1.3338 0.176086
-1.33356 0.176318

-1.33356 0.176318
-1.33348 0.176392

-1.33348 0.176392
-1.33325 0.176605

-1.33325 0.176606
-1.33316 0.176697

-1.33316 0.176697
-1.33295 0.176893

-1.33295 0.176894
-1.33283 0.177002

-1.33283 0.177002
-1.33264 0.177181

-1.33264 0.177182
-1.33251 0.177307

-1.33251 0.177307
-1.33234 0.177469

-1.33234 0.17747
-1.33218 0.177612

-1.33219 0.177612
-1.33203 0.177757

-1.33203 0.177758
-1.33186 0.177917

-1.33186 0.177917
-1.33173 0.178045

-1.33173 0.178046
-1.33154 0.178223

-1.33154 0.178223
-1.33142 0.178333

-1.33142 0.178334
-1.33121 0.178528

-1.33121 0.178528
-1.33112 0.178621

-1.33112 0.178623
-1.33089 0.178833

-1.33089 0.178833
-1.33081 0.178909

-1.33081 0.17891
-1.33057 0.179138

-1.33057 0.179138
-1.33051 0.179198

-1.33051 0.179198
-1.33025 0.179443

-1.33025 0.179443
-1.3302 0.179486

-1.3302 0.179486
-1.32992 0.179749

-1.32992 0.179749
-1.3299 0.179774

-1.3299 0.179774
-1.3296 0.180054

-1.3296 0.180054
-1.32959 0.180062

-1.32959 0.180062
-1.32928 0.180351

-1.32928 0.180351
-1.32928 0.180359

-1.32928 0.180359
-1.32898 0.180639

-1.32898 0.180639
-1.32895 0.180664

-1.32895 0.180664
-1.32867 0.180927

-1.32867 0.180927
-1.32863 0.180969

-1.32863 0.180969
-1.32837 0.181216

-1.32837 0.181216
-1.32831 0.181274

-1.32831 0.181274
-1.32806 0.181504

-1.32806 0.181505
-1.32798 0.18158

-1.32799 0.18158
-1.32776 0.181792

-1.32776 0.181793
-1.32766 0.181885

-1.32766 0.181885
-1.32745 0.182081

-1.32745 0.182082
-1.32734 0.18219

-1.32734 0.18219
-1.32715 0.182369

-1.32715 0.182371
-1.32702 0.182495

-1.32702 0.182495
-1.32684 0.182658

-1.32684 0.182659
-1.32669 0.1828

-1.32669 0.1828
-1.32654 0.182947

-1.32654 0.182948
-1.32637 0.183105

-1.32637 0.183105
-1.32623 0.183236

-1.32623 0.183237
-1.32605 0.183411

-1.32605 0.183411
-1.32593 0.183525

-1.32593 0.183526
-1.32573 0.183716

-1.32573 0.183716
-1.32562 0.183814

-1.32562 0.183815
-1.3254 0.184021

-1.3254 0.184021
-1.32532 0.184103

-1.32532 0.184104
-1.32508 0.184326

-1.32508 0.184326
-1.32501 0.184392

-1.32501 0.184392
-1.32476 0.184631

-1.32476 0.184631
-1.32471 0.184681

-1.32471 0.184681
-1.32444 0.184937

-1.32444 0.184937
-1.3244 0.18497

-1.3244 0.18497
-1.32411 0.185242

-1.32411 0.185242
-1.3241 0.185259

-1.3241 0.185259
-1.32379 0.185547

-1.32379 0.185547
-1.32379 0.185548

-1.32379 0.185548
-1.32349 0.185837

-1.32349 0.185837
-1.32347 0.185852

-1.32347 0.185852
-1.32318 0.186126

-1.32318 0.186126
-1.32315 0.186157

-1.32315 0.186157
-1.32288 0.186415

-1.32288 0.186415
-1.32283 0.186462

-1.32283 0.186462
-1.32257 0.186704

-1.32257 0.186705
-1.3225 0.186768

-1.32251 0.186768
-1.32227 0.186993

-1.32227 0.186994
-1.32218 0.187073

-1.32218 0.187073
-1.32196 0.187282

-1.32196 0.187283
-1.32186 0.187378

-1.32186 0.187378
-1.32166 0.187572

-1.32166 0.187573
-1.32154 0.187683

-1.32154 0.187683
-1.32135 0.187861

-1.32135 0.187862
-1.32122 0.187988

-1.32122 0.187988
-1.32104 0.188151

-1.32104 0.188152
-1.32089 0.188293

-1.3209 0.188293
-1.32074 0.18844

-1.32074 0.188441
-1.32057 0.188599

-1.32057 0.188599
-1.32043 0.18873

-1.32043 0.188731
-1.32025 0.188904

-1.32025 0.188904
-1.32013 0.189019

-1.32013 0.18902
-1.31993 0.189209

-1.31993 0.189209
-1.31982 0.189309

-1.31982 0.18931
-1.31961 0.189514

-1.31961 0.189514
-1.31952 0.189598

-1.31952 0.189599
-1.31929 0.189819

-1.31929 0.189819
-1.31921 0.189888

-1.31921 0.189889
-1.31896 0.190125

-1.31896 0.190125
-1.31891 0.190178

-1.31891 0.190178
-1.31864 0.19043

-1.31864 0.19043
-1.3186 0.190467

-1.3186 0.190467
-1.31832 0.190735

-1.31832 0.190735
-1.3183 0.190757

-1.3183 0.190757
-1.318 0.19104

-1.318 0.19104
-1.31799 0.191047

-1.31799 0.191047
-1.31769 0.191336

-1.31769 0.191336
-1.31768 0.191345

-1.31768 0.191345
-1.31738 0.191626

-1.31738 0.191626
-1.31736 0.19165

-1.31736 0.19165
-1.31708 0.191916

-1.31708 0.191916
-1.31704 0.191956

-1.31704 0.191956
-1.31677 0.192205

-1.31677 0.192206
-1.31671 0.192261

-1.31671 0.192261
-1.31647 0.192495

-1.31647 0.192495
-1.31639 0.192566

-1.31639 0.192566
-1.31616 0.192784

-1.31616 0.192785
-1.31607 0.192871

-1.31607 0.192871
-1.31586 0.193074

-1.31586 0.193075
-1.31575 0.193176

-1.31575 0.193176
-1.31555 0.193364

-1.31555 0.193365
-1.31543 0.193481

-1.31543 0.193481
-1.31525 0.193654

-1.31525 0.193655
-1.31511 0.193787

-1.31511 0.193787
-1.31494 0.193944

-1.31494 0.193945
-1.31479 0.194092

-1.31479 0.194092
-1.31464 0.194234

-1.31464 0.194235
-1.31446 0.194397

-1.31447 0.194397
-1.31433 0.194524

-1.31433 0.194525
-1.31414 0.194702

-1.31414 0.194702
-1.31403 0.194814

-1.31403 0.194815
-1.31382 0.195007

-1.31382 0.195007
-1.31372 0.195104

-1.31372 0.195105
-1.3135 0.195312

-1.3135 0.195312
-1.31342 0.195394

-1.31342 0.195395
-1.31318 0.195618

-1.31318 0.195618
-1.31311 0.195684

-1.31311 0.195685
-1.31286 0.195923

-1.31286 0.195923
-1.31281 0.195974

-1.31281 0.195974
-1.31254 0.196228

-1.31254 0.196228
-1.3125 0.196264

-1.3125 0.196264
-1.31222 0.196533

-1.31222 0.196533
-1.31219 0.196554

-1.31219 0.196554
-1.3119 0.196838

-1.3119 0.196838
-1.31189 0.196844

-1.31189 0.196844
-1.31158 0.197134

-1.31158 0.197134
-1.31157 0.197144

-1.31157 0.197144
-1.31128 0.197424

-1.31128 0.197424
-1.31125 0.197449

-1.31125 0.197449
-1.31097 0.197714

-1.31097 0.197714
-1.31093 0.197754

-1.31093 0.197754
-1.31067 0.198004

-1.31067 0.198005
-1.31061 0.198059

-1.31061 0.198059
-1.31036 0.198294

-1.31036 0.198295
-1.31029 0.198364

-1.31029 0.198364
-1.31006 0.198584

-1.31006 0.198585
-1.30997 0.198669

-1.30997 0.198669
-1.30975 0.198874

-1.30975 0.198875
-1.30965 0.198975

-1.30965 0.198975
-1.30945 0.199164

-1.30945 0.199165
-1.30933 0.19928

-1.30933 0.19928
-1.30914 0.199454

-1.30914 0.199455
-1.30901 0.199585

-1.30901 0.199585
-1.30884 0.199745

-1.30884 0.199746
-1.30869 0.19989

-1.30869 0.19989
-1.30853 0.200035

-1.30853 0.200036
-1.30836 0.200195

-1.30836 0.200195
-1.30823 0.200325

-1.30823 0.200326
-1.30804 0.2005

-1.30804 0.2005
-1.30792 0.200615

-1.30792 0.200616
-1.30772 0.200806

-1.30772 0.200806
-1.30762 0.200905

-1.30762 0.200907
-1.3074 0.201111

-1.3074 0.201111
-1.30731 0.201196

-1.30731 0.201197
-1.30708 0.201416

-1.30708 0.201416
-1.30701 0.201486

-1.30701 0.201486
-1.30676 0.201721

-1.30676 0.201721
-1.3067 0.201776

-1.3067 0.201776
-1.30644 0.202026

-1.30644 0.202026
-1.3064 0.202066

-1.3064 0.202066
-1.30612 0.202332

-1.30612 0.202332
-1.30609 0.202356

-1.30609 0.202356
-1.3058 0.202637

-1.3058 0.202637
-1.30579 0.202646

-1.30579 0.202647
-1.30548 0.202937

-1.30548 0.202937
-1.30548 0.202942

-1.30548 0.202942
-1.30518 0.203227

-1.30518 0.203227
-1.30515 0.203247

-1.30515 0.203247
-1.30487 0.203517

-1.30487 0.203517
-1.30483 0.203552

-1.30483 0.203552
-1.30457 0.203807

-1.30457 0.203807
-1.30451 0.203857

-1.30451 0.203857
-1.30426 0.204097

-1.30426 0.204097
-1.30419 0.204163

-1.30419 0.204163
-1.30396 0.204387

-1.30396 0.204388
-1.30387 0.204468

-1.30387 0.204468
-1.30365 0.204677

-1.30365 0.204678
-1.30355 0.204773

-1.30355 0.204773
-1.30334 0.204967

-1.30334 0.204968
-1.30323 0.205078

-1.30323 0.205078
-1.30304 0.205257

-1.30304 0.205258
-1.30291 0.205383

-1.30291 0.205383
-1.30273 0.205548

-1.30273 0.205549
-1.30259 0.205688

-1.30259 0.205688
-1.30243 0.205838

-1.30243 0.205839
-1.30227 0.205994

-1.30227 0.205994
-1.30212 0.206128

-1.30212 0.206129
-1.30194 0.206299

-1.30194 0.206299
-1.30182 0.206418

-1.30182 0.206419
-1.30162 0.206604

-1.30162 0.206604
-1.30151 0.206708

-1.30151 0.20671
-1.3013 0.206909

-1.3013 0.206909
-1.30121 0.206999

-1.30121 0.207
-1.30098 0.207214

-1.30098 0.207214
-1.3009 0.207289

-1.3009 0.20729
-1.30066 0.20752

-1.30066 0.20752
-1.3006 0.207579

-1.3006 0.20758
-1.30034 0.207825

-1.30034 0.207825
-1.30029 0.207869

-1.30029 0.207869
-1.30002 0.20813

-1.30002 0.20813
-1.29999 0.208159

-1.29999 0.208159
-1.2997 0.208435

-1.2997 0.208435
-1.29968 0.20845

-1.29968 0.20845
-1.29938 0.20874

-1.29938 0.20874
-1.29938 0.20874

-1.29938 0.20874
-1.29907 0.20903

-1.29907 0.20903
-1.29906 0.209045

-1.29906 0.209045
-1.29877 0.20932

-1.29877 0.20932
-1.29873 0.209351

-1.29874 0.209351
-1.29846 0.20961

-1.29846 0.20961
-1.29841 0.209656

-1.29841 0.209656
-1.29816 0.2099

-1.29816 0.2099
-1.29809 0.209961

-1.29809 0.209961
-1.29785 0.21019

-1.29785 0.210191
-1.29777 0.210266

-1.29777 0.210266
-1.29755 0.21048

-1.29755 0.210481
-1.29745 0.210571

-1.29745 0.210571
-1.29724 0.21077

-1.29724 0.210771
-1.29713 0.210876

-1.29713 0.210876
-1.29694 0.21106

-1.29694 0.211061
-1.29681 0.211182

-1.29681 0.211182
-1.29663 0.21135

-1.29663 0.211351
-1.29649 0.211487

-1.29649 0.211487
-1.29633 0.21164

-1.29633 0.211641
-1.29617 0.211792

-1.29617 0.211792
-1.29602 0.211931

-1.29602 0.211932
-1.29585 0.212097

-1.29585 0.212097
-1.29572 0.212221

-1.29572 0.212222
-1.29552 0.212402

-1.29552 0.212402
-1.29541 0.212511

-1.29541 0.212512
-1.2952 0.212708

-1.2952 0.212708
-1.2951 0.212801

-1.2951 0.212802
-1.29488 0.213013

-1.29488 0.213013
-1.2948 0.213091

-1.2948 0.213092
-1.29456 0.213318

-1.29456 0.213318
-1.29449 0.213381

-1.29449 0.213382
-1.29424 0.213623

-1.29424 0.213623
-1.29419 0.213671

-1.29419 0.213672
-1.29392 0.213928

-1.29392 0.213928
-1.29388 0.213961

-1.29388 0.213962
-1.2936 0.214233

-1.2936 0.214233
-1.29358 0.214251

-1.29358 0.214252
-1.29328 0.214539

-1.29328 0.214539
-1.29327 0.214542

-1.29327 0.214542
-1.29297 0.214832

-1.29297 0.214832
-1.29296 0.214844

-1.29296 0.214844
-1.29266 0.215122

-1.29266 0.215122
-1.29263 0.215149

-1.29263 0.215149
-1.29236 0.215412

-1.29236 0.215412
-1.29231 0.215454

-1.29231 0.215454
-1.29205 0.215701

-1.29205 0.215702
-1.29199 0.215759

-1.29199 0.215759
-1.29175 0.215991

-1.29175 0.215992
-1.29167 0.216064

-1.29167 0.216064
-1.29144 0.216281

-1.29144 0.216282
-1.29135 0.21637

-1.29135 0.21637
-1.29114 0.216571

-1.29114 0.216572
-1.29103 0.216675

-1.29103 0.216675
-1.29083 0.216861

-1.29083 0.216862
-1.29071 0.21698

-1.29071 0.21698
-1.29053 0.217151

-1.29053 0.217152
-1.29039 0.217285

-1.29039 0.217285
-1.29022 0.217441

-1.29022 0.217442
-1.29007 0.21759

-1.29007 0.21759
-1.28992 0.217731

-1.28992 0.217732
-1.28974 0.217896

-1.28974 0.217896
-1.28961 0.218021

-1.28961 0.218022
-1.28942 0.218201

-1.28942 0.218201
-1.28931 0.218311

-1.28931 0.218312
-1.2891 0.218506

-1.2891 0.218506
-1.289 0.218601

-1.289 0.218602
-1.28878 0.218811

-1.28878 0.218811
-1.2887 0.218891

-1.2887 0.218892
-1.28846 0.219116

-1.28846 0.219116
-1.28839 0.219181

-1.28839 0.219181
-1.28814 0.219421

-1.28814 0.219421
-1.28809 0.219471

-1.28809 0.219471
-1.28782 0.219727

-1.28782 0.219727
-1.28778 0.219761

-1.28778 0.219761
-1.2875 0.220032

-1.2875 0.220032
-1.28748 0.220051

-1.28748 0.220051
-1.28717 0.220337

-1.28717 0.220337
-1.28717 0.22034

-1.28717 0.220341
-1.28687 0.22063

-1.28687 0.22063
-1.28685 0.220642

-1.28685 0.220642
-1.28656 0.22092

-1.28656 0.22092
-1.28653 0.220947

-1.28653 0.220947
-1.28625 0.22121

-1.28625 0.22121
-1.28621 0.221252

-1.28621 0.221252
-1.28595 0.2215

-1.28595 0.2215
-1.28589 0.221558

-1.28589 0.221558
-1.28564 0.221789

-1.28564 0.22179
-1.28557 0.221863

-1.28557 0.221863
-1.28534 0.222078

-1.28534 0.22208
-1.28525 0.222168

-1.28525 0.222168
-1.28503 0.222368

-1.28503 0.22237
-1.28492 0.222473

-1.28493 0.222473
-1.28473 0.222658

-1.28473 0.22266
-1.2846 0.222778

-1.2846 0.222778
-1.28442 0.222948

-1.28442 0.222949
-1.28428 0.223083

-1.28428 0.223083
-1.28412 0.223238

-1.28412 0.223239
-1.28396 0.223389

-1.28396 0.223389
-1.28381 0.223528

-1.28381 0.223529
-1.28364 0.223694

-1.28364 0.223694
-1.28351 0.223818

-1.28351 0.223819
-1.28332 0.223999

-1.28332 0.223999
-1.2832 0.224108

-1.2832 0.224109
-1.283 0.224304

-1.283 0.224304
-1.2829 0.224397

-1.2829 0.224399
-1.28267 0.224609

-1.28267 0.224609
-1.28259 0.224687

-1.28259 0.224688
-1.28235 0.224915

-1.28235 0.224915
-1.28229 0.224977

-1.28229 0.224977
-1.28203 0.22522

-1.28203 0.22522
-1.28198 0.225266

-1.28198 0.225267
-1.28171 0.225525

-1.28171 0.225525
-1.28168 0.225556

-1.28168 0.225556
-1.28139 0.22583

-1.28139 0.22583
-1.28137 0.225846

-1.28137 0.225846
-1.28107 0.226135

-1.28107 0.226135
-1.28076 0.226425

-1.28076 0.226425
-1.28075 0.22644

-1.28075 0.22644
-1.28046 0.226715

-1.28046 0.226715
-1.28042 0.226746

-1.28042 0.226746
-1.28015 0.227004

-1.28015 0.227004
-1.2801 0.227051

-1.2801 0.227051
-1.27985 0.227293

-1.27985 0.227294
-1.27978 0.227356

-1.27978 0.227356
-1.27954 0.227582

-1.27954 0.227583
-1.27946 0.227661

-1.27946 0.227661
-1.27924 0.227872

-1.27924 0.227873
-1.27914 0.227966

-1.27914 0.227966
-1.27893 0.228161

-1.27893 0.228162
-1.27882 0.228271

-1.27882 0.228271
-1.27863 0.228451

-1.27863 0.228452
-1.27849 0.228577

-1.27849 0.228577
-1.27832 0.22874

-1.27832 0.228741
-1.27817 0.228882

-1.27817 0.228882
-1.27802 0.22903

-1.27802 0.229031
-1.27785 0.229187

-1.27785 0.229187
-1.27771 0.229319

-1.27771 0.22932
-1.27753 0.229492

-1.27753 0.229492
-1.2774 0.229609

-1.2774 0.22961
-1.27721 0.229797

-1.27721 0.229797
-1.2771 0.229898

-1.2771 0.229899
-1.27688 0.230103

-1.27688 0.230103
-1.27679 0.230187

-1.27679 0.230189
-1.27656 0.230408

-1.27656 0.230408
-1.27649 0.230477

-1.27649 0.230477
-1.27624 0.230713

-1.27624 0.230713
-1.27618 0.230766

-1.27618 0.230766
-1.27592 0.231018

-1.27592 0.231018
-1.27588 0.231055

-1.27588 0.231055
-1.2756 0.231323

-1.2756 0.231323
-1.27557 0.231344

-1.27557 0.231344
-1.27527 0.231628

-1.27527 0.231628
-1.27527 0.231633

-1.27527 0.231634
-1.27496 0.231923

-1.27496 0.231923
-1.27495 0.231934

-1.27495 0.231934
-1.27466 0.232212

-1.27466 0.232212
-1.27463 0.232239

-1.27463 0.232239
-1.27435 0.232501

-1.27435 0.232501
-1.27431 0.232544

-1.27431 0.232544
-1.27405 0.23279

-1.27405 0.23279
-1.27399 0.232849

-1.27399 0.232849
-1.27374 0.233078

-1.27374 0.233079
-1.27366 0.233154

-1.27366 0.233154
-1.27344 0.233367

-1.27344 0.233368
-1.27334 0.233459

-1.27334 0.233459
-1.27313 0.233656

-1.27313 0.233657
-1.27302 0.233765

-1.27302 0.233765
-1.27283 0.233945

-1.27283 0.233946
-1.2727 0.23407

-1.2727 0.23407
-1.27252 0.234234

-1.27252 0.234235
-1.27237 0.234375

-1.27237 0.234375
-1.27222 0.234523

-1.27222 0.234524
-1.27205 0.23468

-1.27205 0.23468
-1.27191 0.234812

-1.27191 0.234813
-1.27173 0.234985

-1.27173 0.234985
-1.27161 0.235101

-1.27161 0.235102
-1.27141 0.235291

-1.27141 0.235291
-1.2713 0.23539

-1.2713 0.235391
-1.27108 0.235596

-1.27108 0.235596
-1.271 0.235679

-1.271 0.23568
-1.27076 0.235901

-1.27076 0.235901
-1.27069 0.235967

-1.27069 0.235968
-1.27044 0.236206

-1.27044 0.236206
-1.27039 0.236256

-1.27039 0.236256
-1.27012 0.236511

-1.27012 0.236511
-1.27008 0.236545

-1.27008 0.236545
-1.26979 0.236816

-1.26979 0.236816
-1.26978 0.236834

-1.26978 0.236834
-1.26947 0.237122

-1.26947 0.237122
-1.26947 0.237122

-1.26947 0.237122
-1.26917 0.237411

-1.26917 0.237411
-1.26915 0.237427

-1.26915 0.237427
-1.26886 0.237699

-1.26886 0.237699
-1.26883 0.237732

-1.26883 0.237732
-1.26855 0.237988

-1.26855 0.237988
-1.2685 0.238037

-1.2685 0.238037
-1.26825 0.238276

-1.26825 0.238277
-1.26818 0.238342

-1.26818 0.238342
-1.26794 0.238564

-1.26794 0.238565
-1.26786 0.238647

-1.26786 0.238647
-1.26764 0.238852

-1.26764 0.238854
-1.26753 0.238953

-1.26753 0.238953
-1.26733 0.239141

-1.26733 0.239142
-1.26721 0.239258

-1.26721 0.239258
-1.26703 0.23943

-1.26703 0.239431
-1.26689 0.239563

-1.26689 0.239563
-1.26672 0.239718

-1.26672 0.239719
-1.26657 0.239868

-1.26657 0.239868
-1.26642 0.240007

-1.26642 0.240008
-1.26624 0.240173

-1.26624 0.240173
-1.26611 0.240295

-1.26611 0.240296
-1.26592 0.240479

-1.26592 0.240479
-1.26581 0.240583

-1.26581 0.240585
-1.2656 0.240784

-1.2656 0.240784
-1.2655 0.240872

-1.2655 0.240873
-1.26527 0.241089

-1.26527 0.241089
-1.2652 0.24116

-1.2652 0.241161
-1.26495 0.241394

-1.26495 0.241394
-1.26489 0.241448

-1.26489 0.241448
-1.26463 0.241699

-1.26463 0.241699
-1.26459 0.241736

-1.26459 0.241736
-1.2643 0.242004

-1.2643 0.242004
-1.26428 0.242024

-1.26428 0.242025
-1.26398 0.24231

-1.26398 0.24231
-1.26398 0.242313

-1.26398 0.242313
-1.26367 0.242601

-1.26367 0.242601
-1.26366 0.242615

-1.26366 0.242615
-1.26337 0.242889

-1.26337 0.242889
-1.26333 0.24292

-1.26333 0.24292
-1.26306 0.243177

-1.26306 0.243177
-1.26301 0.243225

-1.26301 0.243225
-1.26276 0.243464

-1.26276 0.243465
-1.26269 0.24353

-1.26269 0.24353
-1.26245 0.243752

-1.26245 0.243753
-1.26236 0.243835

-1.26236 0.243835
-1.26215 0.24404

-1.26215 0.244041
-1.26204 0.244141

-1.26204 0.244141
-1.26184 0.244328

-1.26184 0.244329
-1.26172 0.244446

-1.26172 0.244446
-1.26154 0.244616

-1.26154 0.244617
-1.26139 0.244751

-1.26139 0.244751
-1.26123 0.244904

-1.26123 0.244905
-1.26107 0.245056

-1.26107 0.245056
-1.26093 0.245192

-1.26093 0.245193
-1.26075 0.245361

-1.26075 0.245361
-1.26062 0.24548

-1.26062 0.245481
-1.26042 0.245667

-1.26042 0.245667
-1.26031 0.245767

-1.26031 0.245769
-1.2601 0.245972

-1.2601 0.245972
-1.26001 0.246055

-1.26001 0.246056
-1.25977 0.246277

-1.25977 0.246277
-1.2597 0.246343

-1.2597 0.246344
-1.25945 0.246582

-1.25945 0.246582
-1.2594 0.246631

-1.2594 0.246631
-1.25913 0.246887

-1.25913 0.246887
-1.25909 0.246918

-1.25909 0.246918
-1.2588 0.247192

-1.2588 0.247192
-1.25879 0.247206

-1.25879 0.247206
-1.25848 0.247494

-1.25848 0.247494
-1.25848 0.247498

-1.25848 0.247498
-1.25818 0.247781

-1.25818 0.247781
-1.25816 0.247803

-1.25816 0.247803
-1.25787 0.248069

-1.25787 0.248069
-1.25783 0.248108

-1.25783 0.248108
-1.25757 0.248356

-1.25757 0.248356
-1.25751 0.248413

-1.25751 0.248413
-1.25726 0.248643

-1.25726 0.248644
-1.25718 0.248718

-1.25719 0.248718
-1.25696 0.24893

-1.25696 0.248931
-1.25686 0.249023

-1.25686 0.249023
-1.25665 0.249217

-1.25665 0.249219
-1.25654 0.249329

-1.25654 0.249329
-1.25635 0.249505

-1.25635 0.249506
-1.25621 0.249634

-1.25621 0.249634
-1.25604 0.249792

-1.25604 0.249794
-1.25589 0.249939

-1.25589 0.249939
-1.25574 0.25008

-1.25574 0.250081
-1.25556 0.250244

-1.25556 0.250244
-1.25543 0.250367

-1.25543 0.250368
-1.25524 0.250549

-1.25524 0.250549
-1.25513 0.250654

-1.25513 0.250656
-1.25491 0.250854

-1.25491 0.250854
-1.25482 0.250942

-1.25482 0.250943
-1.25459 0.25116

-1.25459 0.25116
-1.25452 0.251229

-1.25452 0.251229
-1.25427 0.251465

-1.25427 0.251465
-1.25421 0.251516

-1.25421 0.251516
-1.25394 0.25177

-1.25394 0.25177
-1.25391 0.251803

-1.25391 0.251803
-1.25362 0.252075

-1.25362 0.252075
-1.2536 0.25209

-1.2536 0.25209
-1.2533 0.252377

-1.2533 0.252377
-1.25329 0.25238

-1.25329 0.25238
-1.25299 0.252664

-1.25299 0.252664
-1.25297 0.252686

-1.25297 0.252686
-1.25269 0.252951

-1.25269 0.252951
-1.25264 0.252991

-1.25264 0.252991
-1.25238 0.253238

-1.25238 0.253238
-1.25232 0.253296

-1.25232 0.253296
-1.25208 0.253524

-1.25208 0.253525
-1.25199 0.253601

-1.25199 0.253601
-1.25177 0.25381

-1.25177 0.253812
-1.25167 0.253906

-1.25167 0.253906
-1.25146 0.254097

-1.25146 0.254098
-1.25134 0.254211

-1.25134 0.254211
-1.25116 0.254384

-1.25116 0.254385
-1.25102 0.254517

-1.25102 0.254517
-1.25085 0.254671

-1.25085 0.254672
-1.25069 0.254822

-1.25069 0.254822
-1.25055 0.254957

-1.25055 0.254959
-1.25037 0.255127

-1.25037 0.255127
-1.25024 0.255244

-1.25024 0.255245
-1.25004 0.255432

-1.25004 0.255432
-1.24994 0.255531

-1.24994 0.255532
-1.24972 0.255737

-1.24972 0.255737
-1.24963 0.255817

-1.24963 0.255818
-1.24939 0.256042

-1.24939 0.256042
-1.24933 0.256104

-1.24933 0.256104
-1.24907 0.256348

-1.24907 0.256348
-1.24902 0.25639

-1.24902 0.25639
-1.24874 0.256653

-1.24874 0.256653
-1.24872 0.256676

-1.24872 0.256677
-1.24842 0.256958

-1.24842 0.256958
-1.24841 0.256963

-1.24841 0.256963
-1.24811 0.257249

-1.24811 0.257249
-1.24809 0.257263

-1.24809 0.257263
-1.2478 0.257535

-1.2478 0.257535
-1.24777 0.257568

-1.24777 0.257568
-1.2475 0.257821

-1.2475 0.257821
-1.24744 0.257874

-1.24744 0.257874
-1.24719 0.258107

-1.24719 0.258108
-1.24712 0.258179

-1.24712 0.258179
-1.24689 0.258393

-1.24689 0.258394
-1.24679 0.258484

-1.24679 0.258484
-1.24658 0.258679

-1.24658 0.25868
-1.24647 0.258789

-1.24647 0.258789
-1.24628 0.258965

-1.24628 0.258966
-1.24614 0.259094

-1.24614 0.259094
-1.24597 0.259251

-1.24597 0.259252
-1.24581 0.259399

-1.24581 0.259399
-1.24567 0.259537

-1.24567 0.259538
-1.24549 0.259705

-1.24549 0.259705
-1.24536 0.259823

-1.24536 0.259824
-1.24516 0.26001

-1.24516 0.26001
-1.24506 0.260109

-1.24506 0.26011
-1.24484 0.260315

-1.24484 0.260315
-1.24475 0.260394

-1.24475 0.260395
-1.24451 0.26062

-1.24451 0.26062
-1.24445 0.26068

-1.24445 0.260681
-1.24418 0.260925

-1.24418 0.260925
-1.24414 0.260966

-1.24414 0.260966
-1.24386 0.26123

-1.24386 0.26123
-1.24384 0.261251

-1.24384 0.261252
-1.24353 0.261536

-1.24353 0.261536
-1.24353 0.261537

-1.24353 0.261537
-1.24323 0.261823

-1.24323 0.261823
-1.24321 0.261841

-1.24321 0.261841
-1.24292 0.262108

-1.24292 0.262108
-1.24288 0.262146

-1.24288 0.262146
-1.24261 0.262393

-1.24261 0.262394
-1.24255 0.262451

-1.24255 0.262451
-1.24231 0.262678

-1.24231 0.262679
-1.24223 0.262756

-1.24223 0.262756
-1.242 0.262963

-1.242 0.262964
-1.2419 0.263062

-1.2419 0.263062
-1.2417 0.263248

-1.2417 0.26325
-1.24157 0.263367

-1.24157 0.263367
-1.24139 0.263534

-1.24139 0.263535
-1.24125 0.263672

-1.24125 0.263672
-1.24109 0.263819

-1.24109 0.26382
-1.24092 0.263977

-1.24092 0.263977
-1.24078 0.264104

-1.24078 0.264105
-1.24059 0.264282

-1.24059 0.264282
-1.24048 0.264389

-1.24048 0.264391
-1.24027 0.264587

-1.24027 0.264587
-1.24017 0.264674

-1.24017 0.264675
-1.23994 0.264893

-1.23994 0.264893
-1.23987 0.264959

-1.23987 0.26496
-1.23961 0.265198

-1.23961 0.265198
-1.23956 0.265244

-1.23956 0.265244
-1.23929 0.265503

-1.23929 0.265503
-1.23926 0.265529

-1.23926 0.265529
-1.23896 0.265808

-1.23896 0.265808
-1.23895 0.265814

-1.23895 0.265814
-1.23865 0.266098

-1.23865 0.266098
-1.23863 0.266113

-1.23863 0.266113
-1.23834 0.266383

-1.23834 0.266383
-1.2383 0.266418

-1.2383 0.266418
-1.23804 0.266667

-1.23804 0.266668
-1.23798 0.266724

-1.23798 0.266724
-1.23773 0.266952

-1.23773 0.266952
-1.23765 0.267029

-1.23765 0.267029
-1.23743 0.267235

-1.23743 0.267237
-1.23732 0.267334

-1.23732 0.267334
-1.23712 0.26752

-1.23712 0.267521
-1.23699 0.267639

-1.237 0.267639
-1.23682 0.267804

-1.23682 0.267806
-1.23667 0.267944

-1.23667 0.267944
-1.23651 0.268089

-1.23651 0.26809
-1.23634 0.26825

-1.23634 0.26825
-1.23621 0.268373

-1.23621 0.268375
-1.23601 0.268555

-1.23601 0.268555
-1.2359 0.268657

-1.2359 0.268659
-1.23568 0.26886

-1.23568 0.26886
-1.2356 0.268942

-1.2356 0.268943
-1.23536 0.269165

-1.23536 0.269165
-1.23529 0.269226

-1.23529 0.269226
-1.23503 0.26947

-1.23503 0.26947
-1.23499 0.26951

-1.23499 0.26951
-1.2347 0.269775

-1.2347 0.269775
-1.23468 0.269794

-1.23468 0.269794
-1.23438 0.270078

-1.23438 0.270078
-1.23437 0.270081

-1.23437 0.270081
-1.23407 0.270362

-1.23407 0.270362
-1.23404 0.270386

-1.23404 0.270386
-1.23376 0.270646

-1.23376 0.270646
-1.23372 0.270691

-1.23372 0.270691
-1.23346 0.270929

-1.23346 0.270929
-1.23339 0.270996

-1.23339 0.270996
-1.23315 0.271212

-1.23315 0.271213
-1.23306 0.271301

-1.23306 0.271301
-1.23285 0.271495

-1.23285 0.271497
-1.23273 0.271606

-1.23273 0.271606
-1.23254 0.271779

-1.23254 0.271781
-1.2324 0.271912

-1.2324 0.271912
-1.23224 0.272063

-1.23224 0.272064
-1.23207 0.272217

-1.23207 0.272217
-1.23193 0.272347

-1.23193 0.272348
-1.23174 0.272522

-1.23175 0.272522
-1.23163 0.27263

-1.23163 0.272632
-1.23142 0.272827

-1.23142 0.272827
-1.23132 0.272914

-1.23132 0.272915
-1.23109 0.273132

-1.23109 0.273132
-1.23102 0.273197

-1.23102 0.273198
-1.23076 0.273438

-1.23076 0.273438
-1.23071 0.27348

-1.23071 0.273481
-1.23043 0.273743

-1.23043 0.273743
-1.23041 0.273764

-1.23041 0.273764
-1.2301 0.274047

-1.2301 0.274047
-1.2301 0.274048

-1.2301 0.274048
-1.2298 0.27433

-1.2298 0.27433
-1.22977 0.274353

-1.22977 0.274353
-1.22949 0.274613

-1.22949 0.274613
-1.22944 0.274658

-1.22944 0.274658
-1.22919 0.274896

-1.22919 0.274896
-1.22911 0.274963

-1.22912 0.274963
-1.22888 0.275178

-1.22888 0.275179
-1.22879 0.275269

-1.22879 0.275269
-1.22858 0.275461

-1.22858 0.275462
-1.22846 0.275574

-1.22846 0.275574
-1.22827 0.275744

-1.22827 0.275745
-1.22813 0.275879

-1.22813 0.275879
-1.22797 0.276027

-1.22797 0.276028
-1.2278 0.276184

-1.2278 0.276184
-1.22766 0.276309

-1.22766 0.276311
-1.22747 0.276489

-1.22747 0.276489
-1.22736 0.276592

-1.22736 0.276594
-1.22714 0.276794

-1.22714 0.276794
-1.22705 0.276875

-1.22705 0.276876
-1.22681 0.2771

-1.22681 0.2771
-1.22675 0.277158

-1.22675 0.277158
-1.22648 0.277405

-1.22648 0.277405
-1.22644 0.27744

-1.22644 0.27744
-1.22615 0.27771

-1.22615 0.27771
-1.22614 0.277722

-1.22614 0.277723
-1.22583 0.278005

-1.22583 0.278005
-1.22582 0.278015

-1.22582 0.278015
-1.22552 0.278287

-1.22552 0.278287
-1.22549 0.27832

-1.22549 0.27832
-1.22522 0.27857

-1.22522 0.27857
-1.22516 0.278625

-1.22516 0.278625
-1.22491 0.278851

-1.22491 0.278852
-1.22483 0.278931

-1.22483 0.278931
-1.22461 0.279133

-1.22461 0.279134
-1.2245 0.279236

-1.2245 0.279236
-1.2243 0.279415

-1.2243 0.279417
-1.22417 0.279541

-1.22417 0.279541
-1.224 0.279697

-1.224 0.279699
-1.22384 0.279846

-1.22384 0.279846
-1.22369 0.279979

-1.22369 0.279981
-1.22351 0.280151

-1.22351 0.280151
-1.22339 0.280261

-1.22339 0.280263
-1.22318 0.280457

-1.22318 0.280457
-1.22308 0.280543

-1.22308 0.280544
-1.22285 0.280762

-1.22285 0.280762
-1.22278 0.280825

-1.22278 0.280826
-1.22252 0.281067

-1.22252 0.281067
-1.22247 0.281107

-1.22247 0.281107
-1.22219 0.281372

-1.22219 0.281372
-1.22217 0.281389

-1.22217 0.281389
-1.22186 0.28167

-1.22186 0.28167
-1.22186 0.281677

-1.22186 0.281677
-1.22156 0.281952

-1.22156 0.281952
-1.22152 0.281982

-1.22152 0.281982
-1.22125 0.282233

-1.22125 0.282234
-1.22119 0.282288

-1.22119 0.282288
-1.22095 0.282515

-1.22095 0.282515
-1.22086 0.282593

-1.22086 0.282593
-1.22064 0.282795

-1.22064 0.282797
-1.22053 0.282898

-1.22053 0.282898
-1.22034 0.283076

-1.22034 0.283078
-1.2202 0.283203

-1.2202 0.283203
-1.22003 0.283358

-1.22003 0.28336
-1.21987 0.283508

-1.21987 0.283508
-1.21973 0.283639

-1.21973 0.283641
-1.21954 0.283813

-1.21954 0.283813
-1.21942 0.283921

-1.21942 0.283922
-1.21921 0.284119

-1.21921 0.284119
-1.21912 0.284202

-1.21912 0.284203
-1.21888 0.284424

-1.21888 0.284424
-1.21881 0.284483

-1.21881 0.284483
-1.21854 0.284729

-1.21854 0.284729
-1.21851 0.284764

-1.21851 0.284764
-1.21821 0.285034

-1.21821 0.285034
-1.2182 0.285045

-1.2182 0.285045
-1.2179 0.285326

-1.2179 0.285326
-1.21788 0.285339

-1.21788 0.285339
-1.21759 0.285606

-1.21759 0.285606
-1.21755 0.285645

-1.21755 0.285645
-1.21729 0.285887

-1.21729 0.285887
-1.21722 0.28595

-1.21722 0.28595
-1.21698 0.286167

-1.21698 0.286168
-1.21689 0.286255

-1.21689 0.286255
-1.21667 0.286447

-1.21667 0.286449
-1.21655 0.28656

-1.21655 0.28656
-1.21637 0.286728

-1.21637 0.286729
-1.21622 0.286865

-1.21622 0.286865
-1.21606 0.287008

-1.21606 0.28701
-1.21589 0.28717

-1.21589 0.28717
-1.21576 0.287289

-1.21576 0.287291
-1.21556 0.287476

-1.21556 0.287476
-1.21545 0.287569

-1.21545 0.287571
-1.21522 0.287781

-1.21522 0.287781
-1.21515 0.28785

-1.21515 0.28785
-1.21489 0.288086

-1.21489 0.288086
-1.21484 0.28813

-1.21484 0.28813
-1.21456 0.288391

-1.21456 0.288391
-1.21454 0.28841

-1.21454 0.28841
-1.21423 0.28869

-1.21423 0.28869
-1.21423 0.288696

-1.21423 0.288696
-1.21393 0.28897

-1.21393 0.28897
-1.21389 0.289001

-1.21389 0.289001
-1.21362 0.28925

-1.21362 0.28925
-1.21356 0.289307

-1.21356 0.289307
-1.21332 0.28953

-1.21332 0.28953
-1.21323 0.289612

-1.21323 0.289612
-1.21301 0.289809

-1.21301 0.289811
-1.2129 0.289917

-1.2129 0.289917
-1.21271 0.290089

-1.21271 0.29009
-1.21256 0.290222

-1.21256 0.290222
-1.2124 0.290369

-1.2124 0.29037
-1.21223 0.290527

-1.21223 0.290527
-1.2121 0.290648

-1.2121 0.29065
-1.2119 0.290833

-1.2119 0.290833
-1.21179 0.290928

-1.21179 0.290929
-1.21156 0.291138

-1.21156 0.291138
-1.21149 0.291208

-1.21149 0.291208
-1.21123 0.291443

-1.21123 0.291443
-1.21118 0.291487

-1.21118 0.291488
-1.2109 0.291748

-1.2109 0.291748
-1.21088 0.291767

-1.21088 0.291767
-1.21057 0.292046

-1.21057 0.292046
-1.21056 0.292053

-1.21056 0.292053
-1.21027 0.292325

-1.21027 0.292325
-1.21023 0.292358

-1.21023 0.292358
-1.20996 0.292605

-1.20996 0.292605
-1.2099 0.292664

-1.2099 0.292664
-1.20966 0.292883

-1.20966 0.292884
-1.20956 0.292969

-1.20956 0.292969
-1.20935 0.293162

-1.20935 0.293163
-1.20923 0.293274

-1.20923 0.293274
-1.20905 0.293441

-1.20905 0.293443
-1.20889 0.293579

-1.2089 0.293579
-1.20874 0.29372

-1.20874 0.293722
-1.20856 0.293884

-1.20856 0.293884
-1.20844 0.293999

-1.20844 0.294001
-1.20823 0.294189

-1.20823 0.294189
-1.20813 0.294278

-1.20813 0.294279
-1.20789 0.294495

-1.20789 0.294495
-1.20782 0.294557

-1.20782 0.294557
-1.20756 0.2948

-1.20756 0.2948
-1.20752 0.294836

-1.20752 0.294836
-1.20722 0.295105

-1.20722 0.295105
-1.20721 0.295114

-1.20721 0.295114
-1.20691 0.295393

-1.20691 0.295393
-1.20689 0.29541

-1.20689 0.29541
-1.2066 0.295672

-1.2066 0.295672
-1.20656 0.295715

-1.20656 0.295715
-1.2063 0.29595

-1.2063 0.29595
-1.20622 0.296021

-1.20622 0.296021
-1.20599 0.296228

-1.20599 0.296229
-1.20589 0.296326

-1.20589 0.296326
-1.20569 0.296505

-1.20569 0.296507
-1.20555 0.296631

-1.20555 0.296631
-1.20538 0.296784

-1.20538 0.296786
-1.20522 0.296936

-1.20522 0.296936
-1.20508 0.297062

-1.20508 0.297064
-1.20488 0.297241

-1.20488 0.297241
-1.20477 0.29734

-1.20477 0.297342
-1.20455 0.297546

-1.20455 0.297546
-1.20447 0.297619

-1.20447 0.297619
-1.20421 0.297852

-1.20421 0.297852
-1.20416 0.297897

-1.20416 0.297897
-1.20388 0.298157

-1.20388 0.298157
-1.20386 0.298174

-1.20386 0.298175
-1.20355 0.298453

-1.20355 0.298453
-1.20354 0.298462

-1.20354 0.298462
-1.20325 0.29873

-1.20325 0.29873
-1.20321 0.298767

-1.20321 0.298767
-1.20294 0.299008

-1.20294 0.299008
-1.20287 0.299072

-1.20287 0.299072
-1.20264 0.299285

-1.20264 0.299286
-1.20254 0.299377

-1.20254 0.299377
-1.20233 0.299562

-1.20233 0.299564
-1.2022 0.299683

-1.2022 0.299683
-1.20203 0.29984

-1.20203 0.299841
-1.20186 0.299988

-1.20186 0.299988
-1.20172 0.300117

-1.20172 0.300119
-1.20153 0.300293

-1.20153 0.300293
-1.20142 0.300395

-1.20142 0.300396
-1.20119 0.300598

-1.20119 0.300598
-1.20111 0.300672

-1.20111 0.300673
-1.20086 0.300903

-1.20086 0.300903
-1.20081 0.300949

-1.20081 0.30095
-1.20052 0.301208

-1.20052 0.301208
-1.2005 0.301227

-1.2005 0.301227
-1.2002 0.301504

-1.2002 0.301504
-1.20018 0.301514

-1.20018 0.301514
-1.19989 0.301781

-1.19989 0.301781
-1.19985 0.301819

-1.19985 0.301819
-1.19958 0.302058

-1.19958 0.302058
-1.19951 0.302124

-1.19951 0.302124
-1.19928 0.302334

-1.19928 0.302335
-1.19918 0.302429

-1.19918 0.302429
-1.19897 0.30261

-1.19897 0.302612
-1.19884 0.302734

-1.19884 0.302734
-1.19867 0.302887

-1.19867 0.302889
-1.1985 0.30304

-1.1985 0.30304
-1.19836 0.303164

-1.19836 0.303166
-1.19816 0.303345

-1.19817 0.303345
-1.19806 0.303441

-1.19806 0.303442
-1.19783 0.30365

-1.19783 0.30365
-1.19775 0.303718

-1.19775 0.303718
-1.19749 0.303955

-1.19749 0.303955
-1.19745 0.303994

-1.19745 0.303994
-1.19716 0.30426

-1.19715 0.30426
-1.19714 0.30427

-1.19714 0.304271
-1.19684 0.304547

-1.19684 0.304547
-1.19682 0.304565

-1.19682 0.304565
-1.19653 0.304823

-1.19653 0.304823
-1.19648 0.304871

-1.19648 0.304871
-1.19623 0.305099

-1.19623 0.3051
-1.19614 0.305176

-1.19614 0.305176
-1.19592 0.305375

-1.19592 0.305376
-1.19581 0.305481

-1.19581 0.305481
-1.19562 0.30565

-1.19562 0.305652
-1.19547 0.305786

-1.19547 0.305786
-1.19531 0.305927

-1.19531 0.305929
-1.19513 0.306091

-1.19513 0.306091
-1.19501 0.306203

-1.19501 0.306204
-1.19479 0.306396

-1.19479 0.306396
-1.1947 0.306479

-1.1947 0.30648
-1.19446 0.306702

-1.19446 0.306702
-1.1944 0.306755

-1.1944 0.306755
-1.19412 0.307007

-1.19412 0.307007
-1.19409 0.30703

-1.19409 0.307031
-1.19379 0.307306

-1.19379 0.307306
-1.19378 0.307312

-1.19378 0.307312
-1.19348 0.307582

-1.19348 0.307582
-1.19344 0.307617

-1.19344 0.307617
-1.19318 0.307857

-1.19318 0.307857
-1.1931 0.307922

-1.1931 0.307922
-1.19287 0.308132

-1.19287 0.308133
-1.19277 0.308228

-1.19277 0.308228
-1.19257 0.308407

-1.19257 0.308409
-1.19243 0.308533

-1.19243 0.308533
-1.19226 0.308682

-1.19226 0.308684
-1.19209 0.308838

-1.19209 0.308838
-1.19196 0.308958

-1.19196 0.30896
-1.19175 0.309143

-1.19175 0.309143
-1.19165 0.309233

-1.19165 0.309234
-1.19141 0.309448

-1.19141 0.309448
-1.19135 0.309508

-1.19135 0.309509
-1.19107 0.309753

-1.19107 0.309753
-1.19104 0.309783

-1.19104 0.309783
-1.19073 0.310058

-1.19073 0.310059
-1.19043 0.310333

-1.19043 0.310333
-1.1904 0.310364

-1.1904 0.310364
-1.19012 0.310608

-1.19012 0.310608
-1.19006 0.310669

-1.19006 0.310669
-1.18982 0.310882

-1.18982 0.310883
-1.18972 0.310974

-1.18972 0.310974
-1.18951 0.311156

-1.18951 0.311158
-1.18938 0.311279

-1.18938 0.311279
-1.18921 0.311431

-1.18921 0.311433
-1.18904 0.311584

-1.18904 0.311584
-1.1889 0.311706

-1.1889 0.311708
-1.1887 0.31189

-1.1887 0.31189
-1.1886 0.31198

-1.1886 0.311981
-1.18836 0.312195

-1.18836 0.312195
-1.18829 0.312255

-1.18829 0.312255
-1.18802 0.3125

-1.18802 0.3125
-1.18799 0.312529

-1.18799 0.312529
-1.18768 0.312803

-1.18768 0.312803
-1.18768 0.312805

-1.18768 0.312805
-1.18738 0.313077

-1.18738 0.313077
-1.18734 0.31311

-1.18734 0.31311
-1.18707 0.313351

-1.18707 0.313352
-1.187 0.313416

-1.187 0.313416
-1.18677 0.313625

-1.18677 0.313626
-1.18666 0.313721

-1.18666 0.313721
-1.18646 0.313898

-1.18646 0.3139
-1.18632 0.314026

-1.18632 0.314026
-1.18616 0.314172

-1.18616 0.314174
-1.18598 0.314331

-1.18598 0.314331
-1.18585 0.314446

-1.18585 0.314448
-1.18564 0.314636

-1.18564 0.314636
-1.18555 0.31472

-1.18555 0.314721
-1.1853 0.314941

-1.1853 0.314941
-1.18524 0.314993

-1.18524 0.314994
-1.18496 0.315247

-1.18496 0.315247
-1.18494 0.315267

-1.18494 0.315267
-1.18463 0.315541

-1.18463 0.315541
-1.18462 0.315552

-1.18462 0.315552
-1.18433 0.315814

-1.18433 0.315814
-1.18428 0.315857

-1.18428 0.315857
-1.18402 0.316087

-1.18402 0.316088
-1.18394 0.316162

-1.18394 0.316162
-1.18372 0.31636

-1.18372 0.316361
-1.1836 0.316467

-1.1836 0.316467
-1.18341 0.316632

-1.18341 0.316635
-1.18326 0.316772

-1.18326 0.316772
-1.18311 0.316906

-1.18311 0.316908
-1.18291 0.317078

-1.18291 0.317078
-1.1828 0.317179

-1.1828 0.31718
-1.18257 0.317383

-1.18257 0.317383
-1.1825 0.317452

-1.1825 0.317453
-1.18223 0.317688

-1.18223 0.317688
-1.18219 0.317725

-1.18219 0.317725
-1.18189 0.317993

-1.18189 0.317993
-1.18188 0.317998

-1.18188 0.317998
-1.18158 0.318271

-1.18158 0.318271
-1.18155 0.318298

-1.18155 0.318298
-1.18127 0.318543

-1.18127 0.318543
-1.18121 0.318604

-1.18121 0.318604
-1.18097 0.318816

-1.18097 0.318816
-1.18087 0.318909

-1.18087 0.318909
-1.18066 0.319087

-1.18066 0.319089
-1.18052 0.319214

-1.18052 0.319214
-1.18036 0.31936

-1.18036 0.319362
-1.18018 0.319519

-1.18018 0.319519
-1.18005 0.319632

-1.18005 0.319634
-1.17984 0.319824

-1.17984 0.319824
-1.17975 0.319905

-1.17975 0.319905
-1.1795 0.320129

-1.1795 0.320129
-1.17944 0.320177

-1.17944 0.320177
-1.17915 0.320435

-1.17915 0.320435
-1.17914 0.320449

-1.17914 0.320449
-1.17883 0.320721

-1.17883 0.320721
-1.17881 0.32074

-1.17881 0.32074
-1.17853 0.320993

-1.17853 0.320993
-1.17847 0.321045

-1.17847 0.321045
-1.17822 0.321265

-1.17822 0.321266
-1.17813 0.32135

-1.17813 0.32135
-1.17792 0.321536

-1.17792 0.321538
-1.17778 0.321655

-1.17779 0.321655
-1.17761 0.321808

-1.17761 0.32181
-1.17744 0.32196

-1.17744 0.32196
-1.17731 0.32208

-1.17731 0.322081
-1.1771 0.322266

-1.1771 0.322266
-1.177 0.322351

-1.177 0.322352
-1.17676 0.322571

-1.17676 0.322571
-1.1767 0.322623

-1.1767 0.322624
-1.17641 0.322876

-1.17641 0.322876
-1.17639 0.322895

-1.17639 0.322895
-1.17609 0.323166

-1.17609 0.323166
-1.17607 0.323181

-1.17607 0.323181
-1.17578 0.323438

-1.17578 0.323438
-1.17573 0.323486

-1.17573 0.323486
-1.17548 0.323709

-1.17548 0.323709
-1.17538 0.323792

-1.17538 0.323792
-1.17517 0.323979

-1.17517 0.323981
-1.17504 0.324097

-1.17504 0.324097
-1.17487 0.32425

-1.17487 0.324252
-1.1747 0.324402

-1.1747 0.324402
-1.17456 0.324521

-1.17456 0.324523
-1.17435 0.324707

-1.17435 0.324707
-1.17426 0.324792

-1.17426 0.324793
-1.17401 0.325012

-1.17401 0.325012
-1.17395 0.325063

-1.17395 0.325064
-1.17366 0.325317

-1.17366 0.325317
-1.17365 0.325334

-1.17365 0.325335
-1.17334 0.325605

-1.17334 0.325605
-1.17332 0.325623

-1.17332 0.325623
-1.17303 0.325876

-1.17303 0.325876
-1.17298 0.325928

-1.17298 0.325928
-1.17273 0.326146

-1.17273 0.326147
-1.17263 0.326233

-1.17263 0.326233
-1.17242 0.326416

-1.17242 0.326418
-1.17229 0.326538

-1.17229 0.326538
-1.17212 0.326686

-1.17212 0.326689
-1.17194 0.326843

-1.17194 0.326843
-1.17181 0.326957

-1.17181 0.326959
-1.1716 0.327148

-1.1716 0.327148
-1.17151 0.327227

-1.17151 0.327228
-1.17125 0.327454

-1.17125 0.327454
-1.1712 0.327498

-1.1712 0.327498
-1.17091 0.327759

-1.17091 0.327759
-1.1709 0.327768

-1.1709 0.327768
-1.17059 0.328038

-1.17059 0.328038
-1.17056 0.328064

-1.17056 0.328064
-1.17029 0.328308

-1.17029 0.328308
-1.17022 0.328369

-1.17022 0.328369
-1.16998 0.328578

-1.16998 0.328579
-1.16987 0.328674

-1.16988 0.328674
-1.16968 0.328847

-1.16968 0.328849
-1.16953 0.328979

-1.16953 0.328979
-1.16937 0.329117

-1.16937 0.329119
-1.16918 0.329285

-1.16918 0.329285
-1.16907 0.329387

-1.16907 0.329388
-1.16884 0.32959

-1.16884 0.32959
-1.16876 0.329657

-1.16876 0.329657
-1.16849 0.329895

-1.16849 0.329895
-1.16846 0.329926

-1.16846 0.329927
-1.16815 0.330196

-1.16815 0.330196
-1.16815 0.3302

-1.16815 0.3302
-1.16785 0.330465

-1.16785 0.330465
-1.1678 0.330505

-1.1678 0.330505
-1.16754 0.330735

-1.16754 0.330735
-1.16746 0.330811

-1.16746 0.330811
-1.16724 0.331003

-1.16724 0.331005
-1.16711 0.331116

-1.16711 0.331116
-1.16693 0.331272

-1.16693 0.331274
-1.16676 0.331421

-1.16676 0.331421
-1.16663 0.331541

-1.16663 0.331543
-1.16642 0.331726

-1.16642 0.331726
-1.16632 0.331811

-1.16632 0.331811
-1.16607 0.332031

-1.16607 0.332031
-1.16602 0.33208

-1.16602 0.33208
-1.16572 0.332336

-1.16572 0.332336
-1.16571 0.332349

-1.16571 0.332349
-1.16541 0.332618

-1.16541 0.332618
-1.16538 0.332642

-1.16538 0.332642
-1.1651 0.332886

-1.1651 0.332887
-1.16503 0.332947

-1.16503 0.332947
-1.16479 0.333155

-1.16479 0.333156
-1.16468 0.333252

-1.16469 0.333252
-1.16449 0.333422

-1.16449 0.333425
-1.16434 0.333557

-1.16434 0.333557
-1.16418 0.333691

-1.16418 0.333693
-1.16399 0.333862

-1.16399 0.333862
-1.16388 0.33396

-1.16388 0.333961
-1.16364 0.334167

-1.16364 0.334167
-1.16357 0.334228

-1.16357 0.334229
-1.1633 0.334473

-1.1633 0.334473
-1.16327 0.334497

-1.16327 0.334497
-1.16296 0.334765

-1.16296 0.334765
-1.16295 0.334778

-1.16295 0.334778
-1.16266 0.335033

-1.16266 0.335033
-1.1626 0.335083

-1.1626 0.335083
-1.16235 0.335301

-1.16235 0.335302
-1.16225 0.335388

-1.16226 0.335388
-1.16205 0.335568

-1.16205 0.33557
-1.16191 0.335693

-1.16191 0.335693
-1.16174 0.335836

-1.16174 0.335839
-1.16156 0.335999

-1.16156 0.335999
-1.16144 0.336104

-1.16144 0.336105
-1.16121 0.336304

-1.16121 0.336304
-1.16113 0.336372

-1.16113 0.336373
-1.16086 0.336609

-1.16086 0.336609
-1.16083 0.33664

-1.16083 0.33664
-1.16052 0.336908

-1.16052 0.336908
-1.16052 0.336914

-1.16052 0.336914
-1.16022 0.337175

-1.16022 0.337175
-1.16017 0.337219

-1.16017 0.337219
-1.15991 0.337443

-1.15991 0.337443
-1.15982 0.337524

-1.15982 0.337524
-1.15961 0.33771

-1.15961 0.337711
-1.15947 0.33783

-1.15947 0.33783
-1.1593 0.337976

-1.1593 0.337979
-1.15912 0.338135

-1.15912 0.338135
-1.159 0.338244

-1.159 0.338245
-1.15877 0.33844

-1.15877 0.33844
-1.15869 0.338511

-1.15869 0.338512
-1.15842 0.338745

-1.15842 0.338745
-1.15839 0.338778

-1.15839 0.338779
-1.15808 0.339046

-1.15808 0.339046
-1.15808 0.33905

-1.15808 0.33905
-1.15778 0.339313

-1.15778 0.339313
-1.15773 0.339355

-1.15773 0.339355
-1.15747 0.33958

-1.15747 0.33958
-1.15738 0.339661

-1.15738 0.339661
-1.15717 0.339846

-1.15717 0.339847
-1.15703 0.339966

-1.15703 0.339966
-1.15686 0.340112

-1.15686 0.340114
-1.15668 0.340271

-1.15668 0.340271
-1.15656 0.340379

-1.15656 0.34038
-1.15633 0.340576

-1.15633 0.340576
-1.15625 0.340646

-1.15625 0.340646
-1.15598 0.340881

-1.15598 0.340881
-1.15594 0.340912

-1.15594 0.340913
-1.15564 0.341179

-1.15564 0.341179
-1.15563 0.341187

-1.15563 0.341187
-1.15533 0.341445

-1.15533 0.341445
-1.15528 0.341492

-1.15528 0.341492
-1.15503 0.341711

-1.15503 0.341712
-1.15493 0.341797

-1.15493 0.341797
-1.15472 0.341977

-1.15472 0.341979
-1.15458 0.342102

-1.15458 0.342102
-1.15442 0.342243

-1.15442 0.342245
-1.15423 0.342407

-1.15423 0.342407
-1.15411 0.342509

-1.15411 0.34251
-1.15388 0.342712

-1.15388 0.342712
-1.15381 0.342775

-1.15381 0.342776
-1.15353 0.343018

-1.15353 0.343018
-1.1535 0.343041

-1.1535 0.343042
-1.1532 0.343307

-1.1532 0.343307
-1.15318 0.343323

-1.15318 0.343323
-1.15289 0.343573

-1.15289 0.343573
-1.15283 0.343628

-1.15283 0.343628
-1.15259 0.343839

-1.15259 0.343839
-1.15248 0.343933

-1.15248 0.343933
-1.15228 0.344103

-1.15228 0.344105
-1.15213 0.344238

-1.15213 0.344238
-1.15198 0.344369

-1.15198 0.344371
-1.15178 0.344543

-1.15178 0.344543
-1.15167 0.344634

-1.15167 0.344635
-1.15143 0.344849

-1.15143 0.344849
-1.15137 0.3449

-1.15137 0.344901
-1.15108 0.345154

-1.15108 0.345154
-1.15106 0.345165

-1.15106 0.345166
-1.15076 0.345431

-1.15076 0.345431
-1.15072 0.345459

-1.15072 0.345459
-1.15045 0.345696

-1.15045 0.345696
-1.15037 0.345764

-1.15037 0.345764
-1.15015 0.345961

-1.15015 0.345962
-1.15002 0.346069

-1.15002 0.346069
-1.14984 0.346225

-1.14984 0.346227
-1.14967 0.346375

-1.14967 0.346375
-1.14954 0.34649

-1.14954 0.346492
-1.14932 0.34668

-1.14932 0.34668
-1.14923 0.346755

-1.14923 0.346756
-1.14897 0.346985

-1.14897 0.346985
-1.14893 0.34702

-1.14893 0.347021
-1.14862 0.347285

-1.14862 0.347285
-1.14861 0.34729

-1.14861 0.34729
-1.14832 0.34755

-1.14832 0.34755
-1.14826 0.347595

-1.14826 0.347595
-1.14801 0.347814

-1.14801 0.347815
-1.14791 0.3479

-1.14791 0.3479
-1.14771 0.348078

-1.14771 0.34808
-1.14756 0.348206

-1.14756 0.348206
-1.1474 0.348342

-1.1474 0.348344
-1.14721 0.348511

-1.14721 0.348511
-1.14709 0.348607

-1.14709 0.348608
-1.14685 0.348816

-1.14685 0.348816
-1.14679 0.348871

-1.14679 0.348872
-1.1465 0.349121

-1.1465 0.349121
-1.14648 0.349135

-1.14648 0.349136
-1.14618 0.3494

-1.14618 0.3494
-1.14615 0.349426

-1.14615 0.349426
-1.14587 0.349664

-1.14587 0.349664
-1.1458 0.349731

-1.1458 0.349731
-1.14557 0.349928

-1.14557 0.349929
-1.14544 0.350037

-1.14544 0.350037
-1.14526 0.35019

-1.14526 0.350193
-1.14509 0.350342

-1.14509 0.350342
-1.14496 0.350455

-1.14496 0.350456
-1.14474 0.350647

-1.14474 0.350647
-1.14465 0.350719

-1.14465 0.350719
-1.14438 0.350952

-1.14438 0.350952
-1.14435 0.350982

-1.14435 0.350983
-1.14404 0.351246

-1.14404 0.351246
-1.14403 0.351257

-1.14403 0.351257
-1.14374 0.35151

-1.14374 0.35151
-1.14368 0.351562

-1.14368 0.351562
-1.14343 0.351773

-1.14343 0.351774
-1.14332 0.351868

-1.14332 0.351868
-1.14313 0.352036

-1.14313 0.352038
-1.14297 0.352173

-1.14297 0.352173
-1.14282 0.352299

-1.14282 0.352301
-1.14262 0.352478

-1.14262 0.352478
-1.14252 0.352563

-1.14252 0.352563
-1.14226 0.352783

-1.14226 0.352783
-1.14221 0.352826

-1.14221 0.352826
-1.14191 0.353088

-1.14191 0.353088
-1.14191 0.353089

-1.14191 0.35309
-1.1416 0.353353

-1.1416 0.353353
-1.14155 0.353394

-1.14155 0.353394
-1.1413 0.353616

-1.1413 0.353616
-1.1412 0.353699

-1.1412 0.353699
-1.14099 0.353878

-1.14099 0.353879
-1.14084 0.354004

-1.14085 0.354004
-1.14069 0.35414

-1.14069 0.354142
-1.14049 0.354309

-1.14049 0.354309
-1.14038 0.354403

-1.14038 0.354404
-1.14014 0.354614

-1.14014 0.354614
-1.14008 0.354666

-1.14008 0.354667
-1.13978 0.354919

-1.13978 0.354919
-1.13977 0.354929

-1.13977 0.354929
-1.13947 0.355192

-1.13947 0.355192
-1.13943 0.355225

-1.13943 0.355225
-1.13916 0.355454

-1.13916 0.355454
-1.13907 0.35553

-1.13907 0.35553
-1.13885 0.355716

-1.13885 0.355718
-1.13872 0.355835

-1.13872 0.355835
-1.13855 0.355978

-1.13855 0.35598
-1.13836 0.35614

-1.13836 0.35614
-1.13824 0.35624

-1.13824 0.356241
-1.13801 0.356445

-1.13801 0.356445
-1.13794 0.356503

-1.13794 0.356503
-1.13765 0.35675

-1.13765 0.35675
-1.13763 0.356765

-1.13763 0.356765
-1.13733 0.357027

-1.13733 0.357027
-1.1373 0.357056

-1.1373 0.357056
-1.13702 0.357289

-1.13702 0.35729
-1.13694 0.357361

-1.13694 0.357361
-1.13672 0.357551

-1.13672 0.357552
-1.13658 0.357666

-1.13659 0.357666
-1.13641 0.357812

-1.13641 0.357814
-1.13623 0.357971

-1.13623 0.357971
-1.13611 0.358074

-1.13611 0.358075
-1.13587 0.358276

-1.13587 0.358276
-1.1358 0.358336

-1.1358 0.358336
-1.13552 0.358582

-1.13552 0.358582
-1.1355 0.358597

-1.1355 0.358598
-1.13519 0.358859

-1.13519 0.358859
-1.13516 0.358887

-1.13516 0.358887
-1.13489 0.359121

-1.13489 0.359121
-1.1348 0.359192

-1.1348 0.359192
-1.13458 0.359382

-1.13458 0.359383
-1.13445 0.359497

-1.13445 0.359497
-1.13428 0.359642

-1.13428 0.359645
-1.13409 0.359802

-1.13409 0.359802
-1.13397 0.359904

-1.13397 0.359905
-1.13374 0.360107

-1.13373 0.360107
-1.13367 0.360165

-1.13367 0.360166
-1.13338 0.360413

-1.13338 0.360413
-1.13336 0.360426

-1.13336 0.360427
-1.13306 0.360688

-1.13306 0.360688
-1.13302 0.360718

-1.13302 0.360718
-1.13275 0.360949

-1.13275 0.360949
-1.13266 0.361023

-1.13266 0.361023
-1.13245 0.361209

-1.13245 0.36121
-1.13231 0.361328

-1.13231 0.361328
-1.13214 0.361469

-1.13214 0.361471
-1.13195 0.361633

-1.13195 0.361633
-1.13184 0.36173

-1.13184 0.361731
-1.13159 0.361938

-1.13159 0.361938
-1.13153 0.361991

-1.13153 0.361992
-1.13124 0.362244

-1.13123 0.362244
-1.13123 0.362252

-1.13123 0.362252
-1.13092 0.362513

-1.13092 0.362513
-1.13088 0.362549

-1.13088 0.362549
-1.13062 0.362773

-1.13062 0.362773
-1.13052 0.362854

-1.13052 0.362854
-1.13031 0.363033

-1.13031 0.363034
-1.13016 0.363159

-1.13016 0.363159
-1.13 0.363292

-1.13 0.363295
-1.1298 0.363464

-1.1298 0.363464
-1.1297 0.363553

-1.1297 0.363554
-1.12945 0.36377

-1.12945 0.36377
-1.12939 0.363813

-1.12939 0.363814
-1.12909 0.364074

-1.12909 0.364074
-1.12909 0.364075

-1.12909 0.364075
-1.12878 0.364334

-1.12878 0.364334
-1.12873 0.36438

-1.12873 0.36438
-1.12848 0.364594

-1.12848 0.364594
-1.12837 0.364685

-1.12837 0.364685
-1.12817 0.364853

-1.12817 0.364855
-1.12801 0.36499

-1.12801 0.36499
-1.12787 0.365113

-1.12787 0.365114
-1.12765 0.365295

-1.12765 0.365295
-1.12756 0.365373

-1.12756 0.365373
-1.1273 0.365601

-1.1273 0.365601
-1.12726 0.365632

-1.12726 0.365633
-1.12695 0.365893

-1.12695 0.365893
-1.12694 0.365906

-1.12694 0.365906
-1.12665 0.366152

-1.12665 0.366152
-1.12658 0.366211

-1.12658 0.366211
-1.12634 0.366412

-1.12634 0.366412
-1.12622 0.366516

-1.12622 0.366516
-1.12604 0.36667

-1.12604 0.366672
-1.12586 0.366821

-1.12586 0.366821
-1.12573 0.366929

-1.12573 0.366931
-1.1255 0.367126

-1.1255 0.367126
-1.12543 0.367189

-1.12543 0.36719
-1.12514 0.367432

-1.12514 0.367432
-1.12512 0.367448

-1.12512 0.367449
-1.12482 0.367708

-1.12482 0.367708
-1.12478 0.367737

-1.12478 0.367737
-1.12451 0.367967

-1.12451 0.367967
-1.12442 0.368042

-1.12442 0.368042
-1.12421 0.368226

-1.12421 0.368227
-1.12406 0.368347

-1.12406 0.368347
-1.1239 0.368483

-1.1239 0.368486
-1.1237 0.368652

-1.1237 0.368652
-1.1236 0.368743

-1.1236 0.368744
-1.12334 0.368958

-1.12334 0.368958
-1.12329 0.369002

-1.12329 0.369002
-1.12299 0.369261

-1.12299 0.369261
-1.12298 0.369263

-1.12298 0.369263
-1.12268 0.36952

-1.12268 0.36952
-1.12262 0.369568

-1.12262 0.369568
-1.12238 0.369778

-1.12238 0.369779
-1.12226 0.369873

-1.12226 0.369873
-1.12207 0.370036

-1.12207 0.370038
-1.1219 0.370178

-1.1219 0.370178
-1.12177 0.370294

-1.12177 0.370295
-1.12154 0.370483

-1.12154 0.370483
-1.12146 0.370553

-1.12146 0.370553
-1.12118 0.370789

-1.12118 0.370789
-1.12115 0.370811

-1.12115 0.370812
-1.12085 0.37107

-1.12085 0.37107
-1.12082 0.371094

-1.12082 0.371094
-1.12054 0.371328

-1.12054 0.371328
-1.12046 0.371399

-1.12046 0.371399
-1.12024 0.371586

-1.12024 0.371587
-1.1201 0.371704

-1.1201 0.371704
-1.11993 0.371843

-1.11993 0.371845
-1.11974 0.372009

-1.11974 0.372009
-1.11963 0.372101

-1.11963 0.372102
-1.11938 0.372314

-1.11938 0.372314
-1.11932 0.372359

-1.11932 0.37236
-1.11902 0.372617

-1.11902 0.372617
-1.11902 0.37262

-1.11902 0.37262
-1.11871 0.372875

-1.11871 0.372875
-1.11865 0.372925

-1.11865 0.372925
-1.11841 0.373133

-1.11841 0.373133
-1.11829 0.37323

-1.11829 0.37323
-1.1181 0.37339

-1.1181 0.373392
-1.11793 0.373535

-1.11793 0.373535
-1.1178 0.373647

-1.1178 0.373648
-1.11757 0.37384

-1.11757 0.37384
-1.11749 0.373905

-1.11749 0.373905
-1.11721 0.374146

-1.11721 0.374146
-1.11719 0.374162

-1.11719 0.374163
-1.11688 0.37442

-1.11688 0.37442
-1.11685 0.374451

-1.11685 0.374451
-1.11658 0.374677

-1.11658 0.374677
-1.11648 0.374756

-1.11648 0.374756
-1.11627 0.374934

-1.11627 0.374935
-1.11612 0.375061

-1.11612 0.375061
-1.11597 0.37519

-1.11597 0.375192
-1.11576 0.375366

-1.11576 0.375366
-1.11566 0.375447

-1.11566 0.375448
-1.1154 0.375671

-1.1154 0.375671
-1.11536 0.375704

-1.11536 0.375705
-1.11505 0.375962

-1.11505 0.375962
-1.11503 0.375977

-1.11503 0.375977
-1.11475 0.376219

-1.11475 0.376219
-1.11467 0.376282

-1.11467 0.376282
-1.11444 0.376475

-1.11444 0.376476
-1.11431 0.376587

-1.11431 0.376587
-1.11414 0.376731

-1.11414 0.376733
-1.11394 0.376892

-1.11395 0.376892
-1.11383 0.376987

-1.11383 0.376988
-1.11358 0.377197

-1.11358 0.377197
-1.11353 0.377244

-1.11353 0.377245
-1.11322 0.377501

-1.11322 0.377501
-1.11322 0.377502

-1.11322 0.377502
-1.11292 0.377757

-1.11292 0.377757
-1.11286 0.377808

-1.11286 0.377808
-1.11261 0.378014

-1.11261 0.378014
-1.11249 0.378113

-1.11249 0.378113
-1.1123 0.378269

-1.1123 0.378271
-1.11213 0.378418

-1.11213 0.378418
-1.112 0.378525

-1.112 0.378526
-1.11176 0.378723

-1.11176 0.378723
-1.11169 0.378781

-1.11169 0.378782
-1.1114 0.379028

-1.1114 0.379028
-1.11139 0.379037

-1.11139 0.379038
-1.11108 0.379294

-1.11108 0.379294
-1.11104 0.379333

-1.11104 0.379333
-1.11078 0.379549

-1.11078 0.37955
-1.11067 0.379639

-1.11067 0.379639
-1.11047 0.379805

-1.11047 0.379807
-1.11031 0.379944

-1.11031 0.379944
-1.11017 0.38006

-1.11017 0.380061
-1.10994 0.380249

-1.10994 0.380249
-1.10986 0.380316

-1.10986 0.380316
-1.10958 0.380554

-1.10958 0.380554
-1.10956 0.380571

-1.10956 0.380572
-1.10925 0.380827

-1.10925 0.380827
-1.10921 0.380859

-1.10921 0.380859
-1.10895 0.381083

-1.10895 0.381083
-1.10885 0.381165

-1.10885 0.381165
-1.10864 0.381337

-1.10864 0.381339
-1.10848 0.38147

-1.10849 0.38147
-1.10834 0.381592

-1.10834 0.381593
-1.10812 0.381775

-1.10812 0.381775
-1.10803 0.381847

-1.10803 0.381848
-1.10775 0.38208

-1.10775 0.38208
-1.10773 0.382103

-1.10773 0.382103
-1.10742 0.382358

-1.10742 0.382358
-1.10739 0.382385

-1.10739 0.382385
-1.10712 0.382613

-1.10712 0.382613
-1.10702 0.38269

-1.10702 0.38269
-1.10681 0.382868

-1.10681 0.382869
-1.10666 0.382996

-1.10666 0.382996
-1.10651 0.383121

-1.10651 0.383123
-1.10629 0.383301

-1.10629 0.383301
-1.1062 0.383377

-1.1062 0.383378
-1.10593 0.383606

-1.10593 0.383606
-1.1059 0.383632

-1.1059 0.383632
-1.10559 0.383887

-1.10559 0.383887
-1.10556 0.383911

-1.10556 0.383911
-1.10529 0.384141

-1.10529 0.384142
-1.1052 0.384216

-1.1052 0.384216
-1.10498 0.384395

-1.10498 0.384397
-1.10483 0.384521

-1.10483 0.384521
-1.10468 0.384649

-1.10468 0.384651
-1.10446 0.384827

-1.10446 0.384827
-1.10437 0.384904

-1.10437 0.384904
-1.1041 0.385132

-1.1041 0.385132
-1.10406 0.385158

-1.10406 0.385159
-1.10376 0.385413

-1.10376 0.385413
-1.10373 0.385437

-1.10373 0.385437
-1.10345 0.385667

-1.10345 0.385667
-1.10336 0.385742

-1.10336 0.385742
-1.10315 0.385921

-1.10315 0.385922
-1.103 0.386047

-1.103 0.386047
-1.10284 0.386174

-1.10284 0.386175
-1.10263 0.386353

-1.10263 0.386353
-1.10254 0.386428

-1.10254 0.386429
-1.10226 0.386658

-1.10226 0.386658
-1.10223 0.386682

-1.10223 0.386683
-1.10193 0.386936

-1.10193 0.386936
-1.1019 0.386963

-1.1019 0.386963
-1.10162 0.38719

-1.10162 0.38719
-1.10153 0.387268

-1.10153 0.387268
-1.10132 0.387443

-1.10132 0.387445
-1.10116 0.387573

-1.10116 0.387573
-1.10101 0.387696

-1.10101 0.387698
-1.1008 0.387878

-1.10079 0.387878
-1.10071 0.38795

-1.10071 0.387951
-1.10043 0.388184

-1.10043 0.388184
-1.1004 0.388203

-1.1004 0.388204
-1.1001 0.388457

-1.1001 0.388457
-1.10006 0.388489

-1.10006 0.388489
-1.09979 0.388711

-1.09979 0.388711
-1.09969 0.388794

-1.09969 0.388794
-1.09949 0.388964

-1.09949 0.388965
-1.09932 0.389099

-1.09933 0.389099
-1.09918 0.389216

-1.09918 0.389217
-1.09896 0.389404

-1.09896 0.389404
-1.09888 0.389469

-1.09888 0.38947
-1.09859 0.389709

-1.09859 0.389709
-1.09857 0.389722

-1.09857 0.389723
-1.09827 0.389976

-1.09827 0.389976
-1.09822 0.390015

-1.09822 0.390015
-1.09796 0.390229

-1.09796 0.390229
-1.09785 0.39032

-1.09785 0.39032
-1.09766 0.390481

-1.09766 0.390483
-1.09748 0.390625

-1.09748 0.390625
-1.09735 0.390733

-1.09735 0.390735
-1.09711 0.39093

-1.09711 0.39093
-1.09705 0.390986

-1.09705 0.390987
-1.09675 0.391235

-1.09675 0.391235
-1.09674 0.391239

-1.09674 0.39124
-1.09644 0.391492

-1.09644 0.391492
-1.09638 0.391541

-1.09638 0.391541
-1.09613 0.391745

-1.09613 0.391745
-1.09601 0.391846

-1.09601 0.391846
-1.09583 0.391996

-1.09583 0.391998
-1.09564 0.392151

-1.09564 0.392151
-1.09552 0.392248

-1.09552 0.392249
-1.09527 0.392456

-1.09527 0.392456
-1.09521 0.392501

-1.09521 0.392501
-1.09491 0.392754

-1.09491 0.392754
-1.0949 0.392761

-1.0949 0.392761
-1.0946 0.393006

-1.0946 0.393006
-1.09453 0.393066

-1.09453 0.393066
-1.0943 0.393258

-1.0943 0.393259
-1.09416 0.393372

-1.09416 0.393372
-1.09399 0.393509

-1.09399 0.39351
-1.09379 0.393677

-1.09379 0.393677
-1.09369 0.393761

-1.09369 0.393762
-1.09342 0.393982

-1.09342 0.393982
-1.09338 0.394013

-1.09338 0.394014
-1.09308 0.394265

-1.09308 0.394265
-1.09305 0.394287

-1.09305 0.394287
-1.09277 0.394517

-1.09277 0.394517
-1.09268 0.394592

-1.09268 0.394592
-1.09247 0.394769

-1.09247 0.39477
-1.09231 0.394897

-1.09231 0.394897
-1.09216 0.395019

-1.09216 0.395021
-1.09194 0.395203

-1.09194 0.395203
-1.09186 0.395271

-1.09186 0.395272
-1.09157 0.395508

-1.09157 0.395508
-1.09155 0.395523

-1.09155 0.395523
-1.09125 0.395775

-1.09125 0.395775
-1.0912 0.395813

-1.0912 0.395813
-1.09094 0.396026

-1.09094 0.396027
-1.09083 0.396118

-1.09083 0.396118
-1.09064 0.396277

-1.09064 0.396279
-1.09046 0.396423

-1.09046 0.396423
-1.09033 0.396528

-1.09033 0.396529
-1.09009 0.396729

-1.09009 0.396729
-1.09003 0.396779

-1.09003 0.39678
-1.08972 0.397031

-1.08972 0.397031
-1.08972 0.397034

-1.08972 0.397034
-1.08942 0.397282

-1.08942 0.397282
-1.08935 0.397339

-1.08935 0.397339
-1.08911 0.397533

-1.08911 0.397534
-1.08898 0.397644

-1.08898 0.397644
-1.08881 0.397783

-1.08881 0.397785
-1.08861 0.397949

-1.08861 0.397949
-1.0885 0.398034

-1.0885 0.398035
-1.08823 0.398254

-1.08823 0.398254
-1.0882 0.398285

-1.0882 0.398286
-1.08789 0.398537

-1.08789 0.398537
-1.08786 0.39856

-1.08786 0.39856
-1.08759 0.398787

-1.08759 0.398788
-1.08749 0.398865

-1.08749 0.398865
-1.08728 0.399038

-1.08728 0.399039
-1.08712 0.39917

-1.08712 0.39917
-1.08698 0.399287

-1.08698 0.399289
-1.08675 0.399475

-1.08675 0.399475
-1.08667 0.399538

-1.08667 0.399539
-1.08638 0.39978

-1.08638 0.39978
-1.08636 0.399789

-1.08636 0.39979
-1.08606 0.40004

-1.08606 0.40004
-1.086 0.400085

-1.086 0.400085
-1.08575 0.40029

-1.08575 0.400291
-1.08563 0.400391

-1.08563 0.400391
-1.08545 0.40054

-1.08545 0.400541
-1.08526 0.400696

-1.08526 0.400696
-1.08514 0.40079

-1.08514 0.400791
-1.08489 0.401001

-1.08489 0.401001
-1.08484 0.40104

-1.08484 0.401041
-1.08453 0.401291

-1.08453 0.401291
-1.08452 0.401306

-1.08452 0.401306
-1.08423 0.401541

-1.08423 0.401542
-1.08414 0.401611

-1.08414 0.401611
-1.08392 0.401791

-1.08392 0.401793
-1.08377 0.401917

-1.08377 0.401917
-1.08362 0.40204

-1.08362 0.402042
-1.0834 0.402222

-1.0834 0.402222
-1.08331 0.40229

-1.08331 0.402291
-1.08303 0.402527

-1.08302 0.402527
-1.08301 0.40254

-1.08301 0.402541
-1.0827 0.402791

-1.0827 0.402791
-1.08265 0.402832

-1.08265 0.402832
-1.0824 0.403041

-1.0824 0.403041
-1.08228 0.403137

-1.08228 0.403137
-1.08209 0.40329

-1.08209 0.403291
-1.08191 0.403442

-1.08191 0.403442
-1.08179 0.403539

-1.08179 0.40354
-1.08153 0.403748

-1.08153 0.403748
-1.08148 0.403789

-1.08148 0.403789
-1.08118 0.404039

-1.08118 0.404039
-1.08116 0.404053

-1.08116 0.404053
-1.08087 0.404288

-1.08087 0.404289
-1.08079 0.404358

-1.08079 0.404358
-1.08057 0.404538

-1.08057 0.404539
-1.08041 0.404663

-1.08041 0.404663
-1.08026 0.404786

-1.08026 0.404787
-1.08004 0.404968

-1.08004 0.404968
-1.07996 0.405036

-1.07996 0.405036
-1.07967 0.405273

-1.07966 0.405273
-1.07965 0.405285

-1.07965 0.405286
-1.07935 0.405535

-1.07935 0.405535
-1.07929 0.405579

-1.07929 0.405579
-1.07904 0.405784

-1.07904 0.405785
-1.07892 0.405884

-1.07892 0.405884
-1.07874 0.406032

-1.07874 0.406034
-1.07854 0.406189

-1.07854 0.406189
-1.07843 0.406281

-1.07843 0.406282
-1.07817 0.406494

-1.07817 0.406494
-1.07812 0.40653

-1.07812 0.406531
-1.07782 0.40678

-1.07782 0.40678
-1.0778 0.406799

-1.0778 0.406799
-1.07751 0.407029

-1.07751 0.407029
-1.07742 0.407104

-1.07742 0.407104
-1.07721 0.407277

-1.07721 0.407279
-1.07705 0.40741

-1.07705 0.40741
-1.0769 0.407525

-1.0769 0.407526
-1.07667 0.407715

-1.07667 0.407715
-1.0766 0.407774

-1.0766 0.407775
-1.0763 0.40802

-1.0763 0.40802
-1.07629 0.408023

-1.07629 0.408023
-1.07599 0.408272

-1.07599 0.408272
-1.07592 0.408325

-1.07592 0.408325
-1.07568 0.40852

-1.07568 0.408521
-1.07555 0.40863

-1.07555 0.40863
-1.07538 0.408768

-1.07538 0.408769
-1.07517 0.408936

-1.07517 0.408936
-1.07507 0.409016

-1.07507 0.409017
-1.0748 0.409241

-1.0748 0.409241
-1.07477 0.409265

-1.07477 0.409266
-1.07446 0.409514

-1.07446 0.409514
-1.07442 0.409546

-1.07442 0.409546
-1.07416 0.409762

-1.07416 0.409763
-1.07405 0.409851

-1.07405 0.409851
-1.07385 0.41001

-1.07385 0.410011
-1.07367 0.410156

-1.07367 0.410156
-1.07355 0.410257

-1.07355 0.410258
-1.0733 0.410461

-1.0733 0.410461
-1.07324 0.410506

-1.07324 0.410506
-1.07294 0.410754

-1.07294 0.410754
-1.07292 0.410767

-1.07292 0.410767
-1.07263 0.411002

-1.07263 0.411002
-1.07255 0.411072

-1.07255 0.411072
-1.07233 0.41125

-1.07233 0.411251
-1.07217 0.411377

-1.07217 0.411377
-1.07202 0.411497

-1.07202 0.411498
-1.07179 0.411682

-1.07179 0.411682
-1.07172 0.411745

-1.07172 0.411746
-1.07142 0.411987

-1.07142 0.411987
-1.07141 0.411993

-1.07141 0.411993
-1.07111 0.412241

-1.07111 0.412241
-1.07104 0.412292

-1.07104 0.412292
-1.0708 0.412489

-1.0708 0.41249
-1.07067 0.412598

-1.07067 0.412598
-1.0705 0.412735

-1.0705 0.412737
-1.07029 0.412903

-1.07029 0.412903
-1.07019 0.412983

-1.07019 0.412984
-1.06991 0.413208

-1.06991 0.413208
-1.06989 0.41323

-1.06989 0.413231
-1.06958 0.413478

-1.06958 0.413479
-1.06954 0.413513

-1.06954 0.413513
-1.06927 0.413726

-1.06927 0.413726
-1.06916 0.413818

-1.06916 0.413818
-1.06897 0.413973

-1.06897 0.413974
-1.06878 0.414124

-1.06878 0.414124
-1.06866 0.414219

-1.06866 0.41422
-1.06841 0.414429

-1.06841 0.414429
-1.06836 0.414467

-1.06836 0.414467
-1.06805 0.414715

-1.06805 0.414715
-1.06803 0.414734

-1.06803 0.414734
-1.06775 0.414962

-1.06775 0.414962
-1.06765 0.415039

-1.06765 0.415039
-1.06744 0.415209

-1.06744 0.41521
-1.06728 0.415344

-1.06728 0.415344
-1.06714 0.415454

-1.06714 0.415456
-1.0669 0.415649

-1.0669 0.415649
-1.06683 0.415702

-1.06683 0.415702
-1.06653 0.415949

-1.06653 0.415949
-1.06652 0.415955

-1.06652 0.415955
-1.06622 0.416196

-1.06622 0.416196
-1.06614 0.41626

-1.06614 0.41626
-1.06592 0.416443

-1.06592 0.416444
-1.06577 0.416565

-1.06577 0.416565
-1.06561 0.416688

-1.06561 0.41669
-1.06539 0.41687

-1.06539 0.41687
-1.06531 0.416935

-1.06531 0.416936
-1.06501 0.417175

-1.06501 0.417175
-1.065 0.417182

-1.065 0.417183
-1.0647 0.417429

-1.0647 0.417429
-1.06463 0.41748

-1.06463 0.41748
-1.06439 0.417676

-1.06439 0.417677
-1.06425 0.417786

-1.06426 0.417786
-1.06409 0.417921

-1.06409 0.417922
-1.06388 0.418091

-1.06388 0.418091
-1.06378 0.418168

-1.06378 0.418169
-1.0635 0.418396

-1.0635 0.418396
-1.06348 0.418414

-1.06348 0.418415
-1.06317 0.418661

-1.06317 0.418661
-1.06312 0.418701

-1.06312 0.418701
-1.06287 0.418907

-1.06287 0.418908
-1.06274 0.419006

-1.06274 0.419006
-1.06256 0.419153

-1.06256 0.419154
-1.06236 0.419312

-1.06237 0.419312
-1.06226 0.419398

-1.06226 0.4194
-1.06199 0.419617

-1.06199 0.419617
-1.06195 0.419645

-1.06195 0.419646
-1.06165 0.419892

-1.06165 0.419892
-1.06161 0.419922

-1.06161 0.419922
-1.06134 0.420137

-1.06134 0.420138
-1.06123 0.420227

-1.06123 0.420227
-1.06104 0.420383

-1.06104 0.420384
-1.06085 0.420532

-1.06085 0.420532
-1.06073 0.420628

-1.06073 0.420629
-1.06047 0.420837

-1.06047 0.420837
-1.06042 0.420874

-1.06042 0.420875
-1.06012 0.421121

-1.06012 0.421121
-1.06009 0.421143

-1.06009 0.421143
-1.05981 0.421366

-1.05981 0.421367
-1.05971 0.421448

-1.05971 0.421448
-1.05951 0.421612

-1.05951 0.421613
-1.05933 0.421753

-1.05933 0.421753
-1.0592 0.421856

-1.0592 0.421858
-1.05896 0.422058

-1.05895 0.422058
-1.0589 0.422102

-1.0589 0.422103
-1.05859 0.422349

-1.05859 0.422349
-1.05858 0.422363

-1.05858 0.422363
-1.05829 0.422594

-1.05829 0.422594
-1.0582 0.422668

-1.0582 0.422668
-1.05798 0.422839

-1.05798 0.42284
-1.05782 0.422974

-1.05782 0.422974
-1.05768 0.423083

-1.05768 0.423085
-1.05744 0.423279

-1.05744 0.423279
-1.05737 0.423329

-1.05737 0.42333
-1.05707 0.423575

-1.05707 0.423575
-1.05706 0.423584

-1.05706 0.423584
-1.05676 0.42382

-1.05676 0.423821
-1.05668 0.423889

-1.05668 0.423889
-1.05646 0.424065

-1.05646 0.424066
-1.0563 0.424194

-1.0563 0.424194
-1.05615 0.424309

-1.05615 0.424311
-1.05592 0.4245

-1.05592 0.4245
-1.05585 0.424555

-1.05585 0.424555
-1.05554 0.4248

-1.05554 0.4248
-1.05554 0.424805

-1.05554 0.424805
-1.05524 0.425045

-1.05524 0.425046
-1.05516 0.42511

-1.05516 0.42511
-1.05493 0.42529

-1.05493 0.425291
-1.05478 0.425415

-1.05478 0.425415
-1.05463 0.425534

-1.05463 0.425535
-1.0544 0.42572

-1.0544 0.42572
-1.05432 0.425779

-1.05432 0.42578
-1.05402 0.426025

-1.05402 0.426025
-1.05402 0.426025

-1.05402 0.426025
-1.05371 0.426269

-1.05371 0.426269
-1.05363 0.426331

-1.05363 0.426331
-1.05341 0.426514

-1.05341 0.426515
-1.05325 0.426636

-1.05325 0.426636
-1.0531 0.426757

-1.0531 0.426759
-1.05287 0.426941

-1.05287 0.426941
-1.0528 0.427002

-1.0528 0.427003
-1.05249 0.427246

-1.05249 0.427246
-1.05249 0.427247

-1.05249 0.427247
-1.05219 0.427492

-1.05219 0.427492
-1.05211 0.427551

-1.05211 0.427551
-1.05188 0.427736

-1.05188 0.427737
-1.05173 0.427856

-1.05173 0.427856
-1.05157 0.427979

-1.05157 0.427981
-1.05135 0.428162

-1.05135 0.428162
-1.05127 0.428224

-1.05127 0.428225
-1.05097 0.428467

-1.05097 0.428467
-1.05096 0.428468

-1.05096 0.428469
-1.05066 0.428713

-1.05066 0.428713
-1.05059 0.428772

-1.05059 0.428772
-1.05035 0.428957

-1.05035 0.428958
-1.0502 0.429077

-1.05021 0.429077
-1.05005 0.4292

-1.05005 0.429202
-1.04982 0.429382

-1.04982 0.429382
-1.04974 0.429445

-1.04974 0.429445
-1.04944 0.429688

-1.04944 0.429688
-1.04944 0.429689

-1.04944 0.429689
-1.04913 0.429933

-1.04913 0.429934
-1.04906 0.429993

-1.04906 0.429993
-1.04883 0.430177

-1.04883 0.430178
-1.04868 0.430298

-1.04868 0.430298
-1.04852 0.43042

-1.04852 0.430421
-1.0483 0.430603

-1.04829 0.430603
-1.04822 0.430664

-1.04822 0.430665
-1.04791 0.430908

-1.04791 0.430909
-1.04761 0.431152

-1.04761 0.431153
-1.04753 0.431213

-1.04753 0.431213
-1.0473 0.431396

-1.0473 0.431397
-1.04715 0.431519

-1.04715 0.431519
-1.047 0.431639

-1.047 0.43164
-1.04677 0.431824

-1.04677 0.431824
-1.04669 0.431882

-1.04669 0.431883
-1.04639 0.432127

-1.04639 0.432127
-1.04638 0.432129

-1.04638 0.432129
-1.04608 0.43237

-1.04608 0.432371
-1.046 0.432434

-1.046 0.432434
-1.04578 0.432614

-1.04578 0.432615
-1.04562 0.432739

-1.04562 0.432739
-1.04547 0.432856

-1.04547 0.432857
-1.04524 0.433044

-1.04524 0.433044
-1.04517 0.4331

-1.04517 0.433101
-1.04486 0.433344

-1.04486 0.433344
-1.04485 0.43335

-1.04485 0.43335
-1.04456 0.433587

-1.04456 0.433588
-1.04447 0.433655

-1.04447 0.433655
-1.04425 0.43383

-1.04425 0.433831
-1.04409 0.43396

-1.04409 0.43396
-1.04395 0.434072

-1.04395 0.434074
-1.04371 0.434265

-1.0437 0.434265
-1.04364 0.434316

-1.04364 0.434317
-1.04333 0.43456

-1.04333 0.43456
-1.04332 0.43457

-1.04332 0.43457
-1.04303 0.434803

-1.04303 0.434803
-1.04294 0.434875

-1.04294 0.434875
-1.04272 0.435046

-1.04272 0.435047
-1.04256 0.435181

-1.04256 0.435181
-1.04242 0.435288

-1.04242 0.435289
-1.04217 0.435486

-1.04217 0.435486
-1.04211 0.435531

-1.04211 0.435532
-1.04181 0.435775

-1.04181 0.435775
-1.04179 0.435791

-1.04179 0.435791
-1.0415 0.436018

-1.0415 0.436018
-1.0414 0.436096

-1.04141 0.436096
-1.0412 0.436261

-1.0412 0.436261
-1.04102 0.436401

-1.04102 0.436401
-1.04089 0.436502

-1.04089 0.436504
-1.04064 0.436707

-1.04064 0.436707
-1.04059 0.436745

-1.04059 0.436746
-1.04028 0.436989

-1.04028 0.436989
-1.04025 0.437012

-1.04025 0.437012
-1.03998 0.437232

-1.03998 0.437232
-1.03987 0.437317

-1.03987 0.437317
-1.03967 0.437474

-1.03967 0.437475
-1.03949 0.437622

-1.03949 0.437622
-1.03937 0.437716

-1.03937 0.437717
-1.0391 0.437927

-1.0391 0.437927
-1.03906 0.437959

-1.03906 0.437959
-1.03876 0.438202

-1.03876 0.438202
-1.03872 0.438232

-1.03872 0.438232
-1.03845 0.438444

-1.03845 0.438445
-1.03833 0.438538

-1.03834 0.438538
-1.03815 0.438686

-1.03815 0.438687
-1.03795 0.438843

-1.03795 0.438843
-1.03784 0.438928

-1.03784 0.438929
-1.03757 0.439148

-1.03757 0.439148
-1.03754 0.439171

-1.03754 0.439171
-1.03723 0.439414

-1.03723 0.439414
-1.03718 0.439453

-1.03718 0.439453
-1.03693 0.439656

-1.03693 0.439657
-1.0368 0.439758

-1.0368 0.439758
-1.03662 0.439898

-1.03662 0.439899
-1.03641 0.440063

-1.03641 0.440063
-1.03632 0.440139

-1.03632 0.44014
-1.03603 0.440369

-1.03603 0.440369
-1.03601 0.440382

-1.03601 0.440383
-1.03571 0.440625

-1.03571 0.440625
-1.03564 0.440674

-1.03564 0.440674
-1.0354 0.440867

-1.0354 0.440868
-1.03526 0.440979

-1.03526 0.440979
-1.0351 0.441108

-1.0351 0.441109
-1.03487 0.441284

-1.03487 0.441284
-1.03479 0.44135

-1.03479 0.441351
-1.03449 0.441589

-1.03449 0.441589
-1.03448 0.441592

-1.03448 0.441593
-1.03418 0.441835

-1.03418 0.441835
-1.0341 0.441895

-1.0341 0.441895
-1.03387 0.442076

-1.03387 0.442077
-1.03372 0.4422

-1.03372 0.4422
-1.03357 0.442317

-1.03357 0.442318
-1.03333 0.442505

-1.03333 0.442505
-1.03326 0.442559

-1.03326 0.44256
-1.03296 0.442802

-1.03296 0.442802
-1.03295 0.44281

-1.03295 0.44281
-1.03265 0.443043

-1.03265 0.443044
-1.03256 0.443115

-1.03256 0.443115
-1.03235 0.443285

-1.03235 0.443286
-1.03218 0.44342

-1.03218 0.44342
-1.03204 0.443525

-1.03204 0.443527
-1.03179 0.443726

-1.03179 0.443726
-1.03174 0.443767

-1.03174 0.443768
-1.03143 0.44401

-1.03143 0.44401
-1.03141 0.444031

-1.03141 0.444031
-1.03113 0.444251

-1.03113 0.444252
-1.03102 0.444336

-1.03102 0.444336
-1.03082 0.444493

-1.03082 0.444493
-1.03064 0.444641

-1.03064 0.444641
-1.03052 0.444733

-1.03052 0.444734
-1.03025 0.444946

-1.03025 0.444946
-1.03021 0.444975

-1.03021 0.444975
-1.02991 0.445217

-1.02991 0.445217
-1.02986 0.445251

-1.02986 0.445251
-1.0296 0.445458

-1.0296 0.445459
-1.02948 0.445557

-1.02948 0.445557
-1.0293 0.445699

-1.0293 0.4457
-1.02909 0.445862

-1.02909 0.445862
-1.02899 0.44594

-1.02899 0.445941
-1.02871 0.446167

-1.0287 0.446167
-1.02869 0.446181

-1.02869 0.446182
-1.02838 0.446423

-1.02838 0.446423
-1.02832 0.446472

-1.02832 0.446472
-1.02808 0.446664

-1.02808 0.446665
-1.02793 0.446777

-1.02793 0.446777
-1.02777 0.446904

-1.02777 0.446905
-1.02755 0.447083

-1.02755 0.447083
-1.02747 0.447145

-1.02747 0.447146
-1.02716 0.447387

-1.02716 0.447387
-1.02716 0.447388

-1.02716 0.447388
-1.02686 0.447628

-1.02686 0.447628
-1.02677 0.447693

-1.02677 0.447693
-1.02655 0.447869

-1.02655 0.44787
-1.02639 0.447998

-1.02639 0.447998
-1.02625 0.448108

-1.02625 0.44811
-1.026 0.448303

-1.026 0.448303
-1.02594 0.44835

-1.02594 0.44835
-1.02563 0.448591

-1.02563 0.448591
-1.02561 0.448608

-1.02561 0.448608
-1.02533 0.448832

-1.02533 0.448832
-1.02523 0.448914

-1.02523 0.448914
-1.02502 0.449073

-1.02502 0.449073
-1.02484 0.449219

-1.02484 0.449219
-1.02472 0.449312

-1.02472 0.449313
-1.02445 0.449524

-1.02445 0.449524
-1.02441 0.449553

-1.02441 0.449554
-1.02411 0.449795

-1.02411 0.449795
-1.02406 0.449829

-1.02407 0.449829
-1.0238 0.450035

-1.0238 0.450036
-1.02368 0.450134

-1.02368 0.450134
-1.0235 0.450275

-1.0235 0.450276
-1.02329 0.450439

-1.02329 0.450439
-1.02319 0.450515

-1.02319 0.450516
-1.0229 0.450745

-1.0229 0.450745
-1.02289 0.450756

-1.02289 0.450756
-1.02258 0.450997

-1.02258 0.450997
-1.02252 0.45105

-1.02252 0.45105
-1.02228 0.451237

-1.02228 0.451238
-1.02213 0.451355

-1.02213 0.451355
-1.02197 0.451477

-1.02197 0.451478
-1.02174 0.45166

-1.02174 0.45166
-1.02167 0.451717

-1.02167 0.451718
-1.02136 0.451958

-1.02136 0.451958
-1.02135 0.451965

-1.02135 0.451965
-1.02106 0.452198

-1.02106 0.452199
-1.02096 0.452271

-1.02097 0.452271
-1.02075 0.452438

-1.02075 0.452439
-1.02058 0.452576

-1.02058 0.452576
-1.02045 0.452677

-1.02045 0.452679
-1.02019 0.452881

-1.02019 0.452881
-1.02014 0.452918

-1.02014 0.452919
-1.01984 0.453159

-1.01984 0.453159
-1.0198 0.453186

-1.0198 0.453186
-1.01953 0.453399

-1.01953 0.453399
-1.01941 0.453491

-1.01941 0.453491
-1.01923 0.453638

-1.01923 0.453639
-1.01903 0.453796

-1.01903 0.453796
-1.01892 0.453878

-1.01892 0.453879
-1.01864 0.454102

-1.01864 0.454102
-1.01862 0.454118

-1.01862 0.454118
-1.01831 0.454358

-1.01831 0.454359
-1.01825 0.454407

-1.01825 0.454407
-1.01801 0.454598

-1.01801 0.454599
-1.01786 0.454712

-1.01786 0.454712
-1.0177 0.454837

-1.0177 0.454838
-1.01747 0.455017

-1.01747 0.455017
-1.0174 0.455077

-1.0174 0.455078
-1.01709 0.455317

-1.01709 0.455317
-1.01708 0.455322

-1.01708 0.455322
-1.01678 0.455557

-1.01678 0.455557
-1.01669 0.455627

-1.0167 0.455627
-1.01648 0.455797

-1.01648 0.455797
-1.01631 0.455933

-1.01631 0.455933
-1.01617 0.456035

-1.01617 0.456036
-1.01592 0.456238

-1.01592 0.456238
-1.01587 0.456275

-1.01587 0.456276
-1.01556 0.456515

-1.01556 0.456516
-1.01553 0.456543

-1.01553 0.456543
-1.01526 0.456755

-1.01526 0.456756
-1.01514 0.456848

-1.01514 0.456848
-1.01495 0.456994

-1.01495 0.456995
-1.01475 0.457153

-1.01475 0.457153
-1.01465 0.457233

-1.01465 0.457234
-1.01436 0.457458

-1.01436 0.457458
-1.01434 0.457473

-1.01434 0.457473
-1.01404 0.457713

-1.01404 0.457713
-1.01397 0.457764

-1.01397 0.457764
-1.01373 0.457952

-1.01373 0.457953
-1.01358 0.458069

-1.01358 0.458069
-1.01343 0.45819

-1.01343 0.458191
-1.01319 0.458374

-1.01319 0.458374
-1.01312 0.45843

-1.01312 0.45843
-1.01282 0.45867

-1.01282 0.45867
-1.01281 0.458679

-1.01281 0.458679
-1.01251 0.458909

-1.01251 0.458909
-1.01242 0.458984

-1.01242 0.458984
-1.01221 0.459148

-1.01221 0.459148
-1.01203 0.45929

-1.01203 0.45929
-1.0119 0.459386

-1.0119 0.459387
-1.01164 0.459595

-1.01164 0.459595
-1.0116 0.459625

-1.0116 0.459626
-1.01129 0.459865

-1.01129 0.459865
-1.01125 0.4599

-1.01125 0.4599
-1.01099 0.460104

-1.01099 0.460105
-1.01086 0.460205

-1.01086 0.460205
-1.01068 0.460343

-1.01068 0.460343
-1.01047 0.46051

-1.01047 0.46051
-1.01038 0.460581

-1.01038 0.460582
-1.01008 0.460815

-1.01008 0.460815
-1.01007 0.46082

-1.01007 0.460821
-1.00977 0.46106

-1.00977 0.46106
-1.00969 0.461121

-1.00969 0.461121
-1.00946 0.461299

-1.00946 0.461299
-1.0093 0.461426

-1.0093 0.461426
-1.00916 0.461536

-1.00916 0.461538
-1.00891 0.461731

-1.00891 0.461731
-1.00885 0.461775

-1.00885 0.461776
-1.00854 0.462015

-1.00854 0.462015
-1.00852 0.462036

-1.00852 0.462036
-1.00824 0.462254

-1.00824 0.462254
-1.00813 0.462341

-1.00813 0.462341
-1.00793 0.462492

-1.00793 0.462493
-1.00774 0.462646

-1.00774 0.462646
-1.00763 0.46273

-1.00763 0.462731
-1.00735 0.462952

-1.00735 0.462952
-1.00732 0.462969

-1.00732 0.46297
-1.00702 0.463208

-1.00702 0.463208
-1.00696 0.463257

-1.00696 0.463257
-1.00671 0.463447

-1.00671 0.463448
-1.00657 0.463562

-1.00657 0.463562
-1.00641 0.463684

-1.00641 0.463685
-1.00618 0.463867

-1.00618 0.463867
-1.0061 0.463923

-1.0061 0.463924
-1.0058 0.464162

-1.0058 0.464162
-1.00579 0.464172

-1.00579 0.464172
-1.00549 0.4644

-1.00549 0.464401
-1.00539 0.464478

-1.00539 0.464478
-1.00519 0.464639

-1.00519 0.464639
-1.005 0.464783

-1.005 0.464783
-1.00488 0.464876

-1.00488 0.464877
-1.00461 0.465088

-1.00461 0.465088
-1.00458 0.465115

-1.00458 0.465115
-1.00427 0.465354

-1.00427 0.465354
-1.00422 0.465393

-1.00422 0.465393
-1.00397 0.465592

-1.00397 0.465593
-1.00383 0.465698

-1.00383 0.465698
-1.00366 0.46583

-1.00366 0.46583
-1.00344 0.466003

-1.00344 0.466003
-1.00336 0.466067

-1.00336 0.466068
-1.00305 0.466306

-1.00305 0.466306
-1.00305 0.466309

-1.00305 0.466309
-1.00275 0.466545

-1.00275 0.466545
-1.00266 0.466614

-1.00266 0.466614
-1.00244 0.466783

-1.00244 0.466783
-1.00227 0.466919

-1.00227 0.466919
-1.00214 0.467019

-1.00214 0.467021
-1.00188 0.467224

-1.00187 0.467224
-1.00183 0.467258

-1.00183 0.467259
-1.00153 0.467497

-1.00153 0.467497
-1.00148 0.467529

-1.00148 0.467529
-1.00122 0.467735

-1.00122 0.467735
-1.00109 0.467834

-1.00109 0.467834
-1.00092 0.467972

-1.00092 0.467973
-1.0007 0.46814

-1.0007 0.46814
-1.00061 0.468209

-1.00061 0.46821
-1.00031 0.468445

-1.00031 0.468445
-1.00031 0.468448

-1.00031 0.468448
-1.0 0.468686

-1.0 0.468686
-0.999917 0.46875

-0.999918 0.46875
-0.999695 0.468924

-0.999695 0.468924
-0.999526 0.469055

-0.999527 0.469055
-0.99939 0.46916

-0.99939 0.469161
-0.999134 0.46936

-0.999134 0.46936
-0.999084 0.469398

-0.999084 0.469399
-0.998779 0.469637

-0.998779 0.469637
-0.998742 0.469666

-0.998742 0.469666
-0.998474 0.469874

-0.998474 0.469875
-0.998349 0.469971

-0.998351 0.469971
-0.998169 0.470112

-0.998169 0.470112
-0.997959 0.470276

-0.997958 0.470276
-0.997864 0.470348

-0.997864 0.470349
-0.997566 0.470581

-0.997565 0.470581
-0.997559 0.470586

-0.997559 0.470587
-0.997253 0.470824

-0.997253 0.470825
-0.997174 0.470886

-0.997174 0.470886
-0.996948 0.471062

-0.996948 0.471062
-0.996781 0.471191

-0.996783 0.471191
-0.996643 0.471298

-0.996643 0.471299
-0.99639 0.471497

-0.996389 0.471497
-0.996338 0.471536

-0.996338 0.471537
-0.996033 0.471774

-0.996033 0.471774
-0.995997 0.471802

-0.995997 0.471802
-0.995728 0.472011

-0.995728 0.472012
-0.995603 0.472107

-0.995605 0.472107
-0.995422 0.472248

-0.995422 0.472249
-0.995212 0.472412

-0.995212 0.472412
-0.995117 0.472485

-0.995117 0.472486
-0.994819 0.472717

-0.994819 0.472717
-0.994812 0.472722

-0.994812 0.472723
-0.994507 0.47296

-0.994507 0.472961
-0.994426 0.473022

-0.994427 0.473022
-0.994202 0.473197

-0.994202 0.473198
-0.994034 0.473328

-0.994035 0.473328
-0.993896 0.473433

-0.993896 0.473435
-0.993641 0.473633

-0.993641 0.473633
-0.993591 0.473671

-0.993591 0.473672
-0.993286 0.473909

-0.993286 0.473909
-0.993248 0.473938

-0.993248 0.473938
-0.992981 0.474146

-0.992981 0.474147
-0.992854 0.474243

-0.992856 0.474243
-0.992676 0.474382

-0.992676 0.474383
-0.992463 0.474548

-0.992462 0.474548
-0.992371 0.474619

-0.992371 0.47462
-0.992069 0.474854

-0.992069 0.474854
-0.992065 0.474856

-0.992065 0.474856
-0.99176 0.475093

-0.99176 0.475094
-0.991675 0.475159

-0.991676 0.475159
-0.991455 0.47533

-0.991455 0.475331
-0.991282 0.475464

-0.991284 0.475464
-0.99115 0.475566

-0.99115 0.475567
-0.99089 0.475769

-0.990889 0.475769
-0.990845 0.475803

-0.990845 0.475804
-0.99054 0.47604

-0.99054 0.476041
-0.990496 0.476074

-0.990496 0.476074
-0.990234 0.476277

-0.990234 0.476278
-0.990101 0.476379

-0.990103 0.476379
-0.989929 0.476514

-0.989929 0.476514
-0.989709 0.476685

-0.989709 0.476685
-0.989624 0.47675

-0.989624 0.47675
-0.989319 0.476987

-0.989319 0.476987
-0.989315 0.47699

-0.989315 0.47699
-0.989014 0.477224

-0.989014 0.477224
-0.988921 0.477295

-0.988922 0.477295
-0.988708 0.47746

-0.988708 0.477461
-0.988528 0.4776

-0.988529 0.4776
-0.988403 0.477696

-0.988403 0.477697
-0.988134 0.477905

-0.988133 0.477905
-0.988098 0.477932

-0.988098 0.477933
-0.987793 0.47817

-0.987793 0.47817
-0.98774 0.47821

-0.98774 0.47821
-0.987488 0.478406

-0.987488 0.478407
-0.987345 0.478516

-0.987347 0.478516
-0.987183 0.478642

-0.987183 0.478643
-0.986953 0.478821

-0.986952 0.478821
-0.986877 0.478878

-0.986877 0.478879
-0.986572 0.479115

-0.986572 0.479115
-0.986558 0.479126

-0.986558 0.479126
-0.986267 0.479351

-0.986267 0.479352
-0.986163 0.479431

-0.986164 0.479431
-0.985962 0.479588

-0.985962 0.479588
-0.98577 0.479736

-0.98577 0.479736
-0.985657 0.479823

-0.985657 0.479824
-0.985376 0.480042

-0.985375 0.480042
-0.985352 0.480059

-0.985352 0.48006
-0.985046 0.480296

-0.985046 0.480296
-0.984981 0.480347

-0.984981 0.480347
-0.984741 0.480532

-0.984741 0.480533
-0.984586 0.480652

-0.984588 0.480652
-0.984436 0.480768

-0.984436 0.480769
-0.984192 0.480957

-0.984192 0.480957
-0.984131 0.481004

-0.984131 0.481005
-0.983826 0.481241

-0.983826 0.481241
-0.983798 0.481262

-0.983798 0.481262
-0.983521 0.481477

-0.983521 0.481477
-0.983402 0.481567

-0.983403 0.481567
-0.983215 0.481712

-0.983215 0.481713
-0.983009 0.481873

-0.983009 0.481873
-0.98291 0.481947

-0.98291 0.481949
-0.982614 0.482178

-0.982613 0.482178
-0.982605 0.482184

-0.982605 0.482184
-0.9823 0.48242

-0.9823 0.482421
-0.982218 0.482483

-0.982219 0.482483
-0.981995 0.482656

-0.981995 0.482657
-0.981824 0.482788

-0.981825 0.482788
-0.981689 0.482891

-0.981689 0.482892
-0.981429 0.483093

-0.981428 0.483093
-0.981384 0.483127

-0.981384 0.483128
-0.981079 0.483364

-0.981079 0.483364
-0.981034 0.483398

-0.981034 0.483398
-0.980774 0.483599

-0.980774 0.4836
-0.980638 0.483704

-0.980639 0.483704
-0.980469 0.483835

-0.980469 0.483835
-0.980244 0.484009

-0.980244 0.484009
-0.980164 0.48407

-0.980164 0.484071
-0.979858 0.484306

-0.979858 0.484306
-0.979849 0.484314

-0.979849 0.484314
-0.979553 0.484542

-0.979553 0.484543
-0.979453 0.484619

-0.979453 0.484619
-0.979248 0.484778

-0.979248 0.484778
-0.979058 0.484924

-0.979059 0.484924
-0.978943 0.485012

-0.978943 0.485013
-0.978663 0.485229

-0.978662 0.485229
-0.978638 0.485248

-0.978638 0.485249
-0.978333 0.485484

-0.978333 0.485485
-0.978267 0.485535

-0.978267 0.485535
-0.978027 0.48572

-0.978027 0.48572
-0.977871 0.48584

-0.977873 0.48584
-0.977722 0.485955

-0.977722 0.485955
-0.977476 0.486145

-0.977476 0.486145
-0.977417 0.48619

-0.977417 0.486191
-0.977112 0.486426

-0.977112 0.486426
-0.97708 0.48645

-0.977081 0.48645
-0.976807 0.486661

-0.976807 0.486662
-0.976684 0.486755

-0.976685 0.486755
-0.976501 0.486897

-0.976501 0.486897
-0.976289 0.487061

-0.976289 0.487061
-0.976196 0.487131

-0.976196 0.487132
-0.975893 0.487366

-0.975893 0.487366
-0.975891 0.487367

-0.975891 0.487367
-0.975586 0.487603

-0.975586 0.487603
-0.975497 0.487671

-0.975498 0.487671
-0.975281 0.487838

-0.975281 0.487838
-0.975101 0.487976

-0.975103 0.487976
-0.974976 0.488072

-0.974976 0.488073
-0.974706 0.488281

-0.974705 0.488281
-0.97467 0.488308

-0.97467 0.488308
-0.974365 0.488543

-0.974365 0.488544
-0.974309 0.488586

-0.97431 0.488586
-0.97406 0.488779

-0.97406 0.488779
-0.973913 0.488892

-0.973914 0.488892
-0.973755 0.489013

-0.973755 0.489014
-0.973517 0.489197

-0.973517 0.489197
-0.97345 0.489248

-0.97345 0.489249
-0.973145 0.489484

-0.973145 0.489484
-0.973121 0.489502

-0.973121 0.489502
-0.972839 0.489719

-0.972839 0.48972
-0.972724 0.489807

-0.972725 0.489807
-0.972534 0.489954

-0.972534 0.489954
-0.972329 0.490112

-0.972329 0.490112
-0.972229 0.490188

-0.972229 0.490189
-0.971932 0.490417

-0.971931 0.490417
-0.971924 0.490423

-0.971924 0.490424
-0.971619 0.490659

-0.971619 0.490659
-0.971535 0.490723

-0.971535 0.490723
-0.971313 0.490893

-0.971313 0.490894
-0.971139 0.491028

-0.97114 0.491028
-0.971008 0.491127

-0.971008 0.491128
-0.970742 0.491333

-0.970742 0.491333
-0.970703 0.491362

-0.970703 0.491363
-0.970398 0.491598

-0.970398 0.491598
-0.970345 0.491638

-0.970346 0.491638
-0.970093 0.491833

-0.970093 0.491833
-0.969948 0.491943

-0.969949 0.491943
-0.969788 0.492067

-0.969788 0.492067
-0.969552 0.492249

-0.969552 0.492249
-0.969482 0.492301

-0.969482 0.492302
-0.969177 0.492537

-0.969177 0.492537
-0.969155 0.492554

-0.969155 0.492554
-0.968872 0.492771

-0.968872 0.492772
-0.968757 0.492859

-0.968758 0.492859
-0.968567 0.493006

-0.968567 0.493006
-0.968361 0.493164

-0.968362 0.493164
-0.968262 0.49324

-0.968262 0.493241
-0.967964 0.493469

-0.967963 0.493469
-0.967957 0.493475

-0.967957 0.493475
-0.967651 0.49371

-0.967651 0.49371
-0.967566 0.493774

-0.967567 0.493774
-0.967346 0.493944

-0.967346 0.493944
-0.96717 0.49408

-0.967171 0.49408
-0.967041 0.494177

-0.967041 0.494179
-0.966773 0.494385

-0.966772 0.494385
-0.966736 0.494412

-0.966736 0.494413
-0.966431 0.494647

-0.966431 0.494648
-0.966375 0.49469

-0.966375 0.49469
-0.966125 0.494882

-0.966125 0.494883
-0.965977 0.494995

-0.965979 0.494995
-0.96582 0.495116

-0.96582 0.495116
-0.965581 0.4953

-0.96558 0.4953
-0.965515 0.49535

-0.965515 0.495351
-0.96521 0.495585

-0.96521 0.495585
-0.965183 0.495605

-0.965183 0.495605
-0.964905 0.495819

-0.964905 0.49582
-0.964784 0.495911

-0.964786 0.495911
-0.9646 0.496053

-0.9646 0.496054
-0.964388 0.496216

-0.964388 0.496216
-0.964294 0.496287

-0.964294 0.496288
-0.96399 0.496521

-0.96399 0.496521
-0.963989 0.496522

-0.963989 0.496522
-0.963684 0.496756

-0.963684 0.496757
-0.963592 0.496826

-0.963593 0.496826
-0.963379 0.49699

-0.963379 0.496991
-0.963195 0.497131

-0.963196 0.497131
-0.963074 0.497223

-0.963074 0.497224
-0.962797 0.497437

-0.962796 0.497437
-0.962769 0.497458

-0.962769 0.497458
-0.962463 0.497693

-0.962463 0.497693
-0.962399 0.497742

-0.962399 0.497742
-0.962158 0.497927

-0.962158 0.497927
-0.962001 0.498047

-0.962002 0.498047
-0.961853 0.49816

-0.961853 0.498161
-0.961603 0.498352

-0.961603 0.498352
-0.961548 0.498394

-0.961548 0.498395
-0.961243 0.498629

-0.961243 0.498629
-0.961205 0.498657

-0.961205 0.498657
-0.960938 0.498862

-0.960938 0.498863
-0.960806 0.498962

-0.960807 0.498962
-0.960632 0.499096

-0.960632 0.499097
-0.960409 0.499268

-0.960409 0.499268
-0.960327 0.499329

-0.960327 0.49933
-0.960022 0.499564

-0.960022 0.499564
-0.960011 0.499573

-0.960011 0.499573
-0.959717 0.499798

-0.959717 0.499799
-0.959611 0.499878

-0.959612 0.499878
-0.959412 0.500032

-0.959412 0.500032
-0.959214 0.500183

-0.959215 0.500183
-0.959106 0.500264

-0.959106 0.500265
-0.958816 0.500488

-0.958815 0.500488
-0.958801 0.500499

-0.958801 0.500499
-0.958496 0.500733

-0.958496 0.500733
-0.958416 0.500793

-0.958417 0.500793
-0.958191 0.500967

-0.958191 0.500967
-0.958018 0.501099

-0.958019 0.501099
-0.957886 0.501199

-0.957886 0.5012
-0.95762 0.501404

-0.957619 0.501404
-0.957581 0.501433

-0.957581 0.501434
-0.957275 0.501668

-0.957275 0.501668
-0.957221 0.501709

-0.957221 0.501709
-0.95697 0.501901

-0.95697 0.501902
-0.956822 0.502014

-0.956823 0.502014
-0.956665 0.502134

-0.956665 0.502135
-0.956424 0.502319

-0.956423 0.502319
-0.95636 0.502367

-0.95636 0.502368
-0.956055 0.502602

-0.956055 0.502602
-0.956025 0.502625

-0.956025 0.502625
-0.95575 0.502835

-0.95575 0.502836
-0.955625 0.50293

-0.955626 0.50293
-0.955444 0.503068

-0.955444 0.503069
-0.955227 0.503235

-0.955227 0.503235
-0.955139 0.503301

-0.955139 0.503302
-0.954834 0.503535

-0.954834 0.503535
-0.954828 0.50354

-0.954828 0.50354
-0.954529 0.503769

-0.954529 0.503769
-0.954428 0.503845

-0.954429 0.503845
-0.954224 0.504002

-0.954224 0.504002
-0.95403 0.50415

-0.95403 0.50415
-0.953918 0.504234

-0.953918 0.504235
-0.953631 0.504456

-0.95363 0.504456
-0.953613 0.504468

-0.953613 0.504469
-0.953308 0.504702

-0.953308 0.504702
-0.953231 0.504761

-0.953231 0.504761
-0.953003 0.504935

-0.953003 0.504936
-0.952832 0.505066

-0.952833 0.505066
-0.952698 0.505167

-0.952698 0.505169
-0.952433 0.505371

-0.952432 0.505371
-0.952393 0.505401

-0.952393 0.505402
-0.952087 0.505635

-0.952087 0.505635
-0.952033 0.505676

-0.952033 0.505676
-0.951782 0.505868

-0.951782 0.505868
-0.951633 0.505981

-0.951634 0.505981
-0.951477 0.506101

-0.951477 0.506101
-0.951234 0.506287

-0.951234 0.506287
-0.951172 0.506333

-0.951172 0.506334
-0.950867 0.506567

-0.950867 0.506567
-0.950834 0.506592

-0.950834 0.506592
-0.950562 0.5068

-0.950562 0.506801
-0.950433 0.506897

-0.950435 0.506897
-0.950256 0.507033

-0.950256 0.507033
-0.950035 0.507202

-0.950035 0.507202
-0.949951 0.507265

-0.949951 0.507266
-0.949646 0.507499

-0.949646 0.507499
-0.949635 0.507507

-0.949635 0.507507
-0.949341 0.507732

-0.949341 0.507733
-0.949234 0.507812

-0.949235 0.507812
-0.949036 0.507965

-0.949036 0.507965
-0.948836 0.508118

-0.948836 0.508118
-0.94873 0.508197

-0.94873 0.508198
-0.948435 0.508423

-0.948435 0.508423
-0.948425 0.50843

-0.948425 0.508431
-0.94812 0.508663

-0.94812 0.508664
-0.948035 0.508728

-0.948035 0.508728
-0.947815 0.508896

-0.947815 0.508896
-0.947635 0.509033

-0.947636 0.509033
-0.94751 0.509128

-0.94751 0.509129
-0.947235 0.509338

-0.947235 0.509338
-0.947205 0.509361

-0.947205 0.509362
-0.946899 0.509594

-0.946899 0.509595
-0.946835 0.509644

-0.946835 0.509644
-0.946594 0.509827

-0.946594 0.509828
-0.946434 0.509949

-0.946436 0.509949
-0.946289 0.510059

-0.946289 0.51006
-0.946035 0.510254

-0.946034 0.510254
-0.945984 0.510292

-0.945984 0.510292
-0.945679 0.510525

-0.945679 0.510525
-0.945634 0.510559

-0.945634 0.510559
-0.945374 0.510758

-0.945374 0.510758
-0.945233 0.510864

-0.945234 0.510864
-0.945068 0.51099

-0.945068 0.51099
-0.944833 0.511169

-0.944833 0.511169
-0.944763 0.511222

-0.944763 0.511223
-0.944458 0.511455

-0.944458 0.511455
-0.944433 0.511475

-0.944433 0.511475
-0.944153 0.511688

-0.944153 0.511689
-0.944031 0.51178

-0.944032 0.51178
-0.943848 0.51192

-0.943848 0.51192
-0.943632 0.512085

-0.943632 0.512085
-0.943542 0.512152

-0.943542 0.512153
-0.943237 0.512385

-0.943237 0.512385
-0.943231 0.51239

-0.943231 0.51239
-0.942932 0.512618

-0.942932 0.512618
-0.942829 0.512695

-0.94283 0.512695
-0.942627 0.51285

-0.942627 0.51285
-0.942429 0.513

-0.94243 0.513
-0.942322 0.513081

-0.942322 0.513082
-0.942028 0.513306

-0.942028 0.513306
-0.942017 0.513314

-0.942017 0.513315
-0.941711 0.513547

-0.941711 0.513547
-0.941627 0.513611

-0.941628 0.513611
-0.941406 0.513779

-0.941406 0.513779
-0.941226 0.513916

-0.941227 0.513916
-0.941101 0.51401

-0.941101 0.514012
-0.940826 0.514221

-0.940825 0.514221
-0.940796 0.514243

-0.940796 0.514244
-0.940491 0.514476

-0.940491 0.514476
-0.940424 0.514526

-0.940424 0.514526
-0.940186 0.514708

-0.940186 0.514708
-0.940023 0.514832

-0.940024 0.514832
-0.93988 0.51494

-0.93988 0.51494
-0.939622 0.515137

-0.939621 0.515137
-0.939575 0.515172

-0.939575 0.515172
-0.93927 0.515404

-0.93927 0.515405
-0.939221 0.515442

-0.939221 0.515442
-0.938965 0.515637

-0.938965 0.515637
-0.938819 0.515747

-0.93882 0.515747
-0.93866 0.515868

-0.93866 0.515869
-0.938418 0.516052

-0.938418 0.516052
-0.938354 0.5161

-0.938354 0.516101
-0.938049 0.516333

-0.938049 0.516333
-0.938017 0.516357

-0.938017 0.516357
-0.937744 0.516565

-0.937744 0.516565
-0.937614 0.516663

-0.937616 0.516663
-0.937439 0.516796

-0.937439 0.516797
-0.937214 0.516968

-0.937214 0.516968
-0.937134 0.517028

-0.937134 0.517029
-0.936829 0.51726

-0.936829 0.51726
-0.936812 0.517273

-0.936812 0.517273
-0.936523 0.517492

-0.936523 0.517493
-0.936409 0.517578

-0.936411 0.517578
-0.936218 0.517724

-0.936218 0.517724
-0.936009 0.517883

-0.936009 0.517883
-0.935913 0.517955

-0.935913 0.517956
-0.935608 0.518188

-0.935608 0.518188
-0.935607 0.518188

-0.935607 0.518188
-0.935303 0.51842

-0.935303 0.51842
-0.935204 0.518494

-0.935205 0.518494
-0.934998 0.518651

-0.934998 0.518652
-0.934804 0.518799

-0.934804 0.518799
-0.934692 0.518882

-0.934692 0.518883
-0.934401 0.519104

-0.934401 0.519104
-0.934387 0.519114

-0.934387 0.519115
-0.934082 0.519347

-0.934082 0.519347
-0.933999 0.519409

-0.934 0.519409
-0.933777 0.519578

-0.933777 0.519578
-0.933597 0.519714

-0.933598 0.519714
-0.933472 0.519809

-0.933472 0.51981
-0.933195 0.52002

-0.933195 0.52002
-0.933167 0.520041

-0.933167 0.520041
-0.932861 0.520273

-0.932861 0.520273
-0.932793 0.520325

-0.932793 0.520325
-0.932556 0.520505

-0.932556 0.520505
-0.932391 0.52063

-0.932392 0.52063
-0.932251 0.520735

-0.932251 0.520736
-0.931989 0.520935

-0.931988 0.520935
-0.931946 0.520967

-0.931946 0.520968
-0.931641 0.521199

-0.931641 0.521199
-0.931586 0.52124

-0.931586 0.52124
-0.931335 0.521431

-0.931335 0.521431
-0.931183 0.521545

-0.931185 0.521545
-0.93103 0.521662

-0.93103 0.521662
-0.930782 0.521851

-0.930781 0.521851
-0.930725 0.521893

-0.930725 0.521893
-0.93042 0.522125

-0.93042 0.522125
-0.930379 0.522156

-0.930379 0.522156
-0.930115 0.522356

-0.930115 0.522357
-0.929976 0.522461

-0.929977 0.522461
-0.92981 0.522587

-0.92981 0.522588
-0.929574 0.522766

-0.929574 0.522766
-0.929504 0.522818

-0.929504 0.522819
-0.929199 0.52305

-0.929199 0.52305
-0.929171 0.523071

-0.929171 0.523071
-0.928894 0.523281

-0.928894 0.523282
-0.928767 0.523376

-0.928769 0.523376
-0.928589 0.523513

-0.928589 0.523513
-0.928366 0.523682

-0.928366 0.523682
-0.928284 0.523743

-0.928284 0.523744
-0.927979 0.523975

-0.927979 0.523975
-0.927963 0.523987

-0.927963 0.523987
-0.927673 0.524206

-0.927673 0.524207
-0.927559 0.524292

-0.92756 0.524292
-0.927368 0.524437

-0.927368 0.524438
-0.927157 0.524597

-0.927158 0.524597
-0.927063 0.524667

-0.927063 0.524669
-0.926758 0.5249

-0.926758 0.5249
-0.926754 0.524902

-0.926754 0.524902
-0.926453 0.525131

-0.926453 0.525131
-0.92635 0.525208

-0.926351 0.525208
-0.926147 0.525362

-0.926147 0.525362
-0.925948 0.525513

-0.925949 0.525513
-0.925842 0.525592

-0.925842 0.525593
-0.925545 0.525818

-0.925544 0.525818
-0.925537 0.525823

-0.925537 0.525824
-0.925232 0.526055

-0.925232 0.526055
-0.925141 0.526123

-0.925142 0.526123
-0.924927 0.526286

-0.924927 0.526286
-0.924739 0.526428

-0.924739 0.526428
-0.924622 0.526515

-0.924622 0.526517
-0.924335 0.526733

-0.924334 0.526733
-0.924316 0.526747

-0.924316 0.526748
-0.924011 0.526978

-0.924011 0.526979
-0.923931 0.527039

-0.923932 0.527039
-0.923706 0.527209

-0.923706 0.52721
-0.923528 0.527344

-0.923529 0.527344
-0.923401 0.527439

-0.923401 0.52744
-0.923125 0.527649

-0.923124 0.527649
-0.923096 0.52767

-0.923096 0.527671
-0.922791 0.527902

-0.922791 0.527902
-0.922721 0.527954

-0.922721 0.527954
-0.922485 0.528133

-0.922485 0.528133
-0.922317 0.528259

-0.922318 0.528259
-0.92218 0.528363

-0.92218 0.528363
-0.921914 0.528564

-0.921913 0.528564
-0.921875 0.528593

-0.921875 0.528594
-0.92157 0.528825

-0.92157 0.528825
-0.92151 0.52887

-0.92151 0.52887
-0.921265 0.529055

-0.921265 0.529056
-0.921106 0.529175

-0.921107 0.529175
-0.920959 0.529285

-0.920959 0.529286
-0.920703 0.52948

-0.920702 0.52948
-0.920654 0.529516

-0.920654 0.529517
-0.920349 0.529747

-0.920349 0.529747
-0.920299 0.529785

-0.920299 0.529785
-0.920044 0.529978

-0.920044 0.529978
-0.919894 0.53009

-0.919895 0.53009
-0.919739 0.530208

-0.919739 0.530208
-0.919491 0.530396

-0.91949 0.530396
-0.919434 0.530438

-0.919434 0.530439
-0.919128 0.530669

-0.919128 0.530669
-0.919087 0.530701

-0.919087 0.530701
-0.918823 0.5309

-0.918823 0.5309
-0.918682 0.531006

-0.918683 0.531006
-0.918518 0.53113

-0.918518 0.53113
-0.918279 0.531311

-0.918278 0.531311
-0.918213 0.53136

-0.918213 0.531361
-0.917908 0.531591

-0.917908 0.531591
-0.917874 0.531616

-0.917874 0.531616
-0.917603 0.531821

-0.917603 0.531822
-0.917469 0.531921

-0.91747 0.531921
-0.917297 0.532052

-0.917297 0.532052
-0.917066 0.532227

-0.917066 0.532227
-0.916992 0.532281

-0.916992 0.532282
-0.916687 0.532512

-0.916687 0.532512
-0.916661 0.532532

-0.916661 0.532532
-0.916382 0.532743

-0.916382 0.532743
-0.916256 0.532837

-0.916257 0.532837
-0.916077 0.532973

-0.916077 0.532973
-0.915853 0.533142

-0.915852 0.533142
-0.915771 0.533202

-0.915771 0.533203
-0.915466 0.533433

-0.915466 0.533433
-0.915448 0.533447

-0.915448 0.533447
-0.915161 0.533664

-0.915161 0.533664
-0.915042 0.533752

-0.915043 0.533752
-0.914856 0.533894

-0.914856 0.533894
-0.914639 0.534058

-0.914639 0.534058
-0.914551 0.534123

-0.914551 0.534124
-0.914246 0.534354

-0.914246 0.534354
-0.914234 0.534363

-0.914234 0.534363
-0.91394 0.534584

-0.91394 0.534585
-0.913828 0.534668

-0.913829 0.534668
-0.913635 0.534814

-0.913635 0.534814
-0.913424 0.534973

-0.913425 0.534973
-0.91333 0.535043

-0.91333 0.535044
-0.913025 0.535274

-0.913025 0.535274
-0.913019 0.535278

-0.913019 0.535278
-0.91272 0.535504

-0.91272 0.535505
-0.912613 0.535583

-0.912614 0.535583
-0.912415 0.535734

-0.912415 0.535734
-0.91221 0.535889

-0.91221 0.535889
-0.912109 0.535963

-0.912109 0.535964
-0.911804 0.536194

-0.911804 0.536194
-0.911499 0.536424

-0.911499 0.536424
-0.911398 0.536499

-0.911399 0.536499
-0.911194 0.536654

-0.911194 0.536654
-0.910994 0.536804

-0.910995 0.536804
-0.910889 0.536882

-0.910889 0.536884
-0.910589 0.537109

-0.910588 0.537109
-0.910583 0.537113

-0.910583 0.537113
-0.910278 0.537343

-0.910278 0.537344
-0.910183 0.537415

-0.910184 0.537415
-0.909973 0.537573

-0.909973 0.537573
-0.909778 0.53772

-0.909779 0.53772
-0.909668 0.537802

-0.909668 0.537803
-0.909373 0.538025

-0.909372 0.538025
-0.909363 0.538032

-0.909363 0.538032
-0.909058 0.538262

-0.909058 0.538263
-0.908967 0.53833

-0.908967 0.53833
-0.908752 0.538492

-0.908752 0.538492
-0.908562 0.538635

-0.908563 0.538635
-0.908447 0.53872

-0.908447 0.538722
-0.908156 0.53894

-0.908156 0.53894
-0.908142 0.538951

-0.908142 0.538951
-0.907837 0.539181

-0.907837 0.539181
-0.90775 0.539246

-0.907751 0.539246
-0.907532 0.53941

-0.907532 0.539411
-0.907345 0.539551

-0.907346 0.539551
-0.907227 0.539639

-0.907227 0.53964
-0.90694 0.539856

-0.906939 0.539856
-0.906921 0.539869

-0.906921 0.53987
-0.906616 0.540099

-0.906616 0.5401
-0.906533 0.540161

-0.906534 0.540161
-0.906311 0.540329

-0.906311 0.540329
-0.906128 0.540466

-0.906129 0.540466
-0.906006 0.540557

-0.906006 0.540558
-0.905722 0.540771

-0.905721 0.540771
-0.905701 0.540787

-0.905701 0.540788
-0.905396 0.541017

-0.905396 0.541018
-0.905316 0.541077

-0.905316 0.541077
-0.90509 0.541247

-0.90509 0.541247
-0.90491 0.541382

-0.904911 0.541382
-0.904785 0.541475

-0.904785 0.541476
-0.904504 0.541687

-0.904504 0.541687
-0.90448 0.541705

-0.90448 0.541705
-0.904175 0.541935

-0.904175 0.541935
-0.904098 0.541992

-0.904098 0.541992
-0.90387 0.542164

-0.90387 0.542164
-0.903692 0.542297

-0.903693 0.542297
-0.903564 0.542393

-0.903564 0.542393
-0.903286 0.542603

-0.903285 0.542603
-0.903259 0.542622

-0.903259 0.542623
-0.902954 0.542852

-0.902954 0.542852
-0.902879 0.542908

-0.90288 0.542908
-0.902649 0.543081

-0.902649 0.543081
-0.902474 0.543213

-0.902475 0.543213
-0.902344 0.54331

-0.902344 0.543311
-0.902068 0.543518

-0.902067 0.543518
-0.902039 0.543539

-0.902039 0.54354
-0.901733 0.543769

-0.901733 0.543769
-0.901661 0.543823

-0.901661 0.543823
-0.901428 0.543998

-0.901428 0.543998
-0.901255 0.544128

-0.901256 0.544128
-0.901123 0.544227

-0.901123 0.544227
-0.900848 0.544434

-0.900848 0.544434
-0.900818 0.544456

-0.900818 0.544456
-0.900513 0.544686

-0.900513 0.544686
-0.900441 0.544739

-0.900442 0.544739
-0.900208 0.544915

-0.900208 0.544915
-0.900035 0.545044

-0.900036 0.545044
-0.899902 0.545143

-0.899902 0.545144
-0.899629 0.545349

-0.899628 0.545349
-0.899597 0.545372

-0.899597 0.545373
-0.899292 0.545602

-0.899292 0.545602
-0.899222 0.545654

-0.899222 0.545654
-0.898987 0.545831

-0.898987 0.545831
-0.898815 0.545959

-0.898816 0.545959
-0.898682 0.546059

-0.898682 0.54606
-0.898409 0.546265

-0.898408 0.546265
-0.898376 0.546288

-0.898376 0.546289
-0.898071 0.546518

-0.898071 0.546518
-0.898002 0.54657

-0.898002 0.54657
-0.897766 0.546747

-0.897766 0.546747
-0.897595 0.546875

-0.897596 0.546875
-0.897461 0.546975

-0.897461 0.546976
-0.897189 0.54718

-0.897188 0.54718
-0.897156 0.547204

-0.897156 0.547205
-0.896851 0.547434

-0.896851 0.547434
-0.896781 0.547485

-0.896782 0.547485
-0.896545 0.547663

-0.896545 0.547663
-0.896374 0.547791

-0.896375 0.547791
-0.89624 0.547891

-0.89624 0.547891
-0.895968 0.548096

-0.895967 0.548096
-0.895935 0.548119

-0.895935 0.54812
-0.89563 0.548349

-0.89563 0.548349
-0.89556 0.548401

-0.895561 0.548401
-0.895325 0.548578

-0.895325 0.548578
-0.895153 0.548706

-0.895154 0.548706
-0.89502 0.548806

-0.89502 0.548807
-0.894747 0.549011

-0.894746 0.549011
-0.894714 0.549035

-0.894714 0.549035
-0.894409 0.549264

-0.894409 0.549264
-0.894339 0.549316

-0.894339 0.549316
-0.894104 0.549493

-0.894104 0.549493
-0.893932 0.549622

-0.893933 0.549622
-0.893799 0.549721

-0.893799 0.549721
-0.893525 0.549927

-0.893524 0.549927
-0.893494 0.549949

-0.893494 0.54995
-0.893188 0.550179

-0.893188 0.550179
-0.893117 0.550232

-0.893118 0.550232
-0.892883 0.550407

-0.892883 0.550408
-0.89271 0.550537

-0.892711 0.550537
-0.892578 0.550635

-0.892578 0.550636
-0.892303 0.550842

-0.892302 0.550842
-0.892273 0.550864

-0.892273 0.550865
-0.891968 0.551093

-0.891968 0.551094
-0.891895 0.551147

-0.891895 0.551147
-0.891663 0.551322

-0.891663 0.551322
-0.891488 0.551453

-0.891489 0.551453
-0.891357 0.55155

-0.891357 0.55155
-0.89108 0.551758

-0.89108 0.551758
-0.891052 0.551778

-0.891052 0.551779
-0.890747 0.552007

-0.890747 0.552008
-0.890672 0.552063

-0.890673 0.552063
-0.890442 0.552236

-0.890442 0.552236
-0.890265 0.552368

-0.890266 0.552368
-0.890137 0.552463

-0.890137 0.552464
-0.889858 0.552673

-0.889857 0.552673
-0.889832 0.552692

-0.889832 0.552693
-0.889526 0.552921

-0.889526 0.552922
-0.889449 0.552979

-0.88945 0.552979
-0.889221 0.55315

-0.889221 0.55315
-0.889042 0.553284

-0.889043 0.553284
-0.888916 0.553377

-0.888916 0.553378
-0.888634 0.553589

-0.888634 0.553589
-0.888611 0.553606

-0.888611 0.553606
-0.888306 0.553835

-0.888306 0.553835
-0.888226 0.553894

-0.888226 0.553894
-0.888 0.554063

-0.888 0.554063
-0.887818 0.554199

-0.887819 0.554199
-0.887695 0.55429

-0.887695 0.554291
-0.887411 0.554504

-0.88741 0.554504
-0.88739 0.554519

-0.88739 0.55452
-0.887085 0.554748

-0.887085 0.554748
-0.887002 0.55481

-0.887003 0.55481
-0.88678 0.554976

-0.88678 0.554976
-0.886595 0.555115

-0.886595 0.555115
-0.886475 0.555203

-0.886475 0.555204
-0.886186 0.55542

-0.886186 0.55542
-0.886169 0.555432

-0.886169 0.555433
-0.885864 0.555661

-0.885864 0.555661
-0.885777 0.555725

-0.885778 0.555725
-0.885559 0.555889

-0.885559 0.555889
-0.88537 0.55603

-0.885371 0.55603
-0.885254 0.556116

-0.885254 0.556117
-0.884962 0.556335

-0.884961 0.556335
-0.884949 0.556345

-0.884949 0.556345
-0.884644 0.556573

-0.884644 0.556574
-0.884553 0.556641

-0.884554 0.556641
-0.884338 0.556802

-0.884338 0.556802
-0.884146 0.556946

-0.884146 0.556946
-0.884033 0.557028

-0.884033 0.55703
-0.883737 0.557251

-0.883736 0.557251
-0.883728 0.557257

-0.883728 0.557258
-0.883423 0.557486

-0.883423 0.557486
-0.883328 0.557556

-0.883329 0.557556
-0.883118 0.557714

-0.883118 0.557714
-0.88292 0.557861

-0.882921 0.557861
-0.882812 0.557941

-0.882812 0.557942
-0.882512 0.558167

-0.882511 0.558167
-0.882507 0.558169

-0.882507 0.55817
-0.882202 0.558398

-0.882202 0.558398
-0.882102 0.558472

-0.882103 0.558472
-0.881897 0.558626

-0.881897 0.558626
-0.881695 0.558777

-0.881695 0.558777
-0.881592 0.558852

-0.881592 0.558853
-0.881287 0.559081

-0.881287 0.559081
-0.881286 0.559082

-0.881286 0.559082
-0.880981 0.559309

-0.880981 0.55931
-0.880876 0.559387

-0.880877 0.559387
-0.880676 0.559537

-0.880676 0.559537
-0.880469 0.559692

-0.880469 0.559692
-0.880371 0.559764

-0.880371 0.559765
-0.880066 0.559993

-0.880066 0.559993
-0.880059 0.559998

-0.88006 0.559998
-0.879761 0.560221

-0.879761 0.560221
-0.879649 0.560303

-0.879651 0.560303
-0.879456 0.560448

-0.879456 0.560448
-0.879242 0.560608

-0.879242 0.560608
-0.87915 0.560675

-0.87915 0.560676
-0.878845 0.560904

-0.878845 0.560904
-0.878833 0.560913

-0.878833 0.560913
-0.87854 0.561132

-0.87854 0.561132
-0.878422 0.561218

-0.878424 0.561218
-0.878235 0.561359

-0.878235 0.561359
-0.878015 0.561523

-0.878015 0.561523
-0.87793 0.561586

-0.87793 0.561587
-0.877625 0.561814

-0.877625 0.561815
-0.877605 0.561829

-0.877606 0.561829
-0.877319 0.562042

-0.877319 0.562043
-0.877195 0.562134

-0.877197 0.562134
-0.877014 0.56227

-0.877014 0.56227
-0.876787 0.562439

-0.876787 0.562439
-0.876709 0.562496

-0.876709 0.562497
-0.876404 0.562725

-0.876404 0.562725
-0.876378 0.562744

-0.876378 0.562744
-0.876099 0.562952

-0.876099 0.562953
-0.875968 0.563049

-0.875969 0.563049
-0.875793 0.56318

-0.875793 0.56318
-0.875559 0.563354

-0.875559 0.563354
-0.875488 0.563406

-0.875488 0.563407
-0.875183 0.563635

-0.875183 0.563635
-0.87515 0.56366

-0.87515 0.56366
-0.874878 0.563862

-0.874878 0.563863
-0.874739 0.563965

-0.874741 0.563965
-0.874573 0.56409

-0.874573 0.56409
-0.874331 0.56427

-0.874331 0.56427
-0.874268 0.564316

-0.874268 0.564317
-0.873962 0.564545

-0.873962 0.564545
-0.873921 0.564575

-0.873921 0.564575
-0.873657 0.564772

-0.873657 0.564772
-0.873511 0.56488

-0.873512 0.56488
-0.873352 0.564999

-0.873352 0.564999
-0.873102 0.565186

-0.873102 0.565186
-0.873047 0.565226

-0.873047 0.565227
-0.872742 0.565454

-0.872742 0.565454
-0.872692 0.565491

-0.872692 0.565491
-0.872437 0.565681

-0.872437 0.565682
-0.872282 0.565796

-0.872283 0.565796
-0.872131 0.565908

-0.872131 0.565909
-0.871873 0.566101

-0.871872 0.566101
-0.871826 0.566135

-0.871826 0.566136
-0.871521 0.566363

-0.871521 0.566363
-0.871463 0.566406

-0.871463 0.566406
-0.871216 0.56659

-0.871216 0.566591
-0.871053 0.566711

-0.871054 0.566711
-0.870911 0.566817

-0.870911 0.566818
-0.870643 0.567017

-0.870643 0.567017
-0.870605 0.567044

-0.870605 0.567045
-0.8703 0.567272

-0.8703 0.567272
-0.870233 0.567322

-0.870233 0.567322
-0.869995 0.567499

-0.869995 0.567499
-0.869823 0.567627

-0.869824 0.567627
-0.86969 0.567726

-0.86969 0.567726
-0.869413 0.567932

-0.869413 0.567932
-0.869385 0.567953

-0.869385 0.567953
-0.86908 0.56818

-0.86908 0.568181
-0.869002 0.568237

-0.869003 0.568237
-0.868774 0.568408

-0.868774 0.568408
-0.868593 0.568542

-0.868594 0.568542
-0.868469 0.568634

-0.868469 0.568635
-0.868183 0.568848

-0.868182 0.568848
-0.868164 0.568861

-0.868164 0.568862
-0.867859 0.569089

-0.867859 0.569089
-0.867772 0.569153

-0.867773 0.569153
-0.867554 0.569316

-0.867554 0.569316
-0.867363 0.569458

-0.867363 0.569458
-0.867249 0.569542

-0.867249 0.569543
-0.866952 0.569763

-0.866952 0.569763
-0.866943 0.569769

-0.866943 0.56977
-0.866638 0.569997

-0.866638 0.569997
-0.866541 0.570068

-0.866542 0.570068
-0.866333 0.570224

-0.866333 0.570224
-0.866132 0.570374

-0.866132 0.570374
-0.866028 0.57045

-0.866028 0.570451
-0.865723 0.570678

-0.865723 0.570678
-0.865721 0.570679

-0.865721 0.570679
-0.865417 0.570905

-0.865417 0.570905
-0.865309 0.570984

-0.865311 0.570984
-0.865112 0.571132

-0.865112 0.571132
-0.864901 0.571289

-0.864901 0.571289
-0.864807 0.571357

-0.864807 0.571358
-0.864502 0.571585

-0.864502 0.571585
-0.86449 0.571594

-0.86449 0.571594
-0.864197 0.571812

-0.864197 0.571813
-0.864078 0.571899

-0.864079 0.571899
-0.863892 0.572039

-0.863892 0.572039
-0.863669 0.572205

-0.863669 0.572205
-0.863586 0.572265

-0.863586 0.572266
-0.863281 0.572493

-0.863281 0.572493
-0.863258 0.57251

-0.863258 0.57251
-0.862976 0.572719

-0.862976 0.57272
-0.862846 0.572815

-0.862848 0.572815
-0.862671 0.572946

-0.862671 0.572946
-0.862437 0.57312

-0.862437 0.57312
-0.862366 0.573172

-0.862366 0.573173
-0.862061 0.5734

-0.862061 0.5734
-0.862026 0.573425

-0.862026 0.573425
-0.861755 0.573626

-0.861755 0.573627
-0.861614 0.57373

-0.861616 0.57373
-0.86145 0.573853

-0.86145 0.573853
-0.861205 0.574036

-0.861204 0.574036
-0.861145 0.574079

-0.861145 0.57408
-0.86084 0.574307

-0.86084 0.574307
-0.860793 0.574341

-0.860794 0.574341
-0.860535 0.574533

-0.860535 0.574533
-0.860382 0.574646

-0.860383 0.574646
-0.860229 0.57476

-0.860229 0.57476
-0.859972 0.574951

-0.859971 0.574951
-0.859924 0.574986

-0.859924 0.574986
-0.859619 0.575213

-0.859619 0.575213
-0.85956 0.575256

-0.859561 0.575256
-0.859314 0.57544

-0.859314 0.57544
-0.85915 0.575562

-0.859151 0.575562
-0.859009 0.575666

-0.859009 0.575666
-0.858739 0.575867

-0.858738 0.575867
-0.858704 0.575892

-0.858704 0.575893
-0.858398 0.576119

-0.858398 0.57612
-0.858327 0.576172

-0.858328 0.576172
-0.858093 0.576346

-0.858093 0.576346
-0.857917 0.576477

-0.857918 0.576477
-0.857788 0.576572

-0.857788 0.576573
-0.857506 0.576782

-0.857505 0.576782
-0.857483 0.576798

-0.857483 0.576799
-0.857178 0.577026

-0.857178 0.577026
-0.857094 0.577087

-0.857095 0.577087
-0.856873 0.577252

-0.856873 0.577252
-0.856683 0.577393

-0.856684 0.577393
-0.856567 0.577478

-0.856567 0.577479
-0.856272 0.577698

-0.856272 0.577698
-0.856262 0.577705

-0.856262 0.577705
-0.855957 0.577932

-0.855957 0.577932
-0.85586 0.578003

-0.855861 0.578003
-0.855652 0.578158

-0.855652 0.578158
-0.85545 0.578308

-0.85545 0.578308
-0.855347 0.578383

-0.855347 0.578384
-0.855042 0.578611

-0.855042 0.578611
-0.855038 0.578613

-0.855038 0.578613
-0.854736 0.578837

-0.854736 0.578838
-0.854625 0.578918

-0.854627 0.578918
-0.854431 0.579064

-0.854431 0.579064
-0.854216 0.579224

-0.854216 0.579224
-0.854126 0.579289

-0.854126 0.57929
-0.853821 0.579516

-0.853821 0.579516
-0.853804 0.579529

-0.853804 0.579529
-0.853516 0.579743

-0.853516 0.579743
-0.853391 0.579834

-0.853393 0.579834
-0.85321 0.579969

-0.85321 0.579969
-0.852981 0.580139

-0.852981 0.580139
-0.852905 0.580194

-0.852905 0.580195
-0.8526 0.580421

-0.8526 0.580422
-0.852569 0.580444

-0.852569 0.580444
-0.852295 0.580648

-0.852295 0.580648
-0.852157 0.58075

-0.852158 0.58075
-0.85199 0.580874

-0.85199 0.580874
-0.851746 0.581055

-0.851746 0.581055
-0.851685 0.581099

-0.851685 0.5811
-0.851379 0.581327

-0.851379 0.581327
-0.851334 0.58136

-0.851334 0.58136
-0.851074 0.581553

-0.851074 0.581553
-0.850922 0.581665

-0.850923 0.581665
-0.850769 0.581779

-0.850769 0.581779
-0.850511 0.58197

-0.85051 0.58197
-0.850464 0.582004

-0.850464 0.582005
-0.850159 0.582231

-0.850159 0.582232
-0.850099 0.582275

-0.850099 0.582275
-0.849854 0.582457

-0.849854 0.582458
-0.849687 0.582581

-0.849688 0.582581
-0.849548 0.582683

-0.849548 0.582684
-0.849276 0.582886

-0.849275 0.582886
-0.849243 0.582909

-0.849243 0.58291
-0.848938 0.583136

-0.848938 0.583136
-0.848863 0.583191

-0.848864 0.583191
-0.848633 0.583362

-0.848633 0.583362
-0.848452 0.583496

-0.848453 0.583496
-0.848328 0.583587

-0.848328 0.583588
-0.84804 0.583801

-0.848039 0.583801
-0.848022 0.583814

-0.848022 0.583814
-0.847717 0.58404

-0.847717 0.584041
-0.847627 0.584106

-0.847628 0.584106
-0.847412 0.584266

-0.847412 0.584266
-0.847216 0.584412

-0.847217 0.584412
-0.847107 0.584491

-0.847107 0.584492
-0.846804 0.584717

-0.846804 0.584717
-0.846802 0.584718

-0.846802 0.584718
-0.846497 0.584944

-0.846497 0.584945
-0.84639 0.585022

-0.846392 0.585022
-0.846191 0.58517

-0.846191 0.585171
-0.84598 0.585327

-0.84598 0.585327
-0.845886 0.585395

-0.845886 0.585396
-0.845581 0.585622

-0.845581 0.585622
-0.845568 0.585632

-0.845568 0.585632
-0.845276 0.585848

-0.845276 0.585849
-0.845154 0.585938

-0.845156 0.585938
-0.844971 0.586074

-0.844971 0.586074
-0.844743 0.586243

-0.844743 0.586243
-0.844666 0.586299

-0.844666 0.5863
-0.84436 0.586526

-0.84436 0.586526
-0.844331 0.586548

-0.844331 0.586548
-0.844055 0.586752

-0.844055 0.586752
-0.843918 0.586853

-0.843919 0.586853
-0.84375 0.586978

-0.84375 0.586978
-0.843507 0.587158

-0.843506 0.587158
-0.843445 0.587203

-0.843445 0.587204
-0.84314 0.58743

-0.84314 0.58743
-0.843094 0.587463

-0.843094 0.587463
-0.842834 0.587656

-0.842834 0.587656
-0.842681 0.587769

-0.842682 0.587769
-0.842529 0.587881

-0.842529 0.587882
-0.84227 0.588074

-0.842269 0.588074
-0.842224 0.588106

-0.842224 0.588107
-0.841919 0.588333

-0.841919 0.588333
-0.841856 0.588379

-0.841857 0.588379
-0.841614 0.588559

-0.841614 0.588559
-0.841444 0.588684

-0.841445 0.588684
-0.841309 0.588784

-0.841309 0.588785
-0.841032 0.588989

-0.841031 0.588989
-0.841003 0.58901

-0.841003 0.58901
-0.840698 0.589236

-0.840698 0.589237
-0.840619 0.589294

-0.84062 0.589294
-0.840393 0.589462

-0.840393 0.589462
-0.840207 0.5896

-0.840208 0.5896
-0.840088 0.589687

-0.840088 0.589688
-0.839794 0.589905

-0.839794 0.589905
-0.839783 0.589913

-0.839783 0.589913
-0.839478 0.590139

-0.839478 0.59014
-0.839381 0.59021

-0.839382 0.59021
-0.839172 0.590365

-0.839172 0.590365
-0.838969 0.590515

-0.83897 0.590515
-0.838867 0.590589

-0.838867 0.590591
-0.838562 0.590816

-0.838562 0.590816
-0.838557 0.59082

-0.838557 0.59082
-0.838257 0.591042

-0.838257 0.591043
-0.838143 0.591125

-0.838144 0.591125
-0.837952 0.591268

-0.837952 0.591268
-0.837731 0.591431

-0.837731 0.591431
-0.837646 0.591492

-0.837646 0.591493
-0.837341 0.591719

-0.837341 0.591719
-0.837318 0.591736

-0.837318 0.591736
-0.837036 0.591945

-0.837036 0.591945
-0.836905 0.592041

-0.836906 0.592041
-0.836731 0.59217

-0.836731 0.59217
-0.836493 0.592346

-0.836493 0.592346
-0.836426 0.592395

-0.836426 0.592396
-0.836121 0.592621

-0.836121 0.592622
-0.83608 0.592651

-0.83608 0.592651
-0.835815 0.592847

-0.835815 0.592847
-0.835667 0.592957

-0.835668 0.592957
-0.83551 0.593072

-0.83551 0.593073
-0.835254 0.593262

-0.835254 0.593262
-0.835205 0.593297

-0.835205 0.593298
-0.8349 0.593524

-0.8349 0.593524
-0.834841 0.593567

-0.834841 0.593567
-0.834595 0.593749

-0.834595 0.593749
-0.834428 0.593872

-0.834429 0.593872
-0.83429 0.593974

-0.83429 0.593975
-0.834016 0.594177

-0.834015 0.594177
-0.833984 0.5942

-0.833984 0.5942
-0.833679 0.594426

-0.833679 0.594426
-0.833602 0.594482

-0.833602 0.594482
-0.833374 0.594651

-0.833374 0.594651
-0.833189 0.594788

-0.83319 0.594788
-0.833069 0.594876

-0.833069 0.594877
-0.832776 0.595093

-0.832776 0.595093
-0.832764 0.595102

-0.832764 0.595102
-0.832458 0.595328

-0.832458 0.595328
-0.832362 0.595398

-0.832363 0.595398
-0.832153 0.595553

-0.832153 0.595553
-0.83195 0.595703

-0.831951 0.595703
-0.831848 0.595777

-0.831848 0.595779
-0.831543 0.596004

-0.831543 0.596004
-0.831537 0.596008

-0.831537 0.596008
-0.831238 0.596229

-0.831238 0.59623
-0.831123 0.596313

-0.831124 0.596313
-0.830933 0.596455

-0.830933 0.596455
-0.830711 0.596619

-0.830711 0.596619
-0.830627 0.596679

-0.830627 0.59668
-0.830322 0.596906

-0.830322 0.596906
-0.830297 0.596924

-0.830298 0.596924
-0.830017 0.597131

-0.830017 0.597131
-0.829883 0.597229

-0.829885 0.597229
-0.829712 0.597356

-0.829712 0.597356
-0.829471 0.597534

-0.829471 0.597534
-0.829407 0.597581

-0.829407 0.597582
-0.829102 0.597807

-0.829102 0.597807
-0.829057 0.597839

-0.829058 0.597839
-0.828796 0.598032

-0.828796 0.598033
-0.828644 0.598145

-0.828645 0.598145
-0.828491 0.598257

-0.828491 0.598258
-0.828231 0.59845

-0.828231 0.59845
-0.828186 0.598482

-0.828186 0.598483
-0.827881 0.598708

-0.827881 0.598709
-0.827817 0.598755

-0.827818 0.598755
-0.827576 0.598934

-0.827576 0.598934
-0.827404 0.59906

-0.827405 0.59906
-0.827271 0.599158

-0.827271 0.599159
-0.826991 0.599365

-0.82699 0.599365
-0.826965 0.599384

-0.826965 0.599384
-0.82666 0.599609

-0.82666 0.59961
-0.826577 0.59967

-0.826578 0.59967
-0.826355 0.599835

-0.826355 0.599835
-0.826164 0.599976

