-1.66934 0.0
-1.66933 0.000610352

-1.66933 0.000610352
-1.66929 0.0012207

-1.66929 0.0012207
-1.66923 0.00183105

-1.66923 0.00183105
-1.66915 0.00244141

-1.66915 0.00244141
-1.66904 0.00305176

-1.66904 0.00305176
-1.66895 0.00347191

-1.66895 0.0034734
-1.6689 0.00366211

-1.6689 0.00366211
-1.66874 0.00427246

-1.66874 0.00427246
-1.66856 0.00488281

-1.66856 0.00488281
-1.66834 0.00549316

-1.66834 0.00549316
-1.66833 0.00550562

-1.66833 0.00550587
-1.66809 0.00610352

-1.66809 0.00610352
-1.66781 0.00671387

-1.66782 0.00671387
-1.66772 0.00689028

-1.66772 0.00689139
-1.6675 0.00732422

-1.6675 0.00732422
-1.66715 0.00793457

-1.66715 0.00793457
-1.66711 0.00799519

-1.66711 0.00799421
-1.66676 0.00854492

-1.66676 0.00854492
-1.6665 0.00890201

-1.6665 0.00890264
-1.66632 0.00915527

-1.66632 0.00915527
-1.66589 0.00968763

-1.66589 0.00968927
-1.66583 0.00976562

-1.66583 0.00976562
-1.66528 0.0103708

-1.66528 0.0103676
-1.66528 0.010376

-1.66528 0.010376
-1.66467 0.0109692

-1.66467 0.0109593
-1.66464 0.0109863

-1.66465 0.0109863
-1.66406 0.0114955

-1.66406 0.0114855
-1.66392 0.0115967

-1.66393 0.0115967
-1.66345 0.0119603

-1.66345 0.0119553
-1.66308 0.012207

-1.66309 0.012207
-1.66284 0.0123688

-1.66284 0.0123661
-1.66223 0.0127288

-1.66223 0.0127229
-1.66205 0.0128174

-1.66207 0.0128174
-1.66162 0.0130488

-1.66162 0.0130449
-1.66101 0.0133209

-1.66101 0.0133176
-1.66073 0.0134277

-1.66074 0.0134277
-1.6604 0.013561

-1.6604 0.0135574
-1.65979 0.0137573

-1.65979 0.013757
-1.65918 0.0139218

-1.65918 0.0139208
-1.65864 0.0140381

-1.65865 0.0140381
-1.65857 0.0140552

-1.65857 0.0140536
-1.65796 0.0141521

-1.65796 0.0141512
-1.65735 0.0142166

-1.65735 0.0142166
-1.65674 0.0142506

-1.65674 0.0142506
-1.65613 0.0142532

-1.65613 0.0142532
-1.65552 0.0142244

-1.65552 0.0142245
-1.65491 0.014164

-1.65491 0.0141638
-1.6543 0.0140718

-1.64453 0.00602535
-1.64456 0.00610352

-1.64514 0.00727676
-1.64517 0.00732422

-1.64456 0.00610352
-1.64485 0.00671387

-1.64514 0.00727661
-1.64485 0.00671387

-1.64575 0.00828508
-1.64592 0.00854492

-1.64636 0.00914769
-1.64637 0.00915527

-1.64637 0.00915527
-1.64687 0.00976562

-1.64636 0.00914753
-1.64592 0.00854492

-1.64517 0.00732422
-1.64552 0.00793457

-1.64575 0.00828456
-1.64552 0.00793457

-1.65369 0.0139497
-1.65412 0.0140381

-1.6543 0.0140679
-1.65415 0.0140381

-1.65369 0.0139477
-1.65308 0.0137889

-1.65186 0.013371
-1.65201 0.0134277

-1.65308 0.0137893
-1.65247 0.0135965

-1.65247 0.0135961
-1.65202 0.0134277

-1.64941 0.0120556
-1.64965 0.012207

-1.65186 0.013369
-1.65125 0.013102

-1.65063 0.0127985
-1.65067 0.0128174

-1.65125 0.0131015
-1.65068 0.0128174

-1.65063 0.0127978
-1.65002 0.0124485

-1.65002 0.0124459
-1.64966 0.012207

-1.64941 0.0120516
-1.6488 0.0116043

-1.64819 0.0111033
-1.64879 0.0115967

-1.6488 0.0115997
-1.6488 0.0115967

-1.64758 0.0105352
-1.64806 0.0109863

-1.64697 0.00988491
-1.64743 0.010376

-1.64758 0.0105261
-1.64743 0.010376

-1.64819 0.011095
-1.64807 0.0109863

-1.64697 0.00987894
-1.64687 0.00976562

-1.64331 0.000711764
-1.64334 0.0012207

-1.64334 0.0012207
-1.6434 0.00183105

-1.6434 0.00183105
-1.64349 0.00244141

-1.64329 0.0
-1.6433 0.000610352

-1.64331 0.000711493
-1.6433 0.000610352

-1.64349 0.00244141
-1.6436 0.00305176

-1.6436 0.00305176
-1.64374 0.00366211

-1.64392 0.0043402
-1.64409 0.00488281

-1.64374 0.00366211
-1.6439 0.00427246

-1.64392 0.00433888
-1.6439 0.00427246

-1.64409 0.00488281
-1.64431 0.00549316

-1.64453 0.00602512
-1.64431 0.00549316

-1.62019 0.0
-1.62012 0.000273002

-1.62012 8.08902e-05
-1.61985 0.000610352

-1.62002 0.000610352
-1.61951 0.00101054

-1.61951 0.000880296
-1.6189 0.0010147

-1.6189 0.00099636
-1.61829 0.00086423

-1.61829 0.000755909
-1.61768 0.000610568

-1.61707 0.000609919
-1.61707 0.000610352

-1.61768 0.000652131
-1.61707 0.0006271

-1.61646 0.000536329
-1.61706 0.000610352

-1.61707 0.000635404
-1.61646 0.000704677

-1.61584 0.000218925
-1.61628 0.000610352

-1.61646 0.000882038
-1.61584 0.000790702

-1.61553 0.0
-1.61571 0.000610352

-1.61584 0.00101176
-1.61523 0.000666517

-1.61517 0.0
-1.61462 0.000369362

-1.61523 0.000760052
-1.61463 0.000610352

-1.61462 0.000414316
-1.61401 0.000458236

-1.61462 0.00061156
-1.61461 0.000610352

-1.61401 0.000203347
-1.6134 0.000230204

-1.6134 0.000282731
-1.61283 0.000610352

-1.61282 0.000610352
-1.61279 0.000616625

-1.61279 0.000512972
-1.61218 0.000549339

-1.61218 0.000491177
-1.61157 0.000493041

-1.61157 0.000524528
-1.61096 0.000541511

-1.61096 0.000507633
-1.61035 0.000510551

-1.61035 0.000530985
-1.60974 0.000540892

-1.60974 0.0005107
-1.60913 0.000527299

-1.60913 0.000550609
-1.60852 0.000554466

-1.60852 0.000521416
-1.60791 0.000524298

-1.60791 0.000541458
-1.6073 0.000569381

-1.6073 0.000550242
-1.60669 0.000551319

-1.60669 0.000563063
-1.60608 0.00054993

-1.60608 0.000524708
-1.60547 0.000550587

-1.60547 0.00056885
-1.60486 0.000595901

-1.60486 0.000568264
-1.60425 0.000561134

-1.60425 0.000586463
-1.60364 0.000564029

-1.60364 0.000530463
-1.60303 0.000554067

-1.60303 0.000585734
-1.60246 0.000610352

-1.60242 0.000571698
-1.60181 0.000565523

-1.60181 0.000578181
-1.6012 0.000607046

-1.60128 0.000610352
-1.6012 0.00061224

-1.6012 0.000569328
-1.60081 0.000610352

-1.60067 0.000610352
-1.60059 0.00061778

-1.60059 0.000588252
-1.60052 0.000610352

-1.60059 0.000611264
-1.59998 0.000800229

-1.59998 0.000856815
-1.59937 0.00109449

-1.59937 0.00110887
-1.59889 0.0012207

-1.59887 0.0012207
-1.59875 0.00124788

-1.59875 0.00124939
-1.59814 0.00127806

-1.59692 0.000808962
-1.59751 0.0012207

-1.59814 0.00128365
-1.59782 0.0012207

-1.59651 0.0
-1.59673 0.000610352

-1.59692 0.000936651
-1.59665 0.000610352

-1.59568 0.0
-1.59523 0.000610352

-1.59546 0.000610352
-1.59509 0.000844467

-1.59481 0.0
-1.59495 0.000610352

-1.59509 0.00090964
-1.59448 0.000687104

-1.5939 0.0
-1.59387 2.99595e-05

-1.59448 0.000846348
-1.59393 0.000610352

-1.59387 3.5265e-05
-1.59331 0.000610352

-1.59338 0.000610352
-1.59326 0.000634236

-1.59326 0.000449482
-1.59265 0.000266853

-1.59265 0.000387825
-1.59204 5.14462e-05

-1.59204 0.000320836
-1.59143 3.68063e-05

-1.59143 0.000309948
-1.59099 0.0

-1.59082 0.000246749
-1.59048 0.0

-1.59021 0.000219536
-1.58998 0.0

-1.5896 0.000182407
-1.58949 0.0

-1.58838 0.0
-1.58838 0.000207924

-1.58841 0.000610352
-1.58838 0.000776201

-1.58834 0.0
-1.58834 0.000610352

-1.58838 0.000675707
-1.58828 0.0012207

-1.58831 0.0012207
-1.58794 0.00183105

-1.58803 0.00183105
-1.58777 0.00210476

-1.58777 0.0019952
-1.58716 0.00243885

-1.58716 0.002404
-1.58705 0.00244141

-1.5871 0.00244141
-1.58655 0.00263038

-1.58655 0.00261779
-1.58594 0.00264861

-1.58472 0.00223979
-1.58511 0.00244141

-1.58355 0.0
-1.58362 0.000610352

-1.58361 0.000610352
-1.58385 0.0012207

-1.58411 0.00170068
-1.5842 0.00183105

-1.58472 0.00221761
-1.58429 0.00183105

-1.58411 0.00155882
-1.58387 0.0012207

-1.58594 0.00264856
-1.58533 0.00252245

-1.58533 0.00249274
-1.58523 0.00244141

-1.57775 0.0
-1.57739 0.000378075

-1.57723 0.0
-1.57678 0.000325509

-1.57678 1.7419e-06
-1.57617 0.000516874

-1.57617 0.000318128
-1.57556 0.000515131

-1.5756 0.000610352
-1.57556 0.000615809

-1.57495 0.000230979
-1.57556 0.000610352

-1.57556 0.000611881
-1.57556 0.000610352

-1.57495 0.000336319
-1.57449 0.0

-1.57434 0.000122507
-1.57373 0.000291751

-1.57373 0.000329332
-1.57312 6.0221e-05

-1.57293 0.0
-1.57251 0.000303417

-1.57251 0.000235044
-1.5719 0.00053502

-1.5719 0.000589808
-1.57129 1.8068e-06

-1.57125 0.0
-1.57068 0.000115732

-1.57068 0.000217164
-1.57007 0.000476024

-1.57007 0.000431914
-1.56954 0.0

-1.56946 0.000390425
-1.56909 0.0

-1.56847 0.0
-1.56824 0.000143756

-1.56811 0.0
-1.56763 0.000488742

-1.56763 4.65955e-05
-1.56702 0.000457276

-1.56702 0.000443994
-1.56641 0.000457347

-1.56641 0.000564418
-1.56584 0.0

-1.56568 0.0
-1.56519 0.000234422

-1.56519 0.00029572
-1.56458 0.000495524

-1.56458 0.000478726
-1.56402 0.0

-1.56396 0.000252627
-1.56338 0.0

-1.5633 0.0
-1.56274 0.000287291

-1.5627 0.0
-1.56213 0.000483842

-1.56213 0.000361232
-1.56152 0.000464898

-1.56152 0.00056953
-1.56091 3.4536e-05

-1.56091 0.000223983
-1.56042 0.0

-1.56021 0.0
-1.55969 0.000469414

-1.55969 0.000242512
-1.55908 0.000438785

-1.55908 0.000587805
-1.55847 6.74148e-05

-1.55847 2.26843e-05
-1.55786 6.70529e-05

-1.55786 0.000140895
-1.55725 0.000551324

-1.55672 0.0
-1.55724 0.000610352

-1.55207 0.0
-1.55192 0.000610352

-1.55194 0.000610352
-1.55176 0.000874398

-1.55176 0.000865005
-1.55137 0.0012207

-1.55132 0.0012207
-1.55115 0.00132952

-1.55115 0.00132655
-1.55054 0.00148051

-1.54932 0.00115128
-1.5494 0.0012207

-1.55054 0.00146066
-1.54993 0.00140385

-1.54993 0.00144024
-1.54952 0.0012207

-1.54903 0.0
-1.54913 0.000610352

-1.54932 0.00114119
-1.54893 0.000610352

-1.54871 0.000282268
-1.54818 0.0

-1.5481 4.30447e-05
-1.54749 0.000356831

-1.54749 0.000137775
-1.54688 0.000372257

-1.54688 0.000234338
-1.54626 0.000432808

-1.54626 0.000364475
-1.54565 0.000431771

-1.54565 0.000387975
-1.54504 0.000390841

-1.54504 0.00039858
-1.54443 0.000402605

-1.54443 0.000394627
-1.54382 0.000391151

-1.54382 0.000397811
-1.54321 0.000397361

-1.54321 0.000391751
-1.5426 0.00039325

-1.5426 0.000398085
-1.54199 0.000399674

-1.54199 0.000395106
-1.54138 0.000392645

-1.54138 0.000398359
-1.54077 0.000395145

-1.54077 0.000392231
-1.54016 0.00038998

-1.54016 0.000396123
-1.53955 0.000393512

-1.53955 0.000390516
-1.53894 0.000387218

-1.53894 0.000393433
-1.53833 0.000390567

-1.53833 0.000388661
-1.53772 0.000384192

-1.53772 0.000390931
-1.53711 0.000385488

-1.53711 0.00038539
-1.5365 0.00037828

-1.5365 0.000382876
-1.53589 0.000381629

-1.53589 0.000384441
-1.53528 0.000377149

-1.53528 0.000376669
-1.53467 0.000375729

-1.53467 0.000408605
-1.53406 0.000351432

-1.53406 0.000339391
-1.53345 0.000321418

-1.53345 0.000367371
-1.53284 0.000365044

-1.53284 0.000543315
-1.53223 0.000113958

-1.53223 0.000215756
-1.53165 0.0

-1.53162 3.67419e-06
-1.53101 0.000463014

-1.53101 0.000547898
-1.5304 0.000106088

-1.5304 0.000169478
-1.53028 0.0

-1.52979 0.000159806
-1.52917 3.3911e-05

-1.52858 0.0
-1.52856 6.40045e-05

-1.52829 0.0
-1.52822 0.000610352

-1.52822 0.000610352
-1.528 0.0012207

-1.52804 0.0012207
-1.52795 0.00136586

-1.52795 0.00139251
-1.52754 0.00183105

-1.52747 0.00183105
-1.52734 0.00191791

-1.52734 0.00193246
-1.52673 0.00215606

-1.52673 0.00214381
-1.52612 0.00213248

-1.52612 0.00213996
-1.52551 0.00190321

-1.5249 0.00138812
-1.52538 0.00183105

-1.52551 0.00190561
-1.5254 0.00183105

-1.52442 0.0
-1.52451 0.000610352

-1.52449 0.000610352
-1.52479 0.0012207

-1.5249 0.00139612
-1.52477 0.0012207

-1.49647 0.0
-1.49622 0.000498146

-1.49622 0.00033432
-1.49583 0.000610352

-1.49566 0.000610352
-1.49561 0.000626462

-1.49561 0.000497884
-1.495 0.000499463

-1.49545 0.000610352
-1.495 0.000610816

-1.495 0.000528017
-1.49438 0.000522536

-1.495 0.00061053
-1.49496 0.000610352

-1.49438 0.00049348
-1.49377 0.000493076

-1.49377 0.000554425
-1.49316 0.000495325

-1.49255 0.000125946
-1.493 0.000610352

-1.49316 0.000626445
-1.49313 0.000610352

-1.49255 0.000186526
-1.49246 0.0

-1.49156 0.0
-1.49133 0.00041181

-1.49133 0.000322878
-1.49072 0.00027196

-1.49072 0.000384855
-1.49055 0.0

-1.31464 0.0389221
-1.31485 0.0390625

-1.31433 0.0387288
-1.31438 0.0387573

-1.31464 0.0389219
-1.31438 0.0387573

-1.31372 0.0383483
-1.31389 0.0384521

-1.31433 0.0387282
-1.31403 0.038537

-1.31403 0.0385367
-1.31389 0.0384521

-1.31281 0.0377967
-1.31288 0.0378418

-1.31281 0.0377964
-1.3125 0.0376171

-1.31372 0.0383481
-1.31342 0.0381618

-1.31311 0.0379781
-1.31339 0.038147

-1.31342 0.0381617
-1.31339 0.038147

-1.31311 0.0379778
-1.31288 0.0378418

-1.33203 0.0654748
-1.33205 0.0656128

-1.33205 0.0656128
-1.33207 0.065918

-1.33207 0.065918
-1.3321 0.0662231

-1.3321 0.0662231
-1.33213 0.0665283

-1.33213 0.0665283
-1.33215 0.0668335

-1.33215 0.0668335
-1.33217 0.0671387

-1.33217 0.0671387
-1.33219 0.0674438

-1.33219 0.0674438
-1.3322 0.067749

-1.3322 0.067749
-1.33221 0.0680542

-1.33221 0.0680542
-1.33223 0.0683594

-1.33223 0.0683594
-1.33223 0.0686646

-1.33223 0.0686646
-1.33224 0.0689697

-1.33224 0.0689697
-1.33225 0.0692749

-1.33225 0.0692749
-1.33225 0.0695801

-1.33225 0.0695801
-1.33225 0.0698853

-1.33225 0.0698853
-1.33225 0.0701904

-1.33225 0.0701904
-1.33225 0.0704956

-1.33225 0.0704956
-1.33224 0.0708008

-1.33224 0.0708008
-1.33224 0.071106

-1.33224 0.071106
-1.33223 0.0714111

-1.33223 0.0714111
-1.33222 0.0717163

-1.33222 0.0717163
-1.33221 0.0720215

-1.33221 0.0720215
-1.33219 0.0723267

-1.33219 0.0723267
-1.33218 0.0726318

-1.33218 0.0726318
-1.33216 0.072937

-1.33216 0.072937
-1.33214 0.0732422

-1.33214 0.0732422
-1.33212 0.0735474

-1.33212 0.0735474
-1.3321 0.0738525

-1.3321 0.0738525
-1.33207 0.0741577

-1.33207 0.0741577
-1.33205 0.0744629

-1.33205 0.0744629
-1.33203 0.0746411

-1.32471 0.0475748
-1.32473 0.0476074

-1.32562 0.0487275
-1.3257 0.0488281

-1.32532 0.0483319
-1.32547 0.0485229

-1.32562 0.0487285
-1.32547 0.0485229

-1.32501 0.0479475
-1.32523 0.0482178

-1.32473 0.0476074
-1.32498 0.0479126

-1.32501 0.0479476
-1.32498 0.0479126

-1.32532 0.0483331
-1.32523 0.0482178

-1.32349 0.046179
-1.32367 0.0463867

-1.32227 0.0449192
-1.32251 0.045166

-1.32288 0.0455339
-1.32311 0.0457764

-1.32318 0.0458526
-1.32339 0.0460815

-1.32349 0.0461803
-1.3234 0.0460815

-1.32318 0.0458536
-1.32311 0.0457764

-1.32257 0.0452229
-1.32281 0.0454712

-1.32288 0.0455347
-1.32281 0.0454712

-1.32257 0.0452233
-1.32251 0.045166

-1.3241 0.0468586
-1.32422 0.0469971

-1.3244 0.0472119
-1.32448 0.0473022

-1.32471 0.0475742
-1.32448 0.0473022

-1.3244 0.047212
-1.32422 0.0469971

-1.32379 0.0465142
-1.32395 0.0466919

-1.3241 0.0468596
-1.32395 0.0466919

-1.32379 0.0465154
-1.32368 0.0463867

-1.32715 0.0509228
-1.32717 0.0509644

-1.32717 0.0509644
-1.32737 0.0512695

-1.32837 0.0530228
-1.32841 0.0531006

-1.32867 0.0536135
-1.32872 0.0537109

-1.32841 0.0531006
-1.32857 0.0534058

-1.32867 0.0536137
-1.32857 0.0534058

-1.32806 0.052461
-1.32808 0.0524902

-1.32776 0.0519261
-1.32791 0.0521851

-1.32806 0.0524612
-1.32791 0.0521851

-1.32745 0.0514146
-1.32755 0.0515747

-1.32755 0.0515747
-1.32773 0.0518799

-1.32745 0.0514147
-1.32737 0.0512695

-1.32776 0.0519263
-1.32773 0.0518799

-1.32808 0.0524902
-1.32825 0.0527954

-1.32837 0.053023
-1.32825 0.0527954

-1.32959 0.0556048
-1.32969 0.0558472

-1.32969 0.0558472
-1.32981 0.0561523

-1.3302 0.0571836
-1.33027 0.057373

-1.3299 0.0563629
-1.32993 0.0564575

-1.32993 0.0564575
-1.33005 0.0567627

-1.3299 0.0563629
-1.32981 0.0561523

-1.33005 0.0567627
-1.33016 0.0570679

-1.3302 0.0571837
-1.33016 0.0570679

-1.33027 0.057373
-1.33037 0.0576782

-1.33037 0.0576782
-1.33047 0.0579834

-1.33051 0.0580815
-1.33057 0.0582886

-1.33057 0.0582886
-1.33067 0.0585938

-1.33051 0.0580817
-1.33047 0.0579834

-1.32898 0.0542372
-1.32902 0.0543213

-1.32928 0.0548985
-1.3293 0.0549316

-1.32902 0.0543213
-1.32916 0.0546265

-1.32928 0.0548987
-1.32916 0.0546265

-1.32872 0.0537109
-1.32887 0.0540161

-1.32898 0.0542374
-1.32887 0.0540161

-1.3293 0.0549316
-1.32943 0.0552368

-1.32943 0.0552368
-1.32956 0.055542

-1.32959 0.0556049
-1.32956 0.055542

-1.32654 0.0499975
-1.32657 0.0500488

-1.32593 0.049137
-1.32615 0.0494385

-1.32623 0.0495606
-1.32636 0.0497437

-1.32654 0.049998
-1.32636 0.0497437

-1.32623 0.0495611
-1.32615 0.0494385

-1.32684 0.0504523
-1.32698 0.0506592

-1.32657 0.0500488
-1.32678 0.050354

-1.32684 0.0504526
-1.32678 0.050354

-1.32715 0.0509235
-1.32698 0.0506592

-1.3257 0.0488281
-1.32593 0.0491333

-1.32593 0.0491372
-1.32592 0.0491333

-1.32104 0.0437678
-1.32124 0.0439453

-1.31982 0.0427042
-1.31985 0.0427246

-1.32043 0.0432257
-1.32056 0.043335

-1.32074 0.0434941
-1.32091 0.0436401

-1.32104 0.0437661
-1.3209 0.0436401

-1.32074 0.043492
-1.32056 0.043335

-1.32013 0.0429623
-1.32021 0.0430298

-1.32043 0.0432248
-1.32021 0.0430298

-1.32013 0.0429621
-1.31985 0.0427246

-1.3183 0.041482
-1.31833 0.0415039

-1.3183 0.041482
-1.31799 0.04125

-1.31738 0.040798
-1.31751 0.0408936

-1.31769 0.0410218
-1.31792 0.0411987

-1.31799 0.0412497
-1.31792 0.0411987

-1.31769 0.0410214
-1.31751 0.0408936

-1.31982 0.0427042
-1.31952 0.0424509

-1.31921 0.0422023
-1.31948 0.0424194

-1.31952 0.042451
-1.31948 0.0424194

-1.31891 0.0419584
-1.3191 0.0421143

-1.3186 0.041719
-1.31872 0.0418091

-1.31891 0.0419576
-1.31872 0.0418091

-1.31921 0.0422017
-1.3191 0.0421143

-1.3186 0.0417179
-1.31833 0.0415039

-1.32166 0.0443314
-1.32189 0.0445557

-1.32196 0.0446223
-1.32221 0.0448608

-1.32227 0.0449191
-1.32221 0.0448608

-1.32196 0.0446216
-1.32189 0.0445557

-1.32135 0.0440468
-1.32157 0.0442505

-1.32166 0.0443304
-1.32157 0.0442505

-1.32135 0.0440454
-1.32124 0.0439453

-1.31647 0.0401442
-1.31667 0.0402832

-1.31616 0.0399339
-1.31623 0.039978

-1.31647 0.0401439
-1.31623 0.039978

-1.31708 0.0405761
-1.31709 0.0405884

-1.31738 0.040797
-1.31709 0.0405884

-1.31708 0.0405761
-1.31677 0.0403585

-1.31677 0.0403579
-1.31667 0.0402832

-1.31555 0.03952
-1.31578 0.0396729

-1.31616 0.039933
-1.31586 0.039725

-1.31586 0.0397244
-1.31578 0.0396729

-1.31525 0.0393186
-1.31532 0.0393677

-1.31555 0.0395197
-1.31532 0.0393677

-1.31525 0.0393179
-1.31494 0.0391186

-1.31494 0.0391183
-1.31485 0.0390625

-1.33081 0.0590787
-1.33085 0.0592041

-1.33085 0.0592041
-1.33093 0.0595093

-1.33093 0.0595093
-1.33101 0.0598145

-1.33112 0.0602084
-1.33117 0.0604248

-1.33101 0.0598145
-1.33109 0.0601196

-1.33112 0.0602084
-1.33109 0.0601196

-1.33117 0.0604248
-1.33124 0.06073

-1.33124 0.06073
-1.33131 0.0610352

-1.33067 0.0585938
-1.33076 0.0588989

-1.33081 0.0590787
-1.33076 0.0588989

-1.33142 0.0615302
-1.33145 0.0616455

-1.33145 0.0616455
-1.33151 0.0619507

-1.33151 0.0619507
-1.33157 0.0622559

-1.33131 0.0610352
-1.33138 0.0613403

-1.33142 0.0615302
-1.33138 0.0613403

-1.33157 0.0622559
-1.33162 0.062561

-1.33162 0.062561
-1.33168 0.0628662

-1.33173 0.063164
-1.33173 0.0631714

-1.33173 0.0631714
-1.33178 0.0634766

-1.33173 0.0631639
-1.33168 0.0628662

-1.33178 0.0634766
-1.33182 0.0637817

-1.33182 0.0637817
-1.33187 0.0640869

-1.33187 0.0640869
-1.33191 0.0643921

-1.33191 0.0643921
-1.33194 0.0646973

-1.33194 0.0646973
-1.33198 0.0650024

-1.33198 0.0650024
-1.33201 0.0653076

-1.33203 0.0654746
-1.33201 0.0653076

-1.33203 0.0746407
-1.33202 0.0747681

-1.33202 0.0747681
-1.33199 0.0750732

-1.33199 0.0750732
-1.33196 0.0753784

-1.33196 0.0753784
-1.33193 0.0756836

-1.33193 0.0756836
-1.33189 0.0759888

-1.33189 0.0759888
-1.33186 0.0762939

-1.33186 0.0762939
-1.33182 0.0765991

-1.33182 0.0765991
-1.33178 0.0769043

-1.33178 0.0769043
-1.33174 0.0772095

-1.33174 0.0772095
-1.33173 0.0773238

-1.33173 0.0773235
-1.3317 0.0775146

-1.3317 0.0775146
-1.33166 0.0778198

-1.33166 0.0778198
-1.33161 0.078125

-1.33161 0.078125
-1.33157 0.0784302

-1.33157 0.0784302
-1.33152 0.0787354

-1.33152 0.0787354
-1.33147 0.0790405

-1.33147 0.0790405
-1.33142 0.0793332

-1.33142 0.0793332
-1.33142 0.0793457

-1.33142 0.0793457
-1.33137 0.0796509

-1.33137 0.0796509
-1.33131 0.0799561

-1.33131 0.0799561
-1.33126 0.0802612

-1.33126 0.0802612
-1.3312 0.0805664

-1.3312 0.0805664
-1.33115 0.0808716

-1.33115 0.0808716
-1.33112 0.0810266

-1.33112 0.0810264
-1.33109 0.0811768

-1.33109 0.0811768
-1.33103 0.0814819

-1.33103 0.0814819
-1.33097 0.0817871

-1.33097 0.0817871
-1.3309 0.0820923

-1.3309 0.0820923
-1.33084 0.0823975

-1.33084 0.0823975
-1.33081 0.0825285

-1.33081 0.0825282
-1.33077 0.0827026

-1.33077 0.0827026
-1.33071 0.0830078

-1.33071 0.0830078
-1.33064 0.083313

-1.33064 0.083313
-1.33057 0.0836182

-1.33057 0.0836182
-1.33051 0.083897

-1.33051 0.083897
-1.3305 0.0839233

-1.3305 0.0839233
-1.33043 0.0842285

-1.33043 0.0842285
-1.33035 0.0845337

-1.33035 0.0845337
-1.33028 0.0848389

-1.33028 0.0848389
-1.33021 0.085144

-1.33021 0.085144
-1.3302 0.0851659

-1.3302 0.0851656
-1.33013 0.0854492

-1.33013 0.0854492
-1.33005 0.0857544

-1.33005 0.0857544
-1.32997 0.0860596

-1.32997 0.0860596
-1.3299 0.0863562

-1.3299 0.0863562
-1.32989 0.0863647

-1.32989 0.0863647
-1.32981 0.0866699

-1.32981 0.0866699
-1.32973 0.0869751

-1.32973 0.0869751
-1.32965 0.0872803

-1.32965 0.0872803
-1.32959 0.0874832

-1.32959 0.0874831
-1.32956 0.0875854

-1.32956 0.0875854
-1.32948 0.0878906

-1.32948 0.0878906
-1.32939 0.0881958

-1.32939 0.0881958
-1.3293 0.088501

-1.3293 0.088501
-1.32928 0.0885584

-1.32928 0.0885581
-1.32921 0.0888062

-1.32921 0.0888062
-1.32912 0.0891113

-1.32912 0.0891113
-1.32903 0.0894165

-1.32903 0.0894165
-1.32898 0.0895883

-1.32898 0.0895881
-1.32894 0.0897217

-1.32894 0.0897217
-1.32885 0.0900269

-1.32885 0.0900269
-1.32875 0.090332

-1.32875 0.090332
-1.32867 0.0905801

-1.32867 0.09058
-1.32866 0.0906372

-1.32866 0.0906372
-1.32856 0.0909424

-1.32856 0.0909424
-1.32846 0.0912476

-1.32846 0.0912476
-1.32837 0.0915384

-1.32837 0.0915384
-1.32836 0.0915527

-1.32836 0.0915527
-1.32827 0.0918579

-1.32827 0.0918579
-1.32816 0.0921631

-1.32816 0.0921631
-1.32806 0.0924669

-1.32806 0.0924668
-1.32806 0.0924683

-1.32806 0.0924683
-1.32796 0.0927734

-1.32796 0.0927734
-1.32786 0.0930786

-1.32786 0.0930786
-1.32776 0.0933687

-1.32776 0.0933688
-1.32775 0.0933838

-1.32775 0.0933838
-1.32765 0.093689

-1.32765 0.093689
-1.32754 0.0939941

-1.32754 0.0939941
-1.32745 0.0942468

-1.32745 0.0942467
-1.32744 0.0942993

-1.32744 0.0942993
-1.32733 0.0946045

-1.32733 0.0946045
-1.32722 0.0949097

-1.32722 0.0949097
-1.32715 0.0951032

-1.32715 0.0951031
-1.32711 0.0952148

-1.32711 0.0952148
-1.327 0.09552

-1.327 0.09552
-1.32689 0.0958252

-1.32689 0.0958252
-1.32684 0.0959402

-1.32684 0.0959401
-1.32677 0.0961304

-1.32677 0.0961304
-1.32666 0.0964355

-1.32666 0.0964355
-1.32655 0.0967407

-1.32655 0.0967407
-1.32654 0.0967595

-1.32654 0.0967593
-1.32643 0.0970459

-1.32643 0.0970459
-1.32631 0.0973511

-1.32631 0.0973511
-1.32623 0.0975615

-1.32623 0.0975614
-1.3262 0.0976562

-1.3262 0.0976562
-1.32608 0.0979614

-1.32608 0.0979614
-1.32596 0.0982666

-1.32596 0.0982666
-1.32593 0.0983488

-1.32593 0.0983486
-1.32584 0.0985718

-1.32584 0.0985718
-1.32572 0.098877

-1.32572 0.098877
-1.32562 0.0991216

-1.32562 0.0991215
-1.3256 0.0991821

-1.3256 0.0991821
-1.32548 0.0994873

-1.32548 0.0994873
-1.32535 0.0997925

-1.32535 0.0997925
-1.32532 0.0998814

-1.32532 0.0998812
-1.32523 0.100098

-1.32523 0.100098
-1.32511 0.100403

-1.32511 0.100403
-1.32501 0.100629

-1.32501 0.100629
-1.32498 0.100708

-1.32498 0.100708
-1.32485 0.101013

-1.32485 0.101013
-1.32473 0.101318

-1.32473 0.101318
-1.32471 0.101365

-1.32471 0.101365
-1.3246 0.101624

-1.3246 0.101624
-1.32447 0.101929

-1.32447 0.101929
-1.3244 0.102089

-1.3244 0.102089
-1.32434 0.102234

-1.32434 0.102234
-1.32421 0.102539

-1.32421 0.102539
-1.3241 0.102804

-1.3241 0.102804
-1.32408 0.102844

-1.32408 0.102844
-1.32395 0.103149

-1.32395 0.103149
-1.32382 0.103455

-1.32382 0.103455
-1.32379 0.10351

-1.32379 0.103509
-1.32368 0.10376

-1.32368 0.10376
-1.32355 0.104065

-1.32355 0.104065
-1.32349 0.104205

-1.32349 0.104205
-1.32341 0.10437

-1.32341 0.10437
-1.32328 0.104675

-1.32328 0.104675
-1.32318 0.104893

-1.32318 0.104893
-1.32314 0.10498

-1.32314 0.10498
-1.32301 0.105286

-1.32301 0.105286
-1.32288 0.105572

-1.32288 0.105572
-1.32287 0.105591

-1.32287 0.105591
-1.32273 0.105896

-1.32273 0.105896
-1.32259 0.106201

-1.32259 0.106201
-1.32257 0.106244

-1.32257 0.106243
-1.32245 0.106506

-1.32245 0.106506
-1.32231 0.106812

-1.32231 0.106812
-1.32227 0.106908

-1.32227 0.106907
-1.32217 0.107117

-1.32217 0.107117
-1.32203 0.107422

-1.32203 0.107422
-1.32196 0.107564

-1.32196 0.107564
-1.32188 0.107727

-1.32188 0.107727
-1.32174 0.108032

-1.32174 0.108032
-1.32166 0.108215

-1.32166 0.108214
-1.3216 0.108337

-1.3216 0.108337
-1.32145 0.108643

-1.32145 0.108643
-1.32135 0.108858

-1.32135 0.108858
-1.32131 0.108948

-1.32131 0.108948
-1.32116 0.109253

-1.32116 0.109253
-1.32104 0.109496

-1.32104 0.109496
-1.32101 0.109558

-1.32102 0.109558
-1.32087 0.109863

-1.32087 0.109863
-1.32074 0.110127

-1.32074 0.110127
-1.32072 0.110168

-1.32072 0.110168
-1.32057 0.110474

-1.32057 0.110474
-1.32043 0.110753

-1.32043 0.110753
-1.32042 0.110779

-1.32042 0.110779
-1.32027 0.111084

-1.32027 0.111084
-1.32013 0.111374

-1.32013 0.111374
-1.32012 0.111389

-1.32012 0.111389
-1.31997 0.111694

-1.31997 0.111694
-1.31982 0.111989

-1.31982 0.111989
-1.31982 0.112

-1.31982 0.112
-1.31967 0.112305

-1.31967 0.112305
-1.31952 0.112599

-1.31952 0.112599
-1.31951 0.11261

-1.31951 0.11261
-1.31936 0.112915

-1.31936 0.112915
-1.31921 0.113204

-1.31921 0.113204
-1.31921 0.11322

-1.31921 0.11322
-1.31905 0.113525

-1.31905 0.113525
-1.31891 0.113805

-1.31891 0.113805
-1.3189 0.113831

-1.3189 0.113831
-1.31874 0.114136

-1.31874 0.114136
-1.3186 0.114401

-1.3186 0.114401
-1.31858 0.114441

-1.31858 0.114441
-1.31843 0.114746

-1.31843 0.114746
-1.3183 0.114993

-1.3183 0.114993
-1.31827 0.115051

-1.31827 0.115051
-1.31811 0.115356

-1.31811 0.115356
-1.31799 0.11558

-1.31799 0.11558
-1.31795 0.115662

-1.31795 0.115662
-1.31779 0.115967

-1.31779 0.115967
-1.31769 0.116164

-1.31769 0.116163
-1.31763 0.116272

-1.31763 0.116272
-1.31747 0.116577

-1.31747 0.116577
-1.31738 0.116743

-1.31738 0.116743
-1.31731 0.116882

-1.31731 0.116882
-1.31715 0.117188

-1.31715 0.117188
-1.31708 0.117319

-1.31708 0.117318
-1.31698 0.117493

-1.31698 0.117493
-1.31682 0.117798

-1.31682 0.117798
-1.31677 0.11789

-1.31677 0.11789
-1.31666 0.118103

-1.31666 0.118103
-1.31649 0.118408

-1.31649 0.118408
-1.31647 0.118459

-1.31647 0.118459
-1.31633 0.118713

-1.31633 0.118713
-1.31616 0.119019

-1.31616 0.119019
-1.31616 0.119024

-1.31616 0.119024
-1.316 0.119324

-1.316 0.119324
-1.31586 0.119585

-1.31586 0.119585
-1.31583 0.119629

-1.31583 0.119629
-1.31567 0.119934

-1.31567 0.119934
-1.31555 0.120143

-1.31555 0.120143
-1.3155 0.120239

-1.3155 0.120239
-1.31533 0.120544

-1.31533 0.120544
-1.31525 0.120698

-1.31525 0.120698
-1.31516 0.12085

-1.31516 0.12085
-1.31499 0.121155

-1.31499 0.121155
-1.31494 0.12125

-1.31494 0.12125
-1.31482 0.12146

-1.31482 0.12146
-1.31465 0.121765

-1.31465 0.121765
-1.31464 0.121799

-1.31464 0.121798
-1.31448 0.12207

-1.31448 0.12207
-1.31433 0.122344

-1.31433 0.122344
-1.31431 0.122375

-1.31431 0.122375
-1.31414 0.122681

-1.31414 0.122681
-1.31403 0.122887

-1.31403 0.122887
-1.31397 0.122986

-1.31397 0.122986
-1.3138 0.123291

-1.3138 0.123291
-1.31372 0.123427

-1.31372 0.123427
-1.31363 0.123596

-1.31363 0.123596
-1.31345 0.123901

-1.31345 0.123901
-1.31342 0.123965

-1.31342 0.123965
-1.31328 0.124207

-1.31328 0.124207
-1.31311 0.1245

-1.31311 0.1245
-1.3131 0.124512

-1.3131 0.124512
-1.31293 0.124817

-1.31293 0.124817
-1.31281 0.125032

-1.31281 0.125032
-1.31275 0.125122

-1.31275 0.125122
-1.31258 0.125427

-1.31258 0.125427
-1.3125 0.125562

-1.31067 0.0365854
-1.31073 0.0366211

-1.31067 0.0365852
-1.31036 0.0364201

-1.31006 0.036257
-1.31017 0.0363159

-1.31036 0.0364199
-1.31017 0.0363159

-1.31219 0.03744
-1.31236 0.0375366

-1.3125 0.0376168
-1.31236 0.0375366

-1.31219 0.0374398
-1.31189 0.0372648

-1.31158 0.037092
-1.31183 0.0372314

-1.31128 0.036921
-1.31129 0.0369263

-1.31158 0.0370918
-1.31129 0.0369263

-1.31189 0.0372647
-1.31183 0.0372314

-1.31128 0.0369211
-1.31097 0.0367522

-1.31097 0.036752
-1.31073 0.0366211

-1.30945 0.0359358
-1.30959 0.0360107

-1.31006 0.0362568
-1.30975 0.0360954

-1.30975 0.0360952
-1.30959 0.0360107

-1.30945 0.0359356
-1.30914 0.0357776

-1.30884 0.0356215
-1.309 0.0357056

-1.30914 0.0357775
-1.309 0.0357056

-1.30823 0.0353137
-1.3084 0.0354004

-1.30823 0.0353136
-1.30792 0.035162

-1.30762 0.0350122
-1.30779 0.0350952

-1.30792 0.0351619
-1.30779 0.0350952

-1.30884 0.0356213
-1.30853 0.0354666

-1.30853 0.0354665
-1.3084 0.0354004

-1.30579 0.0341426
-1.30587 0.0341797

-1.30579 0.0341425
-1.30548 0.0340023

-1.30518 0.0338636
-1.3052 0.0338745

-1.30548 0.0340022
-1.3052 0.0338745

-1.30518 0.0338635
-1.30487 0.0337259

-1.30487 0.0337257
-1.30457 0.0335894

-1.30426 0.0334544
-1.30452 0.0335693

-1.30426 0.0334543
-1.30396 0.0333203

-1.30457 0.0335893
-1.30452 0.0335693

-1.30304 0.0329255
-1.30312 0.032959

-1.30304 0.0329254
-1.30273 0.032796

-1.30365 0.0331876
-1.30383 0.0332642

-1.30396 0.0333202
-1.30383 0.0332642

-1.30365 0.0331875
-1.30334 0.0330559

-1.30334 0.0330557
-1.30312 0.032959

-1.30701 0.0347167
-1.30716 0.03479

-1.30762 0.0350121
-1.30731 0.0348635

-1.30731 0.0348634
-1.30716 0.03479

-1.30701 0.0347165
-1.3067 0.0345709

-1.3064 0.0344269
-1.30652 0.0344849

-1.3067 0.0345708
-1.30652 0.0344849

-1.3064 0.0344268
-1.30609 0.0342839

-1.30609 0.0342838
-1.30587 0.0341797

-1.29327 0.0292384
-1.29345 0.0292969

-1.29327 0.0292383
-1.29297 0.0291358

-1.30273 0.0327959
-1.30243 0.0326675

-1.30212 0.0325404
-1.3024 0.0326538

-1.30243 0.0326675
-1.3024 0.0326538

-1.30151 0.032289
-1.30166 0.0323486

-1.30212 0.0325403
-1.30182 0.032414

-1.30182 0.0324139
-1.30166 0.0323486

-1.30151 0.0322889
-1.30121 0.0321647

-1.3009 0.0320414
-1.30091 0.0320435

-1.30121 0.0321646
-1.30091 0.0320435

-1.3009 0.0320415
-1.3006 0.0319193

-1.3006 0.0319192
-1.30029 0.0317979

-1.29999 0.0316777
-1.30014 0.0317383

-1.29999 0.0316776
-1.29968 0.0315582

-1.29968 0.0315581
-1.29938 0.0314396

-1.29907 0.0313221
-1.29936 0.0314331

-1.29938 0.0314396
-1.29936 0.0314331

-1.29846 0.0310895
-1.29856 0.0311279

-1.29907 0.031322
-1.29877 0.0312052

-1.29877 0.0312051
-1.29856 0.0311279

-1.29846 0.0310894
-1.29816 0.0309743

-1.29816 0.0309742
-1.29785 0.03086

-1.30029 0.0317978
-1.30014 0.0317383

-1.29663 0.0304113
-1.29692 0.0305176

-1.29755 0.0307467
-1.29775 0.0308228

-1.29785 0.03086
-1.29775 0.0308228

-1.29755 0.0307467
-1.29724 0.030634

-1.29724 0.030634
-1.29694 0.0305222

-1.29694 0.0305222
-1.29692 0.0305176

-1.29663 0.0304113
-1.29633 0.030301

-1.29602 0.0301916
-1.29608 0.0302124

-1.29633 0.0303009
-1.29608 0.0302124

-1.29602 0.0301915
-1.29572 0.0300828

-1.29572 0.0300827
-1.29541 0.0299747

-1.2951 0.0298675
-1.29522 0.0299072

-1.2951 0.0298675
-1.2948 0.0297609

-1.29541 0.0299746
-1.29522 0.0299072

-1.2948 0.0297608
-1.29449 0.0296549

-1.29419 0.0295499
-1.29434 0.0296021

-1.29449 0.0296549
-1.29434 0.0296021

-1.29419 0.0295498
-1.29388 0.0294453

-1.29388 0.0294453
-1.29358 0.0293414

-1.29358 0.0293414
-1.29345 0.0292969

-1.29297 0.0291357
-1.29266 0.0290339

-1.29236 0.0289327
-1.29254 0.0289917

-1.29266 0.0290338
-1.29254 0.0289917

-1.29236 0.0289327
-1.29205 0.0288321

-1.29205 0.028832
-1.29175 0.028732

-1.29144 0.0286327
-1.29161 0.0286865

-1.29144 0.0286327
-1.29114 0.0285339

-1.29175 0.028732
-1.29161 0.0286865

-1.29114 0.0285339
-1.29083 0.0284357

-1.29053 0.0283382
-1.29066 0.0283813

-1.29083 0.0284356
-1.29066 0.0283813

-1.28961 0.0280488
-1.2897 0.0280762

-1.28961 0.0280488
-1.28931 0.0279534

-1.29053 0.0283381
-1.29022 0.0282411

-1.29022 0.028241
-1.28992 0.0281446

-1.28992 0.0281445
-1.2897 0.0280762

-1.28931 0.0279534
-1.289 0.0278585

-1.2887 0.0277644
-1.28872 0.027771

-1.289 0.0278585
-1.28872 0.027771

-1.2887 0.0277644
-1.28839 0.0276707

-1.28839 0.0276706
-1.28809 0.0275774

-1.28564 0.0268503
-1.28566 0.0268555

-1.28748 0.0273927
-1.28772 0.0274658

-1.28809 0.0275774
-1.28778 0.0274847

-1.28778 0.0274847
-1.28772 0.0274658

-1.28748 0.0273926
-1.28717 0.027301

-1.28717 0.027301
-1.28687 0.0272098

-1.28656 0.0271193
-1.2867 0.0271606

-1.28687 0.0272098
-1.2867 0.0271606

-1.28656 0.0271192
-1.28625 0.0270291

-1.28625 0.027029
-1.28595 0.0269394

-1.28595 0.0269394
-1.28566 0.0268555

-1.28564 0.0268503
-1.28534 0.0267616

-1.28534 0.0267615
-1.28503 0.0266733

-1.28503 0.0266733
-1.28473 0.0265855

-1.28442 0.0264983
-1.28461 0.0265503

-1.28473 0.0265855
-1.28461 0.0265503

-1.28442 0.0264982
-1.28412 0.0264114

-1.28412 0.0264114
-1.28381 0.0263249

-1.28351 0.0262391
-1.28353 0.0262451

-1.28351 0.0262391
-1.2832 0.0261535

-1.28381 0.0263249
-1.28353 0.0262451

-1.2832 0.0261535
-1.2829 0.0260684

-1.2829 0.0260684
-1.28259 0.0259838

-1.28229 0.0258996
-1.28243 0.0259399

-1.28259 0.0259837
-1.28243 0.0259399

-1.28229 0.0258996
-1.28198 0.0258157

-1.28107 0.0255669
-1.28132 0.0256348

-1.28107 0.0255668
-1.28076 0.0254847

-1.28198 0.0258157
-1.28168 0.0257323

-1.28168 0.0257323
-1.28137 0.0256494

-1.28137 0.0256494
-1.28132 0.0256348

-1.28076 0.0254846
-1.28046 0.0254029

-1.28015 0.0253216
-1.28018 0.0253296

-1.28046 0.0254029
-1.28018 0.0253296

-1.28015 0.0253216
-1.27985 0.0252406

-1.27985 0.0252406
-1.27954 0.02516

-1.27893 0.0250001
-1.27902 0.0250244

-1.27954 0.02516
-1.27924 0.0250798

-1.27924 0.0250798
-1.27902 0.0250244

-1.27893 0.025
-1.27863 0.0249206

-1.27863 0.0249206
-1.27832 0.0248415

-1.27649 0.024375
-1.27664 0.0244141

-1.27649 0.024375
-1.27618 0.0242984

-1.27618 0.0242984
-1.27588 0.0242222

-1.27588 0.0242222
-1.27557 0.0241464

-1.27527 0.024071
-1.27542 0.0241089

-1.27557 0.0241464
-1.27542 0.0241089

-1.27527 0.024071
-1.27496 0.0239958

-1.27496 0.0239958
-1.27466 0.023921

-1.27405 0.0237725
-1.27418 0.0238037

-1.27466 0.023921
-1.27435 0.0238465

-1.27435 0.0238466
-1.27418 0.0238037

-1.27405 0.0237724
-1.27374 0.0236986

-1.27374 0.0236986
-1.27344 0.0236251

-1.27832 0.0248415
-1.27802 0.0247629

-1.27771 0.0246846
-1.27785 0.0247192

-1.27802 0.0247629
-1.27785 0.0247192

-1.27771 0.0246846
-1.2774 0.0246066

-1.2774 0.0246066
-1.2771 0.024529

-1.2771 0.024529
-1.27679 0.0244518

-1.27679 0.0244518
-1.27664 0.0244141

-1.25391 0.0195058
-1.25404 0.0195312

-1.27344 0.0236251
-1.27313 0.023552

-1.27283 0.0234792
-1.27291 0.0234985

-1.27313 0.023552
-1.27291 0.0234985

-1.27283 0.0234792
-1.27252 0.0234066

-1.27252 0.0234066
-1.27222 0.0233344

-1.27161 0.023191
-1.27162 0.0231934

-1.27161 0.023191
-1.2713 0.0231198

-1.2713 0.0231197
-1.271 0.0230488

-1.27222 0.0233344
-1.27191 0.0232626

-1.27191 0.0232626
-1.27162 0.0231934

-1.271 0.0230488
-1.27069 0.0229781

-1.27069 0.0229782
-1.27039 0.0229078

-1.27008 0.0228378
-1.2703 0.0228882

-1.27039 0.0229079
-1.2703 0.0228882

-1.27008 0.0228377
-1.26978 0.0227679

-1.26978 0.0227679
-1.26947 0.0226985

-1.26947 0.0226985
-1.26917 0.0226294

-1.26886 0.0225606
-1.26896 0.022583

-1.26886 0.0225606
-1.26855 0.0224919

-1.26917 0.0226294
-1.26896 0.022583

-1.26611 0.0219536
-1.2662 0.0219727

-1.26855 0.0224919
-1.26825 0.0224236

-1.26825 0.0224236
-1.26794 0.0223557

-1.26794 0.0223557
-1.26764 0.022288

-1.26733 0.0222205
-1.26759 0.0222778

-1.26764 0.022288
-1.26759 0.0222778

-1.26733 0.0222205
-1.26703 0.0221533

-1.26703 0.0221532
-1.26672 0.0220864

-1.26672 0.0220864
-1.26642 0.0220199

-1.26642 0.0220199
-1.2662 0.0219727

-1.26611 0.0219536
-1.26581 0.0218875

-1.26581 0.0218875
-1.2655 0.0218216

-1.2655 0.0218216
-1.2652 0.0217562

-1.2652 0.0217562
-1.26489 0.021691

-1.26459 0.0216259
-1.26478 0.0216675

-1.26489 0.021691
-1.26478 0.0216675

-1.26459 0.0216259
-1.26428 0.0215611

-1.26428 0.0215611
-1.26398 0.0214966

-1.26398 0.0214966
-1.26367 0.0214325

-1.26306 0.0213048
-1.26334 0.0213623

-1.26367 0.0214325
-1.26337 0.0213686

-1.26337 0.0213686
-1.26334 0.0213623

-1.26306 0.0213048
-1.26276 0.0212414

-1.26276 0.0212413
-1.26245 0.0211782

-1.26245 0.0211782
-1.26215 0.0211153

-1.26184 0.0210526
-1.26186 0.0210571

-1.26215 0.0211153
-1.26186 0.0210571

-1.26184 0.0210526
-1.26154 0.0209901

-1.26154 0.0209901
-1.26123 0.0209278

-1.26031 0.0207429
-1.26036 0.020752

-1.26031 0.0207429
-1.26001 0.0206816

-1.26123 0.0209278
-1.26093 0.0208659

-1.26093 0.0208659
-1.26062 0.0208043

-1.26062 0.0208044
-1.26036 0.020752

-1.26001 0.0206816
-1.2597 0.0206206

-1.2597 0.0206206
-1.2594 0.0205599

-1.2594 0.0205599
-1.25909 0.0204995

-1.25879 0.0204392
-1.25883 0.0204468

-1.25909 0.0204995
-1.25883 0.0204468

-1.25879 0.0204392
-1.25848 0.0203791

-1.25848 0.0203791
-1.25818 0.0203192

-1.25818 0.0203192
-1.25787 0.0202596

-1.25787 0.0202597
-1.25757 0.0202004

-1.25726 0.0201413
-1.25726 0.0201416

-1.25726 0.0201413
-1.25696 0.0200824

-1.25757 0.0202004
-1.25726 0.0201416

-1.25696 0.0200824
-1.25665 0.0200237

-1.25665 0.0200237
-1.25635 0.0199653

-1.25635 0.0199653
-1.25604 0.0199071

-1.25604 0.0199072
-1.25574 0.0198492

-1.25543 0.0197913
-1.25567 0.0198364

-1.25574 0.0198492
-1.25567 0.0198364

-1.25543 0.0197913
-1.25513 0.0197337

-1.25513 0.0197336
-1.25482 0.0196763

-1.25482 0.0196763
-1.25452 0.0196193

-1.25452 0.0196193
-1.25421 0.0195625

-1.25421 0.0195625
-1.25404 0.0195312

-1.25391 0.0195058
-1.2536 0.0194493

-1.2536 0.0194493
-1.2533 0.019393

-1.2533 0.019393
-1.25299 0.019337

-1.25299 0.0193371
-1.25269 0.0192813

-1.25238 0.0192257
-1.25238 0.0192261

-1.25269 0.0192813
-1.25238 0.0192261

-1.25238 0.0192257
-1.25208 0.0191701

-1.25208 0.0191701
-1.25177 0.0191148

-1.25177 0.0191148
-1.25146 0.0190598

-1.25146 0.0190598
-1.25116 0.0190051

-1.25116 0.0190052
-1.25085 0.0189506

-1.25055 0.0188962
-1.25069 0.0189209

-1.25055 0.0188962
-1.25024 0.018842

-1.25085 0.0189507
-1.25069 0.0189209

-1.25024 0.018842
-1.24994 0.018788

-1.24994 0.018788
-1.24963 0.0187342

-1.24963 0.0187342
-1.24933 0.0186807

-1.24933 0.0186808
-1.24902 0.0186274

-1.24872 0.018574
-1.24896 0.0186157

-1.24902 0.0186274
-1.24896 0.0186157

-1.24872 0.018574
-1.24841 0.0185209

-1.24841 0.0185209
-1.24811 0.0184681

-1.24811 0.0184681
-1.2478 0.0184156

-1.24689 0.018259
-1.24719 0.0183105

-1.24689 0.018259
-1.24658 0.0182072

-1.2478 0.0184156
-1.2475 0.0183633

-1.2475 0.0183633
-1.24719 0.0183111

-1.24719 0.0183112
-1.24719 0.0183105

-1.24658 0.0182072
-1.24628 0.0181555

-1.24628 0.0181555
-1.24597 0.0181041

-1.24597 0.0181042
-1.24567 0.018053

-1.24536 0.0180018
-1.24538 0.0180054

-1.24567 0.018053
-1.24538 0.0180054

-1.24536 0.0180018
-1.24506 0.0179508

-1.24506 0.0179508
-1.24475 0.0179

-1.24475 0.0179
-1.24445 0.0178494

-1.24445 0.0178494
-1.24414 0.0177991

-1.24353 0.0176992
-1.24354 0.0177002

-1.24414 0.0177992
-1.24384 0.0177491

-1.24384 0.0177492
-1.24354 0.0177002

-1.24353 0.0176991
-1.24323 0.0176493

-1.24323 0.0176493
-1.24292 0.0175996

-1.24292 0.0175996
-1.24261 0.0175502

-1.24261 0.0175501
-1.24231 0.0175009

-1.24231 0.017501
-1.242 0.017452

-1.242 0.017452
-1.2417 0.0174031

-1.23956 0.0170655
-1.23972 0.0170898

-1.23956 0.0170655
-1.23926 0.0170179

-1.24139 0.0173541
-1.24165 0.017395

-1.2417 0.0174031
-1.24165 0.017395

-1.24139 0.0173541
-1.24109 0.0173055

-1.24109 0.0173054
-1.24078 0.017257

-1.24078 0.017257
-1.24048 0.0172089

-1.24048 0.0172089
-1.24017 0.017161

-1.24017 0.017161
-1.23987 0.0171132

-1.23987 0.0171132
-1.23972 0.0170898

-1.23926 0.0170179
-1.23895 0.0169705

-1.23895 0.0169705
-1.23865 0.0169234

-1.23865 0.0169234
-1.23834 0.0168764

-1.23834 0.0168765
-1.23804 0.0168297

-1.23773 0.0167829
-1.23774 0.0167847

-1.23804 0.0168297
-1.23774 0.0167847

-1.23773 0.0167829
-1.23743 0.0167362

-1.23743 0.0167362
-1.23712 0.0166898

-1.23712 0.0166898
-1.23682 0.0166435

-1.23682 0.0166435
-1.23651 0.0165975

-1.23651 0.0165975
-1.23621 0.0165518

-1.2356 0.0164606
-1.23572 0.0164795

-1.23621 0.0165518
-1.2359 0.0165062

-1.2359 0.0165062
-1.23572 0.0164795

-1.2356 0.0164606
-1.23529 0.0164151

-1.23529 0.0164151
-1.23499 0.0163699

-1.23499 0.0163699
-1.23468 0.0163248

-1.23468 0.0163248
-1.23438 0.01628

-1.3125 0.125561
-1.3124 0.125732

-1.3124 0.125732
-1.31222 0.126038

-1.31222 0.126038
-1.31219 0.126089

-1.31219 0.126089
-1.31205 0.126343

-1.31205 0.126343
-1.31189 0.126614

-1.31189 0.126613
-1.31187 0.126648

-1.31187 0.126648
-1.31169 0.126953

-1.31169 0.126953
-1.31158 0.127136

-1.31158 0.127136
-1.31151 0.127258

-1.31151 0.127258
-1.31133 0.127563

-1.31133 0.127563
-1.31128 0.127656

-1.31128 0.127656
-1.31115 0.127869

-1.31115 0.127869
-1.31097 0.128174

-1.31097 0.128174
-1.31097 0.128175

-1.31097 0.128174
-1.31079 0.128479

-1.31079 0.128479
-1.31067 0.12869

-1.31067 0.12869
-1.31061 0.128784

-1.31061 0.128784
-1.31043 0.129089

-1.31043 0.129089
-1.31036 0.129204

-1.31036 0.129203
-1.31025 0.129395

-1.31025 0.129395
-1.31007 0.1297

-1.31007 0.1297
-1.31006 0.129715

-1.31006 0.129715
-1.30989 0.130005

-1.30989 0.130005
-1.30975 0.130225

-1.30975 0.130224
-1.3097 0.13031

-1.3097 0.13031
-1.30952 0.130615

-1.30952 0.130615
-1.30945 0.130732

-1.30945 0.130732
-1.30933 0.13092

-1.30933 0.13092
-1.30915 0.131226

-1.30915 0.131226
-1.30914 0.131238

-1.30914 0.131238
-1.30897 0.131531

-1.30897 0.131531
-1.30884 0.131741

-1.30884 0.131741
-1.30878 0.131836

-1.30878 0.131836
-1.30859 0.132141

-1.30859 0.132141
-1.30853 0.132243

-1.30853 0.132243
-1.30841 0.132446

-1.30841 0.132446
-1.30823 0.132743

-1.30823 0.132743
-1.30822 0.132751

-1.30822 0.132751
-1.30804 0.133057

-1.30804 0.133057
-1.30792 0.133241

-1.30792 0.133241
-1.30785 0.133362

-1.30785 0.133362
-1.30766 0.133667

-1.30766 0.133667
-1.30762 0.133737

-1.30762 0.133737
-1.30747 0.133972

-1.30747 0.133972
-1.30731 0.134232

-1.30731 0.134231
-1.30728 0.134277

-1.30728 0.134277
-1.30709 0.134583

-1.30709 0.134583
-1.30701 0.134724

-1.30701 0.134724
-1.30691 0.134888

-1.30691 0.134888
-1.30672 0.135193

-1.30672 0.135193
-1.3067 0.135216

-1.3067 0.135216
-1.30653 0.135498

-1.30653 0.135498
-1.3064 0.135705

-1.3064 0.135705
-1.30634 0.135803

-1.30634 0.135803
-1.30614 0.136108

-1.30614 0.136108
-1.30609 0.136193

-1.30609 0.136193
-1.30595 0.136414

-1.30595 0.136414
-1.30579 0.136679

-1.30579 0.136679
-1.30576 0.136719

-1.30576 0.136719
-1.30557 0.137024

-1.30557 0.137024
-1.30548 0.137164

-1.30548 0.137164
-1.30538 0.137329

-1.30538 0.137329
-1.30518 0.137634

-1.30518 0.137634
-1.30518 0.137648

-1.30518 0.137648
-1.30499 0.137939

-1.30499 0.137939
-1.30487 0.138129

-1.30487 0.138129
-1.3048 0.138245

-1.3048 0.138245
-1.3046 0.13855

-1.3046 0.13855
-1.30457 0.13861

-1.30457 0.13861
-1.30441 0.138855

-1.30441 0.138855
-1.30426 0.139089

-1.30426 0.139088
-1.30421 0.13916

-1.30421 0.13916
-1.30402 0.139465

-1.30402 0.139465
-1.30396 0.139566

-1.30396 0.139566
-1.30382 0.139771

-1.30382 0.139771
-1.30365 0.140042

-1.30365 0.140042
-1.30363 0.140076

-1.30363 0.140076
-1.30343 0.140381

-1.30343 0.140381
-1.30334 0.140517

-1.30334 0.140517
-1.30324 0.140686

-1.30324 0.140686
-1.30304 0.14099

-1.30304 0.14099
-1.30304 0.140991

-1.30304 0.140991
-1.30284 0.141296

-1.30284 0.141296
-1.30273 0.141462

-1.30273 0.141462
-1.30264 0.141602

-1.30264 0.141602
-1.30245 0.141907

-1.30245 0.141907
-1.30243 0.141933

-1.30243 0.141933
-1.30225 0.142212

-1.30225 0.142212
-1.30212 0.142402

-1.30212 0.142402
-1.30205 0.142517

-1.30205 0.142517
-1.30185 0.142822

-1.30185 0.142822
-1.30182 0.142871

-1.30182 0.142871
-1.30165 0.143127

-1.30165 0.143127
-1.30151 0.143337

-1.30151 0.143337
-1.30145 0.143433

-1.30145 0.143433
-1.30125 0.143738

-1.30125 0.143738
-1.30121 0.143804

-1.30121 0.143803
-1.30105 0.144043

-1.30105 0.144043
-1.3009 0.144268

-1.3009 0.144267
-1.30085 0.144348

-1.30085 0.144348
-1.30065 0.144653

-1.30065 0.144653
-1.3006 0.144732

-1.3006 0.144731
-1.30045 0.144958

-1.30045 0.144958
-1.30029 0.145193

-1.30029 0.145193
-1.30025 0.145264

-1.30025 0.145264
-1.30004 0.145569

-1.30004 0.145569
-1.29999 0.145655

-1.29999 0.145654
-1.29984 0.145874

-1.29984 0.145874
-1.29968 0.146114

-1.29968 0.146114
-1.29964 0.146179

-1.29964 0.146179
-1.29944 0.146484

-1.29944 0.146484
-1.29938 0.146574

-1.29938 0.146573
-1.29923 0.14679

-1.29923 0.14679
-1.29907 0.147031

-1.29907 0.14703
-1.29903 0.147095

-1.29903 0.147095
-1.29883 0.1474

-1.29883 0.1474
-1.29877 0.147488

-1.29877 0.147487
-1.29862 0.147705

-1.29862 0.147705
-1.29846 0.147943

-1.29846 0.147942
-1.29842 0.14801

-1.29842 0.14801
-1.29821 0.148315

-1.29821 0.148315
-1.29816 0.148398

-1.29816 0.148397
-1.29801 0.148621

-1.29801 0.148621
-1.29785 0.148851

-1.29785 0.14885
-1.2978 0.148926

-1.2978 0.148926
-1.2976 0.149231

-1.29759 0.149231
-1.29755 0.149304

-1.29755 0.149303
-1.29739 0.149536

-1.29739 0.149536
-1.29724 0.149755

-1.29724 0.149754
-1.29718 0.149841

-1.29718 0.149841
-1.29698 0.150146

-1.29698 0.150146
-1.29694 0.150206

-1.29694 0.150205
-1.29677 0.150452

-1.29677 0.150452
-1.29663 0.150655

-1.29663 0.150654
-1.29656 0.150757

-1.29656 0.150757
-1.29635 0.151062

-1.29635 0.151062
-1.29633 0.151104

-1.29633 0.151103
-1.29615 0.151367

-1.29615 0.151367
-1.29602 0.151551

-1.29602 0.151551
-1.29594 0.151672

-1.29594 0.151672
-1.29573 0.151978

-1.29573 0.151978
-1.29572 0.151998

-1.29572 0.151998
-1.29552 0.152283

-1.29552 0.152283
-1.29541 0.152443

-1.29541 0.152443
-1.29531 0.152588

-1.29531 0.152588
-1.2951 0.152888

-1.2951 0.152888
-1.2951 0.152893

-1.2951 0.152893
-1.29489 0.153198

-1.29489 0.153198
-1.2948 0.153332

-1.2948 0.153332
-1.29468 0.153503

-1.29468 0.153503
-1.29449 0.153775

-1.29449 0.153775
-1.29447 0.153809

-1.29447 0.153809
-1.29426 0.154114

-1.29426 0.154114
-1.29419 0.154218

-1.29419 0.154217
-1.29405 0.154419

-1.29405 0.154419
-1.29388 0.154658

-1.29388 0.154658
-1.29384 0.154724

-1.29384 0.154724
-1.29363 0.155029

-1.29363 0.155029
-1.29358 0.1551

-1.29358 0.155099
-1.29342 0.155334

-1.29342 0.155334
-1.29327 0.155538

-1.29327 0.155538
-1.2932 0.15564

-1.2932 0.15564
-1.29299 0.155945

-1.29299 0.155945
-1.29297 0.155978

-1.29297 0.155977
-1.29278 0.15625

-1.23438 0.01628
-1.23407 0.0162353

-1.23407 0.0162354
-1.23376 0.0161908

-1.23346 0.0161461
-1.23365 0.0161743

-1.23376 0.0161908
-1.23365 0.0161743

-1.23346 0.0161461
-1.23315 0.0161017

-1.23315 0.0161017
-1.23285 0.0160575

-1.23285 0.0160575
-1.23254 0.0160135

-1.23254 0.0160135
-1.23224 0.0159698

-1.23224 0.0159698
-1.23193 0.0159263

-1.23132 0.0158395
-1.23153 0.0158691

-1.23132 0.0158395
-1.23102 0.0157962

-1.23102 0.0157962
-1.23071 0.0157532

-1.23193 0.0159264
-1.23163 0.0158829

-1.23163 0.0158829
-1.23153 0.0158691

-1.23071 0.0157532
-1.23041 0.0157103

-1.23041 0.0157103
-1.2301 0.0156676

-1.2301 0.0156677
-1.2298 0.0156252

-1.2298 0.0156252
-1.22949 0.0155827

-1.22919 0.0155402
-1.22936 0.015564

-1.22949 0.0155827
-1.22936 0.015564

-1.22919 0.0155402
-1.22888 0.0154979

-1.22888 0.0154979
-1.22858 0.0154558

-1.22858 0.0154558
-1.22827 0.0154139

-1.22827 0.0154138
-1.22797 0.0153722

-1.22797 0.0153722
-1.22766 0.0153307

-1.22705 0.0152481
-1.22713 0.0152588

-1.22766 0.0153308
-1.22736 0.0152894

-1.22736 0.0152895
-1.22713 0.0152588

-1.22705 0.0152481
-1.22675 0.0152069

-1.22675 0.0152069
-1.22644 0.0151658

-1.22644 0.0151658
-1.22614 0.0151249

-1.22614 0.0151249
-1.22583 0.0150842

-1.22583 0.0150842
-1.22552 0.0150438

-1.22552 0.0150438
-1.22522 0.0150034

-1.22522 0.0150034
-1.22491 0.0149631

-1.22461 0.0149227
-1.22484 0.0149536

-1.22491 0.0149631
-1.22484 0.0149536

-1.22247 0.0146454
-1.2225 0.0146484

-1.22247 0.0146454
-1.22217 0.0146063

-1.22217 0.0146063
-1.22186 0.0145673

-1.22186 0.0145673
-1.22156 0.0145285

-1.22156 0.0145285
-1.22125 0.0144899

-1.22125 0.0144899
-1.22095 0.0144515

-1.22095 0.0144515
-1.22064 0.0144132

-1.22064 0.0144132
-1.22034 0.014375

-1.22003 0.0143366
-1.22008 0.0143433

-1.22034 0.014375
-1.22008 0.0143433

-1.22003 0.0143366
-1.21973 0.0142984

-1.22461 0.0149227
-1.2243 0.0148825

-1.2243 0.0148825
-1.224 0.0148425

-1.224 0.0148425
-1.22369 0.0148027

-1.22369 0.0148027
-1.22339 0.0147631

-1.22339 0.0147632
-1.22308 0.0147238

-1.22308 0.0147239
-1.22278 0.0146847

-1.22278 0.0146847
-1.2225 0.0146484

-1.21973 0.0142984
-1.21942 0.0142604

-1.21942 0.0142604
-1.21912 0.0142225

-1.21912 0.0142225
-1.21881 0.0141848

-1.21881 0.0141848
-1.21851 0.0141474

-1.21851 0.0141474
-1.2182 0.0141102

-1.2182 0.0141102
-1.2179 0.014073

-1.21759 0.0140359
-1.21761 0.0140381

-1.21759 0.0140359
-1.21729 0.0139988

-1.2179 0.0140731
-1.21761 0.0140381

-1.21729 0.0139988
-1.21698 0.0139619

-1.21698 0.0139619
-1.21667 0.0139251

-1.21667 0.0139251
-1.21637 0.0138885

-1.21637 0.0138885
-1.21606 0.013852

-1.21606 0.013852
-1.21576 0.0138158

-1.21576 0.0138158
-1.21545 0.0137796

-1.21545 0.0137796
-1.21515 0.0137434

-1.21484 0.0137071
-1.21506 0.0137329

-1.21515 0.0137435
-1.21506 0.0137329

-1.21484 0.0137071
-1.21454 0.0136711

-1.21454 0.0136711
-1.21423 0.0136352

-1.21423 0.0136352
-1.21393 0.0135994

-1.21393 0.0135994
-1.21362 0.0135639

-1.2124 0.0134234
-1.21244 0.0134277

-1.21362 0.0135639
-1.21332 0.0135286

-1.21332 0.0135286
-1.21301 0.0134935

-1.21301 0.0134935
-1.21271 0.0134585

-1.21271 0.0134585
-1.21244 0.0134277

-1.2124 0.0134234
-1.2121 0.0133884

-1.2121 0.0133884
-1.21179 0.0133536

-1.21179 0.0133536
-1.21149 0.0133189

-1.21149 0.0133189
-1.21118 0.0132844

-1.21118 0.0132844
-1.21088 0.01325

-1.21088 0.01325
-1.21057 0.0132158

-1.21057 0.0132158
-1.21027 0.0131816

-1.21027 0.0131817
-1.20996 0.0131475

-1.20966 0.0131133
-1.20974 0.0131226

-1.20996 0.0131476
-1.20974 0.0131226

-1.20966 0.0131133
-1.20935 0.0130792

-1.20935 0.0130792
-1.20905 0.0130453

-1.20905 0.0130453
-1.20874 0.0130115

-1.20874 0.0130115
-1.20844 0.0129778

-1.20844 0.0129778
-1.20813 0.0129444

-1.20813 0.0129444
-1.20782 0.0129112

-1.20782 0.0129112
-1.20752 0.0128781

-1.20691 0.0128121
-1.20696 0.0128174

-1.20752 0.0128782
-1.20721 0.0128451

-1.20721 0.0128452
-1.20696 0.0128174

-1.20691 0.0128121
-1.2066 0.0127791

-1.2066 0.0127791
-1.2063 0.0127463

-1.2063 0.0127463
-1.20599 0.0127136

-1.20599 0.0127136
-1.20569 0.012681

-1.20569 0.012681
-1.20538 0.0126486

-1.20538 0.0126486
-1.20508 0.0126164

-1.20508 0.0126164
-1.20477 0.0125842

-1.20477 0.0125843
-1.20447 0.0125522

-1.20447 0.0125522
-1.20416 0.0125201

-1.20386 0.0124878
-1.20409 0.0125122

-1.20416 0.0125201
-1.20409 0.0125122

-1.20386 0.0124878
-1.20355 0.0124558

-1.20355 0.0124558
-1.20325 0.012424

-1.20325 0.012424
-1.20294 0.0123923

-1.20294 0.0123923
-1.20264 0.0123607

-1.20111 0.0122053
-1.20113 0.012207

-1.20111 0.0122053
-1.20081 0.0121744

-1.20081 0.0121744
-1.2005 0.0121436

-1.2005 0.0121436
-1.2002 0.0121129

-1.20264 0.0123607
-1.20233 0.0123294

-1.20233 0.0123294
-1.20203 0.0122982

-1.20203 0.0122983
-1.20172 0.0122672

-1.20172 0.0122673
-1.20142 0.0122363

-1.20142 0.0122364
-1.20113 0.012207

-1.2002 0.012113
-1.19989 0.0120824

-1.19989 0.0120824
-1.19958 0.012052

-1.19958 0.012052
-1.19928 0.0120217

-1.19928 0.0120217
-1.19897 0.0119916

-1.19897 0.0119916
-1.19867 0.0119615

-1.19867 0.0119615
-1.19836 0.0119315

-1.19806 0.0119014
-1.19806 0.0119019

-1.19836 0.0119315
-1.19806 0.0119019

-1.19806 0.0119013
-1.19775 0.0118712

-1.19775 0.0118712
-1.19745 0.0118412

-1.19745 0.0118412
-1.19714 0.0118113

-1.19714 0.0118113
-1.19684 0.0117816

-1.19684 0.0117816
-1.19653 0.011752

-1.19653 0.011752
-1.19623 0.0117227

-1.19623 0.0117227
-1.19592 0.0116935

-1.19592 0.0116935
-1.19562 0.0116644

-1.19562 0.0116644
-1.19531 0.0116354

-1.1947 0.0115774
-1.19491 0.0115967

-1.19531 0.0116354
-1.19501 0.0116064

-1.19501 0.0116065
-1.1949 0.0115967

-1.1947 0.0115773
-1.1944 0.0115484

-1.1944 0.0115484
-1.19409 0.0115197

-1.19409 0.0115197
-1.19379 0.011491

-1.19379 0.011491
-1.19348 0.0114625

-1.19348 0.0114625
-1.19318 0.011434

-1.19318 0.011434
-1.19287 0.0114057

-1.19287 0.0114057
-1.19257 0.0113776

-1.19257 0.0113776
-1.19226 0.0113494

-1.19226 0.0113495
-1.19196 0.0113214

-1.19196 0.0113214
-1.19165 0.0112932

-1.19135 0.0112649
-1.19163 0.0112915

-1.19165 0.0112932
-1.19163 0.0112915

-1.19135 0.0112649
-1.19104 0.0112369

-1.19104 0.0112369
-1.19073 0.0112089

-1.19073 0.0112089
-1.19043 0.0111812

-1.19043 0.0111812
-1.19012 0.0111535

-1.19012 0.0111535
-1.18982 0.0111261

-1.18982 0.0111261
-1.18951 0.0110988

-1.18951 0.0110988
-1.18921 0.0110716

-1.18799 0.0109636
-1.18825 0.0109863

-1.18921 0.0110716
-1.1889 0.0110446

-1.1889 0.0110446
-1.1886 0.0110176

-1.1886 0.0110177
-1.18829 0.0109907

-1.18829 0.0109907
-1.18824 0.0109863

-1.18799 0.0109636
-1.18768 0.0109367

-1.18768 0.0109367
-1.18738 0.01091

-1.18738 0.01091
-1.18707 0.0108834

-1.18707 0.0108834
-1.18677 0.0108568

-1.18677 0.0108568
-1.18646 0.0108304

-1.18646 0.0108304
-1.18616 0.0108041

-1.18616 0.0108041
-1.18585 0.0107779

-1.18585 0.0107779
-1.18555 0.0107517

-1.18555 0.0107517
-1.18524 0.0107256

-1.18524 0.0107257
-1.18494 0.0106995

-1.18463 0.0106732
-1.18472 0.0106812

-1.18494 0.0106996
-1.18472 0.0106812

-1.18463 0.0106732
-1.18433 0.010647

-1.18433 0.010647
-1.18402 0.0106209

-1.18402 0.0106209
-1.18372 0.010595

-1.18372 0.010595
-1.18341 0.0105692

-1.18341 0.0105692
-1.18311 0.0105435

-1.18311 0.0105435
-1.1828 0.010518

-1.1828 0.010518
-1.1825 0.0104926

-1.1825 0.0104926
-1.18219 0.0104674

-1.18219 0.0104674
-1.18188 0.0104422

-1.18188 0.0104422
-1.18158 0.0104172

-1.18158 0.0104172
-1.18127 0.0103921

-1.18097 0.010367
-1.18108 0.010376

-1.18097 0.010367
-1.18066 0.0103419

-1.18127 0.0103922
-1.18108 0.010376

-1.18066 0.0103419
-1.18036 0.010317

-1.18036 0.010317
-1.18005 0.0102922

-1.18005 0.0102922
-1.17975 0.0102675

-1.17975 0.0102675
-1.17944 0.0102429

-1.17944 0.0102429
-1.17914 0.0102184

-1.17914 0.0102184
-1.17883 0.010194

-1.17883 0.010194
-1.17853 0.0101697

-1.17853 0.0101697
-1.17822 0.0101454

-1.17822 0.0101454
-1.17792 0.0101213

-1.17792 0.0101213
-1.17761 0.0100971

-1.17761 0.0100971
-1.17731 0.0100728

-1.177 0.0100484
-1.17728 0.0100708

-1.17731 0.0100729
-1.17728 0.0100708

-1.177 0.0100484
-1.1767 0.0100242

-1.1767 0.0100242
-1.17639 0.0100001

-1.17639 0.0100001
-1.17609 0.00997617

-1.17609 0.00997618
-1.17578 0.00995235

-1.17303 0.00974285
-1.17334 0.00976562

-1.17303 0.00974285
-1.17273 0.00971986

-1.17273 0.00971987
-1.17242 0.00969701

-1.17242 0.00969702
-1.17212 0.00967427

-1.17212 0.00967427
-1.17181 0.0096516

-1.17181 0.00965161
-1.17151 0.009629

-1.17151 0.00962898
-1.1712 0.00960645

-1.1712 0.00960646
-1.1709 0.00958404

-1.1709 0.00958406
-1.17059 0.00956171

-1.17059 0.00956171
-1.17029 0.00953942

-1.17029 0.00953942
-1.16998 0.00951717

-1.16998 0.00951718
-1.16968 0.00949493

-1.16968 0.00949496
-1.16937 0.00947264

-1.16907 0.00945016
-1.16921 0.00946045

-1.16937 0.00947267
-1.16921 0.00946045

-1.16907 0.00945015
-1.16876 0.00942776

-1.16876 0.00942776
-1.16846 0.0094055

-1.16846 0.00940551
-1.16815 0.00938337

-1.16815 0.00938338
-1.16785 0.00936135

-1.16785 0.00936136
-1.16754 0.00933943

-1.16754 0.00933942
-1.16724 0.0093176

-1.16724 0.00931758
-1.16693 0.00929589

-1.16693 0.0092959
-1.16663 0.00927434

-1.16663 0.00927436
-1.16632 0.0092529

-1.16632 0.00925289
-1.16602 0.00923152

-1.17578 0.00995234
-1.17548 0.00992864

-1.17548 0.00992863
-1.17517 0.00990507

-1.17517 0.00990508
-1.17487 0.00988168

-1.17487 0.00988169
-1.17456 0.0098584

-1.17456 0.0098584
-1.17426 0.00983522

-1.17426 0.00983523
-1.17395 0.00981214

-1.17395 0.00981216
-1.17365 0.00978912

-1.17365 0.00978916
-1.17334 0.00976604

-1.17334 0.0097661
-1.17333 0.00976562

-1.16602 0.00923152
-1.16571 0.00921025

-1.16571 0.00921026
-1.16541 0.00918905

-1.16479 0.00914649
-1.16492 0.00915527

-1.16541 0.00918908
-1.1651 0.00916785

-1.1651 0.00916788
-1.16492 0.00915527

-1.16479 0.00914649
-1.16449 0.00912522

-1.16449 0.00912523
-1.16418 0.00910409

-1.16418 0.00910409
-1.16388 0.00908306

-1.16388 0.00908307
-1.16357 0.00906213

-1.16357 0.00906214
-1.16327 0.00904128

-1.16327 0.00904129
-1.16296 0.00902048

-1.16296 0.00902046
-1.16266 0.00899973

-1.16266 0.00899972
-1.16235 0.00897909

-1.16235 0.00897911
-1.16205 0.00895856

-1.16205 0.00895856
-1.16174 0.00893806

-1.16174 0.00893806
-1.16144 0.0089176

-1.16144 0.0089176
-1.16113 0.00889717

-1.16113 0.00889719
-1.16083 0.00887675

-1.16083 0.00887678
-1.16052 0.00885624

-1.16022 0.00883554
-1.16043 0.0088501

-1.16052 0.00885627
-1.16043 0.0088501

-1.16022 0.00883553
-1.15991 0.00881497

-1.15991 0.00881498
-1.15961 0.00879456

-1.15961 0.00879456
-1.1593 0.00877425

-1.1593 0.00877425
-1.159 0.00875406

-1.159 0.00875406
-1.15869 0.00873397

-1.15869 0.00873397
-1.15839 0.00871396

-1.15839 0.00871395
-1.15808 0.00869406

-1.15808 0.00869406
-1.15778 0.00867432

-1.15778 0.00867434
-1.15747 0.00865471

-1.15747 0.0086547
-1.15717 0.00863516

-1.15717 0.00863516
-1.15686 0.0086157

-1.15686 0.0086157
-1.15656 0.00859634

-1.15656 0.00859635
-1.15625 0.00857705

-1.29278 0.15625
-1.29266 0.156415

-1.29266 0.156415
-1.29257 0.156555

-1.29257 0.156555
-1.29236 0.156852

-1.29236 0.156852
-1.29235 0.15686

-1.29235 0.15686
-1.29214 0.157166

-1.29214 0.157166
-1.29205 0.157289

-1.29205 0.157288
-1.29193 0.157471

-1.29193 0.157471
-1.29175 0.157724

-1.29175 0.157723
-1.29171 0.157776

-1.29171 0.157776
-1.2915 0.158081

-1.2915 0.158081
-1.29144 0.15816

-1.29144 0.158159
-1.29128 0.158386

-1.29128 0.158386
-1.29114 0.158593

-1.29114 0.158592
-1.29107 0.158691

-1.29107 0.158691
-1.29085 0.158997

-1.29085 0.158997
-1.29083 0.159026

-1.29083 0.159026
-1.29064 0.159302

-1.29064 0.159302
-1.29053 0.159458

-1.29053 0.159458
-1.29042 0.159607

-1.29042 0.159607
-1.29022 0.15989

-1.29022 0.15989
-1.29021 0.159912

-1.29021 0.159912
-1.28999 0.160217

-1.28999 0.160217
-1.28992 0.160322

-1.28992 0.160321
-1.28977 0.160522

-1.28977 0.160522
-1.28961 0.160751

-1.28961 0.16075
-1.28956 0.160828

-1.28956 0.160828
-1.28934 0.161133

-1.28934 0.161133
-1.28931 0.161181

-1.28931 0.16118
-1.28912 0.161438

-1.28912 0.161438
-1.289 0.161609

-1.289 0.161609
-1.28891 0.161743

-1.28891 0.161743
-1.2887 0.162037

-1.2887 0.162037
-1.28869 0.162048

-1.28869 0.162048
-1.28847 0.162354

-1.28847 0.162354
-1.28839 0.162465

-1.28839 0.162464
-1.28825 0.162659

-1.28825 0.162659
-1.28809 0.162891

-1.28809 0.16289
-1.28803 0.162964

-1.28803 0.162964
-1.28782 0.163269

-1.28781 0.163269
-1.28778 0.163317

-1.28778 0.163317
-1.2876 0.163574

-1.2876 0.163574
-1.28748 0.163742

-1.28748 0.163742
-1.28738 0.163879

-1.28738 0.163879
-1.28717 0.164167

-1.28717 0.164167
-1.28716 0.164185

-1.28716 0.164185
-1.28694 0.16449

-1.28694 0.16449
-1.28687 0.164592

-1.28687 0.164591
-1.28672 0.164795

-1.28672 0.164795
-1.28656 0.165014

-1.28656 0.165013
-1.2865 0.1651

-1.2865 0.1651
-1.28628 0.165405

-1.28628 0.165405
-1.28625 0.165437

-1.28625 0.165437
-1.28606 0.16571

-1.28606 0.16571
-1.28595 0.165859

-1.28595 0.165858
-1.28584 0.166016

-1.28584 0.166016
-1.28564 0.16628

-1.28564 0.166279
-1.28561 0.166321

-1.28561 0.166321
-1.28539 0.166626

-1.28539 0.166626
-1.28534 0.166701

-1.28534 0.1667
-1.28517 0.166931

-1.28517 0.166931
-1.28503 0.16712

-1.28503 0.16712
-1.28495 0.167236

-1.28495 0.167236
-1.28473 0.16754

-1.28473 0.16754
-1.28473 0.167542

-1.28473 0.167542
-1.28451 0.167847

-1.2845 0.167847
-1.28442 0.16796

-1.28442 0.167959
-1.28428 0.168152

-1.28428 0.168152
-1.28412 0.168377

-1.28412 0.168376
-1.28406 0.168457

-1.28406 0.168457
-1.28384 0.168762

-1.28384 0.168762
-1.28381 0.168795

-1.28381 0.168795
-1.28361 0.169067

-1.28361 0.169067
-1.28351 0.169212

-1.28351 0.169211
-1.28339 0.169373

-1.28339 0.169373
-1.2832 0.169628

-1.2832 0.169627
-1.28317 0.169678

-1.28317 0.169678
-1.28294 0.169983

-1.28294 0.169983
-1.2829 0.170044

-1.2829 0.170044
-1.28272 0.170288

-1.28272 0.170288
-1.28259 0.170459

-1.28259 0.170458
-1.28249 0.170593

-1.28249 0.170593
-1.28229 0.170874

-1.28229 0.170873
-1.28227 0.170898

-1.28227 0.170898
-1.28204 0.171204

-1.28204 0.171204
-1.28198 0.171289

-1.28198 0.171288
-1.28182 0.171509

-1.28182 0.171509
-1.28168 0.171701

-1.28168 0.1717
-1.28159 0.171814

-1.28159 0.171814
-1.28137 0.172114

-1.28137 0.172114
-1.28137 0.172119

-1.28137 0.172119
-1.28114 0.172424

-1.28114 0.172424
-1.28107 0.172528

-1.28107 0.172526
-1.28092 0.172729

-1.28092 0.172729
-1.28076 0.172938

-1.28076 0.172937
-1.28069 0.173035

-1.28069 0.173035
-1.28046 0.17334

-1.28046 0.17334
-1.28046 0.17335

-1.28046 0.17335
-1.28024 0.173645

-1.28024 0.173645
-1.28015 0.173762

-1.28015 0.17376
-1.28001 0.17395

-1.28001 0.17395
-1.27985 0.174171

-1.27985 0.17417
-1.27978 0.174255

-1.27978 0.174255
-1.27956 0.174561

-1.27956 0.174561
-1.27954 0.174581

-1.27954 0.17458
-1.27933 0.174866

-1.27933 0.174866
-1.27924 0.17499

-1.27924 0.174989
-1.2791 0.175171

-1.2791 0.175171
-1.27893 0.175398

-1.27893 0.175397
-1.27887 0.175476

-1.27887 0.175476
-1.27864 0.175781

-1.27864 0.175781
-1.27863 0.175806

-1.27863 0.175806
-1.27842 0.176086

-1.27841 0.176086
-1.27832 0.176215

-1.27832 0.176213
-1.27819 0.176392

-1.27819 0.176392
-1.27802 0.176621

-1.27802 0.17662
-1.27796 0.176697

-1.27796 0.176697
-1.27773 0.177002

-1.27773 0.177002
-1.27771 0.177028

-1.27771 0.177027
-1.2775 0.177307

-1.2775 0.177307
-1.2774 0.177434

-1.2774 0.177433
-1.27727 0.177612

-1.27727 0.177612
-1.2771 0.177839

-1.2771 0.177838
-1.27704 0.177917

-1.27704 0.177917
-1.27681 0.178223

-1.27681 0.178223
-1.27679 0.178244

-1.27679 0.178244
-1.27658 0.178528

-1.27658 0.178528
-1.27649 0.17865

-1.27649 0.178648
-1.27635 0.178833

-1.27635 0.178833
-1.27618 0.179052

-1.27618 0.179052
-1.27612 0.179138

-1.27612 0.179138
-1.27589 0.179443

-1.27589 0.179443
-1.27588 0.179456

-1.27588 0.179456
-1.27566 0.179749

-1.27566 0.179749
-1.27557 0.17986

-1.27557 0.179859
-1.27543 0.180054

-1.27543 0.180054
-1.27527 0.180262

-1.27527 0.180261
-1.2752 0.180359

-1.27519 0.180359
-1.27496 0.180664

-1.27496 0.180664
-1.27473 0.180969

-1.27473 0.180969
-1.27466 0.181066

-1.27466 0.181066
-1.2745 0.181274

-1.2745 0.181274
-1.27435 0.181467

-1.27435 0.181466
-1.27427 0.18158

-1.27427 0.18158
-1.27405 0.181867

-1.27405 0.181867
-1.27403 0.181885

-1.27403 0.181885
-1.2738 0.18219

-1.2738 0.18219
-1.27374 0.182268

-1.27374 0.182268
-1.27357 0.182495

-1.27357 0.182495
-1.27344 0.182668

-1.27344 0.182666
-1.27334 0.1828

-1.27334 0.1828
-1.27313 0.183067

-1.27313 0.183067
-1.2731 0.183105

-1.2731 0.183105
-1.27287 0.183411

-1.27287 0.183411
-1.27283 0.183466

-1.27283 0.183466
-1.27264 0.183716

-1.27264 0.183716
-1.27252 0.183865

-1.27252 0.183863
-1.2724 0.184021

-1.2724 0.184021
-1.27222 0.184262

-1.27222 0.184262
-1.27217 0.184326

-1.27217 0.184326
-1.27193 0.184631

-1.27193 0.184631
-1.27191 0.18466

-1.27191 0.18466
-1.2717 0.184937

-1.2717 0.184937
-1.27161 0.185058

-1.27161 0.185057
-1.27146 0.185242

-1.27146 0.185242
-1.2713 0.185453

-1.2713 0.185453
-1.27123 0.185547

-1.27123 0.185547
-1.271 0.18585

-1.271 0.18585
-1.27099 0.185852

-1.27099 0.185852
-1.27076 0.186157

-1.27076 0.186157
-1.27069 0.186246

-1.27069 0.186246
-1.27052 0.186462

-1.27052 0.186462
-1.27039 0.186641

-1.27039 0.18664
-1.27029 0.186768

-1.27029 0.186768
-1.27008 0.187036

-1.27008 0.187036
-1.27005 0.187073

-1.27005 0.187073
-1.26982 0.187378

-1.26982 0.187378
-1.26978 0.187431

-1.26978 0.18743
-1.26958 0.187683

-1.26958 0.187683
-1.26947 0.187826

-1.26947 0.187824
-1.26934 0.187988

-1.26934 0.187988
-1.26917 0.188218

-1.26917 0.188218
-1.26911 0.188293

-1.26911 0.188293
-1.26887 0.188599

-1.26887 0.188599
-1.26886 0.188612

-1.26886 0.188611
-1.26863 0.188904

-1.26863 0.188904
-1.26855 0.189005

-1.26855 0.189004
-1.2684 0.189209

-1.2684 0.189209
-1.26825 0.189397

-1.26825 0.189396
-1.26816 0.189514

-1.26816 0.189514
-1.26794 0.189789

-1.26794 0.189788
-1.26792 0.189819

-1.26792 0.189819
-1.26768 0.190125

-1.26768 0.190125
-1.26764 0.190181

-1.26764 0.19018
-1.26744 0.19043

-1.26744 0.19043
-1.26733 0.190573

-1.26733 0.190571
-1.26721 0.190735

-1.26721 0.190735
-1.26703 0.190962

-1.26703 0.190962
-1.26697 0.19104

-1.26697 0.19104
-1.26673 0.191345

-1.26673 0.191345
-1.26672 0.191353

-1.26672 0.191353
-1.26649 0.19165

-1.26649 0.19165
-1.26642 0.191743

-1.26642 0.191743
-1.26625 0.191956

-1.26625 0.191956
-1.26611 0.192133

-1.26611 0.192131
-1.26601 0.192261

-1.26601 0.192261
-1.26581 0.192521

-1.26581 0.192521
-1.26577 0.192566

-1.26577 0.192566
-1.26553 0.192871

-1.26553 0.192871
-1.2655 0.192911

-1.2655 0.19291
-1.26529 0.193176

-1.26529 0.193176
-1.2652 0.1933

-1.2652 0.193298
-1.26505 0.193481

-1.26505 0.193481
-1.26489 0.193687

-1.26489 0.193686
-1.26481 0.193787

-1.26481 0.193787
-1.26459 0.194075

-1.26459 0.194074
-1.26457 0.194092

-1.26457 0.194092
-1.26433 0.194397

-1.26433 0.194397
-1.26428 0.194462

-1.26428 0.194462
-1.26409 0.194702

-1.26409 0.194702
-1.26398 0.19485

-1.26398 0.194848
-1.26385 0.195007

-1.26385 0.195007
-1.26367 0.195235

-1.26367 0.195235
-1.26361 0.195312

-1.26361 0.195312
-1.26337 0.195618

-1.26337 0.195618
-1.26337 0.195622

-1.26337 0.195621
-1.26313 0.195923

-1.26313 0.195923
-1.26306 0.196008

-1.26306 0.196007
-1.26289 0.196228

-1.26289 0.196228
-1.26276 0.196393

-1.26276 0.196391
-1.26265 0.196533

-1.26264 0.196533
-1.26245 0.196778

-1.26245 0.196777
-1.2624 0.196838

-1.2624 0.196838
-1.26216 0.197144

-1.26216 0.197144
-1.26215 0.197163

-1.26215 0.197162
-1.26192 0.197449

-1.26192 0.197449
-1.26184 0.197547

-1.26184 0.197547
-1.26168 0.197754

-1.26168 0.197754
-1.26154 0.197931

-1.26154 0.19793
-1.26143 0.198059

-1.26143 0.198059
-1.26123 0.198314

-1.26123 0.198314
-1.26119 0.198364

-1.26119 0.198364
-1.26095 0.198669

-1.26095 0.198669
-1.26093 0.198698

-1.26093 0.198697
-1.2607 0.198975

-1.2607 0.198975
-1.26062 0.199081

-1.26062 0.19908
-1.26046 0.19928

-1.26046 0.19928
-1.26031 0.199463

-1.26031 0.199462
-1.26022 0.199585

-1.26022 0.199585
-1.26001 0.199845

-1.26001 0.199845
-1.25997 0.19989

-1.25997 0.19989
-1.25973 0.200195

-1.25973 0.200195
-1.2597 0.200227

-1.2597 0.200227
-1.25949 0.2005

-1.25949 0.2005
-1.2594 0.200609

-1.2594 0.200608
-1.25924 0.200806

-1.25924 0.200806
-1.25909 0.20099

-1.25909 0.200988
-1.259 0.201111

-1.259 0.201111
-1.25879 0.20137

-1.25879 0.20137
-1.25875 0.201416

-1.25875 0.201416
-1.25851 0.201721

-1.25851 0.201721
-1.25848 0.201751

-1.25848 0.20175
-1.25826 0.202026

-1.25826 0.202026
-1.25818 0.202131

-1.25818 0.20213
-1.25802 0.202332

-1.25802 0.202332
-1.25787 0.202511

-1.25787 0.202509
-1.25777 0.202637

-1.25777 0.202637
-1.25757 0.20289

-1.25757 0.202889
-1.25753 0.202942

-1.25753 0.202942
-1.25728 0.203247

-1.25728 0.203247
-1.25726 0.203269

-1.25726 0.203269
-1.25703 0.203552

-1.25703 0.203552
-1.25696 0.203648

-1.25696 0.203647
-1.25679 0.203857

-1.25679 0.203857
-1.25665 0.204027

-1.25665 0.204025
-1.25654 0.204163

-1.25654 0.204163
-1.25635 0.204404

-1.25635 0.204404
-1.2563 0.204468

-1.2563 0.204468
-1.25605 0.204773

-1.25605 0.204773
-1.25604 0.204782

-1.25604 0.204782
-1.2558 0.205078

-1.2558 0.205078
-1.25574 0.20516

-1.25574 0.205159
-1.25556 0.205383

-1.25555 0.205383
-1.25543 0.205537

-1.25543 0.205535
-1.25531 0.205688

-1.25531 0.205688
-1.25513 0.205913

-1.25513 0.205912
-1.25506 0.205994

-1.25506 0.205994
-1.25482 0.206289

-1.25482 0.206289
-1.25481 0.206299

-1.25481 0.206299
-1.25457 0.206604

-1.25457 0.206604
-1.25452 0.206666

-1.25452 0.206665
-1.25432 0.206909

-1.25432 0.206909
-1.25421 0.207042

-1.25421 0.20704
-1.25407 0.207214

-1.25407 0.207214
-1.25391 0.207417

-1.25391 0.207416
-1.25382 0.20752

-1.25382 0.20752
-1.2536 0.207791

-1.2536 0.207791
-1.25357 0.207825

-1.25357 0.207825
-1.25333 0.20813

-1.25333 0.20813
-1.2533 0.208166

-1.2533 0.208166
-1.25308 0.208435

-1.25308 0.208435
-1.25299 0.208541

-1.25299 0.20854
-1.25283 0.20874

-1.25283 0.20874
-1.25269 0.208916

-1.25269 0.208914
-1.25258 0.209045

-1.25258 0.209045
-1.25238 0.209289

-1.25238 0.209288
-1.25233 0.209351

-1.25233 0.209351
-1.25208 0.209656

-1.25208 0.209656
-1.25208 0.209662

-1.25208 0.209662
-1.25183 0.209961

-1.25183 0.209961
-1.25177 0.210036

-1.25177 0.210035
-1.25158 0.210266

-1.25158 0.210266
-1.25146 0.210409

-1.25146 0.210407
-1.25133 0.210571

-1.25133 0.210571
-1.25116 0.210781

-1.25116 0.21078
-1.25108 0.210876

-1.25108 0.210876
-1.25085 0.211153

-1.25085 0.211153
-1.25083 0.211182

-1.25083 0.211182
-1.25058 0.211487

-1.25058 0.211487
-1.25055 0.211525

-1.25055 0.211525
-1.25033 0.211792

-1.25033 0.211792
-1.25024 0.211897

-1.25024 0.211896
-1.25008 0.212097

-1.25008 0.212097
-1.24994 0.212269

-1.24994 0.212267
-1.24983 0.212402

-1.24983 0.212402
-1.24963 0.212639

-1.24963 0.212639
-1.24958 0.212708

-1.24958 0.212708
-1.24933 0.21301

-1.24933 0.21301
-1.24933 0.213013

-1.24933 0.213013
-1.24907 0.213318

-1.24907 0.213318
-1.24902 0.213381

-1.24902 0.21338
-1.24882 0.213623

-1.24882 0.213623
-1.24872 0.213751

-1.24872 0.213749
-1.24857 0.213928

-1.24857 0.213928
-1.24841 0.214121

-1.24841 0.214119
-1.24832 0.214233

-1.24832 0.214233
-1.24811 0.21449

-1.24811 0.214489
-1.24807 0.214539

-1.24807 0.214539
-1.24782 0.214844

-1.24782 0.214844
-1.2478 0.214859

-1.2478 0.214859
-1.24756 0.215149

-1.24756 0.215149
-1.2475 0.215228

-1.2475 0.215228
-1.24731 0.215454

-1.24731 0.215454
-1.24719 0.215598

-1.24719 0.215595
-1.24706 0.215759

-1.24706 0.215759
-1.24689 0.215965

-1.24689 0.215964
-1.2468 0.216064

-1.2468 0.216064
-1.24658 0.216333

-1.24658 0.216333
-1.24655 0.21637

-1.24655 0.21637
-1.2463 0.216675

-1.2463 0.216675
-1.24628 0.216701

-1.24628 0.2167
-1.24604 0.21698

-1.24604 0.21698
-1.24597 0.217069

-1.24597 0.217068
-1.24579 0.217285

-1.24579 0.217285
-1.24567 0.217437

-1.24567 0.217434
-1.24554 0.21759

-1.24554 0.21759
-1.24536 0.217802

-1.24536 0.217802
-1.24528 0.217896

-1.24528 0.217896
-1.24506 0.218169

-1.24506 0.218169
-1.24503 0.218201

-1.24503 0.218201
-1.24478 0.218506

-1.24478 0.218506
-1.24475 0.218535

-1.24475 0.218535
-1.24452 0.218811

-1.24452 0.218811
-1.24445 0.218902

-1.24445 0.218901
-1.24427 0.219116

-1.24427 0.219116
-1.24414 0.219268

-1.24414 0.219266
-1.24401 0.219421

-1.24401 0.219421
-1.24384 0.219633

-1.24384 0.219632
-1.24376 0.219727

-1.24376 0.219727
-1.24353 0.219997

-1.24353 0.219997
-1.2435 0.220032

-1.2435 0.220032
-1.24325 0.220337

-1.24325 0.220337
-1.24323 0.220363

-1.24323 0.220362
-1.24299 0.220642

-1.24299 0.220642
-1.24292 0.220728

-1.24292 0.220727
-1.24274 0.220947

-1.24273 0.220947
-1.24261 0.221093

-1.24261 0.22109
-1.24248 0.221252

-1.24248 0.221252
-1.24231 0.221456

-1.24231 0.221455
-1.24222 0.221558

-1.24222 0.221558
-1.242 0.221819

-1.242 0.221819
-1.24197 0.221863

-1.24197 0.221863
-1.24171 0.222168

-1.24171 0.222168
-1.2417 0.222183

-1.2417 0.222183
-1.24146 0.222473

-1.24146 0.222473
-1.24139 0.222546

-1.24139 0.222546
-1.2412 0.222778

-1.2412 0.222778
-1.24109 0.22291

-1.24109 0.222908
-1.24094 0.223083

-1.24094 0.223083
-1.24078 0.223273

-1.24078 0.223271
-1.24069 0.223389

-1.24069 0.223389
-1.24048 0.223634

-1.24048 0.223634
-1.24043 0.223694

-1.24043 0.223694
-1.24017 0.223996

-1.24017 0.223996
-1.24017 0.223999

-1.24017 0.223999
-1.23991 0.224304

-1.23991 0.224304
-1.23987 0.224358

-1.23987 0.224358
-1.23966 0.224609

-1.23966 0.224609
-1.23956 0.22472

-1.23956 0.224719
-1.2394 0.224915

-1.2394 0.224915
-1.23926 0.225083

-1.23926 0.22508
-1.23914 0.22522

-1.23914 0.22522
-1.23895 0.225442

-1.23895 0.225442
-1.23888 0.225525

-1.23888 0.225525
-1.23865 0.225803

-1.23865 0.225803
-1.23862 0.22583

-1.23862 0.22583
-1.23837 0.226135

-1.23837 0.226135
-1.23834 0.226164

-1.23834 0.226163
-1.23811 0.22644

-1.23811 0.22644
-1.23804 0.226524

-1.23804 0.226523
-1.23785 0.226746

-1.23785 0.226746
-1.23773 0.226885

-1.23773 0.226882
-1.23759 0.227051

-1.23759 0.227051
-1.23743 0.227244

-1.23743 0.227243
-1.23733 0.227356

-1.23733 0.227356
-1.23712 0.227603

-1.23712 0.227603
-1.23707 0.227661

-1.23707 0.227661
-1.23682 0.227962

-1.23682 0.227962
-1.23681 0.227966

-1.23681 0.227966
-1.23655 0.228271

-1.23655 0.228271
-1.23651 0.228321

-1.23651 0.228321
-1.23629 0.228577

-1.23629 0.228577
-1.23621 0.22868

-1.23621 0.228679
-1.23603 0.228882

-1.23603 0.228882
-1.2359 0.229039

-1.2359 0.229037
-1.23578 0.229187

-1.23577 0.229187
-1.2356 0.229397

-1.2356 0.229396
-1.23551 0.229492

-1.23551 0.229492
-1.23529 0.229754

-1.23529 0.229754
-1.23525 0.229797

-1.23525 0.229797
-1.23499 0.230103

-1.23499 0.230103
-1.23499 0.230112

-1.23499 0.230112
-1.23473 0.230408

-1.23473 0.230408
-1.23468 0.23047

-1.23468 0.230469
-1.23447 0.230713

-1.23447 0.230713
-1.23438 0.230827

-1.23438 0.230825
-1.23421 0.231018

-1.23421 0.231018
-1.23407 0.231185

-1.23407 0.231183
-1.23395 0.231323

-1.23395 0.231323
-1.23376 0.23154

-1.23376 0.23154
-1.23369 0.231628

-1.23369 0.231628
-1.23346 0.231896

-1.23346 0.231896
-1.23343 0.231934

-1.23343 0.231934
-1.23317 0.232239

-1.23317 0.232239
-1.23315 0.232253

-1.23315 0.232253
-1.2329 0.232544

-1.2329 0.232544
-1.23285 0.232609

-1.23285 0.232608
-1.23264 0.232849

-1.23264 0.232849
-1.23254 0.232965

-1.23254 0.232963
-1.23238 0.233154

-1.23238 0.233154
-1.23224 0.233321

-1.23224 0.233319
-1.23212 0.233459

-1.23212 0.233459
-1.23193 0.233675

-1.23193 0.233674
-1.23186 0.233765

-1.23186 0.233765
-1.23163 0.23403

-1.23163 0.23403
-1.23159 0.23407

-1.23159 0.23407
-1.23133 0.234375

-1.23133 0.234375
-1.23132 0.234385

-1.23132 0.234384
-1.23107 0.23468

-1.23107 0.23468
-1.23102 0.234739

-1.23102 0.234738
-1.23081 0.234985

-1.23081 0.234985
-1.23071 0.235093

-1.23071 0.235092
-1.23054 0.235291

-1.23054 0.235291
-1.23041 0.235448

-1.23041 0.235446
-1.23028 0.235596

-1.23028 0.235596
-1.2301 0.235801

-1.2301 0.2358
-1.23002 0.235901

-1.23002 0.235901
-1.2298 0.236154

-1.2298 0.236154
-1.22975 0.236206

-1.22975 0.236206
-1.22949 0.236507

-1.22949 0.236507
-1.22949 0.236511

-1.22949 0.236511
-1.22922 0.236816

-1.22922 0.236816
-1.22919 0.23686

-1.22919 0.23686
-1.22896 0.237122

-1.22896 0.237122
-1.22888 0.237213

-1.22888 0.237212
-1.2287 0.237427

-1.2287 0.237427
-1.22858 0.237566

-1.22858 0.237564
-1.22843 0.237732

-1.22843 0.237732
-1.22827 0.237919

-1.22827 0.237917
-1.22817 0.238037

-1.22817 0.238037
-1.22797 0.238269

-1.22797 0.238269
-1.2279 0.238342

-1.2279 0.238342
-1.22766 0.238621

-1.22766 0.238621
-1.22764 0.238647

-1.22764 0.238647
-1.22737 0.238953

-1.22737 0.238953
-1.22736 0.238973

-1.22736 0.238972
-1.22711 0.239258

-1.22711 0.239258
-1.22705 0.239324

-1.22705 0.239324
-1.22684 0.239563

-1.22684 0.239563
-1.22675 0.239675

-1.22675 0.239674
-1.22658 0.239868

-1.22658 0.239868
-1.22644 0.240027

-1.22644 0.240025
-1.22631 0.240173

-1.22631 0.240173
-1.22614 0.240377

-1.22614 0.240376
-1.22605 0.240479

-1.22605 0.240479
-1.22583 0.240727

-1.22583 0.240726
-1.22578 0.240784

-1.22578 0.240784
-1.22552 0.241077

-1.22552 0.241077
-1.22551 0.241089

-1.22551 0.241089
-1.22525 0.241394

-1.22525 0.241394
-1.22522 0.241427

-1.22522 0.241426
-1.22498 0.241699

-1.22498 0.241699
-1.22491 0.241777

-1.22491 0.241776
-1.22472 0.242004

-1.22471 0.242004
-1.22461 0.242126

-1.22461 0.242124
-1.22445 0.24231

-1.22445 0.24231
-1.2243 0.242476

-1.2243 0.242474
-1.22418 0.242615

-1.22418 0.242615
-1.224 0.242824

-1.224 0.242823
-1.22392 0.24292

-1.22391 0.24292
-1.22369 0.243172

-1.22369 0.243172
-1.22365 0.243225

-1.22365 0.243225
-1.22339 0.243521

-1.22339 0.243521
-1.22338 0.24353

-1.22338 0.24353
-1.22311 0.243835

-1.22311 0.243835
-1.22308 0.243869

-1.22308 0.243869
-1.22285 0.244141

-1.22285 0.244141
-1.22278 0.244218

-1.22278 0.244217
-1.22258 0.244446

-1.22258 0.244446
-1.22247 0.244566

-1.22247 0.244563
-1.22231 0.244751

-1.22231 0.244751
-1.22217 0.244914

-1.22217 0.244912
-1.22204 0.245056

-1.22204 0.245056
-1.22186 0.245261

-1.22186 0.24526
-1.22177 0.245361

-1.22177 0.245361
-1.22156 0.245607

-1.22156 0.245607
-1.22151 0.245667

-1.22151 0.245667
-1.22125 0.245954

-1.22125 0.245954
-1.22124 0.245972

-1.22124 0.245972
-1.22097 0.246277

-1.22097 0.246277
-1.22095 0.246301

-1.22095 0.2463
-1.2207 0.246582

-1.2207 0.246582
-1.22064 0.246647

-1.22064 0.246647
-1.22043 0.246887

-1.22043 0.246887
-1.22034 0.246994

-1.22034 0.246992
-1.22016 0.247192

-1.22016 0.247192
-1.22003 0.24734

-1.22003 0.247338
-1.21989 0.247498

-1.21989 0.247498
-1.21973 0.247687

-1.21973 0.247685
-1.21962 0.247803

-1.21962 0.247803
-1.21942 0.248031

-1.21942 0.24803
-1.21935 0.248108

-1.21935 0.248108
-1.21912 0.248376

-1.21912 0.248376
-1.21908 0.248413

-1.21908 0.248413
-1.21881 0.248718

-1.21881 0.248718
-1.21881 0.248721

-1.21881 0.248721
-1.21854 0.249023

-1.21854 0.249023
-1.21851 0.249066

-1.21851 0.249066
-1.21827 0.249329

-1.21827 0.249329
-1.2182 0.249411

-1.2182 0.24941
-1.218 0.249634

-1.218 0.249634
-1.2179 0.249756

-1.2179 0.249754
-1.21773 0.249939

-1.21773 0.249939
-1.21759 0.2501

-1.21759 0.250099
-1.21746 0.250244

-1.21746 0.250244
-1.21729 0.250445

-1.21729 0.250443
-1.21719 0.250549

-1.21719 0.250549
-1.21698 0.250788

-1.21698 0.250787
-1.21692 0.250854

-1.21692 0.250854
-1.21667 0.251131

-1.21667 0.251131
-1.21665 0.25116

-1.21665 0.25116
-1.21638 0.251465

-1.21638 0.251465
-1.21637 0.251475

-1.21637 0.251474
-1.21611 0.25177

-1.21611 0.25177
-1.21606 0.251818

-1.21606 0.251817
-1.21584 0.252075

-1.21584 0.252075
-1.21576 0.252161

-1.21576 0.25216
-1.21556 0.25238

-1.21556 0.25238
-1.21545 0.252504

-1.21545 0.252502
-1.21529 0.252686

-1.21529 0.252686
-1.21515 0.252847

-1.21515 0.252845
-1.21502 0.252991

-1.21502 0.252991
-1.21484 0.253189

-1.21484 0.253188
-1.21475 0.253296

-1.21475 0.253296
-1.21454 0.253531

-1.21454 0.25353
-1.21448 0.253601

-1.21448 0.253601
-1.21423 0.253872

-1.21423 0.253872
-1.2142 0.253906

-1.2142 0.253906
-1.21393 0.254211

-1.21393 0.254211
-1.21393 0.254214

-1.21393 0.254214
-1.21366 0.254517

-1.21366 0.254517
-1.21362 0.254556

-1.21362 0.254555
-1.21338 0.254822

-1.21338 0.254822
-1.21332 0.254897

-1.21332 0.254896
-1.21311 0.255127

-1.21311 0.255127
-1.21301 0.255238

-1.21301 0.255236
-1.21284 0.255432

-1.21284 0.255432
-1.21271 0.255579

-1.21271 0.255578
-1.21257 0.255737

-1.21256 0.255737
-1.2124 0.25592

-1.2124 0.255919
-1.21229 0.256042

-1.21229 0.256042
-1.2121 0.25626

-1.2121 0.256259
-1.21202 0.256348

-1.21202 0.256348
-1.21179 0.2566

-1.21179 0.2566
-1.21174 0.256653

-1.21174 0.256653
-1.21149 0.25694

-1.21149 0.25694
-1.21147 0.256958

-1.21147 0.256958
-1.2112 0.257263

-1.2112 0.257263
-1.21118 0.25728

-1.21118 0.25728
-1.21092 0.257568

-1.21092 0.257568
-1.21088 0.25762

-1.21088 0.257619
-1.21065 0.257874

-1.21065 0.257874
-1.21057 0.257959

-1.21057 0.257958
-1.21037 0.258179

-1.21037 0.258179
-1.21027 0.258299

-1.21027 0.258297
-1.2101 0.258484

-1.2101 0.258484
-1.20996 0.258638

-1.20996 0.258636
-1.20982 0.258789

-1.20982 0.258789
-1.20966 0.258977

-1.20966 0.258975
-1.20955 0.259094

-1.20955 0.259094
-1.20935 0.259315

-1.20935 0.259314
-1.20927 0.259399

-1.20927 0.259399
-1.20905 0.259653

-1.20905 0.259653
-1.209 0.259705

-1.209 0.259705
-1.20874 0.259991

-1.20874 0.259991
-1.20872 0.26001

-1.20872 0.26001
-1.20845 0.260315

-1.20845 0.260315
-1.20844 0.260329

-1.20844 0.260329
-1.20817 0.26062

-1.20817 0.26062
-1.20813 0.260667

-1.20813 0.260667
-1.2079 0.260925

-1.2079 0.260925
-1.20782 0.261005

-1.20782 0.261003
-1.20762 0.26123

-1.20762 0.26123
-1.20752 0.261342

-1.20752 0.26134
-1.20735 0.261536

-1.20734 0.261536
-1.20721 0.26168

-1.20721 0.261678
-1.20707 0.261841

-1.20707 0.261841
-1.20691 0.262017

-1.20691 0.262015
-1.20679 0.262146

-1.20679 0.262146
-1.2066 0.262354

-1.2066 0.262352
-1.20651 0.262451

-1.20651 0.262451
-1.2063 0.26269

-1.2063 0.262689
-1.20624 0.262756

-1.20624 0.262756
-1.20599 0.263026

-1.20599 0.263026
-1.20596 0.263062

-1.20596 0.263062
-1.20569 0.263362

-1.20569 0.263362
-1.20568 0.263367

-1.20568 0.263367
-1.20541 0.263672

-1.20541 0.263672
-1.20538 0.263698

-1.20538 0.263698
-1.20513 0.263977

-1.20513 0.263977
-1.20508 0.264034

-1.20508 0.264033
-1.20485 0.264282

-1.20485 0.264282
-1.20477 0.26437

-1.20477 0.264368
-1.20458 0.264587

-1.20457 0.264587
-1.20447 0.264705

-1.20447 0.264703
-1.2043 0.264893

-1.2043 0.264893
-1.20416 0.26504

-1.20416 0.265039
-1.20402 0.265198

-1.20402 0.265198
-1.20386 0.265376

-1.20386 0.265374
-1.20374 0.265503

-1.20374 0.265503
-1.20355 0.265711

-1.20355 0.265709
-1.20346 0.265808

-1.20346 0.265808
-1.20325 0.266045

-1.20325 0.266044
-1.20318 0.266113

-1.20318 0.266113
-1.20294 0.266379

-1.20294 0.266379
-1.20291 0.266418

-1.20291 0.266418
-1.20264 0.266713

-1.20264 0.266713
-1.20263 0.266724

-1.20263 0.266724
-1.20235 0.267029

-1.20235 0.267029
-1.20233 0.267047

-1.20233 0.267047
-1.20207 0.267334

-1.20207 0.267334
-1.20203 0.267381

-1.20203 0.26738
-1.20179 0.267639

-1.20179 0.267639
-1.20172 0.267715

-1.20172 0.267713
-1.20151 0.267944

-1.20151 0.267944
-1.20142 0.268048

-1.20142 0.268046
-1.20123 0.26825

-1.20123 0.26825
-1.20111 0.268382

-1.20111 0.26838
-1.20095 0.268555

-1.20095 0.268555
-1.20081 0.268715

-1.20081 0.268713
-1.20067 0.26886

-1.20067 0.26886
-1.2005 0.269048

-1.2005 0.269047
-1.20039 0.269165

-1.20039 0.269165
-1.2002 0.269381

-1.2002 0.269379
-1.20011 0.26947

-1.20011 0.26947
-1.19989 0.269712

-1.19989 0.269712
-1.19983 0.269775

-1.19983 0.269775
-1.19958 0.270044

-1.19958 0.270044
-1.19955 0.270081

-1.19955 0.270081
-1.19928 0.270376

-1.19928 0.270376
-1.19927 0.270386

-1.19927 0.270386
-1.19899 0.270691

-1.19899 0.270691
-1.19897 0.270709

-1.19897 0.270708
-1.19871 0.270996

-1.19871 0.270996
-1.19867 0.27104

-1.19867 0.27104
-1.19843 0.271301

-1.19843 0.271301
-1.19836 0.271372

-1.19836 0.271371
-1.19815 0.271606

-1.19815 0.271606
-1.19806 0.271703

-1.19806 0.271702
-1.19787 0.271912

-1.19787 0.271912
-1.19775 0.272035

-1.19775 0.272033
-1.19759 0.272217

-1.19759 0.272217
-1.19745 0.272366

-1.19745 0.272364
-1.1973 0.272522

-1.1973 0.272522
-1.19714 0.272697

-1.19714 0.272695
-1.19702 0.272827

-1.19702 0.272827
-1.19684 0.273028

-1.19684 0.273026
-1.19674 0.273132

-1.19674 0.273132
-1.19653 0.273358

-1.19653 0.273357
-1.19646 0.273438

-1.19646 0.273438
-1.19623 0.273687

-1.19623 0.273687
-1.19618 0.273743

-1.19618 0.273743
-1.19592 0.274017

-1.19592 0.274017
-1.19589 0.274048

-1.19589 0.274048
-1.19562 0.274347

-1.19562 0.274347
-1.19561 0.274353

-1.19561 0.274353
-1.19533 0.274658

-1.19533 0.274658
-1.19531 0.274677

-1.19531 0.274676
-1.19505 0.274963

-1.19505 0.274963
-1.19501 0.275006

-1.19501 0.275006
-1.19476 0.275269

-1.19476 0.275269
-1.1947 0.275336

-1.1947 0.275335
-1.19448 0.275574

-1.19448 0.275574
-1.1944 0.275665

-1.1944 0.275663
-1.1942 0.275879

-1.1942 0.275879
-1.19409 0.275994

-1.19409 0.275992
-1.19392 0.276184

-1.19391 0.276184
-1.19379 0.276323

-1.19379 0.276321
-1.19363 0.276489

-1.19363 0.276489
-1.19348 0.276651

-1.19348 0.27665
-1.19335 0.276794

-1.19335 0.276794
-1.19318 0.27698

-1.19318 0.276978
-1.19306 0.2771

-1.19306 0.2771
-1.19287 0.277308

-1.19287 0.277307
-1.19278 0.277405

-1.19278 0.277405
-1.19257 0.277636

-1.19257 0.277635
-1.1925 0.27771

-1.1925 0.27771
-1.19226 0.277963

-1.19226 0.277963
-1.19221 0.278015

-1.19221 0.278015
-1.19196 0.27829

-1.19196 0.27829
-1.19193 0.27832

-1.19193 0.27832
-1.19165 0.278618

-1.19165 0.278618
-1.19164 0.278625

-1.19164 0.278625
-1.19136 0.278931

-1.19136 0.278931
-1.19135 0.278945

-1.19135 0.278945
-1.19107 0.279236

-1.19107 0.279236
-1.19104 0.279272

-1.19104 0.279272
-1.19079 0.279541

-1.19079 0.279541
-1.19073 0.279599

-1.19073 0.279598
-1.1905 0.279846

-1.1905 0.279846
-1.19043 0.279926

-1.19043 0.279924
-1.19022 0.280151

-1.19022 0.280151
-1.19012 0.280253

-1.19012 0.280251
-1.18993 0.280457

-1.18993 0.280457
-1.18982 0.280579

-1.18982 0.280578
-1.18965 0.280762

-1.18965 0.280762
-1.18951 0.280905

-1.18951 0.280904
-1.18936 0.281067

-1.18936 0.281067
-1.18921 0.281231

-1.18921 0.28123
-1.18908 0.281372

-1.18908 0.281372
-1.1889 0.281557

-1.1889 0.281556
-1.18879 0.281677

-1.18879 0.281677
-1.1886 0.281883

-1.1886 0.281882
-1.1885 0.281982

-1.1885 0.281982
-1.18829 0.282208

-1.18829 0.282207
-1.18822 0.282288

-1.18822 0.282288
-1.18799 0.282533

-1.18799 0.282533
-1.18793 0.282593

-1.18793 0.282593
-1.18768 0.282858

-1.18768 0.282858
-1.18765 0.282898

-1.18765 0.282898
-1.18738 0.283183

-1.18738 0.283182
-1.18736 0.283203

-1.18736 0.283203
-1.18707 0.283507

-1.18707 0.283507
-1.18707 0.283508

-1.18707 0.283508
-1.18678 0.283813

-1.18679 0.283813
-1.18677 0.283832

-1.18677 0.283832
-1.1865 0.284119

-1.1865 0.284119
-1.18646 0.284156

-1.18646 0.284156
-1.18621 0.284424

-1.18621 0.284424
-1.18616 0.284481

-1.18616 0.28448
-1.18592 0.284729

-1.18592 0.284729
-1.18585 0.284805

-1.18585 0.284803
-1.18564 0.285034

-1.18564 0.285034
-1.18555 0.285128

-1.18555 0.285127
-1.18535 0.285339

-1.18535 0.285339
-1.18524 0.285452

-1.18524 0.285451
-1.18506 0.285645

-1.18506 0.285645
-1.18494 0.285776

-1.18494 0.285774
-1.18477 0.28595

-1.18477 0.28595
-1.18463 0.286099

-1.18463 0.286098
-1.18448 0.286255

-1.18448 0.286255
-1.18433 0.286422

-1.18433 0.286421
-1.1842 0.28656

-1.18419 0.28656
-1.18402 0.286745

-1.18402 0.286744
-1.18391 0.286865

-1.18391 0.286865
-1.18372 0.287068

-1.18372 0.287067
-1.18362 0.28717

-1.18362 0.28717
-1.18341 0.287391

-1.18341 0.28739
-1.18333 0.287476

-1.18333 0.287476
-1.18311 0.287713

-1.18311 0.287712
-1.18304 0.287781

-1.18304 0.287781
-1.1828 0.288035

-1.1828 0.288034
-1.18275 0.288086

-1.18275 0.288086
-1.1825 0.288356

-1.1825 0.288356
-1.18246 0.288391

-1.18246 0.288391
-1.18219 0.288678

-1.18219 0.288678
-1.18217 0.288696

-1.18217 0.288696
-1.18188 0.289

-1.18188 0.289
-1.18188 0.289001

-1.18188 0.289001
-1.18159 0.289307

-1.18159 0.289307
-1.18158 0.289322

-1.18158 0.289321
-1.1813 0.289612

-1.1813 0.289612
-1.18127 0.289643

-1.18127 0.289643
-1.18101 0.289917

-1.18101 0.289917
-1.18097 0.289964

-1.18097 0.289963
-1.18072 0.290222

-1.18072 0.290222
-1.18066 0.290285

-1.18066 0.290284
-1.18043 0.290527

-1.18043 0.290527
-1.18036 0.290606

-1.18036 0.290605
-1.18014 0.290833

-1.18014 0.290833
-1.18005 0.290927

-1.18005 0.290925
-1.17985 0.291138

-1.17985 0.291138
-1.17975 0.291247

-1.17975 0.291246
-1.17956 0.291443

-1.17956 0.291443
-1.17944 0.291568

-1.17944 0.291566
-1.17927 0.291748

-1.17927 0.291748
-1.17914 0.291888

-1.17914 0.291887
-1.17898 0.292053

-1.17898 0.292053
-1.17883 0.292208

-1.17883 0.292207
-1.17869 0.292358

-1.17869 0.292358
-1.17853 0.292528

-1.17853 0.292527
-1.1784 0.292664

-1.1784 0.292664
-1.17822 0.292847

-1.17822 0.292846
-1.17811 0.292969

-1.17811 0.292969
-1.17792 0.293167

-1.17792 0.293166
-1.17781 0.293274

-1.17781 0.293274
-1.17761 0.293486

-1.17761 0.293485
-1.17752 0.293579

-1.17752 0.293579
-1.17731 0.293805

-1.17731 0.293804
-1.17723 0.293884

-1.17723 0.293884
-1.177 0.294124

-1.177 0.294123
-1.17694 0.294189

-1.17694 0.294189
-1.1767 0.294443

-1.1767 0.294442
-1.17665 0.294495

-1.17665 0.294495
-1.17639 0.294761

-1.17639 0.294761
-1.17635 0.2948

-1.17635 0.2948
-1.17609 0.295079

-1.17609 0.295079
-1.17606 0.295105

-1.17606 0.295105
-1.17578 0.295397

-1.17578 0.295397
-1.17577 0.29541

-1.17577 0.29541
-1.17548 0.295715

-1.17548 0.295715
-1.17518 0.296021

-1.17518 0.296021
-1.17517 0.296034

-1.17517 0.296033
-1.17489 0.296326

-1.17489 0.296326
-1.17487 0.296351

-1.17487 0.296351
-1.1746 0.296631

-1.1746 0.296631
-1.17456 0.296669

-1.17456 0.296668
-1.1743 0.296936

-1.1743 0.296936
-1.17426 0.296986

-1.17426 0.296985
-1.17401 0.297241

-1.17401 0.297241
-1.17395 0.297303

-1.17395 0.297302
-1.17372 0.297546

-1.17372 0.297546
-1.17365 0.29762

-1.17365 0.297619
-1.17342 0.297852

-1.17342 0.297852
-1.17334 0.297937

-1.17334 0.297936
-1.17313 0.298157

-1.17313 0.298157
-1.17303 0.298254

-1.17303 0.298253
-1.17283 0.298462

-1.17283 0.298462
-1.17273 0.298571

-1.17273 0.29857
-1.17254 0.298767

-1.17254 0.298767
-1.17242 0.298887

-1.17242 0.298886
-1.17225 0.299072

-1.17225 0.299072
-1.17212 0.299203

-1.17212 0.299202
-1.17195 0.299377

-1.17195 0.299377
-1.17181 0.299519

-1.17181 0.299519
-1.17166 0.299683

-1.17166 0.299683
-1.17151 0.299835

-1.17151 0.299834
-1.17136 0.299988

-1.17136 0.299988
-1.1712 0.300151

-1.1712 0.30015
-1.17107 0.300293

-1.17107 0.300293
-1.1709 0.300467

-1.1709 0.300466
-1.17077 0.300598

-1.17077 0.300598
-1.17059 0.300782

-1.17059 0.300781
-1.17048 0.300903

-1.17048 0.300903
-1.17029 0.301097

-1.17029 0.301096
-1.17018 0.301208

-1.17018 0.301208
-1.16998 0.301412

-1.16998 0.301412
-1.16988 0.301514

-1.16988 0.301514
-1.16968 0.301727

-1.16968 0.301726
-1.16959 0.301819

-1.16959 0.301819
-1.16937 0.302042

-1.16937 0.302041
-1.16929 0.302124

-1.16929 0.302124
-1.16907 0.302357

-1.16907 0.302356
-1.169 0.302429

-1.169 0.302429
-1.16876 0.302671

-1.16876 0.30267
-1.1687 0.302734

-1.1687 0.302734
-1.16846 0.302985

-1.16846 0.302984
-1.1684 0.30304

-1.1684 0.30304
-1.16815 0.303299

-1.16815 0.303299
-1.16811 0.303345

-1.16811 0.303345
-1.16785 0.303613

-1.16785 0.303612
-1.16781 0.30365

-1.16781 0.30365
-1.16754 0.303926

-1.16754 0.303926
-1.16751 0.303955

-1.16751 0.303955
-1.16724 0.30424

-1.16724 0.30424
-1.16722 0.30426

-1.16722 0.30426
-1.16693 0.304553

-1.16693 0.304553
-1.16692 0.304565

-1.16692 0.304565
-1.16663 0.304866

-1.16663 0.304866
-1.16662 0.304871

-1.16662 0.304871
-1.16632 0.305176

-1.16632 0.305176
-1.16632 0.30518

-1.16632 0.30518
-1.16603 0.305481

-1.16603 0.305481
-1.16602 0.305493

-1.16602 0.305492
-1.16573 0.305786

-1.16573 0.305786
-1.16571 0.305805

-1.16571 0.305805
-1.16543 0.306091

-1.16543 0.306091
-1.16541 0.306118

-1.16541 0.306118
-1.16513 0.306396

-1.16513 0.306396
-1.1651 0.30643

-1.1651 0.30643
-1.16484 0.306702

-1.16484 0.306702
-1.16479 0.306743

-1.16479 0.306742
-1.16454 0.307007

-1.16454 0.307007
-1.16449 0.307055

-1.16449 0.307054
-1.16424 0.307312

-1.16424 0.307312
-1.16418 0.307367

-1.16418 0.307366
-1.16394 0.307617

-1.16394 0.307617
-1.16388 0.307679

-1.16388 0.307678
-1.16364 0.307922

-1.16364 0.307922
-1.16357 0.30799

-1.16357 0.307989
-1.16334 0.308228

-1.16334 0.308228
-1.16327 0.308302

-1.16327 0.308301
-1.16304 0.308533

-1.16304 0.308533
-1.16296 0.308613

-1.16296 0.308612
-1.16274 0.308838

-1.16274 0.308838
-1.16266 0.308924

-1.16266 0.308923
-1.16244 0.309143

-1.16244 0.309143
-1.16235 0.309235

-1.16235 0.309234
-1.16214 0.309448

-1.16214 0.309448
-1.16205 0.309546

-1.16205 0.309545
-1.16184 0.309753

-1.16184 0.309753
-1.16174 0.309857

-1.16174 0.309856
-1.16154 0.310059

-1.16154 0.310059
-1.16144 0.310167

-1.16144 0.310167
-1.16124 0.310364

-1.16124 0.310364
-1.16113 0.310477

-1.16113 0.310477
-1.16094 0.310669

-1.16094 0.310669
-1.16083 0.310788

-1.16083 0.310787
-1.16064 0.310974

-1.16064 0.310974
-1.16052 0.311098

-1.16052 0.311097
-1.16034 0.311279

-1.16034 0.311279
-1.16022 0.311407

-1.16022 0.311407
-1.16004 0.311584

-1.16004 0.311584
-1.15991 0.311717

-1.15991 0.311717
-1.15974 0.31189

-1.15974 0.31189
-1.15961 0.312027

-1.15961 0.312026
-1.15944 0.312195

-1.15944 0.312195
-1.1593 0.312336

-1.1593 0.312336
-1.15914 0.3125

-1.15564 0.00853831
-1.15574 0.00854492

-1.15564 0.00853831
-1.15533 0.00851894

-1.15533 0.00851894
-1.15503 0.0084997

-1.15625 0.00857708
-1.15594 0.00855776

-1.15594 0.00855779
-1.15574 0.00854492

-1.15503 0.00849971
-1.15472 0.00848058

-1.15472 0.00848058
-1.15442 0.00846154

-1.15442 0.00846155
-1.15411 0.00844259

-1.15411 0.0084426
-1.15381 0.00842369

-1.15381 0.00842369
-1.1535 0.00840483

-1.1535 0.00840481
-1.1532 0.00838602

-1.1532 0.00838602
-1.15289 0.00836733

-1.15289 0.00836734
-1.15259 0.0083487

-1.15259 0.0083487
-1.15228 0.0083301

-1.15228 0.0083301
-1.15198 0.00831153

-1.15198 0.00831153
-1.15167 0.00829298

-1.15167 0.00829299
-1.15137 0.00827444

-1.15137 0.00827446
-1.15106 0.00825586

-1.15076 0.00823707
-1.1508 0.00823975

-1.15106 0.0082559
-1.1508 0.00823975

-1.15076 0.00823706
-1.15045 0.00821828

-1.15045 0.00821828
-1.15015 0.00819962

-1.15015 0.00819962
-1.14984 0.00818106

-1.14984 0.00818106
-1.14954 0.0081626

-1.14954 0.00816261
-1.14923 0.00814424

-1.14923 0.00814425
-1.14893 0.00812597

-1.14893 0.00812597
-1.14862 0.00810777

-1.14862 0.00810776
-1.14832 0.00808965

-1.14832 0.00808964
-1.14801 0.00807165

-1.14801 0.00807166
-1.14771 0.00805378

-1.14771 0.00805379
-1.1474 0.00803599

-1.1474 0.00803599
-1.14709 0.00801825

-1.14709 0.00801825
-1.14679 0.00800059

-1.14679 0.00800059
-1.14648 0.007983

-1.14648 0.00798301
-1.14618 0.00796548

-1.14618 0.0079655
-1.14587 0.00794796

-1.14557 0.00793027
-1.14564 0.00793457

-1.14557 0.00793027
-1.14526 0.00791263

-1.14587 0.007948
-1.14564 0.00793457

-1.14526 0.00791264
-1.14496 0.00789511

-1.14496 0.00789512
-1.14465 0.00787769

-1.14465 0.0078777
-1.14435 0.00786036

-1.14435 0.00786036
-1.14404 0.0078431

-1.14404 0.00784311
-1.14374 0.00782591

-1.14374 0.00782592
-1.14343 0.00780877

-1.14343 0.00780877
-1.14313 0.00779165

-1.14313 0.00779163
-1.14282 0.00777459

-1.14282 0.00777459
-1.14252 0.00775764

-1.14252 0.00775765
-1.14221 0.00774075

-1.14221 0.00774075
-1.14191 0.00772389

-1.14191 0.00772389
-1.1416 0.00770705

-1.1416 0.00770705
-1.1413 0.00769024

-1.1413 0.00769025
-1.14099 0.00767345

-1.14099 0.00767346
-1.14069 0.00765666

-1.14069 0.00765669
-1.14038 0.00763979

-1.14008 0.0076227
-1.1402 0.00762939

-1.14038 0.00763982
-1.14019 0.00762939

-1.14008 0.0076227
-1.13977 0.00760567

-1.13977 0.00760567
-1.13947 0.00758875

-1.13947 0.00758876
-1.13916 0.00757195

-1.13916 0.00757195
-1.13885 0.00755524

-1.13885 0.00755524
-1.13855 0.00753863

-1.13855 0.00753863
-1.13824 0.0075221

-1.13824 0.00752211
-1.13794 0.00750566

-1.13794 0.00750565
-1.13763 0.00748928

-1.13763 0.00748927
-1.13733 0.00747299

-1.13733 0.007473
-1.13702 0.00745685

-1.13702 0.00745686
-1.13672 0.00744081

-1.13428 0.00731441
-1.13447 0.00732422

-1.13672 0.00744081
-1.13641 0.00742482

-1.13641 0.00742482
-1.13611 0.0074089

-1.13611 0.0074089
-1.1358 0.00739306

-1.1358 0.00739306
-1.1355 0.00737729

-1.1355 0.0073773
-1.13519 0.00736161

-1.13519 0.00736162
-1.13489 0.00734596

-1.13489 0.00734599
-1.13458 0.00733027

-1.13458 0.00733031
-1.13446 0.00732422

-1.13428 0.00731441
-1.13397 0.00729867

-1.13397 0.00729868
-1.13367 0.00728307

-1.13367 0.00728307
-1.13336 0.00726755

-1.13336 0.00726756
-1.13306 0.00725212

-1.13306 0.00725212
-1.13275 0.00723675

-1.13275 0.00723676
-1.13245 0.00722145

-1.13245 0.00722146
-1.13214 0.0072062

-1.13214 0.00720621
-1.13184 0.00719098

-1.13184 0.00719098
-1.13153 0.00717578

-1.13153 0.00717577
-1.13123 0.00716064

-1.13123 0.00716064
-1.13092 0.0071456

-1.13092 0.00714561
-1.13062 0.00713061

-1.13062 0.0071306
-1.13031 0.00711562

-1.13031 0.00711562
-1.13 0.00710065

-1.13 0.00710065
-1.1297 0.0070857

-1.1297 0.0070857
-1.12939 0.00707076

-1.12939 0.00707076
-1.12909 0.00705581

-1.12909 0.00705583
-1.12878 0.00704084

-1.12878 0.00704087
-1.12848 0.00702576

-1.12817 0.00701045
-1.12835 0.00701904

-1.12848 0.00702579
-1.12834 0.00701904

-1.12817 0.00701044
-1.12787 0.00699522

-1.12787 0.00699523
-1.12756 0.00698011

-1.12756 0.00698011
-1.12726 0.00696509

-1.12726 0.00696509
-1.12695 0.00695014

-1.12695 0.00695014
-1.12665 0.00693528

-1.12665 0.00693528
-1.12634 0.00692049

-1.12634 0.00692049
-1.12604 0.00690577

-1.12604 0.00690578
-1.12573 0.00689111

-1.12573 0.00689111
-1.12543 0.00687651

-1.12543 0.00687649
-1.12512 0.00686198

-1.12512 0.00686198
-1.12482 0.00684758

-1.12482 0.00684759
-1.12451 0.00683326

-1.12451 0.00683326
-1.12421 0.00681897

-1.12421 0.00681898
-1.1239 0.00680475

-1.1239 0.00680475
-1.1236 0.00679058

-1.1236 0.00679058
-1.12329 0.00677646

-1.12329 0.00677646
-1.12299 0.00676241

-1.12299 0.00676242
-1.12268 0.00674843

-1.12268 0.00674844
-1.12238 0.00673448

-1.12238 0.00673451
-1.12207 0.00672048

-1.12177 0.00670631
-1.12193 0.00671387

-1.12177 0.0067063
-1.12146 0.00669222

-1.12207 0.00672052
-1.12193 0.00671387

-1.12146 0.00669222
-1.12115 0.00667824

-1.12115 0.00667825
-1.12085 0.00666435

-1.12085 0.00666435
-1.12054 0.00665053

-1.12054 0.00665054
-1.12024 0.00663678

-1.12024 0.00663678
-1.11993 0.00662308

-1.11993 0.00662309
-1.11963 0.00660944

-1.11963 0.00660945
-1.11932 0.00659585

-1.11932 0.00659585
-1.11902 0.00658228

-1.11902 0.00658228
-1.11871 0.00656873

-1.11871 0.00656871
-1.11841 0.00655521

-1.11841 0.00655521
-1.1181 0.0065418

-1.1181 0.00654181
-1.1178 0.00652844

-1.1178 0.00652844
-1.11749 0.00651509

-1.11749 0.00651509
-1.11719 0.00650176

-1.11719 0.00650176
-1.11688 0.00648845

-1.11688 0.00648845
-1.11658 0.00647515

-1.11658 0.00647515
-1.11627 0.00646185

-1.11627 0.00646186
-1.11597 0.00644856

-1.11597 0.00644856
-1.11566 0.00643524

-1.11566 0.00643525
-1.11536 0.00642186

-1.11505 0.0064083
-1.11506 0.00640869

-1.11536 0.00642189
-1.11506 0.00640869

-1.11505 0.00640824
-1.11475 0.00639459

-1.11475 0.00639459
-1.11444 0.00638103

-1.11444 0.00638103
-1.11414 0.00636755

-1.11414 0.00636755
-1.11383 0.00635415

-1.11383 0.00635415
-1.11353 0.00634082

-1.11353 0.00634083
-1.11322 0.00632757

-1.11322 0.00632757
-1.11292 0.00631439

-1.11292 0.00631439
-1.11261 0.00630127

-1.11261 0.00630128
-1.1123 0.00628822

-1.1123 0.00628822
-1.112 0.00627522

-1.112 0.00627522
-1.11169 0.00626227

-1.11169 0.00626226
-1.11139 0.0062494

-1.11139 0.0062494
-1.11108 0.00623665

-1.11108 0.00623666
-1.11078 0.00622398

-1.11078 0.00622397
-1.11047 0.00621133

-1.11047 0.00621133
-1.11017 0.00619875

-1.11017 0.00619875
-1.10986 0.00618621

-1.10986 0.00618621
-1.10956 0.00617374

-1.10956 0.00617374
-1.10925 0.00616132

-1.10925 0.00616132
-1.10895 0.00614897

-1.10895 0.00614897
-1.10864 0.00613668

-1.10773 0.00609972
-1.10782 0.00610352

-1.10773 0.00609972
-1.10742 0.00608733

-1.10864 0.00613669
-1.10834 0.00612443

-1.10834 0.00612446
-1.10803 0.00611217

-1.10803 0.00611219
-1.10782 0.00610352

-1.10742 0.00608733
-1.10712 0.00607505

-1.10712 0.00607505
-1.10681 0.00606286

-1.10681 0.00606286
-1.10651 0.00605075

-1.10651 0.00605075
-1.1062 0.0060387

-1.1062 0.0060387
-1.1059 0.00602671

-1.1059 0.00602671
-1.10559 0.00601478

-1.10559 0.00601478
-1.10529 0.0060029

-1.10529 0.0060029
-1.10498 0.00599107

-1.10498 0.00599107
-1.10468 0.00597927

-1.10468 0.00597928
-1.10437 0.0059675

-1.10437 0.0059675
-1.10406 0.00595574

-1.10406 0.00595572
-1.10376 0.00594402

-1.10376 0.00594402
-1.10345 0.0059324

-1.10345 0.00593242
-1.10315 0.00592083

-1.10315 0.00592083
-1.10284 0.00590926

-1.10284 0.00590926
-1.10254 0.00589771

-1.10254 0.00589771
-1.10223 0.00588618

-1.10223 0.00588618
-1.10193 0.00587466

-1.10193 0.00587466
-1.10162 0.00586314

-1.10162 0.00586314
-1.10132 0.00585162

-1.10132 0.00585162
-1.10101 0.00584009

-1.10101 0.00584009
-1.10071 0.00582854

-1.10071 0.00582855
-1.1004 0.00581695

-1.1004 0.00581697
-1.1001 0.00580524

-1.09979 0.00579329
-1.09992 0.00579834

-1.1001 0.00580527
-1.09992 0.00579834

-1.09979 0.00579328
-1.09949 0.00578137

-1.09949 0.00578137
-1.09918 0.00576954

-1.09918 0.00576955
-1.09888 0.00575779

-1.09888 0.00575779
-1.09857 0.0057461

-1.09857 0.00574611
-1.09827 0.00573448

-1.09827 0.00573448
-1.09796 0.00572291

-1.09796 0.00572291
-1.09766 0.0057114

-1.09766 0.0057114
-1.09735 0.00569994

-1.09735 0.00569994
-1.09705 0.00568854

-1.09705 0.00568854
-1.09674 0.00567719

-1.09674 0.00567719
-1.09644 0.00566587

-1.09644 0.00566587
-1.09613 0.00565459

-1.09613 0.00565457
-1.09583 0.00564336

-1.09583 0.00564337
-1.09552 0.00563225

-1.09552 0.00563226
-1.09521 0.0056212

-1.09521 0.0056212
-1.09491 0.00561017

-1.09491 0.00561017
-1.0946 0.00559918

-1.0946 0.00559918
-1.0943 0.00558823

-1.0943 0.00558823
-1.09399 0.00557732

-1.09399 0.00557732
-1.09369 0.00556645

-1.09369 0.00556645
-1.09338 0.00555562

-1.09338 0.00555562
-1.09308 0.00554484

-1.09308 0.00554484
-1.09277 0.0055341

-1.09277 0.0055341
-1.09247 0.00552341

-1.09247 0.00552342
-1.09216 0.00551276

-1.09155 0.00549124
-1.09161 0.00549316

-1.09216 0.00551278
-1.09186 0.00550209

-1.09186 0.00550212
-1.0916 0.00549316

-1.09155 0.00549124
-1.09125 0.00548039

-1.09125 0.0054804
-1.09094 0.00546965

-1.09094 0.00546965
-1.09064 0.00545898

-1.09064 0.00545899
-1.09033 0.00544839

-1.09033 0.00544839
-1.09003 0.00543785

-1.09003 0.00543785
-1.08972 0.00542737

-1.08972 0.00542737
-1.08942 0.00541694

-1.08942 0.00541694
-1.08911 0.00540656

-1.08911 0.00540656
-1.08881 0.00539623

-1.08881 0.00539623
-1.0885 0.00538593

-1.0885 0.00538594
-1.0882 0.00537569

-1.0882 0.00537569
-1.08789 0.00536547

-1.08789 0.00536548
-1.08759 0.00535528

-1.08759 0.00535527
-1.08728 0.00534509

-1.08728 0.00534508
-1.08698 0.00533495

-1.08698 0.00533495
-1.08667 0.0053249

-1.08667 0.00532491
-1.08636 0.0053149

-1.08636 0.0053149
-1.08606 0.0053049

-1.08606 0.0053049
-1.08575 0.00529493

-1.08575 0.00529493
-1.08545 0.00528498

-1.08545 0.00528498
-1.08514 0.00527504

-1.08514 0.00527504
-1.08484 0.00526511

-1.08484 0.00526511
-1.08453 0.00525519

-1.08453 0.00525519
-1.08423 0.00524527

-1.08423 0.00524527
-1.08392 0.00523534

-1.08392 0.00523534
-1.08362 0.00522539

-1.08362 0.00522539
-1.08331 0.00521542

-1.08331 0.00521543
-1.08301 0.0052054

-1.08301 0.00520542
-1.0827 0.00519527

-1.0824 0.00518489
-1.08249 0.00518799

-1.0827 0.00519529
-1.08249 0.00518799

-1.0824 0.00518489
-1.08209 0.00517451

-1.08209 0.00517451
-1.08179 0.0051642

-1.08179 0.0051642
-1.08148 0.00515396

-1.08148 0.00515396
-1.08118 0.00514378

-1.08118 0.00514378
-1.08087 0.00513365

-1.08087 0.00513365
-1.08057 0.00512357

-1.08057 0.00512357
-1.08026 0.00511353

-1.08026 0.00511354
-1.07996 0.00510355

-1.07996 0.00510355
-1.07965 0.00509361

-1.07965 0.00509361
-1.07935 0.00508372

-1.07935 0.00508372
-1.07904 0.00507387

-1.07904 0.00507387
-1.07874 0.00506406

-1.07874 0.00506406
-1.07843 0.00505428

-1.07843 0.00505429
-1.07812 0.00504454

-1.07812 0.00504452
-1.07782 0.00503483

-1.07782 0.00503483
-1.07751 0.00502522

-1.07751 0.00502524
-1.07721 0.00501569

-1.07721 0.00501569
-1.0769 0.00500618

-1.0769 0.00500618
-1.0766 0.0049967

-1.0766 0.00499669
-1.07629 0.00498725

-1.07629 0.00498725
-1.07599 0.00497783

-1.07599 0.00497783
-1.07568 0.00496846

-1.07568 0.00496846
-1.07538 0.00495913

-1.07538 0.00495913
-1.07507 0.00494983

-1.07507 0.00494983
-1.07477 0.00494058

-1.07477 0.00494058
-1.07446 0.00493136

-1.07446 0.00493136
-1.07416 0.0049222

-1.07416 0.0049222
-1.07385 0.00491308

-1.07385 0.00491308
-1.07355 0.004904

-1.07355 0.00490402
-1.07324 0.00489493

-1.07263 0.00487646
-1.07284 0.00488281

-1.07263 0.00487646
-1.07233 0.00486724

-1.07233 0.00486726
-1.07202 0.00485814

-1.07202 0.00485814
-1.07172 0.0048491

-1.07172 0.0048491
-1.07141 0.00484012

-1.07141 0.00484012
-1.07111 0.0048312

-1.07111 0.0048312
-1.0708 0.00482233

-1.0708 0.00482233
-1.0705 0.00481351

-1.0705 0.00481351
-1.07019 0.00480473

-1.07019 0.00480473
-1.06989 0.004796

-1.06989 0.004796
-1.06958 0.00478731

-1.06958 0.00478731
-1.06927 0.00477866

-1.06927 0.00477866
-1.06897 0.00477005

-1.06897 0.00477005
-1.06866 0.00476149

-1.06866 0.00476149
-1.06836 0.00475295

-1.07324 0.00489495
-1.07294 0.00488578

-1.07294 0.00488581
-1.07284 0.00488281

-1.06836 0.00475296
-1.06805 0.00474444

-1.06805 0.00474444
-1.06775 0.00473594

-1.06775 0.00473592
-1.06744 0.00472746

-1.06744 0.00472746
-1.06714 0.00471907

-1.06714 0.00471909
-1.06683 0.00471075

-1.06683 0.00471075
-1.06653 0.00470244

-1.06653 0.00470244
-1.06622 0.00469416

-1.06622 0.00469416
-1.06592 0.0046859

-1.06592 0.0046859
-1.06561 0.00467766

-1.06561 0.00467766
-1.06531 0.00466944

-1.06531 0.00466944
-1.065 0.00466123

-1.065 0.00466123
-1.0647 0.00465303

-1.0647 0.00465304
-1.06439 0.00464484

-1.06439 0.00464484
-1.06409 0.00463665

-1.06409 0.00463665
-1.06378 0.00462845

-1.06378 0.00462845
-1.06348 0.00462023

-1.06348 0.00462024
-1.06317 0.00461199

-1.06317 0.004612
-1.06287 0.00460372

-1.06287 0.00460373
-1.06256 0.0045954

-1.06256 0.00459541
-1.06226 0.00458699

-1.06226 0.00458702
-1.06195 0.00457841

-1.06165 0.00456962
-1.06193 0.00457764

-1.06195 0.00457845
-1.06192 0.00457764

-1.06165 0.00456962
-1.06134 0.00456094

-1.06134 0.00456095
-1.06104 0.00455233

-1.06104 0.00455233
-1.06073 0.00454376

-1.06073 0.00454376
-1.06042 0.00453523

-1.06042 0.00453523
-1.06012 0.00452675

-1.06012 0.00452675
-1.05981 0.0045183

-1.05981 0.0045183
-1.05951 0.0045099

-1.05951 0.0045099
-1.0592 0.00450152

-1.0592 0.00450152
-1.0589 0.00449319

-1.0589 0.00449319
-1.05859 0.00448488

-1.05859 0.00448488
-1.05829 0.00447661

-1.05829 0.00447661
-1.05798 0.00446837

-1.05798 0.00446837
-1.05768 0.00446017

-1.05768 0.00446017
-1.05737 0.00445199

-1.05737 0.00445199
-1.05707 0.00444384

-1.05707 0.00444385
-1.05676 0.00443571

-1.05676 0.00443571
-1.05646 0.00442761

-1.05646 0.0044276
-1.05615 0.00441955

-1.05615 0.00441956
-1.05585 0.00441159

-1.05585 0.0044116
-1.05554 0.00440366

-1.05554 0.00440366
-1.05524 0.00439573

-1.05524 0.00439573
-1.05493 0.00438783

-1.05493 0.00438783
-1.05463 0.00437995

-1.05463 0.00437995
-1.05432 0.0043721

-1.05432 0.0043721
-1.05402 0.00436427

-1.05402 0.00436427
-1.05371 0.00435646

-1.05371 0.00435646
-1.05341 0.00434868

-1.05341 0.00434868
-1.0531 0.00434093

-1.0531 0.00434093
-1.0528 0.0043332

-1.0528 0.0043332
-1.05249 0.0043255

-1.05249 0.0043255
-1.05219 0.00431782

-1.05219 0.00431782
-1.05188 0.00431017

-1.05188 0.00431017
-1.05157 0.00430255

-1.05157 0.00430255
-1.05127 0.00429496

-1.05127 0.00429497
-1.05096 0.00428739

-1.05096 0.00428741
-1.05066 0.0042798

-1.05035 0.00427206
-1.05037 0.00427246

-1.05035 0.00427202
-1.05005 0.00426422

-1.05066 0.00427983
-1.05037 0.00427246

-1.05005 0.00426422
-1.04974 0.00425649

-1.04974 0.0042565
-1.04944 0.00424883

-1.04944 0.00424884
-1.04913 0.00424123

-1.04913 0.00424123
-1.04883 0.00423366

-1.04883 0.00423366
-1.04852 0.00422614

-1.04852 0.00422614
-1.04822 0.00421865

-1.04822 0.00421866
-1.04791 0.00421121

-1.04791 0.00421121
-1.04761 0.0042038

-1.04761 0.0042038
-1.0473 0.00419642

-1.0473 0.00419642
-1.047 0.00418908

-1.047 0.00418908
-1.04669 0.00418177

-1.04669 0.00418177
-1.04639 0.0041745

-1.04639 0.0041745
-1.04608 0.00416727

-1.04608 0.00416727
-1.04578 0.00416007

-1.04578 0.00416007
-1.04547 0.0041529

-1.04547 0.0041529
-1.04517 0.00414576

-1.04517 0.00414577
-1.04486 0.00413866

-1.04486 0.00413866
-1.04456 0.00413157

-1.04456 0.00413157
-1.04425 0.00412449

-1.04425 0.00412447
-1.04395 0.00411744

-1.04395 0.00411744
-1.04364 0.00411047

-1.04364 0.00411049
-1.04333 0.00410357

-1.04333 0.00410357
-1.04303 0.00409668

-1.04303 0.00409668
-1.04272 0.00408981

-1.04272 0.00408981
-1.04242 0.00408297

-1.04242 0.00408298
-1.04211 0.00407616

-1.04211 0.00407616
-1.04181 0.00406937

-1.04181 0.00406938
-1.0415 0.00406261

-1.0415 0.00406261
-1.0412 0.00405586

-1.0412 0.00405586
-1.04089 0.00404913

-1.04089 0.00404914
-1.04059 0.00404242

-1.04059 0.00404242
-1.04028 0.00403572

-1.04028 0.00403572
-1.03998 0.00402902

-1.03998 0.00402902
-1.03967 0.00402233

-1.03967 0.00402233
-1.03937 0.00401563

-1.03937 0.00401563
-1.03906 0.00400892

-1.03906 0.00400892
-1.03876 0.00400219

-1.03876 0.0040022
-1.03845 0.00399544

-1.03845 0.00399544
-1.03815 0.00398865

-1.03815 0.00398865
-1.03784 0.0039818

-1.03784 0.00398182
-1.03754 0.00397486

-1.03754 0.00397489
-1.03723 0.00396775

-1.03693 0.00396044
-1.03721 0.00396729

-1.03723 0.00396778
-1.03721 0.00396729

-1.03693 0.00396044
-1.03662 0.00395323

-1.03662 0.00395323
-1.03632 0.00394607

-1.03632 0.00394607
-1.03601 0.00393894

-1.03601 0.00393894
-1.03571 0.00393185

-1.03571 0.00393185
-1.0354 0.0039248

-1.0354 0.0039248
-1.0351 0.00391777

-1.0351 0.00391777
-1.03479 0.00391077

-1.03479 0.00391077
-1.03448 0.0039038

-1.03448 0.0039038
-1.03418 0.00389686

-1.03418 0.00389686
-1.03387 0.00388994

-1.03387 0.00388994
-1.03357 0.00388304

-1.03357 0.00388304
-1.03326 0.00387617

-1.03326 0.00387617
-1.03296 0.00386933

-1.03296 0.00386933
-1.03265 0.0038625

-1.03265 0.0038625
-1.03235 0.0038557

-1.03235 0.0038557
-1.03204 0.00384892

-1.03204 0.00384892
-1.03174 0.00384217

-1.03174 0.00384217
-1.03143 0.00383544

-1.03143 0.00383544
-1.03113 0.00382873

-1.03113 0.00382873
-1.03082 0.00382202

-1.03082 0.00382201
-1.03052 0.00381534

-1.03052 0.00381534
-1.03021 0.00380873

-1.03021 0.00380875
-1.02991 0.00380219

-1.02991 0.00380219
-1.0296 0.00379564

-1.0296 0.00379565
-1.0293 0.00378912

-1.0293 0.00378912
-1.02899 0.00378261

-1.02899 0.00378261
-1.02869 0.00377611

-1.02869 0.00377611
-1.02838 0.00376964

-1.02838 0.00376964
-1.02808 0.00376319

-1.02808 0.00376319
-1.02777 0.00375676

-1.02777 0.00375676
-1.02747 0.00375035

-1.02747 0.00375035
-1.02716 0.00374396

-1.02716 0.00374396
-1.02686 0.00373759

-1.02686 0.00373759
-1.02655 0.00373125

-1.02655 0.00373125
-1.02625 0.00372493

-1.02625 0.00372493
-1.02594 0.00371864

-1.02594 0.00371864
-1.02563 0.00371237

-1.02563 0.00371237
-1.02533 0.00370612

-1.02533 0.00370612
-1.02502 0.00369991

-1.02502 0.00369991
-1.02472 0.00369372

-1.02472 0.00369372
-1.02441 0.00368756

-1.02441 0.00368756
-1.02411 0.00368144

-1.02411 0.00368144
-1.0238 0.00367533

-1.0238 0.00367535
-1.0235 0.00366921

-1.0235 0.00366924
-1.02319 0.003663

-1.02289 0.00365663
-1.02315 0.00366211

-1.02289 0.00365663
-1.02258 0.00365037

-1.02258 0.00365037
-1.02228 0.00364418

-1.02228 0.00364418
-1.02197 0.00363803

-1.02319 0.00366303
-1.02315 0.00366211

-1.02197 0.00363803
-1.02167 0.00363193

-1.02167 0.00363193
-1.02136 0.00362586

-1.02136 0.00362586
-1.02106 0.00361982

-1.02106 0.00361982
-1.02075 0.00361381

-1.02075 0.00361381
-1.02045 0.00360783

-1.02045 0.00360783
-1.02014 0.00360188

-1.02014 0.00360188
-1.01984 0.00359596

-1.01984 0.00359596
-1.01953 0.00359006

-1.01953 0.00359006
-1.01923 0.0035842

-1.01923 0.0035842
-1.01892 0.00357836

-1.01892 0.00357836
-1.01862 0.00357255

-1.01862 0.00357255
-1.01831 0.00356676

-1.01831 0.00356676
-1.01801 0.00356101

-1.01801 0.00356101
-1.0177 0.00355528

-1.0177 0.00355528
-1.0174 0.00354958

-1.0174 0.00354958
-1.01709 0.0035439

-1.01709 0.0035439
-1.01678 0.00353825

-1.01678 0.00353825
-1.01648 0.00353263

-1.01648 0.00353263
-1.01617 0.00352703

-1.01617 0.00352703
-1.01587 0.00352144

-1.01587 0.00352145
-1.01556 0.00351586

-1.01556 0.00351585
-1.01526 0.00351029

-1.01526 0.00351027
-1.01495 0.00350477

-1.01495 0.00350478
-1.01465 0.00349933

-1.01465 0.00349933
-1.01434 0.00349391

-1.01434 0.00349391
-1.01404 0.00348851

-1.01404 0.00348851
-1.01373 0.00348314

-1.01373 0.00348314
-1.01343 0.00347779

-1.01343 0.00347779
-1.01312 0.00347247

-1.01312 0.00347247
-1.01282 0.00346718

-1.01282 0.00346718
-1.01251 0.00346191

-1.01251 0.00346191
-1.01221 0.00345667

-1.01221 0.00345667
-1.0119 0.00345146

-1.0119 0.00345146
-1.0116 0.00344626

-1.0116 0.00344626
-1.01129 0.00344109

-1.01129 0.00344109
-1.01099 0.00343594

-1.01099 0.00343594
-1.01068 0.00343081

-1.01068 0.00343081
-1.01038 0.00342569

-1.01038 0.00342569
-1.01007 0.00342059

-1.01007 0.0034206
-1.00977 0.00341551

-1.00977 0.00341551
-1.00946 0.00341043

-1.00946 0.00341043
-1.00916 0.00340536

-1.00916 0.00340536
-1.00885 0.00340029

-1.00885 0.00340029
-1.00854 0.00339521

-1.00854 0.00339521
-1.00824 0.00339012

-1.00824 0.00339012
-1.00793 0.003385

-1.00793 0.00338501
-1.00763 0.00337986

-1.00763 0.00337986
-1.00732 0.00337468

-1.00732 0.00337468
-1.00702 0.00336944

-1.00702 0.00336945
-1.00671 0.00336411

-1.00671 0.00336412
-1.00641 0.00335863

-1.0061 0.00335296
-1.00632 0.00335693

-1.00641 0.00335866
-1.00631 0.00335693

-1.0061 0.00335295
-1.0058 0.00334733

-1.0058 0.00334734
-1.00549 0.00334177

-1.00549 0.00334177
-1.00519 0.00333622

-1.00519 0.00333622
-1.00488 0.0033307

-1.00488 0.0033307
-1.00458 0.00332521

-1.00458 0.00332521
-1.00427 0.00331974

-1.00427 0.00331974
-1.00397 0.00331429

-1.00397 0.00331429
-1.00366 0.00330887

-1.00366 0.00330887
-1.00336 0.00330346

-1.00336 0.00330346
-1.00305 0.00329807

-1.00305 0.00329807
-1.00275 0.0032927

-1.00275 0.0032927
-1.00244 0.00328735

-1.00244 0.00328735
-1.00214 0.00328201

-1.00214 0.00328201
-1.00183 0.00327669

-1.00183 0.00327669
-1.00153 0.00327139

-1.00153 0.00327139
-1.00122 0.0032661

-1.00122 0.0032661
-1.00092 0.00326083

-1.00092 0.00326083
-1.00061 0.00325558

-1.00061 0.00325558
-1.00031 0.00325034

-1.00031 0.00325034
-1.0 0.00324511

-1.15914 0.3125
-1.159 0.312645

-1.159 0.312645
-1.15884 0.312805

-1.15884 0.312805
-1.15869 0.312954

-1.15869 0.312954
-1.15854 0.31311

-1.15854 0.31311
-1.15839 0.313263

-1.15839 0.313263
-1.15824 0.313416

-1.15824 0.313416
-1.15808 0.313572

-1.15808 0.313572
-1.15793 0.313721

-1.15793 0.313721
-1.15778 0.313881

-1.15778 0.31388
-1.15763 0.314026

-1.15763 0.314026
-1.15747 0.314189

-1.15747 0.314189
-1.15733 0.314331

-1.15733 0.314331
-1.15717 0.314497

-1.15717 0.314497
-1.15703 0.314636

-1.15703 0.314636
-1.15686 0.314806

-1.15686 0.314805
-1.15673 0.314941

-1.15673 0.314941
-1.15656 0.315114

-1.15656 0.315113
-1.15642 0.315247

-1.15642 0.315247
-1.15625 0.315421

-1.15625 0.315421
-1.15612 0.315552

-1.15612 0.315552
-1.15594 0.315729

-1.15594 0.315729
-1.15582 0.315857

-1.15582 0.315857
-1.15564 0.316037

-1.15564 0.316036
-1.15551 0.316162

-1.15551 0.316162
-1.15533 0.316344

-1.15533 0.316344
-1.15521 0.316467

-1.15521 0.316467
-1.15503 0.316651

-1.15503 0.316651
-1.15491 0.316772

-1.15491 0.316772
-1.15472 0.316958

-1.15472 0.316958
-1.15461 0.317078

-1.15461 0.317078
-1.15442 0.317265

-1.15442 0.317265
-1.1543 0.317383

-1.1543 0.317383
-1.15411 0.317572

-1.15411 0.317572
-1.154 0.317688

-1.154 0.317688
-1.15381 0.317878

-1.15381 0.317878
-1.15369 0.317993

-1.15369 0.317993
-1.1535 0.318185

-1.1535 0.318185
-1.15339 0.318298

-1.15339 0.318298
-1.1532 0.318491

-1.1532 0.318491
-1.15309 0.318604

-1.15309 0.318604
-1.15289 0.318797

-1.15289 0.318797
-1.15278 0.318909

-1.15278 0.318909
-1.15259 0.319103

-1.15259 0.319103
-1.15248 0.319214

-1.15248 0.319214
-1.15228 0.319409

-1.15228 0.319409
-1.15217 0.319519

-1.15217 0.319519
-1.15198 0.319715

-1.15198 0.319714
-1.15187 0.319824

-1.15187 0.319824
-1.15167 0.32002

-1.15167 0.32002
-1.15156 0.320129

-1.15156 0.320129
-1.15137 0.320325

-1.15137 0.320325
-1.15126 0.320435

-1.15126 0.320435
-1.15106 0.320631

-1.15106 0.320631
-1.15095 0.32074

-1.15095 0.32074
-1.15076 0.320936

-1.15076 0.320936
-1.15065 0.321045

-1.15065 0.321045
-1.15045 0.321241

-1.15045 0.321241
-1.15034 0.32135

-1.15034 0.32135
-1.15015 0.321545

-1.15015 0.321545
-1.15004 0.321655

-1.15004 0.321655
-1.14984 0.32185

-1.14984 0.32185
-1.14973 0.32196

-1.14973 0.32196
-1.14954 0.322154

-1.14954 0.322154
-1.14942 0.322266

-1.14942 0.322266
-1.14923 0.322459

-1.14923 0.322459
-1.14912 0.322571

-1.14912 0.322571
-1.14893 0.322763

-1.14893 0.322763
-1.14881 0.322876

-1.14881 0.322876
-1.14862 0.323067

-1.14862 0.323067
-1.14851 0.323181

-1.14851 0.323181
-1.14832 0.323371

-1.14832 0.323371
-1.1482 0.323486

-1.1482 0.323486
-1.14801 0.323674

-1.14801 0.323674
-1.14789 0.323792

-1.14789 0.323792
-1.14771 0.323978

-1.14771 0.323978
-1.14759 0.324097

-1.14759 0.324097
-1.1474 0.324281

-1.1474 0.324281
-1.14728 0.324402

-1.14728 0.324402
-1.14709 0.324584

-1.14709 0.324585
-1.14697 0.324707

-1.14697 0.324707
-1.14679 0.324888

-1.14679 0.324888
-1.14666 0.325012

-1.14666 0.325012
-1.14648 0.32519

-1.14648 0.325191
-1.14636 0.325317

-1.14636 0.325317
-1.14618 0.325493

-1.14618 0.325493
-1.14605 0.325623

-1.14605 0.325623
-1.14587 0.325796

-1.14587 0.325796
-1.14574 0.325928

-1.14574 0.325928
-1.14557 0.326098

-1.14557 0.326099
-1.14543 0.326233

-1.14543 0.326233
-1.14526 0.326401

-1.14526 0.326401
-1.14513 0.326538

-1.14513 0.326538
-1.14496 0.326703

-1.14496 0.326703
-1.14482 0.326843

-1.14482 0.326843
-1.14465 0.327005

-1.14465 0.327005
-1.14451 0.327148

-1.14451 0.327148
-1.14435 0.327307

-1.14435 0.327307
-1.1442 0.327454

-1.1442 0.327454
-1.14404 0.327609

-1.14404 0.327609
-1.14389 0.327759

-1.14389 0.327759
-1.14374 0.32791

-1.14374 0.327911
-1.14358 0.328064

-1.14358 0.328064
-1.14343 0.328212

-1.14343 0.328212
-1.14327 0.328369

-1.14327 0.328369
-1.14313 0.328513

-1.14313 0.328513
-1.14296 0.328674

-1.14296 0.328674
-1.14282 0.328814

-1.14282 0.328815
-1.14265 0.328979

-1.14265 0.328979
-1.14252 0.329115

-1.14252 0.329116
-1.14235 0.329285

-1.14235 0.329285
-1.14221 0.329416

-1.14221 0.329416
-1.14204 0.32959

-1.14204 0.32959
-1.14191 0.329717

-1.14191 0.329717
-1.14173 0.329895

-1.14173 0.329895
-1.1416 0.330017

-1.1416 0.330018
-1.14142 0.3302

-1.14142 0.3302
-1.1413 0.330318

-1.1413 0.330318
-1.14111 0.330505

-1.14111 0.330505
-1.14099 0.330618

-1.14099 0.330619
-1.1408 0.330811

-1.1408 0.330811
-1.14069 0.330918

-1.14069 0.330919
-1.14049 0.331116

-1.14049 0.331116
-1.14038 0.331218

-1.14038 0.331219
-1.14017 0.331421

-1.14017 0.331421
-1.14008 0.331518

-1.14008 0.331519
-1.13986 0.331726

-1.13986 0.331726
-1.13977 0.331818

-1.13977 0.331818
-1.13955 0.332031

-1.13955 0.332031
-1.13947 0.332118

-1.13947 0.332118
-1.13924 0.332336

-1.13924 0.332336
-1.13916 0.332417

-1.13916 0.332418
-1.13893 0.332642

-1.13893 0.332642
-1.13885 0.332716

-1.13885 0.332717
-1.13862 0.332947

-1.13862 0.332947
-1.13855 0.333015

-1.13855 0.333016
-1.13831 0.333252

-1.13831 0.333252
-1.13824 0.333314

-1.13824 0.333315
-1.138 0.333557

-1.138 0.333557
-1.13794 0.333613

-1.13794 0.333614
-1.13768 0.333862

-1.13769 0.333862
-1.13763 0.333912

-1.13763 0.333913
-1.13737 0.334167

-1.13737 0.334167
-1.13733 0.334211

-1.13733 0.334211
-1.13706 0.334473

-1.13706 0.334473
-1.13702 0.334509

-1.13702 0.334509
-1.13675 0.334778

-1.13675 0.334778
-1.13672 0.334807

-1.13672 0.334807
-1.13644 0.335083

-1.13644 0.335083
-1.13641 0.335105

-1.13641 0.335106
-1.13612 0.335388

-1.13612 0.335388
-1.13611 0.335403

-1.13611 0.335404
-1.13581 0.335693

-1.13581 0.335693
-1.1358 0.335701

-1.1358 0.335701
-1.1355 0.335999

-1.1355 0.335999
-1.1355 0.335999

-1.1355 0.335999
-1.13519 0.336297

-1.13519 0.336297
-1.13519 0.336304

-1.13519 0.336304
-1.13489 0.336594

-1.13489 0.336594
-1.13487 0.336609

-1.13487 0.336609
-1.13458 0.336891

-1.13458 0.336891
-1.13456 0.336914

-1.13456 0.336914
-1.13428 0.337188

-1.13428 0.337189
-1.13425 0.337219

-1.13425 0.337219
-1.13397 0.337485

-1.13397 0.337486
-1.13393 0.337524

-1.13393 0.337524
-1.13367 0.337782

-1.13367 0.337782
-1.13362 0.33783

-1.13362 0.33783
-1.13336 0.338079

-1.13336 0.338079
-1.1333 0.338135

-1.13331 0.338135
-1.13306 0.338375

-1.13306 0.338376
-1.13299 0.33844

-1.13299 0.33844
-1.13275 0.338671

-1.13275 0.338672
-1.13268 0.338745

-1.13268 0.338745
-1.13245 0.338968

-1.13245 0.338969
-1.13236 0.33905

-1.13236 0.33905
-1.13214 0.339264

-1.13214 0.339265
-1.13205 0.339355

-1.13205 0.339355
-1.13184 0.33956

-1.13184 0.339561
-1.13173 0.339661

-1.13173 0.339661
-1.13153 0.339856

-1.13153 0.339857
-1.13142 0.339966

-1.13142 0.339966
-1.13123 0.340152

-1.13123 0.340153
-1.1311 0.340271

-1.1311 0.340271
-1.13092 0.340448

-1.13092 0.340448
-1.13079 0.340576

-1.13079 0.340576
-1.13062 0.340743

-1.13062 0.340744
-1.13047 0.340881

-1.13047 0.340881
-1.13031 0.341038

-1.13031 0.341039
-1.13016 0.341187

-1.13016 0.341187
-1.13 0.341334

-1.13 0.341334
-1.12984 0.341492

-1.12984 0.341492
-1.1297 0.341629

-1.1297 0.34163
-1.12953 0.341797

-1.12953 0.341797
-1.12939 0.341924

-1.12939 0.341925
-1.12921 0.342102

-1.12921 0.342102
-1.12909 0.342219

-1.12909 0.342219
-1.12889 0.342407

-1.12889 0.342407
-1.12878 0.342513

-1.12878 0.342514
-1.12858 0.342712

-1.12858 0.342712
-1.12848 0.342808

-1.12848 0.342809
-1.12826 0.343018

-1.12826 0.343018
-1.12817 0.343102

-1.12817 0.343103
-1.12794 0.343323

-1.12795 0.343323
-1.12787 0.343396

-1.12787 0.343398
-1.12763 0.343628

-1.12763 0.343628
-1.12756 0.343691

-1.12756 0.343691
-1.12731 0.343933

-1.12731 0.343933
-1.12726 0.343985

-1.12726 0.343985
-1.12699 0.344238

-1.12699 0.344238
-1.12695 0.344278

-1.12695 0.344279
-1.12668 0.344543

-1.12668 0.344543
-1.12665 0.344572

-1.12665 0.344572
-1.12636 0.344849

-1.12636 0.344849
-1.12634 0.344866

-1.12634 0.344866
-1.12604 0.345154

-1.12604 0.345154
-1.12604 0.345159

-1.12604 0.345159
-1.12573 0.345453

-1.12573 0.345453
-1.12573 0.345459

-1.12573 0.345459
-1.12543 0.345746

-1.12543 0.345746
-1.12541 0.345764

-1.12541 0.345764
-1.12512 0.346039

-1.12512 0.346039
-1.12509 0.346069

-1.12509 0.346069
-1.12482 0.346332

-1.12482 0.346332
-1.12477 0.346375

-1.12477 0.346375
-1.12451 0.346624

-1.12451 0.346625
-1.12445 0.34668

-1.12445 0.34668
-1.12421 0.346916

-1.12421 0.346917
-1.12414 0.346985

-1.12414 0.346985
-1.1239 0.347209

-1.1239 0.34721
-1.12382 0.34729

-1.12382 0.34729
-1.1236 0.347501

-1.1236 0.347502
-1.1235 0.347595

-1.1235 0.347595
-1.12329 0.347793

-1.12329 0.347795
-1.12318 0.3479

-1.12318 0.3479
-1.12299 0.348086

-1.12299 0.348087
-1.12286 0.348206

-1.12286 0.348206
-1.12268 0.348378

-1.12268 0.348379
-1.12254 0.348511

-1.12254 0.348511
-1.12238 0.34867

-1.12238 0.348671
-1.12222 0.348816

-1.12222 0.348816
-1.12207 0.348961

-1.12207 0.348962
-1.1219 0.349121

-1.1219 0.349121
-1.12177 0.349253

-1.12177 0.349254
-1.12158 0.349426

-1.12158 0.349426
-1.12146 0.349544

-1.12146 0.349546
-1.12126 0.349731

-1.12126 0.349731
-1.12115 0.349836

-1.12115 0.349837
-1.12094 0.350037

-1.12094 0.350037
-1.12085 0.350127

-1.12085 0.350128
-1.12062 0.350342

-1.12062 0.350342
-1.12054 0.350418

-1.12054 0.350419
-1.1203 0.350647

-1.1203 0.350647
-1.12024 0.350709

-1.12024 0.35071
-1.11998 0.350952

-1.11998 0.350952
-1.11993 0.351

-1.11993 0.351
-1.11966 0.351257

-1.11966 0.351257
-1.11963 0.351291

-1.11963 0.351291
-1.11934 0.351562

-1.11934 0.351562
-1.11932 0.351581

-1.11932 0.351581
-1.11902 0.351868

-1.11902 0.351868
-1.11902 0.351871

-1.11902 0.351872
-1.11871 0.352162

-1.11871 0.352162
-1.1187 0.352173

-1.1187 0.352173
-1.11841 0.352452

-1.11841 0.352452
-1.11838 0.352478

-1.11838 0.352478
-1.1181 0.352742

-1.1181 0.352742
-1.11806 0.352783

-1.11806 0.352783
-1.1178 0.353032

-1.1178 0.353032
-1.11774 0.353088

-1.11774 0.353088
-1.11749 0.353321

-1.11749 0.353322
-1.11742 0.353394

-1.11742 0.353394
-1.11719 0.35361

-1.11719 0.353612
-1.1171 0.353699

-1.1171 0.353699
-1.11688 0.3539

-1.11688 0.353901
-1.11677 0.354004

-1.11677 0.354004
-1.11658 0.354189

-1.11658 0.354191
-1.11645 0.354309

-1.11645 0.354309
-1.11627 0.354479

-1.11627 0.35448
-1.11613 0.354614

-1.11613 0.354614
-1.11597 0.354768

-1.11597 0.354769
-1.11581 0.354919

-1.11581 0.354919
-1.11566 0.355057

-1.11566 0.355058
-1.11548 0.355225

-1.11549 0.355225
-1.11536 0.355346

-1.11536 0.355347
-1.11516 0.35553

-1.11516 0.35553
-1.11505 0.355635

-1.11505 0.355636
-1.11484 0.355835

-1.11484 0.355835
-1.11475 0.355923

-1.11475 0.355925
-1.11452 0.35614

-1.11452 0.35614
-1.11444 0.356212

-1.11444 0.356213
-1.11419 0.356445

-1.11419 0.356445
-1.11414 0.3565

-1.11414 0.356501
-1.11387 0.35675

-1.11387 0.35675
-1.11383 0.356789

-1.11383 0.356789
-1.11355 0.357056

-1.11355 0.357056
-1.11353 0.357077

-1.11353 0.357077
-1.11322 0.357361

-1.11322 0.357361
-1.11322 0.357365

-1.11322 0.357365
-1.11292 0.357653

-1.11292 0.357653
-1.1129 0.357666

-1.1129 0.357666
-1.11261 0.357941

-1.11261 0.357941
-1.11258 0.357971

-1.11258 0.357971
-1.1123 0.358228

-1.1123 0.358228
-1.11225 0.358276

-1.11225 0.358276
-1.112 0.358515

-1.112 0.358516
-1.11193 0.358582

-1.11193 0.358582
-1.11169 0.358802

-1.11169 0.358803
-1.11161 0.358887

-1.11161 0.358887
-1.11139 0.359089

-1.11139 0.359091
-1.11128 0.359192

-1.11128 0.359192
-1.11108 0.359377

-1.11108 0.359378
-1.11096 0.359497

-1.11096 0.359497
-1.11078 0.359664

-1.11078 0.359665
-1.11063 0.359802

-1.11063 0.359802
-1.11047 0.359951

-1.11047 0.359952
-1.11031 0.360107

-1.11031 0.360107
-1.11017 0.360238

-1.11017 0.360239
-1.10998 0.360413

-1.10998 0.360413
-1.10986 0.360524

-1.10986 0.360526
-1.10966 0.360718

-1.10966 0.360718
-1.10956 0.360811

-1.10956 0.360812
-1.10933 0.361023

-1.10933 0.361023
-1.10925 0.361097

-1.10925 0.361098
-1.10901 0.361328

-1.10901 0.361328
-1.10895 0.361383

-1.10895 0.361384
-1.10868 0.361633

-1.10868 0.361633
-1.10864 0.36167

-1.10864 0.36167
-1.10836 0.361938

-1.10836 0.361938
-1.10834 0.361956

-1.10834 0.361956
-1.10803 0.362242

-1.10803 0.362242
-1.10803 0.362244

-1.10803 0.362244
-1.10773 0.362528

-1.10773 0.362528
-1.1077 0.362549

-1.1077 0.362549
-1.10742 0.362813

-1.10742 0.362813
-1.10738 0.362854

-1.10738 0.362854
-1.10712 0.363099

-1.10712 0.363099
-1.10705 0.363159

-1.10705 0.363159
-1.10681 0.363384

-1.10681 0.363385
-1.10673 0.363464

-1.10673 0.363464
-1.10651 0.363668

-1.10651 0.36367
-1.1064 0.36377

-1.1064 0.36377
-1.1062 0.363954

-1.1062 0.363955
-1.10607 0.364075

-1.10607 0.364075
-1.1059 0.364239

-1.1059 0.36424
-1.10575 0.36438

-1.10575 0.36438
-1.10559 0.364524

-1.10559 0.364526
-1.10542 0.364685

-1.10542 0.364685
-1.10529 0.364809

-1.10529 0.364811
-1.10509 0.36499

-1.10509 0.36499
-1.10498 0.365094

-1.10498 0.365095
-1.10476 0.365295

-1.10476 0.365295
-1.10468 0.365378

-1.10468 0.365379
-1.10444 0.365601

-1.10444 0.365601
-1.10437 0.365663

-1.10437 0.365663
-1.10411 0.365906

-1.10411 0.365906
-1.10406 0.365947

-1.10406 0.365948
-1.10378 0.366211

-1.10378 0.366211
-1.10376 0.366231

-1.10376 0.366232
-1.10345 0.366516

-1.10345 0.366516
-1.10315 0.3668

-1.10315 0.3668
-1.10313 0.366821

-1.10313 0.366821
-1.10284 0.367084

-1.10284 0.367084
-1.1028 0.367126

-1.1028 0.367126
-1.10254 0.367367

-1.10254 0.367368
-1.10247 0.367432

-1.10247 0.367432
-1.10223 0.36765

-1.10223 0.367651
-1.10214 0.367737

-1.10214 0.367737
-1.10193 0.367933

-1.10193 0.367935
-1.10181 0.368042

-1.10181 0.368042
-1.10162 0.368217

-1.10162 0.368219
-1.10148 0.368347

-1.10148 0.368347
-1.10132 0.3685

-1.10132 0.368502
-1.10116 0.368652

-1.10116 0.368652
-1.10101 0.368784

-1.10101 0.368785
-1.10083 0.368958

-1.10083 0.368958
-1.10071 0.369067

-1.10071 0.369069
-1.1005 0.369263

-1.1005 0.369263
-1.1004 0.36935

-1.1004 0.369351
-1.10017 0.369568

-1.10017 0.369568
-1.1001 0.369633

-1.1001 0.369633
-1.09984 0.369873

-1.09984 0.369873
-1.09979 0.369916

-1.09979 0.369916
-1.09951 0.370178

-1.09951 0.370178
-1.09949 0.370198

-1.09949 0.370199
-1.09918 0.370481

-1.09918 0.370481
-1.09918 0.370483

-1.09918 0.370483
-1.09888 0.370763

-1.09888 0.370763
-1.09885 0.370789

-1.09885 0.370789
-1.09857 0.371046

-1.09857 0.371046
-1.09852 0.371094

-1.09852 0.371094
-1.09827 0.371328

-1.09827 0.371328
-1.09819 0.371399

-1.09819 0.371399
-1.09796 0.371609

-1.09796 0.37161
-1.09786 0.371704

-1.09786 0.371704
-1.09766 0.37189

-1.09766 0.371892
-1.09753 0.372009

-1.09753 0.372009
-1.09735 0.372172

-1.09735 0.372174
-1.0972 0.372314

-1.0972 0.372314
-1.09705 0.372454

-1.09705 0.372456
-1.09687 0.37262

-1.09687 0.37262
-1.09674 0.372736

-1.09674 0.372738
-1.09654 0.372925

-1.09654 0.372925
-1.09644 0.373018

-1.09644 0.373019
-1.09621 0.37323

-1.09621 0.37323
-1.09613 0.373299

-1.09613 0.3733
-1.09587 0.373535

-1.09587 0.373535
-1.09583 0.37358

-1.09583 0.373581
-1.09554 0.37384

-1.09554 0.37384
-1.09552 0.373861

-1.09552 0.373862
-1.09521 0.374143

-1.09521 0.374143
-1.09521 0.374146

-1.09521 0.374146
-1.09491 0.374424

-1.09491 0.374424
-1.09488 0.374451

-1.09488 0.374451
-1.0946 0.374704

-1.0946 0.374704
-1.09455 0.374756

-1.09455 0.374756
-1.0943 0.374985

-1.0943 0.374985
-1.09422 0.375061

-1.09422 0.375061
-1.09399 0.375265

-1.09399 0.375266
-1.09388 0.375366

-1.09389 0.375366
-1.09369 0.375545

-1.09369 0.375547
-1.09355 0.375671

-1.09355 0.375671
-1.09338 0.375825

-1.09338 0.375827
-1.09322 0.375977

-1.09322 0.375977
-1.09308 0.376106

-1.09308 0.376108
-1.09289 0.376282

-1.09289 0.376282
-1.09277 0.376386

-1.09277 0.376388
-1.09255 0.376587

-1.09255 0.376587
-1.09247 0.376666

-1.09247 0.376667
-1.09222 0.376892

-1.09222 0.376892
-1.09216 0.376946

-1.09216 0.376947
-1.09189 0.377197

-1.09189 0.377197
-1.09186 0.377226

-1.09186 0.377226
-1.09156 0.377502

-1.09156 0.377502
-1.09155 0.377506

-1.09155 0.377506
-1.09125 0.377785

-1.09125 0.377785
-1.09122 0.377808

-1.09122 0.377808
-1.09094 0.378065

-1.09094 0.378065
-1.09089 0.378113

-1.09089 0.378113
-1.09064 0.378344

-1.09064 0.378344
-1.09056 0.378418

-1.09056 0.378418
-1.09033 0.378623

-1.09033 0.378624
-1.09022 0.378723

-1.09022 0.378723
-1.09003 0.378901

-1.09003 0.378903
-1.08989 0.379028

-1.08989 0.379028
-1.08972 0.379181

-1.08972 0.379183
-1.08955 0.379333

-1.08956 0.379333
-1.08942 0.37946

-1.08942 0.379462
-1.08922 0.379639

-1.08922 0.379639
-1.08911 0.379739

-1.08911 0.37974
-1.08889 0.379944

-1.08889 0.379944
-1.08881 0.380017

-1.08881 0.380018
-1.08855 0.380249

-1.08855 0.380249
-1.0885 0.380296

-1.0885 0.380296
-1.08822 0.380554

-1.08822 0.380554
-1.0882 0.380574

-1.0882 0.380575
-1.08789 0.380853

-1.08789 0.380853
-1.08788 0.380859

-1.08788 0.380859
-1.08759 0.381131

-1.08759 0.381131
-1.08755 0.381165

-1.08755 0.381165
-1.08728 0.38141

-1.08728 0.38141
-1.08721 0.38147

-1.08721 0.38147
-1.08698 0.381687

-1.08698 0.381688
-1.08688 0.381775

-1.08688 0.381775
-1.08667 0.381964

-1.08667 0.381966
-1.08654 0.38208

-1.08654 0.38208
-1.08636 0.382242

-1.08636 0.382244
-1.08621 0.382385

-1.08621 0.382385
-1.08606 0.38252

-1.08606 0.382522
-1.08587 0.38269

-1.08587 0.38269
-1.08575 0.382798

-1.08575 0.3828
-1.08554 0.382996

-1.08554 0.382996
-1.08545 0.383076

-1.08545 0.383076
-1.0852 0.383301

-1.0852 0.383301
-1.08514 0.383353

-1.08514 0.383354
-1.08487 0.383606

-1.08487 0.383606
-1.08484 0.38363

-1.08484 0.383631
-1.08453 0.383908

-1.08453 0.383908
-1.08453 0.383911

-1.08453 0.383911
-1.08423 0.384185

-1.08423 0.384185
-1.08419 0.384216

-1.08419 0.384216
-1.08392 0.384462

-1.08392 0.384462
-1.08386 0.384521

-1.08386 0.384521
-1.08362 0.384739

-1.08362 0.384739
-1.08352 0.384827

-1.08352 0.384827
-1.08331 0.385014

-1.08331 0.385016
-1.08318 0.385132

-1.08319 0.385132
-1.08301 0.385291

-1.08301 0.385293
-1.08285 0.385437

-1.08285 0.385437
-1.0827 0.385568

-1.0827 0.38557
-1.08251 0.385742

-1.08251 0.385742
-1.0824 0.385845

-1.0824 0.385846
-1.08217 0.386047

-1.08217 0.386047
-1.08209 0.386121

-1.08209 0.386122
-1.08184 0.386353

-1.08184 0.386353
-1.08179 0.386397

-1.08179 0.386398
-1.0815 0.386658

-1.0815 0.386658
-1.08148 0.386673

-1.08148 0.386674
-1.08118 0.38695

-1.08118 0.38695
-1.08116 0.386963

-1.08116 0.386963
-1.08087 0.387226

-1.08087 0.387226
-1.08082 0.387268

-1.08082 0.387268
-1.08057 0.387502

-1.08057 0.387502
-1.08049 0.387573

-1.08049 0.387573
-1.08026 0.387777

-1.08026 0.387778
-1.08015 0.387878

-1.08015 0.387878
-1.07996 0.388052

-1.07996 0.388054
-1.07981 0.388184

-1.07981 0.388184
-1.07965 0.388327

-1.07965 0.38833
-1.07947 0.388489

-1.07947 0.388489
-1.07935 0.388603

-1.07935 0.388605
-1.07913 0.388794

-1.07913 0.388794
-1.07904 0.388879

-1.07904 0.38888
-1.0788 0.389099

-1.0788 0.389099
-1.07874 0.389154

-1.07874 0.389154
-1.07846 0.389404

-1.07846 0.389404
-1.07843 0.389429

-1.07843 0.389429
-1.07812 0.389704

-1.07812 0.389704
-1.07812 0.389709

-1.07812 0.389709
-1.07782 0.389979

-1.07782 0.389979
-1.07778 0.390015

-1.07778 0.390015
-1.07751 0.390254

-1.07751 0.390254
-1.07744 0.39032

-1.07744 0.39032
-1.07721 0.390528

-1.07721 0.390529
-1.0771 0.390625

-1.0771 0.390625
-1.0769 0.390802

-1.0769 0.390804
-1.07676 0.39093

-1.07676 0.39093
-1.0766 0.391077

-1.0766 0.391079
-1.07642 0.391235

-1.07642 0.391235
-1.07629 0.391352

-1.07629 0.391353
-1.07608 0.391541

-1.07608 0.391541
-1.07599 0.391626

-1.07599 0.391627
-1.07574 0.391846

-1.07574 0.391846
-1.07568 0.3919

-1.07568 0.391901
-1.07541 0.392151

-1.0754 0.392151
-1.07538 0.392174

-1.07538 0.392175
-1.07507 0.392449

-1.07507 0.392449
-1.07507 0.392456

-1.07507 0.392456
-1.07477 0.392723

-1.07477 0.392723
-1.07473 0.392761

-1.07473 0.392761
-1.07446 0.392997

-1.07446 0.392997
-1.07438 0.393066

-1.07439 0.393066
-1.07416 0.39327

-1.07416 0.393271
-1.07404 0.393372

-1.07405 0.393372
-1.07385 0.393542

-1.07385 0.393545
-1.0737 0.393677

-1.0737 0.393677
-1.07355 0.393816

-1.07355 0.393819
-1.07336 0.393982

-1.07336 0.393982
-1.07324 0.39409

-1.07324 0.394092
-1.07302 0.394287

-1.07302 0.394287
-1.07294 0.394363

-1.07294 0.394364
-1.07268 0.394592

-1.07268 0.394592
-1.07263 0.394637

-1.07263 0.394637
-1.07234 0.394897

-1.07234 0.394897
-1.07233 0.39491

-1.07233 0.39491
-1.07202 0.395183

-1.07202 0.395183
-1.072 0.395203

-1.072 0.395203
-1.07172 0.395456

-1.07172 0.395456
-1.07166 0.395508

-1.07166 0.395508
-1.07141 0.395729

-1.07141 0.395729
-1.07132 0.395813

-1.07132 0.395813
-1.07111 0.396001

-1.07111 0.396002
-1.07098 0.396118

-1.07098 0.396118
-1.0708 0.396273

-1.0708 0.396276
-1.07063 0.396423

-1.07063 0.396423
-1.0705 0.396546

-1.0705 0.396548
-1.07029 0.396729

-1.07029 0.396729
-1.07019 0.396819

-1.07019 0.39682
-1.06995 0.397034

-1.06995 0.397034
-1.06989 0.397091

-1.06989 0.397092
-1.06961 0.397339

-1.06961 0.397339
-1.06958 0.397363

-1.06958 0.397364
-1.06927 0.397636

-1.06927 0.397636
-1.06927 0.397644

-1.06927 0.397644
-1.06897 0.397908

-1.06897 0.397908
-1.06892 0.397949

-1.06892 0.397949
-1.06866 0.39818

-1.06866 0.39818
-1.06858 0.398254

-1.06858 0.398254
-1.06836 0.398451

-1.06836 0.398452
-1.06824 0.39856

-1.06824 0.39856
-1.06805 0.398722

-1.06805 0.398725
-1.0679 0.398865

-1.0679 0.398865
-1.06775 0.398994

-1.06775 0.398997
-1.06755 0.39917

-1.06755 0.39917
-1.06744 0.399266

-1.06744 0.399267
-1.06721 0.399475

-1.06721 0.399475
-1.06714 0.399538

-1.06714 0.399538
-1.06687 0.39978

-1.06687 0.39978
-1.06683 0.399809

-1.06683 0.39981
-1.06653 0.400081

-1.06653 0.400081
-1.06652 0.400085

-1.06652 0.400085
-1.06622 0.400352

-1.06622 0.400352
-1.06618 0.400391

-1.06618 0.400391
-1.06592 0.400623

-1.06592 0.400624
-1.06584 0.400696

-1.06584 0.400696
-1.06561 0.400894

-1.06561 0.400895
-1.06549 0.401001

-1.06549 0.401001
-1.06531 0.401164

-1.06531 0.401166
-1.06515 0.401306

-1.06515 0.401306
-1.065 0.401435

-1.065 0.401437
-1.0648 0.401611

-1.0648 0.401611
-1.0647 0.401706

-1.0647 0.401707
-1.06446 0.401917

-1.06446 0.401917
-1.06439 0.401977

-1.06439 0.401978
-1.06412 0.402222

-1.06412 0.402222
-1.06409 0.402247

-1.06409 0.402248
-1.06378 0.402518

-1.06378 0.402518
-1.06377 0.402527

-1.06377 0.402527
-1.06348 0.402789

-1.06348 0.402789
-1.06343 0.402832

-1.06343 0.402832
-1.06317 0.403059

-1.06317 0.403059
-1.06308 0.403137

-1.06308 0.403137
-1.06287 0.403329

-1.06287 0.40333
-1.06274 0.403442

-1.06274 0.403442
-1.06256 0.403598

-1.06256 0.403601
-1.06239 0.403748

-1.06239 0.403748
-1.06226 0.403868

-1.06226 0.40387
-1.06205 0.404053

-1.06205 0.404053
-1.06195 0.404139

-1.06195 0.40414
-1.0617 0.404358

-1.0617 0.404358
-1.06165 0.404409

-1.06165 0.404409
-1.06136 0.404663

-1.06136 0.404663
-1.06134 0.404678

-1.06134 0.404679
-1.06104 0.404949

-1.06104 0.404949
-1.06101 0.404968

-1.06101 0.404968
-1.06073 0.405218

-1.06073 0.405218
-1.06067 0.405273

-1.06067 0.405273
-1.06042 0.405487

-1.06042 0.405488
-1.06032 0.405579

-1.06032 0.405579
-1.06012 0.405756

-1.06012 0.405758
-1.05998 0.405884

-1.05998 0.405884
-1.05981 0.406025

-1.05981 0.406028
-1.05963 0.406189

-1.05963 0.406189
-1.05951 0.406295

-1.05951 0.406296
-1.05928 0.406494

-1.05928 0.406494
-1.0592 0.406564

-1.0592 0.406565
-1.05894 0.406799

-1.05894 0.406799
-1.0589 0.406833

-1.0589 0.406834
-1.05859 0.407103

-1.05859 0.407103
-1.05859 0.407104

-1.05859 0.407104
-1.05829 0.407371

-1.05829 0.407371
-1.05825 0.40741

-1.05825 0.40741
-1.05798 0.40764

-1.05798 0.40764
-1.0579 0.407715

-1.0579 0.407715
-1.05768 0.407908

-1.05768 0.40791
-1.05755 0.40802

-1.05755 0.40802
-1.05737 0.408176

-1.05737 0.408179
-1.0572 0.408325

-1.05721 0.408325
-1.05707 0.408445

-1.05707 0.408447
-1.05686 0.40863

-1.05686 0.40863
-1.05676 0.408714

-1.05676 0.408714
-1.05651 0.408936

-1.05651 0.408936
-1.05646 0.408982

-1.05646 0.408983
-1.05616 0.409241

-1.05616 0.409241
-1.05615 0.40925

-1.05615 0.409251
-1.05585 0.409519

-1.05585 0.409519
-1.05582 0.409546

-1.05582 0.409546
-1.05554 0.409787

-1.05554 0.409787
-1.05547 0.409851

-1.05547 0.409851
-1.05524 0.410055

-1.05524 0.410056
-1.05512 0.410156

-1.05512 0.410156
-1.05493 0.410322

-1.05493 0.410324
-1.05477 0.410461

-1.05477 0.410461
-1.05463 0.41059

-1.05463 0.410592
-1.05443 0.410767

-1.05443 0.410767
-1.05432 0.410858

-1.05432 0.410859
-1.05408 0.411072

-1.05408 0.411072
-1.05402 0.411126

-1.05402 0.411126
-1.05373 0.411377

-1.05373 0.411377
-1.05371 0.411393

-1.05371 0.411394
-1.05341 0.411661

-1.05341 0.411661
-1.05338 0.411682

-1.05338 0.411682
-1.0531 0.411929

-1.0531 0.411929
-1.05303 0.411987

-1.05303 0.411987
-1.0528 0.412196

-1.0528 0.412196
-1.05269 0.412292

-1.05269 0.412292
-1.05249 0.412462

-1.05249 0.412464
-1.05234 0.412598

-1.05234 0.412598
-1.05219 0.412729

-1.05219 0.412732
-1.05199 0.412903

-1.05199 0.412903
-1.05188 0.412997

-1.05188 0.412998
-1.05164 0.413208

-1.05164 0.413208
-1.05157 0.413264

-1.05157 0.413264
-1.05129 0.413513

-1.05129 0.413513
-1.05127 0.413531

-1.05127 0.413531
-1.05096 0.413798

-1.05096 0.413798
-1.05094 0.413818

-1.05094 0.413818
-1.05066 0.414065

-1.05066 0.414065
-1.05059 0.414124

-1.05059 0.414124
-1.05035 0.414331

-1.05035 0.414332
-1.05024 0.414429

-1.05024 0.414429
-1.05005 0.414597

-1.05005 0.414599
-1.04989 0.414734

-1.04989 0.414734
-1.04974 0.414863

-1.04974 0.414866
-1.04954 0.415039

-1.04954 0.415039
-1.04944 0.41513

-1.04944 0.415131
-1.04919 0.415344

-1.04919 0.415344
-1.04913 0.415397

-1.04913 0.415397
-1.04884 0.415649

-1.04884 0.415649
-1.04883 0.415663

-1.04883 0.415664
-1.04852 0.41593

-1.04852 0.41593
-1.04849 0.415955

-1.04849 0.415955
-1.04822 0.416196

-1.04822 0.416196
-1.04814 0.41626

-1.04814 0.41626
-1.04791 0.416462

-1.04791 0.416462
-1.04779 0.416565

-1.0478 0.416565
-1.04761 0.416726

-1.04761 0.416729
-1.04744 0.41687

-1.04744 0.41687
-1.0473 0.416992

-1.0473 0.416994
-1.04709 0.417175

-1.04709 0.417175
-1.047 0.417259

-1.047 0.417259
-1.04674 0.41748

-1.04674 0.41748
-1.04669 0.417524

-1.04669 0.417525
-1.04639 0.417786

-1.04639 0.417786
-1.04639 0.41779

-1.04639 0.417791
-1.04608 0.418056

-1.04608 0.418056
-1.04604 0.418091

-1.04604 0.418091
-1.04578 0.418322

-1.04578 0.418322
-1.04569 0.418396

-1.04569 0.418396
-1.04547 0.418586

-1.04547 0.418588
-1.04534 0.418701

-1.04534 0.418701
-1.04517 0.418851

-1.04517 0.418854
-1.04499 0.419006

-1.04499 0.419006
-1.04486 0.419116

-1.04486 0.419118
-1.04464 0.419312

-1.04464 0.419312
-1.04456 0.419382

-1.04456 0.419383
-1.04429 0.419617

-1.04429 0.419617
-1.04425 0.419647

-1.04425 0.419647
-1.04395 0.419912

-1.04395 0.419912
-1.04393 0.419922

-1.04393 0.419922
-1.04364 0.420177

-1.04364 0.420177
-1.04358 0.420227

-1.04358 0.420227
-1.04333 0.420442

-1.04333 0.420443
-1.04323 0.420532

-1.04323 0.420532
-1.04303 0.420706

-1.04303 0.420708
-1.04288 0.420837

-1.04288 0.420837
-1.04272 0.42097

-1.04272 0.420973
-1.04253 0.421143

-1.04253 0.421143
-1.04242 0.421235

-1.04242 0.421236
-1.04218 0.421448

-1.04217 0.421448
-1.04211 0.4215

-1.04211 0.421501
-1.04182 0.421753

-1.04182 0.421753
-1.04181 0.421764

-1.04181 0.421765
-1.0415 0.422029

-1.0415 0.422029
-1.04147 0.422058

-1.04147 0.422058
-1.0412 0.422294

-1.0412 0.422294
-1.04112 0.422363

-1.04112 0.422363
-1.04089 0.422557

-1.04089 0.422558
-1.04077 0.422668

-1.04077 0.422668
-1.04059 0.42282

-1.04059 0.422823
-1.04041 0.422974

-1.04041 0.422974
-1.04028 0.423085

-1.04028 0.423086
-1.04006 0.423279

-1.04006 0.423279
-1.03998 0.423349

-1.03998 0.42335
-1.03971 0.423584

-1.03971 0.423584
-1.03967 0.423613

-1.03967 0.423614
-1.03937 0.423877

-1.03937 0.423877
-1.03935 0.423889

-1.03935 0.423889
-1.03906 0.424141

-1.03906 0.424141
-1.039 0.424194

-1.039 0.424194
-1.03876 0.424405

-1.03876 0.424405
-1.03865 0.4245

-1.03865 0.4245
-1.03845 0.424668

-1.03845 0.42467
-1.03829 0.424805

-1.03829 0.424805
-1.03815 0.424931

-1.03815 0.424933
-1.03794 0.42511

-1.03794 0.42511
-1.03784 0.425195

-1.03784 0.425195
-1.03759 0.425415

-1.03759 0.425415
-1.03754 0.425458

-1.03754 0.425459
-1.03723 0.42572

-1.03723 0.42572
-1.03723 0.425721

-1.03723 0.425722
-1.03693 0.425985

-1.03693 0.425985
-1.03688 0.426025

-1.03688 0.426025
-1.03662 0.426248

-1.03662 0.426249
-1.03653 0.426331

-1.03653 0.426331
-1.03632 0.426511

-1.03632 0.426512
-1.03617 0.426636

-1.03617 0.426636
-1.03601 0.426773

-1.03601 0.426775
-1.03582 0.426941

-1.03582 0.426941
-1.03571 0.427036

-1.03571 0.427037
-1.03546 0.427246

-1.03546 0.427246
-1.0354 0.427299

-1.0354 0.4273
-1.03511 0.427551

-1.03511 0.427551
-1.0351 0.427562

-1.0351 0.427563
-1.03479 0.427825

-1.03479 0.427825
-1.03475 0.427856

-1.03475 0.427856
-1.03448 0.428088

-1.03448 0.428088
-1.0344 0.428162

-1.0344 0.428162
-1.03418 0.42835

-1.03418 0.428351
-1.03404 0.428467

-1.03405 0.428467
-1.03387 0.428612

-1.03387 0.428614
-1.03369 0.428772

-1.03369 0.428772
-1.03357 0.428874

-1.03357 0.428876
-1.03333 0.429077

-1.03333 0.429077
-1.03326 0.429137

-1.03326 0.429138
-1.03298 0.429382

-1.03298 0.429382
-1.03296 0.429399

-1.03296 0.4294
-1.03265 0.429662

-1.03265 0.429662
-1.03262 0.429688

-1.03262 0.429688
-1.03235 0.429924

-1.03235 0.429924
-1.03227 0.429993

-1.03227 0.429993
-1.03204 0.430186

-1.03204 0.430187
-1.03191 0.430298

-1.03191 0.430298
-1.03174 0.430447

-1.03174 0.430449
-1.03156 0.430603

-1.03156 0.430603
-1.03143 0.430709

-1.03143 0.43071
-1.0312 0.430908

-1.0312 0.430908
-1.03113 0.430971

-1.03113 0.430972
-1.03085 0.431213

-1.03085 0.431213
-1.03082 0.431233

-1.03082 0.431233
-1.03052 0.431495

-1.03052 0.431495
-1.03049 0.431519

-1.03049 0.431519
-1.03021 0.431757

-1.03021 0.431757
-1.03013 0.431824

-1.03013 0.431824
-1.02991 0.432018

-1.02991 0.432019
-1.02978 0.432129

-1.02978 0.432129
-1.0296 0.432278

-1.0296 0.432281
-1.02942 0.432434

-1.02942 0.432434
-1.0293 0.43254

-1.0293 0.432541
-1.02907 0.432739

-1.02906 0.432739
-1.02899 0.432801

-1.02899 0.432802
-1.02871 0.433044

-1.02871 0.433044
-1.02869 0.433063

-1.02869 0.433063
-1.02838 0.433325

-1.02838 0.433325
-1.02835 0.43335

-1.02835 0.43335
-1.02808 0.433586

-1.02808 0.433586
-1.028 0.433655

-1.028 0.433655
-1.02777 0.433846

-1.02777 0.433848
-1.02764 0.43396

-1.02764 0.43396
-1.02747 0.434106

-1.02747 0.434109
-1.02728 0.434265

-1.02728 0.434265
-1.02716 0.434368

-1.02716 0.434369
-1.02692 0.43457

-1.02692 0.43457
-1.02686 0.434629

-1.02686 0.434629
-1.02657 0.434875

-1.02657 0.434875
-1.02655 0.434889

-1.02655 0.43489
-1.02625 0.435151

-1.02625 0.435151
-1.02621 0.435181

-1.02621 0.435181
-1.02594 0.435411

-1.02594 0.435412
-1.02585 0.435486

-1.02585 0.435486
-1.02563 0.435672

-1.02563 0.435673
-1.02549 0.435791

-1.0255 0.435791
-1.02533 0.435931

-1.02533 0.435933
-1.02514 0.436096

-1.02514 0.436096
-1.02502 0.436192

-1.02502 0.436193
-1.02478 0.436401

-1.02478 0.436401
-1.02472 0.436452

-1.02472 0.436453
-1.02442 0.436707

-1.02442 0.436707
-1.02441 0.436713

-1.02441 0.436713
-1.02411 0.436973

-1.02411 0.436973
-1.02406 0.437012

-1.02406 0.437012
-1.0238 0.437234

-1.0238 0.437234
-1.02371 0.437317

-1.02371 0.437317
-1.0235 0.437493

-1.0235 0.437495
-1.02335 0.437622

-1.02335 0.437622
-1.02319 0.437752

-1.02319 0.437754
-1.02299 0.437927

-1.02299 0.437927
-1.02289 0.438013

-1.02289 0.438014
-1.02263 0.438232

-1.02263 0.438232
-1.02258 0.438273

-1.02258 0.438273
-1.02228 0.438533

-1.02228 0.438533
-1.02227 0.438538

-1.02227 0.438538
-1.02197 0.438793

-1.02197 0.438793
-1.02191 0.438843

-1.02191 0.438843
-1.02167 0.439052

-1.02167 0.439053
-1.02155 0.439148

-1.02156 0.439148
-1.02136 0.439311

-1.02136 0.439313
-1.0212 0.439453

-1.0212 0.439453
-1.02106 0.43957

-1.02106 0.439572
-1.02084 0.439758

-1.02084 0.439758
-1.02075 0.43983

-1.02075 0.439831
-1.02048 0.440063

-1.02048 0.440063
-1.02045 0.44009

-1.02045 0.44009
-1.02014 0.44035

-1.02014 0.44035
-1.02012 0.440369

-1.02012 0.440369
-1.01984 0.440609

-1.01984 0.440609
-1.01976 0.440674

-1.01976 0.440674
-1.01953 0.440868

-1.01953 0.440869
-1.0194 0.440979

-1.0194 0.440979
-1.01923 0.441126

-1.01923 0.441128
-1.01904 0.441284

-1.01904 0.441284
-1.01892 0.441385

-1.01892 0.441386
-1.01868 0.441589

-1.01868 0.441589
-1.01862 0.441644

-1.01862 0.441645
-1.01832 0.441895

-1.01832 0.441895
-1.01831 0.441903

-1.01831 0.441904
-1.01801 0.442163

-1.01801 0.442163
-1.01796 0.4422

-1.01796 0.4422
-1.0177 0.442422

-1.0177 0.442422
-1.0176 0.442505

-1.0176 0.442505
-1.0174 0.44268

-1.0174 0.442682
-1.01724 0.44281

-1.01724 0.44281
-1.01709 0.442938

-1.01709 0.44294
-1.01688 0.443115

-1.01688 0.443115
-1.01678 0.443197

-1.01678 0.443198
-1.01652 0.44342

-1.01652 0.44342
-1.01648 0.443456

-1.01648 0.443456
-1.01617 0.443715

-1.01617 0.443715
-1.01616 0.443726

-1.01616 0.443726
-1.01587 0.443973

-1.01587 0.443973
-1.0158 0.444031

-1.0158 0.444031
-1.01556 0.444231

-1.01556 0.444232
-1.01544 0.444336

-1.01544 0.444336
-1.01526 0.444489

-1.01526 0.444491
-1.01508 0.444641

-1.01508 0.444641
-1.01495 0.444747

-1.01495 0.444748
-1.01472 0.444946

-1.01472 0.444946
-1.01465 0.445005

-1.01465 0.445006
-1.01436 0.445251

-1.01436 0.445251
-1.01434 0.445263

-1.01434 0.445264
-1.01404 0.445522

-1.01404 0.445522
-1.014 0.445557

-1.014 0.445557
-1.01373 0.44578

-1.01373 0.44578
-1.01364 0.445862

-1.01364 0.445862
-1.01343 0.446038

-1.01343 0.446039
-1.01327 0.446167

-1.01328 0.446167
-1.01312 0.446295

-1.01312 0.446296
-1.01291 0.446472

-1.01291 0.446472
-1.01282 0.446553

-1.01282 0.446554
-1.01255 0.446777

-1.01255 0.446777
-1.01251 0.446811

-1.01251 0.446811
-1.01221 0.447069

-1.01221 0.447069
-1.01219 0.447083

-1.01219 0.447083
-1.0119 0.447327

-1.0119 0.447327
-1.01183 0.447388

-1.01183 0.447388
-1.0116 0.447584

-1.0116 0.447585
-1.01147 0.447693

-1.01147 0.447693
-1.01129 0.44784

-1.01129 0.447843
-1.01111 0.447998

-1.01111 0.447998
-1.01099 0.448098

-1.01099 0.448099
-1.01074 0.448303

-1.01074 0.448303
-1.01068 0.448356

-1.01068 0.448356
-1.01038 0.448608

-1.01038 0.448608
-1.01038 0.448613

-1.01038 0.448614
-1.01007 0.448871

-1.01007 0.448871
-1.01002 0.448914

-1.01002 0.448914
-1.00977 0.449128

-1.00977 0.449128
-1.00966 0.449219

-1.00966 0.449219
-1.00946 0.449384

-1.00946 0.449387
-1.00929 0.449524

-1.0093 0.449524
-1.00916 0.449641

-1.00916 0.449642
-1.00893 0.449829

-1.00893 0.449829
-1.00885 0.449898

-1.00885 0.449899
-1.00857 0.450134

-1.00857 0.450134
-1.00854 0.450155

-1.00854 0.450156
-1.00824 0.450413

-1.00824 0.450413
-1.00821 0.450439

-1.00821 0.450439
-1.00793 0.45067

-1.00793 0.45067
-1.00785 0.450745

-1.00785 0.450745
-1.00763 0.450926

-1.00763 0.450928
-1.00748 0.45105

-1.00748 0.45105
-1.00732 0.451182

-1.00732 0.451184
-1.00712 0.451355

-1.00712 0.451355
-1.00702 0.451439

-1.00702 0.45144
-1.00676 0.45166

-1.00676 0.45166
-1.00671 0.451696

-1.00671 0.451696
-1.00641 0.451953

-1.00641 0.451953
-1.00639 0.451965

-1.00639 0.451965
-1.0061 0.452209

-1.0061 0.452209
-1.00603 0.452271

-1.00603 0.452271
-1.0058 0.452466

-1.0058 0.452466
-1.00567 0.452576

-1.00567 0.452576
-1.00549 0.452721

-1.00549 0.452723
-1.0053 0.452881

-1.0053 0.452881
-1.00519 0.452977

-1.00519 0.452978
-1.00494 0.453186

-1.00494 0.453186
-1.00488 0.453234

-1.00488 0.453234
-1.00458 0.453491

-1.00458 0.453491
-1.00458 0.453491

-1.00458 0.453491
-1.00427 0.453747

-1.00427 0.453747
-1.00421 0.453796

-1.00421 0.453796
-1.00397 0.454003

-1.00397 0.454003
-1.00385 0.454102

-1.00385 0.454102
-1.00366 0.454258

-1.00366 0.45426
-1.00348 0.454407

-1.00349 0.454407
-1.00336 0.454514

-1.00336 0.454515
-1.00312 0.454712

-1.00312 0.454712
-1.00305 0.45477

-1.00305 0.454771
-1.00276 0.455017

-1.00276 0.455017
-1.00275 0.455026

-1.00275 0.455026
-1.00244 0.455282

-1.00244 0.455282
-1.00239 0.455322

-1.00239 0.455322
-1.00214 0.455538

-1.00214 0.455538
-1.00203 0.455627

-1.00203 0.455627
-1.00183 0.455793

-1.00183 0.455795
-1.00166 0.455933

-1.00167 0.455933
-1.00153 0.456048

-1.00153 0.456049
-1.0013 0.456238

-1.0013 0.456238
-1.00122 0.456304

-1.00122 0.456305
-1.00094 0.456543

-1.00094 0.456543
-1.00092 0.456559

-1.00092 0.45656
-1.00061 0.456815

-1.00061 0.456815
-1.00057 0.456848

-1.00057 0.456848
-1.00031 0.457071

-1.00031 0.457071
-1.00021 0.457153

-1.00021 0.457153
-1.0 0.457326

-1.0 0.00324511
-0.999695 0.00323991

-0.999695 0.00323991
-0.99939 0.00323471

-0.99939 0.00323471
-0.999084 0.00322954

-0.999084 0.00322954
-0.998779 0.00322438

-0.998779 0.00322438
-0.998474 0.00321924

-0.998474 0.00321924
-0.998169 0.0032141

-0.998169 0.0032141
-0.997864 0.00320897

-0.997864 0.00320896
-0.997559 0.00320386

-0.997559 0.00320386
-0.997253 0.00319882

-0.997253 0.00319884
-0.996948 0.00319382

-0.996948 0.00319382
-0.996643 0.00318881

-0.996643 0.00318881
-0.996338 0.00318381

-0.996338 0.00318381
-0.996033 0.00317881

-0.996033 0.00317881
-0.995728 0.00317383

-0.995728 0.00317383
-0.995422 0.00316886

-0.995422 0.00316886
-0.995117 0.0031639

-0.995117 0.0031639
-0.994812 0.00315894

-0.994812 0.00315894
-0.994507 0.003154

-0.994507 0.003154
-0.994202 0.00314907

-0.994202 0.00314907
-0.993896 0.00314415

-0.993896 0.00314415
-0.993591 0.00313923

-0.993591 0.00313923
-0.993286 0.00313433

-0.993286 0.00313433
-0.992981 0.00312944

-0.992981 0.00312944
-0.992676 0.00312456

-0.992676 0.00312456
-0.992371 0.00311969

-0.992371 0.00311969
-0.992065 0.00311483

-0.992065 0.00311483
-0.99176 0.00310998

-0.99176 0.00310998
-0.991455 0.00310514

-0.991455 0.00310514
-0.99115 0.00310032

-0.99115 0.00310032
-0.990845 0.00309551

-0.990845 0.00309551
-0.99054 0.00309072

-0.99054 0.00309072
-0.990234 0.00308594

-0.990234 0.00308594
-0.989929 0.00308117

-0.989929 0.00308117
-0.989624 0.00307643

-0.989624 0.00307642
-0.989319 0.0030717

-0.989319 0.0030717
-0.989014 0.003067

-0.989014 0.003067
-0.988708 0.00306231

-0.988708 0.00306232
-0.988403 0.0030576

-0.987793 0.00304787
-0.988036 0.00305176

-0.988403 0.00305762
-0.988098 0.0030528

-0.988098 0.00305283
-0.988031 0.00305176

-0.987793 0.00304787
-0.987488 0.00304301

-0.987488 0.00304302
-0.987183 0.00303822

-0.987183 0.00303822
-0.986877 0.00303346

-0.986877 0.00303346
-0.986572 0.00302872

-0.986572 0.00302873
-0.986267 0.00302401

-0.986267 0.00302401
-0.985962 0.00301933

-0.985962 0.00301933
-0.985657 0.00301466

-0.985657 0.00301466
-0.985352 0.00301001

-0.985352 0.00301001
-0.985046 0.00300539

-0.985046 0.00300539
-0.984741 0.00300079

-0.984741 0.00300079
-0.984436 0.00299621

-0.984436 0.00299621
-0.984131 0.00299165

-0.984131 0.00299165
-0.983826 0.00298711

-0.983826 0.00298711
-0.983521 0.00298259

-0.983521 0.00298259
-0.983215 0.00297809

-0.983215 0.00297809
-0.98291 0.00297361

-0.98291 0.00297361
-0.982605 0.00296915

-0.982605 0.00296915
-0.9823 0.00296471

-0.9823 0.00296471
-0.981995 0.00296029

-0.981995 0.00296029
-0.981689 0.00295589

-0.981689 0.00295589
-0.981384 0.0029515

-0.981384 0.0029515
-0.981079 0.00294714

-0.981079 0.00294714
-0.980774 0.00294279

-0.980774 0.00294279
-0.980469 0.00293846

-0.980469 0.00293846
-0.980164 0.00293414

-0.980164 0.00293414
-0.979858 0.00292984

-0.979858 0.00292984
-0.979553 0.00292556

-0.979553 0.00292556
-0.979248 0.00292129

-0.979248 0.00292129
-0.978943 0.00291704

-0.978943 0.00291704
-0.978638 0.0029128

-0.978638 0.0029128
-0.978333 0.00290856

-0.978333 0.00290857
-0.978027 0.00290433

-0.978027 0.00290432
-0.977722 0.00290009

-0.977722 0.00290008
-0.977417 0.0028959

-0.977417 0.00289591
-0.977112 0.00289176

-0.977112 0.00289176
-0.976807 0.00288764

-0.976807 0.00288764
-0.976501 0.00288353

-0.976501 0.00288353
-0.976196 0.00287943

-0.976196 0.00287943
-0.975891 0.00287536

-0.975891 0.00287536
-0.975586 0.0028713

-0.975586 0.0028713
-0.975281 0.00286725

-0.975281 0.00286725
-0.974976 0.00286323

-0.974976 0.00286323
-0.97467 0.00285922

-0.97467 0.00285922
-0.974365 0.00285524

-0.974365 0.00285524
-0.97406 0.00285127

-0.97406 0.00285127
-0.973755 0.00284732

-0.973755 0.00284732
-0.97345 0.00284338

-0.97345 0.00284338
-0.973145 0.00283947

-0.973145 0.00283947
-0.972839 0.00283558

-0.972839 0.00283558
-0.972534 0.0028317

-0.972534 0.0028317
-0.972229 0.00282785

-0.972229 0.00282785
-0.971924 0.00282401

-0.971924 0.00282401
-0.971619 0.0028202

-0.971619 0.0028202
-0.971313 0.0028164

-0.971313 0.0028164
-0.971008 0.00281262

-0.971008 0.00281262
-0.970703 0.00280886

-0.970703 0.00280886
-0.970398 0.00280511

-0.970398 0.00280511
-0.970093 0.00280138

-0.970093 0.00280138
-0.969788 0.00279767

-0.969788 0.00279767
-0.969482 0.00279396

-0.969482 0.00279397
-0.969177 0.00279027

-0.969177 0.00279027
-0.968872 0.00278659

-0.968872 0.00278659
-0.968567 0.00278291

-0.968567 0.00278291
-0.968262 0.00277923

-0.968262 0.00277923
-0.967957 0.00277554

-0.967957 0.00277554
-0.967651 0.00277184

-0.967651 0.00277184
-0.967346 0.00276812

-0.967346 0.00276812
-0.967041 0.00276437

-0.967041 0.00276437
-0.966736 0.00276058

-0.966736 0.00276058
-0.966431 0.00275673

-0.966431 0.00275674
-0.966125 0.0027528

-0.966125 0.00275281
-0.96582 0.00274876

-0.965515 0.00274456
-0.965663 0.00274658

-0.96582 0.00274878
-0.965659 0.00274658

-0.965515 0.00274456
-0.96521 0.00274038

-0.96521 0.00274039
-0.964905 0.00273624

-0.964905 0.00273624
-0.9646 0.00273212

-0.9646 0.00273212
-0.964294 0.00272803

-0.964294 0.00272803
-0.963989 0.00272395

-0.963989 0.00272395
-0.963684 0.00271989

-0.963684 0.00271989
-0.963379 0.00271585

-0.963379 0.00271586
-0.963074 0.00271183

-0.963074 0.00271183
-0.962769 0.00270782

-0.962769 0.00270783
-0.962463 0.00270383

-0.962463 0.00270383
-0.962158 0.00269985

-0.962158 0.00269985
-0.961853 0.00269589

-0.961853 0.00269589
-0.961548 0.00269194

-0.961548 0.00269194
-0.961243 0.002688

-0.961243 0.002688
-0.960938 0.00268407

-0.960938 0.00268407
-0.960632 0.00268015

-0.960632 0.00268015
-0.960327 0.00267624

-0.960327 0.00267624
-0.960022 0.00267235

-0.960022 0.00267235
-0.959717 0.00266847

-0.959717 0.00266847
-0.959412 0.00266459

-0.959412 0.00266459
-0.959106 0.00266073

-0.959106 0.00266073
-0.958801 0.00265688

-0.958801 0.00265688
-0.958496 0.00265304

-0.958496 0.00265304
-0.958191 0.0026492

-0.958191 0.0026492
-0.957886 0.00264538

-0.957886 0.00264538
-0.957581 0.00264157

-0.957581 0.00264157
-0.957275 0.00263777

-0.957275 0.00263777
-0.95697 0.00263398

-0.95697 0.00263398
-0.956665 0.00263019

-0.956665 0.00263019
-0.95636 0.00262642

-0.95636 0.00262642
-0.956055 0.00262266

-0.956055 0.00262266
-0.95575 0.00261891

-0.95575 0.00261891
-0.955444 0.00261516

-0.955444 0.00261516
-0.955139 0.00261143

-0.955139 0.00261143
-0.954834 0.00260771

-0.954834 0.00260771
-0.954529 0.002604

-0.954529 0.002604
-0.954224 0.0026003

-0.954224 0.0026003
-0.953918 0.00259662

-0.953918 0.00259661
-0.953613 0.00259295

-0.953613 0.00259295
-0.953308 0.00258932

-0.953308 0.00258933
-0.953003 0.0025857

-0.953003 0.0025857
-0.952698 0.00258207

-0.952698 0.00258207
-0.952393 0.00257845

-0.952393 0.00257845
-0.952087 0.00257482

-0.952087 0.00257482
-0.951782 0.00257119

-0.951782 0.00257119
-0.951477 0.00256756

-0.951477 0.00256756
-0.951172 0.00256393

-0.951172 0.00256393
-0.950867 0.0025603

-0.950867 0.0025603
-0.950562 0.00255667

-0.950562 0.00255667
-0.950256 0.00255303

-0.950256 0.00255303
-0.949951 0.00254939

-0.949951 0.00254939
-0.949646 0.00254574

-0.949646 0.00254574
-0.949341 0.00254208

-0.949341 0.00254208
-0.949036 0.00253842

-0.949036 0.00253842
-0.94873 0.00253475

-0.94873 0.00253475
-0.948425 0.00253107

-0.948425 0.00253107
-0.94812 0.00252738

-0.94812 0.00252738
-0.947815 0.00252368

-0.947815 0.00252368
-0.94751 0.00251998

-0.94751 0.00251998
-0.947205 0.00251627

-0.947205 0.00251627
-0.946899 0.00251255

-0.946899 0.00251254
-0.946594 0.00250882

-0.946594 0.00250882
-0.946289 0.00250509

-0.946289 0.00250509
-0.945984 0.00250135

-0.945984 0.00250135
-0.945679 0.00249762

-0.945679 0.00249762
-0.945374 0.00249389

-0.945374 0.00249389
-0.945068 0.00249016

-0.945068 0.00249016
-0.944763 0.00248644

-0.944763 0.00248644
-0.944458 0.00248273

-0.944458 0.00248273
-0.944153 0.00247903

-0.944153 0.00247903
-0.943848 0.00247536

-0.943848 0.00247536
-0.943542 0.0024717

-0.943542 0.0024717
-0.943237 0.00246807

-0.943237 0.00246807
-0.942932 0.00246447

-0.942932 0.00246447
-0.942627 0.00246091

-0.942627 0.00246091
-0.942322 0.00245738

-0.942322 0.00245738
-0.942017 0.00245389

-0.942017 0.00245389
-0.941711 0.00245044

-0.941711 0.00245044
-0.941406 0.00244699

-0.940796 0.00244002
-0.940917 0.00244141

-0.940796 0.00244002
-0.940491 0.00243655

-0.940491 0.00243656
-0.940186 0.00243315

-0.940186 0.00243315
-0.93988 0.00242978

-0.93988 0.00242979
-0.939575 0.00242645

-0.939575 0.00242645
-0.93927 0.00242315

-0.93927 0.00242315
-0.938965 0.00241988

-0.941406 0.002447
-0.941101 0.00244353

-0.941101 0.00244355
-0.940914 0.00244141

-0.938965 0.00241988
-0.93866 0.00241664

-0.93866 0.00241664
-0.938354 0.00241342

-0.938354 0.00241342
-0.938049 0.00241023

-0.938049 0.00241023
-0.937744 0.00240707

-0.937744 0.00240707
-0.937439 0.00240394

-0.937439 0.00240394
-0.937134 0.00240083

-0.937134 0.00240083
-0.936829 0.00239774

-0.936829 0.00239774
-0.936523 0.00239468

-0.936523 0.00239468
-0.936218 0.00239165

-0.936218 0.00239165
-0.935913 0.00238865

-0.935913 0.00238865
-0.935608 0.00238566

-0.935608 0.00238566
-0.935303 0.00238271

-0.935303 0.00238271
-0.934998 0.00237977

-0.934998 0.00237977
-0.934692 0.00237687

-0.934692 0.00237687
-0.934387 0.00237398

-0.934387 0.00237398
-0.934082 0.00237112

-0.934082 0.00237112
-0.933777 0.00236828

-0.933777 0.00236828
-0.933472 0.00236547

-0.933472 0.00236547
-0.933167 0.00236268

-0.933167 0.00236268
-0.932861 0.00235991

-0.932861 0.00235991
-0.932556 0.00235717

-0.932556 0.00235717
-0.932251 0.00235444

-0.932251 0.00235444
-0.931946 0.00235174

-0.931946 0.00235174
-0.931641 0.00234906

-0.931641 0.00234906
-0.931335 0.00234641

-0.931335 0.00234641
-0.93103 0.00234377

-0.93103 0.00234377
-0.930725 0.00234115

-0.930725 0.00234115
-0.93042 0.00233855

-0.93042 0.00233855
-0.930115 0.00233597

-0.930115 0.00233597
-0.92981 0.00233341

-0.92981 0.00233341
-0.929504 0.00233087

-0.929504 0.00233087
-0.929199 0.00232834

-0.929199 0.00232834
-0.928894 0.00232583

-0.928894 0.00232583
-0.928589 0.00232333

-0.928589 0.00232333
-0.928284 0.00232085

-0.928284 0.00232085
-0.927979 0.00231838

-0.927979 0.00231838
-0.927673 0.00231592

-0.927673 0.00231592
-0.927368 0.00231347

-0.927368 0.00231347
-0.927063 0.00231103

-0.927063 0.00231103
-0.926758 0.0023086

-0.926758 0.0023086
-0.926453 0.00230617

-0.926453 0.00230617
-0.926147 0.00230375

-0.926147 0.00230375
-0.925842 0.00230133

-0.925842 0.00230133
-0.925537 0.00229891

-0.925537 0.00229891
-0.925232 0.00229649

-0.925232 0.00229649
-0.924927 0.00229407

-0.924927 0.00229407
-0.924622 0.00229164

-0.924622 0.00229164
-0.924316 0.00228921

-0.924316 0.00228921
-0.924011 0.00228678

-0.924011 0.00228678
-0.923706 0.00228437

-0.923706 0.00228437
-0.923401 0.00228195

-0.923401 0.00228195
-0.923096 0.00227955

-0.923096 0.00227955
-0.922791 0.00227714

-0.922791 0.00227714
-0.922485 0.00227473

-0.922485 0.00227473
-0.92218 0.00227233

-0.92218 0.00227233
-0.921875 0.00226992

-0.921875 0.00226992
-0.92157 0.00226752

-0.92157 0.00226752
-0.921265 0.00226511

-0.921265 0.00226511
-0.920959 0.00226271

-0.920959 0.00226271
-0.920654 0.0022603

-0.920654 0.0022603
-0.920349 0.00225789

-0.920349 0.00225789
-0.920044 0.00225548

-0.920044 0.00225548
-0.919739 0.00225307

-0.919739 0.00225307
-0.919434 0.00225066

-0.919434 0.00225066
-0.919128 0.00224825

-0.919128 0.00224825
-0.918823 0.00224584

-0.918823 0.00224584
-0.918518 0.00224342

-0.918518 0.00224342
-0.918213 0.002241

-0.918213 0.002241
-0.917908 0.00223859

-0.917908 0.00223859
-0.917603 0.00223617

-0.917603 0.00223617
-0.917297 0.00223375

-0.917297 0.00223375
-0.916992 0.00223134

-0.916992 0.00223134
-0.916687 0.00222892

-0.916687 0.00222892
-0.916382 0.0022265

-0.916382 0.0022265
-0.916077 0.00222409

-0.916077 0.00222409
-0.915771 0.00222168

-0.915771 0.00222168
-0.915466 0.00221927

-0.915466 0.00221927
-0.915161 0.00221687

-0.915161 0.00221687
-0.914856 0.00221446

-0.914856 0.00221446
-0.914551 0.00221207

-0.914551 0.00221207
-0.914246 0.00220967

-0.914246 0.00220967
-0.91394 0.00220728

-0.91394 0.00220728
-0.913635 0.0022049

-0.913635 0.0022049
-0.91333 0.00220251

-0.91333 0.00220251
-0.913025 0.00220013

-0.913025 0.00220013
-0.91272 0.00219776

-0.91272 0.00219776
-0.912415 0.00219539

-0.912415 0.00219539
-0.912109 0.00219302

-0.912109 0.00219302
-0.911804 0.00219065

-0.911804 0.00219065
-0.911499 0.00218828

-0.911499 0.00218828
-0.911194 0.0021859

-0.911194 0.0021859
-0.910889 0.00218353

-0.910889 0.00218353
-0.910583 0.00218115

-0.910583 0.00218115
-0.910278 0.00217877

-0.910278 0.00217877
-0.909973 0.00217638

-0.909973 0.00217638
-0.909668 0.00217398

-0.909668 0.00217398
-0.909363 0.00217157

-0.909363 0.00217157
-0.909058 0.00216915

-0.909058 0.00216915
-0.908752 0.00216671

-0.908752 0.00216671
-0.908447 0.00216426

-0.908447 0.00216426
-0.908142 0.0021618

-0.908142 0.0021618
-0.907837 0.00215931

-0.907837 0.00215931
-0.907532 0.00215681

-0.907532 0.00215681
-0.907227 0.00215429

-0.907227 0.00215429
-0.906921 0.00215175

-0.906921 0.00215175
-0.906616 0.00214918

-0.906616 0.00214918
-0.906311 0.00214659

-0.906311 0.00214659
-0.906006 0.00214398

-0.906006 0.00214397
-0.905701 0.00214135

-0.905701 0.00214134
-0.905396 0.00213872

-0.90509 0.00213613
-0.905102 0.00213623

-0.905396 0.00213872
-0.905104 0.00213623

-0.90509 0.00213612
-0.904785 0.00213355

-0.904785 0.00213355
-0.90448 0.00213101

-0.90448 0.00213101
-0.904175 0.00212851

-0.904175 0.00212851
-0.90387 0.00212606

-0.90387 0.00212606
-0.903564 0.00212365

-0.903564 0.00212365
-0.903259 0.0021213

-0.903259 0.0021213
-0.902954 0.00211899

-0.902954 0.00211899
-0.902649 0.00211673

-0.902649 0.00211673
-0.902344 0.00211452

-0.902344 0.00211452
-0.902039 0.00211236

-0.902039 0.00211236
-0.901733 0.00211025

-0.901733 0.00211025
-0.901428 0.0021082

-0.901428 0.00210819
-0.901123 0.0021062

-0.901123 0.0021062
-0.900818 0.00210426

-0.900818 0.00210426
-0.900513 0.00210238

-0.900513 0.00210238
-0.900208 0.00210058

-0.900208 0.00210057
-0.899902 0.00209884

-0.899902 0.00209884
-0.899597 0.00209718

-0.899597 0.00209717
-0.899292 0.00209559

-0.899292 0.00209559
-0.898987 0.0020941

-0.898987 0.0020941
-0.898682 0.00209269

-0.898682 0.00209269
-0.898376 0.00209139

-0.898376 0.00209138
-0.898071 0.00209018

-0.898071 0.00209018
-0.897766 0.00208909

-0.897766 0.00208908
-0.897461 0.00208811

-0.897461 0.00208811
-0.897156 0.00208725

-0.897156 0.00208725
-0.896851 0.00208653

-0.896851 0.00208653
-0.896545 0.00208594

-0.896545 0.00208594
-0.89624 0.00208549

-0.89624 0.00208549
-0.895935 0.0020852

-0.895935 0.0020852
-0.89563 0.00208506

-0.89563 0.00208506
-0.895325 0.00208508

-0.895325 0.00208508
-0.89502 0.00208527

-0.89502 0.00208527
-0.894714 0.00208563

-0.894714 0.00208563
-0.894409 0.00208616

-0.894409 0.00208616
-0.894104 0.00208688

-0.894104 0.00208688
-0.893799 0.00208776

-0.893799 0.00208776
-0.893494 0.00208883

-0.893494 0.00208883
-0.893188 0.00209007

-0.893188 0.00209007
-0.892883 0.00209148

-0.892883 0.00209148
-0.892578 0.00209305

-0.892578 0.00209305
-0.892273 0.00209478

-0.892273 0.00209478
-0.891968 0.00209665

-0.891968 0.00209666
-0.891663 0.00209866

-0.891663 0.00209867
-0.891357 0.00210079

-0.891357 0.0021008
-0.891052 0.00210302

-0.891052 0.00210302
-0.890747 0.00210533

-0.890747 0.00210533
-0.890442 0.00210769

-0.890442 0.0021077
-0.890137 0.0021101

-0.890137 0.0021101
-0.889832 0.00211251

-0.889832 0.00211251
-0.889526 0.00211489

-0.889526 0.0021149
-0.889221 0.00211723

-0.889221 0.00211724
-0.888916 0.00211949

-0.888916 0.00211949
-0.888611 0.00212163

-0.888611 0.00212163
-0.888306 0.00212362

-0.888306 0.00212363
-0.888 0.00212544

-0.888 0.00212545
-0.887695 0.00212706

-0.887695 0.00212706
-0.88739 0.00212843

-0.88739 0.00212844
-0.887085 0.00212955

-0.887085 0.00212956
-0.88678 0.00213039

-0.88678 0.00213039
-0.886475 0.00213093

-0.886475 0.00213093
-0.886169 0.00213116

-0.886169 0.00213115
-0.885864 0.00213108

-0.885864 0.00213108
-0.885559 0.00213073

-0.885559 0.00213071
-0.885254 0.00213012

-0.885254 0.0021301
-0.884949 0.00212934

-0.884949 0.0021293
-0.884644 0.00212848

-0.884644 0.00212843
-0.884338 0.00212772

-0.884338 0.00212765
-0.884033 0.00212728

-0.884033 0.00212718
-0.883728 0.00212749

-0.883728 0.00212735
-0.883423 0.00212882

-0.883423 0.00212867
-0.883118 0.00213185

-0.883118 0.00213184
-0.882862 0.00213623

-0.882848 0.00213623
-0.882812 0.00213685

-0.882812 0.00213648
-0.882507 0.00214502

-0.882507 0.00214451
-0.882202 0.00215854

-0.882202 0.00215802
-0.881897 0.00217963

-0.881897 0.00217912
-0.881592 0.00221037

-0.881592 0.00220963
-0.881287 0.00225302

-0.881287 0.00225191
-0.880981 0.00231117

-0.880981 0.00231052
-0.880676 0.00238915

-0.880676 0.00238921
-0.880516 0.00244141

-0.880515 0.00244141
-0.880371 0.0024884

-0.880371 0.00248748
-0.880066 0.00260947

-0.880066 0.00260913
-0.879781 0.00274658

-0.879785 0.00274658
-0.879761 0.00275847

-0.879761 0.00275768
-0.879456 0.00292717

-0.879456 0.0029268
-0.879252 0.00305176

-0.879258 0.00305176
-0.87915 0.00311778

-0.87915 0.0031173
-0.878845 0.00331853

-0.878845 0.00331921
-0.878788 0.00335693

-0.878792 0.00335693
-0.87854 0.00352844

-0.87854 0.00352888
-0.878344 0.00366211

-0.878347 0.00366211
-0.878235 0.00373757

-0.878235 0.00373837
-0.87793 0.00394109

-0.87793 0.00394064
-0.877887 0.00396729

-0.87789 0.00396729
-0.877625 0.00413573

-0.877625 0.00413629
-0.877397 0.00427246

-0.877395 0.00427246
-0.877319 0.00431767

-0.877319 0.00431878
-0.877014 0.00448782

-0.877014 0.00448817
-0.876838 0.00457764

-0.876837 0.00457764
-0.876709 0.00464234

-0.876709 0.004643
-0.876404 0.00478294

-0.876404 0.0047834
-0.87616 0.00488281

-0.876155 0.00488281
-0.876099 0.00490583

-0.876099 0.00490708
-0.875793 0.00501609

-0.875793 0.00501622
-0.875488 0.00511022

-0.875488 0.00511049
-0.875186 0.00518799

-0.875186 0.00518799
-0.875183 0.0051887

-0.875183 0.00518719
-0.875179 0.00518799

-0.875183 0.00518806
-0.874878 0.00525116

-0.874878 0.00525146
-0.874573 0.00530011

-0.874573 0.00530012
-0.874268 0.0053337

-0.874268 0.00533374
-0.873962 0.00535215

-0.873962 0.00535221
-0.873657 0.00535525

-0.873657 0.00535534
-0.873352 0.00534273

-0.873352 0.0053428
-0.873047 0.00531421

-0.871216 0.00477493
-0.871453 0.00488281

-0.871216 0.00477567
-0.870911 0.00461322

-0.870605 0.00442522
-0.870852 0.00457764

-0.870911 0.00461147
-0.870855 0.00457764

-0.86822 0.0
-0.868228 0.000305176

-0.868227 0.000305176
-0.868252 0.000610352

-0.868252 0.000610352
-0.868296 0.000915527

-0.868296 0.000915527
-0.868359 0.0012207

-0.868774 0.0023598
-0.868814 0.00244141

-0.868469 0.00161058
-0.868543 0.00183105

-0.868359 0.0012207
-0.868441 0.00152588

-0.868469 0.00161042
-0.868441 0.00152588

-0.868543 0.00183105
-0.868667 0.00213623

-0.868774 0.00235978
-0.868666 0.00213623

-0.86969 0.00365991
-0.869692 0.00366211

-0.869385 0.00331216
-0.86942 0.00335693

-0.86969 0.00366137
-0.869418 0.00335693

-0.8703 0.0042064
-0.870392 0.00427246

-0.869995 0.00395196
-0.870013 0.00396729

-0.8703 0.00420941
-0.870009 0.00396729

-0.870605 0.00442623
-0.87039 0.00427246

-0.869995 0.00395719
-0.86969 0.00366219

-0.86908 0.00288933
-0.869187 0.00305176

-0.868813 0.00244141
-0.868986 0.00274658

-0.86908 0.00288981
-0.868986 0.00274658

-0.869385 0.00331123
-0.869186 0.00305176

-0.873047 0.00531431
-0.872742 0.00526936

-0.872742 0.00526962
-0.872437 0.00520757

-0.872131 0.00512816
-0.872361 0.00518799

-0.872437 0.00520694
-0.872364 0.00518799

-0.872131 0.0051285
-0.871826 0.00503088

-0.871826 0.00503137
-0.871521 0.00491361

-0.871521 0.00491271
-0.871455 0.00488281

-1.0 0.457327
-0.999841 0.457458

-0.999842 0.457458
-0.999695 0.45758

-0.999695 0.457582
-0.999477 0.457764

-0.999476 0.457764
-0.99939 0.457836

-0.99939 0.457837
-0.999112 0.458069

-0.999111 0.458069
-0.999084 0.458091

-0.999084 0.458092
-0.998779 0.458347

-0.998779 0.458347
-0.998747 0.458374

-0.998747 0.458374
-0.998474 0.458602

-0.998474 0.458602
-0.998381 0.458679

-0.998382 0.458679
-0.998169 0.458856

-0.998169 0.458858
-0.998015 0.458984

-0.998017 0.458984
-0.997864 0.45911

-0.997864 0.459112
-0.997651 0.45929

-0.99765 0.45929
-0.997559 0.459366

-0.997559 0.459367
-0.997285 0.459595

-0.997285 0.459595
-0.997253 0.459621

-0.997253 0.459621
-0.996948 0.459876

-0.996948 0.459876
-0.99692 0.4599

-0.99692 0.4599
-0.996643 0.460131

-0.996643 0.460131
-0.996554 0.460205

-0.996554 0.460205
-0.996338 0.460385

-0.996338 0.460387
-0.996187 0.46051

-0.996189 0.46051
-0.996033 0.460639

-0.996033 0.46064
-0.995822 0.460815

-0.995822 0.460815
-0.995728 0.460894

-0.995728 0.460895
-0.995456 0.461121

-0.995456 0.461121
-0.995422 0.461148

-0.995422 0.461149
-0.995117 0.461403

-0.995117 0.461403
-0.99509 0.461426

-0.99509 0.461426
-0.994812 0.461658

-0.994812 0.461658
-0.994724 0.461731

-0.994724 0.461731
-0.994507 0.461912

-0.994507 0.461913
-0.994357 0.462036

-0.994359 0.462036
-0.994202 0.462165

-0.994202 0.462167
-0.993992 0.462341

-0.993991 0.462341
-0.993896 0.46242

-0.993896 0.462421
-0.993625 0.462646

-0.993624 0.462646
-0.993591 0.462674

-0.993591 0.462675
-0.993286 0.462929

-0.993286 0.462929
-0.993259 0.462952

-0.993259 0.462952
-0.992981 0.463183

-0.992981 0.463183
-0.992892 0.463257

-0.992892 0.463257
-0.992676 0.463437

-0.992676 0.463438
-0.992524 0.463562

-0.992526 0.463562
-0.992371 0.463689

-0.992371 0.463691
-0.992159 0.463867

-0.992158 0.463867
-0.992065 0.463944

-0.992065 0.463945
-0.991792 0.464172

-0.991791 0.464172
-0.99176 0.464198

-0.99176 0.464198
-0.991455 0.464452

-0.991455 0.464452
-0.991425 0.464478

-0.991425 0.464478
-0.99115 0.464706

-0.99115 0.464706
-0.991057 0.464783

-0.991058 0.464783
-0.990845 0.464959

-0.990845 0.464961
-0.990689 0.465088

-0.990691 0.465088
-0.99054 0.465212

-0.99054 0.465214
-0.990323 0.465393

-0.990323 0.465393
-0.990234 0.465466

-0.990234 0.465467
-0.989956 0.465698

-0.989955 0.465698
-0.989929 0.46572

-0.989929 0.46572
-0.989624 0.465974

-0.989624 0.465974
-0.989588 0.466003

-0.989588 0.466003
-0.989319 0.466227

-0.989319 0.466228
-0.989221 0.466309

-0.989221 0.466309
-0.989014 0.46648

-0.989014 0.466482
-0.988852 0.466614

-0.988854 0.466614
-0.988708 0.466733

-0.988708 0.466734
-0.988486 0.466919

-0.988485 0.466919
-0.988403 0.466986

-0.988403 0.466987
-0.988118 0.467224

-0.988117 0.467224
-0.988098 0.46724

-0.988098 0.46724
-0.987793 0.467494

-0.987793 0.467494
-0.98775 0.467529

-0.98775 0.467529
-0.987488 0.467747

-0.987488 0.467747
-0.987381 0.467834

-0.987382 0.467834
-0.987183 0.467999

-0.987183 0.468001
-0.987013 0.46814

-0.987015 0.46814
-0.986877 0.468252

-0.986877 0.468253
-0.986646 0.468445

-0.986645 0.468445
-0.986572 0.468505

-0.986572 0.468506
-0.986278 0.46875

-0.986277 0.46875
-0.986267 0.468758

-0.986267 0.468759
-0.985962 0.469011

-0.985962 0.469012
-0.985909 0.469055

-0.985909 0.469055
-0.985657 0.469264

-0.985657 0.469265
-0.98554 0.46936

-0.985541 0.46936
-0.985352 0.469516

-0.985352 0.469518
-0.985172 0.469666

-0.985173 0.469666
-0.985046 0.469769

-0.985046 0.46977
-0.984804 0.469971

-0.984803 0.469971
-0.984741 0.470022

-0.984741 0.470022
-0.984436 0.470275

-0.984436 0.470275
-0.984435 0.470276

-0.984435 0.470276
-0.984131 0.470528

-0.984131 0.470528
-0.984066 0.470581

-0.984066 0.470581
-0.983826 0.47078

-0.983826 0.470781
-0.983697 0.470886

-0.983698 0.470886
-0.983521 0.471032

-0.983521 0.471033
-0.983328 0.471191

-0.983328 0.471191
-0.983215 0.471284

-0.983215 0.471285
-0.982959 0.471497

-0.982959 0.471497
-0.98291 0.471537

-0.98291 0.471537
-0.982605 0.47179

-0.982605 0.47179
-0.98259 0.471802

-0.98259 0.471802
-0.9823 0.472042

-0.9823 0.472042
-0.982221 0.472107

-0.982221 0.472107
-0.981995 0.472294

-0.981995 0.472295
-0.981851 0.472412

-0.981853 0.472412
-0.981689 0.472545

-0.981689 0.472547
-0.981482 0.472717

-0.981482 0.472717
-0.981384 0.472797

-0.981384 0.472798
-0.981113 0.473022

-0.981112 0.473022
-0.981079 0.47305

-0.981079 0.47305
-0.980774 0.473302

-0.980774 0.473302
-0.980743 0.473328

-0.980743 0.473328
-0.980469 0.473554

-0.980469 0.473555
-0.980373 0.473633

-0.980374 0.473633
-0.980164 0.473806

-0.980164 0.473808
-0.980003 0.473938

-0.980005 0.473938
-0.979858 0.474057

-0.979858 0.474058
-0.979634 0.474243

-0.979634 0.474243
-0.979553 0.474309

-0.979553 0.47431
-0.979264 0.474548

-0.979263 0.474548
-0.979248 0.474561

-0.979248 0.474562
-0.978943 0.474813

-0.978943 0.474813
-0.978894 0.474854

-0.978894 0.474854
-0.978638 0.475065

-0.978638 0.475065
-0.978523 0.475159

-0.978525 0.475159
-0.978333 0.475316

-0.978333 0.475318
-0.978153 0.475464

-0.978154 0.475464
-0.978027 0.475567

-0.978027 0.475568
-0.977784 0.475769

-0.977783 0.475769
-0.977722 0.475819

-0.977722 0.47582
-0.977417 0.476071

-0.977417 0.476071
-0.977413 0.476074

-0.977413 0.476074
-0.977112 0.476322

-0.977112 0.476323
-0.977042 0.476379

-0.977043 0.476379
-0.976807 0.476574

-0.976807 0.476575
-0.976671 0.476685

-0.976673 0.476685
-0.976501 0.476824

-0.976501 0.476826
-0.976301 0.47699

-0.976302 0.47699
-0.976196 0.477076

-0.976196 0.477077
-0.975931 0.477295

-0.97593 0.477295
-0.975891 0.477327

-0.975891 0.477328
-0.975586 0.477579

-0.975586 0.477579
-0.97556 0.4776

-0.97556 0.4776
-0.975281 0.47783

-0.975281 0.47783
-0.975189 0.477905

-0.975189 0.477905
-0.974976 0.478081

-0.974976 0.478082
-0.974817 0.47821

-0.974819 0.47821
-0.97467 0.478331

-0.97467 0.478332
-0.974447 0.478516

-0.974447 0.478516
-0.974365 0.478582

-0.974365 0.478583
-0.974076 0.478821

-0.974075 0.478821
-0.97406 0.478833

-0.97406 0.478834
-0.973755 0.479085

-0.973755 0.479085
-0.973705 0.479126

-0.973705 0.479126
-0.97345 0.479336

-0.97345 0.479336
-0.973333 0.479431

-0.973334 0.479431
-0.973145 0.479586

-0.973145 0.479587
-0.972962 0.479736

-0.972963 0.479736
-0.972839 0.479836

-0.972839 0.479837
-0.972591 0.480042

-0.97259 0.480042
-0.972534 0.480087

-0.972534 0.480088
-0.972229 0.480339

-0.972229 0.480339
-0.972219 0.480347

-0.972219 0.480347
-0.971924 0.480589

-0.971924 0.480589
-0.971847 0.480652

-0.971848 0.480652
-0.971619 0.48084

-0.971619 0.480841
-0.971475 0.480957

-0.971477 0.480957
-0.971313 0.481089

-0.971313 0.481091
-0.971104 0.481262

-0.971104 0.481262
-0.971008 0.48134

-0.971008 0.481341
-0.970732 0.481567

-0.970732 0.481567
-0.970703 0.481591

-0.970703 0.481591
-0.970398 0.481842

-0.970398 0.481842
-0.97036 0.481873

-0.97036 0.481873
-0.970093 0.482092

-0.970093 0.482092
-0.969988 0.482178

-0.969989 0.482178
-0.969788 0.482342

-0.969788 0.482343
-0.969615 0.482483

-0.969617 0.482483
-0.969482 0.482591

-0.969482 0.482593
-0.969244 0.482788

-0.969243 0.482788
-0.969177 0.482842

-0.969177 0.482843
-0.968872 0.483093

-0.968872 0.483093
-0.968872 0.483093

-0.968872 0.483093
-0.968567 0.483343

-0.968567 0.483343
-0.968499 0.483398

-0.968499 0.483398
-0.968262 0.483593

-0.968262 0.483594
-0.968126 0.483704

-0.968128 0.483704
-0.967957 0.483842

-0.967957 0.483843
-0.967754 0.484009

-0.967754 0.484009
-0.967651 0.484092

-0.967651 0.484093
-0.967382 0.484314

-0.967381 0.484314
-0.967346 0.484342

-0.967346 0.484343
-0.967041 0.484593

-0.967041 0.484593
-0.967009 0.484619

-0.967009 0.484619
-0.966736 0.484843

-0.966736 0.484843
-0.966635 0.484924

-0.966636 0.484924
-0.966431 0.485092

-0.966431 0.485093
-0.966262 0.485229

-0.966264 0.485229
-0.966125 0.485341

-0.966125 0.485342
-0.96589 0.485535

-0.96589 0.485535
-0.96582 0.485591

-0.96582 0.485592
-0.965517 0.48584

-0.965516 0.48584
-0.965515 0.485841

-0.965515 0.485841
-0.96521 0.486091

-0.96521 0.486091
-0.965144 0.486145

-0.965144 0.486145
-0.964905 0.486341

-0.964905 0.486341
-0.96477 0.48645

-0.964772 0.48645
-0.9646 0.486589

-0.9646 0.486591
-0.964397 0.486755

-0.964397 0.486755
-0.964294 0.486839

-0.964294 0.48684
-0.964024 0.487061

-0.964023 0.487061
-0.963989 0.487088

-0.963989 0.487089
-0.963684 0.487338

-0.963684 0.487338
-0.96365 0.487366

-0.963651 0.487366
-0.963379 0.487588

-0.963379 0.487588
-0.963276 0.487671

-0.963277 0.487671
-0.963074 0.487837

-0.963074 0.487838
-0.962903 0.487976

-0.962904 0.487976
-0.962769 0.488085

-0.962769 0.488086
-0.96253 0.488281

-0.962529 0.488281
-0.962463 0.488335

-0.962463 0.488335
-0.962158 0.488585

-0.962158 0.488585
-0.962156 0.488586

-0.962156 0.488586
-0.961853 0.488834

-0.961853 0.488834
-0.961782 0.488892

-0.961782 0.488892
-0.961548 0.489083

-0.961548 0.489084
-0.961407 0.489197

-0.961409 0.489197
-0.961243 0.489331

-0.961243 0.489332
-0.961034 0.489502

-0.961034 0.489502
-0.960938 0.48958

-0.960938 0.489581
-0.96066 0.489807

-0.960659 0.489807
-0.960632 0.489829

-0.960632 0.48983
-0.960327 0.490079

-0.960327 0.490079
-0.960286 0.490112

-0.960286 0.490112
-0.960022 0.490327

-0.960022 0.490328
-0.959911 0.490417

-0.959912 0.490417
-0.959717 0.490576

-0.959717 0.490577
-0.959537 0.490723

-0.959538 0.490723
-0.959412 0.490824

-0.959412 0.490825
-0.959163 0.491028

-0.959162 0.491028
-0.959106 0.491073

-0.959106 0.491074
-0.958801 0.491322

-0.958801 0.491322
-0.958788 0.491333

-0.958788 0.491333
-0.958496 0.491571

-0.958496 0.491571
-0.958413 0.491638

-0.958414 0.491638
-0.958191 0.49182

-0.958191 0.491821
-0.958038 0.491943

-0.95804 0.491943
-0.957886 0.492067

-0.957886 0.492068
-0.957664 0.492249

-0.957664 0.492249
-0.957581 0.492316

-0.957581 0.492317
-0.957289 0.492554

-0.957289 0.492554
-0.957275 0.492564

-0.957275 0.492565
-0.95697 0.492813

-0.95697 0.492814
-0.956914 0.492859

-0.956914 0.492859
-0.956665 0.493062

-0.956665 0.493063
-0.956539 0.493164

-0.95654 0.493164
-0.95636 0.49331

-0.95636 0.493311
-0.956164 0.493469

-0.956164 0.493469
-0.956055 0.493557

-0.956055 0.493559
-0.955789 0.493774

-0.955789 0.493774
-0.95575 0.493806

-0.95575 0.493807
-0.955444 0.494055

-0.955444 0.494055
-0.955414 0.49408

-0.955414 0.49408
-0.955139 0.494303

-0.955139 0.494303
-0.955038 0.494385

-0.955039 0.494385
-0.954834 0.494551

-0.954834 0.494552
-0.954663 0.49469

-0.954664 0.49469
-0.954529 0.494798

-0.954529 0.494799
-0.954288 0.494995

-0.954287 0.494995
-0.954224 0.495046

-0.954224 0.495047
-0.953918 0.495295

-0.953918 0.495295
-0.953912 0.4953

-0.953912 0.4953
-0.953613 0.495543

-0.953613 0.495543
-0.953536 0.495605

-0.953537 0.495605
-0.953308 0.495791

-0.953308 0.495792
-0.95316 0.495911

-0.953162 0.495911
-0.953003 0.496038

-0.953003 0.496039
-0.952785 0.496216

-0.952785 0.496216
-0.952698 0.496286

-0.952698 0.496287
-0.952409 0.496521

-0.952409 0.496521
-0.952393 0.496534

-0.952393 0.496534
-0.952087 0.496782

-0.952087 0.496782
-0.952033 0.496826

-0.952033 0.496826
-0.951782 0.49703

-0.951782 0.497031
-0.951656 0.497131

-0.951658 0.497131
-0.951477 0.497277

-0.951477 0.497278
-0.951281 0.497437

-0.951281 0.497437
-0.951172 0.497524

-0.951172 0.497525
-0.950905 0.497742

-0.950904 0.497742
-0.950867 0.497772

-0.950867 0.497773
-0.950562 0.49802

-0.950562 0.49802
-0.950529 0.498047

-0.950529 0.498047
-0.950256 0.498268

-0.950256 0.498268
-0.950152 0.498352

-0.950153 0.498352
-0.949951 0.498515

-0.949951 0.498516
-0.949775 0.498657

-0.949777 0.498657
-0.949646 0.498761

-0.949646 0.498763
-0.9494 0.498962

-0.949399 0.498962
-0.949341 0.499009

-0.949341 0.49901
-0.949036 0.499257

-0.949036 0.499257
-0.949023 0.499268

-0.949023 0.499268
-0.94873 0.499504

-0.94873 0.499505
-0.948646 0.499573

-0.948646 0.499573
-0.948425 0.499752

-0.948425 0.499753
-0.948268 0.499878

-0.948271 0.499878
-0.94812 0.499998

-0.94812 0.499999
-0.947893 0.500183

-0.947892 0.500183
-0.947815 0.500245

-0.947815 0.500246
-0.947516 0.500488

-0.947515 0.500488
-0.94751 0.500493

-0.94751 0.500493
-0.947205 0.50074

-0.947205 0.50074
-0.947139 0.500793

-0.947139 0.500793
-0.946899 0.500987

-0.946899 0.500988
-0.946761 0.501099

-0.946763 0.501099
-0.946594 0.501233

-0.946594 0.501235
-0.946385 0.501404

-0.946385 0.501404
-0.946289 0.50148

-0.946289 0.501481
-0.946007 0.501709

-0.946007 0.501709
-0.945984 0.501727

-0.945984 0.501728
-0.945679 0.501975

-0.945679 0.501975
-0.94563 0.502014

-0.94563 0.502014
-0.945374 0.502222

-0.945374 0.502222
-0.945252 0.502319

-0.945253 0.502319
-0.945068 0.502468

-0.945068 0.502469
-0.944875 0.502625

-0.944876 0.502625
-0.944763 0.502714

-0.944763 0.502715
-0.944498 0.50293

-0.944497 0.50293
-0.944458 0.502961

-0.944458 0.502962
-0.944153 0.503209

-0.944153 0.503209
-0.94412 0.503235

-0.94412 0.503235
-0.943848 0.503455

-0.943848 0.503456
-0.943742 0.50354

-0.943743 0.50354
-0.943542 0.503702

-0.943542 0.503703
-0.943364 0.503845

-0.943366 0.503845
-0.943237 0.503947

-0.943237 0.503948
-0.942987 0.50415

-0.942987 0.50415
-0.942932 0.504194

-0.942932 0.504195
-0.942627 0.504441

-0.942627 0.504441
-0.942609 0.504456

-0.942609 0.504456
-0.942322 0.504688

-0.942322 0.504688
-0.942231 0.504761

-0.942231 0.504761
-0.942017 0.504934

-0.942017 0.504935
-0.941852 0.505066

-0.941854 0.505066
-0.941711 0.505179

-0.941711 0.505181
-0.941475 0.505371

-0.941475 0.505371
-0.941406 0.505426

-0.941406 0.505427
-0.941101 0.505673

-0.941101 0.505673
-0.941097 0.505676

-0.941097 0.505676
-0.940796 0.505919

-0.940796 0.505919
-0.940718 0.505981

-0.940719 0.505981
-0.940491 0.506165

-0.940491 0.506167
-0.940339 0.506287

-0.940341 0.506287
-0.940186 0.50641

-0.940186 0.506412
-0.939962 0.506592

-0.939962 0.506592
-0.93988 0.506657

-0.93988 0.506658
-0.939583 0.506897

-0.939583 0.506897
-0.939575 0.506903

-0.939575 0.506904
-0.93927 0.50715

-0.93927 0.50715
-0.939205 0.507202

-0.939205 0.507202
-0.938965 0.507396

-0.938965 0.507397
-0.938825 0.507507

-0.938827 0.507507
-0.93866 0.507641

-0.93866 0.507642
-0.938448 0.507812

-0.938447 0.507812
-0.938354 0.507887

-0.938354 0.507887
-0.938069 0.508118

-0.938068 0.508118
-0.938049 0.508133

-0.938049 0.508133
-0.937744 0.508379

-0.937744 0.508379
-0.93769 0.508423

-0.93769 0.508423
-0.937439 0.508625

-0.937439 0.508626
-0.93731 0.508728

-0.937312 0.508728
-0.937134 0.50887

-0.937134 0.508871
-0.936932 0.509033

-0.936932 0.509033
-0.936829 0.509115

-0.936829 0.509116
-0.936553 0.509338

-0.936552 0.509338
-0.936523 0.509361

-0.936523 0.509362
-0.936218 0.509608

-0.936218 0.509608
-0.936174 0.509644

-0.936174 0.509644
-0.935913 0.509853

-0.935913 0.509854
-0.935794 0.509949

-0.935795 0.509949
-0.935608 0.510098

-0.935608 0.510099
-0.935415 0.510254

-0.935415 0.510254
-0.935303 0.510343

-0.935303 0.510344
-0.935036 0.510559

-0.935035 0.510559
-0.934998 0.510589

-0.934998 0.51059
-0.934692 0.510835

-0.934692 0.510835
-0.934656 0.510864

-0.934656 0.510864
-0.934387 0.511081

-0.934387 0.511081
-0.934276 0.511169

-0.934277 0.511169
-0.934082 0.511326

-0.934082 0.511327
-0.933897 0.511475

-0.933898 0.511475
-0.933777 0.51157

-0.933777 0.511571
-0.933518 0.51178

-0.933517 0.51178
-0.933472 0.511816

-0.933472 0.511817
-0.933167 0.512062

-0.933167 0.512062
-0.933138 0.512085

-0.933138 0.512085
-0.932861 0.512307

-0.932861 0.512308
-0.932757 0.51239

-0.932758 0.51239
-0.932556 0.512552

-0.932556 0.512553
-0.932378 0.512695

-0.932379 0.512695
-0.932251 0.512796

-0.932251 0.512797
-0.931998 0.513

-0.931997 0.513
-0.931946 0.513042

-0.931946 0.513042
-0.931641 0.513288

-0.931641 0.513288
-0.931618 0.513306

-0.931618 0.513306
-0.931335 0.513533

-0.931335 0.513533
-0.931237 0.513611

-0.931238 0.513611
-0.93103 0.513777

-0.93103 0.513778
-0.930857 0.513916

-0.930859 0.513916
-0.930725 0.514021

-0.930725 0.514023
-0.930478 0.514221

-0.930477 0.514221
-0.93042 0.514267

-0.93042 0.514267
-0.930115 0.514512

-0.930115 0.514512
-0.930097 0.514526

-0.930097 0.514526
-0.92981 0.514757

-0.92981 0.514757
-0.929716 0.514832

-0.929717 0.514832
-0.929504 0.515002

-0.929504 0.515003
-0.929336 0.515137

-0.929337 0.515137
-0.929199 0.515245

-0.929199 0.515247
-0.928956 0.515442

-0.928955 0.515442
-0.928894 0.515491

-0.928894 0.515491
-0.928589 0.515736

-0.928589 0.515736
-0.928575 0.515747

-0.928575 0.515747
-0.928284 0.515981

-0.928284 0.515981
-0.928194 0.516052

-0.928194 0.516052
-0.927979 0.516225

-0.927979 0.516226
-0.927813 0.516357

-0.927815 0.516357
-0.927673 0.516469

-0.927673 0.51647
-0.927433 0.516663

-0.927432 0.516663
-0.927368 0.516714

-0.927368 0.516714
-0.927063 0.516959

-0.927063 0.516959
-0.927052 0.516968

-0.927052 0.516968
-0.926758 0.517203

-0.926758 0.517204
-0.92667 0.517273

-0.926671 0.517273
-0.926453 0.517448

-0.926453 0.517449
-0.926289 0.517578

-0.926291 0.517578
-0.926147 0.517691

-0.926147 0.517692
-0.925909 0.517883

-0.925908 0.517883
-0.925842 0.517936

-0.925842 0.517936
-0.925537 0.518181

-0.925537 0.518181
-0.925527 0.518188

-0.925527 0.518188
-0.925232 0.518425

-0.925232 0.518425
-0.925146 0.518494

-0.925146 0.518494
-0.924927 0.518669

-0.924927 0.51867
-0.924764 0.518799

-0.924766 0.518799
-0.924622 0.518912

-0.924622 0.518914
-0.924384 0.519104

-0.924383 0.519104
-0.924316 0.519157

-0.924316 0.519158
-0.924011 0.519402

-0.924011 0.519402
-0.924002 0.519409

-0.924002 0.519409
-0.923706 0.519646

-0.923706 0.519646
-0.92362 0.519714

-0.92362 0.519714
-0.923401 0.51989

-0.923401 0.519891
-0.923238 0.52002

-0.92324 0.52002
-0.923096 0.520133

-0.923096 0.520134
-0.922857 0.520325

-0.922857 0.520325
-0.922791 0.520377

-0.922791 0.520378
-0.922485 0.520622

-0.922485 0.520622
-0.922475 0.52063

-0.922475 0.52063
-0.92218 0.520866

-0.92218 0.520866
-0.922093 0.520935

-0.922093 0.520935
-0.921875 0.52111

-0.921875 0.52111
-0.921711 0.52124

-0.921713 0.52124
-0.92157 0.521352

-0.92157 0.521354
-0.92133 0.521545

-0.921329 0.521545
-0.921265 0.521596

-0.921265 0.521597
-0.920959 0.521841

-0.920959 0.521841
-0.920947 0.521851

-0.920947 0.521851
-0.920654 0.522085

-0.920654 0.522085
-0.920565 0.522156

-0.920565 0.522156
-0.920349 0.522328

-0.920349 0.522329
-0.920182 0.522461

-0.920184 0.522461
-0.920044 0.522571

-0.920044 0.522572
-0.919801 0.522766

-0.9198 0.522766
-0.919739 0.522815

-0.919739 0.522816
-0.919434 0.523059

-0.919434 0.523059
-0.919418 0.523071

-0.919418 0.523071
-0.919128 0.523303

-0.919128 0.523303
-0.919035 0.523376

-0.919036 0.523376
-0.918823 0.523546

-0.918823 0.523547
-0.918653 0.523682

-0.918654 0.523682
-0.918518 0.523788

-0.918518 0.52379
-0.918271 0.523987

-0.91827 0.523987
-0.918213 0.524032

-0.918213 0.524033
-0.917908 0.524277

-0.917908 0.524277
-0.917888 0.524292

-0.917888 0.524292
-0.917603 0.52452

-0.917603 0.52452
-0.917505 0.524597

-0.917506 0.524597
-0.917297 0.524763

-0.917297 0.524764
-0.917122 0.524902

-0.917124 0.524902
-0.916992 0.525005

-0.916992 0.525007
-0.91674 0.525208

-0.91674 0.525208
-0.916687 0.525249

-0.916687 0.52525
-0.916382 0.525493

-0.916382 0.525493
-0.916357 0.525513

-0.916357 0.525513
-0.916077 0.525736

-0.916077 0.525737
-0.915974 0.525818

-0.915974 0.525818
-0.915771 0.525979

-0.915771 0.52598
-0.915591 0.526123

-0.915592 0.526123
-0.915466 0.526221

-0.915466 0.526223
-0.915208 0.526428

-0.915207 0.526428
-0.915161 0.526465

-0.915161 0.526466
-0.914856 0.526709

-0.914856 0.526709
-0.914825 0.526733

-0.914825 0.526733
-0.914551 0.526952

-0.914551 0.526952
-0.914441 0.527039

-0.914442 0.527039
-0.914246 0.527194

-0.914246 0.527195
-0.914058 0.527344

-0.914059 0.527344
-0.91394 0.527437

-0.91394 0.527438
-0.913675 0.527649

-0.913674 0.527649
-0.913635 0.52768

-0.913635 0.52768
-0.91333 0.527923

-0.91333 0.527923
-0.913291 0.527954

-0.913291 0.527954
-0.913025 0.528166

-0.913025 0.528167
-0.912907 0.528259

-0.912908 0.528259
-0.91272 0.528409

-0.91272 0.528409
-0.912524 0.528564

-0.912525 0.528564
-0.912415 0.528651

-0.912415 0.528652
-0.912141 0.52887

-0.91214 0.52887
-0.912109 0.528894

-0.912109 0.528895
-0.911804 0.529137

-0.911804 0.529137
-0.911757 0.529175

-0.911757 0.529175
-0.911499 0.52938

-0.911499 0.529381
-0.911372 0.52948

-0.911374 0.52948
-0.911194 0.529622

-0.911194 0.529623
-0.910989 0.529785

-0.910989 0.529785
-0.910889 0.529864

-0.910889 0.529865
-0.910605 0.53009

-0.910605 0.53009
-0.910583 0.530107

-0.910583 0.530108
-0.910278 0.53035

-0.910278 0.53035
-0.910221 0.530396

-0.910221 0.530396
-0.909973 0.530593

-0.909973 0.530594
-0.909836 0.530701

-0.909838 0.530701
-0.909668 0.530835

-0.909668 0.530835
-0.909453 0.531006

-0.909453 0.531006
-0.909363 0.531077

-0.909363 0.531078
-0.909069 0.531311

-0.909068 0.531311
-0.909058 0.53132

-0.909058 0.53132
-0.908752 0.531562

-0.908752 0.531563
-0.908684 0.531616

-0.908685 0.531616
-0.908447 0.531805

-0.908447 0.531806
-0.908299 0.531921

-0.908301 0.531921
-0.908142 0.532046

-0.908142 0.532047
-0.907916 0.532227

-0.907916 0.532227
-0.907837 0.532288

-0.907837 0.532289
-0.907532 0.532532

-0.907531 0.532532
-0.907227 0.532774

-0.907227 0.532774
-0.907146 0.532837

-0.907147 0.532837
-0.906921 0.533016

-0.906921 0.533017
-0.906761 0.533142

-0.906763 0.533142
-0.906616 0.533257

-0.906616 0.533258
-0.906378 0.533447

-0.906377 0.533447
-0.906311 0.533499

-0.906311 0.5335
-0.906006 0.533742

-0.906006 0.533742
-0.905993 0.533752

-0.905993 0.533752
-0.905701 0.533984

-0.905701 0.533985
-0.905607 0.534058

-0.905608 0.534058
-0.905396 0.534226

-0.905396 0.534227
-0.905223 0.534363

-0.905224 0.534363
-0.90509 0.534467

-0.90509 0.534468
-0.904838 0.534668

-0.904838 0.534668
-0.904785 0.534709

-0.904785 0.53471
-0.90448 0.534952

-0.90448 0.534952
-0.904453 0.534973

-0.904453 0.534973
-0.904175 0.535194

-0.904175 0.535194
-0.904067 0.535278

-0.904068 0.535278
-0.90387 0.535436

-0.90387 0.535436
-0.903683 0.535583

-0.903684 0.535583
-0.903564 0.535676

-0.903564 0.535678
-0.903298 0.535889

-0.903297 0.535889
-0.903259 0.535919

-0.903259 0.535919
-0.902954 0.536161

-0.902954 0.536161
-0.902912 0.536194

-0.902913 0.536194
-0.902649 0.536403

-0.902649 0.536403
-0.902526 0.536499

-0.902528 0.536499
-0.902344 0.536644

-0.902344 0.536645
-0.902142 0.536804

-0.902142 0.536804
-0.902039 0.536885

-0.902039 0.536886
-0.901756 0.537109

-0.901756 0.537109
-0.901733 0.537127

-0.901733 0.537128
-0.901428 0.537369

-0.901428 0.537369
-0.901371 0.537415

-0.901371 0.537415
-0.901123 0.537611

-0.901123 0.537612
-0.900984 0.53772

-0.900986 0.53772
-0.900818 0.537852

-0.900818 0.537852
-0.9006 0.538025

-0.900599 0.538025
-0.900513 0.538093

-0.900513 0.538094
-0.900214 0.53833

-0.900213 0.53833
-0.900208 0.538335

-0.900208 0.538335
-0.899902 0.538576

-0.899902 0.538577
-0.899828 0.538635

-0.899828 0.538635
-0.899597 0.538818

-0.899597 0.538819
-0.899441 0.53894

-0.899443 0.53894
-0.899292 0.539058

-0.899292 0.539059
-0.899056 0.539246

-0.899056 0.539246
-0.898987 0.5393

-0.898987 0.5393
-0.898682 0.539542

-0.898682 0.539542
-0.89867 0.539551

-0.89867 0.539551
-0.898376 0.539783

-0.898376 0.539783
-0.898283 0.539856

-0.898284 0.539856
-0.898071 0.540024

-0.898071 0.540025
-0.897898 0.540161

-0.897899 0.540161
-0.897766 0.540264

-0.897766 0.540265
-0.897512 0.540466

-0.897511 0.540466
-0.897461 0.540506

-0.897461 0.540506
-0.897156 0.540748

-0.897156 0.540748
-0.897125 0.540771

-0.897126 0.540771
-0.896851 0.540989

-0.896851 0.540989
-0.896738 0.541077

-0.896739 0.541077
-0.896545 0.54123

-0.896545 0.54123
-0.896353 0.541382

-0.896353 0.541382
-0.89624 0.54147

-0.89624 0.541471
-0.895966 0.541687

-0.895966 0.541687
-0.895935 0.541711

-0.895935 0.541712
-0.89563 0.541953

-0.89563 0.541953
-0.89558 0.541992

-0.89558 0.541992
-0.895325 0.542194

-0.895325 0.542194
-0.895192 0.542297

-0.895194 0.542297
-0.89502 0.542434

-0.89502 0.542435
-0.894807 0.542603

-0.894807 0.542603
-0.894714 0.542674

-0.894714 0.542675
-0.89442 0.542908

-0.894419 0.542908
-0.894409 0.542916

-0.894409 0.542916
-0.894104 0.543157

-0.894104 0.543157
-0.894033 0.543213

-0.894033 0.543213
-0.893799 0.543398

-0.893799 0.543399
-0.893645 0.543518

-0.893647 0.543518
-0.893494 0.543638

-0.893494 0.543639
-0.89326 0.543823

-0.893259 0.543823
-0.893188 0.543878

-0.893188 0.543879
-0.892883 0.54412

-0.892883 0.54412
-0.892872 0.544128

-0.892872 0.544128
-0.892578 0.54436

-0.892578 0.544361
-0.892485 0.544434

-0.892485 0.544434
-0.892273 0.544601

-0.892273 0.544602
-0.892098 0.544739

-0.892099 0.544739
-0.891968 0.54484

-0.891968 0.544842
-0.891711 0.545044

-0.89171 0.545044
-0.891663 0.545081

-0.891663 0.545082
-0.891357 0.545323

-0.891357 0.545323
-0.891324 0.545349

-0.891324 0.545349
-0.891052 0.545563

-0.891052 0.545564
-0.890936 0.545654

-0.890937 0.545654
-0.890747 0.545803

-0.890747 0.545804
-0.890549 0.545959

-0.890549 0.545959
-0.890442 0.546043

-0.890442 0.546044
-0.890162 0.546265

-0.890161 0.546265
-0.890137 0.546284

-0.890137 0.546284
-0.889832 0.546525

-0.889832 0.546525
-0.889774 0.54657

-0.889774 0.54657
-0.889526 0.546765

-0.889526 0.546766
-0.889385 0.546875

-0.889387 0.546875
-0.889221 0.547005

-0.889221 0.547006
-0.888999 0.54718

-0.888999 0.54718
-0.888916 0.547245

-0.888916 0.547246
-0.888611 0.547485

-0.888611 0.547486
-0.888306 0.547726

-0.888306 0.547726
-0.888223 0.547791

-0.888224 0.547791
-0.888 0.547966

-0.888 0.547967
-0.887835 0.548096

-0.887837 0.548096
-0.887695 0.548205

-0.887695 0.548206
-0.887448 0.548401

-0.887448 0.548401
-0.88739 0.548446

-0.88739 0.548446
-0.887085 0.548687

-0.887085 0.548687
-0.88706 0.548706

-0.88706 0.548706
-0.88678 0.548927

-0.88678 0.548927
-0.886671 0.549011

-0.886672 0.549011
-0.886475 0.549167

-0.886475 0.549167
-0.886284 0.549316

-0.886285 0.549316
-0.886169 0.549406

-0.886169 0.549407
-0.885896 0.549622

-0.885895 0.549622
-0.885864 0.549646

-0.885864 0.549647
-0.885559 0.549887

-0.885559 0.549887
-0.885508 0.549927

-0.885508 0.549927
-0.885254 0.550126

-0.885254 0.550127
-0.885118 0.550232

-0.88512 0.550232
-0.884949 0.550366

-0.884949 0.550366
-0.884732 0.550537

-0.884731 0.550537
-0.884644 0.550605

-0.884644 0.550606
-0.884343 0.550842

-0.884343 0.550842
-0.884338 0.550846

-0.884338 0.550846
-0.884033 0.551086

-0.884033 0.551086
-0.883954 0.551147

-0.883955 0.551147
-0.883728 0.551325

-0.883728 0.551326
-0.883565 0.551453

-0.883567 0.551453
-0.883423 0.551564

-0.883423 0.551565
-0.883178 0.551758

-0.883177 0.551758
-0.883118 0.551804

-0.883118 0.551805
-0.882812 0.552045

-0.882812 0.552045
-0.882789 0.552063

-0.882789 0.552063
-0.882507 0.552284

-0.882507 0.552285
-0.882399 0.552368

-0.882401 0.552368
-0.882202 0.552524

-0.882202 0.552524
-0.882012 0.552673

-0.882012 0.552673
-0.881897 0.552762

-0.881897 0.552763
-0.881623 0.552979

-0.881622 0.552979
-0.881592 0.553002

-0.881592 0.553003
-0.881287 0.553242

-0.881287 0.553243
-0.881234 0.553284

-0.881234 0.553284
-0.880981 0.553482

-0.880981 0.553483
-0.880844 0.553589

-0.880846 0.553589
-0.880676 0.553721

-0.880676 0.553721
-0.880456 0.553894

-0.880456 0.553894
-0.880371 0.55396

-0.880371 0.553961
-0.880067 0.554199

-0.880067 0.554199
-0.880066 0.5542

-0.880066 0.5542
-0.879761 0.554439

-0.879761 0.55444
-0.879677 0.554504

-0.879678 0.554504
-0.879456 0.554679

-0.879456 0.554679
-0.879288 0.55481

-0.87929 0.55481
-0.87915 0.554917

-0.87915 0.554918
-0.8789 0.555115

-0.878899 0.555115
-0.878845 0.555157

-0.878845 0.555157
-0.87854 0.555397

-0.87854 0.555397
-0.87851 0.55542

-0.87851 0.55542
-0.878235 0.555636

-0.878235 0.555636
-0.87812 0.555725

-0.878121 0.555725
-0.87793 0.555875

-0.87793 0.555875
-0.877732 0.55603

-0.877732 0.55603
-0.877625 0.556113

-0.877625 0.556114
-0.877342 0.556335

-0.877342 0.556335
-0.877319 0.556353

-0.877319 0.556353
-0.877014 0.556592

-0.877014 0.556593
-0.876952 0.556641

-0.876953 0.556641
-0.876709 0.556832

-0.876709 0.556832
-0.876562 0.556946

-0.876564 0.556946
-0.876404 0.55707

-0.876404 0.557071
-0.876174 0.557251

-0.876173 0.557251
-0.876099 0.557309

-0.876099 0.55731
-0.875793 0.557549

-0.875793 0.557549
-0.875784 0.557556

-0.875784 0.557556
-0.875488 0.557788

-0.875488 0.557788
-0.875393 0.557861

-0.875394 0.557861
-0.875183 0.558026

-0.875183 0.558027
-0.875004 0.558167

-0.875005 0.558167
-0.874878 0.558264

-0.874878 0.558265
-0.874614 0.558472

-0.874614 0.558472
-0.874573 0.558504

-0.874573 0.558504
-0.874268 0.558743

-0.874268 0.558743
-0.874224 0.558777

-0.874224 0.558777
-0.873962 0.558982

-0.873962 0.558983
-0.873833 0.559082

-0.873835 0.559082
-0.873657 0.55922

-0.873657 0.559221
-0.873445 0.559387

-0.873444 0.559387
-0.873352 0.559458

-0.873352 0.559459
-0.873054 0.559692

-0.873054 0.559692
-0.873047 0.559698

-0.873047 0.559698
-0.872742 0.559937

-0.872742 0.559937
-0.872664 0.559998

-0.872664 0.559998
-0.872437 0.560176

-0.872437 0.560176
-0.872273 0.560303

-0.872275 0.560303
-0.872131 0.560413

-0.872131 0.560414
-0.871884 0.560608

-0.871883 0.560608
-0.871826 0.560652

-0.871826 0.560653
-0.871521 0.560891

-0.871521 0.560891
-0.871493 0.560913

-0.871493 0.560913
-0.871216 0.56113

-0.871216 0.561131
-0.871102 0.561218

-0.871103 0.561218
-0.870911 0.561368

-0.870911 0.561369
-0.870713 0.561523

-0.870713 0.561523
-0.870605 0.561606

-0.870605 0.561607
-0.870322 0.561829

-0.870321 0.561829
-0.8703 0.561845

-0.8703 0.561845
-0.869995 0.562084

-0.869995 0.562084
-0.869931 0.562134

-0.869931 0.562134
-0.86969 0.562322

-0.86969 0.562323
-0.86954 0.562439

-0.869542 0.562439
-0.869385 0.56256

-0.869385 0.562561
-0.86915 0.562744

-0.86915 0.562744
-0.86908 0.562798

-0.86908 0.562799
-0.868774 0.563037

-0.868774 0.563038
-0.868759 0.563049

-0.868759 0.563049
-0.868469 0.563276

-0.868469 0.563276
-0.868368 0.563354

-0.868369 0.563354
-0.868164 0.563514

-0.868164 0.563514
-0.867978 0.56366

-0.867978 0.56366
-0.867859 0.563751

-0.867859 0.563752
-0.867587 0.563965

-0.867586 0.563965
-0.867554 0.56399

-0.867554 0.563991
-0.867249 0.564229

-0.867249 0.564229
-0.867195 0.56427

-0.867196 0.56427
-0.866943 0.564467

-0.866943 0.564468
-0.866803 0.564575

-0.866805 0.564575
-0.866638 0.564705

-0.866638 0.564705
-0.866414 0.56488

-0.866413 0.56488
-0.866333 0.564942

-0.866333 0.564943
-0.866028 0.565181

-0.866028 0.565181
-0.866022 0.565186

-0.866022 0.565186
-0.865723 0.565419

-0.865723 0.56542
-0.865631 0.565491

-0.865631 0.565491
-0.865417 0.565658

-0.865417 0.565658
-0.86524 0.565796

-0.865241 0.565796
-0.865112 0.565894

-0.865112 0.565896
-0.864849 0.566101

-0.864848 0.566101
-0.864807 0.566133

-0.864807 0.566133
-0.864502 0.566371

-0.864502 0.566372
-0.864457 0.566406

-0.864457 0.566406
-0.864197 0.566609

-0.864197 0.56661
-0.864065 0.566711

-0.864066 0.566711
-0.863892 0.566847

-0.863892 0.566847
-0.863675 0.567017

-0.863674 0.567017
-0.863586 0.567084

-0.863586 0.567085
-0.863283 0.567322

-0.863283 0.567322
-0.863281 0.567323

-0.863281 0.567323
-0.862976 0.567561

-0.862976 0.567561
-0.862891 0.567627

-0.862891 0.567627
-0.862671 0.567799

-0.862671 0.567799
-0.862499 0.567932

-0.862501 0.567932
-0.862366 0.568035

-0.862366 0.568037
-0.862108 0.568237

-0.862107 0.568237
-0.862061 0.568273

-0.862061 0.568274
-0.861755 0.568512

-0.861755 0.568512
-0.861716 0.568542

-0.861716 0.568542
-0.86145 0.56875

-0.86145 0.568751
-0.861323 0.568848

-0.861325 0.568848
-0.861145 0.568987

-0.861145 0.568988
-0.860933 0.569153

-0.860933 0.569153
-0.86084 0.569224

-0.86084 0.569225
-0.860541 0.569458

-0.86054 0.569458
-0.860535 0.569462

-0.860535 0.569463
-0.860229 0.5697

-0.860229 0.569701
-0.860148 0.569763

-0.860149 0.569763
-0.859924 0.569938

-0.859924 0.569938
-0.859756 0.570068

-0.859758 0.570068
-0.859619 0.570174

-0.859619 0.570175
-0.859365 0.570374

-0.859364 0.570374
-0.859314 0.570412

-0.859314 0.570413
-0.859009 0.57065

-0.859009 0.57065
-0.858972 0.570679

-0.858972 0.570679
-0.858704 0.570888

-0.858704 0.570889
-0.858579 0.570984

-0.858581 0.570984
-0.858398 0.571125

-0.858398 0.571125
-0.858188 0.571289

-0.858188 0.571289
-0.858093 0.571362

-0.858093 0.571363
-0.857796 0.571594

-0.857795 0.571594
-0.857788 0.5716

-0.857788 0.5716
-0.857483 0.571837

-0.857483 0.571838
-0.857403 0.571899

-0.857403 0.571899
-0.857178 0.572075

-0.857178 0.572075
-0.85701 0.572205

-0.857012 0.572205
-0.856873 0.572311

-0.856873 0.572312
-0.856619 0.57251

-0.856618 0.57251
-0.856567 0.572549

-0.856567 0.572549
-0.856262 0.572787

-0.856262 0.572787
-0.856226 0.572815

-0.856226 0.572815
-0.855957 0.573024

-0.855957 0.573025
-0.855832 0.57312

-0.855834 0.57312
-0.855652 0.573261

-0.855652 0.573261
-0.855441 0.573425

-0.855441 0.573425
-0.855347 0.573497

-0.855347 0.573498
-0.855048 0.57373

-0.855048 0.57373
-0.855042 0.573735

-0.855042 0.573736
-0.854736 0.573973

-0.854736 0.573973
-0.854655 0.574036

-0.854655 0.574036
-0.854431 0.57421

-0.854431 0.57421
-0.854262 0.574341

-0.854264 0.574341
-0.854126 0.574446

-0.854126 0.574447
-0.85387 0.574646

-0.853869 0.574646
-0.853821 0.574683

-0.853821 0.574684
-0.853516 0.574921

-0.853516 0.574921
-0.853477 0.574951

-0.853477 0.574951
-0.85321 0.575158

-0.85321 0.575159
-0.853082 0.575256

-0.853084 0.575256
-0.852905 0.575395

-0.852905 0.575395
-0.852691 0.575562

-0.852691 0.575562
-0.8526 0.575631

-0.8526 0.575632
-0.852298 0.575867

-0.852298 0.575867
-0.852295 0.575869

-0.852295 0.575869
-0.85199 0.576106

-0.85199 0.576106
-0.851904 0.576172

-0.851905 0.576172
-0.851685 0.576343

-0.851685 0.576343
-0.851511 0.576477

-0.851513 0.576477
-0.851379 0.576578

-0.851379 0.57658
-0.851118 0.576782

-0.851118 0.576782
-0.851074 0.576816

-0.851074 0.576816
-0.850769 0.577053

-0.850769 0.577053
-0.850725 0.577087

-0.850725 0.577087
-0.850464 0.57729

-0.850464 0.577291
-0.85033 0.577393

-0.850332 0.577393
-0.850159 0.577527

-0.850159 0.577527
-0.849939 0.577698

-0.849938 0.577698
-0.849854 0.577763

-0.849854 0.577764
-0.849548 0.578

-0.849548 0.578
-0.849545 0.578003

-0.849545 0.578003
-0.849243 0.578237

-0.849243 0.578237
-0.849151 0.578308

-0.849152 0.578308
-0.848938 0.578474

-0.848938 0.578474
-0.848758 0.578613

-0.848759 0.578613
-0.848633 0.578709

-0.848633 0.57871
-0.848365 0.578918

-0.848364 0.578918
-0.848328 0.578946

-0.848328 0.578947
-0.848022 0.579184

-0.848022 0.579184
-0.847971 0.579224

-0.847971 0.579224
-0.847717 0.57942

-0.847717 0.579421
-0.847576 0.579529

-0.847578 0.579529
-0.847412 0.579656

-0.847412 0.579657
-0.847184 0.579834

-0.847183 0.579834
-0.847107 0.579892

-0.847107 0.579893
-0.846802 0.58013

-0.846802 0.58013
-0.84679 0.580139

-0.84679 0.580139
-0.846497 0.580366

-0.846497 0.580367
-0.846395 0.580444

-0.846396 0.580444
-0.846191 0.580603

-0.846191 0.580603
-0.846002 0.58075

-0.846003 0.58075
-0.845886 0.580838

-0.845886 0.580839
-0.845608 0.581055

-0.845608 0.581055
-0.845581 0.581075

-0.845581 0.581076
-0.845276 0.581312

-0.845276 0.581312
-0.845214 0.58136

-0.845214 0.58136
-0.844971 0.581549

-0.844971 0.581549
-0.844819 0.581665

-0.844821 0.581665
-0.844666 0.581784

-0.844666 0.581785
-0.844426 0.58197

-0.844426 0.58197
-0.84436 0.58202

-0.84436 0.582021
-0.844055 0.582258

-0.844055 0.582258
-0.844032 0.582275

-0.844032 0.582275
-0.84375 0.582494

-0.84375 0.582494
-0.843637 0.582581

-0.843638 0.582581
-0.843445 0.58273

-0.843445 0.58273
-0.843244 0.582886

-0.843244 0.582886
-0.84314 0.582965

-0.84314 0.582966
-0.84285 0.583191

-0.842849 0.583191
-0.842834 0.583202

-0.842834 0.583203
-0.842529 0.583439

-0.842529 0.583439
-0.842455 0.583496

-0.842455 0.583496
-0.842224 0.583675

-0.842224 0.583675
-0.84206 0.583801

-0.842062 0.583801
-0.841919 0.58391

-0.841919 0.583911
-0.841667 0.584106

-0.841666 0.584106
-0.841614 0.584146

-0.841614 0.584147
-0.841309 0.584383

-0.841309 0.584383
-0.841272 0.584412

-0.841272 0.584412
-0.841003 0.584619

-0.841003 0.58462
-0.840876 0.584717

-0.840878 0.584717
-0.840698 0.584855

-0.840698 0.584856
-0.840483 0.585022

-0.840483 0.585022
-0.840393 0.585091

-0.840393 0.585092
-0.840088 0.585327

-0.840088 0.585327
-0.840088 0.585328

-0.840088 0.585328
-0.839783 0.585564

-0.839783 0.585564
-0.839693 0.585632

-0.839694 0.585632
-0.839478 0.5858

-0.839478 0.5858
-0.839299 0.585938

-0.8393 0.585938
-0.839172 0.586034

-0.839172 0.586036
-0.838905 0.586243

-0.838904 0.586243
-0.838867 0.586271

-0.838867 0.586272
-0.838562 0.586507

-0.838562 0.586508
-0.838509 0.586548

-0.83851 0.586548
-0.838257 0.586743

-0.838257 0.586744
-0.838114 0.586853

-0.838116 0.586853
-0.837952 0.586979

-0.837952 0.586979
-0.83772 0.587158

-0.83772 0.587158
-0.837646 0.587214

-0.837646 0.587215
-0.837341 0.587451

-0.837341 0.587451
-0.837325 0.587463

-0.837325 0.587463
-0.837036 0.587687

-0.837036 0.587687
-0.836929 0.587769

-0.83693 0.587769
-0.836731 0.587923

-0.836731 0.587923
-0.836535 0.588074

-0.836536 0.588074
-0.836426 0.588157

-0.836426 0.588158
-0.83614 0.588379

-0.83614 0.588379
-0.836121 0.588394

-0.836121 0.588394
-0.835815 0.58863

-0.835815 0.58863
-0.835745 0.588684

-0.835745 0.588684
-0.83551 0.588866

-0.83551 0.588866
-0.835349 0.588989

-0.835351 0.588989
-0.835205 0.5891

-0.835205 0.589101
-0.834955 0.589294

-0.834954 0.589294
-0.8349 0.589336

-0.8349 0.589337
-0.834595 0.589573

-0.834595 0.589573
-0.834559 0.5896

-0.83456 0.5896
-0.83429 0.589808

-0.83429 0.589809
-0.834163 0.589905

-0.834165 0.589905
-0.833984 0.590044

-0.833984 0.590044
-0.833769 0.59021

-0.833769 0.59021
-0.833679 0.590278

-0.833679 0.590279
-0.833374 0.590515

-0.833374 0.590515
-0.833069 0.59075

-0.833069 0.590751
-0.832978 0.59082

-0.832978 0.59082
-0.832764 0.590986

-0.832764 0.590986
-0.832583 0.591125

-0.832584 0.591125
-0.832458 0.59122

-0.832458 0.591222
-0.832188 0.591431

-0.832187 0.591431
-0.832153 0.591456

-0.832153 0.591457
-0.831848 0.591693

-0.831848 0.591693
-0.831792 0.591736

-0.831792 0.591736
-0.831543 0.591928

-0.831543 0.591929
-0.831395 0.592041

-0.831397 0.592041
-0.831238 0.592163

-0.831238 0.592164
-0.831001 0.592346

-0.831 0.592346
-0.830933 0.592398

-0.830933 0.592399
-0.830627 0.592634

-0.830627 0.592634
-0.830605 0.592651

-0.830605 0.592651
-0.830322 0.59287

-0.830322 0.59287
-0.830208 0.592957

-0.83021 0.592957
-0.830017 0.593105

-0.830017 0.593105
-0.829814 0.593262

-0.829814 0.593262
-0.829712 0.593339

-0.829712 0.59334
-0.829418 0.593567

-0.829418 0.593567
-0.829407 0.593575

-0.829407 0.593576
-0.829102 0.593811

-0.829102 0.593811
-0.829022 0.593872

-0.829022 0.593872
-0.828796 0.594046

-0.828796 0.594047
-0.828626 0.594177

-0.828627 0.594177
-0.828491 0.59428

-0.828491 0.594282
-0.828231 0.594482

-0.82823 0.594482
-0.828186 0.594516

-0.828186 0.594517
-0.827881 0.594752

-0.827881 0.594752
-0.827834 0.594788

-0.827835 0.594788
-0.827576 0.594987

-0.827576 0.594988
-0.827437 0.595093

-0.827439 0.595093
-0.827271 0.595222

-0.827271 0.595222
-0.827043 0.595398

-0.827042 0.595398
-0.826965 0.595457

-0.826965 0.595457
-0.82666 0.595693

-0.82666 0.595693
-0.826646 0.595703

-0.826647 0.595703
-0.826355 0.595928

-0.826355 0.595928
-0.826249 0.596008

-0.826251 0.596008
-0.82605 0.596163

-0.82605 0.596163
-0.825854 0.596313

-0.825855 0.596313
-0.825745 0.596397

-0.825745 0.596398
-0.825458 0.596619

-0.825458 0.596619
-0.825439 0.596633

-0.825439 0.596633
-0.825134 0.596868

-0.825134 0.596868
-0.825061 0.596924

-0.825062 0.596924
-0.824829 0.597103

-0.824829 0.597104
-0.824665 0.597229

-0.824667 0.597229
-0.824524 0.597337

-0.824524 0.597338
-0.82427 0.597534

-0.824269 0.597534
-0.824219 0.597572

-0.824219 0.597573
-0.823914 0.597808

-0.823914 0.597808
-0.823873 0.597839

-0.823873 0.597839
-0.823608 0.598043

-0.823608 0.598044
-0.823475 0.598145

-0.823477 0.598145
-0.823303 0.598278

-0.823303 0.598278
-0.823081 0.59845

-0.82308 0.59845
-0.822998 0.598512

-0.822998 0.598513
-0.822693 0.598748

-0.822693 0.598748
-0.822684 0.598755

-0.822684 0.598755
-0.822388 0.598983

-0.822388 0.598983
-0.822286 0.59906

-0.822288 0.59906
-0.822083 0.599218

-0.822083 0.599218
-0.821891 0.599365

-0.821892 0.599365
-0.821777 0.599451

-0.821777 0.599453
-0.821494 0.59967

-0.821494 0.59967
-0.821472 0.599687

-0.821472 0.599687
-0.821167 0.599922

-0.821167 0.599923
-0.821097 0.599976

